00408f20d939cd0f9a3e7058d40ca2e9	1	86767	player	uade	Soundtracker II (31 instr.)	0	141048	10507d10	b6db305a	Joy_and_Magnificent_Force2.mod
01027e05b668045ffdec654fc7ace242	0	5787	player	uade	DeltaMusic 2.0	0	22458	df1260c7	22dd9684	Prodigy23.dm2
013f973703b555c0d542dfc400cc113e	1	146045	player	uade	Protracker compatible	0	36666	c45b38b3	5d41e636	Back to the Future 3 - Ingame 1.mod
013f973703b555c0d542dfc400cc113e	2	23168	player
014e791f4ae1d0c71f470871368f306a	1	92192	player	uade	Protracker compatible	0	31316	1cd5b3e8	4513166a	Immortal_Souls3.mod
018c3945a7e4d82d85819c56374a002c	1	73143	player	uade	Protracker	0	10550	35fcabf2	f1637e0e	Medellin1.mod
01c68f07bba87c1e0aa152b739a21d0a	0	38299	player	uade	JamCracker	0	19564	17879340	f25b8c41	Energy9.jam
01f5ec9f7522ced6877b43fafdeb2cb2	1	127050	player+silence	uade	Protracker	0	75564	36ca18d8	24d93547	Loons1.mod
025a98c3ae51070bde850c3be7ae2f8c	1	53872	player	uade	Protracker compatible	0	20394	81744752	3ea4e3ec	Fix_Ltd2.mod
0288059c10a25c6653a8c6b9f22d33ac	1	30824	player	uade	Startrekker (4ch)	0	75810	8aecab0a	98748572	Energy7.mod
02ee10f06757fcb15116858e23ea8b44	0	214325	player	uade	SoundMon 2.0	0	25036	6b970ab5	f615338c	Skid_Row19.bp
02ee996b0af8e67b4c55d426d02ee04e	1	161397	player	uade	Soundtracker II (15 instr.)	0	50692	b6e9b8e0	59963e6c	ACU2.mod
02f4e2509151644de20b28d219e4f60e	1	30844	player	uade	AudioSculpture	0	18460	30c7d6c1	1d4def14	Supplex3.mod
0321b168a5417c8222ec87916aad7b8b	1	138369	player	uade	Protracker compatible	0	30618	a70275bd	e97352e6	Savage6.mod
03296fd1e2c27d820acf082430b8d637	1	69224	player	uade	Protracker	0	23148	f2950cf6	35533c59	Paradox4.mod
0377b10da95425268fccf104ee5defe0	1	52606	player	uade	Protracker	0	21558	571c7ec5	93993a7c	Crest4.mod
0382e09f3936517eaebd6ae3f8696412	0	253469	player	uade	Soundtracker II - V or compatible	0	81624	b1ab0484	b9df0959	nightlight_-_popcorn.mod
0397d26e648e5138afc1a099284a9840	1	176950	player	uade	Protracker	0	137332	c5873d4c	ccc9114b	Fusion4.mod
0398460779bd3767618470f7fabbb9fc	1	138369	player	uade	Noisetracker 1.x	0	58772	5bd54a98	afc1e90b	Dream_Vision1.mod
03cfb6feaad114daa7c69ec8b5eeec31	1	41072	player	uade	Protracker	0	7750	bc56d079	e962a276	Diamonds_and_Rust1.mod
03e5b4bf20d459ff0c12484481d6b606	1	30824	player	uade	Protracker	0	52644	aa75e75a	7538874a	Black_Monks10.mod
04159c628b21d0a8f3548283144acec8	1	62412	player	uade	Protracker	0	14366	aba93877	82b2fe3c	Crystal1.mod
042773056df71218d17494c0fac73ec9	1	353418	player	uade	Soundtracker II (15 instr.)	0	115272	a33ea9b1	cb3fccc0	Cosmos1.mod
042be011bafcac9e840535ed91dc6775	1	130693	player	uade	Protracker compatible	0	73466	b39b4971	89d83bec	Fairlight16.mod
046b2782143e6a1e21c6decbcfade5ac	1	396902	player	uade	Jochen Hippel	0	42784	8f544ee1	ad762978	Oracle3.hip
046b2782143e6a1e21c6decbcfade5ac	2	76860	player
046b2782143e6a1e21c6decbcfade5ac	3	18284	player+silence
046b2782143e6a1e21c6decbcfade5ac	4	23108	player
046b2782143e6a1e21c6decbcfade5ac	5	7776	player
048135db6b6e3ad78c0aa7ec000d1536	1	61568	player	uade	Startrekker (4ch)	0	39620	9b549cd5	ea32858e	Supplex27.mod
04c00567b33f59985ca0e1e4ca881433	1	204861	player	uade	Protracker	0	144986	be6b0e9d	2e181667	Zenith22.mod
04db82e27343764bd120f4b78e3a5505	1	117872	player	uade	Soundtracker II (15 instr.)	0	113972	10aa41a0	bf59825a	Powerslaves1.mod
056ad26ca3a12944e4a492a0f35f7d0d	1	312445	player	uade	Protracker compatible	0	82964	44f573bf	37997088	Mirage3.mod
0588b8adb880936ead2213a83a23ca96	1	116058	player+silence	uade	Noisetracker 1.x	0	47568	3f660a6e	4f1c0939	Dragons1.mod
05b939d8288f3a25e347a33945d9fff3	1	125548	player	uade	Noisetracker 1.x	0	112188	09968b66	b1e83c09	Peace_Brothers1.mod
05e179ba9bb78b47dbd7ada7c9419ac6	1	166610	player+silence	uade	Protracker	0	17128	dc37b144	42d6a2c5	Desire3.mod
05ec0a708ad2fba43e8710d545830484	1	169093	player	uade	Soundtracker II (15 instr.)	0	115592	4097759f	0cbd6a71	Federal_Intelligent_Gamesoft1.mod
065dc81c7c739f93f99297c13abc5ecb	1	53872	player	uade	Protracker	0	12566	46b8c955	578ce134	Hoodlum21.mod
0686994732e1d873cfc51023f21adabe	1	15472	player	uade	Protracker	0	4368	f869e526	fb34a759	Anthrox12.mod
06b0dfec21966af516aaf80fde1db077	0	80698	player	uade	FutureComposer 1.3	0	6378	76ff1aff	278cc882	Angels4.fc3
06bdef7b718dd53cef729a0d7bffcaec	1	38520	player	uade	Protracker	0	23184	b19b45d4	9d61a1c1	Corrupt1.mod
06c392ba097d3dcca2f7e8da8bb6d93f	1	143493	player	uade	Protracker	0	120418	61119288	0887df5f	Interpol4.mod
06f0bb9d520ec80d840ac8e4c528966b	1	41072	player	uade	Soundtracker II (31 instr.)	0	51566	604000c6	4e741eb0	Switch3.mod
06ff1142738e73920fd92b642227c8dd	1	257583	player+silence	uade	Soundtracker II (15 instr.)	0	64660	a4d696c0	d4c68b47	X-Men_and_Stack1.mod
07175f3496bf365907c22d9aabc80598	1	207493	player	uade	Soundtracker II (15 instr.)	0	76574	ec8d65a9	a12cec06	Thorax6.mod
072b045d7fd4934087d3fbbc3867526c	1	61568	player	uade	Protracker	0	18698	fd25e8a6	ad9b0deb	Supplex25.mod
073c367dce87489bd9aac981a66f5b16	1	147331	player	uade	Protracker compatible	0	89866	ad34eeaa	ecb32cba	TRSI25.mod
076abb020133b26e6a190aa26e517d06	1	612581	player+silence	uade	Protracker	0	838188	8d04220e	8ba45932	SIDEWINDER - The Scribe.mod
07a63b73081312be7003605e550e8480	0	61468	player	uade	MCMD	0	14348	cdde3a1c	cfb600fe	Endless_Piracy4.mcmd
07d52ed65b4ac82acd3c23945cff3e23	1	144307	player+silence	uade	Protracker compatible	0	39214	e815167f	28f4002a	Synergy_and_Attack1.mod
07e69f314eec9bf737e9c18218b05e80	1	133968	player	uade	Protracker	0	59824	ec813964	1046fa50	Nemesis4.mod
082711229b44386f60db5f67152b7e7c	1	122997	player	uade	Noisetracker 1.x	0	50594	bdbfc613	65b8e21e	Supplex35.mod
0833e5bcdb7279a88ea8b2ea010a9e9c	1	113391	player	uade	Soundtracker II (15 instr.)	0	69012	19d1ba81	418f88e2	Black_Monks2.mod
083f07df2864eca24f10f36618a96f87	1	92272	player	uade	Protracker compatible	0	59876	cce965b7	7c3d610c	Delta_Force1.mod
084d91394bf6e2634dff332d77da076c	1	38520	player	uade	Protracker	0	15888	51c33615	f7bfbc35	Hoodlum8.mod
086c1f8d25d81b418cafed3e86129045	0	122976	player	uade	FutureComposer 1.3	0	25544	32b7ccb4	a95aaabe	Proj_Inc1.fc3
0870eefb95ce28598798ee3deacdcfd4	1	335912	player+silence	uade	Protracker	0	292372	3caebd98	0a43da6f	DOQ - Hardcore World.mod
087fe344210fc0a3cf173a87e8c53064	1	28915	player	uade	Protracker compatible	0	5892	44deee0e	e2b4c5e4	Classic12.mod
08ac2d9cb3fed128b7412f9fe1694d8b	1	121088	player	uade	Protracker	0	41342	0a773bce	1ff409b1	Anthrox29.mod
08c874a70169ac24d88d027acf3ba7de	1	146045	player	uade	Soundtracker II (15 instr.)	0	80312	823559e6	fd9af7a3	Unit_A_and_The_Champs1.mod
09050c84f0a127b9345c66f152b1c668	1	230541	player	uade	Protracker	0	66328	ec124d20	7a163518	Red_Sector2.mod
09145fb79ffbcc4d79e20ce7895aeb7b	1	219013	player+silence	uade	Soundtracker II (15 instr.)	0	73444	ed10ec09	f173ecf5	Fast_Team_and_KNS-Crew1.mod
091706291371f29e4626ab3031305c2e	1	209365	player+silence	uade	Protracker	0	87916	b8897eb9	a8f98a99	Quartex6.mod
09302ce27daa2d168d3b03afc5bd5f52	1	23168	player	uade	Protracker	0	45512	db543f89	c8376051	Legacy1.mod
0940123aa2b3068d128b1f2b3e057b41	1	269679	player+volume	uade	Protracker	0	647706	1ca1cff4	eb37cde2	ANTIBRAIN - Television.mod
09406c2ff3ee91008bc0d4e6799fc464	1	69224	player	uade	Protracker	0	11750	da754b19	43f48161	Zenith2.mod
0982a6e1ad9e7057fd9c9a1228f7ecef	1	15472	player	uade	Protracker compatible	0	51460	56c9fc94	8eb5081e	Cascade7.mod
099b461a1e2d773d4abcf8c9ca089e9c	1	220293	player	uade	Protracker compatible	0	69252	3518737a	2cf02fee	Zenith13.mod
09a7f3959091dc018b9811ae6676c9bb	1	235747	player+silence	uade	Soundtracker II (15 instr.)	0	105204	0b2080bc	07fbd196	Paradise5.mod
09b664fd9b7942719e17c34ec51775c3	1	56424	player	uade	Soundtracker II (15 instr.)	0	51520	48294320	c93c629e	Black_Monks3.mod
09e34220d99ea9c73ad69dcd05bc0f93	1	88434	player	uade	Protracker	0	26432	f7a64413	73939c90	Hellfire23.mod
09ec78e0d68d2229696820e348546503	1	76920	player	uade	Kefrens Sound Machine	0	26498	fe731d5f	fcd9496f	Kefrens2.ksm
09f645affe203da893a823ef5f271900	1	64522	player	uade	Protracker	0	13964	199fa9f8	47a0cebe	Anthrox18.mod
0a13fd969370698e1dd14e09f4ddb1e5	0	40831	player	uade	SoundMon 2.0	0	2512	02135612	a3e2d6ea	Bignonia4.bp
0a1b039bc8c578abd318dea350de2b5b	1	115321	player	uade	Protracker compatible	0	39874	d6e5b4b7	3d90eaba	Bamiga_Sector_1_2.mod
0a5337a35a44cf4a297370dc8073d665	0	199556	player	uade	SoundMon 2.0	0	26798	3cb5d971	0dce1445	Piranhas_and_Italian_Bad_Boys1.bp
0a7ede593b992ee54139ad52d4753e44	1	166842	player	uade	Noisetracker 1.x	0	103030	94c571b6	c70f1580	Tarkus_Team9.mod
0a85f7a7803eec200d2acac75e80d138	1	33738	player	uade	Protracker	0	9904	153ee4aa	e11cf270	Defekt1.mod
0a9470658999bc4dd1b9b38e5b9be88c	1	77583	player	uade	Protracker	0	9098	93e8ea48	473b9501	Hoodlum2.mod
0a95baf2e5e916ab99f21aa44b944db9	1	61568	player	uade	Protracker compatible	0	12836	3155ddde	1079b380	Dynax4.mod
0b11dfb802d83af4cd4926a1ff9c163a	1	212166	player+silence	uade	Protracker	0	352796	803a2463	e4c6d0a6	BRAINTUMOUR & HEYWOOD - Jammin In The Wind.mod
0b485b1d28bda1d00ca95c5ca821f21f	1	76920	player	uade	Protracker compatible	0	32820	5fbe5c84	abbab473	Bamiga_Sector_1_and_Quoram3.mod
0bd07f5ba1e811b10ecf137b29bce026	1	146045	player	uade	Protracker compatible	0	150474	6870912d	3657cd82	Quartex13.mod
0bd327484238d5791f7be6080183aeb8	1	179574	silence	uade	Protracker	0	220786	34141363	a0feeaee	XTD - Reassurance.mod
0bdb43967c12507d24971ed9a94959af	1	143412	player	uade	Protracker	0	50694	3d7d2ab0	7c03831c	TRSI13.mod
0be460130d0fa23ace5e1bae40137b3c	1	146045	player	uade	Protracker compatible	0	89178	bc5e2b7e	789b3c5b	Supremacy1.mod
0c0015d111ac5a8ac0800bc00326d9c8	1	634816	player+silence	uade	Protracker	0	710110	4f4a4fa8	6080ca53	DAXX - 95 Ravers Megamix.mod
0c9142cb903c09ded06e2c0101396f0e	1	120505	player	uade	Protracker	0	40430	7ec6e6e8	4ca8cdc3	Razor_1911_2.mod
0c921fe4a5fc92cd540d03a330e8d702	1	57730	player	uade	Protracker	0	3040	842b2de3	21e0e5b7	Dynamix2.mod
0cc36cf7754b35e682dedbe4e9a2ea83	1	108931	player	uade	AudioSculpture	0	16242	683fc0d5	ffd5df18	Supplex24.mod
0cc5f51d8851489c3642fac3fc4d323e	1	215290	player	uade	Protracker	0	237700	8a5528c5	82bfb803	CHROMAG - Switchback (Main).mod
0ccb8b3b7c7890275a1160e5f160ab31	1	201083	player	uade	Soundtracker II (31 instr.)	0	62390	e03189b6	f8b6410d	Fusion5.mod
0cfee39f017eac3ec6fc66948ec8abc5	1	27006	player	uade	Protracker	0	10674	749e1ce3	24445a1b	Paradox25.mod
0d62062fac57722bb5f9602623ec86fd	1	354645	player+volume	uade	Protracker	0	631194	d671ba95	635021d5	DAXX - Children 165bpm.mod
0d655c166bb9c69414cf7b49f76a6ee0	1	244607	player	uade	Soundtracker II (15 instr.)	0	58672	0d617875	e375821c	Prophets_and_Unicorn1.mod
0d7a4823cf6e2617ba37cec6a02642cc	1	83330	player	uade	Protracker compatible	0	33994	fb68cb21	6a0a0fa6	Crimewatch_and_Bastard_Squad1.mod
0dbe0354051c55a2fd8dbb93fcf32618	1	192141	player	uade	Protracker	0	48332	de387e06	9b74b91e	Black_Monks9.mod
0dce152a70ce2bcb6de144e8abf8ed03	1	76920	player	uade	Protracker compatible	0	31028	7f959f7e	5c511a06	Exceptions1.mod
0dfe2bb4eb59a4acd265bd826b019767	0	145984	player	uade	FutureComposer 1.3	0	6756	9d4bc05b	122f2211	Angels1.fc3
0e797fa36c16d3d40a259a511401e414	1	59438	player	uade	Protracker compatible	0	30428	61893aea	82c4d6c7	Agile2.mod
0e8182f23dc7b66a5c337fc0bed1a976	0	196622	player	uade	Jason C. Brooke	0	55842	e92ee540	c2e491db	TIC_and_Freestyle1.jcb
0e8182f23dc7b66a5c337fc0bed1a976	1	40972	player
0e8182f23dc7b66a5c337fc0bed1a976	2	2572	player
0eaf7c5522863ffea04e21612a68da9e	1	69224	player	uade	Noisetracker 1.x	0	111954	52eeedef	130aef2c	Neutron1.mod
0f29b9f892dd26129a6cbede7b4f2ec1	1	51320	player	uade	Protracker	0	7594	a335d6cb	e93adc01	Hellfire8.mod
0f55e81e356c0d64e7618feba1884932	1	92272	player	uade	Protracker	0	22896	94f3c25e	91438151	Faction1.mod
0f6d06b70e050d0f0a21da6fda17fd7c	1	160211	player	uade	Startrekker (4ch)	0	5992	0ba40833	3dfc1722	Dytec2.mod
0f84d904655fe5613121bb29924b00c2	1	146045	player	uade	Soundtracker II (15 instr.)	0	71454	e51261d3	02b20a61	Band2.mod
0fe7125ff62b363f1fd2d5294a91b4b0	1	53872	player	uade	Protracker	0	5874	14b08e45	d6e2a02f	Ministry1.mod
10225c6723e7cfecdad46d8bd657a41c	1	64120	player	uade	Protracker	0	15176	c8597c58	7a86608b	TRSI16.mod
10232b2dde62a920d596f3de92388ee4	1	188656	player+volume	uade	Protracker	0	49414	a9eac883	58a5478d	Crest3.mod
105b9900621e57d19103561c97a47315	1	319338	player	uade	Protracker	0	211654	9bcc145e	14bee086	XTD - Discovery.mod
10a88e2de74d94c3cc81e6fd987f2286	1	30824	player	uade	Protracker	0	6620	1a9d234d	0949dd5e	Abuse1.mod
110446fd043a0ad9ac6824688f3b999b	1	20596	player	uade	Protracker	0	10650	26e4cbae	e1de6b78	Jism3.mod
114707ec758aa2a7b4ce4f4117dbe920	1	63477	player	uade	Protracker	0	10826	123e09ee	e6e5f4e7	Hellfire21.mod
114780be495e91c385c416e70455a481	0	198109	player	uade	Ultimate-Soundtracker or compatible	0	85116	9bf4c2e7	2cd6159e	Sinners1.mod
118e0fbd054217089e9c269ac3bf4d39	0	94322	player	uade	JamCracker	0	26982	589caef2	da3d68d1	Scoopex7.jam
1196dba5b899d216ea78939fd0712e50	1	314232	player+silence	uade	Protracker	0	228354	84f42999	e97469fa	JESTER - Wizardry.mod
119911b98b475891dda487a1b40481c6	1	315017	player	uade	Soundtracker II (15 instr.)	0	96790	c0ab11a8	4c3588d7	Thrust7.mod
11b00c59430a9b47de606c1a798739a6	0	249631	player	uade	Ultimate-Soundtracker or compatible	0	74134	538b656f	d0a41546	Red_Sector6.mod
11f0328b3ee1d787ad08237871b7c61a	1	55801	player	uade	Soundtracker II (15 instr.)	0	50884	9f31037a	25716ce6	ACU4.mod
11f0328b3ee1d787ad08237871b7c61a	2	57730	player
120b54767c5d87016548081ff3ea3ee0	1	384122	player	uade	Soundtracker II (15 instr.)	0	70540	8dc1b180	441622a9	Powerslaves3.mod
120de877fd054781c4f415085668cfd7	1	61568	player	uade	Noisetracker 1.x	0	59380	00e8e0ab	de246ace	Thrust4.mod
124e97eb7a1464a0877bc62868c62a73	1	182845	player+silence	uade	Protracker	0	439848	148fd2aa	a61cccab	JOGEIR LILJEDAHL - G-Comp.mod
125cc6fbf6f77d871cd625d449deb2ba	1	299645	player	uade	Protracker compatible	0	110562	ab7c7669	2d7a8760	Scoopex12.mod
1274ef9240a983200585d7a993bc90b6	1	14407	player	uade	Protracker	0	49936	91f4cc2d	3eca30dd	Paradox6.mod
1295eebe7d4ea89c072b9a6dafb2e1b7	1	30824	player	uade	Protracker	0	5206	caa178a5	f4d0b7b1	Mystic2.mod
12e664c45a42b04b88773b14e797ea9f	0	151591	player	uade	SoundMon 2.0	0	40802	1792ba77	ab18dc08	Skid_Row26.bp
1306869c68ba41f0fcf7bc883d8ae281	1	94222	player	uade	Protracker	0	85116	b86e3969	31e4099a	Spreadpoint5.mod
132de38693af4c1b4fa7a9a6785bc838	0	356914	player	uade	Music-Assembler	0	16811	23057872	3ee84935	Oracle2.ma
132de38693af4c1b4fa7a9a6785bc838	1	0	nosound
132de38693af4c1b4fa7a9a6785bc838	2	0	nosound
132de38693af4c1b4fa7a9a6785bc838	3	0	nosound
132de38693af4c1b4fa7a9a6785bc838	4	0	nosound
132de38693af4c1b4fa7a9a6785bc838	5	0	nosound
132de38693af4c1b4fa7a9a6785bc838	6	0	nosound
132de38693af4c1b4fa7a9a6785bc838	7	0	nosound
132de38693af4c1b4fa7a9a6785bc838	8	0	nosound
132de38693af4c1b4fa7a9a6785bc838	9	0	nosound
1351d9f95dea3cd8126cb2e349d31252	1	76920	player	uade	Protracker	0	18162	45cf115b	dedd9083	Hoodlum1.mod
135f173b4b35293bd377619b316faecb	1	238197	player	uade	Protracker compatible	0	57212	d5bd7e1f	a59d2c2f	Vision9.mod
137ee609967953e20caf9e5bb5d364c9	1	63477	player	uade	Protracker	0	13774	c1eb8de1	888aacd3	Katharsis1.mod
13876bdba52fd4a71891c1fca73dc2de	1	225128	player+silence	uade	Soundtracker II (15 instr.)	0	127964	808299b9	f202e7ba	Cascade17.mod
13b1f7c1a2ac54f29d173773d43ff732	0	20476	player	uade	Mark_II	0	6100	9beeff9d	eb777657	Subway-Energy1.mk2
13f9ee8f8fe5709d37ed8c924de2d50e	1	245893	player	uade	Protracker	0	118048	24e7555b	48789e7b	Two_Live_Crew6.mod
14047ed6a2cfdca8f455095dc1b62cb1	1	169093	player	uade	Protracker compatible	0	21290	6111395b	bc355e64	Zenith5.mod
1408c3e840ac8b40359c50d2e69d0a02	0	222765	player	uade	SIDMon 1.0	0	28454	870a215a	fc7fb710	Anthrox14.sid1
143015749b82afe508a3cfecbf004ed6	1	12920	player	uade	Protracker	0	2318	f6afa1cb	0ea69765	Paradox1.mod
1436b103e8261ad799fd04b51149028b	1	169093	player	uade	Protracker	0	94778	a2771906	79c50a9e	Endless_Piracy2.mod
1440a35b604bcb98ee105f039cec79fe	1	158523	player	uade	Protracker	0	28630	5cb6d763	67c69555	Smash1.mod
147c1b2e56b2144317d2cc968ed661d8	1	27006	player	uade	Protracker	0	7388	a38393ac	f8972c56	Complex4.mod
14a135dc3206c92218915cf624975af7	1	107645	player	uade	Soundtracker II (15 instr.)	0	45244	1ee25305	09026756	CBC1.mod
14ee9305a42efc28830048ecd4228f7d	0	145964	player	uade	SIDMon 1.0	0	45124	a535844b	7ee69e37	TRSI2.sid1
152aaaf99db2796d728df7ccfb8982e2	1	41072	player	uade	Protracker	0	7606	4368e4d1	ef776d6e	Razor_1911_5.mod
15368e917874d927897e3083c40e8dcd	1	31789	player	uade	Protracker	0	34220	ad40647a	a3dfafea	Pulse3.mod
153b2013340a0545b64605e00f6d1aec	1	153721	player	uade	Protracker	0	74068	33856834	08d01961	Wanted_Team21.mod
153b2013340a0545b64605e00f6d1aec	2	219007	player
153ed3dbb633d66b022103945ef6dc55	1	32110	player	uade	Protracker	0	7606	9119fc6d	5250ab9e	Gothic2.mod
1563ed659a53ff36242460b8c2016f54	1	130632	player	uade	Protracker	0	136264	0be81945	d6a833e6	CHORUS & SID - Killing Floor 2.1.mod
1563ed659a53ff36242460b8c2016f54	2	130632	player
1570d984464c6db729c28248eb362584	1	211331	player	uade	Startrekker (4ch)	0	91532	7acb6f27	8436e07b	Dytec6.mod
15991e45c0f7cd10c85605a9a06341ec	1	15472	player	uade	Protracker	0	8254	8b0590e1	dd53c207	Quartex9.mod
15bef0c42067e7a12126954953702d4f	1	20596	player	uade	Protracker	0	6680	603ce289	8ef3b6f8	Zenith11.mod
15bf24d98e51da098105093d1108beb9	0	314794	loop	uade	Future Player	0	21816	3fcddf51	d0b1895c	FICA1.fp
15bf24d98e51da098105093d1108beb9	1	9623	loop
15f2df5a57afe5189f9ddaaba0d6aca5	1	115321	player	uade	Protracker	0	17458	5505d1e8	5f58d781	Vision11.mod
1611df7944637302caa3243792487ae8	1	35647	player	uade	Protracker compatible	0	68210	4fbb21cc	47cf4ab4	Faith2.mod
1611df7944637302caa3243792487ae8	2	30824	player
163bfae0eed1e2972751beb36c6891c0	1	107645	player	uade	Protracker compatible	0	103496	dd94dd5b	9712f439	TRSI19.mod
1665bd05f6250c13069a5831922a6468	0	76900	player	uade	FutureComposer 1.3	0	7324	2266f293	0d296f2d	Complex1.fc3
16a7dde82ecd55eba6703fa297f8c316	1	76920	player	uade	Protracker	0	15416	0a721ab3	6777ae9c	Bad_Karma2.mod
16da40aab64cabb0b556d837ad4d3b59	1	19310	player	uade	Protracker	0	2500	597e90b8	816f5ad8	Zenith39.mod
16dd0feeb66c167c305855b327a60918	1	107645	player	uade	Protracker	0	24644	f1a9759e	4eab6589	Heresy2.mod
16ff5b2acc7dbad051fedfcfdbcc11aa	1	43926	player	uade	Protracker	0	13804	0585455d	1fb78a9b	Sunflex3.mod
170c6f10acb06a592e665ffbcacd18cf	1	223809	player	uade	Protracker compatible	0	60272	7e627aba	56518edf	Spreadpoint2.mod
17119082b98b942b838f0685e2e71092	1	169736	player	uade	Protracker	0	41650	6f0f7530	2e65982e	System_X1.mod
171da1c9a2734e2f0a620ed30d906a85	1	130693	player	uade	Protracker compatible	0	19018	b546ba5f	fe10043e	Skid_Row29.mod
17c31bba77dd04d500b7be50b2b37b0c	1	38520	player	uade	Protracker	0	29912	152e550a	4e88410b	Prehistorik - Intro.mod
17f087c1c79d6ee45fbc2d16bb7adf4d	1	173714	player	uade	Protracker	0	12050	96ff0460	a5afd1c6	LSD2.mod
182f2ca3609b2b7b5355f2430931fe61	1	46216	player	uade	Protracker compatible	0	24020	17bb1386	7c81b80f	Atlantida1.mod
18417615d8eb1f4bf04b92c86a41e945	1	115321	player	uade	Protracker	0	45146	515cebde	02b2d698	Switch1.mod
184beb410f2d6f9600764aef6218bad4	1	69224	player	uade	Protracker	0	12686	b1859edb	d5d6a725	Fairlight24.mod
1889210c2cb7a42fada42515732aed06	0	116526	player	uade	FutureComposer 1.3	0	18942	9a0f2e64	c1bc3b2b	Devils1.fc3
18a09a558a724417d6d3da766214b55a	1	92915	player	uade	Protracker	0	58606	25a1399d	bf497583	Wanted_Team26.mod
19302486b53bd8f1b8ac5a5841f5b03a	1	99968	player	uade	Protracker compatible	0	38460	8ba968c6	cc2f3b78	Abnormal_Data1.mod
19619a6d680eaeef64179e1a889ae87f	1	15472	player	uade	Protracker	0	3768	db3c9cea	78506a8a	TRSI12.mod
1969290cb56a2ae4b3a02ef9f6f4d157	1	57730	player	uade	Protracker	0	8834	7819af5e	5a4274bb	Digital_Sanctity1.mod
197c39befb4c590575ed9fae2fdbcd32	1	65406	player	uade	Protracker	0	12994	c126aa3b	3e3c6583	Overlords1.mod
19dcce2c62935549d4c59e6508f14b79	1	276436	player+silence	uade	Protracker compatible	0	232298	9a9a4286	d83e9213	Cascade11.mod
19dd901c138392a3523217006a3f0589	1	25720	player	uade	Protracker	0	11408	a74aca80	c2b72f5d	Prodigy22.mod
19fdeb46a0f079f3ab61ce29faf4b531	1	268037	player	uade	Protracker	0	644884	6f3fa1c0	5fb500cd	DAXX & TURBO B - Capturing Matrix.mod
1a151cb26c60fe725ba2e740690e6098	1	161397	player	uade	Soundtracker II (15 instr.)	0	57830	ee8a865d	87cf920d	Avenger2.mod
1a387188b3cd81624c4dc94bb64ff6c1	1	244567	player	uade	Protracker	0	115706	9a1cc803	5068f8f3	Legend24.mod
1a38de5d8ca7fec615613fea4968cba0	1	284293	player	uade	Protracker compatible	0	89616	740bf1e5	ceec904c	Paralax_and_Spreadeagles1.mod
1a9942f32cfc1d9f79807cc089f7f875	1	146045	player	uade	Protracker compatible	0	39498	6fe0533c	d7ebfa5f	Paradox3.mod
1a9a6b036fce987a80881b5986a59fbe	1	83330	player	uade	Protracker compatible	0	20670	3ef3b0c9	dff44b9c	Dytec3.mod
1aa333264c2ccf4093a2f010446a1012	1	159204	player+silence	uade	Noisetracker 1.x	0	155818	9d2f5138	bdb96a58	Wella_Design1.mod
1aba4296e303ea210cfeff672fabfcf1	1	92272	player	uade	Protracker	0	17288	8724d087	241ab562	Insane4.mod
1abc6333853116ce399a9dee685fadf5	1	322693	player	uade	Soundtracker II (15 instr.)	0	84540	af8780e8	a7acd0cd	ACS_Team1.mod
1b0f1fd236ef723cfb7ea8f9f3ebda49	1	15472	player	uade	Protracker	0	6696	b4ffa987	dd477bb5	Resistance2.mod
1b13ae010aa801189e9dc9bc35822480	1	286845	player	uade	Startrekker (4ch)	0	98074	9262d1ce	05724123	Cave8.mod
1b37f5d78db54b81a50d50ac715eff8c	1	138369	player	uade	Protracker compatible	0	12386	8fbafdae	c62c6004	Subzero_Selim_Rudi1.mod
1b385ae2526bf1c3481a1ac846a7449b	0	108951	player	uade	Ultimate-Soundtracker or compatible	0	77020	dba8dfa7	2b54dbcf	Fairlight_and_North_Star2.mod
1b4430190240e685c37c8bbd7daefa31	1	170379	player	uade	Protracker compatible	0	66274	772f6af0	d87f4795	Slipstream3.mod
1b6b0d55b8d158872c8f00f438e6631b	1	278737	player+volume	uade	Soundtracker II (15 instr.)	0	89376	b0b16667	6de70018	Mirage1.mod
1b9c20ff60f49980831e5792fdf4f29d	1	56424	player	uade	Protracker	0	11816	172bab41	83dddf4f	Decade8.mod
1bf2fe963ff603a32cc5bf44c4c3eed3	1	65386	player	uade	Protracker	0	13712	040439bf	a099285e	2000_AD4.mod
1c2f7b731005ad501e08144caba6ea6b	1	214847	player	uade	CustomMade	0	51104	89342906	516d5753	Defjam_and_CCS_and_Zike1.rk
1c2f7b731005ad501e08144caba6ea6b	2	0	nosound
1c32a0a73cfa72b30c5e5cc7752bb428	0	145984	player	uade	FutureComposer 1.3	0	26420	9aced3ee	d933702b	Defjam-CCS-ACC1.fc3
1c42c4371e6c5239523273ef2ad6a695	1	61568	player	uade	Protracker	0	17916	fb810d28	3972d793	Paradox26.mod
1c6504070695c85a4b93b61151f8c232	1	222845	player	uade	Noisetracker 1.x	0	68472	1175ac8c	6522b816	ACU6.mod
1c6c4304074cef263e02d66c40301858	1	101877	player	uade	Protracker	0	79196	3b9dc515	eabd2ece	Crime1.mod
1cc15e07cf276eb488c20f6b25295c9c	0	139635	player	uade	Oktalyzer	0	153457	b995465e	0b630f6e	D-Mob1.okt
1cfe1cde6c57719245f79a04d83c9be3	1	61568	player	uade	Protracker	0	11550	c721e8dc	0e1e4836	Heresy1.mod
1d169a07596f2b5f92419f80ea66c77c	1	5244	player	uade	Protracker	0	20516	a429abf3	5c49209f	TRSI15.mod
1d26eceb3e27632131486a1abc4e97fd	1	169093	player	uade	Protracker compatible	0	83302	61d2b7c7	12036dce	lotus20.mod
1d3864a116b5f3508f8ea81962383096	0	48065	player	uade	FutureComposer 1.3	0	5258	0cd9eaba	0f1c30cf	Tetragon1.fc3
1d3fb34a5f5f782d0f9812aeed726813	1	353337	player	uade	Jochen Hippel	0	51218	f5f5a6b8	af5a9526	Agile3.hip
1d3fb34a5f5f782d0f9812aeed726813	2	7756	player
1d418c6f24b5749536e2abaca03e4391	1	82044	player	uade	Protracker	0	36040	77b83a24	32c5b162	Pulse5.mod
1d5c0b09408d3a0487eeb9f3ae68cf2c	1	46297	player	uade	Protracker compatible	0	15738	009956f1	fa022336	Energy4.mod
1d99978db4aa1add21fc1d6fa78612b3	1	34682	player	uade	Protracker	0	12880	0066ad1a	30750606	Crimewatch1.mod
1d9f5febe56a2bb8543dc186d2b4d0df	1	283489	player	uade	Protracker	0	119764	7f567c1f	7968e822	Goonies1.mod
1db1f6b931c11829a5af11f9779cf9db	1	180607	player	uade	Protracker compatible	0	114220	0903dc3a	7821adeb	Vision10.mod
1dda7296aaca07a15a1b007e394fce4a	1	94222	player	uade	Protracker	0	22046	55980474	32f3b0b1	Avenger3.mod
1ddfa23679a431f87d9b05ea30680a09	1	52687	player	uade	Protracker	0	12860	bfbcc3a2	7ed6e607	Apocalypse1.mod
1dfc21c4ee1e1545b5bd7c74e8b689c4	1	82044	player	uade	Protracker	0	19052	2296a6b6	6714875e	Decade7.mod
1e0df5d54ee407122a8772f574065ba1	1	169093	player	uade	Noisetracker 1.x	0	65526	91af938d	61b2e742	Black_Monks6.mod
1e16a64bc2fc7811e4de3921f09b8038	0	56577	loop	uade	UADE	0	2924	9c778459	293ef460	High_Quality_Crackings1.cus
1e2c39efd8715fa1238bcc8465b1a1c9	1	130693	player	uade	Soundtracker II (31 instr.)	0	75560	0cb9bbb8	22d05812	Mystix2.mod
1e302627d91ec17a2cfa2d1b42564e4c	1	41072	player	uade	Protracker	0	10222	b941e33b	1d4c7ff7	Crucial2.mod
1e396c4b451562c9b4ea75089febae0c	1	122997	player	uade	Soundtracker II (15 instr.)	0	50882	f43d607b	0189942f	Quartex_and_Enemies1.mod
1e3c467746c9e87f47c70cf787447129	1	34562	player	uade	Protracker	0	13752	a9d3bb47	82add121	Faith7.mod
1e80ff8d7c9fbe8de9d6060cee93d105	1	51320	player	uade	Protracker	0	7354	eb24a269	c8db13cf	Hellfire11.mod
1e8ce818529efa36bbebead539001ba6	1	378917	player	uade	Hippel-COSO	0	59176	cb6af35c	fb8aa7ab	Crash_SRC_and_Flame_Arrows1.hipc
1ece23473f650b69e458d79b1d943ae5	1	192247	player+silence	uade	Protracker	0	67956	31ea0094	b92724da	X-Trade1.mod
1f0f253a61ccffc296b1e38c1d1e4837	0	213963	player	uade	Ultimate-Soundtracker or compatible	0	108416	b64177c1	124f808c	NATO1.mod
1f34a4d54d7f041a3c45bf398545373c	1	76920	player	uade	Protracker	0	14560	82e62b47	b8254bd8	LSD7.mod
1f7ba475a36811aaf4cb32a20aba4ab8	1	51320	player	uade	Protracker	0	17422	e55dc928	510e9cdf	Skid_Row11.mod
1fae5abd62d5f0223a20bb00cdb60c10	0	95065	player	uade	Ultimate-Soundtracker or compatible	0	57240	aff503e4	b91a3aab	Rage_and_Dynamic_Systems1.mod
1fb70385a44989cf8a31f38a32310879	1	176769	player	uade	Noisetracker 1.x	0	60384	97fe3f98	5e50c9d6	Tarkus_Team4.mod
1fd1f03b50204dbe3e36754e35cb1b7c	1	240272	player+silence	uade	Soundtracker II (15 instr.)	0	95344	2608ff0c	a5dd37b4	Sensor3.mod
1fe284d127057746f8961977e762d40d	1	109332	player	uade	Protracker	0	24498	99d7661c	8fda8f43	X-Trade2.mod
1fe59ec372566a03be248efe98b3945d	1	46216	player	uade	Protracker	0	11082	4af40f8a	95c0dcb5	Backlash4.mod
1fea88f1828e351b175f8d60ba192514	0	0	nosound	uade	Sonic Arranger	0	8920	67d79bc5	29620d22	Scoopex16.sa
1ff914d2144cf7e5b22859befde4d684	1	222845	player	uade	Startrekker (4ch)	0	129430	a4f54c56	25ca4544	JESTER - Elysium.mod
2003cd0331408d1a072b588270c2df4c	1	161397	player	uade	Noisetracker 1.x	0	59688	10ccf321	b6b011a4	Vision5.mod
202fad719c0dd7fd719aa0d542a5b9b1	1	51320	player	uade	Protracker compatible	0	6024	5525da19	27538be0	Digital1.mod
2048657acfcb8fafa5991a816ef20f50	1	48125	player	uade	Protracker	0	10910	b7cd2a4c	e830fd35	Prestige8.mod
2048851fb047e06e885e8a5ece9e7689	1	111483	player	uade	Protracker	0	55130	462bbc11	878299cc	Legend19.mod
2050cef75513e55c968c2a71f099aa1f	1	357256	player	uade	Protracker compatible	0	117478	ee1460ca	9083ad5d	Deepcore1.mod
2078fcac7cabe651dfd115f6faf10832	1	61568	player	uade	Protracker	0	9456	87bfe30a	d0b468c7	Ministry3.mod
20a0f5728214bcc1bca896264c96e91b	1	90714	loop	uade	MON	0	45994	6d72a176	a5b95ef4	Punishers7.mon
20afd0dc81af388f2fadad1252c06147	1	173223	player+volume	uade	Protracker	0	80988	1bd1af69	faa1b1a6	Immortal_Souls5.mod
2152133dfdb01974df3b8028174c06e1	1	53872	player	uade	Protracker	0	27174	f5c3ed7f	23e93d2b	Intensity1.mod
2175549f38c3a5bb420c1d3efe4a09ad	1	241091	player	uade	Protracker compatible	0	126254	3bb6c830	b8ac2d3e	Bignonia3.mod
21a0ab1b5c08d8d14932dcfbe8fa8284	1	75011	player	uade	Protracker	0	25318	d1e63ddc	4af0f18e	Trackers3.mod
21af6a5a1edc703c057d7e7f9c48e432	1	179507	player+volume	uade	Protracker compatible	0	24950	efd2efb1	7be1e21e	Sky1.mod
21ea464a15cf1e0cb492ce0cd60f4cec	1	235685	player	uade	Protracker	0	414384	32b5d902	2daec897	TONE C - Brainshock I.mod
21f56490c910bd608ebf4cb532b16b25	1	266610	player	uade	Protracker	0	52378	f3e29f10	163351da	Flame_Arrows1.mod
220b7656c2784f54150666a0df446567	0	121510	player	uade	Ultimate-Soundtracker or compatible	0	68048	498dff3f	20147e3b	Silents2.mod
2228ecb31eb9371b35996e73de6de8a7	1	61568	player	uade	Protracker compatible	0	27272	409f2e89	92cd75e9	Legend_and_Masters1.mod
2261002d703fe83195a031ccee8fbdbc	1	30824	player	uade	Protracker	0	2304	7a05307c	7a6c59ef	TRSI11.mod
22751903b538a994909f82353bb60137	1	116586	player	uade	Protracker	0	16832	6329325c	121c4926	Ministry4.mod
22792f324c85ab35269bb79b3ca20f76	1	245893	player	uade	Protracker compatible	0	123962	f759887d	8b967823	Amaze3.mod
2279fda7e6028b0bbc51c1647e409d6d	1	115321	player	uade	Protracker	0	35798	a390edef	cbef36b9	Two_Live_Crew3.mod
22a61c10c83228936b3549accfbd9982	1	51037	loop	uade	MON	0	52004	63de31e5	836a522b	Vision8.mon
2300154af59c975454e7c8499dd9349d	1	97095	player	uade	Protracker compatible	0	133394	86b4b6a7	d71aeb55	Clones1.mod
23581fdfedfd69083dad2b3da1d5742f	1	61568	player	uade	Protracker	0	9212	79eb8131	23668b02	Lightforce12.mod
23a778b5749651b9261b81872828e5ea	1	147331	player	uade	Protracker	0	50036	b85946e1	64779d5e	Bamiga_Sector_1_and_Cybertech1.mod
23bb6f7cc3d7b1136ceb29ad65aa97df	1	64241	player	uade	AudioSculpture	0	30012	72d97d60	6bd906e1	Energy11.mod
23bb6f7cc3d7b1136ceb29ad65aa97df	2	69043	player
23ec47d453230f093995db16472cc0a1	1	46216	player	uade	Noisetracker 1.x	0	72302	a30d24fd	87e2229f	Fairlight13.mod
23f08d6a9beaa8872e65ce25df0e4cc2	1	23168	player	uade	Protracker	0	7500	ee859e39	13a1aaec	Zenith10.mod
23ff44c53eb9e15521b0a23d2b4d1a50	1	238197	player	uade	Soundtracker II (15 instr.)	0	54294	80816941	d03b632d	TSK_and_ACC1.mod
24075b4738b136b35577d920c8f33ed9	1	134531	player	uade	Protracker compatible	0	68686	958875b0	ffa694dd	Mayhem1.mod
243cdc6b66d9ced78fac79f2bf12f54c	1	82044	player	uade	Protracker	0	12426	021f8ca7	2ad4f244	Fairlight2.mod
2442d3e44b9e74016a361fbaa3231d08	1	76920	player	uade	Soundtracker II (15 instr.)	0	47644	a14f2eee	8528540c	Energy5.mod
24af9c0cac8fb9ae3e5e9875ee5839b1	1	25720	player	uade	Protracker	0	5434	233338aa	3aa0563e	Faith4.mod
24e6482b1832e97fd34fc2afcecd55ee	1	210883	player+silence	uade	Soundtracker II (15 instr.)	0	45870	9aeed9a8	d9fd21f3	Thrust9.mod
25160b3e033ef83ee73434776a2b91dd	1	61568	player	uade	Protracker	0	22368	ca2f172a	8766aef5	Delight15.mod
251d838d9c3d81fa173d7fcb8d3a1411	1	19310	player	uade	Protracker	0	4252	cc3de1dc	3a7f9b34	Skid_Row34.mod
2542cb25462425b4ec59b68c863a0581	0	74911	player	uade	DeltaMusic 2.0	0	29546	87d3bbf1	1f163a5e	Adept3.dm2
254422d14b6c7693e8fa397c0f79b13d	1	198049	player	uade	Protracker	0	121728	a69c7332	97fcfc0a	Decade2.mod
258359a31da444107734211f1c15403f	1	260743	player	uade	Protracker	0	165564	c439852d	250b69d7	Cave3.mod
258a4c7eb614a6a65faea0931aa0764c	0	107584	player	uade	FutureComposer 1.3	0	44810	a7731f6a	c60e4c4a	Papillon1.fc3
25e56fc467dce51f49e6b5a33f80b56c	1	92915	player	uade	Protracker compatible	0	104666	df952402	449ae58a	Fantasy1.mod
25fd4e7bb1f585d3cc22a3a098ec8455	1	15472	player	uade	Protracker	0	28636	56454381	18e2283b	Discovery1.mod
261aa8498eb15b2707ff2d24e9fc996c	0	111382	player	uade	Beathoven Synthesizer	0	32280	43afe938	7aabff09	Defjam_and_Red_Sector1.bss
261aa8498eb15b2707ff2d24e9fc996c	1	34582	player
2623a4e933c5d8b5d83a1fd49122eefb	1	25720	player	uade	Protracker	0	21984	207f9940	b8d69043	Optical1.mod
267e9556a6f83e7ce67d90ede6ae1508	0	181752	loop	uade	UADE	0	13912	de4daf8e	f6edfffb	Scoopex9.cus
2684237c542d837b9c24282a47be15b9	1	54334	player	uade	Protracker	0	16512	9fdce83e	0e0c7185	Interpol3.mod
2694d739639f117912248fdbd70663fd	1	29639	player	uade	Protracker	0	11998	224c2008	7ec8a609	Chaos2.mod
26a2be264066b8f641899954a4297e17	1	345721	player	uade	Noisetracker 1.x	0	82856	df774250	e4151cff	Mystix1.mod
26b4d474c66ccc4a3bdc1ef937e3b758	0	107544	player	uade	Sonic Arranger	0	49856	2e3186cd	5ab42dee	TRSI9.sa
26ce452288b394a8c06b71fa39c37f39	1	84616	player	uade	Protracker compatible	0	30780	387df503	ed2f9f71	Trilogy1.mod
26d80557f57c749fb4a05312331b8616	1	38520	player	uade	Protracker	0	12834	4d473e41	be9f9c78	Supreme3.mod
270e09c7e303b7cb1a565b7be6361df5	0	99848	player	uade	SIDMon 2.0	0	5676	30fd0358	370d45cf	Quartex12.sid2
2715e821402d2b640a61242c9a420df2	1	65406	player	uade	Protracker compatible	0	37902	bf144145	0f5b43a8	Supply_Team_and_The_Tartan_Army_and_Kefrens1.mod
2735717dcb6ec9510676c29c3baef3be	1	200038	player	uade	Noisetracker 1.x	0	101014	7946ec46	adb3ad3d	Suxxess2.mod
27c93fd5112fd09b20ca95262b6762eb	0	67054	player	uade	David Whittaker	0	34550	0b1828d4	a85937f1	Skid_Row24.dw
27c93fd5112fd09b20ca95262b6762eb	1	48869	player
27c93fd5112fd09b20ca95262b6762eb	2	151872	player
27e50be5a54aee1942374684d972bdd4	1	345730	player+silence	uade	Protracker	0	286878	99872d8f	4a1dc57b	BASSBOMB - Operation September.mod
27e5f06e7ca7afdce547dbc192a942b2	1	110183	player+silence	uade	Protracker	0	20000	bb464226	d3e29d11	Liberty1.mod
27f269ba21367e31d6e70e28ec9d88b7	1	10368	player	uade	Protracker	0	3262	b96bec3c	7246237f	Prodigy24.mod
2838e800b1a1a537b54b1f72ad446a08	1	207493	player	uade	Protracker	0	174536	6676e763	e88059c9	TIME GUARDIAN - AG Techno.mod
285148acd1d9dc7a8ebe15bd1947d428	1	266715	player+silence	uade	Protracker	0	145718	3ef172ed	02fd3d04	GINSENG - Let it Rip.mod
28a412a12180c0fc7463dc0a21e18b47	1	242450	player+volume	uade	Protracker	0	147622	6f5d0427	afcd1bea	Two_Live_Crew11.mod
28b0c5803d77e7b615027cb39f2942ba	1	108931	player	uade	Protracker	0	15376	6ae2b8dc	864519d7	Skid_Row9.mod
296f3777089b725aa158922557002d59	0	82607	player	uade	FutureComposer 1.3	0	30790	f397fab0	e6bd33ae	Cascade15.fc3
29a7dc5a645f817a06df58c0dabcfe1b	0	236058	player	libopenmpt	SoundTracker 2.0 / D.O.C. SoundTracker II	4	45472	df2517fb	4bde094a	Joy_and_Mgf_and_Cpu1.mod
29c3adbd33e5c65839a3e2d071d67117	1	130693	player	uade	Protracker	0	80536	e9492935	3a64bceb	Megaforce3.mod
29ca66709b7aaa6315b1a4ab5afd0038	1	146045	player	uade	Noisetracker 1.x	0	55862	54cd7651	fc2f5f98	Aeon1.mod
29e5489a0c840dbeb7b3ca3fbbe73658	1	230541	player	uade	Soundtracker II (31 instr.)	0	69924	015e008c	5ce067ed	Quarterline1.mod
2a1c1410490495f7f40da4a4c8fed900	1	100744	player+silence	uade	Protracker compatible	0	104588	7b2c3700	61244544	Subway_and_Spreadpoint2.mod
2a3e51009b6c8302d1df5c0545e95323	0	268399	player	libopenmpt	Master Soundtracker 1.0	4	65500	3714aada	54a9e912	Shades1.mod
2a40bc103d13c49380b1f214fb7db001	1	353418	player	uade	Protracker compatible	0	81818	dd18d055	15a33369	pop_corn.mod
2ab36e631cdfcd3f04291bebba224583	0	332901	player	uade	FutureComposer 1.3	0	24306	5f1a75d3	13e902eb	Andromeda3.fc3
2ab59bff41b92bc05d6a504e4118c417	1	61568	player	uade	Soundtracker II (15 instr.)	0	47168	8738731e	ebee6a4f	Band4.mod
2ae0f268d49ac38c890549720eb0ba00	1	160231	player+silence	uade	Protracker compatible	0	53032	56eb20be	7bd108e3	Synergy2.mod
2b17dbe3815a9876a36cefb1b5c10add	1	199797	player	uade	Protracker	0	28876	94e1d399	07af148b	Haujobb1.mod
2b3518e06d9acb036f636a92c46d3b67	1	107645	player	uade	Protracker	0	17996	b96b69cf	5b92f255	Haujobb2.mod
2b643fe1e5b4708ef75e4e2b4ec7f74b	1	184445	player	uade	Protracker compatible	0	76426	91ce79c7	2723f986	Cascade4.mod
2b6ce97c6300f0d0dec6b2dbba93f9e9	1	61568	player	uade	Protracker	0	8870	33324630	afd71f7d	Legion_Software_Alliance1.mod
2b77e4052de2779f12b489af6a19f4c7	1	121007	player	uade	Startrekker (4ch)	0	127934	06415024	dae19f9f	Alpha_Flight8.mod
2b950c68c632bf9e6692d275ce48ecd0	1	92272	player	uade	Protracker compatible	0	18664	ad6826eb	58adbda8	Angels_and_Defjam4.mod
2b9ea44103f00d30a9aa62b85c251fed	1	153721	player	uade	Protracker compatible	0	15956	70126295	d2fa8681	Andromeda2.mod
2ba88d472ea30f2cc8493b793b31b107	1	76920	player	uade	Protracker	0	16402	d13e1d89	4aff541d	Delight11.mod
2bc25bb633463e66b508e1703d54f84c	1	92272	player	uade	Protracker	0	68764	ed17c855	fa63be43	TRSI10.mod
2c5fb900abf6faedd3c8b6f320256592	1	76920	player	uade	Protracker	0	18093	95f06fc7	e9df5afd	Sunflex5.mod
2c626f3e010f00bc304cfe953660305b	1	102520	player	uade	Protracker compatible	0	16990	99144c6e	b6ca3a05	Motion2.mod
2c726184f2bd692669fdc5bc3e2c9086	0	8901	player	uade	David Whittaker	0	20364	86b16a4f	6f79d32e	Bamiga_Sector_1_and_Quoram2.dw
2c726184f2bd692669fdc5bc3e2c9086	1	46096	player
2c726184f2bd692669fdc5bc3e2c9086	10	2632	player
2c726184f2bd692669fdc5bc3e2c9086	2	76820	player
2c726184f2bd692669fdc5bc3e2c9086	3	38420	player
2c726184f2bd692669fdc5bc3e2c9086	4	9605	player
2c726184f2bd692669fdc5bc3e2c9086	5	12820	player
2c726184f2bd692669fdc5bc3e2c9086	6	6410	player
2c726184f2bd692669fdc5bc3e2c9086	7	2592	player
2c726184f2bd692669fdc5bc3e2c9086	8	6410	player
2c726184f2bd692669fdc5bc3e2c9086	9	23309	player
2c7651ffa340e58e712a80ae35a33313	1	76920	player	uade	Protracker	0	7400	58714861	d3866a42	Supplex36.mod
2c7742cd0f1fe35fe7ad899cd19ff902	1	61568	player	uade	Protracker	0	8992	7747fb1c	7546024f	Anthrox21.mod
2cb1f97c35443bcbd3b1a5aca6669485	1	134531	player	uade	Protracker	0	30412	ed26a96c	5317aac9	Prodigy7.mod
2cda76efc6ac17335edfc55d7cd69695	1	115321	player	uade	Soundtracker II (15 instr.)	0	96740	a2832079	6c22791d	Black_Monks12.mod
2d76ffbec0e451e15530c849182f7360	1	76920	player	uade	Protracker	0	27846	34474e9c	5ac003b0	Prehistorik - Ingame 3.mod
2dc770d4a89b41b3e546ae82143859d5	0	81924	player	uade	SIDMon 2.0	0	4488	a82cf363	8632eddc	Company3.sid2
2dccb7a442b491c1bca8ffe5c4000475	0	198109	player	uade	Ultimate-Soundtracker or compatible	0	81008	e32c1d04	c43b18ef	Champs1.mod
2e0d40ba145aef8c3b4cdd8e7b9b4dae	1	30824	player	uade	Protracker	0	30004	dd2719a6	5e00142b	Tarkus_Team11.mod
2e11c34b800cee11140f077d36cfbe1b	0	53651	player	uade	SoundMon 2.0	0	3616	5eb82737	25554a35	Hoodlum4.bp
2e1a90d0c32b610d19a51a42b125cff7	1	54234	player	uade	Protracker	0	28596	48d6b829	bb983562	Impulse1.mod
2e779800f211c2c186e2eb32564051c4	0	84576	player	uade	SunTronic	0	9508	ff03fda5	6774cb36	Supplex39.cus
2ed0744beb50ccf3ecb3c87a21febcd0	1	84616	player	uade	Protracker compatible	0	14362	1e06f953	2ff41b9b	Cool-X1.mod
2edcd8f6aa2ed774f485fdb51d100af5	1	15472	player	uade	Protracker	0	6486	fbae6418	b728b9fe	Supplex22.mod
2ee7d8dc562f0b939c503e753d91a95a	1	161437	player	uade	Soundfactory	0	13947	4231c09d	8e4a5ca8	Dual_Crew2.psf
2f4f5a6b576454d156773cde4a37cf7a	1	107645	player	uade	Protracker	0	12612	ca05b3c6	e7643696	Backlash8.mod
2f85006a44efbd853fa3428769820574	1	25720	player	uade	Protracker	0	14638	90a6aefe	1a41133f	Prodigy12.mod
2fb1056d0fff08b5d0519b2b65ad3ead	1	93800	player	uade	Protracker	0	88136	1daaad9b	1ed54474	Alcatraz3.mod
2fbc13f746a2cf20cbe9d68a7aa33d6f	1	184445	player	uade	Protracker	0	28156	d982bc53	5730ac64	Eskimos1.mod
2fc9f7ce14acaf1d1e467d9677d1c6fd	1	163969	player	uade	Protracker compatible	0	72620	e13765a6	79548f44	Supplex9.mod
2fdb3ef7dccac33df0ef4ff24b472541	1	65406	player	uade	Protracker compatible	0	63436	e575bb8f	ebd6a623	Dynax2.mod
3068c737175511c0b1098a4de73e9275	0	28640	silence	uade	Soundtracker II - V or compatible	0	108030	63aff0cf	c728fe6b	Cascade9.mod
309e2f39edf6204269f80cbc43a731e5	1	67403	player+silence	uade	Protracker	0	15790	8e00d0a7	0303a37b	Conquest1.mod
30a74184dfacf2f6d0989b21d99396d9	1	108931	player	uade	Protracker	0	28142	7990f3a6	586d8a73	Alpha_Flight13.mod
30bed8ded84d7539a885fbc57015f295	1	199797	player	uade	Protracker	0	62048	946f210d	04417def	Wanted_Team25.mod
30bf9fa7550f8eaab17962c3efd25651	0	265014	loop	uade	Future Player	0	22716	fb976be4	3709e571	TRSI_and_Zenith5.fp
30bf9fa7550f8eaab17962c3efd25651	1	62473	player
30bf9fa7550f8eaab17962c3efd25651	2	2029	player
30bf9fa7550f8eaab17962c3efd25651	3	2029	player
30bf9fa7550f8eaab17962c3efd25651	4	4038	player
30bf9fa7550f8eaab17962c3efd25651	5	2290	player
30f993eb9fd0fe004ebac5fdcadac5a6	1	61568	player	uade	Protracker	0	6400	005d5c59	a10f6875	Millenium_and_Delight1.mod
31145767a005b36eb19ad9186287dda6	1	99968	player	uade	Protracker compatible	0	47544	1e47a853	fb69fbf8	Bronx6.mod
317bd3c519071943d9e4476cd7f79d99	1	69224	player	uade	Protracker	0	25656	e6c5b17a	c54f83a7	Skillion1.mod
3184b0b21a35bc60331d87d1a745f1ff	1	254051	player	uade	Protracker	0	234414	eb09f6f1	a125b885	RANDALL - La Luna.mod
31b0e13254baaaed2f20a2f139582cef	1	238197	player	uade	Protracker compatible	0	23476	4b5aa092	9a8f747b	Oracle7.mod
31b1086b4a3d0a813ce3119f2fc32371	1	122997	player	uade	Protracker compatible	0	124090	3e28c8c9	16f8f1a5	TRSI31.mod
31eb022ef10147fa7974ff013371efee	1	76920	player	uade	Protracker compatible	0	11068	3b50ee8c	5517d16a	Phuture_303_2.mod
31f0b5d217c3d9090a68c9c4722f99c7	1	76920	player	uade	Protracker	0	35914	d0ebd62a	6ac5b022	Hoodlum18.mod
320e1228762ec2a7be6d96eec259fd0f	1	41072	player	uade	Protracker	0	3822	9182ce8d	8530772c	Hoodlum6.mod
323becaf5238b897fd9231e6c345bbad	1	30844	player	uade	AudioSculpture	0	5180	0af16a64	10f77b06	Odissey1.mod
325397e03bd2db5fcad2b1783d0fd645	1	177352	player	uade	Protracker	0	244212	1da648c2	11127db3	VESURI - Charly.mod
32ac4db2ccbad77b84b4a42442e8cd37	1	74011	player+silence	uade	Protracker	0	21014	6164ea6d	9b353e10	Access4.mod
32ae2e31a5592d973551b43d6640ff64	1	46216	player	uade	Protracker	0	19912	1081e329	3aeaf962	Insane3.mod
32d98c20ed8d1a7a4500a052401f2e2f	1	342004	player	uade	Startrekker (4ch)	0	104736	4aa0ff99	ef9d3424	Amaze4.mod
32f6a5d67d8850be43a2a7f97fb9b90a	0	100511	player	uade	Beathoven Synthesizer	0	60452	f1d57a45	f6d8ed09	Champs2.bss
33181eace12fec71ba773ddedc91d360	0	245672	player	uade	Ultimate-Soundtracker or compatible	0	78264	ffb10a5a	695b60ee	World_of_Wonders2.mod
3319c0bae8ecfa185101fd5a0611ba57	1	115321	player	uade	Protracker	0	20580	6da8d30d	5007c7aa	Decade3.mod
3320924a1c14bd63f3f4b07caa3f23d1	10	151584	loop
3320924a1c14bd63f3f4b07caa3f23d1	11	141478	loop
3320924a1c14bd63f3f4b07caa3f23d1	12	139646	loop
3320924a1c14bd63f3f4b07caa3f23d1	13	139066	loop
3320924a1c14bd63f3f4b07caa3f23d1	14	142343	loop
3320924a1c14bd63f3f4b07caa3f23d1	15	138939	loop
3320924a1c14bd63f3f4b07caa3f23d1	2	78136	loop	uade	UADE	0	6892	cc38f989	1923d2b0	Endless_Piracy6.cus
3320924a1c14bd63f3f4b07caa3f23d1	3	81220	loop
3320924a1c14bd63f3f4b07caa3f23d1	4	79128	loop
3320924a1c14bd63f3f4b07caa3f23d1	5	121976	loop
3320924a1c14bd63f3f4b07caa3f23d1	6	78980	loop
3320924a1c14bd63f3f4b07caa3f23d1	7	171346	loop
3320924a1c14bd63f3f4b07caa3f23d1	8	41351	silence
3320924a1c14bd63f3f4b07caa3f23d1	9	9000	repeat
332463bb7b25f4b3ef3aa9334b20032a	1	82044	player	uade	Protracker	0	15840	850b0a86	f8ba54a2	Delight17.mod
33bb2f2b3d498b95abaee96ee2c585a2	1	169093	player	uade	Protracker	0	52748	e96a0585	9336c3ba	Dytec4.mod
33fdfbeb34b48d14c7f09f25cd5d0346	1	107645	player	uade	Protracker compatible	0	56220	54560c0f	1475a8ef	Sensor2.mod
347ad1ee4abaeac4dd0915baed0ecbee	1	38520	player	uade	Startrekker (4ch)	0	33226	62c7fe30	fdd27f4f	Fairlight1.mod
3493b0f1f788e4b4571ee6304bc5eead	1	207493	player	uade	Protracker	0	131814	3a6fba28	994fab1f	Legend23.mod
3496e22742ce249f361c01a1cf77dbfc	0	103686	player	uade	Mugician	0	22286	0d716b93	b1317235	Oracle4.dmu
3496e22742ce249f361c01a1cf77dbfc	1	11534	player
34b7e470f2e2a3e9782c88f260530cb6	1	135035	player+silence	uade	Protracker compatible	0	37160	68c0fdc9	145cb52c	Agile8.mod
34b85c867e8ef4c4f13ef2cf095ac1f5	0	176688	player	uade	SIDMon 1.0	0	17568	d1d85fa9	c5c4dee6	Black_Monks7.sid1
34e10999a39709fb33e3e51f6c56b8e8	1	165235	player	uade	Protracker	0	191844	0d7a90e7	228e756e	Toxic_Prelux1.mod
352179d071cecf89abf1482b03d2c0b7	0	179220	player	uade	Sonic Arranger	0	33578	7213cabd	72dd00db	Skid_Row23.sa
354e3bdb46447b624964a164f52cca11	1	51320	player	uade	Protracker	0	3310	8bf64439	8912bf2f	Cherry1.mod
35dd6daf04b058f6dd54b606421b2ee4	1	48768	player	uade	Protracker	0	8180	1b8b9365	2f307ae2	Paradox7.mod
35df5e857d4ff607db368588f6c4b035	1	54515	player	uade	Protracker	0	14000	db10fa6a	f0a7d0fd	Zenith21.mod
35e6359f69868e3288ca55d82b4e3590	0	138931	player	uade	UADE	0	47012	65dd2760	77de15e4	Steel_Pulse1.cus
35fefb1e354d92df5eb05c05c6197f86	1	188283	player	uade	Soundtracker II (15 instr.)	0	110388	d194e79f	a8c396bb	Genesis_and_Alpha_Flight1.mod
361d5dfeccce507fddd119aabcd5be4f	0	126774	player	uade	Ultimate-Soundtracker or compatible	0	42716	e227984a	3290be52	X-Men1.mod
36365e65a5ea818547d3a7059e2dffba	1	53872	player	uade	Protracker	0	8624	9f25874f	390f2471	Aspect7.mod
364004436539dd31c8cebba1441db2d1	1	76920	player	uade	Protracker compatible	0	95448	e2e1fe07	c9146d37	Tarkus_Team7.mod
36718f4569d765e9c0021f16809a1dfe	1	84616	player	uade	Soundtracker II (15 instr.)	0	54578	a7870607	5097dc06	ACU7.mod
36753b1889682f2543140cd66589c976	1	41072	player	uade	Protracker	0	7848	ef6fdfb5	a3692d77	Hellfire18.mod
3697de66293c12c645ea105b8d2f21a4	1	266791	player	uade	Protracker	0	1059988	049c37b6	444f1494	DEAF AID - Universal Raver.mod
36d940e8dafec538a7b5b1480bd55ce7	0	118857	player	uade	Ultimate-Soundtracker or compatible	0	76992	48f392fb	7dd67b03	Accession6.mod
36ebe6f5c96d80c41f1494a32092c46b	0	98582	player	uade	Sonic Arranger	0	11168	f1b1a6e7	7f24ac8b	Subzero1.sa
371235e5125e14478f8bae0b6ea83bf9	0	0	nosound	uade	PumaTracker	0	1226	60f9a3c8	6c3e6783	Fuck_Comunication_Corporate1.puma
37a0306d719fd6f4539eb846c520182a	0	71314	player	uade	Ultimate-Soundtracker or compatible	0	15820	89cda283	9a373e58	Sensor1.mod
37dbdcedd7ada33a04855ebc4b957ff8	1	42358	player	uade	Protracker	0	11534	8e6dc466	d04d801f	Alpha_Flight5.mod
383da81254cd1e9b0c8d95c9842df1d3	1	92272	player	uade	Protracker	0	11734	abb80863	0b7211fb	Dytec1.mod
385893a03a466e8bc5010f5f3c7fea4d	0	53812	player	uade	FutureComposer 1.3	0	3024	38a525c8	c3c939fa	Dual_Crew6.fc3
38bb9fd1a041710d013f802a99bf53d2	1	92272	player	uade	Protracker	0	33396	3d497fad	e604bb43	Zenith28.mod
38c2571354d7ff46987e295ccacc2e38	1	169093	player	uade	Protracker	0	53316	68b4c020	b46847e2	Alpha_Flight3.mod
38d6f6ad3c7e70f38dab73f9c2942d83	0	71314	player	uade	Ultimate-Soundtracker or compatible	0	58510	f9f069dc	321e1260	Bamiga_Sector_1_and_The_Kent_Team_and_Inertia1.mod
38e1118a59f2c9cf9e7079f40c281c4b	1	76920	player	uade	Soundtracker II (15 instr.)	0	58630	d926f943	72985c31	Alpha_Flight_and_The_Magic_Arts1.mod
3904ec1c9bc479492ac745b33c1cc596	1	42137	player	uade	Protracker	0	165658	114ff128	d0faa826	Dual_Crew_Shining1.mod
3921db8f6214d9b2c8f2b8b4a0c62216	1	169093	player	uade	Soundtracker II (15 instr.)	0	63364	9a2a78bf	12eeca11	Red_Sector5.mod
392afa5fab4cc4e41fd42d2caee90ec4	0	534587	player	uade	AHX v2	0	11502	14f40664	4645e94c	Wanted_Team16.ahx
3946881a88564154153c5b2a4920f2b3	0	65306	player	uade	DeltaMusic 2.0	0	30558	88966421	ef6ddff0	Supreme1.dm2
3951d15d225e1fd2ad186b67742a7cd0	1	19310	player	uade	Protracker compatible	0	5734	f0cda9c8	49929723	Jump1.mod
39920197e05ec72c34eb72c7a3c200e4	0	197767	player	uade	Mark_II	0	48646	bfc50873	ed8f3008	Software_Syndicate1.mk2
3994c33cc4a946d747d8489b90016b8c	1	168410	player	uade	Protracker compatible	0	44720	4fb7a48e	31646a43	Vortex_42_1.mod
3a0e40cc91e37d363c519b76279e6b78	1	81944	player	uade	Jochen Hippel	0	22394	6976a0cd	dbecf087	Punishers8.hip
3a97d9412ab7e0f007c52eb3c2fccef0	1	76559	player	uade	Protracker	0	16966	04ba0c97	9280c494	Prestige2.mod
3aa44c03e71464128f2786c19d89be38	1	61568	player	uade	Protracker	0	8272	5e22d021	b886ab11	Hellfire9.mod
3b4d4f10794582ea3bf318f7fdbfbc66	1	85722	player	uade	Protracker	0	894662	3490153d	c702509d	PUNNIK - Vort Boojaart !.mod
3b4d4f10794582ea3bf318f7fdbfbc66	2	122997	player
3b6a40b1ee30c2adb6941955201c5486	1	267535	player	uade	Protracker	0	331304	584f6d12	5df60114	ROBERTS - Music Voyage.mod
3b73bbdc1230b088ff1a2bb27344d1d7	1	51320	player	uade	Protracker	0	14900	ca9aaa23	d9b40ace	Skid_Row3.mod
3bb626506b137011dd19296fdfb0ee2b	1	290141	player	uade	Protracker compatible	0	119248	803c1607	408c89bb	Two_Live_Crew16.mod
3bb626506b137011dd19296fdfb0ee2b	10	267012	player
3bb626506b137011dd19296fdfb0ee2b	11	266048	player
3bb626506b137011dd19296fdfb0ee2b	12	265103	player
3bb626506b137011dd19296fdfb0ee2b	13	264119	player
3bb626506b137011dd19296fdfb0ee2b	14	264119	player
3bb626506b137011dd19296fdfb0ee2b	15	264119	player
3bb626506b137011dd19296fdfb0ee2b	16	264119	player
3bb626506b137011dd19296fdfb0ee2b	17	264119	player
3bb626506b137011dd19296fdfb0ee2b	18	268921	player
3bb626506b137011dd19296fdfb0ee2b	19	267977	player
3bb626506b137011dd19296fdfb0ee2b	2	276597	player
3bb626506b137011dd19296fdfb0ee2b	20	267012	player
3bb626506b137011dd19296fdfb0ee2b	21	266048	player
3bb626506b137011dd19296fdfb0ee2b	22	265103	player
3bb626506b137011dd19296fdfb0ee2b	3	274688	player
3bb626506b137011dd19296fdfb0ee2b	4	273724	player
3bb626506b137011dd19296fdfb0ee2b	5	272759	player
3bb626506b137011dd19296fdfb0ee2b	6	271815	player
3bb626506b137011dd19296fdfb0ee2b	7	270850	player
3bb626506b137011dd19296fdfb0ee2b	8	269886	player
3bb626506b137011dd19296fdfb0ee2b	9	268921	player
3bc363fec0238d86358e65aa904666a3	1	98682	player	uade	Protracker compatible	0	61958	9e608d61	0438a2b0	Special_Brothers2.mod
3bd88fdea6c8cdb9d47d4b9cdb011b38	1	53872	player	uade	Protracker	0	11414	5ced848d	1506daba	Fairlight9.mod
3be873fa2ffee4710630229247f7502d	1	117792	player	uade	Jochen Hippel	0	66892	73fd5735	17d1d102	Paradise2.hip
3bebd0128a7dcc0e4c6062baebcc196c	0	222624	player	uade	SoundMon 2.0	0	29074	45166df0	600c5e9d	Bitstoppers1.bp
3bf8c99105ddc6fe7d9a1200760ff8fa	1	150526	player	uade	Soundtracker II (15 instr.)	0	42876	2b5c5f92	10c5643e	Baobab1.mod
3c0378cc26342b063a17aea6c38bf5dc	1	191982	player+silence	uade	Protracker	0	159038	da3c6820	69880508	Machinery1.mod
3c0455b8feaf6ca74cf050639c629a1e	1	84616	player	uade	Protracker	0	227006	2078855b	8e6e56ac	BRAINBUG - Shinin Ol Boots.mod
3c070c9dcbfa37b3da77806198b0b9bf	1	99968	player	uade	Protracker	0	40316	de9d839a	2687888a	Nemesis5.mod
3c1e4822af3b65ac11bb9ef00d98a253	0	0	nosound	uade	Sonic Arranger	0	10744	63bb0cc9	eb835c23	Skid_Row22.sa
3c3138e811d8ed98461f84b03e399f40	1	11654	player	uade	Protracker compatible	0	23870	a324ac56	c31d6dc8	Adept1.mod
3c43aa7c6daf8627e0b80e33882b611f	1	41072	player	uade	Protracker	0	12926	1ee04df1	a2cc9cb3	Bronx1.mod
3ca71d7ae587124ea81937bb77f18626	1	238478	player	uade	Protracker	0	649370	86737ff7	4c5ceb81	PUNNIK - Sorry !.mod
3cc2d22ff95255b37e6817fad7f10ce8	1	133888	player	uade	Protracker	0	56338	d622b6ad	30011459	Skid_Row1.mod
3cde43ae00730c4417321a42f8f946fc	1	184445	player	uade	Protracker compatible	0	68838	92fb5de4	e99b8231	Paradox22.mod
3cee29b04d4e1c32fc89bcc5734f5283	0	90906	player	uade	DeltaMusic 2.0	0	18944	8407925b	d4825a0d	Paradox11.dm2
3cf6f2405ac58fbed0ffbeca616be77a	1	133245	player	uade	Protracker	0	44240	988ca922	1ba4180b	Two_Live_Crew7.mod
3d392f314c6cef4bc19ef35c65de3ad2	1	76920	player	uade	Protracker	0	22002	05898b2a	aa2f5452	Interpol1.mod
3d3c6c4ca537418b42a59c8d2e05324b	1	153721	player	uade	Protracker	0	76912	9307af20	20b58cc0	Zenith15.mod
3d758175d90cd55be3f5105353cbd9c7	1	207372	player	uade	Jochen Hippel	0	37046	0c48cb88	af26103e	Agile5.hip
3d94971e8207955878b7ae40f3b466a2	1	46216	player	uade	Startrekker (4ch)	0	6440	cc2e06f7	faf9132d	Supplex1.mod
3db8254d3fd5ae158f7ba7fe43bddf6e	1	57730	player	uade	Soundtracker II (15 instr.)	0	37544	aedb3260	b37a3447	Firestarters2.mod
3dba53bf63a063a5552957f57405c431	1	217098	player	uade	Protracker	0	140674	e8a11457	ed6dfd97	JESTER - Molecules Revenge.mod
3dbde796ef839f1e4b55ff8157d52c64	1	199797	player	uade	Protracker compatible	0	87804	c37fa945	2540d3bb	United_Forces1.mod
3dd487dbfdf688e9a3e605a151ea13d3	1	60604	player	uade	Protracker	0	47758	88d1ae52	bc77480a	Ministry2.mod
3dd917d82c217f9c5b4b9751bd0ad0b8	1	345721	player	uade	Protracker	0	29128	497ea719	32d28f26	Prodigy15.mod
3de083d042a7a18c4d3d4d7f27c0b2f2	1	75313	player	uade	Protracker	0	10072	82648b83	6f5778e2	Scoopex14.mod
3de40808ea19b5fdc175dec9c353ae47	1	219007	player	uade	Protracker	0	45796	70f91650	872431f3	Wanted_Team27.mod
3e29b8049e7df52ec9aebbcba79f1059	1	46216	player	uade	Protracker compatible	0	53466	f8e879fd	9e0d29c4	Venture1.mod
3e2ce83feb85fb9e6f8fc27888cb246d	1	46216	player	uade	Protracker	0	8278	31bfebd1	4cff9d57	Access6.mod
3e2dd1bc049bb771c4323db7960c106c	1	161397	player	uade	Protracker	0	89992	22478558	05479554	Outlaws3.mod
3e4b22c5c4774dadadaaf81db1e30992	1	172931	player	uade	Protracker	0	71778	46c18856	897d22a5	MARTIN IVESON - JagTitle.mod
3e6c78b8f975d80bc1d62b655f0ccc31	0	51280	player	uade	FutureComposer 1.3	0	11408	0b12de35	a7672ebd	Venture2.fc3
3eab7496a34c9ba7af1ea2f7404f4b63	1	76920	player	uade	Protracker	0	82900	8de45444	acabec5c	Fairlight15.mod
3ee5c8349f25a68bbc9f41046d6f0a52	1	262531	player	uade	Protracker	0	51980	986b7f53	918037d2	Wanted_Team14.mod
3ee669bdff9cd6b9b2533ae1a6309719	1	25720	player	uade	Protracker	0	10208	8d1991b2	4896933e	TRSI14.mod
3f32318e68a30d88a6a6909298a08939	1	34682	player	uade	Protracker	0	13942	4fb8de67	f83ad73d	Freezers3.mod
3f436602e6afc579d00c0f7e27a024b8	1	146045	player	uade	Protracker compatible	0	85834	62a37fd5	45c221d8	KEVIN COLLIER - Harley Music.mod
3f4d382941f720ae4e5df6da951eeff8	0	297676	player	uade	FutureComposer 1.3	0	42166	4a4e2b79	4bf5b8c4	Paranoimia4.fc3
3f67bca1e404fd3fa3c7d7616c850472	1	38520	player	uade	Protracker	0	14830	44bd23a9	0545e98b	Toxic_Prelux6.mod
3fb52146f91bf7b765784e99758fee60	1	102520	player	uade	Protracker	0	51090	a4230570	8db34091	Animators3.mod
3fd92186df4dd8cf36d5b58401a1264e	0	76800	player	uade	SIDMon 2.0	0	5380	c48b584a	b78411da	Skid_Row25.sid2
3ff03467d75b6ee0038d98fdf9ebe2a2	1	38520	player	uade	Protracker	0	7360	33c3e225	72d55a49	Over_the_Top1.mod
4023e67993a0490d16489bc1065ebf68	1	146045	player	uade	Noisetracker 1.x	0	85104	5b1a74c1	bd2ffeb4	Switch2.mod
404553db87a412cd1d16fdfc9015b16a	1	100897	player+silence	uade	Protracker	0	43144	dfb7a745	a7a5e031	Wanted_Team17.mod
40611c0c32d1eea780fe05acc01cb73d	1	71816	player	uade	Protracker	0	16726	07a0e338	20bd8704	Hoodlum14.mod
406f6b3dd90ba10b08d7069f4e25f8c1	1	30824	player	uade	Protracker	0	6792	171cf90e	88153869	Zenith32.mod
4083f7488718037039015e1add5188ca	1	19310	player	uade	Startrekker (4ch)	0	9582	96bf9245	b6444ba3	Progress2.mod
40a0770891b21d9b1435f4dd101bd3c0	0	224714	player	uade	FutureComposer 1.3	0	11342	dc796a05	e8586f03	Dual_Crew1.fc3
40b3da30876fb27414a9c01ae13841be	0	594046	player	uade	FutureComposer 1.3	0	25718	5f94ba64	d5212d9a	Amaze2.fc3
40ba4e89b8ba6b3b46fcd32f0f72c8e1	1	69224	player	uade	Protracker	0	20820	cc8eeb0b	f62fb5d0	Turk1.mod
41204cd1c9a28f0d5f4e8fdef6010ff5	1	234359	player	uade	Protracker compatible	0	72126	004bc068	c3bedfb9	Brains2.mod
415461e775a0c7690c5c27443d7e5984	1	38520	player	uade	Protracker	0	166546	c678eac7	f135f1f9	Axxion1.mod
41c60d5ab1a202745093577792016e1e	1	59016	player	uade	Protracker	0	12546	3356454b	4f4cda76	Supplex21.mod
41c6ce6a1a09199f0173cc77a0fe8e6c	1	21098	player	uade	Protracker	0	5788	7fd33b17	7ad51beb	Quartex1.mod
4218fb5398fdd3dd9e13ec192dadac9e	1	210045	player	uade	Protracker	0	284004	3de7ba42	dfc9751c	Hellfire1.mod
42613d588e0313777e780b53460beec2	1	219188	player	uade	Protracker	0	212674	39528c74	78e88cb4	SLICE - Technology.mod
427c68828a9e30873e8889fe5479a3dc	1	199797	player	uade	Protracker compatible	0	39888	e31d5073	7a7972f2	Delight19.mod
4286b93aaab5b2568af5995a641e8ab7	0	99968	player	uade	SIDMon 1.0	0	17572	0860260e	b451256a	Skid_Row_and_Valhalla1.sid1
42c6e3a8fbc60996a55e8c541771c06d	1	378375	player	uade	Noisetracker 1.x	0	120764	6fac0250	ee7670ff	Tarkus_Team12.mod
42de1fde1af7997422e8680a026660c3	1	122677	player	ft2play	FastTracker v2.00	8	195324	68fe5dfc	7ddaf687	lotuscr2.xm
431e9679a91297a34a57bee32b5d640b	1	26122	player	uade	Protracker	0	10874	c5494f7a	d61ce74e	Dual_Crew_Shining_and_Desire1.mod
43399639050afac8438b9b9424f2c0b7	1	99968	player	uade	Protracker compatible	0	73750	b68aec1e	92db373a	Submission2.mod
436389ddaa202c0c4cf25b3131a19fa5	1	92272	player	uade	Protracker	0	14864	ae069959	ae418b31	Disaster1.mod
437b44eca57128bceaa5aa4cc57c9f88	0	269464	player	uade	Ultimate-Soundtracker or compatible	0	68864	618b50cb	d8ef40c4	Red_Sector1.mod
4380011a13004c90d898a994d7d38968	0	188062	player	uade	JamCracker	0	54394	92e380d2	509fe916	Genesis1.jam
43abf302e40fa74ad6d4626047259941	1	108924	player+silence	uade	Protracker	0	212254	f6ddf047	d032d3ca	TONID - Slainte Mhor.mod
44350054b76220e7cb712c7083386ff6	1	235604	player+silence	uade	Protracker	0	546250	ad7963cf	04e4f6ae	DJ THIN - Go Get Busy.mod
444d4dfb6c8521dd013b14dbea817960	1	25720	player	uade	Protracker	0	5348	9c63bf9a	5a54810a	Energy1.mod
44641e3aebaae05fa1d1cc4fa3f1c475	1	130693	player	uade	Protracker	0	39540	0256a4b8	1760b0b2	Darkside1.mod
4479b040d7aa2b2c5114926bd041d719	1	58695	player	uade	Protracker compatible	0	25412	715d5ddd	59b30c02	Skid_Row6.mod
4479b040d7aa2b2c5114926bd041d719	2	15472	player
4482cc27f818fc92fdc5c8ac0ea962b2	1	20596	player	uade	Protracker	0	8888	34254415	b318f32a	Digital_Sanctity3.mod
44cc35f35b992db97799ba1789dc290a	1	69224	player	uade	Protracker	0	16460	c621f33f	3cb1dc86	Angels6.mod
44d3e11725043986dfddb9b67fc6db40	1	107645	player	uade	Protracker	0	23408	a70ccd58	509a7ba1	Crystal4.mod
452333978719f6fb418946ebbe6da42e	1	51401	player	uade	Protracker	0	51680	3d9174b7	1c118ac9	Classic14.mod
452ef7d6b620a57b4fe6bc424f9a0419	1	125148	player+silence	uade	Protracker compatible	0	116260	f267fff6	384ef428	Beyond_2000_1.mod
4553d6a783000969e26f95e62e7ec50e	1	84616	player	uade	Soundtracker II (31 instr.)	0	106524	fbb412e9	0ac15a55	High_Quality_Crackings_and_Megaforce1.mod
45971c984abea3614c94a9aa0c06424d	1	37234	player	uade	Protracker compatible	0	8386	da3c9fbf	a9a503ef	Silents3.mod
45b205dd41fe63c2de0e77ae749322de	1	222845	player	uade	Protracker	0	130010	badea64d	14110b8f	ELYSIUM.MOD
45e6a99d6bf3cf03487fbe19fef1b6bd	0	186153	player	uade	SoundMon 2.0	0	6064	8efb3db6	e0998722	Skid_Row17.bp
45f82acd5d84ea764c9a1d0291047b32	1	61568	player	uade	Protracker	0	20062	ffdcb179	7751fe5f	Hellfire14.mod
4627956ec980067c9c75342c4a84c861	1	51320	player	uade	Soundtracker II (31 instr.)	0	40052	9d0d7a46	c23dc4db	Tarkus_Team5.mod
463d1d83472cfe2d7bd1350d5ba506d5	1	122997	player	uade	Protracker	0	25370	42d5de2c	cb48b6b6	Dual_Crew7.mod
46564ad33b241813eed11559601e4527	0	130673	player	uade	SIDMon 1.0	0	16160	2248de15	b4e3447c	Brainwave1.sid1
46867da12d6df2dacee348929871bc26	1	53872	player	uade	Protracker	0	25976	a7730a15	9b5bf3a1	Cyberaktif1.mod
46daaa45cd8e2ed3c87c6a346d4d0610	1	38520	player	uade	Protracker compatible	0	8578	721a97b3	ce31655c	Vanish1.mod
47603bd401ab60f188d7bd06e7b66d4b	1	54656	player	uade	Startrekker (4ch)	0	58838	116b5f69	0cdf73d8	Punishers2.mod
47d9486b65c940924c8b2c79fdeeb75c	1	30824	player	uade	Protracker	0	8682	179cc24a	70fad68c	Zenith31.mod
47dc6228886cc5c33e42a570b324e839	1	30824	player	uade	Protracker	0	33032	c172a6d8	63e5a01e	Bamiga_Sector_1_and_The_Kent_Team_and_Inertia3.mod
47ea60b112d92ac3e48da6b9624cec79	1	296846	player+silence	uade	Protracker	0	290700	6204fa7b	9843a027	BIONIC - Pure Motion.mod
47fa1831db7673f9e8768c3f7e734aac	1	79513	player	uade	Protracker compatible	0	45922	666eb0e3	73fb4a57	Vision2.mod
4827d5f649a68a7eec820989d3c7e476	0	59157	player	uade	Ultimate-Soundtracker or compatible	0	45544	079d14d9	a96b48b1	Cascade3.mod
483a0278e3ad2b523ebc6960ed6b3109	1	214345	player	uade	Protracker compatible	0	140154	5f34d1b8	6dfdb2f7	Wanted_Team18.mod
4842928ad9e1251169f79597ead5bfce	0	245672	player	uade	SoundMon 2.0	0	19130	d3133cff	358b7d06	Alcatraz_and_Setrox1.bp
4873a81ebd30722180ce995431eac807	1	177894	player	uade	Protracker	0	116956	04d0d085	17a53278	Hellfire13.mod
4894bee1df05e6f321b8693682769234	1	30824	player	uade	Protracker	0	35088	3d17ecbf	6cc66d9b	Esprit_Inc1.mod
48a6bd40a03f20464362cc2403cd1ce9	1	19310	player	uade	Protracker compatible	0	32296	90586223	b1c6a52e	lotus25.mod
48bae32a2d04b832ef7662d4646beb09	0	138268	player	uade	Synth 4.0	0	36238	ef2b4134	0355a260	Braintrace_Design1.syn
48c21978a73292cd0954a04bb25c0a36	1	61568	player	uade	Protracker compatible	0	67648	7bc1f6c7	ed088f76	Trilogy5.mod
48d07063984b47045e3f20557a58588f	1	84616	player	uade	Protracker	0	11326	183c4de0	826f4468	GNU_Design1.mod
48e2ebc6c7588bee78796281b677facc	1	276537	player	uade	Jochen Hippel	0	36032	23d96adf	763c6b91	Fairlight8.hip
48e2ebc6c7588bee78796281b677facc	2	0	nosound
49260fcb78fe6afd7fbaf2d0949b979b	1	256644	player	uade	Protracker	0	836704	e90b6b21	fa434441	ROMEO KNIGHT - Piggies Hut.mod
496a0a14678bad2197d92b75f5f3a7b7	1	112126	player	uade	Protracker	0	17994	bc3ac1ae	5c758c22	Insane2.mod
4976dcf9d744123947a3da9122c86657	1	169093	player	uade	Protracker	0	192276	a742531e	b28d5ba5	HOLLYWOOD - Spilt Milk.mod
4998cbb32ab48c74232f4f2822b6b224	1	184445	player	uade	Protracker	0	78978	c62f367b	2b790cb2	Special_Brothers5.mod
49af1396f1c4755a8b8218aa70dcde77	1	109574	player	uade	Protracker compatible	0	78682	b0738e29	171a1e90	Thrust2.mod
49b270ddc4ed0c8e0626f13999693157	1	215260	player+silence	uade	Protracker compatible	0	84954	47139ae9	fbd64fd5	Cascade13.mod
49d08c5b8a8a9ed698e8774a88638507	1	169093	player	uade	Protracker	0	83302	efb1a4fd	c360ad6f	BARRY LEITCH - Lotus 2 (Title).mod
49f00fa4f4d827904f24abacf537b55b	1	146045	player	uade	Soundtracker II (15 instr.)	0	58112	9ee884d7	9d934de0	Oracle5.mod
4a6060be8028ab5aed1fe72fc22d3239	1	64120	player	uade	Protracker	0	108078	0d8c9036	e2c32736	Squadron1.mod
4a65ffa02cf1922f405e40a4d7f371d7	1	59639	player	uade	Protracker	0	9604	abaec0a0	5b76c2e7	Progress3.mod
4a6f1c0a804566a3368e3a479eca6c41	1	61568	player	uade	Protracker	0	11000	8c128062	df164847	Classic16.mod
4a70a59a39d1105663ac27725df16b86	1	53872	player	uade	Protracker	0	9872	c0336411	20c530c6	Supplex6.mod
4adf98c7aff6967fd4d95adbf3ceb798	1	322087	player+silence	uade	Protracker	0	222304	1372e002	1a66c8af	OLOF GUSTAFSSON - Light of Day.mod
4aea50559fd79a456e872ab81e063c19	0	62754	player	uade	Sonic Arranger	0	10894	b365fe04	f45677f5	Skid_Row7.sa
4b24e13358081bf7b25ea785566fef1a	0	136379	player	uade	FutureComposer 1.3	0	42898	df67c6da	5d5cddcc	TRSI6.fc3
4b9a3336a5171931af5a2e9b00721ab8	1	141620	player+silence	uade	Soundtracker II (15 instr.)	0	49716	0f22a274	3e80342d	Trilogy2.mod
4be5a747a42c1632a524e5734e97959d	1	80758	player	uade	Soundtracker II (15 instr.)	0	42320	b887cfcb	a04713c5	Blitter_Brothers1.mod
4c0fbc341f3c29b3773204c69133da0a	1	38520	player	uade	Protracker	0	8418	de948561	a045e5c5	TRSI30.mod
4c69bd28d481113ee47fcde17d414aca	1	253569	player	uade	Noisetracker 1.x	0	29132	2d0b2923	c7be136e	Comax1.mod
4c9d73e2ab4459eab00ba1a9da5d4d9e	1	92272	player	uade	Protracker	0	48000	230a9580	884e63d7	LSD10.mod
4ce3df822b26ee053e02e21587ec02ec	1	285266	player+silence	uade	Protracker	0	560782	2b8c8697	b63da668	DAXX - Insenity.mod
4d01f21d4bfc70b0c2e0d5b4a796dfc7	1	76920	player	uade	Protracker	0	10432	30d09e48	a282a599	Orb2.mod
4d065242d97595f53c9876067f443a85	1	61568	player	uade	Protracker	0	9474	9983cd8f	0cbe5441	Legend28.mod
4d2965b894140a5cd9ae296f25e79bc7	1	71816	player	uade	Protracker	0	39372	4c0544a7	34a2bcd6	Powerstation1.mod
4d8e8cfca0adcc3e8e4d8d3db7fdd0aa	0	107423	player	uade	SoundMon 2.0	0	13206	02e624b9	1e8a67a2	Dynax3.bp
4d92983b54ed6aa82f132cfc3a4275aa	1	107645	player	uade	Protracker	0	32584	a4ce1cee	6c0aa373	Infect1.mod
4d9cf35472cd87a0dc8e6cdfc876eb5e	1	116124	player	uade	Protracker	0	36432	96ed20e2	79a6b6d2	Agile1.mod
4da89169a865ccdbb6131895ff56b812	0	20496	player	uade	MCMD	0	9102	81f211c7	da2320c8	Endless_Piracy3.mcmd
4db6f33dbb79a65d979b4260e0dfb651	1	130693	player	uade	Noisetracker 1.x	0	29288	af8b9680	216fd146	Oracle10.mod
4dfa4899e877d65ceea6094b2ddfb127	1	208237	player+volume	uade	Protracker	0	70872	fedfacf0	6730b754	Legend15.mod
4e474f0520806e64b8803503b3dabfe0	0	172870	player	uade	FutureComposer 1.3	0	10844	e41b3b07	7eedfc56	Elevation1.fc3
4e554bb9250dda8f0d8b2b957d378348	1	311059	player	uade	Protracker	0	613898	0ecebf0f	b3025684	CRUNCH - Brutal.mod
4e69d3f3de1ca813074ae9844b159efe	1	102520	player	uade	Protracker	0	29622	729111f7	49d8c850	Ministry9.mod
4ec1bec54f62ac413f3a0adb2e7e30ed	1	122997	player	uade	Protracker compatible	0	41200	fa1bbd33	ce2b046e	Dominators_and_Gigaflops_2112_1.mod
4eee2759b4663a406c6b114218e95764	1	201226	player+volume	uade	Protracker	0	25110	2b52be12	cc132897	Decade6.mod
4f2a6e5f85a7736e9555ce5c67084f8f	0	174337	player	uade	Ultimate-Soundtracker or compatible	0	46814	2c3e47a0	e095722d	Golden_Masters_Crew2.mod
4f6eec1590218079e49e5b2aaa1bb0a5	0	39605	player	uade	Ultimate-Soundtracker or compatible	0	25220	04e25c12	7d730a18	Hotline1.mod
4f85775961f164a0931b25bc8ff58b40	1	79472	player	uade	Protracker compatible	0	24066	939ee879	edb63144	Zenith34.mod
4fb1cdce2a511856ed5d3788f152b76c	1	98682	player	uade	Protracker	0	20086	0e6c89f7	0e56a9b1	moonbase.mod
4fb541b8f8e612235fc100d6c6adf8d1	1	300128	player	uade	Protracker	0	61200	e5e6ab2a	63569583	Anthrox15.mod
4fdfa2726bc0960b678665a47be456a0	1	267274	player+volume	uade	Protracker	0	392430	5cb78b96	792fc329	PIRAT - Parliament Of Dreams.mod
500449f61d0dd1d1f801b93b3c5bf1f4	0	87168	player	uade	Ultimate-Soundtracker or compatible	0	33144	aec4fbb3	8d4cce4d	Alpha_Flight14.mod
501ae9aca297a0093291144bb3fed661	0	102420	player	uade	Leggless Music Editor	0	7510	c60d53c2	35cf3a2c	Legend13.lme
5028d270ed876b13d9e19c80efe8e4aa	1	61568	player	uade	Protracker compatible	0	10578	c463b199	841df3de	Fairlight7.mod
5064f2a7a9ae09533e34f5ff945978e9	1	38520	player	uade	Protracker	0	19848	bf0d2c2b	9a48e545	Wanted_Team12.mod
5064f2a7a9ae09533e34f5ff945978e9	2	2752	player
5076bdaa35ce16c41e46b75453a24cd7	0	61468	player	uade	SUNtronic	0	3642	270f5e89	af2aed8b	ACU3.sun
50a8e2083f4dd243ef602c3cd5ae8fe3	1	189549	player	uade	Protracker	0	100020	d51d77cb	62efe32c	Two_Live_Crew4.mod
50ebf8d04bf4a7d5de78f21a0a636af7	1	192663	player	uade	Protracker (vblank)	0	157092	5ebc7217	0b61edef	Classic15.mod
513d0d71d5ffc58b6c536e8e89f08830	0	245793	player	uade	Soundtracker II - V or compatible	0	77694	d06caca3	b32239ef	Thorax3.mod
515eb3a6fd9eb1c5abba9070d756c9f4	1	307321	player	uade	Protracker compatible	0	82290	f912bf02	f4ea8d18	Paralax_and_Spreadeagles2.mod
51c517deaf3e2b7065ad0a98a39b2219	1	94443	player	uade	Protracker	0	87612	4528fd6f	28cc8ca8	Subway_and_Spreadpoint1.mod
51d6218056ecb0a024bdb7ad54513f39	0	282143	player	uade	SoundMon 2.0	0	41830	ac765778	c2940c88	Legend12.bp
51e9c39c37a919c4c56aec88c00b4e23	1	61568	player	uade	Protracker	0	27844	b0682869	38c28aad	Defjam5.mod
525c9f49d19a3a85ddeaeb47ba3e9403	1	222845	player	uade	Noisetracker 1.x	0	94546	e7f7e7fe	4226d173	Spreadpoint-Defjam-CCS1.mod
5270c0c923e471c99a7cb5d91cf862b1	1	92272	player	uade	Protracker compatible	0	16110	0e2bed72	cc52c646	Bronx2.mod
527e3df81789a6763e2f7e50bb983d8c	1	138369	player	uade	Noisetracker 1.x	0	28314	7c09cab0	f7f40aa8	Paranoimia1.mod
533585c65d62d55f111e97cc59ae9ff5	1	86525	player	uade	Protracker	0	18336	f4d67a89	7307d8a9	Royal1.mod
53543e3f1e98e8868b081d3979a8a2c2	1	61568	player	uade	Protracker compatible	0	8520	4c957ed5	3c9b3c93	Genesis_and_Angels1.mod
535aa3fb1b970901f848ed559e0c576f	1	27006	player	uade	Protracker	0	14604	e9a06491	e954484e	Outlaws5.mod
539dbdf79dab53732b7a1ca21f126888	0	99848	player	uade	SIDMon 2.0	0	7758	27e4e9d5	8e73ffe2	Paradise3.sid2
53a6064f2f14e9f75752ac57b57d370e	1	89720	player	uade	Protracker	0	30696	36ee40ca	48897433	Prehistorik - Ingame 1.mod
5446cb11defdfc6bfbcf697cac89ce84	1	33738	player	uade	Protracker	0	15280	4d70b0e1	0a7a954a	LSD4.mod
5457b246ad7e77520ba307d1d1b7ca30	1	132602	player	uade	Protracker	0	122346	12298c62	14ba1642	Subzero2.mod
55178f0292014b9d69115f08fe40d37c	1	65406	player	uade	Protracker	0	21640	7b89c91b	9d938a39	Prodigy9.mod
556af9a963e3c8a30f383448537d5177	1	48125	player	uade	Protracker	0	23324	64b303ab	4b6f0ea5	Betrayal4.mod
55f9703bcdcd8761cdf4e37fb76f7f6a	1	169093	player	uade	Soundtracker II (31 instr.)	0	70388	c4b5e4f0	f0f3c1bc	Abakus1.mod
56791bf593225dd22987d81f5b1e83b9	1	48570	player+silence	uade	Protracker compatible	0	65964	fcaa8b37	a91d69aa	Back to the Future 3 - Title.mod
571d1cc98e0845c0d6c56852316d7330	1	163969	player	uade	Protracker compatible	0	27598	5987d6e2	fcb8e2ab	Skid_Row4.mod
5779f28e46a4469090c110ecfa46ee2e	1	15472	player	uade	Protracker	0	12382	a6640610	5290a5c7	Hellfire24.mod
57b02d53cdc9060ad7cf9578f865ffc5	1	146045	player	uade	Soundtracker II (15 instr.)	0	41750	d31e61c0	aefb3e3c	Magnum_Force3.mod
5822260c5aef06a599261354ea8a229d	1	478464	player	uade	Startrekker (4ch)	0	169182	bc96826a	2bcd61eb	Quartix1.mod
583bc27145b65785eb4f309a251c4bb7	0	121952	player	uade	DeltaMusic 2.0	0	34864	fcfb5b53	3ff3cfc6	Storm1.dm2
5846604a42e4ab79f980a33af7de069d	1	50034	player	uade	Protracker	0	28386	a81713d5	97c5710c	TRSI24.mod
58590fac2e16a7b4e512b2b8e167b1a6	1	133888	player	uade	Protracker	0	27444	56f6b633	30886e75	Anthrox19.mod
58796412ceeb4b96c5ffc50a7300ba27	1	126694	player	uade	Protracker	0	84342	d1ea88c2	e6b36181	Legend31.mod
58839fdeec9e466fd7e0036e2f5d1c98	1	61568	player	uade	Protracker	0	23152	69a23ab7	9e2791c1	Deadline1.mod
5883e5d469ed07e29740f8b88d8e848a	1	192141	player	uade	Soundtracker II (15 instr.)	0	51166	443a00b8	f100fdbe	Quartex11.mod
58c157a643a421deea882643ffc79e63	1	80758	player	uade	Protracker	0	51116	2911c724	21e5a95f	Abyss1.mod
58d601159c6ccb8a117e4ea802f29cd1	1	30824	player	uade	Protracker	0	7376	d2f3a544	e001151d	Silents1.mod
5917469b6ac6c224ffbd351c489ff725	1	59197	player	uade	Protracker	0	10086	51e36af7	5acd84b7	Crystal6.mod
5932620d4943db72c9cef06824158665	1	53872	player	uade	Protracker compatible	0	8548	88c7940c	bf877088	Skid_Row15.mod
593a95ef241a3b191787f5951ee1afca	1	89720	player	uade	Protracker compatible	0	15202	3c60be89	d0baa6cc	Anarchy1.mod
59ac2bda1140bf6f61dee36e8f87390e	1	102520	player	uade	AudioSculpture	0	11324	9c232dbb	dfb1a014	Supplex11.mod
59b0b1c3290447828e005fe105af584a	1	138369	player	uade	Protracker	0	95090	66163db5	86e03d0e	Betrayal5.mod
5a52a325453c0c3d866768e0ce7d7836	1	57730	player	uade	Protracker	0	22948	db45054d	02de4f51	Defekt3.mod
5a53a64f8b8ab022063e4a148ce91708	1	71816	player	uade	Protracker compatible	0	10050	4a9c7150	1710ff7f	Palace2.mod
5a599e4ede7e427c843442544c956ba6	1	76920	player	uade	Soundtracker II (15 instr.)	0	117408	5a62a72d	bb044f61	Subway_and_Dream_Team1.mod
5a7a7268605ee264bca76abad9c5fd07	1	283047	player	uade	Protracker	0	278172	c652db5c	1a861f29	HEATBEAT - Sainahi Circles (Original).mod
5a894b99c1c457c98e6fa595719864db	1	35968	player	uade	Protracker	0	7330	fa86b1e5	ab635a91	Resistance1.mod
5ad942a7e7fbaa23f85dbbc9a6ebe3db	1	153058	player	uade	Protracker	0	19790	3030060a	1532d531	Hoodlum11.mod
5aee13bc0b828bab76fc08f2666d067a	1	119179	player	uade	Protracker compatible	0	42720	81cd73c9	b8a31d18	Company2.mod
5af30dee8ebf84ddc3d01dde24d995f8	1	84616	player	uade	AudioSculpture	0	11234	8bc9970a	f000575d	Supplex2.mod
5aff9575ab04c9a425e262bf6605f385	1	42358	player	uade	Protracker	0	11684	b79a3d1e	174d0ae2	Classic4.mod
5b10feadf06f5e05416c647100a6a0df	1	89720	player	uade	Protracker	0	29976	ba6a8ff1	ff16686c	Phobia1.mod
5b1c1d2146567d892c6bf4f9a218062a	1	253569	player	uade	Protracker	0	196980	db978b95	9f167c96	MOBY - Groovy Thing.mod
5b42c1c35dc37c6f7c4910170f34c343	1	15472	player	uade	Protracker	0	25404	41ddfbe0	251f3657	Paradox19.mod
5b4c655045ef61a84311adf152e04af9	1	53872	player	uade	Protracker	0	40346	b7b423e6	91d12ca0	Quartex4.mod
5bb34eea26373c0379d3d31d6f2a3443	1	41072	player	uade	Protracker compatible	0	65362	ba54c127	caee4447	Lightforce11.mod
5c060069200e9c4948807e26f94880ce	1	23168	player	uade	Protracker	0	13000	3ffc2a69	7c308117	Ministry7.mod
5cf50b4d9e9a0b9ef063728f513ae5dd	1	325355	player+silence	uade	Protracker	0	997934	1205a231	eb36f56e	CELSIUS - The Live Act 2.mod
5d0ccb17240b9aaa33d614385d8b1baa	0	145562	player	uade	SoundMon 2.0	0	45141	771a27b1	0e90e145	Amaze1.bp
5d25b7952de11b4f98d1233f1a89f17e	1	23168	player	uade	Protracker	0	8530	d0d5374f	c7033339	TRSI8.mod
5d3138fd709f848fa443cc005f4cf150	1	197507	player+silence	uade	Soundtracker II (15 instr.)	0	60096	9ac97216	fb2e467e	Avenger1.mod
5d3a1ddc7c706003dbcb3093d1de3b96	1	142044	player+silence	uade	Protracker compatible	0	106284	84fef985	e3db6118	Vision3.mod
5d3b6634a16301d74edfa84fe17c1b9e	1	61689	player	uade	Protracker	0	15206	f893ad83	8166559f	Accession2.mod
5d43f527a4d59efdfe4528eae4260c89	1	94061	player	uade	Protracker compatible	0	16384	d8410173	090e30e5	Brains1.mod
5db44630a3ac04340699cb4d6bb8353f	0	157398	player	uade	SoundMon 2.0	0	16894	ed487b0f	5e62627e	Cardinals1.bp
5ddc27f6e0a54e3e396db84b65a2d9a7	1	106539	player	uade	Protracker	0	46788	897e60d2	c5432696	Andromeda1.mod
5dfa2d0ccdca2054e1b222ea04adf207	1	87490	player	uade	Protracker	0	21280	4803413f	85ca82a7	Delight18.mod
5e12c2b9bc06d651a031f4a251ba163c	1	23168	player	uade	Protracker	0	12156	676715d9	4b00fb14	Insane1.mod
5e130f9a63953c81fcee2b0c63986b09	0	65028	loop	uade	Sonic Arranger	0	11944	e1c32d2c	20d39432	Fairlight11.sa
5e782df5d767b3d66fb4f6c96aa766f8	1	153511	player+silence	uade	Soundtracker II (31 instr.)	0	91666	87c6f106	c67304ae	Angels_and_Defjam3.mod
5e88a092983b82e36c8fcd1e2b1167ef	1	38520	player	uade	Noisetracker 1.x	0	4494	123b9e96	7bab243e	Alpha_Flight9.mod
5f0018647bfd44c6ef5d4dfbdffb5e14	1	28915	player	uade	Protracker	0	37274	a252d269	4179302a	Delight9.mod
5f226c95d2a4824e05e99c826abbc80b	0	99968	player	uade	G.M.C	0	58962	26ae8870	02ae1eae	Legend16.gmc
5f571ac351015b79e7c2beb41c10705f	0	186253	player	uade	David Whittaker	0	28332	cb15ad4b	34d6b698	Axxess1.dw
5f571ac351015b79e7c2beb41c10705f	1	23068	player
5f571ac351015b79e7c2beb41c10705f	2	76840	player
5fa933554337f2fc0b00ea0ad8c5c256	1	174728	player+silence	uade	Protracker	0	422700	398e3d67	2f4a69d5	LIZARDKING - World Of Insanity.mod
5fea5a7287b22732cdd6a71e42f5d344	1	14528	player	uade	Protracker	0	19542	40040042	8806ef06	Union1.mod
603209839ff56d1ad6bca958df846323	1	99968	player	uade	Protracker	0	114820	ca028205	784b48ff	nightflights.mod
608b55aabaf9c93c7134e0a9f3920f7c	0	214928	player	uade	SoundMon 2.0	0	10388	695712e2	a4b3017d	Sensics2.bp
60a46d717675cb6426675342df3bd7c2	1	20596	player	uade	Protracker	0	5606	d0d58e61	662ad4f0	Zenith8.mod
60f889ff0243ba0c75c2d58bd2dcbe95	1	30824	player	uade	Protracker	0	5434	82541129	f257522a	Faith6.mod
610e20def00215b5ff0f0c7e32c9ab90	1	393626	player	uade	Hippel-COSO	0	19626	26033b3b	31b233e1	Paranoimia2.hipc
6187e6175896c282725b71177750831e	1	153721	player	uade	Protracker compatible	0	83372	c3b037e6	c96a7d68	Sinners2.mod
61abf21a01a84e0330e986fdddcd9cca	1	163326	player	uade	Protracker compatible	0	63520	7a1efca0	bebfda98	Savage4.mod
6266cef14d9463976c262c49f5ab5626	1	84616	player	uade	Protracker	0	17924	274510ef	5329690a	Skid_Row10.mod
62adec3489280fbafe24d8a85818863c	0	151711	player	uade	DeltaMusic 2.0	0	24646	6af4f509	c1b85650	Paradox9.dm2
62cde13ba240652425175e8da0e7ab34	1	138369	player	uade	Protracker compatible	0	76630	8dd53201	4b8f86bc	sleepwalkers.mod
632ca44b14d8f5913930d3f63de640ba	1	131979	player	uade	Protracker	0	16796	98ca3b35	b166092f	Divine1.mod
6353d024b1bf6c1d35cac6d6c9cf9a57	1	84616	player	uade	Protracker	0	31834	207c777c	1610066b	Defjam1.mod
63571ab5da6cc2213d646948589564eb	0	76719	player	uade	PumaTracker	0	7200	88c1d6d9	2095df4a	Two_Live_Crew13.puma
6358fbaf2ed1151e0d24b4062cb2e838	1	129485	player+silence	uade	Protracker	0	119730	3161c14c	c9ef58de	Crystal14.mod
636073d7ddcac489e5ab072536767f29	1	99968	player	uade	Protracker	0	16062	90d95a53	0265aa7c	Skid_Row35.mod
637c3ab44705f978f94badf69072897c	1	82044	player	uade	Protracker compatible	0	27044	3dfffe8c	7f81ec4e	Subway3.mod
63b52d4ee46c457bdbef6fef9e2ec155	0	105615	player	uade	DeltaMusic 2.0	0	26360	80bc4336	7468b50d	Arcane1.dm2
6408d70028a1fcba743ece66d19986c4	1	30824	player	uade	Protracker	0	10200	3e0be325	fa42f9f0	Prodigy10.mod
6420d2dd20d753957d83f2cf9df0ed55	0	63377	player	uade	Sonic Arranger	0	8760	70220972	eec1904b	Fusion1.sa
647409a03f810d9abc711e31cf578567	1	61568	player	uade	Protracker compatible	0	18206	ebaaef86	47403c0c	Genetix1.mod
64a688b00d3fa888de3729a0ef3e1149	1	276597	player	uade	Protracker	0	117450	92113fcc	271b4126	ALLISTER BRIMBLE - Project X (Title) Bladswede Remix.mod
64e1b4f91880cfd744aa4e420a43af42	0	155783	player+silence	uade	Ultimate-Soundtracker or compatible	0	83216	08a8a294	0265bee3	CBC4.mod
6527182ec7fe8df7148c35cabb5fe744	1	291960	player+silence	uade	Protracker	0	654502	683dd465	ec51adac	UNREAL - Fountain Of Sighs.mod
655da8575a114a6a06e19f90baa6faa0	1	41072	player	uade	Protracker	0	11846	43b0bb02	a419dad3	Backlash2.mod
655e7ff9628e0aa2158b2baca816b00d	1	76920	player	uade	Protracker	0	25880	a5741f58	899ed946	Supplex4.mod
6564f37349b53452e1ef8dc2ceead739	1	115321	player	uade	Protracker	0	46220	a97f14b3	8bf3180c	Wanted_Team20.mod
656faeef55419cfeb7a8006e5a151081	0	391917	loop	uade	Future Player	0	18128	42e198bd	fc1f9fe7	Defjam_and_CCS2.fp
65eb459f3a2f20175a264364152d9661	1	223126	player	uade	Protracker	0	54114	7cf5caa9	99556cb5	Traders_Dream_and_Rednex1.mod
66586f6ca0d554ab9551aa12770082f8	1	158845	player	uade	Protracker	0	364242	fb6c9c81	afbf1089	INTERPHACE - Phunq Ethereal.mod
66b5a30ce35113292f157bcc2c20c6e3	1	115321	player	uade	Protracker	0	39870	22bb3cdf	f01e84be	Prehistorik - Ingame 2.mod
66b9952d0f9c49b6e068c941f1e3d228	1	112769	player	uade	Protracker	0	17430	f4831817	09e89efa	Delight13.mod
66f840263ef39473b8711c86ed2bc72f	1	128121	player	uade	Protracker	0	25030	66517030	a3d64e2c	Power_Crew2.mod
67001704268f96761fb2ae51def03bf9	1	322693	player	uade	Protracker compatible	0	39862	2af49cb8	f8bc96ae	United_Forces_and_Celtic1.mod
670342f8dda177dda7c4777d4364faf1	1	192141	player	uade	Protracker compatible	0	79020	af2775bb	7b12df95	Vision6.mod
67054837604eb7cbc73e2bce1f18e508	1	30824	player	uade	Protracker	0	18796	85f8b972	ba19648a	Delight3.mod
6738f8bbf7c957a3f87dac7e929b3401	0	172509	player	uade	Synth 4.0	0	8108	653e3bcf	4cd6876c	Energy3.syn
676835c8db8cd326e71d66ca0252de97	1	117812	player	uade	Jochen Hippel	0	21366	cf6b2d88	28e6e41b	Endless_Piracy1.hip
676835c8db8cd326e71d66ca0252de97	2	20576	player
676835c8db8cd326e71d66ca0252de97	3	5947	player
676835c8db8cd326e71d66ca0252de97	4	76900	player
678eef96e546f2f59cb8bd2fbc89acdd	1	354704	player	uade	Protracker	0	581184	ea5dabb4	c08b6f2f	STEFAN UHLEMANN - Piano Lyrics.mod
67b13bf02fd803704a65ce9f2bd0b143	0	259135	player	uade	SoundMon 2.0	0	16277	e1df1233	cce5e52c	Miracle1.bp
67b977b3b31ed54ebd8fcedcdfe5cb18	1	56424	player	uade	Protracker compatible	0	32470	f83c5803	dfca80d2	Fraxion1.mod
67c54967292e37fbbcab815566dd94fe	1	152885	player+silence	uade	Noisetracker 1.x	0	44410	0fe47f2e	6943c5d9	World_of_Wonders5.mod
67da77d0cbc6e8836c3e4f7e448bb2f8	1	23168	player	uade	Protracker	0	11776	f78ce6dc	aaacc639	Rebels1.mod
6802e759f3fce8c4e8475a586821d554	1	100210	player	uade	Protracker	0	22234	4c2b29f6	10f36137	Anthrox23.mod
680c9e5707c98a5bce13de843ed72682	1	46216	player	uade	Protracker	0	10690	e19a85c7	b9c43f34	Legend3.mod
6878e4989747df6cf07a6e2b07014c59	0	154883	loop	uade	UADE	0	17048	3add4dc5	5aff0351	Band3.cus
687cd311223303e29297ed73eceb45ca	1	245067	player+silence	uade	Protracker	0	92304	d2458c73	adb43742	Legend11.mod
68aeaacf26bbbf29f62db30a3ec71081	1	61568	player	uade	Protracker	0	44652	caa4307a	672ec152	Bronx5.mod
68b06f787c044594de5988ca836878f8	1	11654	player	uade	Protracker compatible	0	7774	abed8ebb	0f1706cb	Delight5.mod
691f23170b635f5f737d901e6e8cc374	0	332821	player	uade	Mark_II	0	30582	0f4af7bb	5cff96fb	Lightforce8.mk2
6947d6a7937da4b44250279f576246c6	1	245893	player	uade	Protracker	0	69424	f651bcb4	51137082	Blizzard1.mod
694fd72ef6e8da296e7f93a1415099ab	1	89720	player	uade	AudioSculpture	0	19166	d8099dd4	5ddcf4c6	Supplex38.mod
695f5229cc1ecf3eb7d4d54dd2aa032b	1	193025	player	uade	Protracker compatible	0	31594	3678fcd3	757796b0	Zenith4.mod
696663fb97be789812ca9a512cb56a95	1	486417	player+silence	uade	Protracker	0	645340	78c11db2	b6c68f7e	NEURODANCER - Chakral Frequency.mod
6992a27d2011c74de30cdcb49c825113	1	30824	player	uade	Protracker compatible	0	27090	d0a43c34	6802310a	lotus22.mod
69da1513f2062ba2fdca40bbf6d3194b	1	38520	player	uade	Protracker	0	6382	34549c7b	db2364af	Lightforce13.mod
69de8af554b5193e19cefeaea530d8f3	1	57730	player	uade	Protracker	0	13702	60841481	3d21c65d	Hoodlum7.mod
6a21cbd84ab2f02afa1fb7fd86ac1f30	0	57128	player	uade	SoundFX	0	53132	4c6dbb6a	4554d796	Code_Killers1.sfx
6a66bcb01ed39e772953485fe040d543	0	67215	player	uade	Sonic Arranger	0	26440	1ea21335	9750edea	TRSI29.sa
6a732f6ac230cbb50b7ea499a3a8fc88	1	30824	player	uade	Protracker	0	18866	688feded	8ac2c0a0	Legend21.mod
6a93c85b7f9213310fd65953ad5342c0	1	515860	player	uade	Protracker	0	690610	3f595221	4e88fc5a	TEKKLESS SPACEHEAD - The Last Saga.mod
6ade54771eeb3ecda466bf9d4fee65f3	1	47161	player	uade	Protracker	0	35836	9b05a3bf	b8a4de42	Alpha_Flight10.mod
6b2c242e623ad7d76cf238bf41ce8453	0	231626	player	uade	SoundMon 2.0	0	11920	cba14e62	dea2b578	Access5.bp
6b2e868edccbbff5874bb8bd2e4ef06d	1	130391	player	uade	Protracker	0	475710	567c15ae	8a3f502e	X-CEED - Berlin 1931AD.mod
6b9db05ec746a67f970c21ed74c42035	1	169093	player	uade	Soundtracker II (15 instr.)	0	66596	6b7718b3	0fd25d7a	Magnum_Force2.mod
6bc46ab6a469886839297feead389e2f	1	71655	player+silence	uade	Protracker	0	50000	7f79ca01	94e94d48	DR AWESOME - Blood On The R-Top.mod
6bd2e9cabaa3afc3ffd735c7824fb93d	1	30824	player	uade	Protracker	0	9986	0fa6e73f	eb5c5f7a	Origin1.mod
6c27f7e7b48283202e969b802d9b76e1	1	66672	player	uade	Protracker compatible	0	66908	fe3eb7a1	4dc8ac06	No_Limits_and_Illusion1.mod
6c2a0c62e5824402770ac53fbee92b48	1	63718	player	uade	Protracker	0	28496	616c7c76	8d13e027	Aspect6.mod
6c98521dab76646fdf365c50c13e5b6c	1	165878	player	uade	Protracker	0	93602	1d5ba291	f46b26c8	Faith11.mod
6cc1794f6315cd8fde449e298a3a792f	1	241091	player	uade	Protracker	0	139452	edb5e729	f28c2694	GREG - Odyssey Part5.mod
6cdcb7f21f14180f1646f33d76b03844	1	16115	player	uade	Protracker	0	17426	89ed6745	7941052e	Anthrox22.mod
6ced255d5193aea14d41493a7eb6f645	1	76920	player	uade	Soundtracker II (15 instr.)	0	24348	3b8dbd6a	b31c80a7	Trilogy3.mod
6cef85d93db02cfd85165015d75f87ef	1	92272	player	uade	Protracker	0	170586	717d810e	766b4e7f	Kings_Of_Crime1.mod
6cfc6cf7fb371e03fa4a29423df0448d	1	30824	player	uade	Protracker	0	5316	4bac54c9	53eb4959	Submission1.mod
6d36fde17277ea89b5237f3d0b377d6a	0	90263	player	uade	DeltaMusic 2.0	0	20754	fdf53cdd	d45728ef	Punishers3.dm2
6d3fec61e0cd3e15ab48692ca7a18a60	1	143292	player	uade	Protracker compatible	0	40872	56649c45	3fe1b199	Tribe_and_Unique1.mod
6d87dfec61bed6c6f7385f2895818ced	1	66512	player	uade	Protracker	0	12282	653200d5	4e462d69	Wanted_Team1.mod
6dadefdea92e36e1dd5c2f9300bcddc0	1	99968	player	uade	Noisetracker 1.x	0	54560	44676125	8250c39d	ACS_Team4.mod
6db2f3f8e67c02cff7aaaa26f3511749	1	61568	player	uade	AudioSculpture	0	18060	f5957834	06cc95f0	Supplex12.mod
6dca0eb436cc38e26512a8182cc8c07e	0	188062	player	uade	SoundMon 2.0	0	7840	ec77d528	cee95928	Hoodlum15.bp
6dcf584f8728d08d5fe5cdb2930bc9d5	1	69224	player	uade	Soundtracker II (15 instr.)	0	39492	e127a515	4b789d13	Amigalovers1.mod
6df2cf033cc2f6d7b07a9797a377e938	0	95065	player	uade	Ultimate-Soundtracker or compatible	0	33196	f4a12fc6	ab174265	Trilogy_and_7up_Crew1.mod
6df2e21e4ba4f11ad9c72fe8c2c2817f	1	176769	player	uade	Soundtracker II (15 instr.)	0	78278	cc20bd90	fab458f6	Oracle8.mod
6e0688b34c466e51ad6b2f70563eca11	1	71816	player	uade	Protracker	0	18030	0f80ddc5	9f7a2648	Delight1.mod
6e2a2d33c2de08bf51e84089edcc7a4d	0	52761	loop	uade	SUNtronic	0	4186	4f65508d	89580921	Vision_Factory1.sun
6e606c6fa5e2166f7be82b576880ee28	1	41072	player	uade	Protracker compatible	0	22214	bdfc439b	88c97c47	Classic5.mod
6e657174cc4fe50ba3fb7db0efd2314a	1	89720	player	uade	Protracker	0	39654	644b4bf3	a375aa2b	Ackerlight6.mod
6e67577d681e7318f559ff88e0667d4e	1	315017	player	uade	Protracker compatible	0	73444	7bb835e9	d91b3c59	Pulsar3.mod
6e95ba109d79e56cba1dbd594364e261	1	179863	player	uade	Protracker (vblank)	0	111874	20a1ce17	fe9ddc14	Classic18.mod
6ec1770e3cf8698ff4027a450a4f591b	1	30824	player	uade	Protracker	0	12326	80e0767a	6e55cfb8	Voodoo_Design1.mod
6ed74a6d38761ceb3c0ce2bf370102ae	1	199579	player+volume	uade	Soundtracker II (15 instr.)	0	119792	b7cd2e88	310a5c20	Dominators1.mod
6ee83bfb0a991014d2f5837dbdbfc973	1	169093	player	uade	Protracker	0	87240	aa7869af	19825b0a	OKS1.mod
6f048c1df21161d4a9ca0cce20360a62	1	163969	player	uade	Protracker compatible	0	43894	94c82871	4730cece	Two_Live_Crew9.mod
6f32c59ef20c2011043d6a8765c97371	1	201465	player	uade	Protracker compatible	0	158318	58df995c	5e96cb9a	Cascade20.mod
6fc241e10e325df940031548f887ae4f	1	46216	player	uade	Protracker compatible	0	51647	ab10efac	cdec3dad	Public_Enemy_Number_1_1.mod
6fe941cefe9f9fc96a3fdabb2437c2f4	1	11654	player	uade	Protracker	0	14696	cc080279	46f5ecfa	Crimewatch3.mod
702fa8da6e0e279fc9d81e7bed3a1f0f	1	153721	player	uade	Soundtracker II (31 instr.)	0	97552	66f44155	8921647a	Spreadpoint1.mod
703083ce681ae45adf0cf02806e557a1	1	107645	player	uade	Protracker compatible	0	8466	335bcf1c	4d7079a2	Crystal13.mod
70c507363dfd1f272a80d9482595e5a9	1	218505	player	uade	Protracker	0	15768	bf7ac46e	7eb1f84a	Crystal15.mod
715d7dd2279f176d19b0daabf7f9079b	1	67315	player	uade	Protracker	0	27832	10c4d932	fd05c229	Prodigy19.mod
71946bd0697cb084c695d33ed90003f7	1	30824	player	uade	Protracker	0	21292	c0753083	283ef4b3	Supplex40.mod
719a7b283b88bce04cfd475e9facd8db	1	41072	player	uade	Protracker	0	5394	cbba9bb9	a7bba824	Backlash6.mod
719a7f4eb8b95472e74db0934f7b76e1	1	76820	player	uade	Jochen Hippel	0	27400	6d6d6763	770cfd3c	Quartex2.hip
71fee902c005185d888dd9cb849274c5	1	218063	player	uade	Protracker	0	75322	c50415df	de59334a	Two_Live_Crew15.mod
722c5d6a2fa667da68e587c22944f7fd	1	84616	player	uade	Protracker	0	15880	500f0475	ad52bfd3	Access1.mod
7248bab6ae558b42d60acb5e8424169f	1	192141	player	uade	Soundtracker II (31 instr.)	0	75416	93db3bd2	186dfa9c	Chaos1.mod
7252dbc07ca406117ea4c8803555797d	1	107645	player	uade	Protracker	0	23956	934be11e	32f36154	Heavy_Cool_Cracks1.mod
727f62402ba05b0086f64008169dc724	1	96404	player+silence	uade	Protracker	0	21738	1209532e	826e1e88	Spirit3.mod
72b5396a0cbe572d4bd1e0a273d7031e	1	69224	player	uade	Protracker	0	25568	8423e7ba	63808889	Dreamdealers1.mod
72bff09b650956685619691e95861b7f	1	28272	player	uade	Protracker	0	2798	f2554f60	5c557ec7	2000_AD3.mod
72f4b4e3b4c7c5a706704e56a7bb79eb	1	51320	player	uade	Protracker	0	24926	b39630e4	ae3a4069	Dreamdealers2.mod
7340a67989b9697241fa3b57595c0c9b	1	161397	player	uade	Protracker compatible	0	92130	a2ff4888	72212928	Thrust1.mod
734b6e5dc6069dbf98df2476fe40422c	1	56424	player	uade	Protracker	0	37204	74ea6056	89bc7930	Faith5.mod
7392a668be86e323bc1fc0df98048670	1	61568	player	uade	Protracker	0	7580	7c2da7a7	76af5761	Defjam3.mod
7399ef385d9eff87b7b35b7a2971b68a	1	268841	player	uade	Hippel-COSO	0	57688	baad35b2	7d9e2f51	Endless_Piracy7.hipc
73afc72f8ded1ef73f16c14e1a484636	1	225377	player	uade	Jochen Hippel	0	35108	8c8a466f	dfb19c0e	Alpha_Flight12.hip
73afc72f8ded1ef73f16c14e1a484636	2	134450	player
73afc72f8ded1ef73f16c14e1a484636	3	0	nosound
73b2e5b690bdd32406c4df17a23e5b4d	1	171625	player	uade	Protracker	0	59540	14f31b9d	02953a01	Wanted_Team23.mod
73bad5b59a50b6baffb6fbf441752d53	0	140177	player	uade	DeltaMusic 2.0	0	31764	f8e379ad	8f4ad5f2	Zenith24.dm2
73df701ab332173b3d94defdbbb53e7b	1	30824	player	uade	Protracker	0	9484	360a9594	ee0c7912	Wanted_Team10.mod
73e1f91a4d4eadf13c28d25dcd8c64e2	1	53872	player	uade	Protracker	0	6360	3e7da5f2	20303f93	Mystic5.mod
73e7aa5dbca76e442270ac12cca8a6f6	1	61568	player	uade	Protracker	0	48798	b1e290c0	98028c45	Crash1.mod
740039202053f818840852aaa926e829	1	307321	player	uade	Protracker compatible	0	94534	46835767	534c4a1a	Alpha_Flight4.mod
740664aeaa95c5c01c07aa51edbe31b7	0	31668	player	uade	Ultimate-Soundtracker or compatible	0	41572	08b96d3b	42b6eced	Random_Access3.mod
7413037d74c1715cb3bcea47033f9c00	1	194842	player+volume	uade	Protracker	0	57534	f717c640	114fb594	Diamonds_and_Rust3.mod
74180abf2aa24fb30377d3ec94421b15	0	138268	player	uade	David Whittaker	0	63162	04cac3f4	c15fafb9	Personal_Crackings1.dw
74342ed36429de9595df6940a4be40f0	1	153721	player	uade	Protracker compatible	0	46968	651d01e1	4fdee70a	Anthrox16.mod
74429ac923644bb5de0ccd2a7d644816	1	115321	player	uade	Protracker	0	16782	ae09b9dc	6fe061d1	Skid_Row13.mod
74dfb0f3999d79d8637288813a35c55d	1	30824	player	uade	Protracker	0	9394	709474a2	1df63be4	Paradox21.mod
75735721337c0e3a3f89c0160ffe8568	1	156278	player+silence	uade	Protracker	0	111262	c9ab3b67	8f1cd7ae	Outlaws4.mod
758e4488e19c1d2647b6d25bcb67f791	1	73725	player	uade	Protracker	0	151160	5735cea4	cd237399	Defect1.mod
75a42042a526d173a8c6036e0a743073	0	170962	player	uade	FutureComposer 1.3	0	8334	80f512d4	69714e11	Zenith25.fc3
75a4a7b8d03b0c453d163eda12bffddd	1	92272	player	uade	Protracker	0	56568	749cbd83	d8ff4d0a	Accession4.mod
75b3c5c374a2cb4f4904321baa4c6c70	0	307763	player	uade	DeltaMusic 2.0	0	20170	0b640b2c	63cb3431	Fairlight3.dm2
75c7b31253d83f31c76f91a6a71ca988	1	220430	player+silence	uade	Protracker	0	355262	1af03dd5	42dbcd83	SCAVY & MINDFUCK - Dancing Samba.mod
76073c64cb5f3ada36432c86e0a80494	1	169093	player	uade	Protracker compatible	0	54544	47b6a383	7a045cec	World_of_Wonders7.mod
760b7fea3ea1751e18a499f6ea834408	1	46216	player	uade	Protracker compatible	0	9850	260e948d	d4495939	Supplex32.mod
762112979c4935e45eeee681c6caff9a	1	169093	player	uade	Soundtracker II (15 instr.)	0	55922	d79ead95	5797304d	World_of_Wonders8.mod
7636ab578ac47dd6fe5d21c874a26a39	1	35968	player	uade	Protracker	0	20766	fc618d07	c371d5be	Ram_Jam_and_X-Trade_and_Delight1.mod
763af1facd3b5d98303a0ee0a9ae61ff	1	38520	player	uade	Protracker	0	9382	061036a6	d4651b4d	Prestige6.mod
76544c71d02c41e4bfcff8fa28229f64	1	118194	player	uade	Protracker compatible	0	21896	9a05eb69	d24c052c	Anthrox8.mod
7662dca87b4993a81b1924435cb325aa	0	145944	player	uade	Beathoven Synthesizer	0	28352	c32b942a	002e41ce	High_Quality_Crackings_and_Master_Control_Program1.bss
767c3659ee5295a963909566a491f6f8	1	329925	player+silence	uade	Protracker	0	528310	6e46bca1	0aec0b1a	PIRAT - Psychotic Angel.mod
76835dec8d5a458e4e637133870da9e1	1	287327	player	uade	Protracker	0	86542	4ebb7bc4	64cbc018	Ram_Jam1.mod
76926d38d050effde308db976888e3e0	1	62834	player	uade	Protracker	0	8832	91708142	96b73666	Cherry3.mod
769897a5ce44317760ed2704f86ba729	1	355146	player	uade	Protracker	0	101568	4a44f64b	20ec5e54	Two_Live_Crew5.mod
76af96585fe858122977d78cd5b01b10	1	70209	player	uade	Protracker	0	10968	f3615f3b	38c640c9	Shining_8_1.mod
76de7f6b03ba093712b068543b449a4d	0	339894	player	uade	FutureComposer 1.3	0	28054	15a8a96b	3fdf96e2	Mayhem_and_Fraxion1.fc3
76eebb2a74712f24714fee38421d020f	1	76920	player	uade	Startrekker (4ch)	0	40150	2d684333	60033b48	Tectron1.mod
772887b4316c08b0634d7002d454b38a	1	66029	player	uade	Protracker compatible	0	68960	efc44e20	8036ca1b	Fairlight14.mod
775ef0c35f1548dc595a35ac4920e7e8	1	18044	player	uade	Protracker	0	4144	a28e4938	327d9eae	Hellfire2.mod
776781a3a27e0a86d570912d12f62478	1	38520	player	uade	Soundtracker II (15 instr.)	0	26844	89fc9e06	afde1b13	Scoopex6.mod
77705dd2c5a2dcd953872e584c0913a4	1	251120	player+silence	uade	Protracker compatible	0	160558	4a28b57e	66337a7c	Cascade22.mod
7797aee79479371d868fd28bb147aa9b	1	128121	player	uade	Protracker compatible	0	97494	44b36341	75557049	Animate2.mod
7817ddcab698e453340e963417397cd7	0	245893	player	uade	FutureComposer 1.3	0	4644	734bf254	7f9ba1fe	Infect2.fc3
7863508818da35b7d8f970b77f26acc1	1	107645	player	uade	Protracker compatible	0	137844	87126848	72a7fafb	Fairlight18.mod
78681a7b9c1faae4a66828126153cc95	1	92272	player	uade	Protracker	0	24608	7b9ab0e1	93c36e7a	Complex3.mod
78ab0bf7f9e46c533e1bc3ed391845ed	1	109453	player	uade	Protracker compatible	0	13596	fa71fffb	276a3e7e	Dytec5.mod
78f063764b362c285c7e14a8f1cfd620	1	161019	player	ft2play	FastTracker v2.00	8	175880	32e15fd2	45a2b132	lotuscr1.xm
78fa121de986796998cc994439bacef7	1	30824	player	uade	Protracker	0	5700	ebd67f17	b1b2b1d2	Punishers5.mod
7917de1b19ebee0d3eba1d3691eb53e1	1	58574	player	uade	Protracker	0	42272	f2dc89cb	065ee45c	Legend5.mod
7932ca4e2f8527f9cf37b89a67bbbfd9	1	51320	player	uade	Protracker	0	17218	643d4e72	23a516a3	Corrupt2.mod
793da9bb639ce87cb91c8d84bc37d60d	1	130693	player	uade	Protracker compatible	0	18282	6dce1379	2be5ea55	Sepultura1.mod
7966e988b4d6f1f3a51fdf1ee05efee3	1	200225	player+silence	uade	Protracker	0	216890	7e03fec8	f54b7580	ROMEO KNIGHT - Boesendorfer P S S.mod
79a04b7000f1fb4500a592bdbb7fb810	1	153721	player	uade	Soundtracker II (15 instr.)	0	51344	646cefa4	78b5d3df	Triad1.mod
79fd9e234ff41cef7183f5c7936c9825	1	286845	player	uade	Protracker	0	145320	2affca27	fc5724dd	GREG - Odyssey Part4.mod
7a23382e2dc03db40064f55bb8f67251	1	262531	player	uade	Protracker compatible	0	179650	8a4075ab	68b2a526	TIM WRIGHT - Agony (Intro).mod
7a2d1e12648da30d94bca53d718f48de	1	492932	player	uade	Soundtracker II (15 instr.)	0	73668	b196be6a	953f26eb	Thorax4.mod
7a595eb3691987494e7086af8027159b	1	51320	player	uade	Protracker compatible	0	22214	91a8147b	92b96acc	suplex_music.mod
7aad4d364d77a5a515b5bb16c447cc6c	1	172931	player	uade	Protracker	0	282912	0672fab3	125f313b	ECHO - Cybernet.mod
7ad8258d080e873bfe393f701a9ca934	1	11654	player	uade	Protracker	0	15582	be5a228c	893ae7b9	Hellfire22.mod
7ae8da21fb24ede4a2bfb620c7458a0a	1	146045	player	uade	Protracker	0	87134	ef7a93af	70ca30f0	Tarkus_Team10.mod
7af581b7748a9571300af15fad1bb50c	1	82044	player	uade	Protracker	0	19912	11ac783f	5a43b82a	Complex2.mod
7afaa969434338ad91b71fa0c62127b3	0	61448	player	uade	Mugician	0	4180	24f5bf89	37eb97f4	Betrayal_and_Punishers1.dmu
7b4c40fd083b597062622212c08e368d	1	370233	player+silence	uade	Startrekker (4ch)	0	129732	c2efd1d9	6508f1d7	Faith10.mod
7b8008052690b73ea8250edfa8af5cc3	1	76920	player	uade	Protracker	0	93464	4beb5e63	fc26b739	Legend29.mod
7b8008052690b73ea8250edfa8af5cc3	2	138369	player
7b8008052690b73ea8250edfa8af5cc3	3	84335	player
7ba0f01d78b0afc0648154e92f86984d	1	115321	player	uade	Protracker compatible	0	64684	47825f1e	8ab9137b	lotus2rmx.mod
7ba59a1af7c4550f63a2967281454979	1	109574	player	uade	Protracker compatible	0	93468	310d992f	61332e11	Latex1.mod
7bd1ce1953a1c32484118f6fef30a777	1	158845	player	uade	Protracker	0	69346	69eec29d	4098a7c4	Two_Live_Crew10.mod
7bf30f695337ce78f0ef4b9e6be197c2	0	187521	player+silence	uade	Soundtracker II - V or compatible	0	101444	42422a85	20ce6f71	Silents_and_North_Star1.mod
7c19d43c1a81294b0567b6cac7f96e9a	1	96130	player	uade	Protracker	0	68326	129bdecb	c996f271	TRSI21.mod
7c20806ceebfbe958ee109025d6bbd35	1	84134	player	uade	Protracker	0	20184	714d0288	69f8e8fa	Desire4.mod
7c39aa8371f58d5a9eadaa9567c12ce7	1	147883	player+silence	uade	Protracker	0	1414404	ed1ec66c	7e3f90fe	VINNIE - The Groovy Element.mod
7c773a80959ccc03526b9df1a0ce42ff	1	51320	player	uade	Protracker	0	18896	731e2ab9	f4a64052	Sunflex2.mod
7c875ba02bfaf577cbded353ab1c6f7e	1	208056	player	uade	Protracker	0	68882	ba067392	9a3f5cc6	Legend27.mod
7cb8859c8d9248862400001962a13af9	1	89278	player	uade	Protracker compatible	0	102626	bce3f091	7f63802a	Supplex31.mod
7d2d34a7d297268bed480a881351eb69	1	76920	player	uade	Noisetracker 1.x	0	32224	2698152f	5a5b9434	Skid_Row36.mod
7d4452c85c366f0d4c8157d5e9a7cb93	0	157947	player+volume	uade	FutureComposer 1.3	0	9262	e8f15efd	8f0bd76d	Awesome1.fc3
7d494962d70e89b9253eb1c92fd7fc03	1	115321	player	uade	Protracker	0	11984	afe876bc	d7d05920	paradise way.mod
7d66d3aceee373f256fdc292cee0a995	1	48125	player	uade	Protracker	0	12160	7b381a38	d1837daf	Dual_Crew4.mod
7d70b2045435ea1e82d8539853bd6e40	0	163105	player	uade	SoundMon 2.0	0	8628	6d210cbf	b9761ba1	Skid_Row28.bp
7d7a1be8c9f85696fa0d27f6596c7441	1	30824	player	uade	Protracker	0	12888	c9c29db6	3fca41ac	Supplex8.mod
7dc4079f6eaf7e369c2a9753ab18d8ad	1	138369	player	uade	Protracker	0	72062	e0669130	3f1c9263	Optical2.mod
7dcb5fa705adda10d313fa7d1eb0d4ae	1	194953	player+volume	uade	Soundtracker II (15 instr.)	0	99332	a2528fc6	9bdaaad0	Crash3.mod
7e05ca2a24ad7f3c703545dbaad4d954	1	280649	player+silence	uade	Protracker	0	343040	a1b46569	0af59923	VESURI - BrainChoir.mod
7e5f9d070b9bdc8e97bc6c4cd559e42f	1	184445	player	uade	Protracker	0	122986	a38231ca	2e25006f	GREG - Odyssey Part2.mod
7e8d40c63d0cbefb50a1a1ba82461df8	1	92272	player	uade	Protracker	0	65680	660274a7	6187cfe8	Ackerlight2.mod
7eb239c33fb57d504d63650ebdc2314b	1	146045	player	uade	Soundtracker II (15 instr.)	0	43168	e60ac659	ade2d744	Ackerlight8.mod
7ecf75450086ac94e3fbfae26a661ff6	1	76920	player	uade	AudioSculpture	0	12950	a11e0dd5	dcc91ccf	Supplex30.mod
7ed0f4b3acef564367872eb26c7b0b9f	0	254272	player	uade	DeltaMusic 2.0	0	34670	1dd69ad6	857790be	Crest1.dm2
7f514f6013ab5d41af9b4fb6f53ef3a8	1	384122	player	uade	Soundtracker II (15 instr.)	0	116528	bbd8f130	cea83ec9	Climax1.mod
80261cbd0664e7d236b68fddcf534f7d	1	107645	player	uade	Protracker	0	32976	7ddbb328	338841cb	Avantgarde1.mod
802f6f73762bbedb5395f721e625d572	1	76920	player	uade	Protracker	0	74272	da674ca2	ed3a2e26	Adalats1.mod
8043eee7d936c2076b3802efcbdd1bc6	1	74368	player	uade	Protracker compatible	0	34392	27d3ae5e	d1f05f59	Defjam7.mod
80ded683d7fc4dfbd16cd54d3f5f293c	1	53872	player	uade	Protracker	0	8436	94f5855e	cfc6947c	Cherry2.mod
8127608e17fef0faa8d8d011687d69e0	1	68997	player	ft2play	Fasttracker (M.K.)	4	49246	6054a9a0	72d5bf34	Legend30.mod
813d32b14f2d90a1980a02ace259efe6	1	11654	player	uade	Protracker	0	2836	25fb26a9	855d8ad6	Crystal2.mod
813ec38c6f99050a3b143a462ac8129e	0	180989	player	uade	SoundFX	0	66640	27f62c90	e5126f22	SCSI1.sfx
814933bbb8db0661bc37a9ec455e52ff	1	78206	player	uade	Protracker	0	17892	79a66df2	18e4edce	Desire1.mod
81555fb5cf3293c51ed2323185b95f80	1	107645	player	uade	Protracker	0	30040	8e172eb3	75504ec9	Prehistorik - Wrestling Match.mod
8196a82e6c1b29e7769415dc48a98ed1	1	57730	player	uade	Protracker	0	17594	7f86e4b6	2a52ce5a	Nemesis1.mod
81cc11f305ddd5b899002de9143abed3	1	15472	player	uade	Protracker	0	5280	8834593f	e6173774	Anthrox20.mod
81f6344bc7ec84a87f346bddedb142b3	1	44910	player	uade	Protracker	0	5452	203be9bc	f4de4204	Sunflex4.mod
8218660014d909102cde6d91ecab5995	1	57730	player	uade	Protracker	0	31280	a4bf37cc	e53d7f08	Agile7.mod
8293aca24f01d76c9c9974e9542e08c9	1	264213	player+silence	uade	Soundtracker II (15 instr.)	0	112192	ddba383d	0ce21ba8	World_of_Wonders1.mod
8297760ec8f6abdc2e9da41e2deb6f59	1	169093	player	uade	Protracker compatible	0	53918	6108ff5d	4473e53c	Mygon1.mod
82b6706213d6f8f8e16ff452cd1efad9	1	44910	player	uade	Noisetracker 1.x	0	51320	c0f19d5e	0a98cd6d	Endless_Piracy5.mod
82c113756100563a3989570c0cc5fd8f	1	92272	player	uade	Protracker	0	17554	52131fd5	35ec6e53	D-Age1.mod
83337c48fe2d986f7154f89aecb1cfca	1	57730	player	uade	Protracker	0	10284	a19632fa	468206ab	Wanted_Team9.mod
8340fc870e574d4a56285ad6cec6505f	1	166521	player	uade	Protracker compatible	0	100624	0f4558c0	7d5fda74	Enigma1.mod
8364041d99cdda5d45dc1ae7d0d1b1fa	1	115321	player	uade	Protracker	0	22838	581ca60f	6a3fa271	Crystal11.mod
8367a52db656c5ea3d186a960bc7abdc	1	88434	player	uade	Protracker	0	150750	b2101e09	ef48bd15	TRSI20.mod
83844bdf26ef2d894a412f79497e4a10	1	131336	player	uade	Protracker	0	25658	70ddac32	6d1d3d91	Prodigy13.mod
839f9012be6f0444a7d3ac4fbb6b57be	1	51320	player	uade	Protracker compatible	0	20900	b0453c29	5f8e9e65	Crystal5.mod
83de61bce0213015b275ff33b0aaeb42	1	46216	player	uade	Protracker compatible	0	44390	9b05df12	03ccda58	Invisible_Crime2.mod
845d89cfe578bd917f4e3dad3bf76ad7	1	69224	player	uade	Protracker	0	26438	ef4a7724	b48f3c16	Doughnut_Cracking_Service1.mod
8489d9f1e579febb33e465ef224ec2a7	1	62533	player	uade	Protracker	0	14814	310d31e6	f72300e5	Virtual_Dreams_and_Fairlight1.mod
84ae95aff5e4118df25aa95fe59271f7	1	83330	player	uade	Protracker	0	15202	5ec6304f	4ac271a3	Hoodlum20.mod
84c43b44bdfe4258e42ec925d1fc1bf5	0	63417	loop	uade	DeltaMusic	0	4246	7ea67501	c12b30fb	Vision7.dm1
84c718b94ab7fbdb376edacb2abc605d	1	226439	player+volume	uade	Soundtracker II (15 instr.)	0	117632	8dae1ab1	4c8626fd	Black_Division1.mod
8524888d57d5d3a8795ef9a37e9d055c	1	44267	player	uade	Protracker	0	36686	c9c45b86	1000da21	D-Age3.mod
8527feebfeb120abde3eb85925f64531	1	222845	player	uade	Protracker	0	90616	2e6f1807	9e213304	Pulsar4.mod
856767b7ea7f2c641da622928a8eed00	1	82044	player	uade	Protracker	0	89938	c3ea5aad	e9073b17	Lightforce4.mod
85750e6682a9e760e2fc6564795275c5	1	184445	player	uade	Soundtracker II (15 instr.)	0	163712	b2e55067	364ecfff	ACS_Team3.mod
857f02c3b2c35906139b3b78add49c2c	1	86525	player	uade	Protracker	0	12624	68565c14	12e0ac7e	Prodigy3.mod
862b2d71750ce9ec2c45acde7ee51cbe	0	182255	player	uade	Ultimate-Soundtracker or compatible	0	59068	7f909b54	158fb0f9	Quartex3.mod
8644300d3bd60a12944e2dcd88abbe88	0	91128	player+silence	uade	Ultimate-Soundtracker or compatible	0	66044	dc0daa00	96717302	Rebels2.mod
865b5f155b352cafd3d386288b3ba0da	0	215068	player	uade	Sonic Arranger	0	22808	dd955622	1e43cfad	SOC1.sa
8671c42c2b7fc374978bb45dbd503ad6	1	226582	player	uade	Jochen Hippel	0	84998	cd2e1e90	72032697	Defjam_and_CCS1.hip
8671c42c2b7fc374978bb45dbd503ad6	2	238117	player
86813125e09a6341998e77a39a600f6b	1	72083	player+volume	uade	Protracker	0	13664	e63e57c1	ab6adde1	Zenith3.mod
86a3f290c53fed2e99fb1d86141e0590	0	155851	player	uade	DeltaMusic 2.0	0	37760	503483b0	150d84da	Angels3.dm2
86afa0bdd5557a3b804d31d33514e305	0	122506	player+silence	uade	FutureComposer 1.3	0	24706	157d759c	9054cb94	Valhalla1.fc3
86d303526ba29e19039e42b8914177bf	1	20596	player	uade	Protracker	0	5520	37fee1a1	9445cb2b	Prodigy6.mod
86f2046f82b0fe8aa6adb899bfa7ace5	1	33738	player	uade	Protracker	0	5224	f154a7e4	60b90113	LSD1.mod
870d21e02ea71f19ef0efb4e5e7313db	1	61568	player	uade	Startrekker (4ch)	0	10960	df3b6f93	7aef2f7d	Supplex23.mod
873eb228c5dc7a16df2813837a922589	1	126875	player	uade	Protracker	0	27986	a342932b	fd0612f8	Prestige3.mod
875155d6f15290e981b85baec2aee1e0	1	246596	player	uade	Protracker compatible	0	60440	8f929607	35a42a61	Subsoftware1.mod
87856149df7134ef7305021f4f961dc9	1	115321	player	uade	Protracker	0	6794	e571151a	470e88d3	Desire2.mod
87866f915b223287423e38ee954ceab5	1	84616	player	uade	Noisetracker 1.x	0	53576	6c700a08	5f7768d7	Company5.mod
87df294a930b7db3d818308c3dd5cf1c	1	115321	player	uade	Protracker	0	29990	0eceb55a	bf4c1c5f	Legend9.mod
880b91071a3081db8c3652c37935c044	1	69224	player	uade	Protracker	0	12978	d8ccd62c	11f50d73	Access9.mod
8817f632c4da8668ffc15cdc17ee3280	0	159809	player	uade	Ultimate-Soundtracker or compatible	0	86844	53ff28d4	af98a2e9	Fairlight_and_North_Star1.mod
885e449e7c9e947b155516e1e97e5015	1	72118	player	uade	Protracker compatible	0	9828	b14393ee	8e7b69fc	Empire1.mod
88946cfa819747404ce74df1a75543b0	0	168852	player	uade	SoundMon 2.0	0	59370	394b51c7	97994619	Skid_Row14.bp
88b28d3cdc30c00bb877a99d0952d6ba	0	143995	player	uade	Mark_II	0	56692	f00e6472	93a684e7	Cascade16.mk2
88ed3b89ca693185b9ed467e905684f5	1	76920	player	uade	Protracker	0	10452	94a11a95	86106716	Fairlight19.mod
8907ca3baed48c1b7a315df4e9fda8ab	1	122997	player	uade	Protracker	0	19578	ba1392f1	20805fa7	Prestige1.mod
8928805efe3d3d0d4003fcddff338ab7	1	61568	player	uade	Protracker	0	9684	2d2e1180	34c6460f	Hellfire6.mod
89467b7cde776af809b907d94354a200	1	76920	player	uade	Protracker	0	20834	695e64b6	6a1eff42	Lightforce2.mod
895f354c8da862dbf8a1b1bebbe3d1e5	0	550744	player+silence	uade	Ultimate-Soundtracker or compatible	0	147168	1592636f	4f0f9c2c	Cascade6.mod
89702b5548b67742e23d475db3f5c5eb	0	198511	player	uade	SIDMon 1.0	0	6910	7fb93ccd	772baa3f	D-Tect3.sid1
898fb460431960990026fbabbb25427a	1	260762	player+silence	uade	Noisetracker 1.x	0	58954	dec4aab3	d7b5ae8a	Zenith26.mod
89ae63640bdd100d8560defb38da4aae	1	138369	player	uade	Protracker	0	15746	3b29cbf0	898d0916	Quartz1.mod
89b065566d5aa5aafa7cb4775e797fb7	1	169093	player	uade	Protracker compatible	0	18098	1db2b44c	29e581ea	Classic1.mod
89b44c5e2dbfd304a1871859de848c68	1	130693	player	uade	Protracker compatible	0	120170	b313a23c	389d9b63	Cascade8.mod
89b5017dc600ef01066121493b0a3afb	1	291969	player	uade	Protracker	0	62800	d1402324	dee7c275	Bamiga_Sector_1_and_Quoram1.mod
89c5e605e7aebe6a673ae59bac57f388	1	116586	player	uade	Protracker	0	48092	0deb2cc7	4999897b	Delight16.mod
8a1e56bebd0ed0c8e14c19ee5a709ab7	1	24756	player	uade	Protracker	0	8000	b2da212d	3f709f19	Anthrox2.mod
8aac3b77b3019950ff7532e0ba157b9a	1	303261	player+silence	uade	Protracker	0	516776	9a14f898	8de88220	PHYTON - Love Hardcore.mod
8ab6fd1d63e861329eb18eff8287673e	1	252426	player+silence	uade	Hippel-COSO	0	52040	b97c41ce	d1d65d20	Agile6.hipc
8ab6fd1d63e861329eb18eff8287673e	2	43142	player
8ac0ae4e64f1daf3bbe112d5347c7e2d	1	7796	player	uade	Protracker	0	6000	4429ffd7	fbd30d27	Pulse1.mod
8ad7c30ca42144d0540892d0c0489260	1	161397	player	uade	Protracker compatible	0	41148	a499af79	b3a45a9b	World_of_Wonders3.mod
8aeddd1604caa64d97fbc1c272754b11	1	338089	player+volume	uade	Protracker	0	54912	3555e1cd	1a543a86	Zenith18.mod
8b0ed37f30eb574ff9173fe114121934	1	230541	player	uade	Soundtracker II (15 instr.)	0	67152	11201208	f78666a0	Ackerlight9.mod
8b112331e5fdf4982ce6a9719f687f0c	1	184083	player	uade	Protracker	0	128128	49fc8b12	8a8d8077	addiktion of kteth.mod
8b407323127f29153fdba2002543e100	0	86666	player	uade	EarAche	0	22126	c72f5d2e	f53d3f96	Syndicate2.ea
8b626552bfadf7fea8d8c7276cf58413	0	53832	player	uade	AHX v2	0	1538	9cdc03bc	7992cb03	Wanted_Team19.ahx
8b70da648ef25afb81a47b3e70bb80ad	1	216435	player	uade	Soundtracker II (15 instr.)	0	59580	204c3aa3	b015491a	Accumulators2.mod
8ba514710890e77f1a4acd8bbac97e55	0	61528	player	uade	AHX v2	0	1644	80d8372b	edb6e57e	Wanted_Team5.ahx
8ba7caebf38b41e1f01ffa377ccf4dd3	1	144236	player	uade	Protracker compatible	0	92518	28cd1a71	ba0dc44b	TRSI32.mod
8c2b08c5b01c29e7f06e32fc71d6947d	0	60503	player	uade	Music-Assembler	0	2864	04f3f5f5	15351419	GOD1.ma
8c2b08c5b01c29e7f06e32fc71d6947d	1	0	nosound
8c2b08c5b01c29e7f06e32fc71d6947d	2	0	nosound
8c2b08c5b01c29e7f06e32fc71d6947d	3	0	nosound
8c2b08c5b01c29e7f06e32fc71d6947d	4	0	nosound
8c2b08c5b01c29e7f06e32fc71d6947d	5	0	nosound
8c2b08c5b01c29e7f06e32fc71d6947d	6	0	nosound
8c2b08c5b01c29e7f06e32fc71d6947d	7	0	nosound
8c2b08c5b01c29e7f06e32fc71d6947d	8	0	nosound
8c2b08c5b01c29e7f06e32fc71d6947d	9	0	nosound
8c487f98b0bb21f2851d9a95a6086f22	1	30824	player	uade	Protracker	0	9764	60ba5226	63395fa1	Fairlight5.mod
8c6b29064a3df38df42e8c979602cb1e	1	115321	player	uade	Soundtracker II (15 instr.)	0	30288	99929b15	718dfc97	New_Masters1.mod
8c7710446fd922ef4c0b67842b81e541	0	53651	player	uade	JamCracker	0	14388	5a0e9677	4cd36385	Energy2.jam
8cbf5d18b3b6a64611dff14f49e0332f	1	236996	player+silence	uade	Noisetracker 1.x	0	114044	3ef29f56	4f39d0ab	Trilogy8.mod
8cd00ef014abe0a77e46d637f7f767b1	0	213963	player	uade	Ultimate-Soundtracker or compatible	0	73240	6b2c83c4	2ff2ee80	Sunriders_and_The_New_Two1.mod
8cd9de4cf5b1980707b2a48ca5e90e80	1	99968	player	uade	Protracker	0	15338	ff2e188a	70e33dd7	Comax3.mod
8cdeb34f893da5263f56044aacd67ec2	1	96130	player	uade	Protracker	0	75214	c7f27824	c688e994	Skid_Row33.mod
8d24b1d9c785edfd4bdaaef7ab51fd52	1	166159	player	uade	Protracker	0	223986	aa0c80c7	b33b78c6	MAD FREAK - 3d Demo II Theme.mod
8d295248d3b3e2580615eb332aa921b3	1	34682	player	uade	Protracker compatible	0	7862	6a937191	db4cd559	Corrupt3.mod
8d8c7e5eee6f114e572429d3054fdd50	1	76920	player	uade	Protracker	0	43738	311813b0	548383d7	Hoodlum3.mod
8d9597c43119b32e84a60fe5046b2b94	1	211331	player	uade	Protracker compatible	0	123566	9cba77dd	0744113b	Tarkus_Team8.mod
8dbec30dd3fe6aab7d889e8b8551cfe6	1	122997	player	uade	Protracker compatible	0	67440	38ba92b4	cfaede14	Goonies2.mod
8dc70bae31b4ff65c1a04a91560d3e74	1	30824	player	uade	Startrekker (4ch)	0	5308	5c3e572d	d550cd4e	Vision_Factory2.mod
8de9b5f4e1b18c690b78f9df2a323f8c	0	348032	player	uade	Music-Assembler	0	11438	46204cf7	2c406aa5	Paradox14.ma
8de9b5f4e1b18c690b78f9df2a323f8c	1	0	nosound
8de9b5f4e1b18c690b78f9df2a323f8c	2	0	nosound
8de9b5f4e1b18c690b78f9df2a323f8c	3	0	nosound
8de9b5f4e1b18c690b78f9df2a323f8c	4	0	nosound
8de9b5f4e1b18c690b78f9df2a323f8c	5	0	nosound
8de9b5f4e1b18c690b78f9df2a323f8c	6	0	nosound
8de9b5f4e1b18c690b78f9df2a323f8c	7	0	nosound
8de9b5f4e1b18c690b78f9df2a323f8c	8	0	nosound
8de9b5f4e1b18c690b78f9df2a323f8c	9	0	nosound
8dfa07a32eec82a2ff51e43eb472f84e	1	30824	player	uade	Protracker	0	7470	f02b9237	65d9c575	Tarkus_Team2.mod
8e3b4229f256460bfd7f35d7fc59d95b	0	97959	player	uade	DeltaMusic 2.0	0	23698	54282e04	ef768d23	Warfalcons2.dm2
8e972560c48c6f7e7f52b2c8e854eb87	1	61568	player	uade	Soundtracker II (15 instr.)	0	42792	a88c7093	7d053611	Black_Monks11.mod
8ec963d1997b9dac77a2600bf45c2746	0	111708	loop	uade	UADE	0	9080	a07888cd	c9f480b0	Classic17.cus
8ed5cc178804b5c9d8cccbb3709d2363	1	92272	player	uade	Protracker compatible	0	27694	3653ec03	9129cc24	Vogue1.mod
8f1306e0611f224d379e598c76e7a6ae	1	138369	player	uade	Protracker	0	25460	6062c23e	4e3a18e2	Anthrox27.mod
8f4dede94f1dfeeff519ab88766c7e09	1	363683	player+silence	uade	Protracker	0	92480	d0c9bed9	6e1c41de	Zenith19.mod
8f5152bd134c000724f4d4a84841f0d9	1	353418	player	uade	Noisetracker 1.x	0	81818	70b0aae1	c8a1e70f	Aces1.mod
8f7093e7ac6613b5bd30181adb6cac9c	1	23168	player	uade	Protracker	0	8700	6835d5d7	dfbabff6	Zenith35.mod
8f78ceb2199a69b6468be37d1755f1a6	1	130693	player	uade	Protracker	0	17000	00762886	9bf549cc	Aspect4.mod
8fb2ad93b0f4b696d42c159e9764223a	1	46216	player	uade	Noisetracker 1.x	0	34856	1b153585	ef0dd6e9	Sector_4_1.mod
8fc7e875b1e933e919b8d1a689eb6e4e	1	25720	player	uade	Protracker	0	4724	cee620d3	fd7d9969	Mystic3.mod
8fd922ce5fb124ccc46136f368c81051	1	109574	player	uade	Protracker	0	16624	f2414a56	f3504fd5	Motion1.mod
8fe56a089b72c42f99dc0d39adc39b7c	0	251359	player	uade	SIDMon 2.0	0	6826	4cebcb9a	b01c25d2	Skid_Row21.sid2
8ff0c295299263b1cd6874808edb2be9	1	130693	player	uade	Protracker compatible	0	30076	d7237b7e	76809aa8	Divinity1.mod
902aedf1700acce8bb4540d5baf944fe	1	183938	player+silence	uade	Protracker	0	16922	21133bd0	49309928	Zenith16.mod
902c048a907ee1c7315923eca4c31a36	1	61568	player	uade	Protracker	0	50288	fb55fd5f	eb0e1882	Bronx4.mod
9080e1dfeaa6e5f261a57665ac5c310e	1	46216	player	uade	Protracker	0	6840	21833145	5503ee77	TRSI_and_Zenith1.mod
908d5e80ee856c0390699e580afa3a97	1	80758	player	uade	Protracker compatible	0	38300	1611efde	839def6f	Back to the Future 3 - Ingame 2.mod
909b7d3bb6cb5afd07febaa253b91a80	1	7796	player	uade	Protracker	0	3406	188e1d74	8741ee07	Jism2.mod
90a2826ab003c728ed1a4e199fa9293a	1	61568	player	uade	Protracker	0	78718	b1ce4428	6e689dcc	Aspect3.mod
91310a5aa7f82397bb0d3181302704c0	1	195396	player	uade	Protracker compatible	0	47272	591ecedb	318326ce	Accumulators1.mod
9136038c974a8d5528ef4ff799420e9d	0	128944	player	uade	SIDMon 1.0	0	17398	c2aa52ed	f2e6dbac	Animators2.sid1
914a1bd61e9f2461eb5e933b0021db59	1	268861	player	uade	Protracker	0	252580	9e8b45f9	4f7a1737	MC HILL - Allusion of Rave.mod
918a10c9a58eab5b6520a27d35b63ad7	1	248808	player+silence	uade	Hippel-COSO	0	30174	42a29349	76907d72	Skid_Row38.hipc
918a10c9a58eab5b6520a27d35b63ad7	2	107544	player
918a10c9a58eab5b6520a27d35b63ad7	3	256041	player
918a10c9a58eab5b6520a27d35b63ad7	4	0	error
918fc998aee4c616e9d3e38ffa1fab44	1	243482	player	uade	Protracker compatible	0	67248	205c0957	ada4b1dd	Spider1.mod
91bc9756181563a2cc810d10bf371ad9	1	10368	player	uade	Protracker	0	5482	62839193	5fd6bfc2	Wanted_Team29.mod
91fa91ec45551e4f16f6876fcc9d904a	1	44910	player	uade	Protracker	0	36952	fb1ef7a1	7efa333d	Zenith30.mod
920a0020be40adbf915e3358ac7e879a	1	78005	player	uade	Protracker	0	17044	6f403adf	ff3e69af	Anthrox24.mod
925b1369c6bb04244d959b4f1408d610	1	162261	player	uade	Protracker	0	11234	1cf1a5ee	a9da56b4	Pulse2.mod
9270b5b368accd1b68377e42f9a39231	1	100913	player	uade	Protracker	0	75770	e229c23f	1291fc21	Wanted_Team6.mod
9292ef1cb23aaeb54b28ed1e32283e59	0	159387	player	uade	DeltaMusic 2.0	0	24570	db2d3d04	9a3e4083	Sensics1.dm2
92b976a460767ead765ddd3c9756c49f	1	122997	player	uade	Protracker	0	30190	46f39a88	a0f439ab	Paradise4.mod
92bbea970034ecea184444a56220eefa	1	61568	player	uade	Protracker	0	15186	79150daa	fbdf79d4	Classic6.mod
92eedf8485e3c7139c8d1af3c3352ca4	1	424451	player	uade	Protracker	0	138842	34a64896	8604a431	Immortal_Souls1.mod
9309af481e3c9970d46a5ab369b015d5	0	8379	player	uade	David Whittaker	0	84208	45e15b9b	4dd3d220	Syndicate1.dw
9309af481e3c9970d46a5ab369b015d5	1	53290	player
9309af481e3c9970d46a5ab369b015d5	2	138911	player
9309af481e3c9970d46a5ab369b015d5	3	120987	player
9309af481e3c9970d46a5ab369b015d5	4	122896	player
930cef7113023c963f407e68c251a873	0	348715	player	uade	Ultimate-Soundtracker or compatible	0	71560	b37b500c	6faa13bc	Bamiga_Sector_1_and_Quoram4.mod
9375e88b4939516fb4db7071a4056c11	1	122997	player	uade	Protracker	0	22770	7ea48110	5ead51a1	Delight6.mod
93c2675b3e6a4e8bd54a8a8acbd6fbbf	1	227828	player	uade	Protracker	0	55254	982965eb	3fbc7dd9	TRSI28.mod
93c69f381566e559cc63f50ac6e97446	1	76920	player	uade	Protracker compatible	0	14804	623f3fd9	3ebdae45	Paradox20.mod
93c84259ac204358e39d88c20960c4cc	0	55701	player	uade	DeltaMusic 2.0	0	48304	33d3b6a4	c0727213	Paradox12.dm2
9409fdfc4000dd5f832e9676b70041d7	1	128121	player	uade	Protracker	0	15106	c37e0c7a	57935f1f	Orb3.mod
940fe1d626d7ee6adda31b2304c5e02b	1	130693	player	uade	Protracker compatible	0	71050	46030838	03c5fa7c	Fairlight20.mod
94262db7659244ef80c598dcf668c5dc	1	58213	player	uade	Protracker	0	29910	ec963e24	fbdd9428	Delight7.mod
949456536eb84748099756d170693c66	1	178644	player+volume	uade	Protracker	0	508976	4d33d950	accabfec	PRODIGY - Happy Hardcore.mod
94adcc7bbe437ca7d82815e39d628957	1	77885	player	uade	Protracker	0	16702	2fe8ca96	277a73b9	Digital_Sanctity2.mod
94becc7720d11a953e113f7702657bb8	1	53872	player	uade	Protracker	0	18120	a5e646af	23dc5cdd	Skid_Row12.mod
94d4524699c84d848749c2fa440d39cc	1	115321	player	uade	Protracker	0	17736	e01cf27a	31e84fd0	Toxic_Prelux3.mod
94fe6f4f5a4ca1ca4d66a72d1453bd37	1	14487	player	uade	Protracker	0	2372	0102437c	c795f4aa	Zenith38.mod
952e7e6b8e5519644648ed7fa4f44b2a	1	133245	player	uade	Protracker	0	19998	e58c2b9b	68fddac2	Defekt2.mod
952f9fb7635a38d2bc7bd9a3ab5ad18c	1	207493	player	uade	Soundtracker II (15 instr.)	0	61516	a2dcb8c9	a5563794	Thorax1.mod
953bc104359264b24b45c134d48d5938	1	87168	player	uade	Protracker	0	63672	13813461	fb1a7ee3	Vox_Dei1.mod
9583c34d7064d24461bd81de84ee7c06	1	281721	player	uade	Soundtracker II (31 instr.)	0	50826	4445ae41	f2228616	Miracle3.mod
95b88345afabd18c184c4f7caeece6ee	1	38520	player	uade	Protracker	0	33280	999f014d	c3275039	Prehistorik - End.mod
9611407db37a9608387b5150217add1c	1	84616	player	uade	Soundtracker II (15 instr.)	0	39470	ce89e4f3	c75d0460	Supreme2.mod
96114b3e46ae8d97b2b7f5c592de22a4	1	15472	player	uade	Protracker compatible	0	4134	b46277b8	aae0e6a3	Skid_Row32.mod
9641820f13f0c1374e12cb27454d0604	1	32110	player	uade	Protracker	0	7952	a54d12dd	8cde4643	Delight4.mod
96864d4cc00fd90db69a779afbc417e9	1	32110	player	uade	Protracker	0	57212	251e3ecc	b929a33b	Vision12.mod
96a1e9f4510303d685b19e1bcbae5632	1	23168	player	uade	Protracker	0	19084	12edf70d	577cd94e	Skid_Row5.mod
96d6481161f93445ab3ddf0678cb4be5	1	163969	player	uade	Protracker	0	29670	5c7e64b0	47b0f083	Delight14.mod
971a73acc1c5d3f5ba2b3b71cc2c8486	1	134089	player	uade	Jochen Hippel	0	36950	f39407a8	8997705f	Legend_and_Masters2.hip
973cda508d78cbce47029abed81175a8	0	82567	player	uade	DeltaMusic 2.0	0	25602	2ec4f7f8	870c3df7	Paradox17.dm2
975bf9b30da8ad69427d2bcf63c58897	1	65406	player	uade	Protracker	0	14736	a1c2bbec	5219ab1c	Absolute1.mod
97889bf3039a253463f45554331544ca	0	85239	player	uade	FutureComposer 1.3	0	4790	5c997729	bcdcdeef	Anthrox11.fc3
97cd943de63baf50268c825d6d3fe65c	1	283137	player+volume	uade	Protracker	0	139976	d2bef0ef	4b6abb6d	DEXTER - Big Throng.mod
97fe622a57029a7baf5eedade418b331	1	226844	player	uade	Protracker compatible	0	125996	714f4a9e	6784b455	Accession8.mod
981cdce3c4f3a1c0c46ec9559fb05ffe	0	166420	player	uade	Ultimate-Soundtracker or compatible	0	72840	47de39a2	873baebd	CBC3.mod
981d8567728e2d1191a56c07691e82c7	1	122997	player	uade	Protracker	0	34694	956b2463	66236856	Bronx3.mod
9840bdfc9f3b0d50c2a1d0db7b8a501a	0	193631	player	libopenmpt	SoundTracker 2.0 / 2.1 / 2.2	4	78374	b03ad4af	4bdc368d	Firestarters1.mod
9851541683ff75189407c78a62edc129	1	147974	player	uade	Protracker	0	14636	a4c724c0	7b0d5696	Paradox15.mod
986847d4b85fc80b4e3f8ff66d6b9942	1	184385	player+silence	uade	Protracker	0	189002	889ddaea	c288c283	TIMER - Energetic.mod
98a300ee4bf820e666f7e3ab3e2b5f94	1	61568	player	uade	Soundtracker II (15 instr.)	0	42104	90151427	4cf707cb	Vision1.mod
98bec8b27e40b4e59d34fc7116fcfa88	1	30824	player	uade	Protracker	0	5792	ff41f89d	98e39ed1	Effect1.mod
98ca0a170a48b40cb7701d4af5ada3dc	1	83089	player	uade	Protracker	0	10720	2e460453	5199ae12	Ache_and_Extensors1.mod
98e06fcc6db704caf2df8b76f55e93b0	0	61448	player	uade	SIDMon 2.0	0	10354	2f313c09	c95fe1f1	Nightfall1.sid2
99177f291cd8ef53f2ff32edb1089104	1	76920	player	uade	Protracker	0	18512	7781dbac	2751bcd1	TRSI4.mod
99465688e5fc22d199c6f77812f323e5	1	231362	player+silence	uade	Protracker compatible	0	172364	7bbc7c73	9bd08a72	Black_Monks1.mod
998fb8fe249f1132c81bb8273de87a67	1	160064	player+silence	uade	Soundtracker II (15 instr.)	0	95294	556a0330	acd9dfd7	Mindwalkers1.mod
99b048a272bc75e2e6d7ebbad229f82b	1	76920	player	uade	Protracker	0	11080	7c2845c8	3fefce8d	Palace4.mod
99b64ee2a894ad86216014d5cab3b81a	1	51320	player	uade	Protracker	0	23858	6d7ffe5b	d9c6fbac	Spreadpoint4.mod
99d8e815634b76284557cbe228d51489	1	169093	player	uade	Soundtracker II (15 instr.)	0	57812	d8c397c3	617656b7	Wizards1.mod
9a0737d914a57425cd96c0dbece1ddb3	1	92272	player	uade	Protracker compatible	0	90702	14c042a1	fc1c01e3	Energy10.mod
9a085c252c3854067c12502dbee03dc0	1	7796	player	uade	Protracker	0	3166	56741f28	22998cc3	NFA1.mod
9a09646827166d2e4ea2622276c39226	1	632023	player+silence	uade	Noisetracker 1.x	0	113676	67c29c56	9788b912	Active_Line1.mod
9a547d8b5e82b15413ac991f2a80d3cb	1	5867	player	uade	Protracker	0	12588	07b1ad43	46f45b3e	Prehistorik - Game Over.mod
9a7befc8fdcd534083ef961f48bd1688	1	61568	player	uade	Protracker compatible	0	55852	d77349fd	49878e49	Subway5.mod
9a8b573ec2d922c2d3eeb8c1653bfa90	1	77423	player	uade	Protracker	0	123462	9b5a0a87	d8636fd5	Immortal_Souls2.mod
9a9b30197c92ba68422cc58a7a744c8c	1	346306	player+silence	uade	Protracker	0	233292	37afd555	0bb3f93f	NEURODANCER - 4 Spirits.mod
9aefab311d754d5314808a1c9ca787e5	1	73082	player	uade	Protracker	0	55970	848c31ec	72eab0e3	Defjam2.mod
9af53eb6c594e14802cee52b7abd3f70	1	223466	player+silence	uade	Protracker	0	714782	91edba6e	886a5014	DAXX - Lockn Up Me Now.mod
9b0f425efcdbb06b0d79f903afed397d	1	233114	player+silence	uade	Protracker	0	125616	993e230a	33a87e84	XTD - Stink Bomb.mod
9b44a9921f45e2d4c0c80801c654100d	1	38520	player	uade	Protracker	0	18116	27f4337c	b95c10aa	LSD15.mod
9b572f36c6df744bf4af6eb44e41e9b7	0	234198	player	uade	SoundMon 2.0	0	24158	e9f59809	8afb2f01	Skid_Row18.bp
9b61027a996c6adc151847b71b789a29	1	62513	player	uade	Protracker	0	29106	9de8890f	4bf651c6	TRSI27.mod
9b7651dff153371a6ef326b9827dacf8	1	109252	player	uade	Protracker compatible	0	21132	2dd6c3d7	3071c0bf	Spirit2.mod
9bb2e934b22d409f8a692a099c51ee8a	0	199676	player	uade	SIDMon 2.0	0	20938	5841c59f	82f66a57	Skid_Row20.sid2
9bb3a2acd0418b153958282bb926b1a7	1	88434	player	uade	Protracker	0	159768	47d0faa3	12210149	Machinery_and_Maximum1.mod
9bbcc14c1d54ad8f6103a7fb827ec6e6	1	184445	player	uade	Soundtracker II (15 instr.)	0	73034	27267fb3	3977cde2	Mirage2.mod
9c19c6560a866e1567b49e6f1cdfac2a	0	164330	player	uade	DeltaMusic 2.0	0	14730	24b77455	5c520ad6	Fairlight4.dm2
9c5fb2ddfdc4e80025dd063aefaf8dcc	1	86525	player	uade	Protracker compatible	0	16748	2f3cc837	5051e152	Prodigy17.mod
9c75c9d5d695eb4a5b4812a98d25fbf4	1	122997	player	uade	Protracker	0	52788	193ce3ad	19250643	Legend20.mod
9c7d094724638a2caa9d047a6202cd95	1	307321	player	uade	Soundtracker II (15 instr.)	0	84720	ec5e35ef	02a9f70f	Fairlight21.mod
9cc50bd5f52370ef22fc81bd689b4bad	1	61568	player	uade	Protracker	0	26970	b7a7a9f9	d9c88644	Toxic_Prelux2.mod
9d2effac4bc84bfbcfb6948de51717de	1	92272	player	uade	Protracker	0	12968	5ba42860	6a6d5c18	Wanted_Team24.mod
9dcadf1eda282dc90bb667b477132b20	1	79914	player	uade	Protracker	0	99996	d031ab5c	e5dc3a62	Prodigy8.mod
9e10c9d6d2bd05e93bbbc2a24362f54a	1	99968	player	uade	Protracker	0	16246	5f88cfde	61274746	Hoodlum19.mod
9e23a1e20d1bc8f1ceb7befe0ceb204c	1	39666	player	uade	OctaMED MMD0	0	9952	57559520	e04f3b0e	Resistance5.med
9e3ba41e96c3104aab5d4d246f823322	0	120023	player	uade	DeltaMusic 2.0	0	26532	d4b64a8e	a38e48bc	Betrayal1.dm2
9e460ffc03b5b7fba5b41f49f803d9e1	0	122796	player	uade	Music-Assembler	0	7723	5e76b1ab	bb9f02be	Razor_1911_1.ma
9e460ffc03b5b7fba5b41f49f803d9e1	1	30503	player
9e460ffc03b5b7fba5b41f49f803d9e1	2	0	nosound
9e460ffc03b5b7fba5b41f49f803d9e1	3	0	nosound
9e460ffc03b5b7fba5b41f49f803d9e1	4	0	nosound
9e460ffc03b5b7fba5b41f49f803d9e1	5	0	nosound
9e460ffc03b5b7fba5b41f49f803d9e1	6	0	nosound
9e460ffc03b5b7fba5b41f49f803d9e1	7	0	nosound
9e460ffc03b5b7fba5b41f49f803d9e1	8	0	nosound
9e460ffc03b5b7fba5b41f49f803d9e1	9	0	nosound
9e5559dd5d406b0e4d5275f83b31fa24	1	51320	player	uade	Protracker	0	11600	9e374b89	d9e46825	Dynamix1.mod
9e77349c6cdfb5b883547c001e642d4d	1	163969	player	uade	Protracker	0	21792	230f5dc3	a82e19ac	Wanted_Team15.mod
9ea7415c38f185bd1890ac0ed60fa426	1	11654	player	uade	Startrekker (4ch)	0	24308	5f1ba5f9	1095bea9	Punishers1.mod
9eac8c77f33f08734c994ce13bfbf2b7	1	76920	player	uade	Protracker	0	17070	9fcb664b	ce117295	Prodigy11.mod
9edfb131d6cffc8a26f4a6e1dd14cad3	1	71816	player	uade	Noisetracker 1.x	0	107448	fd8ae8b4	2e0a22fd	Outlaws1.mod
9ef893f20644c14f4549951947289355	1	212446	player+silence	uade	Protracker compatible	0	99328	35e9b764	d38fa3de	Italian_Cracking_Service_and_Savage1.mod
9f2a6e3d6abb727586cf6e028b065aeb	1	38520	player	uade	Protracker	0	8418	7effef50	46e2e0cd	Dytec7.mod
9f2bd4a3e1e546494cf88186eb81d2f1	1	138369	player	uade	Soundtracker II (15 instr.)	0	43250	1b324e1e	119c5f08	Brainstorm_and_Headwave1.mod
9f2da36b056978bea66e7d773d65494c	0	71314	player	uade	Ultimate-Soundtracker or compatible	0	39332	06162321	c126980a	Unit_A_and_Bitstoppers1.mod
9f2ddc151d06d76eb0349f061c63d201	1	184445	player	uade	Protracker	0	53524	f17cffab	4e857a1d	Mad_Monks2.mod
9f66546f8a3c1f42e6595a722c7b8a23	1	285157	player	uade	Startrekker (4ch)	0	139086	4e5c57d1	fccb21c1	HEATBEAT - Street Jungle.mod
9f910547f15879d5c8a90904434f56e2	1	23650	player	uade	Protracker	0	9000	fbbc0b6e	b627190d	Zenith6.mod
9faafc700f4176dcbc172b421bc6b204	1	157920	player	uade	Protracker	0	142436	f9c578e6	1ff2270a	Scandal1.mod
9fbfeb85b37734dac4fc6d5de9e8702d	0	52184	player	uade	David Whittaker	0	19180	d12df001	d78adfe9	Supplex5.dw
9fbfeb85b37734dac4fc6d5de9e8702d	1	61448	player
9fbfeb85b37734dac4fc6d5de9e8702d	2	2913	player
9fbfeb85b37734dac4fc6d5de9e8702d	3	2913	player
9fbfeb85b37734dac4fc6d5de9e8702d	4	2592	player
9fbfeb85b37734dac4fc6d5de9e8702d	5	2592	player
9fbfeb85b37734dac4fc6d5de9e8702d	6	3858	player
9fbfeb85b37734dac4fc6d5de9e8702d	7	3858	player
9fbfeb85b37734dac4fc6d5de9e8702d	8	1848	player
9fbfeb85b37734dac4fc6d5de9e8702d	9	1929	player
9fc500d8c7d56294f0718e822345a49c	1	63477	player	uade	Protracker	0	12802	738a2ea5	cc6142ba	Hellfire25.mod
9fd729cf4ac7f1558cbc92642618bfdb	1	30824	player	uade	Protracker	0	5344	5e93f674	7b6d8f4d	Scoopex1.mod
9ff38d05078e8d178ed4cfa0ea3e59bc	0	104992	player	uade	David Whittaker	0	4770	30aeb68b	5d7266ba	Crux1.dw
9ff38d05078e8d178ed4cfa0ea3e59bc	1	1085	player
9ff38d05078e8d178ed4cfa0ea3e59bc	2	3938	player
9ff38d05078e8d178ed4cfa0ea3e59bc	3	663	player
a018a0796eacdfe29595ed46757f3eaa	1	97417	player	uade	Protracker	0	27474	b7d5ac75	6ad57273	Abandon1.mod
a05a9e334208c390757226ca2e005346	0	199576	player	uade	SoundMon 2.0	0	11272	6a539873	e376ea35	Setrox1.bp
a08220fe85b832a3e7e22951a0bacb68	1	227949	player	uade	Protracker	0	200156	ad5431c5	acbbf3f2	Legend22.mod
a0860e7c5aee9eb4eb06cb9f60610b32	1	130693	player	uade	Protracker	0	16728	679d336c	832f8c3b	TRSI_and_Zenith2.mod
a086d1d4d2e9bebae446ef02e226b04b	1	87490	player	uade	Protracker	0	37622	924defea	729b3002	Prodigy18.mod
a09e18c979bd019396c7237a474c823a	1	147411	player	uade	Protracker	0	739006	5a033ab6	bec522ad	DAVID LINDSTROM - Aluminium....mod
a0a2eaf1ed36151f90b7cdb616ae3a34	1	153721	player	uade	Protracker compatible	0	54842	c8f5ef6a	071a1431	Slipstream4.mod
a0b7d312a55dabd8f5073903f0df1ea8	1	254694	player	uade	Protracker	0	138774	8eac37b9	e61582f2	GREG - Odyssey Part1.mod
a0ca2bc4a1e17cd71b316c44f20b832f	1	99968	player	uade	Protracker compatible	0	17084	f01f121b	f358c05f	Vertigo1.mod
a0de5af1953794a87fbe0b6cfebe45da	1	115321	player	uade	Protracker compatible	0	35388	2469666c	dca2cf50	Supplex7.mod
a0f0c1b2b1becab9865e072d3095e2c8	1	122997	player	uade	Protracker compatible	0	34920	75af3f36	dc9e34de	Ipec_Elite1.mod
a12e068fe709b8d1e8302ce770a7e3c7	1	62834	player	uade	Protracker compatible	0	9764	48d7f8bb	29951ea5	Heavy_Cool_Cracks2.mod
a144af8432def1777bd5360682dbaf6c	1	56424	player	uade	Protracker compatible	0	14816	a7dfd87b	978bb763	Solution1.mod
a14fbc50196776224e4d9399bda2d7c0	0	223146	player	uade	Ultimate-Soundtracker or compatible	0	56160	6c43ef57	3010609f	No_Name_Team1.mod
a158a65070844d25fb29106a14f6c101	1	149883	player	uade	Protracker	0	72546	4f3b88e6	384ec1cc	Skid_Row_and_Accession1.mod
a176c68a8829e2ed904b9a0fba335a9e	1	121731	player	uade	Protracker compatible	0	44244	9b287e65	c708bfa0	Classic10.mod
a1942fb259858bf5f93910ef2b9a45d7	1	41072	player	uade	Protracker	0	14902	93dea5d0	9cdaa623	Fairlight25.mod
a2005a95fe0c7bfb0c38649be90f0aa7	1	645267	player	uade	Soundtracker II (15 instr.)	0	37284	3190d465	25cfa0e8	Double_Density_Crew1.mod
a219d62848bf6dceb6561c35c767a91b	1	203635	player	uade	Protracker	0	105442	133b9ca7	15d6bf62	Cave2.mod
a24ea7e2854547fc13bb3bb2cd84d1ae	1	142187	player	uade	Soundtracker II (15 instr.)	0	62224	92c6d33c	a4e2d616	Alpha_Flight1.mod
a272a3558a9a63a7e4f30a302fde6b8a	1	92272	player	uade	Protracker compatible	0	46040	f1df8f74	eefc5d93	Web_Inc1.mod
a27506f43a1dc1af42b6575d7ad203fd	1	200685	player+silence	uade	Protracker compatible	0	70208	b97762f6	dc4c448a	Paradox23.mod
a2980287cd1cdb1b266af650c4f690a0	1	94322	player	uade	Protracker	0	34986	21227c15	3b17211c	Masquarade1.mod
a29981eceb483155740c87deedaff623	1	315017	player	uade	Soundtracker II (15 instr.)	0	123930	c7f36de2	073c4291	Double_Density_Crew3.mod
a2a2fa22d3e956434a6a264a6948c097	1	61568	player	uade	Protracker	0	88700	1387a79d	4305622f	Wanted_Team2.mod
a2b9ba2d781f79332b01cece6c07cf8b	1	199797	player	uade	Soundtracker II (15 instr.)	0	84798	55aed7f6	9d969d50	Pulsar2.mod
a2c0886910b8f0e238955f1cf01bef44	1	63477	player	uade	Startrekker (4ch)	0	87066	ebc46b5a	4c4f54f1	Zenon1.mod
a3166e5bcd0f62823593e2c42a910600	1	69224	player	uade	Protracker	0	17154	52c971b1	e8f85dc3	Resistance3.mod
a31cb9a474289316812f5c0f46461bb0	0	132541	player	uade	FutureComposer 1.3	0	6666	9aae2a8e	2187e95e	Cave4.fc3
a32467a50f3b96f8cc21887bfe06e946	0	110858	player+silence	uade	SIDMon 1.0	0	40544	aba9ff6b	27dfee18	Spirit4.sid
a33189ef991c248ce88590ed7c3e4509	1	273402	player	uade	Protracker	0	258184	334ac0ef	bd0c1a27	GREG - Odyssey Part6.mod
a34002d4cf557bc93c54c77e00c77c84	1	50677	player	uade	Protracker compatible	0	17908	5f8a7ecb	6f6a3926	Ultima1.mod
a35227e5a53d6e55f6fbc8485780ff7f	0	84616	player	uade	FutureComposer 1.3	0	13224	44de674e	f9a72eda	Pseudo-Ops1.fc3
a363a9216e4d21bc3799c1d3e3afe3bd	1	11473	player	uade	Protracker	0	12126	f33a2958	b3aebe1b	Quartex7.mod
a36d34f149d7f2534a5fd33bafd211d7	1	300911	player	uade	Protracker	0	71202	2c425d7f	b1c9e7e8	Hellfire10.mod
a377e74ac15747f3b65daf7f86e18405	1	53872	player	uade	Protracker	0	15780	36796736	59f462c9	Access8.mod
a3a8ecde93fca3f798b578a54e0496f1	0	286524	player	uade	DeltaMusic 2.0	0	29442	78268340	5e7b4d5c	Prestige5.dm2
a3b4b6fdaf1f91626998aa8f50dd4830	1	7676	player	uade	OctaMED MMD0	0	9434	02120e5e	a6574f08	Human_Waste1.med
a3d4d6d3d495ffeef5ca382aac34cf54	1	69224	player	uade	Protracker	0	8402	3486ec23	8ada1138	Nemesis2.mod
a3da60e24acef64e846e54d14dd1cf65	1	41112	player	uade	Protracker	0	9550	281f30e8	63675454	Zenith1.mod
a3e93b04e8fdc26661c07515dbce05d9	1	478464	player	uade	Protracker	0	160218	9025ce86	8f99a01a	MOBY - Knulla Kuk!.mod
a3fbccd171c93e01ed9b91948626bfb2	1	62834	player	uade	Protracker	0	78246	de8486b9	fff04388	LSD12.mod
a401560c9d76b483de0a32a5932155da	1	25720	player	uade	Protracker	0	8640	c5c133b8	2c6588e8	Skid_Row16.mod
a4043636db022c35dd8c0a78812e6af8	1	76920	player	uade	Protracker	0	18152	1927182b	b80d5d21	Prodigy4.mod
a43936de59badcc5d2846b9175890c13	1	315560	player	uade	Protracker	0	987942	7a09175e	5f2c6769	smoke it.mod
a4441ba94cda373eb30d5d36c460cd7b	1	229034	player	uade	Protracker	0	19854	b280dcb6	8cbedf55	Delirium3.mod
a44a7f18428f02cc0cce3cd0e8c7888e	0	6731	player	uade	DeltaMusic 2.0	0	23088	094f9020	9ed74cef	Cascade19.dm2
a4d1a29d44bd685cc78ad712deb07b0a	1	61729	player	uade	Protracker	0	34080	998b1627	5421ab7f	Jet_Set1.mod
a4dd211692dbcf0f6f2c30319b3862f4	1	229600	player+silence	uade	Protracker	0	306994	679df40b	134ff223	JUICE - Da Jungle Is Wicked.mod
a512e886a0d3c3c8a99fccf0298c17ca	0	90263	player	uade	DeltaMusic 2.0	0	23376	1651e586	3356e78c	Radical1.dm2
a548e45cb2e3f043c9118fcc9c5609a7	1	90102	player	uade	Protracker	0	32868	c01a9000	7a33498a	Corrupt5.mod
a55fe37dc2c0c07177fb52eafd2a69f0	1	84616	player	uade	Protracker	0	110746	cce2946d	5365e5af	Trackers1.mod
a586cab6337356f96fb08ad43b123626	1	230541	player	uade	Soundtracker II (15 instr.)	0	85304	c85fc7d4	35d0970e	Cascade12.mod
a5cdafd911cebc243c8847fd0b6a02e9	1	157579	player	uade	Soundtracker II (15 instr.)	0	90550	86214a64	292946a4	Red_Sector3.mod
a5f71dbc24c9926b60406f509fd05d03	1	122997	player	uade	Protracker compatible	0	39068	82524624	a2196d18	Quartex8.mod
a60d3dac44b00a81c4a55393a8ea2444	1	207493	player	uade	Protracker	0	66628	7329e60e	591b8261	tropic aroma.intro.mod
a61b462f0bf8f74c3e0b999b3bcd0e1a	1	161397	player	uade	Protracker	0	99246	a66aaa0e	df9e7797	Cave5.mod
a662fc6d8a9efc1e8f0dc6fc4815c41f	1	88434	player	uade	Noisetracker 1.x	0	55254	b6f85195	b731ce5b	ACU1.mod
a6b081576adc94e0ba4ed9a16de6e9c5	1	117872	player	uade	Protracker	0	16788	5b06f9e4	1684fe49	Wanted_Team13.mod
a6f258973e8fa84f6de8baca8d6729c1	1	61568	player	uade	Protracker	0	11530	97d87300	55a86af9	Delight12.mod
a712ed61506ea8ac8bd68d58bcbec2c2	1	18707	player	uade	Protracker	0	21038	6541ecad	dd016b9c	Mayhem2.mod
a737dfeec957a512e6d2a174bde787b6	1	38520	player	uade	Jochen Hippel	0	15734	7d3cc00b	2be22181	Company4.hip
a737dfeec957a512e6d2a174bde787b6	2	122936	player
a737dfeec957a512e6d2a174bde787b6	3	0	nosound
a737dfeec957a512e6d2a174bde787b6	4	140217	player
a737dfeec957a512e6d2a174bde787b6	5	23228	player
a737dfeec957a512e6d2a174bde787b6	6	0	nosound
a737dfeec957a512e6d2a174bde787b6	7	11574	player
a73ead318306f812e76fafd15d947c46	1	92272	player	uade	Noisetracker 1.x	0	48352	5e9c7d08	898c56e4	Bitstoppers2.mod
a78c2ed5a43ba5471878aba855b48bf2	1	499342	player	uade	Soundtracker II (15 instr.)	0	92562	62e45d3c	43ce2e55	TSV_and_Double_Density_Crew1.mod
a78d35a7aef583f094513a1e20106ea5	1	187206	player+silence	uade	Protracker	0	90006	b9ed5b64	ddc66342	Corrupt6.mod
a78d7e5bfc862fe07f642e913d7d6682	0	15492	player	uade	Amos Music Bank	0	32974	b39ac8bc	488004d0	Hellfire5.abk
a7aa5d0c2b19ccb195279ceb5298ce1c	1	84616	player	uade	Protracker	0	10344	0decde4a	8e3233d0	Tension1.mod
a7bd5983bd97125ace4bd29dc6cda625	0	30704	player	uade	Mark_II	0	13174	439d8c11	4e190339	Threat1.mk2
a7ca2e38a93da2659c7d782593f64cad	1	130693	player	uade	Protracker compatible	0	75326	b38265bd	4c0ffe69	Paradox2.mod
a81896856dfa95859c4f0dd908464076	1	167807	player	uade	Protracker	0	41774	fefa441d	b42b0776	TRSI23.mod
a839fa5246708182f6cc50624a737b58	1	271193	player+volume	uade	Protracker	0	290216	11d026f3	08cc7f8e	SIDEWINDER - Spanish Armada.mod
a876baea9706812ea4874e94f250804f	1	146045	player	uade	Protracker compatible	0	36312	9b8d17c6	c055c94b	Quoram1.mod
a878ac6916b448abd4d127ae48d425a5	1	199551	player+silence	uade	Protracker	0	1254990	d52d0024	04f0228d	SHORTY & TIM - Will Of The Wind.mod
a878b8ec782a8e2d98aeb3459e2358a8	1	30824	player	uade	Protracker	0	8748	647f5672	1c2380e8	Accession1.mod
a88c386d82f406df72f0707ed62bd34e	1	70209	player	uade	Protracker	0	29132	0fe20980	e1d051fc	LSD8.mod
a895b2c4e32a4ec10db7875f7a2058f3	1	92272	player	uade	Protracker compatible	0	60642	4846893d	b116abb0	Oracle11.mod
a8a76148632630ee565feecce578fb99	1	178678	player	uade	Protracker compatible	0	84388	3c58c99d	48d71c65	Cave7.mod
a8f12a6f8ad93a75523ea61a33b59372	1	122864	player+volume	uade	Protracker	0	258314	a82dd9b9	a5e1cbf7	VOCAL - Switchback (Endpart).mod
a9360210f6dca68f64d8257ec40b983e	1	339874	player	uade	Protracker	0	504662	cf0fc91d	257ae75e	OTIS - Thunderdon.mod
a9d747a01795dad59747f0572de1fb25	1	24756	player	uade	Protracker	0	3260	d3d5d320	d9e90ad7	Magnetic_Fields2.mod
a9dc9ed336cbf9c007dbb5263188f420	1	32110	player	uade	Protracker	0	8624	0427f899	48ebf2cb	Anthrox28.mod
a9df789904fda7c4c88f6ec699e1b1dc	0	178628	player+silence	uade	Ultimate-Soundtracker or compatible	0	72434	2f75eade	ecd212e9	Phantasy1.mod
aa085dd3f7ee11dcd49d3f9648c2ed3b	0	99989	player	uade	SoundFX	0	63328	80173dc0	15d62e59	Double_Density_Crew2.sfx
aa085dd3f7ee11dcd49d3f9648c2ed3b	1	13714	player+silence
aa0b95f0bff1bb60748083e6e0eb9f0c	1	280998	player	uade	Protracker	0	61530	fce5cf1f	6208f52a	Flashtro1.mod
aadf911dd17e75156c1246c103e6459c	1	122997	player	uade	Protracker compatible	0	70510	af7693f9	2bb7a16a	Savage1.mod
aae25dd9363228aafdcd18a9d6069bfb	1	65567	player	uade	Protracker	0	17884	e96f0236	a2ae01c3	Aspect5.mod
abb44405ccf42e1257464122785daff3	1	34682	player	uade	Protracker	0	15832	eae8177a	42ec25c3	Outlaws2.mod
abb552f849065dde004b8bee604f4258	1	130693	player	uade	Protracker compatible	0	95602	9262f80e	59b6bbea	lotus26.mod
abefc8bd033c7989c73cf3a194283d55	1	30824	player	uade	Protracker	0	2374	a389fcee	a5230a77	Decade5.mod
ac61640c7fa27397ff213b1973ef43a3	1	139735	player	uade	Soundtracker II (15 instr.)	0	143460	4beef077	329cbfe1	Shadow_Software1.mod
ac790b1b2a3f16ba7fc32f5130e0c23b	1	35968	player	uade	Protracker	0	9608	351990b7	6b18c8b4	Desire6.mod
ac7ab73002d5aec35c01380852b7cac6	1	64442	player	uade	Protracker	0	20726	f7785462	4b40313a	Anthrox6.mod
aca06030beb518939ad7d288b7530213	1	88354	player	uade	Protracker	0	21116	d2e9a1ea	dbb6ea59	Delight2.mod
acbfbd84062c89fb3c7c5893a99ed284	0	40891	player	uade	SoundMon 2.2	0	12644	b4137317	a1f603d0	Bignonia1.bp
acdabfd16de0a187201ce257f3963b4e	1	76920	player	uade	Protracker	0	12248	09af46b5	4e0b240f	Prodigy14.mod
ad05e954ad412e23a0032e4a3fa34340	1	92272	player	uade	AudioSculpture	0	9186	603e3e34	4a29ab1b	Supplex18.mod
ad2adaa4628cc80c674968a19dff8f77	0	202566	player+silence	uade	TronicTracker(?)	0	12552	99f5f5d2	335c187b	Crystal10.dp
ad38805ff1480b78ede39066be278f43	1	84616	player	uade	Protracker compatible	0	15118	840c0455	89ce7286	Traders_Dream1.mod
ad3d707cf076dd96a56b544daabf96e8	1	22525	player	uade	Protracker compatible	0	39662	d223929d	3348a88f	lotus21.mod
ad5ece7508901107ca4068e298171443	1	166199	player	uade	Protracker	0	1256660	e3d456b9	e24ba9ac	CELSIUS - Giveindizbiz.mod
ad85b82821a216ed4d2a50ad2614695a	1	140921	player	uade	Noisetracker 1.x	0	95366	2b35e151	e1bc6984	Roncler_Gang1.mod
addc132b8f72503909be9bc352b1d3cd	1	98723	player	uade	Protracker	0	46814	983ca84f	cce59906	Skid_Row2.mod
ade0dbab1e6c0d02e9e5d6d6737b9c12	0	145964	player	uade	SIDMon 1.0	0	18710	0e66f7c4	4f04630b	Anthrox13.sid1
adea977d29d8f0bf794460ad8ddd71dd	1	163969	player	uade	Protracker	0	14540	0d60fb47	d1acf77d	Anthrox17.mod
ae47b7ed64cf1f6b8e2fd72c914fffae	1	38520	player	uade	Protracker	0	5888	5c520f93	7a1e96e9	Quartz2.mod
ae5de99f27b7c5790f9d25daee48d802	1	49090	player	uade	Protracker compatible	0	9842	509480a4	da1a9a88	Legend7.mod
ae71c55f5f211cba6e0bca74ab1598e4	1	46216	player	uade	Protracker	0	8758	16e592d7	fc3c92d8	Supplex19.mod
ae81e32e6c514de87720a1cc55c68da9	1	42358	player	uade	Protracker	0	11698	268f4f28	ac717fd3	Dual_Crew3.mod
ae9bd592ba8e5dcd6af9d3defa5b36b0	1	46216	player	uade	Protracker	0	16106	d9d0ee85	34859ea4	Faith1.mod
aeba62437feb033782c5b4cbeff45cf0	1	266139	player+volume	uade	Protracker	0	184688	567cee1c	a8c0936e	Equinox1.mod
aed1e952852d23bea74fc1d1e3925fed	1	267655	player	uade	Soundtracker II (15 instr.)	0	86390	8a5c781d	d85a645a	Firestarters3.mod
aed43100c5fcb7b6695e2290f01cdda0	1	127124	player+silence	uade	Protracker	0	21942	c4f4191c	fe7917de	Delight8.mod
aee8937f2832ed3ebe6402df30bad0aa	1	69224	player	uade	Soundtracker II (15 instr.)	0	48804	b54312f2	403df602	Digilogic1.mod
aeeae4b24ebc87bdcdc34376cfc9870d	1	145984	player	uade	Jochen Hippel	0	10118	2641985b	2e4c168e	Oracle9.hip
aeeae4b24ebc87bdcdc34376cfc9870d	2	1989	player
aef6741e05c6bd6c375bd89f1fd77020	1	91027	player	uade	Protracker	0	20000	1be4c4cd	af1dff70	Hoodlum16.mod
af09e5e08422408c9b2b940fb5ab9958	0	518718	player+silence	uade	FutureComposer 1.3	0	25472	92ed5a72	0055c4dc	High_Tension1.fc3
af1872db5136bd7996ce9f5406119f4d	1	88434	player	uade	Protracker	0	20000	0a7d94df	f798f321	Scoopex2.mod
af1b5af5f0e36d83a794e5b6dd2f0524	1	107645	player	uade	Protracker	0	74160	672216a3	1e5c17df	Scoopex15.mod
af2194b1f0a08e6d41cd2cc6076ca6e0	1	122997	player	uade	Protracker	0	39022	905295e3	d59b6614	Tribe1.mod
affbe406452b1e2df4c971d9cdae5f5a	1	194693	player	uade	Protracker	0	58420	d87e615f	5927037c	Two_Live_Crew2.mod
b01eaf5f7e013dfdcab64f46ec3d874a	0	131155	player	uade	PumaTracker	0	6704	9fa53826	98365ec3	Aspect1.puma
b0b67ca4bbef069241be97f3feb23c7b	1	258205	player+silence	uade	Protracker compatible	0	116594	3f78ef1a	b7898e03	Fairlight17.mod
b1580aab1b229f53e6818c94d822f9bc	1	20596	player	uade	Protracker	0	8536	fa7ca62e	7df7182e	TRSI7.mod
b164cecc2b95bcf7df0d5553017d274d	1	13563	player	uade	Protracker	0	15068	41e2c3b6	dae84456	Special_Brothers3.mod
b1697853ed2e3d154a488aa631975c5e	1	207493	player	uade	Protracker compatible	0	67692	ea00b6cd	68adb715	Golden_Masters_Crew1.mod
b17c086ef95b1c9a4fdb624e173e443b	1	40630	player	uade	AudioSculpture	0	21696	b47b4b37	d7564b61	Qube1.mod
b17c086ef95b1c9a4fdb624e173e443b	2	46196	player
b17eebe7bb9b1fd9133167ddb5bafb4b	1	108931	player	uade	Protracker	0	24258	5e61563a	a6da0ac3	Hellfire15.mod
b17f059de9d26257b2f09482a0bb5bf1	0	124903	loop	uade	DeltaMusic	0	9412	c30dd3d0	ef37d1e4	Angels5.dm1
b1b25e9e42d1a659a4093c014ac35ce4	1	51320	player	uade	Protracker	0	13314	54fc8ba8	7dc97ab2	Progress1.mod
b21430d1e7dda32a2ef12b929876af09	1	15472	player	uade	Protracker	0	3310	05bdf36c	178c0ed0	Phuture_303_1.mod
b27f25aa8a9e4ed5ba080cba27729a64	1	56424	player	uade	Protracker	0	11632	f9fc54dc	0867ce6b	Accession5.mod
b2b299c8ce263317ab01354d84ed2148	1	109574	player	uade	Protracker	0	14732	8e58b3e7	a6320a10	Supplex15.mod
b2f332518c368926159215a81309bcef	1	82044	player	uade	Protracker	0	11360	d79a44b3	aafbd7ec	Supplex17.mod
b37bab3b943edb60e0dd8e43e037e365	1	69224	player	uade	Protracker	0	8662	25d2c76a	1db5c7f9	GIN1.mod
b39bec267aa1069b6284e0a34dce5e78	1	3958	player	uade	Protracker	0	2172	26fa68ea	a0d2ca8a	Dual_Crew_Shining2.mod
b444df8f720abd610bee5fee42b87681	1	452073	player+silence	uade	Protracker	0	329500	20cdab02	0e218e3b	JOGEIR LILJEDAHL - Signia.mod
b4b0e3ccd9c376c056dccd9fe49194b2	1	199797	player	uade	Protracker compatible	0	68672	50995c6c	055bbc00	Savage5.mod
b4d70bfb957b0e7b572a04b98b3cf7b1	1	53872	player	uade	Noisetracker 1.x	0	70708	61cd9cbe	c1696e6b	Fusion2.mod
b4efcf47dbddf5a8a77f39b1e290bbf4	1	61568	player	uade	AudioSculpture	0	5180	f35466f9	0d9a7a39	Supplex28.mod
b520f8d05853633e63533ffd0d79e157	1	38520	player	uade	Soundtracker II (15 instr.)	0	9356	173c72a1	3c9c9e98	Quicksilver2.mod
b5307f3746ac3b414151e13e7bd3b408	0	0	error	uade	David Whittaker	0	27066	5f0e8d17	3392bac4	Miracle4.dw
b53098094fd7c89bc76030f01f76cd76	1	138268	player	uade	Hippel-COSO	0	20636	04a2a60b	c2c30896	Oracle1.hipc
b53098094fd7c89bc76030f01f76cd76	2	122916	player
b53098094fd7c89bc76030f01f76cd76	3	332841	player
b55ffa03cafcd3f87e73d548d9da9586	0	143372	player	uade	David Whittaker	0	30828	74343ab8	fdf87058	Top_Swap1.dw
b55ffa03cafcd3f87e73d548d9da9586	1	33517	player
b55ffa03cafcd3f87e73d548d9da9586	2	37254	player
b56a5f1b58c50de20cd5255d1a00fd7d	1	20857	player	uade	Protracker	0	9514	e218afa9	20f25d64	Euphoria1.mod
b57c8d62d7868f3e218c353686482ab4	1	146045	player	uade	Protracker	0	58036	035c3b76	6b414092	Fusion3.mod
b5bd44b6df7e4fe7c2d85049b2137fc2	1	115321	player	uade	Protracker	0	5908	e98b9b17	83f8a8ec	Anthrox5.mod
b5d879974b72e3e2940a89c2b8de7628	1	281721	player	uade	Protracker	0	12260	df56c40f	9d62a7d3	Reflex1.mod
b5f8abaf4eed16a2fde6401a25cf67a4	1	102520	player	uade	Protracker	0	58704	afbfb7a7	3fac0d9f	Pulsar5.mod
b6047384d583d21d199cf44301efdfef	1	169093	player	uade	Protracker compatible	0	36952	1feee56b	e2a5d755	CBC2.mod
b6051595ee059b6b8b2d42f3828d45f0	1	122997	player	uade	Protracker	0	10808	c4f8c73e	83d1ff4f	Hoodlum17.mod
b606c6d35a8486d7b3dea23679f0384a	1	23168	player	uade	Protracker	0	25262	e6483564	7918b795	Crack_Inc1.mod
b614c550fa8434a211c2330635710382	0	126774	player	uade	Ultimate-Soundtracker or compatible	0	59392	280037a2	1a55332a	Cascade14.mod
b6304cadb4adc5070e7d82d15f436aa2	1	95166	player	uade	Protracker compatible	0	23846	592214a7	979c5970	Palace5.mod
b63a5b9bb5c764ee12794a1ff9490245	1	121088	player	uade	Protracker compatible	0	46996	2575d49a	4a50472b	Ministry10.mod
b64fb8bc1a15ba33968bec2bf6c4d799	1	122997	player	uade	Protracker compatible	0	60224	5f5230e3	703f8a03	Anthrox30.mod
b678bbc86e2ce1152a68d2635e4e6299	1	128121	player	uade	Protracker	0	15372	e8226703	6e9c380f	Crash2.mod
b69b6a296663a64a1ac30ebf9f664bc5	1	16919	player	uade	Protracker	0	5926	e2da99fa	5fba3b23	Astra1.mod
b6a93b6f99bd0c7b68589783e0a83150	0	161437	player	uade	SIDMon 1.0	0	17114	630e876c	5a04632c	Defjam-CCS-ACC2.sid1
b6b5402bbc5e94e64c83566488e1215e	1	35968	player	uade	Protracker	0	6550	1fdee6e4	09a2f7e4	Lightforce6.mod
b6c1e41efaa7b217c5b1adaed18cba71	1	176775	player+silence	uade	Protracker	0	147920	86be71de	55f04c30	MR MAN - Distant Call.mod
b70e6949664a856c8c6e37d974acf462	1	61568	player	uade	Protracker	0	13202	5f002334	4be0dfce	Hellfire16.mod
b719bd523f0cb33ac68f1204ef42e9df	0	99145	player	uade	SoundMon 2.2	0	25528	6ba9e272	1cbb5605	Bignonia2.bp
b738ec0bc18ac7c1f65e01460d7275ae	1	891040	player	uade	Protracker compatible	0	87786	466b382d	18611027	Cascade18.mod
b73bf77c2b038447989cf27840957438	1	205463	player	uade	Protracker	0	945404	f64b58c0	8ff30bf6	PUNNIK - De Die Hards.mod
b744d499756c78c0e5b0456ba9c22cd3	1	53872	player	uade	Protracker	0	7264	0f7b8439	e6956c2a	Access7.mod
b74b8679ad99c52bc77bf3a9820f58c3	0	232733	player+silence	libopenmpt	Defjam Soundtracker III / Alpha Flight SoundTracker IV / D.O.C. SoundTracker IV / VI	4	42812	bef1e849	0a6e8690	Ackerlight4.mod
b756b8e405c67337f61f908ac446a902	1	67315	player	uade	Protracker	0	14816	64608747	c259e255	Special_Brothers1.mod
b7897a6fb9b72cafd464c8c6a08c96cd	1	23168	player	uade	Protracker	0	22876	27530302	08ca1006	Aspect2.mod
b7beef278fa7ba247a053ac8be716b15	1	99707	player	uade	OctaMED MMD1	0	10254	bb8fe9f9	33e4358d	Resistance4.med
b7c474999bb549902a23256a90429dc8	1	30824	player	uade	Protracker	0	7512	cc516856	4205bccc	Decade4.mod
b7eb3c778097cbea5cf59dacba54ad13	1	84616	player	uade	Protracker	0	13960	597e0091	a2b85709	Hoodlum10.mod
b7ed56e2b0c1602ba97e4fc0951913fc	1	69224	player	uade	Protracker	0	24404	a14801de	ffa38ff0	Supplex20.mod
b82a5aabb55f55eac17ccf94386e4c54	1	46216	player	uade	Protracker	0	15678	68301902	66be4731	Access3.mod
b858ec148b9701ec879cf5a076eed187	1	74368	player	uade	Protracker	0	14348	810fd2bb	6fa92f65	Avantgarde2.mod
b87f82424b4bf8cb0e9869ad033f468b	1	76920	player	uade	Protracker	0	26386	747d552c	f6d005f8	Prodigy2.mod
b8831b94483d62e5393a1f97c21ad4c8	1	39203	player	uade	Protracker	0	53400	dd6b00d9	eb55151a	Shining_8_2.mod
b8966788b57bfb2407b0b51b87892f7d	1	41072	player	uade	Protracker compatible	0	65362	f7905520	8a1faf35	Lightforce5.mod
b8c9f74c2f1b066a9d6324730e54c224	1	192141	player	uade	Protracker compatible	0	187446	5a3e73bb	0853644b	Fairlight22.mod
b9cf4be3db97f3eec9609326132e1d14	1	99968	player	uade	Soundtracker II (15 instr.)	0	52964	d3f850b3	9a3f841c	Quicksilver1.mod
ba050e05b6f17e0e40369bc714201940	1	76920	player	uade	Protracker	0	14730	e2eb7442	c2c4b6d4	Scoopex10.mod
ba07a2113576dbe976965ee530601d42	0	0	nosound	uade	Sonic Arranger	0	35232	cc036fcf	659a2ac8	TRSI3.sa
ba3e0eb2bb32d30678124f025ff64208	1	61568	player	uade	Protracker	0	9062	caea02d9	fe5346f0	Nemesis3.mod
ba6de98e529c3c8d072d67e4754b3c63	1	56424	player	uade	Protracker	0	19000	c99f9695	83feda78	LSD6.mod
ba91aa91f6cbd687a9a63172d448bbb8	1	28272	player	uade	Protracker	0	34476	f5baf160	5fc14ad5	LSD11.mod
bae481688939f84d39c59bab2de74ca3	1	140921	player	uade	Protracker	0	101026	82966113	a8e9cc39	Scoopex4.mod
baf46453572fa62e0b52d7d78429b9b7	1	146045	player	uade	Protracker compatible	0	88112	025b61f6	25870ca4	ACU8.mod
bb1098a2d25bf6ff387e26b4a340267d	1	122997	player	uade	Protracker	0	80686	a448fb24	90aba9c2	Zenith12.mod
bb7b0f57c5548d3549869a365f066951	1	58373	player	uade	Protracker	0	9078	1dcc35df	e79756f1	Tension2.mod
bb850ca1ca30ec5a38003dda2bb97c4e	1	61568	player	uade	Protracker	0	73896	924ddea7	8fff1630	Smurf1.mod
bbac4cc0ff3eb6e7cbed7fd5bb42be3c	1	99968	player	uade	Protracker	0	19492	6a79ca31	5739428f	LSD5.mod
bbb8dbc21d4d9cc049be0d7aee2cbadd	0	222713	player+silence	uade	TronicTracker(?)	0	11944	0c9fc93c	c6ea64f2	Crystal9.dp
bbd1c3d87c0f1a0d79823daec86cae1b	0	201385	player+volume	uade	SoundMon 2.0	0	7360	63719c78	57f76c8b	Skid_Row30.bp
bbf81387ca84c06c68078946d1ca5ed5	1	51320	player	uade	Protracker compatible	0	12870	3748656b	2693550b	Shining1.mod
bc6833f18bb78948eed22139646e9158	1	39726	player	uade	Protracker compatible	0	41408	177b1abe	11691ac2	High_Quality1.mod
bc891e5c56b4ffc5b8d5c0d118aeb5b6	0	87168	player	uade	AHX v2	0	3249	4c417f0f	d74f4afe	Toxic_Prelux5.ahx
bd201920bc2c54bdfde213b0f42bd14c	1	153721	player	uade	Soundtracker II (15 instr.)	0	59010	7fb43194	cde6caf4	Random_Access2.mod
bd283ea1877c1d95675158da8794bb65	1	30824	player	uade	Protracker compatible	0	19458	6495d557	e05bb1b6	lotus28.mod
bd3686c811df423417588c51a78bb1ab	1	67958	player	uade	Protracker	0	19374	e457caf9	aa155e32	Freezers2.mod
bd3efc70c77ecae62d626383bfb5d728	1	261245	player	uade	Soundtracker II (15 instr.)	0	45164	5c8a11dc	81e69b09	Red_Sector4.mod
bd6c8f69a1207ddc2556f7e577bb53cb	0	691244	loop	uade	UADE	0	22644	ecde5783	f77539a0	Scoopex8.cus
bd84dd3e9fa8b13c811fdd2d31ad42a3	1	34682	player	uade	Protracker	0	39552	e3c5b5fe	6750a986	Talents1.mod
bdb0ce6d4370c755b8216132561fd7f9	1	175322	player	uade	Protracker compatible	0	98378	373172ba	2f38f046	Zenith37.mod
be970a2f2267192c11df8c6b2391ba99	1	99968	player	uade	Protracker	0	64000	dd703fa1	4cefe77b	Thrust3.mod
be9b3b9e615913f843928bde189d72ed	1	90142	player	uade	Protracker	0	23636	05ab0c73	84dc8d10	Power_Crew1.mod
bec2e02259a568c542faf494b3a9be5b	0	110920	player	uade	Ultimate-Soundtracker or compatible	0	60344	3b3a35c6	87c8fe2b	Vision_Factory_and_Beyonders2.mod
bf37d5ece03554391c86976596795aeb	1	55801	player	uade	Protracker	0	11520	55e0cbd4	9ef3b20e	Jism1.mod
bf6071abcffa13ed849f8ba71fd92dfd	1	89720	player	uade	Protracker	0	31872	cd8fe00e	0e2c95ba	Prehistorik - Ingame 4.mod
bfde898918587fb2ac8dd35fa427bb84	1	25720	player	uade	Protracker	0	27420	78b3d35b	57faf23c	Hellfire17.mod
c030eb3dffdc62146629c1f00c18ee82	1	76920	player	uade	Protracker	0	23354	ca833955	b7fc2c64	Bad_Karma1.mod
c051015f8ea94729a47143323e88734e	1	30824	player	uade	Noisetracker 1.x	0	45330	3b7f55ba	9afc24f9	Thrust5.mod
c073fff935f86c0f9e7bbfd460e4cc95	0	40670	player	uade	Ultimate-Soundtracker or compatible	0	28272	05938356	0c59cd1c	Acid1.mod
c077b9707297be33fa7ec3158dd1bd85	1	107645	player	uade	Protracker compatible	0	18114	4f121eb4	f1f6b10d	Crystal8.mod
c0787d10176e9f842cc44089cde5728e	1	161477	player	uade	Noisetracker 1.x	0	20368	4d7ebd51	c746baa9	Savage2.mod
c08edfef94628aae9974b2de5a144f73	1	208056	player	uade	Protracker	0	34416	9118d412	ed4271fd	Backlash5.mod
c09824d44a74e153bb6c94e1f4c8ad0d	1	90705	player	uade	Startrekker (4ch)	0	22048	f1d4e9cf	02f9d706	Tribe2.mod
c09d92b62c3ebc51c0245638b0f5f2dc	1	166199	player	uade	Protracker	0	63480	ad467323	c84e617b	Voodoo1.mod
c0e6b142bd81df62e373a9fa35a356f1	1	46216	player	uade	Protracker compatible	0	60504	83827b3f	8f329fa0	Thrust6.mod
c101bfcc595126005dfc8edcb591420d	1	61568	player	uade	Protracker	0	17470	be91c746	e20831d9	Anthrox10.mod
c12723491e0922a6adf15a2782857938	1	313711	player	uade	Soundtracker II (15 instr.)	0	106952	e8bda8c2	5fe6a8f6	Cascade2.mod
c15037ea3bec0a7e692c0bde46276019	1	25720	player	uade	Protracker	0	14160	6df4f45b	33e53d4e	Legend8.mod
c16f86a7e1661a796872b4877dd94d49	1	143493	player	uade	Noisetracker 1.x	0	49212	ace87522	07fd41e6	Inner_City1.mod
c196c370d9251f5984045714597ab49f	1	61468	player	uade	Hippel-COSO	0	11522	50ab1650	54279bee	Skid_Row_and_Valhalla2.hipc
c199abaa3014fd6d4fcac4cec4753300	0	152334	player	uade	DeltaMusic 2.0	0	27652	fa84dd51	26d10786	Paradox24.dm2
c1c692e562e2c8ce75cb498f40bba126	1	183670	player+silence	uade	Soundtracker II (15 instr.)	0	111536	0f07ad58	9979257c	Ackerlight1.mod
c1dd0d0918f277db322e0cc0875f2562	1	392541	player	uade	Protracker compatible	0	152710	a58f7f65	1cfc4855	Classic19.mod
c1e317799294efee74c839707f5d8a4f	1	77885	player	uade	Protracker	0	42510	582c9719	49c862b8	Wanted_Team11.mod
c1f4e7942e97ec72f9b76b663eac71e1	1	192141	player	uade	Protracker	0	56890	d5c28279	601064b2	Black_Monks4.mod
c20a8a0ee1457e9a0ae825567766fe3d	1	108288	player	uade	Protracker compatible	0	11442	516726e4	59a60434	Genesis2.mod
c2a3b6f3439a8af652488b70faca2213	1	111603	player	uade	Protracker	0	24840	58bee1e2	d1fa99e7	Dracs1.mod
c2b0da73c24bc27206b5745559374ef2	1	34682	player	uade	Protracker	0	12948	cdf5c909	a51b24e7	Delirium1.mod
c2bd6078fe519006e7bb98e2ea33e19f	1	38520	player	uade	Protracker	0	8380	41409e56	6215c56e	Accession3.mod
c2bd692261f99659e1fcfea751f2a012	1	176769	player	uade	Protracker compatible	0	20520	f00f2f31	21820d57	Resolution_101_1.mod
c2c1a4dae0d1460816bc8e89666534f6	1	76920	player	uade	Protracker	0	12434	7370f0da	68bb582c	Millenium1.mod
c2cf732aef4dd14d38bc9fd256d6737a	1	76920	player	uade	Soundtracker II (15 instr.)	0	48340	38e9cb56	962273ba	Bionic_Commandos1.mod
c2cf94f800e2c36eda17b7b5ebe5b83b	1	51320	player	uade	Protracker	0	18444	9e0f1851	e72e21c3	Interpol2.mod
c2d04fa302a3810cf25290485b0d3db1	1	68320	player	uade	Protracker	0	9500	fa346cd0	605ce15b	Desire5.mod
c2dbd3f021b5c1d55078d600ad7f3f60	1	184686	player	uade	Protracker	0	48216	077f0d18	3ca36cb8	Decent1.mod
c3414994096a00b3d3709072464871f7	1	176769	player	uade	Soundtracker II (15 instr.)	0	85680	372eee30	11b4fd2b	Vision_Factory_and_Beyonders3.mod
c342ea60ff07b2d776c72081e831665a	1	83330	player	uade	Protracker	0	26016	ad59bd7e	157a2ec1	D-Age2.mod
c383651852d92b4edcc88275dff72b02	1	61568	player	uade	Protracker compatible	0	15080	34967db2	29456f9d	PHR_Crew1.mod
c3a537692eab6041f8fa703cc4f0fd0b	1	153721	player	uade	Noisetracker 1.x	0	51518	4d0e5ed5	5bdfe652	Adept2.mod
c3a65c8d7d897d235553b393979c45c0	1	53872	player	uade	Protracker	0	21262	9260671c	14030d43	Equinox2.mod
c3bb0f4dcac85ffac9184dfd83422e4d	0	123017	player	uade	SIDMon 1.0	0	14772	f399b2ca	a816c449	Tarkus_Team3.sid1
c4b8886989e4b904c4e2febc4999296c	1	30824	player	uade	Startrekker (4ch)	0	11304	52c49d35	067f6874	Paradox18.mod
c4baf2734076a07af1c3175622da3db3	1	70530	player	uade	Protracker	0	14816	73718772	bd7b1976	Lightforce1.mod
c4cb36dbe07dd7c643c253aba44a0c38	1	210180	player+silence	uade	Protracker compatible	0	93394	68a81dc5	8b973ba0	Fairlight23.mod
c4d92731b593abbe732fcbfc90f7b8c8	1	30824	player	uade	Protracker	0	5548	eba7146a	90078695	Dual_Crew_Shining5.mod
c51df2e0e8e04294f8d8dc788bc2331a	1	184445	player	uade	Protracker	0	50844	3d430122	3a4a3a89	Two_Live_Crew12.mod
c56ee1d23501eb6b66d2bb90566aaa2c	0	69224	player	uade	AHX v2	0	2128	e78428d0	50443c92	Lightforce9.ahx
c56ee1d23501eb6b66d2bb90566aaa2c	1	276681	silence
c5a5602044016b0f658fb14f59ee8faf	1	83330	player	uade	Soundtracker II (15 instr.)	0	25388	57a0fc90	74b93c43	Tartan_Army_and_Kefrens_and_The_Supply_Team1.mod
c5a78c835c8d531fcaedb82061558b01	1	192141	player	uade	Soundtracker II (15 instr.)	0	50440	613ddf06	d171a6df	Quartex5.mod
c5d8a81eace98f72e473ae5c3ff4b3dd	1	230541	player	uade	Protracker compatible	0	59716	e7ea8ee1	0c98f72b	Prime_Evil1.mod
c5dac8e82e387f0d28b928c676aa5744	1	220489	player+silence	uade	Protracker compatible	0	93304	69d1efa0	41bb47b1	Genesis_Project1.mod
c5f4cb66452c0d657890d2cd66f77caf	1	71816	player	uade	Protracker	0	12760	0b651254	420cb405	Hellfire19.mod
c60b3d399d535969156524de76888214	1	76920	player	uade	Protracker	0	11080	f81441af	b0b3e102	LSD9.mod
c642f71ce139dd8060ca3e0cbabf5dbe	1	84616	player	uade	Protracker	0	55692	1a501b39	88e185f6	Alpha_Flight11.mod
c6e203baec08ecc097fc318e20e5c5b4	1	161397	player	uade	Noisetracker 1.x	0	32010	ca31f909	5c10dec7	Thrust8.mod
c6eaa7193f7d97b7c3f20ab4a641a28a	1	134551	player	uade	Protracker	0	49908	439f4a38	7291add8	Disarm1.mod
c6f51818d67b919e957ca1f68af34b8c	0	23028	player	uade	PumaTracker	0	3836	27c8e869	529c903c	Kingdom1.puma
c82a6f2fcee2b114707300e20b8743c3	1	38520	player	uade	Protracker	0	43674	0e9230d3	f90814cf	Prestige4.mod
c835f23fd3e229fe5f5608e778453c4e	1	35968	player	uade	Protracker	0	8416	80092289	5d07baf2	Classic13.mod
c85d95e994d4d47f2dcec8eae2d11efe	1	245893	player	uade	Soundtracker II (15 instr.)	0	63834	6a938b97	c427ac21	Subway2.mod
c887e5e29ffe1e42fd9b95105e30b174	1	91790	player	uade	Protracker	0	12188	13501edc	a55b242a	Anthrox4.mod
c8b50b26336855f40574090a5851034c	1	15472	player	uade	Protracker	0	3676	79c6f74d	0f6d30c2	Abuse2.mod
c8c40fa7ab3c96905d621cc1444e2834	1	138369	player	uade	Protracker	0	7036	11b0ffa8	1285504e	Maximum1.mod
c8cd1c2f998096a995f60b4e8c889eb3	1	45413	player	uade	Protracker compatible	0	27196	d4d18345	1bd893af	Animate1.mod
c8e8fb19f64bfad8acca2afd79e65c58	1	172931	player	uade	Noisetracker 1.x	0	54004	fbe49b3d	06e08778	Scandalous1.mod
c9335a24165df4459baf18070c4ef342	0	47522	player	uade	Ultimate-Soundtracker or compatible	0	33896	2ab791df	f91c62b4	Bamiga_Sector_1_and_The_Kent_Team2.mod
c95dd52104ead73d1a10fe5d5c57a641	0	82582	loop	uade	SoundMon 2.0	0	22556	ecdb2ec4	2fa1e965	Oracle6.bp
c9800ed71f92f18ca08e2d1b47b6e0b7	1	52646	player	uade	Protracker	0	15218	7f2eae25	ae65457a	Prodigy16.mod
c9b47e5dc7bca854125f83a028dd1929	1	76920	player	uade	Protracker	0	12894	aee5c96a	7a3d7fae	Byte_Busters1.mod
c9ca18bc30a4f1599ce9a167c2810fe2	0	105615	player	uade	DeltaMusic 2.0	0	29744	9099f3bb	b27397b9	Paradox8.dm2
ca21c0edfe74d9f9e4468d93f9e3889d	1	107645	player	uade	Protracker	0	11322	ef37aaea	e204ea4d	Faith9.mod
ca332c8ee2aa4f46272d19daf5f2fa40	1	15472	player	uade	Protracker compatible	0	20480	99b5aa40	cb941712	Legend4.mod
ca45dc6b8591ad86365f24985ebcedf0	1	138369	player	uade	Soundtracker II (15 instr.)	0	109344	0b77672c	15c61a7d	Trilogy6.mod
ca67a872c6557962f1672e743f818041	1	307321	player	uade	Protracker	0	58612	61817cbb	d5c65198	Doctor_Box_Soft1.mod
ca83803759347aa0934da4c0713909d9	1	103806	player	uade	Soundtracker II (15 instr.)	0	58292	6877cbbd	be4a7f56	Invisible_Crime1.mod
ca8999707a8c487da9eb58d0a3db98c4	1	311159	player	uade	Protracker	0	30434	286ca0a3	557df4aa	Sunflex6.mod
ca91abb5657d23214c14dc2068da2c09	1	230420	player	uade	Hippel-COSO	0	57730	63ad04e4	c958e51b	Endless_Piracy8.hipc
ca91abb5657d23214c14dc2068da2c09	2	62563	silence
cabc1ffb0c93859e8c246c3418174ab1	1	271200	player+silence	uade	Protracker compatible	0	67634	2f4b0473	00f3d50e	Cascade21.mod
cad498ec18ad30164c23c7824c4b681e	1	190674	player	uade	Protracker	0	362342	8a2f0587	115c6ccc	MISTY & DAERON - Reverie of Truth.mod
cae6fdac2745cbef3d4562c3f5b9a0a7	1	274449	player+silence	uade	Protracker	0	103826	2ebd24ca	320ab04c	LSD16.mod
cb49453e985f1d238c8ebb458ee7f656	0	268720	player	uade	SoundMon 2.0	0	32144	6a956006	515c345b	Comax4.bp
cb49f0690c8b76a54fcef8861596a77a	1	46216	player	uade	Protracker	0	7838	6e60d987	ce943da8	Lightforce3.mod
cb6198036d7ae742a65a8ba59ff25fca	1	62995	player	uade	Protracker	0	10486	8667df94	637f2053	Prodigy20.mod
cb682e0f3f8c646272fafccaa83ffbed	1	147873	player	uade	Protracker	0	22736	3804e38c	8a12f875	Hoodlum5.mod
cb69b87e6ae3953032e85a8f64c874ec	1	70852	player	uade	Protracker compatible	0	54404	050d799e	7732b278	Subway1.mod
cb77713d046130ebb4b8150eccae0c71	1	19310	player	uade	Protracker	0	15042	cfd32c03	f584a24b	Wanted_Team8.mod
cbb217d49c4c800d7e887dc4ac2c4d4a	0	243559	player+silence	uade	Ultimate-Soundtracker or compatible	0	108560	2834f3be	e1cbb274	Ikari_and_Medway_Boys1.mod
cc1f65e071af137a78167e0aa3b4d87c	1	61568	player	uade	Protracker	0	44872	436e04e7	21339717	Legend18.mod
cc2060b82718b6620aebd1a9620cd216	1	123921	player	uade	Soundtracker II (31 instr.)	0	64316	527fce72	fc2e3a43	Wizards2.mod
cc2368cf23d442fcf246f5d4e1e00a95	1	27006	player	uade	Protracker	0	7872	6e601d5c	5435ee11	Heresy_and_Zenith1.mod
cc243d814733fffd6edaeb775107759f	1	30824	player	uade	Protracker compatible	0	4816	634bb582	e369491f	TRSI17.mod
cc31bf48bd205b3d321ae3d008db2a15	1	91690	player	uade	Protracker	0	49502	8b0d415f	1da47088	Freezers1.mod
cc3d3f653c2ff19bdeb8b9df0f63e7e7	0	170554	player+silence	uade	Ultimate-Soundtracker or compatible	0	56392	d00fdf94	ee5ca0af	Fairlight_and_North_Star3.mod
cc6ff5db961ae460422f204004f9eb37	0	455778	player	uade	FutureComposer 1.3	0	25058	ef40c938	0c7e37f1	Apex_and_Urgload1.fc3
cc7e0a4f57e2cb55588347122783070a	1	140921	player	uade	Protracker	0	212236	575f34e7	9bf42058	LSD14.mod
cce82cdcde64a360f69448328dae7431	0	69184	player	uade	FutureComposer 1.3	0	25388	8d7fa8ad	6dd26621	Defjam_and_Angels1.fc3
cd1e57a539e14649a5232128c44e63fb	0	47522	player	uade	Ultimate-Soundtracker or compatible	0	28472	705f7812	41bd5f2c	Megaforce2.mod
cd2a7aba86cf3a7fcb505c6ada60f1b4	1	199995	player+silence	uade	Protracker	0	368238	f789cb60	f8737d5a	SLICE - 57 Remix.mod
cd2bb31c207b2c774660ca4399e73d3f	0	198330	player	uade	ChipTracker	0	163816	5f660173	9e54205b	Flashtro3.mod
cd6714870d68e3daead897bc54a4c25a	1	46216	player	uade	Startrekker (4ch)	0	7820	c7414bf7	b148a4af	Punishers4.mod
cd917bde750471b8ccc976925ed5732d	1	199797	player	uade	Protracker compatible	0	100934	3c2281ee	90af9d30	Genestealers1.mod
cd917bde750471b8ccc976925ed5732d	2	188283	player
cdaec9b4ec25fd539c4a4cd43ac4e22f	1	32110	player	uade	Protracker	0	12492	b9a77155	040e7668	Hellfire4.mod
cdbe51a7784ec5c7bfcb22dd107005f9	1	169093	player	uade	Soundtracker II (31 instr.)	0	69896	59eb040f	af18fee8	Band1.mod
cdc43184c2daa9c273a1ccaac0e6d40d	1	250595	player	uade	Protracker compatible	0	114764	71fed51c	aecb4977	TRSI18.mod
cddf01edcf0a65b7bf1b372f99ba65fd	1	6510	player	uade	Protracker	0	12538	5f6f0175	5e04c922	Prehistorik - Bonus.mod
cdebd984b183f41f1ee180339a3d8377	1	19310	player	uade	Protracker compatible	0	32256	b4b8b829	79922dff	Classic3.mod
cdee11f38414586b20a10496ea876444	1	182154	player	uade	Protracker	0	50676	04d9bfd4	bf8fbbb6	Cave6.mod
cdf56b2633ddbe9210b138b310c71e0c	0	95970	player	uade	ChipTracker	0	48566	6536ddfd	bed10010	Ministry5.mod
ce1aedcab64e6568aa92111f3c99db1e	1	107645	player	uade	Soundtracker II (15 instr.)	0	42292	c3161931	d0d0255f	Ackerlight5.mod
ce77fdbbfb73e3d64b87b956bf247e5b	1	84616	player	uade	Protracker	0	11920	c013f159	1e77e751	Talent1.mod
ceacb21941374d329500c276bc6b8c94	1	92272	player	uade	Protracker	0	27780	741890d0	c88bd450	Katharsis2.mod
cee1484107819e073683df6dc5541835	1	103806	player	uade	Protracker	0	27780	3bba52d2	89c4f285	Wartec1.mod
cf0601920df055e488ff83be7ec51a00	1	20275	player	uade	Protracker compatible	0	27756	33ecbe8c	4bd01624	lotus24.mod
cf400ed81217dba7db610d40ae45e300	1	30824	player	uade	Protracker compatible	0	40964	d5ce1dc8	6731347d	lotus23.mod
cf45b906488ca61fe962e0124219f321	1	84616	player	uade	Protracker	0	15220	2c31ea85	d54729e9	Ivory1.mod
cf7abfc2193c7b32f21ea9f801972777	1	163969	player	uade	Protracker	0	18908	02b03dd7	85862c55	Wanted_Team3.mod
cfd586b05afadbacd3d6d7708d940328	1	92272	player	uade	Protracker	0	30090	bd669b1e	b1a20528	Accession9.mod
cffee941bf1542ee6394281d55f401d3	1	25720	player	uade	Startrekker (4ch)	0	69276	8d036ff6	13b59feb	Awesome3.mod
d0013560dd3a010c20a59e641fd57de8	1	8872	loop	uade	MON	0	9444	3293132b	7e9740e5	Betrayal3.mon
d054c33f43880ada3c84e5ac6d280954	1	378902	player+silence	uade	Protracker	0	208702	dff6e01f	6e369bcc	MOBY - Pelforth Blues.mod
d057e606f752e261086719de3672fc9f	1	69224	player	uade	Protracker compatible	0	13756	4346f4a0	b6140919	ACU_and_Omega_V1.mod
d0809fb9e1d46d837e409d19bce31b16	1	19330	player	uade	Protracker	0	5590	97eb0b3a	bfab449e	Cave1.mod
d0c63e44241aa6ae7903f8d0ae8a6e80	1	238197	player	uade	Protracker compatible	0	49360	7dc394c6	a3918d1c	Zenith36.mod
d0f2118a4f0054f53b3684824e870c1d	1	30824	player	uade	Protracker	0	19212	46ff3711	33efa40a	Supplex13.mod
d1143744b89e5a91b9eb095a92c5b054	1	66478	player+silence	uade	Protracker compatible	0	97240	a94c0990	b6d2e64a	Dynax5.mod
d127001f86bbd017757b1f8f477f79b8	1	333396	player+silence	uade	Protracker	0	567384	2dd8f3f1	5c30febd	MARC - Generation Love.mod
d1b4a2c15dcd1730244e2334eae30876	0	285298	player	uade	Ultimate-Soundtracker or compatible	0	76412	d87461ef	3f042041	Bamiga_Sector_1_and_The_Kent_Team_and_Inertia4.mod
d1c42c807fc2e95b0a66ed6c807ec05a	1	44910	player	uade	Protracker	0	11698	b60c8190	eb8fde24	Hellfire3.mod
d1e391d07b083928347d9ab10bcf52d3	1	86525	player	uade	Protracker	0	31490	4b0a300c	a853fc93	Hellfire7.mod
d1fa79fafba750d1ae7618b14f86ac5a	1	289847	player+silence	uade	Protracker	0	406354	0d60e8fa	7ca1a61d	JOGEIR LILJEDAHL - Guitar Slinger.mod
d228e8319ab2db51eb023d1706a0d691	1	46216	player	uade	Protracker	0	11110	505fcef9	343dc386	Gothic1.mod
d2e301187992a1231fe45fc17b7ceb74	0	112648	player	uade	David Whittaker	0	25088	ccc1b8a1	3cbf89d6	Prestige7.dw
d2e301187992a1231fe45fc17b7ceb74	1	89620	player
d2e301187992a1231fe45fc17b7ceb74	2	276517	player
d2e301187992a1231fe45fc17b7ceb74	3	143392	player
d2e301187992a1231fe45fc17b7ceb74	4	153640	player
d2e301187992a1231fe45fc17b7ceb74	5	61468	player
d2e301187992a1231fe45fc17b7ceb74	6	111382	player
d2fd9a6ffa2037d9493a44516de9239c	1	61568	player	uade	Protracker compatible	0	11846	84cc82cb	4531f15c	Palace1.mod
d2ff627eccd84587cc650afc713bc2f0	1	148597	player	uade	Protracker	0	18030	40ed1db3	c7a137ec	Prodigy5.mod
d32fbe6802a6edb3573359dd5bd8c8d8	1	102520	player	uade	Protracker	0	23644	2923dc52	c6e1ca06	Orb1.mod
d33594b3af4e3e657967c9b3549d42b9	1	115321	player	uade	Protracker	0	38484	183166d7	45038196	Pulsar1.mod
d364bea8a673812b10890eaf10937688	1	230541	player	uade	Protracker compatible	0	69154	5951a623	071ae3ec	Agile4.mod
d37fcbcf26bfe595576e899423c7453a	1	31306	player	uade	Protracker	0	8600	a318421b	668b2d92	Bad_Brothers1.mod
d3a51af90203747abeec210a00f74c57	1	230541	player	uade	Soundtracker II (15 instr.)	0	123358	955b5fd1	3297a2a9	Ackerlight10.mod
d3c2fb3d4b15875e757d2861285fd700	1	338628	player	uade	Protracker	0	122420	31d27de8	bdba79ad	Legend26.mod
d41235caa51094d32b8d59b6f12f4938	0	187625	player+volume	uade	SUNtronic	0	6400	ff7d5599	73c421cd	Vision_Factory3.sun
d41730f4c783d667c72bd54d624fb152	1	256141	player	uade	Protracker	0	35412	71c52149	31c03f93	Aliens1.mod
d492a478fbdae81ab62ebd7922b1714c	1	126835	player	uade	Protracker	0	21018	a7704237	3e92dbd3	Delight20.mod
d495956e351781a218c908a98f354231	1	80758	player	uade	Protracker	0	30000	bdd1e5d9	737ca025	LSD3.mod
d4c01637b83b5791103e7eb40fba36fa	1	38520	player	uade	Protracker	0	13596	cce4832a	56b9e821	Crest2.mod
d4e33bef1b1b8cb101bea80c6037437d	0	168972	player	uade	Sonic Arranger	0	18184	04880d46	7cbf61bf	TRSI_and_Zenith4.sa
d4f5e7d61ef83099aacf40619ccd0034	0	409038	player	uade	FutureComposer 1.3	0	44868	19c0225f	450ceaa4	Cascade1.fc3
d502b25cdf84b95f4674a283d4948572	1	137826	player	uade	Protracker	0	355708	2d258fb8	c3c5c1cf	TIM HAYWOOD - I Want You (Tim Buk 2 Rmx).mod
d513b6c839a9ee27df37138205cb18fd	1	23168	player	uade	Protracker compatible	0	36968	8db0d3f5	20e2dd55	lotus27.mod
d52372f8c59e380f6a10551f64272cde	1	281721	player	uade	Protracker compatible	0	152356	e1cdf139	36ee1a4a	D-Tect2.mod
d5a7539994dea27560767a9719910ccf	1	30824	player	uade	Protracker compatible	0	6690	d00c4f8d	e9c4db07	Agile9.mod
d5b5edb0d0e848c4084aed231e9b5b93	1	161397	player	uade	Protracker compatible	0	49262	35f6c86d	8ebf3a99	Zenith14.mod
d5eb818a6fa2250d66b12e4dc6aadb53	1	299284	player	uade	Protracker	0	373538	0e885758	51b27979	OTIS - Live In Amsterdam.mod
d5ed2c04f50b35c87af676bcbb2619e9	1	211331	player	uade	Noisetracker 1.x	0	55806	7147abb2	b27afd22	Agile10.mod
d614e0c1309168ddbb2518ec873d5d75	1	115321	player	uade	Protracker compatible	0	23632	14c7cd8c	30226797	Supplex10.mod
d67ec1c15ed3f7ca0430cb7c76ec3b2e	1	98381	player	uade	Protracker	0	43492	591e7f02	ae979013	Medicine1.mod
d6f3f27bc0c24a1ed2b267553fc5e83f	1	80758	player	uade	Startrekker (4ch)	0	12054	0fbb6194	c86c0861	Delight10.mod
d71a3460639fe4d21057590f85ecb977	1	51320	player	uade	Protracker	0	4576	2eb2dbd9	0fd531f1	Backlash7.mod
d73b79bf323450558a8624e1f5401045	1	138369	player	uade	Protracker	0	84210	2d9a8751	fc99b0f4	Sweet_Dreams_Lodge1.mod
d773140b4a845352a505d832e45cddfe	1	61568	player	uade	Protracker	0	18394	ffce58a7	47e2339f	Vision13.mod
d780a3ed2fa35dd99fd64eceef440157	0	76900	player	uade	FutureComposer 1.3	0	14938	bf1874c5	7af2d439	Anthrox25.fc3
d7869c23398597fe457348b8524aa9b8	0	76900	player	uade	FutureComposer 1.3	0	10336	5500dd7f	7d31934a	Diamonds_and_Rust2.fc3
d7fdbcc346a792a20a5e75f9ff07bc80	1	41072	player	uade	Protracker	0	5712	8b74b9cd	980d6804	Alpha_Flight7.mod
d82478320be0be8d79caf7d5e6cce0e0	1	199958	player	uade	Protracker	0	47482	465a1d8b	2e3eba2c	Ministry8.mod
d8267ec96ef0dcdd5fa00c8d9ae2daea	1	31427	player	uade	Startrekker (4ch)	0	8006	6ef56cf6	26a7f4df	Illegal1.mod
d839410d1f479a39235c6193787352bc	1	99968	player	uade	Protracker compatible	0	31028	5c169a77	d021152a	Megaforce4.mod
d83c40771236c3dfb437ffd841393286	1	76961	player	uade	Protracker	0	10236	895289aa	3565f21e	2000_AD2.mod
d8497ae79c5635b8eaf4838d0cc9c89f	1	67315	player	uade	Protracker	0	42258	586d0331	aa3aa1fd	TRSI5.mod
d87bbe49ad80a0f5f3e84ad2fb8247e0	1	38520	player	uade	Protracker	0	8296	4d9f9de5	80eaf420	Supplex34.mod
d88c39a27f44f723866af77f49947ce4	1	207169	player+silence	uade	Protracker	0	230652	4d22af21	d3b29503	TRAVOLTA - Condom Corruption.mod
d890056ad981a582c46a24bae4dd0021	1	30824	player	uade	Protracker	0	5036	e60ee9b8	3041d069	2000_AD5.mod
d94975000f44981a5036e5706ab2b222	1	46216	player	uade	Protracker compatible	0	9900	1586fd28	67f361d9	Classic11.mod
d959314e785998f52b82ea89d87d6b70	1	99968	player	uade	Protracker	0	54608	028ca16d	eb3c464c	Prestige9.mod
d95e55397029bfb446bf4a5a9d9563f0	1	134531	player	uade	Soundtracker II (15 instr.)	0	44456	d171c588	7423ed48	Defjam4.mod
d9c72d7fc1e78e0438010e2fb9639fb9	1	56424	player	uade	Protracker	0	22588	286d6638	bb0dcb29	Scoopex5.mod
d9e58af92c94e5dcb30665e6d3fc704e	1	253569	player	uade	Protracker compatible	0	114620	04373535	277588a1	Endless_Piracy9.mod
da501807232f6384b05c515040cd4ca3	0	176648	player	uade	Mark_II	0	27742	769c2597	cf1dfd3e	Energy6.mk2
da635618060c3afcecae6da4ee16321a	1	246014	player	uade	Protracker	0	102288	35522372	6a29c44d	Progress4.mod
db0f7bd07a1dc0d46e11704369805109	1	20596	player	uade	Protracker	0	7606	60e23167	f434a7d3	Decade1.mod
db55c2d73002303d647e4f8c4bf37060	1	198531	player	uade	Protracker	0	107480	963db7e0	4ab45433	Venture3.mod
db83be3a79ee3ad3d9c0635318d2564c	1	46216	player	uade	Protracker	0	7000	ccd3242f	2ea62bb9	Ministry6.mod
dbfe3e38d10b8188cb23ebac5b7ada0e	0	286805	player	uade	FutureComposer 1.3	0	18108	cd388cf7	f5e809df	Oviesoft_Amiga_Division1.fc3
dc1c180f2658f8d672157a78680be8ee	0	86345	player	uade	PumaTracker	0	2320	c5a56e28	5b01d0cd	Punishers6.puma
dc5469c7e415d7a01544e587ecada5ce	1	120324	player	uade	Protracker compatible	0	27410	7b9f80e7	702899e9	Anthrox7.mod
dc83993f16ee65f4af8840ea6b51fec2	1	53872	player	uade	Protracker	0	8674	e4ed5699	fe65efa1	Anthrox1.mod
dcda83e33ebea989459d87b2a906f4df	1	38520	player	uade	Protracker compatible	0	44380	ac76ec84	625a8700	Hotline_and_Megaforce1.mod
dd0ee74e524b4580b417fbc5e515a08a	1	138369	player	uade	Protracker	0	64086	675fb90f	ea252b52	Wanted_Team22.mod
dd52c8e02ab6e9e289056ad2286dd358	1	112769	player	uade	Soundtracker II (15 instr.)	0	73722	ee8b06ad	4183f0a8	Beastie_Boys1.mod
dd660b9272233199fcdb1ac122684fdc	1	25720	player	uade	Protracker	0	6194	e572de49	7ffb28e0	Zenith7.mod
ddcfbb5ce590fb26043c4bf325c6580d	1	69224	player	uade	Protracker	0	55952	05953ca5	ee31bac0	Black_Monks8.mod
dddc73c49bd0ed4626f0e9a8f1ee695a	1	64120	player	uade	AudioSculpture	0	9846	7e1c11c4	f508b0ef	Supplex14.mod
dde9b838b3bcce79b11ee766fb95d3f5	1	48125	player	uade	Protracker compatible	0	7546	fe1f4d51	f2e18d90	Hellfire12.mod
ddeeeaac5104d6cb2565877af39c44ea	1	138369	player	uade	Soundtracker II (15 instr.)	0	60788	c492c09a	672d762e	Cascade10.mod
ddef200b09b0d92cbf6178ea356907cc	1	112668	player	uade	Jochen Hippel	0	18856	2754384f	6b5550bf	Thunderloop1.hip
ddf7a07885ae95b9d7d73615a003f567	1	51320	player	uade	Protracker	0	11466	5cd0c298	44f77e3a	Delight21.mod
de609fb85baa66cda169a6855c4b5d70	1	166524	player+silence	uade	Soundtracker II (15 instr.)	0	93032	5b0e9928	9f660142	Vision_Factory_and_Beyonders1.mod
de938e87547b9813721230744dddbef1	1	61568	player	uade	Protracker	0	10872	1b0305ea	ac4db7b3	Noxious1.mod
deb96139ce4b3abbdbee280fd3586405	1	51320	player	uade	Protracker	0	8480	e3dde5ea	8591ab3c	Planet_Jazz1.mod
deee475f7e58da81dcf741b2bd730cda	1	70530	player	uade	Protracker	0	16814	5bdfc33d	861bd579	Mystic1.mod
df270b5ef90c02594be37c861563653d	0	158612	player+silence	uade	SIDMon 1.0	0	18858	54d4af54	00b199a4	TRSI1.sid1
df3243f9a734a1a0670e5fc1de9231a2	1	61568	player	uade	Protracker	0	17960	2c68171d	22e0836e	Classic9.mod
df4efc7d1b0b5164a265f45d5bdbd635	1	146045	player	uade	Protracker	0	23344	310978f4	0a137be0	2000_AD1.mod
df57e9ef40c27f928ee286df59887b7f	1	62674	player	uade	Protracker	0	14736	885cf06e	a06cc780	Equinox3.mod
dfa0c739c872c4a7eb657f1478642f58	1	242256	player	uade	Protracker	0	679674	ec652787	b80a8c53	SCORPIK - Field Day.mod
dfaf62bbac4093996a9c4b1b576db6e0	1	41072	player	uade	Protracker compatible	0	65362	df58e74d	a1f8d33f	Lightforce10.mod
dfd67a17c39527b6339a50150673cdaa	1	153721	player	uade	Protracker	0	66464	995762be	aa13ca39	Dual_Crew_Shining4.mod
dfefce0f7c4f387ff5049999b162a2b3	1	92272	player	uade	Protracker compatible	0	31446	c6fc39f3	1fe19aa1	Back to the Future 3 - Ingame 4.mod
dfefce0f7c4f387ff5049999b162a2b3	2	39163	player
e022ba0edbf77d372640dc36ef9581be	0	277361	player	uade	Ultimate-Soundtracker or compatible	0	82764	20cd408b	2123f633	Megaforce1.mod
e0b093ba33196b0067ba2acf8c088efa	1	112427	player	uade	Protracker compatible	0	79594	94004b31	04454712	Route_66_and_Synergy1.mod
e10b1107d94c6c31cd0c7423a763f8ac	1	20596	player	uade	Startrekker (4ch)	0	10286	31528ba0	fda493ee	Legend14.mod
e1634701d200533fe44b5519eed8c2b8	1	96130	player	uade	Protracker	0	10700	30046417	e4714d83	Fairlight12.mod
e1b35aba144686c8d3b83cede8398dcd	1	51320	player	uade	Protracker	0	12686	3a8c361c	42b23c78	Backlash3.mod
e1ba01b65c4babded7e3740b3a1af5a6	1	76920	player	uade	Protracker	0	67276	31fa73a9	ecd25180	Immortal_Souls4.mod
e1f4b21235ec66adb0d7e788447fe243	1	192141	player	uade	Soundtracker II (15 instr.)	0	71844	6b461a32	74d525cc	ACS_Team2.mod
e24c22dfcfc3b4ef06b2612e451fdede	0	184045	player	libopenmpt	Master Soundtracker 1.0	4	71962	9b4e088f	6724379a	Magic_Arts1.mod
e263d3bce8c3d96495a08c7f91a9bfb7	1	130693	player	uade	Soundtracker II (31 instr.)	0	58972	bc39b1ea	d15329e5	Suxxess1.mod
e2d16520f671975334b9755150572d11	1	30824	player	uade	Protracker	0	30338	31c3f87c	6de33397	Origin2.mod
e2d1be0a24383491e9ccc6473c982044	1	230541	player	uade	Protracker compatible	0	62214	c4f81f67	2b2c55be	Legend10.mod
e30541b018a581d39f5a46f1eefb57e4	1	315017	player	uade	Soundtracker II (15 instr.)	0	111384	cd7a2756	c66d25c8	Thorax2.mod
e349bf26481ff63694cbdfe25ccd5990	1	23168	player	uade	Protracker	0	7730	eb34b67b	63b344b7	Two_Live_Crew1.mod
e36ded756043b179aba510fb3aa2570d	1	116124	player	uade	Protracker compatible	0	58398	3777ecee	53e0cac5	RIB - Stardust (Title).mod
e37e40ef14c1a213a3749ce5a800320a	1	170057	player	uade	Protracker	0	23724	ef154a08	9f622235	Crucial1.mod
e391bdb663182220d491a5ad714b4e0d	1	199797	player	uade	Noisetracker 1.x	0	79536	8f9f6b98	0b3b9712	Magic_Arts2.mod
e3a77d36e7420221cc97493dbdf66fe6	1	277823	player	uade	Protracker	0	139930	50ca38d8	03f37e3d	Immortal_Souls6.mod
e3aa0099473d93583c00dd3782a77f47	1	63122	loop	uade	MON	0	7884	e9dc88b0	16c7544a	Conspiracy1.mon
e3e082403a8ae41e53750ac678cd64a5	0	132644	player+silence	uade	Sound Master	0	81804	2aaabaf4	9d2cde71	Punishers9.smpro
e40b999547720717b8e0ed7ee2880b9f	1	35164	player	uade	Protracker	0	18516	6a8360f8	8f5bbb8c	Wanted_Team28.mod
e41bddbdf82d26507d4517a95693d2a1	1	276597	player	uade	Protracker compatible	0	47616	6ff233d1	1c9eb660	Paranoimia3.mod
e43a20a8e1dfb211331aa08cee896a36	1	399494	player	uade	Soundtracker II (15 instr.)	0	56232	8f4b627e	7ea3eb56	Alcatraz1.mod
e45d268ebbfad4af24e0434527bc5c65	1	148860	loop	uade	MON	0	10480	4ad4ddec	f63fbfa4	Atlantis1.mon
e476442c45e1d1b69122abe39dd0ad9b	0	0	nosound	uade	Sonic Arranger	0	40846	dfa4ecd5	7ad3c4e2	Infinite_Perfection1.sa
e476442c45e1d1b69122abe39dd0ad9b	1	0	nosound
e486d4d0d7a509dc7112346dc4226e88	0	38420	player	uade	Sonic Arranger	0	13124	cd793bbf	dc5ea59d	Alcatraz2.sa
e49c68162de023c33ed11c45e682fcd9	1	92272	player	uade	Protracker compatible	0	26262	8371a271	9d032759	D-Tect1.mod
e4a5fc4a7f2ff2044f3639e807793847	0	61508	player	uade	FutureComposer 1.3	0	25336	375cf5dd	f1b96809	Shining3.fc3
e4e4f1b3664e47ad61e0d091e53738db	1	152746	player+silence	uade	Soundtracker II (15 instr.)	0	56588	b94a06a3	49ec7d0e	Black_Monks5.mod
e50a338180876b07cebcb97fb03e3c6c	1	60363	player	uade	Protracker	0	16160	781f1ca5	eb1cf199	Medicine2.mod
e50a338180876b07cebcb97fb03e3c6c	2	84737	player
e52f68e7c1f51af144a5818aa3f7db35	1	46216	player	uade	Protracker	0	20682	96865d08	fa5dd56d	Skid_Row8.mod
e5336ade0a0453605b20725a12a80104	1	84616	player	uade	Protracker	0	13980	c7b63267	70a67144	Skid_Row31.mod
e53f097ae3a9253efb01f5ed0d8663f8	1	199797	player	uade	Soundtracker II (15 instr.)	0	55280	2918cf1c	19190b92	Ackerlight7.mod
e5545dcf4801606b3166675681e8155b	1	30824	player	uade	Protracker	0	6486	e8fd90e8	8f65458c	Supplex16.mod
e55b82622d53b4d729e152c3422c80f4	1	111000	player	uade	Protracker	0	91316	ad844c44	9239ede7	Zenith17.mod
e55c18199d3fed62d2a45646aaa84ab3	0	231269	loop	uade	SoundMon 2.0	0	61190	e8fe069a	00eef2a1	Dynax6.bp
e55c8c09eb7d093efee4a121b3d6d44c	1	38520	player	uade	Noisetracker 1.x	0	38224	5f36283c	8c876b13	Supplex29.mod
e5836a53f70d3999ee1a182c3a146ab8	1	146045	player	uade	Soundtracker II (15 instr.)	0	72788	93bc5d90	a2cae685	World_of_Wonders4.mod
e5912bd0d6cd981fca9555ed89332a03	0	7575	player	uade	JamCracker	0	9106	1741149a	cbf2373f	Crimewatch2.jam
e5ad846555b979f73eccae61be1b314e	0	103003	player	uade	Ultimate-Soundtracker or compatible	0	41768	a61e2f53	1a77a2db	Unit_A1.mod
e5b7ff7088b9eb549c1953a137d6bfb3	1	99968	player	uade	Soundtracker II (15 instr.)	0	58780	f558ae13	ab67ef05	Warfalcons1.mod
e5bde52757ff77fddfc9e52b7c8f7ab1	0	79231	player	uade	Ultimate-Soundtracker or compatible	0	40440	a9c60fd9	b76ddc5a	Blade_Runners1.mod
e5feda5fc8e78ba84c881f462ef7cd84	1	95467	player	uade	Protracker	0	29648	7474b706	7a9de593	Paradox16.mod
e622ee3e5054bb455c054ca068f3145a	1	26926	player	uade	OctaMED MMD0	0	7106	5254bd1d	60e9b2a9	Hellfire20.med
e6381b6e75da4956f8a4f780e052477d	1	51320	player	uade	Protracker	0	14678	e1c4d1d0	083f45fa	Faith8.mod
e6641e06a07be3d2aa88a51b0e8de0d0	1	265103	player	uade	Protracker compatible	0	68444	0ab8d025	e49abaad	Bloodsuckers1.mod
e6706d99992ea393abea5fa13c37cfc1	1	69224	player	uade	Protracker	0	9218	b3e16108	b86f5888	billy-jo-remarkable.mod
e69a0822c2175da94d4480d556d679d6	1	20275	player	uade	Protracker	0	14032	867c48b0	0e6dddbf	Legend1.mod
e69cc6f2a20e58de1dccfad454c1e664	1	221025	player+silence	uade	Protracker	0	238902	3aaf5baa	3a582572	STATIC - Human Target.mod
e69fe7315bc42fe6153d5019ad7b9069	0	79231	player	uade	Ultimate-Soundtracker or compatible	0	47520	b67b7d4f	2ce75889	Joy_and_Magnificent_Force1.mod
e70adacd89995cdb23ceff36e579caa2	1	322693	player	uade	Protracker	0	204728	b236d1f1	102cc2dd	JESPER KYD - Global Trash III v2.mod
e732ec5ebd4a26c2c90ead7f44da24a1	1	331917	player	uade	Protracker	0	285004	ed2dd9fc	96b42ea1	JOGEIR LILJEDAHL - Physical Presence.mod
e73fa3299c19e758681497c7a73e5283	0	63377	player	uade	Ultimate-Soundtracker or compatible	0	53520	0cef6950	9ed68348	Bamiga_Sector_1_and_The_Kent_Team1.mod
e7498eab54e3d63ffd4eebb65126d2da	0	76056	player	uade	Ultimate-Soundtracker or compatible	0	47338	fcb92df6	1e69bca8	Crash4.mod
e752e90e0ce38feacab552998de10a05	1	122997	player	uade	Soundtracker II (15 instr.)	0	95430	fce36bdb	9314072d	Piranhas1.mod
e78c6e227c551035a42c99c92c84dd57	1	199937	player+silence	uade	Soundtracker II (15 instr.)	0	109150	d398d81c	1780d27f	Spreadpoint3.mod
e799b848b39d21cb4af191a41dfff232	0	46116	player	uade	Beathoven Synthesizer	0	37580	531370ae	b081a6aa	Tristar2.bss
e7c6e34fae6096d21e1f99ce35144f4b	0	110920	player	uade	Ultimate-Soundtracker or compatible	0	55720	20dd4587	86830afa	Mygon2.mod
e7cab7a271a09e393a93a5b0c724426c	1	89720	player	uade	Protracker	0	29570	8ae9d8c9	180b256d	Dual_Crew_Shining3.mod
e7da12e6a7b994026660a891ade9ed3c	1	53872	player	uade	Protracker	0	17212	acafed0a	57c89d49	Prodigy1.mod
e7dbaa51737ad4d73205dcbe02fab69e	1	84616	player	uade	Protracker compatible	0	32522	5b1a5a15	8843c5dd	Fix_Ltd1.mod
e7fe0f00eadd220ad8f9421fc4ed98c8	1	77885	player	uade	Protracker compatible	0	72378	8565972a	233ea368	Synergy1.mod
e7ffd6229a73bcc3504f15cdb93cb09c	1	25720	player	uade	Protracker	0	3310	723c1c8d	5c4de7e6	Hoodlum12.mod
e82b2b48a15e0ed02250c724047de7fd	1	76920	player	uade	Protracker	0	12606	23baeeec	d0719a6a	Hemoroids_and_Skid_Row1.mod
e8520fc36ad9a517017efb1bada5ec02	1	160131	player	uade	Protracker	0	40238	b4cf5cd3	923bde9b	Palace3.mod
e85dffd481f673cd647c6e2b3097be6d	0	122956	player	uade	SIDMon 1.0	0	11152	3da3cdf2	162194cf	Alpha_Flight2.sid1
e8a505fb59c1402b7caa1ec83d142cd9	1	277120	player	uade	Protracker	0	94708	a90029ce	4685ee02	Faith3.mod
e90ce854aac2a1fd336dc493c463c701	1	107645	player	uade	Soundtracker II (15 instr.)	0	54414	f3cd0cbd	1680916b	Phenomena1.mod
e95976a08b6ffd09cbca52d52f0b38b1	1	62834	player	uade	Protracker	0	26162	73bfcc22	ace64449	Paralax1.mod
e960078621481132fa7a8ecd0c08646d	1	146045	player	uade	Protracker	0	127078	e6891c2e	579d5eec	Fairlight6.mod
e9daa8cbedede445b2406bb87930430b	1	99346	player	uade	Protracker	0	20692	319f9541	55e63ecd	Quartex10.mod
ea26d4b47a35fd73f9dd1f934f1332e1	0	230344	player+silence	uade	David Whittaker	0	9968	63b00d0c	bf7d33d2	Magnetic_Fields1.dw
ea26d4b47a35fd73f9dd1f934f1332e1	1	3637	player
ea26d4b47a35fd73f9dd1f934f1332e1	2	5626	player
ea437ae312644f29016494d087e92f93	1	146045	player	uade	Protracker compatible	0	68626	6d37a802	bdff1d8e	Paradox5.mod
ea5df69bd2654efd8d3db5356cd6c028	0	121610	player	uade	David Whittaker	0	47632	5bb713b0	0f683e22	Infect3.dw
ea5df69bd2654efd8d3db5356cd6c028	1	103706	player
ea5df69bd2654efd8d3db5356cd6c028	2	924	player
ea5df69bd2654efd8d3db5356cd6c028	3	3235	player
ead9a1229ebc1ebce2d36d29cf002e35	1	145623	player	uade	Protracker	0	23396	4a565ec3	6169f91e	Micron1.mod
eb477df7de3fa90e4a7e436857d87d60	1	99968	player	uade	Protracker	0	34122	666d648e	54daae15	Warfalcons3.mod
eba6f402b2d5f25022b6ccde2bc04cce	1	319476	player+silence	uade	Protracker	0	225928	39484f1c	7d629194	CELSIUS - After Taste.mod
ebc9da06a6ec8805ba56b7ac2bd71ef4	1	157579	player	uade	Soundtracker II (15 instr.)	0	134837	7bb1e510	4df9d391	Subway4.mod
ebe05ea92837fc2f600e488594f08fd0	1	68441	player	uade	Protracker compatible	0	58036	4c2f7255	ab09688f	Crystal7.mod
ec21f6e3ec5453a3b18af288b1bfa39c	1	15472	player	uade	Protracker	0	7646	67be65e0	6159857e	Thrill_Kill_Kult1.mod
ec4f60b61f2a1e10c5de8ea1c466d066	1	38520	player	uade	Protracker	0	19244	870df043	53238886	Gothic3.mod
ec7b7e2756b698cfed265d59c5f6d526	1	61568	player	uade	Protracker	0	15960	659a8a5d	9be9ea05	Vision_Factory_and_The_Company1.mod
ec8703e23b5c67bee24ace62f901e46d	1	57730	player	uade	Protracker	0	26086	f0387dbd	1cfea321	Spirit1.mod
eca8501689433c9b1a16cd4a681ccf53	1	57730	player	uade	Protracker compatible	0	48546	b69afb17	43fd843c	Crystal12.mod
ecc87a3516c588ecd1e09ca219316397	1	163547	player	uade	Protracker	0	240242	689da4e5	6b5d47b9	TRAVOLTA - Testlast (9 Fingers).mod
ece0afc1dbe55c9b5bf4ca23f9923f30	1	92272	player	uade	Protracker compatible	0	18000	47445413	c121cb12	Sunflex1.mod
ecf74a808559f97ee725128f87898630	1	199797	player	uade	Protracker	0	155768	9df5ceb3	b470a3a6	MARK KNIGHT - Acidic Lampshade.mod
ed524cca446f8d6ffacde9aa68e2ab7f	1	138369	player	uade	Protracker	0	15410	f5176cf4	10a7a21f	Lightforce7.mod
edbf92b918cc3c2eeff8000a328ae553	1	34401	player	uade	Protracker	0	19172	13f557b2	1fab0cd0	Delirium2.mod
edc199b07f86a3a119892d94e180dbb8	1	164244	player+silence	uade	Protracker compatible	0	87524	76763362	27704006	Savage3.mod
edc6fa2011f65919873d294a6138cf77	0	272719	player	uade	FutureComposer 1.3	0	66072	93f5902e	a5b4fd3e	Tristar1.fc3
ee18aa8f231c7cf12bfce76d2507b7b3	1	107645	player	uade	Protracker	0	60622	be866471	a0a70264	Two_Live_Crew8.mod
ee18aa8f231c7cf12bfce76d2507b7b3	2	98682	player
ee3225c21c83d888a7af7f2c958cb87e	0	293677	player	uade	SoundMon 2.0	0	9162	7a267ab5	79cee92f	Zaracon1.bp
ee43eb66844b87279f0600724a9536e1	1	23168	player	uade	Protracker	0	8500	e2d732ad	6cdc9de4	LSD13.mod
ee78465ce57bfa97a926f0b95f6a72fa	0	47541	loop	uade	UADE	0	976	88c1cc43	5b5e76cb	Fairlight10.cus
ee86fc9b00fa98fbf619383618e6c622	1	138369	player	uade	Protracker compatible	0	59062	6cc6d660	3506de56	Venture4.mod
eeb02831bce148ad20ea9f20b8d87c85	0	161316	player	uade	Synth 4.0	0	22232	09d4c564	d75d0426	Energy8.syn
eebd1834e763199a02c8a9cc8676a70b	1	30824	player	uade	Protracker	0	39880	d32d64aa	9cd8a010	Magnum_Force1.mod
eee136b4c97ce71f653f9c120ee0eaad	1	322693	player	uade	Protracker compatible	0	77944	dea7f1e5	d6616f68	Bamiga_Sector_1_and_Quoram5.mod
eef020015521f62ff123706ccea34f57	1	107645	player	uade	Protracker	0	17484	69928052	5e729d0a	Nova_Acies1.mod
eef5d73f8b0833886be88e74f10b8c52	0	150569	loop	uade	UADE	0	8404	6bf4d9dc	037775d9	Skid_Row27.cus
ef39ff1ca4ab4dc22f83a4778a103af0	1	245893	player	uade	Protracker	0	75668	9fc1e2a5	95f403ba	Zenith33.mod
ef46263068b0f33ee8ceb16413566c07	1	42358	player	uade	Protracker	0	90928	218d2d7c	4c0179d3	Parasite1.mod
efc55409a03492ba04fbf00b7d1bb0d5	1	122997	player	uade	Protracker compatible	0	43366	1111a266	78866a77	Two_Live_Crew14.mod
efcdf002f1da3eca5e73b976d432f1f5	1	89881	player	uade	Protracker	0	64544	9eaf736b	cc2d016c	Skid_Row37.mod
eff2ab81d30b0866b413b845f248095b	1	115321	player	uade	Protracker	0	72962	cfc88373	17e21ea7	Tarkus_Team6.mod
f0105483095f969f727c0fc91279809a	1	46216	player	uade	Protracker	0	9936	fbc79b66	a0c50eed	Legend6.mod
f0398534a677c59bf9cd916c2b4f041f	1	143493	player	uade	Protracker	0	57424	fc72b11a	f6e21485	Animators1.mod
f051713232f45e29f82ae77729b91479	1	69064	player	uade	Protracker compatible	0	106660	f5f5f1d8	72dbf4d6	Angels_and_Defjam1.mod
f05e0b2681857be1492bbdb5e031df57	0	30784	player	uade	FutureComposer 1.3	0	1664	00636cdc	1f81a281	Pirates1.fc3
f0a211dc261c1e4727668e1978ac5c22	1	92272	player	uade	Startrekker (4ch)	0	13088	73413ce5	219910b1	Supplex33.mod
f0ad52e878cff017782aa11ca3e30ec9	1	30824	player	uade	Protracker compatible	0	126938	af71cf8c	27c8759d	Vision4.mod
f0b7695dd2eb5d5746370d8232d585fa	1	69224	player	uade	Protracker	0	53220	d586c2e0	79f2ea11	Wanted_Team7.mod
f0c614bc55a8999f61d795d8d0dc0d7f	1	255498	player	uade	Protracker	0	84090	1d734962	956a2814	Legend25.mod
f107fa5bb1e17268e93effc0a8686ca3	1	107645	player	uade	Kefrens Sound Machine	0	27680	fa8133d5	2235fae9	Kefrens1.ksm
f15a9931542a35d0baf26b3b8573687e	1	82687	player	uade	Protracker	0	14122	3905494b	3d693909	Darkage1.mod
f1b887b3f607e02cd6825c319191b9aa	1	120123	player	uade	Protracker	0	136660	77db1344	a240b9b9	GREG - Odyssey Part3.mod
f2128af8371ae64a25df7092b8d681c5	1	42358	player	uade	Protracker	0	16282	f6038bdd	b18993d8	Corrupt4.mod
f265e4f5deff2e5485580be9545382e9	0	110920	player	uade	Ultimate-Soundtracker or compatible	0	41144	7c2d2259	7597ff66	Trilogy4.mod
f2e00ab64cc19560a7013b7a052e1781	1	20596	player	uade	Protracker	0	6722	432ea251	8952fb97	Legend2.mod
f34773a1030b7b8129ce90ba2206ae46	1	146045	player	uade	Noisetracker 1.x	0	62916	2cfb4b96	2445c66f	Mad_Monks1.mod
f3484eef519cc32aa319b13c1f1e7b07	0	88394	player	uade	FutureComposer 1.3	0	8826	aaf15423	8f6e263b	Abnormal1.fc3
f3b1b5ae2c4872b3e4dd65af5d725323	1	7796	player	uade	Protracker	0	2140	0157e57c	771e995d	Crystal3.mod
f3cf95204984e53d5d75fa7a2a0352b6	1	96432	player	uade	Protracker	0	12726	dbd92c59	cfbc1740	Dual_Crew5.mod
f41430be8a4b548995f3cc9865516ce3	1	15472	player	uade	Protracker	0	34488	4f66cb9d	5f552830	Effect2.mod
f428c42c9ff12d6cb3abb6bccce1cb74	1	10368	player	uade	Protracker	0	7820	d238616e	b16887e7	Legend17.mod
f431e96dbd644084fdb3d57c5539fb63	1	82044	player	uade	Protracker compatible	0	26314	d48ef111	d5ad36c2	ACU5.mod
f43ecd8edec70c5d566359642af7c51e	1	51320	player	uade	Protracker compatible	0	12280	524ef2e5	ee674aa1	Classic2.mod
f4804c132df15759b24fc9663e0e72a3	1	401704	player	uade	Protracker	0	960394	2e8e2f97	e76b34be	CELSIUS - The Live Act 1.mod
f49b6df6167db29b7137e4fced6c8752	1	84616	player	uade	Soundtracker II (15 instr.)	0	56070	c456ab79	c7a1880e	Decade9.mod
f4e05efae71007aee431c5e5446065ea	1	183440	player	uade	Protracker	0	632850	47b786b7	8926a867	SIDEWINDER - 2 Bad Sheep.mod
f50a0071a6eb4d133558ae0b3682a730	1	199797	player	uade	Protracker compatible	0	43484	ca32df4a	c0792041	Accession7.mod
f50d5880f6c2a6e5ca5ca9aad8c98f23	1	138750	player	uade	Protracker	0	52100	bdd2591e	24a26330	Triangle_3532_1.mod
f56c95ed7c187644864c127b935d14bd	1	70530	player	uade	Protracker	0	11918	73cd8a3a	188660f9	Toxic_Prelux4.mod
f59572c0246d8dcd644615cb2b6cf5a9	1	104811	player	uade	Protracker	0	26804	0d7f0d35	04dafd3d	Pulse4.mod
f5aefdd19566e5674f67294a997eb2cc	1	82366	player	uade	Protracker compatible	0	9968	4cdee750	6611eb1a	Shining2.mod
f5c4142936200af0347a50251d67a01d	1	192061	player	uade	Jochen Hippel	0	8724	5fc7a951	d57cf34c	Angels2.hip
f5c4142936200af0347a50251d67a01d	2	0	nosound
f602bedce714d42c182ad10efafb52b9	1	345721	player	uade	Soundtracker II (15 instr.)	0	101194	e1912e5d	9d0167e7	Top_Boys1.mod
f60c5631b2cac85d66a5a98bcf08a286	1	133285	player	uade	Noisetracker 1.x	0	136642	f6ff86f8	0b32d838	Vanish2.mod
f711b563204acd8588721130f63d2573	0	199094	player	uade	FutureComposer 1.3	0	17988	bab0e76a	0fd1fda3	Miracle2.fc3
f7147e3a785d2c9dc1a07a0a21e9cb43	1	59016	player	uade	Protracker	0	11092	3b315dda	cf26e467	Supplex26.mod
f775517dd31b1b058a069bc2a5f97c92	0	251519	player	uade	Mark_II	0	35594	14a4a478	e7694d70	Cascade5.mk2
f7893bf9a611d462ee7f9a18375a35d6	1	284293	player	uade	Soundtracker II (15 instr.)	0	67126	43853cb7	c4c7ccd3	Quarterline2.mod
f7c9dac11f220c0c45ccee2f20d5e5a9	1	209944	player	uade	Hippel-COSO	0	17388	66414e78	e0664c5e	Razor_1911_3.hipc
f7d3c610927412906e1571757fcb66c0	0	30623	player	uade	SoundMon 2.0	0	9782	7a6e39cb	e1d7b0f5	Dynax1.bp
f8028a0b90e4f1fdbe0d828ff9dc1808	1	53872	player	uade	Protracker compatible	0	48406	1a70b7c8	f096d257	Paranois1.mod
f8251bd523294daeeefc0285df62f535	1	288111	player	uade	Protracker	0	545548	3e954931	2bf7d388	AZAZEL - Fracture.mod
f82afef225db237b9a919ea26b1ed275	1	76920	player	uade	Protracker	0	23058	86a961d5	845cdeeb	Supplex41.mod
f8bd79d2107ad46cc6e3af84427113cf	1	69350	player+silence	uade	Protracker compatible	0	22474	ebae1665	f70eb91e	Prodigy21.mod
f8c4c37474ccdc3baa278452dc176f49	1	53872	player	uade	Protracker	0	15924	5c15520c	d5af15b3	Zenith27.mod
f94562afbc3c02da146cfce6b725c631	1	96130	player	uade	Protracker	0	12236	275b622d	5fa7d751	Ethic1.mod
f9a30ab6d144e4cf613702a0a64f0442	1	130693	player	uade	Protracker	0	16346	b17fc65e	01e77970	Anthrox3.mod
f9b89e911bdb91decf3adea1860af0c9	0	280234	player	uade	SoundMon 2.0	0	8822	65dd8075	33cf244e	Company1.bp
f9bc350a848fcd670c52075d1c7bddcf	0	79578	loop	uade	UADE	0	11048	c88384bc	b565aef1	New_Age1.cus
f9bc350a848fcd670c52075d1c7bddcf	1	55919	loop
f9bc350a848fcd670c52075d1c7bddcf	2	94169	loop
f9f2a060d80b6d6c3dad513cf9be803b	0	359767	player	uade	FutureComposer 1.3	0	23434	ed9acc28	e6f0b21b	Peninsul_Team1.fc3
fa0d6276b1e5da5a18d766e194768362	1	176769	player	uade	Soundtracker II (15 instr.)	0	69124	345bf533	9f71f0a3	Thorax5.mod
fa4afce6c02e53cf324c3b65469ba328	1	32110	player	uade	Protracker	0	18924	b634eaca	0a97ad2e	Legacy2.mod
fa8455ad8005e390c8b6c8ff2658f803	1	171002	player	uade	Protracker	0	33392	e80e3591	ced6754a	Access2.mod
faa2b8a01c064ebb1b0bd4fce5c9117b	1	41072	player	uade	Protracker	0	49624	2aebb916	bcc2f263	Flashtro5.mod
fb222f22e5599b71f5950560dd18c2b5	0	74087	loop	uade	UADE	0	9044	c0e46248	98863089	Immortal_and_Subway1.cus
fb2baaa7f2767ccf7e1c13f4e07565d8	1	30824	player	uade	Protracker	0	8862	6490ca57	0ef69408	Backlash1.mod
fb9d0119b18d161dd4c10c19cb2965a4	1	51320	player	uade	Protracker	0	13332	b2a3ae0b	e75b3304	Mystic4.mod
fbe61cdb32ed2cd5eac849733ccbef52	1	130693	player	uade	Noisetracker 1.x	0	103506	83ea4e6d	1fbe358e	Alpha_Flight6.mod
fbf452ff5996b975d22e3646e74783c0	1	261245	player	uade	Soundtracker II (15 instr.)	0	62314	fe25d055	b66c55cd	Celtic1.mod
fc1b2692632af7b9b7f781876d11442a	0	156936	player	uade	Sonic Arranger	0	26840	68b82e5c	b67e5506	TRSI26.sa
fc1c36086d1b46e5f388249964694707	1	92272	player	uade	Soundtracker II (15 instr.)	0	80916	43baf674	0c142bb8	Bamiga_Sector_1_1.mod
fc42adafcaed29ef741e5da8a9c94b9d	1	138369	player	uade	Protracker	0	58192	091d2fff	bba19861	World_of_Wonders6.mod
fca82ab9485981d0bfae54017ac6792b	1	76920	player	uade	AudioSculpture	0	41050	bf6a5d08	3ed28735	Skillion2.mod
fcae35de136a345b6278bc7c40596b67	0	92152	player	uade	SIDMon 2.0	0	12266	74edb96d	0d05b3fe	Paradise1.sid2
fcb544fc4b913d0f74b61c3651f9a2c4	1	82044	player	uade	Protracker	0	13232	b96d0bc3	fc70987d	Scoopex3.mod
fcdcb53192c739fc1f923938443597c1	1	386396	player+silence	uade	Protracker	0	779136	344ebc05	42581cd4	COUNTERPOINT - Standing Close.mod
fcfc5e21dc8e8aac0b866b188f67e479	1	15472	player	uade	Protracker	0	5200	89f480ed	95216138	Wanted_Team4.mod
fd5824306219d482be2e937deb16ec6e	0	92071	player	uade	PumaTracker	0	5842	fb68dbc2	9fe4be38	Alpha_Flight15.puma
fdd5fc81e754111750e7e7bc46214c26	0	113311	player	uade	DeltaMusic 2.0	0	23298	2379a92d	b0da39d3	Paradox10.dm2
fe1242417edf67828ab0b7ff19414f1e	1	98682	player	uade	Protracker compatible	0	26992	f8fb5892	6599c263	Anthrox9.mod
fef94d064f6e29c29a79f864471a371b	1	44910	player	uade	Protracker	0	11240	76f996a7	46e28661	Comax2.mod
ff019bbc2f92a517390a2b098bd9d4e8	1	192141	player	uade	Soundtracker II (15 instr.)	0	130708	cf503222	fe7637c6	Ackerlight3.mod
ff3d6ff843959d00210ce310f0964998	0	222785	player	uade	FutureComposer 1.3	0	30604	fc76771a	51c0744e	Magic_Arts_and_Analog1.fc3
