003c851f6161b5778751e17a178ac3b1	1	273321	player+silence	uade	Protracker compatible	0	220826	9c223425	553735ed	mods/occ-san-geen.zip/occ-san-geen.mod
004138e7e66b77649ae797642868428b	1	61588	player	uade	OctaMED MMD0	0	14290	3fe03c45	b25a5070	games/cannibal.zip/cannibal.ADF/Audio/title.mus
0113cbbeb9c16ae19f047aa44a4f7a73	1	92413	player	uade	OctaMED MMD0	0	14128	ef45724d	741dd93e	mods/ultima6_soundtrack.zip/MED.UltimaVI-3
011ba8c527423a331a93e1e4e646728c	0	138248	player	uade	Magnetic Fields Packer	0	2246	988f2bcd	ea66361a	mods/kidchaos_soundtrack.zip/mfp.KidChaos Level 3-4 by Pipe Smoker's Cough
0137a3c4dcd56bb7f50ae5b2f344ca6c	1	7796	player	uade	Protracker	0	20954	23362524	832463bb	games/circus.zip/circus.adf/dead.str
01bdf0235e48b16650ff0b2ff8202cbb	0	158382	player+silence	uade	TFMX Pro	0	10560	58ece0f1	67ed72df	mods/transplant_soundtrack.zip/mdat.Transplant-Title
01e453388f651c1f13cdac2d746bf116	0	34582	player	uade	Janko Mrsic-Flogel	0	3432	3173256c	9bddcda4	mods/warzone_soundtrack.zip/JMF.WarZone
01e453388f651c1f13cdac2d746bf116	1	15392	player
02da700e9ec69a3a5a686dc9e1fdf745	1	59332	player+volume	uade	Protracker compatible	0	102930	0dd49b8e	8d20320a	mods/razor-intro.zip/razor-intro.mod
02fe02c32728baddfd030be1b7745cf9	0	322613	player	uade	Magnetic Fields Packer	0	5014	37aa2a71	83880409	mods/kidchaos_soundtrack.zip/mfp.KidChaos Level 2-2 by Pipe Smoker's Cough
037d67870ed151c47c1473d06439bc16	0	138349	player	uade	Amos Music Bank	0	22512	46f073ad	04f6ea4d	games/zalycon.zip/zalycon-a.adf/intromusic.abk
03ebee7f85eb315e1d19488e47a789b6	1	30824	player	uade	Protracker	0	57250	4112c51b	33a53450	lsd-docs/lsd-docs45.zip/lsd-docs45.adf/music.045
0434dd9d9f56cf329bcde5b1ea6f57b1	1	288171	player	uade	Protracker compatible	0	109992	4cef8b8a	706ed022	demos/triumph_musiccoll5.zip/triumph_musiccoll5.adf/modules/mod.nightlight
0442fc46b4c110f0278fa80280f58cb0	1	15231	player	uade	OctaMED MMD0	0	18154	47f0f25e	94bd866c	games/champions-of-dawn.zip/champions-of-dawn.adf/SOUNDS/mod.back3
051cfa26edb17fb7466d48fcbf766c97	0	62493	player	uade	Amos Music Bank	0	132562	40e91957	0090409b	demos/akira-demo.zip/akira-demo.adf/MUSIC
0563ec0bef872e062a4ef195683216be	1	157579	player	uade	Protracker	0	58630	60c1498f	70a81c7b	emerald/b/boulderdaesh360.zip/BoulderDäsh/MusicSets/Standard/InGame3.mus
0563ec0bef872e062a4ef195683216be	1	157579	player	uade	Protracker	0	58630	60c1498f	70a81c7b	emerald/b/boulderdaesh394.zip/BoulderDäsh/MusicSets/Standard/InGame3.mus
0563ec0bef872e062a4ef195683216be	1	157579	player	uade	Protracker	0	58630	60c1498f	70a81c7b	emerald/b/boulderdaesh414.zip/BoulderDäsh/MusicSets/Standard/InGame3.mus
05b4614608cf25fa8f78e34b2f7ca8c1	1	130693	player	uade	Protracker compatible	0	16838	542e8b16	73e56854	games/escape2full.zip/escape2_disk2.adf/ChipModules/mod.subliminal
05cb0609b8b4fb2dad1c452cffd3b417	1	192141	player	uade	Protracker compatible	0	90080	9c80a107	36b46bbc	mods/cubes.of.silver.zip/cubes.of.silver.mod
06140061ca2b5e877aba269adfcad45c	1	12920	player	uade	Protracker	0	80384	4884d400	17798cdb	games/mortal-weapon.zip/MORTAL2.ADF/sound
0669aeadd822e8354afed9f3fa107980	1	142187	player	uade	Protracker compatible	0	169440	6d2ae36f	813f0820	mods/zonewarrior_soundtrack.zip/zone-warrior.mod
06a67edc6b9ea29e8fd2563623a9ca54	0	136018	player	uade	Sonix Music Driver	0	2890	712891b9	e0a87fbf	demos/pictures_exh.zip/pictures_exh2.adf/Scores/Kiev2.smus
0708604d28667c2618e154748f299e72	0	89158	player	uade	Oktalyzer	0	29786	55184d84	9114911a	mods/neverendingstory2_soundtrack.zip/OK.Never_Ending_Story_II-2
0716743fa3b0184c3c4df82d5c0c0b26	0	92071	player	uade	ZoundMonitor	0	5338	4d90e235	3c636f68	games/ataribusters.zip/atari-busters1.adf/Samples/drive.sng
07372e8f8c2393c28a7d354b55bf0eff	1	134450	player	uade	Steve Barrett	0	30966	e9873e76	3df5818f	mods/kellyx_soundtrack.zip/SB.KellyX
0797b1a1e2d1b3427a47f92825de0c5b	1	213381	player	uade	Hippel-COSO	0	27992	921b66c5	3415f107	mods/lethalxcess_soundtrack.zip/HIPC.Vulcanic Plateaus
0797b1a1e2d1b3427a47f92825de0c5b	2	28111	player
0818c49f4aa5edb6751663336e6e55f4	1	65326	player	uade	OctaMED MMD0	0	20756	3d0f740e	7f35310c	mods/ultima6_soundtrack.zip/MED.UltimaVI-1
0878492248ad1e8590cc4fcbe11cda5a	0	330369	player	uade	Amos Music Bank	0	48814	303508de	67198061	games/last-soldier.zip/Lstsold2.adf/wgrze.LSD
08ddfb5d762ae2df672bb8fc5dfbfc2c	0	92071	player	uade	PumaTracker	0	5840	94809132	e1d039d0	tools/pumatracker.zip/pumatracker.adf/Mod.toki4
08e32f839e7764aa60beea9d8a81336f	1	107845	player	uade	OctaMED MMD1	0	74488	b9fc4e18	ba220638	games/super-pengo-twins.zip/super-pengo-twins.adf/Sound/Title1.med
099894631f9d6a4063a4efbe58c2a618	0	190654	player	uade	Sonic Arranger	0	87570	7c74437f	c6d1a2df	games/ambermoon.zip/ambmoo_b.adf/Intro_music
099894631f9d6a4063a4efbe58c2a618	1	38420	player
0a4cb320cefa4abda1b81a86fc0c49d8	1	255157	player	uade	Protracker compatible	0	250700	fa0e1cc8	6cf8df8b	mods/summer-in-gambia.zip/summer-in-gambia.mod
0a775f063fa6a54ebb5ef860a803caa9	1	119179	player	uade	Noisetracker 1.x	0	99948	19f883d3	525b721f	mods/kefrens8.zip/lifestyle.rules.1.mod
0ae6c54b0999cb486cd15ad16fdfd41d	0	107785	player	uade	SoundFX	0	294000	1b6b5375	ef18a4e0	games/tiebreak.zip/tiebreak.adf/0000001f
0b0b735ed8786de99b60d0bf5fa6c29e	1	15472	player	uade	Protracker compatible	0	92452	fcdd640a	0725cd97	games/madhouse.zip/mad1.ADF/mods/Valver4.mod
0b3fa054f3d8d7da7608614dedad61bc	1	169093	player	uade	Protracker	0	136866	3029d0ac	5552edfd	mods/breakoutremix.zip/breakoutremix.mod
0b81855451afa94d5fcc81b3d5dfbfb3	0	27006	player	uade	Amos Music Bank	0	47576	f8c5f4f7	5f81cfc7	tools/karaokeforkids.zip/karaokeforkids.adf/data/Humpty Dumpty
0b9295404a571015c0ca1689cf232993	1	183882	player	uade	Protracker compatible	0	559524	95b95e58	baf54603	mods/wild-mc-arthur.zip/wild-mc-arthur.mod
0c29f92164ebcea2f1176905efb0914e	1	162683	player	uade	Protracker compatible	0	76154	8cfa5553	57a86cae	mods/crown_soundtrack.zip/RUSSIA.MOD
0c8956821f40becc29556e65d5bc43ed	1	241667	player+silence	uade	Protracker	0	217142	ee356fd8	00c654e7	mods/rageisrelentless.zip/rageisrelentless.mod
0cfe941d74f2d8aecbd57eaf4a37c0fb	0	84596	player	uade	Amos Music Bank	0	26122	349ef5e1	15a059f1	games/skatetri.zip/skatetri.adf/cag.abk
0d04f458e60a30fd1df86a6091bde51f	0	107482	player+volume	uade	Amos Music Bank	0	55522	5a3c460b	400c9c4d	games/chaneques.zip/chaneques1.adf/sonido/chaneques.abk
0d90f196c2dd126ac8f5ee71482fd919	1	69350	player+silence	uade	Protracker compatible	0	22474	a2c761c8	8d43984e	mods/spice-it-up.zip/spiceitup.mod
0dc318cdabb5bdbafff91253e94ac2b1	0	158973	player+silence	uade	TFMX	0	7332	8bac59cf	ce8f9916	games/trade_travel_fight.zip/trade_travel_fight.adf/mdat.bach
0ee335547bdfdef5ea17fa05714d4309	0	1627	player	uade	Sean Conran	0	14702	7b900613	c9010212	mods/countduckula_soundtrack.zip/SCR.Count_Duckula-1
0ee335547bdfdef5ea17fa05714d4309	1	622	player
0f69a10015c963c1f20092c311ba5b32	1	149172	player+silence	uade	Protracker compatible	0	105754	53cd33ae	9d92a96e	mods/what.is.funk.zip/what.is.funk.mod
0f9a4eb590b5214effc544ec654b59b2	1	181350	player	uade	Protracker compatible	0	82542	be30eebc	6f5e2016	mods/zalycon_soundtrack.zip/MOD.Level4.mod
0fb8dbb770f99d491ef97d71a35244ee	0	92071	player	uade	Images Music System	0	34444	79afac58	4ffc2603	mods/shadowdancer_soundtrack.zip/IMS.am1-3ch
0fe6cb9ebb1709e04764589fbb4ad920	1	244415	player+silence	uade	Protracker compatible	0	169180	bfb75b5e	ef37541f	mods/search-for-me.zip/search-for-me.mod
104287aeea65820d6e9cbdd6706c978f	1	20596	player	uade	Protracker compatible	0	9012	c6d4f569	5281c713	mods/chipmunks.zip/chipmunks.mod
106bd1a2ecbe3f6fedc4671dd543e779	1	146045	player	uade	Protracker compatible	0	192226	c32a15c4	bf236b8a	games/chaos.zip/chaos1.adf/Chaos/Music/mod.ChaosTheme1
10bfe45ab3e3f3d1dd97ba15ef496714	1	157118	player+volume	ft2play	FastTracker v2.00	16	1054856	94e21bd2	f6c96738	mods/saturday-night.zip/saturday-night.mod
10fc928de984d815d9055a067403071f	1	46538	player	uade	Protracker	0	30984	ff739ad4	4cebd795	lsd-docs/lsd-docs46.zip/lsd-docs46.adf/music
111bbd64093386c9d1f5fb4b458d4ea4	0	112648	player	uade	Magnetic Fields Packer	0	1966	ac6bc635	b48e8a12	mods/kidchaos_soundtrack.zip/mfp.KidChaos Level 1-4 by Pipe Smoker's Cough
1177551260e132521a66f0866591733d	1	152435	player	uade	Protracker compatible	0	53906	454e6e3b	4edc63eb	mods/song-without-name.zip/song-without-name.mod
11e2681a3e915de88d2cfc05cee663b7	1	167485	player	uade	Protracker compatible	0	126708	a2ea47b7	40a8ceb3	mods/visual-art.zip/visual-art.mod
11fa01ab40061680a936aa4226093f67	0	159692	player+silence	uade	Amos Music Bank	0	45814	a040541a	19867b61	demos/manga-world1.zip/manga-world1.adf/MUSIC
121d8543d1ea8e0f9b2ba178b594b96c	1	209755	player+silence	uade	Protracker compatible	0	191246	12e6dc32	798eee84	mods/sometimes-x-rated.zip/sometimes-x-rated.mod
123d2601dc9dc91fab49e8a280658b38	0	98039	player	uade	Amos Music Bank	0	21664	8d9a6316	0a493a4a	games/rattlesnake.zip/rattlesnake2.adf/Data2/Entrance.Abk
12598771fc566875a43effa2cd6dfc23	0	122997	player	uade	Amos Music Bank	0	74134	f15cc073	d128bce4	games/el-senor.zip/ANILLOS2.adf/bancos/201
126bd22a6bb87523d4465ddf7cf10fe1	1	248345	player	uade	Hippel-COSO	0	4796	f992f7ad	5c7cff47	mods/wingsofdeath_soundtrack.zip/HIPC.A Scape of Fire
12c193176c3457952099c102d8c86c83	0	15492	player	uade	Amos Music Bank	0	30358	5362d499	7e11ec90	games/zalycon.zip/zalycon-a.adf/wind.abk
12c193176c3457952099c102d8c86c83	0	15492	player	uade	Amos Music Bank	0	30358	5362d499	7e11ec90	games/zalycon.zip/zalycon-b.adf/wind.abk
130f51ce303be72459726bed6941266f	0	182496	player	uade	Sonix Music Driver	0	9876	24440a72	cee9614d	demos/robhubbardcoll1.zip/robhubbardcoll1.adf/scores/6.smus
13ae848a62b00aa9facfc4eb239d1ea7	0	210790	player	libopenmpt	ModPlug Tracker 1.0 alpha	24	393748	83a48b31	bea6a00e	mods/mirror-images.zip/mirror-images.xm
13bc14ef6d4e26f1ec807ef5de07a8a5	1	222845	player	uade	Protracker compatible	0	86942	31cb2c80	483f380a	mods/seatfahrsim_soundtrack.zip/MOD.-lcd-lattin
13c6f48a6ad35d5b575ee2892d9a05ac	1	97939	player	uade	Hippel-COSO	0	2238	deb513ec	29589b10	mods/amberstar_soundtrack.zip/HIPC.Gwen's Lament
14b3e254fcc5f5305c084421317f22cd	0	71133	player	uade	Sean Conran	0	97526	8966c0ba	2d3cf109	mods/yogibear_soundtrack.zip/SCR.YogiBear
14b3e254fcc5f5305c084421317f22cd	1	6872	player
14b3e254fcc5f5305c084421317f22cd	2	2973	player
14b3e254fcc5f5305c084421317f22cd	3	1687	player
14c900b6c386c574d0ac3605ac15833b	0	107645	player	uade	Amos Music Bank	0	71438	a21623a3	bc066468	games/xpoker.zip/xpoker2.adf/XPDS
1524845a2d586fcea647a90fa4c60665	1	0	nosound	uade	Protracker	0	4156	62592f29	60215ee2	games/diabolik.zip/Diabolik.adf/MUS/kissme
152aae88df130eb636489ae7efa115cf	1	6404	silence	uade	Protracker	0	28946	9d01bb24	7e5f0189	games/booze-o-meter.zip/booze-o-meter.adf/Booze-O-Meter/mod.game over jingle
15e4582f15a3d3c8449457d000d7e67e	1	174728	player+silence	uade	Protracker compatible	0	422700	f3091762	66a70786	mods/world-of-insanity.zip/world-of-insanity.mod
15f8465b19250d127236664246f84369	1	70209	player	uade	Protracker	0	29132	20893ff5	02351f88	lsd-docs/lsd-docs59.zip/lsd-docs59.adf/music.059
16312b0511eddb774a4051d4f04553e2	1	147298	player+silence	uade	Protracker compatible	0	200008	cd91f1bb	990fbd2b	mods/whispers.zip/whispers.mod
163b2b48de8425515fa2a5ef1e16aab3	1	76920	player	uade	Protracker	0	33300	0b0995f7	4e533a5c	lsd-docs/lsd-docs58.zip/lsd-docs58.adf/music.058
167e401710b07eb2dd6c84b6dc44a178	0	783	player	uade	Sean Conran	0	24864	1f4a5c4e	23031a0c	mods/countduckula_soundtrack.zip/SCR.Count_Duckula-2
167e401710b07eb2dd6c84b6dc44a178	1	703	player
167e401710b07eb2dd6c84b6dc44a178	2	522	player
16c703860aa71fba88d0dedb3188c923	0	192121	player	uade	Amos Music Bank	0	80542	05c52602	421d808e	emerald/d/dizzylizzy.lha/DizzyLizzy/dizmus.abk
16c703860aa71fba88d0dedb3188c923	0	192121	player	uade	Amos Music Bank	0	80542	05c52602	421d808e	emerald/d/DizzyLizzy.zip/DizzyLizzy.adf/dizmus.abk
171e745a3d35dbcc5423239d92045fdf	0	95930	player	uade	PumaTracker	0	6426	fbad33c4	12917c05	tools/pumatracker.zip/pumatracker.adf/Mod.toki3
182f9f2403477f9a0662e78f344dd9fa	1	50436	player	uade	OctaMED MMD0	0	22946	0d262ee1	9432038b	games/megaball4.zip/megaball4_3.adf/MB_Music/MBmus16
185fddc64820e5ab8993258ca5826ea6	1	107645	player	uade	Protracker compatible	0	39354	021bd162	34eced89	mods/sleep-well-dudes.zip/sleep-well-dudes.mod
1876e48c115436422b4a870eb003b4ba	1	129708	player	uade	Protracker	0	130374	61164f7e	66053ca4	mods/whispermythoughts.zip/whispermythoughts.mod
18a1ff29db88b1cdceb819de5fe170cc	1	217098	player	uade	Protracker	0	152746	b790c32c	3cab09aa	mods/moleculesrevenge.zip/moleculesrevenge.mod
191f42eef13c4c92862184b98950ef37	0	38520	player	uade	Amos Music Bank	0	34354	9ed6cfe4	482fefd5	games/valhalla.zip/valhalla-datadisk.adf/And/Copyright/B5-03
19c11b03fe974ee128bdaca5f050369f	0	30844	player	uade	Amos Music Bank	0	39122	6ef0efcd	fa37c377	games/valhalla.zip/valhalla-datadisk.adf/And/B3-03
19e37d214168e08ab333952c69b5d9de	1	80758	player	uade	Protracker compatible	0	47492	ce886f79	d13259cb	lsd-docs/lsd-docs44.zip/lsd-docs44.adf/music.044
1a0bb88bf8fbbb575179fa87a4e32b20	1	547830	player	uade	Protracker compatible	0	196744	6b30ec30	4d2dd672	mods/way-to-freedom.zip/way-to-freedom.mod
1a5f90e7b7a79a3a91731a888a4f9fff	0	161316	player	uade	Soundtracker II - V or compatible	0	121466	6c059f93	f3970efb	mods/realgenius_soundtrack.zip/OST.real end2
1aa47d40b3eeaff683d0b3cda760f1ea	1	217503	player+silence	uade	Protracker compatible	0	151060	08eeed79	30229998	mods/atmospherical.zip/atmospherical.mod
1abc40b19b47c1800a2b871be2bb9b37	1	207814	player	uade	Protracker compatible	0	131498	91c09752	bae4978a	mods/zalycon_soundtrack.zip/MOD.Level2.mod
1ade00c576f9a1d11ba8ced497e2e30b	0	322573	player	uade	Magnetic Fields Packer	0	2650	b2a58fcb	e4785fbf	mods/kidchaos_soundtrack.zip/mfp.KidChaos Level 3-1 by Pipe Smoker's Cough
1b9e69967e4cd213d97a6a503244430a	1	212697	player	uade	Protracker compatible	0	147932	3881ffad	09c80e7c	mods/elimination-short.zip/elimination-short.mod
1c307b799f1e3a95954f8a9bfd873b56	1	253147	player+silence	uade	Protracker	0	136192	3106f8c4	5ad07b24	mods/someones-waiting.zip/someones-waiting.mod
1ca6b3a04d25f28780865049cf5bfaf7	1	23168	player	uade	Protracker compatible	0	46168	4742d20d	f821bc6b	games/astrokid.zip/astrokid.adf/Sound/Mod.Flight
1cbfb8abcde4ec43e0e7c06c7eac69ec	1	176295	silence	uade	Protracker compatible	0	641260	f847d1d0	6f4e7cf7	mods/underworld-dreams.zip/underworld-dreams.mod
1cc71720d9d9342b36dbae56f68d77a5	0	159000	player+silence	uade	Magnetic Fields Packer	0	5470	ddde81d9	c757a5a0	mods/kidchaos_soundtrack.zip/mfp.KidChaos Title by Pipe Smoker's Cough
1ce328bcdebc2b8dc0532edfe46b64e5	0	126835	player	uade	Amos Music Bank	0	105406	cb1972c7	bfe3fa31	games/zalycon.zip/zalycon-b.adf/Title.abk
1da8f47ec4513eed65bb16b40b1afa71	1	92272	player	uade	Protracker	0	27424	91490f2d	0aecdfd0	lsd-docs/lsd-docs65.zip/lsd-docs65.adf/Music.065
1dcda8e6f21be4ed88f80bd978484561	1	166440	player	uade	Sound Programming Languag	0	71584	76497822	845f7d50	mods/emeraldmine_soundtrack.zip/SPL.EmeraldMine
1e28eefb2ff12c0a3bd529a7dc8bd328	1	92272	player	uade	Protracker	0	13054	aa12fcdb	9c87e1ad	demos/grapevine7.zip/grapevine7.adf/GRAPEVINE7/mod.bighippysmell.mub.pp
1ef5b6588f273fd2633d6d3d1f343455	1	65406	player	uade	Protracker compatible	0	127112	bfa4a83f	45b3e1d7	mods/loving-groove.zip/loving-groove.mod
1f34e43e9918b916d6f57ae2bcf3a306	1	0	nosound	uade	Protracker	0	11324	6035dac7	b6f8765c	games/diabolk8.zip/Diabolk8.adf/DIABO8/MUS/ricintre.mdi
1f3a7417f4f7468594f83fa71348f49a	1	222845	player	uade	Protracker compatible	0	94734	b5cea569	c81f355d	mods/kefrens8.zip/masqrade.mod
1f592f0f3d62ee60a50f52c83d36e1cc	1	36270	player	uade	Sound Programming Languag	0	38104	d0ac8daf	2a99cd53	mods/westerngames_soundtrack.zip/SPL.WesternGames
1f592f0f3d62ee60a50f52c83d36e1cc	2	10931	player
1f592f0f3d62ee60a50f52c83d36e1cc	3	8982	player
1f9e71d88d55fcb267c69eecc61643fa	0	295687	player	uade	Magnetic Fields Packer	0	3618	0f95bb96	4bed4338	mods/kidchaos_soundtrack.zip/mfp.KidChaos Level 1-1 by Pipe Smoker's Cough
1fb99b6ccd54ffe45a16a4c1add488ea	1	84616	player	uade	Protracker compatible	0	37972	639c795a	1dfeaa6d	mods/no.limits.zip/no.limits.mod
1ffddcda054568e10af4190d646185f0	0	30724	player	uade	Magnetic Fields Packer	0	942	c0e77213	d9e27112	mods/kidchaos_soundtrack.zip/mfp.KidChaos Menu by Pipe Smoker's Cough
21ce432ca5de74a3b1bd95fccf525e8b	1	0	nosound	uade	Protracker	0	16444	3c9a2837	f8358a3f	games/3dtennis.zip/3dtennis.adf/snd/songintro
229e1c92fb61424ec7209b7dc1eef50c	0	7676	player	uade	Magnetic Fields Packer	0	746	23f3e775	1a6d45c1	mods/kidchaos_soundtrack.zip/mfp.KidChaos GameOver by Pipe Smoker's Cough
22bd63ae9c3c2030268137f91489b8bf	1	92272	player	uade	Protracker compatible	0	13324	ba9ac2be	1083a4da	mods/falu-red-color2.zip/falu-red-color2.mod
22d25683831f170543c043144006182a	1	156192	player	uade	Dave Lowe	0	122564	77a613e3	80063750	mods/iss_soundtrack.zip/DL.IncredibleShrinkingSphere
22ee28b260180ae1b9d1d3bd369bb8de	1	80758	player	uade	Protracker compatible	0	29932	a99f5800	e7a182f9	lsd-docs/lsd-docs42.zip/lsd-docs42.adf/music.042
22fbec27f7d1f8c8217cad0503ea6bba	0	9846	player	uade	Amos Music Bank	0	44476	7f7ae12b	d1a5af62	games/chaneques.zip/chaneques2.adf/Dominique.abk
2305b4877197c1c472c5ecabf2473750	1	0	nosound	uade	Protracker	0	3132	de4ccf96	c09647ef	games/diabolik.zip/Diabolik.adf/MUS/st6
232cedee4189ca9ef99116b8561e236c	1	57730	player	uade	Soundtracker II (31 instr.)	0	226548	41ada18e	6736d082	games/furball.zip/furball.adf/Music/mod.furball
2354c33d791e7311e7aa810881e76ce7	0	341984	player	uade	Sonix Music Driver	0	16748	f5ef7271	3e4b65c1	demos/robhubbardcoll2.zip/robhubbardcoll2.adf/Scores/MEGA APOCALYPSE.smus
2354c33d791e7311e7aa810881e76ce7	0	341984	player	uade	Sonix Music Driver	0	16748	f5ef7271	3e4b65c1	demos/verybestofrhubbard.zip/verybestofrhubbard.adf/Scores/MEGAAPOCALYPSE.smus
23c9c2ff6f142f5d106e67118a7e6dc1	0	109473	player	uade	TFMX Pro	0	4568	07d40d35	87dc16ea	mods/kellogg_soundtrack.zip/mdat.T&F_Main by Rudi Stember
23c9c2ff6f142f5d106e67118a7e6dc1	1	92172	player
23c9c2ff6f142f5d106e67118a7e6dc1	2	8057	player
23ef447c8a410e47654fffb8fb36e2a4	1	30824	player	uade	Protracker	0	56926	9cc33a47	2f4f575f	games/conquest_hd.zip/conquest/sfx/selectmod
240fe0b9744fcc47d47377b0c0dbe678	1	21038	player	uade	Protracker	0	37938	f6ab6bc5	f1d123cb	mods/wwf_soundtrack.zip/WWF_European_Rampage/MOD.wwf(hart)
2518a5447016c62a52d1ada32ae30e28	1	96130	player	uade	Protracker compatible	0	87510	9f472e62	50a65eee	mods/intro-pic-tune.zip/intro-pic-tune.mod
251d527c41a7460c045f08bfc199b757	1	230541	player	uade	Protracker compatible	0	193164	a892b1d0	87f8b257	mods/wings.zip/wings.mod
25450943b3cbee1df81b84a138a45a69	0	98039	player	uade	Amos Music Bank	0	19456	3e694923	97ec389f	games/rattlesnake.zip/rattlesnake2.adf/Data2/Pier.Abk
26077b8f38f370e90699c36f4762f289	1	48125	player	uade	Protracker compatible	0	18100	743d25fc	fa006161	mods/1942.zip/1942.mod
267d426252858a6322c405083b238d94	1	290663	player	uade	Protracker compatible	0	369840	fe171937	d660fa58	mods/elimination-part2.zip/elimination-part2.mod
26883b9dfdb6bdfe634d4598d6f52336	1	101717	player	uade	OctaMED MMD0	0	39674	f4d6f597	3d6e6fdf	games/megaball4.zip/megaball4_3.adf/MB_Music/MBmus08
268cc91d48f29b2f4e6f69c627d9b6f4	1	454689	player+silence	uade	Noise Packer 3.0	0	169944	5027375e	20ab6e64	mods/discovery_soundtrack.zip/NP3.discovery-Title
269a0fcd3945d449f5ef73d549326261	1	7796	player	uade	Protracker	0	136894	71d03fca	c22449ad	mods/supertaekw_soundtrack.zip/TAEKWOND.MOD
269a0fcd3945d449f5ef73d549326261	2	7186	player+silence
269a0fcd3945d449f5ef73d549326261	3	23168	player
269a0fcd3945d449f5ef73d549326261	4	5821	player+silence
26a51a11f03db66785b2ce093c2850c0	1	208960	player	uade	Soundtracker II (31 instr.)	0	77682	59c288f5	7251a1b4	mods/crown_soundtrack.zip/INTRO-MU.MOD
26ced97f1327794fa83df1c2db704326	1	130490	silence	uade	OctaMED MMD1	0	120248	eaf15c70	1729f464	mods/captive2_soundtrack.zip/MED.endgood
2718c0a2c02961c9580677f8f8c70394	1	145703	player	uade	OctaMED MMD0	0	63036	2355eb45	0eb52510	games/megaball4.zip/megaball4_3.adf/MB_Music/MBmus07.big
27821175929f08f2fda3cf6638267b01	1	69161	player+silence	uade	Protracker	0	62368	7179f30f	0f4b1068	games/furmyre.zip/furmyre.adf/s/mod.1
27af4e26cce0c56a24ee77c7623479cf	1	145944	player	uade	Hippel-COSO	0	28518	9f676ed5	03877125	mods/lethalxcess_soundtrack.zip/HIPC.LethalXcess-Main
280ed51f39672e4e95c7afc93ed870e8	1	122896	player	uade	Hippel-COSO	0	2102	2f7fee4a	f854edcb	mods/amberstar_soundtrack.zip/HIPC.Misty Orc Hob
28bf8a34313b0d31dfba9d984e55cd2d	0	179883	player	uade	Sonix Music Driver	0	4712	6ee26cbe	af60bf9d	demos/pictures_exh.zip/pictures_exh2.adf/Scores/Catacomb-Mortuis.smus
291bca5fbe4e3b69028d6ed48f16ded4	0	169924	player+silence	libopenmpt	ModPlug Tracker 1.0 alpha	20	919242	3e21647d	ec3e885d	mods/forsaken-the.zip/forsaken-the.xm
2924aad20f41b4cc3b7f326fa7aa10c0	1	161718	player	uade	Protracker compatible	0	103368	7c4b7048	3a1c424c	mods/black-lion.zip/black-lion.mod
293daf2fa7a037e616f787ec61f354a7	0	130673	player	uade	Amos Music Bank	0	19522	41c47420	1303a381	games/magicforest2.zip/magicforest2.adf/mf2song.abk
29667387f136cc2c222733524737db18	0	168088	player	uade	Oktalyzer	0	31636	c738ba70	32f8f3a7	mods/neverendingstory2_soundtrack.zip/OK.Never_Ending_Story_II-3
29b5a409ace6b1be43d14d5358d31b7c	1	99968	player	uade	Protracker compatible	0	37834	7e1eeae2	4976fb1e	mods/dont.say.a.word.zip/dont.say.a.word.mod
29c0f89fff43590cb35440e96051dfbd	1	51320	player	uade	Protracker	0	76118	e037d1d6	7213f5c1	mods/discovery_soundtrack.zip/MOD.discovery-sfx
29c0f89fff43590cb35440e96051dfbd	2	5244	player
29c0f89fff43590cb35440e96051dfbd	3	73987	player
29c0f89fff43590cb35440e96051dfbd	4	111229	player+silence
2b6476907122146a2db85558c62d8677	1	53752	player	uade	OctaMED MMD0	0	7938	3a3da9c9	7519e93c	mods/ultima6_soundtrack.zip/MED.UltimaVI-5
2bc994880c10dd2bea30cfff6bc8c4bb	0	88233	player	uade	Images Music System	0	30652	3ea52941	91c67333	mods/shadowdancer_soundtrack.zip/IMS.am11-3ch
2be210b38e78e865be6c92331e2d2d43	1	21259	player	uade	OctaMED MMD1	0	72104	7f7e8486	5771e4f5	mods/seekanddestroy_soundtrack.zip/mission3.mod
2c037e36c710ab29ec1ae57f20fb84f6	0	5787	player	uade	Rob Hubbard	0	24590	9f418d64	4c0f0114	mods/centurion_soundtrack.zip/RH.Centurion battle
2c257676c36b18468ef6392a4165a6c3	1	201726	player	uade	Protracker compatible	0	51160	d7633778	d165ebba	mods/colorbuster_soundtrack.zip/mod.colorbuster-50's
2cd0b802f88aa6dc6016ef37d64bba28	1	0	nosound	uade	Protracker	0	3132	287aec97	c92c59f3	games/diabolikII.zip/diabolikII.adf/MUS/st3
2db5638485e02d6213793472f588125b	1	159288	player+volume	uade	OctaMED MMD1	0	169552	caf15d9d	68f592d7	games/zombie-apocalypse2.zip/zombie-apocalypse2.adf/Zombie2.mod
2e94983533d3860d8d3086018ec184ef	1	61834	player+silence	uade	Protracker	0	143270	f7ca2238	d2efeee6	games/syndicate.zip/Synd1.adf/mod.pak
2ec2830068fc52e062d58e80c54b7f57	1	0	nosound	uade	Protracker	0	6204	9d899da9	7e747f3b	games/diabolk8.zip/Diabolk8.adf/DIABO8/MUS/bar.mdi
2ec35f0c5bc67052029197e655e64cc1	1	130693	player	uade	Protracker compatible	0	179688	55ba0f2e	a3b81567	mods/tethrahedrons.zip/tethrahedrons.mod
2ed4ee7c82b963ed027142f295fe62fa	1	107645	player	uade	Noisetracker 1.x	0	61876	bf785eb1	b1fbd09f	mods/kefrens7.zip/M.evil-ghoul.mod
2f1e567198016cf9809fe6e3fb5ccf07	1	86425	player	uade	Hippel-COSO	0	2208	ec2ec208	1e539590	mods/amberstar_soundtrack.zip/HIPC.Ode to Schnism
2f3a7d6607b781a0695ebbb52e6cc985	1	46216	player	uade	Noisetracker 1.x	0	22556	70547697	4a55f3fb	mods/agony-sea.zip/agony-sea.mod
2f4e339db4bba06ad2785ef7fd56d691	1	173252	player	uade	Protracker compatible	0	100798	6cae8a8a	fdcf8278	mods/anvil-chorus.zip/anvil-chorus.mod
2f56e48cc8b507ad3a2e172c5811ba3b	1	105072	player	uade	Protracker compatible	0	87544	bf4eb884	205a3f4b	mods/agony-end.zip/agony-end.mod
2fcf85cdae984de912e19b2c253b2dd4	0	48989	player	uade	Janko Mrsic-Flogel	0	3816	b8390a58	84c25429	mods/spacestation_soundtrack.zip/JMF.SpaceStation
2fcf85cdae984de912e19b2c253b2dd4	1	15392	player
2fff685f3e7d669cd4ec21dd5e6c49d3	0	0	nosound	uade	TFMX	0	4184	0840d4be	40c11ad7	games/trade_travel_fight.zip/trade_travel_fight.adf/mdat.cannon
3046bcd3a3230e9d7ff0d3c5b3d8a5cd	1	162482	player	uade	Protracker compatible	0	72710	33c88998	39e9e457	mods/gametune3.zip/gametune3.mod
30620699ae6c0af8f9b2ea2e2cd7486c	1	0	nosound	uade	Protracker	0	2108	15136003	5651eb8f	games/diabolik.zip/Diabolik.adf/MUS/st5
309218c8166e65abcbef8ed2916dcf25	1	81703	player	uade	OctaMED MMD1	0	47508	5a29feb5	bb93b624	games/intrcomb.zip/intrcomb.adf/SOUNDS/MED.JAMES1
313ed23065b111020bbd4b7b6d2bbcc4	1	34682	player	uade	Protracker compatible	0	24486	5358f99b	e36cf347	mods/bog-wraith.zip/bog-wraith.mod
314add9e5674efd3c6dac8d2dd989dbc	0	300831	player	uade	Magnetic Fields Packer	0	3934	7e32074f	d63a3be3	mods/kidchaos_soundtrack.zip/mfp.KidChaos Level 4-2 by Pipe Smoker's Cough
316bf5ab1afd4c6765855f78f32b6ab6	1	146366	player	uade	Protracker compatible	0	166768	ec29f9e1	ab7218bd	mods/lk-doskpop.zip/lk-doskpop.mod
31a17da00e7f501ef83084f4fd17d757	1	170057	player	uade	Protracker compatible	0	260064	92ab757e	6a1ff335	mods/desert-dawn.zip/desert-dawn.mod
31ca6309acab41d2d3828b10ca99d244	1	12217	player	uade	OctaMED MMD1	0	92034	29cdc81e	c6c9f363	games/lost-prince.zip/thelostprince/music.oct
31ca6309acab41d2d3828b10ca99d244	10	15693	player
31ca6309acab41d2d3828b10ca99d244	11	31588	player
31ca6309acab41d2d3828b10ca99d244	12	31849	player
31ca6309acab41d2d3828b10ca99d244	13	28091	player
31ca6309acab41d2d3828b10ca99d244	14	26604	player
31ca6309acab41d2d3828b10ca99d244	15	29739	player
31ca6309acab41d2d3828b10ca99d244	16	13945	player
31ca6309acab41d2d3828b10ca99d244	2	51200	player
31ca6309acab41d2d3828b10ca99d244	3	14387	player
31ca6309acab41d2d3828b10ca99d244	4	61548	player
31ca6309acab41d2d3828b10ca99d244	5	35627	player
31ca6309acab41d2d3828b10ca99d244	6	105756	player
31ca6309acab41d2d3828b10ca99d244	7	40590	player
31ca6309acab41d2d3828b10ca99d244	8	30362	player
31ca6309acab41d2d3828b10ca99d244	9	71234	player
31cc544fb5efad483859a403440161e8	1	99868	player	uade	Sound Programming Languag	0	66712	6460c393	da46dd4d	mods/sanxion_soundtrack.zip/SPL.Sanxion
31de65b22142e5a58f60d02b7417bdf7	1	153721	player	uade	Noisetracker 1.x	0	51210	b0b851d1	e1d55b0c	mods/kefrens8.zip/M.black-dragon.mod
31e3dcf30d98eb84125e9f0280fb4575	1	245893	player	uade	Noisetracker 1.x	0	26266	061fbe4c	23ce5133	mods/towerofsouls_soundtrack.zip/Seelenturm/SeelenTurm-1.mod
3202ef72a9710c33963f069e4beb57c6	1	185128	player	uade	Protracker compatible	0	224484	76657981	40b7ad22	mods/slash-it.zip/slash-it.mod
322bda71a0f1d0ded108506da1330211	0	205664	player	uade	Oktalyzer	0	44524	7b6607cb	e7cf1d18	mods/neverendingstory2_soundtrack.zip/OK.Never_Ending_Story_II-1
323c04a51120b1cecdac1563a0cf7137	1	76920	player	uade	Protracker compatible	0	10452	8259774c	9cd777ce	mods/warning-sign.zip/warning-sign.mod
3289b792e41c9f458f23fb9e0e139a8e	1	230541	player	uade	Protracker	0	132988	6ca7e26c	69463748	games/janosik.zip/janosik.adf/PM/s2.pp
32918e75562a82479b78f58e6a09d932	1	296711	player	uade	OctaMED MMD0	0	176354	b7945f66	bdb75af3	mods/neuronics_soundtrack.zip/- Bernd -/MED.Neuronics2
32aba73b4f10c2ee688dbcd5a0124afc	1	251003	player+silence	uade	Soundtracker II (15 instr.)	0	54216	f5c4c288	e51c6cfb	mods/temple_of_enl_souls.zip/OST.japan1
32b3c59076c84f0071d59c7e4e05e142	1	79030	player	uade	Protracker	0	191952	12c366a6	fad50b01	games/conquest_hd.zip/conquest/sfx/intromod
32bfec0e61179e2669fd3b0d46a88f00	1	315723	player+volume	uade	Hippel-COSO	0	32460	6df22f57	869f52f2	mods/lethalxcess_soundtrack.zip/HIPC.Desert of no Return
32dd81922bd1e8f8fa80ee3754bfa679	1	84616	player	uade	Protracker compatible	0	40452	68a264d5	2f86b146	mods/colorbuster_soundtrack.zip/mod.cb-winner!
32e1963a9111dce7f011cb5d1275adde	1	126674	player	uade	Protracker compatible	0	79898	e37f3135	a8684183	mods/against.time.zip/against.time.mod
32e3c96f81edb788d45adde87a05aedb	1	153721	player	uade	Protracker compatible	0	243280	715fc217	4d6418d0	mods/wicked-winds.zip/wicked-winds.mod
32fcd6a682935c3215cea874a83a05ac	0	1313863	player	uade	Amos Music Bank	0	77690	e2801351	8a9dd6ba	games/eviltower_hd.zip/eviltower/mod/es.mod
32fcd6a682935c3215cea874a83a05ac	0	1313863	player	uade	Amos Music Bank	0	77690	e2801351	8a9dd6ba	games/eviltowr.zip/eviltowr.adf/mod/es.mod
33e6d6945184970afc7680280991c884	0	53451	silence	uade	Infogrames	0	1312	b1eca62c	ce3ff22f	mods/advantagetennis_soundtrack.zip/JINGLE.DUM
33e6f51485e2f3770dd4750798eaaab2	1	61327	player	uade	Protracker	0	31142	c9482ec0	01e92622	games/3dtennis.zip/3dtennis.adf/var/arcmodule
346796798364380ec7c667420d54f1b4	1	30824	player	uade	Protracker	0	26906	169ea81a	72e705af	mods/fifa_soundtrack.zip/MOD.FIFA-win
348cd16a691c9d05a4672526b52b4818	0	115220	player	uade	Riff Raff	0	36800	345e7547	ab42873d	mods/protector_soundtrack.zip/RIFF.Protector
34f91a98e825913cd902e1ce38e48c43	1	7796	player	uade	Protracker	0	16612	6a7d2588	b6108000	games/ontherun.zip/ontherun.adf/ordatas/MUX1.DAT
352d3f5c7a7254c7b522dc3c41b89a7c	1	130693	player	uade	Protracker	0	31842	dba14224	1bb64d6e	games/amigaquiz.zip/nordlicht/amigaquiz22.adf/MOD.Amiga
35e6247f376d223ad0d1715a541a3801	1	61568	player	uade	Protracker	0	55860	b6fe599b	21bf69e1	games/legion.zip/legion1.adf/mod.intro
3619a4a30ee12d489bdca09fc61cf905	1	99968	player	uade	Protracker	0	23856	fa715ba4	afb6bb90	games/kick-it.zip/kick-it.adf/lower/mod
3619a4a30ee12d489bdca09fc61cf905	1	99968	player	uade	Protracker	0	23856	fa715ba4	afb6bb90	games/kick-it.zip/kick-it.adf/upper/mod
369754befb437b90026071081bd36670	1	161397	player	uade	Noisetracker 1.x	0	60080	a0fccf64	65ad2d06	mods/kefrens8.zip/funky power.mod
369ba912917e32b6bfd225e7e445903d	1	184445	player	uade	Protracker compatible	0	87444	7fbc6d0b	9056b738	mods/galactic-thief.zip/galactic-thief.mod
36b85c6a1968ef4f2f97034e514172de	1	152999	player+silence	uade	Protracker compatible	0	118392	1bc81b92	209d35c1	mods/my-little-oliphant.zip/my-little-oliphant.mod
36faf68ef04a158a52627f0b45ada769	1	70932	player	uade	Protracker compatible	0	107812	1c28df27	dc295814	mods/urban-tacno.zip/urban-tacno.mod
3711bcf86d8521fc94bc9be0fe09fa2d	0	146004	player	uade	Sonix Music Driver	0	5696	b411c4b1	51023755	demos/verybestofrhubbard.zip/verybestofrhubbard.adf/Scores/CONFUZION.smus
37c204001ca69dfd3d5ebeceed84d369	1	208678	player	uade	Protracker	0	198974	8fe2a835	b9e4e84b	mods/harmmewithharmony.zip/harmmewithharmony.mod
37d987d7034c47d8b0ed9ff5921e3dc4	0	173352	player+silence	libopenmpt	ModPlug Tracker 1.0 alpha	18	942385	a55a103c	dd343bbf	mods/world-of-unicorns.zip/world-of-unicorns.xm
3878675c8724b0d3bf545592da405a09	0	28835	player	uade	Amos Music Bank	0	36404	859520b8	db190898	games/xpoker.zip/xpoker1.adf/XPDY
395a62de5a700e2e512b7afe8672c60f	1	0	nosound	uade	Protracker	0	15420	2f37cdce	41af954f	games/diabolikII.zip/diabolikII.adf/MUS/to_be_cont_2
39b0cf60caec1ef7a52aa2393bf2fec7	1	130693	player	uade	Protracker compatible	0	79998	4810b9b8	4cdd614d	mods/gametune2.zip/gametune2.mod
39e40d4121a6bc2352038054ef5980bc	1	146045	player	uade	Protracker	0	33716	d7ad1bbc	2e5c2415	mods/towerofsouls_soundtrack.zip/Seelenturm/SeelenTurm-2.mod
3a7aefb0263d0f554cbaf951a1074f52	1	174840	player	uade	Protracker	0	44884	dc6fda5d	24fd3dc8	games/federation.zip/federation.adf/DATA/DATA34
3aa501f72d2c4621635b7363bdd1f9a5	0	7816	player	uade	Amos Music Bank	0	15276	8d607f56	daa290db	games/mash.zip/mash.adf/Mash/sounds/zoom.abk
3afc1dff7850f379aef78899d7e44147	0	0	nosound	uade	CustomPlay	0	8672	12138b25	378a863c	mods/stargoose_soundtrack.zip/CUST.StarGoose
3afc1dff7850f379aef78899d7e44147	1	243482	loop
3afc1dff7850f379aef78899d7e44147	2	32229	silence
3afc1dff7850f379aef78899d7e44147	3	194701	loop
3b3b7c2d929d7c95064c18b1b8391949	1	173200	player+silence	uade	Protracker compatible	0	159072	d814e4f8	f26cc612	mods/acoustic.zip/acoustic.mod
3b3f33e2774b4e5f6778fc9fc2da42a2	1	7796	player	uade	Protracker	0	14076	c9061d56	0a1d962c	emerald/m/megabd.lha/boulderdash/sfx/mod.maptune
3b3f33e2774b4e5f6778fc9fc2da42a2	1	7796	player	uade	Protracker	0	14076	c9061d56	0a1d962c	emerald/m/megabd.zip/MegaBD.adf/sfx/mod.maptune
3b4645cca0435c2e09550be27a8774bc	0	61568	player	uade	Amos Music Bank	0	33732	ed1dcce8	ff90bc41	games/temporal-misplacement.zip/temporal-misplacement.adf/FotoniaMod.abk
3b86a4135358168af340bdf21be54286	1	92272	player	uade	AudioSculpture	0	9276	dfc8742c	9b4f5f7d	games/escape2full.zip/escape2_disk2.adf/ChipModules/mod.gwendalynne
3b98df430448a8919ac0eaf79ba8ea17	1	80758	player	uade	Protracker	0	49352	5ee5ae15	42de422a	demos/bigswitch.zip/bigswitch.adf/mod.im worried!!!!.pp
3c0378cc26342b063a17aea6c38bf5dc	1	191982	player+silence	uade	Protracker	0	159038	da3c6820	69880508	mods/basicinstinct.zip/basicinstinct.mod
3c5b96b864c54abeacc7fde9099add5f	1	144357	player	uade	Protracker compatible	0	101438	32b7df82	8bee97d6	mods/just-imagination-end.zip/just-imagination-end.mod
3c63a9c3fa42fd62a04072ac4d04196f	1	0	nosound	uade	Protracker	0	4156	6870e093	522e2992	games/diabolk8.zip/Diabolk8.adf/DIABO8/MUS/pst.mdi
3c6478f0099922baa4bf87112098c7a7	1	299645	player	uade	Protracker compatible	0	139626	c8c2a5ba	22d1901c	mods/poseidon.zip/poseidon.mod
3cc347073857a61fa43cb8aa062748f0	1	72118	player	uade	Protracker compatible	0	9828	c20f1051	8bf5ae39	mods/supershort.zip/supershort.mod
3cd27b9549989f5cf6644515dfa1b01a	0	222388	player	libopenmpt	SoundTracker 2.0 / D.O.C. SoundTracker II	4	364928	69354bd1	87dcb9ae	emerald/f/flaschbier.zip/flaschbier.adf/HoeHoe
3cd27b9549989f5cf6644515dfa1b01a	0	222388	player	libopenmpt	SoundTracker 2.0 / D.O.C. SoundTracker II	4	364928	69354bd1	87dcb9ae	emerald/f/flaschbier2.zip/flaschbier2.adf/HoeHoe
3ce27ad32c647011c94c9ea6bd186277	0	64623	player	uade	Oktalyzer	0	29298	48fb604c	89c240a6	mods/neverendingstory2_soundtrack.zip/OK.Never_Ending_Story_II-7
3d94971e8207955878b7ae40f3b466a2	1	46216	player	uade	Startrekker (4ch)	0	6440	cc2e06f7	faf9132d	mods/supplex_intro.zip/supplex_intro.mod
3dbaf124945273e5cd47cf10043a64e9	1	200299	player	uade	Protracker compatible	0	132718	91bec233	0075e910	mods/blue-house2-theme.zip/blue-house2-theme.mod
3dbaf124945273e5cd47cf10043a64e9	2	199837	player
3de2b84d334fa7602d283c5f7c8f53e3	1	207392	player	uade	Hippel-COSO	0	3200	a062fbdd	2a992f28	mods/wingsofdeath_soundtrack.zip/HIPC.Cold Lands of Doom
3df6b38495d7923cea7f71e9d8fbb067	1	34682	player	uade	Protracker	0	17000	be3473ef	cc5aa431	games/coin-mania.zip/cmaniafg.adf/CoinMania/Sounds/InGame.MUSIC
3e28e40d44e1dec91c5d3ca6540c3b39	1	84616	player	uade	Protracker compatible	0	15328	afedecfb	2682e016	mods/rebelmania.zip/rebelmania.mod
3e3bc1a338ebb5286ec9fce7c719a477	1	3878	player	uade	Protracker compatible	0	15608	bf70148f	c7a8380e	games/astrokid.zip/astrokid.adf/Sound/Mod.Caves
3ec95278fc6a468c941a6df305fb46b2	0	38849	player+silence	uade	Amos Music Bank	0	48722	ea13b864	7cc7c9a7	tools/karaokeforkids.zip/karaokeforkids.adf/data/Yankee Doodle
3f6de6e298453ba5db18fa864c9f999b	1	91469	player	uade	Protracker	0	143010	d3acec4a	53e77550	mods/wwf_soundtrack.zip/WWF_European_Rampage/MOD.wwf(title)
3f6de6e298453ba5db18fa864c9f999b	2	92272	player
3fb3af573a8c02c49c1c5aa2daba26cd	0	308282	player+silence	uade	Amos Music Bank	0	107674	dde2b6df	84aa38ec	games/regent.zip/Regent0.adf/SFX/Die_Vollendete
3fccc2c9d7e1254b72469ee985fbad24	1	184947	player	uade	OctaMED MMD0	0	102674	7800d373	7062c981	games/megaball4.zip/megaball4_3.adf/MB_Music/MBmus22
3ff5c05c8d8c5288c2194408379cb037	1	62834	player	uade	Protracker	0	84616	7edacbbe	0ff20f99	demos/bigswitch.zip/bigswitch.adf/mod.full of surprise.pp
40f7f416cf6460d7e76eb0276a1c2502	0	61568	player	uade	Amos Music Bank	0	44828	ef317140	a9364df7	games/wo-ist-der-mog.zip/wo-ist-der-mog.adf/music/song3.abk
40faf3c1b56efc783d8628333dad7abc	1	169977	player	uade	Protracker compatible	0	88474	cadcca3c	e3771fad	mods/princess-of-dawn.zip/princess-of-dawn.mod
4144cee6fe5d1081ad771495c8645156	0	7816	player	uade	Amos Music Bank	0	4472	b09752c8	a73e857f	games/federation.zip/federation.adf/DATA/DATA33
418b6f51087846270fffa71fc5cb6ad2	1	166048	player+silence	uade	OctaMED MMD0	0	107826	556d4260	e4fc381b	games/racing-ma.zip/racing-ma.adf/intro.song
418b6f51087846270fffa71fc5cb6ad2	1	166048	player+silence	uade	OctaMED MMD0	0	107826	556d4260	e4fc381b	games/racingmaniacs_hd.zip/racing_maniacs/intro.song
41946b96a14e80b21836f90de2e97726	1	30627	silence	uade	Protracker	0	37986	0273fd6e	e46b7b75	games/booze-o-meter.zip/booze-o-meter.adf/Booze-O-Meter/mod.booze_intro
41d67f2caa6bac3766d8506739c4422f	1	0	nosound	uade	Protracker	0	4156	2937de6a	9dca4fa3	games/diabolikII.zip/diabolikII.adf/MUS/dialogo_2
41da7e60c05a6edf51ff8665ff822dba	1	89720	player	uade	Protracker	0	50254	0a283855	0c817682	tools/frac.zip/frac.adf/mod.frac1
41efba02b0ca5b47a78aad127558e89f	1	23168	player	uade	Protracker	0	4972	a038371a	bcb30170	games/coin-mania.zip/cmaniafg.adf/CoinMania/Sounds/High.MUSIC
425e1a86a0d70961c5c44e3c35ca5717	0	12820	player	uade	Janko Mrsic-Flogel	0	4020	5a0abad1	466f9124	mods/luxor_soundtrack.zip/JMF.Luxor
428d6b53ff108bd6f88338b4d4b3a6a7	1	652943	player	uade	Soundtracker II (31 instr.)	0	135940	0dde95fc	a6021b3a	games/bop-n-plop.zip/bop-n-plop.adf/s/mod.tell-it-to-my-hard
428d6b53ff108bd6f88338b4d4b3a6a7	1	652943	player	uade	Soundtracker II (31 instr.)	0	135940	0dde95fc	a6021b3a	tools/helpline.zip/helpline.adf/s/mod.tell-it-to-my-hard
42a28f685f6624b8c04b1a4d97da12cd	1	194693	player	uade	Protracker compatible	0	109436	af52a416	4cd9cc14	mods/illusive.reality.zip/illusive.reality.mod
4315acd170e82ab0d363b9b8561ea686	1	144136	player	uade	Protracker compatible	0	149478	81d510bb	fb50209d	mods/life-phobia.zip/life-phobia.mod
433f3c8ea29661b3e8ce74e196cbaff0	1	69224	player	uade	Protracker compatible	0	97946	8cc3c637	3b73215a	games/madhouse.zip/mad1.ADF/mods/Valver1.mod
43485b8bc72849e630a1f2c7de4d45cc	1	122997	player	uade	Protracker compatible	0	50000	2327e95c	6130fb76	mods/doskpop-intro.zip/doskpop-intro.mod
4388a7a91591d1db29b2c909f16b5748	1	122494	player	uade	OctaMED MMD0	0	70934	e63e3458	eb6d03ed	games/megaball4.zip/megaball4_3.adf/MB_Music/MBmus18
4395ff0378425043491a8221b6f6caa9	0	126833	player+silence	libopenmpt	ModPlug Tracker 1.0 alpha	14	952230	5da24598	2f2d46eb	mods/i-need-the-actions.zip/i-need-the-actions.xm
440933d919fdd71475a81d43de389264	1	39666	player	uade	Protracker	0	48188	15b70ba8	fcee9f18	mods/fifa_soundtrack.zip/MOD.FIFA-ingame3
44196917ca550b3649c6c0c10a830e9f	1	179268	player+silence	uade	Protracker compatible	0	121568	446db332	4fb9c696	mods/opus-dei.zip/opus-dei.mod
4420c13055ac0afc3324cc3fb393e577	1	217178	player	uade	Protracker compatible	0	150210	0a6460ba	9d47adb1	mods/chip-slayer.zip/chip-slayer.mod
4440746039e3d358c434cdd12320d11c	1	125094	player+silence	uade	Protracker compatible	0	80534	47cd0efd	cf828105	mods/troopjugernort_soundtrack.zip/Jugernort-2.mod
44525f07ae931e6db13e96911acd190a	0	30844	player	uade	Amos Music Bank	0	42360	f689a1a3	42c231ff	games/valhalla.zip/valhalla-datadisk.adf/And/B2-03
446c5e0be62e7b4c772d4a26086eb77d	1	234057	player+silence	uade	Protracker	0	195912	6e85f48a	9fc5c48a	mods/myglamorouslife.zip/myglamorouslife.mod
452a7c96b1a04bfb158ed4393133aea8	0	13160	player+silence	uade	Images Music System	0	30942	92537e1a	d679e933	mods/huntforredoctober_soundtrack.zip/IMS.game-over
456014e632781cf4b5787a7bd2c4350f	1	314232	player+silence	uade	Protracker	0	228354	686f8a25	ec68e11a	mods/wizardry.zip/wizardry.mod
456dd3e57a0235f41865193a3b601df1	1	316263	player	uade	OctaMED MMD0	0	121236	1d3453a1	04de136b	mods/amigacolumns_soundtrack.zip/song.1
457c5daf8b41100e1a4c963947a98742	1	177406	player+silence	uade	Protracker compatible	0	124392	cd18df49	e9ef7638	mods/thematic-hymn.zip/thematic-hymn.mod
459f71938066229111b3b7be7147ca72	1	20797	player	uade	OctaMED MMD0	0	31234	e4a2de3c	04a4870f	games/cannibal.zip/cannibal.ADF/Audio/win.mus
45e90fa888ef22dff35460ea4c0a8e0a	1	19310	player	uade	Protracker	0	31784	f3275c45	bf0d8105	emerald/b/bond05.zip/Bond05F.adf/27
4791c6951b3dbeba8b16122fd9e93c6a	0	158610	player	libopenmpt	ModPlug Tracker 1.0 alpha	16	979701	7e51a254	76b0eaeb	mods/elvis-egen-indian.zip/elvis-egen-indian.xm
481bfd10d8ce2fb7858154644a620a08	1	77001	player	uade	OctaMED MMD0	0	74300	04af8178	5be38af4	games/genocide.zip/genocide.adf/mod.FRAC2
4833c2f401a637951612701d466d1df2	1	179207	player+silence	uade	Protracker compatible	0	315546	b084c5c6	62ef4f1f	mods/compulsion-to-obey.zip/compulsion-to-obey.mod
4842928ad9e1251169f79597ead5bfce	0	245672	player	uade	SoundMon 2.0	0	19130	d3133cff	358b7d06	mods/traders_cracktro.zip/BP.Traders-cracktro
4863e0096e64441191048bb4c2f9f6e1	0	0	nosound	uade	Infogrames	0	1769	a34bee02	fe857619	mods/advantagetennis_soundtrack.zip/BRUITS.DUM
4864603b9eae0792fc0ab44a8b63d79c	0	150988	player	uade	ZoundMonitor	0	6794	e0edfb39	4439b895	games/ataribusters.zip/atari-busters1.adf/Samples/World.sng
488e2be530e085520dabafd965d2664b	1	137372	player+silence	uade	Protracker compatible	0	70728	5b40182d	ac3c49ba	mods/walking-on-jade.zip/walking-on-jade.mod
48d5e706bdc4928e040d82cb0ab27d78	1	0	nosound	uade	Protracker compatible	0	11324	23003c4e	a3922671	games/pushandpull.zip/pushandpull.adf/song2
496c272d803eeb88a78481a847643a35	0	244607	player	uade	Amos Music Bank	0	80076	f774c71e	d5442810	games/colo-conqu2.zip/colo-conqu2.adf/GameMusic
4982d54627b69ac5665905fe19494473	0	102420	player	uade	Rob Hubbard	0	114536	6f5ec18e	590ac064	mods/centurion_soundtrack.zip/RH.Centurion Intro
49936fbd5f093c3e10b18da07a09e776	1	162261	player	uade	Steve Barrett	0	67766	7b4d881e	ec9c79e5	mods/advancedskysim_soundtrack.zip/SB.AdvancedSkiSimulator
49936fbd5f093c3e10b18da07a09e776	2	7789	player+silence
49936fbd5f093c3e10b18da07a09e776	3	4802	player
49936fbd5f093c3e10b18da07a09e776	4	5787	player
499d91bd6bfd86393fc8eb7f2609d4e9	1	297164	player+silence	uade	Protracker	0	189786	c4591434	70e4038e	mods/nazgul.zip/nazgul.mod
49eb1887415f6849ea1bad5b7b02c022	0	242748	player+silence	libopenmpt	ModPlug Tracker 1.0 alpha	22	782299	1fe404b9	baa3108d	mods/ooo-uh-uh-uh.zip/ooo-uh-uh-uh.xm
49ec6730bbee48dce381ed18757b052e	0	308828	player	uade	Magnetic Fields Packer	0	4290	446a01d8	1535cfca	mods/kidchaos_soundtrack.zip/mfp.KidChaos Level 4-1 by Pipe Smoker's Cough
4a086d10f698c3f47b81c54f63436155	0	38079	player+silence	uade	Amos Music Bank	0	48714	b6e2ac7d	af58b8fb	tools/karaokeforkids.zip/karaokeforkids.adf/data/Little Brown Jug
4a6b5d853946f202691c2b21d871ccc3	1	93800	player	uade	Protracker compatible	0	88136	31fe7ae4	433a5555	mods/physical-compo.zip/physical-compo.mod
4a9b78f9f47708b252a550786f0213b9	1	35287	player+silence	uade	Protracker compatible	0	46094	0d43d73f	33b3d3a6	mods/memorial-intro.zip/memorial-intro.mod
4ab4dee1002b47bf11b327370b47df27	1	84262	player+silence	uade	Protracker compatible	0	81234	102a6e08	814c0cc9	mods/tango-love-song.zip/tango-love-song.mod
4abf620f4aa016fcee7a289472e46062	1	76306	player+silence	uade	Protracker compatible	0	50942	1eb4d93d	aa37e4a9	mods/jazzparty.zip/jazzparty.mod
4b512b45e987d61b8a6dd88a629adb69	1	195677	player	uade	OctaMED MMD1	0	79482	98cdc78d	708bb141	games/child-murder.zip/child-murder.lha/CM1/Mod.Music1
4bdfc4eb3047592df51ef546f0ea48af	1	102520	player	uade	AudioSculpture	0	7228	b2401665	f2d0fd51	games/escape2full.zip/escape2_disk2.adf/ChipModules/mod.winter-sun
4be7564c4e8058c8c344bbc3003ebe4a	1	383901	player	uade	OctaMED MMD2	0	140582	5b553184	cc235c45	mods/captive2_soundtrack.zip/MED.Ingame
4be7564c4e8058c8c344bbc3003ebe4a	2	86586	player
4c09093a9c653022374bf90bd052d7e5	1	101877	player	uade	Protracker compatible	0	33912	27350ea6	50acce09	mods/over-the-fields.zip/over-the-fields.mod
4c49b04d73ade845809908894cb0c78a	0	180989	player	uade	Oktalyzer	0	33534	c2bf016e	cf266bf7	mods/neverendingstory2_soundtrack.zip/OK.Never_Ending_Story_II-8
4c608dab0fa58d6cbec4763b1019c187	1	134531	player	uade	Protracker compatible	0	62810	0e693801	2c10ccad	mods/welcome-home.zip/welcome-home.mod
4c9d73e2ab4459eab00ba1a9da5d4d9e	1	92272	player	uade	Protracker	0	48000	230a9580	884e63d7	lsd-docs/lsd-docs47.zip/lsd-docs47.adf/music.047
4ca4b50865bb3fa021b76a073df85609	0	40395	loop	uade	UADE	0	25640	b7756d3e	40303186	mods/guldkorn_soundtrack.zip/CUST.Guldkorn_Intro
4cd4a3e84a24bf2d33d466349600e0f9	1	26042	player	uade	Noisetracker 1.x	0	2426	73294945	9cbb60c5	mods/chaos-orb.zip/chaos-orb.mod
4cf1b7678f678e361060a8b088d32922	1	30824	player	uade	Protracker	0	24650	4073b96c	f9eeea91	lsd-docs/lsd-docs64.zip/lsd-docs64.adf/Music.064
4d01919afe58310c3e0c8c5e265ffc4d	1	366190	silence	uade	OctaMED MMD2	0	131644	1879de20	cc601c8a	mods/captive2_soundtrack.zip/MED.Captive2-Intro
4d0e22d576179f046e9088a93080d44d	0	37502	player+silence	uade	Amos Music Bank	0	48594	d9b33d7b	9a17048f	tools/karaokeforkids.zip/karaokeforkids.adf/data/Wee Willie Winkie
4dbb870a1eec11984340465775be6657	1	0	nosound	uade	Protracker	0	10300	52a2ce94	ff632e4a	games/diabolikII.zip/diabolikII.adf/MUS/Diabolik
4e29ee4bbc43224ffcd75b5b18035725	1	161397	player	uade	Protracker compatible	0	176622	46c9d1ae	79d5ea23	mods/spell.zip/spell.mod
4e3b39264a19424d286dac0516478e8a	1	256877	player	ft2play	Fasttracker	14	443781	36cd2dfb	543e7cfd	mods/actual.reality.zip/actual.reality.mod
4e743f4a0252c26e927ecaa2fdcad90b	1	128040	player	uade	Hippel-COSO	0	2382	6f73a65a	c2c86cb0	mods/amberstar_soundtrack.zip/HIPC.Erik's Revenge
4ebb1dd1efa250fa02bbf1e1f9bc256a	1	270850	player	uade	Protracker compatible	0	142336	7b927023	21424ad2	mods/full-eulle-med-klas.zip/full-eulle-med-klas.mod
4f1dc3cd2768e28f2582797dc2cc37ca	0	37073	player	uade	Amos Music Bank	0	31792	bc696f93	d4a738aa	games/xpoker.zip/xpoker1.adf/XPDT
4f42af3d038f535c8657b358567a7b20	1	181129	player	uade	OctaMED MMD1	0	104856	f8653d13	d2267f91	games/inner-demons-graphic-edition.zip/id1.ADF/Mod.Music
5026c839f6339f2e5469c1b8d65d0114	1	120686	player	uade	OctaMED MMD1	0	160704	57fecb01	e9b22aee	mods/seekanddestroy_soundtrack.zip/title.mod
50b0f71c56230abf4c769cc110aad46e	0	138268	player	uade	Magnetic Fields Packer	0	2138	0cbd0f9f	307909f3	mods/kidchaos_soundtrack.zip/mfp.KidChaos Level 5-4 by Pipe Smoker's Cough
50d3ffa2a609758523fab2bc26adc99a	1	268921	player	uade	Protracker compatible	0	66640	41a2e679	eaf50421	mods/kefrens7.zip/IntoBattle.mod
514ede26145a92e27c032db70a9e2429	0	207051	player	libopenmpt	ModPlug Tracker 1.0 alpha	22	739994	b29ecfea	f2d096f4	mods/feather-dance.zip/feather-dance.xm
51a366d4e7ab7b6cfd8a4403d8767559	1	82044	player	uade	Protracker	0	59750	1dd86cf9	723a0f51	games/monstermaze.zip/monstermaze.adf/M4
51f40f7a28088d0dc30bb30614c670fd	1	161397	player	uade	Protracker compatible	0	72102	c35cb08a	6b11c89e	mods/sverige-patriot.zip/sverige-patriot.mod
520c32bda0e1a997c926889c9b6ad1bc	1	0	nosound	uade	Protracker	0	5180	2d69962d	27e4c25b	games/diabolikII.zip/diabolikII.adf/MUS/st4
5329e1b7770832ca8e4f628850f7df2a	1	381529	player	uade	OctaMED MMD0	0	148084	98dd5bbb	876412e6	games/severed-heads.zip/severed1.adf/Sir-Rah
53354f98e250528134558f612fc50510	1	46216	player	uade	Protracker compatible	0	29474	09000f07	c7ded5bb	mods/groovviieee.zip/groovviieee.mod
53709f0c8616b1e0ca291949b9b0eee5	1	7796	player	uade	Protracker compatible	0	15332	d8850074	8ad93a3c	mods/regent_soundtrack.zip/Regent/Regent-ingame.mod
5376d394251dcd0abaf516d473782d77	1	82044	player	uade	Protracker	0	22486	3e1692f0	c38e7d54	mods/sunset.glow.zip/sunset.glow.mod
53e3919879b2c06c373782ec4d1ab056	0	205785	player	uade	Sonix Music Driver	0	11456	a952df1f	6c0da4ce	demos/robhubbardcoll1.zip/robhubbardcoll1.adf/scores/5.smus
545a7703727a753b7f30bb388ca5fe45	1	59281	silence	uade	OctaMED MMD1	0	49448	ae861b20	54a1d11f	mods/captive2_soundtrack.zip/MED.endbad
54ec55b8927d6588f4ab87b1545c3fba	0	138208	player	uade	Amos Music Bank	0	34272	78d2a03b	12a9f416	games/eviltower_hd.zip/eviltower/mod/pr.mod
54ec55b8927d6588f4ab87b1545c3fba	0	138208	player	uade	Amos Music Bank	0	34272	78d2a03b	12a9f416	games/eviltowr.zip/eviltowr.adf/mod/pr.mod
55806ff5987d85bedacc77c37f71dcb6	1	57730	player	uade	Protracker	0	56904	96f9aeae	d75e1fc7	games/booze-o-meter.zip/booze-o-meter.adf/Booze-O-Meter/mod.lift
560b2d3a98a70a61bd5dc7a3af1f7240	1	5868	player+silence	uade	Protracker compatible	0	32580	8806f9bb	10b6e7fe	mods/fifa_soundtrack.zip/MOD.EA-Sports
56d62bdb88d35be9bc7977dbf8a80932	1	192382	player	uade	Protracker compatible	0	144524	5a1db022	793c75aa	mods/wasteland.zip/wasteland.mod
573a865b580691ee95c6135498f8a438	0	274969	player	uade	Sonix Music Driver	0	5424	bda407b2	8c8debcb	demos/pictures_exh.zip/pictures_exh1.adf/SCORES/Prom-Tuil-Bydlo.smus
5759edab9d957514d4f538489fb3907a	1	192141	player	uade	Protracker	0	156916	311217c3	06d60573	demos/bigswitch.zip/bigswitch.adf/mod.summer time.pp
57a81ce7f78b15607c78085a34eca85a	0	69345	player	uade	Amos Music Bank	0	53524	a0eb1a0f	cb011fba	games/aardvarks.zip/aardvarks.adf/Aardvarks/MUSICS/SchmidtBeat
57b6d84988f324445e9c09b863425450	0	64082	player+silence	uade	Sean Conran	0	86577	9058ccb4	4136eb71	mods/countduckula_soundtrack.zip/SCR.Count_Duckula
5836920853467d29196d973c25e5973c	0	62986	loop	uade	UADE	0	39184	afed63e0	476b1581	mods/guldkorn_soundtrack.zip/CUST.Guldkorn_Ingame
5836920853467d29196d973c25e5973c	1	65570	loop
5836920853467d29196d973c25e5973c	10	4739	silence
5836920853467d29196d973c25e5973c	11	4321	silence
5836920853467d29196d973c25e5973c	12	3961	silence
5836920853467d29196d973c25e5973c	13	3601	silence
5836920853467d29196d973c25e5973c	2	80242	loop
5836920853467d29196d973c25e5973c	3	62925	loop
5836920853467d29196d973c25e5973c	4	65458	loop
5836920853467d29196d973c25e5973c	5	6961	silence
5836920853467d29196d973c25e5973c	6	5401	silence
5836920853467d29196d973c25e5973c	7	5221	silence
5836920853467d29196d973c25e5973c	8	3901	silence
5836920853467d29196d973c25e5973c	9	5401	silence
587de159e204ade1f9e64a950dcdc1ed	1	120324	player	uade	Protracker compatible	0	27410	dced1958	377c79f7	mods/fireballs.zip/fireballs.mod
58aaef5a3936dc3e64ca0cf6055c40e8	0	324602	player	uade	Sonix Music Driver	0	18530	b97d8d9c	02d850c9	demos/robhubbardcoll2.zip/robhubbardcoll2.adf/Scores/SANXION.smus
58af23e1fbb0551f13bd42254fbad118	1	286304	player+silence	uade	OctaMED MMD1	0	111286	82a72a0e	d1915749	games/super-pengo-twins.zip/super-pengo-twins.adf/Sound/Game1.med
58ff8ca7c2aeeca189c3cdca38ee87ba	1	110156	player	uade	Protracker	0	121158	4935a8fb	6014956c	mods/subtrade_soundtrack.zip/mod.subtrade options
59811e8ecf0b03aad381a510a467009c	1	0	nosound	uade	Protracker	0	5180	ba6aefbd	a7b4a5a3	games/diabolikII.zip/diabolikII.adf/MUS/st5
5994ab6c6c78ff8c0fae579f44031008	0	3600000	timeout	uade	CustomPlay	0	14648	db7c6659	bfa20140	mods/tetraquest_soundtrack.zip/cust.tetraquest
5994ab6c6c78ff8c0fae579f44031008	1	86895	loop
5994ab6c6c78ff8c0fae579f44031008	2	5672	silence
5994ab6c6c78ff8c0fae579f44031008	3	199664	loop
5994ab6c6c78ff8c0fae579f44031008	4	199664	loop
5a005c3d707d1517024307c457662ef3	1	254333	player	uade	OctaMED MMD0	0	25794	b86c7961	28245d6c	mods/amigacolumns_soundtrack.zip/song.5
5a13356ba72e673bffc548928cbd0495	1	242740	player+silence	uade	OctaMED MMD0	0	95724	1a670ff9	ca5101a4	mods/amigacolumns_soundtrack.zip/song.2
5a19b98256f2e0fdc42f76017bb46864	1	233839	player+silence	uade	Protracker	0	153676	434431ec	549ab05b	mods/stardustmemories.zip/stardustmemories.mod
5a4a015d10718da989d2d491149e31eb	1	62834	player	uade	Protracker compatible	0	14598	58098dc2	20c0550e	mods/behind-the-walls.zip/behind-the-walls.mod
5a5a7c0ae738b019fe5fd91a9c1a3a94	1	31347	player	uade	OctaMED MMD0	0	12342	35801b69	19ab797a	mods/ultima6_soundtrack.zip/MED.UltimaVI-2
5a5b5b1987455b107d9f1298160762be	1	262431	player	uade	Hippel-COSO	0	26470	a2b53dac	0d9cb974	mods/lethalxcess_soundtrack.zip/HIPC.Fortress of Methallycha
5ab6787f2c3a880a15e1c4eff6b5865d	0	161296	player	uade	Riff Raff	0	54044	3175995b	e260c568	mods/t-bird_soundtrack.zip/RIFF.T'Bird
5ab6787f2c3a880a15e1c4eff6b5865d	1	188182	player
5b296b0c42ed254f5df0b685b60e03c0	0	206717	player	libopenmpt	ModPlug Tracker 1.0 alpha	16	342684	c4ac6bae	08b2cfd8	mods/world-of-mages.zip/world-of-mages.xm
5bd6b28f61adb9cd729444df1003c914	1	92272	player	uade	Protracker compatible	0	218552	5ffe9d05	6401d4c7	mods/planet-fall-boom.zip/planet-fall-boom.mod
5bfd8652492805a965ca14e01ad73265	1	43785	player	uade	Protracker	0	49196	d2f03344	d6185c23	lsd-docs/lsd-docs55.zip/lsd-docs55.adf/music.055
5c108e3dd55b8de708d377185cf6c4a9	1	76920	player	uade	Protracker	0	74704	37a2a44d	1b94694c	mods/johnmadden_soundtrack.zip/scout-report.mod
5c186ffb0621bb35d3c7c44a6bb7609c	1	178838	player	uade	Protracker compatible	0	80866	867936fb	34650449	mods/crown_soundtrack.zip/JAPAN.MOD
5c2d298c19ffb2476696ce49156c3a14	1	50034	player	uade	Protracker compatible	0	120370	2f88efaf	a3dbb92e	games/fallingdown.zip/fallingdown.adf/GME1
5c8b3a053d25cc0370591654815e34b8	0	23148	player	uade	Amos Music Bank	0	31260	36ee1797	15a72a36	games/valhalla.zip/valhalla-main.adf/1994/B0-03
5d3d89ef6b72ea4075111a70d50715d7	0	232631	player	uade	Oktalyzer	0	23854	fcb8a276	39d4b147	mods/neverendingstory2_soundtrack.zip/OK.Never_Ending_Story_II-5
5d5626e242a7d8f95a03e9fcb4396698	1	0	nosound	uade	Protracker	0	16444	91f009bd	902f1ade	games/3dtennis.zip/3dtennis.adf/snd/songsele
5d5a82ee426737678e56378e4e46b5f3	0	7816	player	uade	Amos Music Bank	0	19182	afe39789	39265408	games/neighbours.zip/neighbours2.adf/Birdsong.abk
5d601b2e6e0701c7ad5b47618131cd50	1	500869	player	uade	Jochen Hippel 7V	0	122680	96958f46	c85cd9b6	mods/lethalxcess_soundtrack.zip/HIP7.LethalXcess-Intro
5d601b2e6e0701c7ad5b47618131cd50	2	70169	player
5d74f28fffb878246938a34b425f3398	1	30824	player	uade	Protracker	0	6400	62c57562	b9f39a87	mods/towerofsouls_soundtrack.zip/Seelenturm/SeelenTurm-4.mod
5e2205f07dbe504bf4bd774d878e0a4b	0	15030	player	uade	TFMX Pro	0	952	9c901f46	8d2c8bd6	mods/kellogg_soundtrack.zip/mdat.T&F_Factor5 by Rudi Stember
5e4aa9a0cb42c7509fc856a02a2917b0	0	220913	player+silence	libopenmpt	ModPlug Tracker 1.0 alpha	16	680445	8be99604	4ef80416	mods/knallkacken.zip/knallkacken.xm
5e857c6d9428cebef4e038063aa03a95	1	7796	player	uade	Protracker compatible	0	25992	42f961dc	ece1b435	games/madhouse.zip/mad1.ADF/mods/valver7.mod
5eb6bdccb2fc2c26a51451667130fbda	1	30824	player	uade	Protracker	0	73982	b360f048	eefef0e2	mods/johnmadden_soundtrack.zip/stats.mod
5ec4a391c217644d6d293d67465979df	1	199696	player	uade	Hippel-COSO	0	1570	bf278048	fd3df1f9	mods/amberstar_soundtrack.zip/HIPC.Lurking Horrors
5ee9fc3beafa6e8b1bdfd2af058cd888	1	107845	player	uade	OctaMED MMD0	0	46356	72e3d5a0	6109eb1d	games/megaball4.zip/megaball4_3.adf/MB_Music/MBmus21
5f4fece24c4c574d21fbb626a540cd1f	1	87168	player	uade	Protracker	0	156930	6d310091	bc01c311	mods/marblelous.zip/marblelous.mod
5f4fece24c4c574d21fbb626a540cd1f	2	103304	player
5fa92d4b27b6259dce556697533479b6	1	140839	player+silence	uade	Protracker compatible	0	132936	0ffed273	95006b51	mods/glutturale.zip/glutturale.mod
5fdc344bd5eafe30ef531e53ce2479b1	1	102541	player	uade	Protracker compatible	0	41938	15b28c53	aeb188a2	mods/wind.zip/wind.mod
5fe3498b29fd0bf59c8571238428bc37	0	290824	player	uade	Sonix Music Driver	0	13946	ca7f97ac	a4242fb9	demos/robhubbardcoll1.zip/robhubbardcoll1.adf/scores/1.smus
5fe3498b29fd0bf59c8571238428bc37	0	290824	player	uade	Sonix Music Driver	0	13946	ca7f97ac	a4242fb9	demos/verybestofrhubbard.zip/verybestofrhubbard.adf/Scores/ACE2.smus
6006987ada295a4c2d74a63261a6c712	1	347269	player	uade	Protracker compatible	0	190556	18e6a405	2964f7a9	mods/freedom.zip/freedom.mod
60bd250cfcf66fa0b4b8c2d068640598	1	98060	player	uade	AudioSculpture	0	6204	371b60fc	beef0b2e	games/escape2full.zip/escape2_disk2.adf/ChipModules/mod.voidal
60c287632d9771e49bb2ddb9b57fc6bd	1	172096	player+volume	uade	Hippel-COSO	0	1450	38ef78ff	3913819d	mods/amberstar_soundtrack.zip/HIPC.Mystic Moments
60c79b6e61ba1ef56832362710ab57c8	0	84370	loop	uade	UADE	0	205480	723d0707	08923e54	mods/fa18interceptor_soundtrack.zip/Cust.FA-18_Interceptor
60cfc1efacb7a1ddccfa723bc4b11f02	0	161417	player	uade	Amos Music Bank	0	63240	86c67b1d	53c31b6d	games/zalycon.zip/zalycon-b.adf/HighScore.abk
60df96a458c11eb7917880cb3bc5a306	1	224131	player	uade	Protracker	0	123304	4fb32f5b	917edcc0	mods/paranoimia-music.zip/galaktikamix.mod
613359f45103744eaed6620b38758df1	1	50034	player	uade	Protracker	0	125996	c9ccb17b	3f74eaab	mods/robocop3_soundtrack.zip/MOD.ingameone
61852460291d2365ef2082a0bc362093	1	502537	player	uade	AudioSculpture	0	40662	385c7d42	f468e3fd	games/escape2full.zip/escape2_disk2.adf/NonChipModules/mod.giro-day
624737f17fa1582cba00d9190cde01cd	1	605156	player+silence	uade	Protracker compatible	0	137824	3d4014b5	3e4f3a99	mods/water-below.zip/water-below.mod
628a9b78ebfbf84d506b1fd0532ea9c0	1	163184	player+silence	uade	Protracker compatible	0	125894	84845464	6bad8a4c	mods/liberation.zip/liberation.mod
62e6474b98ab88d8649e413db3afcb73	1	52385	player	uade	Protracker compatible	0	74874	8ae32fb5	7f984769	mods/dazzler.zip/dazzler.mod
62f4864a2d547acc862042aff0abe986	1	53872	player	uade	Protracker compatible	0	29560	2f41010f	8575d97f	mods/hidden-part.zip/hidden-part.mod
62f510c226029657f43e03d80bc6a03c	0	181049	player	uade	Sonix Music Driver	0	10350	bb0ab483	bbf3cb20	demos/pictures_exh.zip/pictures_exh2.adf/Scores/Baba-Yaga.smus
63571ab5da6cc2213d646948589564eb	0	76719	player	uade	PumaTracker	0	7200	88c1d6d9	2095df4a	tools/pumatracker.zip/pumatracker.adf/Mod.toki7
641c033249756636e7fc735273b3a6e4	0	7816	player	uade	Amos Music Bank	0	20902	fa278013	0ac4c875	games/neighbours.zip/neighbours2.adf/fountsong.abk
6422373e0b2484e16318a4e82b0be49f	0	125046	player	uade	Sonix Music Driver	0	4234	9798e503	f8a82cab	demos/pictures_exh.zip/pictures_exh1.adf/SCORES/Two-Jews.smus
644d40abfa64f6d04f683a86fdb1b14c	1	19471	player	uade	OctaMED MMD1	0	40974	ceed373a	95ffbb57	mods/seekanddestroy_soundtrack.zip/mission0.mod
6489cfc1a89cc82f4dfa5245c77636f3	1	89720	player	uade	Protracker compatible	0	75458	24116742	6afe6ffd	mods/199psy.zip/199psy.mod
64ded63ad5cf6ea0098fe5b935b02837	0	265405	player	uade	Sonix Music Driver	0	12748	32895117	6c3acee4	demos/verybestofrhubbard.zip/verybestofrhubbard.adf/Scores/LIGHTFORCE.smus
6502d10fcda7410d9735387637bed6b5	1	165215	player	uade	Protracker	0	126816	248d04cf	342caad4	games/aerial.zip/AerialR1.adf/commondata/TitleTune.mod
6502d10fcda7410d9735387637bed6b5	1	165215	player	uade	Protracker	0	126816	248d04cf	342caad4	games/aerial.zip/AerialR3.adf/commondata/TitleTune.mod
65532e775565eaca7759cecbba94823e	0	193688	player	uade	Sonix Music Driver	0	5712	71b0d643	90cbb6d5	demos/pictures_exh.zip/pictures_exh2.adf/Scores/Kiev1.smus
6555b75a827ae48a7c56c6a0c8f5926d	0	201440	player+silence	libopenmpt	ModPlug Tracker 1.0 alpha	4	216265	f8c78bbb	b27e5748	mods/c64livesp1.zip/c64livesp1.xm
656cf5956f24943d385e8b6e222e9a78	1	15472	player	uade	Protracker compatible	0	33084	b25ba1f8	942a675a	mods/zalycon_soundtrack.zip/MOD.Wind.mod
65759818223759644f6e959cb6381081	1	0	nosound	uade	Protracker	0	2108	d7dc139c	f00201af	games/diabolikII.zip/diabolikII.adf/MUS/st6
661a50180d5316faac1331ead5f00185	0	84556	player	uade	Riff Raff	0	20976	4987e047	c36bf0d3	mods/sidewinder2_soundtrack.zip/RIFF.SideWinder2
661ad27e6da7c2fd452bf1139c334998	1	207842	player+silence	uade	Protracker compatible	0	72760	6f34a363	3637ba24	games/duck-dodgers.zip/duck-dodgers.adf/ILLUSION.MOD
661ffa7992151a0f9066e5956053662b	1	305895	player	uade	Protracker compatible	0	79304	11834cfb	4936f55e	mods/willyworm_soundtrack.zip/willy final-theme.mod
661ffa7992151a0f9066e5956053662b	2	229255	player
669dbddbe3597060990678cc59ad2dae	1	73082	player	uade	Protracker	0	76812	47b5bce3	c8c940b2	mods/johnmadden_soundtrack.zip/entry-screen.mod
66efd03ee48ed9dfa3b6c7ca0a0ed57a	0	158945	player	uade	Sean Conran	0	90592	bd216572	8824700b	mods/videokid_soundtrack.zip/SCR.VideoKid2
66efd03ee48ed9dfa3b6c7ca0a0ed57a	1	46658	player
67b35480f4efc6dc7d1e6701411f3baa	0	69124	player	uade	Amos Music Bank	0	43472	bb4b8882	018b6bb3	games/barravento.zip/barravento.adf/DATA/DATA9
68156e6abf0cf1dfaf56997e89cf5b77	0	109260	loop	uade	Fred Gray	0	5356	01a53f7c	242de4b1	mods/blacklamp_soundtrack.zip/GRAY.BlackLamp
68156e6abf0cf1dfaf56997e89cf5b77	1	0	nosound
68156e6abf0cf1dfaf56997e89cf5b77	2	60144	loop
68156e6abf0cf1dfaf56997e89cf5b77	3	6892	player
682b89abf50f5647b82dfefcfa3d3b87	1	61568	player	uade	Protracker	0	104424	23eb0a70	2c8b0719	mods/hiscore.zip/hiscore.mod
6850814adf53786fe1701b030b212d45	1	116586	player	uade	Protracker compatible	0	75738	91bb220c	701186ae	games/lethal-formula.zip/lethal-formula.adf/data/GRAC.song
6850814adf53786fe1701b030b212d45	2	66672	player
6850814adf53786fe1701b030b212d45	3	18955	player+silence
6850814adf53786fe1701b030b212d45	4	25720	player
6850814adf53786fe1701b030b212d45	5	11958	player+silence
690b57fe8f823e7d1d6bba4e506646e9	1	72821	player	uade	Mike Davies	0	98194	0d9b6959	29fd6337	mods/diehard2_soundtrack.zip/MD.Die Hard II
690b57fe8f823e7d1d6bba4e506646e9	2	43222	player
690b57fe8f823e7d1d6bba4e506646e9	3	39063	player
690b57fe8f823e7d1d6bba4e506646e9	4	2511	player
690b57fe8f823e7d1d6bba4e506646e9	5	1366	player
690b57fe8f823e7d1d6bba4e506646e9	6	1366	player
690b57fe8f823e7d1d6bba4e506646e9	7	2511	player
692d22043666ba2d3917c057d8c7db42	1	107645	player	uade	Protracker compatible	0	42852	6dc48b1e	2e5a4843	mods/daydreams2.zip/daydreams2.mod
69423afbc437899a95e08769efd9b694	1	30824	player	uade	Protracker compatible	0	30338	2673f748	3be92925	mods/flying-world.zip/flying-world.mod
6968a665e39cd9a6b00215e8d305a3fd	1	321990	player	uade	Protracker compatible	0	159586	1867ee86	e995d7f4	mods/stagebox-remix.zip/stagebox-remix.mod
6969402c07151eeebc60a25dcdf322c5	1	159197	player+silence	uade	OctaMED MMD0	0	144400	0c1aeef6	70992b79	mods/amigacolumns_soundtrack.zip/song.4
696c4feac3a501521fcdf31547fdc5cf	1	144779	player	uade	Protracker compatible	0	67032	159752dd	bfc6b48b	mods/phenomena-reborn.zip/phenomena-reborn.mod
69be0acfc86bc8fb80a7376cb3d6df72	0	53892	player	uade	Amos Music Bank	0	62066	b4173707	35690f8c	games/weirdiedg.zip/weirdiedg.adf/Music/ZERO.abk
69ef0114a5770f1ba26a814225ccd355	1	178063	player+silence	uade	Protracker compatible	0	91628	1722c0d2	68f8f55c	mods/gravitation.zip/gravitation.mod
6a178f67f2f2a42598f9f833c572a683	0	29880	player	uade	Amos Music Bank	0	22342	034f9082	d3e8b852	games/chaneques.zip/chaneques2.adf/LaCucaracha.abk
6a5bc640e66bd729b0d34642aca69df5	1	280455	player	uade	Protracker compatible	0	74696	59f2acf9	c1510188	mods/space-travellers.zip/space-travellers.mod
6af7eaa7fe155b636445a69d0ae18fa4	1	83973	player	uade	OctaMED MMD1	0	92216	eb123938	47d44c7e	mods/seekanddestroy_soundtrack.zip/hiscore.mod
6b100fe19a98fadb9946ab9388f57f18	1	207493	player	uade	Protracker	0	86444	3959393a	b73bce06	games/manga-hotnumbers.zip/manga-hotnumbers.adf/Data/Hikky.MOD
6c2170ed9c5ccc0ed9a20bbdc0409eee	0	77784	player	uade	Sean Conran	0	30570	d5768a90	ee42b2fc	mods/megatwins_soundtrack.zip/SCR.MegaTwins
6c2170ed9c5ccc0ed9a20bbdc0409eee	1	7696	player
6c2170ed9c5ccc0ed9a20bbdc0409eee	2	4822	player
6c598e5a25daab2aaee99575cc11af45	0	76719	player	uade	PumaTracker	0	7584	4e9a7d0b	2bffb858	tools/pumatracker.zip/pumatracker.adf/Mod.muspe1
6c7b21f66511f60d5a1eab783cec3249	1	41715	player	uade	Protracker	0	28886	3095fed6	144f949c	mods/wwf_soundtrack.zip/WWF_European_Rampage/MOD.machoman(pc)
6c98521dab76646fdf365c50c13e5b6c	1	165878	player	uade	Protracker	0	93602	1d5ba291	f46b26c8	mods/cracktheeggshell.zip/cracktheeggshell.mod
6ca426145d535c9b251bf2b297b6bd8b	1	115321	player	uade	Protracker	0	19730	d961e68f	ca240629	games/coin-mania.zip/cmaniafg.adf/CoinMania/Sounds/Intro.MUSIC
6cde562bea6caaf5a492a226ca25e5c3	0	307221	player	uade	Magnetic Fields Packer	0	3666	ba7e3de7	5ca91f13	mods/kidchaos_soundtrack.zip/mfp.KidChaos Level 3-3 by Pipe Smoker's Cough
6d141ec75179e7ea99615803bff36af0	0	399815	player	uade	Amos Music Bank	0	137388	b4ffaa9f	b666ae0b	games/poltergeist.zip/polterg3.adf/PM/muzi2
6d30494f4b308c99c321ffdbb5b91cb8	0	194211	player	uade	Sonix Music Driver	0	7120	7f05bd38	3351ea73	demos/verybestofrhubbard.zip/verybestofrhubbard.adf/Scores/RICCOCHET.smus
6d56bcfad4a4550a0565ab9a0db2c5d8	0	159226	player	uade	Sonix Music Driver	0	7432	067abfc1	974daa80	demos/robhubbardcoll2.zip/robhubbardcoll2.adf/Scores/DELTA.smus
6d56bcfad4a4550a0565ab9a0db2c5d8	0	159226	player	uade	Sonix Music Driver	0	7432	067abfc1	974daa80	demos/verybestofrhubbard.zip/verybestofrhubbard.adf/Scores/DELTA.smus
6d7483bd0e9d5651c743b58a9a77775c	0	146045	player	uade	Amos Music Bank	0	31662	3051987b	e3eb295e	games/skatetri.zip/skatetri.adf/lament.abk
6d7f0be7d7630e4e0e54f695e9a1e434	0	332174	player+silence	uade	Sean Conran	0	74496	078d45d6	ea3c284d	mods/infestation_soundtrack.zip/SCR.Infestation
6d7f759f60fdf3a46eed4afb0e2928e2	1	3958	player	uade	Protracker compatible	0	17712	3de14ddb	dc4e201a	mods/cosmic-duel.zip/cosmic-duel.mod
6dd6f4a4cf0f7db2a3c6872a3251f53e	1	231664	player+silence	uade	Protracker compatible	0	76752	6a5953c0	a76d68a9	mods/crown_soundtrack.zip/ENGLAND.MOD
6e2c13ca8e116db186291a48468d7a3f	1	115321	player	uade	Protracker	0	35860	b6cbfe98	1c5a6f51	games/federation.zip/federation.adf/DATA/DATA36
6e4477fca5a12c9b8e40a9c92f778149	1	223166	player	uade	Protracker compatible	0	158518	0599f7a6	64eec2a4	mods/last-adventure.zip/last-adventure.mod
6e4f6e1b07a7f754285b2e0f5599ebb3	1	439361	player	uade	Protracker compatible	0	199870	3692cb65	9df7eed0	mods/overload.zip/overload.mod
6e5af662920789dfc3e509e01db39ca0	1	61568	player	uade	Protracker	0	142348	7ab459cd	b89b5a3a	mods/johnmadden_soundtrack.zip/earl-weaver.mod
6e5af662920789dfc3e509e01db39ca0	1	61568	player	uade	Protracker	0	142348	7ab459cd	b89b5a3a	mods/johnmadden_soundtrack.zip/title.mod
6e6a9ad437f88fd09edf05090ba1d122	1	184525	player	uade	Protracker compatible	0	150002	53f3b664	10536660	mods/alien-penetration.zip/alien-penetration.mod
6e91beec4cf0b2b602cf2d9a43b21121	1	263953	player+silence	uade	Protracker compatible	0	173668	4dd730e5	28e73058	mods/spell-amelioration.zip/spell-amelioration.mod
6eb306e111371fbfbad8c98cff2d852d	1	69224	player	uade	Protracker	0	19086	12466b2c	d6cd5c12	lsd-docs/lsd-docs52.zip/lsd-docs52.adf/Music.052
6ef61ca03639a46391b129fc1838b12b	0	30844	player	uade	Amos Music Bank	0	17648	195dc8cc	489da4b2	games/valhalla.zip/valhalla-datadisk.adf/And/B4-03
6ef7a8a586fb5b398aa242b581dbb985	0	122997	player	uade	Amos Music Bank	0	47784	7a50d1c4	1b131fb6	games/drstrange2.zip/drstrange2.adf/DoctorStrange2/Sound/GameMusic02.abk
6f2825ae648488e43024c4279e8802c4	0	10268	player	uade	Rob Hubbard	0	51768	c6fdec48	52acd035	mods/centurion_soundtrack.zip/RH.Centurion games fanfares
6f3e150ec7b491499d0d53042ae34ef6	0	230236	player+volume	uade	Soundtracker II - V or compatible	0	110736	fb046d36	0ff9a129	mods/realgenius_soundtrack.zip/OST.realbegin
6f81dddfbbc8441f2c398e4be676a0b0	1	120203	player	uade	Protracker	0	91722	f1b4b637	29ebc339	mods/fifa_soundtrack.zip/MOD.FIFA-Title
6fcfe0c4378ecec68fc34724e9c78090	0	7816	player	uade	Amos Music Bank	0	19572	1aa3d8d3	17cf45a0	games/drstrange2.zip/drstrange2.adf/DoctorStrange2/Sound/GameMusic03.abk
700637753c4ff2aed250cbaf2d32129f	1	228612	player	uade	Protracker compatible	0	166142	eb903551	67505d60	mods/drive-in-theme.zip/drive-in-theme.mod
7060afffa0d8ace44375c50b0dd67fb0	1	42358	player	uade	Protracker	0	59828	9e1a8049	8e750dac	mods/flies_soundtrack.zip/MOD.Flies-Vorspann
70b83a7b16e690c110a30a8fb26af3b0	1	157257	player	uade	Protracker	0	47792	05c55443	3a0ee76a	games/federation.zip/federation.adf/DATA/DATA37
70ecb656dd279700e61ffa8f3c01e7b5	1	46216	player	uade	OctaMED MMD1	0	11026	ba54ab12	29b988f1	games/super-pengo-twins.zip/super-pengo-twins.adf/Sound/Highscore.med
7100869f7adbc2a725a1512d0829ba97	1	226603	player	uade	Hippel-COSO	0	1958	fd47a3e6	bd36d5bd	mods/amberstar_soundtrack.zip/HIPC.Hasta La Vista
7240e8d84e7074c80b4cd0cef1128d3b	1	163326	player	uade	Protracker	0	86910	5c967fda	72460f8c	mods/3dtennis_soundtrack.zip/3dtennis.mod
725811df25ecece0a76d6e39e974056b	0	92092	player	uade	PumaTracker	0	7200	d50f507c	4c594752	tools/pumatracker.zip/pumatracker.adf/Mod.toki5
726e4807db5539e8a82a0683c434e55e	1	35521	player+silence	uade	Protracker compatible	0	95320	346291c1	52ba9e1f	games/madhouse.zip/mad1.ADF/mods/Valver2.mod
727ec2c034e2c695162720b375467a8e	1	61568	player	uade	Protracker compatible	0	51902	86e0ff8c	462f9010	mods/siliconrock.zip/siliconrock.mod
7296925329d1bc6c0da55a8dcb52002b	1	36630	player+silence	uade	Protracker compatible	0	95546	c23308f4	5e452f48	games/madhouse.zip/mad1.ADF/mods/valver5.mod
72a0849080d841d3d160810904d875c5	1	76770	player+silence	uade	Noise Packer 3.0	0	143662	adbbb360	88158188	mods/discovery_soundtrack.zip/NP3.Discovery
72adaf9920fa042edab2d72c0b752a48	1	97758	player	uade	Mike Davies	0	184218	e2ff0ff2	24cc3430	mods/worldcupusa94_soundtrack.zip/MD.WorldCupUSA94
72adaf9920fa042edab2d72c0b752a48	10	1105	player
72adaf9920fa042edab2d72c0b752a48	11	1848	player
72adaf9920fa042edab2d72c0b752a48	12	261	player
72adaf9920fa042edab2d72c0b752a48	13	542	player
72adaf9920fa042edab2d72c0b752a48	14	2270	player
72adaf9920fa042edab2d72c0b752a48	15	2270	player
72adaf9920fa042edab2d72c0b752a48	2	57549	player
72adaf9920fa042edab2d72c0b752a48	3	0	nosound
72adaf9920fa042edab2d72c0b752a48	4	30744	player
72adaf9920fa042edab2d72c0b752a48	5	36913	player
72adaf9920fa042edab2d72c0b752a48	6	15445	player+volume
72adaf9920fa042edab2d72c0b752a48	7	11051	player
72adaf9920fa042edab2d72c0b752a48	8	12980	player
72adaf9920fa042edab2d72c0b752a48	9	18486	player
72bc68538ed3462eae9967af3303dad2	0	77322	silence	uade	Infogrames	0	2627	465770c9	f0ab5b59	mods/advantagetennis_soundtrack.zip/INTRO.DUM
7331a0a4241ec4fadb18fb93e7bec2d4	1	242055	player	uade	Protracker compatible	0	130392	a76cde8d	40af887f	demos/triumph_musiccoll5.zip/triumph_musiccoll5.adf/modules/mod.Cream of the earth
7363acbfe6d0a062c9c132e3dda46458	1	189549	player	uade	Noisetracker 1.x	0	72376	f5b15b5e	c3fa7a79	mods/kefrens7.zip/M.termination.mod
736f1b2c291447eb6e845858e3679340	1	100913	player	uade	Protracker	0	91968	803743b8	88509e5d	games/astrokid.zip/astrokid.adf/Sound/Mod.Intro
737c130037af679eaac8a38dc1220ff0	0	92292	player	uade	Amos Music Bank	0	29660	10bf6cc9	cdfd74d8	games/shoot-em-bud.zip/shoot-em-bud.adf/Digital Ninja-Music/Dinky Guns.Music
7395a4666ec8f16fe5d35c4489c86541	1	7796	player	uade	Protracker compatible	0	18930	86289392	2bee3bb9	games/astrokid.zip/astrokid.adf/Sound/Mod.Chapter
73a8088a958c8ff43c42b6fb7312aa9c	1	192141	player	uade	P40A - P40B - P41A	0	89128	53367649	200c1935	games/subwar2050.zip/Subwar2050_AGA/SUBWARS.MOD
752cfe602c44c4fbf0bdaf59c73adb1a	1	80758	player	uade	Protracker compatible	0	37744	4541e526	8dd05afe	mods/blowbow.zip/blowbow.mod
753401791237f6acc6f76a77a6a87aa4	0	171148	player+volume	libopenmpt	ModPlug Tracker 1.0 alpha	16	513565	6bf6caa5	5fb6be30	mods/world-of-dragons.zip/world-of-dragons.xm
756b2e51cf53ae0ce40e5aa6b4a99ca5	1	76920	player	uade	Protracker compatible	0	32904	1dff386f	0e0e6bab	mods/timewarped.zip/timewarped.mod
75b80ea172074ea346a8a24aef878e73	1	242778	player	uade	OctaMED MMD0	0	94726	c3a523ef	f6d86e49	mods/amigacolumns_soundtrack.zip/song.8
75d8d3e6ef7292a2aa3290b8086d2bb2	1	146386	player	uade	OctaMED MMD0	0	53542	64946023	01ad30b0	mods/amigacolumns_soundtrack.zip/song.3
763c1f68a7a0a289cc25c34f92bcfd94	1	35325	player	uade	Protracker compatible	0	30158	2ecb286a	dd6fee9e	games/intrcomb.zip/intrcomb.adf/SOUNDS/MOD.DRUMS
763d475dc6e0d5182ee0d220ba353df0	0	30603	player	uade	Images Music System	0	26280	b8b6f241	864554d7	mods/huntforredoctober_soundtrack.zip/IMS.sub-docking
767ac42e663409801607b4f9acb99cb2	1	127116	player	uade	OctaMED MMD0	0	49114	d8ff9448	4073ae65	games/megaball4.zip/megaball4_3.adf/MB_Music/MBmus10
76c66622ed74be810bd269613830dbba	0	205785	player	uade	Sonix Music Driver	0	11454	958f98eb	b7cd2526	demos/verybestofrhubbard.zip/verybestofrhubbard.adf/Scores/GERRY2.smus
78c06ef827cfbaa0ef5054b0744f3676	0	246561	player+silence	libopenmpt	ModPlug Tracker 1.0 alpha	16	640750	ea979989	61b51689	mods/triton-theme.zip/triton-theme.xm
790001e1f182a86dff6a07860848e0df	1	122896	player	uade	Hippel-COSO	0	1938	48d0495f	c7fcf017	mods/amberstar_soundtrack.zip/HIPC.Funky Dungeon
7978d873bd60d253da2a330b1c10c002	0	184786	player	uade	A.M.Composer 1.2	0	172768	573347bb	8b9768fc	mods/magicjumper_soundtrack.zip/AMC.MagicJumper title
79be4af2ac1820ca4986090349cca88c	1	82044	player	uade	Protracker	0	68712	f07729db	9a49aba1	games/booze-o-meter.zip/booze-o-meter.adf/Booze-O-Meter/mod.drink&drive
7a4538532183e13200e9abee1f8fc526	1	155288	player	uade	Protracker compatible	0	168322	76b35c18	e69a2ed9	mods/physiology-theme.zip/physiology-theme.mod
7a7befd1f7da502dd6a93e0eb05483bd	1	189247	player	uade	Protracker compatible	0	198522	431a2e35	ff663ff0	mods/longstabben-short.zip/longstabben-short.mod
7aa0e376b7af75d124374ccbf3427012	0	133916	player+volume	uade	Magnetic Fields Packer	0	5086	7b0364d4	bc487bf8	mods/kidchaos_soundtrack.zip/mfp.KidChaos End by Pipe Smoker's Cough
7ab1adc1d3dc75715efb305622c1482f	1	120867	player	uade	Protracker compatible	0	119688	999b0564	d5dbf05a	mods/la-vie-est-rose.zip/la-vie-est-rose.mod
7aca0660a20973e4abad5c422d3b0135	1	161397	player	uade	Protracker compatible	0	90734	e8a16108	e46d2140	mods/xeqtion.zip/xeqtion.mod
7aced6c0d9e8af2e76f58a277341af77	1	144035	player	uade	Hippel-COSO	0	1288	37a3ddb2	422a33fc	mods/amberstar_soundtrack.zip/HIPC.Dreamcave
7ae4397b246ad8f08aebf4d0bce92f4d	1	80758	player	uade	Protracker compatible	0	34928	29971525	525083f4	mods/choices.zip/choices.mod
7b3f6b0ad4f0ecba402d7f931e70213a	1	161906	player+silence	uade	Protracker compatible	0	116230	b20cef6b	dc115629	mods/run-the-gauntlet.zip/run-the-gauntlet.mod
7bd242ee5e8286376bf450c77129c48c	1	51320	player	uade	Protracker	0	31012	e68aa626	ac15443f	lsd-docs/lsd-docs62.zip/lsd-docs62.adf/Music.062
7be862859c88efcfa450b004405f5d1e	0	185228	player	uade	Sonix Music Driver	0	6950	be7f74ac	783154e2	demos/verybestofrhubbard.zip/verybestofrhubbard.adf/Scores/GERRY1.smus
7c17860a5cadf17c960abb2fa316ca7a	1	190051	player	uade	Protracker compatible	0	134764	848f8c92	0d5e8727	mods/beyond-sorrow.zip/beyond-sorrow.mod
7c472037fa6f95e47303eb5809cbb19e	0	52827	player	uade	Sean Conran	0	82163	1bafd24d	06a8caa1	mods/hongkongph_soundtrack.zip/SCR.Hong_Kong_Phoohey
7c472037fa6f95e47303eb5809cbb19e	1	5787	player
7c472037fa6f95e47303eb5809cbb19e	2	2511	player
7c725763070568c0125944e6da8a971a	1	51320	player	uade	Protracker	0	17422	fbac7484	3de1af99	mods/skidrow_cracktro.zip/skidrow_cracktro.mod
7c84cf4be2f8909b83af41e2e2d279c1	0	120123	player	uade	Amos Music Bank	0	115296	3cb2ee1d	be770d5f	games/zalycon.zip/zalycon-b.adf/Level5.abk
7cc10f4247131abe46a35bc217f1feff	1	40710	player	uade	Protracker	0	111630	fc78f40d	acfb4368	mods/wwf_soundtrack.zip/WWF_European_Rampage/MOD.wwf(warrior)
7cce7cf84d73168f63a0c6c94742951a	1	175382	player	uade	Hippel-COSO	0	4028	f24bb9d7	273638f4	mods/wingsofdeath_soundtrack.zip/HIPC.Xandrilia's Domain
7d1a49616eef8d9be7a159ef9fe19c91	1	169093	player	uade	Protracker	0	126812	3dfa8900	0d87de2c	games/high_ref.zip/high_ref.adf/HighReflection/MDATA1.data
7d535ab94b6d1563260fe7dd3112cdab	0	68320	player+silence	uade	Amos Music Bank	0	50950	f7c0ada4	d14e00ad	tools/karaokeforkids.zip/karaokeforkids.adf/data/Oranges and Lemons
7d7a5fb9f42987f95e566436625046c1	1	140599	player	uade	OctaMED MMD1	0	110504	edff4db1	e8268a37	games/dark-obsession.zip/dark-obsession.adf/Music.mod
7d8552d25cfcac01b57258b46efc29e9	1	107645	player	uade	Protracker	0	96474	fe9635af	a4f0f21e	games/conquest.zip/conquest.adf/sfx/intromod
7ecd275bae1f98dd2a72810cf02d6309	1	11364	player+silence	uade	Protracker compatible	0	28228	2aad252c	ac23a7b2	games/epsilon9.zip/epsilon9-1.adf/e91/grac.song
7ef3da04a14ebd8af93515992125eefa	1	53872	player	uade	Protracker	0	58410	4c9f4ec5	87b93cee	lsd-docs/lsd-docs63.zip/lsd-docs63.adf/Music.063
7fb7f0184d877a6b97024458023d508e	1	0	nosound	uade	Protracker	0	10300	08ae8c0c	a6bc2aba	games/diabolikII.zip/diabolikII.adf/MUS/in_action
7fd78a98ec748bf3c467cfbff77a75a5	1	61548	player	uade	OctaMED MMD0	0	46390	d10c22d6	c7c0354c	mods/ultima6_soundtrack.zip/MED.UltimaVI-4
800c0e7562cedd87fd4c0ff0129b57c1	1	174966	silence	uade	Protracker	0	139286	052362ef	80c19bf7	mods/242-music.zip/242.mod
80101d8aa62c9e2c2af8203468055b58	1	30523	player	uade	OctaMED MMD0	0	46266	11c2f9cd	dadcf05a	emerald/b/baldersgrove.lha/Balder'sGrove/Title.mod
80101d8aa62c9e2c2af8203468055b58	1	30523	player	uade	OctaMED MMD0	0	46266	11c2f9cd	dadcf05a	emerald/b/baldersgrove.zip/baldersgrove.adf/Title.mod
8044b9a337837d2ab98a33340f5452b3	1	116586	player	uade	Protracker	0	29892	c8bc7174	d1ee15df	games/magicforest2.zip/magicforest2.adf/mod.treetrak1dta
8068ddee6d10fe923a474d560baa54c3	0	313631	player	uade	Magnetic Fields Packer	0	5098	a8c8d7dc	6b25068c	mods/kidchaos_soundtrack.zip/mfp.KidChaos Level 4-3 by Pipe Smoker's Cough
80920fcf7c5e99d56f32361a28d835d6	0	15492	player	uade	Amos Music Bank	0	40692	1a847567	fe816c4c	games/ledclones.zip/LEDClones.adf/leds/ledmusic.abk
80c4737b8821c22f80453ce75278a012	0	29156	player	uade	Amos Music Bank	0	9404	1f1c03f1	886a6aa6	games/chaneques.zip/chaneques2.adf/AlmaLlanera.abk
814af992e27ec788191c57a9b669e11c	1	23168	player	uade	Protracker compatible	0	12500	f509b706	06cb337a	mods/fish.n.chips.zip/fish.n.chips.mod
816c5cb7c2a57a15792ad20e2ab52b59	0	116607	player	uade	Amos Music Bank	0	27046	9c450151	f34d3289	games/magicforest2.zip/magicforest2.adf/Mf2Titlesmusic.abk
81a46c5af5e6179a61539af0b6f9ada1	1	266039	player+silence	uade	Protracker compatible	0	286752	d955fbfc	87051c4e	games/omegat.zip/omega2.adf/mod.1
81a46c5af5e6179a61539af0b6f9ada1	1	266039	player+silence	uade	Protracker compatible	0	286752	d955fbfc	87051c4e	mods/echoes-of-conflict.zip/echoes-of-conflict.mod
81c56905766f5a23797f36ea27b9c90e	1	23168	player	uade	Protracker compatible	0	69690	41d19110	8e937abd	games/astrokid.zip/astrokid.adf/Sound/Mod.Memory
81d25c10c03b7fdc508bce5dc7b07111	1	252503	player+silence	st3play	Scream Tracker 3.2x (GUS)	6	381258	541250fe	16c4d678	demos/galerie.zip/galerie.adf/1.dat
821ec7090d48896f158e23c3c96bf6c6	0	22324	player	uade	Amos Music Bank	0	15332	f6459fec	7ba6d708	games/chaneques.zip/chaneques2.adf/LaFeriaDeLasFlores.abk
82e11c2e08d784ab153c25eaa39d32b4	1	61568	player	uade	Protracker	0	23800	18b4b1a7	84816058	lsd-docs/lsd-docs56.zip/lsd-docs56.adf/music.056
830f2b57d05a0bb078abf1b9e7ca54c7	0	28172	player	uade	Rob Hubbard	0	46942	379e720c	8a29c696	mods/centurion_soundtrack.zip/RH.Centurion Cleopatra
831a74f9bd0f2985492e2e1aa3795906	0	38326	player+silence	uade	Amos Music Bank	0	48734	0d115790	9c103ba8	tools/karaokeforkids.zip/karaokeforkids.adf/data/Skip To My Lou
83db8536c2960d0166fdc3a0bf054631	0	128020	player	uade	Magnetic Fields Packer	0	2178	896bcd4e	8651566b	mods/kidchaos_soundtrack.zip/mfp.KidChaos Level 4-4 by Pipe Smoker's Cough
84135b215983f2a5adba07ff9ca5e18c	1	138369	player	uade	Protracker	0	134622	866fc82a	941e31a7	mods/lemonsoda.zip/lemonsoda.mod
8421d8733ed10bdfb525c68327caaa73	1	202396	player+silence	uade	Protracker compatible	0	135138	5c99a818	ac3f07ac	demos/triumph_musiccoll5.zip/triumph_musiccoll5.adf/modules/mod.yello
845eddc38ef51c63387e28b733834b45	1	0	nosound	uade	Protracker	0	10300	fe497a04	8abc4504	games/diabolk8.zip/Diabolk8.adf/DIABO8/MUS/st3
84a5d1cd4444bf624972492868151682	1	118315	player	uade	OctaMED MMD1	0	87780	23d958c1	ff7766f5	games/megaball4.zip/megaball4_1.adf/MegaBall4/MB_Music/HighScore4.tune
84acc62e7e359f3b676225256e5b0c56	1	122896	player	uade	Hippel-COSO	0	1738	86163010	db980acf	mods/amberstar_soundtrack.zip/HIPC.Flying High
84c1db6d9c81f9733fb52a9c5517c967	1	234700	player+silence	uade	Protracker compatible	0	222878	5d5a79da	f757e606	mods/disharmony.zip/disharmony.mod
84d0c0abb70b4be34eae478e71ec06b2	1	160131	player	uade	AudioSculpture	0	13166	3f577709	e585404c	games/escape2full.zip/escape2_disk2.adf/ChipModules/mod.traffic-cone
84fef7299cb96c598dde9c84a4916215	1	357411	player+silence	uade	OctaMED MMD1	0	94992	6f54ec0b	d5c48221	games/super-pengo-twins.zip/super-pengo-twins.adf/Sound/Game2.med
8509d679215e53b1f0c84f6703ef9639	1	66672	player	uade	Protracker	0	60076	18ad4dbe	30ed5e3a	games/kick-it.zip/kick-it.adf/castle/mod
851eb60a6615e807aa3d662b58307c21	1	161397	player	uade	Protracker compatible	0	128000	ee6472ee	fb965815	mods/labyrinth.zip/labyrinth.mod
8531a6e6f24512003508b3fc2d5dc326	0	176809	player	uade	Amos Music Bank	0	46404	f46d9615	4d8f4122	games/troop-juger.zip/troop-juger.adf/M-IBA
8658546766442fb5a58faef854b71358	1	200480	player	uade	OctaMED MMD0	0	54152	9fe6e28d	e1e37d27	games/drstrange.zip/drstrange.adf/DoctorStrange/DrTheme.med
86873eff822a3c0259a3cdf130f78474	1	15472	player	uade	Protracker compatible	0	72464	ec5fb003	495c947c	games/madhouse.zip/mad1.ADF/mods/valver6.mod
87304f49e95987b770a39205d499be93	1	0	nosound	uade	Protracker	0	6204	19421259	010bd253	games/diabolik.zip/Diabolik.adf/MUS/gattoni
8774630b720791a02935fb3f5c76b9a7	1	194050	player	uade	Protracker compatible	0	124472	435aa160	1ab93aba	mods/kefrens7.zip/RainyDay.mod
87e2a4043fec22d9c56b4f3641925ea5	1	37958	player	uade	OctaMED MMD1	0	79544	c0d4297f	8239f8bf	mods/seekanddestroy_soundtrack.zip/mission4.mod
8895703dc1330596d3df1cb35e866f28	1	4059	player	uade	OctaMED MMD1	0	20878	826d2284	a729561b	games/circus.zip/circus.adf/Death.med
8911507d83db56ddf2bbae98ee78139d	1	158805	player	uade	Noisetracker 1.x	0	87038	fbc39dc4	50376ce8	mods/temple_of_enl_souls.zip/MOD.Temple-intro
892a5ba98467f74cd9a5763bbef05490	0	124352	player	libopenmpt	ModPlug Tracker 1.0 alpha	20	517965	4fa17880	6734654d	mods/amnesia.zip/amnesia.xm
8947051cd34ebb0c97b20247480b182d	1	259336	player	uade	Protracker compatible	0	88864	50a05a8e	89d1f28d	mods/partyfunk.zip/partyfunk.mod
8950fb6b6dccb97bd41f3d752e48da4f	1	322490	player+silence	uade	Protracker compatible	0	315418	b9429c02	3a483373	mods/trans-atlantic.zip/trans-atlantic.mod
895dd8706946e20e448ca5b36eb4b94f	1	0	nosound	uade	Protracker	0	11324	b2d20283	aa4ef47b	games/diabolk8.zip/Diabolk8.adf/DIABO8/MUS/intro.mdi
895e67ff0e680529dbd422deac713298	0	100652	loop	uade	UADE	0	9776	43ab2548	90bb38ac	mods/sdi_soundtrack.zip/cust.sdi
895e67ff0e680529dbd422deac713298	1	94741	loop
895e67ff0e680529dbd422deac713298	2	58625	loop
895e67ff0e680529dbd422deac713298	3	222148	loop
895e67ff0e680529dbd422deac713298	4	133359	loop
899b8982cebd497a339b1b3e5bf40956	0	263697	player	uade	Sonix Music Driver	0	13586	c465c6ad	53cbcf00	demos/robhubbardcoll2.zip/robhubbardcoll2.adf/Scores/STARPAWS.smus
899b8982cebd497a339b1b3e5bf40956	0	263697	player	uade	Sonix Music Driver	0	13586	c465c6ad	53cbcf00	demos/verybestofrhubbard.zip/verybestofrhubbard.adf/Scores/STARPAWS.smus
89c5276a73c8ac19aed4b35082e04c5c	1	61568	player	uade	Protracker	0	36644	c7db81ff	0a616503	games/booze-o-meter.zip/booze-o-meter.adf/Booze-O-Meter/mod.quiz
89dfb7e4de60121f2216d8467369a78a	0	210068	player+silence	uade	Amos Music Bank	0	120698	62b35acb	d18333dd	games/zalycon.zip/zalycon-b.adf/Level1.abk
8a0104c7524d728c8292daa31df2fc59	0	98039	player	uade	Amos Music Bank	0	17508	a375b333	f1049033	games/rattlesnake.zip/rattlesnake2.adf/Data2/ViperHQ.Abk
8a193268e4dac5ae616cd415bb088dcf	1	122853	player+silence	uade	Protracker compatible	0	153734	2aadb9bc	8b9010f5	games/super-taekw-master.zip/taekwond1.adf/Intro_music.mod
8a1da37f49af1da69b72b7ed73cc8175	1	184686	player	uade	Protracker compatible	0	149998	cdad25bf	bc433079	mods/just-imagination.zip/just-imagination.mod
8a22bf1e04057ffd158ccde2ba5eda54	1	223252	player+silence	uade	Protracker compatible	0	127582	383005d6	8961db46	mods/fastfood.zip/fastfood.mod
8a27e3cc5641ecf669c00037d76be053	1	145080	player	uade	Protracker	0	93470	bc95d0d5	cf315547	demos/bigswitch.zip/bigswitch.adf/mod.time to try!!!.pp
8b45f9d83b8164f2e0977cd74e131fc6	0	61327	player	uade	Images Music System	0	49742	45eb2633	7e0bd8d6	mods/huntforredoctober_soundtrack.zip/IMS.chopper
8b950cfec047f41026d3ec1ddbdc01d6	0	272673	player+silence	libopenmpt	ModPlug Tracker 1.0 alpha	16	661990	b3e24687	13f59e68	mods/liz-theme20.zip/liz-theme20.xm
8b97a187ee0986d7f549f098b7bf7db5	1	161397	player	uade	Protracker	0	36238	d206b0b5	7b2d4263	games/federation.zip/federation.adf/DATA/DATA35
8ba3af5e165070bdf8b459b75dc850ea	0	99948	player	uade	Amos Music Bank	0	42444	29f8d5d4	3ae2d0d0	games/zalycon.zip/zalycon-b.adf/Level3.abk
8ba4d26ee78e1d50d9c46578112e5a91	1	161296	player	uade	Hippel-COSO	0	2526	67de67bb	15c39148	mods/amberstar_soundtrack.zip/HIPC.Fanfares
8bb1c35b1d1ebd698248c558c332244c	1	164873	player	uade	Protracker	0	94346	ac1393b0	6c675f6f	mods/bluecuracao.zip/bluecuracao.mod
8bbb9c3d6819b9ad422f2ae34317e574	0	38520	player	uade	Amos Music Bank	0	48818	8f9a6995	68835d0b	games/suicide-mach.zip/suicide-mach.adf/stomper.abk
8bd8b5b9f1c79f81ac2e1340ccba3cde	1	53872	player	uade	Protracker compatible	0	493044	485fdc37	9d1d4011	mods/znipp-znapp.zip/znipp-znapp.mod
8bddf5024607694a48ad89dabba88bc5	0	68311	player+silence	uade	Amos Music Bank	0	50978	ceab3c4c	c723eed1	tools/karaokeforkids.zip/karaokeforkids.adf/data/Sing a Song of Sixpence
8c175fc39321d305fb5b2372d6df6855	1	104630	player	uade	OctaMED MMD1	0	179434	87bd9582	380b2508	mods/seekanddestroy_soundtrack.zip/end.mod
8cf7bb7888a2e6c8325fe94c5aa3d8be	0	203494	player	uade	Amos Music Bank	0	110756	5a04e8d1	96b8f60d	games/zalycon.zip/zalycon-b.adf/Level2.abk
8d044832fb11860afd42bebaabc595e9	1	180901	player+silence	uade	Soundtracker II (15 instr.)	0	47740	8ca669ae	50b9c4f3	tools/ghostwrt.zip/ghostwrt.adf/MODULE
8d503823ddf61e52f9548b263b8ed0d9	0	146045	player	uade	Amos Music Bank	0	32386	f3065343	83b3cbfd	games/aardvarks.zip/aardvarks.adf/Aardvarks/MUSICS/SweetDream
8d83c8b262c70d2e7a42a923c7988238	1	71816	player	uade	Protracker	0	7380	8fcd3ee9	a66546fe	games/legion.zip/legion1.adf/mod.end2
8db1fba2a92ffbe8a56a58f6e0cc80d6	0	61367	player	uade	PumaTracker	0	5140	17519186	ff532cc0	tools/pumatracker.zip/pumatracker.adf/Mod.toki6
8ddefed7ffa4c2226783ee2d09f774b9	1	30824	player	uade	Protracker	0	43730	5ac250b4	b0e69b96	games/conquest_hd.zip/conquest/sfx/endmod
8de1c1da6f3fd9f7aa1ea7bfd1af55fb	1	204459	player	uade	OctaMED MMD0	0	75180	9773e745	87c5842b	mods/amigacolumns_soundtrack.zip/song.9
8e42a858d1b06e094fc978da3864358b	1	225164	player+silence	uade	Protracker compatible	0	90378	9bd13b34	64b92cbe	mods/crown_soundtrack.zip/VIKING.MOD
8eb87500982916094f9057e1deae5fc5	1	148315	player	uade	Protracker	0	83634	04dd2514	1144dbd3	demos/bigswitch.zip/bigswitch.adf/mod.military.pp
8ef5adaec15f1a89bbfb2ed9076934ad	0	20496	player	uade	TFMX Pro	0	2616	50b1a286	0c443bed	mods/subtrade_soundtrack.zip/mdat.Subtrade_Game2
8ef5adaec15f1a89bbfb2ed9076934ad	1	8138	player
8ef5adaec15f1a89bbfb2ed9076934ad	2	5181	player+silence
8ef5adaec15f1a89bbfb2ed9076934ad	3	12498	player
8ef5adaec15f1a89bbfb2ed9076934ad	4	1125	player
8ef5adaec15f1a89bbfb2ed9076934ad	5	3134	player
8f20a00c9a5bad5e506d78f54d4e5677	1	219007	player	uade	Protracker compatible	0	189760	67491f45	e3967122	mods/zalycon_soundtrack.zip/MOD.end.mod
8fc419f5d9ff329183b213c0a40f6517	0	182496	player	uade	Sonix Music Driver	0	9874	9cefd7af	d5479190	demos/verybestofrhubbard.zip/verybestofrhubbard.adf/Scores/SABOTEUR2.smus
900667a64a8f4ca8844a47d4b1efa6fd	1	142207	player	uade	AudioSculpture	0	7228	2f8fdbc7	b29be245	games/escape2full.zip/escape2_disk2.adf/ChipModules/mod.snow-man
906ac90ae563d71ad2f44869adbe191b	1	330269	player	uade	Hippel-COSO	0	27766	0b9c9344	a7efb25d	mods/lethalxcess_soundtrack.zip/HIPC.Ruins of Methallycha
90aa473882f9deccb35629fcb4fa3ab8	1	85282	player+silence	uade	Protracker	0	62966	18f87362	28ab3c3d	mods/fifa_soundtrack.zip/MOD.FIFA-ingame2
919f2894e11fff6153ea7c44d532f5d3	1	203092	player	uade	Protracker compatible	0	188062	da387d33	78cc3146	mods/walkabout-adventure.zip/walkabout-adventure.mod
926d6ae2874a2e792e878e1a6ec7a1d7	1	146386	player	uade	OctaMED MMD0	0	36910	d314d1c5	68353dfb	mods/amigacolumns_soundtrack.zip/song.6
92e143ebba3ac6c799319f56c5c4de92	1	38520	player	uade	Protracker	0	35732	b242ba87	3a2ba946	tools/datadivisiondocs3.zip/datadivisiondocs3.adf/mod.1
92f3dfa2e19bc3f8b2b0a954e7dece41	0	122916	player	uade	TFMX Pro	0	20108	0779bbbe	21f5c19a	mods/kellogg_soundtrack.zip/mdat.T&F_Ingame by Rudi Stember
92f3dfa2e19bc3f8b2b0a954e7dece41	1	122916	player
92f3dfa2e19bc3f8b2b0a954e7dece41	10	46116	player
92f3dfa2e19bc3f8b2b0a954e7dece41	11	8219	player+silence
92f3dfa2e19bc3f8b2b0a954e7dece41	12	5820	player+silence
92f3dfa2e19bc3f8b2b0a954e7dece41	13	7737	player+silence
92f3dfa2e19bc3f8b2b0a954e7dece41	2	7737	player+silence
92f3dfa2e19bc3f8b2b0a954e7dece41	3	1326	player
92f3dfa2e19bc3f8b2b0a954e7dece41	4	84516	player
92f3dfa2e19bc3f8b2b0a954e7dece41	5	84516	player
92f3dfa2e19bc3f8b2b0a954e7dece41	6	92172	player
92f3dfa2e19bc3f8b2b0a954e7dece41	7	102420	player
92f3dfa2e19bc3f8b2b0a954e7dece41	8	51220	player
92f3dfa2e19bc3f8b2b0a954e7dece41	9	46116	player
92f7af76672058c97d14120aa2baf2ff	0	330269	player	uade	Soundtracker II - V or compatible	0	130206	334e773c	65a07bd2	mods/realgenius_soundtrack.zip/OST.the real
9320943bde92c5e239a63eb864dcaf36	0	58092	player	uade	Sean Conran	0	57912	c83f62ee	644ab92f	mods/topcat_soundtrack.zip/SCR.TopCat
9320943bde92c5e239a63eb864dcaf36	1	7696	player
9353783a098b4e5f16f826fe662f7c88	0	0	nosound	uade	Janko Mrsic-Flogel	0	4052	3d18ecbc	640ec825	mods/bombjack_soundtrack.zip/JMF.BombJack
9353783a098b4e5f16f826fe662f7c88	1	8142	player+silence
9353783a098b4e5f16f826fe662f7c88	2	5144	player
9353783a098b4e5f16f826fe662f7c88	3	9765	player
9353783a098b4e5f16f826fe662f7c88	4	10248	player
9353783a098b4e5f16f826fe662f7c88	5	10248	player
9353783a098b4e5f16f826fe662f7c88	6	4983	player
93936bdbbc1c7ab934e0f59dece6707c	1	0	nosound	uade	Protracker	0	9276	6bfdb61a	c045964b	games/diabolik.zip/Diabolik.adf/MUS/st3
93d69c3bd4ea1ee346c3da47fb77d94a	1	107845	player	uade	OctaMED MMD1	0	127102	7d4638be	3a5fbf2d	games/castle-of-red-death.zip/castle-of-red-death.adf/coresong1
93dcb68c221cff0de215318f0acafba7	1	283628	player+silence	uade	Protracker compatible	0	196420	8a495ec7	dc8b17e6	mods/ensonic.zip/ensonic.mod
9438975a01705c77279ef68014472493	1	0	nosound	uade	Protracker	0	10300	0cde15d2	327a60b8	games/diabolik.zip/Diabolik.adf/MUS/Diabolik
95149ab4df2aa2da06dd8858cc593dc6	0	15854	player	uade	TFMX Pro	0	3204	4fe1d40c	ae515abb	mods/subtrade_soundtrack.zip/mdat.Subtrade_Game1
95149ab4df2aa2da06dd8858cc593dc6	1	1125	player
95149ab4df2aa2da06dd8858cc593dc6	2	35064	player
95149ab4df2aa2da06dd8858cc593dc6	3	502	player
95149ab4df2aa2da06dd8858cc593dc6	4	0	nosound
95149ab4df2aa2da06dd8858cc593dc6	5	1125	player
95149ab4df2aa2da06dd8858cc593dc6	6	502	player
951b49f38ac7c0bb4ff2ae62970de817	1	82044	player	uade	Noisetracker 1.x	0	18044	6f1e58a7	75b49ce3	mods/kefrens7.zip/M.dragonjive.mod
951de62a5cad5f5427901924e8da73fa	1	126654	player	uade	Sound Programming Languag	0	73060	ef4a8f8c	ea51db24	mods/cleverandsmart_soundtrack.zip/SPL.Clever&Smart
95374d7063ba469c6e51c1f9a02991e2	0	297013	player	uade	Magnetic Fields Packer	0	9214	cf1badfb	de4e6997	mods/kidchaos_soundtrack.zip/mfp.KidChaos Level 2-1 by Pipe Smoker's Cough
95adb39449e0a5cc3859e15beb1553f0	0	53872	player	uade	Amos Music Bank	0	16902	016e6946	6651c429	games/valhalla.zip/valhalla-datadisk.adf/And/B1-03
95ae1bb9fbe7842c320823dd167945a2	1	200339	player	uade	OctaMED MMD0	0	58394	3043a3a7	0056cb55	games/megaball4.zip/megaball4_3.adf/MB_Music/MBmus17
95da7b65362e013f7d3c7c001cb88c03	1	15231	player	uade	OctaMED MMD0	0	29694	18202913	2f7251c6	games/champions-of-dawn.zip/champions-of-dawn.adf/SOUNDS/mod.back4
95e2c2f39f8f01242ae14cbe09bc21f8	1	71816	player	uade	Protracker compatible	0	27940	80db1faa	a4aaf295	mods/sunearne.zip/sunearne.mod
95f64ff98c12edd5d2b750a3492c7a05	1	174599	player	uade	Protracker compatible	0	56216	c900ba77	a31b86b8	games/astrokid.zip/astrokid.adf/Sound/Mod.Crater
9616783578b07927bc2683eca066f54a	0	168972	player	uade	Riff Raff	0	45016	04313083	e3c53903	mods/bombfusion_soundtrack.zip/RIFF.BombFusion
96aa7521db7db60638fae40c1abfe93f	1	453246	player	uade	Protracker compatible	0	143136	e64d7e75	ebac85f6	mods/madness-took-me.zip/madness-took-me.mod
978e187752c4cf6a23d08ecce7baf07b	1	207493	player	uade	Protracker compatible	0	128068	22988fde	0f47cc2c	mods/kefrens8.zip/zycho says osu  feb.mod
9795d5f3be5a6f8fb7228920d6b8893f	1	112063	player+silence	uade	Protracker	0	68438	84686940	290cbf85	lsd-docs/lsd-docs51.zip/lsd-docs51.adf/music.051
97d76f3f589f59f99ebecb80864044cc	1	126835	player	uade	Protracker compatible	0	128236	7a8d1520	0ae84d47	mods/zalycon_soundtrack.zip/MOD.Title.mod
97f37484dd1e7e2ad7995f62332691b2	1	46176	player	uade	OctaMED MMD0	0	38866	f618dacd	0de97f8d	mods/ultima6_soundtrack.zip/MED.UltimaVI-6
980b6df1d2ccfaf71d20fba3e114db02	1	115240	player	uade	Steve Barrett	0	62538	db7fc4aa	a0f8d9ae	mods/dragonscape_soundtrack.zip/SB.Dragonscape
982ca7bea0be06f6da929b56ab684771	1	315017	player	uade	Protracker compatible	0	97640	5493af22	49268d69	mods/kefrens7.zip/LastNinjaReMix.mod
983be3f1ef4c9fb7086d938595ff6ad9	1	204496	player+silence	uade	Protracker compatible	0	129174	93ed8eee	c851cba8	mods/space-gravitation.zip/space-gravitation.mod
985b16e1e153fa5d59d5e9899227078c	1	251669	silence	uade	Protracker compatible	0	264250	d2c1d670	a5b207c6	mods/second-voyage.zip/second-voyage.mod
987dec660e664da1e4d046c785b72b89	1	70510	player	uade	AudioSculpture	0	5998	5382039c	b1ebe240	games/escape2full.zip/escape2_disk2.adf/ChipModules/mod.guarno
98be1a5f46f53464bae3fc1a794063fd	1	23168	player	uade	Protracker compatible	0	174570	78f0483a	5ca49909	mods/gustafs-lekstuga.zip/gustafs-lekstuga.mod
98c69e63e32cb8a9497abc2eca4a86d1	1	276597	player	uade	Protracker compatible	0	109398	1ae2ca3f	48bebc13	games/ontherun.zip/ontherun.adf/ordatas/ORm1.DAT
98dda710a7b536409e77226b4461ecef	1	130592	player	uade	Hippel-COSO	0	1962	9b6b922c	99beafa7	mods/amberstar_soundtrack.zip/HIPC.Irish Spring
98f52aa817e264c20839cab955182938	1	46216	player	uade	Protracker compatible	0	55376	95d6fa7c	26313eb4	mods/leander1-1.zip/leander1-1.mod
9916a25e895ad9557216d0e1bbb22066	1	199797	player	uade	Protracker compatible	0	129460	b0ce02e1	f34c72e6	mods/december.zip/december.mod
99265edcdcbcc28032c4372aedfbb991	0	122936	player	uade	Magnetic Fields Packer	0	2618	c3b2dea6	a3cefed6	mods/kidchaos_soundtrack.zip/mfp.KidChaos Level 2-4 by Pipe Smoker's Cough
994cb51e6c90e862f721d99338f226f2	1	76820	player	uade	Sound Programming Languag	0	127820	f2ef220f	3cca3711	mods/spaceport_soundtrack.zip/SPL.SpacePort
994cb51e6c90e862f721d99338f226f2	2	56022	player
994cb51e6c90e862f721d99338f226f2	3	5626	player
996512331df77e247236008a155b3d18	1	161397	player	uade	Protracker	0	56000	eaca4930	d458383b	lsd-docs/lsd-docs50.zip/lsd-docs50.adf/music.050
99ef12afc56069f0c4e358368c553677	1	23168	player	uade	Protracker compatible	0	45454	ede5209d	f596c06f	mods/we-love-you-all.zip/we-love-you-all.mod
99f7602bcf533c3ccdb2b4cee905a272	1	201023	player	uade	Protracker compatible	0	215880	e072cd67	e5f15a62	demos/triumph_musiccoll5.zip/triumph_musiccoll5.adf/modules/mod.1989
9a092ad19d9f42a9648192ba8e9007e2	0	46196	player	uade	Amos Music Bank	0	22310	be8d7e5c	7a6efc1f	games/skatetri.zip/skatetri.adf/chaos.abk
9a3b6e942491341eca58f9f21ccec84a	0	200696	player+silence	libopenmpt	ModPlug Tracker 1.0 alpha	22	972409	7b5ed023	4b7cb339	mods/age-of-legend.zip/age-of-legend.xm
9a562bf5d49d323d1b9b0d463409a615	1	261747	player	uade	Protracker compatible	0	132718	80321c32	72727d48	mods/blue-house2.zip/blue-house2.mod
9ab83b0f6f81e7cba908fea69390f302	1	138369	player	uade	Protracker compatible	0	30618	dbb0fcb3	925ee5ff	mods/zalycon_soundtrack.zip/MOD.Intromusic.mod
9ac312cf28d4253bb02a7079d55e443e	1	80758	player	uade	Protracker compatible	0	161398	b17ea605	0a218b78	mods/crusade.zip/crusade.mod
9aea7ff1e83a9d8170c5befb05bd98f4	0	61568	player	uade	Amos Music Bank	0	22758	cc382a2e	ae53ac8b	games/skatetri.zip/skatetri.adf/broken.abk
9b1640db5a99d86895fe9836af6c290e	1	30824	player	uade	Protracker	0	17686	934b4e8b	4303be2c	games/legion.zip/legion1.adf/mod.2sample+
9b21d785451c5d39e510bce6df053d10	0	299545	player	uade	Magnetic Fields Packer	0	5878	6a4bd0db	80482b06	mods/kidchaos_soundtrack.zip/mfp.KidChaos Level 5-2 by Pipe Smoker's Cough
9b30fb277f0f5ef6b4aa132b5b0f2f86	1	274045	player	uade	Protracker	0	170534	7acf6ffa	b6cab533	games/legion.zip/legion1.adf/mod.legion
9b367ac4f6c033c77093144e617c7392	0	86345	player	uade	PumaTracker	0	6328	e48d395a	15f30a19	tools/pumatracker.zip/pumatracker.adf/Mod.toki9
9b44a9921f45e2d4c0c80801c654100d	1	38520	player	uade	Protracker	0	18116	27f4337c	b95c10aa	lsd-docs/lsd-docs37.zip/lsd-docs37.adf/s/LSD-03.RAW
9b5b1f10e9b245ea361d6db72b5c8522	1	112668	player	uade	Hippel-COSO	0	1616	c9f70f09	190c9dd5	mods/amberstar_soundtrack.zip/HIPC.Travellers Tune
9b64a12ef191af8bb64b94b45c18cc3b	1	0	nosound	uade	Protracker	0	7228	55df1267	b5c1c112	games/diabolik.zip/Diabolik.adf/MUS/st2
9b9fb2b1729f3670970ab818bf73a510	0	25539	player	uade	PumaTracker	0	2040	6acc6674	d3a0b611	tools/pumatracker.zip/pumatracker.adf/Mod.toki2
9bde40f778d58125ee6a622b2b2ccb84	1	76820	player	uade	Hippel-COSO	0	1708	7a744948	8b50eaa5	mods/amberstar_soundtrack.zip/HIPC.Lullaby
9c2edb8a35e78194ebbe8e38a953c035	0	218374	player+silence	uade	Amos Music Bank	0	40608	7cbf4b41	6b021e53	games/el-senor.zip/ANILLOS2.adf/bancos/203
9c2edb8a35e78194ebbe8e38a953c035	0	218374	player+silence	uade	Amos Music Bank	0	40608	7cbf4b41	6b021e53	games/el-senor.zip/ANILLOS2.adf/bancos/204
9c68371e67124bac174636b7c5ffa815	0	50054	player	uade	Amos Music Bank	0	48686	6c028516	7ae827bd	tools/karaokeforkids.zip/karaokeforkids.adf/data/Twinkle Twinkle Little Star
9cdedbf04f4fe861460b3696fca0d772	1	80758	player	uade	Protracker compatible	0	51076	28613df0	29ea4c61	games/pythagoras.zip/pythagoras.adf/abyss.mod
9cdedbf04f4fe861460b3696fca0d772	1	80758	player	uade	Protracker compatible	0	51076	28613df0	29ea4c61	games/pythagoras.zip/pythagoras.adf/mod.tell-it-to-my-hard
9d241153ca63b488eabdfaad02af3e79	1	265103	player	uade	Protracker compatible	0	96146	870262fd	e73f3f68	mods/act-of-impulse.zip/act-of-impulse.mod
9d673be2ae24bd61a09d6a4793afd5b3	1	249731	player	uade	Protracker compatible	0	263994	9699a391	f2ca4924	mods/atmosphere.zip/atmosphere.mod
9dbdc81daaf24d98a6919909d10c6801	0	82679	loop	uade	Sonic Arranger	0	83377	6ba2f11b	d05ccf56	games/energiem.zip/ENERGIE.ADF/Musik
9de1a1c3c4b986b4fe71b204e8ab32dd	1	213860	player+silence	uade	Protracker compatible	0	130066	eb52e3af	3a1a8560	mods/gateway.zip/gateway.mod
9e12e397935b9b26b5651bb3df7ac0b7	0	7816	player	uade	Amos Music Bank	0	39732	c59e9bf8	1a9bd82c	games/neighbours.zip/neighbours2.adf/tuneSample3.Abk
9ec5bac8d6f6d195e8e8a16c2a5c5042	0	38295	player	libopenmpt	ModPlug Tracker 1.0 alpha	12	225356	1706501f	a7dbd825	mods/c64pepeline.zip/c64pepeline.xm
9edbe99381431fdb97bdfe68a83753b9	1	121731	player	uade	AudioSculpture	0	8886	917d40a9	c88e35ea	games/escape2full.zip/escape2_disk2.adf/ChipModules/mod.egg-fu-young
9fd9485c6788b34b9264c65628f27834	1	261245	player	uade	Protracker compatible	0	134890	17010d5f	d75797af	mods/too-far-away.zip/too-far-away.mod
a00fa1bdade7226ee7dd4a25c8e13022	0	238096	player	uade	Soundtracker II - V or compatible	0	57528	0aafe18d	940023cd	mods/temple_of_enl_souls.zip/OST.japan10
a0186dcac8ca6a2dfc0b74864e3fe04b	1	177487	player+silence	uade	Protracker compatible	0	503028	9e62cbfb	eaa4f1ed	mods/crayfish-party1.zip/crayfish-party1.mod
a08b112c1e28821b6d4d1e2615a51a3d	0	337483	player	uade	Sonix Music Driver	0	17632	3af9a6df	a7ea89a7	demos/verybestofrhubbard.zip/verybestofrhubbard.adf/Scores/MONTYONTHERUN.smus
a0c66c7d883c2d1ebb7fa1c347bbda73	0	83330	player	uade	Amos Music Bank	0	15056	89363ad5	c927466a	games/olempiad.zip/olempiad1.adf/Samples/music.abk
a106cf7931ed4695666e666d36c1e1cd	1	20978	player	uade	Protracker	0	180650	2fcfbfd3	93aaf3b5	mods/wwf_soundtrack.zip/WWF_European_Rampage/MOD.wwf(money-inc.)
a1389382a197d038400d80a9b76c525d	0	172830	player	uade	TFMX Pro	0	15196	2a822775	428b288e	games/schmutzerbe.zip/daserbe2.adf/Songs/mdat.Erbe2
a1389382a197d038400d80a9b76c525d	1	81944	player
a1389382a197d038400d80a9b76c525d	2	61468	player
a1389382a197d038400d80a9b76c525d	3	176668	player
a142e48c89b8c6fdbe52990e00712eca	1	92272	player	uade	Protracker	0	111184	f4bdb2cb	335a26ac	games/battlecars2.zip/battlecars2.adf/mod.bcarsong
a1487540509daed91d2bb2fbd483b666	1	30824	player	uade	Protracker compatible	0	51374	0ea386c7	dd565b8c	games/madhouse.zip/mad1.ADF/mods/valver3.mod
a1e5bbc64c5bf77948a402b74873221a	1	115220	player	uade	Hippel-COSO	0	2096	cc296028	e7227b73	mods/amberstar_soundtrack.zip/HIPC.High Seas
a2d89a83713c3864f46d3bcf7dc06be8	1	230541	player	uade	Protracker compatible	0	172606	00fb2b43	39fa3ce2	mods/ice-mag.zip/ice-mag.mod
a2f27cedb5d5e9cd91841fc49f2166c3	0	65346	player	uade	SIDMon 1.0	0	23770	3f38179b	3a7ed7e6	mods/seatfahrsim_soundtrack.zip/SID.Seat_Fahrsimulator-load
a32a36fcb5a5063d28016f7b808520b4	1	230541	player	uade	Soundtracker II (15 instr.)	0	63250	97eac144	71e15607	mods/temple_of_enl_souls.zip/OST.japan9d
a366b81ea9c66ff0dfb4ed9212afd644	1	504594	player+silence	uade	Protracker compatible	0	99426	d159a8fe	c5ab1337	mods/crappy-feelings.zip/crappy-feelings.mod
a36ceb7e223fb18fc40edc9ff383ab17	1	27006	player	uade	Protracker compatible	0	8806	604183ca	e58b3977	mods/game-music2.zip/game-music2.mod
a37302b041d6cfe51225531808e3840a	1	153620	player	uade	Hippel-COSO	0	33160	e854188f	241df718	mods/lethalxcess_soundtrack.zip/HIPC.LethalXcess-End
a415d1a4904f540aa85258e74c9e45c6	1	189247	player	uade	Protracker	0	86224	7446a9b0	9e8cec05	demos/bigswitch.zip/bigswitch.adf/mod.zzzz sleepy times.pp
a45e7f9af0d25481b32601b951e901bd	0	164348	player+silence	uade	Amos Music Bank	0	56068	18bc8550	60659ff1	games/ack-ack.zip/ack-ack.adf/MUSIC.ABK
a465f32faf4d257291ca11d35697b8a5	0	0	nosound	uade	CustomPlay	0	8656	4cdfc868	5e9e9dd6	mods/victoryroad_soundtrack.zip/cust.victoryroad
a465f32faf4d257291ca11d35697b8a5	1	67423	silence
a465f32faf4d257291ca11d35697b8a5	2	6621	silence
a465f32faf4d257291ca11d35697b8a5	3	162575	loop
a465f32faf4d257291ca11d35697b8a5	4	41662	silence
a465f32faf4d257291ca11d35697b8a5	5	3621	silence
a465f32faf4d257291ca11d35697b8a5	6	4621	silence
a51775a7575f541c6ce9e7cdf8648776	1	222845	player	uade	Protracker	0	130006	6e4ac5b8	47968aae	mods/elysium.zip/elysium.mod
a53c58f4ca713545eba4171225c95c5a	1	179220	player	uade	Hippel-COSO	0	2442	d9792a0f	f7dabab2	mods/wingsofdeath_soundtrack.zip/HIPC.The Lethal Swamps
a6440026742719775f9584b7eadd3e07	1	230955	player+silence	uade	Protracker	0	145294	44b7e2d0	3bbe83d2	mods/optimumfuckup.zip/optimumfuckup.mod
a6722bc46cb1313b54f6ccca8745128c	0	30724	player	uade	Magnetic Fields Packer	0	1066	f1fbf6dc	72d76f41	mods/kidchaos_soundtrack.zip/mfp.KidChaos Loading by Pipe Smoker's Cough
a7128636bc5bad9dbcaa139eba8960b1	1	165657	player	uade	OctaMED MMD0	0	60396	743b3f5d	c764a739	games/megaball4.zip/megaball4_3.adf/MB_Music/MBmus24
a7af7dd6266202f9c3d96adf7e36235c	1	160030	player	uade	Hippel-COSO	0	3804	0c4685f7	3ef42fd0	mods/wingsofdeath_soundtrack.zip/HIPC.The Jungle of Mutants
a7b3f9c21dbba112ab8ec36b74a36a15	0	103405	player	uade	Sonix Music Driver	0	3808	217bb381	f060b148	demos/robhubbardcoll1.zip/robhubbardcoll1.adf/scores/8.smus
a7cbcf362557376e5a561566fb294898	1	89881	player	uade	Protracker	0	64544	499a1cc7	e39d0d6c	games/fallingdown.zip/fallingdown.adf/GME2
a7d694227dbf5fc97625aec42601ce47	1	161397	player	uade	Protracker compatible	0	64788	d7e949f4	14969005	mods/zalycon_soundtrack.zip/MOD.HighScore.mod
a7e3a698687775e74f351a4375520434	1	77161	player	uade	Protracker	0	115194	2e2ba5dd	2ddc1db4	mods/robocop3_soundtrack.zip/MOD.ingametwo
a8851111d08fb1ae8f9271522275a4e0	1	32110	player	uade	Protracker compatible	0	18004	e78e479a	01a5929e	tools/datadivisiondocs3.zip/datadivisiondocs3.adf/mod.2
a88ba80d457c4f79d1682ed467d4ef97	1	0	nosound	uade	Protracker	0	12348	e638373b	421694b1	games/diabolik.zip/Diabolik.adf/MUS/tobecont
a899601484178511b4771e5b77966faf	1	146045	player	uade	Protracker compatible	0	52260	170d41a0	1bf0182f	games/mash.zip/mash.adf/Mash/sounds/Moshtastic.mod
a8b779eb03b20a25ea510daf375529c4	0	159422	player+silence	libopenmpt	ModPlug Tracker 1.0 alpha	8	274725	2715e3c8	ae08b2c6	mods/world-of-fantasy.zip/world-of-fantasy.xm
a8c9a26880744b1ff1fa280f5935ff45	1	114838	player	uade	Steve Barrett	0	64880	56c57476	48c94fcc	mods/chroniclesofomega_soundtrack.zip/SB.ChroniclesOfOmega
a8c9a26880744b1ff1fa280f5935ff45	2	61488	player
a8c9a26880744b1ff1fa280f5935ff45	3	25640	player
a8fce07dee05bad9af381ed147bc8e43	1	329143	player+silence	uade	Protracker compatible	0	178168	c14f972b	e449f9ca	mods/whack-bonk.zip/whack-bonk.mod
a96c5bb8d62ea8c7144146f960bb770d	1	177995	player	uade	OctaMED MMD0	0	49198	fefa2978	4d014d41	games/megaball4.zip/megaball4_3.adf/MB_Music/MBmus12
a983d7881713c8282eb0c663d034d2d0	1	0	nosound	uade	Protracker	0	11324	03a2f2b4	4d2b3bb7	games/diabolk8.zip/Diabolk8.adf/DIABO8/MUS/ese.mdi
a987eb59bb75d89221f21b1164ff619b	1	112769	player	uade	Protracker	0	57620	b536a664	a7b9ebba	mods/fifa_soundtrack.zip/MOD.FIFA-ingame1
a9c104273556b2766a9e869f73c44c4e	1	32753	player	uade	Protracker compatible	0	15246	735e57cf	d451ae26	mods/pearled-unicorn.zip/pearled-unicorn.mod
a9d0a46b0c5c7788eb3b97aa29e7ad12	1	153721	player	uade	Protracker compatible	0	121814	c024463a	9e865328	mods/dx-chronium.zip/dx-chronium.mod
aa223751face91907de662f88aa60729	0	5284	player	uade	Sean Conran	0	63590	e6495cd6	b8e738f2	mods/videokid_soundtrack.zip/SCR.VideoKid1
aa223751face91907de662f88aa60729	1	6249	player
aa223751face91907de662f88aa60729	2	6249	player
aa223751face91907de662f88aa60729	3	4822	player
aa223751face91907de662f88aa60729	4	6249	player
aa493a325d5cc7ddba7b37c70b31c83c	1	712882	player+silence	uade	Protracker compatible	0	137824	4a600185	d11fdef3	mods/water-below-long.zip/water-below-long.mod
aaadd737bce51c04ac0fa50c6fad97ee	1	98642	player	uade	OctaMED MMD1	0	46366	dec02299	368229bc	games/megaball4.zip/megaball4_3.adf/MB_Music/MBmus23
aaf02ce38b7353ed018bd20fe69c2b83	1	216616	player	uade	Protracker compatible	0	111110	9bd8e268	b02bfb28	emerald/b/boulderdash3d.lha/bd3d-demo/Mod.gasp
ab1af86a55c11eb115560b897f252ed1	1	316532	player+silence	uade	Protracker compatible	0	197138	32878e92	affd64b3	mods/nordic-report3.zip/nordic-report3.mod
ab593e862051fe98177c7dc2c16c807b	0	168069	player	libopenmpt	ModPlug Tracker 1.0 alpha	8	246920	8f61684a	84eda6cf	mods/longstabben.zip/longstabben.xm
abc972dbce7c0bfcbc8fb6024b1eb0b2	0	17944	player	uade	Rob Hubbard	0	29992	cf528063	60f2f1e5	mods/centurion_soundtrack.zip/RH.Centurion naval battle
abc972dbce7c0bfcbc8fb6024b1eb0b2	1	15372	player
abc972dbce7c0bfcbc8fb6024b1eb0b2	2	12820	player
abc972dbce7c0bfcbc8fb6024b1eb0b2	3	10268	player
ac12ec34f10eb749e555fe3ea6b08c6e	1	125527	player+silence	uade	OctaMED MMD1	0	126114	9e9d7f65	456f63dc	games/galleons.zip/galleons.adf/Sfx/Mod.Galleons
ac60a689ecd0fb00b498e3e3f0421996	1	254694	player	uade	Protracker	0	248644	895d1bda	4a050a59	mods/tasteofyourtears.zip/tasteofyourtears.mod
ac62b28ea849729027d7112d633ab3d9	1	221720	player	uade	OctaMED MMD1	0	38794	b3a590f3	778c61e6	tools/octamed4.zip/octamed4.adf/MODS/Fugue
ac7c8df1e026c0f6123deed2c8cd8542	0	7816	player	uade	Amos Music Bank	0	36340	4dfd590c	7d2a7bd4	games/barravento.zip/barravento.adf/DATA/DATA8
ace23de805a21ae23e1763c37cef7527	1	139916	player	uade	Protracker	0	73944	a785c16a	5bfdacf4	demos/bigswitch.zip/bigswitch.adf/mod.hello there.pp
ace5ea9c4c87bfaabf9ed76a62fd34ab	1	212697	player	uade	Protracker compatible	0	294016	86a36619	17c2ba8b	mods/elimination-part1.zip/elimination-part1.mod
ad27771d80f03f56d7c1c2fecd5134fd	1	88434	player	uade	Protracker compatible	0	62804	4787d692	1e09a1f9	mods/kefrens7.zip/survivors2.mod
ad2adaa4628cc80c674968a19dff8f77	0	202566	player+silence	uade	TronicTracker(?)	0	12552	99f5f5d2	335c187b	mods/crystal_cracktro.zip/TRON.Crystal
ad329b39470f40f6b28b6211bc0faa19	1	173112	player	uade	Protracker compatible	0	110080	9704a25a	0b210c03	mods/the-nukha-bopper.zip/the-nukha-bopper.mod
adb0d860fe8685f736084f5118a8b843	1	264440	player	uade	Protracker compatible	0	89568	c51bb752	3096f5d0	mods/scoopex-slideshow.zip/scoopex-slideshow.mod
adedcc5224e604c5c032c8bab674ed66	1	195711	loop	uade	CustomPlay	0	67480	2d8d69a4	65265353	mods/rainbowwarriors_soundtrack.zip/CUST.RainbowWarriors
adedcc5224e604c5c032c8bab674ed66	2	160776	loop
adedcc5224e604c5c032c8bab674ed66	3	140880	loop
adedcc5224e604c5c032c8bab674ed66	4	70714	loop
adedcc5224e604c5c032c8bab674ed66	5	90821	loop
ae282101ec5e69313b6d5b47d35195d0	1	121329	player	uade	OctaMED MMD0	0	51636	5ca79033	24ead984	games/drstrange.zip/drstrange.adf/DoctorStrange/HighScore.med
ae3fd27a1bc59e51129c5100c9649781	1	330731	player	uade	Protracker compatible	0	129234	4e431990	7b442cec	mods/wild-impressions2.zip/wild-impressions2.mod
ae451c79c87c42abfa90a0028f79b534	1	292552	player	uade	OctaMED MMD0	0	109692	2fb5fe45	edd230a1	emerald/a/abdash11909.lha/abd/abd.mod
ae451c79c87c42abfa90a0028f79b534	1	292552	player	uade	OctaMED MMD0	0	109692	2fb5fe45	edd230a1	emerald/a/abdash11909.zip/ABoulderdash11909.adf/abd.mod
ae4d86d7e99f9ba5f8a3a939b94f1683	1	126734	player	uade	Hippel-COSO	0	1560	86bbb54d	188aad48	mods/amberstar_soundtrack.zip/HIPC.Horse Song
af07caa6ce5f9ee753cbafc76739823e	1	404610	player+volume	uade	Hippel-COSO	0	60742	33dd5535	6f2f5ea0	mods/lethalxcess_soundtrack.zip/HIPC.LethalXcess-Intro
af07caa6ce5f9ee753cbafc76739823e	2	2592	player
af07caa6ce5f9ee753cbafc76739823e	3	2624595	silence
af2324cda2b4be0de525a21a630c5be7	0	3838	player	uade	Amos Music Bank	0	14522	ac783018	ac42c9ef	games/barravento.zip/barravento.adf/DATA/DATA7
af29932672654d04592ac99e2a11f4eb	0	309773	player	uade	Magnetic Fields Packer	0	4054	37006d51	92ec7861	mods/kidchaos_soundtrack.zip/mfp.KidChaos Level 1-3 by Pipe Smoker's Cough
afc653073290019609bccc351150d63c	1	78226	player	uade	Sound Programming Languag	0	69992	0fa97623	167f9bbb	mods/graffitiman_soundtrack.zip/SPL.GraffitiMan
afc653073290019609bccc351150d63c	2	96996	loop
afc653073290019609bccc351150d63c	3	86054	loop
afc653073290019609bccc351150d63c	4	83904	loop
afc653073290019609bccc351150d63c	5	37745	loop
afc653073290019609bccc351150d63c	6	65221	loop
afc653073290019609bccc351150d63c	7	6460	silence
afc653073290019609bccc351150d63c	8	6821	silence
b03da6485a30d7867ac91f46d90b836a	1	381563	player+silence	uade	Protracker compatible	0	153868	672384d3	ad58b381	mods/lizard-theme.zip/lizard-theme.mod
b0b876814a58f0022b3430a3df246b0a	1	339331	player	uade	Startrekker (4ch)	0	48232	1655af17	90c3f0a7	games/escape2full.zip/escape2_disk2.adf/NonChipModules/mod.trillion
b0d9a7ece699f834ba8a2595c25a38ee	1	155650	player	uade	Protracker compatible	0	168592	00689fdf	eb8103dd	mods/1000miglia_soundtrack.zip/1000miglia.MOD
b131bcb89ceb9319cbfbc0fa6fe1ad90	1	41072	player	uade	Protracker compatible	0	15874	c2850fb7	f79b6af2	mods/pestilence.zip/pestilence.mod
b154efb9da8620eeecf8fbc021131610	1	197014	player+silence	uade	Protracker compatible	0	155714	376eda7b	7f5d7ccb	mods/yummy-gap.zip/yummy-gap.mod
b15fe87338f3b6b167775e12a214bb35	1	210069	player+silence	uade	Protracker compatible	0	118812	49da0a45	a42b8d8e	mods/zalycon_soundtrack.zip/MOD.Level1.mod
b1c587d47fb669d4e3ef16528ff64c2a	1	3958	player	uade	Protracker	0	11804	cd0f4c08	d20bf0f8	mods/robocop3_soundtrack.zip/MOD.mediabreaktwo
b1eaf4c3bd568be59e6aae793ee4343c	0	161397	player	uade	Amos Music Bank	0	74096	329e248b	4c996337	games/german-trucking.zip/german-trucking2.adf/TRUCK/Truck_SND/truck.snd2
b21397deb8619135c568f508f14a68f4	1	102621	player	uade	OctaMED MMD0	0	124236	7680a6fe	76eec037	games/genocide.zip/genocide.adf/mod.FRAC1
b23a4d324a5282fc4d6e277eb6aa2d4a	1	38440	player	uade	OctaMED MMD0	0	57120	5bf69ed8	d55931ec	games/genocide.zip/genocide.adf/mod.FRAC3
b28932ec533cd6ca7fea940e9923c94b	1	92272	player	uade	Protracker compatible	0	92376	5aad1e62	6c6922c6	games/superballz.zip/superballz.adf/title.mod
b2a95cf7bd3a6d16a50d84a69566a566	1	59061	player+silence	uade	Protracker compatible	0	30642	34440646	90e04692	mods/tango-dance.zip/tango-dance.mod
b31b044c570077d28f06010edb92ff31	1	23028	player	uade	OctaMED MMD0	0	83252	cd399ff9	534a493e	games/jinx.zip/jinx1.adf/FILES/et
b32223d53e1d58c9aa40ddd99f8d1871	0	81944	player	uade	TFMX Pro	0	3660	6277cb5e	677fa152	games/elefanten.zip/elefanten.adf/SONGS/mdat.Titel
b32223d53e1d58c9aa40ddd99f8d1871	1	76820	player
b33cfddce3b6942428236c2b587484e7	1	192141	player	uade	Protracker compatible	0	68488	b3d10201	438c4bcf	games/mash.zip/mash.adf/Mash/sounds/burger.mod
b33ddd4a1b938bbedecc66ef4e67a886	1	99968	player	uade	Protracker compatible	0	47322	d0605a53	b0fcb6e5	mods/zalycon_soundtrack.zip/MOD.Level3.mod
b358c2778194fa3de492b249ef1e0cab	1	268921	player	uade	Noisetracker 1.x	0	65500	94193b8f	c594d9f7	demos/triumph_musiccoll5.zip/triumph_musiccoll5.adf/modules/mod.fletch
b35b3d5baff6734c23207e3bcde03ae3	1	276436	player+silence	uade	Protracker compatible	0	232298	8916ccb7	f14de9d4	mods/occ-san-geen2.zip/occ-san-geen2.mod
b3777a950892e99ae83f08c8b67a885c	0	170280	player	libopenmpt	ModPlug Tracker 1.0 alpha	28	1024304	aba87f17	ffc0d91c	mods/doskpop-project.zip/doskpop-project.xm
b456b456c56d06e0dfd49b18c7bfb60b	1	268921	player	uade	Noisetracker 1.x	0	65984	fd4dd015	5508b2bc	mods/kefrens8.zip/Fletch.mod
b4778022c17c75f0950f043bb203451e	0	37650	player+silence	uade	Amos Music Bank	0	48750	8d28d7cd	b53a73a4	tools/karaokeforkids.zip/karaokeforkids.adf/data/Old King Cole
b4b2b823b35512ce239a60242a5f7beb	1	288171	player	uade	Protracker compatible	0	109936	2d684029	b156012c	mods/kefrens8.zip/dirt.mod
b4b8343c408b44c9987cf6e46f27b25b	1	309893	player	uade	Noisetracker 1.x	0	154802	0e44f9f9	cfdd1879	mods/kefrens8.zip/message...v1.2.mod
b508bdc8f9ce9a3f8a7c03964bd890e8	1	314736	player	uade	Protracker compatible	0	129266	f4f87b8e	b5874949	mods/kefrens8.zip/nightfall.mod
b5907e63f05db31890ea2fc0b643faad	0	40208	player	uade	Images Music System	0	35136	efa1bfeb	d0f5cad1	mods/shadowdancer_soundtrack.zip/IMS.am5-3ch
b5be505ca44828b1697c97d6aa9155f5	0	27006	player	uade	Amos Music Bank	0	48128	b6e1e4bf	bb633b0a	tools/karaokeforkids.zip/karaokeforkids.adf/data/Baa Baa Black Sheep
b5c98df69bd5aa0cb84550b3f70736b2	1	21802	player	uade	OctaMED MMD1	0	41834	c369838e	3f407dd0	mods/seekanddestroy_soundtrack.zip/mission2.mod
b5ce1385d1b0a42732d71429a76265a4	1	107645	player	uade	Protracker	0	56314	2d2f0b28	79035574	tools/datadivisiondocs3.zip/datadivisiondocs3.adf/mod.3
b6085ce885958743620cd359b1bb736f	1	122631	player+silence	uade	Protracker compatible	0	108236	36779af4	80b506fb	mods/dream-company.zip/dream-company.mod
b62b2c1749082c9a06496f20cae616eb	1	442154	player	uade	Jochen Hippel 7V	0	106572	b6c7ba65	19f511de	mods/amberstar_soundtrack.zip/HIP7.Amberstra-Extro
b62b2c1749082c9a06496f20cae616eb	2	3600000	timeout
b6702f369ee8276aee05ae437808643f	0	30844	player	uade	Amos Music Bank	0	59206	462a9c18	f8fac8ed	games/fallingdown.zip/fallingdown.adf/CDT1
b6c0db6e8c3cba3acd24e00de197f42a	1	279069	player	uade	Protracker compatible	0	148908	798a9396	7858c366	tools/absoluteadventurer.zip/absoluteadventurer.adf/C/bridge.mod
b714e603bda15d9a8ce01c97d790b938	0	0	nosound	uade	Fred Gray	0	6824	0b226b19	2474dc66	mods/eco_soundtrack.zip/GRAY.Eco
b714e603bda15d9a8ce01c97d790b938	1	80410	loop
b714e603bda15d9a8ce01c97d790b938	2	146974	loop
b714e603bda15d9a8ce01c97d790b938	3	36298	player+volume
b725a452d236e406ca416f4f83eddb93	0	202689	player+silence	uade	Images Music System	0	70914	48704285	392ead5d	mods/huntforredoctober_soundtrack.zip/IMS.title-tune
b76fc81c52f644af72abefec0537a26c	1	30824	player	uade	Protracker compatible	0	26070	23befde1	bd62ce19	mods/sune-har-cyklar-han.zip/sune-har-cyklar-han.mod
b785d14b18ad56e6a3f6944b674858e6	1	139333	player	uade	AudioSculpture	0	7228	3df07135	2b9c63f1	games/escape2full.zip/escape2_disk2.adf/ChipModules/mod.zob-the-zob
b7b17f97f649debbe1e8727d95ea971b	0	174849	player+silence	libopenmpt	ModPlug Tracker 1.0 alpha	16	568478	0eee83e3	5a262f72	mods/wild-king-arthur.zip/wild-king-arthur.xm
b7c567ba39d94d20407ff2ff9c17378e	1	126835	player	uade	Protracker compatible	0	109490	6b0bbdf9	7aaa5dfa	mods/whispermythoughtsvar.zip/whispermythoughtsvar.mod
b7d4e586edbcc3b8b46b09e526f34a27	1	0	nosound	uade	Protracker	0	6204	c5dd1faf	b9cee18c	games/diabolik.zip/Diabolik.adf/MUS/dialogo
b7e9bcd22a6e2b26c451f8a76e929c0a	1	0	nosound	uade	Protracker	0	9276	308707c6	d89de623	games/diabolk8.zip/Diabolk8.adf/DIABO8/MUS/st2
b7e9bcd22a6e2b26c451f8a76e929c0a	1	0	nosound	uade	Protracker	0	9276	308707c6	d89de623	games/diabolk8.zip/Diabolk8.adf/DIABO8/MUS/st5
b8065df77164b789262898a1ce468d39	0	190353	player	uade	Sonix Music Driver	0	9574	21e4ea46	a8653934	demos/verybestofrhubbard.zip/verybestofrhubbard.adf/Scores/THING.smus
b8bb344a03f8c867b0cb84fe1de6948d	1	69646	player	uade	OctaMED MMD1	0	77600	8c5125e7	fac8343f	games/megaball4.zip/megaball4_1.adf/MegaBall4/MB_Music/ExtraLife.tune
b8c951441ff9702517cd16d331ff768c	1	23048	player	uade	Mike Davies	0	55798	f6982212	71b3dc4b	mods/italy90we_soundtrack.zip/MD.Italy1990 WinnersEdition
b8c951441ff9702517cd16d331ff768c	2	8660	player
b8c951441ff9702517cd16d331ff768c	3	15392	player
b8c951441ff9702517cd16d331ff768c	4	107544	player
b8c951441ff9702517cd16d331ff768c	5	8660	player
b8dd1f16d57d37808fd257375f56056a	1	323979	player	uade	Jochen Hippel 7V	0	176036	4ddb6321	be3ac6de	mods/amberstar_soundtrack.zip/HIP7.Amberstar-Intro
b8dd1f16d57d37808fd257375f56056a	2	29900	player
b939ca600990678cae50b6dd9629a6e0	0	397786	player	uade	Sonix Music Driver	0	14164	4ee7336b	9637c315	demos/verybestofrhubbard.zip/verybestofrhubbard.adf/Scores/WARHAWK.smus
b9cd96af510976eb55e26837fb6ab6fc	0	305312	player	uade	Magnetic Fields Packer	0	7490	7b9edde3	2388554a	mods/kidchaos_soundtrack.zip/mfp.KidChaos Level 5-3 by Pipe Smoker's Cough
b9fb5b6d9da40d0ac07662db6b7c7d9d	1	41072	player	uade	Protracker	0	31976	5bb82797	15f7f04c	games/booze-o-meter.zip/booze-o-meter.adf/Booze-O-Meter/mod.booze
ba4ad29fdec64e813d3ba1ca6275a92f	1	38520	player	uade	Protracker	0	58550	3400f62e	e4a1ab43	games/conquest.zip/conquest.adf/sfx/selectmod
ba54464521b9387ccc95be5d03397503	1	84616	player	uade	Protracker compatible	0	41201	14a14597	53f2ec51	mods/colorbuster_soundtrack.zip/mod.colorbuster-80's
ba91aa91f6cbd687a9a63172d448bbb8	1	28272	player	uade	Protracker	0	34476	f5baf160	5fc14ad5	lsd-docs/lsd-docs43.zip/lsd-docs43.adf/music.043
ba94f452346b4ea437d0980f014228b6	1	169575	player	uade	OctaMED MMD1	0	61658	7a5c5c01	d2d98415	games/megaball4.zip/megaball4_3.adf/MB_Music/MBmus06
bae9b7fb0f06a79571b44d24a4cd13c1	0	193500	player	libopenmpt	ModPlug Tracker 1.0 alpha	16	522941	a9ec03f9	819c3b04	mods/surprise-contact.zip/surprise-contact.xm
bb6ead7e257914e5d44bee9046069c22	1	53872	player	uade	Protracker compatible	0	40346	205f24dc	8ed620f1	mods/pelles-theme2.zip/pelles-theme2.mod
bb82468939cd4d10009e7fefe282e6b0	1	84616	player	uade	Protracker compatible	0	49394	2eb78ad0	c63b15a0	mods/gametune.zip/gametune.mod
bbac4cc0ff3eb6e7cbed7fd5bb42be3c	1	99968	player	uade	Protracker	0	19492	6a79ca31	5739428f	lsd-docs/lsd-docs53.zip/lsd-docs53.adf/Music.053
bbafb07cd41ef79b7688cb570417da14	0	26363	player	uade	Images Music System	0	41630	0a9ef278	14d395f9	mods/beastbusters_soundtrack.zip/IMS.beast-busters1.st
bbafb07cd41ef79b7688cb570417da14	1	7575	player
bbafb07cd41ef79b7688cb570417da14	10	6309	player
bbafb07cd41ef79b7688cb570417da14	2	108448	player
bbafb07cd41ef79b7688cb570417da14	3	93076	player
bbafb07cd41ef79b7688cb570417da14	4	35807	player
bbafb07cd41ef79b7688cb570417da14	5	30683	player
bbafb07cd41ef79b7688cb570417da14	6	26765	player
bbafb07cd41ef79b7688cb570417da14	7	12739	player
bbafb07cd41ef79b7688cb570417da14	8	5063	player
bbafb07cd41ef79b7688cb570417da14	9	17843	player
bbfa90445ae1a3cb89f3f0b97ece3795	0	324622	player	uade	Sonix Music Driver	0	18530	3488f4ca	4cc6fc79	demos/verybestofrhubbard.zip/verybestofrhubbard.adf/Scores/SANXION.smus
bcb6abb4059580ea186c6e14ce67aab5	1	126725	player+volume	uade	Protracker	0	116030	90c15485	3639be6a	mods/towerofsouls_soundtrack.zip/Seelenturm/SeelenTurm-Titel.mod
bce2985f1324687f7c1708ce1f151661	1	108931	player	uade	Protracker	0	59990	4080c12c	b22c869b	lsd-docs/lsd-docs48.zip/lsd-docs48.adf/music.048
bcfb642e11b665038022a46ba2caa030	1	453246	player	uade	Protracker compatible	0	143100	a926516d	1772c584	demos/triumph_musiccoll5.zip/triumph_musiccoll5.adf/modules/mod.madness
bd68f6cb619dfb6c7ad982869c733224	0	138369	player	uade	G.M.C	0	78556	444de258	28d0f21d	tools/gamemusic-creator.zip/gamemusic-creator.adf/GMC.data
bd6edfefe2739724a704106c5a382542	0	282706	player	uade	Sonix Music Driver	0	4416	ce54a5c2	ddbc2988	demos/pictures_exh.zip/pictures_exh1.adf/SCORES/Castello.smus
bd78540e20dfa4ead3ee49e88d0095a6	1	128121	player	uade	Protracker	0	98002	0596dbaf	d6a6835b	demos/bigswitch.zip/bigswitch.adf/mod.miffy.pp
bd9b7e6afae43c3dc540f8aa521f296c	1	261245	player	uade	Protracker compatible	0	154514	92cde07d	7b996f8b	mods/toi-tei.zip/toi-tei.mod
bdeb9b9a05b7a1fa95faea2912e77ac7	1	207493	player	uade	Protracker compatible	0	56048	4019cc00	2cb78179	mods/kefrens7.zip/metallion07a.mod
be24d1bea81c7de348f0318bca9d462a	0	92192	player	uade	TFMX	0	12516	a7be9179	22ce6d57	mods/thegreetings_intro.zip/mdat.The Greetings Intro!!
be24d1bea81c7de348f0318bca9d462a	1	146929	player
be24d1bea81c7de348f0318bca9d462a	2	80678	player
be24d1bea81c7de348f0318bca9d462a	3	204861	player
bea56f9b8cd3e64c9f38801b19df71f4	1	192320	player+silence	uade	Protracker compatible	0	169138	806836ea	a8d0268f	mods/stagebox.zip/stagebox.mod
beb05902c413a70939ae8bdc17ead99f	1	38520	player	uade	Protracker	0	23246	f6f47b78	af63f4aa	mods/towerofsouls_soundtrack.zip/Seelenturm/SeelenTurm-3.mod
bf56fb068fc096f54f2e12c667f1e48f	1	35486	player	uade	Protracker	0	97996	e1e4346f	455ff756	mods/robocop3_soundtrack.zip/MOD.title
c08039d7dcbf1ab71296ccb49109ff1d	1	103766	player	uade	Protracker	0	35908	8db5082b	a99a8d38	lsd-docs/lsd-docs57.zip/lsd-docs57.adf/music.057
c08039d7dcbf1ab71296ccb49109ff1d	1	103766	player	uade	Protracker	0	35908	8db5082b	a99a8d38	lsd-docs/lsd-docs61.zip/lsd-docs61.adf/music.061
c102d07ca9735ce96fc647932073ab87	0	23148	player	uade	Amos Music Bank	0	26910	68ea8aa9	4353b9f7	games/wo-ist-der-mog.zip/wo-ist-der-mog.adf/music/song2.abk
c14600e99a30b31e0581aba180f37963	0	98039	player	uade	Amos Music Bank	0	25994	d7bac812	c4f1363f	games/rattlesnake.zip/rattlesnake2.adf/Data2/Street.Abk
c15de192cd7bb1cff7f98756ff70e26e	1	165355	player	uade	Protracker	0	113690	4dd6c1f2	d21e764a	demos/bigswitch.zip/bigswitch.adf/mod.light of my life.pp
c1a3a63284346d554fb381ff25972e99	1	10368	player	uade	Protracker	0	25630	fd542f3d	8cd09a1e	games/kick-it.zip/kick-it.adf/mod.HAPPY_TRIBE
c1cba9e33229a8257e3b1c86689b1602	1	0	nosound	uade	Protracker	0	11324	3f98b6e1	c4f36532	games/diabolk8.zip/Diabolk8.adf/DIABO8/MUS/st4
c1cba9e33229a8257e3b1c86689b1602	2	0	nosound
c1d899325ccbfdd3a2a5df471c8dd439	0	107749	player+silence	uade	Amos Music Bank	0	57570	8aaba452	08777cd7	emerald/d/dizzylizzy.lha/DizzyLizzy/dizmus2.abk
c1d899325ccbfdd3a2a5df471c8dd439	0	107749	player+silence	uade	Amos Music Bank	0	57570	8aaba452	08777cd7	emerald/d/DizzyLizzy.zip/DizzyLizzy.adf/dizmus2.abk
c277a230ff5921e99192fe52ec4258d1	0	142126	player	uade	Oktalyzer	0	46932	3c23fbaa	d320bb2d	mods/neverendingstory2_soundtrack.zip/OK.Never_Ending_Story_II-6
c2e654cc6a1ee8cac90966a62803d679	0	107403	player	uade	Images Music System	0	29348	b9ac6b5e	8099f144	mods/shadowdancer_soundtrack.zip/IMS.am8-3ch
c2e727dc8c44fd8516d2ea56a8c11044	1	192203	player+silence	uade	OctaMED MMD0	0	53144	6bb5cf90	2f173f3c	games/visionary-catacombs.zip/visionary-catacombs.adf/AncientDreams.MUS
c33a8657bcc96f1118505c3d1092f2f8	1	316444	player	uade	Protracker compatible	0	219020	d719c5a7	e5ca4bee	mods/blind-mans-dream.zip/blind-mans-dream.mod
c3afdc69cd4f4b3b95021b18826c12ac	1	105715	player	uade	Protracker compatible	0	52324	59650055	2690ff2a	games/intrcomb.zip/intrcomb.adf/SOUNDS/MOD.JAMES2
c3b83f096c92845a60f7494490ba0dd3	1	321990	player	uade	Protracker compatible	0	157508	d70d026c	f7ab0b65	mods/stagebox.var.zip/stagebox.var.mod
c3d8680aaf312fc01c4f4879593ff730	1	0	nosound	uade	Protracker	0	5180	5d8d8ff4	1a82e830	games/diabolik.zip/Diabolik.adf/MUS/st4
c481059a3b2a0709943888edcf7e1d80	1	268165	player+silence	uade	Protracker	0	205816	cd88a8e7	c3240503	games/highocta.zip/highocta.adf/mod.The-Time
c4aa704fc6c9ef1396ff2f5f9e773979	1	245893	player	uade	Protracker	0	139544	b61e08b2	c1cf16a0	demos/bigswitch.zip/bigswitch.adf/mod.trippin with rgb.pp
c4bb447957d34a31851887ac19456b97	1	117229	player	uade	Protracker compatible	0	77790	0ed3b3e4	2d3628e6	mods/agony-sea2.zip/agony-sea2.mod
c5bb5cae97a839ae9f45188a50738fc9	0	46216	player	uade	Amos Music Bank	0	14772	f8e2ab8c	c1f3d894	games/e-swat.zip/e-swat.adf/M-SWATSNOT
c5c2dc2cd638b47fa8b52ee41cab404b	1	315017	player	uade	Protracker compatible	0	126294	29d9f9d0	2f5be118	mods/regent_soundtrack.zip/Regent/Regent-Intro.mod
c5d589e7cd7ec617321b95d02d4ad9f0	1	138369	player	uade	Protracker	0	74456	7170ce1b	a571d419	emerald/b/boulderdaesh360.zip/BoulderDäsh/MusicSets/Standard/InGame2.mus
c5d589e7cd7ec617321b95d02d4ad9f0	1	138369	player	uade	Protracker	0	74456	7170ce1b	a571d419	emerald/b/boulderdaesh394.zip/BoulderDäsh/MusicSets/Standard/InGame2.mus
c5d589e7cd7ec617321b95d02d4ad9f0	1	138369	player	uade	Protracker	0	74456	7170ce1b	a571d419	emerald/b/boulderdaesh414.zip/BoulderDäsh/MusicSets/Standard/InGame2.mus
c5daa9188a028379e260a63b4e3787dd	1	237409	player+silence	uade	Protracker compatible	0	181100	fad5097d	9c199175	mods/childrenofscience.zip/childrenofscience.mod
c5efc5982d9e4d0d0d81385e9b576594	1	13302	player	uade	OctaMED MMD1	0	154818	7395c12b	3ec03710	games/circus.zip/circus.adf/Circus.med.cm
c63df69c91c84450c06fb51f2dd801b6	1	174277	player	uade	Protracker compatible	0	136322	f6e0f3db	15ca2778	mods/hidden-truths.zip/hidden-truths.mod
c667bee4d732c265cbc0a9057169e6d3	0	265405	player	uade	Sonix Music Driver	0	12750	f4abb28a	40951637	demos/robhubbardcoll2.zip/robhubbardcoll2.adf/Scores/LIGHTFORCE.smus
c6a5a39e1f25a7a800094d9c0a892fb7	1	222845	player	uade	Protracker compatible	0	164790	34fb301f	53b9b7b5	mods/not-at-all.zip/not-at-all.mod
c6c4432c781184772ef19339beb3257e	0	59489	player+silence	uade	Sean Conran	0	179200	15d14492	c77c1d02	mods/defenderearth_soundtrack.zip/SCR.DefenderEarth
c6c4432c781184772ef19339beb3257e	1	9926	player
c6c4432c781184772ef19339beb3257e	2	11212	player
c6c4432c781184772ef19339beb3257e	3	71415	player
c6c4432c781184772ef19339beb3257e	4	3616	player
c6c4432c781184772ef19339beb3257e	5	1486	player
c6c4432c781184772ef19339beb3257e	6	1386	player
c6d436a9babb34ed76bd28efc92a54d0	0	162639	player	libopenmpt	ModPlug Tracker 1.0 alpha	16	469692	c20c5952	c3833f46	mods/far-from-home.zip/far-from-home.xm
c75897ce3332eb04c3b28c30b60f868f	1	128020	player	uade	Hippel-COSO	0	1428	e77264ce	864381bb	mods/amberstar_soundtrack.zip/HIPC.Bard Dance
c78723ad9b291875ccb7c145391e20c5	0	15472	player	uade	Amos Music Bank	0	60196	0c076906	501deaa7	games/gpsimulator.zip/gpsimulator.adf/song.abk
c7db74c8cfe7b9c86dd364d963ae4c5a	0	7816	player	uade	Amos Music Bank	0	29380	4fc8cc72	02db2015	games/barravento.zip/barravento.adf/DATA/DATA5
c7dd46c49fefaae5f0de895dc8535ec0	1	87873	player+silence	uade	Protracker compatible	0	99092	28803743	09406d82	mods/jazzy-nork.zip/jazzy-nork.mod
c7f45f2f23ed5e624aafff1debfddd26	1	94222	player	uade	Protracker	0	47304	e878d587	4b2a23ea	games/booze-o-meter.zip/booze-o-meter.adf/Booze-O-Meter/mod.fiddle
c8040db7883628b5466244aaf4d58f11	1	307321	player	uade	Protracker	0	296008	af9f9431	fc4e95bf	mods/johnmadden_soundtrack.zip/madmusic.mod
c850351b5ddfcb86f3cd63c61383b264	1	12357	player	uade	Protracker compatible	0	52144	a5338880	b367ee6a	games/astrokid.zip/astrokid.adf/Sound/Mod.Battle
c8a3c602a00d99bff5907453e2a24ef8	0	7816	player	uade	Amos Music Bank	0	6120	1efc6451	ac58dc7f	games/magicforest2.zip/magicforest2.adf/mf2endfill.abk
c8d69e3dedafc6dc1b151efbc27bea9b	1	291117	silence	uade	Protracker compatible	0	268918	53537376	c5c9ce1a	mods/occ-san-geen-plus.zip/occ-san-geen+.mod
c911e74ebb7a58a02eced17848eccfba	1	147181	player+silence	uade	Protracker	0	93796	b5f24573	33b0db42	mods/subtrade_soundtrack.zip/mod.subtrade attraction
c93afed95706aa67b9970a3135961f5f	1	199941	player+silence	uade	Protracker compatible	0	214198	d79e005d	b4cbe253	mods/short-circuit.zip/short-circuit.mod
c99133171afbdaae9893ae96c3386d1d	0	107423	player	uade	Images Music System	0	36612	e4ee4ef0	a98035fb	mods/shadowdancer_soundtrack.zip/IMS.am9-3ch
c999ed4db14434e8a9ce6caddf856ed4	1	52446	player	uade	Protracker compatible	0	2348	f2a3b64d	1a4075ac	mods/running-lamer.zip/running-lamer.mod
ca82837b9da4e8003bf105837800da28	1	87852	player	uade	OctaMED MMD1	0	35314	3ac10025	055a45a3	games/alien-genoc.zip/alien-genoc2.adf/CHGFiles/M1
cb2a712c4db4595dca7af84655d57d1f	0	57730	player	uade	Amos Music Bank	0	48060	c471d780	e535f7a4	tools/karaokeforkids.zip/karaokeforkids.adf/data/Polly Put The Kettle On
cb943ed3fba90c19a0bc2f972bb040f1	1	38520	player	uade	Protracker	0	45860	894c4821	c0afeb47	games/conquest.zip/conquest.adf/sfx/endmod
cbcc4b1daa56ee7f0631571ea47e16f4	1	44669	player	uade	OctaMED MMD1	0	51714	2f6faa2c	8ff224b2	tools/octamed4.zip/octamed4.adf/MODS/Fairlight
cbf47360f35b29d3d8dd3d0c443d1b9e	0	400780	player	uade	Amos Music Bank	0	137138	f7acac0a	3a5d122e	games/poltergeist.zip/polterg2.adf/PM/muzi1
cbf6108d5caf941da17e7c7d7e937ef8	1	50577	player	uade	Sound Programming Languag	0	69868	fc67ef94	cadedb0d	mods/hollywoodpoker_soundtrack.zip/SPL.HollywoodPoker
cbf6108d5caf941da17e7c7d7e937ef8	2	36149	player
cc09a6e7218ef3f569ab68809c2e85a7	1	76920	player	uade	Protracker compatible	0	12248	a650cad6	1d6d3ae7	mods/shivan-dragon.zip/shivan-dragon.mod
cc2b2c8a0fbaf29bb0b97b0c51aa31cd	1	87048	player	uade	Protracker compatible	0	95730	5e150817	ced89665	mods/the-pigs-touch.zip/the-pigs-touch.mod
cc4d5f9f7fa05b29a95afb0ffe5569f1	1	76920	player	uade	Protracker compatible	0	24852	2813e15b	31e443c6	mods/circle-of-circle.zip/circle-of-circle.mod
cc891ababb9e7b68a9733ec4a4ba855d	1	30824	player	uade	Protracker	0	9722	d0cadc6b	f3759163	lsd-docs/lsd-docs60.zip/lsd-docs60.adf/music.060
ccedf1238e9b945496b646fc4d4a9128	1	231506	player	uade	Sound Programming Languag	0	91832	43b710a2	368fe4c4	mods/extensor_soundtrack.zip/SPL.Extensor
ccedf1238e9b945496b646fc4d4a9128	2	43423	player
ccedf1238e9b945496b646fc4d4a9128	3	11152	player
ccedf1238e9b945496b646fc4d4a9128	4	14106	player
cd1f56daa69a84ed3406fa9e20f99b74	1	117410	player	uade	Protracker compatible	0	136890	baf7609b	6dd05ee2	mods/bosvedjan-jam.zip/bosvedjan-jam.mod
cd8650533ec2fb7091e2e1789873756e	0	178356	player	uade	Amos Music Bank	0	57610	83599fac	5b76f4bc	games/zalycon.zip/zalycon-b.adf/Level4.abk
cda9f6f2fef3033f341d1b478da277c7	1	43624	player	uade	Protracker compatible	0	17440	a598565c	9a175058	mods/swamp-walk.zip/swamp-walk.mod
cdd3836e9558961ce0440349a5fca5d1	1	0	nosound	uade	Protracker	0	6204	987a02f8	f02054da	games/diabolikII.zip/diabolikII.adf/MUS/st1
cdd3c6aa44241fad250f0e431a91ba08	1	44910	player	uade	Protracker compatible	0	12572	ec5a1413	b151d5b7	mods/bubble-bobble.zip/bubble-bobble.mod
cdffb91b47b3420daed485725712966c	1	92915	player	uade	Protracker compatible	0	104662	45c43614	08a07643	demos/triumph_musiccoll5.zip/triumph_musiccoll5.adf/modules/MOD.consummation
ce5590d7d4d82ea70acebf599def5b6c	1	322975	player	uade	Protracker	0	129882	edd27f72	d3dd1c6b	mods/distances.zip/distances.mod
ce56d01295e4a41c3e2fa4e0c8d9633b	1	209944	player	uade	Hippel-COSO	0	4080	d1eaebe8	6c3bcf8e	mods/wingsofdeath_soundtrack.zip/HIPC.Crystal World
ce776a91441814578e3e534f11582784	1	331372	player+volume	uade	Protracker compatible	0	194928	b0f7f221	911d7bd7	mods/nordic-report2.zip/nordic-report2.mod
cea6e3ec8dcb2873d27e2436fa7f980b	1	38520	player	uade	Protracker compatible	0	35882	7f83fa3f	39fc358e	mods/troopjugernort_soundtrack.zip/Jugernort-3.mod
cf0347d6e408609964d20823207308a7	1	0	nosound	uade	Protracker	0	12348	f7e2455c	adfbe74f	games/3dtennis.zip/3dtennis.adf/snd/songover
cf07ed27923ab0334e3a2caf3eab0c48	1	10368	player	uade	Protracker compatible	0	21640	a2bff1b8	65a1776d	mods/agony-marshes.zip/agony-marshes.mod
cf4c89aaabc58b2c90c7f72450339f9e	1	299645	player	uade	Protracker compatible	0	142316	2a214e43	c328e4e2	demos/triumph_musiccoll5.zip/triumph_musiccoll5.adf/modules/mod.Poseidon
cf5755daf4e08b691e3a2fdb5acdfc2d	1	215068	player	uade	Hippel-COSO	0	4974	ebc0c4b7	f0d1664b	mods/wingsofdeath_soundtrack.zip/HIPC.Sagyr`s Castle
cf5755daf4e08b691e3a2fdb5acdfc2d	2	7696	player
cf95763852cb442d0dc83bf205535d17	1	84616	player	uade	Startrekker (4ch)	0	38730	5b34c85a	36b3bfef	games/escape2full.zip/escape2_disk2.adf/ChipModules/mod.alice
d0608d1149127c39c9791033472e77db	1	11541	player+silence	uade	Protracker	0	76922	46b86de2	822a9a73	mods/johnmadden_soundtrack.zip/touchdown.mod
d09459c8d8ff9d6b106751d16f1a7eb0	1	131356	player	uade	Protracker compatible	0	99332	5d5065df	46da0999	mods/mystic-bytes.zip/mystic-bytes.mod
d0e11796c12562e182d238e8cd11aedd	1	12920	player	uade	Protracker	0	47416	ee3bf71a	f8a7fb86	mods/anarchy-loader.zip/anarchy-loader.mod
d13682aff4adb4efe7b0bde330d20503	0	103425	player	uade	Sonix Music Driver	0	3806	4a217559	682990d0	demos/verybestofrhubbard.zip/verybestofrhubbard.adf/Scores/KNUCKLEBUSTERS.smus
d144670d0382216b83057fbf791b80fa	0	25994	player+silence	uade	Amos Music Bank	0	47848	4dd8bbae	4e149a2e	tools/karaokeforkids.zip/karaokeforkids.adf/data/Mary Mary Quite Contrary
d144800df8badff896eb6f9b91a31540	1	121992	player	uade	OctaMED MMD0	0	40146	c5e994d0	38a99a7c	games/megaball4.zip/megaball4_3.adf/MB_Music/MBmus20
d199c7ce6ab9487b4ea15bc171ea7651	1	77885	player	uade	Protracker	0	16702	8c0d403c	52b9e45f	games/coin-mania.zip/cmaniafg.adf/CoinMania/Sounds/EndGame.MUSIC
d27a76667f249c40cc23a3fad1dad776	1	116868	player	uade	Protracker compatible	0	325208	66b31025	5faa0d75	mods/holocaust.zip/holocaust.mod
d29fd3340219bdeedb5da4e166a99769	0	366218	player	uade	Amos Music Bank	0	116634	b4de55a0	99fd2559	games/lemmlevel.zip/lemlevel.adf/Sfx/LLMusic.ABK
d2ab1c58b08895ba32e41d5a1f7a37b2	1	120505	player	uade	Protracker compatible	0	40430	f8676628	c20706c8	mods/necroscope.zip/necroscope.mod
d2eb61b58acafb6df7f2070174f5b56c	1	192141	player	uade	Startrekker (4ch)	0	106384	9310af6d	1d9c1704	games/dithell-space.zip/dis1.adf/Sound/mod.dith
d33fd306ac186881a4f064692ecca1ed	0	96914	player	uade	Oktalyzer	0	29230	f71994d3	9d249b0c	mods/neverendingstory2_soundtrack.zip/OK.Never_Ending_Story_II-4
d34bcee0d6edbd4e8f9305f9e594bbce	1	198976	player+silence	uade	Protracker compatible	0	324810	2832f635	128d4240	mods/lost-at-home.zip/lost-at-home.mod
d364354cf1035c10e81f93e9157c812f	0	150727	player	uade	Sonix Music Driver	0	8248	770acdcd	a160d9d7	demos/pictures_exh.zip/pictures_exh2.adf/Scores/Prom-Limoges.smus
d39ac1ea06ee152a4c67857fb4ac4edf	0	131155	player	uade	PumaTracker	0	6702	6bb64c6b	15532be3	tools/pumatracker.zip/pumatracker.adf/Mod.toki8
d42496ba1fabf65c9538a73a5f5fe2f5	0	200696	player+silence	libopenmpt	ModPlug Tracker 1.0 alpha	12	632580	f4152dae	91216ad6	mods/claustrophobia.zip/claustrophobia.xm
d4a6f6f86b2a273fde7115d54b4755a5	1	23349	player	uade	Protracker	0	126272	b250c88f	fe2f35d4	mods/wwf_soundtrack.zip/WWF_European_Rampage/MOD.hulkhogan
d4d9aa729d7ef04da623c9e1e52e3363	1	84616	player	uade	Protracker	0	8722	5cc74c8b	f63d2e21	demos/againtro.zip/againtro.adf/data
d4f2db3e90ad0fa8229b3a43ee26a075	1	194693	player	uade	Protracker compatible	0	151148	8a10d6c7	488f1b09	mods/tubular.zip/tubular.mod
d5692262c054eadc9125d691510a8fc9	1	176789	player	uade	Soundtracker II (31 instr.)	0	53542	9542ede7	22284cda	mods/troopjugernort_soundtrack.zip/Jugernort-1.mod
d60f992d0d5417151d01690601fb2acf	1	142528	player	uade	OctaMED MMD1	0	66168	36d71063	5e834ec6	games/super-pengo-twins.zip/super-pengo-twins.adf/Sound/End.med
d640be2900179ce330c07162ca8ad084	0	232993	player	uade	Sonic Arranger	0	128356	ab5d1c89	2a042a0f	games/ambermoon.zip/ambmoo_i.adf/Extro_music
d673c041bc22065dac6b1efeb38ada1e	1	240769	player	uade	Protracker	0	115566	c935fd3b	449e5597	mods/enlightenmentpro.zip/enlightenmentpro.mod
d68ddd4a4c4e88d238eeefec903fbdff	0	337463	player	uade	Sonix Music Driver	0	17634	7a233c92	e981b2e6	demos/robhubbardcoll1.zip/robhubbardcoll1.adf/scores/7.smus
d71bf0f88dc1c7cb009e6d36451132cd	0	262531	player	uade	Amos Music Bank	0	167002	1f95d51c	25292ebe	games/el-senor.zip/ANILLOS2.adf/bancos/202
d73278946ba2ac5a056ea52d48c21b25	1	115321	player	uade	Protracker compatible	0	54644	f9615250	ba83f664	games/trade_travel_fight.zip/trade_travel_fight.adf/music
d781f25f93ace8a7c09e5288c444dd6a	0	159062	player+silence	libopenmpt	ModPlug Tracker 1.0 alpha	16	322808	1c99e6d1	76387596	mods/art-of-chrome.zip/art-of-chrome.xm
d7a673f559e3f5f28d23e67bb21f479e	0	411811	player	uade	Amos Music Bank	0	144062	a9bba3d4	f11a4049	games/poltergeist.zip/polterg4.adf/PM/muzi3
d7a886521ccdbf1375493178de128869	0	37599	player+silence	uade	Amos Music Bank	0	48690	7c139d02	45f2b03f	tools/karaokeforkids.zip/karaokeforkids.adf/data/The Grand Old Duke of York
d7daae121f591f77e487ea50d0a72b53	1	153721	player	uade	Protracker	0	48246	3e03ce68	3a662800	emerald/b/boulderdaesh360.zip/BoulderDäsh/MusicSets/Standard/InGame4.mus
d7daae121f591f77e487ea50d0a72b53	1	153721	player	uade	Protracker	0	48246	3e03ce68	3a662800	emerald/b/boulderdaesh394.zip/BoulderDäsh/MusicSets/Standard/InGame4.mus
d7daae121f591f77e487ea50d0a72b53	1	153721	player	uade	Protracker	0	48246	3e03ce68	3a662800	emerald/b/boulderdaesh414.zip/BoulderDäsh/MusicSets/Standard/InGame4.mus
d7f0b133bec8edab248327f7c40a8826	1	70530	player	uade	Protracker compatible	0	11250	c73c9166	c8d805a0	mods/fellowship.zip/fellowship.mod
d85b8dc10fb49be9d44dcbbaa8e897ff	1	302197	player	uade	Protracker	0	137356	50bd6dbe	531a0d6a	mods/breathoflife.zip/breathoflife.mod
d85eba0161b3a3f62671df164bb70b24	0	298078	player	uade	Magnetic Fields Packer	0	4762	5cebe350	8db5a06a	mods/kidchaos_soundtrack.zip/mfp.KidChaos Level 1-2 by Pipe Smoker's Cough
d886fc58f71930e7782c455175ff5a47	1	209723	player	uade	Protracker compatible	0	98344	cd121cb2	bf382a25	mods/hungry.zip/hungry.mod
d8b408ceedb55ad5b1b95b8c1aed35fe	0	76820	player	uade	Sean Conran	0	56000	2903dac3	01bbb86c	mods/wackyrace_soundtrack.zip/SCR.WackyRaces_long
d919bb2bc456979db91c6ac28854094d	1	303845	player	uade	Protracker compatible	0	407288	9fea7e62	fe8437af	mods/crayfish-party2.zip/crayfish-party2.mod
d94975000f44981a5036e5706ab2b222	1	46216	player	uade	Protracker compatible	0	9900	1586fd28	67f361d9	mods/classic_cracktro.zip/classic_cracktro.mod
d9687bf9f9bd15ed2780e9fdc4baf8c1	1	18647	player	uade	Protracker	0	49318	0a4320be	587bd6d3	mods/wwf_soundtrack.zip/WWF_European_Rampage/MOD.wwf(nasty-boys)
d9efaec25bad1617a09d2e567fea7735	1	473505	player+silence	uade	Protracker compatible	0	189866	741f0d9b	b67d5dd6	mods/sweat-shop.zip/sweet-shop.mod
db175249fe1ee493c83465b2dc421a8a	1	84616	player	uade	Protracker compatible	0	14710	8143f3e9	3638ef17	mods/magic.zip/magic.mod
db1a001566de9d524fd301329b66e18b	0	190332	player	uade	Sonix Music Driver	0	9588	3d929e8a	381450d7	demos/robhubbardcoll1.zip/robhubbardcoll1.adf/scores/9.smus
db2286e2aa587e56901cce74a031ad54	1	185409	player	uade	Protracker compatible	0	148234	c908e3dc	af198147	mods/desert-dawn-short.zip/desert-dawn-short.mod
db4e55923c18eb28ea48c2fdf91cc7c1	1	76679	player	uade	OctaMED MMD0	0	41810	4c4580bd	3e8b0f1a	games/champions-of-dawn.zip/champions-of-dawn.adf/SOUNDS/mod.back1
db948becdbb6d9c11edea84d61550651	1	199797	player	uade	Noisetracker 1.x	0	52304	63595fbf	c280e7de	mods/kefrens7.zip/M.karateofzycho.mod
dba530b9d71cb1b555624c234ba62e7c	1	224674	player	uade	Protracker compatible	0	222350	0fd9c947	f7af0126	mods/varanen.zip/varanen.mod
dc0139ea0e2efd189a071e0efac9bb8d	0	222596	player+silence	libopenmpt	ModPlug Tracker 1.0 alpha	16	1110417	87f2aeaa	40cc8078	mods/move-to-da-beat.zip/move-to-da-beat.xm
dc8f2c66c8360cc3fb14fbb38e79d6ac	1	44910	player	uade	Protracker	0	47868	a0cec19c	2cdd89ff	games/sensible-moonsoccer.zip/sensible-moonsoccer.adf/sound/MENMUSIC.MOD
dc97d8a1f37a5ab4db4c9e1815cc2a0d	1	63839	player	uade	OctaMED MMD0	0	19624	26fb3b67	5e69ed6c	mods/ultima6_soundtrack.zip/MED.UltimaVI-7
dccf67e482a7c37a2d7486dcca460e15	0	110377	player	uade	Sonix Music Driver	0	4588	b5c966e0	8acad491	demos/pictures_exh.zip/pictures_exh1.adf/SCORES/Prom-Poussins.smus
dcd50a8b87d00b43dde3d8288bfaf548	1	176749	player	uade	Protracker compatible	0	149998	8c1ab8d3	06fec466	mods/weird-personalities.zip/weird-personalities.mod
dcf7441e04caaf91c2095368fcf95274	1	89720	player	uade	AudioSculpture	0	5882	5ae51f06	98db777d	games/escape2full.zip/escape2_disk2.adf/ChipModules/mod.scatter-brain
dd3631261c865378686f6a2143ae3c70	1	123117	player	uade	Protracker compatible	0	139552	16d7efb5	97ed81d5	mods/zalycon_soundtrack.zip/MOD.Level5.mod
dd9c457606786c091509af5745bdb7a6	1	144136	player	uade	Protracker compatible	0	67920	29e49bb6	bca576ba	mods/savannah.zip/savannah.mod
ddaa83a796041d09fa4fb90e07d01f04	1	38440	player	uade	OctaMED MMD0	0	43048	25736c78	f270fa4c	games/hardnova.zip/Hnova_1.adf/mod.nova
ddaa83a796041d09fa4fb90e07d01f04	1	38440	player	uade	OctaMED MMD0	0	43048	25736c78	f270fa4c	games/hardnova.zip/Hnova_3.adf/MOD.NOVA
ddbb28e4569cc3ef71ef01920c43d889	1	92835	player	uade	Protracker compatible	0	191732	20f23622	4e699cc4	mods/smash-crash-slash.zip/smash-crash-slash.mod
dde0b74175c3f404927077850be5a327	0	31206	player	uade	Amos Music Bank	0	13458	3b9b00d0	5eeaba43	games/chaneques.zip/chaneques2.adf/CielitoLindo.abk
dea3b5920a8d443b1b46b1471c13c9dd	0	138369	player	uade	Amos Music Bank	0	76654	00e05800	372725b6	games/raid4.zip/raid4.adf/b9
deaa3938aecfb7bd38ad5b08090851f1	1	199797	player	uade	Protracker compatible	0	120458	21221342	571c176e	mods/lifemaychange.zip/lifemaychange.mod
deb8fd338d7a5533a88eab5e08d04bfa	1	253569	player	uade	Soundtracker II (15 instr.)	0	59722	36189808	f96f663a	mods/temple_of_enl_souls.zip/OST.japan5c
def2b1e3204d90d907b3f12fc280d038	0	175422	player	uade	Sonix Music Driver	0	6852	ce40aa39	146a07fe	demos/robhubbardcoll1.zip/robhubbardcoll1.adf/scores/2.smus
df2c1cde3d5006c552112847b9833682	1	0	nosound	uade	Protracker	0	9276	1620e917	fdc76cd2	games/diabolikII.zip/diabolikII.adf/MUS/calcio
df35ed5434569afab1796fab01372fad	0	1969	player	uade	TFMX Pro	0	724	f8f773e4	a363799e	mods/kellogg_soundtrack.zip/mdat.T&F_Rauser-FX by Rudi Stember
df35ed5434569afab1796fab01372fad	1	2330	player
e02fc587c8486ec72c33130c10bc6fe9	1	37375	player	uade	Protracker	0	20192	9b4eb418	b6849181	lsd-docs/lsd-docs54.zip/lsd-docs54.adf/music.054
e12300db6a8af23d6de68ceadb195e27	1	3355	player	uade	OctaMED MMD0	0	194752	d8569c9c	d68d78e7	games/running_bob.zip/running_bob.adf/Music
e13b023bca1d3e2c3ecb03b4a050ebdd	1	222845	player	uade	Protracker compatible	0	47326	edabf8ee	9ac01ed5	games/escape2full.zip/escape2_disk2.adf/NonChipModules/mod.jennifer
e1c8a2cce45818965796e6ba774f33fe	0	57730	player	uade	Amos Music Bank	0	48068	059e9d4e	a68a082b	tools/karaokeforkids.zip/karaokeforkids.adf/data/London Bridge Is Falling Down
e1cf6c324d429217241e9f3abd8dc44b	1	69224	player	uade	Protracker	0	37652	71b462e5	7cef12d7	games/amigaquiz.zip/nordlicht/amigaquiz22.adf/MOD.QuiZ
e1dc90d25dd9eef19bb5d48e046f62cd	1	512323	player	uade	Protracker compatible	0	199998	c6d0e22d	f17eef75	mods/memorial-theme.zip/memorial-theme.mod
e21817d0c2ec4d7558ead9f7e71c8476	1	327697	player	uade	Hippel-COSO	0	30280	a2363ce7	408bbcae	mods/lethalxcess_soundtrack.zip/HIPC.The Evil Garden
e265e158b19614992aad53027b8f1bda	1	77021	player	uade	OctaMED MMD1	0	27470	8d4f05f4	65198248	games/alien-genoc.zip/alien-genoc2.adf/CHGFiles/M3
e29bd400462b107370197e82a2bd26d1	0	30603	player	uade	Images Music System	0	28244	7edbaf6e	03300ad2	mods/shadowdancer_soundtrack.zip/IMS.am10-3ch
e2bfcc8277e1bcbe59d852b2e225a83a	1	217098	player	uade	Protracker compatible	0	140674	437a99eb	9454dfcf	mods/molecule-revenge2.zip/molecule-revenge2.mod
e33a19dfa5580d883bf99764286ad116	0	107645	player	uade	Amos Music Bank	0	37434	fbbe8d58	1026808f	games/drstrange2.zip/drstrange2.adf/DoctorStrange2/Sound/GameMusic05.abk
e33aae34f9bc30599d17d89b255aa722	1	155569	player	uade	Protracker compatible	0	143626	0c039ba4	79f08f26	mods/magic-nights.zip/magic-nights.mod
e38d92f04de5162cdff3c9f5a6ddb658	0	75474	player	uade	Amos Music Bank	0	128198	4a126b58	00383c5f	games/chaneques.zip/chaneques1.adf/sonido/Musica_final.abk
e3c4b172bd28226642eb85a833414eeb	0	525887	player	uade	Sonix Music Driver	0	19042	04d31326	749785f3	demos/robhubbardcoll2.zip/robhubbardcoll2.adf/Scores/WARHAWK.smus
e3d443ccc54293f8143c6e61aa73e961	0	156715	player	uade	ZoundMonitor	0	12138	21142de5	4ddb0b65	games/ataribusters.zip/atari-busters1.adf/Samples/universe.sng
e3dc344b029de4583c7f6536970e5246	0	174237	player	uade	Amos Music Bank	0	110048	4a52a667	b97627bf	games/operation-lemmings.zip/operation-lemmings.adf/Data/001B
e3f56974dfd93e6bd2e660ee7dd7a5d2	0	7816	player	uade	Amos Music Bank	0	40064	7393fb7a	fd7006c7	games/neighbours.zip/neighbours2.adf/tuneSample2.Abk
e41f28fd0d6592f5d22ebd64f8634dcf	1	158845	player	uade	Protracker compatible	0	110934	e6aaaf34	751941de	mods/breakout.zip/breakout.mod
e42948aa7e11477a8b7e9794c362c079	1	180446	player	uade	Protracker compatible	0	80714	b014e236	69035465	mods/crown_soundtrack.zip/ARABIA.MOD
e42b8099358cba03d4f2f55af1323750	0	99808	player	uade	ZoundMonitor	0	6938	7c23d313	80da24b5	games/ataribusters.zip/atari-busters2.adf/Samples/karate.sng
e4853ccf218af7620fd7f73f9b3a8ba4	1	0	nosound	uade	Protracker	0	7228	8fb70307	d0126877	games/diabolik.zip/Diabolik.adf/MUS/st1
e55d9dfa80a3df20371be10e3a5c7c82	1	51320	player	uade	Protracker compatible	0	54168	44395fb7	078cb365	mods/wirehead.zip/wirehead.mod
e56d082911793c5bc9b6d73b7e23e8ad	1	134531	player	uade	Protracker compatible	0	50000	a11ece53	2f3e725c	mods/welcome-home-short.zip/welcome-home-short.mod
e5882b880fcd56a71de196141be17ebd	1	61568	player	uade	Protracker compatible	0	10578	a160a900	e8abd639	mods/fireworks.zip/fireworks.mod
e59cd832354ee8cf2d0bf9d2c624f9d1	1	154123	player	uade	OctaMED MMD0	0	47982	94ff70c2	7f94e3d6	games/megaball4.zip/megaball4_3.adf/MB_Music/MBmus25
e5ca1f3786054c00d5b57cb3c8165175	1	278526	player	uade	Protracker compatible	0	122918	db1739b3	b58d661e	games/fallingdown.zip/fallingdown.adf/OPT1
e5e088d02d4b9f0841934a7df9f655c4	1	134531	player	uade	Protracker compatible	0	210278	f6d2fb40	04251ec2	mods/crusade-alt.zip/crusade-alt.mod
e72b50f677a2d6bb57e61604a3845550	1	161397	player	uade	Protracker	0	164366	74ea4896	60c4f18c	games/battlecars2.zip/battlecars2.adf/mod.bass_2.mod
e762c7cf08fefdc3ac2d02ab234831ce	1	194693	player	uade	Protracker compatible	0	106566	d194a5f7	fe14aab8	mods/illusive.reality2.zip/illusive.reality2.mod
e76e508474fe2962c06781ec20e3982d	0	254031	player	uade	Oktalyzer	0	74774	3379a9bf	e328412e	games/locomotion.zip/locomotion.adf/FX/Titletune.okt
e7873d387f05cc95540a6879fe9d4735	1	368770	player	uade	Startrekker (4ch)	0	43168	fc800e6a	9f6ba0d6	games/escape2full.zip/escape2_disk2.adf/NonChipModules/mod.mouse-house
e79f482bf3a7101e024c6a2a435f8d47	0	312365	player	uade	Magnetic Fields Packer	0	8250	b4365b23	6f6a7d2c	mods/kidchaos_soundtrack.zip/mfp.KidChaos Level 2-3 by Pipe Smoker's Cough
e80f467565fbcb91bec558b277083b33	1	0	nosound	uade	Protracker	0	5180	850b3415	44f97c86	games/diabolk8.zip/Diabolk8.adf/DIABO8/MUS/st1
e8124ea0342e951a3a8425c5e5048e4b	1	80859	player	uade	OctaMED MMD0	0	31636	06919a92	63b335b8	games/megaball4.zip/megaball4_3.adf/MB_Music/MBmus19
e8b482d1925b10798e29d0e63b06ce96	0	126855	player	uade	Amos Music Bank	0	73746	921d31f9	b57beabc	games/troop-juger.zip/troop-juger.adf/M-INTRO
e929b2f6f0b48c6bd5e951cc87446341	1	217580	player	uade	Protracker compatible	0	179688	a99fc85a	077d7978	mods/serenity-square.zip/serenity-square.mod
e93c9b8490ccfdce0136d5d1f301f4d0	1	73082	player	uade	Protracker compatible	0	136718	9d0fbd15	db079041	mods/magnusson-groove.zip/magnusson-groove.mod
ea120ebeddfe77d8d7425d8655419a8f	0	254031	player	uade	Oktalyzer	0	74774	99b902ad	48d0bd85	mods/locomotion_soundtrack.zip/OK.Locomotion
ea6c0aae82c9b447dd44cf89ef4fba60	1	29739	player	uade	OctaMED MMD0	0	8612	d93ddad5	a85964f6	games/starbirds.zip/starbirds.adf/intermezzo.mod
ea952cabf8afe5d82e16f30f782d2ff5	1	161397	player	uade	Protracker compatible	0	284728	aa1cdc17	f31cd863	games/megaball.zip/megaball.adf/MegaBall.Music
eaaee44ec81310a135b962ff00f6c7df	1	115521	player	uade	Protracker compatible	0	214268	e12cae03	c024d2c4	mods/cerebral-beres.zip/cerebral-beres.mod
eacf75bf63085b521473eed8b4a9065d	1	307321	player	uade	Protracker compatible	0	135656	da77912b	025fdf94	mods/kefrens8.zip/kefrens.tune.1.mod
eb0d1cf59e750830e959d73c35204854	0	137509	player+silence	libopenmpt	ModPlug Tracker 1.0 alpha	16	257818	26eb681f	304a6631	mods/never-ending-story.zip/never-ending-story.xm
eb30842e8c261015ffa44761cd5d9697	0	322573	player	uade	Magnetic Fields Packer	0	3878	be628ec3	1a0d27cb	mods/kidchaos_soundtrack.zip/mfp.KidChaos Level 3-2 by Pipe Smoker's Cough
eb5409afe1333fa495ff92ee4f2730b1	1	274494	player+silence	uade	Protracker compatible	0	305054	8942992f	b0741a7f	mods/hackerrence-mania.zip/hackerrence-mania.mod
eb999209b2a71ed065474624df677152	0	146004	player	uade	Sonix Music Driver	0	5698	609d345a	eba9695c	demos/robhubbardcoll1.zip/robhubbardcoll1.adf/scores/3.smus
ebf3d094fda8d4f1d3fe6aac70e5433d	1	455434	player+silence	uade	AudioSculpture	0	36802	87b1442f	31880717	games/escape2full.zip/escape2_disk2.adf/ChipModules/mod.cylicon
ec1019052546c30db2417e45f9477254	1	39002	player	uade	Protracker compatible	0	50000	250fbaec	0c7c0d5d	mods/into-eternity.zip/into-eternity.mod
ec27ecf7c0155e2b7bc8bc3b84c7b2a1	1	103304	player	uade	OctaMED MMD1	0	86558	74525265	7c276d49	games/megaball4.zip/megaball4_1.adf/MegaBall4/MB_Music/GameOver4.tune
ec42eca929f94c17eabeb8e0ba6e83a0	0	46216	player	uade	Amos Music Bank	0	29072	c8f9e254	262f4590	games/wo-ist-der-mog.zip/wo-ist-der-mog.adf/music/song1.abk
ec4747205cfcd02ba009bfa4ad5a93b7	0	7816	player	uade	Amos Music Bank	0	26604	bbc2a534	08852346	games/barravento.zip/barravento.adf/DATA/DATA6
ec675f27948f9f95e94f70d207defe12	0	185228	player	uade	Sonix Music Driver	0	6958	835b3fbd	4944131d	demos/robhubbardcoll1.zip/robhubbardcoll1.adf/scores/4.smus
ec685c7cfabe4a1114a89d03e3931a6b	1	222845	player	uade	Protracker compatible	0	119724	1e54880e	77ea42f8	mods/still-moving.zip/still-moving.mod
ec685c7cfabe4a1114a89d03e3931a6b	2	222845	player
ec685c7cfabe4a1114a89d03e3931a6b	3	234359	player
ec685c7cfabe4a1114a89d03e3931a6b	4	222845	player
eca29267cf579df85b8de7d718844652	1	38520	player	uade	Protracker	0	31142	7c62649e	af3765c0	emerald/b/boulderdaesh360.zip/BoulderDäsh/MusicSets/Standard/TitleAmiga.mus
eca29267cf579df85b8de7d718844652	1	38520	player	uade	Protracker	0	31142	7c62649e	af3765c0	emerald/b/boulderdaesh394.zip/BoulderDäsh/MusicSets/Standard/TitleAmiga.mus
eca29267cf579df85b8de7d718844652	1	38520	player	uade	Protracker	0	31142	7c62649e	af3765c0	emerald/b/boulderdaesh414.zip/BoulderDäsh/MusicSets/Standard/TitleAmiga.mus
ecdfa92c6241bf763e1adc9ce2d88121	1	395857	player	uade	Protracker compatible	0	208688	16ac8148	d6fbb4af	mods/orthanc.zip/orthanc.mod
ed22ae160d7de41a5394778061735a79	1	0	nosound	uade	Protracker	0	8252	2329bfe7	47ab3101	games/diabolikII.zip/diabolikII.adf/MUS/st2
ed91a2c62c2f4c61f0abc2016e318f7c	1	46216	player	uade	Protracker	0	18960	675ce85e	1c18c509	lsd-docs/lsd-docs49.zip/lsd-docs49.adf/music.049
ed9f683b18852f3be2dae04484047dc8	1	128281	player	uade	Protracker compatible	0	41710	04e2f67c	71a0a5b0	mods/hehj.zip/hehj.mod
edfba42c78c62c8d44ea109c8ece631e	0	352682	player	libopenmpt	ModPlug Tracker 1.0 alpha	12	968828	22df1dd1	158c9ef8	mods/the-other-guys.zip/the-other-guys.xm
ee0d6c0d3993099e5e1b49e145e49db1	1	80758	player	uade	Protracker compatible	0	29438	f3c4b6f7	2d906f7b	mods/pick-some-fruit.zip/pick-some-fruit.mod
ee16955be1940af3af284808f5287c7a	1	138369	player	uade	Soundtracker II (31 instr.)	0	86554	9914d1d0	e542de1c	mods/temple_of_enl_souls.zip/MOD.gosound
eecc957357d78e0018106f2cb92c014e	1	0	nosound	uade	Protracker	0	8252	5ae57905	f0ed493d	games/diabolk8.zip/Diabolk8.adf/DIABO8/MUS/diacov.mdi
eef53adba791a5bfd9eae6df223e581c	1	117872	player	uade	AudioSculpture	0	9070	9247c56b	39bb7ed8	games/escape2full.zip/escape2_disk2.adf/ChipModules/mod.angel-station
ef4b65ad37c0f04c0e10ee8ab1bad9b2	0	165255	player	uade	Amos Music Bank	0	48312	40abddfa	2148800a	tools/karaokeforkids.zip/karaokeforkids.adf/data/Ten Green Bottles
ef8e95fbffd98b9fdab034aee40c8408	0	204941	player	uade	Amos Music Bank	0	53104	8f283c1b	e477c17f	games/conquest.zip/conquest.adf/sfx/ingame
efd585f72bd03507f81f674c0cb4c003	1	97296	player	uade	Hippel-COSO	0	1816	c7c64833	a9357615	mods/amberstar_soundtrack.zip/HIPC.City Walk
efffe42dfbf1d910b78aa1077fca13ba	0	130331	player	uade	Amos Music Bank	0	62228	260c4db6	ea564509	games/gyves.zip/gyves.adf/music
f03bbf1ed58cab96085c02ba23caf5b4	1	119179	player	uade	Protracker compatible	0	70504	8733602e	104742b4	mods/kefrens8.zip/kefrens.tune.2.mod
f03f31e5d7630881507401651006f860	0	187278	player+silence	libopenmpt	ModPlug Tracker 1.0 alpha	24	719327	fb76d2bd	f5c5f60d	mods/inferno-dance.zip/inferno-dance.xm
f0445b6a04516474f673dfebc3868974	1	17401	player	uade	Protracker	0	23542	72e0e6fc	bfb955c7	games/booze-o-meter.zip/booze-o-meter.adf/Booze-O-Meter/mod.kick
f04cd792127b183f48f8a07ab778df43	0	38520	player	uade	Amos Music Bank	0	30870	f1623f90	c78d7bb7	games/troop-juger.zip/troop-juger.adf/M-MIND
f1886e168d5721d82f99b6783448ab86	0	22565	player	uade	Janko Mrsic-Flogel	0	3592	75497aac	b99820be	mods/fireblaster_soundtrack.zip/JMF.FireBlaster
f1886e168d5721d82f99b6783448ab86	1	15392	player
f1c764bed479a0f8d5a65ac7bec1283f	0	68800	player+silence	uade	Amos Music Bank	0	48184	f8f7157e	c73906bf	tools/karaokeforkids.zip/karaokeforkids.adf/data/Hush Little Baby
f1f87b6c95bf73e61ce9f1b5021ac48d	0	307804	player	uade	Sonix Music Driver	0	7848	f1a1b0a5	afa6a16b	demos/pictures_exh.zip/pictures_exh1.adf/SCORES/Prom-Gnomus.smus
f1fbc2e4003737727460cf799da4deb8	1	9424	player	uade	OctaMED MMD1	0	92112	0f2246da	fd99c272	games/megaball4.zip/megaball4_1.adf/MegaBall4/MB_Music/YourGameIsPaused
f208542f22d64b3bc35d63d73ef057a1	0	7816	player	uade	Amos Music Bank	0	82934	0f18c8b3	c34957f7	games/neighbours.zip/neighbours1.adf/Neighsong.abk
f28ef551f3be727eb34d6086c460bc7a	1	70530	player	uade	Protracker	0	58224	ba37fb76	8f250c79	games/war-in-solarsystems.zip/war-in-solarsystem.adf/data/music
f28ef551f3be727eb34d6086c460bc7a	2	57730	player
f28ef551f3be727eb34d6086c460bc7a	3	15472	player
f357c5b5e2d7ad91695de1a09c51eb2f	1	0	nosound	uade	Noisetracker 1.x	0	6204	ccfad6cc	65433e9c	games/pushandpull.zip/pushandpull.adf/song1
f36d6269b4fcfaa74384fff149a5ca2d	1	173703	player+silence	uade	OctaMED MMD0	0	28992	79a65175	2601c684	mods/amigacolumns_soundtrack.zip/song.0
f386c7b60fe2d04f73de6e73117eed66	0	188968	loop	uade	CustomPlay	0	89236	4fdc496b	b6c3a069	mods/wcf_intro.zip/cust.wcf.intro
f39180d7f9b35b7eaa42d8eb8b68d87b	1	30824	player	uade	Protracker	0	17290	7e797076	2b6ee63c	games/ontherun.zip/ontherun.adf/ordatas/MUX2.DAT
f3964a2e0c126ec41c6798e32da94c9d	0	201179	player+silence	libopenmpt	ModPlug Tracker 1.0 alpha	26	1015619	aab0d4ea	a735af80	mods/world-of-magic.zip/world-of-magic.xm
f3c35b0182e1769b39b94273adbebed1	0	0	nosound	uade	Amos Music Bank	0	540	f2f8ec76	0640e430	tools/karaokeforkids.zip/karaokeforkids.adf/data/null-mod.abk
f3ddfe8780e5b3384cb8011e535ffaea	0	233475	player	uade	Amos Music Bank	0	48098	171e9ef1	e2de4329	games/conquest_hd.zip/conquest/sfx/ingame
f459fd4079db152bb9be48f36dac77a7	1	9415	player+silence	uade	Protracker	0	53356	abc00649	aa38457c	mods/wwf_soundtrack.zip/WWF_European_Rampage/MOD.rush
f4a167451db187fb98da68742942491c	0	311963	player	uade	Sonix Music Driver	0	12414	413c7f13	dad135d4	demos/verybestofrhubbard.zip/verybestofrhubbard.adf/Scores/MASTEROFMAGIC.smus
f4babcc46d79c391e5955cddc7b8759f	0	16890	player+silence	uade	Amos Music Bank	0	76116	751094af	a54499d4	games/shoot-em-bud.zip/shoot-em-bud.adf/Digital Ninja-Music/Digital Ninja Theme.Music
f580d2eae8b9b023eed59c0b945f44c6	1	276597	player	uade	Protracker compatible	0	100576	6032f06f	369738fa	emerald/a/advminidash.lha/AdventureMiniDash/Snds/mod.AdvMDintro
f580d2eae8b9b023eed59c0b945f44c6	1	276597	player	uade	Protracker compatible	0	100576	6032f06f	369738fa	emerald/b/bdclones.zip/BDClones-2.adf/AdventureMiniDash/Snds/mod.AdvMDintro
f580d2eae8b9b023eed59c0b945f44c6	1	276597	player	uade	Protracker compatible	0	100576	6032f06f	369738fa	emerald/b/bdclones.zip/clones/BDClones-2.dms/AdventureMiniDash/Snds/mod.AdvMDintro
f5c3aa82ff996b4e7476a3ddd70b31f0	1	11654	player	uade	Protracker	0	47878	fa82a545	aade455b	mods/wwf_soundtrack.zip/WWF_European_Rampage/MOD.wwf(newsroom)
f5d94c85a6f32064b0a354f5c26c09f1	0	75835	player	uade	Amos Music Bank	0	31386	efd97c52	394cfd34	games/aardvarks.zip/aardvarks.adf/Aardvarks/MUSICS/NoPause
f5fe5eb6e0a086deae268fe13e6db672	1	84616	player	uade	Protracker compatible	0	162808	b3f4432a	0d9abc2e	mods/blind-intro.zip/blind-intro.mod
f61ba952a990ab37f2b7e28bbfca7214	0	11192	player	uade	Sonix Music Driver	0	848	c7d60043	62edbdcc	demos/robhubbardcoll2.zip/robhubbardcoll2.adf/Scores/FLASHGORDON.smus
f61f895387b4e0177b1818df59849b31	1	105394	player	uade	Protracker	0	87950	54535ef6	024e7b78	games/monstermaze.zip/monstermaze.adf/M3
f6494a2ae05da2a563178684b24e1be3	1	152234	player	uade	Protracker compatible	0	104806	33697dc3	de70609d	mods/denial.zip/denial.mod
f668b5d6f3cc1b7868217b2668fca950	0	5082	player+silence	uade	Amos Music Bank	0	19460	59762415	5d0f19b9	games/drstrange2.zip/drstrange2.adf/DoctorStrange2/Sound/GameMusic04.abk
f6a07a2c4433e2d7e52feade0c4f6f0e	0	1507	player	uade	Magnetic Fields Packer	0	1594	202eff3a	90b4cf2d	mods/kidchaos_soundtrack.zip/mfp.KidChaos Results by Pipe Smoker's Cough
f6dbb64573c67d80a3085c89df0fe028	1	308025	player	uade	Hippel-COSO	0	3080	80e2cbbb	14915a0a	mods/amberstar_soundtrack.zip/HIPC.Minor Quarrels
f8a88a80dc47eb81fbb83d7ace753f32	1	183641	player	uade	OctaMED MMD1	0	239238	c8aad198	828cf545	games/megaball4.zip/megaball4_1.adf/MegaBall4/MB_Music/Title4.tune
f8d520481d532f5d8505466df1b7e82f	0	107645	player	uade	Amos Music Bank	0	22850	adceea33	2149939f	demos/manga-world2.zip/manga-world2.adf/MUSIC
f9004fe4cce3165e839b996fe9fa709c	1	134531	player	uade	Protracker compatible	0	145652	c533806f	7ec6f094	mods/the-machinery.zip/themachinery.mod
f90c3c1e293ee36f427c3c8af71f24ab	1	11654	player	uade	Protracker compatible	0	15582	30adcfa7	b23b635a	mods/agony-load.zip/agony-load.mod
f949713d8882a5b057971788710f6a22	1	46156	player	uade	OctaMED MMD0	0	22082	70b1326c	30e81ce3	games/alien-genoc.zip/alien-genoc2.adf/CHGFiles/M2
f94b5260becd18536048e023c382975e	1	391134	player	uade	Protracker compatible	0	138996	deb4391a	33c672f9	mods/lk.zip/lk.mod
f94b5260becd18536048e023c382975e	1	391134	player	uade	Protracker compatible	0	138996	deb4391a	33c672f9	mods/physical-endurance.zip/physical-endurance.mod
fb22e0a60a25135688fe63d8b0623d90	1	30623	player	uade	OctaMED MMD0	0	30366	11a4e9d5	c888c285	games/champions-of-dawn.zip/champions-of-dawn.adf/SOUNDS/mod.back2
fb328ea3b347d699f5924eed2825e8c7	1	155650	player	uade	Protracker	0	134706	914c3697	18c0569f	mods/juicyfruit.zip/juicyfruit.mod
fb970b8c16529fcabe86f6c83f2b703b	0	311059	player	uade	Magnetic Fields Packer	0	6122	b2c6fd43	f1c77309	mods/kidchaos_soundtrack.zip/mfp.KidChaos Level 5-1 by Pipe Smoker's Cough
fc480b5eb2761f0d18311e45164db9e6	1	176769	player	uade	Protracker compatible	0	56626	a1aac06a	f3615047	mods/kefrens8.zip/dots.mod
fc5d54c3f66e943f0d8bf14a3159fa38	1	270288	player	uade	Protracker	0	195750	219655f0	bbfaadbd	mods/anarchy-main.zip/anarchy-main.mod
fd0666ab85fd9934dc863265b7ae5f20	0	168872	player	uade	Images Music System	0	48800	8c5197b7	6ca9eab4	mods/huntforredoctober_soundtrack.zip/IMS.scramble1
fd1f63cf5097c85dee49c1c33896efab	1	42358	player	uade	Protracker compatible	0	14906	3bbb4df8	c47df9b3	mods/first-strike.zip/first-strike.mod
fd24198280ab209f960de46d058a145c	1	97135	player	uade	Protracker compatible	0	184562	5849f40c	79ea5722	mods/uncle-tom.zip/uncle-tom.mod
fd2c50174997e73a48e56f4d66edf87f	1	0	nosound	uade	ProRunner 1.0	0	39304	e7cf1536	b1657ccf	mods/discovery_soundtrack.zip/MOD.discovery
fd5449f10bf3ceb1cc4b5d13b1755d47	1	138369	player	uade	Protracker	0	54290	c14a90a1	4b3c9c98	emerald/b/boulderdaesh360.zip/BoulderDäsh/MusicSets/Standard/InGame1.mus
fd5449f10bf3ceb1cc4b5d13b1755d47	1	138369	player	uade	Protracker	0	54290	c14a90a1	4b3c9c98	emerald/b/boulderdaesh394.zip/BoulderDäsh/MusicSets/Standard/InGame1.mus
fd5449f10bf3ceb1cc4b5d13b1755d47	1	138369	player	uade	Protracker	0	54290	c14a90a1	4b3c9c98	emerald/b/boulderdaesh414.zip/BoulderDäsh/MusicSets/Standard/InGame1.mus
fd81be3f600ccc6f656f4d557794a289	1	84616	player	uade	AudioSculpture	0	11202	f19d0782	8e3e4396	games/escape2full.zip/escape2_disk2.adf/ChipModules/mod.cutey
fdbe7bc127fa3475ea3d98b58a65116c	0	147832	player+silence	uade	Amos Music Bank	0	177132	25ebbe46	fc17c621	games/obstickle.zip/obstickle.adf/Data/MUA
fddb76b9b7ac1d0710429a1d6a02af2d	1	43624	player	uade	Protracker compatible	0	50000	3499c515	aaf1587b	mods/short.zip/short.mod
fde2a163526492818ef507f9514f1828	1	17883	player	uade	Protracker compatible	0	9830	4e4b34a5	98d8bb4b	mods/game-music1.zip/game-music1.mod
fe7b1d216db5abf6eb30292f1b651c2f	1	46216	player	uade	Protracker compatible	0	76140	313b3c4f	d3e12fb8	mods/johnmadden_soundtrack.zip/finalscore.mod
fea0049848a2fbf6721f4a76c37d0c9c	1	278727	player	uade	OctaMED MMD0	0	167700	a2b3febb	26a90ed7	mods/neuronics_soundtrack.zip/- Bernd -/MED.Neuronics1
fefa8b5faabdb9858c23b4aa5d9e18fe	0	230521	player	uade	Amos Music Bank	0	77304	f21399e3	b2fddad3	games/german-trucking.zip/german-trucking1.adf/TRUCK/Truck_SND/Truck.snd1
fefe24071b994f545dc1dfb3d8a03fc7	1	298826	player+silence	uade	Protracker compatible	0	115492	7dfcfa21	b2448a76	mods/kefrens7.zip/DragNet.mod
ff5865e3fd13e7c54c0cde135d0ad67a	0	132921	player	libopenmpt	ModPlug Tracker 1.0 alpha	16	393407	cb575359	1d2b9941	mods/arabian-knights.zip/arabian-knights.xm
