006021cd65334396d27419f26fc9b438	0	205426	player+silence	uade	NoiseTracker	0	112416	42310a30	5def18a3	multimedia/music/mod/unknown/echobeat.zip/ECHOBEAT.MOD
006021cd65334396d27419f26fc9b438	0	205426	player+silence	uade	NoiseTracker	0	112416	42310a30	5def18a3	multimedia/music/mod/unknown/ekobeat3.zip/EKOBEAT3.MOD
00e52339cf28f35017d4af7d54ce6e40	1	154183	player	uade	Protracker compatible	0	158578	75f1bbee	5e73fe5d	incoming/FreePascal_3-2-2.zip/ulndssrc.zip/source/packages/libndsfpc/examples/audio/maxmod/basic_sound/audio/FlatOutLies.mod
00e52339cf28f35017d4af7d54ce6e40	1	154183	player	uade	Protracker compatible	0	158578	75f1bbee	5e73fe5d	os2/dev/proglang/pascal/FreePascal_3-2-2.zip/ulndssrc.zip/source/packages/libndsfpc/examples/audio/maxmod/basic_sound/audio/FlatOutLies.mod
02b5c0a73651e041811ecea6ed69ddef	1	7771	player+silence	uade	Protracker	0	18310	d8eef339	b0e1d015	incoming/REminiscence_2014-06-29.zip/Flashback/DATA/MOD.flashback-jungle
02b5c0a73651e041811ecea6ed69ddef	1	7771	player+silence	uade	Protracker	0	18310	d8eef339	b0e1d015	os2/games/action/Flashback-20140625.zip/Flashback/DATA/MOD.flashback-jungle
02b5c0a73651e041811ecea6ed69ddef	1	7771	player+silence	uade	Protracker	0	18310	d8eef339	b0e1d015	os2/games/action/Flashback-20140629.zip/Flashback/DATA/MOD.flashback-jungle
02b5c0a73651e041811ecea6ed69ddef	1	7771	player+silence	uade	Protracker	0	18310	d8eef339	b0e1d015	os2/games/action/REminiscence_2014-06-29.zip/Flashback/DATA/MOD.flashback-jungle
02f210f1d15658aae19fcdaa9af499f5	1	5603	player+silence	uade	Protracker	0	9920	49fea6fa	0a05de82	incoming/REminiscence_2014-06-29.zip/Flashback/DATA/MOD.flashback-desintegr
02f210f1d15658aae19fcdaa9af499f5	1	5603	player+silence	uade	Protracker	0	9920	49fea6fa	0a05de82	os2/games/action/Flashback-20140625.zip/Flashback/DATA/MOD.flashback-desintegr
02f210f1d15658aae19fcdaa9af499f5	1	5603	player+silence	uade	Protracker	0	9920	49fea6fa	0a05de82	os2/games/action/Flashback-20140629.zip/Flashback/DATA/MOD.flashback-desintegr
02f210f1d15658aae19fcdaa9af499f5	1	5603	player+silence	uade	Protracker	0	9920	49fea6fa	0a05de82	os2/games/action/REminiscence_2014-06-29.zip/Flashback/DATA/MOD.flashback-desintegr
0430d768c1e9d7cd31497ad9773d5029	1	241527	player+silence	uade	Protracker compatible	0	205088	f89fa037	12d76e20	multimedia/music/mod/Panzer/acidofil.zip/ACIDOFIL.MOD
06cc173681d5a68a76e915c75da6ee21	0	207197	player+silence	uade	Soundtracker II - V or compatible	0	74688	28624073	f0ddccb0	multimedia/music/mod/unknown/locomotn.zip/LOCOMOTN.MOD
0732bdd3ad7cbd6d7a976f729dc9c5d3	1	157598	player+silence	st3play	Scream Tracker 3.2x (GUS)	8	58402	4d271529	566d069d	incoming/SEAL_1-0-6c.zip/audio/examples/test.s3m
0732bdd3ad7cbd6d7a976f729dc9c5d3	1	157598	player+silence	st3play	Scream Tracker 3.2x (GUS)	8	58402	4d271529	566d069d	os2/dev/libraries/multimedia/SEAL_1-0-6c.zip/audio/examples/test.s3m
0732bdd3ad7cbd6d7a976f729dc9c5d3	1	157598	player+silence	st3play	Scream Tracker 3.2x (GUS)	8	58402	4d271529	566d069d	os2/dev/mm/seal105os2.zip/audio/examples/test.s3m
0732bdd3ad7cbd6d7a976f729dc9c5d3	1	157598	player+silence	st3play	Scream Tracker 3.2x (GUS)	8	58402	4d271529	566d069d	os2/dev/mm/seal106c_os2.zip/audio/examples/test.s3m
074985bb356c139701348a3a5d9c5d7d	0	163174	player+silence	libopenmpt	ModPlug Tracker 1.09 - 1.16	6	80969	4051df8f	f0696442	incoming/Biniax-2_1-30.zip/biniax2/data/music/biniax_common04.it
074985bb356c139701348a3a5d9c5d7d	0	163174	player+silence	libopenmpt	ModPlug Tracker 1.09 - 1.16	6	80969	4051df8f	f0696442	os2/games/biniax2-1.30-os2.zip/data/music/biniax_common04.it
074985bb356c139701348a3a5d9c5d7d	0	163174	player+silence	libopenmpt	ModPlug Tracker 1.09 - 1.16	6	80969	4051df8f	f0696442	os2/games/biniax2-20160227.zip/biniax2/data/music/biniax_common04.it
074985bb356c139701348a3a5d9c5d7d	0	163174	player+silence	libopenmpt	ModPlug Tracker 1.09 - 1.16	6	80969	4051df8f	f0696442	os2/games/puzzle/Biniax-2_1-30.zip/biniax2/data/music/biniax_common04.it
07ae828eb2ff8dbc2f4c41f87f48d7b7	1	33376	player	it2play	Impulse Tracker 2.14+	9	129499	404dac09	b0b2ad7d	incoming/Pingus_0-7-6r2.zip/data/music/pingus-1.it
07ae828eb2ff8dbc2f4c41f87f48d7b7	1	33376	player	it2play	Impulse Tracker 2.14+	9	129499	404dac09	b0b2ad7d	os2/games/pingus-0.7.6-os2-iiabtdnfi.zip/data/music/pingus-1.it
07ae828eb2ff8dbc2f4c41f87f48d7b7	1	33376	player	it2play	Impulse Tracker 2.14+	9	129499	404dac09	b0b2ad7d	os2/games/pingus-0.7.6-os2.zip/data/music/pingus-1.it
07ae828eb2ff8dbc2f4c41f87f48d7b7	1	33376	player	it2play	Impulse Tracker 2.14+	9	129499	404dac09	b0b2ad7d	os2/games/strategy/Pingus_0-7-6r2.zip/data/music/pingus-1.it
084b703a933c1fded923649eff398657	1	251920	player+silence	uade	Protracker	0	161638	a45f9b05	430adbd0	multimedia/music/mod/unlabelled/taketime.zip/TAKETIME.MOD
08a67d324c4c284596c921b207e5a453	1	176769	player	uade	Soundtracker II (15 instr.)	0	69124	b900426b	0f74f6cc	multimedia/music/mod/unlabelled/thorax.zip/THORAX.MOD
09d83b2407180c2c44abab767288fa21	1	107645	player	uade	Noisetracker 1.x	0	52664	b3f073c8	39485c99	multimedia/music/mod/Ice88/muzac.zip/MUZAC.MOD
09d83b2407180c2c44abab767288fa21	1	107645	player	uade	Noisetracker 1.x	0	52664	b3f073c8	39485c99	multimedia/music/mod/Ice88/muzak2.zip/MUZAK2.MOD
0a46643d6d65d201fabb56aeb6cc7747	1	204961	player	st3play	Scream Tracker 3.01 (SB)	16	455702	2435af21	0bf3064e	incoming/SEAL_1-0-6c.zip/audio/examples/CHARIOT.S3M
0a46643d6d65d201fabb56aeb6cc7747	1	204961	player	st3play	Scream Tracker 3.01 (SB)	16	455702	2435af21	0bf3064e	os2/dev/libraries/multimedia/SEAL_1-0-6c.zip/audio/examples/CHARIOT.S3M
0a46643d6d65d201fabb56aeb6cc7747	1	204961	player	st3play	Scream Tracker 3.01 (SB)	16	455702	2435af21	0bf3064e	os2/dev/mm/seal106c_os2.zip/audio/examples/CHARIOT.S3M
0a775f063fa6a54ebb5ef860a803caa9	1	119179	player	uade	Noisetracker 1.x	0	99948	19f883d3	525b721f	multimedia/music/mod/unknown/lifstyle.zip/LIFSTYLE.MOD
0a90ed0846d6cb2bce5ba520e0f7634f	1	105595	player	it2play	Impulse Tracker 2.14+	15	174926	59c815f7	473681b5	incoming/Pingus_0-7-6r2.zip/data/music/pingus-3.it
0a90ed0846d6cb2bce5ba520e0f7634f	1	105595	player	it2play	Impulse Tracker 2.14+	15	174926	59c815f7	473681b5	os2/games/pingus-0.7.6-os2-iiabtdnfi.zip/data/music/pingus-3.it
0a90ed0846d6cb2bce5ba520e0f7634f	1	105595	player	it2play	Impulse Tracker 2.14+	15	174926	59c815f7	473681b5	os2/games/pingus-0.7.6-os2.zip/data/music/pingus-3.it
0a90ed0846d6cb2bce5ba520e0f7634f	1	105595	player	it2play	Impulse Tracker 2.14+	15	174926	59c815f7	473681b5	os2/games/strategy/Pingus_0-7-6r2.zip/data/music/pingus-3.it
0a9464157780e0b60998f1f97de56c4c	1	169957	player	st3play	Scream Tracker 3.2x (GUS)	16	117746	0f186821	9d81e233	incoming/Enigma_0-92.zip/enigma/share/enigma/sound/menu.s3m
0a9464157780e0b60998f1f97de56c4c	1	169957	player	st3play	Scream Tracker 3.2x (GUS)	16	117746	0f186821	9d81e233	incoming/Enigma_1-30.zip/enigma/share/enigma/music/menu/pentagonal_dreams.s3m
0a9464157780e0b60998f1f97de56c4c	1	169957	player	st3play	Scream Tracker 3.2x (GUS)	16	117746	0f186821	9d81e233	os2/games/puzzle/Enigma_0-92.zip/enigma/share/enigma/sound/menu.s3m
0a9464157780e0b60998f1f97de56c4c	1	169957	player	st3play	Scream Tracker 3.2x (GUS)	16	117746	0f186821	9d81e233	os2/games/puzzle/Enigma_1-30.zip/enigma/share/enigma/music/menu/pentagonal_dreams.s3m
0a9cfae80459cef2c7b0f44d7fb78c8c	1	166428	player+silence	st3play	Scream Tracker 3.2x (SB)	4	101282	868ab7ba	7ca931f0	incoming/RocksnDiamonds_3-0-8_X11.zip/rocksndiamonds-3.0.8/levels/Classic_Games/classic_supaplex/music/supaplex.s3m
0a9cfae80459cef2c7b0f44d7fb78c8c	1	166428	player+silence	st3play	Scream Tracker 3.2x (SB)	4	101282	868ab7ba	7ca931f0	incoming/RocksnDiamonds_3-2-4.zip/rocksndiamonds/levels/Classic_Games/classic_supaplex/music/supaplex.s3m
0a9cfae80459cef2c7b0f44d7fb78c8c	1	166428	player+silence	st3play	Scream Tracker 3.2x (SB)	4	101282	868ab7ba	7ca931f0	os2/games/puzzle/rocksndiamonds-3.0.8.zip/rocksndiamonds-3.0.8/levels/Classic_Games/classic_supaplex/music/supaplex.s3m
0a9cfae80459cef2c7b0f44d7fb78c8c	1	166428	player+silence	st3play	Scream Tracker 3.2x (SB)	4	101282	868ab7ba	7ca931f0	os2/games/puzzle/rocksndiamonds-3.2.4.zip/rocksndiamonds-3.2.4/levels/Classic_Games/classic_supaplex/music/supaplex.s3m
0a9cfae80459cef2c7b0f44d7fb78c8c	1	166428	player+silence	st3play	Scream Tracker 3.2x (SB)	4	101282	868ab7ba	7ca931f0	os2/games/strategy/RocksnDiamonds_3-0-8_X11.zip/rocksndiamonds-3.0.8/levels/Classic_Games/classic_supaplex/music/supaplex.s3m
0a9cfae80459cef2c7b0f44d7fb78c8c	1	166428	player+silence	st3play	Scream Tracker 3.2x (SB)	4	101282	868ab7ba	7ca931f0	os2/games/strategy/RocksnDiamonds_3-2-4.zip/rocksndiamonds/levels/Classic_Games/classic_supaplex/music/supaplex.s3m
0baa879c0e4128f2e23d710f605eeea8	0	0	nosound	libxmp	Scream Tracker 2.00	4	2522	6b93c276	5ec9759c	incoming/VFDISK_6-0.zip/VFDisk.sys
0baa879c0e4128f2e23d710f605eeea8	0	0	nosound	libxmp	Scream Tracker 2.00	4	2522	6b93c276	5ec9759c	os2/system/drivers/filesys/VFDISK_6-0.zip/VFDisk.sys
0baa879c0e4128f2e23d710f605eeea8	0	0	nosound	libxmp	Scream Tracker 2.00	4	2522	6b93c276	5ec9759c	os2/system/drivers/filesys/vfdisk60.zip/VFDisk.sys
0bbf1609947835b05eca166081260481	1	138369	player	uade	Noisetracker 1.x	0	55476	510b6141	6902971a	multimedia/music/mod/unknown/rocking1.zip/ROCKING1.MOD
0be91ffe83cf7ddf95f22e079266bd78	1	230541	player	uade	Protracker compatible	0	70388	105b38f9	215de516	multimedia/music/mod/unknown/intheair.zip/INTHEAIR.MOD
0be962912e4d676358eba19ad4ca0e03	1	119179	player	uade	Protracker compatible	0	91474	b886e481	8fe95a48	multimedia/music/mod/Fermi/boys.zip/BOYS.MOD
0bf9e6c5e1b4a452e5fb9846d09d1a48	1	230541	player	uade	Protracker compatible	0	149846	8a2825cd	13add0a1	multimedia/music/mod/unlabelled/thunder.zip/THUNDER.MOD
0c816001d4b18c245685b2b470cf1b39	1	46498	player	it2play	Impulse Tracker 2.14+	8	123642	60fda0ad	c602e4e1	incoming/Pingus_0-7-6r2.zip/data/music/gd-myla.it
0c816001d4b18c245685b2b470cf1b39	1	46498	player	it2play	Impulse Tracker 2.14+	8	123642	60fda0ad	c602e4e1	os2/games/pingus-0.7.6-os2-iiabtdnfi.zip/data/music/gd-myla.it
0c816001d4b18c245685b2b470cf1b39	1	46498	player	it2play	Impulse Tracker 2.14+	8	123642	60fda0ad	c602e4e1	os2/games/pingus-0.7.6-os2.zip/data/music/gd-myla.it
0c816001d4b18c245685b2b470cf1b39	1	46498	player	it2play	Impulse Tracker 2.14+	8	123642	60fda0ad	c602e4e1	os2/games/strategy/Pingus_0-7-6r2.zip/data/music/gd-myla.it
0e3c47bd75ae96f2571712991253b04e	1	230955	player+silence	uade	Protracker	0	145290	8cf8fcd6	a32690bd	incoming/Semtex_1-0c_demo.zip/Sound/Game/optimumf.mod
0e3c47bd75ae96f2571712991253b04e	1	230955	player+silence	uade	Protracker	0	145290	8cf8fcd6	a32690bd	os2/games/action/semmusic.zip/Sound/Game/optimumf.mod
0e3c47bd75ae96f2571712991253b04e	1	230955	player+silence	uade	Protracker	0	145290	8cf8fcd6	a32690bd	os2/games/action/Semtex_1-0c_demo.zip/Sound/Game/optimumf.mod
0e68aae3bd7d2093db3b1ef147e6087d	1	380284	player	uade	Noisetracker 1.x	0	215331	6aef1191	e01c78c7	multimedia/music/mod/unknown/ivfallen.zip/IVFALLEN.MOD
0e9de6bb6739eb617575796d439ed298	1	122997	player	uade	Protracker compatible	0	26292	246f3512	21f5e471	incoming/FreePascal_3-2-2.zip/ulndssrc.zip/source/packages/libndsfpc/examples/audio/maxmod/reverb/audio/tempest-zen_bowling.mod
0e9de6bb6739eb617575796d439ed298	1	122997	player	uade	Protracker compatible	0	26292	246f3512	21f5e471	os2/dev/proglang/pascal/FreePascal_3-2-2.zip/ulndssrc.zip/source/packages/libndsfpc/examples/audio/maxmod/reverb/audio/tempest-zen_bowling.mod
0f429b76036964785a6aa72b30cb6986	1	82044	player	uade	Protracker compatible	0	105838	25b6c433	0c011e57	multimedia/music/mod/unknown/calm_mom.zip/CALM_MOM.MOD
0fbe96f44c2a14519d01f983de7935db	1	102219	player	st3play	Scream Tracker 3.01 (GUS)	16	189220	e77b08d0	4b525dbc	incoming/Flight2_1997-11-27.zip/LEV.S3M
0fbe96f44c2a14519d01f983de7935db	1	102219	player	st3play	Scream Tracker 3.01 (GUS)	16	189220	e77b08d0	4b525dbc	os2/games/toys/Flight2_1997-11-27.zip/LEV.S3M
1311f651fa0f4df4152369706cb8a046	1	235411	player+volume	uade	Noisetracker 1.x	0	222058	4a76122e	83e9e6c7	multimedia/music/mod/unknown/aziedrev.zip/AZIEDREV.MOD
13a839a40f7a00512a5bd1b4e82edb7d	1	176875	player+silence	uade	Protracker compatible	0	147818	995de645	03b7a0e3	multimedia/music/mod/unknown/raggtime.zip/RAGGTIME.MOD
13f50e93b959b5d005be0b7e3fac71ed	1	92002	player	ft2play	FastTracker v2.00	8	47105	1816e775	0118e055	incoming/BomberClone_0-11-9.zip/bomberclone/data/music/zb-tnt.xm
13f50e93b959b5d005be0b7e3fac71ed	1	92002	player	ft2play	FastTracker v2.00	8	47105	1816e775	0118e055	os2/games/action/BomberClone_0-11-9.zip/bomberclone/data/music/zb-tnt.xm
13f50e93b959b5d005be0b7e3fac71ed	1	92002	player	ft2play	FastTracker v2.00	8	47105	1816e775	0118e055	os2/games/bomberclone-SDL-20140807.zip/bomberclone/data/music/zb-tnt.xm
15a1c7e857388362a832a0348dcb4100	1	131037	player+silence	st3play	Scream Tracker 3.00 (GUS)	12	264066	2a8813c3	908d100a	incoming/Semtex_1-0c_demo.zip/Sound/Menu/crystal.s3m
15a1c7e857388362a832a0348dcb4100	1	131037	player+silence	st3play	Scream Tracker 3.00 (GUS)	12	264066	2a8813c3	908d100a	os2/games/action/semmusic.zip/Sound/Menu/crystal.s3m
15a1c7e857388362a832a0348dcb4100	1	131037	player+silence	st3play	Scream Tracker 3.00 (GUS)	12	264066	2a8813c3	908d100a	os2/games/action/Semtex_1-0c_demo.zip/Sound/Menu/crystal.s3m
15a1c7e857388362a832a0348dcb4100	2	14864	player+silence
15b11fd78516da87edd5fb4d03dadb47	1	180607	player	uade	Protracker compatible	0	86500	f64dc791	271b9908	multimedia/music/mod/unknown/kilroy3a.zip/KILROY3A.MOD
15b11fd78516da87edd5fb4d03dadb47	1	180607	player	uade	Protracker compatible	0	86500	f64dc791	271b9908	multimedia/music/mod/unknown/kilroy4a.zip/KILROY4A.MOD
15b14c1f34769067296835f6f2b67f3e	1	39419	player	ft2play	rst's SoundTracker	8	723337	bc1ee23d	8f303d07	incoming/SuperTux_0-1-1.zip/SuperTux/data/music/fortress-fast.mod
15b14c1f34769067296835f6f2b67f3e	1	39419	player	ft2play	rst's SoundTracker	8	723337	bc1ee23d	8f303d07	os2/games/action/SuperTux_0-1-1.zip/SuperTux/data/music/fortress-fast.mod
15b14c1f34769067296835f6f2b67f3e	1	39419	player	ft2play	rst's SoundTracker	8	723337	bc1ee23d	8f303d07	os2/games/action/supertux-SDL-20140815.zip/SuperTux/data/music/fortress-fast.mod
1600947b0edc497bb8790df9785a58ee	1	176769	player	uade	Protracker	0	131276	08befd84	e5ebed61	multimedia/music/mod/U4ia/not-just.zip/NOT-JUST.MOD
167998b4c955f351b63b05971ec7ab37	1	296048	player	uade	Protracker compatible	0	137356	fbb69842	e1d0263c	multimedia/music/mod/4mat/phntasma.zip/PHNTASMA.MOD
177650e7abf953f28454b9295813d061	1	180089	player+volume	uade	Protracker compatible	0	123204	03d25a7a	48378fe0	multimedia/music/mod/unknown/hlrunner.zip/HLRUNNER.MOD
1776f388e9c94bd0e5bfcbc120d0ee9e	1	152435	player	uade	Protracker compatible	0	100684	2ce163d7	4c04f6e9	multimedia/music/mod/unknown/elopez-s.zip/ELOPEZ-S.MOD
17dd120ef98678ef69051aac2020a1d9	1	203635	player	uade	Soundtracker II (31 instr.)	0	79750	1858171e	4acbf2c2	multimedia/music/mod/unknown/apc.zip/APC.MOD
17dd120ef98678ef69051aac2020a1d9	1	203635	player	uade	Soundtracker II (31 instr.)	0	79750	1858171e	4acbf2c2	multimedia/music/mod/unknown/approach.zip/APPROACH.MOD
17eda6027dfa58a3c86433ab2787bf5f	1	146045	player	uade	Noisetracker 1.x	0	95268	0091128e	4ec8db2a	multimedia/music/mod/Ice88/quantum6.zip/QUANTUM6.MOD
17f82b155eb4bfff782d4760aa545a76	1	197245	player	uade	Protracker compatible	0	27396	a74a2b38	c08c0915	multimedia/music/mod/unlabelled/tune3.zip/TUNE3.MOD
1803e15ed69047067e7db8266e91d9f7	1	4772	player+silence	uade	Protracker	0	3972	4a012de6	a941c2ab	incoming/REminiscence_2014-06-29.zip/Flashback/DATA/MOD.flashback-chute
1803e15ed69047067e7db8266e91d9f7	1	4772	player+silence	uade	Protracker	0	3972	4a012de6	a941c2ab	os2/games/action/Flashback-20140625.zip/Flashback/DATA/MOD.flashback-chute
1803e15ed69047067e7db8266e91d9f7	1	4772	player+silence	uade	Protracker	0	3972	4a012de6	a941c2ab	os2/games/action/Flashback-20140629.zip/Flashback/DATA/MOD.flashback-chute
1803e15ed69047067e7db8266e91d9f7	1	4772	player+silence	uade	Protracker	0	3972	4a012de6	a941c2ab	os2/games/action/REminiscence_2014-06-29.zip/Flashback/DATA/MOD.flashback-chute
18dd3f7eb5456e02adc7f27dfb7eb4bb	0	169875	player+silence	libopenmpt	ModPlug Tracker 1.09 - 1.16	8	1457568	cbb40ccc	d7c69c22	incoming/Biniax-2_1-30.zip/biniax2/data/music/biniax_common00.it
18dd3f7eb5456e02adc7f27dfb7eb4bb	0	169875	player+silence	libopenmpt	ModPlug Tracker 1.09 - 1.16	8	1457568	cbb40ccc	d7c69c22	os2/games/biniax2-1.30-os2.zip/data/music/biniax_common00.it
18dd3f7eb5456e02adc7f27dfb7eb4bb	0	169875	player+silence	libopenmpt	ModPlug Tracker 1.09 - 1.16	8	1457568	cbb40ccc	d7c69c22	os2/games/biniax2-20160227.zip/biniax2/data/music/biniax_common00.it
18dd3f7eb5456e02adc7f27dfb7eb4bb	0	169875	player+silence	libopenmpt	ModPlug Tracker 1.09 - 1.16	8	1457568	cbb40ccc	d7c69c22	os2/games/puzzle/Biniax-2_1-30.zip/biniax2/data/music/biniax_common00.it
1a4f1bec8666b956ca417f52e5503f61	1	68185	player	ft2play	FastTracker v2.00	8	27239	cb6fa7ec	2fd1d4b9	incoming/BomberClone_0-11-9.zip/bomberclone/data/music/mario_is_a_weenie.xm
1a4f1bec8666b956ca417f52e5503f61	1	68185	player	ft2play	FastTracker v2.00	8	27239	cb6fa7ec	2fd1d4b9	os2/games/action/BomberClone_0-11-9.zip/bomberclone/data/music/mario_is_a_weenie.xm
1a4f1bec8666b956ca417f52e5503f61	1	68185	player	ft2play	FastTracker v2.00	8	27239	cb6fa7ec	2fd1d4b9	os2/games/bomberclone-SDL-20140807.zip/bomberclone/data/music/mario_is_a_weenie.xm
1ad6cebcd89cdd87aa7c84f65f2a2597	1	296129	player	uade	Protracker compatible	0	96956	9ae49a90	79c7f66a	multimedia/music/mod/unlabelled/slappy.zip/SLAPPY.MOD
1b05cfa76e1dea447d31842d51e279ce	1	121088	player	uade	Protracker compatible	0	59804	2b220e6b	80e3ea32	multimedia/music/mod/unlabelled/tune2.zip/TUNE2.MOD
1bfbdebae5b6d72d555eac5657002642	1	89708	player	ft2play	rst's SoundTracker	8	459285	789f916a	27dc1072	incoming/SuperTux_0-1-1.zip/SuperTux/data/music/SALCON.MOD
1bfbdebae5b6d72d555eac5657002642	1	89708	player	ft2play	rst's SoundTracker	8	459285	789f916a	27dc1072	os2/games/action/SuperTux_0-1-1.zip/SuperTux/data/music/SALCON.MOD
1bfbdebae5b6d72d555eac5657002642	1	89708	player	ft2play	rst's SoundTracker	8	459285	789f916a	27dc1072	os2/games/action/supertux-SDL-20140815.zip/SuperTux/data/music/SALCON.MOD
1bfc2eba2c562741b8b0973de0bb83d5	1	199258	player+silence	uade	Noisetracker 1.x	0	162014	5a496eb3	557bce74	multimedia/music/mod/unknown/blackmor.zip/BLACKMOR.MOD
1cda6e9f2539e3fe16a2def1d2e719ec	1	249410	player	uade	Protracker compatible	0	102288	6f931a31	c576257a	multimedia/music/mod/unknown/imponrt3.zip/IMPONRT3.MOD
1f3a7417f4f7468594f83fa71348f49a	1	222845	player	uade	Protracker compatible	0	94734	b5cea569	c81f355d	multimedia/music/mod/unknown/masqrade.zip/MASQRADE.MOD
1f5cf262f469f5d943d34472259b5e0b	1	93268	player+silence	ft2play	rst's SoundTracker	8	829273	e83f649c	2cc93d49	incoming/SuperTux_0-1-1.zip/SuperTux/data/music/theme.mod
1f5cf262f469f5d943d34472259b5e0b	1	93268	player+silence	ft2play	rst's SoundTracker	8	829273	e83f649c	2cc93d49	os2/games/action/SuperTux_0-1-1.zip/SuperTux/data/music/theme.mod
1f5cf262f469f5d943d34472259b5e0b	1	93268	player+silence	ft2play	rst's SoundTracker	8	829273	e83f649c	2cc93d49	os2/games/action/supertux-SDL-20140815.zip/SuperTux/data/music/theme.mod
220237509cade92bdefa2fb39618cfc6	1	179043	player+silence	uade	Protracker compatible	0	137148	9b89fede	12f67d20	multimedia/music/mod/unlabelled/xenophob.zip/XENOPHOB.MOD
23764ee90d0476135158a5c518f7e67f	1	242055	player	uade	Protracker compatible	0	130382	7ab534f4	45ea99ca	incoming/MirrorMagic_3-3-0.zip/music/mus_classic/mod.cream_of_the_earth
23764ee90d0476135158a5c518f7e67f	1	242055	player	uade	Protracker compatible	0	130382	7ab534f4	45ea99ca	incoming/RocksnDiamonds_3-0-8_X11.zip/rocksndiamonds-3.0.8/music/mus_classic/mod.cream_of_the_earth
23764ee90d0476135158a5c518f7e67f	1	242055	player	uade	Protracker compatible	0	130382	7ab534f4	45ea99ca	incoming/RocksnDiamonds_3-2-4.zip/rocksndiamonds/music/mus_classic/mod.cream_of_the_earth
23764ee90d0476135158a5c518f7e67f	1	242055	player	uade	Protracker compatible	0	130382	7ab534f4	45ea99ca	incoming/RocksnDiamonds_4_3-6-0.zip/music/mus_classic/mod.cream_of_the_earth
23764ee90d0476135158a5c518f7e67f	1	242055	player	uade	Protracker compatible	0	130382	7ab534f4	45ea99ca	incoming/RocksnDiamonds_4-3-2-2.zip/music/mus_classic/mod.cream_of_the_earth
23764ee90d0476135158a5c518f7e67f	1	242055	player	uade	Protracker compatible	0	130382	7ab534f4	45ea99ca	multimedia/music/mod/unknown/crmearth.zip/CRMEARTH.MOD
23764ee90d0476135158a5c518f7e67f	1	242055	player	uade	Protracker compatible	0	130382	7ab534f4	45ea99ca	os2/games/puzzle/rocksndiamonds-3.0.8.zip/rocksndiamonds-3.0.8/music/mus_classic/mod.cream_of_the_earth
23764ee90d0476135158a5c518f7e67f	1	242055	player	uade	Protracker compatible	0	130382	7ab534f4	45ea99ca	os2/games/puzzle/rocksndiamonds-3.2.4.zip/rocksndiamonds-3.2.4/music/mus_classic/mod.cream_of_the_earth
23764ee90d0476135158a5c518f7e67f	1	242055	player	uade	Protracker compatible	0	130382	7ab534f4	45ea99ca	os2/games/strategy/MirrorMagic_3-3-0.zip/music/mus_classic/mod.cream_of_the_earth
23764ee90d0476135158a5c518f7e67f	1	242055	player	uade	Protracker compatible	0	130382	7ab534f4	45ea99ca	os2/games/strategy/RocksnDiamonds_3-0-8_X11.zip/rocksndiamonds-3.0.8/music/mus_classic/mod.cream_of_the_earth
23764ee90d0476135158a5c518f7e67f	1	242055	player	uade	Protracker compatible	0	130382	7ab534f4	45ea99ca	os2/games/strategy/RocksnDiamonds_3-2-4.zip/rocksndiamonds/music/mus_classic/mod.cream_of_the_earth
23764ee90d0476135158a5c518f7e67f	1	242055	player	uade	Protracker compatible	0	130382	7ab534f4	45ea99ca	os2/games/strategy/RocksnDiamonds_4_3-6-0.zip/music/mus_classic/mod.cream_of_the_earth
23764ee90d0476135158a5c518f7e67f	1	242055	player	uade	Protracker compatible	0	130382	7ab534f4	45ea99ca	os2/games/strategy/RocksnDiamonds_4-3-2-2.zip/music/mus_classic/mod.cream_of_the_earth
239adb4923f5885111cb98c62cea7a4e	1	69224	player	uade	Protracker compatible	0	75688	f1083a6b	6cfa640b	multimedia/music/mod/unlabelled/travmnd3.zip/TRAVMND3.MOD
241a6308d19f9ed544046f5afb3da425	1	255498	player	uade	Protracker compatible	0	105104	f670e40b	ff1d5d03	multimedia/music/mod/unknown/jamboree.zip/JAMBOREE.MOD
24804e9b0ae947262a0d05a09489765e	1	76665	player	ft2play	rst's SoundTracker	8	886106	f274b873	7c522699	incoming/SuperTux_0-1-1.zip/SuperTux/data/music/cave.mod
24804e9b0ae947262a0d05a09489765e	1	76665	player	ft2play	rst's SoundTracker	8	886106	f274b873	7c522699	os2/games/action/SuperTux_0-1-1.zip/SuperTux/data/music/cave.mod
24804e9b0ae947262a0d05a09489765e	1	76665	player	ft2play	rst's SoundTracker	8	886106	f274b873	7c522699	os2/games/action/supertux-SDL-20140815.zip/SuperTux/data/music/cave.mod
2624a7b7acb674ce71f3f9a1b667f2db	1	144136	player	uade	Protracker	0	100786	a8d4dea1	738c533d	incoming/MirrorMagic_3-3-0.zip/music/mus_classic/mod.apoplexy
2624a7b7acb674ce71f3f9a1b667f2db	1	144136	player	uade	Protracker	0	100786	a8d4dea1	738c533d	incoming/RocksnDiamonds_3-0-8_X11.zip/rocksndiamonds-3.0.8/music/mus_classic/mod.apoplexy
2624a7b7acb674ce71f3f9a1b667f2db	1	144136	player	uade	Protracker	0	100786	a8d4dea1	738c533d	incoming/RocksnDiamonds_3-2-4.zip/rocksndiamonds/music/mus_classic/mod.apoplexy
2624a7b7acb674ce71f3f9a1b667f2db	1	144136	player	uade	Protracker	0	100786	a8d4dea1	738c533d	incoming/RocksnDiamonds_4_3-6-0.zip/music/mus_classic/mod.apoplexy
2624a7b7acb674ce71f3f9a1b667f2db	1	144136	player	uade	Protracker	0	100786	a8d4dea1	738c533d	incoming/RocksnDiamonds_4-3-2-2.zip/music/mus_classic/mod.apoplexy
2624a7b7acb674ce71f3f9a1b667f2db	1	144136	player	uade	Protracker	0	100786	a8d4dea1	738c533d	os2/games/puzzle/rocksndiamonds-3.0.8.zip/rocksndiamonds-3.0.8/music/mus_classic/mod.apoplexy
2624a7b7acb674ce71f3f9a1b667f2db	1	144136	player	uade	Protracker	0	100786	a8d4dea1	738c533d	os2/games/puzzle/rocksndiamonds-3.2.4.zip/rocksndiamonds-3.2.4/music/mus_classic/mod.apoplexy
2624a7b7acb674ce71f3f9a1b667f2db	1	144136	player	uade	Protracker	0	100786	a8d4dea1	738c533d	os2/games/strategy/MirrorMagic_3-3-0.zip/music/mus_classic/mod.apoplexy
2624a7b7acb674ce71f3f9a1b667f2db	1	144136	player	uade	Protracker	0	100786	a8d4dea1	738c533d	os2/games/strategy/RocksnDiamonds_3-0-8_X11.zip/rocksndiamonds-3.0.8/music/mus_classic/mod.apoplexy
2624a7b7acb674ce71f3f9a1b667f2db	1	144136	player	uade	Protracker	0	100786	a8d4dea1	738c533d	os2/games/strategy/RocksnDiamonds_3-2-4.zip/rocksndiamonds/music/mus_classic/mod.apoplexy
2624a7b7acb674ce71f3f9a1b667f2db	1	144136	player	uade	Protracker	0	100786	a8d4dea1	738c533d	os2/games/strategy/RocksnDiamonds_4_3-6-0.zip/music/mus_classic/mod.apoplexy
2624a7b7acb674ce71f3f9a1b667f2db	1	144136	player	uade	Protracker	0	100786	a8d4dea1	738c533d	os2/games/strategy/RocksnDiamonds_4-3-2-2.zip/music/mus_classic/mod.apoplexy
2632c85826d08ff5159070bd95d2bb15	1	150526	player	uade	Protracker	0	49934	b8b8f45e	7df98c0e	incoming/Semtex_1-0c_demo.zip/Sound/Game/frytekno.mod
2632c85826d08ff5159070bd95d2bb15	1	150526	player	uade	Protracker	0	49934	b8b8f45e	7df98c0e	os2/games/action/semmusic.zip/Sound/Game/frytekno.mod
2632c85826d08ff5159070bd95d2bb15	1	150526	player	uade	Protracker	0	49934	b8b8f45e	7df98c0e	os2/games/action/Semtex_1-0c_demo.zip/Sound/Game/frytekno.mod
266bb5dced656f525021d94c0111b49d	1	163969	player	uade	Protracker compatible	0	27598	ffe8125d	e5e5a453	incoming/MirrorMagic_3-3-0.zip/music/mus_classic/mod.chiptune
266bb5dced656f525021d94c0111b49d	1	163969	player	uade	Protracker compatible	0	27598	ffe8125d	e5e5a453	incoming/RocksnDiamonds_3-0-8_X11.zip/rocksndiamonds-3.0.8/music/mus_classic/mod.chiptune
266bb5dced656f525021d94c0111b49d	1	163969	player	uade	Protracker compatible	0	27598	ffe8125d	e5e5a453	incoming/RocksnDiamonds_3-2-4.zip/rocksndiamonds/music/mus_classic/mod.chiptune
266bb5dced656f525021d94c0111b49d	1	163969	player	uade	Protracker compatible	0	27598	ffe8125d	e5e5a453	incoming/RocksnDiamonds_4_3-6-0.zip/music/mus_classic/mod.chiptune
266bb5dced656f525021d94c0111b49d	1	163969	player	uade	Protracker compatible	0	27598	ffe8125d	e5e5a453	incoming/RocksnDiamonds_4-3-2-2.zip/music/mus_classic/mod.chiptune
266bb5dced656f525021d94c0111b49d	1	163969	player	uade	Protracker compatible	0	27598	ffe8125d	e5e5a453	os2/games/puzzle/rocksndiamonds-3.0.8.zip/rocksndiamonds-3.0.8/music/mus_classic/mod.chiptune
266bb5dced656f525021d94c0111b49d	1	163969	player	uade	Protracker compatible	0	27598	ffe8125d	e5e5a453	os2/games/puzzle/rocksndiamonds-3.2.4.zip/rocksndiamonds-3.2.4/music/mus_classic/mod.chiptune
266bb5dced656f525021d94c0111b49d	1	163969	player	uade	Protracker compatible	0	27598	ffe8125d	e5e5a453	os2/games/strategy/MirrorMagic_3-3-0.zip/music/mus_classic/mod.chiptune
266bb5dced656f525021d94c0111b49d	1	163969	player	uade	Protracker compatible	0	27598	ffe8125d	e5e5a453	os2/games/strategy/RocksnDiamonds_3-0-8_X11.zip/rocksndiamonds-3.0.8/music/mus_classic/mod.chiptune
266bb5dced656f525021d94c0111b49d	1	163969	player	uade	Protracker compatible	0	27598	ffe8125d	e5e5a453	os2/games/strategy/RocksnDiamonds_3-2-4.zip/rocksndiamonds/music/mus_classic/mod.chiptune
266bb5dced656f525021d94c0111b49d	1	163969	player	uade	Protracker compatible	0	27598	ffe8125d	e5e5a453	os2/games/strategy/RocksnDiamonds_4_3-6-0.zip/music/mus_classic/mod.chiptune
266bb5dced656f525021d94c0111b49d	1	163969	player	uade	Protracker compatible	0	27598	ffe8125d	e5e5a453	os2/games/strategy/RocksnDiamonds_4-3-2-2.zip/music/mus_classic/mod.chiptune
2736bb2291b16fd8fb21bdd4100aab68	0	134497	player	libopenmpt	ModPlug Tracker 1.09 - 1.16	4	15942	2b96f6f0	2ad5d912	incoming/Pingus_0-7-6r2.zip/data/music/the_big_march_in_space.it
2736bb2291b16fd8fb21bdd4100aab68	0	134497	player	libopenmpt	ModPlug Tracker 1.09 - 1.16	4	15942	2b96f6f0	2ad5d912	os2/games/pingus-0.7.6-os2-iiabtdnfi.zip/data/music/the_big_march_in_space.it
2736bb2291b16fd8fb21bdd4100aab68	0	134497	player	libopenmpt	ModPlug Tracker 1.09 - 1.16	4	15942	2b96f6f0	2ad5d912	os2/games/pingus-0.7.6-os2.zip/data/music/the_big_march_in_space.it
2736bb2291b16fd8fb21bdd4100aab68	0	134497	player	libopenmpt	ModPlug Tracker 1.09 - 1.16	4	15942	2b96f6f0	2ad5d912	os2/games/strategy/Pingus_0-7-6r2.zip/data/music/the_big_march_in_space.it
284ce6c29ed059764d5044b2b46605f2	1	153403	player+silence	uade	Protracker compatible	0	90822	6d5b49cf	a868627d	multimedia/music/mod/unknown/kilroy6a.zip/KILROY6A.MOD
2860e9b8b3d1b175ec59d1e56ba6c045	1	210205	player+silence	uade	Noisetracker 1.x	0	93588	86aef072	71de0ba2	multimedia/music/mod/unknown/arcane.zip/ARCANE.MOD
29e0b73eb45170e2f59f177d764972ea	1	88475	player	uade	Protracker compatible	0	97424	9e186b3b	524075e9	multimedia/music/mod/unknown/let's.zip/LET'S.MOD
29e0b73eb45170e2f59f177d764972ea	1	88475	player	uade	Protracker compatible	0	97424	9e186b3b	524075e9	multimedia/music/mod/unlabelled/swingit.zip/SWINGIT.MOD
29fb51da0a6c08d83aa521329fcfd5cc	1	233093	player	uade	Protracker	0	76694	1108b25d	4a53cc61	multimedia/music/mod/U4ia/goodbye.zip/GOODBYE.MOD
2b2d6491bc518d59f3c241f3cb00a55e	1	174631	player+silence	uade	Protracker compatible	0	154710	56bb99b2	550ed844	multimedia/music/mod/unknown/lasintro.zip/LASINTRO.MOD
2ba319b7cfda513cc0bd0ef393b03306	1	38520	player	uade	Protracker	0	64468	8394de8c	54fc8b32	multimedia/music/mod/unlabelled/theend.zip/THEEND.MOD
2c20589236d46b8ce562dca5f29ebaa2	1	127050	player+silence	uade	Protracker	0	77464	e833326e	94fa6256	multimedia/music/mod/JS/dance.zip/DANCE.MOD
2d35951e555238837b030ecb9ae15dcf	1	170379	player	uade	Protracker compatible	0	126522	212fe09f	ec70b0b4	incoming/RocksnDiamonds_3-0-8_X11.zip/rocksndiamonds-3.0.8/levels/Contributions_2003/rnd_edward_leuf/music/edwards_digging.mod
2d35951e555238837b030ecb9ae15dcf	1	170379	player	uade	Protracker compatible	0	126522	212fe09f	ec70b0b4	os2/games/puzzle/rocksndiamonds-3.0.8.zip/rocksndiamonds-3.0.8/levels/Contributions_2003/rnd_edward_leuf/music/edwards_digging.mod
2d35951e555238837b030ecb9ae15dcf	1	170379	player	uade	Protracker compatible	0	126522	212fe09f	ec70b0b4	os2/games/strategy/RocksnDiamonds_3-0-8_X11.zip/rocksndiamonds-3.0.8/levels/Contributions_2003/rnd_edward_leuf/music/edwards_digging.mod
2e1d3780ec3fda69c247de80089c667b	1	213622	player+silence	uade	Protracker compatible	0	129218	71ef6c99	98acb586	multimedia/music/mod/Panzer/esctasy.zip/ESCTASY.MOD
2e807dc773be531db60b57aaaa02617c	1	92915	player	uade	Protracker compatible	0	104666	d2eb9bf2	81966ebb	multimedia/music/mod/unknown/cnsumat2.zip/CNSUMAT2.MOD
2ef3c4044f18d88115f8aca70dc09cbc	1	230420	player	uade	Protracker compatible	0	91504	d251db83	541fc673	multimedia/music/mod/unlabelled/trainbea.zip/TRAINBEA.MOD
2f0455119501ac0c99b79d166878bf80	1	291969	player	uade	Protracker compatible	0	142166	83d09404	e41051b7	multimedia/music/mod/Arc/cap_n_po.zip/CAP_N_PO.MOD
2fd2e5c75fab959f862cbf26b69f0757	1	43624	player	uade	Protracker compatible	0	87622	11fe8749	021981aa	multimedia/music/mod/unknown/hits-90.zip/HITS-90.MOD
2fd2e5c75fab959f862cbf26b69f0757	1	43624	player	uade	Protracker compatible	0	87622	11fe8749	021981aa	multimedia/music/mod/unknown/hits90.zip/HITS90.MOD
30c2d4976386c356fbcf7c252087b432	1	116586	player	uade	Protracker compatible	0	31734	2fd19ed8	102e2eb0	multimedia/music/mod/unknown/mdlealta.zip/MDLEALTA.MOD
335e6cf29553217c34caa2e2f273f78c	1	188993	player	ft2play	FastTracker v2.00	12	236551	70895166	e6c38a20	incoming/KillemAll_2001-09-17.zip/Data/gamemus.xm
335e6cf29553217c34caa2e2f273f78c	1	188993	player	ft2play	FastTracker v2.00	12	236551	70895166	e6c38a20	os2/dev/pascal/dmlib_seal_example.zip/Data/gamemus.xm
335e6cf29553217c34caa2e2f273f78c	1	188993	player	ft2play	FastTracker v2.00	12	236551	70895166	e6c38a20	os2/dev/samples/misc/KillemAll_2001-09-17.zip/Data/gamemus.xm
344c887648dc9e4befc9fa27345e903d	1	176060	player+silence	uade	Protracker compatible	0	62732	3f7bdba1	e24d2eea	multimedia/music/mod/ACSoft/canonind.zip/CANONIND.MOD
34b62f7fa46f0240b617e4f2c54a35b7	1	118334	player+silence	uade	Protracker compatible	0	69322	43843a69	baf701c8	multimedia/music/mod/unknown/numan2.zip/NUMAN2.MOD
35969754fb76b4c9e7ab80e9f6133c34	1	215792	player	uade	Protracker	0	60102	b91e56b2	f0abf770	incoming/BomberClone_0-11-9.zip/bomberclone/data/music/cinderella_clown.mod
35969754fb76b4c9e7ab80e9f6133c34	1	215792	player	uade	Protracker	0	60102	b91e56b2	f0abf770	os2/games/action/BomberClone_0-11-9.zip/bomberclone/data/music/cinderella_clown.mod
35969754fb76b4c9e7ab80e9f6133c34	1	215792	player	uade	Protracker	0	60102	b91e56b2	f0abf770	os2/games/bomberclone-SDL-20140807.zip/bomberclone/data/music/cinderella_clown.mod
35dbfee9ad832d13d04dfbc0c27f4114	0	184045	player	libopenmpt	ModPlug Tracker 1.09 - 1.16	7	59592	6a118cec	e3ed2d02	incoming/Pingus_0-7-6r2.zip/data/music/rough_journey.it
35dbfee9ad832d13d04dfbc0c27f4114	0	184045	player	libopenmpt	ModPlug Tracker 1.09 - 1.16	7	59592	6a118cec	e3ed2d02	os2/games/pingus-0.7.6-os2-iiabtdnfi.zip/data/music/rough_journey.it
35dbfee9ad832d13d04dfbc0c27f4114	0	184045	player	libopenmpt	ModPlug Tracker 1.09 - 1.16	7	59592	6a118cec	e3ed2d02	os2/games/pingus-0.7.6-os2.zip/data/music/rough_journey.it
35dbfee9ad832d13d04dfbc0c27f4114	0	184045	player	libopenmpt	ModPlug Tracker 1.09 - 1.16	7	59592	6a118cec	e3ed2d02	os2/games/strategy/Pingus_0-7-6r2.zip/data/music/rough_journey.it
3653656cfd1c80e61b5e808d5a0ca471	0	106942	player+silence	libopenmpt	ModPlug Tracker 1.09 - 1.16	7	283231	41e78b1a	611552ae	incoming/Biniax-2_1-30.zip/biniax2/data/music/biniax_common07.it
3653656cfd1c80e61b5e808d5a0ca471	0	106942	player+silence	libopenmpt	ModPlug Tracker 1.09 - 1.16	7	283231	41e78b1a	611552ae	os2/games/biniax2-1.30-os2.zip/data/music/biniax_common07.it
3653656cfd1c80e61b5e808d5a0ca471	0	106942	player+silence	libopenmpt	ModPlug Tracker 1.09 - 1.16	7	283231	41e78b1a	611552ae	os2/games/biniax2-20160227.zip/biniax2/data/music/biniax_common07.it
3653656cfd1c80e61b5e808d5a0ca471	0	106942	player+silence	libopenmpt	ModPlug Tracker 1.09 - 1.16	7	283231	41e78b1a	611552ae	os2/games/puzzle/Biniax-2_1-30.zip/biniax2/data/music/biniax_common07.it
36888cc042f6459b277ea159d0820775	1	46216	player	uade	Protracker	0	25874	a14950b4	4b5d8724	multimedia/music/mod/unlabelled/stahnd.zip/STAHND.MOD
37b8afe62ec42a47b1237b794193e785	1	126493	player	st3play	Scream Tracker 3.00 (GUS)	4	14176	2b926b5d	40bc88a0	incoming/FreePascal_3-2-2.zip/ulndssrc.zip/source/packages/libndsfpc/examples/audio/maxmod/audio_modes/audio/purple_motion-inspiration.s3m
37b8afe62ec42a47b1237b794193e785	1	126493	player	st3play	Scream Tracker 3.00 (GUS)	4	14176	2b926b5d	40bc88a0	os2/dev/proglang/pascal/FreePascal_3-2-2.zip/ulndssrc.zip/source/packages/libndsfpc/examples/audio/maxmod/audio_modes/audio/purple_motion-inspiration.s3m
387d3dd13cbc079dd4219210e76abf44	1	66265	player	ft2play	rst's SoundTracker	8	83526	b96626d2	fe41db41	incoming/SuperTux_0-1-1.zip/SuperTux/data/music/fortress2.mod
387d3dd13cbc079dd4219210e76abf44	1	66265	player	ft2play	rst's SoundTracker	8	83526	b96626d2	fe41db41	os2/games/action/SuperTux_0-1-1.zip/SuperTux/data/music/fortress2.mod
387d3dd13cbc079dd4219210e76abf44	1	66265	player	ft2play	rst's SoundTracker	8	83526	b96626d2	fe41db41	os2/games/action/supertux-SDL-20140815.zip/SuperTux/data/music/fortress2.mod
39c97ad1052c5893c82d1cfb3d6c16ed	1	76920	player	uade	Protracker compatible	0	24832	08111d05	d2093cf1	multimedia/music/mod/unknown/ltlchina.zip/LTLCHINA.MOD
39e6a1b18b3ba50e5ae05ff48de088cc	1	163969	player	uade	Protracker compatible	0	146166	414f8dde	5ee00338	multimedia/music/mod/unknown/lngslide.zip/LNGSLIDE.MOD
3ad12f148005ac381c9ef39ba77c1aec	1	143126	player	ft2play	Fasttracker (M.K.)	4	123506	9f07e11d	018abf80	multimedia/music/mod/unlabelled/stylee.zip/STYLEE.MOD
3b8b9e74a73aaa871ef4b63333276014	1	215149	player	uade	Soundtracker II (15 instr.)	0	56446	7ed5c6a1	d7ff533e	multimedia/music/mod/unknown/noname.zip/NONAME.MOD
3c3e4421d3533d64bd3d2721cf912246	1	48125	player	uade	Protracker compatible	0	53064	884e6512	f2c7c3f8	multimedia/music/mod/Axel/intro_tu.zip/INTRO_TU.MOD
3c8b81ce59264057dc030f17accb7177	1	158845	player	uade	Protracker compatible	0	120558	8238cad4	91d2bd52	multimedia/music/mod/unlabelled/special.zip/SPECIAL.MOD
3dba3d500490c8b901f67887a3444370	1	230541	player	uade	Soundtracker II (15 instr.)	0	80798	284133ec	08c248df	multimedia/music/mod/unlabelled/walkman3.zip/WALKMAN3.MOD
3e419f1de401cfa45312f4d55f805dc6	1	50665	player	ft2play	Converted by MID2XM	8	132408	1d0f757e	e7049a68	incoming/Don_Ceferino_0-97-8.zip/share/ceferino/music/menu.xm
3e419f1de401cfa45312f4d55f805dc6	1	50665	player	ft2play	Converted by MID2XM	8	132408	1d0f757e	e7049a68	os2/games/action/Don_Ceferino_0-97-8.zip/share/ceferino/music/menu.xm
3e419f1de401cfa45312f4d55f805dc6	1	50665	player	ft2play	Converted by MID2XM	8	132408	1d0f757e	e7049a68	os2/games/don-ceferino-0.97.8-os2.zip/share/ceferino/music/menu.xm
3e5ca40e4cb724559d75e70638ac0a53	1	138485	player+silence	uade	Protracker compatible	0	228156	82e08de3	95649e1e	multimedia/music/mod/unknown/eurovisi.zip/EUROVISI.MOD
3eee2c64a7b0a8e5532125db7f84df7f	1	315258	player	uade	Protracker compatible	0	128020	431f4d1b	c7a4ad63	multimedia/music/mod/unknown/halucin8.zip/HALUCIN8.MOD
3f0fd4a175ff57a932f783feb929530e	1	192141	player	uade	Protracker compatible	0	56558	4577724a	e53302ae	multimedia/music/mod/unlabelled/werweru.zip/WERWERU.MOD
3f0fee0696598a41c181760434084314	1	84616	player	uade	Startrekker (4ch)	0	65690	8a127aaf	a38ac05a	multimedia/music/mod/unknown/dead.zip/DEAD.MOD
3fae30cb6fbcae582f754dea3ff10dad	1	80758	player	uade	Protracker compatible	0	42804	1ef09514	2de855ba	multimedia/music/mod/unknown/acidbat2.zip/ACIDBAT2.MOD
3fe15963c3aaf8511ad3882ed8ca9801	1	23168	player	uade	Protracker	0	25178	501e06e3	f345af18	incoming/REminiscence_2014-06-29.zip/Flashback/DATA/MOD.flashback-holocube
3fe15963c3aaf8511ad3882ed8ca9801	1	23168	player	uade	Protracker	0	25178	501e06e3	f345af18	os2/games/action/Flashback-20140625.zip/Flashback/DATA/MOD.flashback-holocube
3fe15963c3aaf8511ad3882ed8ca9801	1	23168	player	uade	Protracker	0	25178	501e06e3	f345af18	os2/games/action/Flashback-20140629.zip/Flashback/DATA/MOD.flashback-holocube
3fe15963c3aaf8511ad3882ed8ca9801	1	23168	player	uade	Protracker	0	25178	501e06e3	f345af18	os2/games/action/REminiscence_2014-06-29.zip/Flashback/DATA/MOD.flashback-holocube
4015759dbc57ecc03ee2b0ae02fa537f	1	51823	player	it2play	Impulse Tracker 2.14+	9	106172	916cbd26	16179c3c	incoming/Pingus_0-7-6r2.zip/data/music/pingus-7.it
4015759dbc57ecc03ee2b0ae02fa537f	1	51823	player	it2play	Impulse Tracker 2.14+	9	106172	916cbd26	16179c3c	os2/games/pingus-0.7.6-os2-iiabtdnfi.zip/data/music/pingus-7.it
4015759dbc57ecc03ee2b0ae02fa537f	1	51823	player	it2play	Impulse Tracker 2.14+	9	106172	916cbd26	16179c3c	os2/games/pingus-0.7.6-os2.zip/data/music/pingus-7.it
4015759dbc57ecc03ee2b0ae02fa537f	1	51823	player	it2play	Impulse Tracker 2.14+	9	106172	916cbd26	16179c3c	os2/games/strategy/Pingus_0-7-6r2.zip/data/music/pingus-7.it
412cf4488bd401589829a6447644cc16	1	184686	player	uade	Soundtracker II (31 instr.)	0	248994	0af8f162	ece367cd	multimedia/music/mod/unlabelled/tkgsload.zip/TKGSLOAD.MOD
423951c6677138f47bcfbebec1c1e926	1	275461	player+silence	uade	Protracker	0	163738	d2103f5e	4e631db3	multimedia/music/mod/unlabelled/scramble.zip/SCRAMBLE.MOD
42b82a244100832cacda045b2668bb93	1	114034	player	uade	Protracker	0	27410	a45fda09	e73417ed	multimedia/music/mod/unlabelled/yo!.zip/YO!.MOD
430b21ae4e61cd22cecf670b1d318053	1	254132	player	uade	Noisetracker 1.x	0	124799	7a948fe0	afd1fa80	multimedia/music/mod/unlabelled/tkgshow.zip/TKGSHOW.MOD
443b8196e328d2f7b62a0961962fa284	1	5331	player+silence	uade	Protracker	0	6500	5a59a7de	26569c67	incoming/REminiscence_2014-06-29.zip/Flashback/DATA/MOD.flashback-donneobjt
443b8196e328d2f7b62a0961962fa284	1	5331	player+silence	uade	Protracker	0	6500	5a59a7de	26569c67	os2/games/action/Flashback-20140625.zip/Flashback/DATA/MOD.flashback-donneobjt
443b8196e328d2f7b62a0961962fa284	1	5331	player+silence	uade	Protracker	0	6500	5a59a7de	26569c67	os2/games/action/Flashback-20140629.zip/Flashback/DATA/MOD.flashback-donneobjt
443b8196e328d2f7b62a0961962fa284	1	5331	player+silence	uade	Protracker	0	6500	5a59a7de	26569c67	os2/games/action/REminiscence_2014-06-29.zip/Flashback/DATA/MOD.flashback-donneobjt
451f2abfb03d7de40ae3b7df3c61a44d	1	246838	player	uade	Noisetracker 1.x	0	78188	ff35ee33	882ddfe0	multimedia/music/mod/unknown/lowalt.zip/LOWALT.MOD
47708df03f5c5b548d445b88af23c765	1	157579	player	uade	Noisetracker 1.x	0	91034	e98d9fb1	77ef30f9	multimedia/music/mod/unlabelled/smoke.zip/SMOKE.MOD
48f87118211fd7c4c3caf757ab952db3	1	115008	player	ft2play	rst's SoundTracker	8	36938	9e1f3fd3	b78126a1	incoming/SuperTux_0-1-1.zip/SuperTux/data/music/Mortimers_chipdisko-fast.mod
48f87118211fd7c4c3caf757ab952db3	1	115008	player	ft2play	rst's SoundTracker	8	36938	9e1f3fd3	b78126a1	os2/games/action/SuperTux_0-1-1.zip/SuperTux/data/music/Mortimers_chipdisko-fast.mod
48f87118211fd7c4c3caf757ab952db3	1	115008	player	ft2play	rst's SoundTracker	8	36938	9e1f3fd3	b78126a1	os2/games/action/supertux-SDL-20140815.zip/SuperTux/data/music/Mortimers_chipdisko-fast.mod
49199af8c39eb1042237fc40ca4bce12	1	84616	player	uade	Noisetracker 1.x	0	22248	e2b2019b	0f67c1e6	multimedia/music/mod/Clyde/prelude.zip/PRELUDE.MOD
49aa26bb48671e012ec311917da283ca	1	377310	player	uade	Protracker compatible	0	194244	dcc86a77	4ede5b40	multimedia/music/mod/coop/deeply-d.zip/DEEPLY-D.MOD
49cfd6be87936d8ede059b64397fe308	1	205236	player+silence	uade	Protracker compatible	0	199926	e62e1392	9e927426	multimedia/music/mod/unlabelled/tonight.zip/TONIGHT.MOD
4a38265b8487905e935715250ac64c10	1	158129	player+silence	uade	Protracker	0	24634	a518b495	691e72fa	incoming/RocksnDiamonds_3-0-8_X11.zip/rocksndiamonds-3.0.8/levels/Contributions_2003/rnd_edward_leuf/music/twentyfour_and_up.mod
4a38265b8487905e935715250ac64c10	1	158129	player+silence	uade	Protracker	0	24634	a518b495	691e72fa	os2/games/puzzle/rocksndiamonds-3.0.8.zip/rocksndiamonds-3.0.8/levels/Contributions_2003/rnd_edward_leuf/music/twentyfour_and_up.mod
4a38265b8487905e935715250ac64c10	1	158129	player+silence	uade	Protracker	0	24634	a518b495	691e72fa	os2/games/strategy/RocksnDiamonds_3-0-8_X11.zip/rocksndiamonds-3.0.8/levels/Contributions_2003/rnd_edward_leuf/music/twentyfour_and_up.mod
4a47e4f17d04516b347842f630d72626	1	238197	player	uade	Protracker compatible	0	131668	1f37be41	81cb6c40	multimedia/music/mod/unknown/minoan_w.zip/MINOAN_W.MOD
4afff4e2b2c56832e0d730a433d8ea92	0	150005	player+silence	libopenmpt	ModPlug Tracker 1.09 - 1.16	8	209282	7e181a0c	ef6941d6	incoming/Biniax-2_1-30.zip/biniax2/data/music/biniax_common06.it
4afff4e2b2c56832e0d730a433d8ea92	0	150005	player+silence	libopenmpt	ModPlug Tracker 1.09 - 1.16	8	209282	7e181a0c	ef6941d6	os2/games/biniax2-1.30-os2.zip/data/music/biniax_common06.it
4afff4e2b2c56832e0d730a433d8ea92	0	150005	player+silence	libopenmpt	ModPlug Tracker 1.09 - 1.16	8	209282	7e181a0c	ef6941d6	os2/games/biniax2-20160227.zip/biniax2/data/music/biniax_common06.it
4afff4e2b2c56832e0d730a433d8ea92	0	150005	player+silence	libopenmpt	ModPlug Tracker 1.09 - 1.16	8	209282	7e181a0c	ef6941d6	os2/games/puzzle/Biniax-2_1-30.zip/biniax2/data/music/biniax_common06.it
4cbc8ba41dfa1333bc70486cab735b20	1	199201	player+silence	uade	Protracker compatible	0	256276	d72e86ba	c4d09bb5	multimedia/music/mod/unknown/moongate.zip/MOONGATE.MOD
4ce7387cf12b44ab01c23ef32274eb85	1	182006	player+silence	uade	Noisetracker 1.x	0	91456	949ddd55	4bc78d80	multimedia/music/mod/unlabelled/sahara.zip/SAHARA.MOD
4cf200fe0af3b6220c3f95a3ab7c393f	1	214325	player	uade	Protracker compatible	0	114112	aeeba95e	e02ac73c	multimedia/music/mod/JPN/freakout.zip/FREAKOUT.MOD
4e84e4d7f571fb3c216738d75ef36acc	1	192141	player	uade	Protracker compatible	0	190698	5c9e2079	466142d3	multimedia/music/mod/unknown/bruno-fr.zip/BRUNO_FR.MOD
4e84e4d7f571fb3c216738d75ef36acc	1	192141	player	uade	Protracker compatible	0	190698	5c9e2079	466142d3	multimedia/music/mod/unknown/freegtr.zip/FREEGTR.MOD
4e908d5288049c07c67c8cd8cb621ab7	1	61328	player	ft2play	Fasttracker	14	37000	ed9a80e7	70d35919	incoming/FreePascal_3-2-2.zip/ulndssrc.zip/source/packages/libndsfpc/examples/audio/maxmod/audio_modes/audio/rez-monday.mod
4e908d5288049c07c67c8cd8cb621ab7	1	61328	player	ft2play	Fasttracker	14	37000	ed9a80e7	70d35919	os2/dev/proglang/pascal/FreePascal_3-2-2.zip/ulndssrc.zip/source/packages/libndsfpc/examples/audio/maxmod/audio_modes/audio/rez-monday.mod
4eb19cab8eb52a6e175ee7a3c57ee49a	1	138369	player	uade	Protracker compatible	0	84210	f027f63b	44628f75	multimedia/music/mod/unlabelled/salute.zip/SALUTE.MOD
4ec0e04e21218e598492456e1016b913	1	92272	player	uade	Protracker compatible	0	59378	1c10487a	bb30990b	multimedia/music/mod/unknown/kilroy2a.zip/KILROY2A.MOD
4f7276312518fcfabb17d4417c2697d8	1	192141	player	uade	Protracker compatible	0	108310	779a391a	6db23704	multimedia/music/mod/unknown/nitelite.zip/NITELITE.MOD
4fef4501defc856a0084c420ad56da36	1	23028	player	it2play	Impulse Tracker 2.14+	5	41452	0621e9c3	7a3ce537	incoming/Pingus_0-7-6r2.zip/data/music/gd-ite.it
4fef4501defc856a0084c420ad56da36	1	23028	player	it2play	Impulse Tracker 2.14+	5	41452	0621e9c3	7a3ce537	os2/games/pingus-0.7.6-os2-iiabtdnfi.zip/data/music/gd-ite.it
4fef4501defc856a0084c420ad56da36	1	23028	player	it2play	Impulse Tracker 2.14+	5	41452	0621e9c3	7a3ce537	os2/games/pingus-0.7.6-os2.zip/data/music/gd-ite.it
4fef4501defc856a0084c420ad56da36	1	23028	player	it2play	Impulse Tracker 2.14+	5	41452	0621e9c3	7a3ce537	os2/games/strategy/Pingus_0-7-6r2.zip/data/music/gd-ite.it
500dc7c3d972eae289ab9d219cb450ef	1	6572	player+silence	uade	Protracker	0	22146	19f7fc8f	579c47c6	incoming/REminiscence_2014-06-29.zip/Flashback/DATA/MOD.flashback-game_over
500dc7c3d972eae289ab9d219cb450ef	1	6572	player+silence	uade	Protracker	0	22146	19f7fc8f	579c47c6	os2/games/action/Flashback-20140625.zip/Flashback/DATA/MOD.flashback-game_over
500dc7c3d972eae289ab9d219cb450ef	1	6572	player+silence	uade	Protracker	0	22146	19f7fc8f	579c47c6	os2/games/action/Flashback-20140629.zip/Flashback/DATA/MOD.flashback-game_over
500dc7c3d972eae289ab9d219cb450ef	1	6572	player+silence	uade	Protracker	0	22146	19f7fc8f	579c47c6	os2/games/action/REminiscence_2014-06-29.zip/Flashback/DATA/MOD.flashback-game_over
50cadcd1963563097c56f813bffc62fe	1	132360	player	uade	Protracker compatible	0	263744	859800cc	ea0f4d53	multimedia/music/mod/DkKnight/bat-danc.zip/BAT-DANC.MOD
52abb0ead7be805190b09be5d20d8ac8	1	138369	player	uade	Protracker compatible	0	71730	372f157f	eeb3bd3e	multimedia/music/mod/unknown/made.zip/MADE.MOD
52b70a430f46929cea07a2c1ef76bf7c	1	280103	player+silence	uade	Protracker	0	199118	3e35cb6f	3305fc0e	incoming/Semtex_1-0c_demo.zip/Sound/Game/cyberrac.mod
52b70a430f46929cea07a2c1ef76bf7c	1	280103	player+silence	uade	Protracker	0	199118	3e35cb6f	3305fc0e	os2/games/action/semmusic.zip/Sound/Game/cyberrac.mod
52b70a430f46929cea07a2c1ef76bf7c	1	280103	player+silence	uade	Protracker	0	199118	3e35cb6f	3305fc0e	os2/games/action/Semtex_1-0c_demo.zip/Sound/Game/cyberrac.mod
54fd8f6e949f3e7fbe407fd8446f42c3	0	0	nosound	libopenmpt	Generic MOD-compatible Tracker	8	28655	a878d5f7	681ecd4f	incoming/VACobolEnt_2-2_Trial.zip/ibmcobol/samples/toolkit/rexx/api/callrexx/callrexx.exe
54fd8f6e949f3e7fbe407fd8446f42c3	0	0	nosound	libopenmpt	Generic MOD-compatible Tracker	8	28655	a878d5f7	681ecd4f	os2/dev/proglang/cobol/VACobolEnt_2-2_Trial.zip/ibmcobol/samples/toolkit/rexx/api/callrexx/callrexx.exe
551f04e1169625ff002733a68d670d71	1	108931	player	uade	Soundtracker II (15 instr.)	0	111052	593c9cc9	c0dc151c	multimedia/music/mod/unknown/awesome1.zip/AWESOME1.MOD
56e4104664fa8e47999b3f7c50f1a792	1	99968	player	uade	Protracker compatible	0	50944	d79e2742	18d3597b	multimedia/music/mod/Kaktus/delrous3.zip/DELROUS3.MOD
576cc2be8bbe3941e715846e0e181d7f	0	0	nosound	libopenmpt	Master Soundtracker 1.0	4	26534	fb2242d5	84a192dd	incoming/WPSam_2-0u.zip/Source_1999-09-17.zip/WPSam/doc/initset.bmp
576cc2be8bbe3941e715846e0e181d7f	0	0	nosound	libopenmpt	Master Soundtracker 1.0	4	26534	fb2242d5	84a192dd	os2/util/multiuser/WPSam_2-0u.zip/Source_1999-09-17.zip/WPSam/doc/initset.bmp
576cc2be8bbe3941e715846e0e181d7f	0	0	nosound	libopenmpt	Master Soundtracker 1.0	4	26534	fb2242d5	84a192dd	os2/util/wps/WPSam_2-0u.zip/Source_1999-09-17.zip/WPSam/doc/initset.bmp
576cc2be8bbe3941e715846e0e181d7f	0	0	nosound	libopenmpt	Master Soundtracker 1.0	4	26534	fb2242d5	84a192dd	os2/util/wps/WPSam-src-19990917.zip/WPSam/doc/initset.bmp
57f43c052f4117b5e4c645e332388926	1	130693	player	uade	Protracker compatible	0	71054	d1a24fc3	7144cd4d	multimedia/music/mod/unknown/complica.zip/COMPLICA.MOD
5a4860c5f756038c5e7273c90f622b4b	1	238197	player	uade	Protracker compatible	0	115724	3eaf0534	e9c21562	multimedia/music/mod/unknown/irontear.zip/IRONTEAR.MOD
5af1e2fd2512aefc4d7e2be9787fbbaa	1	102561	player	st3play	Scream Tracker 3.01 (GUS)	16	134624	fe65c223	a218c6dd	incoming/Flight2_1997-11-27.zip/THINGS.S3M
5af1e2fd2512aefc4d7e2be9787fbbaa	1	102561	player	st3play	Scream Tracker 3.01 (GUS)	16	134624	fe65c223	a218c6dd	os2/games/toys/Flight2_1997-11-27.zip/THINGS.S3M
5b13288659096f3dd1c461f51fd2e14f	1	288171	player	uade	Protracker compatible	0	109936	82c77295	206b2596	multimedia/music/mod/unknown/kefvectr.zip/KEFVECTR.MOD
5ce16ef0d02cee85d70cd657256c6b59	1	181451	player+silence	uade	Protracker compatible	0	116882	94cf0fe2	a3d9550b	multimedia/music/mod/unknown/frstshot.zip/FRSTSHOT.MOD
5d0f631efe24004919922ee63a79c166	1	122997	player	uade	Soundtracker II (15 instr.)	0	61304	2adac879	03900e56	multimedia/music/mod/unlabelled/theronit.zip/THERONIT.MOD
5d86af83df591b71df156f1161f9a47a	1	350918	player+silence	uade	Protracker compatible	0	153990	812addc3	be3d7f65	multimedia/music/mod/unknown/rowrowmo.zip/ROWROWMO.MOD
5de5ed028a45bf1bd0870423de389822	1	239077	player+silence	uade	OctaMED MMD0	0	88528	3034f02f	7c2e7590	multimedia/music/mod/unknown/groove.zip/GROOVE.MOD
5f51f792ba573803d240f856da03f0bf	1	204941	player	uade	Noisetracker 1.x	0	78060	99755793	39b40034	multimedia/music/mod/unknown/crockett.zip/CROCKETT.MOD
5f61896ffefdb448a19451ded8e89976	1	138369	player	uade	Protracker	0	62742	45ff1efe	ddfbd2c9	multimedia/music/mod/unknown/dumber_b.zip/DUMBER_B.MOD
60aa132dea9b8590a5de1ed6d0a54724	1	49693	player	ft2play	rst's SoundTracker	8	83526	53b1c759	86f466fc	incoming/SuperTux_0-1-1.zip/SuperTux/data/music/fortress2-fast.mod
60aa132dea9b8590a5de1ed6d0a54724	1	49693	player	ft2play	rst's SoundTracker	8	83526	53b1c759	86f466fc	os2/games/action/SuperTux_0-1-1.zip/SuperTux/data/music/fortress2-fast.mod
60aa132dea9b8590a5de1ed6d0a54724	1	49693	player	ft2play	rst's SoundTracker	8	83526	53b1c759	86f466fc	os2/games/action/supertux-SDL-20140815.zip/SuperTux/data/music/fortress2-fast.mod
616b196ca9fb388fb6de7bfe2ec114a3	1	41735	player+silence	uade	Protracker	0	34366	439c6860	66200785	incoming/REminiscence_2014-06-29.zip/Flashback/DATA/MOD.flashback-voyage
616b196ca9fb388fb6de7bfe2ec114a3	1	41735	player+silence	uade	Protracker	0	34366	439c6860	66200785	os2/games/action/Flashback-20140625.zip/Flashback/DATA/MOD.flashback-voyage
616b196ca9fb388fb6de7bfe2ec114a3	1	41735	player+silence	uade	Protracker	0	34366	439c6860	66200785	os2/games/action/Flashback-20140629.zip/Flashback/DATA/MOD.flashback-voyage
616b196ca9fb388fb6de7bfe2ec114a3	1	41735	player+silence	uade	Protracker	0	34366	439c6860	66200785	os2/games/action/REminiscence_2014-06-29.zip/Flashback/DATA/MOD.flashback-voyage
61988194ef0dff5fdf0956807b321c7a	1	109754	player	uade	Protracker	0	40460	809da2a9	dce6f704	incoming/REminiscence_2014-06-29.zip/Flashback/DATA/MOD.flashback-memoire
61988194ef0dff5fdf0956807b321c7a	1	109754	player	uade	Protracker	0	40460	809da2a9	dce6f704	os2/games/action/Flashback-20140625.zip/Flashback/DATA/MOD.flashback-memoire
61988194ef0dff5fdf0956807b321c7a	1	109754	player	uade	Protracker	0	40460	809da2a9	dce6f704	os2/games/action/Flashback-20140629.zip/Flashback/DATA/MOD.flashback-memoire
61988194ef0dff5fdf0956807b321c7a	1	109754	player	uade	Protracker	0	40460	809da2a9	dce6f704	os2/games/action/REminiscence_2014-06-29.zip/Flashback/DATA/MOD.flashback-memoire
6205ce23216b0cf539d3c1b512f8eab9	1	175663	player+volume	uade	Protracker compatible	0	144772	66288d7a	e4d08e82	multimedia/music/mod/unknown/rbi.zip/RBI.MOD
62cf01a7d21ca0bdd7ea83ee1ad5af29	1	51823	player	it2play	Impulse Tracker 2.14+	12	71795	5ec9d240	08125816	incoming/Pingus_0-7-6r2.zip/data/music/gd-giirm.s3m
62cf01a7d21ca0bdd7ea83ee1ad5af29	1	51823	player	it2play	Impulse Tracker 2.14+	12	71795	5ec9d240	08125816	os2/games/pingus-0.7.6-os2-iiabtdnfi.zip/data/music/gd-giirm.s3m
62cf01a7d21ca0bdd7ea83ee1ad5af29	1	51823	player	it2play	Impulse Tracker 2.14+	12	71795	5ec9d240	08125816	os2/games/pingus-0.7.6-os2.zip/data/music/gd-giirm.s3m
62cf01a7d21ca0bdd7ea83ee1ad5af29	1	51823	player	it2play	Impulse Tracker 2.14+	12	71795	5ec9d240	08125816	os2/games/strategy/Pingus_0-7-6r2.zip/data/music/gd-giirm.s3m
62e5889862b4060a2e1f5f91639cf6a0	1	152429	player+volume	uade	Protracker compatible	0	144204	8c2227a7	1bedd91f	multimedia/music/mod/unknown/asphyxd.zip/ASPHYXD.MOD
642e939c381286d85f9c15f5d2f1cca5	1	255498	player	uade	Protracker compatible	0	84090	7fda0b6f	16c8ddf3	multimedia/music/mod/unlabelled/storm.zip/STORM.MOD
647fd41fe9707b109b309196ca23d816	1	195959	player	uade	Protracker compatible	0	86564	bbe0fb64	660057fc	multimedia/music/mod/MadMax/funknjam.zip/FUNKNJAM.MOD
64fdd71a88a986205576b61c71232f7d	1	18608	player+silence	uade	Protracker	0	29866	aff57263	6104ced9	incoming/REminiscence_2014-06-29.zip/Flashback/DATA/MOD.flashback-ceinturea
64fdd71a88a986205576b61c71232f7d	1	18608	player+silence	uade	Protracker	0	29866	aff57263	6104ced9	os2/games/action/Flashback-20140625.zip/Flashback/DATA/MOD.flashback-ceinturea
64fdd71a88a986205576b61c71232f7d	1	18608	player+silence	uade	Protracker	0	29866	aff57263	6104ced9	os2/games/action/Flashback-20140629.zip/Flashback/DATA/MOD.flashback-ceinturea
64fdd71a88a986205576b61c71232f7d	1	18608	player+silence	uade	Protracker	0	29866	aff57263	6104ced9	os2/games/action/REminiscence_2014-06-29.zip/Flashback/DATA/MOD.flashback-ceinturea
661bf5e1fb6a827d697b6e0c15b44287	1	127920	player	uade	Protracker	0	302974	2a02b3bc	6cab5846	multimedia/music/mod/U4ia/houseout.zip/HOUSEOUT.MOD
663e27704b2fd58f7029c80becb97245	1	299645	player	uade	Protracker compatible	0	96220	c58eaf59	6a3bae7d	multimedia/music/mod/Spock/a2.zip/A2.MOD
66c35f85008f562a0ff216e3551c2ef4	1	391134	player	uade	Protracker	0	139000	17848dcc	455245d6	incoming/MirrorMagic_3-3-0.zip/music/mus_mirrormagic/mod.lk
66c35f85008f562a0ff216e3551c2ef4	1	391134	player	uade	Protracker	0	139000	17848dcc	455245d6	os2/games/strategy/MirrorMagic_3-3-0.zip/music/mus_mirrormagic/mod.lk
6763b902d675a1780a5fd0a69a0021fd	1	76920	player	uade	Soundtracker II (31 instr.)	0	59114	50ea195b	d77b251b	incoming/Atomiks_1-0-4-1.zip/atomiks/atomiks-src-20200625.zip/src/snd/end.mod
6763b902d675a1780a5fd0a69a0021fd	1	76920	player	uade	Soundtracker II (31 instr.)	0	59114	50ea195b	d77b251b	os2/games/puzzle/Atomiks_1-0-4-1.zip/atomiks/atomiks-src-20200625.zip/src/snd/end.mod
679ce40c23b9fee14689b285564b1f62	1	161913	player+silence	uade	Protracker compatible	0	116230	6a71f9c3	617146a2	multimedia/music/mod/unlabelled/rungtlet.zip/RUNGTLET.MOD
68316e3a30fbdf9849387e028b853209	1	81427	player+silence	uade	Protracker compatible	0	70890	5afeb12f	9a21850a	multimedia/music/mod/unknown/austex.zip/AUSTEX.MOD
68cdd504f50a3b2ce408cbc85ad0cbd8	1	309701	player+volume	uade	Protracker compatible	0	252004	93092abe	8e0d98e0	multimedia/music/mod/unknown/flphouse.zip/FLPHOUSE.MOD
6a95d76bd1d41541022f3c7aa3febce5	1	91991	player	it2play	Impulse Tracker 2.14+	15	193266	2df1ef2d	a285e17d	incoming/Pingus_0-7-6r2.zip/data/music/pingus-5.it
6a95d76bd1d41541022f3c7aa3febce5	1	91991	player	it2play	Impulse Tracker 2.14+	15	193266	2df1ef2d	a285e17d	os2/games/pingus-0.7.6-os2-iiabtdnfi.zip/data/music/pingus-5.it
6a95d76bd1d41541022f3c7aa3febce5	1	91991	player	it2play	Impulse Tracker 2.14+	15	193266	2df1ef2d	a285e17d	os2/games/pingus-0.7.6-os2.zip/data/music/pingus-5.it
6a95d76bd1d41541022f3c7aa3febce5	1	91991	player	it2play	Impulse Tracker 2.14+	15	193266	2df1ef2d	a285e17d	os2/games/strategy/Pingus_0-7-6r2.zip/data/music/pingus-5.it
6abb8fba265767637025e8260509606b	1	210829	player	uade	Protracker	0	801550	3ff2b75d	42592517	incoming/Semtex_1-0c_demo.zip/Sound/Game/tommy.mod
6abb8fba265767637025e8260509606b	1	210829	player	uade	Protracker	0	801550	3ff2b75d	42592517	os2/games/action/semmusic.zip/Sound/Game/tommy.mod
6abb8fba265767637025e8260509606b	1	210829	player	uade	Protracker	0	801550	3ff2b75d	42592517	os2/games/action/Semtex_1-0c_demo.zip/Sound/Game/tommy.mod
6b289af02fbea5bf5b914d22a5b9687a	0	249847	player+silence	libopenmpt	MultiTracker 1.0	16	452980	9b473fe6	edcec11c	incoming/Flight2_1997-11-27.zip/MIXOLOG.MTM
6b289af02fbea5bf5b914d22a5b9687a	0	249847	player+silence	libopenmpt	MultiTracker 1.0	16	452980	9b473fe6	edcec11c	os2/games/toys/Flight2_1997-11-27.zip/MIXOLOG.MTM
6ba65801c817435ed584c317de48c616	1	192141	player	uade	Protracker compatible	0	88480	89d1e536	843334ad	multimedia/music/mod/4mat/6beat.zip/6BEAT.MOD
6bad4968a5c8dd80949226b83eb4603a	1	69104	player	it2play	Impulse Tracker 2.14+	14	146561	ed3a51a7	25ecf92d	incoming/Pingus_0-7-6r2.zip/data/music/pingus-9.it
6bad4968a5c8dd80949226b83eb4603a	1	69104	player	it2play	Impulse Tracker 2.14+	14	146561	ed3a51a7	25ecf92d	os2/games/pingus-0.7.6-os2-iiabtdnfi.zip/data/music/pingus-9.it
6bad4968a5c8dd80949226b83eb4603a	1	69104	player	it2play	Impulse Tracker 2.14+	14	146561	ed3a51a7	25ecf92d	os2/games/pingus-0.7.6-os2.zip/data/music/pingus-9.it
6bad4968a5c8dd80949226b83eb4603a	1	69104	player	it2play	Impulse Tracker 2.14+	14	146561	ed3a51a7	25ecf92d	os2/games/strategy/Pingus_0-7-6r2.zip/data/music/pingus-9.it
6be79c1ec3d097ec99436262809f3b7e	1	90005	player	ft2play	Fasttracker (M.K.)	4	87120	6490bef3	d75b7546	multimedia/music/mod/unknown/breath.zip/BREATH.MOD
6cd7f1b61e2629838c16da0a2d67a21a	0	133937	player	libopenmpt	DSMI Advanced Music Format v14	12	148703	ec818027	4158ac55	incoming/NP_NPDSMI_1996-12-15.zip/example.amf
6cd7f1b61e2629838c16da0a2d67a21a	0	133937	player	libopenmpt	DSMI Advanced Music Format v14	12	148703	ec818027	4158ac55	os2/apps/mmedia/util/MMPack_1-0.zip/NPDSMI/example.amf
6cd7f1b61e2629838c16da0a2d67a21a	0	133937	player	libopenmpt	DSMI Advanced Music Format v14	12	148703	ec818027	4158ac55	os2/apps/mmedia/util/mmpack.zip/NPDSMI/example.amf
6cd7f1b61e2629838c16da0a2d67a21a	0	133937	player	libopenmpt	DSMI Advanced Music Format v14	12	148703	ec818027	4158ac55	os2/apps/webbrowser/plugins/NP_NPDSMI_1996-12-15.zip/example.amf
6d6863193db7dddd57812f9be154e900	1	394691	player	uade	Protracker compatible	0	142752	674dd9ff	463ab110	multimedia/music/mod/KGB/blue.zip/BLUE.MOD
6d6863193db7dddd57812f9be154e900	1	394691	player	uade	Protracker compatible	0	142752	674dd9ff	463ab110	multimedia/music/mod/unknown/blue3.zip/BLUE3.MOD
6e1fa42b4b0b1e7e789dadc68e6bea77	1	63884	player	ft2play	rst's SoundTracker	8	886106	e08305c8	7667f7b1	incoming/SuperTux_0-1-1.zip/SuperTux/data/music/cave-fast.mod
6e1fa42b4b0b1e7e789dadc68e6bea77	1	63884	player	ft2play	rst's SoundTracker	8	886106	e08305c8	7667f7b1	os2/games/action/SuperTux_0-1-1.zip/SuperTux/data/music/cave-fast.mod
6e1fa42b4b0b1e7e789dadc68e6bea77	1	63884	player	ft2play	rst's SoundTracker	8	886106	e08305c8	7667f7b1	os2/games/action/supertux-SDL-20140815.zip/SuperTux/data/music/cave-fast.mod
6f6023a8433b9d4e4b9df45443101642	1	138369	player	uade	Protracker compatible	0	90642	683264b5	a0b934c7	multimedia/music/mod/unlabelled/steam.zip/STEAM.MOD
6fb6acd7df4f0717c92e9d168535c0e8	1	354826	player+silence	uade	Protracker compatible	0	184430	51b9135b	5db4800c	multimedia/music/mod/unknown/live_jam.zip/LIVE_JAM.MOD
6fc563319cff7392a39c617ba729286a	1	252283	player	uade	Protracker	0	151170	ebc448bb	3c8c847f	incoming/MirrorMagic_3-3-0.zip/music/mus_mirrormagic/mod.loud_and_clear
6fc563319cff7392a39c617ba729286a	1	252283	player	uade	Protracker	0	151170	ebc448bb	3c8c847f	os2/games/strategy/MirrorMagic_3-3-0.zip/music/mus_mirrormagic/mod.loud_and_clear
71eafc4232dbe39a8413dacab0872366	1	121088	player	uade	Soundtracker II (31 instr.)	0	55752	471d4c65	aea7134e	multimedia/music/mod/unlabelled/upfront3.zip/UPFRONT3.MOD
724a71f09b98a3f6b014fedd0e5874f9	1	222845	player	uade	Noisetracker 1.x	0	180818	27d4df04	39cffd74	multimedia/music/mod/unknown/newkiss.zip/NEWKISS.MOD
7300a4e8a540f6247694bc6f4054ad5b	0	110584	player+silence	libopenmpt	ModPlug Tracker 1.09 - 1.16	4	23498	f62adb16	d8081721	incoming/Biniax-2_1-30.zip/biniax2/data/music/biniax_common02.it
7300a4e8a540f6247694bc6f4054ad5b	0	110584	player+silence	libopenmpt	ModPlug Tracker 1.09 - 1.16	4	23498	f62adb16	d8081721	os2/games/biniax2-1.30-os2.zip/data/music/biniax_common02.it
7300a4e8a540f6247694bc6f4054ad5b	0	110584	player+silence	libopenmpt	ModPlug Tracker 1.09 - 1.16	4	23498	f62adb16	d8081721	os2/games/biniax2-20160227.zip/biniax2/data/music/biniax_common02.it
7300a4e8a540f6247694bc6f4054ad5b	0	110584	player+silence	libopenmpt	ModPlug Tracker 1.09 - 1.16	4	23498	f62adb16	d8081721	os2/games/puzzle/Biniax-2_1-30.zip/biniax2/data/music/biniax_common02.it
73ae606c840e00224a1ae33c68c78a44	1	250997	player	uade	Protracker	0	99304	20d68440	59657c99	multimedia/music/mod/U4ia/endless.zip/ENDLESS.MOD
7447db864d3969c11e4fca529d10143d	1	122997	player	uade	Protracker compatible	0	168208	0665f03b	54c9429c	multimedia/music/mod/unlabelled/test.zip/TEST.MOD
74ac35b4bf41d435e1f04f1dd249e41e	1	115321	player	uade	Soundtracker II (15 instr.)	0	79310	432be897	a26fe5c7	multimedia/music/mod/unknown/nonamex.zip/NONAMEX.MOD
74ac35b4bf41d435e1f04f1dd249e41e	1	115321	player	uade	Soundtracker II (15 instr.)	0	79310	432be897	a26fe5c7	multimedia/music/mod/unlabelled/s1.zip/S1.MOD
752af1d32c66f4d0a9f8e42818ccdbba	1	158211	player+volume	uade	Soundtracker II (15 instr.)	0	121904	847606e3	c9867e26	multimedia/music/mod/unknown/chopper1.zip/CHOPPER1.MOD
758719a7a7a9c22b7cebb1b36a457d24	1	96130	player	uade	Soundtracker II (15 instr.)	0	56592	4640acc6	9976d567	multimedia/music/mod/unknown/alive.zip/ALIVE.MOD
75c19619c5d393f26a504d5275c03d2b	1	158144	player	ft2play	rst's SoundTracker	8	36938	17d33b93	67596fb8	incoming/SuperTux_0-1-1.zip/SuperTux/data/music/Mortimers_chipdisko.mod
75c19619c5d393f26a504d5275c03d2b	1	158144	player	ft2play	rst's SoundTracker	8	36938	17d33b93	67596fb8	os2/games/action/SuperTux_0-1-1.zip/SuperTux/data/music/Mortimers_chipdisko.mod
75c19619c5d393f26a504d5275c03d2b	1	158144	player	ft2play	rst's SoundTracker	8	36938	17d33b93	67596fb8	os2/games/action/supertux-SDL-20140815.zip/SuperTux/data/music/Mortimers_chipdisko.mod
7613639061443ed45844881523373ccc	1	273321	player+silence	uade	Protracker compatible	0	220826	49496330	e68d1506	multimedia/music/mod/unknown/occ-san-.zip/OCC-SAN-.MOD
767e0669a1cbea0761821502d85b5b7e	0	95065	player	uade	Ultimate-Soundtracker or compatible	0	59392	d0a0ac3b	1738ddcf	multimedia/music/mod/unknown/delta.zip/DELTA.MOD
767ebfa28f94a9961fcc22de9cf14f25	1	69104	player	st3play	Scream Tracker 3.2x (SB)	3	72538	2a4922d7	d826c896	multimedia/music/mod/Shyguy/sc_dark.zip/STEVE90.S3M
769211422fa798f706770d32437b9608	1	414866	player	uade	Noisetracker 1.x	0	214704	9a468fed	ffca1006	multimedia/music/mod/Moby/rnynight.zip/RNYNIGHT.MOD
7700632b8f9560c544a4ec019706c0e3	1	198511	player	st3play	Scream Tracker 3.2x (SB)	6	170068	dcce974e	4da28282	multimedia/music/mod/Shyguy/sc_frust.zip/STEVE124.S3M
7821d7b75a7f7070bc2bfefb9b30fc92	1	188212	player+silence	st3play	Scream Tracker 3.2x (SB)	8	156014	7b0d4a87	4cb45363	multimedia/music/mod/Shyguy/sc_happy.zip/STEVE122.S3M
7825da0bdc31950982abd5d2a0593efb	1	128121	player	uade	Soundtracker II (15 instr.)	0	64628	1be1423d	5da08af8	multimedia/music/mod/unknown/awesome2.zip/AWESOME2.MOD
7893b12eced051f0fb353cf176f98fad	1	132417	player+silence	uade	Protracker	0	213378	0d4ad478	1316b872	multimedia/music/mod/coop/power.zip/POWER.MOD
7966e988b4d6f1f3a51fdf1ee05efee3	1	200225	player+silence	uade	Protracker	0	216890	7e03fec8	f54b7580	multimedia/music/mod/RKnight/boesen.zip/boesen.mod
7a699080f9d56f2e22f4a4e856674086	1	153721	player	uade	Soundtracker II (31 instr.)	0	97552	59c848f3	9a28b669	multimedia/music/mod/unknown/kawai-k1.zip/KAWAI-K1.MOD
7b76e1137d83a73488c9c2fd89b260f4	1	245893	player	uade	Noisetracker 1.x	0	46800	4f4097f5	39cf258b	multimedia/music/mod/unknown/pt.zip/PT.MOD
7bf820acd91aefddf8bfa8905cf23437	1	180142	player+silence	uade	Protracker compatible	0	187734	6ba9a7b6	be43c0a7	multimedia/music/mod/unknown/journeyh.zip/JOURNEYH.MOD
7cbc0a03e2704d02147809599560588f	1	81202	player+silence	ft2play	rst's SoundTracker	4	29431	f44c11c4	281e6b72	incoming/Njam_1-25.zip/data/dali.xm
7cbc0a03e2704d02147809599560588f	1	81202	player+silence	ft2play	rst's SoundTracker	4	29431	f44c11c4	281e6b72	os2/games/action/Njam_1-25.zip/data/dali.xm
7cbc0a03e2704d02147809599560588f	1	81202	player+silence	ft2play	rst's SoundTracker	4	29431	f44c11c4	281e6b72	os2/games/njam-1.25-os2.zip/data/dali.xm
7d0ddb3534f1b911a9aa7248fcf842ce	1	256141	player	uade	Protracker compatible	0	105336	4f7a996b	7b629ae1	multimedia/music/mod/unknown/beat.zip/BEAT.MOD
7d31ddd7c0acf77573af09e5e36bdef5	1	61428	player	it2play	Impulse Tracker 2.14+	4	8340	8e67ea04	a992f1a7	incoming/Pingus_0-7-6r2.zip/data/music/gd-matth.it
7d31ddd7c0acf77573af09e5e36bdef5	1	61428	player	it2play	Impulse Tracker 2.14+	4	8340	8e67ea04	a992f1a7	os2/games/pingus-0.7.6-os2-iiabtdnfi.zip/data/music/gd-matth.it
7d31ddd7c0acf77573af09e5e36bdef5	1	61428	player	it2play	Impulse Tracker 2.14+	4	8340	8e67ea04	a992f1a7	os2/games/pingus-0.7.6-os2.zip/data/music/gd-matth.it
7d31ddd7c0acf77573af09e5e36bdef5	1	61428	player	it2play	Impulse Tracker 2.14+	4	8340	8e67ea04	a992f1a7	os2/games/strategy/Pingus_0-7-6r2.zip/data/music/gd-matth.it
7e1615bb17b463b18cd6dfa162ae2906	1	161397	player	uade	Protracker compatible	0	204488	55dd8772	a95ba014	multimedia/music/mod/unknown/defeat_t.zip/DEFEAT_T.MOD
7e2dcf7f177e7a370bedb65bfd066246	1	130914	player	uade	Protracker	0	110096	cac15047	5692ca47	incoming/REminiscence_2014-06-29.zip/Flashback/DATA/MOD.flashback-fin
7e2dcf7f177e7a370bedb65bfd066246	1	130914	player	uade	Protracker	0	110096	cac15047	5692ca47	os2/games/action/Flashback-20140625.zip/Flashback/DATA/MOD.flashback-fin
7e2dcf7f177e7a370bedb65bfd066246	1	130914	player	uade	Protracker	0	110096	cac15047	5692ca47	os2/games/action/Flashback-20140629.zip/Flashback/DATA/MOD.flashback-fin
7e2dcf7f177e7a370bedb65bfd066246	1	130914	player	uade	Protracker	0	110096	cac15047	5692ca47	os2/games/action/REminiscence_2014-06-29.zip/Flashback/DATA/MOD.flashback-fin
7e8b6cd6f2f62364182d19831966aa20	1	268921	player	uade	Protracker	0	107514	d513efe1	ad87335f	multimedia/music/mod/unlabelled/stryend2.zip/STRYEND2.MOD
7fb22b1b168fe35a9b3f39cc43fb907f	1	37954	silence	uade	Protracker	0	95222	ffd10ae3	a980b86b	incoming/REminiscence_2014-06-29.zip/Flashback/DATA/MOD.flashback-introb
7fb22b1b168fe35a9b3f39cc43fb907f	1	37954	silence	uade	Protracker	0	95222	ffd10ae3	a980b86b	os2/games/action/Flashback-20140625.zip/Flashback/DATA/MOD.flashback-introb
7fb22b1b168fe35a9b3f39cc43fb907f	1	37954	silence	uade	Protracker	0	95222	ffd10ae3	a980b86b	os2/games/action/Flashback-20140629.zip/Flashback/DATA/MOD.flashback-introb
7fb22b1b168fe35a9b3f39cc43fb907f	1	37954	silence	uade	Protracker	0	95222	ffd10ae3	a980b86b	os2/games/action/REminiscence_2014-06-29.zip/Flashback/DATA/MOD.flashback-introb
7fe69ea4e33493796b2267bb005fce26	1	265968	player+silence	uade	Protracker compatible	0	98750	070e7f78	9573f86d	multimedia/music/mod/unknown/poormth.zip/POORMTH.MOD
7fe69ea4e33493796b2267bb005fce26	1	265968	player+silence	uade	Protracker compatible	0	98750	070e7f78	9573f86d	multimedia/music/mod/unknown/prmouth.zip/PRMOUTH.MOD
801c59d406ca429a07c06719188ac32e	1	226557	player+silence	uade	Soundtracker II (31 instr.)	0	109710	bf7760ad	9d7b30cf	incoming/Atomiks_1-0-4-1.zip/atomiks/atomiks-src-20200625.zip/src/snd/title.mod
801c59d406ca429a07c06719188ac32e	1	226557	player+silence	uade	Soundtracker II (31 instr.)	0	109710	bf7760ad	9d7b30cf	os2/games/puzzle/Atomiks_1-0-4-1.zip/atomiks/atomiks-src-20200625.zip/src/snd/title.mod
805bf8e752e7a4237ad17a154b63891a	1	214325	player	uade	Protracker compatible	0	114112	5f20a5b2	a75c55b6	multimedia/music/mod/JPN/freaked.zip/FREAKED.MOD
80aad6b2b572b4a1203d3b6845698389	0	9724	player	libopenmpt	ModPlug Tracker 1.09 - 1.16	5	58406	48948d8d	6a47025b	incoming/Pingus_0-7-6r2.zip/data/music/success_2.it
80aad6b2b572b4a1203d3b6845698389	0	9724	player	libopenmpt	ModPlug Tracker 1.09 - 1.16	5	58406	48948d8d	6a47025b	os2/games/pingus-0.7.6-os2-iiabtdnfi.zip/data/music/success_2.it
80aad6b2b572b4a1203d3b6845698389	0	9724	player	libopenmpt	ModPlug Tracker 1.09 - 1.16	5	58406	48948d8d	6a47025b	os2/games/pingus-0.7.6-os2.zip/data/music/success_2.it
80aad6b2b572b4a1203d3b6845698389	0	9724	player	libopenmpt	ModPlug Tracker 1.09 - 1.16	5	58406	48948d8d	6a47025b	os2/games/strategy/Pingus_0-7-6r2.zip/data/music/success_2.it
819d24739e977095cd7e974e7a8df05d	1	73082	player	uade	Noisetracker 1.x	0	57128	d94be46b	71566739	multimedia/music/mod/unknown/pianopkr.zip/PIANOPKR.MOD
81f2b2c97c191c3872e30313892f83e0	1	256382	player	uade	Protracker	0	162930	9ca077f0	52c9adde	incoming/FreePascal_3-2-2.zip/ulogcsrc.zip/source/packages/libogcfpc/examples/audio/modplay/data/technique.mod
81f2b2c97c191c3872e30313892f83e0	1	256382	player	uade	Protracker	0	162930	9ca077f0	52c9adde	os2/dev/proglang/pascal/FreePascal_3-2-2.zip/ulogcsrc.zip/source/packages/libogcfpc/examples/audio/modplay/data/technique.mod
822994b247f09d1fd3a43bccee70b6ff	1	16389	player+silence	uade	Protracker compatible	0	29622	defd2d96	3665fa60	multimedia/music/mod/Delorean/no_more.zip/NO_MORE.MOD
8236aff6a3937b5da7f9528dc76d309b	1	5385	player	uade	Protracker	0	4866	07768b41	36224a7f	incoming/REminiscence_2014-06-29.zip/Flashback/DATA/MOD.flashback-missionca
8236aff6a3937b5da7f9528dc76d309b	1	5385	player	uade	Protracker	0	4866	07768b41	36224a7f	os2/games/action/Flashback-20140625.zip/Flashback/DATA/MOD.flashback-missionca
8236aff6a3937b5da7f9528dc76d309b	1	5385	player	uade	Protracker	0	4866	07768b41	36224a7f	os2/games/action/Flashback-20140629.zip/Flashback/DATA/MOD.flashback-missionca
8236aff6a3937b5da7f9528dc76d309b	1	5385	player	uade	Protracker	0	4866	07768b41	36224a7f	os2/games/action/REminiscence_2014-06-29.zip/Flashback/DATA/MOD.flashback-missionca
82b0be936ec646bd2f8681d19176936e	1	310016	player+silence	uade	Soundtracker II (31 instr.)	0	78742	53c7718c	52cf2bb8	multimedia/music/mod/TmTravlr/magfld4.zip/MAGFLD4.MOD
838c719609a6133624e1d39b7ed8ee64	1	62856	player+silence	ft2play	Fasttracker (M.K.)	4	21319	79f296fa	58e18741	multimedia/music/mod/Hamish/eguale1.zip/EGUALE1.MOD
8416482fc10f95d112b5a9b50d28b897	1	238197	player	uade	Protracker compatible	0	161922	621a760b	43a947f0	multimedia/music/mod/unknown/pumpuphm.zip/PUMPUPHM.MOD
8515981aee56f11809835aa796482b77	1	45053	player	ft2play	rst's SoundTracker	8	723337	036c6d45	958118cc	incoming/SuperTux_0-1-1.zip/SuperTux/data/music/fortress.mod
8515981aee56f11809835aa796482b77	1	45053	player	ft2play	rst's SoundTracker	8	723337	036c6d45	958118cc	os2/games/action/SuperTux_0-1-1.zip/SuperTux/data/music/fortress.mod
8515981aee56f11809835aa796482b77	1	45053	player	ft2play	rst's SoundTracker	8	723337	036c6d45	958118cc	os2/games/action/supertux-SDL-20140815.zip/SuperTux/data/music/fortress.mod
877219abffb6ebfd6a9140278e465759	1	430278	player	uade	Protracker compatible	0	163570	44a29add	787d21e3	multimedia/music/mod/coop/imaginry.zip/IMAGINRY.MOD
886982e0ef5f438e8d0309039515c631	1	57750	player	it2play	Impulse Tracker 2.14+	10	129144	2210ee4e	000aefc2	incoming/Pingus_0-7-6r2.zip/data/music/pingus-8.it
886982e0ef5f438e8d0309039515c631	1	57750	player	it2play	Impulse Tracker 2.14+	10	129144	2210ee4e	000aefc2	os2/games/pingus-0.7.6-os2-iiabtdnfi.zip/data/music/pingus-8.it
886982e0ef5f438e8d0309039515c631	1	57750	player	it2play	Impulse Tracker 2.14+	10	129144	2210ee4e	000aefc2	os2/games/pingus-0.7.6-os2.zip/data/music/pingus-8.it
886982e0ef5f438e8d0309039515c631	1	57750	player	it2play	Impulse Tracker 2.14+	10	129144	2210ee4e	000aefc2	os2/games/strategy/Pingus_0-7-6r2.zip/data/music/pingus-8.it
893fc5a6b710cfc41877fd09c08d3f25	1	138369	player	uade	Protracker compatible	0	75766	c1c2ca6f	f52079f2	multimedia/music/mod/unknown/e1.zip/E1.MOD
893fc5a6b710cfc41877fd09c08d3f25	2	61568	player
893fc5a6b710cfc41877fd09c08d3f25	3	38520	player
89819272a8c487b3a253cd1683476f1f	1	84616	player	uade	Noisetracker 1.x	0	133456	8b2e26b9	dab40305	multimedia/music/mod/unlabelled/spikemix.zip/SPIKEMIX.MOD
898f839397f0e34a850f4b63caa7ddcb	1	8011	player+silence	uade	Protracker	0	24282	d84b8029	8900c989	incoming/REminiscence_2014-06-29.zip/Flashback/DATA/MOD.flashback-taxi
898f839397f0e34a850f4b63caa7ddcb	1	8011	player+silence	uade	Protracker	0	24282	d84b8029	8900c989	os2/games/action/Flashback-20140625.zip/Flashback/DATA/MOD.flashback-taxi
898f839397f0e34a850f4b63caa7ddcb	1	8011	player+silence	uade	Protracker	0	24282	d84b8029	8900c989	os2/games/action/Flashback-20140629.zip/Flashback/DATA/MOD.flashback-taxi
898f839397f0e34a850f4b63caa7ddcb	1	8011	player+silence	uade	Protracker	0	24282	d84b8029	8900c989	os2/games/action/REminiscence_2014-06-29.zip/Flashback/DATA/MOD.flashback-taxi
8a5a27c49eba9a4039c0e8927064eaae	1	143493	player	uade	Protracker compatible	0	92480	c3b70695	626f4fe1	multimedia/music/mod/unlabelled/shdwfire.zip/SHDWFIRE.MOD
8acd25020e5560aad9fccd1575abeb65	1	44910	player	uade	Protracker compatible	0	39210	77003471	4c3a25f4	multimedia/music/mod/Maestro/munkjams.zip/MUNKJAMS.MOD
8ad29522efeac6526f93a809456733b5	1	242055	player	uade	Protracker compatible	0	106026	e4ee9063	456aae5c	multimedia/music/mod/unknown/chicago.zip/CHICAGO.MOD
8cb50f1ac19241fd2594e363314f5e3b	1	188562	player+silence	uade	Protracker compatible	0	115272	c8f95924	132517ed	multimedia/music/mod/Darkwolf/rhythmst.zip/RHYTHMST.MOD
8ed8c1673451f67863985127f87efe08	1	163798	player+silence	uade	Protracker compatible	0	82552	7f3057bd	9a4eaf20	multimedia/music/mod/unknown/adeline.zip/adeline.mod
8f74fd4a9aaf4f8207c14152e2103013	1	82424	player+silence	ft2play	Fasttracker (M.K.)	4	16261	e70d7dbc	05b94b62	multimedia/music/mod/unlabelled/waterfal.zip/WATERFAL.MOD
903cfc01c5d84f8392a1d4d3dd675e67	1	152435	player	uade	Protracker compatible	0	42629	2eb71b15	287e6917	multimedia/music/mod/Hamish/fugue.zip/FUGUE.MOD
9137e1865eeff6b90589790f03a6526c	1	70287	player	ft2play	rst's SoundTracker	8	459285	a24bc193	1b9791b2	incoming/SuperTux_0-1-1.zip/SuperTux/data/music/SALCON-fast.MOD
9137e1865eeff6b90589790f03a6526c	1	70287	player	ft2play	rst's SoundTracker	8	459285	a24bc193	1b9791b2	os2/games/action/SuperTux_0-1-1.zip/SuperTux/data/music/SALCON-fast.MOD
9137e1865eeff6b90589790f03a6526c	1	70287	player	ft2play	rst's SoundTracker	8	459285	a24bc193	1b9791b2	os2/games/action/supertux-SDL-20140815.zip/SuperTux/data/music/SALCON-fast.MOD
915ca9bedfb0dd98e10aa734d46323dc	1	381410	player+silence	uade	Protracker compatible	0	110236	9ee57ab2	295fc42f	multimedia/music/mod/unlabelled/werethed.zip/WERETHED.MOD
9175c97d41a6468b6158906da5a127b2	0	59192	loop	uade	NoiseTracker	0	10850	7cbd319a	a2d6068b	os2/dev/perl/perl_mlb.zip/ExtUtils/Manifest.pm
92117c5c4559e3ca34f2ac9d4682afe5	1	176769	player	uade	Protracker compatible	0	56626	384ad9ba	e917268e	multimedia/music/mod/unknown/dots.zip/DOTS.MOD
92545a847a2c6ec9e8ae5400ba24dec7	1	457084	player	uade	Soundtracker II (31 instr.)	0	74304	6ee6d74a	e1503919	multimedia/music/mod/unknown/cyber.zip/CYBER.MOD
933fff33eb6318765f41d5d8a96c7e20	1	39600	player+silence	uade	Protracker	0	36758	7bc14696	3ad6f9d5	incoming/REminiscence_2014-06-29.zip/Flashback/DATA/MOD.flashback-reunion
933fff33eb6318765f41d5d8a96c7e20	1	39600	player+silence	uade	Protracker	0	36758	7bc14696	3ad6f9d5	os2/games/action/Flashback-20140625.zip/Flashback/DATA/MOD.flashback-reunion
933fff33eb6318765f41d5d8a96c7e20	1	39600	player+silence	uade	Protracker	0	36758	7bc14696	3ad6f9d5	os2/games/action/Flashback-20140629.zip/Flashback/DATA/MOD.flashback-reunion
933fff33eb6318765f41d5d8a96c7e20	1	39600	player+silence	uade	Protracker	0	36758	7bc14696	3ad6f9d5	os2/games/action/REminiscence_2014-06-29.zip/Flashback/DATA/MOD.flashback-reunion
934304a6309388f72f9a8f0fe6a2bbd7	1	184445	player	uade	Noisetracker 1.x	0	81252	26907bde	34630f83	multimedia/music/mod/unknown/rsigsc.zip/RSIGSC.MOD
937fda46d8ceb09f69e81ee3883d027d	1	149883	player	uade	Protracker compatible	0	76568	25a78951	431504f3	multimedia/music/mod/unlabelled/techstyl.zip/TECHSTYL.MOD
9420a3c4b116f3627ded85f6d3fabfa9	1	140643	player+volume	uade	Soundtracker II (15 instr.)	0	64618	43ba7c16	c69aa43a	multimedia/music/mod/unknown/dmnsrvng.zip/DMNSRVNG.MOD
95cbe72a6c1ce478e704e5f04add4333	1	40429	player	uade	Protracker	0	23786	91bec29e	2d6303cd	incoming/REminiscence_2014-06-29.zip/Flashback/DATA/MOD.flashback-fin2
95cbe72a6c1ce478e704e5f04add4333	1	40429	player	uade	Protracker	0	23786	91bec29e	2d6303cd	os2/games/action/Flashback-20140625.zip/Flashback/DATA/MOD.flashback-fin2
95cbe72a6c1ce478e704e5f04add4333	1	40429	player	uade	Protracker	0	23786	91bec29e	2d6303cd	os2/games/action/Flashback-20140629.zip/Flashback/DATA/MOD.flashback-fin2
95cbe72a6c1ce478e704e5f04add4333	1	40429	player	uade	Protracker	0	23786	91bec29e	2d6303cd	os2/games/action/REminiscence_2014-06-29.zip/Flashback/DATA/MOD.flashback-fin2
960f14da4298d3d1ae0c563d22a4440f	1	141383	player	uade	Protracker compatible	0	48202	3c0e892a	2818ad5b	multimedia/music/mod/Froggie/adagio.zip/ADAGIO.MOD
9611407db37a9608387b5150217add1c	1	84616	player	uade	Soundtracker II (15 instr.)	0	39470	ce89e4f3	c75d0460	multimedia/music/mod/unlabelled/tubbells.zip/TUBBELLS.MOD
965f4de908139c0995d7c4c5aebf68bc	1	18672	silence	uade	Protracker	0	27718	2c9787c9	46896973	incoming/REminiscence_2014-06-29.zip/Flashback/DATA/MOD.flashback-logo
965f4de908139c0995d7c4c5aebf68bc	1	18672	silence	uade	Protracker	0	27718	2c9787c9	46896973	os2/games/action/Flashback-20140625.zip/Flashback/DATA/MOD.flashback-logo
965f4de908139c0995d7c4c5aebf68bc	1	18672	silence	uade	Protracker	0	27718	2c9787c9	46896973	os2/games/action/Flashback-20140629.zip/Flashback/DATA/MOD.flashback-logo
965f4de908139c0995d7c4c5aebf68bc	1	18672	silence	uade	Protracker	0	27718	2c9787c9	46896973	os2/games/action/REminiscence_2014-06-29.zip/Flashback/DATA/MOD.flashback-logo
97d268680b1ac7c45bee19c2123b6ccd	1	80115	player	uade	Protracker	0	119138	a14b48ea	73c76692	multimedia/music/mod/U4ia/alf.zip/ALF.MOD
980099c96bfd6682cc2fcbae98397401	1	12759	player	st3play	Scream Tracker 3.2x (SB)	1	480	d44d17c5	52959569	incoming/MikModPM_3-1-9a.zip/CHIPSIM.S3M
980099c96bfd6682cc2fcbae98397401	1	12759	player	st3play	Scream Tracker 3.2x (SB)	1	480	d44d17c5	52959569	os2/apps/mmedia/music/mod/players/mikmod2k-319-a.zip/CHIPSIM.S3M
980099c96bfd6682cc2fcbae98397401	1	12759	player	st3play	Scream Tracker 3.2x (SB)	1	480	d44d17c5	52959569	os2/apps/mmedia/sound/players/MikModPM_3-1-9a.zip/CHIPSIM.S3M
989692639b07ff6e421680a795136de2	1	127400	player	ft2play	FastTracker v2.00	10	23275	b858d086	1d0a4922	incoming/BomberClone_0-11-9.zip/bomberclone/data/music/cerror-bomberclone_numero_2.xm
989692639b07ff6e421680a795136de2	1	127400	player	ft2play	FastTracker v2.00	10	23275	b858d086	1d0a4922	os2/games/action/BomberClone_0-11-9.zip/bomberclone/data/music/cerror-bomberclone_numero_2.xm
989692639b07ff6e421680a795136de2	1	127400	player	ft2play	FastTracker v2.00	10	23275	b858d086	1d0a4922	os2/games/bomberclone-SDL-20140807.zip/bomberclone/data/music/cerror-bomberclone_numero_2.xm
98e0a04bc40e336603c5d4d7bd29c215	1	75268	player+silence	uade	Protracker	0	78630	7074b04a	eb70b309	multimedia/music/mod/JS/dance2.zip/DANCE2.MOD
9a808b7562ea6b1bfa111d5be202385d	1	308527	player	uade	Protracker	0	125172	c4d0e4bb	dc1945ed	multimedia/music/mod/unlabelled/xmasmix1.zip/xmasmix.mod
9a88d58be4273cee82a57215009b75a5	1	107645	player	uade	Protracker	0	281230	79c8de9e	503fbf30	multimedia/music/mod/U4ia/u4ia.zip/U4IA.MOD
9ac564699cfce091ae06fac812111981	1	209251	player+silence	uade	Soundtracker II (31 instr.)	0	80124	9a19b117	a1dffdaa	multimedia/music/mod/unknown/crypto.zip/CRYPTO.MOD
9adbb209071c4482c5df8352cc739f20	1	712804	player	uade	Protracker compatible	0	195078	b7acb17d	80a4d57f	multimedia/music/mod/unlabelled/toddrun.zip/TODDRUN.MOD
9dd1501d747dcd57d10c66da4e4dbfe5	1	146708	player	uade	Protracker compatible	0	200297	fab4036c	f0333ef5	multimedia/music/mod/Pseudonym/blakwhit.zip/blakwhit.mod
9e9031d52f72c0ba8d26bcf00f02a53d	1	276597	player	uade	Protracker	0	36920	65ba8578	b5a1df98	multimedia/music/mod/unknown/intrmusb.zip/INTRMUSB.MOD
9ea6ad97da7c4dc37e6e8fecf304cdb8	1	150787	player+silence	uade	Protracker compatible	0	122104	b7468a6b	54681f80	multimedia/music/mod/unknown/nmwasbad.zip/NMWASBAD.MOD
9f136d042b5c88d6a5c9ee66b42f26c2	1	81723	player	uade	Soundtracker II (15 instr.)	0	55450	bc510fae	6f3738df	multimedia/music/mod/unknown/airrabit.zip/AIRRABIT.MOD
a04b053dd77bcabbc5bea3c666668636	1	176769	player	uade	Soundtracker II (31 instr.)	0	154140	a90e93ee	55be53ed	multimedia/music/mod/unknown/jarre.zip/JARRE.MOD
a298259a70cbd940cf2b0e8e77488a0a	1	83087	player+volume	ft2play	FastTracker v2.00	14	44372	5428299d	8ddba3f8	incoming/BomberClone_0-11-9.zip/bomberclone/data/music/cerror-bobmberclone.xm
a298259a70cbd940cf2b0e8e77488a0a	1	83087	player+volume	ft2play	FastTracker v2.00	14	44372	5428299d	8ddba3f8	os2/games/action/BomberClone_0-11-9.zip/bomberclone/data/music/cerror-bobmberclone.xm
a298259a70cbd940cf2b0e8e77488a0a	1	83087	player+volume	ft2play	FastTracker v2.00	14	44372	5428299d	8ddba3f8	os2/games/bomberclone-SDL-20140807.zip/bomberclone/data/music/cerror-bobmberclone.xm
a33155405abb26bff67a457be79a86c0	0	0	nosound	libxmp	Scream Tracker 2.00	4	1985	ce5e19d2	f76b505a	incoming/UpdCD_2-60.zip/BIN/VFDisk.sys
a33155405abb26bff67a457be79a86c0	0	0	nosound	libxmp	Scream Tracker 2.00	4	1985	ce5e19d2	f76b505a	os2/system/patches/updcd240.zip/BIN/VFDisk.sys
a33155405abb26bff67a457be79a86c0	0	0	nosound	libxmp	Scream Tracker 2.00	4	1985	ce5e19d2	f76b505a	os2/system/patches/updcd250.zip/BIN/VFDisk.sys
a33155405abb26bff67a457be79a86c0	0	0	nosound	libxmp	Scream Tracker 2.00	4	1985	ce5e19d2	f76b505a	os2/system/patches/updcd260.zip/BIN/VFDisk.sys
a33155405abb26bff67a457be79a86c0	0	0	nosound	libxmp	Scream Tracker 2.00	4	1985	ce5e19d2	f76b505a	os2/system/patches/util/UpdCD_2-60.zip/BIN/VFDisk.sys
a42af41df7ea3517b7dc0186554f3978	1	346092	player	ft2play	Fasttracker (M.K.)	4	196191	bef9ae95	605b19e6	multimedia/music/mod/NgPeiSin/chopin.zip/CHOPIN.MOD
a5402e64cc1f3ada47d275c816eadbaf	1	122997	player	uade	Protracker compatible	0	136000	bafea637	45c29611	multimedia/music/mod/unknown/house.zip/HOUSE.MOD
a58ecc80721de03672532dbeab741e87	1	409162	player+silence	it2play	Impulse Tracker 2.06	25	441046	bb44742d	893eb6aa	multimedia/music/mod/Pothead/ppcenter.zip/PPCENTER.IT
a6ba0bf18c1be5d760ea38e41b53647a	1	94222	player	uade	Protracker compatible	0	86876	921bb667	31cedb05	multimedia/music/mod/unknown/dt-dmsnd.zip/DT-DMSND.MOD
a90d8311e00dccabb548f0fe25efa1f5	1	46216	player	uade	Protracker compatible	0	27924	148b0326	a1d5c057	multimedia/music/mod/unknown/looncred.zip/LOONCRED.MOD
a99ae5983ab2005b4bd2380989a9e68e	1	192141	player	uade	Protracker compatible	0	155014	93c65c8f	ae2c8313	multimedia/music/mod/unknown/blueprnt.zip/BLUEPRNT.MOD
a9b680c29823fb36bcbc493db28c8207	1	47908	player	ft2play	rst's SoundTracker	8	125666	8c538508	bda8dc37	incoming/Dodgin_Diamond_II_0-2-2b.zip/data/bgm1.xm
a9b680c29823fb36bcbc493db28c8207	1	47908	player	ft2play	rst's SoundTracker	8	125666	8c538508	bda8dc37	os2/games/action/Dodgin_Diamond_II_0-2-2b.zip/data/bgm1.xm
ab9c37ee8cb51d4a1e4c9c1c9abd0640	1	146045	player	uade	Noisetracker 1.x	0	55862	5aed8ccc	71e26dd3	multimedia/music/mod/unlabelled/tennis.zip/TENNIS.MOD
ababb2abd36d49bae7112cf2e5700ffc	1	138369	player	uade	Protracker compatible	0	164534	0975a321	ac35ba99	multimedia/music/mod/unknown/psyg-3.zip/PSYG-3.MOD
ac30a21bd83f46cafe7f462c7fe95b52	1	119179	player	uade	Protracker compatible	0	70504	ec8bda92	f3b4b2bb	multimedia/music/mod/unknown/kefrens2.zip/KEFRENS2.MOD
ac5db86e2d0d48fd6d1c41df1ab4b546	1	288392	player	uade	Protracker compatible	0	210714	00fa9d08	da3b7491	multimedia/music/mod/unknown/daisychn.zip/DAISYCHN.MOD
ae0dc05f58a96827ea889c426ee74cb0	1	24881	player+silence	it2play	Impulse Tracker 2.14+	15	165333	5b4a07d2	c823f62c	incoming/Pingus_0-7-6r2.zip/data/music/pingus-2.it
ae0dc05f58a96827ea889c426ee74cb0	1	24881	player+silence	it2play	Impulse Tracker 2.14+	15	165333	5b4a07d2	c823f62c	os2/games/pingus-0.7.6-os2-iiabtdnfi.zip/data/music/pingus-2.it
ae0dc05f58a96827ea889c426ee74cb0	1	24881	player+silence	it2play	Impulse Tracker 2.14+	15	165333	5b4a07d2	c823f62c	os2/games/pingus-0.7.6-os2.zip/data/music/pingus-2.it
ae0dc05f58a96827ea889c426ee74cb0	1	24881	player+silence	it2play	Impulse Tracker 2.14+	15	165333	5b4a07d2	c823f62c	os2/games/strategy/Pingus_0-7-6r2.zip/data/music/pingus-2.it
ae50b90f26476b012e9cb6878fd8a2c1	0	128123	player+silence	libopenmpt	ModPlug Tracker 1.09 - 1.16	6	300947	d96e2837	72bbf2c7	incoming/Biniax-2_1-30.zip/biniax2/data/music/biniax_common01.it
ae50b90f26476b012e9cb6878fd8a2c1	0	128123	player+silence	libopenmpt	ModPlug Tracker 1.09 - 1.16	6	300947	d96e2837	72bbf2c7	os2/games/biniax2-1.30-os2.zip/data/music/biniax_common01.it
ae50b90f26476b012e9cb6878fd8a2c1	0	128123	player+silence	libopenmpt	ModPlug Tracker 1.09 - 1.16	6	300947	d96e2837	72bbf2c7	os2/games/biniax2-20160227.zip/biniax2/data/music/biniax_common01.it
ae50b90f26476b012e9cb6878fd8a2c1	0	128123	player+silence	libopenmpt	ModPlug Tracker 1.09 - 1.16	6	300947	d96e2837	72bbf2c7	os2/games/puzzle/Biniax-2_1-30.zip/biniax2/data/music/biniax_common01.it
afc08ca311b78cfe5b9d2b6bdcb7cce6	1	251881	player	uade	Soundtracker II (15 instr.)	0	147416	1d5393aa	649e3aa6	multimedia/music/mod/unknown/grnslvs.zip/GRNSLVS.MOD
b11feedb4456a325448e72bd22ce8866	1	153078	player	uade	Protracker	0	140568	9ba21e3d	6b7f86c3	multimedia/music/mod/U4ia/midnight.zip/MIDNIGHT.MOD
b11feedb4456a325448e72bd22ce8866	2	115321	player
b11feedb4456a325448e72bd22ce8866	3	115321	player
b11feedb4456a325448e72bd22ce8866	4	115321	player
b11feedb4456a325448e72bd22ce8866	5	111483	player
b120b0d68f1c29f50756fefbea5ad6fd	1	234614	player+silence	uade	Protracker	0	265948	8a7940f0	25b1c7b6	incoming/MirrorMagic_3-3-0.zip/music/mus_mirrormagic/mod.enter_our_world
b120b0d68f1c29f50756fefbea5ad6fd	1	234614	player+silence	uade	Protracker	0	265948	8a7940f0	25b1c7b6	os2/games/strategy/MirrorMagic_3-3-0.zip/music/mus_mirrormagic/mod.enter_our_world
b2abbb10522ff30005c2c5b5550761a0	1	219328	player	uade	Protracker	0	78606	e717cd5f	73b079d2	incoming/MirrorMagic_3-3-0.zip/levels/Classic_Games/classic_mindbender/music/mod.twilight_dreams
b2abbb10522ff30005c2c5b5550761a0	1	219328	player	uade	Protracker	0	78606	e717cd5f	73b079d2	os2/games/strategy/MirrorMagic_3-3-0.zip/levels/Classic_Games/classic_mindbender/music/mod.twilight_dreams
b420eb1ef4932485408a6f21c411786b	1	61732	player+silence	uade	Protracker compatible	0	25461	e8c1832b	945498ee	multimedia/music/mod/Hamish/litany.zip/LITANY.MOD
b44791e9158837cac42d0677579eec0d	1	161397	player	uade	Soundtracker II (15 instr.)	0	43926	efd4dfc9	7229c14b	multimedia/music/mod/WoW/echoing.zip/ECHOING.MOD
b456b456c56d06e0dfd49b18c7bfb60b	1	268921	player	uade	Noisetracker 1.x	0	65984	fd4dd015	5508b2bc	multimedia/music/mod/unknown/fletch.zip/FLETCH.MOD
b4754563d03489d7265b5a76321d4cce	1	25580	player	it2play	Impulse Tracker 2.14+	3	299055	06dfd63f	29f2aa0d	incoming/Pingus_0-7-6r2.zip/data/music/gd-cancn.it
b4754563d03489d7265b5a76321d4cce	1	25580	player	it2play	Impulse Tracker 2.14+	3	299055	06dfd63f	29f2aa0d	os2/games/pingus-0.7.6-os2-iiabtdnfi.zip/data/music/gd-cancn.it
b4754563d03489d7265b5a76321d4cce	1	25580	player	it2play	Impulse Tracker 2.14+	3	299055	06dfd63f	29f2aa0d	os2/games/pingus-0.7.6-os2.zip/data/music/gd-cancn.it
b4754563d03489d7265b5a76321d4cce	1	25580	player	it2play	Impulse Tracker 2.14+	3	299055	06dfd63f	29f2aa0d	os2/games/strategy/Pingus_0-7-6r2.zip/data/music/gd-cancn.it
b4b2b823b35512ce239a60242a5f7beb	1	288171	player	uade	Protracker compatible	0	109936	2d684029	b156012c	multimedia/music/mod/unknown/dirt.zip/DIRT.MOD
b4b8343c408b44c9987cf6e46f27b25b	1	309893	player	uade	Noisetracker 1.x	0	154802	0e44f9f9	cfdd1879	multimedia/music/mod/unknown/msg1_2.zip/MSG1_2.MOD
b508bdc8f9ce9a3f8a7c03964bd890e8	1	314736	player	uade	Protracker compatible	0	129266	f4f87b8e	b5874949	multimedia/music/mod/unknown/nightfal.zip/NIGHTFAL.MOD
b5609d5dcc2406454bd8c9647a72aeca	1	119179	player	uade	Protracker compatible	0	234840	e46f51d0	e16dc7ca	multimedia/music/mod/unknown/funkdina.zip/FUNKDINA.MOD
b586269b6540d19d6dce5aebfcffc163	1	134651	player	uade	Protracker compatible	0	52968	79325ddc	6abff8b1	multimedia/music/mod/unknown/albert.zip/ALBERT.MOD
b6499ca4d29496449d8f56b9e66a952f	1	204941	player	uade	Soundtracker II (31 instr.)	0	77444	83c1f8d1	c65575ba	multimedia/music/mod/FHahn/enola.zip/ENOLA.MOD
b6c0db6e8c3cba3acd24e00de197f42a	1	279069	player	uade	Protracker compatible	0	148908	798a9396	7858c366	multimedia/music/mod/unknown/bridge.zip/BRIDGE.MOD
b6d0aabbc4eeac27631dfbe2606a408f	1	146045	player	uade	Soundtracker II (15 instr.)	0	84202	c24b0204	aa4dc827	multimedia/music/mod/unknown/awesome5.zip/AWESOME5.MOD
b752c07efc9481986cd6b1fa30d087ec	1	80758	player	uade	Soundtracker II (15 instr.)	0	42320	f450aed1	2d20700b	multimedia/music/mod/unknown/acb.zip/ACB.MOD
b7c5fb6a9adc79d865f7ea44a2c577d8	1	11734	player+silence	uade	Protracker	0	33696	957a43c1	2ed2acf3	incoming/REminiscence_2014-06-29.zip/Flashback/DATA/MOD.flashback-teleporta
b7c5fb6a9adc79d865f7ea44a2c577d8	1	11734	player+silence	uade	Protracker	0	33696	957a43c1	2ed2acf3	os2/games/action/Flashback-20140625.zip/Flashback/DATA/MOD.flashback-teleporta
b7c5fb6a9adc79d865f7ea44a2c577d8	1	11734	player+silence	uade	Protracker	0	33696	957a43c1	2ed2acf3	os2/games/action/Flashback-20140629.zip/Flashback/DATA/MOD.flashback-teleporta
b7c5fb6a9adc79d865f7ea44a2c577d8	1	11734	player+silence	uade	Protracker	0	33696	957a43c1	2ed2acf3	os2/games/action/REminiscence_2014-06-29.zip/Flashback/DATA/MOD.flashback-teleporta
b88057d87a6871442d6c3e5b60ae7d7c	1	53872	player	uade	Protracker compatible	0	16546	e5cce134	0dd49d54	incoming/RocksnDiamonds_3-0-8_X11.zip/rocksndiamonds-3.0.8/levels/Contributions_2003/rnd_edward_leuf/music/shock_therapy.mod
b88057d87a6871442d6c3e5b60ae7d7c	1	53872	player	uade	Protracker compatible	0	16546	e5cce134	0dd49d54	os2/games/puzzle/rocksndiamonds-3.0.8.zip/rocksndiamonds-3.0.8/levels/Contributions_2003/rnd_edward_leuf/music/shock_therapy.mod
b88057d87a6871442d6c3e5b60ae7d7c	1	53872	player	uade	Protracker compatible	0	16546	e5cce134	0dd49d54	os2/games/strategy/RocksnDiamonds_3-0-8_X11.zip/rocksndiamonds-3.0.8/levels/Contributions_2003/rnd_edward_leuf/music/shock_therapy.mod
b903a3f4c670c49e93b08979e0fedc62	1	174317	player	uade	Protracker	0	101544	7509dd52	b3a9f2b8	multimedia/music/mod/Shyguy/sc_dream.zip/STEVE103.MOD
ba52dea49704124a0796076fc59af367	1	176538	player+silence	st3play	Scream Tracker 3.2x (GUS)	9	214235	6988701c	3d309ac6	incoming/Flight2_1997-11-27.zip/BM-POA.S3M
ba52dea49704124a0796076fc59af367	1	176538	player+silence	st3play	Scream Tracker 3.2x (GUS)	9	214235	6988701c	3d309ac6	os2/games/toys/Flight2_1997-11-27.zip/BM-POA.S3M
ba52dea49704124a0796076fc59af367	2	30663	player
bcdfe7263f4c28aeb4b19a3e7f05feb0	1	185992	player	uade	Protracker compatible	0	107992	3fa04c44	b246b132	multimedia/music/mod/GHarp/funkybiz.zip/FUNKYBIZ.MOD
bd54a9872844b50d064d47e763aa52b8	1	93599	player	it2play	Impulse Tracker 2.14+	12	92768	ac38d603	bbbaa5e3	incoming/Pingus_0-7-6r2.zip/data/music/pingus-4.it
bd54a9872844b50d064d47e763aa52b8	1	93599	player	it2play	Impulse Tracker 2.14+	12	92768	ac38d603	bbbaa5e3	os2/games/pingus-0.7.6-os2-iiabtdnfi.zip/data/music/pingus-4.it
bd54a9872844b50d064d47e763aa52b8	1	93599	player	it2play	Impulse Tracker 2.14+	12	92768	ac38d603	bbbaa5e3	os2/games/pingus-0.7.6-os2.zip/data/music/pingus-4.it
bd54a9872844b50d064d47e763aa52b8	1	93599	player	it2play	Impulse Tracker 2.14+	12	92768	ac38d603	bbbaa5e3	os2/games/strategy/Pingus_0-7-6r2.zip/data/music/pingus-4.it
bd94141cf1388b7b76ad793cd4514d05	1	176769	player	uade	Protracker	0	381308	939eddfb	c96c7c94	multimedia/music/mod/U4ia/freudian.zip/FREUDIAN.MOD
bdd2b82733464513d8878c72b9328d02	1	146045	player	uade	Noisetracker 1.x	0	98338	0168189f	37e5d4e3	multimedia/music/mod/unlabelled/studio.zip/STUDIO.MOD
be94ad2ce94aed89b2ad838f60af13cd	1	50396	player	it2play	Impulse Tracker 2.14	5	223840	3995031c	80703de3	incoming/Cuyo_2-1-0.zip/share/cuyo/sounds/cuyo.it
be94ad2ce94aed89b2ad838f60af13cd	1	50396	player	it2play	Impulse Tracker 2.14	5	223840	3995031c	80703de3	os2/games/cuyo-2.1.0-os2.zip/share/cuyo/sounds/cuyo.it
be94ad2ce94aed89b2ad838f60af13cd	1	50396	player	it2play	Impulse Tracker 2.14	5	223840	3995031c	80703de3	os2/games/puzzle/Cuyo_2-1-0.zip/share/cuyo/sounds/cuyo.it
bfdccab2cad03535f5a7a96dac62a9f3	1	216886	player+silence	ft2play	rst's SoundTracker	4	159043	553cd5a4	2250346a	incoming/Njam_1-25.zip/data/satisfy.xm
bfdccab2cad03535f5a7a96dac62a9f3	1	216886	player+silence	ft2play	rst's SoundTracker	4	159043	553cd5a4	2250346a	os2/games/action/Njam_1-25.zip/data/satisfy.xm
bfdccab2cad03535f5a7a96dac62a9f3	1	216886	player+silence	ft2play	rst's SoundTracker	4	159043	553cd5a4	2250346a	os2/games/njam-1.25-os2.zip/data/satisfy.xm
c3868f1072ed5e5ff55d59bc11900b03	1	299645	player	uade	Protracker compatible	0	87426	f7984f6e	2ab7a867	multimedia/music/mod/unknown/beat-mas.zip/BEAT_MAS.MOD
c4b0e357ca4e234bc731ca16edbd62b6	1	92272	player	uade	Protracker	0	111270	085d8a76	5fa7cec7	multimedia/music/mod/U4ia/danceday.zip/DANCEDAY.MOD
c6cb0970d3d4d7c0cd78ba9295174fa0	1	135797	player	uade	Protracker	0	45440	ebfc6789	9e22d2f5	multimedia/music/mod/Fugazi/entrtain.zip/ENTRTAIN.MOD
c6fd171c57ad34b6c744820b319966db	1	69807	player	it2play	Impulse Tracker 2.14+	9	118808	ef000580	ed730836	incoming/Pingus_0-7-6r2.zip/data/music/pingus-6.it
c6fd171c57ad34b6c744820b319966db	1	69807	player	it2play	Impulse Tracker 2.14+	9	118808	ef000580	ed730836	os2/games/pingus-0.7.6-os2-iiabtdnfi.zip/data/music/pingus-6.it
c6fd171c57ad34b6c744820b319966db	1	69807	player	it2play	Impulse Tracker 2.14+	9	118808	ef000580	ed730836	os2/games/pingus-0.7.6-os2.zip/data/music/pingus-6.it
c6fd171c57ad34b6c744820b319966db	1	69807	player	it2play	Impulse Tracker 2.14+	9	118808	ef000580	ed730836	os2/games/strategy/Pingus_0-7-6r2.zip/data/music/pingus-6.it
c96c31cb74250f4b14f1e0f74d68f2db	0	169153	player+silence	libopenmpt	ModPlug Tracker 1.09 - 1.16	6	118564	c9ed45f6	b6516c84	incoming/Biniax-2_1-30.zip/biniax2/data/music/biniax_common03.it
c96c31cb74250f4b14f1e0f74d68f2db	0	169153	player+silence	libopenmpt	ModPlug Tracker 1.09 - 1.16	6	118564	c9ed45f6	b6516c84	os2/games/biniax2-1.30-os2.zip/data/music/biniax_common03.it
c96c31cb74250f4b14f1e0f74d68f2db	0	169153	player+silence	libopenmpt	ModPlug Tracker 1.09 - 1.16	6	118564	c9ed45f6	b6516c84	os2/games/biniax2-20160227.zip/biniax2/data/music/biniax_common03.it
c96c31cb74250f4b14f1e0f74d68f2db	0	169153	player+silence	libopenmpt	ModPlug Tracker 1.09 - 1.16	6	118564	c9ed45f6	b6516c84	os2/games/puzzle/Biniax-2_1-30.zip/biniax2/data/music/biniax_common03.it
c999200f6db50d73a3d048ff7ee69b6b	1	122997	player	uade	Noisetracker 1.x	0	71282	fb29ff70	47be5d45	multimedia/music/mod/unknown/popcorn.zip/POPCORN.MOD
ca71c4669218a998f030a95584f18527	1	129387	player	uade	Protracker compatible	0	234986	505ac754	3b3a9c9c	multimedia/music/mod/unknown/lovestik.zip/LOVESTIK.MOD
cae4b4e114e679cb2b368ba469299a12	1	197245	player	uade	Soundtracker II (31 instr.)	0	79866	4f864806	50acd21f	multimedia/music/mod/unlabelled/stardust.zip/STARDUST.MOD
cc17ee0ee7e62acfafc74ae3d773651a	0	143369	player+silence	libopenmpt	ModPlug Tracker 1.09 - 1.16	4	238395	5306d71a	76db7e98	incoming/Pingus_0-7-6r2.zip/data/music/goin_march.it
cc17ee0ee7e62acfafc74ae3d773651a	0	143369	player+silence	libopenmpt	ModPlug Tracker 1.09 - 1.16	4	238395	5306d71a	76db7e98	os2/games/pingus-0.7.6-os2-iiabtdnfi.zip/data/music/goin_march.it
cc17ee0ee7e62acfafc74ae3d773651a	0	143369	player+silence	libopenmpt	ModPlug Tracker 1.09 - 1.16	4	238395	5306d71a	76db7e98	os2/games/pingus-0.7.6-os2.zip/data/music/goin_march.it
cc17ee0ee7e62acfafc74ae3d773651a	0	143369	player+silence	libopenmpt	ModPlug Tracker 1.09 - 1.16	4	238395	5306d71a	76db7e98	os2/games/strategy/Pingus_0-7-6r2.zip/data/music/goin_march.it
ccd0437529064b21f3981d4f686a0c31	1	13559	player+silence	uade	Protracker	0	36382	79a92c35	60ec2382	incoming/REminiscence_2014-06-29.zip/Flashback/DATA/MOD.flashback-teleport2
ccd0437529064b21f3981d4f686a0c31	1	13559	player+silence	uade	Protracker	0	36382	79a92c35	60ec2382	os2/games/action/Flashback-20140625.zip/Flashback/DATA/MOD.flashback-teleport2
ccd0437529064b21f3981d4f686a0c31	1	13559	player+silence	uade	Protracker	0	36382	79a92c35	60ec2382	os2/games/action/Flashback-20140629.zip/Flashback/DATA/MOD.flashback-teleport2
ccd0437529064b21f3981d4f686a0c31	1	13559	player+silence	uade	Protracker	0	36382	79a92c35	60ec2382	os2/games/action/REminiscence_2014-06-29.zip/Flashback/DATA/MOD.flashback-teleport2
cd820e3cf8af19cd2f044e61b3eadd96	1	259668	player+silence	uade	Protracker compatible	0	51260	139988e7	3fa9cfdb	multimedia/music/mod/unknown/bacardi.zip/BACARDI.MOD
cee1a1f25991488cdcca1c323f93a067	1	242055	player	uade	Noisetracker 1.x	0	410878	d8376cac	97f475fa	multimedia/music/mod/unknown/die_agai.zip/DIE_AGAI.MOD
cee1a1f25991488cdcca1c323f93a067	1	242055	player	uade	Noisetracker 1.x	0	410878	d8376cac	97f475fa	multimedia/music/mod/unknown/dieagain.zip/DIEAGAIN.MOD
d1fc7f56d6cb41f6344a50a663c5c296	1	76920	player	uade	Protracker compatible	0	46318	e321de8e	4eb93f58	multimedia/music/mod/unknown/bourbnst.zip/BOURBNST.MOD
d2d55958aa45a1288d5679a3dd987fe8	1	184445	player	uade	Soundtracker II (31 instr.)	0	117050	529abb25	b54bf82d	multimedia/music/mod/unknown/epi.zip/EPI.MOD
d3d7763fb8d4990b1c81156743d7241d	1	208136	player	uade	Protracker compatible	0	144026	948b918f	4776241e	multimedia/music/mod/unlabelled/zin.zip/ZIN.MOD
d63bc2497b7441661d0bdc50b9d14161	1	192141	player	uade	Protracker compatible	0	68710	2945ff88	1b34d7e6	multimedia/music/mod/unknown/celtic2.zip/CELTIC2.MOD
d6a0bbae2773db6b38e3794bb4aac680	0	253609	player	uade	Ultimate-Soundtracker or compatible	0	68940	59cd1c79	dcb9c1a0	multimedia/music/mod/unknown/crystlhm.zip/CRYSTLHM.MOD
d6cc47df93508357b1a88ced1de9f56b	1	102520	player	uade	Protracker compatible	0	46308	d370eb84	a1a3fea4	multimedia/music/mod/unknown/patzga.zip/PATZGA.MOD
d926dc28e6acfa76b70f21c2f7819d4f	1	199797	player	uade	Protracker compatible	0	78758	2bfe68a6	56ce32a2	multimedia/music/mod/unknown/gottaswi.zip/GOTTASWI.MOD
d98a168f85fa7e224db0c489c42d4139	1	702857	player	uade	Protracker compatible	0	141118	735619cc	060c92ef	multimedia/music/mod/Moby/pro-funk.zip/PRO-FUNK.MOD
da19193ab374c8225f7c6e20ef5e317e	1	224131	player	uade	Noisetracker 1.x	0	123304	59692ab9	7d31d827	multimedia/music/mod/unknown/galamod.zip/GALACTIC.MOD
da2f679f4381c3b4bf7d14259f2356fe	1	199958	player	uade	Protracker	0	47482	db71bfe2	f1198d60	incoming/REminiscence_2014-06-29.zip/Flashback/DATA/MOD.flashback-options1
da2f679f4381c3b4bf7d14259f2356fe	1	199958	player	uade	Protracker	0	47482	db71bfe2	f1198d60	os2/games/action/Flashback-20140625.zip/Flashback/DATA/MOD.flashback-options1
da2f679f4381c3b4bf7d14259f2356fe	1	199958	player	uade	Protracker	0	47482	db71bfe2	f1198d60	os2/games/action/Flashback-20140629.zip/Flashback/DATA/MOD.flashback-options1
da2f679f4381c3b4bf7d14259f2356fe	1	199958	player	uade	Protracker	0	47482	db71bfe2	f1198d60	os2/games/action/REminiscence_2014-06-29.zip/Flashback/DATA/MOD.flashback-options1
db0645781403c413ab0b5d1a54e124ca	1	48768	player	uade	Protracker compatible	0	121795	6af05f88	b8891b91	multimedia/music/mod/unknown/clas09.zip/clas09.mod
db2bcca4bd115c65045131a566096b59	1	98682	player	uade	Protracker compatible	0	61956	f75c2386	43d74438	multimedia/music/mod/unlabelled/tune1.zip/TUNE1.MOD
db842d7f83848f45f2a29e31d5953cc1	1	83303	player+volume	uade	Protracker	0	82546	889b71d7	0ff0d90d	incoming/REminiscence_2014-06-29.zip/Flashback/DATA/MOD.flashback-options2
db842d7f83848f45f2a29e31d5953cc1	1	83303	player+volume	uade	Protracker	0	82546	889b71d7	0ff0d90d	os2/games/action/Flashback-20140625.zip/Flashback/DATA/MOD.flashback-options2
db842d7f83848f45f2a29e31d5953cc1	1	83303	player+volume	uade	Protracker	0	82546	889b71d7	0ff0d90d	os2/games/action/Flashback-20140629.zip/Flashback/DATA/MOD.flashback-options2
db842d7f83848f45f2a29e31d5953cc1	1	83303	player+volume	uade	Protracker	0	82546	889b71d7	0ff0d90d	os2/games/action/REminiscence_2014-06-29.zip/Flashback/DATA/MOD.flashback-options2
dbaf3915a1df798e2206bd3514537d4d	1	184445	player	uade	Protracker compatible	0	97684	169cd962	78cd7baf	multimedia/music/mod/Wieder/dsco-grv.zip/DSCO-GRV.MOD
dbe33830461f69a48256ddcfee3e4189	1	161397	player	uade	Protracker	0	75158	3e73c529	63d0dcfd	multimedia/music/mod/unlabelled/shadows.zip/SHADOWS.MOD
dbed93d88a325377e6a42332adc2168b	1	112769	player	uade	Soundtracker II (15 instr.)	0	25374	23ff64a7	37ff0114	multimedia/music/mod/unknown/awesome4.zip/AWESOME4.MOD
dbf0bea9b921defca3313ca4c4bfeda4	1	121399	player	ft2play	rst's SoundTracker	8	120023	1496b0b5	eba9d307	incoming/Dodgin_Diamond_II_0-2-2b.zip/data/bgm2.xm
dbf0bea9b921defca3313ca4c4bfeda4	1	121399	player	ft2play	rst's SoundTracker	8	120023	1496b0b5	eba9d307	os2/games/action/Dodgin_Diamond_II_0-2-2b.zip/data/bgm2.xm
dcb1fa306c95df2472935001da0e56db	1	276597	player	uade	Protracker compatible	0	122618	58fe1226	56fcd414	multimedia/music/mod/unknown/lassquad.zip/LASSQUAD.MOD
dd6625e4d264db2dbb054dcf8f1efe88	1	115321	player	uade	Noisetracker 1.x	0	104830	9a77fd6b	44501d68	multimedia/music/mod/unknown/danger.zip/DANGER.MOD
de6330bc4835fff829e59fc507f82dbb	1	138369	player	uade	Protracker compatible	0	26534	7ff28b63	7fada3ce	multimedia/music/mod/unlabelled/short.zip/SHORT.MOD
df030625d17bd1e5c8b9dfceac0f98bd	1	146045	player	uade	Noisetracker 1.x	0	56772	ec9fd5c2	58fff981	multimedia/music/mod/unknown/quantum.zip/QUANTUM.MOD
df6f3fa16627660429a20ecfb27b27e7	1	92915	player	uade	Protracker compatible	0	104666	aa8a7727	ba73a784	multimedia/music/mod/unknown/cnsumatn.zip/CNSUMATN.MOD
dfe73aab49148a92e1818ac6d44f826e	1	7768	player	ft2play	rst's SoundTracker	8	131369	db308d31	a135edcb	incoming/SuperTux_0-1-1.zip/SuperTux/data/music/leveldone.mod
dfe73aab49148a92e1818ac6d44f826e	1	7768	player	ft2play	rst's SoundTracker	8	131369	db308d31	a135edcb	os2/games/action/SuperTux_0-1-1.zip/SuperTux/data/music/leveldone.mod
dfe73aab49148a92e1818ac6d44f826e	1	7768	player	ft2play	rst's SoundTracker	8	131369	db308d31	a135edcb	os2/games/action/supertux-SDL-20140815.zip/SuperTux/data/music/leveldone.mod
e136e58710e276dab5bd765f787a80c1	1	157217	player	uade	Protracker compatible	0	132650	8027fe96	e2d9e6b8	multimedia/music/mod/unknown/listen.zip/LISTEN.MOD
e13f4c5e100ada4b1fe02e6a3f397958	1	169093	player	uade	Protracker compatible	0	144204	3d530546	e80a6d3f	multimedia/music/mod/unknown/oneway.zip/ONEWAY.MOD
e24306aca2567206a848a6c45b65efe9	1	138369	player	uade	Soundtracker II (15 instr.)	0	67286	a29ca8d5	3b244043	multimedia/music/mod/Deathstar/demosng1.zip/DEMOSNG1.MOD
e24306aca2567206a848a6c45b65efe9	1	138369	player	uade	Soundtracker II (15 instr.)	0	67286	a29ca8d5	3b244043	multimedia/music/mod/Deathstar/dstar-bo.zip/DSTAR-BO.MOD
e297022e75d0f3ba3b0707d7f94ddd3a	1	235565	player	uade	Protracker compatible	0	127102	86af862a	88d8938d	multimedia/music/mod/unlabelled/softsynt.zip/SOFTSYNT.MOD
e4174cb9b8c46b40acd4f3c84076273e	1	122677	player	ft2play	Fasttracker (M.K.)	4	111700	74047250	fcf377d1	multimedia/music/mod/unknown/7.zip/7.MOD
e4407944252bec291b474854cd320980	1	355924	player+silence	uade	Protracker compatible	0	252282	be6533ee	94ddbf66	multimedia/music/mod/GPS/litening.zip/LITENING.MOD
e486d77aabc2a3555b947bae80cd24e2	1	234359	player	uade	Protracker compatible	0	72126	dfd1a1cb	2e62bb2d	multimedia/music/mod/FrAnder/lvbrain.zip/LVBRAIN.MOD
e5371232d4b5d817cf39324019aa29be	1	5867	player	uade	Protracker	0	9348	1b05e940	143cf093	incoming/REminiscence_2014-06-29.zip/Flashback/DATA/MOD.flashback-ascenseur
e5371232d4b5d817cf39324019aa29be	1	5867	player	uade	Protracker	0	9348	1b05e940	143cf093	os2/games/action/Flashback-20140625.zip/Flashback/DATA/MOD.flashback-ascenseur
e5371232d4b5d817cf39324019aa29be	1	5867	player	uade	Protracker	0	9348	1b05e940	143cf093	os2/games/action/Flashback-20140629.zip/Flashback/DATA/MOD.flashback-ascenseur
e5371232d4b5d817cf39324019aa29be	1	5867	player	uade	Protracker	0	9348	1b05e940	143cf093	os2/games/action/REminiscence_2014-06-29.zip/Flashback/DATA/MOD.flashback-ascenseur
e65deaaee965def06b1b4f84f6bc7bc1	1	91170	player+silence	ft2play	FastTracker v2.00	30	76499	934eb73b	0193b427	incoming/FreePascal_3-2-2.zip/ulndssrc.zip/source/packages/libndsfpc/examples/audio/maxmod/audio_modes/audio/keyg-subtonal.xm
e65deaaee965def06b1b4f84f6bc7bc1	1	91170	player+silence	ft2play	FastTracker v2.00	30	76499	934eb73b	0193b427	os2/dev/proglang/pascal/FreePascal_3-2-2.zip/ulndssrc.zip/source/packages/libndsfpc/examples/audio/maxmod/audio_modes/audio/keyg-subtonal.xm
e6b08eaf1113c927f629048bfdbf6150	1	80135	player	uade	Protracker	0	104814	210b7619	19098dbe	multimedia/music/mod/unlabelled/tedybear.zip/TEDYBEAR.MOD
e6f1aa6a455a68f04e756d2a0217b4c3	1	253569	player	uade	Protracker compatible	0	178776	f1bfd40a	7dae9379	multimedia/music/mod/unknown/1989-a_n.zip/1989-A_N.MOD
e812dd7d58742f2513436fa4804e3620	0	6337	player+volume	libopenmpt	ModPlug Tracker 1.09 - 1.16	4	289198	264b74de	79b458dc	incoming/Pingus_0-7-6r2.zip/data/music/success_1.it
e812dd7d58742f2513436fa4804e3620	0	6337	player+volume	libopenmpt	ModPlug Tracker 1.09 - 1.16	4	289198	264b74de	79b458dc	os2/games/pingus-0.7.6-os2-iiabtdnfi.zip/data/music/success_1.it
e812dd7d58742f2513436fa4804e3620	0	6337	player+volume	libopenmpt	ModPlug Tracker 1.09 - 1.16	4	289198	264b74de	79b458dc	os2/games/pingus-0.7.6-os2.zip/data/music/success_1.it
e812dd7d58742f2513436fa4804e3620	0	6337	player+volume	libopenmpt	ModPlug Tracker 1.09 - 1.16	4	289198	264b74de	79b458dc	os2/games/strategy/Pingus_0-7-6r2.zip/data/music/success_1.it
e8730a906c58ce1b92db0b0791217bb3	1	133847	player	uade	OctaMED MMD0	0	60657	1f158843	f3abbbcd	multimedia/music/mod/unknown/muse.zip/MUSE.MOD
e8820ae8d807ddde4fd7600676bbf736	1	128221	player	uade	Noisetracker 1.x	0	79292	0ce00d02	8f0eb44d	multimedia/music/mod/unknown/dig-this.zip/DIG_THIS.MOD
e998012c700eb43af0321711305829b2	1	637350	player	uade	Protracker (vblank)	0	224288	947eb4e3	100c8746	multimedia/music/mod/Walkman/klisje.zip/KLISJE.MOD
e998012c700eb43af0321711305829b2	1	637350	player	uade	Protracker (vblank)	0	224288	947eb4e3	100c8746	multimedia/music/mod/Walkman/klisjepa.zip/KLISJEPA.MOD
eacf75bf63085b521473eed8b4a9065d	1	307321	player	uade	Protracker compatible	0	135656	da77912b	025fdf94	multimedia/music/mod/unknown/kefrens1.zip/KEFRENS1.MOD
eb5f36b4f10aa1f91a2e657a3f8875f7	1	276116	silence	uade	Protracker compatible	0	176900	c8a8edde	fc16d531	multimedia/music/mod/Essex/democomp.zip/DEMOCOMP.MOD
eba7b98c292a4a62b3dc32ed1470dd18	1	394310	player+silence	uade	Protracker compatible	0	161320	b0dcf2b7	8e568ec5	multimedia/music/mod/Panzer/lunawave.zip/LUNAWAVE.MOD
ebf81e1aad5e80764eedacc903a3dc55	1	632023	player+silence	uade	Soundtracker II (15 instr.)	0	113192	1ce6690e	e0092a1a	multimedia/music/mod/unknown/axelf.zip/AXELF.MOD
ed02b2d61559abd7e225cfbc22f91c50	1	99968	player	uade	Soundtracker II (31 instr.)	0	61952	1c42e558	b099e973	multimedia/music/mod/unknown/finland.zip/FINLANDI.MOD
ee86fc9b00fa98fbf619383618e6c622	1	138369	player	uade	Protracker compatible	0	59062	6cc6d660	3506de56	multimedia/music/mod/Dr.Awesome/hitsquad.zip/HITSQUAD.MOD
ee93d387eefa7d837dea0c68ef767c45	1	84616	player	uade	Noisetracker 1.x	0	57892	97c1cdee	68bc1389	multimedia/music/mod/unlabelled/tonalec.zip/TONALEC.MOD
eea6c3d992370822c10aa0fbc25da375	1	138007	player	st3play	Scream Tracker 3.2x (GUS)	8	13230	6264bf8d	ff141645	os2/system/drivers/sound/Gravis_Ultrasound_1-2-1-b27.zip/Toolkit/ntsr3.zip/mario.s3m
eea6c3d992370822c10aa0fbc25da375	1	138007	player	st3play	Scream Tracker 3.2x (GUS)	8	13230	6264bf8d	ff141645	os2/system/drivers/sound/Gravis_Ultrasound_1-2-1-b27.zip/Toolkit/ntsr3.zip/src.zip/mario.s3m
eea6c3d992370822c10aa0fbc25da375	1	138007	player	st3play	Scream Tracker 3.2x (GUS)	8	13230	6264bf8d	ff141645	os2/system/drivers/sound/Gravis_Ultrasound_1-2-1-b29.zip/Toolkit/ntsr3.zip/mario.s3m
eea6c3d992370822c10aa0fbc25da375	1	138007	player	st3play	Scream Tracker 3.2x (GUS)	8	13230	6264bf8d	ff141645	os2/system/drivers/sound/Gravis_Ultrasound_1-2-1-b29.zip/Toolkit/ntsr3.zip/src.zip/mario.s3m
eea78e8e3cbbdd235edbece71f87640a	1	134852	player	uade	OctaMED MMD0	0	50174	a02897de	09e81edc	multimedia/music/mod/unknown/jupellup.zip/JUPELLUP.MOD
eec0680cc6e07d0a5979da8449edcbb4	1	141162	player	uade	Protracker compatible	0	65112	da61a95c	66013d13	multimedia/music/mod/unknown/awesome3.zip/AWESOME3.MOD
f04e19322d8136d95857a95e4b21c1b3	1	236996	player+silence	uade	Noisetracker 1.x	0	86016	b08fe2c7	38722155	multimedia/music/mod/unlabelled/trilogy.zip/TRILOGY.MOD
f21a6cefe7deaa014a8782d535d24765	1	44910	player	uade	Noisetracker 1.x	0	51320	41fcb360	7a7a5877	multimedia/music/mod/unknown/fairligh.zip/FAIRLIGH.MOD
f2f45a027bcf815ebb9083d6a702b4e7	0	7668	player	libopenmpt	ModPlug Tracker 1.09 - 1.16	4	21248	109aaa64	192e7aff	incoming/FreePascal_3-2-2.zip/ulndssrc.zip/source/packages/libndsfpc/examples/audio/maxmod/song_events_example/music/example.it
f2f45a027bcf815ebb9083d6a702b4e7	0	7668	player	libopenmpt	ModPlug Tracker 1.09 - 1.16	4	21248	109aaa64	192e7aff	os2/dev/proglang/pascal/FreePascal_3-2-2.zip/ulndssrc.zip/source/packages/libndsfpc/examples/audio/maxmod/song_events_example/music/example.it
f2f81bb26d97e0349132e47c072f2a26	0	61348	player	libopenmpt	ModPlug Tracker 1.09 - 1.16	6	76646	0e8535d2	16cfc295	incoming/FreePascal_3-2-2.zip/ulndssrc.zip/source/packages/libndsfpc/examples/audio/maxmod/song_events_example2/audio/example2.it
f2f81bb26d97e0349132e47c072f2a26	0	61348	player	libopenmpt	ModPlug Tracker 1.09 - 1.16	6	76646	0e8535d2	16cfc295	os2/dev/proglang/pascal/FreePascal_3-2-2.zip/ulndssrc.zip/source/packages/libndsfpc/examples/audio/maxmod/song_events_example2/audio/example2.it
f33c7960c00bbd78c2ba926042f16a94	1	7796	player	uade	Protracker compatible	0	88734	2480a443	fd1182a7	multimedia/music/mod/Bigmac/unnamed.zip/UNNAMED.MOD
f445f692563c5703771e0f12608cca14	1	262383	player	ft2play	DigiBooster Pro 2.21	8	106657	22e7b184	0ce2b0d3	incoming/BomberClone_0-11-9.zip/bomberclone/data/music/slice_me_nice.xm
f445f692563c5703771e0f12608cca14	1	262383	player	ft2play	DigiBooster Pro 2.21	8	106657	22e7b184	0ce2b0d3	os2/games/action/BomberClone_0-11-9.zip/bomberclone/data/music/slice_me_nice.xm
f445f692563c5703771e0f12608cca14	1	262383	player	ft2play	DigiBooster Pro 2.21	8	106657	22e7b184	0ce2b0d3	os2/games/bomberclone-SDL-20140807.zip/bomberclone/data/music/slice_me_nice.xm
f4b900ca9356de1318a9c9dce5394596	1	82044	player	uade	Protracker compatible	0	85956	808ab65c	18f96a45	multimedia/music/mod/unknown/balad.zip/BALAD.MOD
f5b78a9f14523d8ec9e54bc2d53324de	1	69104	player	it2play	Impulse Tracker 2.14+	15	149582	1043ce66	6f27e9b2	incoming/Pingus_0-7-6r2.zip/data/music/sorcerer.it
f5b78a9f14523d8ec9e54bc2d53324de	1	69104	player	it2play	Impulse Tracker 2.14+	15	149582	1043ce66	6f27e9b2	os2/games/pingus-0.7.6-os2-iiabtdnfi.zip/data/music/sorcerer.it
f5b78a9f14523d8ec9e54bc2d53324de	1	69104	player	it2play	Impulse Tracker 2.14+	15	149582	1043ce66	6f27e9b2	os2/games/pingus-0.7.6-os2.zip/data/music/sorcerer.it
f5b78a9f14523d8ec9e54bc2d53324de	1	69104	player	it2play	Impulse Tracker 2.14+	15	149582	1043ce66	6f27e9b2	os2/games/strategy/Pingus_0-7-6r2.zip/data/music/sorcerer.it
f7a22a52fe29fcc3d8cd5c55137043a7	1	238197	player	uade	Protracker compatible	0	56644	8e11d35b	56f8b49d	multimedia/music/mod/unknown/blumnday.zip/BLUMNDAY.MOD
f9b99cb65802a3247f71b54d06cc3f21	1	143175	player+silence	uade	Protracker compatible	0	82004	5070a902	84320d00	multimedia/music/mod/unknown/raa.zip/RAA.MOD
f9e3c2b43b0c9602e7e3267503b4b409	0	143813	player+silence	libopenmpt	ModPlug Tracker 1.09 - 1.16	7	243236	e4fa4140	e105c18b	incoming/Biniax-2_1-30.zip/biniax2/data/music/biniax_common05.it
f9e3c2b43b0c9602e7e3267503b4b409	0	143813	player+silence	libopenmpt	ModPlug Tracker 1.09 - 1.16	7	243236	e4fa4140	e105c18b	os2/games/biniax2-1.30-os2.zip/data/music/biniax_common05.it
f9e3c2b43b0c9602e7e3267503b4b409	0	143813	player+silence	libopenmpt	ModPlug Tracker 1.09 - 1.16	7	243236	e4fa4140	e105c18b	os2/games/biniax2-20160227.zip/biniax2/data/music/biniax_common05.it
f9e3c2b43b0c9602e7e3267503b4b409	0	143813	player+silence	libopenmpt	ModPlug Tracker 1.09 - 1.16	7	243236	e4fa4140	e105c18b	os2/games/puzzle/Biniax-2_1-30.zip/biniax2/data/music/biniax_common05.it
fb6619faef532d636fb406fe61a1841b	1	153721	player	uade	Protracker compatible	0	115050	54f95642	548dc93d	multimedia/music/mod/unknown/kilroy.zip/KILROY.MOD
fb6619faef532d636fb406fe61a1841b	1	153721	player	uade	Protracker compatible	0	115050	54f95642	548dc93d	multimedia/music/mod/unknown/kilroy1a.zip/KILROY1A.MOD
fba5f42461ddafc5ce74541a9281c8cc	1	76920	player	uade	Protracker compatible	0	176152	1a8a42ef	2d4ed069	multimedia/music/mod/Panzer/insanity.zip/INSANITY.MOD
fc5d33765398ea50e165b13618237be4	1	129972	player+silence	st3play	Scream Tracker 3.2x (SB)	16	44976	6b07a535	865cc4a7	incoming/Njam_1-25.zip/data/ritam.s3m
fc5d33765398ea50e165b13618237be4	1	129972	player+silence	st3play	Scream Tracker 3.2x (SB)	16	44976	6b07a535	865cc4a7	os2/games/action/Njam_1-25.zip/data/ritam.s3m
fc5d33765398ea50e165b13618237be4	1	129972	player+silence	st3play	Scream Tracker 3.2x (SB)	16	44976	6b07a535	865cc4a7	os2/games/njam-1.25-os2.zip/data/ritam.s3m
fe6d09cf4cb47603845691fbb92604f8	1	255948	player+silence	uade	Protracker	0	144190	26ae90ac	af8f0981	incoming/Semtex_1-0c_demo.zip/Sound/Game/dd2_chec.mod
fe6d09cf4cb47603845691fbb92604f8	1	255948	player+silence	uade	Protracker	0	144190	26ae90ac	af8f0981	os2/games/action/semmusic.zip/Sound/Game/dd2_chec.mod
fe6d09cf4cb47603845691fbb92604f8	1	255948	player+silence	uade	Protracker	0	144190	26ae90ac	af8f0981	os2/games/action/Semtex_1-0c_demo.zip/Sound/Game/dd2_chec.mod
ff2be2493f82149b4cabc2d7730934ec	1	169093	player	uade	Protracker	0	140514	72064cfa	42a8b3d4	multimedia/music/mod/unlabelled/wait4u.zip/WAIT4U.MOD
ff6b053c5743a919d091818b93e210b0	1	178225	player+silence	uade	Protracker compatible	0	125818	17286243	bb48d70a	multimedia/music/mod/unlabelled/serenade.zip/SERENADE.MOD
ff6b053c5743a919d091818b93e210b0	1	178225	player+silence	uade	Protracker compatible	0	125818	17286243	bb48d70a	multimedia/music/mod/unlabelled/serendat.zip/SERENDAT.MOD
ff6f08bc19d6886590d4a41fb9a643d2	1	128121	player	uade	Protracker compatible	0	123742	be9524ae	69a8bfe4	multimedia/music/mod/unknown/freeze.zip/FREEZE.MOD
