002523e7ea3bad6b142decdf49b75480	1	221649	player	ft2play	Fasttracker	14	567034	a4406e5a	6d4462a6	START/PROGS/DOS/MUSIC/CUBIC14L/NOCTDIST.MOD
002523e7ea3bad6b142decdf49b75480	1	221649	player	ft2play	Fasttracker	14	567034	a4406e5a	6d4462a6	START/ZIPPED/DOS/MOD/NOCTDIST.ZIP/NOCTDIST.MOD
00422f81e197585fb533fd6caa39d485	1	279597	player+silence	st3play	Scream Tracker 3.2x (SB)	16	1104750	a863728a	bc67d0df	START/PROGS/DOS/MUSIC/CUBIC14L/BURNOUT.S3M
00422f81e197585fb533fd6caa39d485	1	279597	player+silence	st3play	Scream Tracker 3.2x (SB)	16	1104750	a863728a	bc67d0df	START/ZIPPED/DOS/MOD/SOS-BURN.ZIP/BURNOUT.S3M
00b4d24b552dda8f9f3ecbea0fb072a2	1	166030	player+volume	uade	Protracker	0	87580	cb46768d	2d0fe9d0	START/PROGS/DOS/PROGS/DAILY20/6.MOD
00b4d24b552dda8f9f3ecbea0fb072a2	1	166030	player+volume	uade	Protracker	0	87580	cb46768d	2d0fe9d0	START/ZIPPED/DOS/PROGS/DAILY20.ZIP/6.MOD
0136fc808ca08dd676eed8be2c678b25	1	258964	player+silence	st3play	Scream Tracker 3.2x (SB)	16	494357	9749d475	1640bea5	START/PROGS/DOS/MUSIC/CUBIC14L/AS-RELAX.S3M
0136fc808ca08dd676eed8be2c678b25	1	258964	player+silence	st3play	Scream Tracker 3.2x (SB)	16	494357	9749d475	1640bea5	START/ZIPPED/DOS/MOD/AS_RELAX.ZIP/AS-RELAX.S3M
016b1afaa897d7fe021ef34c60bac0cc	1	250595	player	uade	Protracker	0	119618	e7f0f4f4	3f8d5cd1	START/ZIPPED/DOS/MOD/HW-SYMP.ZIP/MOD.SYM
01f1dca2c04e383e465be1b9ea169062	1	309024	player+silence	st3play	Scream Tracker 3.2x (GUS)	16	143387	fd2ce172	a6583298	START/PROGS/DOS/MUSIC/CUBIC14L/POTATOES.S3M
01f1dca2c04e383e465be1b9ea169062	1	309024	player+silence	st3play	Scream Tracker 3.2x (GUS)	16	143387	fd2ce172	a6583298	START/ZIPPED/DOS/MOD/EPI-OTN3.ZIP/POTATOES.S3M
022965a8fa98c91930b348084a17a51c	1	122997	player	uade	Protracker	0	69364	836b63c6	a1bf5d55	START/PROGS/DOS/MUSIC/CUBIC14L/SNDTRAVL.MOD
022965a8fa98c91930b348084a17a51c	1	122997	player	uade	Protracker	0	69364	836b63c6	a1bf5d55	START/ZIPPED/DOS/MOD/RAW8_SFX.ZIP/SNDTRAVL.MOD
03cd520e570e56c15d3d01c72b40ef1c	1	176746	player+silence	st23play	Scream Tracker 2.x	4	169809	40d9e046	b273f4f0	START/PROGS/DOS/MUSIC/CUBIC14L/CYCLE.STM
03cd520e570e56c15d3d01c72b40ef1c	1	176746	player+silence	st23play	Scream Tracker 2.x	4	169809	40d9e046	b273f4f0	START/ZIPPED/DOS/MOD/MPX7CYCL.ZIP/CYCLE.STM
04435fb149c7bf3c0b575bdd1d7ee856	0	322877	player	libopenmpt	X-Tracker	17	591871	974b7791	e7f4a234	START/ZIPPED/DOS/MOD/RR_CH7-7.ZIP/RAN-MYLO.DMF
04b100d54bff46593fa9104259105596	1	167866	player+silence	st3play	Scream Tracker 3.2x (SB)	16	103320	769ea171	661c7cb0	START/PROGS/DOS/MUSIC/CUBIC14L/WARZONE.S3M
04b100d54bff46593fa9104259105596	1	167866	player+silence	st3play	Scream Tracker 3.2x (SB)	16	103320	769ea171	661c7cb0	START/ZIPPED/DOS/MOD/S3M7-COL.ZIP/WARZONE.S3M
05e68655239187d400e1248aab1e3905	1	310298	player+volume	st3play	Scream Tracker 3.2x (SB)	16	478590	d6159145	8b349894	START/PROGS/DOS/MUSIC/CUBIC14L/AMBIANCE.S3M
05e68655239187d400e1248aab1e3905	1	310298	player+volume	st3play	Scream Tracker 3.2x (SB)	16	478590	d6159145	8b349894	START/ZIPPED/DOS/MOD/NLB-AMBI.ZIP/AMBIANCE.S3M
062109b0722ad7fa272288eed96d0534	1	192141	player	uade	Protracker	0	109618	e3178f89	cb5f4288	START/PROGS/DOS/MUSIC/CUBIC14L/SNDOFSLN.MOD
062109b0722ad7fa272288eed96d0534	1	192141	player	uade	Protracker	0	109618	e3178f89	cb5f4288	START/ZIPPED/DOS/MOD/HW-SOUN.ZIP/MOD.SOU
06390093ae4087c78172f57eda68885f	1	271214	player+silence	st3play	Scream Tracker 3.01 (GUS)	16	334833	418ffd18	a5a62325	START/PROGS/DOS/MUSIC/CUBIC14L/FOR-YOU.S3M
06390093ae4087c78172f57eda68885f	1	271214	player+silence	st3play	Scream Tracker 3.01 (GUS)	16	334833	418ffd18	a5a62325	START/ZIPPED/DOS/MOD/ASY-4U.ZIP/FOR-YOU.S3M
06ce69e383c860d12a73c2532f41995d	1	23168	player	uade	Protracker	0	49508	f1a4aa19	31f8e874	START/PROGS/DOS/GAMES/DIGGERS/SOUND/SELECT.MOD
06ce69e383c860d12a73c2532f41995d	1	23168	player	uade	Protracker	0	49508	f1a4aa19	31f8e874	START/ZIPPED/DOS/GAMES/DIGGERS.ZIP/SELECT.MOD
06d452990a606826e7626a0f2ad4f0ea	1	305592	player+silence	st3play	Scream Tracker 3.2x (SB)	16	205192	0e627d65	0949349c	START/ZIPPED/DOS/SOUND/SOCAMTR1.ZIP/SAYHELLO.S3M
077e41a027ac1625f57ac93c9b6746ef	1	142699	player+silence	st3play	Scream Tracker 3.2x (SB)	16	268826	b77f0afe	418709e3	START/PROGS/DOS/MUSIC/CUBIC14L/CALM03.S3M
077e41a027ac1625f57ac93c9b6746ef	1	142699	player+silence	st3play	Scream Tracker 3.2x (SB)	16	268826	b77f0afe	418709e3	START/ZIPPED/DOS/MOD/CALM03.ZIP/CALM03.S3M
07b863d7311fcb4de39912f1c9c6d091	0	78876	player	libopenmpt	Epic MegaGames MASI (New Version)	4	76049	387adbde	06a1862d	START/PROGS/DOS/GAMES/OMF20/ARENA2.PSM
07b863d7311fcb4de39912f1c9c6d091	0	78876	player	libopenmpt	Epic MegaGames MASI (New Version)	4	76049	387adbde	06a1862d	START/ZIPPED/DOS/GAMES/OMF20.ZIP/ARENA2.PSM
07df130de0302bffeac98300f2a0f6c8	0	317274	player	libopenmpt	X-Tracker	13	370028	95b24f49	4bd97cca	START/ZIPPED/DOS/MOD/RR_CH7-5.ZIP/KN-SPICE.DMF
07efc911be888704c2125d5d90e680db	1	176688	player	st3play	Scream Tracker 3.01 (SB)	16	266402	6bcdca2b	d94a1d20	START/PROGS/DOS/MUSIC/CUBIC14L/STONED.S3M
07efc911be888704c2125d5d90e680db	1	176688	player	st3play	Scream Tracker 3.01 (SB)	16	266402	6bcdca2b	d94a1d20	START/ZIPPED/DOS/MOD/STONEDB.ZIP/STONED.S3M
084504c62b1ab969783e02d120b751a1	1	292629	player+silence	st3play	Scream Tracker 3.2x (SB)	16	235664	1158d497	37371265	START/PROGS/DOS/MUSIC/CUBIC14L/ORGASM.S3M
084504c62b1ab969783e02d120b751a1	1	292629	player+silence	st3play	Scream Tracker 3.2x (SB)	16	235664	1158d497	37371265	START/ZIPPED/DOS/MOD/ORGASM.ZIP/ORGASM.S3M
08e7ee80e2335fc53f17c669e1bc3587	1	338680	player+silence	ft2play	FastTracker v2.00	12	2224488	36229c7d	ea5d042d	START/ZIPPED/DOS/MOD/XS_TWINP.ZIP/XS!TWIN.XM
0925c1cdf52d3361ef43161822c20796	1	293941	player+volume	st3play	Scream Tracker 3.2x (GUS)	8	203502	504284a5	c6499afb	START/PROGS/DOS/MUSIC/CUBIC14L/RES-TJES.S3M
0925c1cdf52d3361ef43161822c20796	1	293941	player+volume	st3play	Scream Tracker 3.2x (GUS)	8	203502	504284a5	c6499afb	START/ZIPPED/DOS/MOD/RES-TJES.ZIP/RES-TJES.S3M
092ab9f0b7d6b94a7249d6960f6d1f3c	1	411181	player+silence	st3play	Scream Tracker 3.2x (GUS)	16	378072	bddcd856	02e58250	START/PROGS/DOS/MUSIC/CUBIC14L/TFORMER.S3M
092ab9f0b7d6b94a7249d6960f6d1f3c	1	411181	player+silence	st3play	Scream Tracker 3.2x (GUS)	16	378072	bddcd856	02e58250	START/ZIPPED/DOS/MOD/303_TFRM.ZIP/TFORMER.S3M
09ca17bde1b10321e23344ed18d22537	1	330780	player+silence	st3play	Scream Tracker 3.2x (GUS)	16	149950	d1b3beae	9ec223da	START/PROGS/DOS/MUSIC/CUBIC14L/M_PUMP.S3M
09ca17bde1b10321e23344ed18d22537	1	330780	player+silence	st3play	Scream Tracker 3.2x (GUS)	16	149950	d1b3beae	9ec223da	START/ZIPPED/DOS/MOD/M_PUMP.ZIP/M_PUMP.S3M
09e6015ccebf24a9f3b01da3c949ddb7	0	391962	player	libopenmpt	X-Tracker	21	636915	544b8876	2f6e468a	START/ZIPPED/DOS/MOD/RR_CH7-2.ZIP/COS-CBAK.DMF
0a870acf0734bba8c6905e252a57810c	1	228572	player+volume	ft2play	FastTracker v2.00	10	416176	d0426f8d	64b6f200	START/ZIPPED/DOS/MOD/NC_INDEN.ZIP/INDENTUR.XM
0af2ec069f85daed97021b66926a766e	1	225955	player+silence	st3play	Scream Tracker 3.2x (SB)	16	510066	afed3c39	0e86f8c1	START/PROGS/DOS/MUSIC/CUBIC14L/INNER.S3M
0af2ec069f85daed97021b66926a766e	1	225955	player+silence	st3play	Scream Tracker 3.2x (SB)	16	510066	afed3c39	0e86f8c1	START/ZIPPED/DOS/MOD/INNERSTR.ZIP/INNER.S3M
0c0f827007a06771e25e594ef2632dec	1	203711	player+silence	st3play	Scream Tracker 3.2x (GUS)	12	232862	1237ecd0	9dc1b950	START/PROGS/DOS/MUSIC/CUBIC14L/L'EAU.S3M
0c0f827007a06771e25e594ef2632dec	1	203711	player+silence	st3play	Scream Tracker 3.2x (GUS)	12	232862	1237ecd0	9dc1b950	START/ZIPPED/DOS/MOD/LEAU.ZIP/L'EAU.S3M
0d96bdca4392909a456a5c9c5daed5d7	1	290240	player+silence	st3play	Scream Tracker 3.2x (GUS)	12	590938	e3d55821	087f205b	START/PROGS/DOS/MUSIC/CUBIC14L/ECSTAXY.S3M
0d96bdca4392909a456a5c9c5daed5d7	1	290240	player+silence	st3play	Scream Tracker 3.2x (GUS)	12	590938	e3d55821	087f205b	START/ZIPPED/DOS/MOD/P_ECSTXY.ZIP/ECSTAXY.S3M
0e1a9cbd2608f873d79791aa12001b56	0	225264	player	libopenmpt	DSMI Advanced Music Format v14	13	111852	790a574c	3a2b74e1	START/ZIPPED/DOS/GAMES/BOLZ_100.ZIP/DISK_3.EXE/SONGS/BMENU_1.SNG
0e1a9cbd2608f873d79791aa12001b56	0	225264	player	libopenmpt	DSMI Advanced Music Format v14	13	111852	790a574c	3a2b74e1	START/ZIPPED/DOS/GAMES/BOLZ10S3.ZIP/DISK_3.EXE/SONGS/BMENU_1.SNG
0e287181a9e5fd228978f145adcea83b	1	230497	player+silence	ft2play	FastTracker v2.00	14	331507	3e6c0c97	a5d76447	START/ZIPPED/DOS/MOD/MAS_NOTH.ZIP/MAS_NOTH.XM
0ee7169ef0bfcb3c3c4c9583d13a9604	1	153186	player+silence	st3play	Scream Tracker 3.2x (GUS)	16	194293	69d22d6d	47d9c409	START/PROGS/DOS/MUSIC/CUBIC14L/ICROSS.S3M
0ee7169ef0bfcb3c3c4c9583d13a9604	1	153186	player+silence	st3play	Scream Tracker 3.2x (GUS)	16	194293	69d22d6d	47d9c409	START/ZIPPED/DOS/MOD/ICROSS.ZIP/ICROSS.S3M
0fe3f16a8d1e8082df67d4c930873ae7	1	234889	player+silence	ft2play	FastTracker v2.00	6	318275	3b1fbca3	21365399	START/ZIPPED/DOS/MOD/RIDING.ZIP/RIDING.XM
106a01fd6306831561ab0b7feaf539dc	1	139809	player+silence	st3play	Scream Tracker 3.2x (GUS)	8	182112	d7cf0910	0f009fca	START/PROGS/DOS/MUSIC/CUBIC14L/SONATA.S3M
106a01fd6306831561ab0b7feaf539dc	1	139809	player+silence	st3play	Scream Tracker 3.2x (GUS)	8	182112	d7cf0910	0f009fca	START/ZIPPED/DOS/MOD/CODEBRK.ZIP/SONATA.S3M
107c6cb983e541f1dfe3cdcc6f81336e	1	38520	player	uade	Protracker	0	29828	f5c653a4	10955e70	START/PROGS/DOS/GAMES/DIGGERS/SOUND/INGAME.MOD
107c6cb983e541f1dfe3cdcc6f81336e	1	38520	player	uade	Protracker	0	29828	f5c653a4	10955e70	START/ZIPPED/DOS/GAMES/DIGGERS.ZIP/INGAME.MOD
1088e10c407c21a345dcd522db90443d	1	350880	player+silence	st3play	Scream Tracker 3.01 (SB)	16	720396	d5642ab7	f3770917	START/PROGS/DOS/MUSIC/CUBIC14L/EYES.S3M
1088e10c407c21a345dcd522db90443d	1	350880	player+silence	st3play	Scream Tracker 3.01 (SB)	16	720396	d5642ab7	f3770917	START/ZIPPED/DOS/MOD/ESP_EYES.ZIP/EYES.S3M
10bddbac94646ddacd9f3e27b802b55a	1	173252	player	uade	Protracker	0	283518	c6b1e1e5	e301526c	START/PROGS/DOS/MUSIC/CUBIC14L/UKU-SHAM.MOD
10bddbac94646ddacd9f3e27b802b55a	1	173252	player	uade	Protracker	0	283518	c6b1e1e5	e301526c	START/ZIPPED/DOS/MOD/UKU-SHAM.ZIP/UKU-SHAM.MOD
10ddf646a6128a8b334ebb4bd74ec1c5	1	334739	player+silence	st3play	Scream Tracker 3.2x (SB)	16	143878	890a3ced	608f4157	START/ZIPPED/DOS/SOUND/SOCAMTR1.ZIP/HIGHTRIP.S3M
11041f7ffe793acba73e422ed9dcdfe9	0	174195	player+silence	libopenmpt	X-Tracker	15	419408	6094d8fd	d2d40d29	START/ZIPPED/DOS/MOD/RR_CH7-5.ZIP/K3O3MELW.DMF
111127115bf761b865f0604f57c2fbca	1	176015	player+volume	st3play	Scream Tracker 3.2x (GUS)	10	385535	72c6c958	39118b6b	START/PROGS/DOS/MUSIC/CUBIC14L/WILDAMAZ.S3M
111127115bf761b865f0604f57c2fbca	1	176015	player+volume	st3play	Scream Tracker 3.2x (GUS)	10	385535	72c6c958	39118b6b	START/ZIPPED/DOS/MOD/EPI-OTN4.ZIP/WILDAMAZ.S3M
1272bf9a27604a10bb151e34de5cbca3	1	160682	player+silence	st3play	Scream Tracker 3.01 (SB)	7	134878	2d4c20a1	6c5ea759	START/PROGS/DOS/MUSIC/CUBIC14L/BASKET.S3M
1272bf9a27604a10bb151e34de5cbca3	1	160682	player+silence	st3play	Scream Tracker 3.01 (SB)	7	134878	2d4c20a1	6c5ea759	START/ZIPPED/DOS/MOD/BASKMX.ZIP/BASKET.S3M
13c9a14ab8e816fa8e6302f93a09d513	1	77322	player	st3play	Scream Tracker 3.2x (SB)	16	295880	2ee33af7	d9d50633	START/PROGS/DOS/MUSIC/CUBIC14L/ANDREWM.S3M
13c9a14ab8e816fa8e6302f93a09d513	1	77322	player	st3play	Scream Tracker 3.2x (SB)	16	295880	2ee33af7	d9d50633	START/ZIPPED/DOS/MOD/MAZPARTY.ZIP/ANDREWM.S3M
1435af2b3556b1a55c2717954d273f06	1	194693	player	uade	Protracker	0	79404	a943ea45	b262454c	START/PROGS/DOS/MUSIC/CUBIC14L/NATURLRL.MOD
1435af2b3556b1a55c2717954d273f06	1	194693	player	uade	Protracker	0	79404	a943ea45	b262454c	START/ZIPPED/DOS/MOD/HW-NATU.ZIP/MOD.NAT
14c72ea04437d64a7733295ffe33865d	0	449906	player+silence	libopenmpt	MultiTracker 1.0	16	212820	5aa6c46a	9a12f6bd	START/ZIPPED/DOS/MOD/PARADOXY.ZIP/PARADOXY.MTM
150ae9e1402e715ff06e4e2047d6e323	1	145723	player	uade	Protracker compatible	0	85191	092f478c	de763a8e	START/PROGS/DOS/PROGS/DAILY20/4.MOD
150ae9e1402e715ff06e4e2047d6e323	1	145723	player	uade	Protracker compatible	0	85191	092f478c	de763a8e	START/ZIPPED/DOS/PROGS/DAILY20.ZIP/4.MOD
1587730599523367292de9757479e678	1	226393	player+volume	st3play	Scream Tracker 3.2x (GUS)	16	428886	d7816064	81b91079	START/PROGS/DOS/MUSIC/CUBIC14L/ANRUSH.S3M
1587730599523367292de9757479e678	1	226393	player+volume	st3play	Scream Tracker 3.2x (GUS)	16	428886	d7816064	81b91079	START/ZIPPED/DOS/MOD/GOD!RUSH.ZIP/ANRUSH.S3M
158baf0babce3ce26440e66373a3c01e	1	199001	player+silence	st3play	Scream Tracker 3.2x (SB)	16	106138	cd4a5519	baf19d36	START/PROGS/DOS/MUSIC/CUBIC14L/RIGHT.S3M
158baf0babce3ce26440e66373a3c01e	1	199001	player+silence	st3play	Scream Tracker 3.2x (SB)	16	106138	cd4a5519	baf19d36	START/ZIPPED/DOS/MOD/S3M8-COL.ZIP/RIGHT.S3M
1614580effd1fed2ae10fd4426634ec1	1	300327	player+silence	st3play	Scream Tracker 3.01 (SB)	16	397670	7a3f4386	b6594c9b	START/PROGS/DOS/MUSIC/CUBIC14L/TRIP_CA.S3M
1614580effd1fed2ae10fd4426634ec1	1	300327	player+silence	st3play	Scream Tracker 3.01 (SB)	16	397670	7a3f4386	b6594c9b	START/ZIPPED/DOS/MOD/SOSMUSIC.ZIP/TRIP_CA.S3M
16b7848ee7994ff3733158dec6a14687	1	198814	player+silence	ft2play	FastTracker v2.00	10	196633	5bc0f8d2	e67c88a9	START/ZIPPED/DOS/MOD/MAS_PUMP.ZIP/MAS_PUMP.XM
17e543e2b21259b28565c164ac83f06f	1	178517	player	uade	Protracker	0	200168	85fa5003	fe3e91c0	START/PROGS/DOS/MUSIC/CUBIC14L/ALSTRPFK.MOD
17e543e2b21259b28565c164ac83f06f	1	178517	player	uade	Protracker	0	200168	85fa5003	fe3e91c0	START/ZIPPED/DOS/MOD/HW-ALL.ZIP/MOD.ALL
17f433ee2f1edffb9f72252c28d91cd2	1	294521	player	uade	Protracker	0	300356	4ecae3a9	0868434a	START/PROGS/DOS/MUSIC/CUBIC14L/HOUSEUHH.MOD
17f433ee2f1edffb9f72252c28d91cd2	1	294521	player	uade	Protracker	0	300356	4ecae3a9	0868434a	START/ZIPPED/DOS/MOD/HOUSEUHH.ZIP/HOUSEUHH.MOD
1833613c3c4fd81a16c6ff5856e7e06e	1	177101	player	ft2play	FastTracker v2.00	8	98226	e72a9d51	44447576	START/ZIPPED/DOS/MOD/RAVESONG.ZIP/RAVESONG.XM
1856b5eb3bd68c35ffd41d1ae9710582	1	228033	player+silence	st3play	Scream Tracker 3.2x (GUS)	16	177374	054c353c	511fefbe	START/PROGS/DOS/MUSIC/CUBIC14L/MSMLIFE.S3M
1856b5eb3bd68c35ffd41d1ae9710582	1	228033	player+silence	st3play	Scream Tracker 3.2x (GUS)	16	177374	054c353c	511fefbe	START/ZIPPED/DOS/MOD/MSMLIFE.ZIP/MSMLIFE.S3M
190d4fafd69e625214fe69f365ad3aea	1	50201	player+silence	st3play	Scream Tracker 3.2x (SB)	16	99584	5f82f3e5	dfe5a207	START/PROGS/DOS/MUSIC/CUBIC14L/PACO.S3M
190d4fafd69e625214fe69f365ad3aea	1	50201	player+silence	st3play	Scream Tracker 3.2x (SB)	16	99584	5f82f3e5	dfe5a207	START/ZIPPED/DOS/MOD/DINASTY.ZIP/SCN_BEET.ZIP/PACO.S3M
19a6e1f224a7806dd5f0cafe8d691d58	1	5206	player+silence	st3play	Scream Tracker 3.2x (SB)	2	20864	3c3a19b0	e14f129a	START/PROGS/DOS/MUSIC/CUBIC14L/NEWBEGIN.S3M
19a6e1f224a7806dd5f0cafe8d691d58	1	5206	player+silence	st3play	Scream Tracker 3.2x (SB)	2	20864	3c3a19b0	e14f129a	START/ZIPPED/DOS/MOD/THEGIRL.ZIP/NEWBEGIN.S3M
19c0596b868a96fe70234d3266482a3e	1	422500	player+silence	st3play	Scream Tracker 3.2x (GUS)	16	254086	805049d1	5edbd374	START/PROGS/DOS/MUSIC/CUBIC14L/LRY-OVBF.S3M
19c0596b868a96fe70234d3266482a3e	1	422500	player+silence	st3play	Scream Tracker 3.2x (GUS)	16	254086	805049d1	5edbd374	START/ZIPPED/DOS/MOD/LRY-OVBF.ZIP/LRY-OVBF.S3M
1a4c3cb59a8ab707b6dfa4dcb47024b7	1	276597	player	uade	Protracker	0	92944	390a2b5b	8a291e3c	START/PROGS/DOS/MUSIC/CUBIC14L/MJUZACK!.MOD
1a4c3cb59a8ab707b6dfa4dcb47024b7	1	276597	player	uade	Protracker	0	92944	390a2b5b	8a291e3c	START/ZIPPED/DOS/MOD/MJUZACK.ZIP/MJUZACK!.MOD
1ad04dd68f3f0d09ab1ed18d3b156066	0	168204	player	libopenmpt	Digitrakker 2.3	6	9848	7dbc3fe2	a4e34ed7	START/ZIPPED/DOS/SOUND/DIGITR23.ZIP/WAKINGUP.MDL
1b3b3ee7baeb16e6242b3d467acc5faf	1	153339	player	st3play	Scream Tracker 3.01 (GUS)	8	117456	ae418c6f	850c8826	START/PROGS/DOS/MUSIC/CUBIC14L/MANIC.S3M
1b3b3ee7baeb16e6242b3d467acc5faf	1	153339	player	st3play	Scream Tracker 3.01 (GUS)	8	117456	ae418c6f	850c8826	START/ZIPPED/DOS/MOD/ML-MANIC.ZIP/MANIC.S3M
1c0904342a31e2a7c3ffedf968b4f461	1	273721	player+silence	st3play	Scream Tracker 3.2x (GUS)	16	506174	a4e88b03	fedd74ef	START/PROGS/DOS/MUSIC/CUBIC14L/STORM.S3M
1c0904342a31e2a7c3ffedf968b4f461	1	273721	player+silence	st3play	Scream Tracker 3.2x (GUS)	16	506174	a4e88b03	fedd74ef	START/ZIPPED/DOS/MOD/STORM.ZIP/STORM.S3M
1c1ef3383dbf4c2806a27cebc7c9b723	1	326896	player+volume	st3play	Scream Tracker 3.2x (SB)	16	219008	bbde11ac	22b4e78f	START/ZIPPED/DOS/SOUND/SOCAMTR1.ZIP/INTELLIG.S3M
1cf588036159946b25f9b30d46689d37	1	277555	player	ft2play	FastTracker v2.00	22	994069	3626a4fc	4f1accd3	START/ZIPPED/DOS/MOD/VRMORPH.ZIP/MORPH.XM
1d1b045358d544a6f0c1074680dbe79c	0	279340	player+silence	libopenmpt	X-Tracker	13	211151	9ca16361	575eb6a9	START/ZIPPED/DOS/MOD/RR_CH7-7.ZIP/KN-TRANC.DMF
1d4e6c956fac868caddd1db507f9ebd2	1	291385	player	ft2play	FastTracker v2.00	6	186240	cf5dfd09	4e119bf9	START/ZIPPED/DOS/MOD/303_IWLD.ZIP/IWILD.XM
1e29f3d0a60183859fac67ee71f1758b	1	186997	player	uade	Protracker	0	69940	800fa3e2	0015e477	START/PROGS/DOS/MUSIC/CUBIC14L/OBLIBERA.MOD
1e29f3d0a60183859fac67ee71f1758b	1	186997	player	uade	Protracker	0	69940	800fa3e2	0015e477	START/ZIPPED/DOS/MOD/HW-OBLI.ZIP/MOD.OBL
1e35ab3208463b2b23b9cc3eeac5f3d2	1	35408	player+silence	st3play	Scream Tracker 3.2x (SB)	16	32518	a06d7b81	c62e5dec	START/PROGS/DOS/MUSIC/CUBIC14L/SAHARA.S3M
1e35ab3208463b2b23b9cc3eeac5f3d2	1	35408	player+silence	st3play	Scream Tracker 3.2x (SB)	16	32518	a06d7b81	c62e5dec	START/ZIPPED/DOS/MOD/GF_SHRA.ZIP/SAHARA.S3M
1ed7a2ffc718d0e90d92a45f4e97d485	1	308943	player+silence	uade	Protracker	0	302172	10fc6cf7	0fb9a5f1	START/PROGS/DOS/MUSIC/CUBIC14L/COOLP.MOD
1ed7a2ffc718d0e90d92a45f4e97d485	1	308943	player+silence	uade	Protracker	0	302172	10fc6cf7	0fb9a5f1	START/ZIPPED/DOS/MOD/COOLP.ZIP/COOLP.MOD
202603607720e63c3188f8d5e4eec3a0	0	249847	player+silence	libopenmpt	MultiTracker 1.0	16	452980	ea032258	e41ae5e8	START/ZIPPED/DOS/MOD/K_STRON.ZIP/K_STRON.MTM
203a6a980c54cf234991f049f8a6c04c	1	155630	player	st3play	Scream Tracker 3.2x (SB)	4	83832	91919f46	ea603435	START/PROGS/DOS/MUSIC/CUBIC14L/FRGTNGME.S3M
203a6a980c54cf234991f049f8a6c04c	1	155630	player	st3play	Scream Tracker 3.2x (SB)	4	83832	91919f46	ea603435	START/ZIPPED/DOS/MOD/EPI-FRGT.ZIP/FRGTNGME.S3M
20c72147fa776f16e9a62bbed573d616	1	114750	player+volume	ft2play	FastTracker v2.00	8	174906	810b7c8d	8e8aaefd	START/ZIPPED/DOS/MOD/LETSFUNK.ZIP/LETSFUNK.XM
20f50ba518f7e278456ea2709d4e773c	1	223398	player+silence	ft2play	FastTracker v2.00	16	734356	28cb12f4	b93c5f72	START/ZIPPED/DOS/MOD/CJ_BUTCH.ZIP/BUTSHU.XM
21193a9ff07f986a0d08d83181f539d0	1	375656	player+silence	st3play	Scream Tracker 3.01 (GUS)	16	249002	d57b3de9	780c39fe	START/PROGS/DOS/MUSIC/CUBIC14L/RAY-INS!.S3M
21193a9ff07f986a0d08d83181f539d0	1	375656	player+silence	st3play	Scream Tracker 3.01 (GUS)	16	249002	d57b3de9	780c39fe	START/ZIPPED/DOS/MOD/RAY_INS!.ZIP/RAY-INS!.S3M
2170d0badade0f145b4976b39b00da3f	1	95829	player	st3play	Scream Tracker 3.01 (SB)	16	130460	2d67aaa8	155dfbe9	START/PROGS/DOS/MUSIC/CUBIC14L/CRAP2.S3M
2170d0badade0f145b4976b39b00da3f	1	95829	player	st3play	Scream Tracker 3.01 (SB)	16	130460	2d67aaa8	155dfbe9	START/ZIPPED/DOS/MOD/CRAP2.ZIP/CRAP2.S3M
21ab77b8721795139832c15af774b2eb	1	432158	player+silence	ft2play	FastTracker v2.00	20	761924	1df70b30	aacb21de	START/ZIPPED/DOS/MOD/MOZ-0003.ZIP/CBC-SIN.XM
228529519d1003f41c417eb076a6f877	1	222663	player+silence	st3play	Scream Tracker 3.01 (SB)	16	112734	f22f4efd	c252cbf8	START/PROGS/DOS/MUSIC/CUBIC14L/KOCAB.S3M
228529519d1003f41c417eb076a6f877	1	222663	player+silence	st3play	Scream Tracker 3.01 (SB)	16	112734	f22f4efd	c252cbf8	START/ZIPPED/DOS/MOD/S3M22COL.ZIP/KOCAB.S3M
22db4307cfc81c61bdf22e5fc818c1cb	0	320714	player	libopenmpt	X-Tracker	21	628301	943fd5ca	18b534e4	START/ZIPPED/DOS/MOD/RR_CH7-2.ZIP/COS-LETY.DMF
22e8cce9e17c961ff9e32e2e60dee028	1	46216	player	uade	Protracker	0	5276	4ea95b1a	f2923d2d	START/ZIPPED/DOS/MOD/HW-CHIP.ZIP/MOD.WAL
230f6692ea4bad5259e170e57e1b41e7	1	124987	player+silence	st3play	Scream Tracker 3.2x (GUS)	16	159112	b2b6c967	7ce5eb21	START/PROGS/DOS/MUSIC/CUBIC14L/FH.S3M
230f6692ea4bad5259e170e57e1b41e7	1	124987	player+silence	st3play	Scream Tracker 3.2x (GUS)	16	159112	b2b6c967	7ce5eb21	START/ZIPPED/DOS/MOD/EPI-OTN2.ZIP/FH.S3M
2329eeac6123455f3f55822ec6994ca5	1	291587	player	st3play	Scream Tracker 3.2x (GUS)	8	591616	d06c10fd	1c107f54	START/ZIPPED/DOS/DEMOS/PRO-NUT.ZIP/NUT.S3M
24953a221a5aec680d8a50d16696eac7	1	142528	player	st3play	Scream Tracker 3.2x (GUS)	9	574893	d7930c37	04ba1787	START/PROGS/DOS/MUSIC/CUBIC14L/DISTRACT.S3M
24953a221a5aec680d8a50d16696eac7	1	142528	player	st3play	Scream Tracker 3.2x (GUS)	9	574893	d7930c37	04ba1787	START/ZIPPED/DOS/MOD/EQUAL1.ZIP/DISTRACT.S3M
24fb767a8ecf156ebbdd604cdaa6fad7	0	258921	player	libopenmpt	DSMI Advanced Music Format v14	8	139375	6a03be4c	18e1487c	START/ZIPPED/DOS/GAMES/BOLZ_100.ZIP/DISK_3.EXE/SONGS/EX_1.SNG
24fb767a8ecf156ebbdd604cdaa6fad7	0	258921	player	libopenmpt	DSMI Advanced Music Format v14	8	139375	6a03be4c	18e1487c	START/ZIPPED/DOS/GAMES/BOLZ10S3.ZIP/DISK_3.EXE/SONGS/EX_1.SNG
265e8284af959f74b930b22f5cafcd46	1	176357	player	ft2play	Fasttracker	6	296964	76e6a740	7b94bacf	START/ZIPPED/DOS/DEMOS/NONAME00.ZIP/NONAME1.MOD
266f8e2cc75e404d95f79b9c81153846	0	210718	player	libopenmpt	X-Tracker	21	309460	1cac930a	31438bde	START/ZIPPED/DOS/MOD/GR-CLOSE.ZIP/GR-CLOSE.DMF
27f39815ca206303cb6aa3530efa885e	1	118435	player	st3play	Scream Tracker 3.2x (GUS)	8	183476	5fb80283	97629344	START/PROGS/DOS/MUSIC/CUBIC14L/ALPHAQST.S3M
27f39815ca206303cb6aa3530efa885e	1	118435	player	st3play	Scream Tracker 3.2x (GUS)	8	183476	5fb80283	97629344	START/ZIPPED/DOS/MOD/ALPHAQST.ZIP/ALPHAQST.S3M
28d16388b7a7ceb3c690918003300aa6	1	198872	player	st3play	Scream Tracker 3.01 (SB)	16	90762	94c7ec8a	f0e182e8	START/PROGS/DOS/MUSIC/CUBIC14L/JALT.S3M
28d16388b7a7ceb3c690918003300aa6	1	198872	player	st3play	Scream Tracker 3.01 (SB)	16	90762	94c7ec8a	f0e182e8	START/ZIPPED/DOS/MOD/JALT.ZIP/JALT.S3M
2900c289f16573b0f6baf1775a4263af	1	233105	player+silence	st3play	Scream Tracker 3.2x (SB)	16	183344	ea4a0bf0	6074ae02	START/PROGS/DOS/MUSIC/CUBIC14L/BIBI.S3M
2900c289f16573b0f6baf1775a4263af	1	233105	player+silence	st3play	Scream Tracker 3.2x (SB)	16	183344	ea4a0bf0	6074ae02	START/ZIPPED/DOS/MOD/S3M11COL.ZIP/BIBI.S3M
29947a3ef0560f6acce420aa8104087e	1	7796	player	uade	Protracker	0	2478	618f66e7	8858e683	START/PROGS/DOS/MUSIC/CUBIC14L/ACKER-2.MOD
29947a3ef0560f6acce420aa8104087e	1	7796	player	uade	Protracker	0	2478	618f66e7	8858e683	START/ZIPPED/DOS/MOD/HW-CHIP.ZIP/MOD.ACK
29dc1b3ede12e79759f842b7dfd30939	1	121128	player	st3play	Scream Tracker 3.2x (GUS)	10	581704	7090a1cd	c5b26da8	START/PROGS/DOS/MUSIC/CUBIC14L/INSANE.S3M
29dc1b3ede12e79759f842b7dfd30939	1	121128	player	st3play	Scream Tracker 3.2x (GUS)	10	581704	7090a1cd	c5b26da8	START/ZIPPED/DOS/MOD/EQUAL2.ZIP/INSANE.S3M
2a1acd643cad04f40ffe3098fec9f3c4	1	135023	player	ft2play	FastTracker v2.00	4	267845	44d00275	845b0959	START/ZIPPED/DOS/MOD/NOMOSOFT.ZIP/NOMOSOFT.XM
2a3a9b073b3bb3856ff1011fa22ecf08	0	318078	player	libopenmpt	Unknown	16	146370	32dda9cf	d6927d27	START/PROGS/DOS/MUSIC/CUBIC14L/GBT-HEAV.S3M
2a3a9b073b3bb3856ff1011fa22ecf08	0	318078	player	libopenmpt	Unknown	16	146370	32dda9cf	d6927d27	START/ZIPPED/DOS/MOD/MOZ-0003.ZIP/GBT-HEAV.S3M
2a984f729e543fb651366e20972b7a85	1	265790	player+silence	ft2play	FastTracker v2.00	12	356015	30a3ab70	ff16f611	START/ZIPPED/DOS/MOD/NL-2NDAT.ZIP/NL-2NDAT.XM
2b1389efb8e698fe8bced668bb9da3d0	1	399730	player+silence	st3play	Scream Tracker 3.2x (GUS)	16	234668	49774bf3	119a3e62	START/PROGS/DOS/MUSIC/CUBIC14L/LRY-NEM3.S3M
2b1389efb8e698fe8bced668bb9da3d0	1	399730	player+silence	st3play	Scream Tracker 3.2x (GUS)	16	234668	49774bf3	119a3e62	START/ZIPPED/DOS/MOD/LRY-NEM3.ZIP/LRY-NEM3.S3M
2c417420c3c4ed2e21446d2df5cecadb	1	94462	player+silence	st3play	Scream Tracker 3.2x (SB)	16	630763	8cb4b7de	98b068c6	START/PROGS/DOS/MUSIC/CUBIC14L/JKTIJ.S3M
2c417420c3c4ed2e21446d2df5cecadb	1	94462	player+silence	st3play	Scream Tracker 3.2x (SB)	16	630763	8cb4b7de	98b068c6	START/ZIPPED/DOS/MOD/JKTIJ.ZIP/JKTIJ.S3M
2d5013c1bb05c32554de9e79c6039676	1	163446	player+silence	st3play	Scream Tracker 3.2x (GUS)	16	453416	e01ca123	6b0bf69d	START/PROGS/DOS/MUSIC/CUBIC14L/COMPO.S3M
2d5013c1bb05c32554de9e79c6039676	1	163446	player+silence	st3play	Scream Tracker 3.2x (GUS)	16	453416	e01ca123	6b0bf69d	START/ZIPPED/DOS/MOD/COMPO.ZIP/COMPO.S3M
2da616780c55fcb99d3542a27e75a273	1	177395	player	ft2play	FastTracker v2.00	18	646194	134c515c	f88250c9	START/ZIPPED/DOS/MOD/V_P-JUNK.ZIP/V_P-JUNK.XM
2e4665e329622e5614c5aa74d37ccd97	1	136923	player	ft2play	FastTracker v2.00	14	388371	cc1c995f	6ca79128	START/ZIPPED/DOS/MOD/CONTROL2.ZIP/CONTROL2.XM
2e60e058a2cc3c8cd9dcd34c7a2f558a	1	233974	player+silence	st3play	Scream Tracker 3.2x (GUS)	16	158036	7f5871bd	5328fa2d	START/PROGS/DOS/MUSIC/CUBIC14L/PIANOMAS.S3M
2e60e058a2cc3c8cd9dcd34c7a2f558a	1	233974	player+silence	st3play	Scream Tracker 3.2x (GUS)	16	158036	7f5871bd	5328fa2d	START/ZIPPED/DOS/MOD/PIANOMAS.ZIP/PIANOMAS.S3M
2e75eef285c2ff08d9904663b3fa521b	1	258413	player+silence	st3play	Scream Tracker 3.2x (SB)	16	69782	78663300	0ea448be	START/PROGS/DOS/MUSIC/CUBIC14L/XYBAK.S3M
2e75eef285c2ff08d9904663b3fa521b	1	258413	player+silence	st3play	Scream Tracker 3.2x (SB)	16	69782	78663300	0ea448be	START/ZIPPED/DOS/MOD/S3M12COL.ZIP/XYBAK.S3M
2eb54d4b520ce646ae5ae82fd1b9a19a	0	221909	player	libopenmpt	DSIK Format	16	60829	248075b0	fee0d54c	START/PROGS/DOS/GAMES/TETRIX2/SOUND_4.SND
2eb54d4b520ce646ae5ae82fd1b9a19a	0	221909	player	libopenmpt	DSIK Format	16	60829	248075b0	fee0d54c	START/ZIPPED/DOS/GAMES/TETRIX2.ZIP/SOUND_4.SND
2fa02641eb7b0a736c5ec9581c7350c2	1	15472	player	uade	Protracker	0	14766	e48f3f24	b5f1879b	START/PROGS/DOS/GAMES/DIGGERS/SOUND/GAMEO.MOD
2fa02641eb7b0a736c5ec9581c7350c2	1	15472	player	uade	Protracker	0	14766	e48f3f24	b5f1879b	START/ZIPPED/DOS/GAMES/DIGGERS.ZIP/GAMEO.MOD
3120665456ebc9d1200975f40caf7b4d	1	73504	player	uade	Protracker compatible	0	13662	86027ec4	477a8e43	START/ZIPPED/DOS/DEMOS/BP2_64K.ZIP/CDZ_CDZ.ZIP/CONDENZ.MOD
31e31cf77db04638d954e49e02530bf0	1	274769	player	st3play	Scream Tracker 3.2x (SB)	16	105200	c99f0313	a5969ca5	START/PROGS/DOS/MUSIC/CUBIC14L/SPN-KLPS.S3M
31e31cf77db04638d954e49e02530bf0	1	274769	player	st3play	Scream Tracker 3.2x (SB)	16	105200	c99f0313	a5969ca5	START/ZIPPED/DOS/MOD/BTB-KLOá.ZIP/SPN-KLPS.S3M
3208f0c9113c2cda1461e762c0df0b98	1	332284	player	ft2play	Fasttracker (M.K.)	4	204963	4cfd6493	99ea32ee	START/PROGS/DOS/MUSIC/CUBIC14L/PURESONG.MOD
3208f0c9113c2cda1461e762c0df0b98	1	332284	player	ft2play	Fasttracker (M.K.)	4	204963	4cfd6493	99ea32ee	START/ZIPPED/DOS/MOD/PURESONG.ZIP/PURESONG.MOD
323d822cfd3dd061df4fb48aac63870e	1	264071	player+silence	st3play	Scream Tracker 3.2x (SB)	16	116120	39249d86	d2c70a17	START/PROGS/DOS/MUSIC/CUBIC14L/ENIF.S3M
323d822cfd3dd061df4fb48aac63870e	1	264071	player+silence	st3play	Scream Tracker 3.2x (SB)	16	116120	39249d86	d2c70a17	START/ZIPPED/DOS/MOD/S3M5-COL.ZIP/ENIF.S3M
327ea7118f829d4640e9455579423e6a	1	84616	player	uade	Protracker	0	17224	2f9f4128	a126be42	START/PROGS/DOS/MUSIC/CUBIC14L/EUROGROV.MOD
327ea7118f829d4640e9455579423e6a	1	84616	player	uade	Protracker	0	17224	2f9f4128	a126be42	START/ZIPPED/DOS/MOD/HW-CHIO.ZIP/MOD.EUR
34d3667ce7f1a00cc52d97e74670ab84	1	168534	player+silence	uade	Soundtracker II (31 instr.)	0	101356	b0c4af31	25f09cf2	START/PROGS/DOS/GAMES/DIGGERS/SOUND/TITLE.MOD
34d3667ce7f1a00cc52d97e74670ab84	1	168534	player+silence	uade	Soundtracker II (31 instr.)	0	101356	b0c4af31	25f09cf2	START/ZIPPED/DOS/GAMES/DIGGERS.ZIP/TITLE.MOD
34e4d0ddd1cbfd71d2696e2dadaa6635	1	280998	player	st3play	Scream Tracker 3.2x (GUS)	4	859421	375898d9	056e1305	START/PROGS/DOS/MUSIC/CUBIC14L/RES-BOST.S3M
34e4d0ddd1cbfd71d2696e2dadaa6635	1	280998	player	st3play	Scream Tracker 3.2x (GUS)	4	859421	375898d9	056e1305	START/ZIPPED/DOS/MOD/RES-BOST.ZIP/RES-BOST.S3M
3539efeeb5b5c029ec078b94365213cc	1	195840	player+silence	st3play	Scream Tracker 3.2x (GUS)	16	102812	b3649ff7	c80e6be3	START/PROGS/DOS/MUSIC/CUBIC14L/LRY-EXT.S3M
3539efeeb5b5c029ec078b94365213cc	1	195840	player+silence	st3play	Scream Tracker 3.2x (GUS)	16	102812	b3649ff7	c80e6be3	START/ZIPPED/DOS/MOD/LRY-EXT.ZIP/LRY-EXT.S3M
36457f56ff0dd12dc25d6389f27bbed2	1	241796	player	ft2play	FastTracker v2.00	10	1605477	07b0719f	48d1b40d	START/ZIPPED/DOS/MOD/FCO_BACK.ZIP/BACK.XM
3787d2f355613455d1c6e58e84681b3f	1	12760	player	ft2play	FastTracker v2.00	6	173910	25fe534a	bbd368ac	START/ZIPPED/DOS/MOD/COMPO1.ZIP/COMPO1.XM
3798e53914f856a6a08aaaace18ca1f5	1	117772	player	uade	Protracker	0	32500	ba6861d7	eddd7059	START/PROGS/DOS/MUSIC/CUBIC14L/HUMPPAJM.MOD
3798e53914f856a6a08aaaace18ca1f5	1	117772	player	uade	Protracker	0	32500	ba6861d7	eddd7059	START/ZIPPED/DOS/MOD/HUMPAJM.ZIP/HUMPPAJM.MOD
3815cffc56ec62376c07c7cca68b0b7e	1	117006	player+silence	ft2play	FastTracker v2.00	8	851722	355a2235	5d4a4c07	START/ZIPPED/DOS/MOD/MATTI.ZIP/MATTI.XM
382baf78767ab4263557efa856a49009	1	131630	player	ft2play	FastTracker v2.00	14	212453	b2f38d7f	d153a36a	START/ZIPPED/DOS/MOD/JZ-LETIT.ZIP/JZ-LETIT.XM
38499135104580f624c45af2e39d87b7	1	188004	player+silence	st3play	Scream Tracker 3.01 (SB)	7	209982	70fd054e	6c2e6320	START/PROGS/DOS/MUSIC/CUBIC14L/BANDIDO.S3M
38499135104580f624c45af2e39d87b7	1	188004	player+silence	st3play	Scream Tracker 3.01 (SB)	7	209982	70fd054e	6c2e6320	START/ZIPPED/DOS/MOD/BANDIDO.ZIP/BANDIDO.S3M
387992ad4f68ae6f7e7270e8e2f67300	1	273868	player+silence	st3play	Scream Tracker 3.2x (SB)	15	1024379	6b56359e	96774156	START/PROGS/DOS/MUSIC/CUBIC14L/SMOKE2.S3M
387992ad4f68ae6f7e7270e8e2f67300	1	273868	player+silence	st3play	Scream Tracker 3.2x (SB)	15	1024379	6b56359e	96774156	START/ZIPPED/DOS/MOD/NO!SMOKE.ZIP/SMOKE2.S3M
38810d3e6ef29ea60436f2bd9e612e15	1	204459	player	st3play	Scream Tracker 3.2x (SB)	16	200684	a28d7575	4ed85e04	START/PROGS/DOS/MUSIC/CUBIC14L/ELCORAL.S3M
38810d3e6ef29ea60436f2bd9e612e15	1	204459	player	st3play	Scream Tracker 3.2x (SB)	16	200684	a28d7575	4ed85e04	START/ZIPPED/DOS/MOD/S3MFIL1.ZIP/ELCORAL.S3M
38c6018892947d9ecf96f8598e7e5f1c	0	199335	player	libopenmpt	DSMI Advanced Music Format v14	12	126332	d4ab8d20	1b7f404e	START/ZIPPED/DOS/GAMES/BOLZ_100.ZIP/DISK_3.EXE/SONGS/SHARWARE.001
38c6018892947d9ecf96f8598e7e5f1c	0	199335	player	libopenmpt	DSMI Advanced Music Format v14	12	126332	d4ab8d20	1b7f404e	START/ZIPPED/DOS/GAMES/BOLZ10S3.ZIP/DISK_3.EXE/SONGS/SHARWARE.001
3919f9fcbb6d09db9371e6829e85dd44	1	56364	player	uade	Protracker	0	14152	816aaa56	17775b6f	START/PROGS/DOS/MUSIC/CUBIC14L/FJORDED.MOD
3919f9fcbb6d09db9371e6829e85dd44	1	56364	player	uade	Protracker	0	14152	816aaa56	17775b6f	START/ZIPPED/DOS/MOD/HW-CHIO.ZIP/MOD.FJO
393f30349c5e4c97b3ef7d4b76d7446e	1	96535	player+volume	ft2play	FastTracker v2.00	12	541433	46c95c27	6f668b0b	START/ZIPPED/DOS/MOD/RAIN_XM.ZIP/RAVERAIN.XM
3a96306a281b15219f7d96d7346b7ac7	1	182006	player+silence	uade	Noisetracker 1.x	0	84487	edeed0e3	1d201342	START/PROGS/DOS/PROGS/DAILY20/11.MOD
3a96306a281b15219f7d96d7346b7ac7	1	182006	player+silence	uade	Noisetracker 1.x	0	84487	edeed0e3	1d201342	START/ZIPPED/DOS/PROGS/DAILY20.ZIP/11.MOD
3adc361e8efff5d514da1df3af7b2e69	0	336714	player+volume	libopenmpt	DSIK Format	16	104151	8f98b421	bfb955e1	START/PROGS/DOS/GAMES/TETRIX2/SOUND_3.SND
3adc361e8efff5d514da1df3af7b2e69	0	336714	player+volume	libopenmpt	DSIK Format	16	104151	8f98b421	bfb955e1	START/ZIPPED/DOS/GAMES/TETRIX2.ZIP/SOUND_3.SND
3b8b9e74a73aaa871ef4b63333276014	1	215149	player	uade	Soundtracker II (15 instr.)	0	56446	7ed5c6a1	d7ff533e	START/ZIPPED/DOS/PROGTOOL/VATPM051.ZIP/NONAME.MOD
3c12e6aaf21e8ab7d7d0101657e19c99	1	247297	player+silence	st3play	Scream Tracker 3.2x (SB)	16	617646	e6928fa4	d73eb4f2	START/PROGS/DOS/MUSIC/CUBIC14L/SHAKEN.S3M
3c12e6aaf21e8ab7d7d0101657e19c99	1	247297	player+silence	st3play	Scream Tracker 3.2x (SB)	16	617646	e6928fa4	d73eb4f2	START/ZIPPED/DOS/MOD/SHAKEN.ZIP/SHAKEN.S3M
3d2e055ad2e2fa3289332e259f3183b0	0	309728	player+volume	libopenmpt	MultiTracker 1.0	8	139280	54f9325a	1d7e25c2	START/ZIPPED/DOS/MOD/K_TURN.ZIP/STRANGE.MTM
3e3329765d79d82caf38caefca51f8d6	1	125195	player+silence	ft2play	FastTracker v2.00	6	240226	5892c836	004f146c	START/ZIPPED/DOS/MOD/LEPPAKER.ZIP/LEPPAKER.XM
3efbd1037f538b11be3da7aaa006e3d6	1	200281	player+silence	st3play	Scream Tracker 3.2x (SB)	16	106876	f66fb093	ccfb3d30	START/PROGS/DOS/MUSIC/CUBIC14L/NEW2.S3M
3efbd1037f538b11be3da7aaa006e3d6	1	200281	player+silence	st3play	Scream Tracker 3.2x (SB)	16	106876	f66fb093	ccfb3d30	START/ZIPPED/DOS/MOD/S3M13COL.ZIP/NEW2.S3M
3f8683a08857a7af427114c7422f52d0	1	320109	player	ft2play	FastTracker v2.00	30	793437	21933be2	d478e536	START/ZIPPED/DOS/MOD/2FEEL.ZIP/2FEEL.XM
4069cd32487a71b3f90bc1d0e9098411	1	23168	player	uade	Protracker	0	11820	b112b810	6b0302d0	START/PROGS/DOS/MUSIC/CUBIC14L/HOLYWOOD.MOD
4069cd32487a71b3f90bc1d0e9098411	1	23168	player	uade	Protracker	0	11820	b112b810	6b0302d0	START/ZIPPED/DOS/MOD/HW-CHIP.ZIP/MOD.!J0
411377e19a247090ca37d780fde193be	1	340055	player	st3play	Scream Tracker 3.2x (GUS)	16	236174	fa917ea3	7ccdcdf9	START/PROGS/DOS/MUSIC/CUBIC14L/K_MONOT.S3M
411377e19a247090ca37d780fde193be	1	340055	player	st3play	Scream Tracker 3.2x (GUS)	16	236174	fa917ea3	7ccdcdf9	START/ZIPPED/DOS/MOD/K_MONOT.ZIP/K_MONOT.S3M
421df1bbd23399463a662ced51e0672f	1	321735	player+silence	st3play	Scream Tracker 3.01 (GUS)	16	507440	c564e1e3	49c97954	START/PROGS/DOS/MUSIC/CUBIC14L/RAY^WIME.S3M
421df1bbd23399463a662ced51e0672f	1	321735	player+silence	st3play	Scream Tracker 3.01 (GUS)	16	507440	c564e1e3	49c97954	START/ZIPPED/DOS/MOD/RAY!WIME.ZIP/RAY^WIME.S3M
42272bc9277d083580f478b7636cba9d	1	203313	player+silence	ft2play	Fasttracker (M.K.)	4	71492	4ce75f29	24e0fa91	START/PROGS/DOS/MUSIC/CUBIC14L/RAVEBASE.MOD
42272bc9277d083580f478b7636cba9d	1	203313	player+silence	ft2play	Fasttracker (M.K.)	4	71492	4ce75f29	24e0fa91	START/ZIPPED/DOS/MOD/DINASTY.ZIP/SCN_RAVE.ZIP/RAVEBASE.MOD
42d1d3afce1a145da165689435aa6025	1	208943	player	ft2play	FastTracker v2.00	8	158499	3752df4b	dc8c9da6	START/ZIPPED/DOS/MOD/BUMMBUMM.ZIP/BUMMBUMM.XM
433fddf87fdf541d3fabf8625b4c6844	1	45975	player	st3play	Scream Tracker 3.2x (SB)	16	133290	8b2eab3f	e3f933c0	START/PROGS/DOS/MUSIC/CUBIC14L/DAN.S3M
433fddf87fdf541d3fabf8625b4c6844	1	45975	player	st3play	Scream Tracker 3.2x (SB)	16	133290	8b2eab3f	e3f933c0	START/ZIPPED/DOS/MOD/MAZPARTY.ZIP/DAN.S3M
4342b1839df41a190c25e96862dc33f0	1	105896	player	st3play	Scream Tracker 3.2x (GUS)	16	46394	fe1e0cc3	fc9dea78	START/PROGS/DOS/MUSIC/CUBIC14L/WERD.S3M
4342b1839df41a190c25e96862dc33f0	1	105896	player	st3play	Scream Tracker 3.2x (GUS)	16	46394	fe1e0cc3	fc9dea78	START/ZIPPED/DOS/MOD/EPI-OTN4.ZIP/WERD.S3M
434d46d68170d2530c5a6aaa4d62c219	1	235530	player+silence	st3play	Scream Tracker 3.2x (SB)	16	498060	9aa513c7	533b25b7	START/ZIPPED/DOS/MOD/XXL.ZIP/XXL.S3M
4351853aea013ac6607f2ca7ad6e8357	1	319659	player	st3play	Scream Tracker 3.2x (GUS)	16	593595	cefcb95f	5e1b0b84	START/PROGS/DOS/MUSIC/CUBIC14L/HUMNEXUS.S3M
4351853aea013ac6607f2ca7ad6e8357	1	319659	player	st3play	Scream Tracker 3.2x (GUS)	16	593595	cefcb95f	5e1b0b84	START/ZIPPED/DOS/MOD/HUMNEXUS.ZIP/HUMNEXUS.S3M
440e1ff9003f4dabd5ec32e786bdd8ee	1	243053	player+silence	st3play	Scream Tracker 3.01 (SB)	16	165394	be04e665	1ce67c25	START/PROGS/DOS/MUSIC/CUBIC14L/AN_LVEST.S3M
440e1ff9003f4dabd5ec32e786bdd8ee	1	243053	player+silence	st3play	Scream Tracker 3.01 (SB)	16	165394	be04e665	1ce67c25	START/ZIPPED/DOS/MOD/BTB_LVST.ZIP/AN_LVEST.S3M
449ae8b335b192968291554931f109e8	1	349267	player+volume	ft2play	FastTracker v2.00	12	707023	8c4ed6e6	57b09428	START/ZIPPED/DOS/MOD/PINKI.ZIP/PINKI.XM
44a2a0ca48b86482402c079b3d7895ae	1	353716	player+silence	st3play	Scream Tracker 3.2x (GUS)	16	174088	39f455e5	55ef9f1a	START/PROGS/DOS/MUSIC/CUBIC14L/LRY-NVBT.S3M
44a2a0ca48b86482402c079b3d7895ae	1	353716	player+silence	st3play	Scream Tracker 3.2x (GUS)	16	174088	39f455e5	55ef9f1a	START/ZIPPED/DOS/MOD/LRY-NVBT.ZIP/LRY-NVBT.S3M
453ddb565da27e5a3b1ee427e792025f	0	7697	player+silence	libopenmpt	DSIK Format	4	16743	dc87810e	a227925e	START/ZIPPED/DOS/GAMES/MEGAMA12.ZIP/DEAD.DCM
4567236b527bda44d441bff3894cc9f0	1	276126	player+silence	ft2play	FastTracker v2.00	10	289486	4b73c8cc	1425b4d4	START/ZIPPED/DOS/MOD/QUAK.ZIP/QUACKREM.XM
45ab154479137faa58eb187fc62dc229	1	296136	player+silence	st3play	Scream Tracker 3.2x (SB)	16	120560	84d2625a	a9b3fb07	START/PROGS/DOS/MUSIC/CUBIC14L/GBT-TURN.S3M
45ab154479137faa58eb187fc62dc229	1	296136	player+silence	st3play	Scream Tracker 3.2x (SB)	16	120560	84d2625a	a9b3fb07	START/ZIPPED/DOS/MOD/MOZ-0003.ZIP/GBT-TURN.S3M
45ae7c044a6bbd196066b89ccbb9e683	1	91991	player	st3play	Scream Tracker 3.2x (SB)	16	27030	a81d1a8b	6999b8ca	START/PROGS/DOS/MUSIC/CUBIC14L/HOO-LOS.S3M
45ae7c044a6bbd196066b89ccbb9e683	1	91991	player	st3play	Scream Tracker 3.2x (SB)	16	27030	a81d1a8b	6999b8ca	START/ZIPPED/DOS/MOD/HOO-LOS.ZIP/HOO-LOS.S3M
462e19c89dfb4b480052f45f8dab61da	1	163188	player+silence	st3play	Scream Tracker 3.2x (SB)	16	113618	9c079335	727317aa	START/PROGS/DOS/MUSIC/CUBIC14L/LOSEIT.S3M
462e19c89dfb4b480052f45f8dab61da	1	163188	player+silence	st3play	Scream Tracker 3.2x (SB)	16	113618	9c079335	727317aa	START/ZIPPED/DOS/MOD/S3M23COL.ZIP/LOSEIT.S3M
464ff4475d3db7b7a39351338f6f22bc	1	422522	player	uade	Protracker	0	99617	5a434880	5c691c18	START/PROGS/DOS/PROGS/DAILY20/12.MOD
464ff4475d3db7b7a39351338f6f22bc	1	422522	player	uade	Protracker	0	99617	5a434880	5c691c18	START/ZIPPED/DOS/PROGS/DAILY20.ZIP/12.MOD
466aabcb320fd0ce61f5cf0d373708d1	0	380720	player+silence	libopenmpt	X-Tracker	19	268979	e4b12682	3c51f0f7	START/ZIPPED/DOS/MOD/RR_CH7-4.ZIP/CAN-STND.DMF
471a1b3d54f9c5ae43abfbcfd3678169	1	475388	player+volume	st3play	Scream Tracker 3.01 (SB)	16	297160	1b907270	7ba4b880	START/PROGS/DOS/MUSIC/CUBIC14L/DEEP.S3M
471a1b3d54f9c5ae43abfbcfd3678169	1	475388	player+volume	st3play	Scream Tracker 3.01 (SB)	16	297160	1b907270	7ba4b880	START/ZIPPED/DOS/MOD/SOSMUSIC.ZIP/DEEP.S3M
47959743acadc1bfca0d938c5e05171b	1	504419	player+silence	st3play	Scream Tracker 3.01 (SB)	16	356910	b866f9c4	68886323	START/PROGS/DOS/MUSIC/CUBIC14L/CYBERSTR.S3M
47959743acadc1bfca0d938c5e05171b	1	504419	player+silence	st3play	Scream Tracker 3.01 (SB)	16	356910	b866f9c4	68886323	START/ZIPPED/DOS/MOD/CYBERST.ZIP/CYBERSTR.S3M
494815bef1cd10c38dcccc5e888938b0	1	204003	player+silence	st3play	Scream Tracker 3.2x (GUS)	16	288569	63ff4628	5d93b26d	START/PROGS/DOS/MUSIC/CUBIC14L/GNDRAISE.S3M
494815bef1cd10c38dcccc5e888938b0	1	204003	player+silence	st3play	Scream Tracker 3.2x (GUS)	16	288569	63ff4628	5d93b26d	START/ZIPPED/DOS/MOD/GNDRAISE.ZIP/GNDRAISE.S3M
49b3aad62972083dcaad4762b088ca4d	1	223112	player+silence	st3play	Scream Tracker 3.2x (SB)	8	100164	0ef3188b	d1ab3c18	START/PROGS/DOS/MUSIC/CUBIC14L/WHITESKY.S3M
49b3aad62972083dcaad4762b088ca4d	1	223112	player+silence	st3play	Scream Tracker 3.2x (SB)	8	100164	0ef3188b	d1ab3c18	START/ZIPPED/DOS/MOD/EPI-OTN4.ZIP/WHITESKY.S3M
4a20e60b0397b7d9c0a7f3cccf7110fb	1	301773	player+silence	st3play	Scream Tracker 3.2x (GUS)	16	534023	97ca3735	246744a7	START/PROGS/DOS/MUSIC/CUBIC14L/NOT-REAL.S3M
4a20e60b0397b7d9c0a7f3cccf7110fb	1	301773	player+silence	st3play	Scream Tracker 3.2x (GUS)	16	534023	97ca3735	246744a7	START/ZIPPED/DOS/MOD/NOT-REAL.ZIP/NOT-REAL.S3M
4b163440106dfb9eb38a5f5bd782a2fd	1	300268	player	st3play	Scream Tracker 3.2x (GUS)	14	599996	46f3db49	0a4df857	START/PROGS/DOS/DEMOS/MENTAL-R/MR.S3M
4b163440106dfb9eb38a5f5bd782a2fd	1	300268	player	st3play	Scream Tracker 3.2x (GUS)	14	599996	46f3db49	0a4df857	START/ZIPPED/DOS/DEMOS/MENTAL-R.ZIP/MR.S3M
4b928512fb625c823df256c6b1f169f5	1	162984	player	st3play	Scream Tracker 3.2x (GUS)	8	300818	e2960209	99d8cfb5	START/PROGS/DOS/MUSIC/CUBIC14L/RAIN.S3M
4b928512fb625c823df256c6b1f169f5	1	162984	player	st3play	Scream Tracker 3.2x (GUS)	8	300818	e2960209	99d8cfb5	START/ZIPPED/DOS/MOD/RAIN.ZIP/RAIN.S3M
4c2be1595c0175fd6fc1fee9fa0ea2f9	1	285383	player+silence	st3play	Scream Tracker 3.2x (GUS)	11	156850	924ff76f	2b4ffffa	START/PROGS/DOS/MUSIC/CUBIC14L/M_AFRICA.S3M
4c2be1595c0175fd6fc1fee9fa0ea2f9	1	285383	player+silence	st3play	Scream Tracker 3.2x (GUS)	11	156850	924ff76f	2b4ffffa	START/ZIPPED/DOS/MOD/M_AFRICA.ZIP/M_AFRICA.S3M
4c2de515279e56e688bb1f2f8d089708	1	480954	player+silence	uade	Protracker	0	306062	0cfc18a2	9f5d4e5b	START/PROGS/DOS/MUSIC/CUBIC14L/HARDCVIB.MOD
4c2de515279e56e688bb1f2f8d089708	1	480954	player+silence	uade	Protracker	0	306062	0cfc18a2	9f5d4e5b	START/ZIPPED/DOS/MOD/HARDCVIB.ZIP/HARDCVIB.MOD
4c36e309308030691ad284862d62a068	1	254433	player	uade	Protracker	0	217026	90b2c4b9	7bdf2daa	START/ZIPPED/DOS/DEMOS/IMPHOB10.ZIP/DATA.001
4c6b78d809dd2df84491ca8900410067	1	180941	player	ft2play	FastTracker v2.00	14	503567	f1f42ef0	5f287555	START/ZIPPED/DOS/MOD/JZ-LETIT.ZIP/JZ-LETI2.XM
4cbbaeacce3732c466f62b8932e9ff14	1	214589	player+silence	ft2play	FastTracker v2.00	12	1237488	9fad1591	3d8a93d5	START/ZIPPED/DOS/MOD/B13-0021.ZIP/INTERACT.XM
4d1bd1590db4adfb11e2a8541ec64145	0	127821	player	libopenmpt	X-Tracker	9	92589	ddf10890	fb3c24da	START/ZIPPED/DOS/DEMOS/ASM95PUR.ZIP/ECLIPSE2.DMF
4d1bd1590db4adfb11e2a8541ec64145	1	3993	player+silence
4e0e14c9708ecb3f98397d068e49db9f	1	902232	player	uade	Protracker	0	393246	15705443	2dffc514	START/PROGS/DOS/MUSIC/CUBIC14L/ETERNIT2.MOD
4e0e14c9708ecb3f98397d068e49db9f	1	902232	player	uade	Protracker	0	393246	15705443	2dffc514	START/ZIPPED/DOS/MOD/NX95-SMT.ZIP/ETERNIT2.MOD
4e4b11867a0d314d2dc51a91d48ed66d	1	14520	player+silence	st3play	Scream Tracker 3.2x (SB)	4	58746	fbbf08a6	5e6ff493	START/PROGS/DOS/MUSIC/CUBIC14L/NOPURPOS.S3M
4e4b11867a0d314d2dc51a91d48ed66d	1	14520	player+silence	st3play	Scream Tracker 3.2x (SB)	4	58746	fbbf08a6	5e6ff493	START/ZIPPED/DOS/MOD/THEGIRL.ZIP/NOPURPOS.S3M
4e675f08f2eeb508e61de72de9001ad8	1	109000	player+silence	st3play	Scream Tracker 3.2x (SB)	16	73260	9f2cf358	fa76caf2	START/PROGS/DOS/MUSIC/CUBIC14L/UNBORN.S3M
4e675f08f2eeb508e61de72de9001ad8	1	109000	player+silence	st3play	Scream Tracker 3.2x (SB)	16	73260	9f2cf358	fa76caf2	START/ZIPPED/DOS/MOD/UNBORN.ZIP/UNBORN.S3M
4e82ab3e05f5b7d1e1390bd5d7cc0126	1	121389	player	st3play	Scream Tracker 3.2x (GUS)	16	81410	ae430e22	fedbdfc3	START/PROGS/DOS/MUSIC/CUBIC14L/POSVIBRA.S3M
4e82ab3e05f5b7d1e1390bd5d7cc0126	1	121389	player	st3play	Scream Tracker 3.2x (GUS)	16	81410	ae430e22	fedbdfc3	START/ZIPPED/DOS/MOD/POSVIBRA.ZIP/POSVIBRA.S3M
4f2c206eb671df77cf7d72131c17bc55	1	250836	player+volume	st3play	Scream Tracker 3.01 (GUS)	16	485532	2be6b24c	c545f19e	START/PROGS/DOS/MUSIC/CUBIC14L/SPIRIT.S3M
4f2c206eb671df77cf7d72131c17bc55	1	250836	player+volume	st3play	Scream Tracker 3.01 (GUS)	16	485532	2be6b24c	c545f19e	START/ZIPPED/DOS/MOD/EPI-OTN3.ZIP/SPIRIT.S3M
4fcceccf46037bc8d8f4f8b7d98cd642	1	293959	player+silence	ft2play	FastTracker v2.00	18	424056	d6443bb0	f45d2371	START/ZIPPED/DOS/MOD/SPICED.ZIP/TRACK_O4.XM
4ffdc618ab19229669759ffe4ec4bf37	1	61729	player	uade	Protracker	0	34080	d1dca57d	989ed55c	START/PROGS/DOS/MUSIC/CUBIC14L/DPSPCWAR.MOD
4ffdc618ab19229669759ffe4ec4bf37	1	61729	player	uade	Protracker	0	34080	d1dca57d	989ed55c	START/ZIPPED/DOS/MOD/HW-DARK.ZIP/MOD.DEE
505122726bcf7a7627de62ad3e8b2532	1	46578	player	uade	Protracker	0	5666	3f791e6e	79736e9c	START/ZIPPED/DOS/MOD/HW-CHIP.ZIP/MOD.WHA
53601381a4a87280ea1a5da2c08cfea4	0	311006	player+silence	libopenmpt	MultiTracker 1.0	14	704952	a70ac1ea	2e36a4cc	START/ZIPPED/DOS/MOD/EPI-OTN4.ZIP/WOFAITH.MTM
53e1e406391e43dbeb242691f15bdcc6	1	61568	player	uade	Protracker	0	11166	761f2b2a	cf3350d7	START/PROGS/DOS/MUSIC/CUBIC14L/REPULSIV.MOD
53e1e406391e43dbeb242691f15bdcc6	1	61568	player	uade	Protracker	0	11166	761f2b2a	cf3350d7	START/ZIPPED/DOS/MOD/HW-CHIP.ZIP/MOD.REP
5422cfdd9c59e71fb81783207f526f69	1	407707	player+silence	uade	Protracker	0	212647	98953456	f64f9efe	START/PROGS/DOS/PROGS/DAILY20/16.MOD
5422cfdd9c59e71fb81783207f526f69	1	407707	player+silence	uade	Protracker	0	212647	98953456	f64f9efe	START/ZIPPED/DOS/PROGS/DAILY20.ZIP/16.MOD
54ad48bd0016b14360f8972d730115c2	1	192141	player	uade	Protracker compatible	0	56646	1f379399	afb0c2a5	START/PROGS/DOS/PROGS/DAILY20/10.MOD
54ad48bd0016b14360f8972d730115c2	1	192141	player	uade	Protracker compatible	0	56646	1f379399	afb0c2a5	START/ZIPPED/DOS/PROGS/DAILY20.ZIP/10.MOD
54c076a999713c1571504090bd333361	1	138369	player	uade	Noisetracker 1.x	0	64200	8d690ba3	f06665b3	START/PROGS/DOS/MUSIC/CUBIC14L/POWER.MOD
54c076a999713c1571504090bd333361	1	138369	player	uade	Noisetracker 1.x	0	64200	8d690ba3	f06665b3	START/ZIPPED/DOS/MOD/BTAPOWER.ZIP/POWER.MOD
565ec1f9cd03341e5a7ea36f90367ac1	1	184023	player	st3play	Scream Tracker 3.2x (SB)	16	400809	0ddf90eb	22ecb56e	START/PROGS/DOS/MUSIC/CUBIC14L/PHIST.S3M
565ec1f9cd03341e5a7ea36f90367ac1	1	184023	player	st3play	Scream Tracker 3.2x (SB)	16	400809	0ddf90eb	22ecb56e	START/ZIPPED/DOS/MOD/PHIST.ZIP/PHIST.S3M
570acb1cc680afaf28c97d33975cd082	1	171908	player+silence	ft2play	FastTracker v2.00	12	548412	020b9d6b	07b211f3	START/ZIPPED/DOS/MOD/LIIDETAA.ZIP/LIIDETAA.XM
57ab63444f21a41eeaa8043a15cf11b1	1	227172	player+silence	st3play	Scream Tracker 3.2x (GUS)	12	294570	746780d9	471d4f0f	START/PROGS/DOS/MUSIC/CUBIC14L/AV-FEVER.S3M
57ab63444f21a41eeaa8043a15cf11b1	1	227172	player+silence	st3play	Scream Tracker 3.2x (GUS)	12	294570	746780d9	471d4f0f	START/ZIPPED/DOS/MOD/AV-FEVER.ZIP/AV-FEVER.S3M
581b20e64ce6979b58617ea5fc2588d1	1	156226	player+volume	st3play	Scream Tracker 3.2x (SB)	7	93508	f004c7f3	9ba18c81	START/PROGS/DOS/MUSIC/CUBIC14L/ADAGIO.S3M
581b20e64ce6979b58617ea5fc2588d1	1	156226	player+volume	st3play	Scream Tracker 3.2x (SB)	7	93508	f004c7f3	9ba18c81	START/ZIPPED/DOS/MOD/EPI-OTN1.ZIP/ADAGIO.S3M
5877077619d24d6420449dd68ac6a322	1	155630	player	uade	Protracker	0	153914	f40f9a29	f70676ee	START/PROGS/DOS/MUSIC/CUBIC14L/COVER_UP.MOD
5877077619d24d6420449dd68ac6a322	1	155630	player	uade	Protracker	0	153914	f40f9a29	f70676ee	START/ZIPPED/DOS/MOD/RAW8_SFX.ZIP/COVER_UP.MOD
588d5db0e724d5dc7b41866aaeda9d48	1	82225	player	st3play	Scream Tracker 3.2x (SB)	4	109114	ce44d907	83c5a333	START/PROGS/DOS/MUSIC/CUBIC14L/TAB.S3M
588d5db0e724d5dc7b41866aaeda9d48	1	82225	player	st3play	Scream Tracker 3.2x (SB)	4	109114	ce44d907	83c5a333	START/ZIPPED/DOS/MOD/DS-TAB.ZIP/TAB.S3M
588d5db0e724d5dc7b41866aaeda9d48	2	11635	player+silence
59a95d92f75154aeaba70b70c304c507	1	199362	player	ft2play	FastTracker v2.00	14	484722	c2771717	7217b7c1	START/ZIPPED/DOS/MOD/JACKD95.ZIP/JACKD95.XM
59de415148148ef8b53655b779f6e89d	1	286504	player	st3play	Scream Tracker 3.2x (SB)	16	146454	7317345f	4d121e58	START/PROGS/DOS/MUSIC/CUBIC14L/HOO-DRE.S3M
59de415148148ef8b53655b779f6e89d	1	286504	player	st3play	Scream Tracker 3.2x (SB)	16	146454	7317345f	4d121e58	START/ZIPPED/DOS/MOD/HOO-DRE.ZIP/HOO-DRE.S3M
59f5ac586b92e00336318402ada3971e	1	205383	player	st3play	Scream Tracker 3.2x (SB)	16	480826	170da217	9ba92a41	START/ZIPPED/DOS/MOD/SKY_RNGR.ZIP/SKY_RNGR.EXE/SKY_RNGR.S3M
5a966346e9275968ad54f6655685d2d0	1	203402	player+silence	st3play	Scream Tracker 3.2x (GUS)	16	149890	821a44fa	e3fad693	START/PROGS/DOS/MUSIC/CUBIC14L/LRY-HBRK.S3M
5a966346e9275968ad54f6655685d2d0	1	203402	player+silence	st3play	Scream Tracker 3.2x (GUS)	16	149890	821a44fa	e3fad693	START/ZIPPED/DOS/MOD/LRY-HBRK.ZIP/LRY-HBRK.S3M
5b0bcbd3a3f0c6eb6ff453e2372602bf	1	178029	player+silence	st3play	Scream Tracker 3.2x (SB)	11	540478	f9ff4d6d	0c962f53	START/PROGS/DOS/MUSIC/CUBIC14L/RAKKAUT.S3M
5b0bcbd3a3f0c6eb6ff453e2372602bf	1	178029	player+silence	st3play	Scream Tracker 3.2x (SB)	11	540478	f9ff4d6d	0c962f53	START/ZIPPED/DOS/MOD/RAKKAUT.ZIP/RAKKAUT.S3M
5d0072b109eaf2589ece7604b4160b53	0	19655	player+silence	libopenmpt	DSIK Format	4	20881	b02c0292	76a24278	START/ZIPPED/DOS/GAMES/MEGAMA12.ZIP/ST.DCM
5d75327eaee37c78f06ae3de5f1b95d2	1	146040	player	ft2play	FastTracker v2.00	12	308690	48a26e4e	bbfd7130	START/ZIPPED/DOS/MOD/KATOPSKA.ZIP/KATOPSKA.XM
5d9d520e3686ad300da8e0a777807ebb	1	173841	player+silence	st3play	Scream Tracker 3.2x (SB)	16	320418	4979503f	55395a2f	START/PROGS/DOS/MUSIC/CUBIC14L/ITICCA.S3M
5d9d520e3686ad300da8e0a777807ebb	1	173841	player+silence	st3play	Scream Tracker 3.2x (SB)	16	320418	4979503f	55395a2f	START/ZIPPED/DOS/MOD/ITICCA.ZIP/ITICCA.S3M
5db8a1d1c963b1e6fe2812cb7ccc175a	1	230019	player	st3play	Scream Tracker 3.2x (SB)	16	207854	76450e9c	18ec5d6f	START/PROGS/DOS/MUSIC/CUBIC14L/ACIDREB.S3M
5db8a1d1c963b1e6fe2812cb7ccc175a	1	230019	player	st3play	Scream Tracker 3.2x (SB)	16	207854	76450e9c	18ec5d6f	START/ZIPPED/DOS/MOD/ACIDREB.ZIP/ACIDREB.S3M
5e38cb7f1963d7a5895898b6f1b0abc9	1	136457	player+silence	st3play	Scream Tracker 3.2x (SB)	16	185244	1b8e861d	521e1cf7	START/PROGS/DOS/MUSIC/CUBIC14L/OLE.S3M
5e38cb7f1963d7a5895898b6f1b0abc9	1	136457	player+silence	st3play	Scream Tracker 3.2x (SB)	16	185244	1b8e861d	521e1cf7	START/ZIPPED/DOS/MOD/S3M25COL.ZIP/OLE.S3M
5ec34a5191c1e4429ba3d8d95c8ba0f1	1	440908	player	st3play	Scream Tracker 3.2x (GUS)	16	170590	c0c941e5	f311032b	START/PROGS/DOS/DEMOS/NOPE/NOPE.S3M
5ec34a5191c1e4429ba3d8d95c8ba0f1	1	440908	player	st3play	Scream Tracker 3.2x (GUS)	16	170590	c0c941e5	f311032b	START/ZIPPED/DOS/DEMOS/NOPE.ZIP/NOPE.S3M
5ed68bcde2ff10c09a58f9fc3f6eb243	1	161959	player+silence	st3play	Scream Tracker 3.01 (SB)	16	212926	f3bd34c0	bdf15e21	START/PROGS/DOS/MUSIC/CUBIC14L/AN_GOTGE.S3M
5ed68bcde2ff10c09a58f9fc3f6eb243	1	161959	player+silence	st3play	Scream Tracker 3.01 (SB)	16	212926	f3bd34c0	bdf15e21	START/ZIPPED/DOS/MOD/BTB-CUBE.ZIP/AN_GOTGE.S3M
5f48dcf3b78104a4fc1e027066a6d1e0	1	208156	player	uade	Protracker	0	155790	5c757eae	4059504d	START/PROGS/DOS/MUSIC/CUBIC14L/SKYRDERS.MOD
5f48dcf3b78104a4fc1e027066a6d1e0	1	208156	player	uade	Protracker	0	155790	5c757eae	4059504d	START/ZIPPED/DOS/MOD/HW-SKYR.ZIP/MOD.SKY
5ff52e8ea586b63b967eef485f06bcd2	0	250912	player+silence	libopenmpt	MultiTracker 1.0	10	329121	3be9eab5	013f9b16	START/ZIPPED/DOS/MOD/K_EQUAL.ZIP/K_EQUAL.MTM
60274f035777823998ea8b84d2704f21	1	232150	player+silence	st3play	Scream Tracker 3.2x (SB)	16	426849	e506a235	f4ab51fe	START/PROGS/DOS/MUSIC/CUBIC14L/CUTMASTR.S3M
60274f035777823998ea8b84d2704f21	1	232150	player+silence	st3play	Scream Tracker 3.2x (SB)	16	426849	e506a235	f4ab51fe	START/ZIPPED/DOS/MOD/CUTMASTR.ZIP/CUTMASTR.S3M
6034d988b78764803fa1789d194babdc	1	167485	player	st3play	Scream Tracker 3.2x (SB)	16	458285	33bb3047	0427a5a4	START/PROGS/DOS/MUSIC/CUBIC14L/LATOUR.S3M
6034d988b78764803fa1789d194babdc	1	167485	player	st3play	Scream Tracker 3.2x (SB)	16	458285	33bb3047	0427a5a4	START/ZIPPED/DOS/MOD/LATOUR.ZIP/LATOUR.S3M
60400e92f8d4f847c194d818d3ee6480	0	50804	player	libopenmpt	DSIK Format	16	34683	828a4e91	64ddee02	START/PROGS/DOS/GAMES/TETRIX2/SOUND_1.SND
60400e92f8d4f847c194d818d3ee6480	0	50804	player	libopenmpt	DSIK Format	16	34683	828a4e91	64ddee02	START/ZIPPED/DOS/GAMES/TETRIX2.ZIP/SOUND_1.SND
60446a2b6a76e03d4f95ce3dd01c0e38	1	236096	player+silence	st3play	Scream Tracker 3.2x (SB)	12	599839	a24b72d8	adc3525c	START/PROGS/DOS/MUSIC/CUBIC14L/CAPRI.S3M
60446a2b6a76e03d4f95ce3dd01c0e38	1	236096	player+silence	st3play	Scream Tracker 3.2x (SB)	12	599839	a24b72d8	adc3525c	START/ZIPPED/DOS/MOD/CAPRI.ZIP/CAPRI.S3M
619e46f79549cfb5e908e89a15c0cf1a	1	181728	player+silence	st3play	Scream Tracker 3.2x (SB)	16	105756	1e740274	d277109b	START/PROGS/DOS/MUSIC/CUBIC14L/BACON.S3M
619e46f79549cfb5e908e89a15c0cf1a	1	181728	player+silence	st3play	Scream Tracker 3.2x (SB)	16	105756	1e740274	d277109b	START/ZIPPED/DOS/MOD/S3M18COL.ZIP/BACON.S3M
62eab077b4ee5a1c3ad48d9e601dd7bc	1	180446	player+silence	ft2play	FastTracker v2.00	10	915035	3be50b17	2fae45a5	START/ZIPPED/DOS/MOD/BREAD.ZIP/BREAD.XM
62facb34438414a9767428d277029f80	1	171464	player	st23play	Scream Tracker 2.x	4	187962	5e4e9bc5	86facc10	START/PROGS/DOS/MUSIC/CUBIC14L/WATER.STM
62facb34438414a9767428d277029f80	1	171464	player	st23play	Scream Tracker 2.x	4	187962	5e4e9bc5	86facc10	START/ZIPPED/DOS/MOD/MPX7WATE.ZIP/WATER.STM
639926fd21ac23743f5b8422490692bc	1	176097	player	ft2play	FastTracker v2.00	10	115492	08c93047	4bd089ab	START/ZIPPED/DOS/MOD/PN_NIGHT.ZIP/NIGHTM.XM
63b400a25092ee7396e5a2454ed7e570	1	172518	player+volume	st3play	Scream Tracker 3.2x (GUS)	16	777302	207c2176	fbe78540	START/PROGS/DOS/MUSIC/CUBIC14L/DOWN.S3M
63b400a25092ee7396e5a2454ed7e570	1	172518	player+volume	st3play	Scream Tracker 3.2x (GUS)	16	777302	207c2176	fbe78540	START/ZIPPED/DOS/MOD/EQUAL1.ZIP/DOWN.S3M
643b8c4e3084a99e08a93c8858c253c1	0	401784	player+silence	libopenmpt	X-Tracker	13	149322	af93394f	7a148e33	START/ZIPPED/DOS/MOD/RR_CH7-2.ZIP/CAN-0006.DMF
64cd8b1f45bfae9ada88f8ed023dedca	1	65162	player	ft2play	FastTracker v2.00	16	133123	08f305ab	894dbaff	START/ZIPPED/DOS/MOD/MODIFICA.ZIP/MODIFICA.XM
653433c164a544538ca3930917260c72	1	304528	player	st3play	Scream Tracker 3.01 (SB)	16	249948	e925eb2b	dbecf02e	START/PROGS/DOS/MUSIC/CUBIC14L/TT.S3M
653433c164a544538ca3930917260c72	1	304528	player	st3play	Scream Tracker 3.01 (SB)	16	249948	e925eb2b	dbecf02e	START/ZIPPED/DOS/MOD/TORMENT.ZIP/TT.S3M
655ff347717a756469a7c3d764d730f9	1	168671	player	st3play	Scream Tracker 3.2x (GUS)	8	171018	b46ed00b	b6040378	START/PROGS/DOS/MUSIC/CUBIC14L/WHAT_HAP.S3M
655ff347717a756469a7c3d764d730f9	1	168671	player	st3play	Scream Tracker 3.2x (GUS)	8	171018	b46ed00b	b6040378	START/ZIPPED/DOS/MOD/CODEBRK.ZIP/WHAT_HAP.S3M
6722a367de251978f6f52494eee6878f	1	103545	player	st3play	Scream Tracker 3.2x (GUS)	8	12926	52955000	d6da0bde	START/PROGS/DOS/MUSIC/CUBIC14L/CL-CHIP3.S3M
6722a367de251978f6f52494eee6878f	1	103545	player	st3play	Scream Tracker 3.2x (GUS)	8	12926	52955000	d6da0bde	START/ZIPPED/DOS/MOD/EPI-OTN1.ZIP/CL-CHIP3.S3M
67e29fae5ef04feee29a7cf686ac3f99	0	272234	player	libopenmpt	DSMI Advanced Music Format v14	12	99454	5a3cae4b	8f46854e	START/ZIPPED/DOS/GAMES/BOLZ_100.ZIP/DISK_3.EXE/SONGS/SHARWARE.002
67e29fae5ef04feee29a7cf686ac3f99	0	272234	player	libopenmpt	DSMI Advanced Music Format v14	12	99454	5a3cae4b	8f46854e	START/ZIPPED/DOS/GAMES/BOLZ10S3.ZIP/DISK_3.EXE/SONGS/SHARWARE.002
68a446331986f6b5a275efcd82c41b62	1	206811	player	ft2play	FastTracker v2.00	6	176542	555a0d38	792f8513	START/ZIPPED/DOS/MOD/MORBID2.ZIP/MORBID2.XM
68b1819a9677e5ed638db68ad54ef3e6	0	174900	player	libopenmpt	DSMI Advanced Music Format v14	10	137540	bcf91811	fd09682d	START/ZIPPED/DOS/GAMES/BOLZ_100.ZIP/DISK_3.EXE/SONGS/SHARWARE.003
68b1819a9677e5ed638db68ad54ef3e6	0	174900	player	libopenmpt	DSMI Advanced Music Format v14	10	137540	bcf91811	fd09682d	START/ZIPPED/DOS/GAMES/BOLZ10S3.ZIP/DISK_3.EXE/SONGS/SHARWARE.003
6a88926b0331678acc30e7ac1cfe21bb	1	66672	player	uade	Protracker	0	17492	c2217db3	8392e49f	START/PROGS/DOS/MUSIC/CUBIC14L/!-K.MOD
6a88926b0331678acc30e7ac1cfe21bb	1	66672	player	uade	Protracker	0	17492	c2217db3	8392e49f	START/ZIPPED/DOS/MOD/HW-CHIP.ZIP/MOD.!-K
6aaa3e6274f3e1283c5b830b4c18bd2f	1	135073	player	st3play	Scream Tracker 3.2x (GUS)	10	736929	6e6e0ab3	647b9d25	START/PROGS/DOS/MUSIC/CUBIC14L/4TH_IN_C.S3M
6aaa3e6274f3e1283c5b830b4c18bd2f	1	135073	player	st3play	Scream Tracker 3.2x (GUS)	10	736929	6e6e0ab3	647b9d25	START/ZIPPED/DOS/MOD/EQUAL1.ZIP/4TH_IN_C.S3M
6ad011a6148c4bfff323796e3ac98402	1	226020	player	st3play	Scream Tracker 3.2x (SB)	8	164230	e300c21e	f7b70a24	START/PROGS/DOS/MUSIC/CUBIC14L/DUB!.S3M
6ad011a6148c4bfff323796e3ac98402	1	226020	player	st3play	Scream Tracker 3.2x (SB)	8	164230	e300c21e	f7b70a24	START/ZIPPED/DOS/MOD/EPI-OTN1.ZIP/DUB!.S3M
6b58032af2d0cb7c5204d01f5a861e60	1	256351	player+silence	st3play	Scream Tracker 3.2x (GUS)	9	115380	11aad639	d0309332	START/PROGS/DOS/MUSIC/CUBIC14L/HOUSEONE.S3M
6b58032af2d0cb7c5204d01f5a861e60	1	256351	player+silence	st3play	Scream Tracker 3.2x (GUS)	9	115380	11aad639	d0309332	START/ZIPPED/DOS/MOD/HOUSEONE.ZIP/HOUSEONE.S3M
6c058f252ee25df7c4ea61f4cab366d8	1	273938	player+silence	st3play	Scream Tracker 3.2x (GUS)	16	164557	94a2096d	f28fbf1e	START/PROGS/DOS/MUSIC/CUBIC14L/COMA.S3M
6c058f252ee25df7c4ea61f4cab366d8	1	273938	player+silence	st3play	Scream Tracker 3.2x (GUS)	16	164557	94a2096d	f28fbf1e	START/ZIPPED/DOS/MOD/OCT-COMA.ZIP/COMA.S3M
6c0d5d1218a33699442af25adc8f2da6	1	267326	player+silence	st3play	Scream Tracker 3.01 (GUS)	12	354654	f1bb3fc8	ea825be1	START/PROGS/DOS/MUSIC/CUBIC14L/ROOTS.S3M
6c0d5d1218a33699442af25adc8f2da6	1	267326	player+silence	st3play	Scream Tracker 3.01 (GUS)	12	354654	f1bb3fc8	ea825be1	START/ZIPPED/DOS/MOD/EPI-OTN3.ZIP/ROOTS.S3M
6c31ddf7449afd0b4f9b2e8b43f55441	1	239985	player	uade	Protracker compatible	0	148960	da3b8f60	beebd3aa	START/ZIPPED/DOS/DEMOS/IMPHOB10.ZIP/DATA.003
6cae2c2d3d88e31586e3acb4d3beb271	0	415306	player+silence	libopenmpt	X-Tracker	33	756855	335b7e2e	0c356dca	START/ZIPPED/DOS/MOD/RR_CH7-6.ZIP/RAN-LOVE.DMF
6d4c35b4ca53d9a9764089a5567b2ece	1	51320	player	uade	Protracker	0	68094	81d5758e	0efd3baf	START/PROGS/DOS/GAMES/DIGGERS/SOUND/BOOK.MOD
6d4c35b4ca53d9a9764089a5567b2ece	1	51320	player	uade	Protracker	0	68094	81d5758e	0efd3baf	START/ZIPPED/DOS/GAMES/DIGGERS.ZIP/BOOK.MOD
6da646acad721bf58b42082dfedec94f	1	348285	player	ft2play	FastTracker v2.00	10	523213	cb303aac	c62e9ac5	START/ZIPPED/DOS/MOD/OBLTRTN.ZIP/OBLTRTN.XM
6e22125fd7a558bd5aaca58549deaee9	0	324955	player	libopenmpt	DSIK Format	4	82378	17761e4e	cc07023b	START/ZIPPED/DOS/GAMES/MEGAMA12.ZIP/MENU.DCM
6e2351a3122c5dfd05c5f078c776bd60	1	60845	player	uade	Protracker	0	20630	953ed0db	3e800f02	START/PROGS/DOS/MUSIC/CUBIC14L/NEMOWALT.MOD
6e2351a3122c5dfd05c5f078c776bd60	1	60845	player	uade	Protracker	0	20630	953ed0db	3e800f02	START/ZIPPED/DOS/MOD/HW-CHIP.ZIP/MOD.NEM
6e954df68bc4a664b5491065cd5f2ba5	1	23168	player	uade	Protracker	0	34896	83b808b8	6a0e9c16	START/PROGS/DOS/GAMES/DIGGERS/SOUND/BANK.MOD
6e954df68bc4a664b5491065cd5f2ba5	1	23168	player	uade	Protracker	0	34896	83b808b8	6a0e9c16	START/ZIPPED/DOS/GAMES/DIGGERS.ZIP/BANK.MOD
6e9bc531cda584e1a7d73133020b1c48	1	186846	player+silence	st3play	Scream Tracker 3.2x (SB)	12	537216	ec664a8d	c83317f9	START/PROGS/DOS/MUSIC/CUBIC14L/WIZARDS.S3M
6e9bc531cda584e1a7d73133020b1c48	1	186846	player+silence	st3play	Scream Tracker 3.2x (SB)	12	537216	ec664a8d	c83317f9	START/ZIPPED/DOS/MOD/DINASTY.ZIP/SCN_WIZ.ZIP/WIZARDS.S3M
6f0c3a04cd8a37cfd5bdb5fcaa773a6d	1	20074	player	uade	Protracker	0	65544	eac563b1	cca7ccec	START/PROGS/DOS/MUSIC/CUBIC14L/AMU-ENWA.MOD
6f0c3a04cd8a37cfd5bdb5fcaa773a6d	1	20074	player	uade	Protracker	0	65544	eac563b1	cca7ccec	START/ZIPPED/DOS/MOD/AMU-ENWA.ZIP/AMU-ENWA.MOD
6f4ba9b1d19c59160b28661a3edc11ea	1	234942	player	st3play	Scream Tracker 3.2x (GUS)	16	772298	a9538647	96c70ab6	START/PROGS/DOS/MUSIC/CUBIC14L/BRILIANT.S3M
6f4ba9b1d19c59160b28661a3edc11ea	1	234942	player	st3play	Scream Tracker 3.2x (GUS)	16	772298	a9538647	96c70ab6	START/ZIPPED/DOS/MOD/BRILIANT.ZIP/BRILIANT.S3M
705c64e19a1e69c4403e07f827ceae50	1	226149	player+silence	st3play	Scream Tracker 3.2x (SB)	16	61868	d7f5d874	4e9c5e67	START/PROGS/DOS/MUSIC/CUBIC14L/LACERTA.S3M
705c64e19a1e69c4403e07f827ceae50	1	226149	player+silence	st3play	Scream Tracker 3.2x (SB)	16	61868	d7f5d874	4e9c5e67	START/ZIPPED/DOS/MOD/S3M14COL.ZIP/LACERTA.S3M
70bc8482a37095a77342274294cadc2c	1	180229	player+silence	ft2play	FastTracker v2.00	10	473545	5b6dcca0	da2d820a	START/ZIPPED/DOS/MOD/CNT!HOLD.ZIP/CNT!HOLD.XM
71bf868c58e4cb96ab4216bf5dc85054	1	30824	player	uade	Protracker	0	8694	eb3ab7d9	fe2207e6	START/PROGS/DOS/MUSIC/CUBIC14L/KAP.MOD
71bf868c58e4cb96ab4216bf5dc85054	1	30824	player	uade	Protracker	0	8694	eb3ab7d9	fe2207e6	START/ZIPPED/DOS/MOD/HW-CHIP.ZIP/MOD.KAP
72ab795a551fb391ec4d09eb2d35c9c9	1	114750	player+volume	ft2play	FastTracker v2.00	8	174906	c281a3f0	ee12df89	START/ZIPPED/DOS/MOD/MOZ-0003.ZIP/DRZ-LTSF.XM
72e655246b2c717a8bcdf720fa5daf30	1	193458	player+silence	st3play	Scream Tracker 3.2x (GUS)	16	265770	3f54b06f	76413150	START/PROGS/DOS/MUSIC/CUBIC14L/LRY-META.S3M
72e655246b2c717a8bcdf720fa5daf30	1	193458	player+silence	st3play	Scream Tracker 3.2x (GUS)	16	265770	3f54b06f	76413150	START/ZIPPED/DOS/MOD/LRY-META.ZIP/LRY-META.S3M
73535a1cc41ca164731990c60001b8c0	1	224533	player	uade	Protracker	0	369122	0080b807	42a40213	START/ZIPPED/DOS/TEXT/INF_DSK7.ZIP/ABSOLUT.MOD
737ff5a8d5f22fc3ea5ee6def37d124a	1	169776	player	st3play	Scream Tracker 3.2x (GUS)	16	158724	b5fd18b9	32329d5b	START/PROGS/DOS/MUSIC/CUBIC14L/HEARTUNE.S3M
737ff5a8d5f22fc3ea5ee6def37d124a	1	169776	player	st3play	Scream Tracker 3.2x (GUS)	16	158724	b5fd18b9	32329d5b	START/ZIPPED/DOS/MOD/HEARTUNE.ZIP/HEARTUNE.S3M
746ac200f793059cf438d6f6ebe816ac	1	202233	player+silence	ft2play	FastTracker v2.00	10	120773	41f6d2c9	acbf340f	START/ZIPPED/DOS/MOD/NS!-PSHD.ZIP/NS!-PSHD.XM
74bcc7b7a00b744d23b92ede7d2eaa51	1	247802	player	uade	Soundtracker II (15 instr.)	0	86004	6f128b86	9780243b	START/ZIPPED/DOS/MOD/3BIS.ZIP/3BIS.MOD
74f60f437e0e15722b01af3c9ba54011	1	186011	player+silence	st3play	Scream Tracker 3.2x (GUS)	10	650339	ab92aa45	b38103e8	START/PROGS/DOS/MUSIC/CUBIC14L/TFC.S3M
74f60f437e0e15722b01af3c9ba54011	1	186011	player+silence	st3play	Scream Tracker 3.2x (GUS)	10	650339	ab92aa45	b38103e8	START/ZIPPED/DOS/MOD/TFC.ZIP/TFC.S3M
752f3f11e0ed906eadc7f5b08e47ae2f	0	281819	player	libopenmpt	MultiTracker 1.0	24	408892	dc86c560	d89f54a8	START/ZIPPED/DOS/MOD/ESP_TRTH.ZIP/TRUTH.MTM
758acec1c73ec15aa9d2b841325557c4	1	69224	player	uade	Protracker	0	10682	b595c488	1fde7211	START/PROGS/DOS/MUSIC/CUBIC14L/SANESTRM.MOD
758acec1c73ec15aa9d2b841325557c4	1	69224	player	uade	Protracker	0	10682	b595c488	1fde7211	START/ZIPPED/DOS/MOD/HW-CHIP.ZIP/MOD.SAN
75f5dfe46ffcd0fecdb97ea8fa770be5	1	125114	player+silence	st3play	Scream Tracker 3.01 (SB)	16	100490	51bafca5	ec309298	START/PROGS/DOS/MUSIC/CUBIC14L/AN_CREEP.S3M
75f5dfe46ffcd0fecdb97ea8fa770be5	1	125114	player+silence	st3play	Scream Tracker 3.01 (SB)	16	100490	51bafca5	ec309298	START/ZIPPED/DOS/MOD/BTB-CREE.ZIP/AN_CREEP.S3M
78d12d913a54aea6f6b1f8d62e35a7b1	0	327258	player+silence	libopenmpt	MultiTracker 1.0	16	175156	e8075d77	0c52a9d0	START/ZIPPED/DOS/MOD/MONOTYPE.ZIP/MONOTYPE.MTM
78d787ba668800d3a7de54f085bd4a94	1	190031	player	st3play	Scream Tracker 3.2x (SB)	16	141178	f06162c6	e518d35e	START/PROGS/DOS/MUSIC/CUBIC14L/NEWONE.S3M
78d787ba668800d3a7de54f085bd4a94	1	190031	player	st3play	Scream Tracker 3.2x (SB)	16	141178	f06162c6	e518d35e	START/ZIPPED/DOS/MOD/S3M24COL.ZIP/NEWONE.S3M
794a8f9d6f79ba845465b2ad722ef013	1	192543	player	uade	Protracker	0	212580	24319505	42b02d21	START/PROGS/DOS/MUSIC/CUBIC14L/MUDTEARS.MOD
794a8f9d6f79ba845465b2ad722ef013	1	192543	player	uade	Protracker	0	212580	24319505	42b02d21	START/ZIPPED/DOS/MOD/AMU-TEAR.ZIP/MUDTEARS.MOD
79fee96ec1664f425639287c1d4e1204	1	539470	player+silence	st3play	Scream Tracker 3.2x (GUS)	16	526358	99079bb6	fa601634	START/PROGS/DOS/MUSIC/CUBIC14L/STA-ACID.S3M
79fee96ec1664f425639287c1d4e1204	1	539470	player+silence	st3play	Scream Tracker 3.2x (GUS)	16	526358	99079bb6	fa601634	START/ZIPPED/DOS/MOD/STA-ACID.ZIP/STA-ACID.S3M
7a50d678e66b42143c972a12012dca03	1	79050	player	st3play	Scream Tracker 3.2x (SB)	16	214108	a04d1efd	4dc4fbf2	START/PROGS/DOS/MUSIC/CUBIC14L/VIOLENT.S3M
7a50d678e66b42143c972a12012dca03	1	79050	player	st3play	Scream Tracker 3.2x (SB)	16	214108	a04d1efd	4dc4fbf2	START/ZIPPED/DOS/MOD/EPI-OTN4.ZIP/VIOLENT.S3M
7a66aa53e093294b1e86e40f3da0aee1	1	230539	player+silence	uade	Protracker	0	619364	cf69df84	c33ae96d	START/PROGS/DOS/MUSIC/CUBIC14L/LEAVING.MOD
7a66aa53e093294b1e86e40f3da0aee1	1	230539	player+silence	uade	Protracker	0	619364	cf69df84	c33ae96d	START/ZIPPED/DOS/MOD/LEAVING.ZIP/LEAVING.MOD
7a8fe213b8afa6501340e9d20fdd5e95	1	57730	player	uade	Protracker	0	28938	1d5dc11a	48b18f5c	START/PROGS/DOS/MUSIC/CUBIC14L/DEJAVU.MOD
7a8fe213b8afa6501340e9d20fdd5e95	1	57730	player	uade	Protracker	0	28938	1d5dc11a	48b18f5c	START/ZIPPED/DOS/MOD/HW-CHIP.ZIP/MOD.DEJ
7b405016dcd5c13450f2ab6693b31936	1	408146	player+silence	st3play	Scream Tracker 3.2x (GUS)	16	317072	23895217	aee33f77	START/PROGS/DOS/MUSIC/CUBIC14L/LRY-NEM2.S3M
7b405016dcd5c13450f2ab6693b31936	1	408146	player+silence	st3play	Scream Tracker 3.2x (GUS)	16	317072	23895217	aee33f77	START/ZIPPED/DOS/MOD/LRY-NEM2.ZIP/LRY-NEM2.S3M
7b729ce828d38d87c8ba97e030687881	1	469935	player+silence	st3play	Scream Tracker 3.2x (SB)	8	80260	758c0998	c1157e8d	START/PROGS/DOS/MUSIC/CUBIC14L/LITEHEAD.S3M
7b729ce828d38d87c8ba97e030687881	1	469935	player+silence	st3play	Scream Tracker 3.2x (SB)	8	80260	758c0998	c1157e8d	START/ZIPPED/DOS/MOD/EPI-LITE.ZIP/LITEHEAD.S3M
7ba404e99114536bdd94be6af80c2027	1	405189	player+silence	st3play	Scream Tracker 3.2x (SB)	16	451888	cfac08cd	d77249c1	START/PROGS/DOS/MUSIC/CUBIC14L/WIRED_F2.S3M
7ba404e99114536bdd94be6af80c2027	1	405189	player+silence	st3play	Scream Tracker 3.2x (SB)	16	451888	cfac08cd	d77249c1	START/ZIPPED/DOS/MOD/303_WFUT.ZIP/WIRED_F2.S3M
7bee9546aaa5aa855b14b8cc8dd8d8c3	1	205745	player	st3play	Scream Tracker 3.2x (GUS)	9	328630	03c466f9	453c41cc	START/PROGS/DOS/MUSIC/CUBIC14L/SUMMERS.S3M
7bee9546aaa5aa855b14b8cc8dd8d8c3	1	205745	player	st3play	Scream Tracker 3.2x (GUS)	9	328630	03c466f9	453c41cc	START/ZIPPED/DOS/MOD/CODEBRK.ZIP/SUMMERS.S3M
7cfb89aa2064a7f6ee8f37c32c40a9ba	1	316586	player+silence	st3play	Scream Tracker 3.2x (SB)	16	461500	0a0ab4e3	553971db	START/ZIPPED/DOS/SOUND/SOCAMTR1.ZIP/BIZARREF.S3M
7d21d851dfbd78c537137bf3a626f3bc	1	207110	player+silence	st3play	Scream Tracker 3.2x (SB)	16	111012	fa826af2	f336a4bd	START/PROGS/DOS/MUSIC/CUBIC14L/STEEL.S3M
7d21d851dfbd78c537137bf3a626f3bc	1	207110	player+silence	st3play	Scream Tracker 3.2x (SB)	16	111012	fa826af2	f336a4bd	START/ZIPPED/DOS/MOD/S3MFIL2.ZIP/STEEL.S3M
7e1b2a41e49946ff484259d7f51f453f	0	168017	player	libopenmpt	X-Tracker	17	208563	e7d4d137	6a1eb181	START/ZIPPED/DOS/DEMOS/ASM95PUR.ZIP/OVN-TRIP.DMF
7ec4ec64bab37feec6976472cb6b042a	1	122483	player+silence	uade	Protracker	0	379092	0da75412	2f84e9d9	START/PROGS/DOS/MUSIC/CUBIC14L/SITRATAR.MOD
7ec4ec64bab37feec6976472cb6b042a	1	122483	player+silence	uade	Protracker	0	379092	0da75412	2f84e9d9	START/ZIPPED/DOS/MOD/UKU-SITR.ZIP/SITRATAR.MOD
7f452b3a7df21639950914d264751cf5	1	406863	player+silence	st3play	Scream Tracker 3.2x (GUS)	11	264828	e8e7ee50	2fc1cdb4	START/PROGS/DOS/MUSIC/CUBIC14L/M_HYPNOT.S3M
7f452b3a7df21639950914d264751cf5	1	406863	player+silence	st3play	Scream Tracker 3.2x (GUS)	11	264828	e8e7ee50	2fc1cdb4	START/ZIPPED/DOS/MOD/M_HYPNOT.ZIP/M_HYPNOT.S3M
7f578d6b79431295ddc7ad9234658d22	1	267007	player+silence	st3play	Scream Tracker 3.2x (GUS)	16	428790	e4ee709d	c092ed05	START/PROGS/DOS/MUSIC/CUBIC14L/TEK11BAK.S3M
7f578d6b79431295ddc7ad9234658d22	1	267007	player+silence	st3play	Scream Tracker 3.2x (GUS)	16	428790	e4ee709d	c092ed05	START/ZIPPED/DOS/MOD/HTERR.ZIP/TEK11BAK.S3M
7fdd9d7a7c13873e9460a2d10fcf28ba	0	374046	player+silence	libopenmpt	X-Tracker	21	561713	e215ecee	dbba0693	START/ZIPPED/DOS/MOD/RR_CH7-5.ZIP/COS-HYVI.DMF
8016b46556c58571636efe792b7b6e6a	1	51320	player	uade	Protracker	0	15200	493bae62	e15fdad8	START/PROGS/DOS/MUSIC/CUBIC14L/NIGHTCAI.MOD
8016b46556c58571636efe792b7b6e6a	1	51320	player	uade	Protracker	0	15200	493bae62	e15fdad8	START/ZIPPED/DOS/MOD/HW-CHIP.ZIP/MOD.NIG
8021ad39a7b0d7a5352cf38da5e343c6	1	74268	player	uade	Protracker compatible	0	16008	6a59fba4	0dec1041	START/ZIPPED/DOS/DEMOS/BIOLAN.ZIP/BIOLAN.MOD
80316d4eed77fec702e38f080e181467	1	229754	player	ft2play	FastTracker v2.00	22	1006387	fc6e73db	0d4feb25	START/ZIPPED/DOS/MOD/GOODNI.ZIP/GOOD.XM
80484155d5b47e11af9aaba8964077db	1	238113	player+silence	st3play	Scream Tracker 3.2x (SB)	16	388998	09d1cf24	943d15bb	START/PROGS/DOS/MUSIC/CUBIC14L/WIRED_F1.S3M
80484155d5b47e11af9aaba8964077db	1	238113	player+silence	st3play	Scream Tracker 3.2x (SB)	16	388998	09d1cf24	943d15bb	START/ZIPPED/DOS/MOD/303_WFUT.ZIP/WIRED_F1.S3M
811b4fa140e9b4442b7f0d46ac88af1d	1	221906	player+volume	ft2play	FastTracker v2.00	10	166732	6e3daf7f	9dc3e9ba	START/ZIPPED/DOS/MOD/HIGHSKY!.ZIP/HIGHSKY.XM
81d9631fff4b288f403bfe050e8b4a3b	1	326570	player+silence	st3play	Scream Tracker 3.2x (SB)	16	256719	655c4666	1cad8522	START/PROGS/DOS/MUSIC/CUBIC14L/WIRED_F4.S3M
81d9631fff4b288f403bfe050e8b4a3b	1	326570	player+silence	st3play	Scream Tracker 3.2x (SB)	16	256719	655c4666	1cad8522	START/ZIPPED/DOS/MOD/303_WFUT.ZIP/WIRED_F4.S3M
832646765cc48f08d256a921c967a1c0	1	121510	player	st3play	Scream Tracker 3.2x (GUS)	10	471876	1598da61	fa37ca58	START/PROGS/DOS/MUSIC/CUBIC14L/TALKSHOW.S3M
832646765cc48f08d256a921c967a1c0	1	121510	player	st3play	Scream Tracker 3.2x (GUS)	10	471876	1598da61	fa37ca58	START/ZIPPED/DOS/MOD/EQUAL2.ZIP/TALKSHOW.S3M
837f1886a9f7bf4df3e4b752e459b13e	1	192892	player+silence	st3play	Scream Tracker 3.2x (GUS)	16	165812	f54a5316	8fc34313	START/PROGS/DOS/MUSIC/CUBIC14L/HYH-OIDA.S3M
837f1886a9f7bf4df3e4b752e459b13e	1	192892	player+silence	st3play	Scream Tracker 3.2x (GUS)	16	165812	f54a5316	8fc34313	START/ZIPPED/DOS/MOD/HYH-OIDA.ZIP/HYH-OIDA.S3M
84685a704b4a648ee3364cbf91bba536	0	288849	player	libopenmpt	Scream Tracker 3.01 (SB)	18	217066	15f8b577	ecfe6baa	START/PROGS/DOS/MUSIC/CUBIC14L/DEBASS.S3M
84685a704b4a648ee3364cbf91bba536	0	288849	player	libopenmpt	Scream Tracker 3.01 (SB)	18	217066	15f8b577	ecfe6baa	START/ZIPPED/DOS/MOD/ESP_DEBD.ZIP/DEBASS.S3M
84774c7a9f4914e3ade7e51bf657229a	1	76478	player	uade	Protracker	0	98542	0fc25350	7291fec4	START/ZIPPED/DOS/MOD/HW-TET1.ZIP/MOD.TET
84cf2128ac0803cb5cbfebf9a0362048	1	172252	player+silence	st3play	Scream Tracker 3.2x (SB)	16	300837	2a39722a	6c952a12	START/PROGS/DOS/MUSIC/CUBIC14L/NEON.S3M
84cf2128ac0803cb5cbfebf9a0362048	1	172252	player+silence	st3play	Scream Tracker 3.2x (SB)	16	300837	2a39722a	6c952a12	START/ZIPPED/DOS/MOD/EPI-OTN2.ZIP/NEON.S3M
8557ea6cfd63489ec91cb2f6f25cc588	1	163969	player	uade	Protracker	0	210898	382eb24c	eb4619d1	START/ZIPPED/DOS/DEMOS/IMPHOB10.ZIP/DATA.004
858381a8c496f7da8635ce1f6ba84109	1	99968	player	uade	Protracker	0	68292	e3be6b2d	eff58ccd	START/ZIPPED/DOS/TEXT/INF_DSK7.ZIP/COOL.MOD
859bdb3bcbeebd6d314df1f461af5802	1	76920	player	uade	Protracker	0	15904	1f9b11a5	116ff4e1	START/ZIPPED/DOS/MOD/HW-CHIO.ZIP/MOD.FUS
85a6362a313e72ccb009e8facb254c4e	1	290736	player+volume	ft2play	FastTracker v2.00	12	670373	7714cb1c	39635ff6	START/ZIPPED/DOS/MOD/K_SYNERG.ZIP/K_SYNERG.XM
85b6d629492a2a6a41623ac5815b8ba0	1	129994	player+silence	st3play	Scream Tracker 3.2x (SB)	13	275312	775fc11d	ec3adb8e	START/PROGS/DOS/MUSIC/CUBIC14L/LAT.S3M
85b6d629492a2a6a41623ac5815b8ba0	1	129994	player+silence	st3play	Scream Tracker 3.2x (SB)	13	275312	775fc11d	ec3adb8e	START/ZIPPED/DOS/MOD/LAT.ZIP/LAT.S3M
86cdd44a90e354d581d442904f31f0a4	0	156733	player+silence	libopenmpt	MultiTracker 1.0	8	337192	13cf97da	f2f6d474	START/ZIPPED/DOS/MOD/EPI-OTN1.ZIP/DRMSTAR2.MTM
882adf1257e3502dc3ec170b30ac2db5	1	180451	player+volume	st3play	Scream Tracker 3.2x (SB)	8	115116	2887b110	674cc480	START/PROGS/DOS/MUSIC/CUBIC14L/ORKRMX.S3M
882adf1257e3502dc3ec170b30ac2db5	1	180451	player+volume	st3play	Scream Tracker 3.2x (SB)	8	115116	2887b110	674cc480	START/ZIPPED/DOS/MOD/ORKRMX.ZIP/ORKRMX.S3M
88c2e9b789bf3939f3e87ed0cd7ca149	1	300369	player	st3play	Scream Tracker 3.2x (GUS)	14	449000	e757ef99	725d716b	START/PROGS/DOS/MUSIC/CUBIC14L/HEAVGATE.S3M
88c2e9b789bf3939f3e87ed0cd7ca149	1	300369	player	st3play	Scream Tracker 3.2x (GUS)	14	449000	e757ef99	725d716b	START/ZIPPED/DOS/MOD/HEAVGATE.ZIP/HEAVGATE.S3M
88fb015f974fa07cf3d9e6577465118e	1	204459	player	st3play	Scream Tracker 3.2x (SB)	16	206190	a327d7b0	6c787e13	START/PROGS/DOS/MUSIC/CUBIC14L/NV-EMTN.S3M
88fb015f974fa07cf3d9e6577465118e	1	204459	player	st3play	Scream Tracker 3.2x (SB)	16	206190	a327d7b0	6c787e13	START/ZIPPED/DOS/MOD/NV-EMTN.ZIP/NV-EMTN.S3M
892a35352b28f96a9c791040728f635f	1	7635	player	st3play	Scream Tracker 3.2x (SB)	6	280198	a6048795	e3d63a6b	START/PROGS/DOS/MUSIC/CUBIC14L/DPRESION.S3M
892a35352b28f96a9c791040728f635f	1	7635	player	st3play	Scream Tracker 3.2x (SB)	6	280198	a6048795	e3d63a6b	START/ZIPPED/DOS/MOD/THEGIRL.ZIP/DPRESION.S3M
8a49dc8554afc09c0acf9dde7ad3c0d1	1	246957	player+silence	ft2play	FastTracker v2.00	10	171749	f4394b3a	3de5ecf6	START/ZIPPED/DOS/MOD/ES_THEME.ZIP/ES_THEME.XM
8a69a387e66432e08426c4459a1cbda7	1	176313	player+silence	st3play	Scream Tracker 3.2x (GUS)	16	351830	807886bd	bbf72a86	START/PROGS/DOS/MUSIC/CUBIC14L/GONDOR.S3M
8a69a387e66432e08426c4459a1cbda7	1	176313	player+silence	st3play	Scream Tracker 3.2x (GUS)	16	351830	807886bd	bbf72a86	START/ZIPPED/DOS/MOD/GONDOR.ZIP/GONDOR.S3M
8b92b9fb63e8774d3edd8aeab9986541	1	256905	player+silence	st3play	Scream Tracker 3.2x (SB)	8	227638	564d5bf4	38c5bbcc	START/PROGS/DOS/MUSIC/CUBIC14L/DENE.S3M
8b92b9fb63e8774d3edd8aeab9986541	1	256905	player+silence	st3play	Scream Tracker 3.2x (SB)	8	227638	564d5bf4	38c5bbcc	START/ZIPPED/DOS/MOD/EPI-OTN1.ZIP/DENE.S3M
8bf1483763b80995bbec8819cb3635d5	1	111205	player+silence	uade	Protracker	0	375482	ae61cc96	abf82740	START/PROGS/DOS/MUSIC/CUBIC14L/WEDDING.MOD
8bf1483763b80995bbec8819cb3635d5	1	111205	player+silence	uade	Protracker	0	375482	ae61cc96	abf82740	START/ZIPPED/DOS/MOD/UKU-WEDD.ZIP/WEDDING.MOD
8ce2c7ef440b388f5fb482a1da3db2e3	1	192289	player+volume	st3play	Scream Tracker 3.2x (GUS)	11	588392	df2a79bd	a32a0384	START/PROGS/DOS/MUSIC/CUBIC14L/TERRI.S3M
8ce2c7ef440b388f5fb482a1da3db2e3	1	192289	player+volume	st3play	Scream Tracker 3.2x (GUS)	11	588392	df2a79bd	a32a0384	START/ZIPPED/DOS/MOD/EQUAL2.ZIP/TERRI.S3M
8d8dbc7ee7866c3ef38e768e1e180ac4	1	194368	player	ft2play	FastTracker v2.00	8	239927	20d1e518	3253c5f0	START/ZIPPED/DOS/MOD/303_LAND.ZIP/X-LAND.XM
8f386e62d4819e07f5db91f4a17f5fdb	1	187282	player+silence	st3play	Scream Tracker 3.01 (GUS)	16	324944	9dc0b1f0	1c96283a	START/PROGS/DOS/MUSIC/CUBIC14L/EP_TEARS.S3M
8f386e62d4819e07f5db91f4a17f5fdb	1	187282	player+silence	st3play	Scream Tracker 3.01 (GUS)	16	324944	9dc0b1f0	1c96283a	START/ZIPPED/DOS/MOD/EPI-OTN2.ZIP/EP_TEARS.S3M
8fa4758c3322b717cadd7fc06f68c04e	1	107777	player+silence	ft2play	FastTracker v2.00	4	230521	618ad315	43ad99c7	START/ZIPPED/DOS/MOD/1STECH.ZIP/1STECH.XM
8fd3dbe32ae00d1d181d60762e28a26b	0	240370	player+silence	libopenmpt	X-Tracker	15	207419	1ec0e3c7	8c4a8ca2	START/ZIPPED/DOS/MOD/VID-OVER.ZIP/VID-OVER.DMF
9006f68e1db391d5dee53008a6da4504	1	230366	player+silence	st3play	Scream Tracker 3.2x (GUS)	16	333052	8a9e7613	f60756a9	START/PROGS/DOS/MUSIC/CUBIC14L/AV-AGONY.S3M
9006f68e1db391d5dee53008a6da4504	1	230366	player+silence	st3play	Scream Tracker 3.2x (GUS)	16	333052	8a9e7613	f60756a9	START/ZIPPED/DOS/MOD/AV-AGONY.ZIP/AV-AGONY.S3M
903521cfba0a16469dad4c1056d9f21a	1	332435	player+volume	st3play	Scream Tracker 3.01 (SB)	16	405106	4f63ec31	990feb59	START/PROGS/DOS/MUSIC/CUBIC14L/TRACK_O3.S3M
903521cfba0a16469dad4c1056d9f21a	1	332435	player+volume	st3play	Scream Tracker 3.01 (SB)	16	405106	4f63ec31	990feb59	START/ZIPPED/DOS/MOD/SPICED.ZIP/TRACK_O3.S3M
90433055a3eb0b7f5ade41cb68aa7803	1	267185	player+silence	st3play	Scream Tracker 3.2x (SB)	16	78973	b40a3b36	d4f31135	START/PROGS/DOS/MUSIC/CUBIC14L/GBT-VIRF.S3M
90433055a3eb0b7f5ade41cb68aa7803	1	267185	player+silence	st3play	Scream Tracker 3.2x (SB)	16	78973	b40a3b36	d4f31135	START/ZIPPED/DOS/MOD/MOZ-0003.ZIP/GBT-VIRF.S3M
909145b34557bb3570cb2e646571a908	1	41072	player	uade	Protracker	0	10818	fdfce593	a4fd8b7e	START/PROGS/DOS/MUSIC/CUBIC14L/ONE6TWO.MOD
909145b34557bb3570cb2e646571a908	1	41072	player	uade	Protracker	0	10818	fdfce593	a4fd8b7e	START/ZIPPED/DOS/MOD/HW-CHIP.ZIP/MOD.ONE
909ceeef889fbf8643c4808bcde6f9a9	1	194492	player	uade	Protracker	0	75998	62554190	b2880a8c	START/PROGS/DOS/MUSIC/CUBIC14L/BREAKTHR.MOD
909ceeef889fbf8643c4808bcde6f9a9	1	194492	player	uade	Protracker	0	75998	62554190	b2880a8c	START/ZIPPED/DOS/MOD/HW-BREA.ZIP/MOD.BRE
9119c5472e113a4b95f9e1fbb5b2e453	1	800234	player	st3play	Scream Tracker 3.2x (SB)	8	175410	3241cd47	24c882b3	START/PROGS/DOS/MUSIC/CUBIC14L/EG-FINAL.S3M
9119c5472e113a4b95f9e1fbb5b2e453	1	800234	player	st3play	Scream Tracker 3.2x (SB)	8	175410	3241cd47	24c882b3	START/ZIPPED/DOS/MOD/EPI-OTN1.ZIP/EG-FINAL.S3M
91dd4bd384182ea629046b24fd7cf3d1	0	163596	player	libopenmpt	DSIK Format	4	46298	ff6c5b2b	9225f76d	START/ZIPPED/DOS/GAMES/MEGAMA12.ZIP/ABOUT.DCM
93556587fbf77c8cca5ef0f5bf1bd634	1	144499	player+silence	ft2play	FastTracker v2.00	12	531539	d9ea0f10	ee37e874	START/ZIPPED/DOS/MOD/JZ-MOVE.ZIP/JZ-MOVE.XM
9363e5f49b8f928de7012d0d3662b86e	1	148114	player	uade	Noisetracker 1.x	0	95220	7014d1b2	9b3c91c7	START/PROGS/DOS/MUSIC/CUBIC14L/SF-BTA.MOD
9363e5f49b8f928de7012d0d3662b86e	1	148114	player	uade	Noisetracker 1.x	0	95220	7014d1b2	9b3c91c7	START/ZIPPED/DOS/MOD/BTASWISF.ZIP/SF-BTA.MOD
93fb6d7910e3fb595512e79312f33efe	1	349089	player+silence	st3play	Scream Tracker 3.2x (SB)	16	105938	73fc3274	55808442	START/ZIPPED/DOS/SOUND/SOCAMTR1.ZIP/LFPE.S3M
9507bdaf5814328399febaa78e76da53	1	304187	player	st3play	Scream Tracker 3.2x (SB)	16	184746	cedcc644	25f53664	START/ZIPPED/DOS/DEMOS/VLC_UNID.ZIP/VELOCITY.S3M
96a88f66d84ff512847158515ae43838	1	70530	player	uade	Noisetracker 1.x	0	105002	aa58e7bc	2dbc90b8	START/PROGS/DOS/MUSIC/CUBIC14L/HC!!!.MOD
96a88f66d84ff512847158515ae43838	1	70530	player	uade	Noisetracker 1.x	0	105002	aa58e7bc	2dbc90b8	START/ZIPPED/DOS/MOD/BTAHC!!!.ZIP/HC!!!.MOD
96eeff4a30f16b4eded3c67e56b3b705	1	221076	player+silence	st3play	Scream Tracker 3.2x (SB)	16	101174	11575732	1e846ae2	START/PROGS/DOS/MUSIC/CUBIC14L/MBETTER.S3M
96eeff4a30f16b4eded3c67e56b3b705	1	221076	player+silence	st3play	Scream Tracker 3.2x (SB)	16	101174	11575732	1e846ae2	START/ZIPPED/DOS/MOD/S3M17COL.ZIP/MBETTER.S3M
97ad8e25ede6671f0baa0a23559b2d64	0	370498	player	libopenmpt	X-Tracker	20	291155	35511801	8b05a0d9	START/ZIPPED/DOS/MOD/PIL-PILL.ZIP/PIL-PILL.DMF
97becd9a379970f40039801a36e776c3	1	149441	player	uade	Protracker	0	352728	766f09d2	19cc6761	START/PROGS/DOS/MUSIC/CUBIC14L/FAMILY.MOD
97becd9a379970f40039801a36e776c3	1	149441	player	uade	Protracker	0	352728	766f09d2	19cc6761	START/ZIPPED/DOS/MOD/UKU-FAMI.ZIP/FAMILY.MOD
97f9f2cfcf5e5ed1484790dfb86cff1c	1	543526	player	ft2play	FastTracker v2.00	8	62386	8f748d3f	a2f3d3d6	START/ZIPPED/DOS/MOD/N$-BELL.ZIP/N$-BELL.XM
98cab4423930699e284fc2877d51b831	1	197339	player+silence	st3play	Scream Tracker 3.2x (GUS)	9	131796	fd22501b	6a67814d	START/PROGS/DOS/MUSIC/CUBIC14L/NIGHTM.S3M
98cab4423930699e284fc2877d51b831	1	197339	player+silence	st3play	Scream Tracker 3.2x (GUS)	9	131796	fd22501b	6a67814d	START/ZIPPED/DOS/MOD/CODEBRK.ZIP/NIGHTM.S3M
9a1c1a133da0ab9bab6d072ab35e889a	1	62694	player	uade	Protracker compatible	0	143284	9b927a4f	3836c848	START/PROGS/DOS/MUSIC/CUBIC14L/HEAVINTR.MOD
9a1c1a133da0ab9bab6d072ab35e889a	1	62694	player	uade	Protracker compatible	0	143284	9b927a4f	3836c848	START/ZIPPED/DOS/MOD/HEAVINTR.ZIP/HEAVINTR.MOD
9a80d55022b50729774c3d126f682b68	1	224171	player	st3play	Scream Tracker 3.2x (SB)	16	131482	9134a0a8	815ae61b	START/PROGS/DOS/MUSIC/CUBIC14L/POLLUX.S3M
9a80d55022b50729774c3d126f682b68	1	224171	player	st3play	Scream Tracker 3.2x (SB)	16	131482	9134a0a8	815ae61b	START/ZIPPED/DOS/MOD/S3M6-COL.ZIP/POLLUX.S3M
9abe46162d83b7295cd0e1afe596d369	1	208879	player	st3play	Scream Tracker 3.01 (SB)	12	306717	0396a3f1	349d51b3	START/PROGS/DOS/MUSIC/CUBIC14L/CAMELOPA.S3M
9abe46162d83b7295cd0e1afe596d369	1	208879	player	st3play	Scream Tracker 3.01 (SB)	12	306717	0396a3f1	349d51b3	START/ZIPPED/DOS/MOD/CAMELOPA.ZIP/CAMELOPA.S3M
9b13ad453f8a5095feea7e8dfd49c944	1	244093	player+silence	ft2play	FastTracker v2.00	8	241040	b8f45ae1	9bc4f382	START/ZIPPED/DOS/MOD/MAS_HIGH.ZIP/MAS_HIGH.XM
9b727e9639d31e8b7814487f8bdba5d6	1	384122	player	st3play	Scream Tracker 3.2x (GUS)	16	238173	e7a1ebe8	47f5ede1	START/PROGS/DOS/MUSIC/CUBIC14L/RAVEBEAT.S3M
9b727e9639d31e8b7814487f8bdba5d6	1	384122	player	st3play	Scream Tracker 3.2x (GUS)	16	238173	e7a1ebe8	47f5ede1	START/ZIPPED/DOS/MOD/RAVEBEAT.ZIP/RAVEBEAT.S3M
9b7e50f6245078d9d52d3f1b823d5635	1	226557	player+silence	uade	Soundtracker II (31 instr.)	0	109710	831c63b0	76a76658	START/PROGS/DOS/PROGS/DAILY20/1.MOD
9b7e50f6245078d9d52d3f1b823d5635	1	226557	player+silence	uade	Soundtracker II (31 instr.)	0	109710	831c63b0	76a76658	START/ZIPPED/DOS/PROGS/DAILY20.ZIP/1.MOD
9c2abe5df4411bfb1f9ca8c62b0a5293	1	269022	player	st3play	Scream Tracker 3.2x (SB)	16	248976	3ca9a3b5	5ecf61eb	START/PROGS/DOS/MUSIC/CUBIC14L/BREATHE.S3M
9c2abe5df4411bfb1f9ca8c62b0a5293	1	269022	player	st3play	Scream Tracker 3.2x (SB)	16	248976	3ca9a3b5	5ecf61eb	START/ZIPPED/DOS/MOD/BREATHE.ZIP/BREATHE.S3M
9c32cfdaf95850c5e734df39aa79c2c3	0	330169	player+silence	libopenmpt	X-Tracker	15	290801	705ef641	92ea1be2	START/ZIPPED/DOS/MOD/RR_CH7-4.ZIP/K3O3FEAR.DMF
9d043f34383e2ffc2af4540e0c647ccf	1	192120	player+silence	ft2play	FastTracker v2.00	8	459156	ff7daf9b	7a28efaa	START/ZIPPED/DOS/MOD/XTCLOVE.ZIP/XTCLOVE!.XM
9d79edd782b0d7331174e6b27a15c49d	1	345058	player	st3play	Scream Tracker 3.2x (SB)	16	218414	2cdb9e5c	bb95d3a3	START/PROGS/DOS/MUSIC/CUBIC14L/WLK-NEPT.S3M
9d79edd782b0d7331174e6b27a15c49d	1	345058	player	st3play	Scream Tracker 3.2x (SB)	16	218414	2cdb9e5c	bb95d3a3	START/ZIPPED/DOS/MOD/WLK-NEPT.ZIP/WLK-NEPT.S3M
9f9e0d124438dc65544e7ac412370611	1	261627	player	uade	Protracker	0	129770	08f25e6b	3e515730	START/PROGS/DOS/MUSIC/CUBIC14L/AQUARIUS.MOD
9f9e0d124438dc65544e7ac412370611	1	261627	player	uade	Protracker	0	129770	08f25e6b	3e515730	START/ZIPPED/DOS/MOD/HW-AQUA.ZIP/MOD.AQU
a0e5517969782bde94a467eb60ffce5c	1	185932	player	st3play	Scream Tracker 3.2x (SB)	8	117706	60ac7b81	451a079f	START/PROGS/DOS/MUSIC/CUBIC14L/CUTETUNE.S3M
a0e5517969782bde94a467eb60ffce5c	1	185932	player	st3play	Scream Tracker 3.2x (SB)	8	117706	60ac7b81	451a079f	START/ZIPPED/DOS/MOD/EPI-OTN1.ZIP/CUTETUNE.S3M
a19e0b83e824745338a250919234a1df	1	187742	player+volume	st3play	Scream Tracker 3.2x (SB)	16	512199	cb6328c7	a1bb6b31	START/PROGS/DOS/MUSIC/CUBIC14L/PROD_MIX.S3M
a19e0b83e824745338a250919234a1df	1	187742	player+volume	st3play	Scream Tracker 3.2x (SB)	16	512199	cb6328c7	a1bb6b31	START/ZIPPED/DOS/MOD/DINASTY.ZIP/SCN_PROD.ZIP/PROD_MIX.S3M
a1bf61bfb189666fb8100e30c5eb394c	0	133747	player	libopenmpt	MultiTracker 1.0	12	168408	fccdf122	710a814e	START/ZIPPED/DOS/MOD/EPI-OTN3.ZIP/SATIETY.MTM
a21e686839f8d153b18f17ba6db1594e	1	67315	player	uade	Protracker	0	38248	4e566037	50148eb4	START/PROGS/DOS/MUSIC/CUBIC14L/DARKTUNE.MOD
a21e686839f8d153b18f17ba6db1594e	1	67315	player	uade	Protracker	0	38248	4e566037	50148eb4	START/ZIPPED/DOS/MOD/HW-DARK.ZIP/MOD.DAR
a254f3d82f409ea4487ab0fff825e5e8	1	261021	player+silence	st3play	Scream Tracker 3.2x (SB)	10	247444	db490551	5227b16c	START/PROGS/DOS/MUSIC/CUBIC14L/INTRWEAK.S3M
a254f3d82f409ea4487ab0fff825e5e8	1	261021	player+silence	st3play	Scream Tracker 3.2x (SB)	10	247444	db490551	5227b16c	START/ZIPPED/DOS/MOD/DS-INTRW.ZIP/INTRWEAK.S3M
a279b46c0fef0309cfe6dcd89a814eaf	1	138183	player+silence	uade	Protracker	0	203210	46d13a19	974d0260	START/PROGS/DOS/MUSIC/CUBIC14L/AMIKA.MOD
a279b46c0fef0309cfe6dcd89a814eaf	1	138183	player+silence	uade	Protracker	0	203210	46d13a19	974d0260	START/ZIPPED/DOS/MOD/AMIKA.ZIP/AMIKA.MOD
a3e18a6edacf6e9d43acefa272f7ca74	1	236159	player+silence	uade	Noisetracker 1.x	0	109044	d78f0340	946083e5	START/PROGS/DOS/PROGS/DAILY20/15.MOD
a3e18a6edacf6e9d43acefa272f7ca74	1	236159	player+silence	uade	Noisetracker 1.x	0	109044	d78f0340	946083e5	START/ZIPPED/DOS/PROGS/DAILY20.ZIP/15.MOD
a5463c735936b867d7e093e4b267d4d7	1	345360	player	uade	Protracker	0	143236	a6354623	448db069	START/PROGS/DOS/MUSIC/CUBIC14L/24000MLS.MOD
a5463c735936b867d7e093e4b267d4d7	1	345360	player	uade	Protracker	0	143236	a6354623	448db069	START/ZIPPED/DOS/MOD/HW-2400.ZIP/MOD.24_
a54a75c060b4e75fd9502542e2a6ced1	1	53892	player	st3play	Scream Tracker 3.2x (SB)	16	140088	a723b4b6	8a91b7fd	START/PROGS/DOS/MUSIC/CUBIC14L/MAX.S3M
a54a75c060b4e75fd9502542e2a6ced1	1	53892	player	st3play	Scream Tracker 3.2x (SB)	16	140088	a723b4b6	8a91b7fd	START/ZIPPED/DOS/MOD/MAZPARTY.ZIP/MAX.S3M
a60aae40242feea4741ce0f72e772079	1	160975	player	st3play	Scream Tracker 3.2x (GUS)	14	295645	94104fea	60e3ddaf	START/PROGS/DOS/MUSIC/CUBIC14L/WESTEND.S3M
a60aae40242feea4741ce0f72e772079	1	160975	player	st3play	Scream Tracker 3.2x (GUS)	14	295645	94104fea	60e3ddaf	START/ZIPPED/DOS/MOD/EPI-OTN4.ZIP/WESTEND.S3M
a66e9b81f9adf00ad6adbf81f590940c	1	40879	player	ft2play	Fasttracker (M.K.)	4	67640	1012fd79	b6adaf6c	START/PROGS/DOS/DEMOS/CRITASM/CRITASM.MOD
a66e9b81f9adf00ad6adbf81f590940c	1	40879	player	ft2play	Fasttracker (M.K.)	4	67640	1012fd79	b6adaf6c	START/ZIPPED/DOS/DEMOS/CRITASM.ZIP/CRITASM.MOD
a6fc93731a1afaf5745a964f0a8bf4a9	1	189424	player	ft2play	Fasttracker	16	337124	fcf424c7	d8f09948	START/ZIPPED/DOS/TEXT/INF_DSK7.ZIP/VOID.MOD
a701b9efbd6c00c78c8511270e3b1f46	1	192220	player+silence	uade	Soundtracker II (31 instr.)	0	76469	f21172be	f1655d67	START/PROGS/DOS/PROGS/DAILY20/7.MOD
a701b9efbd6c00c78c8511270e3b1f46	1	192220	player+silence	uade	Soundtracker II (31 instr.)	0	76469	f21172be	f1655d67	START/ZIPPED/DOS/PROGS/DAILY20.ZIP/7.MOD
a74940b6cd9290f4463e6cc2e6c33bc2	1	260703	player	st3play	Scream Tracker 3.2x (SB)	5	104568	1dfd8244	21c2c516	START/PROGS/DOS/MUSIC/CUBIC14L/NOSLACK.S3M
a74940b6cd9290f4463e6cc2e6c33bc2	1	260703	player	st3play	Scream Tracker 3.2x (SB)	5	104568	1dfd8244	21c2c516	START/ZIPPED/DOS/MOD/EPI-OTN2.ZIP/NOSLACK.S3M
a7795a98a48d1e8d588099e1ddabc21e	1	214951	player+silence	st3play	Scream Tracker 3.2x (GUS)	11	546897	d092a9e3	9d07c971	START/PROGS/DOS/MUSIC/CUBIC14L/PEYOTE.S3M
a7795a98a48d1e8d588099e1ddabc21e	1	214951	player+silence	st3play	Scream Tracker 3.2x (GUS)	11	546897	d092a9e3	9d07c971	START/ZIPPED/DOS/MOD/EPI-OTN3.ZIP/PEYOTE.S3M
a779f4486e036ffc9195b437ef0bc92c	1	251700	player	st3play	Scream Tracker 3.2x (SB)	12	381114	9445e822	d20b6d2e	START/PROGS/DOS/MUSIC/CUBIC14L/ALUNIS.S3M
a779f4486e036ffc9195b437ef0bc92c	1	251700	player	st3play	Scream Tracker 3.2x (SB)	12	381114	9445e822	d20b6d2e	START/ZIPPED/DOS/MOD/DS-ALUNI.ZIP/ALUNIS.S3M
a7db37bab794ab9976b3ec23586608e0	0	80519	player	libopenmpt	Epic MegaGames MASI (New Version)	8	119231	70969880	e78957f4	START/PROGS/DOS/GAMES/OMF20/END.PSM
a7db37bab794ab9976b3ec23586608e0	0	80519	player	libopenmpt	Epic MegaGames MASI (New Version)	8	119231	70969880	e78957f4	START/ZIPPED/DOS/GAMES/OMF20.ZIP/END.PSM
a86e4992e0df4afceac1d5c8cf975a48	1	184445	player	uade	Protracker	0	35870	57493a17	083da2bc	START/ZIPPED/DOS/MOD/HW-TET2.ZIP/MOD.TET
a9ea18b518b175ce163182cb966477b9	1	134290	player	st3play	Scream Tracker 3.2x (GUS)	12	251640	89ab0a68	52ef74f5	START/PROGS/DOS/MUSIC/CUBIC14L/EASEBACK.S3M
a9ea18b518b175ce163182cb966477b9	1	134290	player	st3play	Scream Tracker 3.2x (GUS)	12	251640	89ab0a68	52ef74f5	START/ZIPPED/DOS/MOD/CODEBRK.ZIP/EASEBACK.S3M
aa3f7ae387690e847e6d0b1beff05f68	1	185691	player	uade	Protracker	0	142794	f13fa2dc	ffb209a8	START/PROGS/DOS/MUSIC/CUBIC14L/BUTSERI.MOD
aa3f7ae387690e847e6d0b1beff05f68	1	185691	player	uade	Protracker	0	142794	f13fa2dc	ffb209a8	START/ZIPPED/DOS/MOD/HW-BUT.ZIP/MOD.BUT
aabf43d002bddee6150db622b68f06b2	1	153339	player	st3play	Scream Tracker 3.2x (SB)	16	81918	525d97ef	f02db16f	START/PROGS/DOS/MUSIC/CUBIC14L/HOO-CAN.S3M
aabf43d002bddee6150db622b68f06b2	1	153339	player	st3play	Scream Tracker 3.2x (SB)	16	81918	525d97ef	f02db16f	START/ZIPPED/DOS/MOD/HOO-CAN.ZIP/HOO-CAN.S3M
ab5b4473419af8171fb45f58fd0612dc	1	172281	player+silence	ft2play	FastTracker v2.00	16	393797	a0a40cd5	c634862d	START/ZIPPED/DOS/MOD/ROCK3.ZIP/ROCK3.XM
ab5cebf7158879a53f19b94e8e6bd0cc	1	84616	player	uade	Protracker	0	67720	31521ec3	f71b48ad	START/PROGS/DOS/GAMES/DIGGERS/SOUND/END.MOD
ab5cebf7158879a53f19b94e8e6bd0cc	1	84616	player	uade	Protracker	0	67720	31521ec3	f71b48ad	START/ZIPPED/DOS/GAMES/DIGGERS.ZIP/END.MOD
abc5bac8c0688a304a1251db2d736046	1	107645	player	uade	Protracker	0	28240	a5d7a044	58de8418	START/PROGS/DOS/MUSIC/CUBIC14L/NAVIGATR.MOD
abc5bac8c0688a304a1251db2d736046	1	107645	player	uade	Protracker	0	28240	a5d7a044	58de8418	START/ZIPPED/DOS/MOD/HW-CHIP.ZIP/MOD.NAV
abe425c5f2c8051f128fb0f90374f5ce	1	206114	player+volume	st3play	Scream Tracker 3.01 (SB)	16	268964	035829f1	246b8c1b	START/PROGS/DOS/MUSIC/CUBIC14L/TRACK_O2.S3M
abe425c5f2c8051f128fb0f90374f5ce	1	206114	player+volume	st3play	Scream Tracker 3.01 (SB)	16	268964	035829f1	246b8c1b	START/ZIPPED/DOS/MOD/SPICED.ZIP/TRACK_O2.S3M
abf832392da613a8899c5f1a2c201312	1	46216	player	uade	Protracker	0	10674	504a6fa3	81c7ce51	START/PROGS/DOS/MUSIC/CUBIC14L/FEAROFDK.MOD
abf832392da613a8899c5f1a2c201312	1	46216	player	uade	Protracker	0	10674	504a6fa3	81c7ce51	START/ZIPPED/DOS/MOD/HW-CHIP.ZIP/MOD.FEA
ac81fe4cf6a4068b419a2881fca94203	1	125691	player+silence	st3play	Scream Tracker 3.2x (GUS)	5	169758	e99a424d	ca9a878f	START/PROGS/DOS/MUSIC/CUBIC14L/DIVINE.S3M
ac81fe4cf6a4068b419a2881fca94203	1	125691	player+silence	st3play	Scream Tracker 3.2x (GUS)	5	169758	e99a424d	ca9a878f	START/ZIPPED/DOS/MOD/EPI-OTN1.ZIP/DIVINE.S3M
ae741014c4e03eb000ce6fdd771bf1c9	1	19750	player	ft2play	Fasttracker (M.K.)	4	184940	b3b6ee2d	59666166	START/ZIPPED/DOS/TEXT/INF_DSK7.ZIP/SILENCE.MOD
aed561c112d33be0252d62edee3fc9d5	1	178913	player	ft2play	Fasttracker (M.K.)	4	337391	7f5899c5	57dec6bc	START/PROGS/DOS/MUSIC/CUBIC14L/BENITEC6.MOD
aed561c112d33be0252d62edee3fc9d5	1	178913	player	ft2play	Fasttracker (M.K.)	4	337391	7f5899c5	57dec6bc	START/ZIPPED/DOS/MOD/BENITEC6.ZIP/BENITEC6.MOD
af4541b4c129a1a47af48e033f71497d	1	23168	player	uade	Protracker	0	8904	cce05f1d	3a5dc664	START/ZIPPED/DOS/MOD/HW-CHIP.ZIP/MOD.IN_
afa9b955967b1283564e6dc8969595eb	1	111878	player+silence	st3play	Scream Tracker 3.2x (GUS)	16	94698	e5dab418	e4237f0c	START/PROGS/DOS/MUSIC/CUBIC14L/ASCIIDAN.S3M
afa9b955967b1283564e6dc8969595eb	1	111878	player+silence	st3play	Scream Tracker 3.2x (GUS)	16	94698	e5dab418	e4237f0c	START/ZIPPED/DOS/MOD/EPI-OTN1.ZIP/ASCIIDAN.S3M
b01766b6c90c98d144ac59e63fd2bcd5	1	159127	player+silence	st3play	Scream Tracker 3.2x (SB)	8	70969	6b2c093d	7a0eda35	START/PROGS/DOS/MUSIC/CUBIC14L/REALTIME.S3M
b01766b6c90c98d144ac59e63fd2bcd5	1	159127	player+silence	st3play	Scream Tracker 3.2x (SB)	8	70969	6b2c093d	7a0eda35	START/ZIPPED/DOS/MOD/UMIRTIME.ZIP/REALTIME.S3M
b06a8ba1f5669ae12ac95ff25a890332	1	192945	player+silence	st3play	Scream Tracker 3.2x (SB)	16	54540	f3e2a681	3a253b36	START/PROGS/DOS/MUSIC/CUBIC14L/HOT.S3M
b06a8ba1f5669ae12ac95ff25a890332	1	192945	player+silence	st3play	Scream Tracker 3.2x (SB)	16	54540	f3e2a681	3a253b36	START/ZIPPED/DOS/MOD/S3M15COL.ZIP/HOT.S3M
b0ec1de8b61c368b1728d1dc014c9ace	1	300730	player	st3play	Scream Tracker 3.01 (SB)	16	214855	0bf00f93	c4533481	START/PROGS/DOS/MUSIC/CUBIC14L/MYSELF.S3M
b0ec1de8b61c368b1728d1dc014c9ace	1	300730	player	st3play	Scream Tracker 3.01 (SB)	16	214855	0bf00f93	c4533481	START/ZIPPED/DOS/MOD/MYSELF.ZIP/MYSELF.S3M
b1460ac0e8e55039e930ad69482a73ac	1	232922	player+silence	st3play	Scream Tracker 3.2x (GUS)	16	723754	1c9768c1	91f16240	START/PROGS/DOS/MUSIC/CUBIC14L/VENG-CAL.S3M
b1460ac0e8e55039e930ad69482a73ac	1	232922	player+silence	st3play	Scream Tracker 3.2x (GUS)	16	723754	1c9768c1	91f16240	START/ZIPPED/DOS/MOD/VENG-CAL.ZIP/VENG-CAL.S3M
b1cec022650db28841a52dbdafb8edf9	1	146656	player+silence	st3play	Scream Tracker 3.2x (SB)	16	503056	8ab472fc	6f1b0532	START/PROGS/DOS/MUSIC/CUBIC14L/ANO_MOR.S3M
b1cec022650db28841a52dbdafb8edf9	1	146656	player+silence	st3play	Scream Tracker 3.2x (SB)	16	503056	8ab472fc	6f1b0532	START/ZIPPED/DOS/MOD/ANO_MOR.ZIP/ANO_MOR.S3M
b28a259dbb7843d656321175897a1571	1	374605	player+silence	ft2play	FastTracker v2.00	16	396447	6a6f33b9	8bb23b51	START/ZIPPED/DOS/MOD/303_HARM.ZIP/HARMONY.XM
b2a905368a03095cc2f83570c1c72d9a	1	282917	player+volume	st3play	Scream Tracker 3.01 (SB)	16	141408	fe6accb0	81fa70b3	START/PROGS/DOS/MUSIC/CUBIC14L/TRACK_O1.S3M
b2a905368a03095cc2f83570c1c72d9a	1	282917	player+volume	st3play	Scream Tracker 3.01 (SB)	16	141408	fe6accb0	81fa70b3	START/ZIPPED/DOS/MOD/SPICED.ZIP/TRACK_O1.S3M
b2ba6e2597a5c75e859284b2bd7fa1a0	1	155650	player	uade	Protracker	0	29178	9bf9b2c8	b5fca6b1	START/ZIPPED/DOS/MOD/HW-TAKE.ZIP/MOD.TAK
b47781343c85f180f450a39261200479	1	162004	player	ft2play	Fasttracker	8	223776	e0c91b34	0c9b2ae2	START/ZIPPED/DOS/DEMOS/IMPHOB10.ZIP/DATA.002
b49e0b004bd787ebd4d712c16ba5e3d0	0	160960	player	libopenmpt	DSIK Format	16	133448	032260b5	9df26c80	START/PROGS/DOS/GAMES/TETRIX2/SOUND_0.SND
b49e0b004bd787ebd4d712c16ba5e3d0	0	160960	player	libopenmpt	DSIK Format	16	133448	032260b5	9df26c80	START/ZIPPED/DOS/GAMES/TETRIX2.ZIP/SOUND_0.SND
b6e5adec860a8cb610061baa08fc08d6	1	345058	player	st3play	Scream Tracker 3.2x (GUS)	9	224858	e53b1876	3df9847a	START/PROGS/DOS/MUSIC/CUBIC14L/DEMOLIT.S3M
b6e5adec860a8cb610061baa08fc08d6	1	345058	player	st3play	Scream Tracker 3.2x (GUS)	9	224858	e53b1876	3df9847a	START/ZIPPED/DOS/MOD/CODEBRK.ZIP/DEMOLIT.S3M
b75b5fdef4e62d4186ae26e4aad2a03c	1	288876	player	ft2play	FastTracker v2.00	10	423577	4a071a90	bc3c4adc	START/ZIPPED/DOS/MOD/XS_GOODT.ZIP/GOOD.XM
b83015d1c96fb92923f006571964f16a	1	188681	player+silence	st3play	Scream Tracker 3.2x (SB)	16	131984	42a10a96	b3c33708	START/PROGS/DOS/MUSIC/CUBIC14L/KICK.S3M
b83015d1c96fb92923f006571964f16a	1	188681	player+silence	st3play	Scream Tracker 3.2x (SB)	16	131984	42a10a96	b3c33708	START/ZIPPED/DOS/MOD/S3M16COL.ZIP/KICK.S3M
b95c068b459427bc8eafad162bf0f3c6	0	323038	player	libopenmpt	MultiTracker 1.0	15	103977	952e73a2	de1d7a53	START/ZIPPED/DOS/MOD/ESP_MCHN.ZIP/MACHINE.MTM
b9916c64ba3b8aafedf4ba49d654e185	0	209190	player	libopenmpt	X-Tracker	15	771993	c761e52d	002fbd36	START/ZIPPED/DOS/MOD/RR_CH7-4.ZIP/RAN-RADI.DMF
b9cd31f5ca99f9a7462fa0357eb5ceef	1	67644	player+volume	st3play	Scream Tracker 3.2x (SB)	16	34605	a4b0e00a	d78cd617	START/PROGS/DOS/MUSIC/CUBIC14L/HARVEST.S3M
b9cd31f5ca99f9a7462fa0357eb5ceef	1	67644	player+volume	st3play	Scream Tracker 3.2x (SB)	16	34605	a4b0e00a	d78cd617	START/ZIPPED/DOS/MOD/HARVEST.ZIP/HARVEST.S3M
b9d41777035ac727ebc6ac420964bfd0	1	234857	player+silence	st3play	Scream Tracker 3.2x (SB)	16	160268	6f37e0dc	2833a743	START/PROGS/DOS/MUSIC/CUBIC14L/I_CRY.S3M
b9d41777035ac727ebc6ac420964bfd0	1	234857	player+silence	st3play	Scream Tracker 3.2x (SB)	16	160268	6f37e0dc	2833a743	START/ZIPPED/DOS/MOD/EPI-OTN2.ZIP/I_CRY.S3M
ba3b77768c7ec762e62d2988c1fdf4d5	1	250233	player	st3play	Scream Tracker 3.2x (SB)	8	143660	dae07ba7	f02da4d6	START/PROGS/DOS/MUSIC/CUBIC14L/CRAYON64.S3M
ba3b77768c7ec762e62d2988c1fdf4d5	1	250233	player	st3play	Scream Tracker 3.2x (SB)	8	143660	dae07ba7	f02da4d6	START/ZIPPED/DOS/MOD/CRAYON64.ZIP/CRAYON64.S3M
ba9552390e274ddc166d9dc34e63ea0d	1	270905	player+silence	ft2play	FastTracker v2.00	8	490474	eb75fe29	2812abe5	START/ZIPPED/DOS/MOD/LASTCHAN.ZIP/LCTGF.XM
ba955fef19d0e91ab787f9cebbe5b8e1	1	172087	player+silence	st3play	Scream Tracker 3.03 (GUS)	12	284334	5f3a1440	15323446	START/PROGS/DOS/MUSIC/CUBIC14L/KAMBA.S3M
ba955fef19d0e91ab787f9cebbe5b8e1	1	172087	player+silence	st3play	Scream Tracker 3.03 (GUS)	12	284334	5f3a1440	15323446	START/ZIPPED/DOS/MOD/KAMBA.ZIP/KAMBA.S3M
baff0c22192a91b1b575255bcb2b5a97	1	278044	player	st3play	Scream Tracker 3.2x (GUS)	16	192377	3eebe42d	38092828	START/PROGS/DOS/MUSIC/CUBIC14L/EPI-UNXP.S3M
baff0c22192a91b1b575255bcb2b5a97	1	278044	player	st3play	Scream Tracker 3.2x (GUS)	16	192377	3eebe42d	38092828	START/ZIPPED/DOS/MOD/EPI-OTN2.ZIP/EPI-UNXP.S3M
bb79102bc106f750d36813547e00ab09	1	195738	player	uade	Protracker	0	147784	ef218b2b	c2ec5385	START/PROGS/DOS/MUSIC/CUBIC14L/METROSSI.MOD
bb79102bc106f750d36813547e00ab09	1	195738	player	uade	Protracker	0	147784	ef218b2b	c2ec5385	START/ZIPPED/DOS/MOD/RAW8_SFX.ZIP/METROSSI.MOD
bc535589a18be534a5de9495e07d8d22	1	212059	player	ft2play	FastTracker v2.00	12	178459	3bbe9e9d	2c7565be	START/ZIPPED/DOS/MOD/MAS_SAXB.ZIP/MAS_SAXB.XM
be830db3f5a31101716e3d0f922aa3a0	1	213042	player+silence	ft2play	FastTracker v2.00	20	230301	e3ec346a	d1754bfb	START/ZIPPED/DOS/MOD/MOZ-0003.ZIP/CBC-RERE.XM
beb7b499628c6985a0313cf1696c820b	1	183830	player+silence	st3play	Scream Tracker 3.2x (GUS)	16	288288	30db778a	1ac2289c	START/ZIPPED/DOS/DEMOS/VAL_OS2.ZIP/VAL_OS2.008
bf0d1733b305d109a66a7c6ebc473b3e	0	289532	player	libopenmpt	X-Tracker	13	284430	4141e1b1	9b940cc0	START/ZIPPED/DOS/MOD/RR_CH7-3.ZIP/RAN-INFU.DMF
bf71f0a96e8cca0401107a872cd597e2	1	325888	player	st3play	Scream Tracker 3.2x (GUS)	8	188225	f9e2888e	fed903e2	START/PROGS/DOS/MUSIC/CUBIC14L/SHREDDED.S3M
bf71f0a96e8cca0401107a872cd597e2	1	325888	player	st3play	Scream Tracker 3.2x (GUS)	8	188225	f9e2888e	fed903e2	START/ZIPPED/DOS/MOD/CODEBRK.ZIP/SHREDDED.S3M
bfff2f4f033ea547a796c721b8fd134a	0	253600	player+silence	libopenmpt	X-Tracker	23	416734	b13eb09d	00e1d92c	START/ZIPPED/DOS/MOD/RR_CH7-3.ZIP/CAN-PALE.DMF
c0e3fa2348e68e3a806d8903aff05663	0	211844	player	libopenmpt	MultiTracker 1.0	6	388233	98fc53e6	48387e0e	START/ZIPPED/DOS/MOD/K_FOUND.ZIP/K_FOUND.MTM
c0ed6bf7a3c4396b07cacea891fbc282	1	40871	player	uade	Protracker	0	75068	8ecf3bfb	28974bef	START/PROGS/DOS/MUSIC/CUBIC14L/HAPAPI.MOD
c0ed6bf7a3c4396b07cacea891fbc282	1	40871	player	uade	Protracker	0	75068	8ecf3bfb	28974bef	START/ZIPPED/DOS/MOD/UKU-HAPA.ZIP/HAPAPI.MOD
c0fb583db4ffc22cb07604f89295ec09	1	138007	player	st3play	Scream Tracker 3.2x (GUS)	16	206606	31bdc436	e0583c87	START/ZIPPED/DOS/MOD/NEWBEGIN.ZIP/NEWBEGIN.S3M
c1034cacec1a206ef9cdaa57608b69a9	1	242979	player	uade	Protracker	0	261624	cae13f59	46370bf6	START/PROGS/DOS/MUSIC/CUBIC14L/JCHANNEL.MOD
c1034cacec1a206ef9cdaa57608b69a9	1	242979	player	uade	Protracker	0	261624	cae13f59	46370bf6	START/ZIPPED/DOS/MOD/JCHANNEL.ZIP/JCHANNEL.MOD
c141e5cd51be104db77780d5c34d332b	1	158356	player	ft2play	Fasttracker	8	26000	4f0f9014	bd72d203	START/PROGS/DOS/DEMOS/FOAM/FOAM.MOD
c141e5cd51be104db77780d5c34d332b	1	158356	player	ft2play	Fasttracker	8	26000	4f0f9014	bd72d203	START/ZIPPED/DOS/DEMOS/FOAM.ZIP/FOAM.MOD
c19c21be196b9b2f83c7673a53688552	1	49001	player+silence	ft2play	FastTracker v2.00	8	90838	f831d0e0	215cb198	START/ZIPPED/DOS/MOD/NIZE.ZIP/NIZE.XM
c1b1b7d60d4c2a0345fd2e4ba78e4d17	1	220836	player	st3play	Scream Tracker 3.2x (GUS)	9	480455	af077334	676745c6	START/PROGS/DOS/MUSIC/CUBIC14L/PAND-TTW.S3M
c1b1b7d60d4c2a0345fd2e4ba78e4d17	1	220836	player	st3play	Scream Tracker 3.2x (GUS)	9	480455	af077334	676745c6	START/ZIPPED/DOS/MOD/PAND-TTW.ZIP/PAND-TTW.S3M
c1c82601be1fce6478cab5f3a385d9c5	1	180125	player	uade	Protracker	0	254380	6c562e3a	a83dd3e9	START/ZIPPED/DOS/DEMOS/HOAXTROK.ZIP/INTRO.DAT
c2264f14d57f55677208efe93d59e5be	0	197575	player+silence	libopenmpt	X-Tracker	13	322394	34ffc672	87c3bd59	START/ZIPPED/DOS/MOD/SCP-BACK.ZIP/SCP-BACK.DMF
c3240638d00d7df6587c57ea48d6c897	0	204177	player+silence	libopenmpt	MultiTracker 1.0	8	247734	fd3f73c8	7b369109	START/ZIPPED/DOS/MOD/EPI-OTN2.ZIP/NOLEFT.MTM
c34215e65d9508ed6dfc90df88add91a	1	217358	player+silence	st3play	Scream Tracker 3.2x (SB)	16	587512	ee1b0a81	fb08aaac	START/PROGS/DOS/MUSIC/CUBIC14L/NICKLBAG.S3M
c34215e65d9508ed6dfc90df88add91a	1	217358	player+silence	st3play	Scream Tracker 3.2x (SB)	16	587512	ee1b0a81	fb08aaac	START/ZIPPED/DOS/MOD/NICKLBAG.ZIP/NICKLBAG.S3M
c3ff7256e08087807d09401b03257aa7	1	23168	player	uade	Protracker compatible	0	69560	e76a18d3	0b6d841e	START/PROGS/DOS/MUSIC/CUBIC14L/MANANITA.MOD
c3ff7256e08087807d09401b03257aa7	1	23168	player	uade	Protracker compatible	0	69560	e76a18d3	0b6d841e	START/ZIPPED/DOS/MOD/MANANITA.ZIP/MANANITA.MOD
c48f9ed66457bdd1c37fcf0308053b29	1	49900	player	ft2play	FastTracker v2.00	8	75694	46605f0b	988aac71	START/ZIPPED/DOS/MOD/PN_MIND.ZIP/MINDBEAT.XM
c56f01e8a00d3065d5f6fc59559f6442	1	143493	player	uade	Protracker compatible	0	63994	e1b3355e	ca3d1ec4	START/PROGS/DOS/MUSIC/CUBIC14L/EG-ROCK3.MOD
c56f01e8a00d3065d5f6fc59559f6442	1	143493	player	uade	Protracker compatible	0	63994	e1b3355e	ca3d1ec4	START/ZIPPED/DOS/MOD/EPI-OTN1.ZIP/EG-ROCK3.MOD
c5c0041cd26e0c42665a51974e199172	1	319157	player+silence	uade	Protracker	0	154567	a21f3c18	30e85455	START/PROGS/DOS/PROGS/DAILY20/9.MOD
c5c0041cd26e0c42665a51974e199172	1	319157	player+silence	uade	Protracker	0	154567	a21f3c18	30e85455	START/ZIPPED/DOS/PROGS/DAILY20.ZIP/9.MOD
c5f99b1587062ab09808404a5731346f	1	58052	player	uade	Protracker	0	12770	055a838d	534a8205	START/PROGS/DOS/MUSIC/CUBIC14L/FREE4ALL.MOD
c5f99b1587062ab09808404a5731346f	1	58052	player	uade	Protracker	0	12770	055a838d	534a8205	START/ZIPPED/DOS/MOD/HW-CHIO.ZIP/MOD.FRE
c5f99b1587062ab09808404a5731346f	1	58052	player	uade	Protracker	0	12770	055a838d	534a8205	START/ZIPPED/DOS/MOD/HW-CHIP.ZIP/MOD.FRE
c66ca232e4e02ca90dc123fbac289dde	1	169578	player+silence	st3play	Scream Tracker 3.2x (SB)	16	118124	e5bf6c22	0f451f1f	START/PROGS/DOS/MUSIC/CUBIC14L/HAPPY.S3M
c66ca232e4e02ca90dc123fbac289dde	1	169578	player+silence	st3play	Scream Tracker 3.2x (SB)	16	118124	e5bf6c22	0f451f1f	START/ZIPPED/DOS/MOD/S3M19COL.ZIP/HAPPY.S3M
c85462ae5374e3842d08fd35f23c8f49	1	219087	player	st3play	Scream Tracker 3.2x (GUS)	16	221464	6d21fd6a	053f8c19	START/PROGS/DOS/MUSIC/CUBIC14L/LRY-SBRX.S3M
c85462ae5374e3842d08fd35f23c8f49	1	219087	player	st3play	Scream Tracker 3.2x (GUS)	16	221464	6d21fd6a	053f8c19	START/ZIPPED/DOS/MOD/LRY-SBRX.ZIP/LRY-SBRX.S3M
c8d3a5c8eacb748b342afb299606689e	1	279169	player	uade	Protracker	0	148754	06ca636d	1ed784f3	START/PROGS/DOS/MUSIC/CUBIC14L/FUNKADLC.MOD
c8d3a5c8eacb748b342afb299606689e	1	279169	player	uade	Protracker	0	148754	06ca636d	1ed784f3	START/ZIPPED/DOS/MOD/HW-FUNK.ZIP/MOD.FUN
cb5a99e071755b6eb49ef055899f10ee	1	131614	player+silence	st3play	Scream Tracker 3.00 (SB)	8	88389	672bd978	534662cd	START/ZIPPED/DOS/DEMOS/MATTEUS.ZIP/MATTEUS.S3X
cbde497ff7f67fe70e6c7169347e5974	1	291969	player	uade	Protracker compatible	0	91403	dcc9d292	7b95fdca	START/PROGS/DOS/MUSIC/CUBIC14L/EG-EPI.MOD
cbde497ff7f67fe70e6c7169347e5974	1	291969	player	uade	Protracker compatible	0	91403	dcc9d292	7b95fdca	START/ZIPPED/DOS/MOD/EPI-OTN1.ZIP/EG-EPI.MOD
cbde497ff7f67fe70e6c7169347e5974	2	80758	player
cbdea8f66a9609f43f17ef8318436785	0	135378	player	libopenmpt	MultiTracker 1.0	6	385639	03bb93b8	f999a88f	START/ZIPPED/DOS/MOD/MOZ-0003.ZIP/PSY-OUTR.MTM
cbe67be36740f628cedcb077ea15db32	0	276854	player	libopenmpt	X-Tracker	17	389162	730da51b	a4f80ea7	START/ZIPPED/DOS/MOD/RR_CH7-3.ZIP/CAN-DONT.DMF
cc20bfec596f4372abdec5eb6687a89f	0	324002	player+silence	libopenmpt	MultiTracker 1.0	16	120379	81cf4be5	aef146c7	START/ZIPPED/DOS/MOD/COSMIC-L.ZIP/COSMIC-L.MTM
ccd6c195988bec77ad5f6b5b635932ca	1	198610	player+silence	ft2play	Fasttracker	8	598272	ff9d4118	33719ca4	START/PROGS/DOS/MUSIC/CUBIC14L/CHAOSAP2.MOD
ccd6c195988bec77ad5f6b5b635932ca	1	198610	player+silence	ft2play	Fasttracker	8	598272	ff9d4118	33719ca4	START/ZIPPED/DOS/MOD/CHAOSAP2.ZIP/CHAOSAP2.MOD
cceb0d57656fc9821e1380cfe4203555	1	178055	player	st3play	Scream Tracker 3.2x (GUS)	7	182166	981cb88a	f699760d	START/ZIPPED/DOS/DEMOS/H-LIFE.ZIP/HERMO.S3M
cd43d4db074a8fa3ac0c65d4fd341c5e	1	331032	player	uade	Protracker	0	158766	2c184aa4	7f665ee8	START/ZIPPED/DOS/MOD/ANAL.ZIP/ANAL.MOD
ce13d4a3e2da7ced51db4de260aaf9d6	0	258580	player+silence	libopenmpt	MultiTracker 1.0	8	330606	19c32d72	821e05af	START/ZIPPED/DOS/MOD/K_CARS.ZIP/K_CARS.MTM
ce6cf46033e529f6b8aaf8d3badfb82b	1	287049	player+silence	st3play	Scream Tracker 3.2x (SB)	16	643762	5c4ba3e7	b377c12a	START/PROGS/DOS/MUSIC/CUBIC14L/FATAL.S3M
ce6cf46033e529f6b8aaf8d3badfb82b	1	287049	player+silence	st3play	Scream Tracker 3.2x (SB)	16	643762	5c4ba3e7	b377c12a	START/ZIPPED/DOS/MOD/303_FSUN.ZIP/FATAL.S3M
cef2b006f6491cbde2217798b0715240	1	61568	player	uade	Protracker	0	14076	6ac0b676	88f48041	START/PROGS/DOS/MUSIC/CUBIC14L/ALIVKICK.MOD
cef2b006f6491cbde2217798b0715240	1	61568	player	uade	Protracker	0	14076	6ac0b676	88f48041	START/ZIPPED/DOS/MOD/HW-CHIP.ZIP/MOD.ALI
cf29c97c5a61866f6a29afa8d0bd74e3	1	44850	player	st3play	Scream Tracker 3.2x (SB)	4	49156	b19ad13b	881a484f	START/PROGS/DOS/MUSIC/CUBIC14L/REALIZAT.S3M
cf29c97c5a61866f6a29afa8d0bd74e3	1	44850	player	st3play	Scream Tracker 3.2x (SB)	4	49156	b19ad13b	881a484f	START/ZIPPED/DOS/MOD/THEGIRL.ZIP/REALIZAT.S3M
d06b9bec6aae7df063eccd6ebcea2f20	0	165872	player	libopenmpt	DSIK Format	16	8017	0e1a2fb4	37dd7de4	START/PROGS/DOS/GAMES/TETRIX2/SOUND_2.SND
d06b9bec6aae7df063eccd6ebcea2f20	0	165872	player	libopenmpt	DSIK Format	16	8017	0e1a2fb4	37dd7de4	START/ZIPPED/DOS/GAMES/TETRIX2.ZIP/SOUND_2.SND
d09125bfba667978fc539784a7d6718f	1	309337	player+volume	uade	Noisetracker 1.x	0	111868	982b3859	8a58d468	START/PROGS/DOS/PROGS/DAILY20/13.MOD
d09125bfba667978fc539784a7d6718f	1	309337	player+volume	uade	Noisetracker 1.x	0	111868	982b3859	8a58d468	START/ZIPPED/DOS/PROGS/DAILY20.ZIP/13.MOD
d09eac19ec8b8c8e7b57cebe2e79d340	1	329719	player+silence	ft2play	FastTracker v2.00	18	390725	a63d5f5c	0eb24126	START/ZIPPED/DOS/MOD/MEALIFE.ZIP/MEALIFE.XM
d0ce2c593f033526360640b333c78df3	1	245371	player	st3play	Scream Tracker 3.2x (GUS)	16	253691	7ea3759d	a5d83264	START/PROGS/DOS/MUSIC/CUBIC14L/REGUDAYS.S3M
d0ce2c593f033526360640b333c78df3	1	245371	player	st3play	Scream Tracker 3.2x (GUS)	16	253691	7ea3759d	a5d83264	START/ZIPPED/DOS/MOD/OCT-REGU.ZIP/REGUDAYS.S3M
d0ce2c593f033526360640b333c78df3	1	245371	player	st3play	Scream Tracker 3.2x (GUS)	16	253691	7ea3759d	a5d83264	START/ZIPPED/DOS/MOD/RCT-REGU.ZIP/REGUDAYS.S3M
d0f2c24c52a56618cf6a92b2426abacd	1	207553	player	st3play	Scream Tracker 3.2x (GUS)	16	461493	95762882	44635b6f	START/PROGS/DOS/MUSIC/CUBIC14L/THEDEATH.S3M
d0f2c24c52a56618cf6a92b2426abacd	1	207553	player	st3play	Scream Tracker 3.2x (GUS)	16	461493	95762882	44635b6f	START/ZIPPED/DOS/MOD/THEDEATH.ZIP/THEDEATH.S3M
d2c9f3fe8888c947649baedf2ac89322	1	253480	player+silence	uade	Protracker compatible	0	123335	a27caad4	3546e648	START/PROGS/DOS/PROGS/DAILY20/2.MOD
d2c9f3fe8888c947649baedf2ac89322	1	253480	player+silence	uade	Protracker compatible	0	123335	a27caad4	3546e648	START/ZIPPED/DOS/PROGS/DAILY20.ZIP/2.MOD
d3057aab68e56878af05475f9f59c001	1	164279	player+silence	st3play	Scream Tracker 3.2x (SB)	16	255524	7cd16c10	82d18221	START/PROGS/DOS/MUSIC/CUBIC14L/TTT_LUV.S3M
d3057aab68e56878af05475f9f59c001	1	164279	player+silence	st3play	Scream Tracker 3.2x (SB)	16	255524	7cd16c10	82d18221	START/ZIPPED/DOS/MOD/GIVE_LUV.ZIP/TTT_LUV.S3M
d43f2054ef2e0c945852278211fc4dc1	1	331032	player	uade	Protracker	0	158768	33423531	d94bb498	START/PROGS/DOS/MUSIC/CUBIC14L/ANAL.MOD
d43f2054ef2e0c945852278211fc4dc1	1	331032	player	uade	Protracker	0	158768	33423531	d94bb498	START/ZIPPED/DOS/MOD/AMU-ANAL.ZIP/ANAL.MOD
d57cee27bd2494f1a4d0a334fe7e6130	1	120555	player+silence	st3play	Scream Tracker 3.2x (GUS)	10	269166	659502b7	5a0ab7e4	START/PROGS/DOS/MUSIC/CUBIC14L/RESET.S3M
d57cee27bd2494f1a4d0a334fe7e6130	1	120555	player+silence	st3play	Scream Tracker 3.2x (GUS)	10	269166	659502b7	5a0ab7e4	START/ZIPPED/DOS/MOD/EPI-OTN3.ZIP/RESET.S3M
d59f572c79d2469cb3350268b467c062	1	80417	player	st3play	Scream Tracker 3.01 (SB)	16	206143	810eccd9	638727d8	START/PROGS/DOS/MUSIC/CUBIC14L/MZA4B.S3M
d59f572c79d2469cb3350268b467c062	1	80417	player	st3play	Scream Tracker 3.01 (SB)	16	206143	810eccd9	638727d8	START/ZIPPED/DOS/MOD/MZA4B.ZIP/MZA4B.S3M
d5d4b02731591ecc350f6e18d8e61c6a	0	51123	player	libopenmpt	Digitrakker 2.3	6	5007	2370a17f	9070d869	START/ZIPPED/DOS/SOUND/DIGITR23.ZIP/CHIPZONE.MDL
d65a0b8604df5a4416f3a53520960854	1	381410	player+silence	uade	Protracker compatible	0	100411	1929980c	0269e23b	START/PROGS/DOS/PROGS/DAILY20/5.MOD
d65a0b8604df5a4416f3a53520960854	1	381410	player+silence	uade	Protracker compatible	0	100411	1929980c	0269e23b	START/ZIPPED/DOS/PROGS/DAILY20.ZIP/5.MOD
d7f353080a1e0b2703a3e24053e0fca2	1	352196	player+silence	st3play	Scream Tracker 3.2x (SB)	16	376260	4becfac5	d836f6b6	START/PROGS/DOS/MUSIC/CUBIC14L/WIRED_F3.S3M
d7f353080a1e0b2703a3e24053e0fca2	1	352196	player+silence	st3play	Scream Tracker 3.2x (SB)	16	376260	4becfac5	d836f6b6	START/ZIPPED/DOS/MOD/303_WFUT.ZIP/WIRED_F3.S3M
d8082b9717481e677249ab79f1d47fb7	1	221344	player+silence	st3play	Scream Tracker 3.2x (SB)	16	183151	6818048e	9a18aaa6	START/PROGS/DOS/MUSIC/CUBIC14L/ANTIC.S3M
d8082b9717481e677249ab79f1d47fb7	1	221344	player+silence	st3play	Scream Tracker 3.2x (SB)	16	183151	6818048e	9a18aaa6	START/ZIPPED/DOS/MOD/ANTIC.ZIP/ANTIC.S3M
da7588ff7ac1ee35cca172d52b3674f4	1	113462	player+silence	st3play	Scream Tracker 3.2x (SB)	8	145434	08bcea83	dadf0a86	START/PROGS/DOS/MUSIC/CUBIC14L/WICHDR!.S3M
da7588ff7ac1ee35cca172d52b3674f4	1	113462	player+silence	st3play	Scream Tracker 3.2x (SB)	8	145434	08bcea83	dadf0a86	START/ZIPPED/DOS/MOD/WICH.ZIP/WICHDR!.S3M
dabfa39bb049bd56c90a64d419489509	1	53872	player	uade	Protracker	0	28824	d0d5d72d	92aa0a62	START/PROGS/DOS/MUSIC/CUBIC14L/CHINESG.MOD
dabfa39bb049bd56c90a64d419489509	1	53872	player	uade	Protracker	0	28824	d0d5d72d	92aa0a62	START/ZIPPED/DOS/MOD/HW-CHIN.ZIP/MOD.CHI
dae2d05f7f830550652a4b49df436b5a	0	143582	player	libopenmpt	X-Tracker	21	137804	e386b773	25a30833	START/ZIPPED/DOS/MOD/OVN-QUAG.ZIP/OVN-QUAG.DMF
daf08da926483ff9c07c6419c9778d74	1	211873	player	ft2play	FastTracker v2.00	10	499097	8bff1857	abb69916	START/ZIPPED/DOS/MOD/GELEI.ZIP/GELEIHOO.XM
db40dbc80c220766ae56ee0d35799ab7	1	380088	player+silence	st3play	Scream Tracker 3.2x (GUS)	9	177169	60d6a0bb	9e6f040f	START/PROGS/DOS/MUSIC/CUBIC14L/M_LACRIM.S3M
db40dbc80c220766ae56ee0d35799ab7	1	380088	player+silence	st3play	Scream Tracker 3.2x (GUS)	9	177169	60d6a0bb	9e6f040f	START/ZIPPED/DOS/MOD/M_LACRIM.ZIP/M_LACRIM.S3M
db4105386629ef7bdf5bffcc4e62be34	1	225035	player	uade	Protracker	0	115372	bc08b7b9	b86a8284	START/ZIPPED/DOS/MOD/HW-WISP.ZIP/MOD.WIS
dc528fb3c22d23a1a29ffa264090c71d	1	243723	player	st3play	Scream Tracker 3.01 (SB)	16	155820	cfa1706f	db5786a2	START/PROGS/DOS/MUSIC/CUBIC14L/BASTARD.S3M
dc528fb3c22d23a1a29ffa264090c71d	1	243723	player	st3play	Scream Tracker 3.01 (SB)	16	155820	cfa1706f	db5786a2	START/ZIPPED/DOS/MOD/BASTARD.ZIP/BASTARD.S3M
ddaca57629d77b89eac1ab75cec69c54	0	562284	player	libopenmpt	X-Tracker	14	666247	2b1381b2	dd0c8b48	START/ZIPPED/DOS/MOD/RR_CH7-6.ZIP/TAZ-PLAV.DMF
ddf23ae6031a1d8464ebb296f00c25e1	1	326725	player	ft2play	FastTracker v2.00	22	331040	98cb8e03	e669bc5d	START/ZIPPED/DOS/MOD/MOZ-0003.ZIP/CBC-HSTA.XM
df41e18e2e5786d6d03a9380367657c3	1	318076	player+silence	st3play	Scream Tracker 3.2x (GUS)	16	207950	1bf6d174	3be8d62c	START/PROGS/DOS/MUSIC/CUBIC14L/CE-MINIM.S3M
df41e18e2e5786d6d03a9380367657c3	1	318076	player+silence	st3play	Scream Tracker 3.2x (GUS)	16	207950	1bf6d174	3be8d62c	START/ZIPPED/DOS/MOD/CE-MINIM.ZIP/CE-MINIM.S3M
df880deea5ef673d35c635a11d6a938f	1	15472	player	uade	Protracker	0	14338	607bb267	61e562c1	START/PROGS/DOS/GAMES/DIGGERS/SOUND/SHOP.MOD
df880deea5ef673d35c635a11d6a938f	1	15472	player	uade	Protracker	0	14338	607bb267	61e562c1	START/ZIPPED/DOS/GAMES/DIGGERS.ZIP/SHOP.MOD
dfb4e5d9e71c8072d4d78ab74cf01645	1	118935	player+silence	ft2play	Fasttracker	8	261598	853ddf62	28e60a6b	START/ZIPPED/DOS/DEMOS/PTM-INTR.ZIP/INTRANCE.MOD
e0b09c90502ffc94f385ef6e78c75e72	1	329927	player+silence	ft2play	FastTracker v2.00	10	324336	5d6cee95	e2e73124	START/ZIPPED/DOS/MOD/PEREGRIN.ZIP/PEREGRIN.XM
e122082602179f4051121fff9ba94158	1	341903	player	uade	Protracker compatible	0	102665	a56e2ba5	2345f818	START/PROGS/DOS/PROGS/DAILY20/14.MOD
e122082602179f4051121fff9ba94158	1	341903	player	uade	Protracker compatible	0	102665	a56e2ba5	2345f818	START/ZIPPED/DOS/PROGS/DAILY20.ZIP/14.MOD
e18d4e3e0847aeaf33ca41080d0e238a	1	246742	player+volume	st3play	Scream Tracker 3.2x (SB)	10	327998	ee9f8342	3dc1abe1	START/PROGS/DOS/MUSIC/CUBIC14L/PN-DSCRD.S3M
e18d4e3e0847aeaf33ca41080d0e238a	1	246742	player+volume	st3play	Scream Tracker 3.2x (SB)	10	327998	ee9f8342	3dc1abe1	START/ZIPPED/DOS/MOD/EPI-OTN2.ZIP/PN-DSCRD.S3M
e24ebf458353d917ad280e20945383f0	1	26223	player	uade	Protracker	0	9958	90093d7f	8fb06af9	START/PROGS/DOS/MUSIC/CUBIC14L/ROBTCTRL.MOD
e24ebf458353d917ad280e20945383f0	1	26223	player	uade	Protracker	0	9958	90093d7f	8fb06af9	START/ZIPPED/DOS/MOD/HW-CHIP.ZIP/MOD.ROB
e2ad654a5b2396aeb8ab6448e51da48a	1	263831	player+silence	st3play	Scream Tracker 3.2x (GUS)	9	206856	4f3e2aea	708d813b	START/PROGS/DOS/MUSIC/CUBIC14L/M_INLOVE.S3M
e2ad654a5b2396aeb8ab6448e51da48a	1	263831	player+silence	st3play	Scream Tracker 3.2x (GUS)	9	206856	4f3e2aea	708d813b	START/ZIPPED/DOS/MOD/M_INLOVE.ZIP/M_INLOVE.S3M
e3454591c63f4a12c6333e7cbc1dcabb	1	373183	player	ft2play	FastTracker v2.00	12	241031	047ddc4f	7d682ea7	START/ZIPPED/DOS/MOD/303_SCHD.ZIP/SCHEDULE.XM
e3700e1e43446583c61eac8d86725b64	0	879140	player	libopenmpt	X-Tracker	33	1185609	2adbb29b	3430eabc	START/ZIPPED/DOS/MOD/SMU-DBYS.ZIP/SMU-DBYS.DMF
e3990941e6259924360319faef7d6260	1	254232	player	st3play	Scream Tracker 3.2x (SB)	16	187486	d70c33ea	9efdd954	START/PROGS/DOS/MUSIC/CUBIC14L/1ST_APPR.S3M
e3990941e6259924360319faef7d6260	1	254232	player	st3play	Scream Tracker 3.2x (SB)	16	187486	d70c33ea	9efdd954	START/ZIPPED/DOS/MOD/EPI-OTN1.ZIP/1ST_APPR.S3M
e3cec8fd8be025f69709b1751bf6f35b	1	327182	player+silence	ft2play	FastTracker v2.00	8	375985	36e14b09	74b3f86b	START/ZIPPED/DOS/MOD/ES_TRANC.ZIP/ES_TRANC.XM
e3ea63129bf6a62ffb746050d365619b	1	138369	player	uade	Protracker	0	114512	472d8d6e	53bfa678	START/PROGS/DOS/MUSIC/CUBIC14L/INTEROG.MOD
e3ea63129bf6a62ffb746050d365619b	1	138369	player	uade	Protracker	0	114512	472d8d6e	53bfa678	START/ZIPPED/DOS/MOD/HW-INTE.ZIP/MOD.INT
e4ad0d4c872a11bf97cbe7a2dc893ac6	1	324972	player+silence	st3play	Scream Tracker 3.2x (GUS)	11	224205	1c3327b4	13647fd0	START/PROGS/DOS/MUSIC/CUBIC14L/GR8WHITE.S3M
e4ad0d4c872a11bf97cbe7a2dc893ac6	1	324972	player+silence	st3play	Scream Tracker 3.2x (GUS)	11	224205	1c3327b4	13647fd0	START/ZIPPED/DOS/MOD/CODEBRK.ZIP/GR8WHITE.S3M
e50d0065d884cae56ce09ab6e4f46e5c	1	132340	player	st3play	Scream Tracker 3.2x (GUS)	16	178787	3724e50b	68c68e88	START/PROGS/DOS/MUSIC/CUBIC14L/BRN-BSS1.S3M
e50d0065d884cae56ce09ab6e4f46e5c	1	132340	player	st3play	Scream Tracker 3.2x (GUS)	16	178787	3724e50b	68c68e88	START/ZIPPED/DOS/MOD/BRN-BSS1.ZIP/BRN-BSS1.S3M
e546da94954365f251c9caac9ad6e0ca	1	126766	player	ft2play	Fasttracker	8	392380	bf6c83a4	2a903d2e	START/PROGS/DOS/MUSIC/CUBIC14L/HCVIBESM.MOD
e546da94954365f251c9caac9ad6e0ca	1	126766	player	ft2play	Fasttracker	8	392380	bf6c83a4	2a903d2e	START/ZIPPED/DOS/MOD/HCVIBES.ZIP/HCVIBESM.MOD
e646ac914602c256a6afe2edb6c75076	1	336240	player+silence	ft2play	FastTracker v2.00	16	422511	94291bc3	816153da	START/ZIPPED/DOS/MOD/303_ADRE.ZIP/ADREAMS.XM
e718fb7aa972b523aad28804fb82f8dc	1	7635	player	st3play	Scream Tracker 3.2x (GUS)	10	67882	cd73fcde	2fc746c2	START/PROGS/DOS/MUSIC/CUBIC14L/PUSHFEEL.S3M
e718fb7aa972b523aad28804fb82f8dc	1	7635	player	st3play	Scream Tracker 3.2x (GUS)	10	67882	cd73fcde	2fc746c2	START/ZIPPED/DOS/MOD/CT_PUSH.ZIP/PUSHFEEL.S3M
e832f6289ec425f13a83d5d5868232c2	1	176045	player	st3play	Scream Tracker 3.03 (GUS)	7	376800	b40d6b7a	50995978	START/PROGS/DOS/MUSIC/CUBIC14L/WAYPOINT.S3M
e832f6289ec425f13a83d5d5868232c2	1	176045	player	st3play	Scream Tracker 3.03 (GUS)	7	376800	b40d6b7a	50995978	START/ZIPPED/DOS/DEMOS/J95_2INV.ZIP/WAYPOINT.S3M
e832f6289ec425f13a83d5d5868232c2	1	176045	player	st3play	Scream Tracker 3.03 (GUS)	7	376800	b40d6b7a	50995978	START/ZIPPED/DOS/MOD/WAYPOINT.ZIP/WAYPOINT.S3M
e8c959b877fff220a8be8a35729b23d1	1	255912	player+silence	st3play	Scream Tracker 3.01 (SB)	16	394004	9d586d2a	e97d7548	START/PROGS/DOS/MUSIC/CUBIC14L/RAY-LOST.S3M
e8c959b877fff220a8be8a35729b23d1	1	255912	player+silence	st3play	Scream Tracker 3.01 (SB)	16	394004	9d586d2a	e97d7548	START/ZIPPED/DOS/MOD/RAY-LOST.ZIP/RAY-LOST.S3M
e9db7b6b932cc227249ab702468d5498	1	275505	player+silence	st3play	Scream Tracker 3.2x (GUS)	16	139852	6494f95a	8af2246c	START/PROGS/DOS/MUSIC/CUBIC14L/LRY-SHAN.S3M
e9db7b6b932cc227249ab702468d5498	1	275505	player+silence	st3play	Scream Tracker 3.2x (GUS)	16	139852	6494f95a	8af2246c	START/ZIPPED/DOS/MOD/LRY-SHAN.ZIP/LRY-SHAN.S3M
ea78baa10420f5c1de6612dc74773b72	1	182206	player+silence	ft2play	Fasttracker	12	418114	a130c2b6	70bd25cf	START/PROGS/DOS/MUSIC/CUBIC14L/AMBER.MOD
ea78baa10420f5c1de6612dc74773b72	1	182206	player+silence	ft2play	Fasttracker	12	418114	a130c2b6	70bd25cf	START/ZIPPED/DOS/MOD/AMBER.ZIP/AMBER.MOD
eb0b3427719815b40aae69575fe75415	1	276673	player	ft2play	FastTracker v2.00	8	310199	7befbc41	2b534646	START/ZIPPED/DOS/MOD/MAS_SCRE.ZIP/MAS_SCRE.XM
eb6f2fb5a8b98ec4895ea7ba47b135b0	1	224453	player+silence	st23play	Scream Tracker 2.x	4	215486	5708a864	6595cf36	START/PROGS/DOS/MUSIC/CUBIC14L/GUADP.STM
eb6f2fb5a8b98ec4895ea7ba47b135b0	1	224453	player+silence	st23play	Scream Tracker 2.x	4	215486	5708a864	6595cf36	START/ZIPPED/DOS/MOD/MPX7GUAD.ZIP/GUADP.STM
ec91a1ffd47ea9d4ecf60b81332a910d	1	171452	player	ft2play	FastTracker v2.00	12	178134	decfdc46	2e38a599	START/ZIPPED/DOS/MOD/EPI-OTN4.ZIP/SQUARE.XM
ecb502e95699e29c83ef8e59c4719f32	1	153471	player	ft2play	Fasttracker	8	261164	0ce25e82	99da6672	START/ZIPPED/DOS/DEMOS/NONAME00.ZIP/NONAME2.MOD
ecb502e95699e29c83ef8e59c4719f32	2	164674	player
ecc771ee2bfe1191dfd130da33833eb5	1	238498	player	uade	Protracker	0	125586	0cdd9644	97e94255	START/PROGS/DOS/MUSIC/CUBIC14L/EASTERIS.MOD
ecc771ee2bfe1191dfd130da33833eb5	1	238498	player	uade	Protracker	0	125586	0cdd9644	97e94255	START/ZIPPED/DOS/MOD/HW-EAST.ZIP/MOD.EAS
ed16348224658a29f1d0d0ed0c8b9993	1	215450	player	st3play	Scream Tracker 3.01 (SB)	16	164682	d3e3666d	181a98a5	START/PROGS/DOS/MUSIC/CUBIC14L/CRAP.S3M
ed16348224658a29f1d0d0ed0c8b9993	1	215450	player	st3play	Scream Tracker 3.01 (SB)	16	164682	d3e3666d	181a98a5	START/ZIPPED/DOS/MOD/CRAP.ZIP/CRAP.S3M
eecb3300f94b84fa734783cf3fb3cc2d	1	235744	player+silence	ft2play	FastTracker v2.00	14	454997	23d8b3a6	1d2bf75a	START/ZIPPED/DOS/MOD/CARRY_ON.ZIP/CARRY_ON.XM
eff8d77b1e3a571ff55dff7a54518034	0	140272	player	libopenmpt	DSMI Advanced Music Format v14	11	174603	6b423290	4b14d191	START/ZIPPED/DOS/GAMES/BOLZ_100.ZIP/DISK_3.EXE/SONGS/BONUS_1.SNG
eff8d77b1e3a571ff55dff7a54518034	0	140272	player	libopenmpt	DSMI Advanced Music Format v14	11	174603	6b423290	4b14d191	START/ZIPPED/DOS/GAMES/BOLZ10S3.ZIP/DISK_3.EXE/SONGS/BONUS_1.SNG
f008b9c1872b3c36678d4e4f3ce83d0c	1	211136	player+silence	st3play	Scream Tracker 3.2x (SB)	16	519928	9e952416	1de3810c	START/PROGS/DOS/MUSIC/CUBIC14L/BILITY.S3M
f008b9c1872b3c36678d4e4f3ce83d0c	1	211136	player+silence	st3play	Scream Tracker 3.2x (SB)	16	519928	9e952416	1de3810c	START/ZIPPED/DOS/MOD/BILITY.ZIP/BILITY.S3M
f0ca78dc9d06afda4bc50dcd062c0970	1	346510	player+silence	st3play	Scream Tracker 3.2x (SB)	16	148752	bbda603b	05983dc5	START/ZIPPED/DOS/SOUND/SOCAMTR1.ZIP/VOLATILE.S3M
f14e695db3575e2ffaa2f54831ccf15b	1	183018	player	st3play	Scream Tracker 3.2x (GUS)	6	19824	9fe64073	222312af	START/PROGS/DOS/MUSIC/CUBIC14L/TIGER.S3M
f14e695db3575e2ffaa2f54831ccf15b	1	183018	player	st3play	Scream Tracker 3.2x (GUS)	6	19824	9fe64073	222312af	START/ZIPPED/DOS/MOD/EQUAL1.ZIP/TIGER.S3M
f2470d428425ff2ea71b43250e5d0b0d	1	114999	player	st3play	Scream Tracker 3.2x (SB)	6	104167	96da119c	ae97d7c4	START/PROGS/DOS/MUSIC/CUBIC14L/W-CHAMPS.S3M
f2470d428425ff2ea71b43250e5d0b0d	1	114999	player	st3play	Scream Tracker 3.2x (SB)	6	104167	96da119c	ae97d7c4	START/ZIPPED/DOS/MOD/W-CHAMPS.ZIP/W-CHAMPS.S3M
f2f22f7cbd9e57c0ae455fbccc63a6aa	1	51879	player+silence	st3play	Scream Tracker 3.2x (SB)	16	179248	fc67ced7	597494ea	START/PROGS/DOS/MUSIC/CUBIC14L/GIRLS.S3M
f2f22f7cbd9e57c0ae455fbccc63a6aa	1	51879	player+silence	st3play	Scream Tracker 3.2x (SB)	16	179248	fc67ced7	597494ea	START/ZIPPED/DOS/MOD/MAZPARTY.ZIP/GIRLS.S3M
f37fcb5c076fad7dd73b31287269aedb	0	200382	player	libopenmpt	MultiTracker 1.0	7	82239	b45c1bc8	c7c92b37	START/ZIPPED/DOS/MOD/EPI-OTN2.ZIP/NSEPARA.MTM
f4e557c466d4cdee9910a7867d1e31c1	0	104692	player	libopenmpt	Epic MegaGames MASI (New Version)	4	103604	2c76c5bb	f29dbdfd	START/PROGS/DOS/GAMES/OMF20/MENU.PSM
f4e557c466d4cdee9910a7867d1e31c1	0	104692	player	libopenmpt	Epic MegaGames MASI (New Version)	4	103604	2c76c5bb	f29dbdfd	START/ZIPPED/DOS/GAMES/OMF20.ZIP/MENU.PSM
f5a642a46261ec98a38db384624a01b9	1	47261	player	st3play	Scream Tracker 3.2x (SB)	4	66018	88914d81	b1e7c7b4	START/ZIPPED/DOS/DEMOS/IMPHOB10.ZIP/IMP10_EX.ZIP/MUSIC2.ZIP/RYTHM.S3M
f6694cf2b6ddff01c14ed6d1df8243e4	0	521717	player+silence	libopenmpt	X-Tracker	21	516267	e024b219	1f571751	START/ZIPPED/DOS/MOD/EMS-MX02.ZIP/EMS-VISP.DMF
f76ae21f24d718e91b0bd0c9d54cfa3b	1	188431	player+silence	ft2play	FastTracker v2.00	10	438856	10288a29	08d94847	START/ZIPPED/DOS/MOD/B13-0022.ZIP/LOOPLAW.XM
f77e0768c9fafc71092e4e5e337f1cb0	1	509590	player	st3play	Scream Tracker 3.2x (SB)	16	467630	43cd453d	d30a41de	START/PROGS/DOS/MUSIC/CUBIC14L/DJ3_SM.S3M
f77e0768c9fafc71092e4e5e337f1cb0	1	509590	player	st3play	Scream Tracker 3.2x (SB)	16	467630	43cd453d	d30a41de	START/ZIPPED/DOS/MOD/DJ3_SM.ZIP/DJ3_SM.S3M
f7acf8edcdc9bc1ab2fc7e2b6923e76a	1	195872	player+silence	ft2play	FastTracker v2.00	12	174202	024f8fe1	839c50b9	START/ZIPPED/DOS/MOD/PM-MYHS.ZIP/PM-MYHS.XM
f7e033deba8cd6c3331f0e8ddc9803a8	1	146788	player	uade	Protracker	0	44418	7fccd2bb	75591272	START/ZIPPED/DOS/MOD/HW-HAWA.ZIP/MOD.HAW
f82a10819006449c005414fd048ae12d	1	415006	player	st3play	Scream Tracker 3.2x (GUS)	12	251908	14289935	f99cf4e2	START/PROGS/DOS/MUSIC/CUBIC14L/FH-DOIT.S3M
f82a10819006449c005414fd048ae12d	1	415006	player	st3play	Scream Tracker 3.2x (GUS)	12	251908	14289935	f99cf4e2	START/ZIPPED/DOS/MOD/FH-DOIT.ZIP/FH-DOIT.S3M
f88f8112573efb1244b394bd85662723	1	156132	player	uade	Protracker	0	385994	b485f20b	16b8a9a5	START/PROGS/DOS/MUSIC/CUBIC14L/SAARET.MOD
f88f8112573efb1244b394bd85662723	1	156132	player	uade	Protracker	0	385994	b485f20b	16b8a9a5	START/ZIPPED/DOS/MOD/UKU-SAAR.ZIP/SAARET.MOD
f901d865e019464148420da8b5b92381	1	139480	player+silence	st3play	Scream Tracker 3.2x (SB)	16	242800	1d93fa48	d87fa577	START/PROGS/DOS/MUSIC/CUBIC14L/BOB.S3M
f901d865e019464148420da8b5b92381	1	139480	player+silence	st3play	Scream Tracker 3.2x (SB)	16	242800	1d93fa48	d87fa577	START/ZIPPED/DOS/MOD/MAZPARTY.ZIP/BOB.S3M
fa531b95bb961e17beb63f59f6dc3962	1	40429	player	uade	Protracker	0	10796	d1d43127	2458469f	START/PROGS/DOS/MUSIC/CUBIC14L/2CUTE4U.MOD
fa531b95bb961e17beb63f59f6dc3962	1	40429	player	uade	Protracker	0	10796	d1d43127	2458469f	START/ZIPPED/DOS/MOD/HW-CHIP.ZIP/MOD.2CU
fbf4546530188fd304ee07c420b96561	1	275923	player+silence	uade	Protracker compatible	0	130299	c94faf7a	6a7bcabe	START/PROGS/DOS/PROGS/DAILY20/8.MOD
fbf4546530188fd304ee07c420b96561	1	275923	player+silence	uade	Protracker compatible	0	130299	c94faf7a	6a7bcabe	START/ZIPPED/DOS/PROGS/DAILY20.ZIP/8.MOD
fc38c00546ed5d150c8b0e20d94d15bd	1	146045	player	uade	Protracker	0	100412	5f443b96	ac67d123	START/PROGS/DOS/MUSIC/CUBIC14L/PARADISE.MOD
fc38c00546ed5d150c8b0e20d94d15bd	1	146045	player	uade	Protracker	0	100412	5f443b96	ac67d123	START/ZIPPED/DOS/MOD/HW-PAR2.ZIP/MOD.PAR
fc806905f82fa606b5cd8bb6cc80cc76	1	261426	player	uade	Protracker compatible	0	455914	904e77e6	54042c4d	START/PROGS/DOS/MUSIC/CUBIC14L/5FREUNDE.MOD
fc806905f82fa606b5cd8bb6cc80cc76	1	261426	player	uade	Protracker compatible	0	455914	904e77e6	54042c4d	START/ZIPPED/DOS/MOD/5FREUNDE.ZIP/5FREUNDE.MOD
fc9efa62080b1d69c1fcabc27d335664	1	248586	player	ft2play	FastTracker v2.00	10	395018	642e553b	d430b246	START/ZIPPED/DOS/MOD/ICANFLY!.ZIP/ICANFLY.XM
fd4e6c8b6ed227a8ac2b8f2d0700d901	1	34682	player	uade	Protracker	0	17228	c609b8da	59c9338e	START/PROGS/DOS/MUSIC/CUBIC14L/PHANTASM.MOD
fd4e6c8b6ed227a8ac2b8f2d0700d901	1	34682	player	uade	Protracker	0	17228	c609b8da	59c9338e	START/ZIPPED/DOS/MOD/HW-CHIP.ZIP/MOD.PHA
fee56ed089034c1a96038b9d31d8fe54	1	194231	player	st3play	Scream Tracker 3.01 (SB)	16	371702	7d011bac	45ea2875	START/PROGS/DOS/MUSIC/CUBIC14L/MYSTIC.S3M
fee56ed089034c1a96038b9d31d8fe54	1	194231	player	st3play	Scream Tracker 3.01 (SB)	16	371702	7d011bac	45ea2875	START/ZIPPED/DOS/MOD/MYSTIC.ZIP/MYSTIC.S3M
ff2c7aa720b3885956bd2ffc66481cd7	1	301607	player+silence	uade	Protracker compatible	0	178230	b908ee2f	b5ad1728	START/PROGS/DOS/PROGS/DAILY20/3.MOD
ff2c7aa720b3885956bd2ffc66481cd7	1	301607	player+silence	uade	Protracker compatible	0	178230	b908ee2f	b5ad1728	START/ZIPPED/DOS/PROGS/DAILY20.ZIP/3.MOD
ffde22c9175ae8b97f91ee0d0f418c8c	1	181335	player+silence	st3play	Scream Tracker 3.2x (GUS)	16	326112	f902d9fd	6634ea52	START/PROGS/DOS/MUSIC/CUBIC14L/LRESORT.S3M
ffde22c9175ae8b97f91ee0d0f418c8c	1	181335	player+silence	st3play	Scream Tracker 3.2x (GUS)	16	326112	f902d9fd	6634ea52	START/ZIPPED/DOS/MOD/LRESORT.ZIP/LRESORT.S3M
fff5101dff78dd2d1d88696486ab3d4f	0	367620	player+volume	libopenmpt	X-Tracker	15	189129	1430b4b1	0899f672	START/ZIPPED/DOS/MOD/RR_CH7-3.ZIP/KN-EMPAT.DMF
