009409b5e580cc9b41648f1c540c8656	1	269624	player+silence	st3play	Scream Tracker 3.2x (SB)	12	488504	39ee33c9	148923d0	START/PROGS/DOS/MUSIC/MORGL100/TECHTRON.S3M
009409b5e580cc9b41648f1c540c8656	1	269624	player+silence	st3play	Scream Tracker 3.2x (SB)	12	488504	39ee33c9	148923d0	START/ZIPPED/DOS/MOD/DSP-TECH.ZIP/TECHTRON.S3M
01c982a8f20ac6835c0e04680e4e7923	1	131780	player+silence	st3play	Scream Tracker 3.2x (SB)	16	295538	159a658b	4ed5ad09	START/PROGS/DOS/MUSIC/MORGL100/WK-INDEF.S3M
01c982a8f20ac6835c0e04680e4e7923	1	131780	player+silence	st3play	Scream Tracker 3.2x (SB)	16	295538	159a658b	4ed5ad09	START/ZIPPED/DOS/MOD/B13-0018.ZIP/WK-INDEF.S3M
024854358566572b510498bc34e35c0d	1	304206	player	ft2play	Fasttracker (M.K.)	4	202779	6a14155e	cee03daa	START/PROGS/DOS/MUSIC/MORGL100/LIGHTEK7.MOD
024854358566572b510498bc34e35c0d	1	304206	player	ft2play	Fasttracker (M.K.)	4	202779	6a14155e	cee03daa	START/ZIPPED/DOS/MOD/LIGHTST7.ZIP/LIGHTEK7.MOD
025b550c62600af5e03bbe70b4c73ab6	1	164572	player	st3play	Scream Tracker 3.2x (SB)	4	879168	be4f0d3f	4f00f6e7	START/PROGS/DOS/MUSIC/MORGL100/CYPRESS.S3M
025b550c62600af5e03bbe70b4c73ab6	1	164572	player	st3play	Scream Tracker 3.2x (SB)	4	879168	be4f0d3f	4f00f6e7	START/ZIPPED/DOS/MOD/DP_HIPH2.ZIP/CYPRESS.S3M
03e3c9fb26ac0a591a8c0f56ffa9dedd	1	268159	player+silence	st3play	Scream Tracker 3.2x (SB)	16	126698	dcfc1157	6de61d16	START/PROGS/DOS/MUSIC/MORGL100/TXBEAST.S3M
03e3c9fb26ac0a591a8c0f56ffa9dedd	1	268159	player+silence	st3play	Scream Tracker 3.2x (SB)	16	126698	dcfc1157	6de61d16	START/ZIPPED/DOS/MOD/TXBEAST.ZIP/TXBEAST.S3M
050a4f2c19e772cf6bd0d5e78fb6420c	1	380852	player	ft2play	Fasttracker	6	231726	06ec4d3d	053a0703	START/PROGS/DOS/MUSIC/MORGL100/U-LINJA.MOD
050a4f2c19e772cf6bd0d5e78fb6420c	1	380852	player	ft2play	Fasttracker	6	231726	06ec4d3d	053a0703	START/ZIPPED/DOS/MOD/U_LINJA.ZIP/U-LINJA.MOD
05ae53dacc5c19b0cf087bc806911a8e	0	122697	player	libopenmpt	Epic MegaGames MASI (New Version / Sinaria)	8	94039	346b9f91	8378712e	START/PROGS/DOS/GAMES/SINARIA/SONG3.PSM
05ae53dacc5c19b0cf087bc806911a8e	0	122697	player	libopenmpt	Epic MegaGames MASI (New Version / Sinaria)	8	94039	346b9f91	8378712e	START/ZIPPED/DOS/GAMES/SINARIA.ZIP/SONG3.PSM
05cc640aefa91f5f2e20b500a81e708a	1	246693	player+silence	st3play	Scream Tracker 3.2x (GUS)	9	152961	1767aa20	da96ba25	START/PROGS/DOS/MUSIC/MORGL100/BLISS.S3M
05cc640aefa91f5f2e20b500a81e708a	1	246693	player+silence	st3play	Scream Tracker 3.2x (GUS)	9	152961	1767aa20	da96ba25	START/ZIPPED/DOS/MOD/BLISS.ZIP/BLISS.S3M
064545d9e4162d08755d688f61195cd0	1	184445	player	uade	Protracker compatible	0	26297	916309ae	896b9ac3	START/PROGS/DOS/MUSIC/MORGL100/LIG37MIX.MOD
064545d9e4162d08755d688f61195cd0	1	184445	player	uade	Protracker compatible	0	26297	916309ae	896b9ac3	START/ZIPPED/DOS/MOD/LIG37MIX.ZIP/LIG37MIX.MOD
06b8d03c1089be340bee7a7e431522fe	1	154061	player	ft2play	FastTracker v2.00	8	275734	fecb3792	e664c73f	START/ZIPPED/DOS/MOD/SDI-TWII.ZIP/605-TWII.XM
06f1a4753412d8941f07e05f640931c4	1	189788	player+silence	ft2play	FastTracker v2.00	8	126665	876ccd1e	a41ef4f9	START/ZIPPED/DOS/MOD/NO-ESCAP.ZIP/NO_ESCAP.XM
0774fd9f69bf17e9ccbe06cb7d163571	1	214959	player+silence	ft2play	Fasttracker	8	295534	f6ad1a50	5af83f70	START/PROGS/DOS/MUSIC/MORGL100/NATURAL.MOD
0774fd9f69bf17e9ccbe06cb7d163571	1	214959	player+silence	ft2play	Fasttracker	8	295534	f6ad1a50	5af83f70	START/ZIPPED/DOS/MOD/NLB-NTRL.ZIP/NATURAL.MOD
07805249e946fe6aac71756c06413a7a	1	140840	player	uade	Protracker	0	261910	4c9effb2	03d345a0	START/PROGS/DOS/MUSIC/MORGL100/FUNKIT.MOD
07805249e946fe6aac71756c06413a7a	1	140840	player	uade	Protracker	0	261910	4c9effb2	03d345a0	START/ZIPPED/DOS/MOD/VC-4MOD.ZIP/FUNKIT.MOD
09b08907c357bfcf8583d6c401381f13	1	158390	player+silence	st3play	Scream Tracker 3.2x (SB)	10	942186	ed268275	50f5e661	START/PROGS/DOS/MUSIC/MORGL100/R-MIX-PH.S3M
09b08907c357bfcf8583d6c401381f13	1	158390	player+silence	st3play	Scream Tracker 3.2x (SB)	10	942186	ed268275	50f5e661	START/ZIPPED/DOS/MOD/DP_HIPH1.ZIP/R-MIX-PH.S3M
0af2ec069f85daed97021b66926a766e	1	225955	player+silence	st3play	Scream Tracker 3.2x (SB)	16	510066	afed3c39	0e86f8c1	START/PROGS/DOS/MUSIC/MORGL100/INNER.S3M
0af2ec069f85daed97021b66926a766e	1	225955	player+silence	st3play	Scream Tracker 3.2x (SB)	16	510066	afed3c39	0e86f8c1	START/ZIPPED/DOS/MOD/INNER.ZIP/INNER.S3M
0bbd5132f83340af4c44a29fac78a513	1	217724	player+silence	ft2play	FastTracker v2.00	8	101096	4c9fbf6a	1e3b5276	START/ZIPPED/DOS/MOD/NO_OK.ZIP/NO_OK.XM
0bda341d9b103a1f9431b58f15c7fa94	1	384403	player	st3play	Scream Tracker 3.2x (SB)	8	147966	7dedfed2	2c751efa	START/PROGS/DOS/MUSIC/MORGL100/PS-PINO.S3M
0bda341d9b103a1f9431b58f15c7fa94	1	384403	player	st3play	Scream Tracker 3.2x (SB)	8	147966	7dedfed2	2c751efa	START/ZIPPED/DOS/MOD/PS-PINO.ZIP/PS-PINO.S3M
0c0633794866af12395fb418e6f1894a	0	203595	player	uade	Soundtracker II - V or compatible	0	131792	18553d27	b897bad8	START/PROGS/DOS/MUSIC/MORGL100/ANALOG_F.MOD
0c0633794866af12395fb418e6f1894a	0	203595	player	uade	Soundtracker II - V or compatible	0	131792	18553d27	b897bad8	START/ZIPPED/DOS/MOD/ANALOG_F.ZIP/ANALOG_F.MOD
0c9a606e7aecceef33fa89c7e29613f7	1	195037	player+silence	st3play	Scream Tracker 3.2x (GUS)	10	233329	fdf2e26e	b411075a	START/PROGS/DOS/MUSIC/MORGL100/SEIZURE.S3M
0c9a606e7aecceef33fa89c7e29613f7	1	195037	player+silence	st3play	Scream Tracker 3.2x (GUS)	10	233329	fdf2e26e	b411075a	START/ZIPPED/DOS/MOD/PH-0695A.ZIP/SEIZURE.S3M
0d453a044d63558147a9144b0d6e2716	1	63884	player	ft2play	Fasttracker (M.K.)	4	52646	99c94ccc	61dbe58a	START/PROGS/DOS/MUSIC/MORGL100/MTNT-UNK.MOD
0d453a044d63558147a9144b0d6e2716	1	63884	player	ft2play	Fasttracker (M.K.)	4	52646	99c94ccc	61dbe58a	START/ZIPPED/DOS/MOD/MTNT-UNK.ZIP/MTNT-UNK.MOD
0d4f410b0a2396df4aecc57c4266a8bb	1	247693	player+volume	uade	Protracker compatible	0	88446	d7bee06c	d904f556	START/PROGS/DOS/MUSIC/MORGL100/MGAFUNK1.MOD
0d4f410b0a2396df4aecc57c4266a8bb	1	247693	player+volume	uade	Protracker compatible	0	88446	d7bee06c	d904f556	START/ZIPPED/DOS/MOD/METMODS.ZIP/MGAFUNK1.MOD
0d7eac54ebeb2adf869fd324ee5b6075	1	325558	player+silence	ft2play	FastTracker v2.00	10	157258	2ac85791	3fee749e	START/ZIPPED/DOS/MOD/NS!-PSPH.ZIP/NS!-PSPH.XM
0d9086fbb0cc412ab80ae43dd57877d7	1	191317	player	uade	Protracker	0	68396	13072d60	78db51a3	START/PROGS/DOS/MUSIC/MORGL100/HARDRAVE.MOD
0d9086fbb0cc412ab80ae43dd57877d7	1	191317	player	uade	Protracker	0	68396	13072d60	78db51a3	START/ZIPPED/DOS/MOD/HARDRAVE.ZIP/HARDRAVE.MOD
0e41c250365169ee71c86e2c29443c20	1	254694	player	uade	Protracker	0	397716	b6a6ad1c	7ac2777f	START/PROGS/DOS/MUSIC/MORGL100/ODDYSEY1.MOD
0e41c250365169ee71c86e2c29443c20	1	254694	player	uade	Protracker	0	397716	b6a6ad1c	7ac2777f	START/ZIPPED/DOS/MOD/ODDYSEY.ZIP/ODDYSEY1.MOD
0ee4a8c58e883e5a7aec7960fc8b7b99	1	102561	player	st3play	Scream Tracker 3.01 (GUS)	16	134960	8ae95248	7e28d617	START/PROGS/DOS/MUSIC/MORGL100/K_THNGZ2.S3M
0ee4a8c58e883e5a7aec7960fc8b7b99	1	102561	player	st3play	Scream Tracker 3.01 (GUS)	16	134960	8ae95248	7e28d617	START/ZIPPED/DOS/MOD/K-THNGZ2.ZIP/k_thngz2.s3m
0ff24b2e561d1f6d458d80394c92ad30	1	299288	player+silence	uade	Protracker	0	127174	b062712f	f49fe9e2	START/PROGS/DOS/MUSIC/MORGL100/ONTHERUN.MOD
0ff24b2e561d1f6d458d80394c92ad30	1	299288	player+silence	uade	Protracker	0	127174	b062712f	f49fe9e2	START/ZIPPED/DOS/MOD/ONTHERUN.ZIP/OnTheRun.mod
102a1b90765d59cc1a4f4a090599d674	0	107359	player	libopenmpt	Epic MegaGames MASI (New Version / Sinaria)	8	107873	29f02938	a2566812	START/PROGS/DOS/GAMES/SINARIA/SONG4.PSM
102a1b90765d59cc1a4f4a090599d674	0	107359	player	libopenmpt	Epic MegaGames MASI (New Version / Sinaria)	8	107873	29f02938	a2566812	START/ZIPPED/DOS/GAMES/SINARIA.ZIP/SONG4.PSM
1187d042b5899a01df4fd8dbde05c4f3	1	494560	player	st3play	Scream Tracker 3.2x (GUS)	16	438735	a113b012	b7bfea7a	START/PROGS/DOS/MUSIC/MORGL100/STA-WARP.S3M
1187d042b5899a01df4fd8dbde05c4f3	1	494560	player	st3play	Scream Tracker 3.2x (GUS)	16	438735	a113b012	b7bfea7a	START/ZIPPED/DOS/MOD/STA-WARP.ZIP/STA-WARP.S3M
11cea2a73a32a2c2c580286c0d89bc25	1	214552	player+silence	st3play	Scream Tracker 3.2x (SB)	16	147051	1c27d167	7d56f738	START/PROGS/DOS/MUSIC/MORGL100/FURTHER.S3M
11cea2a73a32a2c2c580286c0d89bc25	1	214552	player+silence	st3play	Scream Tracker 3.2x (SB)	16	147051	1c27d167	7d56f738	START/ZIPPED/DOS/MOD/MAZVOID1.ZIP/FURTHER.S3M
1264c641a398b9130d6c32936d5d8019	0	432227	player	libopenmpt	X-Tracker	18	644325	f1f88382	81829e74	START/PROGS/DOS/MUSIC/MORGL100/LIG-FRE2.DMF
1264c641a398b9130d6c32936d5d8019	0	432227	player	libopenmpt	X-Tracker	18	644325	f1f88382	81829e74	START/ZIPPED/DOS/MOD/LIG-FRE2.ZIP/LIG-FRE2.DMF
12b1fd12704b4362424e8d405dc14236	0	61348	player	libopenmpt	Epic MegaGames MASI (New Version / Sinaria)	8	66637	5fdf5733	8d13961e	START/PROGS/DOS/GAMES/SINARIA/SONG5.PSM
12b1fd12704b4362424e8d405dc14236	0	61348	player	libopenmpt	Epic MegaGames MASI (New Version / Sinaria)	8	66637	5fdf5733	8d13961e	START/ZIPPED/DOS/GAMES/SINARIA.ZIP/SONG5.PSM
1418483b3a688204ed656ef074f3449d	1	7796	player	uade	Protracker	0	62072	da5a2765	2ee27653	START/ZIPPED/DOS/GAMES/STARDUST.ZIP/ENGINES.MOD
147fa01c42cc5653c9a62b202209cde3	1	344950	player+volume	st3play	Scream Tracker 3.2x (GUS)	12	263644	854855dd	9fa029de	START/PROGS/DOS/MUSIC/MORGL100/PN-ROM.S3M
147fa01c42cc5653c9a62b202209cde3	1	344950	player+volume	st3play	Scream Tracker 3.2x (GUS)	12	263644	854855dd	9fa029de	START/ZIPPED/DOS/MOD/PH-0695B.ZIP/PN-ROM.S3M
1495fee5dff2ba7aecad7c7f328b8d92	1	184345	player	ft2play	Fasttracker (M.K.)	4	96711	42f50452	80f13aeb	START/PROGS/DOS/MUSIC/MORGL100/LIGHTE33.MOD
1495fee5dff2ba7aecad7c7f328b8d92	1	184345	player	ft2play	Fasttracker (M.K.)	4	96711	42f50452	80f13aeb	START/ZIPPED/DOS/MOD/NEW_MODZ.ZIP/LIGHTE33.MOD
15b47f5d2c6a5dc10f94b56bfb507685	1	97095	player	st3play	Scream Tracker 3.2x (SB)	8	89198	b2be9516	1b5588c7	START/PROGS/DOS/MUSIC/MORGL100/CODCOLAD.MOD
15b47f5d2c6a5dc10f94b56bfb507685	1	97095	player	st3play	Scream Tracker 3.2x (SB)	8	89198	b2be9516	1b5588c7	START/ZIPPED/DOS/MOD/IPR-S&G!.ZIP/CODCOLAD.MOD
161fd7096ab50e8aeb248b81ba1a298a	1	179540	player+silence	st3play	Scream Tracker 3.2x (SB)	8	212536	d52f7dd5	084809f1	START/PROGS/DOS/MUSIC/MORGL100/D-JASMNE.S3M
161fd7096ab50e8aeb248b81ba1a298a	1	179540	player+silence	st3play	Scream Tracker 3.2x (SB)	8	212536	d52f7dd5	084809f1	START/ZIPPED/DOS/MOD/D-JASMNE.ZIP/D-JASMNE.S3M
166665572dce7af5677ba21b1af3dfd8	0	174265	player	libopenmpt	X-Tracker	17	168956	d1c827c9	61a206b4	START/PROGS/DOS/MUSIC/MORGL100/DF_HND-R.DMF
166665572dce7af5677ba21b1af3dfd8	0	174265	player	libopenmpt	X-Tracker	17	168956	d1c827c9	61a206b4	START/ZIPPED/DOS/MOD/DF_COMPL.ZIP/DF_HND-R.DMF
18eac84a8f9e8ea9366b3488585cfe0b	1	179240	player	uade	Protracker	0	451288	8c0414ae	1ba6c6df	START/PROGS/DOS/MUSIC/MORGL100/COMEDIE.MOD
18eac84a8f9e8ea9366b3488585cfe0b	1	179240	player	uade	Protracker	0	451288	8c0414ae	1ba6c6df	START/ZIPPED/DOS/MOD/VC-4MOD.ZIP/COMEDIE.MOD
195e9b109de160296907da005599ba59	1	212299	player+volume	ft2play	FastTracker v2.00	16	447924	2c395a06	56c128cb	START/ZIPPED/DOS/MOD/MAS_WALK.ZIP/MAS_WALK.XM
1a6c6f2802fc96b890b38dc078c1eee0	1	65363	player+silence	uade	Protracker compatible	0	80070	8dc33c84	058ff409	START/PROGS/DOS/MUSIC/MORGL100/B13THEME.MOD
1a6c6f2802fc96b890b38dc078c1eee0	1	65363	player+silence	uade	Protracker compatible	0	80070	8dc33c84	058ff409	START/ZIPPED/DOS/MOD/B13-0019.ZIP/B13THEME.ZIP/B13THEME.MOD
1a6c6f2802fc96b890b38dc078c1eee0	1	65363	player+silence	uade	Protracker compatible	0	80070	8dc33c84	058ff409	START/ZIPPED/DOS/MOD/B13-0020.ZIP/B13THEME.MOD
1a6c6f2802fc96b890b38dc078c1eee0	1	65363	player+silence	uade	Protracker compatible	0	80070	8dc33c84	058ff409	START/ZIPPED/DOS/MOD/B13-0020.ZIP/B13THEME.ZIP/B13THEME.MOD
1ae40e0e4a0d8a751070669eae6ddd10	1	164947	player+silence	ft2play	FastTracker v2.00	6	955802	fac09364	4a31277d	START/ZIPPED/DOS/MOD/WONDERDR.ZIP/WONDERDR.XM
1b367bbec7dbebf24336b6cd25ca1614	1	271895	player	uade	Protracker compatible	0	292113	e274b577	0951d5fe	START/PROGS/DOS/MUSIC/MORGL100/LIGHTEK5.MOD
1b367bbec7dbebf24336b6cd25ca1614	1	271895	player	uade	Protracker compatible	0	292113	e274b577	0951d5fe	START/ZIPPED/DOS/MOD/LIGHTST7.ZIP/LIGHTEK5.MOD
1bfeef157d22d0ab2d68a3b70ccdde13	1	113276	player+volume	st3play	Scream Tracker 3.2x (SB)	14	271244	4855a6f3	d8766edf	START/PROGS/DOS/MUSIC/MORGL100/FLR-PACK.S3M
1bfeef157d22d0ab2d68a3b70ccdde13	1	113276	player+volume	st3play	Scream Tracker 3.2x (SB)	14	271244	4855a6f3	d8766edf	START/ZIPPED/DOS/MOD/FLR-PACK.ZIP/FLR-PACK.S3M
1c3eedbfe75b7670e391d99a39778a81	1	208080	player+silence	ft2play	Fasttracker	8	192810	9dd707b5	ee6252da	START/ZIPPED/DOS/SOUND/SWMP13.ZIP/PAS_SDK.ZIP/ATOMIC2.MOD
1c5398e3f11b3c4ffcd5b38c498756f7	1	180710	player	ft2play	Fasttracker (M.K.)	4	308867	560f3fb8	8e9b3c7c	START/PROGS/DOS/MUSIC/MORGL100/LIGHTE34.MOD
1c5398e3f11b3c4ffcd5b38c498756f7	1	180710	player	ft2play	Fasttracker (M.K.)	4	308867	560f3fb8	8e9b3c7c	START/ZIPPED/DOS/MOD/LIGHTE34.ZIP/LIGHTE34.MOD
1caaa1aeae9efbb8349bd22facfc9a6f	1	186320	player+silence	st3play	Scream Tracker 3.2x (GUS)	10	526817	fd906fe6	72f88af2	START/PROGS/DOS/MUSIC/MORGL100/GOTHAM.S3M
1caaa1aeae9efbb8349bd22facfc9a6f	1	186320	player+silence	st3play	Scream Tracker 3.2x (GUS)	10	526817	fd906fe6	72f88af2	START/ZIPPED/DOS/MOD/PH-0695B.ZIP/GOTHAM.S3M
1d2b827bcc4eb4136ac0932854b99289	0	310434	player	libopenmpt	MultiTracker 1.0	10	80635	e470873f	efabca53	START/PROGS/DOS/MUSIC/MORGL100/RELIC.MTM
1d2b827bcc4eb4136ac0932854b99289	0	310434	player	libopenmpt	MultiTracker 1.0	10	80635	e470873f	efabca53	START/ZIPPED/DOS/MOD/K-RELIC.ZIP/RELIC.MTM
1dcc3af3c89fd41d29b360be2bf81045	1	107339	player	ft2play	FastTracker v2.00	4	90691	86228130	47988884	START/ZIPPED/DOS/MOD/IAT!.ZIP/IAT!.XM
1eb611e7a98a9a35dcb76c48e79d94d6	1	180710	player	ft2play	Fasttracker (M.K.)	4	308867	495ffc87	a086e29e	START/ZIPPED/DOS/MOD/NEW_MODZ.ZIP/LIGHTE34.MOD
1ef876bc2f7a09bd21e361c962ddb5ca	0	57993	player	libopenmpt	DSIK Format	3	14971	b43c49c5	af3e7197	START/ZIPPED/DOS/PROGTOOL/DSIK-C.ZIP/64MANIA.DSM
1ef876bc2f7a09bd21e361c962ddb5ca	0	57993	player	libopenmpt	DSIK Format	3	14971	b43c49c5	af3e7197	START/ZIPPED/DOS/PROGTOOL/DSIK-PAS.ZIP/64MANIA.DSM
1ef876bc2f7a09bd21e361c962ddb5ca	1	958	player
2068c1b8957e1a36d5cba89d7f81895e	0	138034	player	libopenmpt	Epic MegaGames MASI (New Version / Sinaria)	8	113835	463c58d6	f5dd2f29	START/PROGS/DOS/GAMES/SINARIA/SONG2.PSM
2068c1b8957e1a36d5cba89d7f81895e	0	138034	player	libopenmpt	Epic MegaGames MASI (New Version / Sinaria)	8	113835	463c58d6	f5dd2f29	START/ZIPPED/DOS/GAMES/SINARIA.ZIP/SONG2.PSM
20c3679d9c08e420cb739b6b4eec2988	1	228294	player+silence	st3play	Scream Tracker 3.2x (SB)	8	360480	20d21f11	87cc6b90	START/PROGS/DOS/MUSIC/MORGL100/REMEMBER.S3M
20c3679d9c08e420cb739b6b4eec2988	1	228294	player+silence	st3play	Scream Tracker 3.2x (SB)	8	360480	20d21f11	87cc6b90	START/ZIPPED/DOS/MOD/REMEMS3M.ZIP/REMEMBER.S3M
20f8ff0d6a1d32459e38d1162d2d17c8	0	394827	player+silence	libopenmpt	X-Tracker	22	214001	c553509f	a4dd9889	START/PROGS/DOS/MUSIC/MORGL100/SMU-NOID.DMF
20f8ff0d6a1d32459e38d1162d2d17c8	0	394827	player+silence	libopenmpt	X-Tracker	22	214001	c553509f	a4dd9889	START/ZIPPED/DOS/MOD/SMU-NOID.ZIP/SMU-NOID.DMF
21692b40615d9e4a59f2c052a916c5e7	1	186414	player+silence	st3play	Scream Tracker 3.2x (GUS)	14	236718	c52baded	20b471ec	START/PROGS/DOS/MUSIC/MORGL100/U-T-SEA.S3M
21692b40615d9e4a59f2c052a916c5e7	1	186414	player+silence	st3play	Scream Tracker 3.2x (GUS)	14	236718	c52baded	20b471ec	START/ZIPPED/DOS/MOD/D-SHADE2.ZIP/U-T-SEA.S3M
22d11bf4c68052d826489f91128434f1	1	67637	player	uade	Protracker compatible	0	380405	1f91ae15	e874635a	START/ZIPPED/DOS/MOD/NLB-PW21.ZIP/PWORM.DAT
22d11bf4c68052d826489f91128434f1	2	10368	player
22d11bf4c68052d826489f91128434f1	3	79472	player
22d11bf4c68052d826489f91128434f1	4	11654	player
22e71738ec4b83404f9cb9fa9b3dca18	1	188285	player+silence	ft2play	FastTracker v2.00	12	481251	0c6658fc	d579455d	START/ZIPPED/DOS/MOD/ZLT_ENHA.ZIP/ZLT_ENHA.XM
23c45180345e39f172cd7503b4de682e	0	399341	player+silence	libopenmpt	MultiTracker 1.0	29	448009	bec510ca	c9b708cb	START/PROGS/DOS/MUSIC/MORGL100/JOE.MTM
23c45180345e39f172cd7503b4de682e	0	399341	player+silence	libopenmpt	MultiTracker 1.0	29	448009	bec510ca	c9b708cb	START/ZIPPED/DOS/MOD/BIM-JOE.ZIP/JOE.MTM
24069a714d3fcd40e3c5dfaa0114d4dc	1	285686	player+volume	st3play	Scream Tracker 3.2x (SB)	16	265205	5cf3771a	2c48de79	START/PROGS/DOS/MUSIC/MORGL100/SPI-HVRM.S3M
24069a714d3fcd40e3c5dfaa0114d4dc	1	285686	player+volume	st3play	Scream Tracker 3.2x (SB)	16	265205	5cf3771a	2c48de79	START/ZIPPED/DOS/MOD/SPI-HVRM.ZIP/SPI-HVRM.S3M
24bcc12220c0a28eb5a9b69058c9d705	1	184023	player	st3play	Scream Tracker 3.2x (SB)	16	239712	f44152ca	f59c032b	START/PROGS/DOS/MUSIC/MORGL100/DREAMAWA.S3M
24bcc12220c0a28eb5a9b69058c9d705	1	184023	player	st3play	Scream Tracker 3.2x (SB)	16	239712	f44152ca	f59c032b	START/ZIPPED/DOS/MOD/DREAMAWA.ZIP/DREAMAWA.S3M
258570617549caf1c97c3dfa144ba2eb	1	112722	player	ft2play	Fasttracker	8	168280	7b9cc8dc	f1cd65e2	START/ZIPPED/DOS/SOUND/SWMP13.ZIP/C_SDK.ZIP/DONTYOU.MOD
25c0bbee3fe12b111e4f83debd9dfbd2	1	170275	player+silence	uade	Protracker	0	231270	7f0f2bb9	324eb457	START/PROGS/DOS/MUSIC/MORGL100/LETITLI.MOD
25c0bbee3fe12b111e4f83debd9dfbd2	1	170275	player+silence	uade	Protracker	0	231270	7f0f2bb9	324eb457	START/ZIPPED/DOS/MOD/LETITLI.ZIP/LETITLI.MOD
25e96d73740e66db378760816f0ccb3d	1	204413	player	ft2play	FastTracker v2.00	8	157514	00e359fe	bef5a1d8	START/ZIPPED/DOS/MOD/D-CONFES.ZIP/D-CONFI.XM
26050f4120b6dc95ceea150e9d7f00a3	1	181880	player+silence	st3play	Scream Tracker 3.2x (SB)	16	383828	87a6448d	305de719	START/ZIPPED/DOS/MOD/HECATOMB.ZIP/HECATOMB.S3M
2637f2e04f778f9719923db065732726	1	171960	player+silence	st3play	Scream Tracker 3.2x (GUS)	10	162208	b52fbe82	b26d671e	START/PROGS/DOS/MUSIC/MORGL100/EMBRACEU.S3M
2637f2e04f778f9719923db065732726	1	171960	player+silence	st3play	Scream Tracker 3.2x (GUS)	10	162208	b52fbe82	b26d671e	START/ZIPPED/DOS/MOD/EMBRACE.ZIP/EMBRACEU.S3M
265f1bf44b7856bcfd07616db610fd0f	1	223106	player	uade	Protracker	0	311484	bbd7c997	a012d6bc	START/PROGS/DOS/MUSIC/MORGL100/1-2.MOD
265f1bf44b7856bcfd07616db610fd0f	1	223106	player	uade	Protracker	0	311484	bbd7c997	a012d6bc	START/ZIPPED/DOS/MOD/VC-4MOD.ZIP/1-2.MOD
26fe8ce36c5dbe868ae8721b2d18e834	1	122675	player	st3play	Scream Tracker 3.00 (GUS)	8	279313	4c889bbe	029434e6	START/PROGS/DOS/MUSIC/MORGL100/SPLATFST.S3M
26fe8ce36c5dbe868ae8721b2d18e834	1	122675	player	st3play	Scream Tracker 3.00 (GUS)	8	279313	4c889bbe	029434e6	START/ZIPPED/DOS/MOD/SPLATFST.ZIP/SPLATFST.S3M
27c545fe3f8d9b3adc443c3a30658965	1	184445	player	uade	Protracker	0	401812	8dc749f7	857d5bc2	START/PROGS/DOS/MUSIC/MORGL100/ODDYSEY2.MOD
27c545fe3f8d9b3adc443c3a30658965	1	184445	player	uade	Protracker	0	401812	8dc749f7	857d5bc2	START/ZIPPED/DOS/MOD/ODDYSEY.ZIP/ODDYSEY2.MOD
284e08a9181e7d1aaa1482012a6c2c22	1	328461	player+silence	ft2play	FastTracker v2.00	20	1372894	a32035f0	ea32859a	START/ZIPPED/DOS/MOD/VD_ROMEO.ZIP/P_RAVE.XM
2909a1f6f7c7059787ca088e2a0f2431	1	314274	player	uade	Protracker compatible	0	89215	d6fb7023	fa8fce2e	START/PROGS/DOS/MUSIC/MORGL100/LIG34MIX.MOD
2909a1f6f7c7059787ca088e2a0f2431	1	314274	player	uade	Protracker compatible	0	89215	d6fb7023	fa8fce2e	START/ZIPPED/DOS/MOD/LIG34MIX.ZIP/LIG34MIX.MOD
2a13e0e265d4db7a09a9a7e91f37e88f	1	262973	player	uade	Protracker	0	650004	41982cbf	d006b249	START/PROGS/DOS/MUSIC/MORGL100/BRAIN.MOD
2a13e0e265d4db7a09a9a7e91f37e88f	1	262973	player	uade	Protracker	0	650004	41982cbf	d006b249	START/ZIPPED/DOS/MOD/VC-4MOD.ZIP/BRAIN.MOD
2a3707a48b434f8789a6712213d080dc	1	31447	player	uade	Protracker	0	10464	20805504	659548f9	START/PROGS/DOS/MUSIC/MORGL100/SUOMJYLH.MOD
2a3707a48b434f8789a6712213d080dc	1	31447	player	uade	Protracker	0	10464	20805504	659548f9	START/ZIPPED/DOS/MOD/SUOMJYLH.ZIP/SUOMJYLH.MOD
2b3d3c4168d87b19da4c95546196187e	1	260205	player+silence	st3play	Scream Tracker 3.2x (GUS)	14	304448	ccc245a6	2e7a0dc6	START/PROGS/DOS/MUSIC/MORGL100/LEAVES.S3M
2b3d3c4168d87b19da4c95546196187e	1	260205	player+silence	st3play	Scream Tracker 3.2x (GUS)	14	304448	ccc245a6	2e7a0dc6	START/ZIPPED/DOS/MOD/D-SHADE2.ZIP/LEAVES.S3M
2bb3628a790dbcd991cf39a12bd1019f	1	168450	player	st3play	Scream Tracker 3.2x (SB)	16	126222	ec1e0f2c	b4fc9e30	START/PROGS/DOS/MUSIC/MORGL100/PS-X1-4.S3M
2bb3628a790dbcd991cf39a12bd1019f	1	168450	player	st3play	Scream Tracker 3.2x (SB)	16	126222	ec1e0f2c	b4fc9e30	START/ZIPPED/DOS/MOD/PS-X1-4.ZIP/PS-X1-4.S3M
2bc6190531116af7c0246af3e4e7a666	1	130230	player	uade	Protracker	0	101884	fa06ee4f	f2016d6d	START/PROGS/DOS/MUSIC/MORGL100/XMESSPAR.MOD
2bc6190531116af7c0246af3e4e7a666	1	130230	player	uade	Protracker	0	101884	fa06ee4f	f2016d6d	START/ZIPPED/DOS/MOD/UG_001.ZIP/XMESSPAR.MOD
2c208069dce877b09d350d17e902bcef	1	297728	player+silence	ft2play	FastTracker v2.00	10	355557	7592a746	db2b9aa6	START/ZIPPED/DOS/MOD/AS-MAGGO.ZIP/AS-MAGGO.XM
2c30dc53a68a215ef50b6879d19bb5f7	1	99671	player	ft2play	Fasttracker (M.K.)	4	125531	d93d2f02	382bdb1a	START/PROGS/DOS/MUSIC/MORGL100/METALC!.MOD
2c30dc53a68a215ef50b6879d19bb5f7	1	99671	player	ft2play	Fasttracker (M.K.)	4	125531	d93d2f02	382bdb1a	START/ZIPPED/DOS/MOD/METMODS.ZIP/METALC!.MOD
2ccad3e7c92e0cd6d648ea793c9f26d0	1	125569	player	uade	Protracker	0	47952	bac22afd	9ec1bf22	START/PROGS/DOS/MUSIC/MORGL100/OVERDOSE.MOD
2ccad3e7c92e0cd6d648ea793c9f26d0	1	125569	player	uade	Protracker	0	47952	bac22afd	9ec1bf22	START/ZIPPED/DOS/MOD/OVERDOSE.ZIP/overdose.mod
2dd716aa3ee40fe31b7eddcced626d31	1	224571	player+silence	st3play	Scream Tracker 3.2x (GUS)	16	159928	b5417698	6082ff5e	START/PROGS/DOS/MUSIC/MORGL100/LRY-IBIA.S3M
2dd716aa3ee40fe31b7eddcced626d31	1	224571	player+silence	st3play	Scream Tracker 3.2x (GUS)	16	159928	b5417698	6082ff5e	START/ZIPPED/DOS/MOD/LRY-IBIA.ZIP/LRY-IBIA.S3M
2de0387704027492da2e7cfc682b8c70	1	232593	player	ft2play	Fasttracker	8	141974	0e243a7e	69fe64ad	START/PROGS/DOS/MUSIC/MORGL100/5DOLLARS.MOD
2de0387704027492da2e7cfc682b8c70	1	232593	player	ft2play	Fasttracker	8	141974	0e243a7e	69fe64ad	START/ZIPPED/DOS/MOD/5DOLLARS.ZIP/5DOLLARS.MOD
2e237a9a1c7f794bd1a0cc57929a9c44	1	195396	player	st3play	Scream Tracker 3.01 (GUS)	10	142714	e34bdfc4	9cbd2dec	START/PROGS/DOS/MUSIC/MORGL100/WICKED.S3M
2e237a9a1c7f794bd1a0cc57929a9c44	1	195396	player	st3play	Scream Tracker 3.01 (GUS)	10	142714	e34bdfc4	9cbd2dec	START/ZIPPED/DOS/MOD/WICKED.ZIP/WICKED.S3M
2edf95cb18e888bd6e8142dd8043bbe4	1	107645	player	uade	Noisetracker 1.x	0	43464	25d4d079	77340a46	START/PROGS/DOS/MUSIC/MORGL100/METLFREK.MOD
2edf95cb18e888bd6e8142dd8043bbe4	1	107645	player	uade	Noisetracker 1.x	0	43464	25d4d079	77340a46	START/ZIPPED/DOS/MOD/METMODS.ZIP/METLFREK.MOD
300bd4aa9bd8613e37f488a29888995b	1	254943	player+silence	st3play	Scream Tracker 3.2x (GUS)	16	266150	55476065	3b0a4d21	START/PROGS/DOS/MUSIC/MORGL100/INFERNO.S3M
300bd4aa9bd8613e37f488a29888995b	1	254943	player+silence	st3play	Scream Tracker 3.2x (GUS)	16	266150	55476065	3b0a4d21	START/ZIPPED/DOS/MOD/LAR-INF.ZIP/INFERNO.S3M
3020a522b44e58d268ecff8ea7a175ff	1	335622	player+silence	st3play	Scream Tracker 3.2x (GUS)	16	201212	140195e6	22c2c37c	START/PROGS/DOS/MUSIC/MORGL100/LRY-NEMT.S3M
3020a522b44e58d268ecff8ea7a175ff	1	335622	player+silence	st3play	Scream Tracker 3.2x (GUS)	16	201212	140195e6	22c2c37c	START/ZIPPED/DOS/MOD/LRY-NEMT.ZIP/LRY-NEMT.S3M
30ecb85d419f081d47895321099af953	1	213605	player+volume	st3play	Scream Tracker 3.2x (GUS)	10	215260	ebda6866	e628cab4	START/PROGS/DOS/MUSIC/MORGL100/NEWBEGIN.S3M
30ecb85d419f081d47895321099af953	1	213605	player+volume	st3play	Scream Tracker 3.2x (GUS)	10	215260	ebda6866	e628cab4	START/ZIPPED/DOS/MOD/NBEGINS3.ZIP/NEWBEGIN.S3M
32ccd3ae671c42e9867df2694730d5b1	1	230541	player	uade	Protracker compatible	0	114380	14bf6c2d	8cba2dae	START/ZIPPED/DOS/GAMES/DOOM/HARDWADZ.ZIP/MYDJMSG.MOD
3373bbe3132c9172148e2a65ad973619	1	310757	player	ft2play	Fasttracker	8	459284	76b722d3	2d0a4f4c	START/PROGS/DOS/MUSIC/MORGL100/VISION.MOD
3373bbe3132c9172148e2a65ad973619	1	310757	player	ft2play	Fasttracker	8	459284	76b722d3	2d0a4f4c	START/ZIPPED/DOS/MOD/LD-TRMOD.ZIP/VISION.MOD
33e2288cd45d9eb1c72ec782b7158d02	1	339588	player	ft2play	FastTracker v2.00	18	438658	68c4ce51	a82c6cbe	START/ZIPPED/DOS/MOD/FCO_ORCH.ZIP/FCO_ORCH.XM
3517a3651fd0c07c4db3839fdbf0bfda	1	276133	player+silence	st3play	Scream Tracker 3.2x (SB)	14	393660	e10ee1b5	ba9513b2	START/PROGS/DOS/MUSIC/MORGL100/MURDER-1.S3M
3517a3651fd0c07c4db3839fdbf0bfda	1	276133	player+silence	st3play	Scream Tracker 3.2x (SB)	14	393660	e10ee1b5	ba9513b2	START/ZIPPED/DOS/MOD/MURDER_1.ZIP/MURDER-1.S3M
35486c08e80df3a99f0024e5df327536	1	490085	player+silence	ft2play	FastTracker v2.00	4	129245	a2e3ba96	b0c9b571	START/ZIPPED/DOS/MOD/SFXMC5.ZIP/JUST.XM
3674923078237c650f60c0ac373b15e7	1	99671	player	ft2play	Fasttracker	6	91674	ee79525b	16fb0884	START/PROGS/DOS/MUSIC/MORGL100/DEMONSTR.MOD
3674923078237c650f60c0ac373b15e7	1	99671	player	ft2play	Fasttracker	6	91674	ee79525b	16fb0884	START/ZIPPED/DOS/MOD/PRA!DSTR.ZIP/DEMONSTR.MOD
37920b27e8b004488768f3b57e81a064	1	160731	player+silence	st3play	Scream Tracker 3.2x (GUS)	16	148712	b302e0b3	30b3014b	START/PROGS/DOS/MUSIC/MORGL100/DIF-4.S3M
37920b27e8b004488768f3b57e81a064	1	160731	player+silence	st3play	Scream Tracker 3.2x (GUS)	16	148712	b302e0b3	30b3014b	START/ZIPPED/DOS/MOD/DIF-4.ZIP/DIF-4.S3M
380f88ef0d63cd852a54290871a47324	1	118606	player+silence	st3play	Scream Tracker 3.2x (GUS)	11	628697	d5651537	80c8a06d	START/PROGS/DOS/MUSIC/MORGL100/MOOD_FIN.S3M
380f88ef0d63cd852a54290871a47324	1	118606	player+silence	st3play	Scream Tracker 3.2x (GUS)	11	628697	d5651537	80c8a06d	START/ZIPPED/DOS/MOD/MOOD_FIN.ZIP/MOOD_FIN.S3M
3842be163e507c1f4dbc9bb206a80688	1	265103	player	uade	Soundtracker II (15 instr.)	0	48036	dc006102	5ffdf1bd	START/PROGS/DOS/MUSIC/MORGL100/METALWR4.MOD
3842be163e507c1f4dbc9bb206a80688	1	265103	player	uade	Soundtracker II (15 instr.)	0	48036	dc006102	5ffdf1bd	START/ZIPPED/DOS/MOD/METMODS.ZIP/METALWR4.MOD
3852aa5fec55989c9ce946e96e253981	1	368528	player	st3play	Scream Tracker 3.2x (SB)	9	388272	d4949d77	3cb69d11	START/PROGS/DOS/MUSIC/MORGL100/CYBER-D.S3M
3852aa5fec55989c9ce946e96e253981	1	368528	player	st3play	Scream Tracker 3.2x (SB)	9	388272	d4949d77	3cb69d11	START/ZIPPED/DOS/MOD/MAZVOID2.ZIP/CYBER-D.S3M
3a3d0c2877fed1faf888c8091d40e995	1	149061	player+silence	st3play	Scream Tracker 3.2x (GUS)	11	176760	c333ab65	d9ffce36	START/PROGS/DOS/MUSIC/MORGL100/DROWN2.S3M
3a3d0c2877fed1faf888c8091d40e995	1	149061	player+silence	st3play	Scream Tracker 3.2x (GUS)	11	176760	c333ab65	d9ffce36	START/ZIPPED/DOS/MOD/D-SHADE1.ZIP/DROWN2.S3M
3afca631fe65a15d5997e5d56a2de731	1	229998	player+silence	ft2play	FastTracker v2.00	12	263854	7955d344	e4ec434d	START/ZIPPED/DOS/MOD/MOX-SOL.ZIP/MOX-SOL.XM
3aff2b37f24371ab36d6bcbd2a0c42c6	1	202623	player+silence	ft2play	FastTracker v2.00	10	270713	474e063d	40a1756a	START/ZIPPED/DOS/MOD/KLASSIK.ZIP/KLASSIK.XM
3cb72385e2eb564c3baafa5f382fac39	1	104952	player	st3play	Scream Tracker 3.01 (SB)	16	74382	5382409b	29f15d80	START/PROGS/DOS/MUSIC/MORGL100/PHREAKJU.S3M
3cb72385e2eb564c3baafa5f382fac39	1	104952	player	st3play	Scream Tracker 3.01 (SB)	16	74382	5382409b	29f15d80	START/ZIPPED/DOS/MOD/DP_HIPH1.ZIP/PHREAKJU.S3M
3cd9da55af35618651902a23f3bd5780	1	197125	player+silence	st3play	Scream Tracker 3.2x (GUS)	8	275972	39b52e4d	eec58de8	START/PROGS/DOS/MUSIC/MORGL100/STORM.S3M
3cd9da55af35618651902a23f3bd5780	1	197125	player+silence	st3play	Scream Tracker 3.2x (GUS)	8	275972	39b52e4d	eec58de8	START/ZIPPED/DOS/MOD/PH-0695A.ZIP/STORM.S3M
3d8cf3faa1e333d11cea4640fe7f0eab	1	354061	player	st3play	Scream Tracker 3.2x (SB)	16	126454	da3129c3	40f20814	START/PROGS/DOS/MUSIC/MORGL100/PS-X1-3.S3M
3d8cf3faa1e333d11cea4640fe7f0eab	1	354061	player	st3play	Scream Tracker 3.2x (SB)	16	126454	da3129c3	40f20814	START/ZIPPED/DOS/MOD/PS-X1-3.ZIP/PS-X1-3.S3M
3ea737b0276d700d97d34f1582043981	0	344739	player	libopenmpt	X-Tracker	29	248165	246d3345	6e0acb76	START/PROGS/DOS/MUSIC/MORGL100/LIG-PIHA.DMF
3ea737b0276d700d97d34f1582043981	0	344739	player	libopenmpt	X-Tracker	29	248165	246d3345	6e0acb76	START/ZIPPED/DOS/MOD/LIG-PIHA.ZIP/LIG-PIHA.DMF
3ecc4f6707e13499172dd3f47938779a	0	312345	player	libopenmpt	X-Tracker	25	472112	e059e9a6	137696e7	START/PROGS/DOS/MUSIC/MORGL100/SMU-WODU.DMF
3ecc4f6707e13499172dd3f47938779a	0	312345	player	libopenmpt	X-Tracker	25	472112	e059e9a6	137696e7	START/ZIPPED/DOS/MOD/LQD-WODU.ZIP/SMU-WODU.DMF
3ee33150519ae44d28a44bde7f87cc34	1	295967	player+silence	st3play	Scream Tracker 3.2x (GUS)	14	312640	1f9b0b81	a088857e	START/PROGS/DOS/MUSIC/MORGL100/K_SOLAR.S3M
3ee33150519ae44d28a44bde7f87cc34	1	295967	player+silence	st3play	Scream Tracker 3.2x (GUS)	14	312640	1f9b0b81	a088857e	START/ZIPPED/DOS/MOD/K-SOLAR.ZIP/k_solar.s3m
3f0657f9cb1f58f178db7cc2ab49a2e0	0	199382	player	libopenmpt	UltraTracker 1.6	10	70142	34f76ce8	feba2088	START/ZIPPED/DOS/MOD/KENT17.ZIP/KENTRIS.ULT
4009512a67f396ba11e6c8182f7969e0	1	399976	player+volume	st3play	Scream Tracker 3.2x (GUS)	12	445918	a1d3b689	bfb5dd1e	START/PROGS/DOS/MUSIC/MORGL100/PN-ICHNG.S3M
4009512a67f396ba11e6c8182f7969e0	1	399976	player+volume	st3play	Scream Tracker 3.2x (GUS)	12	445918	a1d3b689	bfb5dd1e	START/ZIPPED/DOS/MOD/PH-0695B.ZIP/PN-ICHNG.S3M
4076c4b56d11edb6f4c6f11644100858	1	150293	player+volume	ft2play	FastTracker v2.00	12	393498	c40c877a	fd968c6e	START/ZIPPED/DOS/MOD/IC-NOEND.ZIP/NOENDING.XM
433c639e790417cdea38daf6436fae13	1	165878	player	uade	Protracker	0	65970	ad502dd6	5fd89dda	START/PROGS/DOS/MUSIC/MORGL100/DEFFTYPE.MOD
433c639e790417cdea38daf6436fae13	1	165878	player	uade	Protracker	0	65970	ad502dd6	5fd89dda	START/ZIPPED/DOS/MOD/DEFFTYPE.ZIP/defftype.mod
43aa01a136c1d05c31aad7e1861138c9	1	212654	player	ft2play	FastTracker v2.00	6	218996	5626c689	e2858038	START/ZIPPED/DOS/MOD/IHB4.ZIP/BIOS_DB.XM
4421ff794622961158adeb26dc9a495b	1	315054	player+silence	ft2play	FastTracker v2.00	8	798579	dd2f74ed	be511506	START/ZIPPED/DOS/MOD/FSRRMX.ZIP/FSRREMIX.XM
44b14e71eecd225c2dc3b607cedab869	1	535853	player	uade	Protracker	0	115700	ae308009	6393e7f6	START/PROGS/DOS/MUSIC/MORGL100/PARTY-ON.MOD
44b14e71eecd225c2dc3b607cedab869	1	535853	player	uade	Protracker	0	115700	ae308009	6393e7f6	START/ZIPPED/DOS/MOD/PARTY-ON.ZIP/party-on.mod
44b14e71eecd225c2dc3b607cedab869	2	6510	player
44bcebaa77a7a3e7bd4d0913f2985a2f	1	182697	player	uade	Protracker	0	291100	0dff9caa	bedf7e24	START/PROGS/DOS/MUSIC/MORGL100/PARTY-HC.MOD
44bcebaa77a7a3e7bd4d0913f2985a2f	1	182697	player	uade	Protracker	0	291100	0dff9caa	bedf7e24	START/ZIPPED/DOS/MOD/PARTY-HC.ZIP/PARTY-HC.MOD
44d2a8061b4865743343a4bd9f196025	1	45975	player	st3play	Scream Tracker 3.2x (SB)	16	24228	1328ac20	a93161c8	START/PROGS/DOS/MUSIC/MORGL100/RFX_DISC.S3M
44d2a8061b4865743343a4bd9f196025	1	45975	player	st3play	Scream Tracker 3.2x (SB)	16	24228	1328ac20	a93161c8	START/ZIPPED/DOS/MOD/RFX_S3M3.ZIP/RFX_DISC.ZIP/RFX_DISC.S3M
4545c885135454ee25d18c330dfaa278	1	322200	player+silence	ft2play	FastTracker v2.00	4	177865	8de1ed74	e708460e	START/ZIPPED/DOS/MOD/APP-MILE.ZIP/MILES.XM
454e53483128cd906f419b4f9bb8bbf4	0	335817	player+silence	libopenmpt	Unknown	12	233270	e402ebe7	efd9972f	START/ZIPPED/DOS/MOD/B13-0020.ZIP/DARKNESS.XM
4596badb116b0a7e9ee403b2b1690b92	1	236150	player+silence	uade	Protracker	0	448958	7671ffb2	ab3ffe6a	START/PROGS/DOS/MUSIC/MORGL100/SD2.MOD
4596badb116b0a7e9ee403b2b1690b92	1	236150	player+silence	uade	Protracker	0	448958	7671ffb2	ab3ffe6a	START/ZIPPED/DOS/MOD/SD2.ZIP/SD2.MOD
46c6f21e8838fe75d7b65613ffed679c	1	191694	player	ft2play	FastTracker v2.00	12	174713	524ff346	a42ad778	START/ZIPPED/DOS/MOD/D-3-NIN.ZIP/D-3-NIN.XM
4719d5d442c6159751354a1dde90bfd3	1	214223	player+silence	ft2play	FastTracker v2.00	16	891280	e616a33f	c7a6bbd9	START/ZIPPED/DOS/MOD/VD_ROMEO.ZIP/UNDERWAT.XM
4724504e599bebbaca32784c32e1f5cb	1	272639	player	st3play	Scream Tracker 3.2x (SB)	6	249669	6a5d0e47	7d0256d2	START/PROGS/DOS/MUSIC/MORGL100/MISSING.S3M
4724504e599bebbaca32784c32e1f5cb	1	272639	player	st3play	Scream Tracker 3.2x (SB)	6	249669	6a5d0e47	7d0256d2	START/ZIPPED/DOS/MOD/DSP-MISS.ZIP/MISSING.S3M
4785c489129d636e04f2ba3894ecac88	1	234304	player+silence	ft2play	FastTracker v2.00	12	296179	4513c9bb	06aaa8d3	START/ZIPPED/DOS/MOD/B13-0015.ZIP/GRACE.XM
482543a78c4869435a86b681da753d1a	1	130853	player	st3play	Scream Tracker 3.2x (SB)	16	211898	ca114879	113bb2b9	START/PROGS/DOS/MUSIC/MORGL100/RFX_PMAN.S3M
482543a78c4869435a86b681da753d1a	1	130853	player	st3play	Scream Tracker 3.2x (SB)	16	211898	ca114879	113bb2b9	START/ZIPPED/DOS/MOD/RFX_S3M3.ZIP/RFX_PMAN.ZIP/RFX_PMAN.S3M
483c9194bfcbef878e8a74885388ae88	1	148547	player+silence	st3play	Scream Tracker 3.2x (GUS)	8	384036	02c75e6c	a1dff4db	START/PROGS/DOS/MUSIC/MORGL100/HELLRAVE.S3M
483c9194bfcbef878e8a74885388ae88	1	148547	player+silence	st3play	Scream Tracker 3.2x (GUS)	8	384036	02c75e6c	a1dff4db	START/ZIPPED/DOS/MOD/HELLRAVE.ZIP/HELLRAVE.S3M
491e02ec4793746d4c505bd2d6fd06b1	0	304328	player+silence	libopenmpt	X-Tracker	19	115108	7b8e2570	13508ec2	START/PROGS/DOS/MUSIC/MORGL100/LIG-MONO.DMF
491e02ec4793746d4c505bd2d6fd06b1	0	304328	player+silence	libopenmpt	X-Tracker	19	115108	7b8e2570	13508ec2	START/ZIPPED/DOS/MOD/LIG-MONO.ZIP/LIG-MONO.DMF
4ab0db8ce2a2cd8bfbc56d5b746a2235	1	140981	player	uade	Protracker	0	122438	81a8fc0a	bc21d570	START/PROGS/DOS/MUSIC/MORGL100/EXP36.MOD
4ab0db8ce2a2cd8bfbc56d5b746a2235	1	140981	player	uade	Protracker	0	122438	81a8fc0a	bc21d570	START/ZIPPED/DOS/MOD/EXP36.ZIP/EXP36.MOD
4b6374d6888b67cf3fdc0d18b4b4233d	0	420916	player+silence	libopenmpt	UltraTracker 1.6	18	896376	ee2b668b	a2344041	START/ZIPPED/DOS/MOD/CYB-SIS.ZIP/CYB-SIS.ULT
4d7ba2ba4c06dee424269eca8b11347e	1	286137	player+silence	st3play	Scream Tracker 3.01 (GUS)	12	683566	90697bd8	90a57100	START/PROGS/DOS/MUSIC/MORGL100/FURY.S3M
4d7ba2ba4c06dee424269eca8b11347e	1	286137	player+silence	st3play	Scream Tracker 3.01 (GUS)	12	683566	90697bd8	90a57100	START/ZIPPED/DOS/MOD/FURY.ZIP/FURY.S3M
4e07ca18869a8f24722f18d895ba137d	1	168688	player	ft2play	Fasttracker (M.K.)	4	195875	50625b8b	fb93d16b	START/PROGS/DOS/MUSIC/MORGL100/METALJ-1.MOD
4e07ca18869a8f24722f18d895ba137d	1	168688	player	ft2play	Fasttracker (M.K.)	4	195875	50625b8b	fb93d16b	START/ZIPPED/DOS/MOD/METMODS.ZIP/METALJ-1.MOD
4e4773f74214bd585826d53de95f67e8	1	245893	player	uade	Protracker	0	124870	72514502	f4f6c2bc	START/PROGS/DOS/MUSIC/MORGL100/TRCFORM3.MOD
4e4773f74214bd585826d53de95f67e8	1	245893	player	uade	Protracker	0	124870	72514502	f4f6c2bc	START/ZIPPED/DOS/MOD/AURORA01.ZIP/TRCFORM3.MOD
4ef239cbc1199952af110e5dffd09d9d	1	207413	player	uade	Protracker compatible	0	263839	f3dae06d	bf06fbc9	START/PROGS/DOS/MUSIC/MORGL100/BB-BOOM.MOD
4ef239cbc1199952af110e5dffd09d9d	1	207413	player	uade	Protracker compatible	0	263839	f3dae06d	bf06fbc9	START/ZIPPED/DOS/MOD/EKG_JNGS.ZIP/BB-BOOM.MOD
50ac5921e6e5247322df492ddf0a27e9	1	263170	player+volume	uade	Protracker	0	265950	4f9d37ef	7db9b120	START/PROGS/DOS/MUSIC/MORGL100/TERRESA.MOD
50ac5921e6e5247322df492ddf0a27e9	1	263170	player+volume	uade	Protracker	0	265950	4f9d37ef	7db9b120	START/ZIPPED/DOS/MOD/VC-4MOD.ZIP/TERRESA.MOD
51542fcb4da8262d655665fe6a16a75e	0	195619	player	libopenmpt	UltraTracker 1.6	8	306278	24e07c37	1ee38a9d	START/ZIPPED/DOS/MOD/AS-NSJ.ZIP/AS-NSJ.ULT
51cf9ca8d91e707754d872c1dd205a2b	1	447362	player+silence	uade	Protracker	0	147548	60588c3c	212e3404	START/PROGS/DOS/MUSIC/MORGL100/BODACIOS.MOD
51cf9ca8d91e707754d872c1dd205a2b	1	447362	player+silence	uade	Protracker	0	147548	60588c3c	212e3404	START/ZIPPED/DOS/MOD/BODACIUS.ZIP/bodacios.mod
52e23639fd0bdad8184b50433dad5690	1	239563	player	uade	Protracker	0	88784	862ee835	38f146cc	START/PROGS/DOS/MUSIC/MORGL100/METALNPG.MOD
52e23639fd0bdad8184b50433dad5690	1	239563	player	uade	Protracker	0	88784	862ee835	38f146cc	START/ZIPPED/DOS/MOD/METMODS.ZIP/METALNPG.MOD
530144f5990b79fa2a47f951a685f112	1	153721	player	uade	Protracker compatible	0	100064	088c8104	883f0a3d	START/ZIPPED/DOS/ANSI/WKD-0695.ZIP/$WORK/X014312X/WB-CONSP.MOD
5336740b146356a1f0906bff292c8b92	1	125325	player+silence	st3play	Scream Tracker 3.2x (GUS)	14	209910	5ebed361	21013c33	START/PROGS/DOS/MUSIC/MORGL100/MIRROR.S3M
5336740b146356a1f0906bff292c8b92	1	125325	player+silence	st3play	Scream Tracker 3.2x (GUS)	14	209910	5ebed361	21013c33	START/ZIPPED/DOS/MOD/D-SHADE2.ZIP/MIRROR.S3M
53d34a910dd1a794152df7f33f0ae272	1	439473	player+silence	st3play	Scream Tracker 3.2x (SB)	12	664618	f058dd27	81694bda	START/PROGS/DOS/MUSIC/MORGL100/MYST2.S3M
53d34a910dd1a794152df7f33f0ae272	1	439473	player+silence	st3play	Scream Tracker 3.2x (SB)	12	664618	f058dd27	81694bda	START/ZIPPED/DOS/MOD/TL-MYST2.ZIP/MYST2.S3M
54c19950a7060614edc3edb896b29a14	1	213220	player	st3play	Scream Tracker 3.2x (GUS)	12	381444	4f64b684	6b11c951	START/PROGS/DOS/MUSIC/MORGL100/D-CNLDRM.S3M
54c19950a7060614edc3edb896b29a14	1	213220	player	st3play	Scream Tracker 3.2x (GUS)	12	381444	4f64b684	6b11c951	START/ZIPPED/DOS/MOD/D-CNLDRM.ZIP/D-CNLDRM.S3M
552fe4f457ea4aa79158bce53a4ca9ce	1	387015	player	uade	Protracker	0	175648	cde3f53e	9823057d	START/ZIPPED/DOS/SOUND/SWMP13.ZIP/TECHNOLO.MOD
55d8d4682b7c19f4ce17252ad5c62839	1	148880	player+silence	st3play	Scream Tracker 3.2x (GUS)	15	100986	cdfbadcc	915a2f71	START/PROGS/DOS/MUSIC/MORGL100/D-GUILTY.S3M
55d8d4682b7c19f4ce17252ad5c62839	1	148880	player+silence	st3play	Scream Tracker 3.2x (GUS)	15	100986	cdfbadcc	915a2f71	START/ZIPPED/DOS/MOD/D-GUILTY.ZIP/D-GUILTY.S3M
561daa6f639a59877c97932f626df57e	1	69224	player	uade	Protracker compatible	0	68557	06ed380c	a60c78bf	START/PROGS/DOS/MUSIC/MORGL100/LIGHEAV1.MOD
561daa6f639a59877c97932f626df57e	1	69224	player	uade	Protracker compatible	0	68557	06ed380c	a60c78bf	START/ZIPPED/DOS/MOD/LIGHTST7.ZIP/LIGHEAV1.MOD
561fc36130b52cdb3576a341d5542b02	1	186213	player	st3play	Scream Tracker 3.2x (SB)	10	382768	2255216b	379a5a71	START/PROGS/DOS/MUSIC/MORGL100/MOON.S3M
561fc36130b52cdb3576a341d5542b02	1	186213	player	st3play	Scream Tracker 3.2x (SB)	10	382768	2255216b	379a5a71	START/ZIPPED/DOS/MOD/MAZVOID2.ZIP/MOON.S3M
56338ade3f86bd1a35f24d5119c4c707	1	41072	player	uade	Protracker compatible	0	8976	98ffb58a	f90959a0	START/PROGS/DOS/MUSIC/MORGL100/KUKKANEN.MOD
56338ade3f86bd1a35f24d5119c4c707	1	41072	player	uade	Protracker compatible	0	8976	98ffb58a	f90959a0	START/ZIPPED/DOS/MOD/KUKKANEN.ZIP/KUKKANEN.MOD
5637024ef96864906893d616a096e723	0	210319	player+silence	libopenmpt	UltraTracker 1.6	12	541840	3a32d0ad	b34512c1	START/ZIPPED/DOS/MOD/AS-GLASS.ZIP/AS-GLASS.ULT
56c76690090b3ca102477d015c54adb5	1	192623	player	uade	Protracker	0	550622	8e8a2d3b	936f0615	START/PROGS/DOS/MUSIC/MORGL100/GREENJ.MOD
56c76690090b3ca102477d015c54adb5	1	192623	player	uade	Protracker	0	550622	8e8a2d3b	936f0615	START/ZIPPED/DOS/MOD/GREENJ.ZIP/GREENJ.MOD
57040985332af516e330b0a9d35a24bb	1	252243	player	st3play	Scream Tracker 3.00 (GUS)	4	185654	b41d65bc	0f41124b	START/PROGS/DOS/MUSIC/MORGL100/NOTFKIDS.S3M
57040985332af516e330b0a9d35a24bb	1	252243	player	st3play	Scream Tracker 3.00 (GUS)	4	185654	b41d65bc	0f41124b	START/ZIPPED/DOS/MOD/NOT4KIDS.ZIP/NOTFKIDS.S3M
5784a8e35cd6c172176f04065139d3ad	1	199179	player+silence	uade	Protracker compatible	0	360378	e9dcfc7d	e667d48a	START/PROGS/DOS/MUSIC/MORGL100/ZEIK.MOD
5784a8e35cd6c172176f04065139d3ad	1	199179	player+silence	uade	Protracker compatible	0	360378	e9dcfc7d	e667d48a	START/ZIPPED/DOS/MOD/BPI-ZEIK.ZIP/ZEIK.MOD
57e1787a82695cc4be598e90d321acea	1	141966	player	st3play	Scream Tracker 3.01 (SB)	6	515832	c1483a52	1ae2aeaf	START/PROGS/DOS/MUSIC/MORGL100/RL.S3M
57e1787a82695cc4be598e90d321acea	1	141966	player	st3play	Scream Tracker 3.01 (SB)	6	515832	c1483a52	1ae2aeaf	START/ZIPPED/DOS/MOD/DP_HIPH2.ZIP/RL.S3M
58175a19de2b2ced14d8544dff90445b	1	290274	player+silence	st3play	Scream Tracker 3.2x (SB)	16	189154	6228cf00	73a6e9d2	START/PROGS/DOS/MUSIC/MORGL100/FAN-XDUB.S3M
58175a19de2b2ced14d8544dff90445b	1	290274	player+silence	st3play	Scream Tracker 3.2x (SB)	16	189154	6228cf00	73a6e9d2	START/ZIPPED/DOS/MOD/MAZ-XDUB.ZIP/FAN-XDUB.S3M
5820f723c0b4a999d5ba9c30512421a9	1	242501	player+silence	ft2play	FastTracker v2.00	4	117407	785755a9	1aab111c	START/ZIPPED/DOS/MOD/SFXMC5.ZIP/KANDALIS.XM
58684944a5f0edd6fd84d29e61826866	1	288386	player+silence	uade	Protracker	0	145830	b5b2f03e	272abc5f	START/PROGS/DOS/MUSIC/MORGL100/DAWNTRE2.MOD
58684944a5f0edd6fd84d29e61826866	1	288386	player+silence	uade	Protracker	0	145830	b5b2f03e	272abc5f	START/ZIPPED/DOS/MOD/DAWNTRE2.ZIP/dawntre2.mod
590c2a35cc9d3e81c4609563df2d2104	1	266711	player	st3play	Scream Tracker 3.2x (GUS)	16	191088	c55c2263	66865906	START/PROGS/DOS/MUSIC/MORGL100/FH-JUST.S3M
590c2a35cc9d3e81c4609563df2d2104	1	266711	player	st3play	Scream Tracker 3.2x (GUS)	16	191088	c55c2263	66865906	START/ZIPPED/DOS/MOD/FH-JUST.ZIP/FH-JUST.S3M
5a125285be3976fd07a60b46dc7a3ed9	1	233679	player+silence	st3play	Scream Tracker 3.2x (SB)	12	457055	d8819be6	c57ee4ba	START/PROGS/DOS/MUSIC/MORGL100/UNDERWAT.S3M
5a125285be3976fd07a60b46dc7a3ed9	1	233679	player+silence	st3play	Scream Tracker 3.2x (SB)	12	457055	d8819be6	c57ee4ba	START/ZIPPED/DOS/MOD/UNDERWAT.ZIP/UNDERWAT.S3M
5a39ed1d8f626164e3f29f560c6a4f13	1	220572	player	ft2play	FastTracker v2.00	12	593875	731a72fb	9459902c	START/ZIPPED/DOS/MOD/STARFALL.ZIP/STARFALL.XM
5a6f1f3470c252c3e35d0290afca3c00	1	325474	player	ft2play	Fasttracker (M.K.)	4	257743	883c1419	d1228215	START/PROGS/DOS/MUSIC/MORGL100/LIGH28-2.MOD
5a6f1f3470c252c3e35d0290afca3c00	1	325474	player	ft2play	Fasttracker (M.K.)	4	257743	883c1419	d1228215	START/ZIPPED/DOS/MOD/LIGHT02.ZIP/LIGH28-2.MOD
5ec34a5191c1e4429ba3d8d95c8ba0f1	1	440908	player	st3play	Scream Tracker 3.2x (GUS)	16	170590	c0c941e5	f311032b	START/ZIPPED/DOS/DEMOS/CSX_NOPE.ZIP/NOPE.S3M
604a2c4a8bea4111ec7ba685dd33ac9e	1	222331	player+silence	ft2play	FastTracker v2.00	12	315163	66163287	0febffee	START/ZIPPED/DOS/MOD/OVERDRV.ZIP/OVERDRVE.XM
6348788457141a79d7d6b6ef4c1e75ee	1	283513	player+silence	st3play	Scream Tracker 3.2x (GUS)	16	222656	bf2bc1e9	086bdd62	START/PROGS/DOS/MUSIC/MORGL100/FADED.S3M
6348788457141a79d7d6b6ef4c1e75ee	1	283513	player+silence	st3play	Scream Tracker 3.2x (GUS)	16	222656	bf2bc1e9	086bdd62	START/ZIPPED/DOS/MOD/D-SHADE1.ZIP/FADED.S3M
6358fbaf2ed1151e0d24b4062cb2e838	1	129485	player+silence	uade	Protracker	0	119730	3161c14c	c9ef58de	START/PROGS/WIN/PROGS/ULTMD31A/OH_YEAH.MOD
6358fbaf2ed1151e0d24b4062cb2e838	1	129485	player+silence	uade	Protracker	0	119730	3161c14c	c9ef58de	START/ZIPPED/WIN/MISC/ULTMD31A.ZIP/OH_YEAH.MOD
6377233092d3bf0f4d7cbc152f6dc8f9	1	328057	player+silence	st3play	Scream Tracker 3.2x (GUS)	16	476736	39d65878	7c10c21b	START/PROGS/DOS/MUSIC/MORGL100/SMEG_POE.S3M
6377233092d3bf0f4d7cbc152f6dc8f9	1	328057	player+silence	st3play	Scream Tracker 3.2x (GUS)	16	476736	39d65878	7c10c21b	START/ZIPPED/DOS/MOD/SMEG_POE.ZIP/SMEG_POE.S3M
65773528fa49aab732b4223ae8c7416d	1	266187	player+silence	st3play	Scream Tracker 3.2x (GUS)	16	324712	63cd90e3	962b2a75	START/PROGS/DOS/MUSIC/MORGL100/HERFEEL.S3M
65773528fa49aab732b4223ae8c7416d	1	266187	player+silence	st3play	Scream Tracker 3.2x (GUS)	16	324712	63cd90e3	962b2a75	START/ZIPPED/DOS/MOD/HERFEEL.ZIP/HERFEEL.S3M
65977702851d10bec533995e3a3d246c	1	268921	player	uade	Protracker compatible	0	48653	3a5e906a	35e17754	START/PROGS/DOS/MUSIC/MORGL100/LIGHTE35.MOD
65977702851d10bec533995e3a3d246c	1	268921	player	uade	Protracker compatible	0	48653	3a5e906a	35e17754	START/ZIPPED/DOS/MOD/LIGHTE35.ZIP/LIGHTE35.MOD
65f4eb10c15f902427277e29317759d8	1	126147	player+silence	ft2play	FastTracker v2.00	12	492974	98d5ffb0	42d46cc1	START/ZIPPED/DOS/MOD/FUCK.ZIP/FUCK.XM
67a0ead75f90756ee4ca3bc4d8f7cf1d	0	115028	player	libopenmpt	Epic MegaGames MASI (New Version / Sinaria)	8	42528	fcd7b27e	be48e19f	START/PROGS/DOS/GAMES/SINARIA/SONG8.PSM
67a0ead75f90756ee4ca3bc4d8f7cf1d	0	115028	player	libopenmpt	Epic MegaGames MASI (New Version / Sinaria)	8	42528	fcd7b27e	be48e19f	START/ZIPPED/DOS/GAMES/SINARIA.ZIP/SONG8.PSM
6850f7981a8910042429a83539b62779	1	290623	player	uade	Protracker	0	184516	4f024fc1	57f2ad4d	START/PROGS/DOS/MUSIC/MORGL100/MINERUN.MOD
6850f7981a8910042429a83539b62779	1	290623	player	uade	Protracker	0	184516	4f024fc1	57f2ad4d	START/ZIPPED/DOS/MOD/MINERUN.ZIP/minerun.mod
6850f7981a8910042429a83539b62779	2	7392	player+volume
6897c91929354991cf74b5a6ac6916ba	1	115130	player+silence	st3play	Scream Tracker 3.01 (SB)	8	58048	d1b7976e	90552fee	START/PROGS/DOS/MUSIC/MORGL100/ASKELEET.S3M
6897c91929354991cf74b5a6ac6916ba	1	115130	player+silence	st3play	Scream Tracker 3.01 (SB)	8	58048	d1b7976e	90552fee	START/ZIPPED/DOS/MOD/ASKELEET.ZIP/ASKELEET.S3M
6939cf0453b50819c061a496a4f27113	1	140570	player	ft2play	FastTracker v2.00	6	320712	61d8d1b5	31778b66	START/ZIPPED/DOS/MOD/HCE.ZIP/HCE.XM
69bf5b1ab11e0acbe69e804fb98f029b	1	667190	player	st3play	Scream Tracker 3.2x (GUS)	11	257631	07b8c66f	24692556	START/PROGS/DOS/MUSIC/MORGL100/NEVABNB4.S3M
69bf5b1ab11e0acbe69e804fb98f029b	1	667190	player	st3play	Scream Tracker 3.2x (GUS)	11	257631	07b8c66f	24692556	START/ZIPPED/DOS/MOD/NEVABNB4.ZIP/NEVABNB4.S3M
6a6ebb2865a21cb8a307cf74e52e86bf	1	249648	player+silence	st3play	Scream Tracker 3.2x (GUS)	16	299528	4fe29a0f	71c7a198	START/PROGS/DOS/MUSIC/MORGL100/AMBIENT1.S3M
6a6ebb2865a21cb8a307cf74e52e86bf	1	249648	player+silence	st3play	Scream Tracker 3.2x (GUS)	16	299528	4fe29a0f	71c7a198	START/ZIPPED/DOS/MOD/D-SHADE1.ZIP/AMBIENT1.S3M
6aa8573d1329c6e6d227672ea8453cad	0	131633	player+silence	libopenmpt	X-Tracker	17	117637	d9c3e520	1607bd30	START/PROGS/DOS/MUSIC/MORGL100/DF_HND2.DMF
6aa8573d1329c6e6d227672ea8453cad	0	131633	player+silence	libopenmpt	X-Tracker	17	117637	d9c3e520	1607bd30	START/ZIPPED/DOS/MOD/DF_COMPL.ZIP/DF_HND2.DMF
6ab8f6a180b78695b4c7eb2d560589de	1	61327	player	st3play	Scream Tracker 3.2x (SB)	16	90528	85644fff	dcac2c90	START/PROGS/DOS/MUSIC/MORGL100/SUPER.S3M
6ab8f6a180b78695b4c7eb2d560589de	1	61327	player	st3play	Scream Tracker 3.2x (SB)	16	90528	85644fff	dcac2c90	START/ZIPPED/DOS/MOD/RFX_S3M3.ZIP/SUPER.ZIP/SUPER.S3M
6b0d074de39e81fe9779f0aa350c767d	1	137594	player+silence	uade	Protracker	0	64758	21cafc14	14901a86	START/PROGS/DOS/MUSIC/MORGL100/TRAINGAM.MOD
6b0d074de39e81fe9779f0aa350c767d	1	137594	player+silence	uade	Protracker	0	64758	21cafc14	14901a86	START/ZIPPED/DOS/MOD/TRNGAME.ZIP/traingame.mod
6b2375dd685901dc71862d49c3f594c7	1	253368	player	st3play	Scream Tracker 3.2x (SB)	12	388896	f270e99e	d09005f3	START/PROGS/DOS/MUSIC/MORGL100/PS-LAHEY.S3M
6b2375dd685901dc71862d49c3f594c7	1	253368	player	st3play	Scream Tracker 3.2x (SB)	12	388896	f270e99e	d09005f3	START/ZIPPED/DOS/MOD/PS-LAHEY.ZIP/PS-LAHEY.S3M
6b423ddf4dfbb8b711a23a15e03e8e10	1	172931	player	uade	Protracker	0	66426	f95d8b7e	3f484fb3	START/PROGS/DOS/MUSIC/MORGL100/JOPLINE.MOD
6b423ddf4dfbb8b711a23a15e03e8e10	1	172931	player	uade	Protracker	0	66426	f95d8b7e	3f484fb3	START/ZIPPED/DOS/MOD/JOPLIN.ZIP/jopline.mod
6b6fe5fa04cc4545895597dfb107830f	1	167125	silence	uade	Protracker compatible	0	170232	f0d39036	fdec553d	START/PROGS/DOS/MUSIC/MORGL100/ZLT_HARD.MOD
6b6fe5fa04cc4545895597dfb107830f	1	167125	silence	uade	Protracker compatible	0	170232	f0d39036	fdec553d	START/ZIPPED/DOS/MOD/ZLT_HARD.ZIP/ZLT_HARD.MOD
6c568103bf228e48bbd9560956c327ad	1	226107	player	ft2play	Fasttracker	8	350144	da840e5b	abc95dbf	START/PROGS/DOS/MUSIC/MORGL100/#CYBORG2.MOD
6c568103bf228e48bbd9560956c327ad	1	226107	player	ft2play	Fasttracker	8	350144	da840e5b	abc95dbf	START/ZIPPED/DOS/MOD/#CYBORG2.ZIP/#CYBORG2.MOD
6cc36c95b53d5d00e35501b5c46a43ac	1	96874	player	uade	Protracker	0	35922	aa14a259	c31eec00	START/PROGS/DOS/MUSIC/MORGL100/SWEAT.MOD
6cc36c95b53d5d00e35501b5c46a43ac	1	96874	player	uade	Protracker	0	35922	aa14a259	c31eec00	START/ZIPPED/DOS/MOD/SWEAT.ZIP/sweat.mod
6cd22ad9df5f527569167ccda127b868	1	217482	player+volume	ft2play	FastTracker v2.00	16	327484	d5fbd2c2	3fe75d39	START/ZIPPED/DOS/MOD/NS!-PSAN.ZIP/NS!-PSAN.XM
6d6046d09337d151e467bcecf0f4c905	1	66290	player	uade	Protracker	0	29752	df58a3bc	0443a90d	START/ZIPPED/DOS/GAMES/STARDUST.ZIP/L2INGAME.MOD
6e76e7100197b5e65683bfcb389e73a8	1	291366	player	st3play	Scream Tracker 3.2x (SB)	8	167200	8d0dc541	62e46d87	START/PROGS/DOS/MUSIC/MORGL100/ANGELH.S3M
6e76e7100197b5e65683bfcb389e73a8	1	291366	player	st3play	Scream Tracker 3.2x (SB)	8	167200	8d0dc541	62e46d87	START/ZIPPED/DOS/MOD/ANGELH.ZIP/ANGELH.S3M
703ee9b7058d75504708c8b7533ad204	1	222799	player+silence	uade	Protracker	0	141922	aa6e31bd	eab5b1c2	START/PROGS/DOS/MUSIC/MORGL100/DARKFORC.MOD
703ee9b7058d75504708c8b7533ad204	1	222799	player+silence	uade	Protracker	0	141922	aa6e31bd	eab5b1c2	START/ZIPPED/DOS/MOD/DARKFORC.ZIP/darkforce.mod
70ede15f3fc7764af27a58ab316e598e	1	103003	player	uade	Protracker	0	129896	1fe95e9e	674d6941	START/PROGS/DOS/MUSIC/MORGL100/EYEINSKY.MOD
70ede15f3fc7764af27a58ab316e598e	1	103003	player	uade	Protracker	0	129896	1fe95e9e	674d6941	START/ZIPPED/DOS/MOD/EYEINSKY.ZIP/eyeinsky.mod
70fdeb6ff3966af48277984f0ba8bb44	1	174439	player	ft2play	Fasttracker (M.K.)	4	108962	0ec310ae	cdc0d85e	START/PROGS/DOS/MUSIC/MORGL100/MENWRK.MOD
70fdeb6ff3966af48277984f0ba8bb44	1	174439	player	ft2play	Fasttracker (M.K.)	4	108962	0ec310ae	cdc0d85e	START/ZIPPED/DOS/MOD/VC-4MOD.ZIP/MENWRK.MOD
71518037dc445ed12e19ea3a1d4c7379	1	113519	player+silence	ft2play	FastTracker v2.00	8	233287	0a95c61e	c39f3f9e	START/ZIPPED/DOS/MOD/CPHOBIA.ZIP/PHOBIA.XM
71d4f3f715a4ba42c0c08bc1cb6333a0	1	376240	player+silence	st3play	Scream Tracker 3.2x (SB)	16	688810	a07d4ba3	dbe28e33	START/PROGS/DOS/MUSIC/MORGL100/TAKEFUZZ.S3M
71d4f3f715a4ba42c0c08bc1cb6333a0	1	376240	player+silence	st3play	Scream Tracker 3.2x (SB)	16	688810	a07d4ba3	dbe28e33	START/ZIPPED/DOS/MOD/MAZVOID1.ZIP/TAKEFUZZ.S3M
7219c2270a7fcd95fc6d1b0e25258070	0	291260	player	libopenmpt	X-Tracker	24	75281	c2b3b250	e2603d34	START/PROGS/DOS/MUSIC/MORGL100/SMU-ROUT.DMF
7219c2270a7fcd95fc6d1b0e25258070	0	291260	player	libopenmpt	X-Tracker	24	75281	c2b3b250	e2603d34	START/ZIPPED/DOS/MOD/SMU-ROUT.ZIP/SMU-ROUT.DMF
73021bb169d42c32c37bff2d4d9163c8	1	210045	player	uade	Protracker	0	170236	91aae6f8	1a2efc27	START/PROGS/DOS/MUSIC/MORGL100/TRCFORM1.MOD
73021bb169d42c32c37bff2d4d9163c8	1	210045	player	uade	Protracker	0	170236	91aae6f8	1a2efc27	START/ZIPPED/DOS/MOD/AURORA01.ZIP/TRCFORM1.MOD
730faf4838aad53876d2fa7fe1584b8c	1	377927	player+silence	st3play	Scream Tracker 3.2x (SB)	16	424054	427c3041	6e6a24a8	START/PROGS/DOS/MUSIC/MORGL100/SPI-GATE.S3M
730faf4838aad53876d2fa7fe1584b8c	1	377927	player+silence	st3play	Scream Tracker 3.2x (SB)	16	424054	427c3041	6e6a24a8	START/ZIPPED/DOS/MOD/SPI-GATE.ZIP/SPI-GATE.S3M
734cf4138595d5eca0c2e8854a0579e9	0	108790	player	libxmp	Funktracker DOS32	8	393768	afe6a9e5	52bb9ffe	START/ZIPPED/DOS/DEMOS/MC3INTRO.ZIP/GENESICK.FNK
7557d505bf18ac4f4ae4150ce60a5d02	1	238579	player	st3play	Scream Tracker 3.2x (SB)	16	186644	392e990b	f14658e3	START/PROGS/DOS/MUSIC/MORGL100/SPI-SENS.S3M
7557d505bf18ac4f4ae4150ce60a5d02	1	238579	player	st3play	Scream Tracker 3.2x (SB)	16	186644	392e990b	f14658e3	START/ZIPPED/DOS/MOD/SPI-SENS.ZIP/SPI-SENS.S3M
770fb2ab982b2af4b6e175f8f68329b9	1	138007	player	st3play	Scream Tracker 3.2x (SB)	16	124706	b965b840	04e8eafe	START/PROGS/DOS/MUSIC/MORGL100/XTERNAL.S3M
770fb2ab982b2af4b6e175f8f68329b9	1	138007	player	st3play	Scream Tracker 3.2x (SB)	16	124706	b965b840	04e8eafe	START/ZIPPED/DOS/MOD/XTERNAL.ZIP/XTERNAL.S3M
77b503720ad0bba8cf4d7120381ff87b	1	148456	player	ft2play	FastTracker v2.00	4	362351	faa9ace0	b1aaf417	START/ZIPPED/DOS/MOD/BALLOONY.ZIP/BALLOONY.XM
78d0714da54e367f3fbbce66689b69c0	1	169093	player	uade	Protracker	0	98596	2a51585e	84f232b0	START/PROGS/DOS/MUSIC/MORGL100/DRUMRUN.MOD
78d0714da54e367f3fbbce66689b69c0	1	169093	player	uade	Protracker	0	98596	2a51585e	84f232b0	START/ZIPPED/DOS/MOD/DRUMRUN.ZIP/drumrun.mod
795bbbfcdc214a5e30e53c82957a055c	1	329329	player+silence	st3play	Scream Tracker 3.2x (GUS)	10	199905	8a2a777b	eb6e157c	START/PROGS/DOS/MUSIC/MORGL100/HARDRAIN.S3M
795bbbfcdc214a5e30e53c82957a055c	1	329329	player+silence	st3play	Scream Tracker 3.2x (GUS)	10	199905	8a2a777b	eb6e157c	START/ZIPPED/DOS/MOD/HARDRAIN.ZIP/HARDRAIN.S3M
79734a16903309f7454676df66a1e346	1	322217	player+silence	st3play	Scream Tracker 3.2x (GUS)	8	177425	1f759431	867a656e	START/PROGS/DOS/MUSIC/MORGL100/LAUFPRG.S3M
79734a16903309f7454676df66a1e346	1	322217	player+silence	st3play	Scream Tracker 3.2x (GUS)	8	177425	1f759431	867a656e	START/ZIPPED/DOS/MOD/LAUFPRG.ZIP/LAUFPRG.S3M
79fc219943ec163be9b35e9a79429f89	1	220976	player	st3play	Scream Tracker 3.2x (GUS)	16	153339	caab805f	9fa8aee1	START/PROGS/DOS/MUSIC/MORGL100/MARS.S3M
79fc219943ec163be9b35e9a79429f89	1	220976	player	st3play	Scream Tracker 3.2x (GUS)	16	153339	caab805f	9fa8aee1	START/ZIPPED/DOS/MOD/PH-0695B.ZIP/MARS.S3M
7a50d678e66b42143c972a12012dca03	1	79050	player	st3play	Scream Tracker 3.2x (SB)	16	214108	a04d1efd	4dc4fbf2	START/PROGS/DOS/MUSIC/MORGL100/VIOLENT.S3M
7a50d678e66b42143c972a12012dca03	1	79050	player	st3play	Scream Tracker 3.2x (SB)	16	214108	a04d1efd	4dc4fbf2	START/ZIPPED/DOS/MOD/SIN_UV.ZIP/VIOLENT.S3M
7af247877452184af197dd0cbf5cbec6	1	179321	player	uade	Protracker	0	60308	68c9b936	dc6eaa07	START/PROGS/DOS/MUSIC/MORGL100/SAFENSND.MOD
7af247877452184af197dd0cbf5cbec6	1	179321	player	uade	Protracker	0	60308	68c9b936	dc6eaa07	START/ZIPPED/DOS/MOD/SAFENSND.ZIP/safensnd.mod
7bf0bf14a13b0a5d3ec627a37a74bcd3	1	279869	player+silence	ft2play	Fasttracker (M.K.)	4	296056	2332411a	624983c6	START/PROGS/DOS/MUSIC/MORGL100/LEBEN.MOD
7bf0bf14a13b0a5d3ec627a37a74bcd3	1	279869	player+silence	ft2play	Fasttracker (M.K.)	4	296056	2332411a	624983c6	START/ZIPPED/DOS/MOD/AURORA04.ZIP/LEBEN.MOD
7c48ecadd4d98ced321b9038d9cb4322	1	209523	player+silence	st3play	Scream Tracker 3.01 (SB)	16	156780	fb558781	440de536	START/PROGS/DOS/MUSIC/MORGL100/MOM-THE.S3M
7c48ecadd4d98ced321b9038d9cb4322	1	209523	player+silence	st3play	Scream Tracker 3.01 (SB)	16	156780	fb558781	440de536	START/ZIPPED/DOS/MOD/MOM-THE.ZIP/MOM-THE.S3M
7c8715ce9149594e06214678b422c00d	1	222363	player	st3play	Scream Tracker 3.01 (SB)	8	84492	ddd189f5	4b0f61a4	START/PROGS/DOS/MUSIC/MORGL100/ANUNREAL.S3M
7c8715ce9149594e06214678b422c00d	1	222363	player	st3play	Scream Tracker 3.01 (SB)	8	84492	ddd189f5	4b0f61a4	START/ZIPPED/DOS/MOD/ANUNREAL.ZIP/ANUNREAL.S3M
7d1b78de42bd498b592b542b4a96c5ed	1	61568	player	uade	Protracker	0	13544	82beaf5a	6d2fda8c	START/ZIPPED/DOS/MOD/JFF-POM!.ZIP/POMME4.DAT
7d2d004640d85a87e5c732599ccedd0b	1	449984	player+silence	st3play	Scream Tracker 3.2x (GUS)	9	395992	c1098f96	ae6abd9f	START/PROGS/DOS/MUSIC/MORGL100/DRMSUITE.S3M
7d2d004640d85a87e5c732599ccedd0b	1	449984	player+silence	st3play	Scream Tracker 3.2x (GUS)	9	395992	c1098f96	ae6abd9f	START/ZIPPED/DOS/MOD/PH-0695A.ZIP/DRMSUITE.S3M
7def32d0d9b098b6e0876fe43dc8188b	1	274565	player+silence	st3play	Scream Tracker 3.2x (GUS)	16	402964	da2872da	1e3cd54f	START/PROGS/DOS/MUSIC/MORGL100/ZOMB-TMG.S3M
7def32d0d9b098b6e0876fe43dc8188b	1	274565	player+silence	st3play	Scream Tracker 3.2x (GUS)	16	402964	da2872da	1e3cd54f	START/ZIPPED/DOS/MOD/ZOMB-TMG.ZIP/ZOMB-TMG.S3M
7e2ed5f640a8cb653f6e6b38d31a190e	1	419729	player	st3play	Scream Tracker 3.2x (GUS)	10	274112	c148f7a7	14c4db74	START/PROGS/DOS/MUSIC/MORGL100/TRUTH.S3M
7e2ed5f640a8cb653f6e6b38d31a190e	1	419729	player	st3play	Scream Tracker 3.2x (GUS)	10	274112	c148f7a7	14c4db74	START/ZIPPED/DOS/MOD/TRUTH.ZIP/TRUTH.S3M
7f397388434550eb5fbf1b72a8fdd7b1	1	210216	player+silence	st3play	Scream Tracker 3.2x (GUS)	15	326160	6e5a223a	4d2e0cff	START/PROGS/DOS/MUSIC/MORGL100/D-ICFTF.S3M
7f397388434550eb5fbf1b72a8fdd7b1	1	210216	player+silence	st3play	Scream Tracker 3.2x (GUS)	15	326160	6e5a223a	4d2e0cff	START/ZIPPED/DOS/MOD/D-ICFTF.ZIP/D-ICFTF.S3M
7f56c69a4a0cb4a52507a2d9ccf2c0ed	0	556705	player	libopenmpt	X-Tracker	13	596692	1600728c	7a149a1b	START/PROGS/DOS/MUSIC/MORGL100/SMU-SIT.DMF
7f56c69a4a0cb4a52507a2d9ccf2c0ed	0	556705	player	libopenmpt	X-Tracker	13	596692	1600728c	7a149a1b	START/ZIPPED/DOS/MOD/LQD-SIT.ZIP/SMU-SIT.DMF
7f7b04a563d7c2eddbc1acfaa5f14fe0	1	34481	player	st3play	Scream Tracker 3.01 (SB)	8	16444	71b69676	fa5aadaf	START/PROGS/DOS/MUSIC/MORGL100/VANDWALK.MOD
7f7b04a563d7c2eddbc1acfaa5f14fe0	1	34481	player	st3play	Scream Tracker 3.01 (SB)	8	16444	71b69676	fa5aadaf	START/ZIPPED/DOS/MOD/VANDWALK.ZIP/VANDWALK.MOD
808a1c019b0faae7b797374ed4b1a36d	1	99968	player	uade	Protracker compatible	0	131345	7a4ee84c	102f6a39	START/ZIPPED/DOS/ANSI/WKD-0695.ZIP/$WORK/X014312X/BV-DISEM.DAT
80ea4a612a7cdf81a93290c0d1f02b0b	1	172945	player+silence	st3play	Scream Tracker 3.2x (GUS)	15	277482	9b6cd98d	2fc4e2a8	START/PROGS/DOS/MUSIC/MORGL100/D-DENSIT.S3M
80ea4a612a7cdf81a93290c0d1f02b0b	1	172945	player+silence	st3play	Scream Tracker 3.2x (GUS)	15	277482	9b6cd98d	2fc4e2a8	START/ZIPPED/DOS/MOD/D-DENSIT.ZIP/D-DENSIT.S3M
8126b2f3c252c9093fadf925ec9eb5a4	1	307743	player	st3play	Scream Tracker 3.2x (SB)	16	284154	2b35c618	41e9c326	START/PROGS/DOS/MUSIC/MORGL100/CL_BIZAR.S3M
8126b2f3c252c9093fadf925ec9eb5a4	1	307743	player	st3play	Scream Tracker 3.2x (SB)	16	284154	2b35c618	41e9c326	START/ZIPPED/DOS/MOD/CL_BIZAR.ZIP/CL_BIZAR.S3M
8126b2f3c252c9093fadf925ec9eb5a4	1	307743	player	st3play	Scream Tracker 3.2x (SB)	16	284154	2b35c618	41e9c326	START/ZIPPED/DOS/MOD/EPI-CLBZ.ZIP/CL_BIZAR.S3M
816a34f27041af5db89acd6e9478682e	1	119798	player	ft2play	FastTracker v2.00	8	326557	46e6f62e	0ef8e65b	START/ZIPPED/DOS/MOD/EPI-DEBU.ZIP/EPIDEBUT.XM
819fa277e52083ef9c15ce5b1ed14987	1	89498	player+volume	st3play	Scream Tracker 3.01 (SB)	8	43330	4aac7a31	dbdebf54	START/PROGS/DOS/MUSIC/MORGL100/MUSMFUNK.MOD
819fa277e52083ef9c15ce5b1ed14987	1	89498	player+volume	st3play	Scream Tracker 3.01 (SB)	8	43330	4aac7a31	dbdebf54	START/ZIPPED/DOS/MOD/MUSMFUNK.ZIP/MUSMFUNK.MOD
8212b03070a040a19eb4b553c0f28174	1	140258	player	uade	Protracker	0	79550	bd3fa2a4	34e221d5	START/PROGS/DOS/MUSIC/MORGL100/CRYSTDRM.MOD
8212b03070a040a19eb4b553c0f28174	1	140258	player	uade	Protracker	0	79550	bd3fa2a4	34e221d5	START/ZIPPED/DOS/MOD/CRYSTDRM.ZIP/crystdrm.mod
8224e7d282d5af56f3b5d10054eb57c8	1	97236	player	uade	Protracker	0	87720	8e37c547	aa9b0332	START/ZIPPED/DOS/GAMES/STARDUST.ZIP/DUSTWARS.MOD
82cec93162467ae89334fd9164b3ee9a	0	102787	player	libopenmpt	X-Tracker	11	194413	46012999	5be5d6ee	START/PROGS/DOS/MUSIC/MORGL100/DF_HERON.DMF
82cec93162467ae89334fd9164b3ee9a	0	102787	player	libopenmpt	X-Tracker	11	194413	46012999	5be5d6ee	START/ZIPPED/DOS/MOD/DF_COMPL.ZIP/DF_HERON.DMF
83a4dd706922ce2fa2bfe7faa9dc9b19	1	215671	player+silence	st3play	Scream Tracker 3.2x (GUS)	8	118065	0f09f11e	1f2d10d0	START/PROGS/DOS/MUSIC/MORGL100/DANSEN!.S3M
83a4dd706922ce2fa2bfe7faa9dc9b19	1	215671	player+silence	st3play	Scream Tracker 3.2x (GUS)	8	118065	0f09f11e	1f2d10d0	START/ZIPPED/DOS/MOD/DANSEN!.ZIP/DANSEN!.S3M
84843f7797115fac7d5e8b692fb9ac87	1	301710	player	ft2play	FastTracker v2.00	4	135318	12d9c25c	446e082d	START/ZIPPED/DOS/MOD/SFXMC5.ZIP/HORYZON.XM
84ba8f10bf723c7cf0cf5e30ce1de386	1	181560	player+silence	st3play	Scream Tracker 3.2x (GUS)	16	448030	8ebb64be	d7c314b2	START/PROGS/DOS/MUSIC/MORGL100/WHATEVER.S3M
84ba8f10bf723c7cf0cf5e30ce1de386	1	181560	player+silence	st3play	Scream Tracker 3.2x (GUS)	16	448030	8ebb64be	d7c314b2	START/ZIPPED/DOS/MOD/WHATEVER.ZIP/WHATEVER.S3M
84cc04aabbea153ce02235f4dbb43cf9	1	210005	player+silence	st3play	Scream Tracker 3.2x (SB)	16	337630	bd035d59	7ab9356e	START/PROGS/DOS/MUSIC/MORGL100/DIGEST.S3M
84cc04aabbea153ce02235f4dbb43cf9	1	210005	player+silence	st3play	Scream Tracker 3.2x (SB)	16	337630	bd035d59	7ab9356e	START/ZIPPED/DOS/MOD/MAZVOID2.ZIP/DIGEST.S3M
85a4bc9810cab2a46b5386733f58c74f	1	181069	player	uade	Protracker	0	613080	e6b32874	3c29b1c1	START/PROGS/DOS/MUSIC/MORGL100/LOSTEDEN.MOD
85a4bc9810cab2a46b5386733f58c74f	1	181069	player	uade	Protracker	0	613080	e6b32874	3c29b1c1	START/ZIPPED/DOS/MOD/LOSTEDEN.ZIP/LOSTEDEN.MOD
86b0c4302c1946a7ff76a820c2c54e61	1	343613	player+silence	ft2play	FastTracker v2.00	12	130437	c26c81ff	3ef733bb	START/ZIPPED/DOS/MOD/NEPTUNUS.ZIP/NEPTUNUS.XM
86fbefb276e62eac4d7d56b1cafd8b33	1	389427	player+silence	st3play	Scream Tracker 3.2x (SB)	16	232485	58e81299	6537ac4a	START/PROGS/DOS/MUSIC/MORGL100/DESTINY.S3M
86fbefb276e62eac4d7d56b1cafd8b33	1	389427	player+silence	st3play	Scream Tracker 3.2x (SB)	16	232485	58e81299	6537ac4a	START/ZIPPED/DOS/MOD/DSP-DEST.ZIP/DESTINY.S3M
872123ee61fde4e70211f43a97c68557	1	184585	player	st3play	Scream Tracker 3.2x (SB)	14	352630	4419801c	92dc4e2c	START/PROGS/DOS/MUSIC/MORGL100/MORPHING.S3M
872123ee61fde4e70211f43a97c68557	1	184585	player	st3play	Scream Tracker 3.2x (SB)	14	352630	4419801c	92dc4e2c	START/ZIPPED/DOS/MOD/MORPHING.ZIP/MORPHING.S3M
882a2d069333a0c776be31c89ca7c92d	1	198006	player+silence	uade	Protracker	0	157690	d4caa5c6	31399a67	START/PROGS/DOS/MUSIC/MORGL100/DANCE-X-.MOD
882a2d069333a0c776be31c89ca7c92d	1	198006	player+silence	uade	Protracker	0	157690	d4caa5c6	31399a67	START/ZIPPED/DOS/MOD/DANCE-X.ZIP/DANCE-X-.MOD
898b1debc9f5f5273a1fbceb1a3af8e0	1	252403	player	ft2play	Fasttracker (M.K.)	4	55005	c91f338a	64bc8a90	START/PROGS/DOS/MUSIC/MORGL100/LIG30MIX.MOD
898b1debc9f5f5273a1fbceb1a3af8e0	1	252403	player	ft2play	Fasttracker (M.K.)	4	55005	c91f338a	64bc8a90	START/ZIPPED/DOS/MOD/NEW_MODZ.ZIP/LIG30MIX.MOD
8a5d65db793204383f156b36bed0d9a9	1	211467	player	ft2play	FastTracker v2.00	18	495577	bba62b1b	55fdc7d5	START/ZIPPED/DOS/MOD/WHCB-JIT.ZIP/WHCB-JIT.XM
8b5b56da638aaf324aaaa827eb326699	0	127809	player	libopenmpt	UltraTracker 1.6	15	177742	0984e65a	d4396b37	START/ZIPPED/DOS/MOD/KENT16.ZIP/HELL.ULT
8bcd8ca73d3ca1863323d78aa5633015	1	239224	player+silence	ft2play	FastTracker v2.00	8	549515	7b9d2d72	e213e288	START/ZIPPED/DOS/MOD/COPS.ZIP/COPS.XM
8bd60619a7ba6a440fbc3ba8d3bbcb8a	1	413815	player+silence	st3play	Scream Tracker 3.2x (GUS)	16	260840	be987ce5	c1a9c90b	START/PROGS/DOS/MUSIC/MORGL100/CE-MAU_T.S3M
8bd60619a7ba6a440fbc3ba8d3bbcb8a	1	413815	player+silence	st3play	Scream Tracker 3.2x (GUS)	16	260840	be987ce5	c1a9c90b	START/ZIPPED/DOS/MOD/CE-MAU_T.ZIP/CE-MAU_T.S3M
8ca8efd089b5fd5ba90c030dc25f91fe	1	244090	player+volume	ft2play	Fasttracker (M.K.)	4	108773	145f98ff	2d4a074d	START/PROGS/DOS/MUSIC/MORGL100/LIG32MIX.MOD
8ca8efd089b5fd5ba90c030dc25f91fe	1	244090	player+volume	ft2play	Fasttracker (M.K.)	4	108773	145f98ff	2d4a074d	START/ZIPPED/DOS/MOD/NEW_MODZ.ZIP/LIG32MIX.MOD
8fa1ea2506fa9c1aa47763a443524314	1	229588	player+silence	st3play	Scream Tracker 3.2x (GUS)	7	180864	f709bbff	fd53a21b	START/PROGS/DOS/MUSIC/MORGL100/SCIMITAR.S3M
8fa1ea2506fa9c1aa47763a443524314	1	229588	player+silence	st3play	Scream Tracker 3.2x (GUS)	7	180864	f709bbff	fd53a21b	START/ZIPPED/DOS/MOD/SCIMITAR.ZIP/SCIMITAR.S3M
914a1bd61e9f2461eb5e933b0021db59	1	268861	player	uade	Protracker	0	252580	9e8b45f9	4f7a1737	START/PROGS/DOS/MUSIC/MORGL100/ALLUSION.MOD
914a1bd61e9f2461eb5e933b0021db59	1	268861	player	uade	Protracker	0	252580	9e8b45f9	4f7a1737	START/ZIPPED/DOS/MOD/ALLUSION.ZIP/ALLUSION.MOD
921981ce6dd7bde387b74e736feae32c	1	311975	player+silence	ft2play	FastTracker v2.00	18	438530	b2b2072c	ebd99f7e	START/ZIPPED/DOS/MOD/ED-TWENT.ZIP/ED-TWENT.XM
92437f7f4df0bffb952d54cde6cb8123	0	364587	player+silence	libopenmpt	X-Tracker	17	564745	196e7610	713cd740	START/PROGS/DOS/MUSIC/MORGL100/RAU-SEEY.DMF
92437f7f4df0bffb952d54cde6cb8123	0	364587	player+silence	libopenmpt	X-Tracker	17	564745	196e7610	713cd740	START/ZIPPED/DOS/MOD/RAU-SEEY.ZIP/RAU-SEEY.DMF
93b02cad84c5377c2cc34bdbb22fd8d8	1	72761	player	uade	Protracker	0	54190	6b03a449	e1edeccc	START/ZIPPED/DOS/ANSI/WKD-0695.ZIP/$WORK/X014312X/WB-DWKD1.MOD
93b0db7c82b27b2ae5d1495a75ff618d	1	202866	player+silence	st3play	Scream Tracker 3.2x (GUS)	8	127512	558e59de	90c49d5e	START/PROGS/DOS/MUSIC/MORGL100/ORIENT.S3M
93b0db7c82b27b2ae5d1495a75ff618d	1	202866	player+silence	st3play	Scream Tracker 3.2x (GUS)	8	127512	558e59de	90c49d5e	START/ZIPPED/DOS/MOD/ORIENT.ZIP/ORIENT.S3M
944579dde98fd45e2cf5a56346cb6b52	1	100536	player+silence	st3play	Scream Tracker 3.2x (GUS)	16	103177	254cfa50	7db8df57	START/PROGS/DOS/MUSIC/MORGL100/DIF-3.S3M
944579dde98fd45e2cf5a56346cb6b52	1	100536	player+silence	st3play	Scream Tracker 3.2x (GUS)	16	103177	254cfa50	7db8df57	START/ZIPPED/DOS/MOD/DIF-3.ZIP/DIF-3.S3M
94539cd89d325829d6a1d0e8d085759d	1	353418	player	uade	Noisetracker 1.x	0	163185	89e0ac20	f92af943	START/PROGS/DOS/MUSIC/MORGL100/LIGHTEK4.MOD
94539cd89d325829d6a1d0e8d085759d	1	353418	player	uade	Noisetracker 1.x	0	163185	89e0ac20	f92af943	START/ZIPPED/DOS/MOD/LIGHTST7.ZIP/LIGHTEK4.MOD
946bbb9a29489c7618226c46539693c1	1	90002	player	st3play	Scream Tracker 3.2x (SB)	16	72076	148e2e03	063df38b	START/PROGS/DOS/MUSIC/MORGL100/WK-SMILE.S3M
946bbb9a29489c7618226c46539693c1	1	90002	player	st3play	Scream Tracker 3.2x (SB)	16	72076	148e2e03	063df38b	START/ZIPPED/DOS/MOD/B13-0014.ZIP/WK-SMILE.S3M
950aa48fde8e1d31e4d76a287e990485	0	351933	player	libopenmpt	X-Tracker	26	263680	b6ab8596	01e8000d	START/PROGS/DOS/MUSIC/MORGL100/LIG-RAVE.DMF
950aa48fde8e1d31e4d76a287e990485	0	351933	player	libopenmpt	X-Tracker	26	263680	b6ab8596	01e8000d	START/ZIPPED/DOS/MOD/LIG-RAVE.ZIP/LIG-RAVE.DMF
96398bfd902781eb92cb90e9e674260e	0	130365	player	libopenmpt	Epic MegaGames MASI (New Version / Sinaria)	8	48261	9265ade8	8b90a94f	START/PROGS/DOS/GAMES/SINARIA/SONG1.PSM
96398bfd902781eb92cb90e9e674260e	0	130365	player	libopenmpt	Epic MegaGames MASI (New Version / Sinaria)	8	48261	9265ade8	8b90a94f	START/ZIPPED/DOS/GAMES/SINARIA.ZIP/SONG1.PSM
9643386f9464094b5ea294389742ce37	0	54395	player	libxmp	Funktracker DOS32	8	153635	a0b0d3d4	09870806	START/ZIPPED/DOS/DEMOS/MC3INTRO.ZIP/MUTEPLES.FNK
969a0f0584633c1548a44d22bbc742da	1	236500	player+silence	ft2play	FastTracker v2.00	14	819402	60eb2a5d	d0379753	START/ZIPPED/DOS/MOD/FCO_MOON.ZIP/FCO_MOON.XM
9749a051903fa8bc5fadc7f2bb96498d	1	237090	player	ft2play	Fasttracker (M.K.)	4	72754	485f2722	41cb7a1d	START/PROGS/DOS/MUSIC/MORGL100/RES-DISF.MOD
9749a051903fa8bc5fadc7f2bb96498d	1	237090	player	ft2play	Fasttracker (M.K.)	4	72754	485f2722	41cb7a1d	START/ZIPPED/DOS/MOD/RES-DISF.ZIP/RES-DISF.MOD
978cf56798a963788c6f5f4e9829aaed	1	102520	player	uade	Protracker compatible	0	72285	1edc73b4	1f46d905	START/PROGS/DOS/MUSIC/MORGL100/JUST4FUN.MOD
978cf56798a963788c6f5f4e9829aaed	1	102520	player	uade	Protracker compatible	0	72285	1edc73b4	1f46d905	START/ZIPPED/DOS/MOD/LIGHTST7.ZIP/JUST4FUN.MOD
97a1858266f3545f5999570aeb4ea8d0	1	137679	player+silence	ft2play	Fasttracker (M.K.)	4	169894	206b142f	38145978	START/PROGS/DOS/MUSIC/MORGL100/MERGENCY.MOD
97a1858266f3545f5999570aeb4ea8d0	1	137679	player+silence	ft2play	Fasttracker (M.K.)	4	169894	206b142f	38145978	START/ZIPPED/DOS/MOD/AURORA02.ZIP/MERGENCY.MOD
9815167ffc3e75b043bd587e67825ba8	1	289048	player+silence	ft2play	FastTracker v2.00	10	454349	566093f5	05ea51d4	START/ZIPPED/DOS/MOD/NL-BURN.ZIP/NL-BURN.XM
98a2675aabd1717e682acc92ce522c63	1	190481	player+silence	ft2play	FastTracker v2.00	14	425497	8bc73ce0	3c8b0328	START/ZIPPED/DOS/MOD/MAS_LETT.ZIP/MAS_LETT.XM
9b0d5747122049a81b66342ba25d64fb	1	189053	player+silence	uade	Protracker	0	386174	f62458ff	607b3be3	START/PROGS/DOS/MUSIC/MORGL100/JOURNEY.MOD
9b0d5747122049a81b66342ba25d64fb	1	189053	player+silence	uade	Protracker	0	386174	f62458ff	607b3be3	START/ZIPPED/DOS/MOD/VC-4MOD.ZIP/JOURNEY.MOD
9b6c68515c291b4b0e76edb4efa13452	1	141072	player+silence	ft2play	FastTracker v2.00	8	367827	fa5aa60b	fb3642c9	START/ZIPPED/DOS/MOD/START.ZIP/START.XM
9c99720fbe78192cd4859df6fb31a960	1	347925	player+silence	st3play	Scream Tracker 3.2x (GUS)	14	363275	e3b10606	4e2a11bf	START/PROGS/DOS/MUSIC/MORGL100/D-SHADOW.S3M
9c99720fbe78192cd4859df6fb31a960	1	347925	player+silence	st3play	Scream Tracker 3.2x (GUS)	14	363275	e3b10606	4e2a11bf	START/ZIPPED/DOS/MOD/D-SHADE1.ZIP/D-SHADOW.S3M
9cfc3cfa75a229e2304ee6ae25422404	1	10368	player	st3play	Scream Tracker 3.2x (SB)	2	62400	49774a93	8b47157a	START/PROGS/DOS/MUSIC/MORGL100/B_BOYZ.S3M
9cfc3cfa75a229e2304ee6ae25422404	1	10368	player	st3play	Scream Tracker 3.2x (SB)	2	62400	49774a93	8b47157a	START/ZIPPED/DOS/MOD/DP_HIPH1.ZIP/B_BOYZ.S3M
9d74892ad3dc2dc095dfe083fb016f11	1	155141	player+silence	st3play	Scream Tracker 3.2x (GUS)	14	352310	c58aa37b	06f9a2fd	START/PROGS/DOS/MUSIC/MORGL100/2-SHADOW.S3M
9d74892ad3dc2dc095dfe083fb016f11	1	155141	player+silence	st3play	Scream Tracker 3.2x (GUS)	14	352310	c58aa37b	06f9a2fd	START/ZIPPED/DOS/MOD/D-SHADE1.ZIP/2-SHADOW.S3M
9da062347381d6ef61b2f6e09b6aaabf	1	243421	player	uade	Protracker	0	77572	e97c1ab6	7c72576b	START/PROGS/DOS/MUSIC/MORGL100/FLIRTY.MOD
9da062347381d6ef61b2f6e09b6aaabf	1	243421	player	uade	Protracker	0	77572	e97c1ab6	7c72576b	START/ZIPPED/DOS/MOD/FLIRTY.ZIP/flirty.mod
9db8134701a6e1cb53988b903068dfc5	1	192529	player	ft2play	FastTracker v2.00	10	278072	ba7ab0ae	13c05f77	START/ZIPPED/DOS/MOD/D-NINE.ZIP/D-NINE.XM
9e15107a7b55f682fd8634cb5f476403	1	17220	player	st3play	Scream Tracker 3.01 (SB)	8	22964	3d246971	a9a1874e	START/PROGS/DOS/MUSIC/MORGL100/WEWISH.MOD
9e15107a7b55f682fd8634cb5f476403	1	17220	player	st3play	Scream Tracker 3.01 (SB)	8	22964	3d246971	a9a1874e	START/ZIPPED/DOS/MOD/WEWISH.ZIP/WEWISH.MOD
9e8a1b71d929592de5374dd761c8a015	1	68983	player	st3play	Scream Tracker 3.01 (SB)	8	122480	ad983b08	a4f67a2e	START/PROGS/DOS/MUSIC/MORGL100/MAUNO31.MOD
9e8a1b71d929592de5374dd761c8a015	1	68983	player	st3play	Scream Tracker 3.01 (SB)	8	122480	ad983b08	a4f67a2e	START/ZIPPED/DOS/MOD/MAUNO31.ZIP/MAUNO31.MOD
9e9044b52e40b6767b675c17421085d5	1	280716	player	st3play	Scream Tracker 3.2x (GUS)	16	398391	c6ba91c4	3c613d5e	START/PROGS/DOS/MUSIC/MORGL100/STA-SEC.S3M
9e9044b52e40b6767b675c17421085d5	1	280716	player	st3play	Scream Tracker 3.2x (GUS)	16	398391	c6ba91c4	3c613d5e	START/ZIPPED/DOS/MOD/STA-SEC.ZIP/STA-SEC.S3M
9e93548402ca5f79921d5c525a9981e3	0	315399	player	libxmp	Funktracker DOS32	8	109672	bf10b3ae	703cffcd	START/ZIPPED/DOS/DEMOS/MC3INTRO.ZIP/ENCOUNT.FNK
9e9d0a3906335f6e1644721e691993db	1	169270	player+silence	ft2play	FastTracker v2.00	10	156858	5bfcdca4	23dc82f5	START/ZIPPED/DOS/MOD/RES-BANJ.ZIP/RES-BANJ.XM
9ef1081db1be71c95778ddb5aef4ea82	1	199516	player	st3play	Scream Tracker 3.01 (SB)	16	250674	af4b1a22	a9823fdb	START/PROGS/DOS/MUSIC/MORGL100/SDI-RETR.S3M
9ef1081db1be71c95778ddb5aef4ea82	1	199516	player	st3play	Scream Tracker 3.01 (SB)	16	250674	af4b1a22	a9823fdb	START/ZIPPED/DOS/MOD/SDI-PIRE.ZIP/SDI-RETR.S3M
a0b22f63cfd87550fe68471c12e661f5	1	531458	player+silence	st3play	Scream Tracker 3.2x (SB)	16	321336	e0fbc783	07f54e72	START/PROGS/DOS/MUSIC/MORGL100/K_ZEBRA.S3M
a0b22f63cfd87550fe68471c12e661f5	1	531458	player+silence	st3play	Scream Tracker 3.2x (SB)	16	321336	e0fbc783	07f54e72	START/ZIPPED/DOS/MOD/K-ZEBRA.ZIP/K_ZEBRA.S3M
a1eb31f41b4be6a0aafdfd6f3bf46487	1	434568	player+silence	uade	Protracker	0	242994	5d1e9563	dba84e81	START/PROGS/DOS/MUSIC/MORGL100/CLOSETTE.MOD
a1eb31f41b4be6a0aafdfd6f3bf46487	1	434568	player+silence	uade	Protracker	0	242994	5d1e9563	dba84e81	START/ZIPPED/DOS/MOD/CLOSETTE.ZIP/closette.mod
a2caf2a6e64a17ecce3079b8df93db1a	1	234359	player	uade	Protracker	0	66876	c84a24e8	8dcbca13	START/PROGS/DOS/MUSIC/MORGL100/MANTJAZ.MOD
a2caf2a6e64a17ecce3079b8df93db1a	1	234359	player	uade	Protracker	0	66876	c84a24e8	8dcbca13	START/ZIPPED/DOS/MOD/MANTJAZ.ZIP/mantjaz.mod
a2fe6a592fee2db3998a73589fd93e94	1	253569	player	uade	Protracker	0	58025	660ef29e	03b8908b	START/PROGS/DOS/MUSIC/MORGL100/LIGHTE30.MOD
a2fe6a592fee2db3998a73589fd93e94	1	253569	player	uade	Protracker	0	58025	660ef29e	03b8908b	START/ZIPPED/DOS/MOD/NEW_MODZ.ZIP/LIGHTE30.MOD
a49cb965ec9c71a816e5f5c26ef700aa	1	249151	player+silence	ft2play	FastTracker v2.00	16	435747	d27f6a8b	5c53d0cb	START/ZIPPED/DOS/MOD/OLDTIMES.ZIP/OLDTIMES.XM
a4b44a65edbcaaaa2b55519d5fd16777	1	86525	player	uade	Protracker	0	74992	4f7a9f33	76eae048	START/PROGS/DOS/MUSIC/MORGL100/DRUMRIDE.MOD
a4b44a65edbcaaaa2b55519d5fd16777	1	86525	player	uade	Protracker	0	74992	4f7a9f33	76eae048	START/ZIPPED/DOS/MOD/DRUMRIDE.ZIP/drumride.mod
a582b96bf49b03f28b9ae63bda4c577c	1	168691	player	uade	Protracker	0	149160	7fccfc6c	86733f5c	START/PROGS/DOS/MUSIC/MORGL100/TERMINAT.MOD
a582b96bf49b03f28b9ae63bda4c577c	1	168691	player	uade	Protracker	0	149160	7fccfc6c	86733f5c	START/ZIPPED/DOS/MOD/TERMINAT.ZIP/terminat.mod
a5de990f8186057f08251db8974d3ffe	1	222368	player	ft2play	Fasttracker	6	217140	7d7fdeac	6fb3d051	START/PROGS/DOS/MUSIC/MORGL100/MARTIANS.MOD
a5de990f8186057f08251db8974d3ffe	1	222368	player	ft2play	Fasttracker	6	217140	7d7fdeac	6fb3d051	START/ZIPPED/DOS/MOD/MARTIANS.ZIP/MARTIANS.MOD
a7fd32ee4a49105d511618ec54af22b3	1	61327	player	st3play	Scream Tracker 3.2x (SB)	16	172469	82e50b1b	f9449787	START/ZIPPED/DOS/ANSI/WKD-0695.ZIP/$WORK/X014312X/FS-SACR.S3M
a9d78990efc60ec0c32698222de12acc	1	230541	player	uade	Protracker compatible	0	6914	5336f8b4	fcf2b322	START/ZIPPED/DOS/SOUND/SONIX09B.ZIP/EMPTINES.MOD
a9ec8f0649bf9ad734bc2a364a27feba	1	127156	player	st3play	Scream Tracker 3.2x (GUS)	16	91178	3330e124	ba29675a	START/PROGS/DOS/MUSIC/MORGL100/DIF-2.S3M
a9ec8f0649bf9ad734bc2a364a27feba	1	127156	player	st3play	Scream Tracker 3.2x (GUS)	16	91178	3330e124	ba29675a	START/ZIPPED/DOS/MOD/DIF-2.ZIP/DIF-2.S3M
a9ff22c2c73929699102062101c7e422	1	218534	player	ft2play	Fasttracker (M.K.)	4	109953	193aae40	4eeda8d8	START/PROGS/DOS/MUSIC/MORGL100/LIGHTEK3.MOD
a9ff22c2c73929699102062101c7e422	1	218534	player	ft2play	Fasttracker (M.K.)	4	109953	193aae40	4eeda8d8	START/ZIPPED/DOS/MOD/LIGHTST7.ZIP/LIGHTEK3.MOD
aa1ea88cb038950590cae96bab69b2b8	1	265823	player	ft2play	Fasttracker (M.K.)	4	140656	3a8beaa7	fd3a307a	START/PROGS/DOS/MUSIC/MORGL100/TRCFORM4.MOD
aa1ea88cb038950590cae96bab69b2b8	1	265823	player	ft2play	Fasttracker (M.K.)	4	140656	3a8beaa7	fd3a307a	START/ZIPPED/DOS/MOD/AURORA01.ZIP/TRCFORM4.MOD
ab92587defb8fefc78118860be618892	1	327291	player+volume	uade	Protracker	0	299492	67234cb1	0c8e3af2	START/PROGS/DOS/MUSIC/MORGL100/COMEBACK.MOD
ab92587defb8fefc78118860be618892	1	327291	player+volume	uade	Protracker	0	299492	67234cb1	0c8e3af2	START/ZIPPED/DOS/MOD/COME-BAC.ZIP/COMEBACK.MOD
ac881ac71f4f6484a91f506b416ee56b	1	155686	player+silence	st3play	Scream Tracker 3.2x (GUS)	16	253648	3c72d161	e9821f98	START/PROGS/DOS/MUSIC/MORGL100/FADED2.S3M
ac881ac71f4f6484a91f506b416ee56b	1	155686	player+silence	st3play	Scream Tracker 3.2x (GUS)	16	253648	3c72d161	e9821f98	START/ZIPPED/DOS/MOD/D-SHADE1.ZIP/FADED2.S3M
ace8ec29f56c3ee0fc36ca767a3614b2	1	176070	player+silence	uade	Protracker	0	246584	244eac86	d3dbde00	START/PROGS/DOS/MUSIC/MORGL100/FREEMIND.MOD
ace8ec29f56c3ee0fc36ca767a3614b2	1	176070	player+silence	uade	Protracker	0	246584	244eac86	d3dbde00	START/ZIPPED/DOS/MOD/FREEMIND.ZIP/FREEMIND.MOD
ad0250f4a2c5180374c8da825ff16f56	1	181772	player	uade	Protracker	0	119436	f8a14c4e	71e7d234	START/ZIPPED/DOS/GAMES/F_TOTAL.ZIP/FGMNU2.MOD
ae45ec5c03386951a8d2f20455b0d617	1	196208	player+silence	st3play	Scream Tracker 3.2x (GUS)	15	188538	c2b85da1	113c3945	START/PROGS/DOS/MUSIC/MORGL100/D-ARBITR.S3M
ae45ec5c03386951a8d2f20455b0d617	1	196208	player+silence	st3play	Scream Tracker 3.2x (GUS)	15	188538	c2b85da1	113c3945	START/ZIPPED/DOS/MOD/D-ARBITR.ZIP/D-ARBITR.S3M
aed04a3946795022d2d7b8a6838908f3	1	213328	player+silence	st3play	Scream Tracker 3.2x (GUS)	16	283144	70d8469d	d2b9bb6b	START/PROGS/DOS/MUSIC/MORGL100/PABLO.S3M
aed04a3946795022d2d7b8a6838908f3	1	213328	player+silence	st3play	Scream Tracker 3.2x (GUS)	16	283144	70d8469d	d2b9bb6b	START/ZIPPED/DOS/MOD/PABLO_.ZIP/PABLO.S3M
af201af42bb43a8a7330d845b34bdd90	1	220775	player	uade	Protracker	0	204526	13ab3f3c	97a9b53f	START/PROGS/DOS/MUSIC/MORGL100/MATNO.MOD
af201af42bb43a8a7330d845b34bdd90	1	220775	player	uade	Protracker	0	204526	13ab3f3c	97a9b53f	START/ZIPPED/DOS/MOD/VC-4MOD.ZIP/MATNO.MOD
af70aeabffa1374fba1f5ff6015f573a	0	412065	player	libopenmpt	Generic ProTracker or compatible	4	229701	f516f461	f7f20297	START/PROGS/WIN/PROGS/ULTMD31A/DRAGNET.MOD
af70aeabffa1374fba1f5ff6015f573a	0	412065	player	libopenmpt	Generic ProTracker or compatible	4	229701	f516f461	f7f20297	START/ZIPPED/WIN/MISC/ULTMD31A.ZIP/DRAGNET.MOD
b0f914834eb622e717f1fe54acdb180b	1	56424	player	st3play	Scream Tracker 3.2x (GUS)	4	77900	6416affe	cbefa6e1	START/PROGS/DOS/MUSIC/MORGL100/^HNX^SEQ.S3M
b0f914834eb622e717f1fe54acdb180b	1	56424	player	st3play	Scream Tracker 3.2x (GUS)	4	77900	6416affe	cbefa6e1	START/ZIPPED/DOS/MOD/U8!TSEQ.ZIP/^HNX^SEQ.S3M
b35501d532a0f8959cd4e14f0a809818	1	161397	player	uade	Noisetracker 1.x	0	101884	d8285a6c	e952af7a	START/PROGS/DOS/MUSIC/MORGL100/METALSYN.MOD
b35501d532a0f8959cd4e14f0a809818	1	161397	player	uade	Noisetracker 1.x	0	101884	d8285a6c	e952af7a	START/ZIPPED/DOS/MOD/METMODS.ZIP/METALSYN.MOD
b39b17f3b6c2ce707716e61451f30b18	1	311682	player+silence	uade	Protracker	0	356503	d87e2d03	796659ab	START/PROGS/DOS/MUSIC/MORGL100/RAWHIDE.MOD
b39b17f3b6c2ce707716e61451f30b18	1	311682	player+silence	uade	Protracker	0	356503	d87e2d03	796659ab	START/ZIPPED/DOS/MOD/EKG_JNGS.ZIP/RAWHIDE.MOD
b47e07ae9ae6551e39acbdf1706ea63b	1	204475	player	ft2play	Fasttracker (M.K.)	4	53719	0d791f9e	5e74b9ab	START/PROGS/DOS/MUSIC/MORGL100/LIGHTE32.MOD
b47e07ae9ae6551e39acbdf1706ea63b	1	204475	player	ft2play	Fasttracker (M.K.)	4	53719	0d791f9e	5e74b9ab	START/ZIPPED/DOS/MOD/NEW_MODZ.ZIP/LIGHTE32.MOD
b48504b3d8f0158bd27bbebd1daf010c	1	294261	player	ft2play	FastTracker v2.00	4	248895	505a6762	bbfd72e2	START/ZIPPED/DOS/MOD/SFXMC5.ZIP/INFLIGHT.XM
b4a6e7e76c95e93910bb57d9772501a6	1	178913	player	ft2play	Fasttracker (M.K.)	4	163366	080526ea	00e5094f	START/PROGS/DOS/MUSIC/MORGL100/DREIZEHN.MOD
b4a6e7e76c95e93910bb57d9772501a6	1	178913	player	ft2play	Fasttracker (M.K.)	4	163366	080526ea	00e5094f	START/ZIPPED/DOS/MOD/AURORA03.ZIP/DREIZEHN.MOD
b4a74bdab8790a1ab1d0b1c702c51212	1	138722	player+volume	st3play	Scream Tracker 3.2x (SB)	16	421457	8683bcd4	51a292cd	START/ZIPPED/DOS/MOD/ATX-NAID.ZIP/PACOMOFO.S3M
b4ac678e2c661e410608cb8bd37f046b	1	99335	player+silence	ft2play	Fasttracker	8	122270	38fa158b	67a66921	START/PROGS/DOS/MUSIC/MORGL100/FL-SKIND.MOD
b4ac678e2c661e410608cb8bd37f046b	1	99335	player+silence	ft2play	Fasttracker	8	122270	38fa158b	67a66921	START/ZIPPED/DOS/MOD/FL-SKIND.ZIP/FL-SKIND.MOD
b517a46e566e87959c24c62fe52bc040	1	351325	player+silence	st3play	Scream Tracker 3.01 (GUS)	13	173085	ac9f9eb1	24fcdcf3	START/PROGS/DOS/MUSIC/MORGL100/TRANSIT.S3M
b517a46e566e87959c24c62fe52bc040	1	351325	player+silence	st3play	Scream Tracker 3.01 (GUS)	13	173085	ac9f9eb1	24fcdcf3	START/ZIPPED/DOS/MOD/TRANSIT.ZIP/TRANSIT.S3M
b5a57478476a1ce9a1f23b0a56be40b7	1	103786	player	uade	Protracker compatible	0	141273	156e1ce6	ac39d224	START/PROGS/DOS/MUSIC/MORGL100/POLLY.MOD
b5a57478476a1ce9a1f23b0a56be40b7	1	103786	player	uade	Protracker compatible	0	141273	156e1ce6	ac39d224	START/ZIPPED/DOS/MOD/IPR-MOP3.ZIP/POLLY.MOD
b5a876e998ee0e10b81924f4155e8092	0	355065	player	libopenmpt	X-Tracker	22	171356	de5ebfb5	e38a7f11	START/PROGS/DOS/MUSIC/MORGL100/LIG-DREA.DMF
b5a876e998ee0e10b81924f4155e8092	0	355065	player	libopenmpt	X-Tracker	22	171356	de5ebfb5	e38a7f11	START/ZIPPED/DOS/MOD/LIG-DREA.ZIP/LIG-DREA.DMF
b6236afcf8ddfc23d489dd29d3d7d528	1	464413	player+silence	st3play	Scream Tracker 3.2x (GUS)	14	202062	718f25e2	910dedac	START/PROGS/DOS/MUSIC/MORGL100/HEAVENS.S3M
b6236afcf8ddfc23d489dd29d3d7d528	1	464413	player+silence	st3play	Scream Tracker 3.2x (GUS)	14	202062	718f25e2	910dedac	START/ZIPPED/DOS/MOD/D-SHADE2.ZIP/HEAVENS.S3M
b63abfc49a86499c9401f6815379448e	1	191129	player+silence	st3play	Scream Tracker 3.01 (GUS)	16	338784	8b7df471	a38a79c8	START/PROGS/DOS/MUSIC/MORGL100/TAKEME.S3M
b63abfc49a86499c9401f6815379448e	1	191129	player+silence	st3play	Scream Tracker 3.01 (GUS)	16	338784	8b7df471	a38a79c8	START/ZIPPED/DOS/MOD/TAKEME.ZIP/TAKEME.S3M
b64a2a8c8d9a2d12db1a5ffde7fd69b8	1	228690	player	ft2play	FastTracker v2.00	14	388279	a6f23352	92446d0b	START/ZIPPED/DOS/MOD/ED-TRAIN.ZIP/ED-TRAIN.XM
b768e5db8a33c3bcf226c3308a8738d2	1	235143	player	st3play	Scream Tracker 3.2x (GUS)	16	221178	361830da	068aead8	START/PROGS/DOS/MUSIC/MORGL100/LIQ_VISI.S3M
b768e5db8a33c3bcf226c3308a8738d2	1	235143	player	st3play	Scream Tracker 3.2x (GUS)	16	221178	361830da	068aead8	START/ZIPPED/DOS/MOD/LIQ_VISI.ZIP/LIQ_VISI.S3M
b79fadd8bc1660d94b39c929082ade06	1	225558	player	st3play	Scream Tracker 3.2x (GUS)	16	216684	df9a83d0	36a83057	START/PROGS/DOS/MUSIC/MORGL100/PRO-EMO2.S3M
b79fadd8bc1660d94b39c929082ade06	1	225558	player	st3play	Scream Tracker 3.2x (GUS)	16	216684	df9a83d0	36a83057	START/ZIPPED/DOS/MOD/PH-0695B.ZIP/PRO-EMO2.S3M
b7cbbf6e405a7d42d9b4d92460af621c	0	309460	player+silence	libopenmpt	UltraTracker 1.6	12	103887	ac62925d	efc8185c	START/ZIPPED/DOS/MOD/KENT15.ZIP/LADY.ULT
b7cd6a61ab7074cbf3b336d5a7e83eb6	1	259209	player+silence	ft2play	FastTracker v2.00	16	780388	85fec59b	dbf3ab9c	START/ZIPPED/DOS/MOD/HP-RAVE.ZIP/HP-RAVE.XM
b7d34229192795c17c4eeadaefd3f7f8	1	264830	player+silence	st3play	Scream Tracker 3.2x (GUS)	16	301260	4a753a37	e05829eb	START/PROGS/DOS/MUSIC/MORGL100/LOOSE.S3M
b7d34229192795c17c4eeadaefd3f7f8	1	264830	player+silence	st3play	Scream Tracker 3.2x (GUS)	16	301260	4a753a37	e05829eb	START/ZIPPED/DOS/MOD/LOOS11.ZIP/LOOSE.S3M
b8b6435ef322a6f0df35b63d2d78df7a	1	103505	player	ft2play	Fasttracker (M.K.)	4	242647	d7b3f813	a4a0de4d	START/PROGS/DOS/MUSIC/MORGL100/LIGHTEK2.MOD
b8b6435ef322a6f0df35b63d2d78df7a	1	103505	player	ft2play	Fasttracker (M.K.)	4	242647	d7b3f813	a4a0de4d	START/ZIPPED/DOS/MOD/LIGHTST7.ZIP/LIGHTEK2.MOD
b990fff7313c8e178ac46d21e9474b10	1	198653	player+volume	st3play	Scream Tracker 3.01 (GUS)	8	437530	f4ea03d9	964f923e	START/PROGS/DOS/MUSIC/MORGL100/RC_DROPS.S3M
b990fff7313c8e178ac46d21e9474b10	1	198653	player+volume	st3play	Scream Tracker 3.01 (GUS)	8	437530	f4ea03d9	964f923e	START/ZIPPED/DOS/MOD/RC_DROPS.ZIP/RC_DROPS.S3M
ba29db40b15456dac59831caf00f06a5	1	10268	player	st3play	Scream Tracker 3.2x (GUS)	16	79576	1daa0dbd	8cc2ac3d	START/PROGS/DOS/MUSIC/MORGL100/BONUS.S3M
ba29db40b15456dac59831caf00f06a5	1	10268	player	st3play	Scream Tracker 3.2x (GUS)	16	79576	1daa0dbd	8cc2ac3d	START/ZIPPED/DOS/MOD/ZOMB-TMG.ZIP/BONUS.S3M
baa9866986c1138efb6ba9c9dd4be382	1	163949	player	uade	Protracker	0	237730	9aedb2ee	55ed5c70	START/PROGS/DOS/MUSIC/MORGL100/DOOMHELL.MOD
baa9866986c1138efb6ba9c9dd4be382	1	163949	player	uade	Protracker	0	237730	9aedb2ee	55ed5c70	START/ZIPPED/DOS/MOD/DOOMHELL.ZIP/doomhell.mod
bae23cf5d9aed9202767893f116c3d4b	1	158845	player	uade	Protracker	0	364242	9e57bcb1	ba6d2b14	START/PROGS/DOS/MUSIC/MORGL100/PHUNG.MOD
bae23cf5d9aed9202767893f116c3d4b	1	158845	player	uade	Protracker	0	364242	9e57bcb1	ba6d2b14	START/ZIPPED/DOS/MOD/PHUNG.ZIP/PHUNG.MOD
bb45018e8b3675ddd5fa7d490d0eaf42	1	297155	player+silence	uade	Protracker	0	212986	78791d6d	04bb5d4a	START/PROGS/DOS/MUSIC/MORGL100/ICECREAM.MOD
bb45018e8b3675ddd5fa7d490d0eaf42	1	297155	player+silence	uade	Protracker	0	212986	78791d6d	04bb5d4a	START/ZIPPED/DOS/MOD/ICECREAM.ZIP/ICECREAM.MOD
bb84408843e523724de3a74e9dea2b83	0	232692	player+silence	libopenmpt	UltraTracker 1.6	12	282909	b9b925d3	17904cc0	START/ZIPPED/DOS/MOD/KENT18.ZIP/FOREVER.ULT
bbdb5f440c328936fdd65d88a29fb09d	1	125729	player	uade	Protracker	0	249526	54ec6d0a	5eca53d8	START/PROGS/DOS/MUSIC/MORGL100/OUTLAW.MOD
bbdb5f440c328936fdd65d88a29fb09d	1	125729	player	uade	Protracker	0	249526	54ec6d0a	5eca53d8	START/ZIPPED/DOS/MOD/VC-4MOD.ZIP/OUTLAW.MOD
bc4701ec2e42a58ecb17b1671a890a5d	1	191396	player+silence	st3play	Scream Tracker 3.2x (GUS)	12	518885	a6d305e0	54d28626	START/PROGS/DOS/MUSIC/MORGL100/D-SWIG.S3M
bc4701ec2e42a58ecb17b1671a890a5d	1	191396	player+silence	st3play	Scream Tracker 3.2x (GUS)	12	518885	a6d305e0	54d28626	START/ZIPPED/DOS/MOD/D-SWIG.ZIP/D-SWIG.S3M
bc6fa2436b7a1979f7c2bf081419673d	1	170940	player+silence	ft2play	FastTracker v2.00	12	2130155	770e794d	f8dce01e	START/ZIPPED/DOS/MOD/IRET_SKY.ZIP/IRET_SKY.XM
bcefaa99c415f06f33626e2617f869eb	1	216535	player	st3play	Scream Tracker 3.2x (GUS)	12	212920	35c09baf	5647f2dd	START/PROGS/DOS/MUSIC/MORGL100/PN-WINTR.S3M
bcefaa99c415f06f33626e2617f869eb	1	216535	player	st3play	Scream Tracker 3.2x (GUS)	12	212920	35c09baf	5647f2dd	START/ZIPPED/DOS/MOD/PH-0695A.ZIP/PN-WINTR.S3M
bd90922730207115192defa3e8d617d2	1	190691	player+silence	uade	Protracker	0	407182	b2ce2aa6	248f674e	START/PROGS/DOS/MUSIC/MORGL100/LOSTDREA.MOD
bd90922730207115192defa3e8d617d2	1	190691	player+silence	uade	Protracker	0	407182	b2ce2aa6	248f674e	START/ZIPPED/DOS/MOD/LOSTDREA.ZIP/LOSTDREA.MOD
bd96ddbb244bf1d6dbcf186b60cd6a4a	1	65667	player+silence	st3play	Scream Tracker 3.2x (SB)	16	10064	ab53f976	f1c7a345	START/PROGS/DOS/MUSIC/MORGL100/BRASIL.S3M
bd96ddbb244bf1d6dbcf186b60cd6a4a	1	65667	player+silence	st3play	Scream Tracker 3.2x (SB)	16	10064	ab53f976	f1c7a345	START/ZIPPED/DOS/MOD/NUONSND1.ZIP/BRASIL.S3M
bdd4411fdf6b18ed22138bdf83e71e15	1	417016	player+silence	ft2play	Fasttracker	8	414974	1447e948	daf08e20	START/PROGS/DOS/MUSIC/MORGL100/CLOUNINE.MOD
bdd4411fdf6b18ed22138bdf83e71e15	1	417016	player+silence	ft2play	Fasttracker	8	414974	1447e948	daf08e20	START/ZIPPED/DOS/MOD/CLOUNINE.ZIP/CLOUNINE.MOD
bde74306c37efd6b18b9a406017e7e68	1	204941	player	uade	Protracker compatible	0	79978	b35dda5f	c5e8a317	START/ZIPPED/DOS/SOUND/SWMP13.ZIP/ASM_SDK.ZIP/INTROII.MOD
be12de1bdae9e95331ea652c2f1ed85b	1	259417	player	st3play	Scream Tracker 3.2x (SB)	16	253224	5deae650	7b6047ef	START/PROGS/DOS/MUSIC/MORGL100/DRAGON.S3M
be12de1bdae9e95331ea652c2f1ed85b	1	259417	player	st3play	Scream Tracker 3.2x (SB)	16	253224	5deae650	7b6047ef	START/ZIPPED/DOS/MOD/MAZVOID2.ZIP/DRAGON.S3M
be7026d2d8591d01df595188d4d37eb7	1	310134	player	st3play	Scream Tracker 3.2x (SB)	16	501528	fb03a912	03ffcacc	START/PROGS/DOS/MUSIC/MORGL100/WK-URGE.S3M
be7026d2d8591d01df595188d4d37eb7	1	310134	player	st3play	Scream Tracker 3.2x (SB)	16	501528	fb03a912	03ffcacc	START/ZIPPED/DOS/MOD/B13-0017.ZIP/WK-URGE.S3M
bebf1012a010be084ec2861a6e94a0bd	1	234540	player	uade	Protracker	0	112208	9c9b08e1	2575a25d	START/PROGS/DOS/MUSIC/MORGL100/A_NEW_TY.MOD
bebf1012a010be084ec2861a6e94a0bd	1	234540	player	uade	Protracker	0	112208	9c9b08e1	2575a25d	START/ZIPPED/DOS/MOD/NEWTYPE.ZIP/a_new_type.mod
becd995f7e71a0b61d523f63f5991ca2	1	84616	player	uade	Protracker	0	14558	9425db68	3048a32e	START/PROGS/DOS/MUSIC/MORGL100/ANALEXPL.MOD
becd995f7e71a0b61d523f63f5991ca2	1	84616	player	uade	Protracker	0	14558	9425db68	3048a32e	START/ZIPPED/DOS/MOD/ANALEXPL.ZIP/ANALEXPL.MOD
c0642ad2d04faef3fff74c55789a39fe	1	262201	player+silence	ft2play	FastTracker v2.00	16	386013	918bd861	0e88e640	START/ZIPPED/DOS/MOD/SMOVE.ZIP/SPMOVE.XM
c0b762482bd0de8c684b23c8009c3c17	1	188403	player	uade	Protracker	0	68910	dd40359d	a04ce799	START/ZIPPED/DOS/GAMES/F_TOTAL.ZIP/FGMNU1.MOD
c265da4f3fc0fcea6ad5c76ec426a9d6	0	156497	player	libopenmpt	X-Tracker	20	194771	b24ff715	20b555fa	START/PROGS/DOS/MUSIC/MORGL100/DF_FOLST.DMF
c265da4f3fc0fcea6ad5c76ec426a9d6	0	156497	player	libopenmpt	X-Tracker	20	194771	b24ff715	20b555fa	START/ZIPPED/DOS/MOD/DF_FOLST.ZIP/DF_FOLST.DMF
c3515b5e080341679a36f5eaf9c67c4c	1	151430	player	st3play	Scream Tracker 3.01 (SB)	8	28794	2ad32a38	6f02849f	START/PROGS/DOS/MUSIC/MORGL100/WENDGIRL.MOD
c3515b5e080341679a36f5eaf9c67c4c	1	151430	player	st3play	Scream Tracker 3.01 (SB)	8	28794	2ad32a38	6f02849f	START/ZIPPED/DOS/MOD/WENDGIRL.ZIP/WENDGIRL.MOD
c3fc770f7670acfd4c6652baea75381a	1	231740	player+volume	ft2play	FastTracker v2.00	10	248843	f723cabc	4c6e58b9	START/ZIPPED/DOS/MOD/MAS_NIGH.ZIP/MAS_NIGH.XM
c4110f11b144366cde14b198faee9b82	1	350145	player+volume	st3play	Scream Tracker 3.2x (SB)	16	161308	0fa5814f	b5cdda03	START/PROGS/DOS/MUSIC/MORGL100/MYSTIC-S.S3M
c4110f11b144366cde14b198faee9b82	1	350145	player+volume	st3play	Scream Tracker 3.2x (SB)	16	161308	0fa5814f	b5cdda03	START/ZIPPED/DOS/MOD/MYSTIC-S.ZIP/MYSTIC-S.S3M
c48f4d7d40f10f926ff907dd8a159656	1	299339	player+silence	ft2play	Fasttracker (M.K.)	4	288937	12a737fa	449f1177	START/PROGS/DOS/MUSIC/MORGL100/RAIN.MOD
c48f4d7d40f10f926ff907dd8a159656	1	299339	player+silence	ft2play	Fasttracker (M.K.)	4	288937	12a737fa	449f1177	START/ZIPPED/DOS/MOD/EKG_JNGS.ZIP/RAIN.MOD
c55b49e23c21842a9b238cb14c00eef6	1	107323	player	st3play	Scream Tracker 3.2x (GUS)	16	90522	8433310b	cb99d648	START/PROGS/DOS/MUSIC/MORGL100/NIGHTMAR.S3M
c55b49e23c21842a9b238cb14c00eef6	1	107323	player	st3play	Scream Tracker 3.2x (GUS)	16	90522	8433310b	cb99d648	START/ZIPPED/DOS/MOD/NIGHTMAR.ZIP/NIGHTMAR.S3M
c5ca27b93fa545005706863fc0ed89c3	1	322059	player	ft2play	Fasttracker (M.K.)	4	65081	e83d35af	975656bc	START/PROGS/DOS/MUSIC/MORGL100/LIG38MIX.MOD
c5ca27b93fa545005706863fc0ed89c3	1	322059	player	ft2play	Fasttracker (M.K.)	4	65081	e83d35af	975656bc	START/ZIPPED/DOS/MOD/LIG38MIX.ZIP/LIG38MIX.MOD
c60fa4f25fe5e31490a40922b2f283e9	1	225233	player+silence	ft2play	FastTracker v2.00	4	117592	07671921	55b59772	START/ZIPPED/DOS/MOD/SFXMC5.ZIP/KNOCKOUT.XM
c6e6636331865d04e974aaf461dd1d60	1	177555	player	ft2play	FastTracker v2.00	4	179976	165064c4	95bb7dc2	START/ZIPPED/DOS/MOD/SFXMC5.ZIP/HAWAIIAN.XM
c7bcff452ed03539f763865c26d2dbe5	1	275271	player+silence	st3play	Scream Tracker 3.2x (GUS)	14	263642	fe729385	506d3f7d	START/PROGS/DOS/MUSIC/MORGL100/FH-TDRUM.S3M
c7bcff452ed03539f763865c26d2dbe5	1	275271	player+silence	st3play	Scream Tracker 3.2x (GUS)	14	263642	fe729385	506d3f7d	START/ZIPPED/DOS/MOD/FH-TDRUM.ZIP/FH-TDRUM.S3M
c970a9b6fb34f2aee12d32bb06674a32	1	168590	player	st3play	Scream Tracker 3.2x (GUS)	16	122660	72c3c2f3	89bba6a4	START/PROGS/DOS/MUSIC/MORGL100/DIF-1.S3M
c970a9b6fb34f2aee12d32bb06674a32	1	168590	player	st3play	Scream Tracker 3.2x (GUS)	16	122660	72c3c2f3	89bba6a4	START/ZIPPED/DOS/MOD/DIF-1.ZIP/DIF-1.S3M
c9c9563829e63e2f6880615c07a4a5f6	1	245893	player	uade	Protracker	0	63782	3e9835e2	e6602049	START/ZIPPED/DOS/GAMES/F_TOTAL.ZIP/FGMNU3.MOD
ca0cb17982febd567289955d53d30e3e	1	169093	player	uade	Startrekker (4ch)	0	174703	4917101e	d773aeba	START/PROGS/DOS/MUSIC/MORGL100/LIGHTAM1.MOD
ca0cb17982febd567289955d53d30e3e	1	169093	player	uade	Startrekker (4ch)	0	174703	4917101e	d773aeba	START/ZIPPED/DOS/MOD/LIGHT01.ZIP/LIGHTAM1.MOD
ca20305c512630cd4364493e85500b3a	1	423382	player+silence	ft2play	FastTracker v2.00	6	428088	f1839cb2	3fa4bab3	START/ZIPPED/DOS/MOD/IHB3.ZIP/ARRESTAT.XM
ca2dec2d2a17a4e872ed4ddc019f0fde	1	358351	player+silence	ft2play	Fasttracker (M.K.)	4	298175	a54697cb	e06401cb	START/PROGS/DOS/MUSIC/MORGL100/DESTINY.MOD
ca2dec2d2a17a4e872ed4ddc019f0fde	1	358351	player+silence	ft2play	Fasttracker (M.K.)	4	298175	a54697cb	e06401cb	START/ZIPPED/DOS/MOD/EKG_JNGS.ZIP/DESTINY.MOD
ca62170bd08d289e3a25a322485abc1c	1	147331	player	uade	Protracker	0	71356	a5c6c257	779c2f6e	START/PROGS/DOS/MUSIC/MORGL100/SATCHELC.MOD
ca62170bd08d289e3a25a322485abc1c	1	147331	player	uade	Protracker	0	71356	a5c6c257	779c2f6e	START/ZIPPED/DOS/MOD/SATCHELC.ZIP/satchelc.mod
cacb177ced34f706a10db05045a3cb2d	1	108810	player	uade	Protracker	0	60974	fa370451	401f9f69	START/ZIPPED/DOS/GAMES/STARDUST.ZIP/TUNNEL1.MOD
cb93edb15552855d747f84c3c1658e5b	1	293391	player+silence	ft2play	FastTracker v2.00	10	508837	dc25d4be	f55fc7fe	START/ZIPPED/DOS/MOD/HEREJONY.ZIP/HEREJONY.XM
cc1113a8b980c34698ea804439b110fc	1	103651	player+silence	ft2play	Fasttracker (M.K.)	4	119440	78318961	1ec7879b	START/PROGS/DOS/MUSIC/MORGL100/ACIDJAZZ.MOD
cc1113a8b980c34698ea804439b110fc	1	103651	player+silence	ft2play	Fasttracker (M.K.)	4	119440	78318961	1ec7879b	START/ZIPPED/DOS/MOD/VC-4MOD.ZIP/ACIDJAZZ.MOD
cc406db8f0bf84ab383d70c9a6969ab0	1	301159	player+volume	st3play	Scream Tracker 3.2x (SB)	8	166176	6a90d5e5	66051d7c	START/PROGS/DOS/MUSIC/MORGL100/PS-X1-2.S3M
cc406db8f0bf84ab383d70c9a6969ab0	1	301159	player+volume	st3play	Scream Tracker 3.2x (SB)	8	166176	6a90d5e5	66051d7c	START/ZIPPED/DOS/MOD/PS-X1-2.ZIP/PS-X1-2.S3M
cc7b63139e7d6648d0018bc050f9504c	0	225858	player	libopenmpt	X-Tracker	26	206407	fe3b37f8	0555716e	START/PROGS/DOS/MUSIC/MORGL100/LIG-SPHE.DMF
cc7b63139e7d6648d0018bc050f9504c	0	225858	player	libopenmpt	X-Tracker	26	206407	fe3b37f8	0555716e	START/ZIPPED/DOS/MOD/LIG-SPEH.ZIP/LIG-SPHE.DMF
cf29bfae9d29f2d986dbb33407786dee	1	46216	player	uade	Protracker compatible	0	9900	f019880d	9fbbb28d	START/PROGS/DOS/MUSIC/MORGL100/INTGHOST.MOD
cf29bfae9d29f2d986dbb33407786dee	1	46216	player	uade	Protracker compatible	0	9900	f019880d	9fbbb28d	START/ZIPPED/DOS/MOD/INTGHOST.ZIP/INTGHOST.MOD
cffd31f525989368d9bc0845621737a4	1	300128	player	uade	Protracker	0	123272	5df658b5	48f7a7da	START/PROGS/DOS/MUSIC/MORGL100/ROCKROBO.MOD
cffd31f525989368d9bc0845621737a4	1	300128	player	uade	Protracker	0	123272	5df658b5	48f7a7da	START/ZIPPED/DOS/MOD/ROCKROBO.ZIP/rockrobo.mod
cffd31f525989368d9bc0845621737a4	2	38520	player
d0691bfc3e6257aeaa9c9abd541548b7	1	84315	player	st3play	Scream Tracker 3.2x (SB)	16	129344	06d67817	3a9c0a5e	START/ZIPPED/DOS/ANSI/WKD-0695.ZIP/$WORK/X014312X/FS-WEIRD.S3M
d0f5ccd71c42e42bc60d61897a096fe1	1	313731	player	uade	Protracker compatible	0	144279	747bc2d6	868fa837	START/PROGS/DOS/MUSIC/MORGL100/LIGHTE37.MOD
d0f5ccd71c42e42bc60d61897a096fe1	1	313731	player	uade	Protracker compatible	0	144279	747bc2d6	868fa837	START/ZIPPED/DOS/MOD/LIGHTE37.ZIP/LIGHTE37.MOD
d11a3153e1452e8f0d4b01f5f8f697a0	1	96535	player+volume	ft2play	FastTracker v2.00	12	541375	28b6099c	fa4be6c8	START/ZIPPED/DOS/MOD/RAVERAIN.ZIP/RAVERAIN.XM
d172c946c59b11ac8107e5e5031ca734	1	195241	player+silence	ft2play	FastTracker v2.00	12	397461	c52571a6	3f615420	START/ZIPPED/DOS/MOD/MISSION.ZIP/MISSION.XM
d1ef9caf66eeedeb872aac78b95cdd13	1	103743	player+silence	st3play	Scream Tracker 3.2x (SB)	16	248842	5fe97070	6221ebb1	START/PROGS/DOS/MUSIC/MORGL100/JIZZ.S3M
d1ef9caf66eeedeb872aac78b95cdd13	1	103743	player+silence	st3play	Scream Tracker 3.2x (SB)	16	248842	5fe97070	6221ebb1	START/ZIPPED/DOS/MOD/SUM_JIZZ.ZIP/JIZZ.S3M
d20850661992b5166e79d4dad9db7738	1	63678	player	uade	Protracker	0	314572	13d86345	d4710e9a	START/PROGS/DOS/MUSIC/MORGL100/WRECK.MOD
d20850661992b5166e79d4dad9db7738	1	63678	player	uade	Protracker	0	314572	13d86345	d4710e9a	START/ZIPPED/DOS/MOD/WRECK_XD.ZIP/WRECK.MOD
d2691437d2b5fc8d17ec501ec6d619ec	0	161039	player	libopenmpt	Digitrakker 2.0 - 2.2b	8	142719	f8a17bfb	c56a8a6f	START/ZIPPED/DOS/MOD/BREAKING.ZIP/BREAKING.MDL
d2a6628ac40cbbf4b0e6d5a20bfbf16b	1	183179	player	st3play	Scream Tracker 3.2x (GUS)	10	106640	2d1edfab	44c71877	START/PROGS/DOS/MUSIC/MORGL100/DONTSTOP.S3M
d2a6628ac40cbbf4b0e6d5a20bfbf16b	1	183179	player	st3play	Scream Tracker 3.2x (GUS)	10	106640	2d1edfab	44c71877	START/ZIPPED/DOS/MOD/DSTP-HAD.ZIP/DONTSTOP.S3M
d2e11d44512cd4ae77508967cd39fb87	1	403278	player+silence	uade	Protracker	0	140056	cbf2f7d0	7bb93a18	START/PROGS/DOS/MUSIC/MORGL100/TIMESLIP.MOD
d2e11d44512cd4ae77508967cd39fb87	1	403278	player+silence	uade	Protracker	0	140056	cbf2f7d0	7bb93a18	START/ZIPPED/DOS/MOD/TIMESLIP.ZIP/TIMESLIP.MOD
d3195e1e174a86fd75cb47627a05d4df	1	162621	player	ft2play	FastTracker v2.00	16	467116	7660b3ea	cbdcb212	START/ZIPPED/DOS/MOD/FAR.ZIP/FAR.XM
d3920c285ba7ba3353a8821241644376	1	315520	player	st3play	Scream Tracker 3.2x (GUS)	16	260463	768d1a44	b156f837	START/PROGS/DOS/MUSIC/MORGL100/PRO-EDGE.S3M
d3920c285ba7ba3353a8821241644376	1	315520	player	st3play	Scream Tracker 3.2x (GUS)	16	260463	768d1a44	b156f837	START/ZIPPED/DOS/MOD/PH-0695A.ZIP/PRO-EDGE.S3M
d39468b7864ff4f4be65f195df15d408	1	229930	player	ft2play	FastTracker v2.00	12	504814	68986130	e97e91ae	START/ZIPPED/DOS/MOD/NO_RAVE.ZIP/NO_RAVE.XM
d49b5ba755b20b4417d400a0be72b550	1	230039	player	ft2play	FastTracker v2.00	8	1664999	41baee41	e4832c61	START/ZIPPED/DOS/MOD/ETYTM.ZIP/ETYTM.XM
d5f6643f8d4d91d44543d15f4bf80653	1	224131	player	uade	Protracker compatible	0	67953	bc85fd1c	5b74c116	START/PROGS/DOS/MUSIC/MORGL100/LIGHTE36.MOD
d5f6643f8d4d91d44543d15f4bf80653	1	224131	player	uade	Protracker compatible	0	67953	bc85fd1c	5b74c116	START/ZIPPED/DOS/MOD/LIGHTE36.ZIP/LIGHTE36.MOD
d90ba20e0c14b6f2567604b50af178f7	1	59298	player	uade	Protracker	0	29778	b0a74ebd	6b3d2da4	START/ZIPPED/DOS/GAMES/STARDUST.ZIP/L1INGAME.MOD
d96104605255c2a7067254547022c340	1	335235	player+silence	ft2play	FastTracker v2.00	16	1482280	ac627cf6	da7b55ef	START/ZIPPED/DOS/MOD/TURNITUP.ZIP/TURNITUP.XM
d999b1fd0ab448a244bd7189736bc512	1	194949	player	ft2play	Fasttracker	8	480254	1fdfcd6a	c4232b27	START/PROGS/DOS/MUSIC/MORGL100/PLATEAU.MOD
d999b1fd0ab448a244bd7189736bc512	1	194949	player	ft2play	Fasttracker	8	480254	1fdfcd6a	c4232b27	START/ZIPPED/DOS/MOD/LD-TRMOD.ZIP/PLATEAU.MOD
da3b1b8399a372dbb87490dbdc3c6904	1	45991	player	ft2play	Fasttracker	6	35334	7f904837	6e8001a1	START/PROGS/DOS/MUSIC/MORGL100/CHOUETTE.MOD
da3b1b8399a372dbb87490dbdc3c6904	1	45991	player	ft2play	Fasttracker	6	35334	7f904837	6e8001a1	START/ZIPPED/DOS/MOD/CHOUETTE.ZIP/CHOUETTE.MOD
da72dbfcece6945b63486d1463163f62	1	148597	player	uade	Startrekker (4ch)	0	71491	472fd8f7	b1ee191a	START/PROGS/DOS/MUSIC/MORGL100/LIGHTE29.MOD
da72dbfcece6945b63486d1463163f62	1	148597	player	uade	Startrekker (4ch)	0	71491	472fd8f7	b1ee191a	START/ZIPPED/DOS/MOD/LIGHT03.ZIP/LIGHTE29.MOD
db1ddc9a29eaf5d7b9b9ce83854080ef	1	201887	player	st3play	Scream Tracker 3.2x (GUS)	12	208643	cffb1196	3b29eb87	START/PROGS/DOS/MUSIC/MORGL100/PN-MYST.S3M
db1ddc9a29eaf5d7b9b9ce83854080ef	1	201887	player	st3play	Scream Tracker 3.2x (GUS)	12	208643	cffb1196	3b29eb87	START/ZIPPED/DOS/MOD/PH-0695B.ZIP/PN-MYST.S3M
db38a4f60a839d698e7d7ca3da6f228d	1	277726	player+silence	ft2play	FastTracker v2.00	10	483356	b44fa36c	438d2b30	START/ZIPPED/DOS/MOD/XS_LIBER.ZIP/LIBERTY.XM
db55fa3b3ddf79b02980f0b8ab85d5b5	1	266383	player+silence	st3play	Scream Tracker 3.2x (SB)	16	309448	f5922f82	38c93960	START/PROGS/DOS/MUSIC/MORGL100/HF.S3M
db55fa3b3ddf79b02980f0b8ab85d5b5	1	266383	player+silence	st3play	Scream Tracker 3.2x (SB)	16	309448	f5922f82	38c93960	START/ZIPPED/DOS/MOD/HF.ZIP/HF.S3M
db8a228c94c3298810e04e5dd4a3e70d	1	288271	player+silence	st3play	Scream Tracker 3.2x (SB)	16	440765	53c39709	fe396359	START/PROGS/DOS/MUSIC/MORGL100/PS-MOH1.S3M
db8a228c94c3298810e04e5dd4a3e70d	1	288271	player+silence	st3play	Scream Tracker 3.2x (SB)	16	440765	53c39709	fe396359	START/ZIPPED/DOS/MOD/PS-MOH1.ZIP/PS-MOH1.S3M
dbff356f20be4b8229f2a26185aaefc6	0	285515	player+silence	libopenmpt	X-Tracker	17	440474	c73be653	ba8bb12b	START/PROGS/DOS/MUSIC/MORGL100/RAU-BLCK.DMF
dbff356f20be4b8229f2a26185aaefc6	0	285515	player+silence	libopenmpt	X-Tracker	17	440474	c73be653	ba8bb12b	START/ZIPPED/DOS/MOD/RAU-BLCK.ZIP/RAU-BLCK.DMF
dcc99ba4b047158baa583729e2b92ae0	0	130365	player	libopenmpt	Epic MegaGames MASI (New Version / Sinaria)	8	57864	7568331c	fa6d1823	START/PROGS/DOS/GAMES/SINARIA/SONG10.PSM
dcc99ba4b047158baa583729e2b92ae0	0	130365	player	libopenmpt	Epic MegaGames MASI (New Version / Sinaria)	8	57864	7568331c	fa6d1823	START/ZIPPED/DOS/GAMES/SINARIA.ZIP/SONG10.PSM
de1195bf0e4721542f903d99f12d5f95	1	266208	player	st3play	Scream Tracker 3.2x (SB)	7	238254	cce1184e	87a7149f	START/PROGS/DOS/MUSIC/MORGL100/SIR-LUNA.S3M
de1195bf0e4721542f903d99f12d5f95	1	266208	player	st3play	Scream Tracker 3.2x (SB)	7	238254	cce1184e	87a7149f	START/ZIPPED/DOS/MOD/SIR-LUNA.ZIP/SIR-LUNA.S3M
deaf485ee94a238ed49025eb6067265b	1	131643	player	ft2play	FastTracker v2.00	10	682187	1453dc38	e5cb7bfe	START/ZIPPED/DOS/MOD/IRET_RMX.ZIP/IRET_RMX.XM
df227d4b7c6bffff25caa579c8734a29	0	407163	player+silence	libopenmpt	X-Tracker	30	526996	985653f7	bec64282	START/PROGS/DOS/MUSIC/MORGL100/SMU-RDL.DMF
df227d4b7c6bffff25caa579c8734a29	0	407163	player+silence	libopenmpt	X-Tracker	30	526996	985653f7	bec64282	START/ZIPPED/DOS/MOD/SMU-RDL.ZIP/SMU-RDL.DMF
dfa42376c919f71ff0a5d9d2afdd8fb3	1	270288	player	uade	Protracker	0	194726	69ff70eb	d0705e80	START/ZIPPED/DOS/PROGTOOL/TUCGP10B.ZIP/EXAMPLES.ZIP/TUCGPLAY.MOD
e077124489b771f4e011fafe85b5f2a0	1	208850	player+silence	uade	Protracker compatible	0	189356	b4cfb814	70ee454b	START/PROGS/DOS/MUSIC/MORGL100/!FREAK2.MOD
e077124489b771f4e011fafe85b5f2a0	1	208850	player+silence	uade	Protracker compatible	0	189356	b4cfb814	70ee454b	START/ZIPPED/DOS/MOD/!FREAK2.ZIP/!FREAK2.MOD
e0b6035d8359bb97c5406026569df7d4	1	243000	player	st3play	Scream Tracker 3.2x (GUS)	16	189716	8518a217	6f1e4db9	START/PROGS/DOS/MUSIC/MORGL100/CE-MR_B.S3M
e0b6035d8359bb97c5406026569df7d4	1	243000	player	st3play	Scream Tracker 3.2x (GUS)	16	189716	8518a217	6f1e4db9	START/ZIPPED/DOS/MOD/CE-MR_B.ZIP/CE-MR_B.S3M
e0c2ed65e7eb598574cbda9ddf2a228f	1	360122	player+silence	ft2play	FastTracker v2.00	8	558247	cd3c7a6a	965112fd	START/ZIPPED/DOS/MOD/AS-DOLPH.ZIP/AS-DOLPH.XM
e0fb29e3986a91fa16cd9e5ef9cd2234	1	341220	player	st3play	Scream Tracker 3.2x (SB)	16	120820	e46817e6	2825fa55	START/PROGS/DOS/MUSIC/MORGL100/DAYBREAK.S3M
e0fb29e3986a91fa16cd9e5ef9cd2234	1	341220	player	st3play	Scream Tracker 3.2x (SB)	16	120820	e46817e6	2825fa55	START/ZIPPED/DOS/MOD/DAYBREAK.ZIP/DAYBREAK.S3M
e3c8a4ca2df8601ebf119eea18cc7eae	0	546037	player+silence	libopenmpt	X-Tracker	21	764393	249a493f	27b9a0cd	START/PROGS/DOS/MUSIC/MORGL100/SMU-SAVA.DMF
e3c8a4ca2df8601ebf119eea18cc7eae	0	546037	player+silence	libopenmpt	X-Tracker	21	764393	249a493f	27b9a0cd	START/ZIPPED/DOS/MOD/LQD-SAVA.ZIP/SMU-SAVA.DMF
e47059c85c2d3a00f74d387c007e2128	1	141765	player	st3play	Scream Tracker 3.2x (SB)	8	614585	d00a9fba	223072df	START/PROGS/DOS/MUSIC/MORGL100/ASSENT.S3M
e47059c85c2d3a00f74d387c007e2128	1	141765	player	st3play	Scream Tracker 3.2x (SB)	8	614585	d00a9fba	223072df	START/ZIPPED/DOS/MOD/ASSENT.ZIP/ASSENT.S3M
e5c8564a60aecf8e701681251aa2bbb3	1	28915	player	uade	Protracker	0	17026	6e756b71	5c8ccde1	START/ZIPPED/DOS/GAMES/STARDUST.ZIP/L1BOSS.MOD
e5d26ec675bb6bc6393d8721ea9dd8c0	1	236892	player+silence	st23play	Scream Tracker 2.x	4	149424	ddf23a90	6b2cfb65	START/PROGS/DOS/MUSIC/MORGL100/HUBBARD5.STM
e5d26ec675bb6bc6393d8721ea9dd8c0	1	236892	player+silence	st23play	Scream Tracker 2.x	4	149424	ddf23a90	6b2cfb65	START/ZIPPED/DOS/MOD/HUBBARD5.ZIP/HUBBARD5.STM
e64ab6efc4d7af35d40a2e5821f86265	1	115321	player	uade	Protracker	0	37555	01b60a96	ece46d48	START/PROGS/DOS/MUSIC/MORGL100/LIGHTE31.MOD
e64ab6efc4d7af35d40a2e5821f86265	1	115321	player	uade	Protracker	0	37555	01b60a96	ece46d48	START/ZIPPED/DOS/MOD/NEW_MODZ.ZIP/LIGHTE31.MOD
e6bfe33b9adb73b164a990fd86434bc0	1	162810	player+silence	ft2play	FastTracker v2.00	4	231234	81692a47	6319df2b	START/ZIPPED/DOS/MOD/SFXMC5.ZIP/HEAVEN.XM
e6ff0e63674e39335ae03fffaf7594de	1	299163	player	st3play	Scream Tracker 3.2x (SB)	16	375558	3e4c84e5	797303b7	START/PROGS/DOS/MUSIC/MORGL100/C4-EDIT.S3M
e6ff0e63674e39335ae03fffaf7594de	1	299163	player	st3play	Scream Tracker 3.2x (SB)	16	375558	3e4c84e5	797303b7	START/ZIPPED/DOS/MOD/MAZVOID2.ZIP/C4-EDIT.S3M
e727d50bb86527ef9f106a66641f3aab	1	204459	player	st3play	Scream Tracker 3.2x (GUS)	16	306668	c593ede6	37d33c4a	START/ZIPPED/DOS/MOD/M-INDIA2.ZIP/INDIAN2.S3M
e77223afdf1fc9fd7da88926d1c1ee0e	1	220955	player+silence	st3play	Scream Tracker 3.2x (GUS)	16	214267	8d2852a0	7d33ff7f	START/PROGS/DOS/MUSIC/MORGL100/OPAQUE.S3M
e77223afdf1fc9fd7da88926d1c1ee0e	1	220955	player+silence	st3play	Scream Tracker 3.2x (GUS)	16	214267	8d2852a0	7d33ff7f	START/ZIPPED/DOS/MOD/PH-0695A.ZIP/OPAQUE.S3M
e7ea6b837b22e67d3e940b7c1b02c4d2	1	286989	player+silence	ft2play	FastTracker v2.00	10	486779	6e294ae3	bdadead0	START/ZIPPED/DOS/MOD/MAS_SIGN.ZIP/MAS_SIGN.XM
e816f31660f796ff4f4e32fb4b0fb735	1	169454	player	uade	Protracker compatible	0	311688	a20c9b33	4624327c	START/PROGS/DOS/MUSIC/MORGL100/VIRTUAL.MOD
e816f31660f796ff4f4e32fb4b0fb735	1	169454	player	uade	Protracker compatible	0	311688	a20c9b33	4624327c	START/ZIPPED/DOS/MOD/VC-4MOD.ZIP/VIRTUAL.MOD
e92bf3658623c525248091c893c64fea	1	199355	player	st3play	Scream Tracker 3.2x (SB)	8	418153	8b08363e	fab362bf	START/PROGS/DOS/MUSIC/MORGL100/LITDIT.S3M
e92bf3658623c525248091c893c64fea	1	199355	player	st3play	Scream Tracker 3.2x (SB)	8	418153	8b08363e	fab362bf	START/ZIPPED/DOS/MOD/MAZVOID1.ZIP/LITDIT.S3M
e9318323cee9b2d48dcb4147dd1ac589	0	472434	player	libopenmpt	X-Tracker	9	134738	6c67cbb3	bd504f15	START/PROGS/DOS/MUSIC/MORGL100/SMU-NIET.DMF
e9318323cee9b2d48dcb4147dd1ac589	0	472434	player	libopenmpt	X-Tracker	9	134738	6c67cbb3	bd504f15	START/ZIPPED/DOS/MOD/SMU-NIET.ZIP/SMU-NIET.DMF
e9573bcfa5634d24dfbc66a7024215a4	1	358899	player+silence	ft2play	Fasttracker	8	242114	0d771177	297b57bf	START/ZIPPED/DOS/MOD/LOSTOUCH.ZIP/LOSTOUCH.MOD
e97d378f3f70d97783139bd5be6c22aa	1	240948	player+silence	st3play	Scream Tracker 3.2x (SB)	8	148131	717c0120	674dfc64	START/PROGS/DOS/MUSIC/MORGL100/ORBIT.S3M
e97d378f3f70d97783139bd5be6c22aa	1	240948	player+silence	st3play	Scream Tracker 3.2x (SB)	8	148131	717c0120	674dfc64	START/ZIPPED/DOS/MOD/EPI-ORBI.ZIP/ORBIT.S3M
e9878fe693b91493870d6b9bfee6dee5	1	199797	player	uade	Protracker	0	148334	b2e78d2f	7ca6dc0e	START/ZIPPED/DOS/PROGTOOL/TUCGP10B.ZIP/EXAMPLES.ZIP/DUNEINTR.MOD
ea00196090bc3b521994e39ab50b4bfa	1	102520	player	uade	Protracker	0	47828	7b768c6d	b23a9153	START/PROGS/DOS/MUSIC/MORGL100/DEARRANG.MOD
ea00196090bc3b521994e39ab50b4bfa	1	102520	player	uade	Protracker	0	47828	7b768c6d	b23a9153	START/ZIPPED/DOS/MOD/DEARRANG.ZIP/dearrang.mod
eaf6cc17758954bcdae51dbcaefeec6f	0	322955	player	libopenmpt	X-Tracker	21	258901	d86c9768	4ee46577	START/PROGS/DOS/MUSIC/MORGL100/LIG-ACID.DMF
eaf6cc17758954bcdae51dbcaefeec6f	0	322955	player	libopenmpt	X-Tracker	21	258901	d86c9768	4ee46577	START/ZIPPED/DOS/MOD/LIG-ACID.ZIP/LIG-ACID.DMF
eb68895d5882731bacfbd3534fa981b4	1	221509	player+volume	st3play	Scream Tracker 3.01 (GUS)	7	101744	87ea57c4	3f019b0c	START/PROGS/DOS/MUSIC/MORGL100/FREEDOM.S3M
eb68895d5882731bacfbd3534fa981b4	1	221509	player+volume	st3play	Scream Tracker 3.01 (GUS)	7	101744	87ea57c4	3f019b0c	START/ZIPPED/DOS/MOD/FREEDOM.ZIP/FREEDOM.S3M
eb9b08702bb150bcc8286b0f950bcb82	1	187051	player+silence	st3play	Scream Tracker 3.01 (GUS)	8	242290	e815cd8e	fa4a4c2d	START/PROGS/DOS/MUSIC/MORGL100/HARD2TAK.S3M
eb9b08702bb150bcc8286b0f950bcb82	1	187051	player+silence	st3play	Scream Tracker 3.01 (GUS)	8	242290	e815cd8e	fa4a4c2d	START/ZIPPED/DOS/MOD/HARD2TAK.ZIP/HARD2TAK.S3M
ec311524beefd8109c572c0b42de9af8	1	257081	player+silence	st3play	Scream Tracker 3.2x (SB)	12	99178	7c7f0fb2	1f7b75c9	START/PROGS/DOS/MUSIC/MORGL100/SOLITUDE.S3M
ec311524beefd8109c572c0b42de9af8	1	257081	player+silence	st3play	Scream Tracker 3.2x (SB)	12	99178	7c7f0fb2	1f7b75c9	START/ZIPPED/DOS/MOD/DSP-SOLI.ZIP/SOLITUDE.S3M
ec8ce826fdcff345fac870e7072b25ee	1	268379	player	st3play	Scream Tracker 3.2x (SB)	12	85262	02824e00	ca1cbc42	START/PROGS/DOS/MUSIC/MORGL100/PS-X1-1.S3M
ec8ce826fdcff345fac870e7072b25ee	1	268379	player	st3play	Scream Tracker 3.2x (SB)	12	85262	02824e00	ca1cbc42	START/ZIPPED/DOS/MOD/PS-X1-1.ZIP/PS-X1-1.S3M
ecac18b35f2b0a166df354c1a7f5875f	1	335815	player+silence	st3play	Scream Tracker 3.2x (SB)	16	320448	7c59db99	6358d577	START/PROGS/DOS/MUSIC/MORGL100/SPI-PITR.S3M
ecac18b35f2b0a166df354c1a7f5875f	1	335815	player+silence	st3play	Scream Tracker 3.2x (SB)	16	320448	7c59db99	6358d577	START/ZIPPED/DOS/MOD/SPI-PITR.ZIP/SPI-PITR.S3M
ecb2b412d4b9ac5b521993657a1796f0	0	410869	player+silence	libopenmpt	Unknown	14	581989	0bd5b348	0dca6574	START/ZIPPED/DOS/MOD/ANGELS.ZIP/_ANGELS_.XM
edc6b413d0ece1c658d7fd76b9eaea90	1	19310	player	uade	Protracker	0	116554	eba63d2a	2f63caeb	START/ZIPPED/DOS/GAMES/F_TOTAL.ZIP/FGLDR.MOD
ee3a36495e34c9c11f339b0f212e859b	1	186577	player+silence	uade	Protracker	0	216522	c7e64040	801dede7	START/PROGS/DOS/MUSIC/MORGL100/MONOLOG.MOD
ee3a36495e34c9c11f339b0f212e859b	1	186577	player+silence	uade	Protracker	0	216522	c7e64040	801dede7	START/ZIPPED/DOS/MOD/MONOLOG.ZIP/MONOLOG.MOD
eea92f8a9eb06afaa536aaaaef22d447	1	138871	player	uade	Protracker compatible	0	404268	268096a0	b940a292	START/PROGS/DOS/MUSIC/MORGL100/WHAD.MOD
eea92f8a9eb06afaa536aaaaef22d447	1	138871	player	uade	Protracker compatible	0	404268	268096a0	b940a292	START/ZIPPED/DOS/MOD/VC-4MOD.ZIP/WHAD.MOD
ef09d5bec27a520e13ed51ab932dddfc	1	225086	player	ft2play	FastTracker v2.00	8	481885	7f205175	8fad78da	START/ZIPPED/DOS/MOD/MAS_EASE.ZIP/MAS_EASE.XM
f05684c2043f205e7a3b7917495eb845	1	116124	player	uade	Protracker	0	58398	f3c37335	613c9c37	START/ZIPPED/DOS/GAMES/STARDUST.ZIP/TITLE.MOD
f063780aeb4813a0586f52997dda4bed	1	209512	player	ft2play	FastTracker v2.00	8	204391	5c70dc72	186352a2	START/ZIPPED/DOS/MOD/MAS_TRIP.ZIP/MAS_TRIP.XM
f1b688e0603395551fa34941fc7c3aa6	0	61388	player	libopenmpt	MultiTracker 1.0	4	28823	aadd4509	d994f806	START/PROGS/DOS/MUSIC/MORGL100/KILK.MTM
f1b688e0603395551fa34941fc7c3aa6	0	61388	player	libopenmpt	MultiTracker 1.0	4	28823	aadd4509	d994f806	START/ZIPPED/DOS/MOD/KILK.ZIP/KILK.MTM
f1ea3e8ad00617163dfe3fb8d66c80bf	1	232348	player+silence	st3play	Scream Tracker 3.2x (SB)	16	92092	44d3eaf5	5d024223	START/PROGS/DOS/MUSIC/MORGL100/BLAST.S3M
f1ea3e8ad00617163dfe3fb8d66c80bf	1	232348	player+silence	st3play	Scream Tracker 3.2x (SB)	16	92092	44d3eaf5	5d024223	START/ZIPPED/DOS/MOD/BLAST.ZIP/BLAST.S3M
f20dd51afff10b6b799ac15aab2ad03a	1	295344	player	ft2play	Fasttracker	8	340046	d43edb80	80bf1f37	START/PROGS/DOS/MUSIC/MORGL100/SCHLUEMP.MOD
f20dd51afff10b6b799ac15aab2ad03a	1	295344	player	ft2play	Fasttracker	8	340046	d43edb80	80bf1f37	START/ZIPPED/DOS/MOD/SCHLUMPF.ZIP/SCHLUEMP.MOD
f25535fe552386a20a0e087b79f7dd94	0	168708	player	libopenmpt	MultiTracker 1.0	12	351478	a8f45e11	fc5cdb3c	START/PROGS/DOS/MUSIC/MORGL100/CCMODERN.MTM
f25535fe552386a20a0e087b79f7dd94	0	168708	player	libopenmpt	MultiTracker 1.0	12	351478	a8f45e11	fc5cdb3c	START/ZIPPED/DOS/MOD/CCMODERN.ZIP/CCMODERN.MTM
f25aad882ca9a9afc0345d248c6265e1	1	69762	player+silence	ft2play	FastTracker v2.00	8	203145	02c20602	7e4efad3	START/ZIPPED/DOS/MOD/_3-YARK.ZIP/YARK.XM
f38de030ea1e48435fbe0d6470fc92bd	0	74018	player	libopenmpt	BWSB 2GDM 0.0	6	268351	3c40ec3a	fd768c3b	START/ZIPPED/DOS/MOD/PAROXYSM.ZIP/PAROXYSM.GDM
f49e0e45a2e738aa6c60017a46316dde	1	226683	player	uade	Protracker	0	75194	0a61c19c	d6223ee6	START/PROGS/DOS/MUSIC/MORGL100/MAXIMAN.MOD
f49e0e45a2e738aa6c60017a46316dde	1	226683	player	uade	Protracker	0	75194	0a61c19c	d6223ee6	START/ZIPPED/DOS/MOD/MAXIMAN.ZIP/maximan.mod
f51fec729e023b5ec05a8526460c81b2	1	204941	player	uade	Protracker	0	122350	2c8b7fc0	8bf86864	START/PROGS/DOS/MUSIC/MORGL100/TRCFORM2.MOD
f51fec729e023b5ec05a8526460c81b2	1	204941	player	uade	Protracker	0	122350	2c8b7fc0	8bf86864	START/ZIPPED/DOS/MOD/AURORA01.ZIP/TRCFORM2.MOD
f54033861a5b66d8dd23e436c6089d27	1	294165	player+silence	uade	Protracker	0	189290	91d971f0	2e3a3362	START/ZIPPED/DOS/SOUND/SWMP13.ZIP/RELAXING.MOD
f67920a067a1af4ddc510a1194472046	0	282268	player+silence	libopenmpt	X-Tracker	9	189801	f77bfbc2	0232eb34	START/PROGS/DOS/MUSIC/MORGL100/CARAMBA!.DMF
f67920a067a1af4ddc510a1194472046	0	282268	player+silence	libopenmpt	X-Tracker	9	189801	f77bfbc2	0232eb34	START/ZIPPED/DOS/MOD/CARAMBA.ZIP/CARAMBA!.DMF
f67e1ba4655ca5f7240096908c01903d	1	47161	player	uade	Protracker	0	50206	a68b3a37	70733ad0	START/ZIPPED/DOS/GAMES/STARDUST.ZIP/MAPTUNE.MOD
f6d928822bdebacd04655237a3986020	1	213994	player+silence	ft2play	FastTracker v2.00	10	314272	e435c791	0218b488	START/ZIPPED/DOS/MOD/B13-0012.ZIP/NARCOSIS.XM
f7558720b5e3472397549775dae867a3	0	210477	player+volume	libopenmpt	MultiTracker 1.0	8	416986	f08e865c	e47d6561	START/PROGS/DOS/MUSIC/MORGL100/MAJESTIC.MTM
f7558720b5e3472397549775dae867a3	0	210477	player+volume	libopenmpt	MultiTracker 1.0	8	416986	f08e865c	e47d6561	START/ZIPPED/DOS/MOD/MAZVOID1.ZIP/MAJESTIC.MTM
f7bb3745960409c843aacd6eb3a58042	1	345065	player	ft2play	Fasttracker (M.K.)	4	136403	32b9b02c	473479ec	START/PROGS/DOS/MUSIC/MORGL100/LIGHTE38.MOD
f7bb3745960409c843aacd6eb3a58042	1	345065	player	ft2play	Fasttracker (M.K.)	4	136403	32b9b02c	473479ec	START/ZIPPED/DOS/MOD/LIGHTE38.ZIP/LIGHTE38.MOD
f81fd4c0daf334024f6378880096aa71	1	325472	player+silence	ft2play	FastTracker v2.00	12	259465	f092081b	7aaf143c	START/ZIPPED/DOS/MOD/MRC-TETR.ZIP/TETRIS.XM
f86d7a861e79e2b5b9b58fc20910c2a9	1	265536	player+silence	ft2play	FastTracker v2.00	12	504154	ec145f81	4f6c3485	START/ZIPPED/DOS/MOD/B13-0019.ZIP/FROSTBIT.XM
f8dddfbb01b516e21f7ac82e53a6c790	1	285712	player+silence	ft2play	FastTracker v2.00	10	186644	ed043570	53463282	START/ZIPPED/DOS/MOD/MAS_PIAN.ZIP/MAS_PIAN.XM
f8e14c068a45c29ccc3f828b8d1c9fe1	0	50193	player+silence	libopenmpt	MultiTracker 1.0	8	68879	4f4e26fe	c5be6d11	START/PROGS/DOS/MUSIC/MORGL100/D-CHCKN.MTM
f8e14c068a45c29ccc3f828b8d1c9fe1	0	50193	player+silence	libopenmpt	MultiTracker 1.0	8	68879	4f4e26fe	c5be6d11	START/ZIPPED/DOS/MOD/D-CHCKN.ZIP/D-CHCKN.MTM
f8e1f621a721727f7162db53044079d5	1	91991	player	st3play	Scream Tracker 3.2x (GUS)	6	129640	d79cdd60	bf1cf991	START/PROGS/DOS/MUSIC/MORGL100/BITE.S3M
f8e1f621a721727f7162db53044079d5	1	91991	player	st3play	Scream Tracker 3.2x (GUS)	6	129640	d79cdd60	bf1cf991	START/ZIPPED/DOS/MOD/D-SHADE2.ZIP/BITE.S3M
f926857e1fee4706f11a1b10a382846c	1	3958	player	uade	Protracker	0	173232	1bb126de	043f6149	START/ZIPPED/DOS/GAMES/F_TOTAL.ZIP/FGPLY.MOD
f926857e1fee4706f11a1b10a382846c	10	27951	player
f926857e1fee4706f11a1b10a382846c	11	20275	player
f926857e1fee4706f11a1b10a382846c	12	27951	player
f926857e1fee4706f11a1b10a382846c	13	23650	player
f926857e1fee4706f11a1b10a382846c	14	32894	player
f926857e1fee4706f11a1b10a382846c	15	14528	player
f926857e1fee4706f11a1b10a382846c	16	14528	player
f926857e1fee4706f11a1b10a382846c	17	29880	player
f926857e1fee4706f11a1b10a382846c	18	17160	player
f926857e1fee4706f11a1b10a382846c	19	17160	player
f926857e1fee4706f11a1b10a382846c	2	30724	player
f926857e1fee4706f11a1b10a382846c	20	17160	player
f926857e1fee4706f11a1b10a382846c	21	13643	player+volume
f926857e1fee4706f11a1b10a382846c	22	14528	player
f926857e1fee4706f11a1b10a382846c	23	29880	player
f926857e1fee4706f11a1b10a382846c	24	24133	player
f926857e1fee4706f11a1b10a382846c	25	29880	player
f926857e1fee4706f11a1b10a382846c	26	24133	player
f926857e1fee4706f11a1b10a382846c	27	29880	player
f926857e1fee4706f11a1b10a382846c	28	7796	player
f926857e1fee4706f11a1b10a382846c	3	10690	player
f926857e1fee4706f11a1b10a382846c	4	30724	player
f926857e1fee4706f11a1b10a382846c	5	30724	player
f926857e1fee4706f11a1b10a382846c	6	11654	player
f926857e1fee4706f11a1b10a382846c	7	9846	player
f926857e1fee4706f11a1b10a382846c	8	31789	player
f926857e1fee4706f11a1b10a382846c	9	32753	player
f9291fbdc0be508c93793f9000a22b87	1	102738	player+volume	ft2play	Fasttracker (M.K.)	4	254612	5d8d00d9	8edea320	START/PROGS/DOS/MUSIC/MORGL100/SPIRSP.MOD
f9291fbdc0be508c93793f9000a22b87	1	102738	player+volume	ft2play	Fasttracker (M.K.)	4	254612	5d8d00d9	8edea320	START/ZIPPED/DOS/MOD/VC-4MOD.ZIP/SPIRSP.MOD
f957addcecd1bad3c24d78717ed490b6	1	318514	player	st3play	Scream Tracker 3.2x (GUS)	12	322672	e4478d8d	46ae1818	START/PROGS/DOS/MUSIC/MORGL100/PN-LOVE.S3M
f957addcecd1bad3c24d78717ed490b6	1	318514	player	st3play	Scream Tracker 3.2x (GUS)	12	322672	e4478d8d	46ae1818	START/ZIPPED/DOS/MOD/PH-0695B.ZIP/PN-LOVE.S3M
f9c8f149e73acd02c40527922b68a9e7	1	314555	player	st3play	Scream Tracker 3.2x (SB)	8	251896	d1c82c5d	00350d52	START/PROGS/DOS/MUSIC/MORGL100/ET_FIRE.S3M
f9c8f149e73acd02c40527922b68a9e7	1	314555	player	st3play	Scream Tracker 3.2x (SB)	8	251896	d1c82c5d	00350d52	START/ZIPPED/DOS/MOD/DSP-FIRE.ZIP/ET_FIRE.S3M
fa1d16644e15928e535b1980c1860093	1	252611	player+volume	uade	Protracker	0	124312	e2213a18	ce373ca4	START/PROGS/DOS/MUSIC/MORGL100/CALVINHB.MOD
fa1d16644e15928e535b1980c1860093	1	252611	player+volume	uade	Protracker	0	124312	e2213a18	ce373ca4	START/ZIPPED/DOS/MOD/CALVIN.ZIP/calvinhb.mod
fa991a9485275407ed63474aeb497fc0	1	173071	player	uade	Protracker	0	72978	f3c2cb8f	a9536d1e	START/PROGS/DOS/MUSIC/MORGL100/RETROWAV.MOD
fa991a9485275407ed63474aeb497fc0	1	173071	player	uade	Protracker	0	72978	f3c2cb8f	a9536d1e	START/ZIPPED/DOS/MOD/VC-4MOD.ZIP/RETROWAV.MOD
fc052da0eed6a28e4b255d2cdcdb5912	1	231135	player	ft2play	Fasttracker (M.K.)	4	62785	842d9e33	93c0854d	START/PROGS/DOS/MUSIC/MORGL100/ACIDBRAI.MOD
fc052da0eed6a28e4b255d2cdcdb5912	1	231135	player	ft2play	Fasttracker (M.K.)	4	62785	842d9e33	93c0854d	START/ZIPPED/DOS/MOD/ACIDBRAI.ZIP/ACIDBRAI.MOD
fcbc605ce4671a754e30e4edac355d64	1	402203	player+silence	st3play	Scream Tracker 3.2x (GUS)	16	268788	3cca9222	1e7099a6	START/PROGS/DOS/MUSIC/MORGL100/COCAINE.S3M
fcbc605ce4671a754e30e4edac355d64	1	402203	player+silence	st3play	Scream Tracker 3.2x (GUS)	16	268788	3cca9222	1e7099a6	START/ZIPPED/DOS/MOD/MEL-COC.ZIP/COCAINE.S3M
fde5ccb30a6e0d6234951ea97da8554e	1	441169	player	uade	Protracker	0	160540	20dc7580	2644d64c	START/PROGS/DOS/MUSIC/MORGL100/STALKED.MOD
fde5ccb30a6e0d6234951ea97da8554e	1	441169	player	uade	Protracker	0	160540	20dc7580	2644d64c	START/ZIPPED/DOS/MOD/STALKED.ZIP/stalked.mod
fe6191ad12568929390f94230fc94733	1	197886	player+silence	st3play	Scream Tracker 3.2x (GUS)	14	232858	204144cd	8ced9a8b	START/PROGS/DOS/MUSIC/MORGL100/SIREN2.S3M
fe6191ad12568929390f94230fc94733	1	197886	player+silence	st3play	Scream Tracker 3.2x (GUS)	14	232858	204144cd	8ced9a8b	START/ZIPPED/DOS/MOD/D-SHADE2.ZIP/SIREN2.S3M
fe82e08520018824819ec4bfa6caf0c8	1	115321	player	uade	Protracker	0	68078	b4fc90c8	eeb4694f	START/PROGS/DOS/MUSIC/MORGL100/IMPMISS2.MOD
fe82e08520018824819ec4bfa6caf0c8	1	115321	player	uade	Protracker	0	68078	b4fc90c8	eeb4694f	START/ZIPPED/DOS/MOD/IMPMISS2.ZIP/IMPMISS2.MOD
ff4426cca18b8877bcfe8dd0ac291fba	1	455341	player+silence	st3play	Scream Tracker 3.2x (GUS)	16	248698	404224c9	f3544895	START/PROGS/DOS/MUSIC/MORGL100/CARLREMX.S3M
ff4426cca18b8877bcfe8dd0ac291fba	1	455341	player+silence	st3play	Scream Tracker 3.2x (GUS)	16	248698	404224c9	f3544895	START/ZIPPED/DOS/MOD/C_REMIX.ZIP/CARLREMX.S3M
ffdb9815d0eefebe7a76da3335192ebe	1	260668	player+volume	st3play	Scream Tracker 3.2x (SB)	16	245010	dd502ee1	de693dde	START/PROGS/DOS/MUSIC/MORGL100/TR-BWIN2.S3M
ffdb9815d0eefebe7a76da3335192ebe	1	260668	player+volume	st3play	Scream Tracker 3.2x (SB)	16	245010	dd502ee1	de693dde	START/ZIPPED/DOS/MOD/B13-0016.ZIP/TR-BWIN2.S3M
