0007b8693ae5299e2fba27530a63d641	1	122052	player	uade	Protracker	0	76720	91193a4f	a451a083	MODULES/Modules-T/MOD.THRASH
000f7b04914b44db3d457c234b88520a	1	236159	player+silence	uade	Protracker	0	109044	727bc835	2fcf8e2d	MODULES/Modules-B/mod.blue shaddows
00124ccce7eed4676d268f6a70a3ff02	1	167124	player	uade	Protracker	0	117006	166d4846	6c23e401	MODULES/Modules-D/mod.dictation on air
0012b94a7eecf4b1056d11cb13fba259	1	166521	player	uade	Protracker	0	94370	6594e8a0	dd96e4a7	MODULES/Modules-F/MOD.FASTER ONE
002858698163a6afad5e97fd98eea2bc	1	149633	player+volume	uade	Noisetracker 1.x	0	163394	b6883ccc	85e70892	MODULES/Modules-F/MOD.FLASHCONDOM
005cf73ae7483c0350b87b3be2befb97	1	76920	player	uade	Soundtracker II (31 instr.)	0	61572	a91c07b9	3f2244d2	MODULES/Modules-M/MOD.M.M.10
00817afd12da93b50aa7c218f56f6011	1	192141	player	uade	Protracker	0	78350	23adb2cd	73a51f1f	MODULES/Modules-W/MOD.WHYDON'TYOUDOIT
0081a21cd4bd2dc953af6ea8483f9cfe	1	167184	player	uade	Soundtracker II (31 instr.)	0	202608	e9442f69	17cd127c	MODULES/Modules-M/mod.mean-effect
0087334f413fe4fd6dc1b9b20325b110	1	56424	player	uade	Protracker	0	100200	96df53f9	5b880505	MODULES/Modules-A/mod.anameiforgot
008842bd60792d9a423bd872d52c1dae	1	238197	player	uade	Noisetracker 1.x	0	58312	427c735c	b76b41e6	MODULES/Modules-M/mod.mix mode
008c1e34af9c9b75041bafbfc83ef75f	1	121731	player	uade	Noisetracker 1.x	0	70288	497116fd	ecda4412	MODULES/Modules-A/mod.ace-ii
00af858a4e715a8079bf95b798819b0d	1	252778	player+silence	uade	Protracker compatible	0	170610	0aae5f41	4753bc9f	MODULES/Modules-G/mod.galaxy ii
00bd16c6c0bdafc8403b9f0551ca628e	1	229296	player+silence	uade	Protracker	0	193088	4ef5f24e	a200bf26	MODULES/Modules-E/mod.empiror
00cec418abece428b6af6416a93579fb	1	268121	player+silence	uade	Protracker	0	154434	ec8b8d34	6e194be6	MODULES/Modules-W/mod.war of light
00cf0e283c60cc415dfc6d7f5ca0f79c	1	147331	player	uade	Protracker	0	89866	dfdcec36	af13d43f	MODULES/Modules-M/mod.megafoe
00dcb5c616156781df539dd1a597c4a4	1	138369	player	uade	Noisetracker 1.x	0	62464	bd01b439	fcae0f3c	MODULES/Modules-E/MOD.EXODUS1990
00ea7bb8d3e7c1a5b751dc49ad3fd5c4	1	199797	player	uade	Protracker compatible	0	85466	fbf42f4a	8b52020d	MODULES/Modules-B/MOD.Blood
00f7b52b0618633fbfbea1567e3e9791	1	144236	player	uade	Protracker	0	92518	e358c50e	c208f3c7	MODULES/Modules-T/MOD.TROUBLEVISION
01049036c4bc9a677e7c8f8bd2a100dc	1	122997	player	uade	Protracker compatible	0	66910	ea6d5ed2	51b56493	MODULES/Modules-H/MOD.HOMEONTHEBENCH
010b32ff8b7338b8dbdfc57ccdb12827	1	163647	player	uade	Soundtracker II (15 instr.)	0	130962	6752f3e8	6a588d35	MODULES/Modules-S/MOD.SmoothCrime
01326bbe6b8e03994c6132f4a4fdcd3e	1	184445	player	uade	Protracker	0	123802	98653ade	d74bd302	MODULES/Modules-D/mod.double density
018afed6160e7d39c083633208de6ccf	1	86529	player+volume	uade	Protracker	0	90468	8f1ac154	6fc69c57	MODULES/Modules-M/MOD.MAYDAY.CIA
01972cf2bbabdde41355cac51c0e401f	1	253768	player+silence	uade	Protracker	0	210224	3e8dcc77	6ccc2be6	MODULES/Modules-A/mod.acidjazz
019d4b9d459ff637411ac8f49232aab1	1	498920	player	uade	Protracker	0	138946	5107ee3b	9513653b	MODULES/Modules-J/MOD.JUST-FREEDOM
01b8c8e876750b0364b8da6f1bb24103	1	88434	player	uade	Protracker	0	20000	859c66dd	94a05a9e	MODULES/Modules-G/MOD.GHOST-HARDCORE
01fab14fac7dff8fed79898cf034265f	1	115321	player	uade	Protracker	0	75462	68ce143e	6b702980	MODULES/Modules-F/MOD.FEEL IT
0210930082f93ccc75a4eaedec3cad8a	1	206207	player	uade	Noisetracker 1.x	0	128624	b58901aa	489b1633	MODULES/Modules-C/MOD.COMPOST
02395221e47c296e65f57c28fa55145d	1	138369	player	uade	Protracker	0	119156	7a4f85c3	b4c95454	MODULES/Modules-D/MOD.DARKDANCE
028b08a71125627b90bf64d7c81e6040	1	19310	player	uade	Protracker	0	35398	770351fd	1108032f	MODULES/Modules-S/mod.spaceballs-1
029f2a076a8706b770906e0f5b9d1bfd	1	222826	player+silence	uade	Protracker	0	167794	7c3e56ff	0996f074	MODULES/Modules-M/mod.meetmymum
02a5e4186d7fe0b466ab408c1122dadf	1	61568	player	uade	Noisetracker 1.x	0	41100	5aa53266	fdee9de0	MODULES/Modules-V/mod.Vampire
02a756e201f71b2b09868c859d545852	1	48768	player	uade	Protracker	0	64912	1aea36d1	2871d295	MODULES/Modules-T/Mod.Terminator
02b1f620def08a7cb90ebe0c6038f7fd	1	304638	player+silence	uade	Noisetracker 1.x	0	70096	37cfd95f	087cac3d	MODULES/Modules-N/MOD.NISSENHUT
02d0d6e24e9f6d7e0a3a5871841a47a6	1	268921	player	uade	Protracker compatible	0	128118	976e6046	26f680ef	MODULES/Modules-D/mod.Dreamland
02d2898c92211dc413793a481268f70d	0	76820	player	uade	Soundtracker II - V or compatible	0	73426	44477fc2	9de3c519	MODULES/Modules-C/MOD.CUSTARD
02e07c758c2fb67fd335b9a230d34cf4	1	314087	player+silence	uade	Protracker	0	224978	50390a07	81614963	MODULES/Modules-F/mod.fantazy world (nhp)
02e1ad25d2d2a882d16ee7180234c236	1	102520	player	uade	Protracker	0	106936	7cbbfc0c	94f7f422	MODULES/Modules-G/MOD.GOWITHME
02e4cdd8d39b6002e0881d2bfc5b4acf	1	188685	player	uade	Protracker compatible	0	165144	eed21b77	359513a1	MODULES/Modules-G/MOD.GREETINGCASTLE
03095c62ae4be8e67b52f63452e2d7a7	1	606867	player	uade	Protracker	0	159972	94934fef	db6f72d1	MODULES/Modules-T/mod.tstone
030f197532550ae9d8b24449aacc8070	1	590309	player	uade	Protracker	0	124656	3cb3c112	25c1969e	MODULES/Modules-N/mod.nudity4
033bad9f4a1d867aedab2c8b3c8f734f	1	307321	player	uade	Protracker compatible	0	109622	96a3ccc2	a115d8a5	MODULES/Modules-H/mod.HH           
03742d1c034de17c208f46ca296cdc52	1	61809	player	uade	Protracker	0	97964	09c5021f	0ea8fbe8	MODULES/Modules-F/mod.fucya
03e21c018fc5627a36c6812f2fff5b50	1	192141	player	uade	Noisetracker 1.x	0	176014	ae724efa	0ee2eaee	MODULES/Modules-A/mod.automatic beat
03ec2f966e0f14ce0cc7375cc4b8f363	1	135877	player	uade	Protracker compatible	0	97744	08359659	62543d64	MODULES/Modules-J/MOD.JOLLY BUT COOL
042be011bafcac9e840535ed91dc6775	1	130693	player	uade	Protracker compatible	0	73466	b39b4971	89d83bec	MODULES/Modules-V/mod.vis
0430d768c1e9d7cd31497ad9773d5029	1	241527	player+silence	uade	Protracker compatible	0	205088	f89fa037	12d76e20	MODULES/Modules-A/MOD.ACIDOFIL
045e4711ab2da8f16794ceb9f90c6e7c	1	131396	player	uade	Protracker	0	79774	27af083b	b649f392	MODULES/Modules-C/MOD.CALM
0467b998e3ff0795db0446eb12f882d7	1	153721	player	uade	Noisetracker 1.x	0	54500	085ea736	37abd2df	MODULES/Modules-S/MOD.SUPER.AKTION7
0496864910f32450b044ef68653fb4d0	1	89439	player	uade	Protracker	0	168806	b94b3811	6c946e89	MODULES/Modules-J/mod.joes#07
04ab16d1f93cf889eff20435f404749d	1	151169	player	uade	Protracker compatible	0	73828	25a00fc1	56c04235	MODULES/Modules-E/MOD.ELECTROQUEST
04d22239083f769a94ca3ee06ced95dd	1	709308	player+silence	uade	Protracker	0	199998	24c60f05	adde7410	MODULES/Modules-N/mod.now what 3
04dbb10da66cb6fc83d158aa29456f1b	1	185731	player	uade	Protracker	0	174866	89f493cb	b5d96c07	MODULES/Modules-S/mod.satan on speed #03
0531075ca17e65289c1a0b2f41d32ab8	1	306055	player	uade	Protracker	0	205196	7676e40e	d06126a9	MODULES/Modules-T/mod.the priests ii
054abcc327017df86c456121c6b853a9	1	229757	player	uade	Protracker	0	241640	865a7f07	ca8e7c73	MODULES/Modules-H/mod.human target
0563f1ef38e1924a001e417c70cf3baa	1	194050	player	uade	Protracker compatible	0	78934	5f91738e	7743b778	MODULES/Modules-I/mod.italiana
0580eedc7b7217af5c35d50cdf6118ca	1	165235	player	uade	Noisetracker 1.x	0	61812	8b01683b	d2c669ae	MODULES/Modules-D/MOD.DEMOMUSIK
0587e60fa061a2a5a689e72808ceb69f	1	179286	player+silence	uade	Protracker	0	100864	4aca7283	f9514df3	MODULES/Modules-T/MOD.THE-LAKE
05c5b6ac17dcc62e19bfe0b20ce54549	1	87168	player	uade	Protracker compatible	0	308090	be1185ca	eacecc76	MODULES/Modules-T/MOD.THEBESTACIEEED
05f59ed7fa88eab9b7bc30bfb2ef9586	1	53872	player	uade	Protracker	0	48718	fb73355a	4e2d838a	MODULES/Modules-M/mod.money
05fb2e047378f7cd9d053b06634d2291	1	156293	player	uade	Protracker	0	98214	b4b11d17	9f8269d1	MODULES/Modules-D/MOD.DOG
05ffa197b504568dbea79830e7e23e91	1	73725	player	uade	Protracker	0	127662	1d21b7da	9fb0071d	MODULES/Modules-V/mod.Vomit
0677e3a17eacaeee8e3f9c4a169a96d4	1	204941	player	uade	Protracker	0	74580	d8bb1cbd	6d463f58	MODULES/Modules-I/MOD.I DON'T CARE
06dc129353f2a1bb12e92fc5ce0374b8	1	211331	player	uade	Noisetracker 1.x	0	110588	8d66312e	5d741e74	MODULES/Modules-A/MOD.A.PLACE.I.KNOW
06f4b5f3be4336ad25099979e4af13d7	1	403332	player	uade	Protracker	0	169810	f6b367a7	b3a371a2	MODULES/Modules-S/mod.slave-yard.nt20
0730d8b37813b859bc50ea0be5247c76	1	107645	player	uade	Noisetracker 1.x	0	24188	3ae44f5c	5d4d26f8	MODULES/Modules-C/mod.chipgene
07446d458692baea8d21dba0051719db	1	34682	player	uade	Protracker compatible	0	43672	46d3db07	1e9281fc	MODULES/Modules-H/MOD.HOWIFEELTONIGHT
07932d22d7a860eb48c7d84fa971cb9b	1	195087	player+silence	uade	Protracker	0	140388	fd7454eb	d79fb38e	MODULES/Modules-S/MOD.SILENTRUN
07a1c33e3e8ffd381c74944f0e505f06	1	299645	player	uade	Noisetracker 1.x	0	110562	fbc28136	a02dbabc	MODULES/Modules-T/MOD.the sign
07a40a012f8ced89f9cc4835a2d3ac04	1	90363	player	uade	Protracker compatible	0	66398	4baca282	7e46c2e9	MODULES/Modules-S/mod.spaceheme
07af0d15e1c409642dcc0245bf668853	1	146567	player	uade	Protracker	0	73596	f3626346	0b4ba7eb	MODULES/Modules-T/MOD.TEN MINUTES II
07c725b4620f9950472b9f8540561f14	1	153721	player	uade	Noisetracker 1.x	0	66236	95febd0c	94670cd6	MODULES/Modules-N/MOD.NICE DAY IN 89
080d58e69a1dbc147206cd5e728b5f46	1	82044	player	uade	Protracker	0	53852	02a53d76	846e0cd1	MODULES/Modules-I/MOD.INTRO
0812d9b8b826d67fd8fb97de41499a43	1	535009	player	uade	Protracker	0	138106	50697250	b1f14472	MODULES/Modules-B/Mod.BINARY-NIGHT
081563193a67698c4064f9c7b701d1fb	1	99968	player	uade	Soundtracker II (31 instr.)	0	121596	8491293c	207fbac4	MODULES/Modules-J/MOD.JUSTFALLINLOVE
08e0a68ea069e39a092816183b857bf2	1	220869	player+silence	uade	Noisetracker 1.x	0	112156	fbcdf911	2d1eb3a2	MODULES/Modules-R/mod.r.o.m. (jst)
08e14439a4ce8485abe02c4b8d5ff2bf	1	46216	player	uade	Protracker compatible	0	10690	2946f9c8	56a738aa	MODULES/Modules-L/mod.Legend
08e4f27fba99d59c582d1201e31efbf1	1	213860	player+silence	uade	Protracker	0	130066	17ce5f59	38ba37aa	MODULES/Modules-G/mod.gateway
08ec6ab759b860495ea5471608535cff	1	245893	player	uade	Protracker compatible	0	100518	eb545742	8f6cf0da	MODULES/Modules-L/MOD.LAMERKILLER
09339faa22e9b2ecdc6c1af63e677223	1	126835	player	uade	Protracker	0	43160	299918f5	582ef861	MODULES/Modules-J/mod.jumpjack
097dcd90466974817623703365139a03	1	223749	player	uade	Protracker compatible	0	129110	d1422352	d9248c8e	MODULES/Modules-R/MOD.ROCKYOUHURRICANE
0987feda3549a0c3afe3511795a135d6	1	265103	player	uade	Protracker compatible	0	97310	63306727	9d1decad	MODULES/Modules-T/Mod.To-Be-Continued
0997c9bea1ce9a53bacf3967002be705	1	84074	player	uade	Protracker	0	129828	b6f2b23b	8130261b	MODULES/Modules-N/mod.negroove
099880b7db37b4ec51f4a48498b87321	1	817495	player	uade	Protracker (vblank)	0	127844	48335abd	ec71e854	MODULES/Modules-N/MOD.NUBULOS
09ab53c8637f16cd771c9f8e6b53c0a1	1	589039	player+silence	uade	Protracker	0	150706	3193a405	9f9e955f	MODULES/Modules-F/mod.forever-alien
09c0a6c1f7ec75e75cee9ab627e6a26b	1	143493	player	uade	Protracker	0	54204	a44e2a0d	aa9a01ad	MODULES/Modules-J/MOD.JOE1
09ceaa29ad1a2358e3282b3e22e307ed	1	284293	player	uade	Protracker	0	110116	84b101f7	7b9c82ca	MODULES/Modules-T/MOD.tellus-vasta!.gts
09d83b2407180c2c44abab767288fa21	1	107645	player	uade	Noisetracker 1.x	0	52664	b3f073c8	39485c99	MODULES/Modules-M/mod.muzak2
09df390f396e55bfddb92f4bc2068741	1	115321	player	uade	Noisetracker 1.x	0	97224	7c9d5562	229d3189	MODULES/Modules-R/mod.roll-out
09edbbddb876a656dad30507c5045909	1	115321	player	uade	Soundtracker II (15 instr.)	0	188982	4b47b85b	45807477	MODULES/Modules-W/mod.weapon
09f038b8b103ab472bdb20a9cb71a800	1	23168	player	uade	Noisetracker 1.x	0	71238	03ec2c4f	d65d89b1	MODULES/Modules-E/MOD.EINZWEI1
0a094bb6ff48d25d6f27819bdfb92bf6	0	146546	player+silence	libxmp	Wanton Packer	4	177738	ba53a3be	fb6ae589	MODULES/Modules-S/MOD.Synnissa.Kypsynyt
0a2b44ed2c520a29f0c010f6a4ab2006	1	249731	player	uade	Protracker	0	119344	989f97d7	97e2bd7a	MODULES/Modules-F/mod.freedom track
0a2bb73015665e4afba29e96be6eab3d	1	242698	player	uade	Noisetracker 1.x	0	121844	c8f59521	4ca41bc8	MODULES/Modules-D/mod.dead cop
0a2ed776984d34f31de75607317e7df4	1	195959	player	uade	Protracker compatible	0	86564	33132243	9e9692d3	MODULES/Modules-F/mod.funk'n jam
0a34a1df797d1cca5bc455be48b2926d	1	169093	player	uade	Protracker compatible	0	76210	c7fa4f10	4072075a	MODULES/Modules-B/MOD.Breathless
0a4247ff526ac24d3cc30c8041c69afa	1	437894	player	uade	Protracker	0	131028	86cc1d77	67e570b5	MODULES/Modules-A/mod.Algorhythmic
0a4e1ad99b2b8bbeb4fde1e1542d394b	1	82165	player	uade	Noisetracker 1.x	0	47648	d60da1b0	bc017341	MODULES/Modules-Z/MOD.ZLASK
0a65b35be25da17f6e44a25a163a33b3	1	169093	player	uade	Protracker compatible	0	83802	acee75c4	711993b4	MODULES/Modules-S/MOD.SEVENTY-FOUR'ER
0a78f07df36f952080cda38cfb12bd15	1	169093	player	uade	Protracker compatible	0	209934	85daa260	e0201316	MODULES/Modules-S/mod.Stomp Your Feet
0a7b50aa30dabcaaffd72be828274be6	1	95166	player	uade	Protracker compatible	0	164842	1cd8a455	359c53f5	MODULES/Modules-M/MOD.MOVEMENT
0ad1428e868f1ea205b157e2d29204af	1	217580	player	uade	Protracker	0	179688	eab6e52a	7bd79597	MODULES/Modules-P/mod.phmna-interspace
0b054872cd4174277b08b2f1bfea1521	1	145273	player+silence	uade	Protracker	0	128748	1a8c4130	b558d982	MODULES/Modules-S/MOD.SOUNDS FOREVER
0b1a753c87848a3341705a36345db914	1	84616	player	uade	Protracker compatible	0	10228	6c56814f	02521174	MODULES/Modules-R/MOD.Riech1
0b28f0d4d4c5fa7ba3297d1160e5e136	1	194050	player	uade	Soundtracker II (15 instr.)	0	78448	fe1d6bc5	f74a543b	MODULES/Modules-L/mod.LetsParty
0b2cd5de3cc14da17f7d1bf28b18f6ca	1	386215	player+silence	uade	Protracker compatible	0	139222	7aa53225	ba99c10a	MODULES/Modules-T/MOD.TRUST
0baa1cc76c69bd47dc85c7ad207b62ed	1	130693	player	uade	Noisetracker 1.x	0	72028	30384a72	6d8672a3	MODULES/Modules-D/MOD.DENSITY
0bbf1609947835b05eca166081260481	1	138369	player	uade	Noisetracker 1.x	0	55476	510b6141	6902971a	MODULES/Modules-R/mod.ROCKING1
0bd07f5ba1e811b10ecf137b29bce026	1	146045	player	uade	Protracker compatible	0	150474	6870912d	3657cd82	MODULES/Modules-K/mod.kaosmodule
0bdb674acc406f96dba657f91fabc0d3	1	270288	player	uade	Protracker	0	195750	b6282c97	e202d1ab	MODULES/Modules-D/mod.dc main
0be91ffe83cf7ddf95f22e079266bd78	1	230541	player	uade	Protracker compatible	0	70388	105b38f9	215de516	MODULES/Modules-I/MOD.INTHEAIR
0befac1b63697db7952b687600f7dcb3	1	430961	player	uade	Protracker	0	166338	91ea6217	76c51de7	MODULES/Modules-T/MOD.TOTAL-EXTRAVEGANZER
0c069d87fa2a3acb14ea3268b76695c1	1	122997	player	uade	Protracker	0	40178	468bd7f3	67da6855	MODULES/Modules-N/MOD.NICE1990
0c2c146122b96c8a3cb8e835fc9378fe	1	78829	player	uade	Protracker compatible	0	59882	9d47a42e	40cd77ba	MODULES/Modules-T/MOD.TIGER
0c5dc4bd21374f7e8d8f83ef7737e8b4	1	169093	player	uade	Noisetracker 1.x	0	54404	405a508d	87aaf39d	MODULES/Modules-T/MOD.TRWILGHT-WARP
0c701e329d90a03a7821ecab98bfbd78	1	276597	player	uade	Protracker compatible	0	80314	609e9565	e6206cbf	MODULES/Modules-L/mod.liquid-sound
0c9142cb903c09ded06e2c0101396f0e	1	120505	player	uade	Protracker	0	40430	7ec6e6e8	4ca8cdc3	MODULES/Modules-N/MOD.NECROSCOPE
0c91c705df78485c7053ad7a58c5622f	1	46216	player	uade	Noisetracker 1.x	0	58080	fc01cfbf	7a43a16b	MODULES/Modules-S/MOD.SLL5
0c9c099e067bf544ed453f35097e6899	1	180285	player	uade	Protracker	0	170000	7ab74143	272f6fa3	MODULES/Modules-C/mod.crystal kaos.jay
0ca1b81638b324347413e23e1de510c7	1	208457	player	uade	Protracker compatible	0	60492	c750a79c	35190c19	MODULES/Modules-G/MOd.GOBBPREW
0cafe0bc951278dcccb094fd72be6002	1	230541	player	uade	Noisetracker 1.x	0	74024	1cdad958	7420108f	MODULES/Modules-H/MOD.HI EN
0cbb534d8f644f454b2946a0fd8a8191	1	188562	player+silence	uade	Protracker compatible	0	115272	7df9421d	408b56e4	MODULES/Modules-R/MOD.rhythm master
0cbfd36ef512e26690ca339f1ced6a93	1	153178	player	uade	Protracker	0	138138	09705c0c	97cad2bf	MODULES/Modules-T/mod.toxic
0cc40a9e62ac08d7bbd3d172930a3a61	1	96130	player	uade	Protracker	0	142834	552860f3	c4aff105	MODULES/Modules-J/mod.joes#01
0ccf7b605cba3bdbc529f5d062e7fbdc	1	146045	player	uade	Protracker	0	99460	e64141fb	fce78636	MODULES/Modules-D/Mod.Dont Like You
0cd4d81a0e64a3b60e9060f044e5edfc	1	335642	player+silence	uade	Protracker	0	139144	e3354750	7d94d0ec	MODULES/Modules-C/mod.coloris
0d0a3e780d771ccf545c79e844ca82f8	1	231244	player	uade	Protracker	0	123602	ff08e253	1fda8e5e	MODULES/Modules-M/MOD.MOVE-YOUR0FEET
0d1e0f35f6b5fe437f57fcf324f1c0ae	1	220293	player	uade	Protracker	0	191252	7255cedb	e4b9db2a	MODULES/Modules-Y/mod.you must learn
0d34a3ce8a9e98af32d6feaab849acb9	1	119179	player	uade	Noisetracker 1.x	0	99948	896fcada	b6c753d5	MODULES/Modules-L/MOD.LIFESTYLE.RULES
0d5977fed72e5bc07ff4836293adc8f3	1	340530	player+silence	uade	Protracker	0	116868	6e2e5d94	9633dcb8	MODULES/Modules-M/mod.monsieur_gastone
0d611a4c3b113ca15f53492683427ac6	1	215149	player	uade	Soundtracker II (31 instr.)	0	53212	6faec4f2	7745c152	MODULES/Modules-B/MOD.beams of light
0d77dc7c714b49e60a4717078f290749	1	145723	player	uade	Protracker compatible	0	88918	47fdd697	ac77a110	MODULES/Modules-C/Mod.Cremona
0da25a04450aaf933b59932402f4d90b	1	137037	player+silence	uade	Protracker (vblank)	0	229612	c3d898f7	4c66a8f9	MODULES/Modules-L/mod.lemone
0dadd6c839144f516edb9b221755d1a5	1	198993	player	uade	Protracker	0	150744	e0f7234d	03d4dc2d	MODULES/Modules-J/mod.joes#10
0e41c250365169ee71c86e2c29443c20	1	254694	player	uade	Protracker	0	397716	b6a6ad1c	7ac2777f	MODULES/Modules-O/mod.oddysey1
0eda8b62d35ba4c68dfa41bdc7fc8c4f	1	95143	player+silence	ft2play	Fasttracker (M.K.)	4	36852	06bf8023	8f3a6b5a	MODULES/Modules-P/MOD.PorilaistenMarssi
0f664d92167022746830627c27cf1a3d	1	214491	player+silence	uade	Noisetracker 1.x	0	111064	4d4b8b9e	301fff2b	MODULES/Modules-A/MOD.ATOMIC TUNE
0f6ef6e63161d5ce783787ef8c562181	1	138369	player	uade	Protracker	0	90646	53bbffa9	3858a008	MODULES/Modules-B/mod.brass-connection
0f8a98ac40b740cb3bb059bdfaec8835	1	176769	player	uade	Soundtracker II (31 instr.)	0	61452	2a3f6ce9	d729ff55	MODULES/Modules-W/MOD.WORLDOFDISC
0fb7a81709a75a288fa56e1a0119f6e9	1	370110	player+silence	uade	Protracker	0	143670	8193098c	ea2e2f33	MODULES/Modules-I/MOD.INSPIRATIONS
1097b9b1b85de0cf7e2e6a35214c1577	1	315017	player	uade	Noisetracker 1.x	0	124414	f142c1d0	4fc06e2a	MODULES/Modules-P/MOD.PIONEER2
10b99712b11ff83ec2b95f0d0f6fb56e	1	192141	player	uade	Soundtracker II (15 instr.)	0	75860	173f5d56	c7850178	MODULES/Modules-S/mod.SnowDune
10e4630ae5db13b8e96ff12a0760fd1d	1	193990	player	uade	Protracker	0	217730	65b5945d	4cbe2631	MODULES/Modules-S/MOD.SPACELOVE
10ec4fa6b5a7aa3f401e9bcee205ae71	1	340597	player	uade	Soundtracker II (31 instr.)	0	101862	525f7f44	dabda49f	MODULES/Modules-N/MOD.NEWBEAT07
110906b222cdff082b3977a7bdadf107	1	28915	player	uade	Noisetracker 1.x	0	47810	86e24f58	ff43101c	MODULES/Modules-B/mod.bagatelle
113f44dd8a6b1d59b4442386e7f2295c	1	226690	player+silence	uade	Protracker compatible	0	99194	e5ba1f01	a9e4d223	MODULES/Modules-H/MOD.HALFDANCE
1158275cb07d401ffaf60d72575a8066	1	76920	player	uade	Protracker	0	100614	d7ae5d4f	7688c2d6	MODULES/Modules-E/MOD.EVERYWERE
117d7df431c503690d5652c816c82a1c	1	122997	player	uade	Protracker	0	108784	9f9737ef	326336b7	MODULES/Modules-U/MOD.Universal
11b6b43307665b91e1d4d7f838cc6b7c	1	107645	player	uade	Noisetracker 1.x	0	43404	e9362fca	a4de66a0	MODULES/Modules-W/mod.Wizzards-Walk
11db3e675f75ea86c309ae729fe9c78d	1	172931	player	uade	Protracker compatible	0	43284	317603d8	350720e5	MODULES/Modules-Z/mod.ZEPELINE
1276f017ba6b90258b9a3ac5ee89ac83	0	153620	player	uade	Soundtracker II - V or compatible	0	144794	65c03346	08c542c4	MODULES/Modules-B/MOD.BUSH-BUREAU
127886bdd9661436ede6a1edf6273562	1	160573	player	uade	Noisetracker 1.x	0	145458	b37e1f41	5f698690	MODULES/Modules-X/MOD.X-TER-C STUDIO
12dadff65d635b1fcd69d9c351b3644a	1	180607	player	uade	Protracker compatible	0	114220	eb191289	029246be	MODULES/Modules-H/MOD.HAPPYFUNK
1311f651fa0f4df4152369706cb8a046	1	235411	player+volume	uade	Noisetracker 1.x	0	222058	4a76122e	83e9e6c7	MODULES/Modules-A/mod.azied revolution
1346d694acc08dbdcd35fba0d4e7aa3c	1	315017	player	uade	Protracker	0	69022	43ce6675	cbd54b6e	MODULES/Modules-G/MOD.GODZILLA
134cc5cd7df885be3315c94e531aafd0	1	82044	player	uade	Protracker	0	92966	b0e4e3b6	0b465872	MODULES/Modules-U/MOD.UNIVERSAL-DREAMS
13501f4d05c5e22712102b34af5b8b71	1	64442	player	uade	Protracker compatible	0	44120	cabc74df	35e70bf8	MODULES/Modules-G/MOD.GIGICAR 1989 !!
136e7f4f775a5d40fc9a3273cf6e80fe	1	201726	player	uade	Protracker compatible	0	200556	7300d6e5	8a90d04c	MODULES/Modules-C/MOD.Cold
137c69620884b28b157ccaafe98fca43	1	284293	player	uade	Protracker	0	50688	2b87c752	bf5dc811	MODULES/Modules-P/mod.panic
1399df15bfaebfb852f1b8a79bdebff9	1	67315	player	uade	Protracker compatible	0	28702	9a837456	eed6e58b	MODULES/Modules-A/MOD.Arabia2
13a839a40f7a00512a5bd1b4e82edb7d	1	176875	player+silence	uade	Protracker compatible	0	147818	995de645	03b7a0e3	MODULES/Modules-R/MOD.raggtime
13cf9772a56212b6d4e4bb90f5aecb17	1	148822	player+silence	uade	Protracker	0	188012	70d0a40b	cd9ad252	MODULES/Modules-A/MOD.A-NEW-JAZ
13ea4157688f3883b208dfd809bb710f	1	185289	player	uade	Noisetracker 1.x	0	70082	2f2b75e9	10eff549	MODULES/Modules-S/MOD.STILLEOGROWLI
13f3ba83d2901f9a61dccbddae679a7a	1	253569	player	uade	Protracker compatible	0	72784	0f372a8f	1b66b0bf	MODULES/Modules-M/mod.Marksong4
1417f9c0c340df839a84ee3c61a68120	1	184445	player	uade	Noisetracker 1.x	0	57448	1364e6c5	ec82af6c	MODULES/Modules-S/MOD.SILENT_VOICES
14241305bd264faad5da5825a8d9a971	1	185952	player	uade	Protracker	0	150998	28238f01	4901501c	MODULES/Modules-N/MOD.NIPPONMIST
14257744abce489c5b58707eac8b1b5d	1	12920	player	uade	Protracker compatible	0	88420	a09f1d85	6e105b3f	MODULES/Modules-D/MOD.DENS-INTRO
142b4f6f47dd0d472b0b0c128eebf384	1	152214	player	uade	Protracker	0	360264	4d753429	0ce97669	MODULES/Modules-U/MOD.UNFORGETTABLE
14664bd338280bb184c3ac7fa99edb61	1	298942	player	uade	Protracker	0	137538	4e178c93	77d9bc20	MODULES/Modules-G/MOD.galactosidate
147024e256406ba4b313fd7204c638cf	1	128121	player	uade	Noisetracker 1.x	0	97664	618063e0	c4defec1	MODULES/Modules-H/MOD.Hallow
14aee52ca6675c919643ffff78241dc6	1	153721	player	uade	Noisetracker 1.x	0	87352	601713c7	9eac89ce	MODULES/Modules-R/MOD.RON1
14be24a7f254e064eac5318f960c897a	1	200975	player+silence	uade	Protracker	0	101394	c8bec06a	d1d1a6d6	MODULES/Modules-P/MOD.POUR_DANIELLE
14c82f46c47716a4148b23b772ef7500	1	264279	player	uade	Protracker	0	221596	703d9caf	e8423041	MODULES/Modules-T/mod.total eclipse
14c88d9fe5b3eb67f488fe0c3fca84f8	1	198531	player	uade	Noisetracker 1.x	0	59356	9597320f	d072275f	MODULES/Modules-T/MOD.THEKNOMES
14dd7ebf5f7ff961612de34a9489e8a3	1	277582	player	uade	Noisetracker 1.x	0	68968	72f7e1a1	49d6fbb1	MODULES/Modules-G/MOD.GOING STRONG
14fdfed765d27491ce8da2ff685a9697	1	76920	player	uade	Protracker	0	23302	4ada8385	b800e279	MODULES/Modules-F/MOD.FACTORY-THEME
152420b203e1e3d6579b64e3becb3619	0	168708	player	libopenmpt	Master Soundtracker 1.0	4	221184	6cf7d004	4a2bb34c	MODULES/Modules-F/mod.forcefield
1524a4086408570539be3f40985d29e2	1	103163	player	uade	Protracker	0	84998	b59a8d7b	9fbb38a1	MODULES/Modules-J/MOD.JOE2
154a94f15cfc220faaab95fd1eccfde6	1	27006	player	uade	Protracker	0	59810	0d52c467	9b5fbdbd	MODULES/Modules-X/mod.xmas morning
158e4555bbc27babd49afd833f57bdf6	1	227125	player	uade	Protracker	0	185550	eb79690d	83084928	MODULES/Modules-K/Mod.KNOW-WOT
15d43cbb8a7ffcaff2baf9c948de33b2	1	50516	player	uade	Noisetracker 1.x	0	50882	1d02c103	e868dbf8	MODULES/Modules-I/mod.invention
15e7a93013e1c24b60f1cd48331aa85d	1	166035	player+volume	uade	Protracker compatible	0	88654	ad7574a3	8ea2930f	MODULES/Modules-S/MOD.SILENT DREAM
15fe84c72957b9421fb496ce5f7b3f8c	1	76920	player	uade	Noisetracker 1.x	0	26004	1e048e8b	a860d46c	MODULES/Modules-S/MOD.SEXY
16554b1f9dee868a11b0f84984cbdcb1	1	216133	player	uade	Protracker	0	89108	52f4a8a7	c2cea8ab	MODULES/Modules-D/mod.dance-mutzig
1685ef9613ea3b290cf5a5b75549dfe6	1	174197	player	uade	Noisetracker 1.x	0	81480	83b0d5f0	77001654	MODULES/Modules-A/MOD.ARTEMIS
16af9bc9ed6cebcc6e818f511d64dea0	1	57730	player	uade	Protracker compatible	0	48054	a308502a	6da38948	MODULES/Modules-M/MOD.METROCROSS
16f491ddb6e6a031153d111d4661a617	1	120927	player	uade	Protracker compatible	0	64752	44959ede	4269ddd9	MODULES/Modules-B/MOD.BLUE BREATH
1765f114f71ee37d72a6d3402a9ff6d9	1	140237	player	uade	Noisetracker 1.x	0	64316	2e9d6b14	896f8d85	MODULES/Modules-W/mod.wayitis
176a4617874267222367749056248cd1	1	245893	player	uade	Noisetracker 1.x	0	46900	d3481540	5cd2f0c3	MODULES/Modules-P/MOD.PHOTOGRAPHIC
17754c2dce08a138c4402a12502b95a1	1	112769	player	uade	Protracker	0	152770	ab2de29d	aef8708c	MODULES/Modules-F/mod.fractals
177650e7abf953f28454b9295813d061	1	180089	player+volume	uade	Protracker compatible	0	123204	03d25a7a	48378fe0	MODULES/Modules-H/MOD.HELL RUNNER
17928deb85a0130aecf057a595bfd588	1	89101	player+silence	uade	Protracker compatible	0	23717	05ff2f7a	062289ee	MODULES/Modules-S/MOD.SilentCinema
17dd120ef98678ef69051aac2020a1d9	1	203635	player	uade	Soundtracker II (31 instr.)	0	79750	1858171e	4acbf2c2	MODULES/Modules-A/MOD.approach
17f82b155eb4bfff782d4760aa545a76	1	197245	player	uade	Protracker compatible	0	27396	a74a2b38	c08c0915	MODULES/Modules-T/MOD.TUNE3
1839e8cf1e3582ecac5775daa021f021	1	357151	player+silence	uade	Protracker	0	332208	739d8bc7	54a04cb1	MODULES/Modules-P/Mod.PROGRESS
184b7d8b39523d923de4b38f56927b9f	1	119279	player	uade	Protracker	0	199876	12f103ec	149103f4	MODULES/Modules-F/mod.funkanette
1850ea3b48563238036cd35a0fc1f1e6	1	172931	player	uade	Protracker compatible	0	143674	c67352e0	ea6b5383	MODULES/Modules-B/MOD.BACKPOPPED
1866775dc2692704ee8324d06c239107	1	900966	player	uade	Protracker	0	141456	bf0bed8a	c8bd3456	MODULES/Modules-N/MOD.NOWWHATII
188989fa606a1d19171106f60f6340a4	1	478464	player	uade	Protracker	0	160218	bb750d3f	866a6a56	MODULES/Modules-K/MOD.KNULLA-KUK!!!
18a58904b2aad3933c2b9fc674ffdd6b	1	69224	player	uade	Noisetracker 1.x	0	31728	0dd5e965	9fb831ba	MODULES/Modules-M/mod.merdemusic
18b861778f1c11b498539674d946ab52	1	593014	player+silence	uade	Protracker	0	201656	25e96480	abd8825e	MODULES/Modules-H/MOD.HYSTERESIS
18b8bdfbd04f465a0f9ac8ff8f20a4c7	1	305381	player+silence	uade	Protracker compatible	0	96488	5ad81243	5d59fb78	MODULES/Modules-R/MOD.RAPPSTAN
18cd7b787b1cb426ce4d07487d6c6629	1	79993	silence	uade	Protracker	0	176142	ca3a6726	65daa083	MODULES/Modules-A/mod.ape-impulse_england
18cf338f317d6182eb678d6255de28d7	1	207493	player	uade	Noisetracker 1.x	0	94424	cb28866c	ba4e9b0f	MODULES/Modules-S/MOD.SENSOR1
18e4e385b5951e1f4dc12a4968c795a2	1	147331	player	uade	Protracker	0	80450	efdd0aeb	80beaa67	MODULES/Modules-V/mod.Voltrunner
190f3b0e721292ce88a08c0ba1de969f	1	207493	player	uade	Protracker	0	112416	3bb0763b	8122dda0	MODULES/Modules-E/MOD.ECHOBEAT3
194b89ab8141e6e946403570cdc2178b	1	46216	player	uade	Protracker	0	9900	91065a9a	27254fe3	MODULES/Modules-I/MOD.INTROGHOST
195443d1dd42afdf6597f6923700401f	1	138369	player	uade	Noisetracker 1.x	0	67770	7563465b	49666a25	MODULES/Modules-D/MOD.DEATHSTAR
19677768d6fdd27b349a456c1e8fbc84	1	361073	player	uade	Noisetracker 1.x	0	129076	08118468	289a35fb	MODULES/Modules-B/MOD.BASEHEAD
19a5e27b68c31b79ea04acaebd7ed3a1	1	174197	player	uade	Protracker	0	230036	f401d12c	699dc980	MODULES/Modules-S/MOD.SPACE-CADET
19b857b0b0d20bcfeed9d97fbdae036f	1	215149	player	uade	Noisetracker 1.x	0	120868	deb63f5d	f98d1f29	MODULES/Modules-V/MOD.VANGUARD
1a41b7ee70d633452a49e7da4906fae1	1	223685	player+silence	uade	Protracker	0	75928	d96af573	a8339e7a	MODULES/Modules-M/mod.mesmerism
1a8e573fa65dfe99e8322effc89ae77e	1	271493	player	uade	Soundtracker II (31 instr.)	0	85736	c7c8a72a	2a477891	MODULES/Modules-B/mod.b.o.traps
1a994691c634fcec36a9a051acb4fb43	1	261245	player	uade	Noisetracker 1.x	0	62798	6f5ed849	2f513fc1	MODULES/Modules-N/mod.noise1985-9
1aa9b19cc0592b782fdaa7d05ba0fc22	1	207493	player	uade	Protracker compatible	0	151240	c5cf92b3	66e87404	MODULES/Modules-M/MOD.MGK
1ac4bf56407d6828af6322be3a9aba62	1	146045	player	uade	Protracker	0	104580	e8174417	457b2010	MODULES/Modules-T/mod.tsd
1afa933963b4de4143fcd29aa499c3e4	1	379657	player+silence	uade	Soundtracker II (15 instr.)	0	119668	4a3266b5	61555d17	MODULES/Modules-H/mod.HUMANOID
1b05cfa76e1dea447d31842d51e279ce	1	121088	player	uade	Protracker compatible	0	59804	2b220e6b	80e3ea32	MODULES/Modules-M/mod.Melody2
1b470cc69289eb2bae135f175bfb2518	1	126835	player	uade	Protracker	0	143084	0ee37c4f	6cda1c1d	MODULES/Modules-I/MOD.I HATE HOUSE
1b760e822bbe96ecf8dfe558a3842f53	1	173197	player+silence	uade	Noisetracker 1.x	0	119040	c0ed15d5	120bdb6f	MODULES/Modules-L/MOD.LSDHOI
1b9b16475457c1bad2886f6d909c12c2	1	102496	player+silence	uade	Protracker compatible	0	55164	fbed967a	23042554	MODULES/Modules-S/MOD.STAND-BY-ME
1bc1006424c818534231e208daf00aa1	1	209169	player+silence	uade	Protracker	0	104794	d8237842	20a3de31	MODULES/Modules-O/mod.oxygene iv
1bdd963fba78ea34df26c514e22c8259	1	391818	player	uade	Protracker	0	177772	e76a69c4	c35c29f4	MODULES/Modules-P/MOD.PSYCHOSPUGS
1be56a90bf71e44d2f9734692a70b492	1	355912	player+silence	uade	Protracker	0	252282	8b14ef3e	72b1600c	MODULES/Modules-L/MOD.LIGHTNING
1bfc2eba2c562741b8b0973de0bb83d5	1	199258	player+silence	uade	Noisetracker 1.x	0	162014	5a496eb3	557bce74	MODULES/Modules-B/MOD.BLACKMOREMORE
1c1c569a3bea96c4fa062c76ff76baf2	1	182606	player+silence	uade	Protracker compatible	0	173130	c0bd1111	0672d596	MODULES/Modules-C/MOD.CHROME DESERT
1c47a30eabfae0b14a834cd72060cb06	1	43644	player	uade	Protracker compatible	0	52604	54257104	ad58971e	MODULES/Modules-V/mod.Vakjo By Night
1c4b917f7ce98fd5c187a7c3d569e35e	1	255476	player+silence	uade	Soundtracker II (31 instr.)	0	149810	8c506362	37ebe179	MODULES/Modules-A/mod.amigawar
1c52faf3426fb96d8f933781504661c7	1	207493	player	uade	Noisetracker 1.x	0	73724	9ce036b0	1f7ba192	MODULES/Modules-V/MOD.VIRGIN
1c68a1ec14bbc7f2a54941939bb993c5	1	151301	player+silence	uade	Protracker	0	193372	89a1088e	ef3e572e	MODULES/Modules-A/mod.a_new_jack_thing
1c75b70b5f8f0b41efbe8b62e6a2bbf2	1	207493	player	uade	Noisetracker 1.x	0	87390	568502c9	69ce396e	MODULES/Modules-I/MOD.INITIAL.ADJUST
1cbcd6b63a0214e27ce593fc7d761482	1	233013	player+silence	uade	Protracker	0	62526	89a8bd60	9be72cf4	MODULES/Modules-C/MOD.CUTTING VIBES
1cda6e9f2539e3fe16a2def1d2e719ec	1	249410	player	uade	Protracker compatible	0	102288	6f931a31	c576257a	MODULES/Modules-I/MOD.imponert.3
1cddfbf7fbdc8b8d1895a07e46b16ef6	1	201770	player+silence	uade	Protracker compatible	0	111054	d6245edf	ded4f133	MODULES/Modules-W/MOD.WALKMANS DISGUST
1d0c694898fc6b232ea324e4fced31b8	1	61568	player	uade	Noisetracker 1.x	0	74416	e833af99	3bab7e74	MODULES/Modules-D/mod.deathmetalsatansson
1d2092e36b9a692e0d883941b0cde037	1	207493	player	uade	Noisetracker 1.x	0	131932	cc2f7b8d	b55668fc	MODULES/Modules-S/mod.savage1
1d232c1699e1f1430e1e0ab51331bca1	1	30824	player	uade	Protracker compatible	0	28480	c3c85c2a	9aa63bd6	MODULES/Modules-P/mod.Prettyflowers
1d572593c31681fed4ef65df91bb1dc2	1	107645	player	uade	Noisetracker 1.x	0	51504	52689ee6	4af9a0ad	MODULES/Modules-B/MOD.BOBBY
1d9239c1fd14df825654254045df3ae4	1	53872	player	uade	Protracker	0	18888	7bc59e03	6e5e53e0	MODULES/Modules-T/mod.trifle
1d92a8a1018bb0c36f74367223914831	1	178798	player	uade	Protracker	0	94134	6b844e6b	71a0b918	MODULES/Modules-I/MOD.ILLUSION-SLOW
1dcc746c23af4a8d3a82af880b229976	1	199797	player	uade	Noisetracker 1.x	0	73604	cb20c176	aeb1da72	MODULES/Modules-T/MOD.THUNDER
1dd31153f1097ca09c0a1f7cd84cf638	1	115321	player	uade	Protracker compatible	0	23628	3b8d6e76	84b9a649	MODULES/Modules-B/MOD.Basslines
1e44efc67b2aad5f036bdf1ad312c4a1	1	446052	player	uade	Protracker	0	151168	27c1f6d3	5d6f3e06	MODULES/Modules-I/MOD.INFINATE_DREAM
1e466403fa427dd12eafdb80b9ad8993	1	191346	player+silence	uade	Protracker compatible	0	118996	f9352196	027656fc	MODULES/Modules-F/Mod.Fantasy
1e48925796f48bccebbb67e3defa3b03	1	379018	player	uade	Noisetracker 1.x	0	109922	879f9c25	b4ffccf2	MODULES/Modules-T/MOD.THUNDERSTORM
1e702ad3a241c3e5bad18dc48d520688	1	99968	player	uade	Protracker	0	63934	9158d25a	d29ad6e0	MODULES/Modules-S/MOD.SUCCESS2
1e891462b76b03c53ceb24bf338eb43b	1	138369	player	uade	Protracker compatible	0	21624	8c74cd02	7f4e2027	MODULES/Modules-C/MOD.ClappingMusic
1e9bd3c5fb1c77a593642214f67d5cf8	1	276597	player	uade	Protracker compatible	0	50950	8293250f	c3b375ad	MODULES/Modules-S/Mod.Scream-For-Help
1eb54fa7d5f5d17ca0b2049100238bc4	1	204736	player+silence	uade	Protracker	0	120000	7db1a591	b960e953	MODULES/Modules-M/MOD.MELLOWII
1ec3cd654ad589a1364446ff447c708f	1	322894	player	uade	Protracker	0	119404	05c89b21	a618684d	MODULES/Modules-W/mod.we'll make it live
1ef69e13e628c97428aeecff7d0a57b8	1	234359	player	uade	Protracker	0	56182	67e75a7b	df9b8f2e	MODULES/Modules-W/mod.wings of solitude
1f29247f51692c118145d93a7b500e1a	1	301574	player	uade	Protracker	0	247676	ee3cdc78	6e3697b1	MODULES/Modules-I/MOD.ILT3
1f69036438625592b135cf361aa4eb52	1	126835	player	uade	Noisetracker 1.x	0	126188	a3230a61	4bc48360	MODULES/Modules-D/mod.delldemo
1f6f29bc076b74382feee10358e86c3d	1	105340	player+silence	uade	Protracker	0	125564	86109b5b	1a05789b	MODULES/Modules-D/MOD.DREAM IT3
1f889159c5b68a8b1a6664e3d4accc9a	1	235434	player+silence	uade	Protracker	0	166682	a24913a8	4967e84b	MODULES/Modules-M/mod.macrocasn
1f9c218951b0c0da3b5ca9b6a02af78c	1	116687	player	uade	Protracker	0	141438	8c5eecf8	48dc22d4	MODULES/Modules-J/mod.joes#09
1fabcb240764698ed1913300cc3faab2	1	199877	player	uade	Protracker	0	139394	197a2bf1	3e4b418e	MODULES/Modules-H/mod.hidden_truths
1fae5ab73eb9f5b5b9686141b3cc08d3	1	219013	player+silence	uade	Noisetracker 1.x	0	73928	af25a65c	cbf00a86	MODULES/Modules-H/MOD.HORSE
1fcb24be89ce6dc46678054243aee3c6	1	143073	player+silence	uade	Noisetracker 1.x	0	89552	c020eaff	d6bbf8e1	MODULES/Modules-T/mod.techno
1fd05d0e4f4e753a201f6c10cd570900	1	122997	player	uade	Protracker compatible	0	99652	f98f662d	72e7d715	MODULES/Modules-H/mod.Horror
1fe65c2994d5bd6aa0abd80c13e7f5d8	1	210815	player+silence	uade	Protracker compatible	0	67558	fe7af73a	7d243bbb	MODULES/Modules-M/Mod.Mavellous-Man
2073f1e7624467400abbbea73c91e0aa	1	146768	player	uade	Protracker	0	293226	a4f10e2c	6753155e	MODULES/Modules-B/mod.be_funky
2078fcac7cabe651dfd115f6faf10832	1	61568	player	uade	Protracker	0	9456	87bfe30a	d0b468c7	MODULES/Modules-M/mod.matkamies
20e3ae7aaae437ff5780bc67237c6173	1	146045	player	uade	Protracker	0	153412	df524f9b	022e3979	MODULES/Modules-I/mod.Industry2
210606c91a48dad1b6ed2e4f9a77bbae	1	84616	player	uade	Protracker compatible	0	59076	f7d6b8cd	55db37f8	MODULES/Modules-S/MOD.SHOTEMUP STYLE
2132cfb88a6e5aa8b8ae0a6b20bcee75	1	330731	player	uade	Protracker	0	129234	be9d336a	8a85708a	MODULES/Modules-W/MOD.WILD-IMPRESSIONS
21336829fd28bc699e1c1805babce69e	1	127976	player+silence	uade	Protracker	0	40924	9cc6b4aa	2504a24a	MODULES/Modules-R/MOD.RAVEN
2152f0e01c31badab96cb1060c49b7f2	1	140921	player	uade	Protracker compatible	0	77478	fc167e25	5dd3fbb7	MODULES/Modules-C/MOD.CHIP
216246da7b84de79b9c7b8481ef7c742	1	177472	player	uade	Protracker compatible	0	129400	adad3010	8666bd90	MODULES/Modules-T/MOD.TULLERI
2174ff2a6ebaa6d0faa2b3707039ef67	1	384122	player	uade	Protracker	0	128920	e3a9453f	8af9a2a3	MODULES/Modules-E/MOD.EXORCIZE
21d1a7de83b7c1a0e43757f60285f70f	1	407707	player+silence	uade	Protracker	0	218388	e6e9d94d	cd823982	MODULES/Modules-T/MOD.TRANZE-SEVEN
2227f1f232acbe359c8987a3f4020449	1	122997	player	uade	Noisetracker 1.x	0	102724	9a041437	8115f9fa	MODULES/Modules-N/MOD.NIGHT
223940a117c480796675c1d3a6278cf3	1	179160	player	uade	Protracker	0	234574	a1404e40	b12f8223	MODULES/Modules-B/mod.bag rasta
22553a88d78ab87cedd868f40b681ba1	1	268740	player	uade	Protracker	0	179604	a13aee6d	d64b6a8f	MODULES/Modules-H/MOD.HARD-MONEY
2279c26c270cf0358250181a126903eb	1	162382	player+silence	uade	Protracker	0	133470	38af9555	f7665496	MODULES/Modules-E/mod.eternal bliss
229204002587897f653d3f33b494b4bd	1	192141	player	uade	Protracker	0	114866	dab54632	8d1ca04b	MODULES/Modules-G/MOD.GLAMOROUS
229204002587897f653d3f33b494b4bd	1	192141	player	uade	Protracker	0	114866	dab54632	8d1ca04b	MODULES/Modules-T/MOD.TBC-ENDPART
22bf68e40cccaf73a85bedf712f84de8	1	105504	player+volume	uade	Protracker	0	26680	ffb0b4e9	f2bd6b75	MODULES/Modules-S/MOD.SMALL-INTRO-TUNE
239adb4923f5885111cb98c62cea7a4e	1	69224	player	uade	Protracker compatible	0	75688	f1083a6b	6cfa640b	MODULES/Modules-T/MOD.TRAVELLIN' MIND
23a0172a9afe1194650235f1dd52b476	1	23168	player	uade	Protracker	0	14024	7d115d14	c706dcb6	MODULES/Modules-C/MOD.CHIPFUNK
23d4ed9f624b964ccc9edf7aa18eacd0	1	220373	player	uade	Protracker compatible	0	51884	e06cf339	bfea40ea	MODULES/Modules-W/MOD.WHITE DOT DEMO 2
23d4ed9f624b964ccc9edf7aa18eacd0	2	220293	player
23edf88262a459f03e00551be54d9ac7	1	309032	player+silence	uade	Protracker compatible	0	75464	e31720d4	472a9c18	MODULES/Modules-T/MOD.THEFLOWERSHOP
23f16baae8855b5fb57612d43f51e90e	1	537742	player	uade	Protracker	0	100676	c3efd8c9	5c8946cd	MODULES/Modules-P/mod.partiture
2408f7209b4f3ecd6830503e0f3de75f	1	193085	player	uade	Protracker compatible	0	81472	c383242d	4ae09be7	MODULES/Modules-L/MOD.LEFT_ALONE
2422fec18e492abbd36d4f22c3b54094	1	61568	player	uade	Soundtracker II (31 instr.)	0	52246	3d5c5f41	4757eae7	MODULES/Modules-I/mod.In-Action
24622992abc1ef2301e118e9e8e746ce	1	35968	player	uade	Protracker	0	17968	0e6bb1d3	c05b40b4	MODULES/Modules-M/MOD.MENUMUSIC
247765d5a7a3c30a2d76b3e74a2ef6c8	1	92272	player	uade	Noisetracker 1.x	0	59916	3aa7b3e1	89fa9841	MODULES/Modules-W/MOD.WANNA_BE_A_CAT
24e1f94eb9598104273d37a8c6d6d93f	1	210853	player+silence	uade	Soundtracker II (15 instr.)	0	143594	ee2d9169	7cbac136	MODULES/Modules-E/mod.eagle
24f4003030457dba2cbec48b6325a10c	1	261245	player	uade	Protracker compatible	0	119932	98393f3a	703f492a	MODULES/Modules-J/mod.juno-hi-sexmix
24fd539d31b1af706bbcb6171c46b9d2	1	474485	player	uade	Protracker compatible	0	127082	e89d4edb	1e796841	MODULES/Modules-B/MOD.BADCAT
251e3ad8cf246fb2444f6f7018c6e1cf	1	325533	player+silence	uade	Protracker	0	60622	c679943e	4e52a077	MODULES/Modules-H/mod.holy grail
254708bcee51d510df67e5dd48f56a4c	1	179903	player	uade	Protracker	0	175328	85bcf5ce	3b765fa4	MODULES/Modules-M/MOD.MEMOIRS
254e2a4d2a1a5425724ca1e5ecbcd9d4	1	207493	player	uade	Protracker compatible	0	54848	7dd993ef	129d65a5	MODULES/Modules-E/MOD.ENTROPY
254f2fc4bee3a2a6f7252e998927290f	1	157579	player	uade	Protracker	0	155926	b1c55d03	03a0b027	MODULES/Modules-X/mod.XTC part 10
25869566a3358f34cc00439b916494ef	1	83330	player	uade	Protracker	0	163940	8c39ea53	8f58035e	MODULES/Modules-S/MOD.SLOW-SLOW
25e9aec78e078a564a98a71c11ea428b	1	268921	player	uade	Noisetracker 1.x	0	157334	4b65403e	ea52f16f	MODULES/Modules-E/mod.europa
25f5ebcc9bf0820ef227d23cf76fb638	1	125348	player	uade	Protracker	0	96868	9ff83b9f	72b057c3	MODULES/Modules-C/mod.ClimbTheWalls!
264529fdcc72d13abbe6cf3f1438b082	1	261245	player	uade	Protracker compatible	0	62144	e1990a41	84709864	MODULES/Modules-J/MOD.JOURNEYTOCAVE
266a91e03ee6d3f2fb89f137402b8e3f	1	264561	player	uade	Protracker	0	281240	f167cc13	9759d140	MODULES/Modules-M/mod.mellow_pluck
2686b5c7184882ba8d83b473ec2078ef	1	303555	player+silence	uade	Protracker	0	147398	abbfaad5	0304dbbc	MODULES/Modules-U/MOD.UP AND DOWN
26910c394a947ca4257bc320487a47a1	1	184445	player	uade	Noisetracker 1.x	0	106494	15d16f65	96a56148	MODULES/Modules-S/mod.Space-Journey
2697b1a6114e2c6c0fe27f7dd0ea5fa1	1	238197	player	uade	Protracker	0	157014	f78de3a0	7e987cee	MODULES/Modules-X/mod.XTC part 4
26ac1abb2713ba1783f587c346434e26	1	304769	player	uade	Protracker compatible	0	165168	b914a80b	b9b33434	MODULES/Modules-E/MOD.Erection
26bb909c068c66330067e0ef6d8ea8d7	1	179984	player	uade	Protracker compatible	0	365070	4efd0917	9bf9a39b	MODULES/Modules-G/mod.get down m
26c871342566f0f0a114b8a122d065fe	1	218260	player+silence	uade	Protracker compatible	0	143120	6c461d10	d79c5231	MODULES/Modules-L/MOD.LSD
26de7408f01bef16e7665a16aabb0f60	1	89720	player	uade	Protracker	0	16384	21a7403d	1b06533c	MODULES/Modules-S/MOD.Static
2704c1d4272f87e36034169719e1c284	1	199797	player	uade	Noisetracker 1.x	0	117562	da9be24a	f8280a85	MODULES/Modules-D/mod.demons.nt
2707786f371ad0388000d4bb6c3a6542	1	193031	player+silence	uade	Protracker	0	105532	251b39ad	77481077	MODULES/Modules-A/mod.any way you can
2764ac38ef03dfc8fa8868c5631bc764	1	192141	player	uade	Protracker	0	157272	65e78a5e	7de0f6f0	MODULES/Modules-R/MOD.RIP-THE-BEAT
2795e026e9b625951193647391ea9a56	1	333966	player	uade	Protracker compatible	0	187012	fca74ba3	54215c6b	MODULES/Modules-P/MOD.PHENOMENA ENIGMA
27bbba3cee60d6ce496d582f14928805	1	84616	player	uade	Startrekker (4ch)	0	35052	d3e694ba	4d0dff0b	MODULES/Modules-S/MOD.SOUND-BEIM-LADEN
27c545fe3f8d9b3adc443c3a30658965	1	184445	player	uade	Protracker	0	401812	8dc749f7	857d5bc2	MODULES/Modules-O/mod.oddysey2
27d37a3c39c057ff22d40704e8a1f43a	1	357256	player	uade	Protracker	0	117478	778ed76a	d49c6c02	MODULES/Modules-C/MOD.CLUSTER
27ec63e7272b8868d85da79bc915739f	1	204941	player	uade	Protracker compatible	0	168282	d9af7c29	2f7e8af9	MODULES/Modules-C/MOD.CokeIsBack
28089dd8e2a47478b85eb8ff91a97538	1	157579	player	uade	Protracker	0	59134	cbfdaa76	dfadaf77	MODULES/Modules-D/MOD.DREAMBOAT
2838e800b1a1a537b54b1f72ad446a08	1	207493	player	uade	Protracker	0	174536	6676e763	e88059c9	MODULES/Modules-A/MOD.A.G.TECHNO
2860e9b8b3d1b175ec59d1e56ba6c045	1	210205	player+silence	uade	Noisetracker 1.x	0	93588	86aef072	71de0ba2	MODULES/Modules-A/MOD.arcane
287c2db019e913e249aaa8d506e1d31c	1	51320	player	uade	Protracker compatible	0	46808	ac94ea41	35f4e7cb	MODULES/Modules-P/MOD.PROPAGADAS-DUEL
289e7a8a215191b3d9d9ac22b916004c	1	169093	player	uade	Noisetracker 1.x	0	61968	93a27cb2	910c2c65	MODULES/Modules-C/MOD.CROWDS1
28d6815db955c019c30f0feb662b4ca1	1	233684	player+silence	uade	Protracker compatible	0	170969	9e567c01	f602cf69	MODULES/Modules-B/mod.beaugirl
2900a6671a188d38ab6d3a4de5aba12a	1	197124	player	uade	Protracker	0	186338	ba93a5f8	92dee467	MODULES/Modules-H/MOD.HC-EXSTACY
291043fab0e83da37746766e83543d97	1	138328	player	uade	Protracker	0	166392	8f55183a	02bc57ff	MODULES/Modules-R/MOD.RON DEVIL
2924848e542d60ac852055c87b6bb8c0	1	68742	player	uade	Protracker	0	21862	43ae8ca7	8594f54c	MODULES/Modules-L/MOD.L'AMOUR
2936d877ad55ded9f5e2d83ea0475d39	1	356120	silence	uade	Protracker	0	166352	97ab27b9	6bdf19e9	MODULES/Modules-H/MOD.HUMAN-WEAKNESS
29382a1c2afa2f1dc1d24902462d2eb6	1	242268	player+silence	uade	Protracker	0	36204	f2f557a4	82b7e0f7	MODULES/Modules-H/MOD.HUNTERS MOON
2952acacdf0e18e7043edde3a940337f	1	84616	player	uade	Noisetracker 1.x	0	53576	2726dfec	0da16ca7	MODULES/Modules-S/MOD.SHOW-EM-EAGLES
295f236ed5dcf44a1c0c26e1421df894	1	171490	player+volume	uade	Protracker	0	197618	a4f84541	dfbc42be	MODULES/Modules-I/MOD.I-HATE-MALLOWS
2978359471a73fcca23825898e9e10b7	1	179543	player+silence	uade	Protracker	0	140706	d578e6dd	544efb9e	MODULES/Modules-D/MOD.DEKKADANCE
29ac6e473a0f2feb04617d9d149410a3	1	271200	player+silence	uade	Protracker	0	67634	a2f8e089	5439faa1	MODULES/Modules-S/mod.skimmer's freakout
29c49f075a28de1334c0426ed354f69e	1	199096	player+silence	uade	Protracker	0	81756	2b5e6b1c	eeaac54a	MODULES/Modules-T/MOD.THE GLADIATOR
29cce7683bd37329165d3534ac0ac382	1	89399	player	uade	Protracker	0	74418	97c3b563	a1c303d0	MODULES/Modules-S/mod.sunny mind
29e0b73eb45170e2f59f177d764972ea	1	88475	player	uade	Protracker compatible	0	97424	9e186b3b	524075e9	MODULES/Modules-L/MOD.let's swing it
29f68d5ade13405c46520118fc622534	1	230541	player	uade	Noisetracker 1.x	0	81282	66820fc7	ac8efaa4	MODULES/Modules-S/MOD.SEXDWARF
2a06f3c90a42503831a45ea9bd458087	1	381410	player+silence	uade	Protracker compatible	0	110240	a487f988	95aff036	MODULES/Modules-W/mod.we're the devils
2a136d6942d294e3c5d5005ea4a196aa	1	255498	player	uade	Protracker compatible	0	105104	ec71d422	fc07953d	MODULES/Modules-J/mod.Jambourg
2a1dccb6af64bb341e2ccc7a8f0bbc4a	1	143493	player	uade	Protracker	0	196838	8d0980c0	fcd28c16	MODULES/Modules-C/mod.club_mood
2a4bc19385bb4028cb8ae1b43a877d46	1	148597	player	uade	Noisetracker 1.x	0	78514	a082669a	24113c07	MODULES/Modules-H/MOD.H-S
2ab816c99a8ec260ce4f5a3076d0ee1f	1	133653	player+silence	uade	Protracker	0	97910	67f31f99	39fe2eb6	MODULES/Modules-D/MOD.DETONATION
2af0bf5a00b8021a8c6eabf1507718e1	1	141885	player	uade	Protracker	0	44302	70e00790	858f41b3	MODULES/Modules-E/MOD.EmptySpaces
2afb187766784271ef9e04a1cfcc5c02	1	153721	player	uade	Protracker compatible	0	139192	e1e14b95	80ab83b6	MODULES/Modules-E/mod.eces slideshow
2b0ff9cb492330d8f5984d39ffc4e036	0	243559	player+silence	uade	Ultimate-Soundtracker or compatible	0	108560	d5835130	16ae8684	MODULES/Modules-B/mod.BLUE
2b1e333e120bd5892050b8b3cf71a631	1	101649	player+silence	uade	Startrekker (4ch)	0	234052	0ede69c8	c45c804f	MODULES/Modules-R/mod.reign of chaos
2b2fdfb500103d4264b42c0e5d31dc6d	1	107645	player	uade	Noisetracker 1.x	0	45728	91e26c7b	ab1531f5	MODULES/Modules-A/mod.Avventura
2b361662ac04509581c29c375b2444a9	1	69224	player	uade	Protracker compatible	0	60718	121b150a	340eb899	MODULES/Modules-T/mod.TechSong
2b3c841e54c53eaaea7d9e868f8b9356	1	325125	player	uade	Protracker	0	221346	2193d4e7	e20ce041	MODULES/Modules-T/mod.the_finish-dr.v
2bc3b265fb368bf7809aaf83af410367	1	199797	player	uade	Protracker compatible	0	84382	a064ac47	d0433aae	MODULES/Modules-P/mod.permission
2bd9e873204f61688abda503599152c8	1	190668	player+volume	uade	Protracker	0	241702	0e736478	ab96a85c	MODULES/Modules-D/MOD.DEEPTHEACID
2c0ad7d7aa83d1cf7f0627431f7e0da1	1	153721	player	uade	Noisetracker 1.x	0	56590	2a5a192c	9ec8402f	MODULES/Modules-B/MOD.BAAP
2c1af1c13bdba8a8df5864aabe20478d	1	107645	player	uade	Protracker	0	8470	d876f375	cf557dd4	MODULES/Modules-I/mod.is this a sample
2c1f8c04f0fce69bbb6a0bfdeea2779e	1	116814	player+silence	uade	Protracker	0	302572	0537fece	5085d3e0	MODULES/Modules-S/mod.scupping around
2c25d4f3362a557e8e8acbe12f329fd2	1	59700	player	uade	Protracker	0	83294	4c59a5c8	6d3c76ac	MODULES/Modules-T/mod.that guys a nutter
2cec5466898befa7b80640853c1d785b	1	230546	player+silence	uade	Protracker	0	238556	2eccba81	07784811	MODULES/Modules-S/MOD.SUCKERS-GONNA-PAY
2d69f526519ff0993e502d3d0c434cb8	1	116586	player	uade	Protracker	0	71036	a9aaf953	95230827	MODULES/Modules-F/MOD.FLYTE
2d743984605d7816ccb2b297162ec272	1	236191	player+silence	uade	Protracker	0	197096	d34ccdb9	ebb738dd	MODULES/Modules-P/mod.prophet2001e
2db0fb9a37f7b103bc8f41319e520c73	1	0	nosound	ft2play	Fasttracker (M.K.)	4	258472	74f4aafc	15f67c36	MODULES/Modules-R/mod.7rsi rise up
2dcac9149b76bfa3334501bc8d8a102a	1	130693	player	uade	Protracker compatible	0	25168	0f549cf5	05cfcf2c	MODULES/Modules-T/MOD.THINKINGOFHER
2e1d3780ec3fda69c247de80089c667b	1	213622	player+silence	uade	Protracker compatible	0	129218	71ef6c99	98acb586	MODULES/Modules-E/mod.exctasy
2e263e0130cd7f40c83d0f76ca7e37c9	1	133742	player+silence	uade	Protracker	0	202608	15402248	3cdf0938	MODULES/Modules-B/mod.basketball
2e7e26bee3e1a43153dc9cbbbfd9bb78	1	258593	player	uade	Protracker	0	135238	e64c681c	36224231	MODULES/Modules-U/MOD.UNALTERABLE
2e968d2688de992439f781d9a2ed7ba2	1	57730	player	uade	Protracker	0	52904	e09d99ba	a99e55aa	MODULES/Modules-T/MOD.THELASTSIN
2ec557ea81de288f49765e867ea6a7f8	1	278737	player+volume	uade	Soundtracker II (31 instr.)	0	89860	dda3a748	ce0b1308	MODULES/Modules-O/mod.official
2ec954a4866e39451b3023b9afacbc3b	1	200225	player+silence	uade	Protracker	0	216890	660ee30a	14dacc60	MODULES/Modules-B/mod.boesendorfer p.s.s
2ec9638b36c7b9dd591c544f339fa581	1	30824	player	uade	Protracker	0	46580	12856486	789f0928	MODULES/Modules-S/MOD.SLL9.1
2edafa90fe7465e5f98a574ca31595e1	1	67958	player	uade	Protracker	0	49754	f5cf712f	c87a6823	MODULES/Modules-D/mod.demons cave
2edff3a7b546ab56a40331e1421604f2	1	84616	player	uade	Noisetracker 1.x	0	38822	77ac267b	adb8fbc1	MODULES/Modules-S/MOD.SONICTITLE
2f22f9c6ccea16710ebf6ce79e913744	1	173200	player+silence	uade	Protracker	0	159072	b0686fec	46cdff31	MODULES/Modules-A/mod.acousticempire
2f4788def42a85f6fdb09e6bac1a7f92	1	110598	player	uade	Protracker	0	179862	0af476f1	bd822d38	MODULES/Modules-S/MOD.SYMPHONY89
2f64b0a98e8c042647f87b837fe38c20	1	171243	player	uade	Protracker	0	130732	8f96fbb0	993c6bec	MODULES/Modules-T/MOD.TIMERUNNER
2f7e7c0734d03e583b7797f36e29c8d5	0	135797	player	uade	Soundtracker II - V or compatible	0	64710	758f5649	99d0fc44	MODULES/Modules-B/MOD.BASKETJODDLE
2f97ad8645c4c84dd8e34da3531c08b7	1	219198	player+volume	uade	Protracker	0	95658	4130c257	39f6b6d6	MODULES/Modules-L/mod.Lektrophile
2fb473c957a38961941e85e000cd52b5	1	109754	player	uade	Protracker	0	40460	fa4a2f49	3cfcbeaf	MODULES/Modules-M/MOD.Memoire
2fd2d55358c4c9769cf57094e12bf3c9	1	128121	player	uade	Noisetracker 1.x	0	90860	dd41835e	d29757aa	MODULES/Modules-R/MOD.ROCKY
2fec244338a8c22c5f3aaff2b9d8e5d1	1	38520	player	uade	Protracker	0	25704	2e59789a	6504add0	MODULES/Modules-P/MOD.PRETEND
2ffb88c22f781862bdd30e1c366c4c1f	1	179321	player	uade	Noisetracker 1.x	0	229712	d2e51385	f2cf9226	MODULES/Modules-S/MOD.SAE
304a7e3800f1ff47585883f3ba8c014c	1	121113	player+silence	uade	Protracker	0	52022	b8fb4c25	d85e1a3d	MODULES/Modules-O/mod.old_englande
304be8a2f966e1da5acc65ed4df6c2f4	1	220293	player	uade	Protracker	0	148892	b2ad31eb	66ab547a	MODULES/Modules-D/MOD.DREAM-BALLS
305d95898155976e06c8862a9e790012	1	38520	player	uade	Protracker compatible	0	105520	437abde9	92ecde47	MODULES/Modules-T/MOD.THOSE-NINE
305d95898155976e06c8862a9e790012	2	64120	player
305d95898155976e06c8862a9e790012	3	70530	player
305d95898155976e06c8862a9e790012	4	69224	player
305d95898155976e06c8862a9e790012	5	116586	player
305d95898155976e06c8862a9e790012	6	84616	player
305d95898155976e06c8862a9e790012	7	67315	player
305d95898155976e06c8862a9e790012	8	102520	player
305d95898155976e06c8862a9e790012	9	118848	player+silence
308975a50640ecb737a8dd0b616a4634	1	185751	player	uade	Protracker compatible	0	160990	60ad3a55	da4279ed	MODULES/Modules-R/mod.Rebels-Hysterical
308b8fdbd7fedb6ee43cc650bcd4688d	1	180412	player+silence	uade	Protracker	0	65798	11ae6182	81e8ea5b	MODULES/Modules-F/mod.fossilized
30fc2f1d43d7edcbb80dd9d137686ed4	1	146045	player	uade	Noisetracker 1.x	0	52726	88da6bfa	5b4ef16b	MODULES/Modules-T/MOD.TONI2NORMAL
3117219793fcde48c97435b3b54a4e06	1	141644	player	uade	Protracker	0	170452	91e3bc97	c3206e8b	MODULES/Modules-F/MOD.FUNKYPIANO
312c9d3ea172cd636dfcfc4b320d6951	1	380284	player	uade	Protracker	0	149572	1feb4471	302b1fa7	MODULES/Modules-C/MOD.CLASSIFIED
313938ad36e64bec74081972615f22b1	1	134531	player	uade	Noisetracker 1.x	0	57400	6846e4c4	c960d72e	MODULES/Modules-A/MOD.ACES-LOW2
313a62e7b7cd5414ed98e6f575f9ccf4	1	199797	player	uade	Protracker	0	79536	3a660e9c	ea0c81d2	MODULES/Modules-M/mod.mad maze
317e3adc92552be413f945c05660b5e8	1	4079	player	uade	Noisetracker 1.x	0	78178	5accf5e7	40db0290	MODULES/Modules-V/MOD.VICTORY
31adbf9231ab7e63f15246f9a684bae0	1	87873	player+silence	uade	Protracker	0	99092	25f469f7	f8c074d1	MODULES/Modules-J/mod.jazzy_nork
32238fc4f1e4e359cf4f09c229820c9a	1	92272	player	uade	Protracker	0	110702	1ec13c71	49815d91	MODULES/Modules-X/MOD.X
32512180f478aa8837ff0c9a1df24ca8	1	203635	player	uade	Protracker compatible	0	162944	02900fc0	61c1f323	MODULES/Modules-S/mod.soft-rockin
3260f781818dde342f331e617fa9aee9	1	238197	player	uade	Protracker	0	119660	0db8d34e	95d95f8f	MODULES/Modules-D/MOD.DONTCAREANYMORE
3267799e5650348bddf5ecd0f619056a	1	169093	player	uade	Noisetracker 1.x	0	85520	ef0fda0b	4285d5fd	MODULES/Modules-D/MOD.DIE SMART MIX
326dda4025096bc97490c959e82ff727	1	99968	player	uade	Noisetracker 1.x	0	128760	37b751f9	6788c96b	MODULES/Modules-L/MOD.LYKKEHJULET
32efec4c65a7bea3f0287b9f6e4ff128	1	84616	player	uade	Protracker	0	79996	8275a413	8038e5c9	MODULES/Modules-B/MOD.BLUE-MOOD
32f214a9b0c8726df325a215c51544ea	1	127678	player	uade	Protracker compatible	0	75922	db5c74b3	ecadba8d	MODULES/Modules-S/MOD.SNOW-RUNNER
32f8231ece1079794688bfabc05bf0f7	1	105474	player	uade	Protracker	0	20306	09e36f1e	29b6cb45	MODULES/Modules-D/mod.darkness ii
32fed95fe344799a4e7c30df14744cf0	1	299871	player+silence	uade	Noisetracker 1.x	0	128580	e7585dd3	b51d0940	MODULES/Modules-S/mod.stereogass
3333eac3c7eb7a5dab328e0b53d7f50c	1	153721	player	uade	Protracker	0	94896	e8a07251	c243b7d5	MODULES/Modules-S/MOD.SUBTRADE
3358503cabb1f63e31853d0c57db3234	1	196358	player+silence	uade	Protracker	0	69014	2305d22f	45e77f41	MODULES/Modules-J/MOD.JUST A LIE
33d711a28bfa599512fe9d82d2dc0686	1	396781	player	uade	Protracker	0	191754	4bba7dd6	2b374cbe	MODULES/Modules-S/MOD.SHINING
33f3f28da4d38e90bf21e93ea2c76c68	1	169093	player	uade	Protracker	0	83302	72b075b7	e92a5687	MODULES/Modules-L/mod.LOTUS
34174e925eb70340931a78294c63e650	1	353311	player+silence	uade	Protracker	0	300754	b5472379	960a744e	MODULES/Modules-J/mod.journey to revina
3417f622f00a24ec85a88e6fca6f43ee	1	230541	player	uade	Protracker	0	59716	9ce67919	78162e6f	MODULES/Modules-T/mod.the best of piano
352a9b88fd84130b8c7d434568fe5df1	1	135776	player	uade	Protracker	0	108656	48ebcc0a	24351698	MODULES/Modules-C/mod.camomile
3553c522bfadb3223ce7c0b906de7775	1	32748	silence	uade	Protracker	0	146148	38019d37	b0f96da4	MODULES/Modules-M/MOD.MYSTIFIED
3556a798e0f5d1b04966d31dd6b4ee49	1	195055	player	uade	Protracker	0	106472	024bccd1	8e7e8fd2	MODULES/Modules-M/MOD.MENTOS
3577170d4b6d7e539b5f043f82221517	1	112614	player+silence	uade	Protracker	0	119822	38130915	dc4e0285	MODULES/Modules-J/mod.jammin' for nothing
3584adb6cdb6a07f077af0f20ecd8fe8	1	192141	player	uade	Noisetracker 1.x	0	74200	eef5a5b4	3a1f4b73	MODULES/Modules-S/mod.shadowz pleasure
3598295662bbea3455fbaa5036b4f752	1	222845	player	uade	Protracker	0	107036	71f5fa0d	649d1c6c	MODULES/Modules-L/MOD.LSD-BASSLINE
35a16e8fdf0648cb37b900710a66f9d8	1	275311	player	uade	Protracker	0	423044	5fcc5581	3c0ee8af	MODULES/Modules-P/Mod.POSSESED
35b54ea7501c8c1f02961d9ee854b121	1	212577	player	uade	Protracker	0	137182	493d9ff7	2849a671	MODULES/Modules-O/mod.option_to_die
35de41291f974f9dcb045c19d5c358e9	1	230541	player	uade	Protracker compatible	0	121310	e2159810	2a8d9a15	MODULES/Modules-S/mod.shoutitout
360b5f618aa1776f86859c6ec567eafd	1	146045	player	uade	Noisetracker 1.x	0	114016	751f5b19	c314c554	MODULES/Modules-H/mod.hri salute
361b180693ef1f544a80bb6e9330c657	1	177799	player+silence	uade	Noisetracker 1.x	0	366760	0d16e26f	ecf09510	MODULES/Modules-D/mod.deee-lited 
36268695ccc9973bd7843536cce2de73	1	171806	player	uade	Noisetracker 1.x	0	77196	f60f9a62	f13242da	MODULES/Modules-M/MOD.MAGIC WAND
362e40f36cd0d8e0bb89d3d0d8be9ed1	1	30824	player	uade	Protracker	0	18862	26b2ba69	a29ce360	MODULES/Modules-R/MOD.RIPPED OFF1
3630f6dc68b76e3e47aba672c33167b0	1	202369	player	uade	Noisetracker 1.x	0	98332	8f405846	20a19e15	MODULES/Modules-E/mod.echofunk
364e39f15911854e522e5aa686c9a5b7	1	214542	player+silence	uade	Protracker	0	70760	fc18444b	3d506e0a	MODULES/Modules-D/mod.dictator
36618c242d4c11431200435c00485e04	1	141001	player	uade	Protracker	0	127958	439f7fa5	6b2119b0	MODULES/Modules-B/MOD.BROKEN-CIGARETTE
36927a891d58f1a1a0f937cffa09b8ee	1	193645	player+silence	uade	Protracker	0	238472	6f14c568	92420839	MODULES/Modules-T/MOD.TENDER-LOSS
36bdc8ba869b7da6e668f589a207b77b	1	301607	player+silence	uade	Protracker	0	178230	3bd7945f	9135cabb	MODULES/Modules-L/mod.lucys song
37108b114d4aee0dd88849fc35544ddb	1	52948	player	uade	Protracker	0	92706	85ed3383	dc71dbe7	MODULES/Modules-P/MOD.PUKKIJOULU
37108b114d4aee0dd88849fc35544ddb	2	46558	player
37af13909189b59517584ced48589fae	1	76920	player	uade	Noisetracker 1.x	0	93260	6ef8482a	625567bf	MODULES/Modules-G/MOD.GAINSMUSIC
37dd0ee9fe8722d36d903161964037ba	1	134531	player	uade	Protracker	0	211302	a3563e38	cc113e69	MODULES/Modules-C/MOD.CRUSADE-REMIX
37f556ce6cd9e71aeb6c30366fd4041c	1	135873	player+silence	uade	Protracker compatible	0	42162	4b6bdd37	bdfe9fc4	MODULES/Modules-T/mod.thump
3819db3ea25c817a88ba111f45493332	1	63477	player	uade	Protracker	0	34908	126d5ea5	4b3b4d93	MODULES/Modules-R/mod.rain
3826dd70677258bb8f1fd9ae7ea9c76b	1	108770	player	uade	Noisetracker 1.x	0	107382	e5a7c381	b962afe1	MODULES/Modules-P/MOD.PARANOID
3835d75706169a31d2d36ad6f7e8cdff	1	256824	player	uade	Protracker compatible	0	198662	3f1db631	00a3fbf0	MODULES/Modules-E/mod.epsonic (nhp&bkh)
384220ac559d6e57c65688deb4ac28d9	1	514981	player+silence	uade	Protracker	0	124044	5013a8a6	40181f9d	MODULES/Modules-G/MOD.Graveyard2
387434384ee4a99b5fadc8f621cc2d7d	1	106824	player+silence	uade	Protracker compatible	0	225142	18daeb6b	5272746d	MODULES/Modules-A/mod.a1
387434384ee4a99b5fadc8f621cc2d7d	1	106824	player+silence	uade	Protracker compatible	0	225142	18daeb6b	5272746d	MODULES/Modules-G/mod.goonie1
387c1ffca73e5234aa75c69fe8a61045	1	138369	player	uade	Protracker compatible	0	28740	c7753fa8	8aef6bbb	MODULES/Modules-S/MOD.STRESS
38b8e91dfc4b9d5a7f20667f6e437657	1	173252	player	uade	Protracker	0	100798	b2b9dc18	1f5fa0f3	MODULES/Modules-T/MOD.THEANVILCHORUS
38ddb311194bb26600f425bc8be1b958	1	127156	player	uade	Protracker	0	215844	bc25fb84	e896f475	MODULES/Modules-A/MOD.ATOMIC-SWEET
38ef81f169ba181dc8de64e65ad78a6c	1	264063	player+silence	uade	Noisetracker 1.x	0	112676	aa8d25d9	b2e9c31f	MODULES/Modules-D/mod.dns
38f0f91d10078f4473fab75fa2136c86	1	84616	player	uade	Protracker	0	181498	02840ab1	df7c64af	MODULES/Modules-G/MOD.GET INTO TECHNO
3914cb55c7e2fcf7be185a8c90fb8d09	1	169093	player	uade	Protracker compatible	0	71726	6add3306	0d651a64	MODULES/Modules-S/mod.sinate-version2
3916011efa7611a9a5ad4a0d7563f12d	1	250862	player+silence	uade	Protracker	0	246452	d9f86503	5db7b479	MODULES/Modules-S/mod.synposium
3917cf165892f91cea3fbc470be5e1af	1	130914	player	uade	Protracker	0	110096	7ef689c2	2fd4f3df	MODULES/Modules-F/MOD.fini
391d2d36f62b070fe9304b99d077e111	1	238197	player	uade	Soundtracker II (31 instr.)	0	84172	99c3f12f	38dd4019	MODULES/Modules-E/MOD.ENDSONG
39262cde97180d6630983aea6977658c	1	153556	player+silence	uade	Protracker	0	67518	f142aac0	5ee105ea	MODULES/Modules-R/mod.Rouht-Iron
393abb9c1e4a3682a3d78d3278cd848b	1	169093	player	uade	Protracker compatible	0	96992	fb2553d4	cc0be88d	MODULES/Modules-M/MOD.MUSIC IN MY DREAM
394eb6746c3e6972a3f2a4ddeb28cb74	1	221453	player+silence	uade	Protracker	0	217336	6e068e29	a485184d	MODULES/Modules-E/mod.etheral void
399f71a1884aa3acb4a7f676199164a6	1	338130	player+silence	uade	Noisetracker 1.x	0	139868	29304215	31c86d3c	MODULES/Modules-C/MOD.CHOOSEJESUS
39b6e8a8e47d05ad9172f11f31a62a61	1	215149	player	uade	Protracker compatible	0	114284	7cd412e0	2472acc4	MODULES/Modules-W/mod.WHOUSE
39c97ad1052c5893c82d1cfb3d6c16ed	1	76920	player	uade	Protracker compatible	0	24832	08111d05	d2093cf1	MODULES/Modules-L/MOD.little china
39d9f229f13846f26102ca7808608151	1	73082	player	uade	Protracker	0	84076	6cfe6671	6d14b235	MODULES/Modules-E/MOD.ENDLESS-DREAMS
39e6a1b18b3ba50e5ae05ff48de088cc	1	163969	player	uade	Protracker compatible	0	146166	414f8dde	5ee00338	MODULES/Modules-L/MOD.LONG SLIDE
3a4e8e4254d25d330dbbbcad35810378	1	44910	player	uade	Protracker	0	32322	db299261	7a404f90	MODULES/Modules-B/MOD.BAGPIPE
3a8560d744a43baf12955b5ec1eacaaf	1	250909	player+silence	uade	Protracker	0	198254	8227e771	3f0822b3	MODULES/Modules-A/MOD.ANNIKA
3a9830d6a837e79171234999e64947d6	1	237112	player	uade	Protracker	0	52876	82bc8f0f	d6a15bc2	MODULES/Modules-L/MOD.LOAD-MASTER-LOADING
3ae3101f0d5b77aa699b72f6e5010241	1	262531	player	uade	Soundtracker II (15 instr.)	0	98606	88be8397	88eab1fc	MODULES/Modules-T/mod.TheGloomStrikes
3b06d00e2b9e91824993fccda08f5ffa	1	293316	player	uade	Protracker	0	209048	fb61a656	ae5ebc1b	MODULES/Modules-F/mod.future traveller
3b1472fb81a8bc7895bba78c818a39df	1	194693	player	uade	Protracker	0	82110	7c93a1fd	5647424c	MODULES/Modules-R/MOD.RIFF-RAFF
3b305d6b0bb9cb50de7772cd39f17c34	1	171537	player+volume	uade	Protracker	0	88894	7dd5202e	56641746	MODULES/Modules-W/mod.White_Rose
3b39f22caf2f1cc3ca57347da34ad1db	1	76920	player	uade	Protracker	0	42312	430dba9d	eed11f42	MODULES/Modules-D/mod.delta
3b5520fcce428f6502b099ddbec311af	1	104412	player+silence	uade	Noisetracker 1.x	0	115114	3a4f2997	e4aaf9a4	MODULES/Modules-H/MOD.HEAVY METAL
3b5a3d8730eadfd11e90042ba8f9ce62	1	217138	player	uade	Protracker compatible	0	108348	a871255e	41e7486c	MODULES/Modules-S/MOD.SONIC
3b8a1979c4ea4abf8a69bd6be07930cf	1	146045	player	uade	Protracker	0	156220	80fcdc87	f3c98036	MODULES/Modules-I/mod.Industry
3b8b9e74a73aaa871ef4b63333276014	1	215149	player	uade	Soundtracker II (15 instr.)	0	56446	7ed5c6a1	d7ff533e	MODULES/Modules-N/mod.NONAME
3b999122dfabbd329bd2021a2e06c760	1	192141	player	uade	Protracker compatible	0	71180	8ea3d929	b78ae40c	MODULES/Modules-T/MOD.TUN2
3bd2ab509825b0db385c5a167c546720	1	410830	player+silence	uade	Protracker	0	163542	2c3024aa	77e6d07d	MODULES/Modules-M/MOD.MANDA
3bf74664881954f2a156f69a7fd2ba5c	1	62834	player	uade	Protracker	0	131348	967b49a8	074894e5	MODULES/Modules-G/MOD.GETFUNKY
3c0378cc26342b063a17aea6c38bf5dc	1	191982	player+silence	uade	Protracker	0	159038	da3c6820	69880508	MODULES/Modules-B/mod.basic instinct
3c1027c8eba74f47016b2b2b061cddf3	1	332489	player+silence	uade	Protracker	0	65260	fc0fe69c	f98f85a1	MODULES/Modules-G/MOD.GATE-TO-MIZAR
3c70f44a5f899a572b267d1bf6208e37	1	283992	player	uade	Protracker	0	134278	62c1d5f3	92a86a34	MODULES/Modules-S/MOD.SAURON
3c8b81ce59264057dc030f17accb7177	1	158845	player	uade	Protracker compatible	0	120558	8238cad4	91d2bd52	MODULES/Modules-S/MOD.special
3c900752e64cf61e1470e33961b62123	1	107645	player	uade	Soundtracker II (15 instr.)	0	51020	409ac9df	ccc1596d	MODULES/Modules-W/MOD.WIZARD'S SPELL
3cc0e6c79505360a9a14e050c371c4c4	1	249731	player	uade	Protracker compatible	0	100696	1bc6c688	88c2b7de	MODULES/Modules-S/MOD.SNIPPERS
3cc2d22ff95255b37e6817fad7f10ce8	1	133888	player	uade	Protracker	0	56338	d622b6ad	30011459	MODULES/Modules-D/mod.dream off (mco)
3ccafc0a23004541e4b8405b256a0c8b	1	213079	player	uade	Protracker	0	90268	c1617650	a61034c1	MODULES/Modules-N/MOD.NO-IDEA
3cd64d1ef84a341a433bb7c3405f43dc	1	228548	player+silence	uade	Protracker compatible	0	187502	63f75bf1	8a9816f0	MODULES/Modules-O/mod.outa city lamer
3d4732f16d923dc2096f5d325c3e2dfd	1	138369	player	uade	Protracker compatible	0	65946	1fb9285a	1757a76b	MODULES/Modules-F/MOD.FJANT
3da2ba18e9158803d439eed676bf604c	1	71294	player	uade	Soundtracker II (31 instr.)	0	59742	95d18fb9	0a98e5b1	MODULES/Modules-T/MOD.TRIBUTE
3da303cf890b8bbe7a33553e92d23b29	1	230541	player	uade	Protracker	0	62482	80b3826e	5bbe5d86	MODULES/Modules-S/MOD.STUNTFLYINGII
3dba3d500490c8b901f67887a3444370	1	230541	player	uade	Soundtracker II (15 instr.)	0	80798	284133ec	08c248df	MODULES/Modules-W/mod.walkman3
3dcdb4d071f62893eed137b426d5e682	1	92272	player	uade	Protracker compatible	0	58314	8da6eea7	a349b501	MODULES/Modules-B/Mod.Brilliance
3dded6fd11c822cab1b632846ae56581	1	192141	player	uade	Protracker compatible	0	126654	40d7f1fa	d080e003	MODULES/Modules-W/MOD.wait to eliminate
3df710e91220b293ed48810cf7bd8355	1	232852	player	uade	Protracker	0	291630	a8d6ac44	20a886f6	MODULES/Modules-H/mod.Hard-core-techno-max
3e4319d33eee062b501ae5a1224441eb	1	107645	player	uade	Protracker compatible	0	35376	e5adbe10	8ce77b49	MODULES/Modules-S/MOD.SLOW
3e7b691a9185130923023f4b8a668f77	1	207306	player+silence	uade	Protracker	0	162854	00f0b74d	63f01aac	MODULES/Modules-M/MOD.MYSELF
3ed98220255bc6f317ce364b1b8a9f6c	1	61689	player	uade	Protracker	0	207652	26647346	c07a4c7e	MODULES/Modules-F/mod.fro7 rave song
3edd8703dc9e23e9c4e03d38a916a983	1	207493	player	uade	Protracker	0	74324	7d8d7c9e	b3981c8c	MODULES/Modules-B/mod.busy
3eee2c64a7b0a8e5532125db7f84df7f	1	315258	player	uade	Protracker compatible	0	128020	431f4d1b	c7a4ad63	MODULES/Modules-H/MOD.hallucinations
3f094f74b5fa6f8b0a113efbaa6a29b5	1	140519	player	uade	Protracker	0	114442	a995026f	f587b0f6	MODULES/Modules-G/mod.gold return
3f211ef186f8bb10142b6050c61f8716	1	107645	player	uade	Protracker	0	23020	abfd2ef6	5794d5ae	MODULES/Modules-A/mod.arnesune
3f436602e6afc579d00c0f7e27a024b8	1	146045	player	uade	Protracker compatible	0	85834	62a37fd5	45c221d8	MODULES/Modules-H/mod.harleymusic
3f74ef032dd5601f043774d212c3e5ab	1	261245	player	uade	Protracker	0	123074	a5ca0d20	5f3a0b27	MODULES/Modules-N/MOD.NEPTUNE
3fc29459b628ab24b8fc0365ae7929a2	1	84616	player	uade	Protracker	0	103670	cf76efea	370ce179	MODULES/Modules-T/MOD.thump2
3fc4ea3d32880750fd53ebee989c25c4	1	80758	player	uade	Noisetracker 1.x	0	36234	b8248b52	81513380	MODULES/Modules-L/MOD.LONELY
3fc9605be9dd91c0021626492ad707b1	1	407290	player	uade	Protracker	0	193820	c9b8acc3	0d150056	MODULES/Modules-T/mod.the moebius
3fe4980642446e469d5d260016500021	1	199797	player	uade	Protracker compatible	0	202108	9c33849b	67cd0256	MODULES/Modules-H/MOD.human_invasion
3ff80de409737b103d601014e546d2dd	1	190513	player	uade	Protracker	0	178852	b7c735c8	ec225c18	MODULES/Modules-D/mod.domino dancing dub
3ffaf364eca9f8797c4259ada6a4a61b	1	76920	player	uade	Protracker	0	78526	162e4fe8	76db8e6a	MODULES/Modules-E/MOD.EINSTEINIUM-05
3ffb54315fda8c1ed1fa44f5222dbb7d	1	153721	player	uade	Protracker	0	147490	8b9637e0	12a28932	MODULES/Modules-C/mod.cloudwalker 777
400e2b0906d79841f6917caba92114ee	1	51320	player	uade	Protracker	0	9804	e9227d9a	811790ab	MODULES/Modules-C/MOD.Clarke2
401e24fd913b9fdec1fc202e396fc394	1	75132	player	uade	Noisetracker 1.x	0	84272	1fa1d249	5f921915	MODULES/Modules-G/MOD.GLUE-L
403194671c6045fa42d1ef94bb82b853	1	194070	player	uade	Protracker	0	268870	584b1dd6	1f3b0f4e	MODULES/Modules-S/MOD.Song1
404ea37a508557d551bb2a30e1aa48d9	1	99325	player	uade	Protracker compatible	0	131368	f58d983b	f76a2191	MODULES/Modules-B/MOD.Beyond2000
405fcc9775268d227ce3db738b597ae4	1	56424	player	uade	Protracker	0	157512	d82296fa	4f2e3849	MODULES/Modules-P/MOD.POWER-OF-BRONX
4061ff17ed83030b1c3c8de0914104fb	1	376405	player	uade	Protracker	0	122794	f12c8e70	81d8b5e3	MODULES/Modules-B/mod.breakthrough 6-18
40b353e44ba1827c4f2c53f50df9476d	1	108569	player	uade	Protracker	0	29682	f151eed7	e0c5235f	MODULES/Modules-P/mod.pianobouree
40b677bd5d10015cd12d4d342a993b80	1	176769	player	uade	Noisetracker 1.x	0	103438	1065501d	88943ea2	MODULES/Modules-A/MOD.AXKOLD
40bd245d8a42e912a21d912aa25dc114	1	376466	player	uade	Protracker compatible	0	142986	1ae5c7d6	3bd6b2de	MODULES/Modules-A/MOD.AcidHouse
40bdecf97c81961d4211e08816524f35	1	122997	player	uade	Noisetracker 1.x	0	43200	c1d61c23	76762026	MODULES/Modules-S/MOD.SLL8
4142cacbc06bf837ab558e5e9330a269	1	130400	player+silence	uade	Protracker	0	218524	7d07b858	62f9627a	MODULES/Modules-S/MOD.SOMETHINGSANITET
4153cefead2d12fb4020b3ec52644608	1	204941	player	uade	Protracker	0	128206	43d956c4	f1a56e41	MODULES/Modules-C/mod.coke is back
41594ffc1ea7d57cfb1864ce88cd3d54	1	240769	player	uade	Protracker	0	76978	0fa4b8bb	940c4d6e	MODULES/Modules-S/MOD.SO COLD2
41b66f06ee3449f58a9b8849f66c13a7	1	192141	player	uade	Protracker compatible	0	65156	278480fb	939214d2	MODULES/Modules-W/MOD.WALKIN' FOREVER
41d49a3fdb31b1f296c4d4bff69193cf	1	236268	player	uade	Protracker	0	129196	8fe75e99	112db8dc	MODULES/Modules-T/mod.tactical conception
41e01dc11264f508d19fe9bd3aa48a30	1	144276	player+silence	uade	Protracker compatible	0	55762	6e006b63	929ac456	MODULES/Modules-C/mod.Confused
41f6aee5f3e4019eb0f4139874997cd6	1	155650	player	uade	Soundtracker II (15 instr.)	0	67992	79c67b0b	ee2e79d3	MODULES/Modules-S/mod.ShesLikeTheWind
424e0206d81eae842b3048f7c0efa431	1	115803	player	uade	Protracker	0	180252	13e05ccc	fc3435d3	MODULES/Modules-A/mod.a common threat
42579f33b259cbbf66d82f44f099e274	1	169093	player	uade	Noisetracker 1.x	0	28728	c939b8a6	ede8f56b	MODULES/Modules-E/MOD.EWOK
425e1c7324c5107ff6212249bfe8833b	1	138369	player	uade	Noisetracker 1.x	0	54096	c050eae8	c6cb78d8	MODULES/Modules-N/MOD.NICEWALK
427e9da6c60af7ee09f8cc5e6d87faab	1	41032	player	uade	Protracker compatible	0	133750	6dcc4898	1639879b	MODULES/Modules-H/mod.hot-space
429a06d2a0f8919ea51fea863e49bfe0	1	166521	player	uade	Protracker	0	173404	ccc26e31	3abbb2b1	MODULES/Modules-I/mod.it's_just_sonorous
429e81df092cae34aa5a68c15aaad5e4	1	144015	player	uade	Protracker	0	124434	be1d9ec9	1c7fb1b6	MODULES/Modules-F/MOD.FATAL_FUNKSIDE
42ab67ac3071cc5c444c485714e4369f	1	115321	player	uade	Noisetracker 1.x	0	78846	63c7e95d	29fec7be	MODULES/Modules-E/mod.enemies
42affc632e4989917dad80e1983b8a29	1	210068	player+silence	uade	Protracker	0	118812	aaff7956	7144412c	MODULES/Modules-W/mod.whisk
42ca64106a88ff136a7171f42d587fcb	1	153721	player	uade	Protracker	0	71468	21acf5aa	d6867b1c	MODULES/Modules-A/MOD.ALTITUDES2
42e4edb60f64faa84d3193529b279111	1	192141	player	uade	Protracker compatible	0	56558	d9b0e237	88f38303	MODULES/Modules-W/mod.werweru
4303ef10bf4a0fe0077a3fe36e688872	1	222845	player	uade	Protracker compatible	0	167888	3d82d40c	47e56c11	MODULES/Modules-T/MOD.THE-DARK
431cbff1087251fbdd8bb21ff76a7616	1	81000	player	uade	Protracker compatible	0	37384	debcf8bd	21769548	MODULES/Modules-S/mod.sonar
4321dbaa8748db26a9317901a062a016	1	176166	player	uade	Protracker	0	169472	0aee607d	bbd32f69	MODULES/Modules-D/mod.dusty bottle
433d73e082058506f725d65a15325f4a	1	254004	player+silence	uade	Protracker	0	104084	8b2db645	8422e24c	MODULES/Modules-D/mod.deva
434a90f5863041e0cbeb86589bba1d8f	1	200951	player+silence	uade	Protracker	0	49106	d301fb72	d497be5c	MODULES/Modules-A/mod.a slice of life
4367008631aefecad3885a66ba50ba99	1	326531	player	uade	Soundtracker II (31 instr.)	0	130810	b594ffa1	d64057b7	MODULES/Modules-H/MOD.HELLO ROB
4373de6bf441c341aca3c091d826ca19	1	35968	player	uade	Noisetracker 1.x	0	28756	c07dbd0f	571b6ec5	MODULES/Modules-R/MOD.REDNEW
438981fd1f3c3b23774177b93e9f0be2	1	173765	player+silence	uade	Protracker	0	34688	a6c72a02	e0e5200d	MODULES/Modules-E/mod.empty space
43d271399f8eab0e2ec2a1dfe57cf32b	1	103885	player+silence	uade	Protracker	0	173748	0b26b24d	34b472ea	MODULES/Modules-M/MOD.MADACID
440b5f3fd5a31681d969eac35702f146	1	76920	player	uade	Protracker	0	145456	8fa4822b	41f75e8a	MODULES/Modules-X/mod.XTC part 2
44146ca2e4485c93142b0a6a803529f8	1	181732	player	uade	Protracker	0	105168	0ec5867a	5d84032e	MODULES/Modules-D/mod.DJxmas
4416d9e66dd51ae82083e7c6dbac84b7	1	197245	player	uade	Protracker	0	106598	1ff9c013	e7526495	MODULES/Modules-N/mod.nicebeat
4416d9e66dd51ae82083e7c6dbac84b7	2	10790	player
4437e786bc2fc7b0e3ac97b3553c90d5	1	355764	silence	uade	Protracker	0	283550	b08e6078	4c1a9cc4	MODULES/Modules-T/mod.thewar
445b97fbea36e5096e06051420472675	1	161397	player	uade	Noisetracker 1.x	0	67388	edaf0ec9	6ac38bd4	MODULES/Modules-G/MOD.GOLDR.HT
4463912d131eaf19cde9f705452ecbf7	1	116542	player+silence	uade	Protracker compatible	0	108090	cd54137d	af684fa5	MODULES/Modules-S/mod.static tune
4482804b808d76aca947ff129ce3430f	1	199797	player	uade	Protracker compatible	0	71842	10797ab5	bb972d78	MODULES/Modules-C/MOD.CRY-OF-THE-WOLF
44957aa8342b765032e58a1431c215e1	1	203635	player	uade	Protracker compatible	0	79750	82b9fd30	704582b9	MODULES/Modules-R/mod.Rhodes
44a5b1133910d398843170ae20659393	1	155650	player	uade	Protracker	0	129670	43f7f74c	6d781c37	MODULES/Modules-H/mod.helmet for sale
44afba94c6324863903a815cf8a09944	1	167787	player+silence	uade	Protracker	0	98604	f69cee1d	591fdb28	MODULES/Modules-T/MOD.THRASHZONE
44df708162c515916f2eb802bfb551e4	1	212557	player	uade	Protracker	0	146770	296b7560	b214512b	MODULES/Modules-L/mod.learning to fly
44e53dd5cc202579aeaa93163cfe2326	0	161316	player	uade	Soundtracker II - V or compatible	0	73994	18b57af9	256ea2b4	MODULES/Modules-C/MOD.CYMBALIC-HYMNICUM
451f2abfb03d7de40ae3b7df3c61a44d	1	246838	player	uade	Noisetracker 1.x	0	78188	ff35ee33	882ddfe0	MODULES/Modules-L/MOD.low altitude
451f2abfb03d7de40ae3b7df3c61a44d	1	246838	player	uade	Noisetracker 1.x	0	78188	ff35ee33	882ddfe0	MODULES/Modules-L/mod.LOWALT
453a00c6ff37f41fd16af63b19422da5	1	115321	player	uade	Protracker compatible	0	36990	e3549b21	219aca63	MODULES/Modules-O/mod.OKay
456211d0541055a666e495fc56c9b630	0	127850	player+silence	libxmp	Wanton Packer	4	256564	64b1304e	c4e7905f	MODULES/Modules-T/mod.tweaked 2 fit in
457b1e0ce140f1a8db533592b5134e90	1	76920	player	uade	Protracker	0	93930	9cc14019	58b6d114	MODULES/Modules-W/mod.where now??
4597fb7668569f7e17f3fe59a8709580	1	115321	player	uade	Noisetracker 1.x	0	89182	9f97448d	054e1583	MODULES/Modules-E/mod.EnemiesIntro
45a2b48af03bf75ed13bbe8a3c1442f6	1	206207	player	uade	Protracker compatible	0	63234	c77cb935	4aa2ee12	MODULES/Modules-M/Mod.Mobfers
45c6d0dccc3d32683cfc4f0f0f8c036d	1	153721	player	uade	Noisetracker 1.x	0	61866	3cd8de62	1f4a85cb	MODULES/Modules-T/MOD.TYG
45fc9186e95c43d4943c4c305a96eb2c	1	38520	player	uade	Protracker compatible	0	81072	bf369cf6	d70fe56a	MODULES/Modules-W/MOD.Whistle
4614f4b0fdb0bef8dc0f2ab66fdcf288	1	206488	player+silence	uade	Protracker	0	189936	d84c8e13	f0efed07	MODULES/Modules-C/mod.cool as a bad word
46353fcb63549099aa37685a706d9f5a	1	209755	player+silence	uade	Protracker	0	191246	26e6025a	7554d1d1	MODULES/Modules-S/mod.sometimes-x-rated
4649912eb7e8e02e03e15bd037fd8ea9	1	123800	player	uade	Protracker	0	101900	aacea51e	91ebd64f	MODULES/Modules-L/MOD.LITTLE-EXTRA
465cb5810643f3e65abca6a9bb0c7b7e	1	290543	player	uade	Protracker	0	207260	cea6e687	3ff2aea8	MODULES/Modules-M/mod.mad hatter
46ca05c1b239432ec117668ab3578da3	1	96954	player	uade	Protracker	0	46136	be56ba74	25d0f61f	MODULES/Modules-T/mod.total breakdown
46d354c782acbbc1cf184d0f76ed4330	1	128944	player	uade	Protracker	0	99060	a3ce053d	035cfff2	MODULES/Modules-E/MOD.EXPRESSWAY
46ed23a0d72148030c47ab86b60875be	1	407009	player	uade	Noisetracker 1.x	0	196720	d7d328c2	dc800b56	MODULES/Modules-E/mod.edelweis
470ac1785bfefb168af99d62ad0fb423	1	107624	player	uade	Protracker compatible	0	160398	c5fbe84a	1c2b6257	MODULES/Modules-D/MOD.DarknessOpera
474b4b6b4bddade6bac6ccf43ca56f1d	1	130693	player	uade	Protracker	0	71054	daac1a72	a61bfcde	MODULES/Modules-C/MOD.COMPLICATIONS
474fa853cbf10e5824dcc94c7fefac86	1	171966	player	uade	Protracker	0	229484	2a43d8d0	9d026eff	MODULES/Modules-A/MOD.ACID_JAZZ2
475d8a5421ec34608114fdf44aa85bfe	1	146045	player	uade	Protracker compatible	0	43652	e7488474	4807a10b	MODULES/Modules-F/mod.Familiar
4775e149c9bf32643241cd1a101d0086	1	125569	player	uade	Protracker compatible	0	251150	84548fd0	6ecb414d	MODULES/Modules-H/mod.hip-pop
477de5b0ca4ce5526b81410712468b53	1	236931	player	uade	Protracker	0	165198	e83e758e	80dc3cb5	MODULES/Modules-A/mod.ado_ellenora
4780b3daac07191f179480ebf6b898b4	1	138369	player	uade	Protracker compatible	0	36650	cbe1c219	8a844e4c	MODULES/Modules-B/MOD.Blinkys
4787d6e9bb17eb85c37740da05b87ac1	1	169093	player	uade	Noisetracker 1.x	0	98946	25d3bdd7	0fde7174	MODULES/Modules-F/MOD.FRESH MIX
47ac4aec1863ef65d320fbde946802bc	1	199797	player	uade	Protracker	0	144030	89e8329d	a8244758	MODULES/Modules-G/MOD.GUMMISNOPPIS
47bbc9fffc31264657f35d16dfc1c539	1	260176	player+silence	uade	Protracker compatible	0	119190	28c88270	55aa1e7e	MODULES/Modules-N/mod.Native-Dipsomania
47bcabc857e3f399ebf51ccd98b97b47	1	149883	player	uade	Protracker	0	74502	47ff8548	6d923c5b	MODULES/Modules-S/MOD.she's only happy
47c36ad5214539673d48ee3d989f3595	1	362730	player+silence	uade	Protracker	0	218520	0539fed2	9d0039f2	MODULES/Modules-M/mod.message-spl-
47f528c25536ee9b2cd31f37d9fcc100	1	138369	player	uade	Protracker compatible	0	214084	80173480	9bb6c0fa	MODULES/Modules-F/mod.French Kiss
481aff76072c4849c997a705b0a31820	1	169028	player+silence	uade	Protracker	0	199738	e05fbc68	ea77e607	MODULES/Modules-D/MOD.d0hnitz-kebab
4861a961c62d5e46914cbd972547da26	1	290020	player+silence	uade	Protracker compatible	0	134150	aed0f665	29e7e83c	MODULES/Modules-T/MOD.TECHNOLIFE
4875f006adccedba7b30de5f8528bc31	1	239764	player	uade	Noisetracker 1.x	0	75104	262497e5	c1bfcaf0	MODULES/Modules-A/mod.alpha and omega
48cedc730368a48eeb6c292442168676	1	688238	player+silence	uade	Protracker	0	147816	46ce3767	eb8df63a	MODULES/Modules-D/MOD.DOMINION
48dd0f1036afc8ba67888181bd064af5	1	122997	player	uade	Protracker compatible	0	44996	51b8ae7e	7de9b61d	MODULES/Modules-B/mod.Big-In-Japan
4908fbab73fc1a281ce45288541a735e	1	192141	player	uade	Protracker	0	67896	bb1e2a69	d7868df1	MODULES/Modules-S/MOD.SADNESS
49199af8c39eb1042237fc40ca4bce12	1	84616	player	uade	Noisetracker 1.x	0	22248	e2b2019b	0f67c1e6	MODULES/Modules-P/mod.prelude
493b6e989bfdd702ea58b422ccd70b22	1	199797	player	uade	Protracker compatible	0	67778	57cd9b09	aec1d82a	MODULES/Modules-L/MOD.Lambada remix
49724487ecae13428199870f0cec3f3c	1	127678	player	uade	Protracker compatible	0	76406	ce3013b3	68295392	MODULES/Modules-G/mod.gold-mine
497c669577a8cba80814e58c538cfffd	1	107645	player	uade	Protracker compatible	0	54032	925478e1	4f689a6a	MODULES/Modules-B/mod.bubble-bobble mix
49af25a201481118e71ce343ab61d51d	1	99968	player	uade	Noisetracker 1.x	0	76754	a76d385a	d9dfff68	MODULES/Modules-R/MOD.REPTILUM
49ba9a2e25fe47c2d8b6e20c8c75f67f	1	317418	player+volume	uade	Protracker	0	138782	0c08a4b0	85a5df44	MODULES/Modules-T/mod.the shades
49cefe6784cb2175abf66071afe78bf8	1	230541	player	uade	Protracker	0	126728	59328582	83934785	MODULES/Modules-R/MOD.RESTRICTED
49d3516a9132cc96391ff191a1369c15	1	172489	player	uade	Protracker	0	384014	85b4bd5e	7d63d09a	MODULES/Modules-N/mod.nicole
49d5a1eddee38d034f05a1f45af18cfe	1	283628	player+silence	uade	Soundtracker II (15 instr.)	0	195936	b29364d9	39eb60d4	MODULES/Modules-E/mod.ensonic
4a17b11ec33b1fb11b11f28bdca22295	1	153721	player	uade	Protracker	0	74880	67705c52	8d4c0daf	MODULES/Modules-M/mod.mystique
4a3099b81074373a1d94090e16a7dc76	1	276597	player	uade	Noisetracker 1.x	0	110696	b9e5a6a0	5828008e	MODULES/Modules-A/MOD.ARVIDS FREDAG
4a354d1e4017f4d398076041b85bf764	1	364124	player+silence	uade	Protracker	0	173282	45143a27	c684d424	MODULES/Modules-L/mod.Last-Time
4a354d1e4017f4d398076041b85bf764	1	364124	player+silence	uade	Protracker	0	173282	45143a27	c684d424	MODULES/Modules-L/mod.Lasttime
4a40c652189696154cbf5405c9f4956c	1	198129	player	uade	Protracker	0	30014	e6018a5b	b3fab15d	MODULES/Modules-D/MOD.DROWNINGMAN
4a471cf7ed3ba26e0c862ed540443b5f	1	140278	player	uade	Protracker compatible	0	120396	693f9d26	e188ce70	MODULES/Modules-G/mod.Gorgie
4a62d6580a75f76ffc51edb1cb9b6a94	1	194894	player	uade	Protracker	0	326282	a740d145	df62734c	MODULES/Modules-C/mod.chapell
4a6f333bcb48342cf041636626064054	1	230541	player	uade	Protracker	0	50548	51bfae3c	bbaa0410	MODULES/Modules-T/MOD.TOKYOFUNK
4abcd03a7f4297a3f174c53ead2499c0	1	160549	player+silence	uade	Protracker compatible	0	76604	3b9592c2	7ad3b9e5	MODULES/Modules-L/MOD.LIKEABIRDFLYING
4acd2e42b6c0bb02fd55b7617a5645c0	1	299645	player	uade	Protracker	0	87426	16d96603	64991ad5	MODULES/Modules-B/mod.beatmaster
4addb0d598a0aa23f091ddaa67da31f7	1	176769	player	uade	Noisetracker 1.x	0	72698	90cf1819	656897b0	MODULES/Modules-H/MOD.HJELMFOSS BOOGIE
4ae9ed7058f640014f20825c19168802	1	341903	player	uade	Protracker	0	109726	f2e6e2f2	88aea245	MODULES/Modules-S/MOD.SPIRIT
4afab39ca0018ff668eaeb2687abe0b5	1	637350	player	uade	Protracker (vblank)	0	224256	168f6999	fb83f28c	MODULES/Modules-K/mod.klisje paa klisje
4afab39ca0018ff668eaeb2687abe0b5	1	637350	player	uade	Protracker (vblank)	0	224256	168f6999	fb83f28c	MODULES/Modules-W/mod.walkman-klisje.pp
4b04e08d59e0f30531b076ec6a5023a9	1	176769	player	uade	Protracker	0	77688	468d499d	70dd662e	MODULES/Modules-J/MOD.JUMPIN
4b2df68b0b36c43eb94f8b1bd7048a5e	1	209700	player+silence	uade	Protracker compatible	0	104794	f5c88021	d99713b2	MODULES/Modules-S/MOD.ss
4b6265d1d85a8552d206d928e2252967	1	71816	player	uade	Protracker	0	49174	60aca12e	1fc524f0	MODULES/Modules-S/MOD.soundtronix2
4b71cc5109b1c44f2bec1e084b70df36	1	215149	player	uade	Noisetracker 1.x	0	99400	3432bcd4	27d03f3f	MODULES/Modules-R/mod.robotron.2
4b757998f3100039ad1f5dcded494f90	1	38520	player	uade	Protracker	0	71202	e0c330a6	7798ac01	MODULES/Modules-T/MOD.TEMPORARYMADNES
4ba81f0e9b266fa846b28b92d4206de9	1	164793	player	uade	Protracker	0	161486	fa1f8a5a	e2b43ace	MODULES/Modules-R/mod.raw4 intro
4bae2597e8e4a284e0b3f53242ef49f3	1	230541	player	uade	Protracker	0	133352	d0315d85	c8931135	MODULES/Modules-E/mod.elipse(nhp)
4bbebd354a8a43755733f23725f69a06	1	287805	player+silence	uade	Protracker	0	89670	e0b1ec9c	0da416eb	MODULES/Modules-G/MOD.GET-THE-OUTPUT
4bcba49783cd3f7811582ea283e2bb77	1	99968	player	uade	Protracker compatible	0	98626	21855f08	13793f94	MODULES/Modules-G/mod.Git In Krazy
4c01248b6357cf73f9410c4d06164df6	1	395656	player	uade	Protracker compatible	0	119176	c6d2077a	778e05f8	MODULES/Modules-J/MOD.Jacko-mix
4c083a48ab476bf54696edeb900f00db	1	644061	player	uade	Protracker	0	152792	49fcaa13	ee990b91	MODULES/Modules-R/MOD.ROMANTIC
4c3b7aac7a73e2ffb7cf8bbcab0c6b23	1	203474	player	uade	Protracker compatible	0	131498	9ec9febc	dc934959	MODULES/Modules-J/MOD.JAMMING
4c4adf2b7ff13a197e69f98961172eb3	1	99968	player	uade	Protracker	0	10580	8c145578	fee1ecaf	MODULES/Modules-S/MOD.SHADED_FANTASY
4c808db7bf44e1800171f8cc85082ebf	1	192141	player	uade	Soundtracker II (15 instr.)	0	59320	999b48d9	cf9e2d28	MODULES/Modules-C/mod.CAMBODIA
4c9b0ea7b6a20c12c00ec9440fbe1107	1	192141	player	uade	Noisetracker 1.x	0	70696	09473ad4	2a7d390e	MODULES/Modules-D/mod.dragon2
4cd98cb78948bb04e50030dafb8346ae	1	278526	player	uade	Protracker compatible	0	142958	cd333b8b	108c14db	MODULES/Modules-B/MOD.BobZone
4ce7387cf12b44ab01c23ef32274eb85	1	182006	player+silence	uade	Noisetracker 1.x	0	91456	949ddd55	4bc78d80	MODULES/Modules-S/mod.sahara
4cf200fe0af3b6220c3f95a3ab7c393f	1	214325	player	uade	Protracker compatible	0	114112	aeeba95e	e02ac73c	MODULES/Modules-F/MOD.freaked out
4cfe58e40470a826db1039f9e3bb0dc3	1	88434	player	uade	Protracker	0	120132	01e46956	c3487e45	MODULES/Modules-Y/MOD.YOH!
4d75747e8e462e729287ac757483c149	1	169093	player	uade	Protracker compatible	0	155228	6b5b736a	86870543	MODULES/Modules-S/MOD.SoundMachine
4d8e45864f975ae60c70cb676c4d7608	1	117525	player+silence	uade	Noisetracker 1.x	0	93426	3fbaf9ca	aef27ce8	MODULES/Modules-B/MOD.BOE II.2
4daeeffbd8788e9691c288a4dbef21da	1	107645	player	uade	Protracker compatible	0	91358	317038bd	747bc769	MODULES/Modules-S/mod.silent-planet
4dbe5e8a3f00ab8173674859505f1db3	1	192141	player	uade	Protracker	0	142910	ef207d3b	3fbc79c9	MODULES/Modules-P/mod.PiranhasAcid
4e126de00c9f56da21e1d48aa87799f6	1	291969	player	uade	Protracker compatible	0	100002	a820cd8e	baae7e02	MODULES/Modules-H/MOD.HOUSEBEAT
4e2677c03a6547880b6e3531d443d207	1	253569	player	uade	Noisetracker 1.x	0	93470	7b5f6fd7	8c16689b	MODULES/Modules-O/MOD.ODETOTHE64
4e3296b2ae81aab8e562cb6523a5aa01	1	164090	player+silence	uade	Noisetracker 1.x	0	94214	374ca0e7	c89e2fe1	MODULES/Modules-B/MOD.BUG
4e8834d31b90766c14e8f4ec32a27bc7	1	261245	player	uade	Protracker compatible	0	164448	690b0a65	32f6b049	MODULES/Modules-S/MOD.STOPPICTURE
4eb19cab8eb52a6e175ee7a3c57ee49a	1	138369	player	uade	Protracker compatible	0	84210	f027f63b	44628f75	MODULES/Modules-S/MOD.salute
4ed40c607722b41abe0adce6f98fc239	1	252646	player+silence	uade	Noisetracker 1.x	0	81818	add71986	a0792564	MODULES/Modules-N/MOD.NEON LIGHTS
4edada89a79e6b96a11a1c922b543595	1	57730	player	uade	Protracker	0	83816	16d00743	848a73b2	MODULES/Modules-T/MOD.TECHNO_II
4edc44a43855faeec69e1075998b40c1	1	151301	player+silence	uade	Protracker	0	193372	1643e2a8	31c6d5d4	MODULES/Modules-A/MOD.ANewJackThing!
4efddc0dbddff3dfae6b34a9a0d84df4	1	146045	player	uade	Noisetracker 1.x	0	90156	502be19d	84663426	MODULES/Modules-S/mod.savage2
4f066cf801b217b9d13c43b1925f9d0e	1	42479	player	uade	Protracker	0	139286	ff196a31	63b155ad	MODULES/Modules-R/mod.reach tech-no limit
4f066cf801b217b9d13c43b1925f9d0e	10	339251	player
4f066cf801b217b9d13c43b1925f9d0e	11	44991	player
4f066cf801b217b9d13c43b1925f9d0e	12	8037	player
4f066cf801b217b9d13c43b1925f9d0e	13	43443	player
4f066cf801b217b9d13c43b1925f9d0e	14	8037	player
4f066cf801b217b9d13c43b1925f9d0e	15	43443	player
4f066cf801b217b9d13c43b1925f9d0e	16	0	nosound
4f066cf801b217b9d13c43b1925f9d0e	17	0	nosound
4f066cf801b217b9d13c43b1925f9d0e	2	46518	player
4f066cf801b217b9d13c43b1925f9d0e	3	24133	player
4f066cf801b217b9d13c43b1925f9d0e	4	239403	player
4f066cf801b217b9d13c43b1925f9d0e	5	44870	player
4f066cf801b217b9d13c43b1925f9d0e	6	16437	player
4f066cf801b217b9d13c43b1925f9d0e	7	16437	player
4f066cf801b217b9d13c43b1925f9d0e	8	38641	player
4f066cf801b217b9d13c43b1925f9d0e	9	8037	player
4f13f208a54271b385849795f433cba0	1	352382	player+silence	uade	Protracker	0	193036	b1f910ec	7e737bca	MODULES/Modules-D/MOD.DRAGONSFUNK
4f1d24a32c2a6f40e1a540c76fe2bdd3	1	149883	player	uade	Protracker compatible	0	76564	3b8443bc	7d31587f	MODULES/Modules-T/mod.Technostyle(z)
4f23358d68e4efb5dd6ac6ac8056a1dc	1	219338	player+silence	uade	Protracker compatible	0	62154	b3dbc1af	557e00b5	MODULES/Modules-T/Mod.Terrano
4f2c7b260f5942d1ae394614332dbf40	1	46216	player	uade	Protracker compatible	0	53466	6a6e5e25	ceb67ef7	MODULES/Modules-N/MOD.NEWTECH
4f627dbd38b2dd0d2de7c1625aa96235	1	180603	player+silence	uade	Protracker	0	65982	64af2031	2200bf80	MODULES/Modules-E/mod.expulsion.cpr
4f8e054467332cb18feaa5ea5789f98e	1	179321	player	uade	Protracker	0	83528	ae4f4abb	b50c718c	MODULES/Modules-E/MOD.EINSTEINIUM-02
4f93e1698ed63478b1fdb9db82dacd82	1	136118	player	uade	Protracker compatible	0	105164	ea29bcbd	810d8dff	MODULES/Modules?/MOD.4 FUN
4fe5a0170ec08e1d67ea578d0491d593	1	123961	player	uade	Protracker compatible	0	294638	cb9b1aac	085e124c	MODULES/Modules-A/mod.acid-rave
4fea2a697aae36c30fedbe467f87982d	1	187895	player+silence	uade	Protracker compatible	0	287302	5013bb8d	8476c57c	MODULES/Modules-E/MOD.EQUALOGO-SHORT
4fed11322d529bd16f4a413b1dea5afb	1	109855	player	uade	Protracker	0	165392	6771763a	90f7c8c8	MODULES/Modules-J/mod.joes#04
501eed36a8f35afef22fb64360f295e0	1	130693	player	uade	Protracker	0	213986	ed43bf11	c7fb3a9b	MODULES/Modules-V/MOD.vagina extremus
50268a3a8b68d18559845e122913171e	1	84616	player	uade	Noisetracker 1.x	0	35128	aee0c39b	78984445	MODULES/Modules-N/MOD.NOISESOUND7
505042685a243ae13167d13a7016f1b6	1	171122	player	uade	Protracker compatible	0	95160	a848cfb1	93b6785e	MODULES/Modules-E/MOD.EASTERN MAGIC
50616480d95f4d02180126a8f4b95aa7	1	251126	player+silence	uade	Protracker	0	48916	65511699	b87d236c	MODULES/Modules-T/MOD.THEME-DREAM
50956991a48ebf43c5842c6cb7553242	1	291969	player	uade	Noisetracker 1.x	0	72674	20959567	f945fefb	MODULES/Modules-H/MOD.HOAXERS
50b80df3e78ce081de259eb1ac29bb83	1	26323	player	uade	Protracker	0	21848	b1cdd2bd	30f96924	MODULES/Modules-E/MOD.EXCEEDINGLYSILLY
50cadcd1963563097c56f813bffc62fe	1	132360	player	uade	Protracker compatible	0	263744	859800cc	ea0f4d53	MODULES/Modules-B/MOD.bat-dance
50ec7fcdaa0f67174cac82cff50d1230	1	153741	player	uade	Protracker	0	85458	d88cbfc7	58177e14	MODULES/Modules-T/mod.theme.spt
50f928c5afd767b99bbac0606285d311	1	84616	player	uade	Protracker	0	163276	d1af4743	b160c61a	MODULES/Modules-B/mod.blind intro
514724a1ede03280db9d4c47f630e3ed	1	199797	player	uade	Protracker compatible	0	85462	81f1b464	29df2a02	MODULES/Modules-D/mod.Dancing-In-Blood
514a78d88370b94cd9385d1a9edaf04d	1	185289	player	uade	Protracker	0	90202	8e195524	57978b39	MODULES/Modules-F/mod.Flow
516e2764fec48cf61467deb9fd001c94	1	76550	player+silence	uade	Protracker compatible	0	134164	160d703c	1bf49ec1	MODULES/Modules-S/mod.Seeing Is Beliving 1
5173fdcca6515823ed51e00d6d8102b7	1	233744	player+silence	uade	Noisetracker 1.x	0	114824	ac9e555b	c021df83	MODULES/Modules-D/MOD.DRAGON
519af69dbef91133a138008fc9a3810c	1	99968	player	uade	Noisetracker 1.x	0	80658	b545b0b3	8b073d9d	MODULES/Modules-A/mod.aussiefoot
51e5c76643ff254ed105dee5cb9a22ba	1	119179	player	uade	Protracker compatible	0	42720	7d5786a2	07a7ff5a	MODULES/Modules-L/mod.laidback4
51ec8c16df5039ff8ed82842abf7e9d5	1	57823	player+silence	uade	Noisetracker 1.x	0	179486	746604c1	66969550	MODULES/Modules-D/mod.didledee
5212c24bb70365aa9bbc4a31ada2f6f1	1	69224	player	uade	Protracker	0	9978	155568bb	637c3442	MODULES/Modules-R/mod.rhythm is a dancer
5245bed4ac995eb7d1187f24077b667f	1	234130	player+silence	uade	Protracker compatible	0	91728	dce8b8f9	446108a1	MODULES/Modules-O/MOD.OUT-OF-TIME
525edce44c63d10dc2915b2c901c7830	1	232571	player	uade	Protracker	0	106854	b690ce08	370c4507	MODULES/Modules-I/MOD.ILT4
526050a1a6259b4a3c2f29164b127c4a	1	146045	player	uade	Noisetracker 1.x	0	84686	1bb3d200	3a1e9661	MODULES/Modules-A/mod.AWESOME5
526691769e87c61511485caa10d440c6	1	353418	player	uade	Protracker compatible	0	83170	20f8f62a	d381e6dc	MODULES/Modules-S/mod.smash-dance
529a0c562e1335ac530fcbfa07723ae2	1	210125	player+silence	uade	Protracker compatible	0	130333	936f85de	0ebe05fb	MODULES/Modules-S/MOD.Song2
52de475b2b776a2874c3f50641a81e2f	1	138369	player	uade	Protracker compatible	0	37028	9197cd4a	3242d1c4	MODULES/Modules-M/MOD.MapleleafRag
52e37c75f5cbf302455d37bdce57703e	1	247321	player+silence	uade	Protracker compatible	0	81250	dde4808a	d2654ed2	MODULES/Modules-T/Mod.Take-A-Chance
52fe9129b3323c20dd92fce4d036445b	1	121088	player	uade	Soundtracker II (31 instr.)	0	59850	7e9503d6	8cf7078c	MODULES/Modules-U/MOD.UPFRONT TUNE 3
535f1c4be1824be26d324dcc2f30dad5	1	199797	player	uade	Noisetracker 1.x	0	60704	9c97d92b	3ce74baf	MODULES/Modules-H/MOD.HARD
536587df4ca0adb4ec72b7818d2f9d61	1	219007	player	uade	Protracker	0	135938	f6bcec19	5433df06	MODULES/Modules-L/MOD.LOSING-THE-BALUNS
537728ed809a8f2e06ed059988f6095b	1	301698	player+silence	uade	Protracker	0	96390	d03cab85	7899f03b	MODULES/Modules-I/mod.iwouldntdoitagain
5380062b1886f0dbe30534f8848e56c2	1	84616	player	uade	Protracker	0	119792	2a5e52a7	5d885f1f	MODULES/Modules-D/MOD.DUBBYDAY
53d66a5e1762dba5f6c4f8d366c0a69a	1	403332	player	uade	Protracker compatible	0	88706	758b7e68	96b8ed97	MODULES/Modules-Y/mod.yo-freak
541541c4976fe6122319374f317a145e	1	245384	player+silence	uade	Noisetracker 1.x	0	208956	2fcce839	51d1eb48	MODULES/Modules-T/MOD.TORNADO
542e873caf7412d9cda6c38a3f67ef05	1	107645	player	uade	Protracker compatible	0	69144	6748ef8a	1826ad42	MODULES/Modules-F/MOD.FunHouse
54469d13da15d2baa959a2bb1af50ccb	1	156614	player	uade	Protracker	0	64144	12ce7072	a5c3c1c6	MODULES/Modules-E/mod.end
544a13a5077fe5a9376dd39eca084678	1	191839	player	uade	Protracker compatible	0	108054	ccd185b0	daf0f562	MODULES/Modules-H/MOD.Housespecial
5457166765641da51c6bc4827c951742	1	146286	player	uade	Protracker	0	83906	3d3ed14b	c285de30	MODULES/Modules-C/MOD.CONFLICTS
548292cdcec3603967e4ff9c44e6f785	1	220139	player+silence	uade	Protracker compatible	0	138148	1a9ec93a	797ddd81	MODULES/Modules-D/MOD.Dawn-Chorus
5484b96cab18adb6992e17850a16b207	1	150648	player+silence	uade	Protracker	0	40752	d5d30b27	0f13b472	MODULES/Modules-L/MOD.LU5Z
54a54b9f87fcbea8772b331c0a1befd8	1	209451	player+silence	uade	Protracker	0	242178	faa06394	f96a4f35	MODULES/Modules-A/MOD.ACID_JAZZ1
54b06e9bb139535e62e285b00e4dba51	1	320121	player	uade	Protracker compatible	0	89144	d5ea3ba0	b6f5d905	MODULES/Modules-M/mod.My-Way-To-The-Stars
54b5bbb4b4d19711cff6abdadd04568a	1	122997	player	uade	Protracker compatible	0	86208	13cdf364	d37a460b	MODULES/Modules-R/mod.Rocket
54d6391bee4a96315d3703ab88838f76	1	102520	player	uade	Protracker compatible	0	91538	3240ec66	ee439337	MODULES/Modules?/mod.3sampro
5504d2952391b61c8db379dff481b94a	1	265184	player	uade	Protracker	0	110600	c3238770	8edfe773	MODULES/Modules-S/mod.something evil
5524fbb8978497282fbe584cecf13077	1	253569	player	uade	Noisetracker 1.x	0	105410	91607c2a	29528255	MODULES/Modules-D/MOD.DIZ
554cb11e7bec352efc0ea669d9f15fa6	1	279772	player	uade	Protracker	0	136282	dde3573b	d75bd5af	MODULES/Modules-S/MOD.SPASMASTHMA
555763d176a11d6c8e81ca4a534cf956	1	153381	player+volume	uade	Protracker	0	185174	2cb20efb	bced9e0d	MODULES/Modules-B/mod.bigbang-2
555d4f4665b2b331b14f24add417f4bb	1	71816	player	uade	Protracker	0	16218	cdd69d2c	b43c1056	MODULES/Modules-D/MOD.DELIRIOUS
55742d130834c4db2f47a761e5e9fcbb	1	149962	player+silence	uade	Protracker	0	142046	8be60858	96398793	MODULES/Modules-H/MOD.HELPING-HANDS
559e18c28e7dbc808530a60d68d8a0d6	1	115763	player	uade	Protracker	0	30528	70b1d2c5	0baab3e7	MODULES/Modules-M/MOD.MENU-ZIK
55b276fa189ea44423ba61e5cd6cde85	1	195416	player	uade	Protracker compatible	0	200644	26ffacf8	c1b6e8ff	MODULES/Modules-B/mod.big
55e4a7abf636bda66679f3a327da2812	1	268881	player	uade	Protracker	0	170821	ddb493c8	2253be3a	MODULES/Modules-J/MOD.JOE
55e816098f5d65a888b922d16c6cd227	1	153721	player	uade	Startrekker (4ch)	0	59494	07c7cd99	31941987	MODULES/Modules-M/mod.mc teardrops
5610085929e13a06be7795ddace5d676	1	483089	player+silence	uade	Protracker	0	366796	6ee4b76c	0baba269	MODULES/Modules-O/MOD.ORPHEUS
562819771b5edc2c26a2eef4b179e34a	1	192141	player	uade	Protracker compatible	0	59616	67c19de8	7adbe6dd	MODULES/Modules-D/mod.Dugger
5642b8d6ce0e6c7a3b5bae8385246d46	1	236670	player	uade	Protracker compatible	0	145508	b777cebe	d98b44bf	MODULES/Modules-B/MOD.BEDLAM(Craz-E)
5663e9d5b7deb7719bd8fb94e8314fe1	1	76920	player	uade	Protracker	0	18512	5aa074ca	32fa0ca1	MODULES/Modules-E/MOD.ECLIPSE
56b8bc27c7620cccf3293490f609d897	1	218042	player	uade	Protracker	0	160964	668d09ba	102ced25	MODULES/Modules-S/MOD.SOFTWARE-AGENCEY
56c9a09a23210416bf75ec3e1c402bb6	1	217502	player+silence	uade	Protracker	0	151060	24a81c22	f96b8a81	MODULES/Modules?/mod.1.9.9.3
56e3ab3e561076b18f6829fee2710a29	1	173528	player+silence	uade	Noisetracker 1.x	0	107184	f50ec440	c4d3a70b	MODULES/Modules-I/MOD.IT - 5
57082fd8fa1b318fde9b41f9008f9427	1	156293	player	uade	Protracker	0	83014	b189ddff	19dbd23d	MODULES/Modules-T/Mod.Trump
571d1cc98e0845c0d6c56852316d7330	1	163969	player	uade	Protracker compatible	0	27598	5987d6e2	fcb8e2ab	MODULES/Modules-L/mod.L.F.F
5743672412666dd1e883e9550af07d16	1	333072	player+silence	uade	Protracker	0	87400	c8b2baab	dff7ab36	MODULES/Modules-B/mod.beans and rusk
5744486433c0799ed65bc893e5973cf8	1	128121	player	uade	Protracker	0	97494	ee130d83	32918c1f	MODULES/Modules-T/mod.technology-rock
57a51b8dc0585f68ec2584f26ce5f608	1	178417	player	uade	Protracker	0	170000	27a25eff	0da57dd1	MODULES/Modules-C/mod.crystal kaos
57c36a1aa761c9dcc81ea0b5128efa6d	1	301574	player	uade	Protracker	0	175650	5c6fbdb5	7ffb31b5	MODULES/Modules-T/MOD.TEKKNO-EXTASY
57cd3c74d81e043917ded244441cfa3d	1	289231	player+silence	uade	Protracker	0	100006	3186ae6f	dc833dbb	MODULES/Modules-O/MOD.OVER-HEAT
580aea2da4793373008b9b6c981d5070	1	453246	player	uade	Protracker	0	143136	c123febf	5c42c8a0	MODULES/Modules-M/MOD.MADNESS TOOK ME
5828c8f44615036fa2eae986fe0f94bd	1	91469	player	uade	Protracker	0	100110	8cf659ca	fb206f21	MODULES/Modules-B/mod.BREATH-OF-HEAVEN
585405e52ad1705390a97df7ea753cd0	1	394310	player+silence	uade	Protracker	0	161320	2ad50564	d534bf7b	MODULES/Modules-L/MOD.LUNAWAVES SUNSET
585ca38071408a6dcd8eb50b21433854	1	113070	player	uade	Protracker compatible	0	110452	87ba995c	05cc8a9e	MODULES/Modules-V/MOD.virtinte
58a0695cf1297a66eee838cfe7ca9c36	1	317891	player	uade	Protracker	0	154468	1a30baa8	a9b4fbca	MODULES/Modules-E/MOD.EXTRACTION
58e9537f0213ccce3806781d1b8970b2	1	93779	player	uade	Protracker	0	122038	2884ca74	4bf9ea89	MODULES/Modules-I/mod.innerpeace.pp
593970ebdec7901f77bcfe88f8120933	1	228934	player	uade	Protracker	0	59334	ac7fd933	a1aee115	MODULES/Modules-S/MOD.SLOW-ELECPLUS
599db12c091de377c6fc298e32ddf9e3	1	144136	player	uade	Protracker	0	92298	be6ce8b3	e31d5cd1	MODULES/Modules-M/MOD.MESMORISED
59a632523460ceea81af62fe190567b7	1	184445	player	uade	Protracker	0	122986	9d3d43c3	3591cb17	MODULES/Modules-O/mod.Odyssey 2
59ca23156a27ae4da5bf1cb9ff9612d4	1	88595	player	uade	Noisetracker 1.x	0	8466	6f2bbbe5	2a15950d	MODULES/Modules-W/mod.wizardry
59e0010f907ae50362e7274576da4d57	1	224131	player	uade	Protracker	0	189568	d3367b38	92ee6f22	MODULES/Modules-F/mod.fluffy clouds
5a19daed42db32465acc60717a8a2407	1	172931	player	uade	Noisetracker 1.x	0	46592	af14e307	7d7af591	MODULES/Modules-W/mod.weatherlist
5a4860c5f756038c5e7273c90f622b4b	1	238197	player	uade	Protracker compatible	0	115724	3eaf0534	e9c21562	MODULES/Modules-I/MOD.IRONTEAR
5a4d32f32cd8fa1f753298411825e4a9	1	159312	player+silence	uade	Protracker	0	178710	e9864644	8fab3a69	MODULES/Modules-R/mod.r3alj0rdanjazz!
5a57fb3c7ccebdfc2fce173aa02fa41c	1	84616	player	uade	Protracker	0	31834	3c813da8	bbb5b8ae	MODULES/Modules-S/MOD.SHORT-TRIP
5ab957e880d980b140760b5e5315ad43	1	92272	player	uade	Protracker compatible	0	65676	a8e45dcd	c62026ed	MODULES/Modules-H/mod.heavy-but-cool
5aec3d67efa4a9bb01891fad90a37346	1	202309	player	uade	Protracker compatible	0	118954	33b02444	181d4305	MODULES/Modules-L/MOD.LeagueOfHumans
5b852b4b281f03572fd7490c089d06fd	1	209402	player	uade	Protracker compatible	0	103580	10d7a335	98843884	MODULES/Modules-T/Mod.Throw-A-Bomb
5b8d1c470aac156ae1975521e044b8b4	1	271553	player	uade	OctaMED MMD0	0	74466	d9d5ac6c	97260d72	MODULES/Players/EDPLAYER/DemoSongs/EdP.DemoSong4.pp
5bc29fba9a0bbd3630e3b5ad810bae35	1	96130	player	uade	Protracker	0	74488	aa187beb	3661fe40	MODULES/Modules-C/MOD.COOL`N`WOO!
5bcac86dc6b29134ad4800c6d9a31ddb	1	192141	player	uade	Protracker compatible	0	94768	ead437fd	74232667	MODULES/Modules-D/MOD.DISCOVERY
5bcbd9949acac5de34c06a9c73cfa6ac	1	143126	player	ft2play	Fasttracker (M.K.)	4	123506	0491b412	dd7e8abd	MODULES/Modules-S/MOD.STYLEE
5c064c16aae93d2d4c6f79ebe95838aa	1	189549	player	uade	Protracker compatible	0	162036	3720d0e5	ca6aad05	MODULES/Modules-T/mod.turmoil
5c08df8a01b584e5e1a4e1f210c2b925	1	75148	player+silence	uade	Protracker	0	223350	b081fe09	77491f1b	MODULES/Modules-F/mod.fromage
5c1a6cf18a17ebf9a6ac58a8c1541b08	1	176769	player	uade	Noisetracker 1.x	0	69608	97c46e97	8fbce5bf	MODULES/Modules-T/MOD.THORAX
5c3969cb85414d17f00fc853ef0b2cae	1	276014	player	uade	Protracker	0	105474	c5a3de3f	595a9765	MODULES/Modules-C/MOD.CAVE_ACESHIGH
5c518b2912600f078cb2f4e695fdaf23	1	157740	player	uade	Protracker	0	73020	cdc05f05	4a8c1aea	MODULES/Modules-C/MOD.COMP-2
5c538b7f78dc755ab320e7615596f277	1	226844	player	uade	Protracker compatible	0	125992	ce17aa23	a8e0b214	MODULES/Modules-M/MOD.MUSICX
5c5bb0bbec9916fb617e369c8a2d1d38	1	375823	player	uade	Protracker compatible	0	139550	3fb0205c	409524fa	MODULES/Modules-A/mod.Absence Live
5c771cb3ee7ccaf83ec76ee0c538020b	1	199797	player	uade	Noisetracker 1.x	0	55028	d90a2f66	6ff18853	MODULES/Modules-C/MOD.CEBIT
5cadd755edd6fc62aa6ffe1b1553e0cc	1	256714	player+volume	uade	Protracker	0	398798	e24ed2ac	96bf6eb3	MODULES/Modules-N/mod.nundm
5cc617271dee2a1ef1da6dbe3e907c47	1	241906	silence	uade	Protracker compatible	0	88882	1d226260	04ff3409	MODULES/Modules?/mod.1081 speaker-buster
5ce16ef0d02cee85d70cd657256c6b59	1	181451	player+silence	uade	Protracker compatible	0	116882	94cf0fe2	a3d9550b	MODULES/Modules-F/MOD.firstshot
5d2980bd2272890c78ccd54f5466dd53	1	184445	player	uade	Protracker compatible	0	84906	040cf442	c34ce03d	MODULES/Modules-C/MOD.COMPETITIONTUNE
5d3fdef8b2e4469fd2f6e9e276cdd62e	1	224754	player	uade	Protracker compatible	0	95606	dac019a8	d81847ff	MODULES/Modules-C/MOD.CHECKED
5d581b292282d709caf40c9d35d0ef0f	1	312506	player	uade	Protracker	0	132818	4cf96b0e	716719e3	MODULES/Modules-K/Mod.KLIM
5d7eaea100c4c1c6734444e05b02bcc7	1	161638	player	uade	Protracker	0	139512	e1e575f8	ad99e2c7	MODULES/Modules-D/MOD.DEMOSOUND
5d7f96510a760cd724d668636bcb7376	1	284293	player	uade	Noisetracker 1.x	0	127458	9a88c14c	0496840a	MODULES/Modules-D/MOD.DISCO3
5e0d7936862e8ccff70c377208f45a93	1	230541	player	uade	Soundtracker II (31 instr.)	0	69924	8202f1bd	3b6f1b4e	MODULES/Modules-W/mod.whoknows
5e92ab342c1ebf2baccb054548aad5d1	1	225075	player	uade	Protracker	0	151434	6fae5b6f	3d076d55	MODULES/Modules-H/MOD.HEAVYBALLAD
5e99c56b174fdc2902297ce9ca92d656	1	170700	player	uade	Protracker	0	95974	a903e0e6	49d61d50	MODULES/Modules-P/MOD.Pina-colada
5ebfcfe2b11cea470fbbc03ea0ba2284	1	215149	player	uade	Protracker compatible	0	97296	7d298759	e0b1af94	MODULES/Modules-P/MOD.POLTER
5ec5326de001efe80f4ac2f1840f9ea3	1	126835	player	uade	Protracker	0	104432	e7bc8349	f56840f6	MODULES/Modules-D/mod.discomusic
5ecdaa32cf02e7a3150750d2c24b7d39	1	207493	player	uade	Protracker compatible	0	77058	127aa255	486bc8bb	MODULES/Modules-D/mod.dr.doom
5ecdfb63137f4fa30443cda406d20341	1	372617	player+volume	uade	Protracker	0	172426	5e76af56	ac118d49	MODULES/Modules-S/mod.spacedel.short
5ee598694cf323bdd018c64b77954c05	1	50034	player	uade	Protracker compatible	0	19742	45a9338e	e87ee6f3	MODULES/Modules-R/MOD.RINGMOD AMIGA
5eedd8c4c9267f3c4a50bf1487490326	1	233656	player	uade	Protracker compatible	0	126134	61cbb145	c5db4bd9	MODULES/Modules-A/MOD.ANGIE-S
5f5aed5ed7c60739ab49941d2bb268df	1	179198	player+silence	uade	Protracker	0	129968	0d92f361	25d3f2b2	MODULES/Modules-S/mod.softbeat
5f7168766a8b181b9069b4aa16d9e360	1	119179	player	uade	Protracker	0	44684	c30f7274	e1340904	MODULES/Modules-M/MOD.MILKMAN
5f71abcd07e48e240115c1ca2f8c3159	1	130030	player	uade	Protracker	0	75000	68ad9e40	5d452f30	MODULES/Modules-E/mod.enigmatic feelings
5fd0ea950a78358f45d6a70d2e8ad29c	1	245893	player	uade	Protracker	0	114762	7ea1226d	bbc7057f	MODULES/Modules-M/MOD.MAD MIX III
602ce99622e3b5ac0e8e616b1b938905	1	61568	player	uade	Noisetracker 1.x	0	50818	b6ae8ebb	80cdd18c	MODULES/Modules-G/MOD.GOODOLEBLUES1
6055221f934fcf14678bffc16813c592	1	105715	player	uade	Protracker	0	109542	a3ae4f8a	d9c93d5a	MODULES/Modules-D/mod.digital millenium
6062e17abae7d29fdf8cb920684f184f	1	222845	player	uade	Noisetracker 1.x	0	82052	33827c7d	5d488ff0	MODULES/Modules-S/MOD.SLL AKTION 5
60823756602590a17b922c1cf695e34c	1	313731	player	uade	Protracker	0	124740	6a4034f8	a4939696	MODULES/Modules-O/mod.obscure-season
608d6a90e62c2744a7f59ea742d76cf6	1	192141	player	uade	Noisetracker 1.x	0	132460	ffbc15b9	b20d774f	MODULES/Modules-M/MOD.MUZAX
60909ec57764d433a1eb268c8e4bbcf1	1	207734	player	uade	Protracker	0	81356	a01da2c6	fdb7104c	MODULES/Modules-C/MOD.CIVILISATION
609529a7908182002e1ad745b9eac83c	1	154585	player+silence	uade	Protracker	0	181614	2d557ced	55784be2	MODULES/Modules-J/MOD.JORDAN_JAZZ
60992cea26b680b0165914f40be27cba	1	160064	player+silence	uade	Noisetracker 1.x	0	95778	e6bba970	ef15b4b3	MODULES/Modules-M/MOD.MEGAFORCE02
60bef650653fc5bcc9ddf467ab391816	1	210535	player+silence	uade	Protracker	0	136720	0f8e2f26	4b01edc9	MODULES/Modules-N/MOD.NEW-LIFE
610416b3c4a40fbe7cb5f9834e77b597	1	199797	player	uade	Protracker compatible	0	57614	62229cb2	cc57660a	MODULES/Modules-L/MOD.Loop_pooL
61058ab2a2516988aae2273fcede64e0	1	230541	player	uade	Protracker compatible	0	193758	e5e47365	e3aa5135	MODULES/Modules-C/MOD.Cubik
610e9f00edde5958723ed561d6a71f07	1	315017	player	uade	Protracker compatible	0	180642	d990c575	a73256c2	MODULES/Modules-H/mod.hard-core
61103dec471424aa40a6f3565feb335e	1	71816	player	uade	Protracker	0	210750	1c58c7f9	4724e83f	MODULES/Modules-G/mod.gv#17
611160454c401a90306aac17ac46c021	1	291969	player	uade	Soundtracker II (31 instr.)	0	248050	70874c07	44350d93	MODULES/Modules-A/MOD.APPROXIMITY
612293edb74c5677ea77ae04732f1def	1	173092	player	uade	Soundtracker II (31 instr.)	0	104346	fde79489	ae04e1fc	MODULES/Modules-B/mod.bomb
615676071578d36471a6d95cfd2bdaa4	1	218639	player+volume	uade	Protracker	0	221680	f45cd8c1	6552ac31	MODULES/Modules-M/mod.music1.a
615ac2eb868885095a88dd52f34de7f7	1	130693	player	uade	Protracker	0	66312	6427d14e	bb4f3931	MODULES/Modules-S/MOD.SLL12.1
615d0715f6e89c30ef39c65ad17a300b	1	115441	player	uade	Protracker	0	20148	08d33966	049cbf4d	MODULES/Modules-F/mod.first-bash
619c6046503ea6305fb25f56036d2519	1	140117	player	uade	Protracker compatible	0	85980	8d106cc2	13260a85	MODULES/Modules-T/mod.The Time Traveller
61ab0fe5507bde3f6d3c67234d2ef288	1	258516	player+silence	uade	Protracker	0	170952	a4c20e2f	0404fc16	MODULES/Modules-K/mod.ka-tzetnik
6235f145c22dac56640b56e02f6b0ffc	1	161397	player	uade	Noisetracker 1.x	0	127506	aa193a24	0f7eb9d6	MODULES/Modules-B/mod.bananas
62b0db2a408a979696120782c9cba230	1	136440	player	uade	Protracker compatible	0	63690	5444ec4b	99e574d0	MODULES/Modules-B/Mod.Bongos-Revenge
62c752edda4520715f3806b6cc9ba0cf	1	125046	player	uade	Noisetracker 1.x	0	87630	a2d8b62d	f3670ea9	MODULES/Modules-B/MOD.BLUE JAZZ
63069a8be8e56f4b50e69c26f49157b2	1	261245	player	uade	Protracker	0	229590	a36561a7	dfee609e	MODULES/Modules-S/mod.serial killer
6306cff6db53fdc11983500f64815e71	1	53283	player+silence	uade	Noisetracker 1.x	0	89760	ace4ba95	f7c4b69f	MODULES/Modules-D/mod.disco'90
63706eb576067fbe57dbc3404d65775a	1	94222	player	uade	Protracker	0	55440	783e60ad	58f4d3ab	MODULES/Modules-T/Mod.Tunnel Of Love
63706eb576067fbe57dbc3404d65775a	2	86525	player
63706eb576067fbe57dbc3404d65775a	3	86525	player
6389e6f1104e900b01e91a1b95c76702	1	46216	player	uade	Protracker	0	55376	f7811bb5	b227d30f	MODULES/Modules-L/MOD.LEANDER1.1
639bec70c2b1f98ac138a4fc987e1fd7	1	216405	player+silence	uade	Noisetracker 1.x	0	82654	a3e5560e	4cfce970	MODULES/Modules-D/MOD.DOMINATION-DANCE
63d1352156b1d2427e03a82027756739	1	184445	player	uade	Protracker	0	119882	24b1c27d	e1561654	MODULES/Modules-X/mod.XTC part 12
63e88174afb80254c470a126f2ad1dcc	1	149476	player+silence	uade	Protracker	0	170680	d50d0b6a	1564016e	MODULES/Modules-R/MOD.RIVENDELL-PART1
63fa76867a139ea8ed5fabfa902c9730	1	83330	player	uade	Protracker	0	15202	c1ee104e	71e273e3	MODULES/Modules-I/MOD.INTROMUZ
6420a486788624588a188db893ee5d7b	1	178356	player	uade	Protracker	0	82542	20899dab	7033de14	MODULES/Modules-F/MOD.FEDERATION
646d54cad6dd49193d26372cc3de65b8	1	234359	player	uade	Protracker compatible	0	126376	744f6e7f	2b6096d3	MODULES/Modules-S/Mod.Starter
64ead0dbdeaa750b688363d618ac2ff1	1	423486	player	uade	Protracker compatible	0	143252	ec35d7c7	4d650841	MODULES/Modules-J/mod.jvmdesign
650720858e72737e13e408b4f93fa1ac	1	117872	player	uade	Protracker	0	87490	ef7884f8	ee5b2bee	MODULES/Modules-C/MOD.COOL
6507fc2c8b1b652754f97fcb4bb8af04	1	148597	player	uade	Protracker compatible	0	24732	0cbc8b65	b659419a	MODULES/Modules-M/MOD.Mem-saver2
6530fb6b820c3ade1b974b0b520d30d0	1	50556	player+silence	uade	Protracker	0	117298	e14f3ddd	97ff397a	MODULES/Modules-B/MOD.BIGBANG-INTRO
657e1bd7d03c74651cdf8bec85179fb5	1	184445	player	uade	Protracker compatible	0	272754	7fecd131	8abdf1a6	MODULES/Modules-T/mod.touch-me-more
65893f91981e98ed65595df868f43cb5	1	281721	player	uade	Noisetracker 1.x	0	50826	0dc18bf2	cdb98cb8	MODULES/Modules-I/MOD.INTRUDER
65a77b3db8250cf8d5d2c0a03821555a	1	169937	player	uade	Protracker	0	116856	cc2b7719	3af958a5	MODULES/Modules-C/MOD.CYBER-XERK
65c10b6e988c471cf1fd3c1d5162dcaa	1	286845	player	uade	Protracker	0	251524	59f35b26	ee91a700	MODULES/Modules-I/mod.industrial
65d61e7aac97388e44be8617744bcfb5	1	126835	player	uade	Protracker	0	111184	a0373bd3	79d0d4e8	MODULES/Modules-C/MOD.Chuck
65ee6b02bc2074ae89776ff224313026	1	191839	player	uade	Protracker compatible	0	159304	03893b11	3465f8f9	MODULES/Modules-C/mod.chromium
6613213b197f7caef86ac05bde3026ed	1	238197	player	uade	Protracker compatible	0	56642	e759518f	9336716f	MODULES/Modules-B/mod.BLUE-MONDAY
665484e81a6e71f52695d8a86f16f0a8	1	211411	player	uade	Protracker compatible	0	171482	8bd4adec	ca4a5247	MODULES/Modules-E/mod.enjoy
666df1c0ea1938dde1e652114c9c9edd	1	155409	player	uade	Protracker	0	107992	70c943f8	0635cad6	MODULES/Modules-F/MOD.FUNKY BUSINESS
66825e8f3018f8fd49c3e1a92701fe68	1	315017	player	uade	Protracker compatible	0	70194	e6622837	2b5f3c87	MODULES/Modules-S/mod.SpaceConcert
668ccd35a6a7a7cb7f09fa84071e79e4	1	227295	player+silence	uade	Protracker compatible	0	109302	16c17081	f1c662f8	MODULES/Modules-N/MOD.NORDIC BLUES
6696eb902cde4d748928f4f130463259	1	242968	player+volume	uade	Protracker	0	194478	25b5a45d	3fcfcfba	MODULES/Modules-Y/mod.you_just_play_son!
670d5245f4c62449b5a3b37c983383c2	1	207493	player	uade	Soundtracker II (15 instr.)	0	131448	70ce5a2b	fe345f45	MODULES/Modules-S/MOD.SAVAGE REMIX
6755590c8658874faccd40bdd284576b	1	148597	player	uade	Protracker	0	133642	2944b6b8	bb78eb2e	MODULES/Modules-M/mod.mindblast
675818202227d0efb665ae6f6a8bebbe	1	197766	player+silence	uade	Noisetracker 1.x	0	135140	4393fb20	a8129057	MODULES/Modules-O/MOD.OHGOD
67757cc31069fca035f0a86e0106a8fe	1	184445	player	uade	Noisetracker 1.x	0	91314	8f1d9eb2	9dfdca72	MODULES/Modules-V/MOD.VISIT KOTO
67860033b10db4435293486d47f455b7	1	434877	player+silence	uade	Startrekker (4ch)	0	180488	743edf00	7d39e7b3	MODULES/Modules-L/MOD.lost-in-time
67939f805385131149b5f98dc6e34f24	1	426380	player	uade	Protracker compatible	0	85004	d773cb10	aade25cc	MODULES/Modules-M/MOD.MOBITE
67d4aa2d214aa0b698df0e4be5e213a3	1	161397	player	uade	Protracker compatible	0	49590	eeccfcb6	ad2d7f65	MODULES/Modules-W/mod.white song
67e59ab72fec1aa934b86978e09de2af	1	170580	player	uade	Protracker compatible	0	197674	792c9645	fbdcfd12	MODULES/Modules-A/MOD.Africa
67ec7ca42efef71c76c6b655e7b023fc	1	140278	player	uade	Protracker	0	155770	78c4f7fa	940ad41f	MODULES/Modules-L/mod.lift
67ee0756ec9794802432d9de2557faeb	1	73082	player	uade	Protracker	0	52226	79541a9a	cd4fc862	MODULES/Modules-L/MOD.LITTLE-FUNK
67ee8525e5c2d7877c5e8699c21a2d57	1	169736	player	uade	Protracker	0	156324	e7ff6288	b357b35c	MODULES/Modules-B/mod.beyondbelief
6801c255cb93dffd61273642d199f730	1	157341	player+silence	uade	Noisetracker 1.x	0	81230	c1d0c9cb	3f4d3b87	MODULES/Modules-F/MOD.FREEDOMFORCE1
681a72acfd86e32b4572872fb78feebc	1	128121	player	uade	Protracker	0	84628	97f0fd98	c7f2cb9e	MODULES/Modules-G/MOD.GO-FAR
681ae5471e62d3d4ede34c4263d6d24d	1	361073	player	uade	Noisetracker 1.x	0	129076	c62527ba	6b6ced6b	MODULES/Modules-H/MOD.HMMMMMA
68316e3a30fbdf9849387e028b853209	1	81427	player+silence	uade	Protracker compatible	0	70890	5afeb12f	9a21850a	MODULES/Modules-A/MOD.AUSTEX CD1 MENU
684a8c672e18fc10861bc2871b5540b2	1	395531	player+silence	uade	Protracker	0	212204	dfaec85a	96d73b85	MODULES/Modules-B/mod.bop till you flop
68846b40ecd51b443c7c9bd810160989	1	415696	player+silence	uade	Protracker compatible	0	378674	098d80f0	1e232ab6	MODULES/Modules-H/MOD.her-song
689b39765d039684ce32c89105986fb9	1	241596	silence	uade	Noisetracker 1.x	0	72648	310e83cb	f36f28da	MODULES/Modules-S/MOD.SONGST01
68b47cd7d000bfaa9f97b542b7f9e83f	1	222845	player	uade	Protracker compatible	0	205624	586dccad	24c8e5fd	MODULES/Modules-G/MOD.GROSSHOUSE
68cdd504f50a3b2ce408cbc85ad0cbd8	1	309701	player+volume	uade	Protracker compatible	0	252004	93092abe	8e0d98e0	MODULES/Modules-F/MOD.FLIP HOUSE
69364da944ecadc663ac3cd25f64ffc3	1	152234	player	uade	Protracker	0	104806	cf2ec9bc	bc706805	MODULES/Modules-D/mod.denial
6947a0ab801af32d87bb65b6f90985b1	1	201728	player+silence	uade	Protracker	0	87312	21637f4c	e9e7a44c	MODULES/Modules-J/MOD.JAMMIN
697a530d28936c0fa4f08969e1cccd3e	1	293396	player+silence	uade	Protracker compatible	0	94392	ee0ab144	7b4db54b	MODULES/Modules-D/MOD.DNA-DREAM
69aa995bc18d075f1cc50330fe82b694	1	277322	player+silence	uade	Protracker	0	132262	7ce0b0c6	f2b634ef	MODULES/Modules-S/MOD.SHOWER
69afe156a5b2c7db3b4d652554afad95	1	199797	player	uade	Protracker compatible	0	71362	eea1913a	4f47de2e	MODULES/Modules-M/MOD.MetalMachine
69b98f0fc6d5eb7322d9bbc4784d4f3a	1	207493	player	uade	Protracker	0	65584	08c45fc5	cac35d3a	MODULES/Modules-D/Mod.Digital Culture
69f4f01d2c6dfa2c007a91800deb9646	1	361073	player	uade	Protracker	0	115868	577b7497	49bd1939	MODULES/Modules-M/MOD.MOVEM'UPFORYA
6a1cf91a4ad0573ab17be04fff6b0dd5	1	228970	player+silence	uade	Protracker compatible	0	145340	89784f75	3d548713	MODULES/Modules-M/mod.madonna-ey
6a435bccad1c3248e6989ba7029f2f37	1	522390	player	uade	Noisetracker 1.x	0	69280	be9585c5	9d8e8701	MODULES/Modules-L/MOD.LP_MODE
6a5f6dfe4f89c53c7d62cc7823626a51	1	254935	player	uade	Protracker compatible	0	88296	9b94b609	eb332357	MODULES/Modules-S/Mod.SpeedOMeter
6a6f4a523e1bf8c63b9cf94be9dcb58e	1	176769	player	uade	Protracker compatible	0	66778	0d3a23e7	0c9fc71e	MODULES/Modules-D/MOD.DATASMURF
6a8aa067db7f14e9397cf364b1de5640	1	225397	player	uade	Protracker compatible	0	64358	cb5482e6	6b6843de	MODULES/Modules-M/mod.Midnight Mists
6ab8b9212f24822f842139bee9c9b382	1	268429	player+silence	uade	Startrekker (4ch)	0	188690	60bba122	dcf7a5ff	MODULES/Modules-G/MOD.GO-BANG
6ac8c14da0e94f00d1d298fb18b5c0dc	1	130693	player	uade	Noisetracker 1.x	0	153724	9a09e82b	3bdce43c	MODULES/Modules-U/mod.uralvolga fine
6ae7cb28b43266b7e3c041b1cb5be11b	1	333966	player	uade	Protracker	0	187012	db242238	cd9d2ff8	MODULES/Modules-M/mod.musiklinjen
6af9ec65d12d14963e0a8730224c2b1c	1	245893	player	uade	Noisetracker 1.x	0	70002	044914b3	4649cc2c	MODULES/Modules-I/MOD.ICE MACHINE
6b18cfb358a1841b32ad97b23c734998	1	230541	player	uade	Noisetracker 1.x	0	123842	92aa01aa	ec47a688	MODULES/Modules-N/MOD.NOEL
6b20e1ce5bf372c751aad8caab1d9888	1	290818	player+silence	uade	Noisetracker 1.x	0	69728	33c0242b	3b92f13d	MODULES/Modules-B/MOD.BACK
6b49c2ef26085fd3ca2706ac1ddda72a	1	314354	player	uade	Protracker compatible	0	60508	a6315245	af9b67f8	MODULES/Modules-W/MOD.WHITESONGII
6b7b5817bf505e7109952f44ca3fc703	1	107645	player	uade	Protracker compatible	0	28004	40973475	f4b4c2d9	MODULES/Modules-D/mod.Dream-Sound
6b7bb674a13ca7e3273958dc7be48c9d	1	361291	player+silence	uade	Protracker	0	219284	60f8642f	96018e3e	MODULES/Modules-W/MOD.WHISPEREDDREAMS
6bd77d6670c502d0bc921baf6b6add18	1	309929	silence	uade	Protracker	0	128876	10c03d91	97e4f7c1	MODULES/Modules-O/mod.oberheim power
6bef4fa471915e022334d7f25e6a77e8	1	169093	player	uade	Protracker compatible	0	74952	91fb6a69	ceb5d5bc	MODULES/Modules-M/MOD.MIDI11
6c37a21a9c4bb6c95f3f4b3cc0c6e718	1	11654	player	uade	Protracker	0	37262	ce772bb1	9805b8c3	MODULES/Modules-C/MOD.CARLING WALTZ
6c6cc83fdd4219e59ea5eb17e49ad692	1	194963	player+silence	uade	Soundtracker II (15 instr.)	0	60760	f1186a94	2f8362d4	MODULES/Modules-P/mod.POPCORN
6c7106cc7488f4448abd6ada0085c49e	1	102983	player	uade	Protracker	0	170412	2c0bad98	21a1a7cb	MODULES/Modules-J/mod.joes#05
6c8cf218b4a6bf4b7d18984f61dda9e9	1	107645	player	uade	Protracker	0	125054	284128cf	94bca22c	MODULES/Modules-S/MOD.SUNWIND
6c98521dab76646fdf365c50c13e5b6c	1	165878	player	uade	Protracker	0	93602	1d5ba291	f46b26c8	MODULES/Modules-C/mod.crack the eggshell!
6c9cad05db9a0c5d1929adc6467d94a8	1	144136	player	uade	Protracker compatible	0	68350	3fbac0b8	2e2a8a9c	MODULES/Modules-S/mod.savannah
6cb0ec2c4824b648e8f417af0b27b10a	1	57730	player	uade	Protracker compatible	0	48546	a4883769	f6713569	MODULES/Modules-A/MOD.A.HISCORE
6cc1794f6315cd8fde449e298a3a792f	1	241091	player	uade	Protracker	0	139452	edb5e729	f28c2694	MODULES/Modules-O/mod.Odyssey 5
6cd145bb8caa821b9c0c36ab72687eed	1	215982	player+silence	uade	Protracker	0	174772	764865c6	9a0c8a59	MODULES/Modules-F/MOD.FREESPACE
6cf0f14909321dbf98038f6b6a3075ba	1	395656	player	uade	Protracker	0	166208	7ea8896a	a1ce5074	MODULES/Modules-P/MOD.PSYCHADELYC_BLAST
6d1851570912c7c2dbd12851572f790e	1	112769	player	uade	Protracker	0	105058	2f87843e	0b66f5b3	MODULES/Modules-D/MOD.DUNGEON OF DRAX
6d2cd42c37fe1ff66127ab1c8a2c7bbd	1	38520	player	uade	Soundtracker II (15 instr.)	0	50104	cd8cced2	9ebb5e74	MODULES/Modules-D/MOD.DiscoII
6d5375c016a2763aeef1296ca3179958	1	20596	player	uade	Protracker	0	21180	6e546dcb	c929a081	MODULES/Modules-A/mod.astarloader
6d6cb5f5b539d93903b405359c4e1fae	1	166521	player	uade	Protracker	0	93796	8cded47f	364d6372	MODULES/Modules-D/mod.dance or die
6e02d38702780abf2bc0c3df42a900e7	1	30824	player	uade	Noisetracker 1.x	0	45330	f1ea696f	d64f7c92	MODULES/Modules-S/MOD.SLL4
6e610dcddfef089fbead5c0f406242fc	1	119824	player+volume	uade	Protracker	0	295646	b02b4246	139e3cb6	MODULES/Modules-S/mod.stop the press 3
6e9368aba4ff6b02ef976fddf00f9548	1	110141	player+silence	uade	Protracker	0	79312	c59fada6	1b2a4a34	MODULES/Modules-T/MOD.TIME-TRAVELLER
6e96b8b18304eed41608dc35b5cc6321	1	138369	player	uade	Protracker	0	151794	aae84234	e510b62c	MODULES/Modules-I/mod.iq64,shape it down!
6ec99ac84322d9f074a1ec680f31eae7	1	135797	player	uade	Protracker compatible	0	65194	55764e1d	6a595a4c	MODULES/Modules-B/MOD.BASKETJODDEL
6ed24fb51ad497ed9e08d4cbc26cc7d7	1	275461	player+silence	uade	Protracker	0	163738	5585cf9f	5492b8c8	MODULES/Modules-S/MOD.SCRAMBLEDMIND
6ede543b210e050cfadda7c89637a149	1	452623	player	uade	Protracker	0	129656	92ee5034	10416af6	MODULES/Modules-G/mod.gregorian3
6eefcdb8176d92fd9ea3bee7df546a85	1	188283	player	uade	Protracker compatible	0	43400	bfd6e379	50defde5	MODULES/Modules-L/mod.laidback5
6f3f89d55ff68c99be608d61237fa7b6	1	154082	player	uade	Protracker	0	155022	2596fa2e	929bc95b	MODULES/Modules-D/mod.De-JA-Vu
6f3f98129c31e0a0c5c477ba4e548e9c	1	209522	player	uade	Protracker	0	67598	4258f80d	472ebc3b	MODULES/Modules-I/MOD.ILT2
6f565309437347c4877d045f4829ea18	1	298906	player+volume	uade	Protracker	0	155292	e49c39b5	f243bac9	MODULES/Modules-T/mod.technocool_rapid
6f6023a8433b9d4e4b9df45443101642	1	138369	player	uade	Protracker compatible	0	90642	683264b5	a0b934c7	MODULES/Modules-S/MOD.steam
6f6231beb110abc2013c4b9803755645	1	116687	player	uade	Protracker	0	167360	d478d3c8	62a9a6d9	MODULES/Modules-J/mod.joes#06
6f72ebe27c8cfb71b134c8a1e509c857	1	115321	player	uade	Protracker	0	39184	6957c073	32ffdffd	MODULES/Modules-R/MOD.REBELLIONCRUSH
6f9079b4cb49978c2ee964e18d5fc10a	1	134511	player	uade	Protracker	0	67878	3c59f936	84e2e920	MODULES/Modules-W/Mod.We Nearly Died
6f9aca6e0109028d9152937053997021	1	299645	player	uade	Protracker	0	96220	874500aa	8047a5ef	MODULES/Modules-A/MOD.A2
6fc563319cff7392a39c617ba729286a	1	252283	player	uade	Protracker	0	151170	ebc448bb	3c8c847f	MODULES/Modules-L/mod.Loud+Clear
6fc5e419d4ddff0fae9c11d7d54fcf65	1	194813	player	uade	Protracker	0	253556	589e1cf9	d179b086	MODULES/Modules-B/mod.breath of air
6fe958692a2de76a420843bbe9a0834b	1	91790	player	uade	Protracker compatible	0	65944	64c47669	071ee71f	MODULES/Modules-R/MOD.REVELATIONS
6fe958692a2de76a420843bbe9a0834b	2	5385	player
6fe958692a2de76a420843bbe9a0834b	3	3235	player
6fe958692a2de76a420843bbe9a0834b	4	1085	player
6fe958692a2de76a420843bbe9a0834b	5	1567	player
6fe958692a2de76a420843bbe9a0834b	6	2511	player
6fe958692a2de76a420843bbe9a0834b	7	0	nosound
6fef0d1795d74cc2d204035788992b29	1	112988	player+silence	uade	Protracker	0	140208	bb7c249f	1925c6f6	MODULES/Modules-M/MOD.MUMBLEMUMBLE
700b861d5d88aeb6a1fbf8c757e8a165	1	159066	player	uade	Protracker	0	114564	af81079c	c9b20a1f	MODULES/Modules-D/mod.das-delirium
70685d8d909f0948fa83f2dfe206fa77	1	107645	player	uade	Soundtracker II (15 instr.)	0	89750	e62df4ac	6f3b3922	MODULES/Modules-S/MOD.SLOW CHORD
7083c2c1770ce640c85e04328bd7227c	1	215149	player	uade	Protracker	0	90078	ace8e351	0c70c521	MODULES/Modules-S/MOD.SLASHYOURFRIENDS
70ab0626a13a994615636bc3fbf499cf	1	235851	player+silence	uade	Protracker compatible	0	74154	337fa3e1	a3139d2f	MODULES/Modules-C/MOD.Court-Up
70afab6c8e0dc473d94712d5f27a5b24	1	193807	player+volume	uade	Protracker	0	73102	96007bde	a42b7d29	MODULES/Modules-O/MOD.OROPACKS
70bb532da2e81af5cd3e24b29d0910fc	1	71816	player	uade	Noisetracker 1.x	0	296588	0e94278b	02709c13	MODULES/Modules-P/MOD.PAN2
70ddf7f3a078a2332e19673ed528e5d8	1	427907	player	uade	Protracker compatible	0	199870	75202f73	9b2ad3d2	MODULES/Modules-V/MOD.VOYAGE
70fe0e77abd3c3ec03bda0ee7be63897	1	88193	player	uade	Protracker	0	141964	71e4f6af	18ec838f	MODULES/Modules-S/mod.sandstorm
710f8d3af227614fdb9ab0a1f792ac73	1	207493	player	uade	Noisetracker 1.x	0	95120	d593b7ff	585e5fa6	MODULES/Modules-B/MOD.BRUTAL MIX
7118547d2122be8388390d1e06dce5a3	1	39887	player	uade	Protracker	0	32754	6b100760	69ff5f85	MODULES/Modules-M/Mod.Mash
713c18338b9a288c190751c9f1caa572	1	155045	player+silence	uade	Protracker	0	183390	304b7a0d	8e5fe492	MODULES/Modules-A/mod.acceleration
71ac621422bf8209166188411c52eb3d	1	84616	player	uade	Protracker compatible	0	105922	067e2348	fdcf4269	MODULES/Modules-D/MOD.DISCO1
71ea01e0f200ab3a9f38c8a82e1cd27f	1	38520	player	uade	Soundtracker II (31 instr.)	0	51804	777c32af	1e0294c8	MODULES/Modules-R/mod.robertintro
7223c90edfde621aa78bf17b3ddc0509	1	38520	player	uade	Protracker compatible	0	31160	e932bfc1	b3f6e42e	MODULES/Modules-W/MOD.WhenUWishUponAStar
7250ae82cc4dca7e860541c3a4be6666	1	138369	player	uade	Noisetracker 1.x	0	158312	6547f240	d65052cd	MODULES/Modules-R/MOD.RAWDEAL
7256015e67e224cfe9c495166a60535e	1	242055	player	uade	Noisetracker 1.x	0	66172	7e8dc3f0	150fddeb	MODULES/Modules-T/MOD.TOTO
7258babb7e4f09773d743c14c83e42c7	1	212095	player	uade	Soundtracker II (31 instr.)	0	70920	7efd6bde	7ba89894	MODULES/Modules-F/MOD.FUTURE
725c0fdf36e50d3733f82dbb9c78f80a	1	327817	player	uade	Protracker	0	153014	91316ed4	282d6c04	MODULES/Modules-J/mod.jambug
72715f3e4ad25b91c12d947238c36d3c	1	92393	player	uade	Protracker	0	100418	88cf9a89	734a6f82	MODULES/Modules-C/mod.Crime City
72715f3e4ad25b91c12d947238c36d3c	2	122997	player
72c2d5f86e15848493dcfcf171e2233a	1	189549	player	uade	Protracker	0	17396	830be7c2	4113ae7d	MODULES/Modules-S/MOD.SHARE AND ENJOY
72e30f8824205cfd990fe22e6078ec8c	1	245893	player	uade	Protracker compatible	0	92704	d41fe19c	a2bd71a3	MODULES/Modules-L/MOD.LIQUIDTURTLE
72f13f46b372af9405da4043aab42849	1	61689	player	uade	Protracker compatible	0	18492	e8efd2a2	4e787221	MODULES/Modules-Q/mod.quick mix
72f30f8da756d054d0091096708a8ff6	1	130693	player	uade	Protracker	0	33158	70102513	7c528ebd	MODULES/Modules-C/mod.chip called hamlet
72f9b4a7ed21b1d736cb2d6d85699f97	1	115381	player	uade	Noisetracker 1.x	0	59476	53ee6ede	1c471e37	MODULES/Modules-C/mod.call of cthulhu
73023f3880605790dd69c344b60eb19c	0	237755	player	uade	Ultimate-Soundtracker or compatible	0	73540	893ed569	887dcd3c	MODULES/Modules-H/mod.HIENERGY
7342016d927e788c4191b94ca3337cc1	1	138369	player	uade	Protracker	0	87828	c4c567b7	3b09f76e	MODULES/Modules-D/MOD.DEATH-BOX
7343f24741962162402deb458645f2d4	1	115321	player	uade	Protracker	0	154868	2e104ae1	ff8ca654	MODULES/Modules-P/mod.packet2
734e14ed83ff8b2190b1d1d41b039b68	1	222845	player	uade	Protracker	0	130006	47597cd8	b8525a47	MODULES/Modules-E/mod.elysium
737e12c99cd2d7c8a6f7cb7cf47a79e4	1	42358	player	uade	Protracker	0	59828	44cda923	72c438ce	MODULES/Modules-F/MOD.FINAL-CONFLICT
7394e57ccc8c3504a50faf7ad9e1ce1d	1	278848	player	uade	Protracker compatible	0	47532	aaebb618	94324986	MODULES/Modules-L/MOD.LETSDANCE
739e69cd99699f8a0562d244be00f95f	1	61568	player	uade	Noisetracker 1.x	0	52998	3dd2df94	b7072894	MODULES/Modules-T/MOD.TEDDY
73bbd6a185881733eb19010ea138bf9b	1	148597	player	uade	Noisetracker 1.x	0	71896	9d7bc2a9	c1761567	MODULES/Modules-S/MOD.SLIDER-BUG
7405b8ccaa22dbfc87cc5713124b44c3	1	261245	player	uade	Protracker	0	96836	71017704	7c8b869f	MODULES/Modules-I/MOD.IN-GAME
7419030181300b5ae54a1775a15c7ab0	1	107645	player	uade	Protracker	0	151130	f5bda796	fd8e65d3	MODULES/Modules-X/mod.XTC part 9
742a0e5b4dde6def4cda5778b1337a03	1	138369	player	uade	Protracker compatible	0	110640	13cb31c2	5e0584d9	MODULES/Modules-I/MOD.I C NO SHIPS
747a1ee2b3ed0cddf04b9e41e28865d6	1	84616	player	uade	Noisetracker 1.x	0	72144	87c12348	6d5c344f	MODULES/Modules-S/MOD.SWEET TIME
747ff6a5c74448a1e0bbcd9b0f5862d1	1	195104	player+silence	uade	Protracker compatible	0	74882	920962e7	f1bf07c7	MODULES/Modules-N/mod.newage
7481a038441928026dd0fad69846d1bc	1	174217	player	uade	Protracker compatible	0	64512	a8f62669	8b80d5ad	MODULES/Modules-S/MOD.SUBSPACE2
748f8b73a223e668ddc41d735e03f4f2	1	175518	player+silence	uade	Noisetracker 1.x	0	48196	b060ff85	9656cab9	MODULES/Modules-I/MOD.ITS ACID
749ee6a50a3e2199353cc1ffd04be1f9	1	240714	player+silence	uade	Protracker	0	107870	8c5bd67c	9c20a76c	MODULES/Modules-D/MOD.DAYSOFFURY
74a4ef619ea47831a8a76547cab7043a	1	257407	player	uade	Protracker compatible	0	83980	8c6d89d3	a068abc4	MODULES/Modules-T/mod.technotronicinsp
74b1d4a3ac2ca30df192f31a1645e9af	1	151906	player+silence	uade	Soundtracker II (15 instr.)	0	43926	2f3b0ef8	585b6339	MODULES/Modules-E/mod.echoing
74b283497c93e3e7d053202df8995f1a	1	288111	player	uade	Protracker	0	130550	2b121632	56439a79	MODULES/Modules-M/MOD.MISSILE
74f0827eee8d38fb289a584d17f931c5	1	156353	player	uade	Soundtracker II (15 instr.)	0	49494	a9364f26	a0e29e24	MODULES/Modules-G/mod.gobba
75073c83160041057b40089f24f266f6	1	153741	player	uade	Protracker	0	39998	86fad89c	ad7e33a1	MODULES/Modules-E/MOD.ECHOING(fixed)
75189fcd4cb4cd415b07ae2b0164e689	1	69224	player	uade	Noisetracker 1.x	0	56728	8a2c1142	63970326	MODULES/Modules-I/MOD.INTRO MUSIX.1
7519888adfb1828ed6ca30fb9d5581c9	1	138369	player	uade	Protracker	0	72154	cd3dcb0a	ec275fc7	MODULES/Modules-B/mod.BLUES
752af1d32c66f4d0a9f8e42818ccdbba	1	158211	player+volume	uade	Soundtracker II (15 instr.)	0	121904	847606e3	c9867e26	MODULES/Modules-C/MOD.chopper 1
754d40111753892da8f1f0e7ec2573c6	1	108689	player	uade	Protracker	0	185822	d76ea8ff	8aaa7336	MODULES/Modules-N/MOD.NIGHTJAZZ
75679f2d3799efc79a2cf49554a4434b	1	161397	player	uade	Protracker compatible	0	46616	6148fae3	92ae8120	MODULES/Modules-L/mod.laidback2
758fff1a85d4ceffdd3787fcec79bfc9	1	76920	player	uade	Protracker	0	55456	70dbfcb2	1a5e320e	MODULES/Modules-J/MOD.JOE6
7625270ad5e7491f7ac730500b031b44	1	250997	player	uade	Protracker	0	103732	da2b6ddc	0677d6ab	MODULES/Modules-F/mod.fade 4-11
764716332f23450dfe9fda06596d6016	1	58213	player	uade	Protracker	0	82942	39c5983a	0097f395	MODULES/Modules-C/MOD.CHICKENSONG
7650e67e871c0389c7577653de98515e	1	238197	player	uade	Protracker	0	94126	ce2935a2	d35497c5	MODULES/Modules-F/mod.fabel
768ae21daefe19b14e82df80e57a1f9c	1	267494	player	uade	Noisetracker 1.x	0	142916	ec0a454b	11b10cc5	MODULES/Modules-F/MOD.FULL-EFFECT
769211422fa798f706770d32437b9608	1	414866	player	uade	Noisetracker 1.x	0	214704	9a468fed	ffca1006	MODULES/Modules-R/MOD.rainynight
76ae0673bf044596b3c8a272ce246464	1	99968	player	uade	Noisetracker 1.x	0	50860	964debfb	fa00c6aa	MODULES/Modules-P/mod.parting song
76c2aa62acaa8c491de2225b8d01a58a	1	289716	player+silence	uade	Protracker compatible	0	107444	63ea4452	0d606197	MODULES/Modules-I/mod.in-a-life
76e5e66075cfe5c1d5c4cdc469b3c4c4	1	130693	player	uade	Protracker compatible	0	30214	0b3d61f6	f5bb4ba2	MODULES/Modules-R/mod.rocks
770e7d6f287d6cd65699c17f149f3243	1	166653	player+silence	uade	Noisetracker 1.x	0	93516	bf903c89	8ad98293	MODULES/Modules-D/MOD.DANCEBOARD
77179a5b4a4978e8c3dcf7398eda65e9	1	38520	player	uade	Protracker	0	23246	16a8355b	e1f6249a	MODULES/Modules-P/MOD.PERHAPS2-DIA
7748e1b7147e346129e128e59a5b55a1	1	99968	player	uade	Protracker	0	38460	5c1094ce	11e57b89	MODULES/Modules-V/MOD.VIBEHIT
77791228277cfc505676377c2eda345c	1	59095	player+silence	uade	Protracker	0	18360	7eb2e1f4	5b0a5af3	MODULES/Modules-B/mod.bliuytriut
77de4591a566213fd8ab0bbb1838634e	1	80879	player	uade	Noisetracker 1.x	0	54978	ba98ecba	837df7fc	MODULES/Modules-C/mod.Concerto
77ed53e6bf0e9bdd857985e7774cd144	1	12920	player	uade	Protracker	0	47416	120fb826	9ed92748	MODULES/Modules-D/mod.dc loader
7808b0430e9e49e58714c74719878e9c	1	194472	player	uade	Protracker	0	180340	2015d569	7151c62f	MODULES/Modules-A/MOD.AFTER-HOURS
782e7a1b31fd85535ec456d08edab3c9	1	261245	player	uade	Protracker	0	132256	0b188f7e	aa1712de	MODULES/Modules-M/MOD.MOOG-INDIGO
7876354fbbc29e17c35eaa3924f2943d	1	115321	player	uade	Protracker compatible	0	30772	d2e6ad23	992dd311	MODULES/Modules-E/mod.Enforcer-Sound
7886dccf6a1fdd78dec0bcf79c0aaabf	1	230541	player	uade	Protracker compatible	0	60790	7f107274	eb5263c3	MODULES/Modules-F/MOD.FIREFLY
789e7d4131cc04313e6619db486a3f87	1	268921	player	uade	Noisetracker 1.x	0	137032	b32bf48d	cdb80978	MODULES/Modules-T/MOD.TAKE A WALK
78b78e50ffc2c2e4f8a84708478696b4	1	122997	player	uade	Protracker	0	59876	9136ddec	07f447e9	MODULES/Modules-S/MOD.SLL11.1
78bbffb1a8c1b1384dde8eb7d2d25d8f	1	322693	player	uade	Protracker	0	110140	afc5f228	a82be655	MODULES/Modules-I/MOD.ILT5
78ce645c91b00aeeb177d88a73e129d3	1	192141	player	uade	Noisetracker 1.x	0	84548	9da2b58f	560669a2	MODULES/Modules-B/MOD.BLASTERS-REMIX
78dd17fafae334b8eb6e9fc0835929cd	1	178678	player	uade	Protracker compatible	0	84388	78cd7c7e	866db158	MODULES/Modules-S/mod.secret land
79182e6a6b8957ab2eac909926a1c526	1	188283	player	uade	Protracker	0	116040	7a45a094	c5513b78	MODULES/Modules-D/MOD.DUNEHORIZON
791fd8a0969543e03547423aa575f949	1	255538	player	uade	Protracker	0	198510	b2644eb1	e5660eb1	MODULES/Modules-W/Mod.WURLITZR
792e6de70b60a10e2b36f01b7bae4310	1	199797	player	uade	Soundtracker II (31 instr.)	0	99000	9c8dfd45	f75ed663	MODULES/Modules-S/mod.sll7
793b7aab529303711b4bdafde8b15c07	1	636142	player+silence	uade	Protracker	0	139240	ecdbdbfd	6616bcae	MODULES/Modules-C/mod.clockwisecid
795e37259f15606c86343a002e429de3	1	202396	player+silence	uade	Protracker compatible	0	135136	f02bdf20	572345cd	MODULES/Modules-Y/MOD.YELLOW
7982878c62122a9cf4e51f8840eb9aec	1	146045	player	uade	Protracker	0	39498	9c95ca2c	f8436d12	MODULES/Modules-P/mod.paradox1
7989bf118d3662bdb7e911f3fa92d61f	1	289209	player+volume	uade	Protracker	0	240458	34b1c793	accab9a1	MODULES/Modules-A/mod.Asyxtasyn
799c43e7ca94297daf67ad216a5f69b3	1	69224	player	uade	Noisetracker 1.x	0	138566	99c406b7	01df074c	MODULES/Modules-R/mod.reaction
79b57da128da58c8080f88fddb5af386	1	229255	player	uade	Noisetracker 1.x	0	73148	870f1673	0a9fc618	MODULES/Modules-O/MOD.OASIS
7a32a1cc6a3304788dc0f11ba65f8d19	1	119179	player	uade	Protracker compatible	0	106344	7cb6303e	d7ad1046	MODULES/Modules-S/Mod.Seeing-Is-Beliving3
7a41ce91052bc86a079d43866bc56261	1	257774	player+volume	uade	Protracker	0	137528	2ebbfadf	b8bd3316	MODULES/Modules-H/mod.hate2
7a699080f9d56f2e22f4a4e856674086	1	153721	player	uade	Soundtracker II (31 instr.)	0	97552	59c848f3	9a28b669	MODULES/Modules-K/MOD.kawai-k1
7a745635e2a00b19d5f1db84abe04d91	1	395053	player	uade	Protracker compatible	0	131486	29fb43d5	32670cf7	MODULES/Modules-P/mod.polarchase
7aad4d364d77a5a515b5bb16c447cc6c	1	172931	player	uade	Protracker	0	282912	0672fab3	125f313b	MODULES/Modules-C/mod.cybernet
7ac2fb4573ea045c5eed9ebd7905385d	1	61568	player	uade	Protracker	0	92634	e20801ac	cda491b6	MODULES/Modules-M/MOD.Melotech
7ae6793779ad6d7a180faac5add1dcd9	1	284755	player	uade	Protracker	0	312348	f88d3305	42290e4d	MODULES/Modules-T/MOD.the cosmic dog ii
7b40820df12e94520f8121a88b55a9f1	1	266046	player+silence	uade	Protracker	0	106544	0755e8c2	d79defb3	MODULES/Modules-T/MOD.THE-BLUE-DUNE
7b8b23fedb46be474f4e2cf634c8833e	1	138369	player	uade	Protracker	0	75228	2708daf9	62ac6e28	MODULES/Modules-T/MOD.TRUE
7bb115884508ec58cd633b8056bb46aa	1	76920	player	uade	Protracker	0	10452	af8e4c99	8f75a930	MODULES/Modules-W/MOD.WARNING SIGN
7bb5bd232adc38b75a71d205a25bc14e	1	192141	player	uade	Noisetracker 1.x	0	189104	d04099a7	98e8d3cd	MODULES/Modules-S/mod.savageintro
7bf820acd91aefddf8bfa8905cf23437	1	180142	player+silence	uade	Protracker compatible	0	187734	6ba9a7b6	be43c0a7	MODULES/Modules-H/MOD.HOUSEJOURNEY
7c275115f1b81112d6868b37c7d24fa0	1	180145	player	uade	Protracker compatible	0	90710	e1dad563	3400e84e	MODULES/Modules-B/MOD.BASSROCK
7c834a4b080b418ee0f533367aea506a	1	116164	player	uade	Protracker	0	125788	c090ffca	88ae9968	MODULES/Modules-G/mod.gimme it now!
7cef4da49cd49c4174271e2f4e39bfb9	1	519497	player	uade	Protracker compatible	0	67936	84b2cbce	04c8d49e	MODULES/Modules-E/mod.Ethereal
7cf371a23dc4552796acbc3bfff7693a	1	79513	player	uade	Protracker compatible	0	45918	f258cbea	5bc20be7	MODULES/Modules-H/MOD.House
7cf4ff97d312a34348c1a0e9776085fe	1	251151	silence	uade	Protracker compatible	0	141616	2d032f6e	4178b02c	MODULES/Modules-B/mod.Bombshell
7d313989eb17a1f22c894feb74592e3f	1	69224	player	uade	Protracker	0	142622	8867d079	6ef39e91	MODULES/Modules-M/mod.messages
7d3ec467742ef2ce3a3a07ef984e7816	1	245893	player	uade	Soundtracker II (15 instr.)	0	70276	aa8b99b2	84c306a3	MODULES/Modules-W/mod.WaterCanWave
7d43cbd13a607d7bf305834e4bd949f1	1	101395	player	uade	Protracker	0	197524	fd96b2a8	159aa178	MODULES/Modules-R/mod.ratm
7d599c3a7a125475024e9c7a0de501ec	1	215870	player+silence	uade	Protracker compatible	0	90332	0d69e2c6	c8c5c620	MODULES/Modules-P/MOD.PAULIC
7d5fb20635ee0798eeef6cf21ea2b2a8	1	44910	player	uade	Protracker	0	39210	d8cac491	efd84b8d	MODULES/Modules-M/MOD.MUNK-JAMS
7dc1e3dce7f9927f1972921237c060e0	1	356592	player	uade	Protracker	0	129686	60a28d9e	beb65a8c	MODULES/Modules-S/mod.slow-motion_2
7e0c2a9ac1d1480d406e08ca3d3b70db	1	182596	player	uade	Protracker compatible	0	102092	967d5b8c	623323f8	MODULES/Modules-H/MOD.H_W_M
7e52a03144d864b4d636e3f07f77668b	0	163507	player	uade	SoundFX	0	125812	6d1f016c	667c78bb	MODULES/Modules-K/mod.killemall
7e52c25ac690a47baf86a046da66f248	1	130693	player	uade	Protracker	0	75560	4dceafec	e01f7e41	MODULES/Modules-Z/mod.zine-sound ii
7e53e9b491072d1137d746053668be6a	1	161397	player	uade	Soundtracker II (15 instr.)	0	107052	fc1b5aaf	ec1c3dd9	MODULES/Modules-L/MOD.lucky p
7e556914732e71555194d24ba92627a5	1	180607	player	uade	Protracker	0	80006	db09124a	7bb46a38	MODULES/Modules-P/mod.pc90
7e55878903175ab7c0a0d126c4386bbf	1	105916	player	uade	OctaMED MMD0	0	40154	710b6f02	7a64675a	GAMES/PETER'S_QUEST/Sounds/game_play.song
7e6541c7a1db6d74c46da38ff14aeb5c	1	57730	player	uade	Protracker	0	48546	7d1a13a2	5e27b059	MODULES/Modules-F/MOD.FINALE
7e7d952cdbe9017afdea5202525eb1cf	1	153721	player	uade	Protracker	0	17504	cefb1222	310d84fa	MODULES/Modules?/mod.4matintro
7e8b6cd6f2f62364182d19831966aa20	1	268921	player	uade	Protracker	0	107514	d513efe1	ad87335f	MODULES/Modules-S/mod.stories never end2
7edca0cf2fa3fc27f42b49a1900a5b12	1	199797	player	uade	Protracker	0	140508	93ac72ab	64749b88	MODULES/Modules-D/mod.decided mood
7ee1f5f8a46441f061de137e39fb70da	1	247660	player+silence	uade	Protracker	0	191134	af1b84dd	fb7779b4	MODULES/Modules-D/mod.dragon jive
7f21c95dcc3480d3c79577e86f7198f3	1	153603	player+silence	uade	Noisetracker 1.x	0	84972	a225bfb1	20952861	MODULES/Modules-T/MOD.TECHNOPOP
7f4a83877819fc404d1799e3b370abcf	1	307321	player	uade	Protracker compatible	0	78524	36495df3	d8228130	MODULES/Modules-F/MOD.FATTAMORGANA
7f5218b8ef438339f53c3543e71f2c40	1	128221	player	uade	Noisetracker 1.x	0	79292	aa9db435	3dc1e7a8	MODULES/Modules-D/MOD.DIG.THIS
7f562dc047d608f575f0ba199b635cb0	1	130713	player	uade	Protracker	0	57572	c1885b7d	48623921	MODULES/Modules-I/MOD.INSANITY
7f7ab7ace481940f5b48ca6178317179	1	433133	player+silence	uade	Protracker	0	96060	1355d2b0	ec7c2f7b	MODULES/Modules-B/mod.bad-voices
7f8cc0423b930e2081f2dd3976236df6	1	286865	player	uade	Protracker	0	161764	3ac4eee0	638acce7	MODULES/Modules-D/mod.desertdream3
7ffa6aae683cdad461c6990a19f59619	1	614543	player	uade	Soundtracker II (15 instr.)	0	83100	aad80dce	ef84dfde	MODULES/Modules-E/MOD.Easy
7ffe066831e0e7e78f15e87596f75868	1	53872	player	uade	Noisetracker 1.x	0	46028	7668bd6c	57f371da	MODULES/Modules-T/MOD.TELEPHONE
800b32523473157189c45c90f5fad8dd	1	379098	player	uade	Protracker	0	231800	7bfdcebe	6bafc09b	MODULES/Modules-P/Mod.Psychoholic
803c8e07f97bc3cf190059757eff7c9b	1	279368	player+silence	uade	Protracker	0	150288	8a07bb61	1e07ca9c	MODULES/Modules-N/mod.nam-theme
8043eee7d936c2076b3802efcbdd1bc6	1	74368	player	uade	Protracker compatible	0	34392	27d3ae5e	d1f05f59	MODULES/Modules-S/MOD.SWITCHMEGASFMSX
80612ceac779d4b0ef4085b24145ef75	1	242055	player	uade	Protracker	0	130382	baf935b3	e4144a24	MODULES/Modules-C/MOD.CREAMOFTHEEARTH
80b0deb4bbf0728d1f820df8fc522815	1	363987	player	uade	Protracker compatible	0	214418	76959b4a	31cb00eb	MODULES/Modules-E/mod.electric-revenge
80bc373c4e699526408f89938ff04079	1	253248	player	uade	Protracker compatible	0	137000	f44c98e6	9df4296d	MODULES/Modules-W/mod.westendgirls
8145e0c05e71516e0633cab55c6eab61	1	223166	player	uade	Protracker	0	158518	786d86d3	f187686a	MODULES/Modules-L/mod.last adventure
815c8eec4b0af6b204579962f12a5f4b	1	223809	player	uade	Startrekker (4ch)	0	172502	4429da3e	53ca19a2	MODULES/Modules-F/MOD.FANTASY-WORLD
817b4cd939d8aad4418ec04b231a3da8	1	101476	player	uade	Protracker compatible	0	148180	2e642a90	1f1df8ed	MODULES/Modules-H/MOD.HUM
818e883f95d16b075f133267103fa684	1	197014	player+silence	uade	Protracker compatible	0	155714	0c4f9c07	51a56a0e	MODULES/Modules-Y/mod.yummy gap
81b31ea66095c1fb945b35227cc9b27a	1	146045	player	uade	Protracker	0	73530	cc27fb41	8357dc31	MODULES/Modules-C/MOD.CHANGE OF LIFE
81e6a176a5ce06f0bb280ca5d6959bfe	1	20596	player	uade	Protracker	0	9012	c8afaf81	46c663fb	MODULES/Modules-C/mod.chipmunks
821df8e5e376eb12a607e78ee6be2e8b	1	172569	player	uade	Protracker	0	162900	1ddd2c04	cd622660	MODULES/Modules-G/mod.ghaza
824c57dff6514fb7d68dfbd0725ca992	1	184445	player	uade	Protracker	0	186688	10be6309	bf35695f	MODULES/Modules-V/MOD.VISITORS
827036b842d9e21a6432f5de36124297	1	211331	player	uade	Protracker	0	99756	df156fa6	518f43e4	MODULES/Modules-N/MOD.NEPHEW
82b0be936ec646bd2f8681d19176936e	1	310016	player+silence	uade	Soundtracker II (31 instr.)	0	78742	53c7718c	52cf2bb8	MODULES/Modules-M/mod.magneticfields iv
82c34290d51db274885e7f756541881d	1	46216	player	uade	Noisetracker 1.x	0	58516	2e0fac6d	517848dd	MODULES/Modules-S/MOD.SLL5FREESTYLEMIX
82c3ae726bb18d9117ad6cff4cb7fe46	1	25720	player	uade	Protracker	0	6372	41fb648d	8170fe9b	MODULES/Modules-A/mod.aerodynamisk neger
82d9f720d744fc686e9f93a978b370ef	1	53149	player	uade	Protracker compatible	0	160690	f6115771	dc0745f4	MODULES/Modules-C/MOD.Crimbo tune
82e645b84d0272be769fb0005290fd38	1	32753	player	uade	Protracker	0	70246	5512538e	820e2a99	MODULES/Modules-J/MOD.JOE4
82e645b84d0272be769fb0005290fd38	2	34682	player
82e658ef12d09200bfbbfc77653cfe77	1	167726	player	uade	Noisetracker 1.x	0	107766	1ef6bc3a	604c17aa	MODULES/Modules-P/MOD.PSYCHOMOD
82fe0f7f78709aa85aeb228fad49eb45	1	198531	player	uade	Soundtracker II (31 instr.)	0	62808	acbbfb79	8bcd116d	MODULES/Modules-T/MOD.TIMESKIPPIN'2.3
8300c1b8ea4489cd8585a23499603a88	1	92272	player	uade	Protracker compatible	0	166414	32b7860e	879d8233	MODULES/Modules-T/mod.touch-me
831b0ec3be75e020fb37ddf96992ca81	1	294413	player+silence	uade	Soundtracker II (31 instr.)	0	144308	747a878e	7f8fedef	MODULES/Modules-P/MOD.PALACE
832b267aa12278c88d4183629c827c38	1	138485	player+silence	uade	Protracker	0	228156	e4491fd7	015bcaf8	MODULES/Modules-E/MOD.EUROVISIONVISION
834144981bf12d550be5f7c035e8b86a	1	171464	player+silence	uade	Protracker	0	249680	8a2ab586	575b12b7	MODULES/Modules-R/mod.rhetoric
8387f52caadd126a34ce661d5216f915	1	146045	player	uade	Protracker	0	119292	7327acf2	273ebd73	MODULES/Modules-X/mod.XTC part 7
839495157874456e9b187e2c700a452b	1	130693	player	uade	Noisetracker 1.x	0	63218	ac8bce5d	d1425376	MODULES/Modules-F/MOD.FREESTYLESONG
83ba0a02e8dd275f598bf60d492418d0	1	147588	player+silence	uade	Protracker compatible	0	115566	f61525e8	e7b407cc	MODULES/Modules-B/MOD.BEYONDFORCEAMIGA
83d8eac6fca52731c59cec40dcc42238	1	90086	player+silence	uade	Protracker	0	129854	5021460e	9be75b84	MODULES/Modules-A/mod.another day
8416482fc10f95d112b5a9b50d28b897	1	238197	player	uade	Protracker compatible	0	161922	621a760b	43a947f0	MODULES/Modules-P/MOD.pumpupjam
841cb2bbdbf1ea25e8d0878755b8759f	1	144055	player	uade	Protracker	0	100880	4291ea27	d572ee5c	MODULES/Modules-D/mod.dosdemo3
8438fd36786db7dedc22052b18eb4c3e	1	97658	player	uade	Protracker	0	262626	6a3b0b9f	f3200391	MODULES/Modules-B/MOD.BeatIsHot
8485e2757fa2af6faf302938de54ce53	1	253569	player	uade	Noisetracker 1.x	0	126058	43e3e055	78a91343	MODULES/Modules-A/MOD.AQUAMIX
8496759e2e3fafbf54e258c76e87520f	1	153721	player	uade	Noisetracker 1.x	0	37952	721e4ca2	7872c4b7	MODULES/Modules-L/MOD.LOWBUDGET
84cfa19467a3f52eca90474d8eef1f33	1	287307	player	uade	Protracker	0	198634	38638cc5	3c2b5c49	MODULES/Modules-A/mod.after_a_sickness
84fcb426b92175d269d46978fe58934d	1	128121	player	uade	Protracker	0	99862	725332f2	149e1aca	MODULES/Modules-T/MOD.THEDEATHTOLL
8552d68fc49ee928c66d68a5f6bbd5c6	1	158845	player	uade	Protracker	0	88814	9e05a100	5bc42efa	MODULES/Modules-D/mod.Darkfire
85c9cf111f0fabc04a56376850b2e08a	1	222845	player	uade	Protracker	0	81214	fa7821a1	a481bdbd	MODULES/Modules-S/mod.select
8604e432842942a1cdb3d11cd2a2a4eb	1	82044	player	uade	Protracker	0	71464	1c96de07	47a2551d	MODULES/Modules-F/MOD.FAREWELL
862171ca13f82afe676141cb8ac96467	1	179321	player	uade	Protracker	0	47724	3785b1dc	dcee3c7b	MODULES/Modules-S/MOD.STRANGELOADER
862ef26ec2b958e9597bf59f88cee248	1	217098	player	uade	Protracker	0	142722	f14eaf39	cf3844da	MODULES/Modules-M/mod.molecule's revenge
8679e0294b6d44e9d647ac330b17f804	1	30824	player	uade	Protracker compatible	0	38832	f826ed80	dd86f1fc	MODULES/Modules-K/mod.Kraak-Vaak-Sound
86c7252f4060ea22dd6d750fb6c0b76a	1	160131	player	uade	Protracker compatible	0	100516	1fc7267f	f90a39c3	MODULES/Modules-A/mod.anarchy
86eba4190c26331d8fbf837949056eea	1	355616	player+silence	uade	Protracker	0	84158	359d07fd	d1268fb9	MODULES/Modules-H/MOD.HYSTERIA
86eba4190c26331d8fbf837949056eea	1	355616	player+silence	uade	Protracker	0	84158	359d07fd	d1268fb9	MODULES/Modules-S/mod.soundbeat
86fff95204aca977880421bbc75635ab	1	107645	player	uade	Protracker compatible	0	41856	25f76d3c	bff14c02	MODULES/Modules-T/MOD.typisk demolat
8702e333d30dcd2dbaaeb5b8f469a1af	1	213689	player+volume	uade	Protracker compatible	0	111110	1eab7bf6	7e7f035e	MODULES/Modules-G/MOD.GASP
8730d9335e6200b2a0121f36f5de1a76	1	366171	player+silence	uade	Protracker	0	188536	a97b0afe	f7bd26c3	MODULES/Modules-W/MOD.WAYTOMIDDLEEARTH
87696dc5d97eee5e6758c1f6b7f56c02	1	356572	player	uade	Protracker	0	258408	22a710c3	1b6908a2	MODULES/Modules-S/mod.spacetekopening
877219abffb6ebfd6a9140278e465759	1	430278	player	uade	Protracker compatible	0	163570	44a29add	787d21e3	MODULES/Modules-I/MOD.imaginary-woman
879eae3d75d6aeba0d265e095fe1d550	1	65025	player	uade	Protracker	0	87124	a216a71d	11ed35bb	MODULES/Modules-B/mod.bass 2 bass
87b7c574fc74c48ce28d63560a1ad4c7	1	161397	player	uade	Protracker	0	196808	d50783d7	1bcc8223	MODULES/Modules-C/MOD.CLOUD_JUMPIN'
87bb854a7307c65a8fe62055f3076b3e	1	269840	player+silence	uade	Protracker	0	97082	ee33c321	bf3fc251	MODULES/Modules-T/MOD.TS
882fafffb84694ae1c7b6f3a7a503307	1	123076	player+silence	uade	Protracker compatible	0	78136	753824c3	a29b2836	MODULES/Modules-C/MOD.CREDITS
89024b9331775002491ec13e51d0e463	1	88434	player	uade	Protracker	0	239066	89193784	0aa69545	MODULES/Modules-C/mod.cyberation
89026b4d1485e5e987f0d2aaf7573b2c	1	169093	player	uade	Protracker	0	118262	b7b0c946	4bfbe6ca	MODULES/Modules-D/MOD.DR. MONGO
8925744aa4b28347a0436aa9a932059f	1	30824	player	uade	Protracker compatible	0	6400	1f339fab	821e73c7	MODULES/Modules-S/MOD.SO WHAT..
8928bef01a59f815ea74f32cbbbd551f	1	73082	player	uade	Protracker compatible	0	55970	5a6db1c6	91cab4ee	MODULES/Modules-P/MOD.PeterGunn
892a847b81af23155ce9f77adbc6c65b	1	43624	player	uade	Protracker	0	31820	c28b77bd	68d86abc	MODULES/Modules-F/mod.funk it
893bb4e855ad9334d7c127a5314088bb	1	97357	player+silence	uade	Protracker compatible	0	53436	ff00c76d	35c9b8f1	MODULES/Modules-W/MOD.WHEELBARROW
89819272a8c487b3a253cd1683476f1f	1	84616	player	uade	Noisetracker 1.x	0	133456	8b2e26b9	dab40305	MODULES/Modules-S/mod.Spikemix 1989
89d2f08d52fe61e3c18a17c76171591b	1	153381	player+volume	uade	Protracker	0	185174	e10b6561	0499707a	MODULES/Modules-G/MOD.GHT-BLURING
89d2f08d52fe61e3c18a17c76171591b	1	153381	player+volume	uade	Protracker	0	185174	e10b6561	0499707a	MODULES/Modules?/mod.-ght-bluring
89e0bb26902427fa4975e5ee10ec6439	1	75011	player	uade	Protracker	0	82946	f4a05097	73cda707	MODULES/Modules-T/mod.trabalash
8a22b7fd997b0fb3c25afaf173177a9a	1	192141	player	uade	Protracker compatible	0	103590	5ea8d495	666ff204	MODULES/Modules-C/MOD.CRYSIS
8a4c85022246c3e3515bf96711a980e7	1	249731	player	uade	Protracker	0	150770	34c89611	acff3789	MODULES/Modules-N/MOD.nutune
8a72c711d507c1bdec8cf8e00936b84a	1	155396	player+silence	uade	Noisetracker 1.x	0	106386	40d73451	be80b328	MODULES/Modules-D/MOD.DEFJAM
8a83a8af640757bf9eac6a96dcfe1691	1	702857	player	uade	Protracker	0	141118	045e29e0	e1846052	MODULES/Modules-P/MOD.PROGRESSIVE-FUNK
8abba6d4f501fb4225a1841d3ae2ed06	1	309210	player	uade	Noisetracker 1.x	0	236448	94a8c205	8cfa2964	MODULES/Modules-O/MOD.OLDROMEO
8adbdb243a07646da899424209c626cf	1	38520	player	uade	Protracker	0	26152	4cae34f9	bfbcf68c	MODULES/Modules-F/mod.fusion
8adce291b006fd68d7db9dc8790f6b4d	1	245893	player	uade	Soundtracker II (31 instr.)	0	42160	229aebeb	ba926ec8	MODULES/Modules-T/mod.tar-amiga memory
8ae3fd5787687ae23792a2e159a71c45	1	153721	player	uade	Protracker	0	16894	88cd3e1e	eb15cd70	MODULES/Modules-C/mod.chips n drums
8aecef18d27e6e3e7c85e942a2edb903	1	207493	player	uade	Noisetracker 1.x	0	90544	eef1b222	b5aac050	MODULES/Modules-S/MOD.SANDWICH
8affd259e1b9f87514c8eec1dd2418a8	1	256987	player+silence	uade	Noisetracker 1.x	0	157512	d9ef7306	ad19f687	MODULES/Modules-F/MOD.FACEINTHEWATER
8bac50d366a8a1fefadbdde36adb2991	1	130693	player	uade	Protracker	0	93694	88bc7147	b4fca415	MODULES/Modules-E/MOD.EINSTEINIUM-04
8be0fcda9c62421036625fe247252182	1	187740	player	uade	Protracker	0	95110	570bc7f3	ef79aa8d	MODULES/Modules-E/MOD.ELEKTRIKFAITHII
8bffc46f46e0911f29ff4edf0c71a484	1	249731	player	uade	Protracker compatible	0	263994	81b76501	cf724d63	MODULES/Modules-A/mod.atmosphere
8c664f546b2f1d2b9a713f1d6d418c2e	1	174840	player	uade	Protracker	0	80468	75e58712	cca1bcfe	MODULES/Modules-D/mod.depressing energy
8c943cf1f43a990b8352b9d25f8250a8	1	218232	player+volume	uade	Noisetracker 1.x	0	50172	dce50cd8	9220fd77	MODULES/Modules-W/MOD.WILD BUNCH
8cdb695e7798a1456dc97549b40dc3b3	1	330279	player+silence	uade	Protracker compatible	0	109694	97baecf7	872739d1	MODULES/Modules-B/mod.black
8d34c5a61e4a077ae7e542c95c2639dd	1	311539	player+silence	uade	Protracker compatible	0	171558	f9dc54c4	822fd7a4	MODULES/Modules-P/MOD.PLEASE...LISTEN
8d360a7421e49e1f0521f1feeaf6adb0	1	92272	player	uade	Protracker	0	67846	f51484c7	c19e198d	MODULES/Modules-W/MOD.WHATONEARTH?
8d39ca8601de473da5cdb8e815c0b497	1	126835	player	uade	Protracker	0	126700	fd11182c	ef698f4e	MODULES/Modules-A/MOD.ALIENWAY
8d7b5989093a18cbcfd5cbab8fa56450	1	58092	player	uade	Protracker	0	89704	fa06fc85	fdc2c10a	MODULES/Modules-G/mod.gluem
8d84e07b19eafbeb38633a4449aeaa0c	1	161397	player	uade	Protracker compatible	0	156782	84f791fe	6c89907a	MODULES/Modules-C/mod.Creation
8d901df8e13ceb81cbdc239d238f3ae5	1	89158	player	uade	Protracker compatible	0	75556	33a74f84	e7f81a2c	MODULES/Modules-N/MOD.NONAMEYET
8dd859a5e1369c638c9b6ca6270a1d6b	1	261245	player	uade	Protracker compatible	0	69348	09891fac	cd0fe1d3	MODULES/Modules-P/mod.Prophets
8de453cbea71177e10fd49f56e7cf67c	1	107645	player	uade	Protracker	0	58412	4f1969ac	9d2b427c	MODULES/Modules-W/MOD.WMAZS
8ded67df37f7d68fdf7835e295bbe673	1	38520	player	uade	Protracker compatible	0	81072	11811a2a	64ca374d	MODULES/Modules-A/MOD.A-Dream
8e1a1d9abe0530f2bb3038197c1d8523	1	109574	player	uade	Protracker compatible	0	85994	bd7a28e9	5567e952	MODULES/Modules-N/MOD.NOICEONTHEROCKS
8e22ddc730fd08ce4ca1ecd4d53e4f28	1	189280	player+silence	uade	Protracker	0	190644	77b5fbd0	04743878	MODULES/Modules-T/mod.the last destiny
8e50b945f60e72130535c1f25b87bf5b	1	123981	player	uade	Protracker	0	71614	b5b63281	27a1bd3b	MODULES/Modules-S/mod.spiritual legacy
8e51051ecd345d48f975d315b29843a9	1	213527	player+volume	uade	Protracker	0	126310	34a9735c	28d27a71	MODULES/Modules-A/MOD.ALONE
8e630c6c0990219f1f4fa4a7ca2c77bd	1	50034	player	uade	Protracker compatible	0	118054	712fd9a7	e63ae9a7	MODULES/Modules-C/mod.Curse of Pacman
8e9a0ad82a375ad757cfd8e36f6174af	1	291767	silence	uade	Protracker	0	181318	bb0e177c	b32f8057	MODULES/Modules-S/mod.Seeing Is Beliving 2
8ebf625886914b71ed84c22e18446313	1	92272	player	uade	Protracker	0	9294	eced4277	1528d73a	MODULES/Modules-I/MOD.INTROMUSIC2
8ec71b5d9541cdaf3728c2bc899389e6	1	182665	player+silence	uade	Protracker	0	129414	2db0a442	7ee19730	MODULES/Modules-T/MOD.TEKKNO-RYTHM
8ed7216b43185a3714e3175a66b803a8	1	115321	player	uade	Protracker compatible	0	130498	ac37bff1	0079b05a	MODULES/Modules-T/mod.t.zone
8f031de4fa631ce6c69286ad6796387c	1	230541	player	uade	Protracker	0	119290	1d4dc047	51800b9c	MODULES/Modules-C/MOD.COSMOLINER
8f17c0ac16056df538896443a5c36558	1	214638	player+silence	uade	Protracker	0	191488	8f5ba8a4	37c3d0cb	MODULES/Modules-R/MOD.RESONANCE-II
8f1b231acb50128e0b81255aa686c244	1	199797	player	uade	Protracker	0	97546	fb3d2795	b06e161a	MODULES/Modules-B/MOD.BORIS'-THEME
8f3606756cf3a1e251520ab9777b2cb7	1	328629	player+silence	uade	Protracker	0	188416	209212c3	8674332d	MODULES/Modules-D/MOD.DAISYCHAIN2
8fba114bbe52020d253f1f6bf6d6ec34	1	53872	player	uade	Protracker compatible	0	83120	71826569	c0f3edde	MODULES/Modules-S/MOD.Someday
8ff5d677de8c2002f5ce888c64185080	1	377310	player	uade	Protracker	0	194244	99c5343f	a13134e8	MODULES/Modules-D/MOD.DEEPLYDEPRESSED
900bbb235988d442e0214a3a98e6520a	1	435824	player	uade	Noisetracker 1.x	0	108550	7968ec2e	b8802444	MODULES/Modules-E/mod.erasuredancemix
901219a74fa3d0f920caf3c8abd84b52	1	310737	player	uade	Protracker compatible	0	131218	c992308c	f27ccecd	MODULES/Modules-M/MOD.MOONGAZER
905f671351dcbc1a57db38a7b423f96f	1	255820	player	uade	Protracker	0	267256	85c3988a	31f517a6	MODULES/Modules?/mod.--electricity--
9079623f2e2f1a862f92ce8c91b07ba6	1	122997	player	uade	Protracker	0	52788	dae461f4	ca72b091	MODULES/Modules-R/MOD.RELAX MAX
909a53511aab302e06c1feefbf8dbffd	1	115321	player	uade	Noisetracker 1.x	0	68064	4f3c6a49	42d93ac7	MODULES/Modules-A/MOD.ANDROID
90a4a2c7735b26590f009f36ce65f012	1	147059	player+volume	uade	Protracker	0	88128	2fb30338	0dac506e	MODULES/Modules-A/MOD.AMIGAFASTESTCOMP
90ad0f3869ad27c1e437db661b8d63ea	1	46216	player	uade	Protracker	0	25804	ee7de2d8	f50dba66	MODULES/Modules-B/mod.big honda 10cc mix
912f8cd24a503feb83337dfd0a38729c	1	146045	player	uade	Protracker	0	71352	6f27bf24	a26ff333	MODULES/Modules-J/MOD.JOE5
91861d4b24b6fb9c7efeddec2e271c56	1	207493	player	uade	Protracker compatible	0	139428	7c66cbf0	9edb7c65	MODULES/Modules-E/mod.electric drug
91d84ebc6e0ed07256a08b12cff25965	1	631993	player+silence	uade	Noisetracker 1.x	0	116076	49a2263b	c3511f19	MODULES/Modules-A/mod.Axel-F
91f46907dd8f52eafddeb5884983f224	1	105715	player	uade	Protracker	0	137716	06294412	77e21276	MODULES/Modules-A/MOD.AMIGALORT
92117c5c4559e3ca34f2ac9d4682afe5	1	176769	player	uade	Protracker compatible	0	56626	384ad9ba	e917268e	MODULES/Modules-D/MOD.dots
924fa7e370a559d3cc8bfb10dbec0ca1	1	205262	player	uade	Protracker	0	76500	3200315a	8a73671a	MODULES/Modules-S/MOD.SHOT
92545a847a2c6ec9e8ae5400ba24dec7	1	457084	player	uade	Soundtracker II (31 instr.)	0	74304	6ee6d74a	e1503919	MODULES/Modules-C/mod.Cyber
92af7026afcdcf562e31d6a3360fc323	1	192141	player	uade	Protracker compatible	0	108558	a5a2aefc	394c920a	MODULES/Modules-T/MOD.Touchmi Baby
92e65b4a91d987b32763e62ea9fdf699	1	146045	player	uade	Protracker	0	37882	eb51e0bb	6fbd9191	MODULES/Modules-F/mod.funny
933e2fe58a809e33b73d3ff0fc741736	1	124805	player	uade	Protracker	0	76770	a9c28f0f	16658472	MODULES/Modules-U/MOD.UNDERGROUND
936160ae8893f15675ecb3a9a8aee2a0	1	262409	silence	uade	Protracker	0	196674	d50562f3	6a6dafc2	MODULES/Modules-T/mod.trajanus
9387ac7cdac167cca4cf0d045f7f3bc8	1	233193	player+silence	uade	Protracker	0	141280	a8f5b2dc	cb8a99c3	MODULES/Modules-S/mod.sad-song
9420a3c4b116f3627ded85f6d3fabfa9	1	140643	player+volume	uade	Soundtracker II (15 instr.)	0	64618	43ba7c16	c69aa43a	MODULES/Modules-D/mod.DemonsRevenge
9432dc9d5c982bd4bcbb48c3e7802d87	1	297006	player+silence	uade	Protracker	0	55216	d2802b02	560d8533	MODULES/Modules-L/MOD.LIQUIDITY3
94535f41328d789b7515d59ffa8355f7	1	192141	player	uade	Soundtracker II (31 instr.)	0	101892	0b7535e3	e80cbd81	MODULES/Modules-I/mod.iron5
94707f4c76292a3b3dfdd51124bbab28	1	15472	player	uade	Protracker	0	9868	cf2556e9	393f82ca	MODULES/Modules-C/MOD.CARDIAX1
9471ec1d3c27ad04400f1cbddd2571e6	1	214763	player+volume	uade	Protracker	0	225652	9eb3e081	edee6ba0	MODULES/Modules-E/mod.evil genius
947bc20ef94480e5ec69e34152991cd4	1	179321	player	uade	Protracker compatible	0	62728	e762896a	6e3bbf38	MODULES/Modules-H/mod.Hero1
947c5ef4350dda566a78553d93077e0e	1	99968	player	uade	Protracker	0	84318	2a729820	4a671cd0	MODULES/Modules-M/mod.maniac
949e05430e0c548256ca137e137db50a	1	161397	player	uade	Protracker compatible	0	133940	e8beaf03	f910a3f8	MODULES/Modules-A/mod.ACID
94a57f6bbff549344ad446a302607d9a	1	97095	player	uade	Protracker	0	113538	fcd5d698	3d48dfca	MODULES/Modules-H/mod.horror2 the revenge
94b0c21995908ad2cbf89d4204ffb4ea	1	391818	player	uade	Protracker compatible	0	81834	5fb6c8d0	ff85f03f	MODULES/Modules-G/mod.guru
94b1e0373e2cd427096bc09884d4c1c1	1	238197	player	uade	Protracker	0	102880	17fff61a	6f762101	MODULES/Modules-P/mod.promised fear
94b2efa30d56700a5f24d7f6fb890d6d	1	133968	player	uade	Protracker compatible	0	59824	b55cb69e	6ff50469	MODULES/Modules-M/MOD.Music
94b6019b95ac4aae74b5bfcb4323257e	1	0	nosound	uade	Protracker	0	148028	a91c0e77	9d6881db	MODULES/Modules-I/MOD.ITS-NOISELESS
94cfe47c8054425dca3d41fd8b6f819e	1	89059	player+silence	uade	Protracker	0	67174	4085b4e5	0d5c534a	MODULES/Modules-R/MOD.RITUALS
94e5e258f09ad3e1b19ad4be3775df9a	1	46457	player	uade	Protracker compatible	0	36706	cb458635	ec11ad95	MODULES/Modules-S/MOD.STEVES SONG
9580f26d469415f016887a4b3f75fc02	1	76920	player	uade	Protracker compatible	0	32206	439ce818	5f4b4263	MODULES/Modules-T/MOD.TGS-INTRO2
95827a3a4411ff13d7d1bb7e165ff8ac	1	107645	player	uade	Protracker	0	49794	295d5e82	8c1d1e19	MODULES/Modules-I/Mod.Interstate
95b1a02ead299edcc6b858f33af04167	1	60756	player+silence	uade	Protracker	0	86886	b09ae788	92bc444f	MODULES/Modules-H/mod.hardwired intro
95c5df19d27b653a36cb6a7fdff39088	0	246717	player	uade	SoundFX	0	120584	76005153	277e05eb	MODULES/Modules-M/mod.megablast
95fe6b0827f47d438f4f36b38cc986b8	1	184445	player	uade	Protracker	0	135972	78d19092	5ae86e48	MODULES/Modules-X/mod.XTC part 15
960e30c701b807bdbb5c633188357c38	1	245893	player	uade	Protracker compatible	0	100860	43ff9ecf	2252cc25	MODULES/Modules-I/MOD.IN THE ANIMAL CAVE
9622e9184c97f6d11361fa7f979a35c1	1	180607	player	uade	Protracker	0	273248	b9558118	6fac3fd3	MODULES/Modules-R/mod.rage_hard!
963493e700ccd01790e155f1e3cf086b	1	237598	player+silence	uade	Protracker compatible	0	88226	c78d2529	63db90b3	MODULES/Modules-S/MOD.Saturn
963dfe2225003acacc9162ade5525dfd	1	144136	player	uade	Protracker	0	149478	ada35a58	e521e74f	MODULES/Modules-L/mod.life-phobia
965942d4a8610a5485976af04c88f5ab	1	219007	player	uade	Soundtracker II (15 instr.)	0	162288	f774d5e9	7198e3e6	MODULES/Modules-S/MOD.scoopex theme
96cb2ccc4c417f14edaf5740c94c4c9b	1	373492	player	uade	Protracker	0	207478	efbcbad6	3ac332a9	MODULES/Modules-C/mod.cortouchka!
97206252983c71c6544e2e241f2c4341	1	299645	player	uade	Protracker	0	183508	9cfa9ddb	daabe411	MODULES/Modules-C/mod.courage to dream
974b87d9aa16335ffcabe971b8c3b2fe	1	303741	player+silence	uade	Noisetracker 1.x	0	65260	5742cbba	9cad5067	MODULES/Modules-S/MOD.STACK
976b6adc9bef72d6e987fa95149365cb	1	230420	player	uade	Protracker	0	91504	e520c3d6	12cccc98	MODULES/Modules-T/MOD.TRAINBEAT2
97cd943de63baf50268c825d6d3fe65c	1	283137	player+volume	uade	Protracker	0	139976	d2bef0ef	4b6abb6d	MODULES/Modules-B/MOD.BIG_THRONG
97cdb3478eb33561c6abb54e8d8d631b	1	134812	player	uade	Protracker	0	65468	5672050f	d0006b4d	MODULES/Modules-H/MOD.HURRICANE
97f14fb97d7bd048486747fa93417fff	1	263875	player+volume	uade	Protracker compatible	0	113574	ff99a837	8f1fb4f2	MODULES/Modules-T/MOD.true faith
97ffc78b68f54865cebb665eedf76572	1	398007	player	uade	Noisetracker 1.x	0	199138	654d0923	200985de	MODULES/Modules-M/mod.MONTAGE
97ffc78b68f54865cebb665eedf76572	2	401865	player
985199ce6cddcf6672b6fd7e8768b286	1	257961	player+silence	uade	Protracker	0	126046	0847acde	d5b79186	MODULES/Modules-D/mod.dosdemo2
9874b63fe35e20170de04b4c00758f2c	1	73082	player	uade	Protracker	0	19344	70cea9c2	4af7e460	MODULES/Modules-E/mod.embassy number 1
987cc01b64bf4f377bd55ecec6a4fee7	1	158526	player+volume	uade	Protracker	0	196024	5938b421	597abf58	MODULES/Modules-L/mod.l.c.s
989a333fcbb36cb808c68e47cd7906ec	1	137163	player	uade	Noisetracker 1.x	0	119900	7e979d0a	02a555a0	MODULES/Modules-W/mod.waste.my.time
98b3cc82e68ecd699ad3367567b89b4b	1	192141	player	uade	Protracker	0	187446	e01e6ffa	8ac9f841	MODULES/Modules-L/MOD.LONDON FLIGHT
98cf85057fd8aec260760ca909c47f15	1	548312	player	uade	Protracker	0	270622	a1bd4e1f	f2fa3ea9	MODULES/Modules-J/MOD.J.B.I.D
990304f9a8c31b7e33a4f55ec33ad754	1	245893	player	uade	Protracker	0	215774	4fc40989	542ae0d0	MODULES/Modules-L/mod.lemonade
994e33cb5097f75ef250f0064d6b7482	1	102520	player	uade	Protracker compatible	0	42282	9eb71970	f8e3d052	MODULES/Modules-D/mod.detector - adam m
995662f3cb3963895ad6fb7cef1279b5	1	171826	player	uade	Protracker compatible	0	113936	9773187c	0c728190	MODULES/Modules-F/MOD.FINALLY
996d66484e68ab18865cdaa1097c6419	1	438873	player+volume	uade	Protracker compatible	0	209050	27f8f603	dbaf69f9	MODULES/Modules-P/MOD.PFX2
996f20cc84671a0cdafeed10aaa7804b	1	132602	player	uade	Protracker compatible	0	105554	61a29966	510b37ba	MODULES/Modules-J/MOD.JANE
99a09366ea67db211002d3c73c263a8a	1	170962	player	uade	Noisetracker 1.x	0	55621	90b1be93	9a37c661	MODULES/Modules-E/mod.enfrance
99d7e5e3ee2b754097a6a28c8bd87706	1	122997	player	uade	Protracker	0	49598	465c221f	467e168c	MODULES/Modules-G/MOD.GO_FOR_THE_RECORD
99fec0817bf4a54e24aacb683633c2eb	1	169093	player	uade	Protracker	0	18098	867c86fd	c1b757c6	MODULES/Modules-Z/mod.zapped-out
9a01a0047c8a0b4517a66c6cffa424ce	1	38520	player	uade	Protracker	0	42912	179463c7	b9762aab	MODULES/Modules-L/MOD.LOADING FOR YOU
9a43d673062f6af4f3004ec79540e82e	1	18044	player	uade	Protracker	0	47792	14306297	0e84c927	MODULES/Modules-B/MOD.BASS-O-DRUMS
9a84144508499feff3a5f61c8d1a182e	1	449287	player	uade	Protracker	0	168144	fa03fbbb	d1aa5c72	MODULES/Modules-D/MOD.DELIVERANCE
9ac291d5827ba91d5d5a3376f98e2086	1	399921	player+silence	uade	Protracker	0	168858	a3174146	db4cff6d	MODULES/Modules-B/mod.bud peculiar
9b084466b4ee5e519ca28865ad25b12a	1	249731	player	uade	Protracker	0	95342	dc13e1bc	b520d92d	MODULES/Modules-M/mod.mellow roll.g-vine
9b224aa43dea721f13fc5b508ff0c18c	1	216133	player	uade	Protracker compatible	0	189738	ba9746ba	0255bd95	MODULES/Modules-W/mod.wir happy hippos
9b3335bcc48f128a330d62b758fee6ee	1	146045	player	uade	Protracker compatible	0	45096	3af77454	3a6263b1	MODULES/Modules-H/mod.HeavySong
9b5b38190d64a31e3a1cbb8ec8898682	1	585165	player	uade	Protracker	0	137140	134f3f82	bbdcc052	MODULES/Modules-M/MOD.MIMOSA
9b74dd389222061ace0460e1db97b18f	1	192141	player	uade	Noisetracker 1.x	0	89058	ee6c6048	b3871482	MODULES/Modules-H/MOD.HIPFUNK
9b7dfada17483eb0a1cf742b7931f00f	1	263518	player+silence	uade	Protracker compatible	0	178954	8700f548	516ff258	MODULES/Modules-I/mod.in-the-hands-of-law
9babb22432434b111dc8f2040f63c93c	1	816731	player	uade	Protracker	0	290152	7f5119e3	a9eeaffa	MODULES/Modules-F/mod.free spirit
9bbaf1b26146df6299a3f4acb3e5acac	1	288613	player+silence	uade	Protracker	0	88854	c50f8bb8	b160966c	MODULES/Modules-S/MOD.SEX AND SEX
9bd46a3030582346b0cb5f433d09fa20	1	271585	player+silence	uade	Noisetracker 1.x	0	146268	0606009e	4694e8eb	MODULES/Modules-P/MOD.PLASMA FORCE
9bd6660fb17408da4f246b1b11558cdc	1	111081	player	uade	Protracker compatible	0	76612	76bf13e5	063f946e	MODULES/Modules-T/mod.True-Identity
9be6458d7df29ff8bb04c5cb5c149723	1	403332	player	uade	Protracker	0	169810	fbcc5e99	f7b51a69	MODULES/Modules-S/mod.slaveyard
9bf89bee7a7d12106414fbdb4c1334e9	1	176769	player	uade	Soundtracker II (31 instr.)	0	61448	dbebcbb2	7a9b5546	MODULES/Modules-W/MOD.WORLD OF DISCO
9bfa73af64fb8553640e753a5d7ecf68	1	109674	player	uade	Protracker compatible	0	129078	d5942418	592c4d60	MODULES/Modules-N/MOD.NORTHSTACK
9c1e7ffd756991e154947183c92218ff	1	99968	player	uade	Protracker	0	105730	3b256d9f	9d2547f8	MODULES/Modules-X/mod.XTC part 11
9c1ff865d457589b3c00bcb5f9fe10fe	1	71696	player	uade	Protracker	0	160166	63715c3b	50320f47	MODULES/Modules-J/mod.joes#00
9c2b3173609d162c374d63675ea8df13	1	138369	player	uade	Protracker	0	134628	71241717	fe2fa757	MODULES/Modules-X/mod.XTC part 13
9c3709d2d8bf690fb6c0645b129ce025	1	257998	player+silence	uade	Noisetracker 1.x	0	193006	68a9ff99	41f2869b	MODULES/Modules-S/mod.spell-amelioration
9c584602c3be33f1a0e042e22b769687	1	138369	player	uade	Noisetracker 1.x	0	61848	5c82be20	9fd16ff8	MODULES/Modules-B/MOD.BEY
9ca2ba3a833c5c1a647d8725d3de5595	1	133405	player	uade	Protracker	0	171752	c352553a	564f3421	MODULES/Modules-H/MOD.HYPNOTIC
9ca854922853c35790bf1e2aad165810	1	128121	player	uade	Noisetracker 1.x	0	97660	f5e87a2d	4163ad86	MODULES/Modules-L/MOD.LEVEL4SONG
9cd15c02863362b1bc9cf387af1d441b	1	190835	player	uade	Protracker compatible	0	111886	e701263d	29a6c478	MODULES/Modules-J/MOD.JOBBA
9d51cea137e05665f51107352b3941f6	1	117229	player	uade	Protracker	0	150458	3ddad882	c65f23fd	MODULES/Modules-C/MOD.CAPTIVE-NOT
9d65ed3ebd246bae8e8f13e2c80b1d9c	1	126835	player	uade	Protracker	0	118568	a3f45ddc	d6b5c846	MODULES/Modules-C/mod.chuck is back!
9d93e7e9c8ef5c84859eba7e2a315b1f	1	138369	player	uade	Protracker compatible	0	217818	d0a999ea	b5d371cd	MODULES/Modules-D/MOD.DREAMTIME.
9d9ef73aaef281108506dcfc20f9dc82	1	276758	player	uade	Protracker	0	107976	5b2d0ec5	01a81def	MODULES/Modules-M/MOD.MELODY
9dc84412b0609c78de59be0156e5eb2a	1	395696	player	uade	Protracker	0	141308	b8256957	0b626854	MODULES/Modules-A/MOD.ALTERED_STATE
9dd2b393b709ca214bdb9a01fcc2cabc	1	105474	player	uade	Protracker	0	176114	ecd433e3	f89dc4eb	MODULES/Modules-T/mod.tune 4 jonny
9e263792b476bc0af1ecb7f4eb5b8937	1	169093	player	uade	Protracker	0	76088	be6cd806	9e663d14	MODULES/Modules-R/mod.rhythm
9e4c4ac13ad83244e3157fc68a552790	1	563288	player+silence	uade	Noisetracker 1.x	0	87998	f9e44bab	be6a676e	MODULES/Modules-D/MOD.DOLLE
9e7dd0dbba31b82900268d9b9aeaa10f	1	215149	player	uade	Noisetracker 1.x	0	66956	2c4cb936	966955ea	MODULES/Modules-O/MOD.ORIENTALGIRL
9e8741fda45d2e1cbd7c33235a6e3103	1	122997	player	uade	Noisetracker 1.x	0	149166	452421f5	7d5c61c9	MODULES/Modules-M/MOD.M1.SONG.02
9ea6ad97da7c4dc37e6e8fecf304cdb8	1	150787	player+silence	uade	Protracker compatible	0	122104	b7468a6b	54681f80	MODULES/Modules-N/mod.namewasbad
9f1168446238be3b3b751a9a1be1ff6a	1	115321	player	uade	Protracker	0	63716	3b15dba9	87217184	MODULES/Modules-B/MOD.BOOM-DA-CLIMAX-2
9f1ca69759c7b78307bc46eb6e7eaa9d	1	33336	player	uade	Protracker compatible	0	47972	9e757c08	cae637af	MODULES/Modules-A/mod.awaken
9f5562d0f4f4aa513a2170af59e8c001	1	153424	player+volume	uade	Protracker	0	125382	d2fe5ea8	d3611990	MODULES/Modules-S/mod.sushi
9f69fd4e53626be89d62ede6ec6fa533	1	264247	player+silence	uade	Protracker compatible	0	130574	0481a653	00d655f2	MODULES/Modules-J/mod.jumping jack'son
9f6bab33e1416e732e9ead9633ea752a	1	146045	player	uade	Protracker	0	172586	e0f3e4db	cea66da3	MODULES/Modules-X/mod.XTC part 3
9fd352d12562e2f6d37ae373dd543bed	1	60986	player	uade	OctaMED MMD0	0	32438	7843a3b0	4dcea48e	MODULES/Players/EDPLAYER/DemoSongs/MusicBox2.pp
a00c63f5a074c4a3069e06ecd8f99e5c	1	192141	player	uade	Protracker	0	142204	f62b02ab	652ed259	MODULES/Modules-L/mod.lift.me.up
a022eb132fb1ea0c74bbc3cbe859377c	1	108569	player	uade	Protracker	0	14420	021eec34	33608e1b	MODULES/Modules-B/mod.bouree
a033cb9b5842c670b8c9f97db01d140c	1	133737	player+volume	uade	Protracker	0	41618	4d1f84a1	ee8a0b29	MODULES/Modules-W/mod.wednesday morning
a04b053dd77bcabbc5bea3c666668636	1	176769	player	uade	Soundtracker II (31 instr.)	0	154140	a90e93ee	55be53ed	MODULES/Modules-J/mod.jarre
a057dc22103b2f41b01d2cab05315d2c	1	76920	player	uade	Noisetracker 1.x	0	24832	5d805c96	5578668f	MODULES/Modules-K/MOD.KEFRENS-LittleChina
a0652f7bbc40176186cae17ead9048bc	1	327817	player	uade	Protracker	0	107604	2776c485	03f40c70	MODULES/Modules-K/mod.kilimanzaro
a075db2e7e381a9147d88fec5c353237	1	215149	player	uade	Protracker compatible	0	46026	2d5ed3f9	28d5d1b6	MODULES/Modules-J/mod.jungle
a0a7eb8bebaf3382ed6ada7b22610054	1	7796	player	uade	Protracker compatible	0	32108	8c82c296	9e31366d	MODULES/Modules-S/mod.Super-Aktion3
a0bdbf588853fb1c16cba7fadb798b9f	1	285157	player	uade	Protracker	0	139086	a9a75f68	dcda61f3	MODULES/Modules-S/MOD.STREET-JUNGLE
a0d7811ce67bf7b3a958d6bdf303930d	1	163085	player	uade	Protracker	0	101310	3ad58f8c	1454cf3d	MODULES/Modules-M/Mod.Misty
a0fc9cce3f43a03f496c3ff72b488178	1	435283	player+silence	uade	Protracker	0	262756	d519b0ba	f892b189	MODULES/Modules-B/MOD.BABYWARE
a10a77cd92eea5967e5e411327d09ce4	1	257232	player+silence	uade	Noisetracker 1.x	0	41848	31b1b314	44baae8b	MODULES/Modules-T/MOD.TANK
a10eff4dd622926f4299c12e466415b0	1	184445	player	uade	Protracker	0	111614	7003419e	d33811b4	MODULES/Modules-S/mod.sidewalk strut
a13be2eac4c1bb375af5108725b32c82	1	260924	player	uade	Protracker	0	206572	4698206a	12b3daab	MODULES/Modules-D/MOD.DUBIEDUW
a142e48c89b8c6fdbe52990e00712eca	1	92272	player	uade	Protracker	0	111184	f4bdb2cb	335a26ac	GAMES/BATTLECARSII/mod.bcarsong
a168886197597a593f9dc337409c7709	1	174197	player	uade	Protracker	0	58800	aaf87918	f007e91e	MODULES/Modules-P/MOD.PROMISES
a16df1adade944b9f9ec9bb4858de625	1	127219	player+silence	uade	Protracker	0	425936	7bbf1be3	05004793	MODULES/Modules-N/mod.netherworld
a1828699db2e264997a3c4535d4ab80f	1	207493	player	uade	Protracker	0	104238	2a1ddc85	c9e0aa52	MODULES/Modules-J/mod.just add lsd
a18b39464032c9125b997cf90dcf519d	1	38520	player	uade	Noisetracker 1.x	0	50588	2d7dc00c	d4d1f506	MODULES/Modules-D/MOD.DISCO2
a1a219bdb456d5ab596321aec9a7f627	1	109272	player	uade	Noisetracker 1.x	0	54978	3a506428	6255cf76	MODULES/Modules-A/mod.AllCreatures
a1f2a0b284c6c3b0fa83dd13af5272cb	1	245893	player	uade	Protracker compatible	0	99840	97a10d46	6df0174d	MODULES/Modules-C/MOD.ChrissyMedly
a23ca21255eaa476c8785aad259ab2b8	1	453246	player	uade	Protracker compatible	0	143136	8f4ac1a2	19e651cd	MODULES/Modules-M/mod.Mental-hangover
a24a0fb0209565c831c30a0fab15abcb	1	126835	player	uade	Noisetracker 1.x	0	128236	82b0be3f	08e6c3e8	MODULES/Modules-W/mod.weapon 2
a27ff76d1097184830d526d41c0a5ac0	1	99968	player	uade	Noisetracker 1.x	0	66566	8f138129	3a644488	MODULES/Modules-A/mod.aussie4
a2bd35e5b5cd3d0c3d0167f48a6627d6	1	161397	player	uade	Noisetracker 1.x	0	65452	5d772236	079acf70	MODULES/Modules-K/MOD.KELLOGS
a2dab1d04dc116ebd26c1b962d04d83d	1	153721	player	uade	Protracker compatible	0	65596	f291366b	dda2ba1e	MODULES/Modules-M/MOD.metalica
a3211cbc9f8ade478c5ed97946e191e8	1	405020	player	uade	Protracker	0	160922	4008a9d8	6082b3d9	MODULES/Modules-E/MOD.ELYSION
a33189ef991c248ce88590ed7c3e4509	1	273402	player	uade	Protracker	0	258184	334ac0ef	bd0c1a27	MODULES/Modules-O/mod.Odyssey 6
a34002d4cf557bc93c54c77e00c77c84	1	50677	player	uade	Protracker compatible	0	17908	5f8a7ecb	6f6a3926	MODULES/Modules-R/MOD.REAL CHIP SUPPER
a36119105e6a5f27725c4f813faa700d	1	207493	player	uade	Noisetracker 1.x	0	145386	b21bf951	146f9d2c	MODULES/Modules-A/MOD.ARMYBEAT
a36f6d641cc2cd1e5c1693a618f7878b	1	250452	player+silence	uade	Protracker	0	184870	71e5399a	97dadef5	MODULES/Modules-W/MOD.WOMEN_CHEAT_..
a37648aca98051da69d45c6af1c8ea49	1	198531	player	uade	Noisetracker 1.x	0	91034	b5df0393	9f90bba4	MODULES/Modules-N/mod.number 1
a3857ca1c8763cf040f91dc47f539309	1	184445	player	uade	Protracker compatible	0	101224	fdb98210	42a89d89	MODULES/Modules-S/mod.spamlica
a38e8ff155453f6586d299a0fe0b7587	1	219007	player	uade	Protracker	0	120176	eb6722f8	02aec201	MODULES/Modules-B/MOD.BACK-TO-THE-BOOTS
a3947cbc441f7f8a1110601c6725488e	1	161397	player	uade	Protracker	0	56592	1becbc71	2ae6c103	MODULES/Modules-H/MOD.HEMISPHERE
a39a55cca3fb7c40c327a751ad1253d7	1	107645	player	uade	Noisetracker 1.x	0	60828	559b8361	acdeabc4	MODULES/Modules-S/MOD.SLL6
a3a086ed0b0f9b848659cd1665f9032a	1	262451	player	uade	Protracker	0	195984	6f4f8f16	f97e5756	MODULES/Modules-I/MOD.INROCK
a3a086ed0b0f9b848659cd1665f9032a	2	149802	player
a3b8ed4a8c459ef5836a51288e9f92b1	1	107645	player	uade	Noisetracker 1.x	0	48082	69f39cfc	41956260	MODULES/Modules-D/mod.DyKiss
a3ec042853839abf8a4eaf8db6894363	1	30824	player	uade	Protracker compatible	0	75810	bff533e5	bdc061e1	MODULES/Modules-P/MOD.POWERRUN-BLOFEA
a3ef743054c18ada9d835d0b55118b17	1	122715	player	uade	Protracker	0	67588	3c019cce	a76acd90	MODULES/Modules-E/mod.experiment
a3fe86a950b2f4092abedfedd8d75b33	1	294843	player	uade	Protracker	0	268436	e9fd7394	1c1a53f3	MODULES/Modules-I/MOD.INFLIGHT
a418b6e0728c5ec9fb4a1db5a515e729	1	115321	player	uade	Protracker	0	138202	93430e29	531f4f85	MODULES/Modules-M/MOD.MADNESS
a4376a5361d66bdc9b317428ff10c6d9	1	23168	player	uade	Protracker compatible	0	45356	9b32f3b4	b2d6e28a	MODULES/Modules-A/mod.Axel-F.Mix
a469a9db3660bdae4e10986e72759552	1	222877	player+silence	uade	Protracker	0	151724	a01394c4	74588a45	MODULES/Modules-S/MOD.SMOOTH-FUNK
a49b785580d34aad75ecf5e1166b6997	1	47482	player	uade	Protracker compatible	0	44480	892a6551	fcc84532	MODULES/Modules-S/MOD.SYMPHONETIC
a4e4a811180b6e02ef5081524d3d64d9	1	235482	player+volume	uade	Protracker compatible	0	127316	9885c91d	e56479fb	MODULES/Modules-E/mod.EXTA
a53d81dc5a1c57722f9c53a7458e38ac	1	138791	player	uade	Protracker	0	251360	611ae052	855abfaa	MODULES/Modules-E/mod.ex-t-sheep.bk
a5402e64cc1f3ada47d275c816eadbaf	1	122997	player	uade	Protracker compatible	0	136000	bafea637	45c29611	MODULES/Modules-H/mod.House Met DrumSolo
a543f4dd14e66e960348941f9bcd13e2	1	92143	player+silence	uade	Noisetracker 1.x	0	34418	cc84d6c4	63d69fec	MODULES/Modules-P/mod.piano tva af1
a54e679fc6edbc61f3bf7ad66add487f	1	245893	player	uade	Protracker	0	149338	b432746b	22564334	MODULES/Modules-M/mod.medieval quest-sm
a56e54e089d79c391047e5afa776c47b	1	76920	player	uade	Protracker	0	144982	503225bf	55df3064	MODULES/Modules-S/mod.Stompin Rave
a56f353322dbef39ee7da3f2a35dde1a	1	61568	player	uade	Protracker	0	57536	4e687a0b	f4dae39e	MODULES/Modules-C/mod.chung kuo
a5b044a3ab26753736bc92fd6c30bd0a	1	82044	player	uade	Protracker	0	61804	23eb6499	86824dbf	MODULES/Modules-S/MOD.SILENCER
a5b71e9792d5ffcf559a94c7ecfcba3f	1	200644	player+volume	uade	Protracker	0	406834	b3089d18	822f55b3	MODULES/Modules-S/mod.Style Blend
a5c5ef586d298b76af10e190bfc7f7e9	1	337885	player	uade	Protracker	0	185224	ffc8f9aa	81802de9	MODULES/Modules-N/MOD.NEXT DECADE
a5cdafd911cebc243c8847fd0b6a02e9	1	157579	player	uade	Soundtracker II (15 instr.)	0	90550	86214a64	292946a4	MODULES/Modules-S/mod.smokey
a5e3419d9637c5b77d93a28a5297d328	1	169093	player	uade	Noisetracker 1.x	0	102280	f7c16dbd	7bd8a359	MODULES/Modules-L/MOD.LARS
a5ecf587bf586e2ec5de35b6645eb391	1	92272	player	uade	Protracker compatible	0	45306	6baca280	c720e7e0	MODULES/Modules-S/MOD.Soul
a640065aeceb7af3e7591e5a95a1933c	1	128121	player	uade	Protracker compatible	0	106986	4aecc80c	d2927301	MODULES/Modules-B/MOD.BELLS
a6440026742719775f9584b7eadd3e07	1	230955	player+silence	uade	Protracker	0	145294	44b7e2d0	3bbe83d2	MODULES/Modules-O/mod.optimum fuckup
a658d8d823130b56a723b2e9f37229e2	1	235565	player	uade	Protracker	0	127102	c319c0ab	1f91584f	MODULES/Modules-S/MOD.SOFT SYNTH
a65f98bce82b883b406ee6b681c0ddbe	1	115321	player	uade	Noisetracker 1.x	0	44234	2a6cc295	2014c96e	MODULES/Modules-H/MOD.HIPHIP
a6687db8c72f98d0f51eca1c82ec1686	1	249731	player	uade	Protracker	0	123892	5344f36b	1db974a7	MODULES/Modules-F/MOD.FREEFALL-DREAM
a6af23f39760bbd524fcc5e57aa1a5b4	1	165737	player	uade	Protracker	0	122224	d8dd086b	533354d1	MODULES/Modules-I/MOD.INFINATE
a6f52fcaa3162d1b785623f90a998309	1	172931	player	uade	Protracker	0	132896	966d9fee	abd0cfdc	MODULES/Modules-E/MOD.ELECTRICJOY
a711ef24c8e9b208b0fda52709abc3aa	1	80839	player	uade	OctaMED MMD0	0	41502	69f1de23	cb29eb37	GAMES/PETER'S_QUEST/Sounds/menu.song
a71558e751b314c69979a7a360c4525c	1	57730	player	uade	Protracker	0	33322	df3a8972	11ee4d85	MODULES/Modules-A/mod.a go go
a76c244ff2d0b004e2458a7481913897	1	143493	player	uade	Protracker compatible	0	39408	b8417c1e	d6a7ce67	MODULES/Modules-L/mod.laidback1
a77029b4e4f8713c475f87ceac9ee5c6	1	165235	player	uade	Soundtracker II (15 instr.)	0	72210	58c902ea	e099a988	MODULES/Modules-E/MOD.EL
a77f6403dfc069bed151f30357a09d03	1	51320	player	uade	Noisetracker 1.x	0	15026	c73ff05c	be00c9bd	MODULES/Modules-F/MOD.FAINTER
a7c4cfc62c85133b1dba2d4262699ca2	1	331334	player	uade	Protracker compatible	0	97748	e76d242b	b7a785a4	MODULES/Modules-T/MOD.THATS_LIVE
a7cbcf362557376e5a561566fb294898	1	89881	player	uade	Protracker	0	64544	499a1cc7	e39d0d6c	MODULES/Modules-B/MOD.BUBBLEGUM
a7dfc9ce39c117a8be09d1fc2a3f5e5a	1	184445	player	uade	Protracker compatible	0	79928	16f6603e	bba01578	MODULES/Modules-T/Mod.Third-Dimension
a847f88be351319de81bbf84a917057f	1	222724	player	uade	Protracker	0	140092	feef4871	b19b15ea	MODULES/Modules-T/mod.tsb-worldwide 2
a88b88f3e5ccd1ef530da771580e78e4	1	38285	player+silence	uade	Protracker compatible	0	124670	ef17d4cd	f47f42fc	MODULES/Modules-P/mod.Point-Blank
a8a5012f26e687590b957d14ceda96b7	1	146045	player	uade	Protracker compatible	0	179274	8d94953a	0149ef59	MODULES/Modules-N/MOD.NOGGINS NOKKIN
a8f818764a2d1e9d1f5ae9e62819675a	1	153741	player	uade	Protracker	0	113476	5c44ee81	819dd0d4	MODULES/Modules-M/MOD.MISDEMEANOUR
a9405964cc276b316bba6976f7539f38	1	374275	player	uade	OctaMED MMD0	0	48406	ddaa2cba	8bba9a69	MODULES/Trackers/Med_3_22/demos/Synth-a-sysmic
a96226e01254a3ab9848add068253f32	1	164606	player+volume	uade	Noisetracker 1.x	0	111296	9ffc9e8c	b54bb3d8	MODULES/Modules-L/MOD.LITTLE HEAVY II
a9680926e10c923238e87e404b5a3f5d	1	230541	player	uade	Noisetracker 1.x	0	85788	07be7d36	e7ed6a79	MODULES/Modules-S/MOD.STEEVE.B
a9749ba46c2a0783f3c7eb7642395d93	1	266139	player+volume	uade	Protracker	0	184688	4278be1d	92907bc1	MODULES/Modules-L/MOD.LUCIA-ROCK
a9a8b317f5f3ef7e36f25e98b308b400	1	462449	player	uade	OctaMED MMD0	0	53124	c698e055	d01fdab2	MODULES/Trackers/Med_3_22/demos/stärkelsesirap
a9cc5c8baa0e7d0758cee54d2e827cdb	1	169093	player	uade	Protracker	0	128732	52730b06	0b2c4d66	MODULES/Modules-I/MOD.ILT6
a9e7929a74d6a3dad35c58ef68dc755d	1	258969	player+silence	uade	Protracker compatible	0	165400	d72db2f4	8ff7f348	MODULES/Modules-P/mod.pump-dance
aab447a13680b6d62438b37f06259375	1	331635	player	uade	Protracker	0	164248	748ff181	1ea7dc09	MODULES/Modules-P/MOD.PRISONER OF LOVE
aab95812df1d198daa30472865f6af56	1	120123	player	uade	Protracker	0	139552	8cb565a5	3fede8bc	MODULES/Modules-B/mod.beat-me
aab9ebaf41fe2fb1d2df0a738582d78f	1	197524	player+silence	uade	Protracker	0	116870	4030128c	82918d65	MODULES/Modules-R/MOD.REMEMBERING
aac801d3e3edf21235e0f55f0b93d1ea	0	118897	player	uade	SoundFX	0	151164	39751f98	c8a8cc7f	MODULES/Modules-T/mod.tecnostromper
aad506b1f5fe1d828bd50ebbad237a2f	1	46216	player	uade	Noisetracker 1.x	0	55556	ecdf2945	feee004e	MODULES/Modules-K/MOD.K.C.THREE
aad742d2e26c80ee1884bb974d3b3996	1	289779	player	uade	Protracker	0	173260	c6df8958	48522d82	MODULES/Modules-C/MOD.CromaDivision
aaf69e49d4d1494011f3a11d8471863a	1	119460	player	uade	Protracker	0	419998	2d749731	c4e216c8	MODULES/Modules-J/mod.Jammin' Cindy
aaff750bcead61a465b6ed6054043f7b	1	207493	player	uade	Soundtracker II (31 instr.)	0	75972	b8b43d43	408d9054	MODULES/Modules-P/mod.power
ab1a30fbb6714acda814510e3dd4c681	1	249716	player+silence	uade	Noisetracker 1.x	0	101330	54bb1726	05979a84	MODULES/Modules-T/MOD.TEAMWORK
ab1d9f76bc086f41c18d3c19d5446e68	1	280455	player	uade	Protracker	0	99472	dc594312	61045603	MODULES/Modules-T/Mod.Tap Mania
ab288da1ca7fc3053de874a64892180e	1	229149	player+silence	uade	Protracker	0	94730	f6d8ea73	c75fe394	MODULES/Modules-W/MOD.WATCH OUT
ab471d5edc427265b9ae682df7bbf887	1	240126	player	uade	Protracker	0	149306	9b469461	cee390a0	MODULES/Modules-F/mod.fireworks
abb6899394fb1134938eeb894521a9b2	1	184445	player	uade	Protracker compatible	0	118032	dfac5d2b	8fcddb65	MODULES/Modules-M/MOD.MELLOW
ac30a21bd83f46cafe7f462c7fe95b52	1	119179	player	uade	Protracker compatible	0	70504	ec8bda92	f3b4b2bb	MODULES/Modules-K/MOD.kefrens.tune.2
ac33512a0f3f2b18155217ab1d6536bf	1	127196	player	uade	Noisetracker 1.x	0	56002	ec3b7381	0af86eae	MODULES/Modules-B/mod.Black&White
ac5db86e2d0d48fd6d1c41df1ab4b546	1	288392	player	uade	Protracker compatible	0	210714	00fa9d08	da3b7491	MODULES/Modules-D/MOD.daisy chain
ac7886994e8b85d9099a18b6de96d755	1	143493	player	uade	Protracker	0	92480	3abdceb6	18373354	MODULES/Modules-S/MOD.SHADOWFIRE
ac91be10b5eab9e9235ea016bef73022	1	76920	player	uade	Protracker	0	58310	897f979c	f6f0a2b2	MODULES/Modules-G/MOD.GENIOUS-BRAIN
acb2f5fb3ddfa34787bffe53036ba902	1	231164	player	uade	Protracker	0	156076	7970df75	915e5f93	MODULES/Modules-J/mod.joyride
acbfcb60e16d6979fe224f8f0db1bab8	1	149883	player	uade	Protracker compatible	0	140892	2f1df74d	5fad9277	MODULES/Modules-E/MOD.ECES
aced0680e38b1fddb97613b45c723c16	0	122575	player	uade	SoundFX	0	160324	708993c6	35b3ecdb	MODULES/Modules-E/mod.execution
ad12470344d0f98298d74fc6f01ae5e3	1	161397	player	uade	Protracker	0	66074	b597dc08	a6bf93e6	MODULES/Modules-L/MOD.L.A. BY NIGHT
ad232174197e9cfb5682425e3e242bb3	1	289132	player+silence	uade	Protracker compatible	0	142932	4010ab69	134ac8e8	MODULES/Modules-B/MOD.BREAKAWAY
ad59958752d1a4a955e4808d671dd38b	1	218083	player	uade	Protracker	0	127832	c4537903	64141644	MODULES/Modules-C/MOD.CRIMINALLOVE
ad79bcb31963ed132c5a9c3265969261	1	192141	player	uade	Protracker	0	229810	9689d682	419448be	MODULES/Modules-G/mod.gogo_techno
ae3db13a755db589ffa1a296f6f86068	1	107645	player	uade	Noisetracker 1.x	0	77042	a199468f	b958ccc4	MODULES/Modules-D/mod.deep stream
aea97f04e688bc1ea229eadb426b2353	1	147733	player	uade	Protracker compatible	0	121428	78b8476c	40279f2b	MODULES/Modules-M/MOD.MUMBLY`S BAND
aecc0ba8e693f642fe186d5990dde6bf	1	115321	player	uade	Protracker	0	22694	db4c7dce	6d79ec53	MODULES/Modules-B/mod.Baff
aed4df26442c47724c17a87797e01e8c	1	192061	player	uade	Soundtracker II (15 instr.)	0	121994	72d4431f	628312a5	MODULES/Modules-M/mod.MISSION
aedb5a00ee6b2911e0b8dbab572ed3e0	1	317718	player+silence	uade	Protracker compatible	0	149060	3ab649b0	2b374481	MODULES/Modules-M/mod.make-a-start
aee47410125a4524b39aa58e547391dc	1	230400	player	uade	Protracker compatible	0	148440	70138b0a	13780793	MODULES/Modules-R/MOD.RHYTMICALRUMPUS
af005e59c19ab6ca242c43a4d5d75b3f	1	140921	player	uade	Noisetracker 1.x	0	70190	97b0a06b	5e7ec4ca	MODULES/Modules-D/MOD.DSONG
af164c734b3641e0e9581461dd0186da	1	242055	player	uade	Protracker compatible	0	123210	8c5b3942	9537667f	MODULES/Modules-C/MOD.cream of the earth
af73ce86112f0771e6bfe1f2177117b0	0	182013	player	uade	SoundFX	0	92564	08a789ee	d730eee2	MODULES/Modules-A/mod.a-cid
afc08ca311b78cfe5b9d2b6bdcb7cce6	1	251881	player	uade	Soundtracker II (15 instr.)	0	147416	1d5393aa	649e3aa6	MODULES/Modules-G/mod.GreenSleeves
afc50c206ff44280cbab5d20ac574fdd	1	171926	player+silence	uade	Protracker	0	164096	33c92fcf	e28efe57	MODULES/Modules-P/mod.passage to paradise
afe7debd19ffb1a4feb5a294aee7820d	1	161216	player	uade	Noisetracker 1.x	0	116744	a36c9a10	e4470ae1	MODULES/Modules-T/MOD.THE.LONE.RANGER
b018412fe77bb624af17bfb89c7c92f4	1	168852	player	uade	Protracker	0	35964	572aed6b	65850b51	MODULES/Modules-M/mod.magicka
b01c564e16d3d99236ac17324f512fb9	1	165235	player	uade	Noisetracker 1.x	0	112736	327b5b55	095d6f9e	MODULES/Modules-T/MOD.THE-SPECTRA
b0285966d68ff98d2c5ef2ed3def7eb5	1	164963	player+silence	uade	Protracker	0	167970	3794f48a	637bcfbc	MODULES/Modules-V/MOD.VELCO MATRIX
b0372e41c9331a41cf1716ae848fb107	1	41072	player	uade	Protracker	0	59614	38bc9b5c	badfffe2	MODULES/Modules-L/mod.loading-dia
b083b302181f478a979281408f8fc4e3	1	444284	player	uade	Protracker	0	167150	f259c869	226600f5	MODULES/Modules-D/mod.digital-i1
b08ab48cecb7e92762ccfcc678a27b4a	1	120324	player	uade	Protracker	0	27410	4204f939	d2e99542	MODULES/Modules-F/MOD.FIREBALLS
b0a3a7f8e3e95331d070015fb01b71b8	1	88434	player	uade	Protracker	0	132338	ebb8d168	f9994acd	MODULES/Modules-M/MOD.MBUK-ATTACK
b0c45754cf94b6f9a0142b7f68c10fdf	1	138369	player	uade	Protracker	0	71730	158e9712	8b405c66	MODULES/Modules-M/MOD.MADE
b0f6295fa548e3138baa830bf6583468	1	310155	player	uade	Protracker compatible	0	174930	8a212e2e	7a39ae8c	MODULES/Modules-M/mod.mptitle
b11329807f3d287d4dc1c8fa27a832c5	1	92272	player	uade	Protracker	0	46040	b4fca368	d3237242	MODULES/Modules-T/mod.toxoplasm
b13a3f65796cc5e589815320c700ddc4	1	114718	player	uade	Protracker compatible	0	97864	bfc837a1	a4952e82	MODULES/Modules-K/MOD.King-Of-The-Road
b143dea2acee0519b635850876c6f17f	1	38520	player	uade	Protracker	0	71202	96f8cbb4	48bae38d	MODULES/Modules-T/mod.temporary madness
b180ff6797481ea3368957bb84dace1b	1	18044	player	uade	Protracker	0	30884	152181df	077887d6	MODULES/Modules-T/MOD.TRAIN7
b187c2d20cea910bb84f0dd581240702	1	192141	player	uade	Protracker	0	78992	c85bdb4f	f3c9d075	MODULES/Modules-S/MOD.SLL2
b19a92c3595c30e406ee2c50b87cadd1	1	119179	player	uade	Protracker	0	58406	d59627a7	21962683	MODULES/Modules-J/MOD.JOMENVISST
b1b7e42caeb9e764133ae56f17cfad28	1	197285	player	uade	Protracker	0	74784	218df778	28cd3ffd	MODULES/Modules-R/mod.redemption
b1b8decfa3c25eb8a1d2114c61e22702	1	84616	player	uade	Noisetracker 1.x	0	30744	e38d43ad	8a792e87	MODULES/Modules-J/MOD.JABBA2.3
b20416274080e2d2d38f34ba9851946b	1	1316998	player	uade	Protracker (vblank)	0	455094	70d7fe19	74137230	MODULES/Modules-F/mod.face another day
b21015150561f4147cb0b49c60e460df	1	211451	player	uade	Protracker	0	379956	2b4a4799	eb6b100b	MODULES/Modules-E/mod.earection
b22b93c3e68c265afdb46cf2b8fcf070	1	53872	player	uade	Protracker	0	26828	f0fb3a81	4c3ebb73	MODULES/Modules-B/mod.basic jam-rythm
b2323def110494202de11d0598dbbb7c	1	399842	player+silence	uade	Protracker compatible	0	117664	ffff29ce	23fccad0	MODULES/Modules-W/mod.4-mat's.madness
b244e1f009739cd7e05a35dcb45b2989	1	42358	player	uade	Protracker	0	14186	179e42db	614c8843	MODULES/Modules-S/MOD.SOMEWHEREINSIDE
b24e5f020ad55c8351717aa28a000ad5	1	105100	player+silence	uade	Protracker compatible	0	66146	a2149769	d3948603	MODULES/Modules-A/mod.aclegoesacid
b25bbaa7b6eca9b5651407d427329865	1	441852	player+silence	uade	Protracker	0	123152	0eca5cbc	cc667296	MODULES/Modules-O/Mod.ONE-DAY
b2753195f4f239a9d3b71224b2f5c4cc	1	345721	player	uade	Noisetracker 1.x	0	85688	79c31fdd	2446778a	MODULES/Modules-U/MOD.UNIVERSE
b28575c31d21ac3640cb3cabb9e0816e	1	137372	player+silence	uade	Protracker	0	70728	3904144d	e120d400	MODULES/Modules-W/mod.walking_on_jade
b2dc3c9430120e837a2833f8520771ff	1	324100	player	uade	Protracker	0	250156	ca8ecafc	f90f1b60	MODULES/Modules-A/mod.Aevias
b303f15edf92c95046454aca4c9d3ec0	1	119179	player	uade	Protracker	0	86218	54e824f6	caca2649	MODULES/Modules-J/MOD.JOE3
b3105ad1e034e86360d5b62a7f770a77	1	111218	player+silence	uade	Protracker compatible	0	54618	c1dd96be	7c85b4d0	MODULES/Modules-I/MOD.ITSALRIGHT
b31ac7e96a7072d4303ed65449a55f03	1	208678	player	uade	Protracker	0	128640	173df557	e0736427	MODULES/Modules-I/mod.industrial-music
b323db0fe7bfb59ff6230b688bc3f445	1	61568	player	uade	Protracker	0	48262	f0a42be7	361d3891	MODULES/Modules-S/MOD.SOURCE-OF-MISTERY
b358b75bf41e76d45da02badccbe7af4	1	137167	player+silence	uade	Protracker compatible	0	220874	fedd850f	728c745d	MODULES/Modules-F/MOD.fresh_house
b36184574fe2cbccd31640035de65142	1	193548	player	uade	Protracker	0	395470	33e100b5	ff90b0d4	MODULES/Modules-J/MOD.Jasmine
b37d6ddd2d16d1a75549c0ce2dfb8dfd	1	221298	player	uade	Protracker	0	182266	e85b1b39	b9d99dd6	MODULES/Modules-S/MOD.SEA-OF-LOVE
b3a45c68d98548788e47c3cdbe400f7c	1	246927	player+silence	uade	Noisetracker 1.x	0	82846	2bc0dee2	6b3cce7f	MODULES/Modules-B/mod.Big in Japan
b3d0cd34ebce7eb5c15dda0d4c003ae3	1	107645	player	uade	Noisetracker 1.x	0	90234	03062f89	657bc20c	MODULES/Modules-O/MOD.ORPHEUS28
b3d76e0b6bb2a06f06aa58af2c9b952e	1	325406	player	uade	Protracker compatible	0	151084	84c816dc	ad053811	MODULES/Modules-T/mod.turi2
b3db54fb9d46e3f7c6c8cbce0499fe1c	1	530468	player	uade	Protracker	0	192194	4425c8f9	ba20ce85	MODULES/Modules?/mod.1993
b411a09bc792c3bce9cb3e3938e0361a	1	161477	player	uade	Protracker	0	113768	03970cf1	8fc0f65a	MODULES/Modules-D/mod.dream
b425caa42c329b90d0628804741bc041	1	96130	player	uade	Protracker	0	23846	04ef3cbb	b570687c	MODULES/Modules-I/mod.i vote 4
b42d564a77bd24ef7b09a4199222cf8e	1	181089	player	uade	Protracker	0	93050	0d2c1ca0	56574b08	MODULES/Modules-C/mod.chinatown
b456b456c56d06e0dfd49b18c7bfb60b	1	268921	player	uade	Noisetracker 1.x	0	65984	fd4dd015	5508b2bc	MODULES/Modules-F/MOD.Fletch
b4b8343c408b44c9987cf6e46f27b25b	1	309893	player	uade	Noisetracker 1.x	0	154802	0e44f9f9	cfdd1879	MODULES/Modules-M/MOD.message...v1.2
b4c3df6c6b3e0751b12138018d920e64	1	115262	player+silence	uade	Protracker compatible	0	93372	678ff490	53d3fef6	MODULES/Modules-T/MOD.THE-KAT-KILLER
b4c90876a352676ba0f9ca66c0d5ac96	1	176769	player	uade	Protracker	0	112360	c90a8ba3	71c07878	MODULES/Modules-E/mod.Entity
b508bdc8f9ce9a3f8a7c03964bd890e8	1	314736	player	uade	Protracker compatible	0	129266	f4f87b8e	b5874949	MODULES/Modules-N/MOD.nightfall
b52f2c1064388a5fe078a0f5db830313	1	161397	player	uade	Protracker compatible	0	149032	695f0748	2a4227c2	MODULES/Modules?/mod.4-Mat-Song
b5382ab5aec85828cd90e7df396ce7db	1	150606	player	uade	Protracker	0	73016	6d8bfaed	8602840a	MODULES/Modules-S/mod.splitting stamps
b580f74c387bb574a27c0a8e2e5d88f2	1	474887	player	uade	Protracker	0	156072	a0d35232	6924ea67	MODULES/Modules-F/MOD.F-JOTAIN
b586269b6540d19d6dce5aebfcffc163	1	134651	player	uade	Protracker compatible	0	52968	79325ddc	6abff8b1	MODULES/Modules-A/MOD.albert-solo
b5ab374a91fdac2036d048d0a45c0b6b	1	353418	player	uade	Protracker	0	136674	98a5a7cf	7542ae69	MODULES/Modules-S/MOD.SPACEWEAD
b5b5311fed1eac13bcfe446980d7d416	1	138369	player	uade	Noisetracker 1.x	0	86204	c41dd30b	c34a3d0a	MODULES/Modules-H/MOD.HORNY
b5b748ed5621376943002b9eb36c9904	1	165596	player	uade	Protracker	0	217188	8fe8de8e	ad0d9187	MODULES/Modules-C/mod.catastrophy
b5be69fa7433b16e7fbc4822125db6ab	1	254694	player	uade	Protracker	0	138774	fc7915be	ec408fda	MODULES/Modules-O/mod.Odyssey 1
b5d8fa4de17fc3dc2144833a6d591b78	1	307321	player	uade	Noisetracker 1.x	0	88742	ce66b937	bd9590cb	MODULES/Modules-L/MOD.LINK
b5ea2af6109c58cfaed218aa2695870b	1	211331	player	uade	Protracker	0	120544	a640b36c	5eb9f33b	MODULES/Modules-R/MOD.REDROCK DANCE
b6499ca4d29496449d8f56b9e66a952f	1	204941	player	uade	Soundtracker II (31 instr.)	0	77444	83c1f8d1	c65575ba	MODULES/Modules-E/mod.enola gay
b66da8ae9ab6c27715c54867261d19ff	1	257407	player	uade	Protracker	0	83980	326f9f5f	bff5f24b	MODULES/Modules-T/MOD.TECHNOINSP
b684e5b03c4773e9eaec5b9c60ebf336	1	128082	player+silence	uade	Protracker	0	301304	2c40de2f	74d1a1bc	MODULES/Modules-A/MOD.ANETTE
b68c3324bb18b6610b9bf7aa46da1692	1	178678	player	uade	Protracker	0	47808	02f7ca50	e245fa11	MODULES/Modules-M/Mod.Material Girl
b69d09e0c1d418c4abf6984c4a004e90	1	76920	player	uade	Protracker	0	30524	d9adebc4	c4ea60a1	MODULES/Modules-M/mod.milky way
b6a1a17470016cc5adc17596ba3fdca8	1	252594	player+silence	uade	Soundtracker II (31 instr.)	0	123658	81ffe31e	ba41c96e	MODULES/Modules-S/mod.StarScroll
b6c0db6e8c3cba3acd24e00de197f42a	1	279069	player	uade	Protracker compatible	0	148908	798a9396	7858c366	MODULES/Modules-B/mod.bridge
b6e5efb0a7fc6597ba4c08d0be26393b	1	288171	player	uade	Protracker	0	109936	23398224	c80af5b9	MODULES/Modules-D/mod.dirt
b6f2f095a755c26a6e5f2d488e0177f1	1	188283	player	uade	Protracker	0	236964	83293117	1c19730e	MODULES/Modules-I/mod.induce a trance
b707b4cb6b21fac7bb94269068ce21e9	1	238197	player	uade	Protracker compatible	0	42654	16fb0f88	0e9a39e4	MODULES/Modules-B/mod.Blue-Song
b70f76d52dd1fab21c396901faab7fe0	1	202043	player+silence	uade	Protracker compatible	0	98848	341ed8df	650db781	MODULES/Modules-S/MOD.SUPERTEDLTD
b725bd146309e8565827d10091fcea38	1	364116	player+silence	uade	Protracker	0	123050	b669ea6a	1075a78f	MODULES/Modules-E/mod.enigma remix
b72e31c55c6ca6b1c9c9479979243f2d	1	161397	player	uade	Protracker	0	80204	9e62d88e	3dfde324	MODULES/Modules-M/MOD.MASSACRE
b7821bd8440c3c2595dcba574928d52a	1	459174	player	uade	Protracker compatible	0	204880	a3f85b92	1634aaf6	MODULES/Modules-N/MOD.NICEWETANDMEAN
b7a9985e4c5a9a3e9758257317bf3c42	1	170580	player	uade	Protracker	0	197674	235874d0	f91d0351	MODULES/Modules-Y/MOD.YOAFRICA-DIA
b7aab88f11ca3c535261c2d956d43a41	1	220293	player	uade	Protracker compatible	0	92180	07b34c96	b7e5a3c9	MODULES/Modules-H/MOD.HEADBANGER
b7c570dbb46bf8afa1be71db83be83d8	1	232747	player+silence	uade	Protracker compatible	0	109980	e1f6fb72	85d2e3ed	MODULES/Modules-H/MOD.HAPPYNICEDAYS
b7d3d5ab85a08ebfcf1af784e536164f	1	260866	player+volume	uade	Protracker	0	362846	c1224cb8	f2e2ca19	MODULES/Modules-N/mod.native dance
b8150f82691d093475a771743ba49efd	0	224407	player+silence	uade	SoundFX	0	117716	d9e4daae	87709ca8	MODULES/Modules-S/mod.systematic
b842c55448ae68f143fa7bd82a7bf8b6	1	394344	player+silence	uade	Protracker	0	330000	a52c7f10	e71ad82f	MODULES/Modules-H/mod.haunted
b84caab14cc9bf69b40fb51be6bd8908	1	143493	player	uade	Protracker compatible	0	49408	6c024f3b	7472fa50	MODULES/Modules-S/mod.snow 2 - adam m
b86dab02c4cb27aecbaf13681868ffd5	1	122997	player	uade	Protracker compatible	0	65068	8abd376a	cb63c281	MODULES/Modules-S/mod.Super-Aktion1
b8b6c168833764adca38ee2612081772	1	99968	player	uade	Soundtracker II (15 instr.)	0	102642	dd99fdcc	4aa14d61	MODULES/Modules-T/MOD.tritax
b8d36cb5f0f96982b77633b8155f002c	1	181652	player	uade	Protracker	0	72608	a944ee9c	183b03a4	MODULES/Modules-B/MOD.BloodThirsty
b8d4a067bd4898d6ef2abfacfd64fa01	1	115321	player	uade	Protracker	0	171484	531b1140	3982a3c0	MODULES/Modules-S/mod.satan on speed #01
b8e6ce727b945e09302e94fefec4f3be	1	153721	player	uade	Protracker	0	122142	771597d5	7529c6dc	MODULES/Modules-F/MOD.FIRE-ELEPHANT
b96e52e86a7bbe784d36fabcb07584b8	1	172207	player	uade	Protracker	0	67590	450b8c88	69d4c4f3	MODULES/Modules-D/mod.duet-guitar-flute
b98b75adc4c2ea9b9421a7f03bc11c78	1	182234	player	uade	Protracker compatible	0	113824	2e72ed3a	704115df	MODULES/Modules-S/MOD.SR-LIVE
b9b8da9f30dfe8a618c7ab7c528fefb0	1	342165	player	uade	Protracker	0	104014	8269391a	52c1c850	MODULES/Modules-S/MOD.SUZIE!!!
b9bd09b47f86c89c66c79a5867c52d85	1	30824	player	uade	Protracker compatible	0	21972	87212d8d	95e5871a	MODULES/Modules-M/MOD.MIDNIGHT STORM
b9ddf24942d3fca3632a47d3d0306a8b	1	135731	player+volume	uade	Protracker	0	109388	2b49df4f	c5bc96c6	MODULES/Modules-A/mod.arabian_nites
ba085a7c9ab49dd39d6bf0fa1b6f11f1	1	164884	player+silence	uade	Protracker compatible	0	154476	2208ce07	8824b3cb	MODULES/Modules-I/MOD.INCOMPATIBLE
ba3d231aa6308c3bfec6e2813d472570	1	267736	player	uade	Protracker	0	192282	a619e6f5	2268922d	MODULES/Modules-B/MOD.BINAR-E
ba461bc26a7d4e900e56eb2d27458f32	1	233415	player	uade	Soundtracker II (31 instr.)	0	242000	2a0033c8	ab949de6	MODULES/Modules-P/mod.paninaro
ba7de8f48c255c737b0f10e37f5ffd63	1	115321	player	uade	Protracker	0	93590	8b51df78	08baf575	MODULES/Modules-T/mod.thow-heap
baac29616b2d25b0615c3dc1ff784b3c	1	44911	player+volume	uade	Protracker	0	99566	3dd6d0f3	42b034e8	MODULES/Modules-D/mod.dr.snuggles
baf5780a51cf7200a77025a3868c5832	1	561574	player	uade	Protracker	0	170002	e3bae604	43415c65	MODULES/Modules-F/MOD.FUTURE-REBELION
bafa65d5af7d76984e56c732cc9bd07d	1	383188	player+silence	uade	Protracker	0	182976	61a8affc	395a0df3	MODULES/Modules-F/MOD.FIRE-ON-HIGH
bb02b52f4d268121baa539bb9d2edbc5	1	94222	player	uade	Protracker compatible	0	86876	adb13008	e8b87184	MODULES/Modules-D/MOD.dt-dm soundmachine
bb0dd80ac69918ac86b6307ae5147866	1	199797	player	uade	Protracker	0	117468	cb379b5b	79991e82	MODULES/Modules-S/MOD.SYNOPSIS
bb1a318b7bcebdab0c61adf593d97b3c	1	254781	silence	uade	Protracker	0	192772	fee7f07f	4ace4dec	MODULES/Modules-T/mod.towards and back
bb1dd53c37c73944f22b4526582fb8d5	1	65869	player	uade	Protracker	0	49692	94e566b0	d2284810	MODULES/Modules-V/mod.varma makour
bb48aa3a0d1c1ffd1a09c5803eb0afd9	1	161397	player	uade	Soundtracker II (15 instr.)	0	127022	01fcc8f5	9b54ea90	MODULES/Modules-B/mod.BIA-BOUN.CE
bb7e26e88b90a02b744aeabc014e5abe	1	324602	player	uade	Protracker	0	112586	cf0c411a	a4e718ec	MODULES/Modules-G/mod.ground-zero
bb9b0657a4317171ce059ee1bb99e30f	1	227004	player	uade	Protracker	0	175758	9c4f2ca9	739cd38c	MODULES/Modules-G/mod.gonna be infectious
bba7ccb444583a84b6be6e02a6a603bc	1	265045	player+silence	uade	Protracker	0	100444	43b22e9a	379a5653	MODULES/Modules-S/MOD.SLAVE_TO_THE_RAVE
bbb222a13da1ec7887590fe8b76882bc	0	145944	player	uade	Soundtracker II - V or compatible	0	113244	476da973	ad268256	MODULES/Modules-C/MOD.CREPE-QUEST
bbbf1d527139333b81db1375c1e9dd3d	1	124677	player+silence	uade	Protracker compatible	0	68184	195bfc09	66fbecee	MODULES/Modules-T/MOD.TAKILLA
bc0c120911d12a4aefbe43f3036571f2	0	235585	player	uade	Soundtracker II - V or compatible	0	136978	50d4e322	0f9fca6b	MODULES/Modules-C/MOD.CITYJAM
bc10be7e82fe8fced765005ad208456c	1	192141	player	uade	Protracker compatible	0	108310	12d8f386	2effc6ae	MODULES/Modules-N/MOD.nightlights
bc439c3719c7647e97c9d8fc8af9b8de	1	161397	player	uade	Protracker	0	62322	d460eca2	b522abb0	MODULES/Modules-M/mod.must have been love
bc631816eafbd87a67cccda94e357ee1	1	112769	player	uade	Protracker	0	137468	b11390f6	e3dd4d39	MODULES/Modules-W/mod.wonder flow
bc6426f3f09369c946333488238d4249	1	265103	player	uade	Protracker compatible	0	114756	966cfbe3	c8df954c	MODULES/Modules-M/MOD.METAPHYSIA.END
bc88a628e711f7f9855c67d76545d5af	1	7796	player	uade	Protracker	0	20290	82e83187	ef1dcc73	MODULES/Modules-Y/MOD.YEAH
bd23a749da224d47ad776c013f03561a	1	358273	player+volume	uade	Noisetracker 1.x	0	100986	a1f16cb9	9e6bbb54	MODULES/Modules-W/mod.WHATII
bd4266e97d0eea0e30b045e311f9e101	1	122997	player	uade	Protracker compatible	0	54998	c00d2530	79d49c08	MODULES/Modules-S/MOD.Speedstorm
bd6c831f401754fbb825376fc49bc57a	1	249731	player	uade	Protracker	0	50052	c2e87b46	679b074a	MODULES/Modules-C/MOD.CRYING SPY
bd93d890e9bbd2963124fab6c46a0dfc	1	189549	player	uade	Protracker	0	162036	71542708	4eacbbec	MODULES/Modules-M/mod.modulationequilizer
bdc81aed3a43c17f3f62ada663fb8bf5	1	194693	player	uade	Protracker	0	26770	ed8aaf52	d223dd16	MODULES/Modules-E/mod.echos 3-14
bdd2b82733464513d8878c72b9328d02	1	146045	player	uade	Noisetracker 1.x	0	98338	0168189f	37e5d4e3	MODULES/Modules-S/mod.studio sound
bdd9a543e9c2b160d06399dd90005c56	1	242055	player	uade	Noisetracker 1.x	0	77940	d0b46e55	149aa85d	MODULES/Modules-D/MOD.DRAGON-DANCE
bdedb43436f5b56d68aaa1dd64b0199c	1	238197	player	uade	Protracker compatible	0	85828	223633e9	36f853d6	MODULES/Modules-B/MOD.BERRASGARAGE
bdfb1d6a5c162b1f56894feaf857a1f3	1	149314	player+silence	uade	Protracker	0	158478	b84988ca	11336a9f	MODULES/Modules-B/Mod.Bombastic_Jazz.pal
be057f8d570599511cdec796f8487f20	1	618360	player	uade	Protracker	0	192130	058eb1b8	0b9e72d4	MODULES/Modules-T/mod.The-Knight-Is-Back
be5582c721ad227023429d815def18eb	1	222986	player	uade	Protracker	0	254568	dcfbef58	2387a5c8	MODULES/Modules-T/mod.testing faster
beae108bc058c9cc8e3e3eec3c71a108	1	192141	player	uade	Protracker	0	76344	5079bf38	b97340ae	MODULES/Modules-H/MOD.HQC-BEAT
bebbefe1335d227cbf620fc0e5135804	1	153721	player	uade	Soundtracker II (31 instr.)	0	97554	a0374496	0c5e2208	MODULES/Modules-S/mod.spreadpoint
bec59ed0d55924e5ff6f3feed5e38d38	1	207493	player	uade	Protracker	0	73698	22e6aaaf	3c44e9a4	MODULES/Modules-D/MOD.DISCO-IGNORANCE
bedb07922aac98ac1833c30822f57ec4	1	222845	player	uade	Noisetracker 1.x	0	109718	6adcb27d	65f1387c	MODULES/Modules-R/MOD.RITTER DES NIE 1
bee5a50492745b33b459f922fa4a27da	1	81723	player	uade	Noisetracker 1.x	0	55934	75469ab9	2c1ca5be	MODULES/Modules-A/MOD.AIRBORNE RABBIT
bf10222106a19730fb881f4667980d60	1	174103	player+volume	uade	Protracker compatible	0	145772	670571e2	9ec2081c	MODULES/Modules-W/MOD.WINTER91
bf19eef3b674b175536b2f2088748b8c	1	245672	player	uade	Protracker	0	242206	c9aecb58	99796b4e	MODULES/Modules-D/mod.DesertDream1
bf323af31118a8158f43136cd22eeebb	1	307321	player	uade	Protracker	0	239966	13f542fc	b66f16d2	MODULES/Modules-D/mod.dark
bf49749c9423c41e0244c47ad10d1c6e	1	16437	player	uade	Protracker compatible	0	36728	cafb5fac	208df93c	MODULES/Modules-H/MOD.HUNGER
bfce45ef0cd9068c831c926640a03abc	1	169977	player	uade	Protracker	0	88474	c14fb65b	073c7a76	MODULES/Modules-P/mod.princess_of_dawn
bfdc08257a129b5ccc3fcdd77ac82f4e	1	245893	player	uade	Noisetracker 1.x	0	77170	6c1370aa	e265f4db	MODULES/Modules-C/MOD.CH
bffd88c8550346e400642def400ef79c	1	376466	player	uade	Protracker compatible	0	167558	8e2f5aba	6a7a53c9	MODULES/Modules-C/mod.cybernoid
c018111dc9f366eba644118e367815b5	1	276597	player	uade	Protracker	0	117450	8d48c4f9	aac4bbaa	MODULES/Modules-R/mod.rave
c021d719699f6765dabbe613766e1ea0	1	122997	player	uade	Protracker	0	180168	7e582932	55d488fe	MODULES/Modules-E/MOD.EMOTIONS
c02af4e4c64f6348320a21ea4e77b34e	1	158797	player+silence	uade	Protracker compatible	0	118746	3416e6be	5048a3f4	MODULES/Modules-S/mod.smoukki
c05cfb32d3e5a9433bc4d7f8da92db92	1	194050	player	uade	Protracker	0	140862	992e29e5	ff296875	MODULES/Modules-P/mod.point blank
c05ebe8bfc40c90394f58dbc85319a5f	1	153721	player	uade	Protracker compatible	0	145278	d4778458	66f9ef58	MODULES/Modules-B/MOD.BUSY BUREAU
c08d026cd46596d523f1684ba27e94dc	1	199797	player	uade	Protracker	0	63248	58a00627	781fea3b	MODULES/Modules-H/mod.hypnosis
c0b54063b1f2c934d1ae234cb18dcf06	1	235434	player+silence	uade	Protracker	0	166682	1bc57713	bffa6378	MODULES/Modules-M/mod.macrocosm
c0c0f43c064dd20d7f66217cd80ad164	1	115684	player+silence	uade	Protracker	0	23450	4a67670a	2c6a80d4	MODULES/Modules-T/mod.the chip dragon
c0efb554b65d0c2ca09bda92dc3a3ea0	1	242055	player	uade	Protracker	0	106026	7a7210d8	0807fe5f	MODULES/Modules-C/mod.chicago song
c0f769bf426d64ca110d0ed82d7dc434	1	194693	player	uade	Protracker	0	125016	99030f9e	f969d88b	MODULES/Modules-A/mod.autumnal-sunset
c101ea4259ee9eb579633eb54e2458c0	1	265623	player+silence	uade	Protracker	0	98750	2e192a16	3ce8a8b2	MODULES/Modules-A/mod.AROUND
c12f8423220f16dd60edd8f68a0bafff	1	370233	player+silence	uade	Noisetracker 1.x	0	116368	7b6865a9	8e9780ca	MODULES/Modules-M/mod.memory dust
c1381607a1fb0241ca86c1ec5b7ef8b4	1	199797	player	uade	Protracker compatible	0	74114	b9f2cbe2	04f1864a	MODULES/Modules-P/mod.Party
c17f84f5905574d8c17fe1a9fb5c2047	1	46216	player	uade	Soundtracker II (15 instr.)	0	86762	1b8e5833	5b722f29	MODULES/Modules-I/mod.ICanMakeIt
c19a50fe6d0ddebb6e07988c62e3df5f	1	151141	player+silence	uade	Protracker compatible	0	83700	4f6b2b6e	136ac607	MODULES/Modules-S/mod.sll1
c1d123a480bcc0843b6b267f44b5ac54	1	220293	player	uade	Protracker	0	116866	9c95e5e3	226f320c	MODULES/Modules-G/MOD.GEOMETRIC
c1d6207cf9ce0ee668d891d05c4a0fd0	1	183670	player+silence	uade	Protracker	0	112020	627862a5	b328a82c	MODULES/Modules-S/mod.spacetravelling
c1fa354311c4f2759d0d535d29895dd5	1	474867	player	uade	Protracker	0	140898	0241f3fe	47b36499	MODULES/Modules?/MOD.10-KLEINE-NEGERLEIN
c22bdf9b295e36ac65f3254807f1368e	1	61568	player	uade	Protracker	0	67732	39f15beb	cded3c55	MODULES/Modules-J/MOD.JUICY FUNK
c24ed97b162213132cad22f8af461cdb	1	634389	player+silence	uade	Protracker	0	191930	45812339	a73bfc7e	MODULES/Modules-D/Mod.digiexpress
c28ddb57978ca082fbfe3b0b4b9455c3	1	316102	player	uade	Protracker	0	262958	b0746c98	5860f6e2	MODULES/Modules-B/mod.budoske parodia
c2a47a7710dc33530bc3d162d55a4291	1	166521	player	uade	Noisetracker 1.x	0	87348	9dadcdae	105eb860	MODULES/Modules-N/MOD.NIGHTDRAGON
c2aa586b0494043192222af5f288fc80	1	297133	player	uade	Noisetracker 1.x	0	184090	1e76aab3	923d3b5c	MODULES/Modules-T/mod.tar-concert in air
c2e0209f96a2312d21d5cbd2952faffb	1	106821	player	uade	Noisetracker 1.x	0	72734	22236f8e	18be15f0	MODULES/Modules-R/mod.ronken
c2e3bf3502ba6bbac461ded2756db21a	1	141363	player	uade	Protracker	0	130564	f55292a5	76390e45	MODULES/Modules-M/MOD.MESSAGEPRAGUE
c2f7c6d0a22bf6cd0fdf76d954b3009e	1	77081	player	uade	Noisetracker 1.x	0	51906	8a194285	90e47e7f	MODULES/Modules-A/mod.ASong
c34c6f8c86eff9a01cc2250c9b4f55cf	1	163326	player	uade	Protracker compatible	0	97010	ef6fef45	9bf327d9	MODULES/Modules-C/mod.Chinese Dream
c35598bb6a78fd2e02369714623b1e92	1	179321	player	uade	Protracker	0	393982	24fd99d9	e837c007	MODULES/Modules-C/mod.cybernet-big mix!
c3611ddcdec588910c054e27ce309ad6	1	172931	player	uade	Protracker	0	108486	03598ce4	7f5b6326	MODULES/Modules-L/mod.like yeah man
c3a537692eab6041f8fa703cc4f0fd0b	1	153721	player	uade	Noisetracker 1.x	0	51518	4d0e5ed5	5bdfe652	MODULES/Modules-B/mod.blazzering
c48606ee108ddece39fe8d8bb111bee2	1	207493	player	uade	Noisetracker 1.x	0	189684	faf08134	d904c34a	MODULES/Modules-C/MOD.COMA
c48606ee108ddece39fe8d8bb111bee2	2	146708	player
c48606ee108ddece39fe8d8bb111bee2	3	134531	player
c4ad7e7dcbf8d197e984db91ef6779ee	1	322693	player	uade	Protracker	0	224076	673f8d4c	990fe6f8	MODULES/Modules-A/MOD.AMBIEBT
c4f0a23281ce3fe8954fd0783d176052	1	192141	player	uade	Protracker	0	157558	37acaf2d	b1bf6e43	MODULES/Modules-R/mod.rythem driven(ut)
c52669c01ce7f19e33252e1fe886baaf	1	176769	player	uade	Protracker	0	56644	69bee940	ba6c75ee	MODULES/Modules-H/mod.hypnosis2
c54a0331ed86a814cf8e0a6c12b5b7bb	1	400338	player	uade	Protracker	0	171852	380d52d5	51d4c98d	MODULES/Modules-N/mod.nbeat force eoc
c54cbe4ee937aaebf6de65916a125da3	1	205866	player+silence	uade	Protracker	0	108422	b953b672	d99d64b1	MODULES/Modules-F/MOD.FUNKY
c57f77c6f6f5a75b6c79ebe3efc913d6	1	207493	player	uade	Protracker	0	89370	d57bfea8	ccd0138d	MODULES/Modules-E/mod.expressions
c584944ce2d401f61417cfdc002591cf	1	166521	player	uade	Protracker	0	149624	8be22ec7	38788823	MODULES/Modules-M/mod.melonmania
c5a6bd053a155b0ee4ea91d9550f8422	1	148930	player+silence	uade	Noisetracker 1.x	0	108422	1bac0e1d	8d49fd2e	MODULES/Modules-H/MOD.HARDSTUFFBUDDY2
c5b86228d18e92ccb156c1e1e0be28aa	1	130693	player	uade	Protracker	0	126650	a7035f7a	2eb33314	MODULES/Modules-X/mod.XTC part 5
c5b98db469752df6717ca759128410a6	1	179984	player	uade	Protracker	0	350512	80496d8a	a08f7f75	MODULES/Modules-G/MOD.GET DOWN EM3
c5cecb082c9aa52a99299a53c7e30617	1	238197	player	uade	Protracker compatible	0	63502	d05664cd	2888c114	MODULES/Modules-L/mod.longshort3.2
c5ddf8edadc620c5c6ef33d7df71c350	0	0	nosound	libxmp	Wanton Packer	4	261266	ed3eea14	7a0bc955	MODULES/Modules-C/mod.curious world
c5eb133cab33428f735ebc70df93a4ba	1	261245	player	uade	Protracker compatible	0	68668	29c060ca	2b2b9d74	MODULES/Modules-T/MOD.Troubled-Journey
c5fb4411db4fcf9ab370f60ffb2bdd9b	1	73082	player	uade	Noisetracker 1.x	0	57128	4be39642	bb81b38f	MODULES/Modules-P/mod.Piano_Plinker
c62554f4a9b2a528d397384487afc537	1	297164	player+silence	uade	Protracker	0	208234	2b737d7c	1bda3d7e	MODULES/Modules-N/mod.nazgul
c6266e57400960de719cb233042146bd	1	112769	player	uade	Noisetracker 1.x	0	74778	35990341	833f2f92	MODULES/Modules-V/MOD.VECTORS
c634041a814fd5462c605cee4f34a0e8	1	377281	player+silence	uade	Protracker compatible	0	157062	7f2b19e1	e1b61796	MODULES/Modules-T/mod.treasure-trap
c6457a6875de9277ec607a7e061cd600	1	184405	player+silence	uade	Protracker compatible	0	155050	8dd6f1a2	280f2d3f	MODULES/Modules-T/MOD.the final brakeout
c6a60878b26deecce62de75f047fa3e2	1	133245	player	uade	Noisetracker 1.x	0	46500	9fadfbc8	ee125b68	MODULES/Modules-C/MOD.COOL-SWING
c6aa99a4a4430b07c92a7c4130dccbcf	1	265103	player	uade	Protracker	0	77402	41181b03	c95660fe	MODULES/Modules-P/MOD.POWERDRIVE
c6dc5811c89c22bbd13f33160fbf151f	1	182066	player+silence	uade	Protracker	0	73970	b54fcaac	cf4754f9	MODULES/Modules-M/MOD.MADTECHNO
c6dea465e24aa08cce1b2faeee837aa7	1	181292	player+silence	uade	Protracker	0	152884	529618fe	2c423039	MODULES/Modules-A/MOD.ALLTHEDEADVOICES
c6f186635192b473693b982c83a4fb73	1	112769	player	uade	Noisetracker 1.x	0	25858	cf460aac	61d6f76d	MODULES/Modules-A/mod.AWESOME4
c72941c6b448e71e05bdc929ae518b2c	1	158322	player+silence	uade	Soundtracker II (15 instr.)	0	97474	ee630ab8	68870e39	MODULES/Modules-F/MOD.FLYIN'
c743ce6375a093f946172771bd140cc7	1	145261	player	uade	Protracker	0	93474	5bc70444	ed61febf	MODULES/Modules-S/MOD.SLIDE2
c74e3c9f9684ada2186f19d30c768b0b	1	153721	player	uade	Protracker	0	155558	8767d76d	7c8356d3	MODULES/Modules-H/MOD.HOUSE-BEAT
c760590ac4245e7cd9b5f4cd17191d3c	1	82044	player	uade	Protracker compatible	0	105838	b4fd953f	e13e402d	MODULES/Modules-C/MOD.CALM_MOMENTS
c76c0036c681c480c2c26111deeaf6c1	1	94543	player	uade	Protracker compatible	0	34508	5cc2f3c8	7e11efe6	MODULES/Modules-A/MOD.Arabia
c76c0036c681c480c2c26111deeaf6c1	2	95327	player
c76c0036c681c480c2c26111deeaf6c1	3	7240	player+silence
c783089c02f28222c24aa74284a7ecf3	1	195959	player	uade	Protracker	0	137986	379e7c0f	dc520c6b	MODULES/Modules-C/mod.celebrate2
c79f4d8aa0efeb98a0051ecaf5af1c9d	1	291969	player	uade	Protracker compatible	0	93850	6c081a9b	3a0c72fc	MODULES/Modules-C/mod.China-Girl
c7a1f49a0a09af3a3de855949fe5e4a9	1	134531	player	uade	Noisetracker 1.x	0	101520	21d7f492	011e3229	MODULES/Modules-O/MOD.ONTHERUN
c7aa294c3df6310733decf8cd71a841d	1	217098	player	uade	Protracker	0	164566	4c1b1269	42b6f6eb	MODULES/Modules-J/MOD.JUMHOPOFSTRANGER
c815242d4ca3ad66cf9168aa15c3ab0a	1	253629	player	uade	Protracker	0	149156	070b7fb8	0a66f935	MODULES/Modules-D/mod.desertdream2
c85d4460955fcbfb2821c00e3bc9bbea	1	387015	player	uade	Protracker	0	175648	37e51c02	ca9c8968	MODULES/Modules-T/mod.technology
c8b8c1dd3e0cab1412fdd92f9b6ba7b8	1	76920	player	uade	Startrekker (4ch)	0	74434	6036a963	11f2c279	MODULES/Modules-G/mod.gute.rap.mix
c8bc5e2aac159d236b9108d61d5949b2	1	225397	player	uade	Noisetracker 1.x	0	88284	11799a57	34fd65bb	MODULES/Modules-P/MOD.PLANETARIUM
c8c2e7908c7610cf14fddb71f24a78b4	1	504594	player+silence	uade	Protracker	0	99426	a6efbc2e	2f63fb5e	MODULES/Modules-M/mod.mcdisk#5
c8cf5a42a27c1413a2f3a277209a2874	1	244415	player+silence	uade	Protracker	0	169180	b77097b1	72a0b3ab	MODULES/Modules-T/mod.the-search-for-me
c8d448416737694d40ed6cf6de11c80e	1	214187	player+silence	uade	Protracker compatible	0	109508	269f49ef	c10301f3	MODULES/Modules-L/MOD.LOOSING CONTROL
c9249d6ea923e6cece6075cdb19ad800	1	148918	player	uade	Protracker	0	97578	84004724	cd5a4d1c	MODULES/Modules-C/MOD.CytronTitle
c96d20ee835d8007245a63a733998633	1	33637	player	uade	Protracker	0	85348	41b29b01	90a1a1f2	MODULES/Modules-F/MOD.FRANTIC
c9d77b281c7e7c3870fcbd826b757917	1	165476	player	uade	Protracker	0	141586	eed0e648	7a8e0c10	MODULES/Modules-G/MOD.GONE
ca5b203128434abfc45560578b07b529	1	248467	player+silence	uade	Protracker compatible	0	101354	aa6a25e4	58aeb37c	MODULES/Modules-D/mod.dance (club mix)
ca6bb2eaac2ca71e586acc65311bf1e2	1	153721	player	uade	Startrekker (4ch)	0	127856	019bf4a7	0265ed14	MODULES/Modules-W/mod.waterside
ca9513d2396c676325d9d29a94e25a41	1	265623	player+silence	uade	Protracker	0	98750	007cdd84	3a7df731	MODULES/Modules-P/MOD.POORMOUTH
cab7b7ac2969d9e92a11b4153ed1925b	1	166199	player	uade	Protracker compatible	0	63480	9dc895a7	f9db24de	MODULES/Modules-L/mod.Lambada
cab903df3e2401528c0871b2e723e8cc	1	219389	player	uade	Protracker	0	181810	05dad6ea	7e3a3b25	MODULES/Modules-B/mod.broad day
caba05920f6d04dd82dc059c948e5423	1	121731	player	uade	Protracker compatible	0	64790	8e88218e	ef65a307	MODULES/Modules-R/MOD.ROCKINRULER
caddc99f62dc90899a1828f2f8ca8a20	1	146045	player	uade	Noisetracker 1.x	0	95268	a0a0e431	9f771f12	MODULES/Modules-Q/MOD.QUANTUM6
caecd45e93d444c2a7de4f72504eac2d	1	199516	player	uade	Protracker compatible	0	65242	b7ba493a	2ea52852	MODULES/Modules-J/MOD.JOYFRIDGECOUNTER
caf3ab1082b56bfd7838953a32db4907	1	116586	player	uade	Protracker compatible	0	31734	5564f7e1	909d1ebf	MODULES/Modules-M/MOD.MEDDLEALTA
cb1019611b8d5678dcdb8ce0ae29bbff	1	313088	player	uade	Protracker	0	131392	1ba81b1e	d9e1b9a7	MODULES/Modules-M/MOD.MONKEYDROID?
cb3d0b15103f6b0eb871e3e20471a809	1	192141	player	uade	Protracker	0	158672	1f9db312	de52f183	MODULES/Modules-C/mod.complete 3-12
cb6ed366e298844f8758975bf032891b	1	134531	player	uade	Protracker compatible	0	86180	2df0bbc1	fa272344	MODULES/Modules-L/mod.latino - adam m
cb769bf5ddb3edf26dcf03cb525e00b2	1	313490	player	uade	Protracker	0	76398	fee54ef7	fd3ca4fc	MODULES/Modules-S/mod.Sleetiness
cb78013f796e9834cfc926dde06b4df2	1	184481	player+silence	uade	Protracker	0	284558	903fb0cc	a31754ef	MODULES/Modules-N/MOD.night-in-tunesia
cba0b596f00a222ba94f88c5915549bc	1	106700	player	uade	Protracker	0	154364	7125d3f1	922ab7c0	MODULES/Modules-B/mod.bruiser
cbd0d51dff18f125e8e2a8deba8eeef5	1	228813	player	uade	Protracker	0	168928	58086af6	0bf351e3	MODULES/Modules-A/mod.alpha omega ii
cbd8059aba91626ff25acd52794367e1	1	30824	player	uade	Protracker	0	7550	0591e684	6f371675	MODULES/Modules-I/MOD.INTRO.HEATBEAT
cc59c2786b5e2a1dd12cf85173040ab9	1	123720	player	uade	Protracker	0	74590	9a0c2eae	1fdcc8df	MODULES/Modules-F/MOD.FUNCKDABASS
cc66056b075b47a44e574725e65d01b6	1	119179	player	uade	Protracker	0	91474	eaf5e472	14590bef	MODULES/Modules-B/MOD.BOYS IN BLUE
cc96875cd32be09308874db483af9eee	1	117872	player	uade	Soundtracker II (15 instr.)	0	69278	40aa26cc	6e41d6a7	MODULES/Modules-E/mod.Engura
ccdc60bda257b6099522ba7f058a1edd	1	230541	player	uade	Protracker	0	150900	eab93102	75e87790	MODULES/Modules-E/mod.excalibur outrun
ccf1eb0ebb75cc1bbb1fd74f1cd8ee29	1	213622	player+silence	uade	Protracker	0	188442	86debcb4	7e249f3b	MODULES/Modules-W/MOD.WALKING_LONELY
ccf54c3a04a7f6978afead5bfe5345fd	1	102983	player	uade	Protracker	0	169966	eb17cbb0	786737a4	MODULES/Modules-J/mod.joes#02
cd4c88c6144340b26f27389d6deccfc2	1	156614	player	uade	Protracker compatible	0	130924	f9891ec8	6437f717	MODULES/Modules-M/MOD.MAZZ
cdda324ef7163e67a15cb45d494e2ad3	1	219489	player	uade	Protracker	0	99006	a5ac2fa8	9e0efa08	MODULES/Modules-D/mod.daytime
cdfd1d1545dc4f65084fe2662acc4406	1	122997	player	uade	Soundtracker II (31 instr.)	0	62958	eaa8d3eb	69557ce7	MODULES/Modules-F/MOD.FILT
ce246b46eafe37f8fdc6175e30ec16c2	1	55922	player	uade	Protracker	0	86684	38878d8f	4e6c10a6	MODULES/Modules-S/MOD.STINKINGSCRATCH
ce43363721473a0f23438338a50db636	1	112226	player	uade	Protracker	0	409908	ed2a5124	b286f898	MODULES/Modules-P/Mod.Perfect Setup! -Lzd
ce797e9c5cf55ceafbcb503f780f9dfa	1	41072	player	uade	Protracker	0	42042	d5515a7f	19a401f8	MODULES/Modules-M/mod.maiden voyage
ce7e00ac7b74889638674d897aa505a9	1	261245	player	uade	Protracker compatible	0	111518	cd134e34	f4f8f060	MODULES/Modules-L/MOD.LITTLERUNNER
ceb32586d67df3f74831b15a87b0f597	1	237895	player+silence	uade	Protracker	0	90586	145e0c94	2b0df156	MODULES/Modules-A/MOD.ANAESTHEZIA
cec7fc5452cc83169eeedbdb4bc23c32	1	43082	player	uade	Protracker	0	34248	43caddad	012caaea	MODULES/Modules-N/MOD.NEGLECTED LOVE
cef5410f1c441d550dc7b65f5e53b85c	1	157579	player	uade	Protracker	0	185508	6f73c406	55cdb280	MODULES/Modules-A/mod.agressive cleaner
cef6036001d51d591b736bf509b42ddc	1	169736	player	uade	Protracker	0	150568	7c3e63e0	66c35121	MODULES/Modules-E/mod.emotional thing
cf1017fe268e07bb5d428036976d7b82	1	208056	player	uade	Protracker	0	68882	76b8072d	1c4e3521	MODULES/Modules-M/MOD.MANDELFORCE
cf254fdbd781468b304d10a540658c17	1	84616	player	uade	Noisetracker 1.x	0	56520	ec5c8fb4	f2380f68	MODULES/Modules-M/MOD.MEGABIT
cf2ec9c6de6b741c6c231f2a8924cdd6	1	207493	player	uade	Protracker	0	75850	33c0d109	4320c23a	MODULES/Modules-C/MOD.CHAINSAW
cf4ae419f17a5ef7f6f71ad586fdfb56	1	220936	player	uade	Protracker	0	154804	5c25f291	a078f183	MODULES/Modules-M/MOD.MIND-MELTATION
cf4fbdf3d8ba470e50d3e985f74f54b2	1	153721	player	uade	Protracker compatible	0	56680	405ae2f7	5ab28ae8	MODULES/Modules-S/Mod.Serious-Though
cf8067a1f5d086c04a76b2d953f67fbd	1	238197	player	uade	Protracker	0	100042	cabe2f87	321e04df	MODULES/Modules-O/MOD.ON THE HORIZON
cf974088f05bc2ae01da06b41e0d0bc5	1	161397	player	uade	Protracker compatible	0	41148	926c513c	85b76f51	MODULES/Modules-L/mod.ldrunner
cfb2204d44bbaa1893ac35ba9415aa95	1	121911	player	uade	Protracker compatible	0	64118	594e86fe	fa08b08a	MODULES/Modules-T/MOD.TRIP_TO_MARS
cfcbce793e51aff9cb3c9886902aafcd	1	284414	player	uade	Protracker compatible	0	118072	82ef0851	a80dc0d9	MODULES/Modules-A/mod.A_KING_IS_BORN
cfda57390f0893de37c03429a3e2e621	1	107645	player	uade	Noisetracker 1.x	0	63456	dddd5405	bffed05f	MODULES/Modules-J/MOD.JAZZE NORTH STAR
cfde234680f52d362adf99067d84dbac	1	224593	player+silence	uade	Noisetracker 1.x	0	109386	95250f4d	80acedd2	MODULES/Modules-O/mod.once upon a time..
cff158b069d891fb4e5ea4df3b19baf7	1	138369	player	uade	Protracker	0	133016	b15a4a01	7e0792ec	MODULES/Modules-T/mod.time
cffccde43d824ddc978f5d62af2e8c26	1	215149	player	uade	Protracker compatible	0	28326	2b503fad	25b8bc3a	MODULES/Modules-P/mod.pH-1
d005c2424a33e4cfa05f473e059c698d	1	46216	player	uade	Protracker	0	78514	a9663467	3e6fc9b9	MODULES/Modules-C/MOD.Cheesy
d01191856e84d62eeaf04baca895d185	1	387980	player	uade	Protracker	0	115464	b1fb5bb2	31b4efba	MODULES/Modules-C/mod.chrom-atom
d013c36e8c7b02d1fde9a5bc233ca6a0	1	270503	player+volume	uade	Noisetracker 1.x	0	113892	47bea1fa	4d5bcd66	MODULES/Modules-A/MOD.AVENGER MEGADEMO
d0282b51637b24f3013e95e9003d5ef7	1	157096	player	uade	Protracker	0	90670	7f0815c3	e9c0ca44	MODULES/Modules-F/MOD.FRAP_RAP
d048f1341f9ef8bc2f633a7e3e2a7a62	1	247079	player	uade	Protracker	0	199688	0d5fceb7	15a3919b	MODULES/Modules-S/MOD.SICK_HUMAN
d06898b2791b2f78d9351d4287009058	1	199797	player	uade	Noisetracker 1.x	0	117686	b0c8661c	6cfcfae7	MODULES/Modules-D/mod.Dark Heart
d07c2468f7437cfbf0915a77b822b6ad	1	192141	player	uade	Protracker compatible	0	34482	e8405403	b0ef7a23	MODULES/Modules-S/MOD.Sillyphant
d0c2331e795a67531a264b14b1bef43d	0	0	nosound	libxmp	Wanton Packer	4	129954	caef9c4f	e46d9257	MODULES/Modules-L/MOD.Lucid-Dreams
d0fab02722d6f2bebb13a4ca1101aaac	1	276597	player	uade	Protracker	0	138134	e2741d57	e9555df7	MODULES/Modules-D/mod.digital-i2
d109f6b5b12c8fc9c2c709559e470f44	1	215149	player	uade	Soundtracker II (31 instr.)	0	36112	1ccdc6cb	6252fe0b	MODULES/Modules-D/mod.doc1
d18c7f795ff2972bb97899c593f9bd12	1	362741	player	uade	Protracker	0	98678	2bb73093	b2dec894	MODULES/Modules-A/mod.alpha-omega
d18c7f795ff2972bb97899c593f9bd12	1	362741	player	uade	Protracker	0	98678	2bb73093	b2dec894	MODULES/Modules-G/MOD.GARBAGE-COLLECTION
d18c7f795ff2972bb97899c593f9bd12	2	362741	player
d18c7f795ff2972bb97899c593f9bd12	3	366579	player
d19f64532b4fdbc5620cd6cdb6511b05	1	574582	player+volume	uade	Protracker	0	206016	45baf3a2	8e56956a	MODULES/Modules-T/mod.TJA(Walkman)
d1cf13eba99e97243b5b0659fe0a59ca	1	235484	player	uade	Startrekker (4ch)	0	132702	0785e257	04d9e311	MODULES/Modules-U/mod.under african skies
d1fc7f56d6cb41f6344a50a663c5c296	1	76920	player	uade	Protracker compatible	0	46318	e321de8e	4eb93f58	MODULES/Modules-B/MOD.BOURBON STREET 2
d20a8cb8a83867cf79f5282f6ed51155	1	140155	player+silence	uade	Protracker	0	161464	408d6d97	56dd6e6d	MODULES/Modules-S/mod.sexmachine
d21ed3ac06cd32785dfe1fc15545446f	1	170899	player+silence	uade	Protracker compatible	0	128120	d1f39f86	c0aea673	MODULES/Modules-M/mod.Mega End
d265358e7b13661e6d34e7844d773299	1	146527	player	uade	Protracker compatible	0	67594	828ac7e7	202642e4	MODULES/Modules-H/MOD.HAPPY DAY.FINALE
d2ac2de6f8a079b950188d6a6c7825fb	1	188283	player	uade	Protracker	0	244178	cb77d7eb	a3ac55fe	MODULES/Modules-S/mod.serial killer pt.2
d2b8fc191a8b9646909467472d9fa8b2	1	265726	player	uade	Protracker	0	108074	5fd94ea6	a91e3639	MODULES/Modules-N/MOD.NEWSPAPER-GROOVE
d2d55958aa45a1288d5679a3dd987fe8	1	184445	player	uade	Soundtracker II (31 instr.)	0	117050	529abb25	b54bf82d	MODULES/Modules-E/MOD.EPI
d2f02ea50c95ea6cce26aefc8c827bb4	1	306055	player	uade	Soundtracker II (15 instr.)	0	204712	0ae9782f	2c5cb57b	MODULES/Modules-P/mod.PRIESTS
d2f2dac6fae63d1876aa43c83d389110	1	143493	player	uade	Noisetracker 1.x	0	74496	6157c3a1	e097735e	MODULES/Modules?/mod.3d dance
d2f54456af77c50ab84093a30e792414	1	53872	player	uade	Protracker compatible	0	18120	9ad10faa	55c8c635	MODULES/Modules-K/mod.Kagge
d313ff2bfd37cfac474e241e9e3d62a5	1	234720	player+silence	uade	Protracker	0	216222	e0212449	5932fd94	MODULES/Modules-D/mod.disharmony
d38017b82263466321157b2e4ff646b5	1	199797	player	uade	Protracker compatible	0	209290	0617b494	5c0b1de9	MODULES/Modules-F/MOD.Firecracker
d3bf0118b3b99c0b2198979bd0c19fc5	1	169093	player	uade	Protracker	0	63112	22bcd150	e791b03b	MODULES/Modules-S/MOD.SLLNEW
d3c3ac9e139c79345125829ab5dd44b3	1	473539	silence	uade	Protracker	0	168958	d6a3c671	6ece8cbc	MODULES/Modules-S/MOD.SYNTHONEY
d3cd5162b222c23eb3d9502332e7e978	1	85420	player	uade	Protracker compatible	0	162070	30203783	31c8b92d	MODULES/Modules-C/MOD.Crimbo
d3d27ec4ace208502508994ec307af08	0	168972	player	uade	Soundtracker II - V or compatible	0	88908	8f064408	61edac63	MODULES/Modules-D/MOD.DREAMDOG
d3f2b2dcdd2b3d0fdc79eeb2b9459d85	1	86284	player	uade	Noisetracker 1.x	0	68990	0a301ab7	c6b65629	MODULES/Modules-B/MOD.BLOCKED SPOUT
d401612310b307823a5c8c8df6b7b2ce	1	299537	player+silence	uade	Protracker	0	182302	af39b345	65402065	MODULES/Modules-D/mod.doormat
d4145ebd5a1f0fb3424144a144708e51	1	322693	player	uade	Noisetracker 1.x	0	85024	9b4b8a98	6d419877	MODULES/Modules-D/mod.Dungeon
d44821d80142126fe175c07bd7370f52	1	116687	player	uade	Protracker	0	145350	0bd5d02e	e51c3ad9	MODULES/Modules-J/mod.joes#08
d4495056d8c38266ac263691144e54ea	1	199797	player	uade	Protracker compatible	0	109402	dfe72c5e	b2e7249f	MODULES/Modules-N/mod.Name-That-Tune
d44b8db1093990a05f590a957db7dded	1	257998	player+silence	uade	Noisetracker 1.x	0	193006	e57f0375	97b93615	MODULES/Modules-A/mod.amelioration
d4ad2a7c5a179d0d3b09103df0243383	1	284293	player	uade	Noisetracker 1.x	0	55658	e57b0415	578b0763	MODULES/Modules-S/MOD.STANDARD
d4fbee6ac813e7a65a4ab19fc75c9960	1	250216	player+silence	uade	Protracker	0	144840	d4784779	dcfaeb37	MODULES/Modules-E/mod.exage
d5175c6ba0db53dd29ee9377739cfc5b	1	195983	player+silence	uade	Protracker	0	83818	6a4cd8c7	cf985b1e	MODULES/Modules-M/MOD.MAGIC-PIANO
d51da283584bfd9f0eb5f7a6442684af	1	106723	player+silence	uade	Protracker	0	32602	a036da57	9f119c62	MODULES/Modules-M/mod.minuet
d536409c0132986336899abb9cfcd6da	1	215149	player	uade	Noisetracker 1.x	0	46026	ed7c2960	1a487d96	MODULES/Modules-L/MOD.LEVEL2
d538913cf4874be3e111edb3f3685585	1	98682	player	uade	Protracker	0	48584	495f949a	c9fe6e57	MODULES/Modules-C/MOD.CRAZYSHOW
d5e7d653de91953ee1f522daa3d6670a	1	199797	player	uade	Protracker	0	48648	27374e5a	5d69ecfb	MODULES/Modules-P/MOD.PAT1
d65ec09dbf02f846f5f6fca2b27fd7ce	1	321572	player+silence	uade	Protracker	0	95386	300f4f9d	1e88f90d	MODULES/Modules-N/MOD.NIGHT-CLUB-THEME
d6b8eba36d25d99d0e6dda9e16d50d01	1	417418	player	uade	Protracker	0	125776	cb937bfd	8b41c6d2	MODULES/Modules-T/MOD.THREENEWSTRINGS
d6cc47df93508357b1a88ced1de9f56b	1	102520	player	uade	Protracker compatible	0	46308	d370eb84	a1a3fea4	MODULES/Modules-P/MOD.patzga
d6d3cddceb353933cf05aa6a868a6fec	1	99325	player	uade	Protracker	0	131368	ab636630	682d9edc	MODULES/Modules-B/mod.breeze-diablo
d6e7d7f9f2f8d479db5caf37d1d4bb15	1	376466	player	uade	Noisetracker 1.x	0	157022	603cae1d	bd7808bf	MODULES/Modules-H/MOD.HEAVY HOUSE
d724c905126bb44f536d2aa93cdeb5c3	1	243132	player+silence	uade	Noisetracker 1.x	0	215718	01599cfc	79b173e8	MODULES/Modules-S/MOD.SUPERDROME3001
d764611d74cb39adc0e2c0bfbb96dafc	1	92272	player	uade	Noisetracker 1.x	0	19462	551a3767	b7276b9a	MODULES/Modules-Q/MOD.QB
d76858cc463a38e859de95aefcbdc343	1	176508	player	uade	Protracker	0	126090	92535d79	4bbd065b	MODULES/Modules-T/mod.techno warrior(cia)
d79ed10d1ca5bbf588a94f14beb35b83	1	201226	player+volume	uade	Protracker	0	25110	900c4afe	6fd28564	MODULES/Modules-A/MOD.ANTHROX
d7a857818d2baa81fbbb3bfa00420e6c	1	256141	player	uade	Protracker	0	75600	d4256b47	e52426c3	MODULES/Modules-A/mod.alien-haze
d86cb68a1b5126671d453a249b160364	1	296129	player	uade	Protracker compatible	0	96956	bf24072f	b86415b4	MODULES/Modules-S/MOD.SLAPPY
d875183a921f3b9355824db5aa8e986c	1	40128	player	uade	Protracker compatible	0	46948	b0137512	3d43f584	MODULES/Modules-F/MOD.FIGHT TUN1
d8aa0e2b58031e1623bb2b1eac69baa3	1	34682	player	uade	Protracker	0	71518	38b13529	e87b8cc0	MODULES/Modules-E/mod.emus orgasm!
d8b33b4093022c235a9c74960415b700	1	325567	player	uade	Protracker	0	102266	fbcb69e1	f4604e01	MODULES/Modules-S/MOD.SPACESONG
d8bc65b171156301280d888412114bf5	1	207493	player	uade	Protracker compatible	0	113822	eeff2f29	79464d8a	MODULES/Modules-C/MOD.CAT RAP MIX 2
d8de47960a198aa19a6836d8c137e6b8	1	228110	player	uade	Protracker	0	176630	dd0311c5	5b3f56c9	MODULES/Modules-I/MOD.INJEOPARDY
d91f93306476269290bdd206c1a026d1	1	197044	player	uade	Protracker	0	244268	e98989a9	063fc38e	MODULES/Modules-F/mod.fwr
d926dc28e6acfa76b70f21c2f7819d4f	1	199797	player	uade	Protracker compatible	0	78758	2bfe68a6	56ce32a2	MODULES/Modules-G/mod.Gotta Swing
d931fb9207b0949c578a4bbf9b02180f	1	115321	player	uade	Protracker	0	139912	a686176c	e3eb3272	MODULES/Modules-C/MOD.CH-010
d94b404268fd6cdde954adf04fe0da10	1	483970	player	uade	Protracker	0	291988	4a783253	ee5b59ba	MODULES/Modules-S/MOD.SLOW-MOTION
d99fa9b4d562b03f18cb04e47f235faf	1	127437	player	uade	Protracker	0	75446	66d2b389	49c55bd3	MODULES/Modules-I/mod.ice flow
d9ab1acb5fd974abee177e140eada051	1	291969	player	uade	Protracker compatible	0	86260	6dc2438b	c3ec022c	MODULES/Modules-C/MOD.Castle-Master
d9ab1acb5fd974abee177e140eada051	2	77885	player
d9d514050f371acbdb0a96ccba66cb70	1	28915	player	uade	Protracker	0	43888	29896ef1	504f2aa0	MODULES/Modules-F/mod.fragments ii..
d9fb50f03ca4e06a74f8b78a675ece8f	1	158185	player+silence	uade	Protracker compatible	0	32638	0622edbf	fe18b2e3	MODULES/Modules-S/mod.SynthSong1
da12c101cb6de3c45f45ebf24d22c450	1	260639	player+silence	uade	Noisetracker 1.x	0	83914	b0500ee5	fcdb5a67	MODULES/Modules-R/MOD.ROUND ONE
da19193ab374c8225f7c6e20ef5e317e	1	224131	player	uade	Noisetracker 1.x	0	123304	59692ab9	7d31d827	MODULES/Modules-G/MOD.GALACTICA
da282d5b4391c3886c46cef245f4bc51	1	218464	player	uade	Protracker compatible	0	124674	d9946aa6	1800b0db	MODULES/Modules-J/mod.japanese
da5ed7b6126483363b7467dc21087348	1	215149	player	uade	Protracker compatible	0	71526	9a662c68	a2d448f5	MODULES/Modules-V/mod.voyager
da96137dab8ac95e8c92d6c697ed3c4e	1	88460	player+silence	uade	Noisetracker 1.x	0	66528	5e2935ed	1942e8c2	MODULES/Modules-S/MOD.SLL3
dab9075b0a614170c1e86735dc8e46c8	1	209402	player	uade	Protracker	0	181622	77c5d148	c7297399	MODULES/Modules-A/MOD.AUTUMN-AFTERNOON
dadb041fd98c360a6fbc9d6e41521501	1	245893	player	uade	Protracker compatible	0	133764	5bc1a3f1	385b0d8c	MODULES/Modules-B/MOD.BURNING FIRE
db09193208b2ea152f7c712ddb10332e	1	214345	player	uade	Protracker compatible	0	140154	5c3c3c42	a642715d	MODULES/Modules-F/MOD.FLASHDANCE-1
db2bcca4bd115c65045131a566096b59	1	98682	player	uade	Protracker compatible	0	61956	f75c2386	43d74438	MODULES/Modules-M/mod.Melody1
db3fa2ca2eb14b004d989a74d874ec97	1	103786	player	uade	Protracker	0	143756	7b82eed5	6efcae62	MODULES/Modules-T/mod.try'n'stop
db744b17c04656ee37c1b40a29d1181d	1	245893	player	uade	Protracker	0	89470	f2978bc5	af22a83f	MODULES/Modules-E/mod.e's on jesus end
db8f6d34d0041c3942423280f2292116	1	151912	player	uade	Protracker	0	144622	7687aac1	f5db62fb	MODULES/Modules-S/mod.sumner time (cia)
dbaf3915a1df798e2206bd3514537d4d	1	184445	player	uade	Protracker compatible	0	97684	169cd962	78cd7baf	MODULES/Modules-D/MOD.disco-groove
dbb405589fd95704171a90b4aff08495	1	161397	player	uade	Noisetracker 1.x	0	176622	c1e76339	425a7108	MODULES/Modules-S/MOD.SPELL
dbc23ab7f76d79f633db0b77388ad5dd	1	36290	player	uade	Protracker	0	45730	aabd895e	a29ebdcb	MODULES/Modules-E/mod.end of beginning
dbc955202dcdc042414ad91e5fa9d9eb	1	62694	player	uade	Protracker	0	189458	49269f9f	a1878dda	MODULES/Modules-D/mod.dropping acid
dbf808d92cf3be3744b9f3006a64535c	1	134681	player+silence	uade	Protracker	0	80778	44a5812d	de9e5c85	MODULES/Modules-I/mod.inspiration is none
dc263ed01ec21fc326b7a554a75ed545	1	634588	player+silence	uade	Protracker	0	191930	7541d402	14b82be1	MODULES/Modules-D/MOD.DIGITAEXPRESSION
dc3454065984263d73e3a441d0dc2765	1	207177	player+silence	uade	Protracker	0	230652	0c855c5b	aaa090c5	MODULES/Modules-C/mod.condom_corruption
dc405c05fd957cc642a8e89ae99b45ba	1	116667	player	uade	Protracker	0	64038	f4f2080b	beb5bfb1	MODULES/Modules-H/MOD.HEAVY THRASH
dc4096208667f1c03525d3705c3565ff	1	144176	player	uade	Protracker compatible	0	48886	f7156359	c7adf581	MODULES/Modules-P/MOD.PLAYINGAROUND
dc49d884e937458f3954dbb88e546e8b	1	192141	player	uade	Noisetracker 1.x	0	143100	3c4d0286	205021ec	MODULES/Modules-J/mod.jack the housebeat
dc4b8b1be6249fb5aac575b9fd803a7b	1	243341	player	uade	Protracker compatible	0	148282	9927dd0b	d74f85dc	MODULES/Modules-C/MOD.CAROLINE
dc52d71723b39925a5fd3706eaa8ec77	1	69847	player	uade	Noisetracker 1.x	0	50304	d6d9b04c	60e61917	MODULES/Modules-M/MOD.MEGAMIXETTE
dc62298c811a66b1f4ec59370607b000	1	87168	player	uade	Protracker compatible	0	114932	0f8f009e	953d59cd	MODULES/Modules-N/MOD.NEWERA
dc775af48d05c232c6960889cd95586b	1	98682	player	uade	Protracker compatible	0	210278	e5057d34	0e743f36	MODULES/Modules-C/mod.crusade
dc84656ac641e5f0c4268a1cfa4eaadf	1	184445	player	uade	Protracker	0	82216	c7844fd5	f0c93c98	MODULES/Modules-E/MOD.EINSTEINIUM-01
dc89d8ab8a7a9974200fde7e63524cea	1	437894	player	uade	Noisetracker 1.x	0	76256	ff6a3375	8722e60f	MODULES/Modules-M/MOD.MINSMIRE
dcb3362443fce1f0147b433d0d1dccfc	1	115321	player	uade	Protracker compatible	0	55448	42cb835e	f59689e6	MODULES/Modules-W/MOD.WEIRDYSONG
dd39d3a1abdaff7121d932c94512aeca	1	184445	player	uade	Protracker	0	59900	b76d2f0e	f4ba40b9	MODULES/Modules-D/mod.demo
dd6bae9d5e35f4ef66130216582b84d1	1	192141	player	uade	Protracker	0	50018	04ef4142	faff2d00	MODULES/Modules-B/MOD.BEAT1
dd6ea18bf31bb5f3c27e964675883c7e	1	261245	player	uade	Protracker	0	76314	9cb1200a	f8424a70	MODULES/Modules-T/mod.thump it2
dd71c072b389a3141dedef44439d243b	1	411514	player+silence	uade	Protracker	0	148452	6292dcac	9232d792	MODULES/Modules-F/MOD.FRIENDSHIPRULEZ
dd72d3ddb2deed796f6f8b20c6f0c0d0	1	107645	player	uade	Protracker	0	54990	4dec3af7	b3b23212	MODULES/Modules-I/mod.i am the law
dd8b14684b8dfeba7f79cf9b1c702bfb	1	276597	player	uade	Protracker compatible	0	121376	67f23df9	a78171d1	MODULES/Modules-G/MOD.GUITAR2
dd9c5ebd7a4a90f233bd4dd3bd6bcd15	1	7796	player	uade	Protracker compatible	0	34708	522b799e	c6ddcb37	MODULES/Modules-S/mod.Super-Aktion2
ddc436b22126288a459500a0818eefac	1	201726	player	uade	Protracker	0	72214	ff0053ef	44e8e144	MODULES/Modules-W/MOD.WISH-BRINGER
ddc9207b1ff9746a70d3ee0c293914db	1	242702	player+silence	uade	Protracker	0	112560	f7edab2f	8f6bfd3f	MODULES/Modules-L/MOD.LIQUID-AMBIENCE
ddd35729d13c08ee3239812cdacbf9a8	1	153721	player	uade	Protracker	0	32694	c422c551	5c2dd49e	MODULES/Modules-W/MOD.WRONG MELODY
dde6a11bd1d511b08fc71122509bb270	1	184445	player	uade	Protracker	0	140168	9b5c1929	4889b9cd	MODULES/Modules-V/mod.vogue
de2d407f68c42186ce6586b8fce0b266	1	146045	player	uade	Protracker	0	133924	8668d1e9	28e324c8	MODULES/Modules-R/mod.random waveforms
de3f91d603e30a6e9cdde30568cdefbf	1	159204	player+silence	uade	Noisetracker 1.x	0	146880	8811023b	0b54f8ec	MODULES/Modules-E/MOD.ECSTACY
de6330bc4835fff829e59fc507f82dbb	1	138369	player	uade	Protracker compatible	0	26534	7ff28b63	7fada3ce	MODULES/Modules-S/MOD.short
de63344eac92924b499b3ac88109408c	1	98682	player	uade	Protracker	0	25968	67e26cb7	f7d0052b	MODULES/Modules-Q/MOD.QUARTEX
dea2879bb270ebebdcd2f97e43021d9a	1	85882	player	uade	Protracker	0	49746	edd28eea	373223a6	MODULES/Modules-E/MOD.EMPTY
deba82392e63da8f5350c45f9b688576	1	48125	player	uade	Protracker	0	53064	2da0a13e	ac289a40	MODULES/Modules-I/MOD.INTROTUNE
dec2deb44f60afd9d75157c87d4777d5	1	158081	player	uade	Noisetracker 1.x	0	39040	0642d36a	174f4d12	MODULES/Modules-S/mod.song
decfb343ad887172b7d16235ff97132d	1	279447	player+silence	uade	Protracker	0	111974	9a0539a7	2068e6d3	MODULES/Modules-A/mod.astaroth
dee4d87918b52bedec385d4058a65363	1	253288	player	uade	Protracker	0	166948	a6779cc8	0e2dcb67	MODULES/Modules-W/MOD.WHICH WAY NOW?
dee9368f63d107027e95967ebec8ae24	1	199958	player	uade	Protracker	0	47482	a9803218	7bd9e4bd	MODULES/Modules-J/MOD.Journal
df030625d17bd1e5c8b9dfceac0f98bd	1	146045	player	uade	Noisetracker 1.x	0	56772	ec9fd5c2	58fff981	MODULES/Modules-Q/mod.quantum
df2bbfe52eb724002a3d89554afdb637	1	253569	player	uade	Noisetracker 1.x	0	150336	20a5d427	178273eb	MODULES/Modules-S/mod.silhouette
df4c55740e0b1513d07d72e75d1210f3	1	255016	player	uade	Noisetracker 1.x	0	153998	1ec52b24	628d868d	MODULES/Modules-L/MOD.LIFEINTHEJUNGLE
df6f3fa16627660429a20ecfb27b27e7	1	92915	player	uade	Protracker compatible	0	104666	aa8a7727	ba73a784	MODULES/Modules-C/MOD.consummation
df9506b2ee85eec6d8ee8d604a9351eb	1	181853	player	uade	Protracker	0	238756	59bee3aa	44502003	MODULES/Modules-T/MOD.TALES-2
dfaa7be16e6b87a8796227667c1b074d	1	305131	player	uade	Protracker	0	129420	8dd7fd83	897b98da	MODULES/Modules-C/MOD.CLEAR-A-KILL
dfc2f47e62b6acda493a71c6ebe9d70a	1	209342	player	uade	Protracker	0	227664	c5076d13	743ebc4e	MODULES/Modules-B/mod.batmeat
dfd9dcf01366fb00f6621bff317ea084	1	163190	player+silence	uade	Protracker	0	125894	91d9d3ba	10844eb3	MODULES/Modules-L/mod.liberation
e014408a5d06c7df3bde9711628b7b40	1	246496	player	uade	Protracker	0	106602	d6090893	04e829de	MODULES/Modules-S/MOD.SPACE-VOYAGE
e04520067469b16ede16d692365562f7	1	133245	player	uade	Protracker	0	97680	298c3c1c	7cc7d2de	MODULES/Modules-M/MOD.M.O.N
e04c116b28d42a0fc9b331d593aeb49f	1	119349	player+silence	uade	Noisetracker 1.x	0	122766	6ea09df2	908ba9c9	MODULES/Modules-S/MOD.SHORTHOUSE
e05648226e4aa9215fc45d316057f94e	1	132200	player	uade	Protracker	0	81814	763ec2aa	a429dacd	MODULES/Modules-S/MOD.SPACE-SADNESS
e06748a6af33fca964d5cc073a8b5b85	1	197245	player	uade	Protracker	0	138366	dd941b4e	8ffc206e	MODULES/Modules-O/MOD.ONCE-AGAIN
e0826beddafb00908432afe06560e35f	1	296048	player	uade	Protracker compatible	0	137356	f186d3fc	4c0143f8	MODULES/Modules-P/mod.phantasmagoria
e0827d111f7bc3ab3879ad7ffd301d34	1	219007	player	uade	Protracker	0	196286	45502bac	6037eb6e	MODULES/Modules-F/MOD.FUNDEMENTAL-ROCK
e098c09cdb4f272ccc78bdaced2a321e	1	169093	player	uade	Protracker	0	75044	c89c35b9	3ecb6c3a	MODULES/Modules-W/Mod.Welcome Home
e0c6a21df6537ee2dbd4d49f2cc6dfea	1	238197	player	uade	Noisetracker 1.x	0	58052	ffab7346	ac847cba	MODULES/Modules-S/MOD.SOLUTION
e0df653b58ae9c0b96ba4155be1f5e9c	1	202731	player	uade	Protracker	0	129656	0a206092	139894f8	MODULES/Modules-C/MOD.COMPLEX.HB
e11a1e3f1a03a4c3b1a16907953cb904	1	161397	player	uade	Noisetracker 1.x	0	82460	a3364787	59d36a48	MODULES/Modules-D/MOD.DISCO4
e144ee102d5eea708dac81d29441dc08	1	88347	player+silence	uade	Protracker compatible	0	151646	09942f01	3451576f	MODULES/Modules-G/mod.Go!
e1497865d39fa512d11f4b5d21f7185b	1	215149	player	uade	Protracker	0	124820	a78a0d9d	797dd7df	MODULES/Modules-I/MOD.ILT1
e14e73692c6516973ae166fedf253ae8	1	69224	player	uade	Protracker	0	8402	04ec4e6c	c85a50d6	MODULES/Modules-M/MOD.MORPH-INTRO
e1884583a053e06b3e2486e73cdd17f8	1	150965	player+silence	uade	Protracker compatible	0	78194	7a2ab86e	d7467dd3	MODULES/Modules-S/mod.sound of the realm
e1aea1828ef980382db8d7cb9231bcbe	1	308607	player	uade	Protracker compatible	0	91526	9052f4e8	e8e35b51	MODULES/Modules-M/Mod.MICROWORLD
e1b7c7b1ee35b255a13b1bda37c8fc37	1	84616	player	uade	Protracker	0	54738	e92c4150	487e2c30	MODULES/Modules-S/MOD.SUCK.TECHNO2
e1d1c52b02b4ae255e7c795144ad8dc4	1	300483	player+silence	uade	Protracker	0	226394	896253f8	285bc7dd	MODULES/Modules-A/MOD.ATMOS-JUDGE
e1d241ea45953faa6033ea5fa780226c	1	222845	player	uade	Noisetracker 1.x	0	162762	1edc2ae0	7017dce5	MODULES/Modules-H/MOD.HITME
e1fc3f0961b04c4c7fb6621280b60847	1	253609	player+silence	uade	Noisetracker 1.x	0	106292	d26fcf1f	b045729e	MODULES/Modules-S/mod.smart man
e209c9a65b40db5cfb507ddadf695b9d	1	176909	player	uade	Protracker compatible	0	118592	c5d4411c	fc522dc3	MODULES/Modules-G/MOD.GLADPACK
e2131df504d0ca626ca081624ef96e39	1	115521	player	uade	Protracker compatible	0	214268	53225de1	80a77b8d	MODULES/Modules-C/MOD.CEREBRAL BERES
e24dc461d1108f2a7885df15b229402a	1	138369	player	uade	Protracker	0	130286	f21cfd96	4029c651	MODULES/Modules-S/mod.saigon memories..
e2591fe1ff0e049177114062eb429758	1	220293	player	uade	Noisetracker 1.x	0	87514	72fca6e2	654e31a4	MODULES/Modules-B/MOD.BS1SONG23
e269aba39729e4279dd406ae548364ab	1	286657	player+silence	uade	Protracker compatible	0	81786	df17b298	6ae311ec	MODULES/Modules-H/mod.hard-rockin
e2746a39258d05cf92e26aabaa125fb9	1	202935	player+silence	uade	Protracker compatible	0	133642	45058325	248d1ffe	MODULES/Modules-N/mod.NightFly
e2772137c7fe6eb0856fc63ca96946ea	1	204941	player	uade	Protracker	0	100428	bb94c390	0535adaa	MODULES/Modules-C/mod.children
e27ebea6c98ebb738516a0d06bea3e0c	1	416132	player	uade	Protracker compatible	0	121390	9dcb3f4b	5987deb9	MODULES/Modules-A/mod.apocalypse
e290e93d0f67fadfa30a9a9199ffb5b3	1	76920	player	uade	Protracker	0	113732	57d4335a	70773a80	MODULES/Modules-I/MOD.Ideas
e2b84fb2b324ef24c0f7742be1cc672e	1	238619	player	uade	Protracker compatible	0	111714	f3d92c91	24445214	MODULES/Modules-C/mod.chant
e2cb2b51ff8fb56629f4668a32d2277c	1	192141	player	uade	Noisetracker 1.x	0	50924	68fce7c1	d3c8ffa9	MODULES/Modules-R/MOD.RIPPED
e2eee06984283c2a7993118f824c230b	1	121074	player+silence	uade	Protracker compatible	0	106740	32860b30	e93f1038	MODULES/Modules-M/MOD.MUZAK1
e334bf225e4b2b0dd2b4dc0260733489	1	222845	player	uade	Protracker compatible	0	94734	85d290cc	336b9bba	MODULES/Modules-M/MOD.masqrade
e338495a210cac254bc1d6bb31b9dae1	1	322693	player	uade	Protracker	0	204728	6ddd2f9a	6e2e9c20	MODULES/Modules-H/mod.hardwired
e36bea9893242801b6515377f8003dce	1	284293	player	uade	Noisetracker 1.x	0	99552	51e19784	4420e6a6	MODULES/Modules-S/MOD.SETROX-DANCE
e36e1e162324d63e828a0086e87eb6f8	1	435221	player	uade	Protracker	0	99316	1df589a7	c0976814	MODULES/Modules-C/MOD.chipchop2
e3834e52b2ee0b25ebf30d60db752795	1	138369	player	uade	Protracker	0	84288	d809dc2a	4c08c045	MODULES/Modules-E/MOD.EINSTEINIUM-03
e3ae7f321141fe3e61472da61ed04c52	1	259919	player	uade	Soundtracker II (31 instr.)	0	102162	06cf7f0d	6d35a392	MODULES/Modules-H/mod.helico
e3c3e2f5ef75d0518eb824b7ecafcdfc	1	199797	player	uade	Soundtracker II (15 instr.)	0	83898	0415597c	5d61d5c3	MODULES/Modules-R/mod.raser
e3e6834638f4bccf7db4d457beacc551	1	61568	player	uade	Protracker compatible	0	94756	a2844cfa	7ee4908b	MODULES/Modules-D/mod.deep-storm
e45a6ad8c7e68e414736c73ffad36d39	1	384122	player	uade	Protracker	0	124726	7c57b925	1260c9aa	MODULES/Modules-N/MOD.NEVER-ENDING-STORY
e486d77aabc2a3555b947bae80cd24e2	1	234359	player	uade	Protracker compatible	0	72126	dfd1a1cb	2e62bb2d	MODULES/Modules-L/MOD.leave the brain
e4c3fcebb514d1ac0da01fd495201e87	1	7581	player+silence	uade	Protracker	0	35882	5361a72b	5a01e442	MODULES/Modules-G/MOD.GAMEOVER
e4cce8d0ef743feb76560938345861f2	1	176616	player+silence	uade	Noisetracker 1.x	0	118778	c8c24b96	e725bd06	MODULES/Modules-T/MOD.t0rrfisk
e4e1096787c0c5505ac7ef203017a11a	1	107645	player	uade	Noisetracker 1.x	0	57244	b214d067	ece80e4f	MODULES/Modules-S/MOD.SENSOR
e4eb8461639433cfbc4888a4d643e799	1	194050	player	uade	Protracker	0	148918	b921858e	70610885	MODULES/Modules-C/MOD.COMMET
e5059ada23ab927301cf24e6de264084	1	136440	player	uade	Protracker compatible	0	172108	2e7e2085	7426aeb2	MODULES/Modules-K/mod.keep-bustin
e5135ebab0a68f886df06fe7103cecc8	1	128764	player	uade	Protracker	0	123450	cb7717cd	6587642f	MODULES/Modules-T/MOD.TECKNO-ANGEL2
e52e010ca2470289847a8c588ae8ca80	1	180848	player	uade	Protracker	0	53496	b3fb5faa	c6f6d085	MODULES/Modules-C/MOD.CRAZY-BASS2
e534ce9df85712080d4523492c494943	1	276597	player	uade	Protracker	0	200304	f8b50528	bfc737a4	MODULES/Modules-A/mod.abstraction
e53ca888eaee9c033aa44e9204202506	1	212828	player+silence	uade	Protracker	0	342218	5c3fee47	725ea9e5	MODULES/Modules-P/mod.phantasie
e54df9c4a7709ab90d409de9b57ca00d	1	120862	player+silence	uade	Protracker	0	215338	35d1e2b6	b3846c3a	MODULES/Modules-F/MOD.FEEL-REAL-MEGASHORT
e54f12f0b1f99e65af9db84fa7f41501	1	265103	player	uade	Protracker	0	97170	93e77951	0b718bc0	MODULES/Modules-A/mod.Act-Of-Impulse
e56bde41d1e62512e75bf103e03190bc	1	159809	player	uade	Protracker	0	121042	1098fa49	21cc6319	MODULES/Modules-F/MOD.FUNKY-BEAT
e5ca1f3786054c00d5b57cb3c8165175	1	278526	player	uade	Protracker compatible	0	122918	db1739b3	b58d661e	MODULES/Modules-F/MOD.FREEFALL
e5d49d9025d7ce718eca5ac2345c415a	1	180607	player	uade	Protracker	0	331634	96eb8112	5bf51df5	MODULES/Modules-T/MOD.THIRD ALLERGY
e5db078b3285a50049de53240223d4d8	1	261486	player	uade	Protracker	0	109324	17fa8b05	691b3908	MODULES/Modules-G/MOD.GENO
e5faabea483b4a6fdb6c4882b0938c46	1	313229	player	uade	Protracker	0	136322	74b0398f	01724917	MODULES/Modules-M/mod.mystikal!-vibes
e5faabea483b4a6fdb6c4882b0938c46	2	264520	player
e5faabea483b4a6fdb6c4882b0938c46	3	313108	player
e63829f0dc21b2d0ee8b7467ccef3fe0	1	161397	player	uade	Protracker	0	149036	7e384640	94b05c2d	MODULES/Modules-F/mod.final-sample
e64c7ef8bd935d288ae204f969ac165b	1	106961	player	uade	Protracker	0	145100	72ec87c8	90d738d7	MODULES/Modules-M/mod.meeting with god
e65fe2e66a58c51c944d39b46a8e564e	1	192141	player	uade	Protracker compatible	0	154708	777ca7f0	0878af83	MODULES/Modules?/MOD.38.7-DEGREES
e672823cd087a99d7a5e531d6f6c314e	1	153721	player	uade	Protracker	0	210346	b24233c5	de2a95d9	MODULES/Modules-E/mod.ethnicurdle
e6a84287089317cef4f4b18eaec8ebb6	1	200645	player+silence	uade	Protracker	0	119746	8618a5de	013b2fdf	MODULES/Modules-M/MOD.MANDELDUST
e6ade4d14f66c2f86060b8d0ab2450d5	1	102520	player	uade	Protracker compatible	0	57728	d14bdb59	3d8abe60	MODULES/Modules-S/MOD.SIRIUS3
e6e8da33fc1427af6298b00fa5bbcf4a	1	138369	player	uade	Noisetracker 1.x	0	82872	0575ce7d	1b8abc71	MODULES/Modules-F/MOD.FUNKYDEMO
e6f1c6c096118586da7abb2639d4e9d6	1	46216	player	uade	Noisetracker 1.x	0	11204	470a402a	0d0c4e2f	MODULES/Modules-O/mod.out-of-sight
e6fc04b576c9c6f4b6e2167651defd4e	1	280134	player	uade	Protracker	0	157392	7fc961b5	05afbc4a	MODULES/Modules-M/MOD.MIRAGE-THEME
e731b2a97e87823786448a6fee7056a2	1	61568	player	uade	Protracker	0	54004	d4418e9f	55182a8e	MODULES/Modules-H/MOD.HYMN TO YEZZ
e7845446767e473a7b44b54fbc6d5ff1	1	122997	player	uade	Protracker	0	127690	00a8b9c2	3251263c	MODULES/Modules-W/mod.wet
e7de5af5a5da916bf7f96a31424da98e	1	198531	player	uade	Noisetracker 1.x	0	91034	2e021619	c7cf0a67	MODULES/Modules-S/MOD.SILENTSOLD
e80cd11f91d47b1051257c6fc215df65	1	232993	player	uade	Protracker (vblank)	0	121322	87788afa	c3cd2e7b	MODULES/Modules-F/MOD.FRAME-OF-MIND
e83bebc349bb5f9f925489d2f5aad1de	1	212082	player+silence	uade	Protracker compatible	0	80850	ac92cfa5	6ab5bc29	MODULES/Modules-M/mod.mystery place
e85109c7b7aed95b31c8a11ecf47e3ec	1	222845	player	uade	Protracker	0	92960	b5f4e916	04cb7259	MODULES/Modules-A/MOD.AREYOU
e893d1536f920ac33a3276c0a3210c66	1	204941	player	uade	Noisetracker 1.x	0	62630	6c9b1412	25fa4383	MODULES/Modules-M/MOD.MIKE1
e8dc30e68ee19a74124bfcf0821319b6	1	314722	player+volume	uade	Protracker compatible	0	135754	43682ccc	c58a1851	MODULES/Modules-I/mod.into the groove
e8efc2fc96c24955ada6c25d28987d47	1	196663	player+silence	uade	Protracker	0	174088	6d5abef9	313bdbb5	MODULES/Modules-U/MOD.UNDER-THE-THUMB
e8f1d2c36704f7026992823d59e122ba	1	159197	player+silence	uade	Noisetracker 1.x	0	88510	200fc28f	f4c6af0f	MODULES/Modules-M/MOD.MASTER_BATER
e934c984ad9990906319d3fa26b4bde1	1	120867	player	uade	Protracker	0	119688	6b2e9aaa	34073d89	MODULES/Modules-L/mod.la-vie-est-rose
e97fcbd17d1460a60c96837822dfc573	1	76920	player	uade	Noisetracker 1.x	0	124612	1d812125	3654a09c	MODULES/Modules-D/mod.drummy
e9b1e8ce683b5b58e9cd332ec60c7379	1	188544	player	uade	Protracker	0	155056	9c77ca06	080b03be	MODULES/Modules-X/mod.XTC part 14
e9c539e2228bd6058b04ce5e567225e0	1	204941	player	uade	Protracker compatible	0	117862	584f32c0	a03e9a9b	MODULES/Modules-F/mod.fly-away
e9ebd5146050a11f1c757e68b489be44	1	224593	player	uade	Protracker	0	155770	d037c0c3	ed8b9af3	MODULES/Modules-M/mod.MagicMoments
e9f75c8dc20566815381972bae70d610	1	275994	player	uade	Protracker	0	96546	3ecc5982	1a1b2424	MODULES/Modules-E/MOD.ECSTATIC
ea119ef12f7cad9ff6108a16135617cb	1	142604	player+silence	uade	Protracker compatible	0	40504	77e906ea	ce754549	MODULES/Modules-W/MOD.WATERFALL
ea3c91c7147e18cd507c8e6d17ca6cc9	1	0	nosound	ft2play	Fasttracker (M.K.)	4	215536	c97a95d5	4b2bf2c3	MODULES/Modules-R/MOD.rsi-hard
ea680c541bd62a4b7b3c10f9ddaecc9e	1	188323	player	uade	Protracker	0	104666	6ac21835	a6b800d9	MODULES/Modules?/mod.100yarddash
ea83e2e593906fe5564667a807d2e7ed	1	176769	player	uade	Protracker compatible	0	198634	ea8b364a	89cb2041	MODULES/Modules?/mod.64-mix-ii
ea8d92ec8bfc1fa5f38a6ea141981f79	1	417880	player	uade	Protracker	0	193112	0abea53b	b51ee8fd	MODULES/Modules-V/MOD.VAPOUR-HIGHWAY
ea952cabf8afe5d82e16f30f782d2ff5	1	161397	player	uade	Protracker compatible	0	284728	aa1cdc17	f31cd863	GAMES/MEGABALL2.0/MEGABALL.MUSIC
eacf75bf63085b521473eed8b4a9065d	1	307321	player	uade	Protracker compatible	0	135656	da77912b	025fdf94	MODULES/Modules-K/MOD.kefrens.tune.1
eb1fa76999ab94538d9ede2e35e2225b	1	99968	player	uade	Protracker	0	20750	2d17016b	2f5ab7d2	MODULES/Modules-S/MOD.SIT-A_SHORTUNE
eb5af08863bbc0b09222e94fc02d618c	1	213082	player+volume	uade	Protracker	0	170778	35cdae04	136b2e19	MODULES/Modules-C/MOD.CHARISMOFDARK
eb81c9e29ff97b823c2724dcb465fd6e	1	199387	player+silence	uade	Startrekker (4ch)	0	207052	17dd81a6	d81c466d	MODULES/Modules-I/MOD.I-DONT-WANNA-FREAK
eba7b98c292a4a62b3dc32ed1470dd18	1	394310	player+silence	uade	Protracker compatible	0	161320	b0dcf2b7	8e568ec5	MODULES/Modules-L/mod.Luna-Waves
ebb8241bde53e04ae5edd23fb891470e	1	272518	player	uade	Noisetracker 1.x	0	113320	231c1ecf	7ee3796c	MODULES/Modules-F/MOD.FORGOTTENKINGDOM
ebe61231cd2fcafb60b9545844b20058	1	335051	player	uade	Noisetracker 1.x	0	95528	73aa557c	181c951b	MODULES/Modules-T/MOD.TOCCATA MIX
ebf544bddfba200004b068de09560227	1	208697	player+silence	uade	Protracker	0	101100	4d168a7c	8e74d450	MODULES/Modules-N/mod.niagra
ec234d96a319fc4926b9b1710e107b0e	1	155007	player	uade	Protracker compatible	0	78164	d61055df	6fee4452	MODULES/Modules-H/mod.Hows-It-Hanging
ec324e8975392411464eae5ad66338d1	1	204941	player	uade	Soundtracker II (15 instr.)	0	77576	e814e2fe	93eef55f	MODULES/Modules-C/mod.crocketts-theme
ec435da07ccefea7f0b09fdb887543a9	1	198056	player+silence	uade	Protracker	0	317680	7f736947	65bc6d0c	MODULES/Modules-R/MOD.REAL-MOTIVATION
ec593989417ca2dfb2563ea58b3ae133	1	143493	player	uade	Noisetracker 1.x	0	60328	3c86bf76	333a889d	MODULES/Modules-W/MOD.WOTROCK-ON
ec640fccf7557733be4bcf33ff3083a2	1	115321	player	uade	Protracker	0	200036	21fd0244	4bacb314	MODULES/Modules-B/MOD.BEACON OUT FAR
ecd03b9bd94b98538d58e93685b31a92	1	207493	player	uade	Noisetracker 1.x	0	118080	cb4a44a6	97ac5489	MODULES/Modules-W/MOD.WITCHFINDER
ecf74a808559f97ee725128f87898630	1	199797	player	uade	Protracker	0	155768	9df5ceb3	b470a3a6	MODULES/Modules-A/MOD.ACIDIC-LAMPSHADE
ed203bb5ece6aa68b4bcbee082209a89	1	215149	player	uade	Noisetracker 1.x	0	99400	d2ae30ef	8cefc5a4	MODULES/Modules-R/MOD.ROBOTRON
ed37791f8df2d386768b78ef472c144a	1	130693	player	uade	Noisetracker 1.x	0	103506	701cf209	d59cf78b	MODULES/Modules-W/mod.wasteland
ed535f0d76100d8d82f31894c70a009a	1	169093	player	uade	Noisetracker 1.x	0	85280	b0da48ec	e31d4fcc	MODULES/Modules-S/mod.savage3
ed633b29211f8eb948327734d25d922f	1	53872	player	uade	Protracker	0	26000	1abd84e2	1ab68f7e	MODULES/Modules-A/MOD.ARCADIAN
ed6eff83d51032285dd8774365ab3473	1	230541	player	uade	Protracker	0	99856	39975212	a08805d0	MODULES/Modules-O/MOD.OZONEWILDWALK
ed769660dfe61abb36718e9a1b97fabb	1	215149	player	uade	Protracker compatible	0	99806	3e7732f7	f1f2d3ee	MODULES/Modules-T/MOD.TITLE
edc93d4112f297b6777365ea7a6d2bdb	1	169093	player	uade	Protracker	0	161352	8fdef0a2	c51f7437	MODULES/Modules-D/mod.dawn
edcd30372ab8a1e877c1485f89e607d0	1	159689	player	uade	Protracker	0	147306	15f5f004	5be308d4	MODULES/Modules-M/MOD.MEGA-FUNK-SHOW
edf0e9193d47b1294b514ad4a571bac8	1	215149	player	uade	Noisetracker 1.x	0	92422	065782f1	7c32f349	MODULES/Modules-E/MOD.EINSTEIN-B4
ee03fbf531af743dde225475382b6d13	1	107645	player	uade	Noisetracker 1.x	0	113738	552a4aa8	c1e289f1	MODULES/Modules-H/MOD.HARRY
ee359bc8698a03667c49dc0149f15cb1	1	236288	player	uade	Protracker	0	111140	c0f814fc	3fe90a37	MODULES/Modules-I/Mod.Inside n Out
ee3aa437ab718450e671b9bd5d2f95dd	1	97417	player	uade	Protracker	0	55816	1dac12ff	a089ee83	MODULES/Modules-T/MOD.TEST1
ee3aa437ab718450e671b9bd5d2f95dd	2	130693	player
ee691f3e634b0bd83d43c559f908f695	1	92272	player	uade	Noisetracker 1.x	0	63476	7e325252	aef4247b	MODULES/Modules-D/mod.delta2
ee8cf3ef8a18c93f5e7001ed231e4451	1	153721	player	uade	Protracker	0	119272	32e52a43	86c23ecd	MODULES/Modules-F/mod.front-samples
ee93d387eefa7d837dea0c68ef767c45	1	84616	player	uade	Noisetracker 1.x	0	57892	97c1cdee	68bc1389	MODULES/Modules-T/mod.tonalec
eec1205955c384d47b95168aa69f22c0	1	316906	player	uade	Protracker	0	185016	532e7845	8731e451	MODULES/Modules-I/MOD.IM_ALRIGHT
eee210a5a4e7d91666c89fa59f90d732	1	172509	player	uade	Protracker compatible	0	142310	6bd771fe	c8457216	MODULES/Modules-D/MOD.DIZKOR
eee9e41d0f1338cfa086e1b762a80039	1	146045	player	uade	Protracker compatible	0	141372	42f48177	07d05d36	MODULES/Modules-R/mod.rocketup
ef30124d64b66711b164e161467a9013	1	76920	player	uade	Protracker compatible	0	59224	771cd2cf	3bb2c4da	MODULES/Modules-D/mod.dgintro
ef59cd04c81697f6695bc75cbbc565a0	1	184445	player	uade	Soundtracker II (15 instr.)	0	80768	b4f25e59	0acc4e88	MODULES/Modules-D/mod.DRAGNET
ef7473e92ac44e20962c35ff76b5bc10	1	170379	player	uade	Protracker	0	127840	1f94e8fd	a0a56df1	MODULES/Modules-D/MOD.DarkSideOfTheMoon
ef858e0e18a7e6b58766088d538c27fd	1	245371	player	uade	Protracker compatible	0	106500	f7a9808d	c969b616	MODULES/Modules-B/MOD.BEYONDAGES
efa2239e9ba25ad6c4eb7b62265ae686	1	163969	player	uade	Protracker	0	39918	e5731928	d76d351c	MODULES/Modules-K/mod.khaos
efa92ea36d5c34ee7c883b71ecd0449c	1	76920	player	uade	Protracker compatible	0	104264	cd335cbb	a3c9a7cf	MODULES/Modules-C/MOD.CRUELTYOFHOUSE
efbef5f794ee4bab489882566380fa96	1	174699	player	uade	Protracker	0	127506	f54e8a71	31187eab	MODULES/Modules-S/mod.small-dabble-t-110a
f002b4125b1e5a312478d33fb7f535b4	1	172931	player	uade	Protracker compatible	0	53878	236a1a1c	86cffe85	MODULES/Modules-H/Mod.Hop-Hipparen
f00729a72920ce43cc70b9c25bbc6f35	1	276863	player+silence	uade	Protracker	0	186394	219b4a9c	fdf31f08	MODULES/Modules-W/MOD.WATERII
f04557d05e0509561513bb7e2ac73cd8	1	311621	player	uade	Protracker	0	151702	ba3cc3e9	8b80d7fe	MODULES/Modules-B/MOD.BRIDGETOTHE
f0708d254b1d6b214246783add5418d8	1	169093	player	uade	Noisetracker 1.x	0	95230	9a4606b9	f7d474ff	MODULES/Modules-B/mod.Bird-II
f07182ff1e7a947fbcc184815c4dfd05	1	46216	player	uade	Protracker	0	16872	ca7159b8	ffe57b78	MODULES/Modules-S/mod.Spud2
f0c614bc55a8999f61d795d8d0dc0d7f	1	255498	player	uade	Protracker	0	84090	1d734962	956a2814	MODULES/Modules-S/MOD.STORM
f0cd5c8046f55ef258e3fb04b8cde6e3	1	199797	player	uade	Protracker compatible	0	118236	e47fb04d	0dd86dd5	MODULES/Modules-E/mod.elektrik faith
f118036fd1fec80424a02ae9e6c31508	1	153721	player	uade	Noisetracker 1.x	0	54398	3468998c	eef50f7a	MODULES/Modules-M/MOD.MAGICROCK
f11d2726dd361e305fb5d965b5c13bee	1	327971	player+volume	uade	Protracker compatible	0	137772	3457cbef	5aed64b4	MODULES/Modules-M/MOD.MAGIC-BUS
f128475bebe34f88d4ab289392808767	1	270996	player+silence	uade	Protracker (vblank)	0	222616	b4d609e3	f46cd9b2	MODULES/Modules-E/mod.erotic malfunction
f156e247a3cc55b7251ab52bc5bfa1f2	1	89720	player	uade	Protracker compatible	0	38408	92a19c4d	41180834	MODULES/Modules-D/mod.Dying
f1726e2cb1155194ec2a81d5197ad25e	1	283489	player	uade	Noisetracker 1.x	0	168296	ff19382b	a0bc0eab	MODULES/Modules-T/MOD.THEADVENTURER
f1adb39f2419f5281e4b308494859e8e	1	176769	player	uade	Protracker	0	172718	6d070572	8fd88e0f	MODULES/Modules-S/mod.sadness-dawns
f1b887b3f607e02cd6825c319191b9aa	1	120123	player	uade	Protracker	0	136660	77db1344	a240b9b9	MODULES/Modules-O/mod.Odyssey 3
f1c68485731efa3b2a77d01449a72937	1	306055	player	uade	Protracker compatible	0	157500	a7a0281b	e35e094e	MODULES/Modules-B/MOD.BEATN
f1ca8093de2cc49255d0c8c74ab2c4f5	1	268921	player	uade	Noisetracker 1.x	0	151152	2cde5498	d7522a8f	MODULES/Modules-J/MOD.JOHANSEN
f2193f6fea232241b83c38b9a69fa4e6	1	306075	player	uade	Protracker	0	186796	ab236ede	1452b5fe	MODULES/Modules-P/mod.power guardian
f21a6cefe7deaa014a8782d535d24765	1	44910	player	uade	Noisetracker 1.x	0	51320	41fcb360	7a7a5877	MODULES/Modules-F/mod.fairlight
f23435c497a00bc64a3d03b2934fd51f	1	309337	player+volume	uade	Noisetracker 1.x	0	111868	c8e0da71	618ca0f5	MODULES/Modules-R/mod.rippedbydoc
f23591e54a333f2be5733975cc1ccc5c	1	107645	player	uade	Protracker compatible	0	99702	e12903f0	37a36ca5	MODULES/Modules-B/MOD.BASELINE SQUAD
f23f68a5dc926b7d321514202d6c4e6f	1	161397	player	uade	Noisetracker 1.x	0	60080	abf6fd74	170d84c7	MODULES/Modules-F/mod.funky power
f263df5072e0ecdac6bd190873be3717	1	176769	player	uade	Protracker	0	76570	ddcd646e	f81f8aa4	MODULES/Modules-X/mod.XTC part 8
f278a41f1d62e38033227907ef1d11b9	1	107645	player	uade	Noisetracker 1.x	0	73424	22476fcf	5ddb934f	MODULES/Modules-S/MOD.SUPER.AKTION4
f278dfb6a4b7e2f63da3c1f65f40a651	1	226683	player	uade	Protracker compatible	0	89186	28df8504	cea92b39	MODULES/Modules-T/MOD.THE-LOST-CHORDS
f29022d5eee6a64c86c1ee0c12989ffc	1	361073	player	uade	Noisetracker 1.x	0	135454	a382da9a	2e80db4c	MODULES/Modules-H/MOD.HOT BLOOD PLUS
f2a5a3f61ec8b00a2f15b99a187589e8	1	142066	player	uade	Noisetracker 1.x	0	86024	65720bd8	26088501	MODULES/Modules-G/MOD.GLUE J
f2dec2b70505255c17f46d35ee9ed875	1	169093	player	uade	Protracker	0	264220	946a9d6a	0da80989	MODULES/Modules-R/mod.realm of fairlight
f325dc4409e9bbf5608ab67b24a8ea41	1	115321	player	uade	Protracker compatible	0	75232	c7354cfb	c28b536d	MODULES/Modules-E/mod.Energy
f32f151a772230c534d2f1c1182652bc	1	30824	player	uade	Protracker	0	14264	70390e1a	a4707da0	MODULES/Modules-W/mod.waveformtest
f36fd6c8e968ad8fc14fa202fb0cf275	1	134531	player	uade	Noisetracker 1.x	0	56848	9f0b854d	45326fe1	MODULES/Modules-A/mod.aces-high2
f38c5cffe7b12d4efbf1805a6ff701cb	1	286845	player	uade	Protracker compatible	0	118014	4c3f3e63	fe315427	MODULES/Modules-R/MOD.Regaepop
f4b900ca9356de1318a9c9dce5394596	1	82044	player	uade	Protracker compatible	0	85956	808ab65c	18f96a45	MODULES/Modules-B/mod.Balad
f4be06227651e41537eb43392513d04f	1	255048	player+silence	uade	Protracker	0	122360	6baa0a82	5106e729	MODULES/Modules-C/mod.camakarzie run
f4f49b97294049562e298a217e88d51b	1	88434	player	uade	Noisetracker 1.x	0	55254	2f0c9cc7	e9cd3d27	MODULES/Modules-C/MOD.CRACKUK
f4f56a7152f9222637fba920a3bd432f	1	306055	player	uade	Noisetracker 1.x	0	205196	f93c76b9	7e17d00b	MODULES/Modules-M/MOD.MAD MONKS TUNE
f56e6837f71e67ba3bc79c825f8e43c9	1	145251	player+silence	uade	Protracker compatible	0	111654	dac02ff7	f9fbb70b	MODULES/Modules-S/MOD.SINE-MAGIC.2.3
f5d153f34d893dcbe944843959350bfa	1	115321	player	uade	Protracker compatible	0	66734	ec403775	859062d4	MODULES/Modules-B/mod.BubbleGhost
f5e8382528018f43d40de54b18d81d0d	1	199797	player	uade	Noisetracker 1.x	0	118238	e44e1498	18f0c499	MODULES/Modules-P/MOD.POWER_ROGUE
f5ffdb096b5ac91fe9ba3ca3783ce9f6	1	30824	player	uade	Protracker	0	78932	f0deee2e	2aa448da	MODULES/Modules-F/mod.fanfare 4 bass
f60aed2d0ddef0ad5f06efdd9802f4e7	1	136882	player	uade	Protracker	0	316662	40420693	ce88b025	MODULES/Modules-W/mod.whispering silence
f638d2c8a1d78653c2efc6abd9133d4f	1	215149	player	uade	Protracker compatible	0	56930	f6e1e87d	09e1967b	MODULES/Modules-A/mod.axis
f67be230f269cfcc72f87c965109de9c	1	82044	player	uade	Protracker	0	13232	d5b67de0	1d0a424a	MODULES/Modules-P/MOD.PURPLE-SHADES
f6c6909fd061ceaa4bb95b98fd3c0a22	1	199797	player	uade	Protracker	0	58220	5a7dfb5f	56ab72d9	MODULES/Modules-C/MOD.CRACK
f6e5fcaadb3680a001215fb657bab6f3	1	169093	player	uade	Noisetracker 1.x	0	48692	6407ec7d	3d2ba288	MODULES/Modules-M/MOD.MODUL
f6fbc28208bafbc86891184d8fde99ab	1	199797	player	uade	Soundtracker II (15 instr.)	0	110038	1d8d9bbb	5290f070	MODULES/Modules-N/mod.NeverEndingLove
f6fbc28208bafbc86891184d8fde99ab	2	184445	player
f7117b788247324e368eda9f375973eb	1	161397	player	uade	Protracker	0	51176	f48c42de	a79fed82	MODULES/Modules-S/MOD.STREF
f726ab7b8fbe1f4aaf33c365477b9359	1	280536	player	uade	Protracker	0	114170	49803895	688ee15b	MODULES/Modules-I/MOD.INOCENT
f7453087039dca1f57981b0dc8d625c8	1	103885	player+silence	uade	Protracker compatible	0	173744	e952c454	f1da54a9	MODULES/Modules-F/MOD.FuckAcid
f7732439f1013ca3da4052a514cce52a	1	153721	player	uade	Protracker compatible	0	151448	9f3256ac	afe14e01	MODULES/Modules-U/mod.Utterly Weird
f7865455d1e2ae9690a5d0a6b677a8da	1	69224	player	uade	Protracker	0	37362	81f50322	b8ce04c3	MODULES/Modules-M/mod.megapopp
f7af01dc64e16e9d6967843d3f13e07d	1	46216	player	uade	Protracker compatible	0	66336	d8494583	9b45509c	MODULES/Modules-D/MOD.DEFFGAM
f7ff3b49db439688c022ffd501b7ef30	1	169093	player	uade	Noisetracker 1.x	0	91504	faa950bb	cb1fffce	MODULES/Modules-N/MOD.NIGHTFALL2
f817bfa783be7e7758405884dbd617e9	1	245893	player	uade	Protracker	0	224256	b304061b	a930a82b	MODULES/Modules-I/MOD.ILLUSION
f81c04d6780ce9f2f7ce9424b9190510	1	171544	player	uade	Protracker	0	174798	1c40c47d	745277a8	MODULES/Modules-J/mod.joes#03
f82b016a8151155081eaf1dc30b75dfd	1	230541	player	uade	Noisetracker 1.x	0	106666	a33253e2	ed6ef52e	MODULES/Modules-N/MOD.NORTHSTAR-TITAN
f832fec308f426fcbb3b690075375131	1	257005	player	uade	Protracker	0	290780	7cd5f4dc	3629b534	MODULES/Modules-A/mod.acess.high(nhp-bkh)
f83cddb3d912d0444ca36670b5fb04ec	1	117872	player	uade	Protracker	0	68266	e7009d47	cc2b0172	MODULES/Modules-L/mod.LIOTHS
f85146ae5ec118b344c2d1839ed5593a	1	476969	player+silence	uade	Protracker	0	121858	da4067e2	c85250e3	MODULES/Modules-B/MOD.BLOWOUT
f86290f7ae561c8f4c72b39e0d73336b	1	442696	player	uade	Protracker	0	163246	80c4a67e	1829dc56	MODULES/Modules-G/MOD.GUARDIAN DRAGON
f8a70b22cbff9b68265a171316f29db7	1	56123	player	uade	Noisetracker 1.x	0	47254	16a1c270	f469da5a	MODULES/Modules-L/MOD.LOADERMUSIC
f8bbd4fae8995bf19ae5458efebdc062	1	309363	player+volume	uade	Protracker	0	111868	b519202f	1215681f	MODULES/Modules-T/MOD.TSF
f940e2fa5d40351a76900c42cf6003fc	1	290060	player	uade	Protracker	0	121024	1d239d0c	0aab11f0	MODULES/Modules?/mod.( alcoholic score )
f96028edfab016b31069fd0cf36956af	1	242011	player+silence	uade	OctaMED MMD0	0	67476	7fc0fa87	89b5d191	GAMES/TANKHUNTER/TankHunter.song
f97fb8dd8ceb3d45d19d558a52e71e7c	1	138504	player+silence	uade	Protracker	0	56440	31021d96	4b8b12e3	MODULES/Modules-A/mod.anthem
f9808970107c7afcc955719575800e5e	1	146045	player	uade	Protracker	0	71694	961eca78	a81544e5	MODULES/Modules-B/MOD.BackgroundNoises
f99d49e0885b1170d932f59a7cd3387d	1	163969	player	uade	Protracker compatible	0	48710	6e330fbf	004b57cc	MODULES/Modules-L/mod.laidback3
f9a44cd508a7f4e8b2d780819ea3cc10	1	299645	player	uade	Protracker compatible	0	140650	b6a8b63f	cfb88a59	MODULES/Modules-P/mod.poseidon
f9a84ddc1372273c92885d16dea58365	1	53872	player	uade	Noisetracker 1.x	0	50882	d6679aa5	806c69bb	MODULES/Modules-J/mod.Jest
f9b99cb65802a3247f71b54d06cc3f21	1	143175	player+silence	uade	Protracker compatible	0	82004	5070a902	84320d00	MODULES/Modules-R/mod.raa
f9cf24800fbd3434150f861c7a2f73f6	1	154297	player+volume	uade	Noisetracker 1.x	0	86158	3625bef4	8ec59141	MODULES/Modules-A/mod.alf by trash
f9d9fa8cfb788a3bae124775031253c6	1	250519	player+silence	uade	Noisetracker 1.x	0	77794	9f411859	14c9c4e5	MODULES/Modules-D/mod.dark-water
fa1fc8a2a1c692db7a90c28644958c12	1	315017	player	uade	Noisetracker 1.x	0	97428	4641cb4d	a5eaa141	MODULES/Modules-W/MOD.WEEKEND
fa662c4a9f5a2dea25d4530b225d5893	1	128121	player	uade	Protracker	0	175880	81b23769	d3d7addf	MODULES/Modules-S/mod.satan on speed #02
fa6f00fbfac121bcc51693c940d6f8e2	1	33416	player	uade	Protracker	0	19684	2bb7f427	debac404	MODULES/Modules-C/MOD.CIRCUS IN TOWN
fabd46c3c04e23a9bf956c7b34316382	1	427150	player+silence	uade	Protracker	0	136062	c8cfbfab	dc108a03	MODULES/Modules-T/MOD.THOUGHTSOFSOUL
fad5ff304bb401fade1bd60ce07e3cf1	1	226557	player+silence	uade	Soundtracker II (31 instr.)	0	109710	c7f296c4	7061f0ba	MODULES/Modules-T/mod.the last sun
fade5d4240bae8795f63516af2ad72a4	1	46216	player	uade	Noisetracker 1.x	0	40956	7f084bdd	cc5ba813	MODULES/Modules-P/MOD.POLKAGRISEN
faeeb20eb5fa13bdd33a2a4eb0334ce2	1	199585	player+silence	uade	Protracker	0	214198	ae194146	d4241d06	MODULES/Modules-M/mod.man-tip90
fafcab6c940a44cbda8e30bb04d17b47	1	301607	player+silence	uade	Protracker compatible	0	178226	c2ceb605	4f827671	MODULES/Modules-B/MOD.BLUE_STARS
fb15bb2b8d64ff196b3d784523f2bd7a	1	146045	player	uade	Noisetracker 1.x	0	55862	deafde08	b313c0d3	MODULES/Modules-T/MOD.TENNIS
fb328ea3b347d699f5924eed2825e8c7	1	155650	player	uade	Protracker	0	134706	914c3697	18c0569f	MODULES/Modules-J/mod.juicy fruit
fb5c80faa6a8ccff93a18a16b9b87ba1	1	142187	player	uade	Protracker	0	98540	14abe8cf	49000f70	MODULES/Modules-W/mod.Warning_Infected!
fb8a6e4709f5982aef9ecec070bcf7d4	1	138369	player	uade	Protracker compatible	0	182246	81304d82	661c133b	MODULES/Modules-T/mod.tech-tech
fb8ad9c69fdf2b282f49d0bd5089a35c	1	161397	player	uade	Protracker	0	102244	ab8865b1	221383fe	MODULES/Modules-D/MOD.DEFEATTHEBEAT
fb9eb9da966b874e5528a30be820ff18	1	359064	player	uade	Protracker	0	109504	384efd6f	df4cb102	MODULES/Modules-R/MOD.RYTHUMN
fba5f42461ddafc5ce74541a9281c8cc	1	76920	player	uade	Protracker compatible	0	176152	1a8a42ef	2d4ed069	MODULES/Modules-I/mod.insanity dance
fbb2805ab84774b1fc048d243d4623f2	1	230541	player	uade	Protracker	0	161130	7a9fb8e6	7c6c6ccf	MODULES/Modules-H/MOD.HIGHLANDS
fc435b31d7718c6896d3784284444f86	1	153721	player	uade	Protracker	0	94750	4f645d9a	c6b8f167	MODULES/Modules-C/MOD.CONFUCE
fc522418e44c6f631fa11d9da5160093	1	92272	player	uade	Noisetracker 1.x	0	81400	eb44dc63	571a8858	MODULES/Modules-J/MOD.JUDGE12
fc56490e1e916a6f93bd90ada00dde9a	1	158945	player+silence	uade	Protracker compatible	0	165006	09c003aa	2bb5982b	MODULES/Modules-D/MOD.DISCOMIX
fc5dac1fb779448880590572b01666c0	1	146045	player	uade	Noisetracker 1.x	0	35852	59079fa2	e734b5fb	MODULES/Modules-E/MOD.EXIVREMIX
fc6e9b2c7473057eb81862a751360149	1	96130	player	uade	Noisetracker 1.x	0	57076	0ce6d1ee	5855e81f	MODULES/Modules-A/MOD.ALIVE
fc98796069b5b8e9bbe0ecb06e7cc1be	1	245893	player	uade	Protracker	0	65378	bf26049e	251f280e	MODULES/Modules-L/MOD.LIQUIDITY
fca869285674894e9b8e46d947439072	1	46216	player	uade	Protracker	0	119966	61d1ea20	e0b2e813	MODULES/Modules-H/mod.horrorealization
fcb16e38e81938991106a049d4fca5f3	1	230541	player	uade	Protracker	0	95712	ed2d6887	e7b25294	MODULES/Modules-S/mod.Symbiaht
fd14b79e2e776d43fa8c4f7dea7ab0c1	1	107645	player	uade	Protracker	0	145732	35f2dc05	2fba1e06	MODULES/Modules-A/MOD.ACID-PANIC
fd6ee7520d6406649f89b52f6caa3216	1	327104	player+silence	uade	Noisetracker 1.x	0	139384	53f8e822	93a07ace	MODULES/Modules-B/mod.battle cry
fd9fe7b5323f64d88516e9e89afb87a2	1	192141	player	uade	Protracker	0	137602	fddee217	3d3d11cb	MODULES/Modules-C/mod.crockett's remix
fdc0aca0aab01ddb0283e981bea8cea4	1	212874	player+silence	uade	Noisetracker 1.x	0	52096	be3bc4df	f43d1809	MODULES/Modules-M/mod.muzak
fe021168d2f93dbecac1c0e368ea7389	1	107645	player	uade	Protracker	0	18114	c97e2a50	6e26d5c6	MODULES/Modules-S/MOD.STARWORX
fe0de790da58441b93979f2c44a6a0ea	1	61568	player	uade	Protracker compatible	0	15960	9ce33998	0a31688e	MODULES/Modules-M/MOD.MONDAY
fe776bda279227e4f783a800197a7bed	1	921606	player+silence	uade	Protracker	0	148490	08034fc0	44dab7a5	MODULES/Modules-N/MOD.NEODRINK
fe7f726e60afdaa6c1922a4ae1c759ba	1	256141	player	uade	Protracker compatible	0	105336	f29afce0	1150aaa1	MODULES/Modules-B/MOD.BEAT
fe94d96aecfe4e1d201d294bddf20163	1	53872	player	uade	Protracker	0	15662	bf68942d	e1c7eb8f	MODULES/Modules-T/MOD.THRICE NAY!
fecc7185fc17c4d01d48638175175a30	1	193407	player	uade	Soundtracker II (31 instr.)	0	140690	a8278c01	f15b3382	MODULES/Modules-M/MOD.MOONCHILD
fee724ca2b81713d1c4f9c27be8d2b7a	1	473505	player+silence	uade	Protracker	0	189866	cabddc33	16953a94	MODULES/Modules-T/mod.the-sweat-shop
feec36576531deb0791ae033a66d71b6	1	180607	player	uade	Protracker	0	80476	3e8ba979	0ab8c45f	MODULES/Modules-S/mod.second elegy
fef8629d4e0665481e6a089aaf77bef8	1	188283	player	uade	Protracker	0	84750	7357ee9e	ff2458ee	MODULES/Modules-R/MOD.RAFMAG2
fef8629d4e0665481e6a089aaf77bef8	2	188283	player
fef9292c0e4c729bf52da8a2df5185de	1	179321	player	uade	Noisetracker 1.x	0	130934	f7f3081c	0dd47676	MODULES/Modules-K/mod.kasmali
ff2be2493f82149b4cabc2d7730934ec	1	169093	player	uade	Protracker	0	140514	72064cfa	42a8b3d4	MODULES/Modules-W/mod.waiting-4-u
ff38c764090ca78155bfc9d753db933e	1	189870	player	uade	Protracker	0	107830	2ff7b111	dc6e0c7c	MODULES/Modules-D/MOD.DarkSanity!
ff3bf9dd9e5ffc86c8a4166a4031a782	1	159902	player+silence	uade	Protracker	0	162876	841c5053	0307100e	MODULES/Modules-R/mod.return of the judge
ff59a933f4b1c5baac73deffa597d554	1	151350	player	uade	Protracker	0	175074	9cadafd7	75b7c6f1	MODULES/Modules-F/mod.flower power
ff6f08bc19d6886590d4a41fb9a643d2	1	128121	player	uade	Protracker compatible	0	123742	be9524ae	69a8bfe4	MODULES/Modules-F/MOD.FREEZING
ffa76335f0549b6164fdd69e72122880	1	531011	player	uade	Protracker compatible	0	107616	53c4d49f	dd60a8dd	MODULES/Modules-F/mod.Fields Of Green
ffc5e8625438c7b5b33d2ed2241bd206	1	439361	player	uade	Protracker	0	199870	692aa175	5ddafb60	MODULES/Modules-O/mod.overload
ffdca8b2d511e169f013aff340354d95	1	245893	player	uade	Protracker compatible	0	94596	d61d296b	6a5aa6e4	MODULES/Modules-T/mod.The-Lonely
ffe39fab235c602df87e542982b9f667	1	134048	player	uade	Protracker	0	144784	444a0c4c	d92625db	MODULES/Modules-X/mod.XTC part 1
