0024dbceb7959fc5a5f7a39c31d1d91a	1	100732	player	uade	Protracker	0	255876	399245f1	cd7ef217	Scene-Events/The-Party-95/Modules/4-Channel/mod.47th street
00778f7e4b09b6fd6848a5ea1a8697c6	1	11654	player	uade	Protracker	0	5518	1e98b93d	3a2548fe	Sound/Modules/Chip-Tunes/M/mod.## microtune 5 ##
00778f7e4b09b6fd6848a5ea1a8697c6	1	11654	player	uade	Protracker	0	5518	1e98b93d	3a2548fe	Sound/Modules/ExTend/I-P/mod.## microtune 5 ##
0096e16814f816ee0bad1428c702faa1	1	459897	player	st3play	Scream Tracker 3.03 (GUS)	14	204870	9ed79fbe	6eb9077e	Scene-Events/The-Party-95/Modules/Multi-Channel/S3M.Clandestine
00e5f9e34ce05a0fc2ca8ee29846c92b	1	252806	player	uade	Protracker	0	125138	d30bffbf	a9f4c703	Sound/Modules/ExTend/A-H/mod.## detersive ##
0118680eb39caf960225f234702d4ea6	1	219328	player	uade	Protracker	0	199746	a042a492	bef5de91	Scene-Events/The-Party-95/Modules/4-Channel/mod.sl.energy (partyv.)
013d268e083aad520afe5d9a4e6edf0a	1	233555	player	uade	Protracker	0	764864	835b2afb	a06ff354	Scene-Events/The-Party-95/Modules/4-Channel/mod.fucking tv network!
017c48316bace74294e713ae08bad66d	1	426037	player+silence	uade	Protracker	0	162424	d5c13c05	9ef13d1a	Sound/Modules/ExTend/A-H/mod.## confusion ##
018a96d7b27ed493eba46c1d5b593fa8	1	51421	player	uade	Protracker	0	14280	ca4ec240	f5d245bd	Sound/Modules/Chip-Tunes/Z/mod.zip40
018ac60bf27dea27e8b78387946198cd	1	218665	player	uade	Protracker	0	14966	69094f72	688c2842	Sound/Modules/Chip-Tunes/S/mod.sinister-waveforms
01d9d6f173f2ec20ad74426a05e6be96	1	172081	player+silence	uade	Protracker	0	251238	60e91d8a	e6fe1854	Sound/Modules/RaveBuster/BreakBeat/mod.african-jungel
021de04cf6f388104a228f60c9f97f00	1	198350	player	uade	Protracker	0	229342	89c65ee8	e35c43d0	Sound/Modules/ExTend/I-P/mod.## insurrection ##
022094225ef0db2efb7f8d0a6c18e78a	1	114497	player	uade	Protracker	0	89754	c9a52019	160d6af6	Sound/Modules/South-Sealand/mod.only_got_sinalco_co
0277f72f3ff4ba6905008e9a68b4d6c2	1	147974	player	uade	Protracker	0	21832	2573f43f	f0a8d755	Sound/Modules/Chip-Tunes/S/mod.something enchanted
028344ff9b2eb32285ffaac5462770f1	1	28292	player	uade	Protracker	0	30806	9d3ff287	80f82a45	Sound/Modules/Chip-Tunes/L/mod.loadertune
03305e36d0bedb62284365bae974c63f	1	341743	player	uade	Protracker	0	378752	dc8cdcaf	cc3855dd	Sound/Modules/South-Sealand/mod.no more musikism!
035ffec2ffeb003df01c055bafd92b60	1	101094	player	uade	Protracker	0	92880	a7e88e66	68d17418	Sound/Modules/Chip-Tunes/P/mod.petroff young girl
03b801ae2626eb16f70c53e43bca336b	1	82044	player	uade	Protracker	0	6950	f291f8d6	19a5369f	Sound/Modules/Chip-Tunes/L/mod.lets^improvise^it^1
03c881ae8e0dc0f307b85d66dbfe1df1	1	84616	player	uade	Protracker	0	17128	58bcb967	3df22f22	Sound/Modules/Chip-Tunes/P/mod.prelude
043b5e5c1945cfbc992ca4dc0e391c3a	1	143493	player	uade	Protracker	0	13890	fe0205ca	b58979c0	Sound/Modules/Chip-Tunes/B/mod.back to basics
04449131599bcb0ee2de758169cf4ebb	1	282746	player	uade	Tracker Packer 2 - 3	0	308092	40dab380	7e9b361a	Scene-Events/The-Party-95/Demos/Passengers/Leo.Elk
0452dad47d2f7652b5d7fbe0ebf09dd5	1	202853	player+silence	uade	Protracker	0	278918	dfeca275	648955af	Sound/Modules/RaveBuster/Rave/mod.i can stop it
045a2e6c9c1f779f1775cbc40a1845fb	1	250595	player	uade	Protracker	0	83950	0c32583f	4d604f78	Sound/Modules/ExTend/A-H/mod.## barrel ##
047ebdfce49e544f0dd474f22c2594c6	1	258570	player+silence	uade	Protracker	0	543672	388a7070	7d3feb59	Sound/Modules/RaveBuster/Trance/mod.orchestra-one
04a15bad248bdec5da22ffd6ac56d6e0	1	46216	player	uade	Protracker	0	17026	7a880e63	76ba18eb	Sound/Modules/Chip-Tunes/L/mod.lamerproof2
04d9821373ac6051059eacafe8288331	1	80758	player	uade	Protracker	0	50576	4c7c7a7e	660cb152	Sound/Modules/Chip-Tunes/G/mod.Giana Cracktro
0563008a70c59a50dfb54aa4b8f91cb8	1	195553	silence	uade	Protracker	0	136942	bb4d8440	07401081	Sound/Modules/ExTend/I-P/mod.## needless ##
05bf2bff127d5154568a7fe1f8f0b44c	1	60122	player	uade	Protracker	0	9550	55afa20a	1649ae84	Sound/Modules/Chip-Tunes/A/mod.anttidemandedmod
05f285a9cb5abcc4092e8874cec3775f	1	204472	player+silence	uade	Protracker	0	333558	c7041eb9	7055246b	Sound/Modules/RaveBuster/Rave/mod.disco fans daxremix
06575b576005605dd64dd398643847d4	1	249128	player+volume	uade	Protracker	0	158830	aba900d1	719a9fb1	Sound/Modules/ExTend/Q-Z/mod.## scream from ##.0
067017f1692d170eb26e7767a5865778	1	122997	player	uade	Protracker	0	12208	aa28fb44	f1090ea5	Sound/Modules/Chip-Tunes/S/mod.short-cut
067ff9b3ee599cef5aaecd45c8dea88b	1	126192	player	uade	Protracker	0	31878	214c809c	f460e5d6	Sound/Modules/Chip-Tunes/A/mod.Abyss_1
06b23df97e2fa50bc3a4a87bddcfd87a	1	122463	player+silence	uade	Protracker	0	131120	f042cc9f	47869f60	Sound/Modules/ExTend/I-P/mod.## pain ##
06d15b25ec4457cd31dadb8ec71d2dc0	1	278867	silence	uade	Protracker	0	166866	572b7214	05a45ed4	Sound/Modules/ExTend/Q-Z/mod.forgotten song
0765497028bae8a0fcc3e2556544d6ce	1	174865	player+silence	uade	Protracker	0	143188	9a851bc8	05b3f6f0	Sound/Modules/ExTend/Q-Z/mod.## sculptor ##
076758954cbf903fbd3b57f2871a2d72	1	95166	player	uade	Protracker	0	19934	8b804f3a	185d6181	Sound/Modules/Chip-Tunes/H/mod.hoppklubber
078d3c2a9726ac597b8e24c5147013ed	1	122997	player	uade	Protracker	0	77400	6d12e880	1f866bc3	Sound/Modules/Chip-Tunes/D/mod.DiSiSSid-2-CombatG3
07d961b0999af76af254691471f90824	1	322919	player+silence	uade	Protracker	0	305396	a784f1c2	c26361c9	Sound/Modules/RaveBuster/Rave/mod.futurerave-cocaine2
08281374473b09b26ea9bc7a5007636c	1	57730	player	uade	Protracker	0	12562	26f05f6f	7ae73128	Sound/Modules/Chip-Tunes/B/mod.Balance.RealityHasNoM
0847f457bc9e2971302fc160881338fb	1	126276	player+silence	uade	Protracker	0	181262	301a7b5d	22684a8c	Sound/Modules/South-Sealand/mod.cillum smoke
0870eefb95ce28598798ee3deacdcfd4	1	335912	player+silence	uade	Protracker	0	292372	3caebd98	0a43da6f	Sound/Modules/RaveBuster/HardCore/mod.hardcore_world
090a24a8ffec30d1ea37b5a570d61ab8	1	144779	player	uade	Protracker	0	67032	830a81f6	04c468c9	Sound/Modules/Chip-Tunes/P/mod.phenomena-reborn
0920bf969dd7bde118e6b0cf911aadde	1	122997	player	uade	Protracker	0	31660	9c684e50	faf02380	Sound/Modules/Chip-Tunes/E/mod.erate.
098e4d00d36f08fd430ef29e8e1fc0e0	1	40911	player	uade	Protracker	0	11644	cde9131e	6e24ceef	Sound/Modules/Chip-Tunes/S/mod.Silicon.exe
09c246cf15f9827216134b852fbd08f2	1	230576	player+silence	uade	Protracker	0	124704	3e30991c	978356a9	Sound/Modules/ExTend/Q-Z/mod.## tale ##
09e33e278598b5a55c73ea3044eaf7df	1	414685	player	uade	Protracker	0	348658	b0ab0ec6	804fef62	Sound/Modules/RaveBuster/Rave/mod.redempti
09fbdaafc1129dbf18b0c4420bb6bdac	1	57730	player	uade	Protracker	0	19914	d2c492c3	10c8c839	Sound/Modules/Chip-Tunes/B/mod.boom!!!
0a13487ef19093210329ca9e53083b1a	1	176769	player	uade	Protracker	0	20520	12f395a4	5493b458	Sound/Modules/Chip-Tunes/D/mod.digital shuffle
0a1722d92bd6dfb19321f51c5295ea67	1	75011	player	uade	Protracker	0	25318	ca1a655b	f7cf9a6e	Sound/Modules/Chip-Tunes/O/mod.oh yes! a chipsong!
0a356438f5280ef4c52ffb51676595e5	1	62533	player	uade	Protracker	0	14898	27e1bf9d	f94c7e64	Sound/Modules/Chip-Tunes/C/mod.chippy_nr.125
0a44b949a7e1c6cc1e623ed6e124d649	1	164270	player	uade	Protracker	0	384916	ada0cf51	ac79a01a	Sound/Modules/South-Sealand/mod.conceived
0aa52bb970ade6bd3a8dbd6f3988f33e	1	175644	player	uade	Protracker	0	28446	854306fa	00800afe	Sound/Modules/Chip-Tunes/H/mod.happy-days
0aa52bb970ade6bd3a8dbd6f3988f33e	2	169093	player
0aa52bb970ade6bd3a8dbd6f3988f33e	3	130693	player
0aa70bfb06856c4bd3686cf8db7b6141	1	252686	player+silence	uade	OctaMED MMD1	0	301830	7cfed3ad	550a7c45	Sound/Modules/RaveBuster/Rave/mod.here we go again
0aadd8f701767c83d54135d537da6665	1	299281	player+silence	uade	Protracker	0	161368	71d8916f	14d04a44	Sound/Modules/ExTend/A-H/mod.# blade walker 2 #
0ab01d18dd1ca6665e68ecfd4f7ce641	1	97417	player	uade	Protracker	0	16066	d3b63d47	1cd73cc4	Sound/Modules/Chip-Tunes/S/mod.starworx
0abef9137548e36b48058e96eb42e283	1	48125	player	uade	Protracker	0	7546	6facfcce	e34afe23	Sound/Modules/Chip-Tunes/B/mod.BubbleTune
0aca522dd6253370ec8a03d5a16d225c	1	130693	player	uade	Protracker	0	18282	60e574a0	733ab24d	Sound/Modules/Chip-Tunes/C/mod.chips and curry
0af02e278861a90f160dbdbdc310b2cf	1	53872	player	uade	Protracker	0	19458	139934a2	9917ccfa	Sound/Modules/Chip-Tunes/M/mod.masterintro
0b5f89be890c7423ef50875ddeb33fe2	1	30824	player	uade	Protracker	0	9742	0f8271d3	d4e66d96	Sound/Modules/Chip-Tunes/B/mod.banana slut 04
0b7e171e1663c13abba4e7648fa8b97c	1	41072	player	uade	Protracker	0	10678	99d74b1b	741e5f5e	Sound/Modules/Chip-Tunes/C/mod.chippy_nr.104
0b894981e11056bee1f18b07918c0097	1	128121	player	uade	Protracker	0	25544	7b719c83	19e5273e	Sound/Modules/Chip-Tunes/P/mod.phuture_sounds
0bd327484238d5791f7be6080183aeb8	1	179574	silence	uade	Protracker	0	220786	34141363	a0feeaee	Sound/Modules/ExTend/Q-Z/mod.## reassurance ##
0bfd4ad72af2ddcfbd9eabedb54d9377	1	115321	player	uade	Protracker	0	5908	87219267	3f020ddd	Sound/Modules/Chip-Tunes/O/mod.org
0c9142cb903c09ded06e2c0101396f0e	1	120505	player	uade	Protracker	0	40430	7ec6e6e8	4ca8cdc3	Sound/Modules/Chip-Tunes/N/mod.necroscope
0ca99d616d4357986ed240b9abebe46e	1	92272	player	uade	Protracker	0	28558	2234ec63	0d8af5c2	Sound/Modules/Chip-Tunes/K/mod.kefrens-remix
0d3f4d4d96d7232f6c2a946d6e870037	1	53872	player	uade	Protracker	0	10122	2d1c92ce	5bc9fd1b	Sound/Modules/Chip-Tunes/I/mod.it-house
0d59b58574b044ebcb3e599f24138b33	1	265332	player+silence	uade	Protracker	0	39800	2dbd247f	9c231049	Sound/Modules/Chip-Tunes/H/mod.hoodlum v2 final v2
0db8e2ee11a510a66849e4f496db076f	1	164632	player	uade	Protracker	0	33610	6445f46a	1fd4ebd9	Sound/Modules/Chip-Tunes/S/mod.startme
0dbdde06ecae9c93f91ed4e0b2cb6a9e	1	111483	player	uade	Protracker	0	20242	81744f10	61c69373	Sound/Modules/Chip-Tunes/C/mod.chip intro tune-#3
0dd0d7b4524248ce24f69832e03c950e	1	115321	player	uade	Protracker	0	38484	42cba2ed	1364ba63	Sound/Modules/Chip-Tunes/A/mod.aldebaran-short
0e04fe1a3583b9642fece53a4694e653	1	94222	player	uade	Protracker	0	12720	6ab0c208	d088e7c6	Sound/Modules/Chip-Tunes/M/mod.>m i n i s o u n d<
0e04fe1a3583b9642fece53a4694e653	2	99968	player
0e452f232ccc3af85a990674898d6ff0	1	319238	player+silence	uade	Protracker	0	410918	5d2ef3de	cc0b7c86	Sound/Modules/RaveBuster/Rave/mod.pussy_cat_-_remix
0eafbce8aafc5ebd73c789186f2c96d6	1	245374	player	ft2play	Fasttracker (M.K.)	4	238250	a87bb345	e01a6b03	Scene-Events/The-Party-95/Modules/4-Channel/mod.Should turn to b
0ecd7db77293f6f15749886eba7bd624	1	248746	player	uade	OctaMED MMD1	0	98800	ed25a784	2e8bc1cf	Scene-Events/The-Party-95/Modules/4-Channel/med.The maddog in acid
0ed691b75e7353ce6a144b9505893c1b	1	94941	player+silence	uade	Protracker	0	29832	2e1e922f	f6e89c07	Sound/Modules/Chip-Tunes/E/mod.## economy 13 ##
0ed691b75e7353ce6a144b9505893c1b	1	94941	player+silence	uade	Protracker	0	29832	2e1e922f	f6e89c07	Sound/Modules/ExTend/A-H/mod.## economy 13 ##
0ee7d09a6f58c1dc060d9dc76a1804aa	1	223579	player+silence	uade	Protracker	0	329624	fddf62e9	f79b6cb8	Scene-Events/The-Party-95/Modules/4-Channel/mod.classical interrup.
0ef90879855b7b515114306cb00d74b9	1	452583	player+silence	uade	Protracker	0	149222	27fef0bf	417e2764	Sound/Modules/ExTend/Q-Z/mod.## welcome home ##
0f03ca31226b360122ae0776d4a29f5e	1	363336	player+silence	uade	Protracker	0	541676	1ec9948e	32460665	Sound/Modules/RaveBuster/Rave/mod.children's mind
0f066b97a649e9b35fd7af9ff6e6c53e	1	52727	player	uade	Protracker	0	14006	17805997	b6ff4b2d	Sound/Modules/Chip-Tunes/B/mod.Bizzare.Pyrox
0f0f3ace237beb4e36f3bd6e6f9c1730	1	328955	player+silence	uade	Protracker	0	399348	9e7dea1e	c68123da	Sound/Modules/RaveBuster/HardCore/mod.x-rave
0f6a02dbad317056de56e8731b609cdb	1	234122	player+silence	uade	Protracker	0	731054	1d31f07b	8d97430d	Sound/Modules/RaveBuster/Rave/mod.hyper! endversion
0f9a625f8d3d3b24c14c6da18bb68711	1	82044	player	uade	Protracker	0	13272	72eb5cef	0ce9365b	Sound/Modules/Chip-Tunes/S/mod.synth2
0fa10f7a81905434efcaf9c8e339f602	1	241399	player+silence	uade	OctaMED MMD1	0	340848	fdec2769	26f3966b	Sound/Modules/RaveBuster/BreakBeat/mod.the hyper hardcore
0fcfcbc827d397ac510692df53214434	1	228727	player+silence	uade	Protracker	0	123288	0f03c9ad	34e39829	Sound/Modules/Chip-Tunes/A/mod.analogator
0fd61b7be879e4b9f5ca1304939cdb7b	1	48125	player	uade	Protracker	0	20284	011966b5	08452bb0	Sound/Modules/Chip-Tunes/S/mod.{-s h o r t i e 5-}
0fe813b737775c29358fc350f692e5c4	1	87168	player	uade	Protracker	0	11144	ce819e55	71bd3728	Sound/Modules/Chip-Tunes/H/mod.hustler.chip
1002a7401ff5e269634597a02820bb7d	1	30824	player	uade	Protracker	0	4816	15c5e244	712c126f	Sound/Modules/Chip-Tunes/S/mod.synthsong
105376dea9ebfa7f803f9e7e766adac3	1	120123	player	uade	Protracker	0	22722	a88e1a5d	5a19e2c6	Sound/Modules/Chip-Tunes/M/mod.mekano-roboto
105b9900621e57d19103561c97a47315	1	319338	player	uade	Protracker	0	211654	9bcc145e	14bee086	Sound/Modules/ExTend/A-H/mod.## discovery ##
105f04af3a7bcb1ff2dae27aa172d951	1	166259	player	uade	Protracker	0	377718	b24646ea	545fcd1a	Scene-Events/The-Party-95/Modules/4-Channel/mod.spacelab_9
10639a5b7789bed63124c4872c984c05	1	30824	player	uade	Protracker	0	10296	670f1801	b6b924df	Sound/Modules/Chip-Tunes/H/mod.hurry up!
1090aecc34c96e1705e0b642e9f5eb0f	1	195617	player	uade	Protracker	0	126376	616c6341	a28d3aef	Sound/Modules/ExTend/A-H/mod.## blade walker ##
10a6b1d0a6d203e7cf15d440142638d5	1	76920	player	uade	Protracker	0	32904	adf40aa3	f8c39815	Sound/Modules/Chip-Tunes/T/mod.timewarped
11154d1fa97db07e4951c608fced8bf7	1	153721	player	uade	Protracker	0	28644	d74970ac	e2d003eb	Sound/Modules/Chip-Tunes/P/mod.pw-submergence
112a022e4161f9ec7406fc68e1982770	1	282545	player	uade	Protracker	0	42880	c00b74f4	dae1133d	Sound/Modules/Chip-Tunes/S/mod.Sections
114707ec758aa2a7b4ce4f4117dbe920	1	63477	player	uade	Protracker	0	10826	123e09ee	e6e5f4e7	Sound/Modules/Chip-Tunes/W/mod.wink of an eye
11474a3f85d2a6367c62a043565263a5	1	402190	player+silence	uade	Protracker	0	511742	f756b344	8e71ef6c	Sound/Modules/RaveBuster/House/mod.dance to the house
116490291f36383fc6d5f4a63a2919bf	1	30824	player	uade	Protracker	0	6400	d5e474a4	ff966ee2	Sound/Modules/Chip-Tunes/S/mod.sowhat
117a4c5396912b0c1fbcfc339e957a4e	1	289417	player+silence	uade	Protracker	0	545258	bdcd93de	cb5960d2	Sound/Modules/RaveBuster/Rave/mod.never-surrender-rmx
11a70013e902360cc54fa1953b419ad1	1	92192	player	uade	Protracker	0	31316	dd694da8	11b1088b	Sound/Modules/Chip-Tunes/K/mod.kortecool
11c2783a18f0fd20d25ff80bb508c82e	1	286778	player+silence	uade	Protracker	0	597274	7c8348f5	90226449	Sound/Modules/RaveBuster/Rave/mod.tears don't lie
11c6003f28661cd2da8fbafc0344b756	1	151691	player	uade	Protracker	0	519670	26e4fc84	e5aa41ef	Sound/Modules/RaveBuster/Trance/mod.piano in trance-rmx
11d74e77e03a768d512f04a60268b8e1	1	34943	player	uade	Protracker	0	11428	0f48a329	5a78f2da	Sound/Modules/Chip-Tunes/C/mod.chippy_nr.137.2
122c305cbf7e74141090682c4135eeb6	1	68882	player+silence	uade	Protracker	0	24348	cd30355d	0882b181	Sound/Modules/Chip-Tunes/F/mod.fash finax vetekli
1286791912f115e32c29e163d8d5958e	0	269896	player+silence	libopenmpt	Velvet Studio 2.02	32	348816	d347d8ab	fef04815	Scene-Events/The-Party-95/Modules/Multi-Channel/AMS.Fly Across
1291c7ac9cb69fe01d7a61a2cbcb1431	1	195235	player	uade	Protracker	0	743420	cf1812db	32de415f	Scene-Events/The-Party-95/Modules/4-Channel/mod.total-eclipse v.2
129636826079c2645f95003acba16035	1	179126	player+silence	uade	Protracker	0	15736	bc57402e	754b6b98	Sound/Modules/Chip-Tunes/K/mod.kims chips er gode!
12a828c22e6b3d93db0887e6cd89d4a5	1	25720	player	uade	Protracker	0	8026	c5f85005	bbbde063	Sound/Modules/Chip-Tunes/M/mod.me wanna bitch
1340b93285b5d97e8553f55fdd48326d	1	30824	player	uade	Protracker	0	8000	da343d06	4cd62370	Sound/Modules/Chip-Tunes/A/mod.Abyss_6
134416347e78a633825cfb44e8cb45b5	1	220813	player+silence	uade	Protracker	0	129424	0320c91b	090928ba	Sound/Modules/ExTend/I-P/mod.## machinery ##
136b34c5eb10294ee8a0811a8fe15cce	1	277099	player	uade	Protracker	0	56340	97d0385b	d1ec11b5	Sound/Modules/Chip-Tunes/M/mod.mikie (title theme)
139f40224569f4d530cf98b4dfe34894	1	20596	player	uade	Protracker	0	9932	ed0e8d30	6a25efaf	Sound/Modules/Chip-Tunes/C/mod.c.chips#0087
13c9c7933446dffcc9929c39003d3deb	1	30362	player	uade	Protracker	0	11736	0a39088e	1c2c97c9	Sound/Modules/Chip-Tunes/T/mod.tuomiomies
13d50712e49ed63af449eccabf2653cf	1	245936	player+silence	uade	Protracker	0	169626	ef2761ba	33733404	Sound/Modules/RaveBuster/HardCore/mod.au base u          
13e7b2a9ea523ced5d9cad21cb9fe040	1	175242	player	uade	Protracker	0	22150	71bff940	6e761a3c	Sound/Modules/Chip-Tunes/M/mod.marvin my_victory
143211decd6e91676f8216c0b861395b	1	80758	player	uade	Protracker	0	12054	77f77947	4ec0fbb9	Sound/Modules/Chip-Tunes/C/mod.cyberdyne
146837f96fdd236f04dca0a7f935dce8	1	126811	player+silence	uade	Protracker	0	177734	75fe4a1c	bdda0def	Sound/Modules/ExTend/I-P/mod.## improvisation ##
14c44052082b915bf5cef5e5367d5261	1	59639	player	uade	Protracker	0	9604	2ab2b08c	43052a73	Sound/Modules/Chip-Tunes/P/mod.pgs-002
14d3d32e3f1dcadb81498ca7eb92879e	1	357256	player	uade	Protracker	0	56538	05bab7aa	d20fa389	Sound/Modules/Chip-Tunes/A/mod.aufweidersehn monty
14d554002e0970a126a67ce430025328	1	84616	player	uade	Protracker	0	16178	8749d158	06a414d6	Sound/Modules/Chip-Tunes/M/mod.marillion beams_of_
159766f0c854ba84abf7d08f6b01f566	1	59016	player	uade	Protracker	0	10316	59ff8721	fb163264	Sound/Modules/Chip-Tunes/V/mod.vanity... intro
15b3c4fa57968047eb18ee19d9f222da	1	84616	player	uade	Protracker	0	30780	beb482b8	49ed212d	Sound/Modules/Chip-Tunes/S/mod.strange
15c2fb3bb58b1e1e9a5d1d0c4386dde0	1	94443	player	uade	Protracker	0	18454	c52dc9f8	17d99726	Sound/Modules/Chip-Tunes/C/mod.clawz walnut tree
15ceee40afc6b07b32df3b38da531cbf	1	69224	player	uade	Protracker	0	16582	a8fbefd9	e4433bfd	Sound/Modules/Chip-Tunes/K/mod.kebab
15e08e3d584e40f011ef66adbd7af4b7	1	119599	player+silence	uade	Protracker	0	243308	8d293a34	c7ef4572	Sound/Modules/ExTend/Q-Z/mod.x-unlimited 2
1630f98df9df6e0a5e6f38675d48e355	1	118516	player	uade	Protracker	0	184296	9372e072	51f10d4a	Sound/Modules/ExTend/Q-Z/mod.x-unlimited
16320dd14e988fd22c19dc89c3f4b920	1	25720	player	uade	Protracker	0	8620	8922249d	1f0cde2d	Sound/Modules/Chip-Tunes/M/mod.microforce-intro1
165c475be49d8ec0bd9d95e75810621e	1	23490	player	uade	Protracker	0	54454	e5603db7	71833010	Sound/Modules/ExTend/I-P/mod.##   intro to   ##
168a2ff07d8b9d2933c51c647d063cab	1	154303	player	uade	Protracker	0	184128	fdba25eb	30986fea	Scene-Events/The-Party-95/Modules/4-Channel/mod.born in 1957
1703f2b1054f8d55bb82f6512f58df3c	1	178417	player	uade	Protracker	0	23942	6500adff	a561cce6	Sound/Modules/Chip-Tunes/G/mod.gabbr#1
1741ef4c9d2316fb899c832e43a3a337	1	333371	player+silence	uade	OctaMED MMD1	0	329046	6a90c857	90b69923	Sound/Modules/RaveBuster/Trance/mod.hydromix 1
17459c1afde8528214e74144c3b77488	1	61568	player	uade	Protracker	0	23594	a3fcdf01	394a86f5	Sound/Modules/Chip-Tunes/Misc/mod.*****rising sun****
1748be3a2e2e22f8400b1bd565a21470	1	274234	player	ft2play	FastTracker v2.00	18	724726	995cf1b1	58b3aa76	Scene-Events/The-Party-95/Modules/Multi-Channel/XM.TP5
17652c6aef48d09f2e68b6bf0a8cdc17	1	30824	player	uade	Protracker	0	5308	a1541d2d	1e0abe35	Sound/Modules/Chip-Tunes/F/mod.freeman
177e56da255d962d81358e059e836ee4	1	91308	player	uade	Protracker	0	32384	8ded73d5	fa843f66	Sound/Modules/Chip-Tunes/J/mod.jazzie hip3
1781b5b0f9a13f6f26e856593d3216ea	1	294524	player+volume	uade	Protracker	0	88836	e29eebfd	2a0b250e	Sound/Modules/ExTend/A-H/mod.## desistance ##
1812f682bf224bbddf00b175bab73044	1	80799	player	uade	Protracker	0	32834	130d373a	9061113c	Sound/Modules/Chip-Tunes/Misc/mod.# rapina4 #
184beb410f2d6f9600764aef6218bad4	1	69224	player	uade	Protracker	0	12686	b1859edb	d5d6a725	Sound/Modules/Chip-Tunes/B/mod.burt & ernie
1891c181ba1f4191a104f7165862e527	1	229336	player+silence	uade	Protracker	0	172862	6199abb2	fce13b6c	Sound/Modules/ExTend/Q-Z/mod.## unwholesome ##
18a6b3f1e923226ccde0c9527c165b3b	1	288099	player+silence	uade	OctaMED MMD1	0	155350	5625484e	638ad8ce	Sound/Modules/RaveBuster/Trance/mod.lsd-user
18dd6a80798f77bc4682180e77be964e	1	107645	player	uade	Protracker	0	12902	c5cebd59	706aca9f	Sound/Modules/Chip-Tunes/C/mod.choose3
19327c98f21af7ff056f39e3cf26b17a	1	132139	player	uade	Protracker	0	13960	c00f4f4d	86b0091f	Sound/Modules/Chip-Tunes/C/mod.cool accident.amimi
195b2ddc9fdb98f4d72536fdbcd64641	1	82044	player	uade	Protracker	0	11044	c5edce42	f8556f8d	Sound/Modules/Chip-Tunes/T/mod.the_shortage
19d0c8d8bfef95d43f7e833cc71d4a84	1	92152	player	uade	Protracker	0	11980	e27975a4	b335e56a	Sound/Modules/Chip-Tunes/C/mod.Chip a'Choup 03
19ddac5bece8f0546cb84bcf3c15b04c	1	113537	player+silence	ft2play	Fasttracker (M.K.)	4	498338	34a83e12	fb102922	Scene-Events/The-Party-95/Modules/4-Channel/mod.Behind The CloudZ
19fdf4e23ed314c59b89b6baaebdbea1	1	215872	player+silence	uade	Protracker	0	314496	7b57f415	49a35dab	Sound/Modules/RaveBuster/Rave/mod.droste_hoerste_mich
1a051f70c311c8bc611fdca0c33342d0	1	76920	player	uade	Protracker	0	19234	53449bd5	a717d386	Sound/Modules/Chip-Tunes/H/mod.hiptip
1a09290d2f1fed66607467f0d85cae59	1	31306	player	uade	Protracker	0	8618	1461019f	bf50e960	Sound/Modules/Chip-Tunes/C/mod.chip_38
1a29acad627e5caed71291c51a9b596d	1	48125	player	uade	Protracker	0	16388	01373f11	69889c8b	Sound/Modules/Chip-Tunes/Y/mod.yannick noailles
1a62e4997ff5892615ee46d09a62aaa0	1	69224	player	uade	Protracker	0	25656	cfcb2aa1	501d20eb	Sound/Modules/Chip-Tunes/O/mod.obsession
1a6dcd9faed59cc6963b248360a36e49	1	153721	player	uade	Protracker	0	48552	051be7e2	dec79377	Sound/Modules/Chip-Tunes/M/mod.moby fury.pyramid
1a7058b4ab6cd1c75ec4222f8b2fdeb8	1	46216	player	uade	Protracker	0	28188	d4afba21	1bc44d93	Sound/Modules/Chip-Tunes/D/mod.dct-sine.exe
1aa70a05714043f712d27b4d01f7c9ca	1	137025	player+silence	ft2play	FastTracker v2.00	14	604797	6e5a2c36	1f9bb8a0	Scene-Events/The-Party-95/Modules/Multi-Channel/XM.Status Mooh
1acb81d39d22df703b55d9d4da4a8438	1	196679	player+silence	uade	OctaMED MMD1	0	175296	5e70e2ba	15926c05	Sound/Modules/RaveBuster/House/mod.techno to dance
1acba5d5f22d43b3907915604bae3b76	1	380255	player+silence	uade	Protracker	0	659498	3e44002b	db3a25bd	Sound/Modules/RaveBuster/Rave/mod.endless summer-rmx
1aed687be7f180f79e8cb369af8e3a80	1	140801	player+silence	uade	Protracker	0	233976	444ed61f	6c9747dd	Scene-Events/The-Party-95/Modules/4-Channel/mod.kickin_it_playback
1af4777b2ca2d3d20db55f232782f66a	1	257045	player	uade	Protracker	0	300710	a2be1af5	b3ff0598	Sound/Modules/RaveBuster/Trance/mod.hooligan'sdreamsong
1b35ec269171f9454f4175cfdb3dfe6c	1	217450	player+volume	uade	Protracker	0	216560	11ce32cd	d0e44c37	Sound/Modules/ExTend/Q-Z/mod.## warfare 2 ##
1b6a9a493627f67269670a2fc11af0d8	1	69224	player	uade	Protracker	0	24382	925aa487	cb6e009f	Sound/Modules/Chip-Tunes/L/mod.lost confidence
1b6aacbeef08683f2058596eb8c3f917	1	243100	player	uade	Protracker	0	331390	4a472eef	8c3e970f	Sound/Modules/RaveBuster/HardCore/mod.i am the joker
1b9c20ff60f49980831e5792fdf4f29d	1	56424	player	uade	Protracker	0	11816	172bab41	83dddf4f	Sound/Modules/Chip-Tunes/T/mod.transfusion 2
1bb5e2501fad3b247116eadd30fb63b2	1	187439	player	uade	Protracker	0	23894	f95a68b9	b9a65289	Sound/Modules/Chip-Tunes/S/mod.storm of mind?
1c08ff622384b9321dbbae9724578fe3	1	53872	player	uade	Protracker	0	23026	37a7ccc5	d2294cc7	Sound/Modules/Chip-Tunes/J/mod.jamaica fever
1c0a885394bd1d45e72338296f3685cd	1	6923	silence	uade	Protracker	0	6388	8fdb3889	04f1d0e6	Sound/Modules/Chip-Tunes/E/mod.endmusic
1c998ca401e2737219d328b765d74464	1	32110	player	uade	Protracker	0	10156	469bbbe5	179f28a2	Sound/Modules/Chip-Tunes/C/mod.chippy_nr.140
1c9b21b8f818b8219dec81eadb97e0b0	1	68882	player+silence	uade	Protracker	0	24348	4e653815	359a67da	Sound/Modules/Chip-Tunes/F/mod.finax vetekli
1cb28a79c03cc02b536a4de7888963bc	1	57730	player	uade	Protracker	0	37504	9802e77f	89bbf0e2	Sound/Modules/Chip-Tunes/M/mod.mick_dint_do_it
1d124b67e734481c49857d0b25c76652	1	72494	player+silence	uade	Protracker	0	77326	67c100da	147f96a0	Sound/Modules/ExTend/A-H/mod.## armaments ##
1e11cdb105a794689be86caac41f8307	1	210145	player	uade	Protracker	0	399566	9d7491a2	dd75f672	Sound/Modules/RaveBuster/Jungle/mod.jungelmania
1e1e3a46c25e0d009e9542ef0bef2f2b	1	46216	player	uade	Protracker	0	39818	f738c157	facefabc	Sound/Modules/Chip-Tunes/B/mod.bumbba
1e28fbd2b342d06571e2127d72c27b0c	1	230605	player+silence	uade	Protracker	0	260134	c2fbe888	46849176	Sound/Modules/RaveBuster/HardCore/mod.energy
1e4b5cdea01d5c083326c19ac44973dd	1	38520	player	uade	Protracker	0	26506	3551f176	29db0ef3	Sound/Modules/Chip-Tunes/F/mod.fresh juice
1e4c8a8787cab23fcee98c9c12ffb4f3	1	55821	player	uade	Protracker	0	8636	d0639231	7a217d0b	Sound/Modules/Chip-Tunes/S/mod.sma-blue.exe
1e5e5759d76f2d51441e789ca3fcc068	1	179321	player	uade	Protracker	0	54996	dc5c940e	0838ada2	Sound/Modules/Chip-Tunes/L/mod.life's groovy
1e7e3fe5133555b108f2770afe2c4f3a	0	15492	player	uade	Amos Music Bank	0	43992	418c7f53	d01f7319	Games/Action/Idiot_Fighter/spoon.music
1ec57369653cc2eb47930474683bff2f	1	65406	player	uade	Protracker	0	38398	631c5d5d	c1fa8be7	Sound/Modules/Chip-Tunes/B/mod.Bi-bi-billig2
1ed829f75dbc911e0840a136c0f6d605	1	256651	player+silence	uade	Protracker	0	322408	951e35fb	d894fb4b	Sound/Modules/South-Sealand/mod.klaver kludder     
1ee19994b5eb4bd0ec39c161fe390d32	1	184090	player+silence	uade	OctaMED MMD1	0	204730	de7b46be	97e26479	Sound/Modules/RaveBuster/Rave/mod.i'm gonna break
1ee5789db5752469bbd65a25416e0db9	1	42358	player	uade	Protracker	0	12484	1a363fa6	5a8bc939	Sound/Modules/Chip-Tunes/W/mod.walkie-chip ii
1f05f080a73b33d52c326642b858132c	1	76920	player	uade	Protracker	0	15244	251e313b	b3b586b1	Sound/Modules/Chip-Tunes/G/mod.guf
1f34e795bbcee9e1d2d3e48b5ff7c853	1	195095	player	uade	Protracker	0	176452	27bb8dc9	a6897eda	Scene-Events/The-Party-95/Modules/4-Channel/mod.live_forever
1f76bb590f030d2befda88ad1e980d86	1	153721	player	uade	Protracker	0	21872	f495b98f	ddff2ea2	Sound/Modules/Chip-Tunes/S/mod.sci-fi-calculator
1fabd14426027a55d4a8842b7f9a167d	1	300208	player	uade	Protracker	0	558228	c65c70de	64ce3838	Sound/Modules/RaveBuster/HardCore/mod.punnany - rmx
1fb1c46f398e4f606d16bac4d968d6a7	1	68923	player	uade	Protracker	0	59234	af9a7554	ffdc9757	Sound/Modules/Chip-Tunes/U/mod.<unnamed>
1fbeaca481f65604c930f03912637874	1	96130	player	uade	Protracker	0	56858	25f4c7a5	4a808aee	Sound/Modules/Chip-Tunes/D/mod.DiSiSSid-2-Theme
1fc8595767248288942f1c77add76df2	1	34682	player	uade	Protracker	0	10366	679dbeb1	96be2be5	Sound/Modules/Chip-Tunes/0-9/mod.2 frigin' cute
1fdad58eb8e67caf164f278db2650b41	1	82044	player	uade	Protracker	0	19666	b73ac180	31335bcc	Sound/Modules/Chip-Tunes/B/mod.backbackbackback
203bbc2b470e1ab57a214fabfc949bad	1	53872	player	uade	Protracker	0	26444	a542e4a6	9432069f	Sound/Modules/Chip-Tunes/N/mod.never liked gyros!
204ab1431e21d1661dd636d5f4189f35	1	219871	player+silence	uade	OctaMED MMD1	0	227162	12b69878	a90ad9d6	Sound/Modules/RaveBuster/HardCore/mod.message-rmx ii
205cfc928d685b11be5b2f9859f314bf	1	128121	player	uade	Protracker	0	15116	bc987aea	5864ef92	Sound/Modules/Chip-Tunes/Misc/mod.(c)hip-2
207c0590b096ee61da5d4609a8667986	1	11654	player	uade	Protracker	0	7774	dc9023b5	3627f9e6	Sound/Modules/Chip-Tunes/S/mod.shorty1
207d216bdf296aea78894590a3919ae7	1	158523	player	uade	Protracker	0	26854	36fd201d	8ad4f27c	Sound/Modules/Chip-Tunes/M/mod.mortimers chipdisko
208342fd06da7d3248f09317d989dd06	1	214225	player	uade	OctaMED MMD1	0	350700	fc84972e	19c091e5	Sound/Modules/RaveBuster/Rave/mod.Tango-break_mix
20841d856b19ec852dcab043337b5a00	1	226361	player	uade	Protracker	0	269252	dbdcd470	639171fe	Scene-Events/The-Party-95/Modules/4-Channel/mod.complete disaster!
20b5ea7f61301fa2b0ab11c5211fa391	1	395577	player+silence	uade	Protracker	0	631440	3008effa	0db2462f	Sound/Modules/RaveBuster/MegaMix/mod.thundermix
215ab235350d56d02fe7908d73a5a131	1	202434	player+silence	uade	Protracker	0	153920	7c791623	a069b9df	Sound/Modules/ExTend/I-P/mod.## mystic ##
2188ae69fded80dd933fed7a59cb428e	1	214847	player	uade	Protracker	0	336438	23b61460	b2308749	Sound/Modules/South-Sealand/mod.baker-walk
21c885bcd638c0ad1c2266c493dc3533	1	53872	player	uade	Protracker	0	8436	1972b24e	de5cf218	Sound/Modules/Chip-Tunes/C/mod.clawz sweetday
21cc62dbd076697b86f0972fdea2d234	1	216156	player+silence	uade	Protracker	0	86336	42150134	61f239a2	Sound/Modules/ExTend/A-H/mod.## amusement ##
221ab34f294529da2d6c9eba45faf411	1	34682	player	uade	Protracker	0	17196	73c6d713	7d03ab4e	Sound/Modules/Chip-Tunes/E/mod.eny-Poly.exe
222178e0606f63841a2ae3493bffe69b	1	102520	player	uade	Protracker	0	18028	9a11eb52	2ef865ce	Sound/Modules/Chip-Tunes/R/mod.rejection
223c1cf2a3a3ae12a0746e5cda08a8e4	1	73082	player	uade	Protracker	0	14022	1d7041c1	44b0ea5e	Sound/Modules/Chip-Tunes/C/mod.C!S-FreeBased.Exe
22435207452446418fe230c9a34e7544	1	143352	player	uade	Protracker	0	144630	d37fac20	6cc71572	Sound/Modules/ExTend/I-P/mod.## illusion ##
22435207452446418fe230c9a34e7544	2	30824	player
2270b04d7e6fe2153561627b84854c1a	1	70530	player	uade	Protracker	0	16814	ebe3289b	9770bf5f	Sound/Modules/Chip-Tunes/S/mod.synthetik 2
22a29b8d592afd5f4e72f33a7454fe7d	1	40429	player	uade	Protracker	0	10796	dd9aacff	08780716	Sound/Modules/Chip-Tunes/E/mod.eny-Clos.exe
22d560a68d326f3f782f678ea8c14b0a	1	310527	player+silence	uade	Protracker	0	504922	89216a5d	82191c84	Sound/Modules/RaveBuster/Rave/mod.party slamin
22e8cce9e17c961ff9e32e2e60dee028	1	46216	player	uade	Protracker	0	5276	4ea95b1a	f2923d2d	Sound/Modules/Chip-Tunes/W/mod.walking on the moon
22f13811d11f26a88739df0e70b2bfd3	1	146788	player	uade	Protracker	0	303798	2458a402	445815ad	Scene-Events/The-Party-95/Modules/4-Channel/mod.gnaule
23027a0ac98e8265f31bf6852a9974b8	1	128161	player	uade	Protracker	0	29250	d810d5fe	d10dd254	Sound/Modules/Chip-Tunes/S/mod.str-2nd.exe
231b73bcd1d27ca09d776a906228ce2d	1	23134	player+silence	uade	Protracker	0	75908	6603b583	35ca7680	Sound/Modules/ExTend/I-P/mod.## intro-cromax ##
2328da839527dd403174c1301e3c742d	1	135209	player+silence	uade	Protracker	0	23884	16ad7452	d1af2612	Sound/Modules/Chip-Tunes/F/mod.feeble snoring4
2347603751931400cc7d9830bcd40741	1	30824	player	uade	Protracker	0	10394	4f4a22aa	597e21c1	Sound/Modules/Chip-Tunes/S/mod.## shit chip 2 ##
2347603751931400cc7d9830bcd40741	1	30824	player	uade	Protracker	0	10394	4f4a22aa	597e21c1	Sound/Modules/ExTend/Q-Z/mod.## shit chip 2 ##
239c8573d513b2884dfc14b97005296e	1	352652	player+silence	uade	Protracker	0	502828	8994d352	43d381dd	Sound/Modules/RaveBuster/Rave/mod.go back - remix
2428b1e78b668f0b60499a3abac0e852	1	84059	player+silence	uade	Protracker	0	19272	65aac7a4	e0065786	Sound/Modules/Chip-Tunes/C/mod.cabbage
2462d60eb04093091a63bcb43f42d3de	1	42680	player	uade	Protracker	0	28022	80053525	24de6076	Sound/Modules/Chip-Tunes/E/mod.## economy 7 ##
2462d60eb04093091a63bcb43f42d3de	1	42680	player	uade	Protracker	0	28022	80053525	24de6076	Sound/Modules/ExTend/A-H/mod.## economy 7 ##
246fc56f12ed83340fd19e9a21289367	1	91308	player	uade	Protracker	0	19772	17ed037b	1056aca2	Sound/Modules/Chip-Tunes/R/mod.reelbouncer         
24b49352fa9cbc2864658d2f8f4d6d3b	1	43624	player	uade	Protracker	0	10502	a66b16aa	44c13bcb	Sound/Modules/Chip-Tunes/B/mod.banana slut 11
24ef992fd2b70e5e78b8078fba1632f5	1	46136	player	uade	Protracker	0	10784	a1110ab2	0fff8038	Sound/Modules/Chip-Tunes/G/mod.gathering intro
251d838d9c3d81fa173d7fcb8d3a1411	1	19310	player	uade	Protracker	0	4252	cc3de1dc	3a7f9b34	Sound/Modules/Chip-Tunes/L/mod.loonytoon.0
251df79a56376694d3322227480d24eb	1	90283	player	uade	Protracker	0	37562	083314a1	29941485	Sound/Modules/Chip-Tunes/O/mod.on the right foot
253254c5a052b656edbbbaec09b4e60b	1	171142	player	uade	Protracker	0	487806	b2f910cf	2bf8c71a	Sound/Modules/South-Sealand/mod.multiethnic
25cf3d794211b7d3459040019f18bac3	1	283744	player+silence	uade	Protracker	0	326404	220b8808	849fa6e5	Sound/Modules/RaveBuster/Trance/mod.the house of house2
26086c8ebdefd63d8d4723cd4a3f313a	1	122354	player	uade	Protracker	0	185510	c8fe6720	10e835b2	Sound/Modules/South-Sealand/mod.let's_go!_-_compo
2618d553d90d1f29519782e520bb0a9a	1	69224	player	uade	Protracker	0	10610	27beebf3	45c4c95b	Sound/Modules/Chip-Tunes/K/mod.kiwi.the bubbles.pp
268a1a77f7f9f105a8b689c31ac3e776	1	124725	player	uade	Protracker	0	247164	20a24bcd	3fb274d7	Sound/Modules/ExTend/Q-Z/mod.## state of war ##
26956e5bd8eb4a5f6672cd39180ed310	1	92915	player	uade	Protracker	0	33266	afb07ba9	609f3100	Sound/Modules/Chip-Tunes/S/mod.## stamper ##
26956e5bd8eb4a5f6672cd39180ed310	1	92915	player	uade	Protracker	0	33266	afb07ba9	609f3100	Sound/Modules/ExTend/Q-Z/mod.## stamper ##
26d9fa2e6af4a371781520dacc8bd733	1	102547	player	ft2play	Fasttracker (M.K.)	4	140972	88495a82	87d0c395	Scene-Events/The-Party-95/Modules/4-Channel/mod.It's Jazztime.
270c5057be9cfdc7f02decaab6fa1a68	1	61568	player	uade	Protracker	0	14448	5993a61f	804e7fc1	Sound/Modules/Chip-Tunes/C/mod.chippy_nr.121
276c18b5db36f0006fc16f26f50ff7bb	1	61568	player	uade	Protracker	0	23594	492d5fd3	17508f0b	Sound/Modules/Chip-Tunes/B/mod.black dragon rising
27ad3de1e53d80c47ba4dc6867eb0f75	1	76920	player	uade	Protracker	0	23302	8e3e8066	66c8500e	Sound/Modules/Chip-Tunes/F/mod.factory-theme
27cd449885da6a948893b13c66514897	1	71093	player	uade	Protracker	0	14672	57976a4b	7be64f64	Sound/Modules/Chip-Tunes/G/mod.green_summer
27e48a84f2f9ccc50a49de9443cff7ef	1	153640	player	uade	Protracker	0	266334	5e136659	477859e6	Sound/Modules/RaveBuster/HardCore/mod.frankfurtterrorrrrr
27ed5846a1816a533165681c1f80f19f	1	84616	player	uade	Protracker	0	31834	561a9380	d5228e2a	Sound/Modules/Chip-Tunes/S/mod.short-trip
27f988c1dade2c8968a0b2c899ee1110	1	108931	player	uade	Protracker	0	34850	5fda6aff	385bca30	Sound/Modules/Chip-Tunes/X/mod.x-trem
28277187891990ff65397b9a60bd61b5	1	194490	player+silence	ft2play	FastTracker v2.00	18	568644	729158f5	4fafaee3	Scene-Events/The-Party-95/Modules/Multi-Channel/XM.Morning Light
28859b9bdbf243bae6d05593007031a8	1	404176	player	uade	Protracker	0	135626	396c8968	5b443090	Sound/Modules/ExTend/A-H/mod.## balcer ##
289e5ecc390eefb9b373a1ef4b2c8f92	0	5485	player	uade	Amos Music Bank	0	24006	0302684b	fd2acb2b	Games/Action/Idiot_Fighter/vs.music
28c8223e342ef2642d2568f193311da3	1	280396	player+silence	uade	OctaMED MMD1	0	378972	95d462d6	ff31c8a4	Sound/Modules/RaveBuster/House/mod.my house
28d3ed6a1155012ba6071645ebab24be	1	25720	player	uade	Protracker	0	5904	8ac16783	e17e0096	Sound/Modules/Chip-Tunes/S/mod.Stellar.40kIntro
28e6bf694f05b79d4aad37885be14eea	1	96130	player	uade	Protracker	0	12236	85135157	de228dad	Sound/Modules/Chip-Tunes/S/mod.StoneArts.Rush
293956abe4beb6b547a80574589dc850	1	678084	player+silence	uade	OctaMED MMD1	0	402886	fe7f8d7a	90eed406	Sound/Modules/RaveBuster/MegaMix/mod.village-hotmix-1994
29947a3ef0560f6acce420aa8104087e	1	7796	player	uade	Protracker	0	2478	618f66e7	8858e683	Sound/Modules/Chip-Tunes/A/mod.ackerlight-2
29962d3750cca10c1822977b169b4349	1	19523	player+silence	uade	Protracker	0	70044	bfbccdf0	d2fee087	Sound/Modules/ExTend/Q-Z/mod.go!
2a365926d3efeb22c8e3069067f5f2e2	1	199797	player	uade	Protracker	0	19618	ba4b8fed	8abbcd1a	Sound/Modules/Chip-Tunes/D/mod.demo-tune
2a3f0507413b1828d3517628a388e673	1	61568	player	uade	Protracker	0	8520	75c3ccca	fb8eddde	Sound/Modules/Chip-Tunes/A/mod.afl-Last.exe
2a6454d57a4a2c5cdd9ca6500ea881bf	1	147873	player	uade	Protracker	0	22736	7ae4977d	9cbb4072	Sound/Modules/Chip-Tunes/O/mod.ocean (2nd edition)
2add765023fd6a81495fcf40a4141f34	1	147974	player	uade	Protracker	0	21832	cd8c17e0	1236f1c2	Sound/Modules/Chip-Tunes/M/mod.monty something enc
2ae7ea1d3a1d5fc5442bfcab8f9b25be	1	90323	player	uade	Protracker	0	49982	1c397589	730dba5e	Sound/Modules/Chip-Tunes/Misc/mod.## little joke 3 ##
2ae7ea1d3a1d5fc5442bfcab8f9b25be	1	90323	player	uade	Protracker	0	49982	1c397589	730dba5e	Sound/Modules/ExTend/I-P/mod.## little joke 3 ##
2af566360e11e7f0af96641def3b1c2a	1	107363	silence	uade	Protracker	0	69254	ff4f4261	4dc2cf10	Sound/Modules/Chip-Tunes/H/mod.herr flick.intro.c
2b0df8a42414fcc012ec986a5b6901e9	1	235599	player+silence	uade	Protracker	0	61912	666b28c4	57134c3a	Sound/Modules/Chip-Tunes/Misc/mod.## te-x-mas ##
2b0df8a42414fcc012ec986a5b6901e9	1	235599	player+silence	uade	Protracker	0	61912	666b28c4	57134c3a	Sound/Modules/ExTend/Q-Z/mod.## te-x-mas ##
2b2f43426fc3d5506f901e9d6fe10c08	1	156724	player+volume	uade	Protracker	0	27062	e48a0f0a	22b66335	Sound/Modules/Chip-Tunes/A/mod.Abyss_8
2b55720bf005ab80da4b9f6990dc7774	1	130882	player+silence	uade	Protracker	0	204024	35de943d	641a10ed	Sound/Modules/ExTend/Q-Z/mod.## SUNSET ##
2b5d1054bf2a309da2eb54a00af0e208	1	27328	player	uade	Protracker	0	14894	2677bc09	28b06ff4	Sound/Modules/Chip-Tunes/C/mod.cloze doze
2bf7eb23bb90fe35664d87f80192ebda	1	61568	player	uade	Protracker	0	8820	2ca6b98b	b62b2cd9	Sound/Modules/Chip-Tunes/C/mod.chiptune no. 159
2c160b9832835b45ebaab83873acbf34	1	121469	player	uade	Protracker	0	563682	a128fa3b	f1b3a703	Scene-Events/The-Party-95/Modules/4-Channel/mod.Gluppobert
2c5867a4731e189b4744839ead48844b	1	122997	player	uade	Protracker	0	25370	5a27b216	ea79bc9f	Sound/Modules/Chip-Tunes/C/mod.city of angels
2c74b9aec6bff25a1445e888884bffe2	1	65406	player	uade	Protracker	0	23390	834047d3	c0029bb1	Sound/Modules/Chip-Tunes/Misc/mod.!!commodore-64!!
2c762de0f08b893884fdbdf921aad357	1	224924	player+silence	uade	Protracker	0	154738	1298e2ae	89f9e6db	Sound/Modules/RaveBuster/HardCore/mod.Injected
2c7d56cebfa98d97d356aab5231f2654	1	304398	player+silence	uade	Protracker	0	450662	0c503e84	9e87d8e8	Sound/Modules/RaveBuster/Rave/mod.do you wanna party
2ca6a4f278003a05b73027b7b546b1a5	1	211331	player	uade	Protracker	0	10240	1988c471	d37c1558	Sound/Modules/Chip-Tunes/P/mod.pco
2cc3e6ea962728890e707d18510c8cb8	1	82044	player	uade	Protracker	0	19052	d70fb9fe	92feb9db	Sound/Modules/Chip-Tunes/H/mod.headcrash-intro3
2cdf65ab5550663722785d1f21c57dd0	1	236323	player+silence	uade	OctaMED MMD1	0	347070	05bcad20	160aac4d	Sound/Modules/RaveBuster/Rave/mod.two cowgirls
2d1d76d21a8acbaaefd8c3921bd3abef	1	46216	player	uade	Protracker	0	16240	4e1ce98f	0762ca5f	Sound/Modules/Chip-Tunes/J/mod.jazzy theme
2d67007e96f8826993079df2b364a5ab	1	219403	player+silence	uade	OctaMED MMD1	0	95180	4bcdb375	545a6e59	Sound/Modules/RaveBuster/Rave/mod.shutup and dance
2d6a1a5fac800b74ae04b6111cc21b29	1	215859	player+volume	uade	Protracker	0	409368	f1a2c01c	2ba43e96	Sound/Modules/RaveBuster/Rave/mod.rave nation-air.mix
2d838fb5104412f7806aaed905372ab8	1	218203	player+silence	uade	OctaMED MMD1	0	206412	84c427b1	0f3d80af	Sound/Modules/RaveBuster/HardCore/mod.jump higher !!!
2db4e31e96f489d63a39c8630004a67d	1	61568	player	uade	Protracker	0	10872	659276bc	d6aab8ce	Sound/Modules/Chip-Tunes/S/mod.s8-sprd.exe
2e0c1c074f7e3bf1c21e4a76f5435fb2	1	25720	player	uade	Protracker	0	8528	96f77c2a	9c13dd93	Sound/Modules/Chip-Tunes/M/mod.microforce-intro1   
2e0de4d62e71d443a95e2f2409524bd8	1	46216	player	uade	Protracker	0	39600	7bdfbf96	83f48980	Sound/Modules/Chip-Tunes/R/mod.r0dnakken
2e2a75f6a8a3dc30c3d7f4395963b692	1	108931	player	uade	Protracker	0	21984	a203e47a	2c2cbe79	Sound/Modules/Chip-Tunes/S/mod.suggestive vibes 4
2ea3d3885e1d4e5c86639e4b5ae2414c	1	64120	player	uade	Protracker	0	11534	98716cb4	fb2f99c9	Sound/Modules/Chip-Tunes/C/mod.chip_085
2f378742286594aa3b5d1c16538eefd3	1	60101	player	uade	Protracker	0	34612	16211355	7bc69ca4	Sound/Modules/Chip-Tunes/U/mod.underwarez
2f82738a1952ab4898b94a9e53ed964c	1	49513	player+silence	uade	Protracker	0	150000	718e7703	6986f6fe	Scene-Events/The-Party-95/Modules/4-Channel/mod.bn mainia!!!
2fa192af8f68fafcf8fae7c983d4e877	1	148597	player	uade	Protracker	0	12306	dc71c451	4184d311	Sound/Modules/Chip-Tunes/T/mod.Try.Therapy
2faf8073170b733bec92e1a5237183ff	1	159608	player	uade	Protracker	0	172126	1ad31980	7ef2ae59	Sound/Modules/ExTend/A-H/mod.## dark ##
2faf8073170b733bec92e1a5237183ff	2	0	nosound
2faf8073170b733bec92e1a5237183ff	3	0	nosound
2faf8073170b733bec92e1a5237183ff	4	0	nosound
2fc467bf1b2006b258ff02c9510e202d	1	143493	player	uade	Protracker	0	10000	a271cbc9	b54c6674	Sound/Modules/Chip-Tunes/P/mod.partywarp phase 1
2ff3d83d6a5a0bd56bd9b47b70e65668	1	160131	player	uade	Protracker	0	33142	b488624a	6f0537d8	Sound/Modules/Chip-Tunes/T/mod.task iii
300279f972a3e19deabaddb1c1a8abb9	1	82896	player+silence	uade	Protracker	0	24602	7f2c6ea4	7d609a60	Sound/Modules/Chip-Tunes/Misc/mod.## purgative ##
300279f972a3e19deabaddb1c1a8abb9	1	82896	player+silence	uade	Protracker	0	24602	7f2c6ea4	7d609a60	Sound/Modules/ExTend/I-P/mod.## purgative ##
303ee701c1e414657340cc0b17ea346d	1	61568	player	uade	Protracker	0	7524	94c1b30a	251436a2	Sound/Modules/Chip-Tunes/V/mod.vizchip...2
3080575548d6d952f097e934b277aaa5	1	214562	player	ft2play	FastTracker v2.00	16	572266	8dfae2a2	bb0674ca	Scene-Events/The-Party-95/Modules/Multi-Channel/XM.Oxygen!
309d31c62c0bbd0e87cd6a923166f367	1	96492	player	uade	Protracker	0	121464	aa1ae25d	98c37bdd	Sound/Modules/ExTend/I-P/mod.## meeting ##
30b770e23e727c9b29a9f60223074d09	1	27006	player	uade	Protracker	0	12288	a15c7b00	4e705ad1	Sound/Modules/Chip-Tunes/I/mod.inorganic? tissue
30b81241d708094cc3f761681b4ecb52	1	61568	player	uade	Protracker	0	19306	ca9e22b9	f74b704c	Sound/Modules/Chip-Tunes/D/mod.dct-mini.exe
30bf0f25e8ec76f49d4f5e251df3ea6c	1	34682	player	uade	Protracker	0	9160	fd319858	5a58c2c8	Sound/Modules/Chip-Tunes/C/mod.culhoon
30cfbedd5b64f446992509aa169a0730	1	188283	player	uade	Protracker	0	40232	47da7a80	6df40e62	Sound/Modules/Chip-Tunes/S/mod.schronz
3100d8e4a018a9e86efaf5923c20b4c3	1	57730	player	uade	Protracker	0	20576	82a59063	a0e6ecd3	Sound/Modules/Chip-Tunes/P/mod.pa-ha-ti.
319b1b4d6cd7705c3a009ce5c0f9cf8e	1	76920	player	uade	Protracker	0	25708	c1c9a10a	72a66f54	Sound/Modules/Chip-Tunes/S/mod.shortie1(2)
31a4fe6df7d362fad0d9782b608789d5	1	168188	silence	uade	Protracker	0	114916	98ac1a8e	927faeaf	Sound/Modules/RaveBuster/Rave/mod.dream my dream
31f2e4054dd0db0fc6c2ef9a30949a8c	1	25720	player	uade	Protracker	0	8932	bb429456	49e13737	Sound/Modules/Chip-Tunes/H/mod.husi v2.0
32353652c2c4476ef644832a40ffda40	1	210001	player+silence	uade	Protracker	0	176706	f9f3219b	c31fd26b	Sound/Modules/ExTend/I-P/mod.## overturn ##
3240d19dc2fb1fed6fffaed8da1e8245	1	83009	player	uade	Protracker	0	74290	7a35a87b	3676ca10	Sound/Modules/ExTend/A-H/mod.## awareness ##
325d8ae3b70f8e59803fa5db84b6484f	1	612957	silence	uade	Protracker	0	701238	2fff8b2e	8cefb5e2	Sound/Modules/RaveBuster/MegaMix/mod.thunder-8-megamix
327ea7118f829d4640e9455579423e6a	1	84616	player	uade	Protracker	0	17224	2f9f4128	a126be42	Sound/Modules/Chip-Tunes/E/mod.eurogroove
328c4e3ec523eeb9788858aeee7485e6	1	192141	player	uade	Protracker	0	211510	0ad06000	84067acf	Scene-Events/The-Party-95/Modules/4-Channel/mod.syntactic sugar
32ae2e31a5592d973551b43d6640ff64	1	46216	player	uade	Protracker	0	19912	1081e329	3aeaf962	Sound/Modules/Chip-Tunes/F/mod.fiskspinnar
32b08b320f1f245c06aec97c3632eef0	1	196688	player+silence	uade	Protracker	0	58006	bfbb921c	eece96c0	Sound/Modules/Chip-Tunes/B/mod.brain fluid
3319c0bae8ecfa185101fd5a0611ba57	1	115321	player	uade	Protracker	0	20580	6da8d30d	5007c7aa	Sound/Modules/Chip-Tunes/R/mod.REBELS!!!
334b70f26f07d92809a6138a6250fdd4	1	21882	player	uade	Protracker	0	22254	8a90600b	105f7452	Sound/Modules/Chip-Tunes/U/mod.urgemasik
33709a6a53fb31c9efb81cfa43c5c19e	1	223886	player+volume	uade	OctaMED MMD1	0	359192	b3bf3cbb	fc54b7b4	Sound/Modules/RaveBuster/Rave/mod.pump this party
33899d87b727ca0b23fb24f3bb3ee3cd	1	224892	player+silence	uade	Protracker	0	457048	1a9ab536	248bfb08	Sound/Modules/RaveBuster/Trance/mod.trance-nation
33ce967abccead94c29a3842d7f3219a	1	82044	player	uade	Protracker	0	12208	1453b26b	1c4a6924	Sound/Modules/Chip-Tunes/P/mod.purple-shades
33f93afb928b7ec492878e6fe2bacd5c	1	264159	player	uade	Protracker	0	306922	95e1fb47	3daa39b8	Scene-Events/The-Party-95/Modules/4-Channel/mod.do you love ...
342afb62de2ff5d43ea4370a4d3ff2e4	1	120445	player	uade	Protracker	0	24522	36f29327	33e67fd2	Sound/Modules/Chip-Tunes/A/mod.Abyss_5
34409951f2a8e8925349dbd613ffb028	1	199459	player+silence	uade	Protracker	0	143588	7bec6ae8	f21dad40	Sound/Modules/Chip-Tunes/S/mod.scx-nona.exe
344a67b291b180654b126caea39a7565	1	334629	player	uade	Protracker	0	18434	56dcb238	f22a5b41	Sound/Modules/Chip-Tunes/K/mod.kaarlo's revenge
34587d4cb7ca4b44f215a9997a69532e	1	258753	player	uade	Protracker	0	388528	986731fc	4ff5faf7	Scene-Events/The-Party-95/Modules/4-Channel/mod.hey skat.comp
348b90ce1e028be4f79fa2c798beced4	1	109574	player	uade	Protracker	0	31084	dd43cf58	39dddfa8	Sound/Modules/Chip-Tunes/M/mod.-[mt]-darkintros_03
350d447324930710309993f908817b55	1	151345	player+silence	uade	Protracker	0	314048	6c0e5f5e	c02d69a1	Scene-Events/The-Party-95/Modules/4-Channel/mod.goingtothetop
351ff9b44fb2e6f9df847a47c36aac7e	1	44910	player	uade	Protracker	0	23354	df571ef9	452fd685	Sound/Modules/Chip-Tunes/E/mod.## economy 3 ##
351ff9b44fb2e6f9df847a47c36aac7e	1	44910	player	uade	Protracker	0	23354	df571ef9	452fd685	Sound/Modules/ExTend/A-H/mod.## economy 3 ##
355683ea251af41eeb1d14544efc7e69	1	39244	player	uade	Protracker	0	15976	54467059	51915540	Sound/Modules/Chip-Tunes/M/mod.mystic-tune!
355683ea251af41eeb1d14544efc7e69	2	39967	player
355683ea251af41eeb1d14544efc7e69	3	39244	player
355683ea251af41eeb1d14544efc7e69	4	38520	player
355683ea251af41eeb1d14544efc7e69	5	39967	player
35590e23cf79b7d5ba08d1c872f63e7c	1	118948	player+volume	uade	Protracker	0	97826	9a99c106	b559437b	Sound/Modules/ExTend/Q-Z/mod.## te-x-mas 2 ##
3584db3cae36f6007e43e98829845709	1	326228	player+silence	uade	OctaMED MMD1	0	168738	225892b6	352b8cb4	Sound/Modules/RaveBuster/Rave/mod.we are different
358da6a96045e490f3235550ff884d0f	1	72118	player	uade	Protracker	0	140104	051e1796	5cb05b98	Sound/Modules/South-Sealand/mod.bach rogers2
35917aaf60bbf3d3b9919140daf9193f	1	71093	player	uade	Protracker	0	14672	a56fe60f	236e0acb	Sound/Modules/Chip-Tunes/M/mod.marillion green_summer
35b562a1666e41b4da3f32a59e10cc97	1	71816	player	uade	Protracker	0	10050	14555edb	bc0a11db	Sound/Modules/Chip-Tunes/T/mod.TECHNO-WAVES.ICE
3616805282cc7bea7869507a096e8023	1	200691	silence	uade	Protracker	0	416700	0d54d9f7	a9e65e47	Scene-Events/The-Party-95/Modules/4-Channel/mod.the overture2
361bc94451fbaf895a0e6d38fc9375f9	1	51320	player	uade	Protracker	0	22214	90e2fa73	4414ddb3	Sound/Modules/Chip-Tunes/I/mod.introgasm
362a2b8e61250a6bea9e6bb32ea0afca	1	23168	player	uade	Protracker	0	8700	5267b5d0	a695ae27	Sound/Modules/Chip-Tunes/A/mod.antipasti#19
36847588a37af8d6fbee3ea7eb0d9b5c	1	74107	player	uade	Protracker	0	18076	954a6b96	a5c9fb28	Sound/Modules/Chip-Tunes/G/mod.glumlygoo
368938aa263deda754cba4f16aaf1def	1	140901	player	uade	Protracker	0	19028	c9ab9d49	9bc75d8c	Sound/Modules/Chip-Tunes/S/mod.sumu.exe
36d951120087bf6b47fc91fa45c8b379	1	101558	player+volume	uade	Protracker	0	511618	34bcc17e	56a44bf4	Scene-Events/The-Party-95/Modules/4-Channel/mod.In My Backyard
36df294157aef39ddb4c6dd4e93dd42a	1	235484	player	uade	Protracker	0	285904	870dd69e	63f0e06b	Sound/Modules/South-Sealand/mod.beat-phobia
371a21a00bf3c72e673053035555d19b	1	61689	player	uade	Protracker	0	15206	da2291ed	18134a6a	Sound/Modules/Chip-Tunes/A/mod.ACS-Intr.exe
379291793c7f9f52565dbb3f57fea89b	1	245920	silence	uade	OctaMED MMD1	0	356346	2c5bcda1	691975dd	Sound/Modules/RaveBuster/Rave/mod.morphogenium-live
37ba29d0bd488a5cfeb34e0fbebfa522	1	51320	player	uade	Protracker	0	20900	4a679166	d1cff6ba	Sound/Modules/Chip-Tunes/I/mod.introfronty
37e3dacf6c0c99dc177a57d113f2a0bb	1	297214	player	uade	Protracker	0	259964	b54831e2	95a0dfec	Sound/Modules/ExTend/Q-Z/mod.## survive ##
380abb14823ab61edb4909ecd0260bda	1	46216	player	uade	Protracker	0	8210	eb45a8ec	29aa7096	Sound/Modules/Chip-Tunes/P/mod.psychochip-004
386a2f19c320ca90721486d08889e118	1	106724	player+silence	uade	Protracker	0	18616	9b39f97c	c80e1f35	Sound/Modules/Chip-Tunes/S/mod.Summer.Exe
38a6bde0652df621e7f754a73c3da4da	1	260115	player+silence	uade	Protracker	0	353796	cbcf9a29	183b96de	Sound/Modules/RaveBuster/Rave/mod.rock the house
38d0ffcaaa1c0d0eaa2212044b99d28a	1	175964	player+silence	uade	Protracker	0	20144	f6734ddb	a83dd5d1	Sound/Modules/Chip-Tunes/F/mod.fakedtruth
38d270aacacf47483a8a24dc6ea100d0	0	32432	player	uade	Amos Music Bank	0	84634	16c301cf	23d5e8fb	Games/Action/Idiot_Fighter/idiot_title.music
392e9bfd87e25b407ecbb331091eb84d	1	49311	player	uade	Protracker	0	14470	324edea2	41451a59	Sound/Modules/Chip-Tunes/C/mod.cometa
3946073a6414677dce081fa862ab704e	1	62834	player	uade	Protracker	0	19376	ddffd7be	1df1a4e8	Sound/Modules/Chip-Tunes/Misc/mod.House_On_The_Hil
3976a26a8379b711c138ded7cc6f89d7	1	15472	player	uade	Protracker	0	2902	653ef69d	e8768144	Sound/Modules/Chip-Tunes/T/mod.tp-bbs-add
3977e55e844b11c1fd460fc61a5936f9	1	538186	player+silence	uade	Protracker	0	321708	1e6f91e6	c32f679e	Scene-Events/The-Party-95/Demos/DataWorld/music/mod.sneeze_remix
39d04152783ad019aa8a503a87d81f39	1	48768	player	uade	Protracker	0	22568	2c0cb87f	8e6ae454	Sound/Modules/Chip-Tunes/Misc/mod.   yabadaba dooboo  
39fab237f77e0f3bd05dd4e4c3e87ad4	1	34682	player	uade	Protracker	0	37208	ff32e2b4	e3c5f2a5	Sound/Modules/Chip-Tunes/S/mod.stoer
3a3cf34e3ad143d5d1703e890e44cb31	1	52646	player	uade	Protracker	0	55470	a08924e7	0b80ca22	Sound/Modules/Chip-Tunes/N/mod.nope dope jazzmataz
3a72cc2d5b71f38b9a0c9d5471fb7bbd	1	71816	player	uade	Protracker	0	24354	df86883a	1a92c19f	Sound/Modules/Chip-Tunes/Misc/mod.## bad format ##
3a72cc2d5b71f38b9a0c9d5471fb7bbd	1	71816	player	uade	Protracker	0	24354	df86883a	1a92c19f	Sound/Modules/ExTend/A-H/mod.## bad format ##
3a8bf666352a544f25808a140d867435	1	134109	player	uade	Protracker	0	317340	19a0831b	7c7a3a38	Scene-Events/The-Party-95/Modules/4-Channel/mod.getting started
3aa501f72d2c4621635b7363bdd1f9a5	0	7816	player	uade	Amos Music Bank	0	15276	8d607f56	daa290db	Games/Action/MASH/Mash/sounds/zoom.abk
3b347d4b4720259165f44e6c9432cb18	1	208233	player+silence	uade	Protracker	0	393760	72a3a466	1761ad68	Scene-Events/The-Party-95/Modules/4-Channel/mod.post ouverture
3b6f880ab81fef5bcfe0a68b4c91cc1b	1	347028	player	uade	Protracker	0	363868	c7bc94af	25d972a6	Scene-Events/The-Party-95/Modules/4-Channel/mod.cascade fsol remix
3b7ff0e8b45d82d2c28a020f1d9b50a5	1	53872	player	uade	Protracker	0	40346	74dadc44	6c86913e	Sound/Modules/Chip-Tunes/P/mod.palle's theme2
3b7ff548f2de238f66d35cd0eb4cf047	1	261040	player+silence	uade	Protracker	0	293354	c62d8fd9	09dbc0de	Sound/Modules/RaveBuster/Rave/mod.vivamin-e
3b8e6fcc2b0224b26999a02a5612954c	1	32541	player+silence	uade	Protracker	0	58058	37f84259	da9665c2	Sound/Modules/ExTend/Q-Z/mod.## zz-intro ##
3bbe92c0df640217a6bbea1458fadcf9	1	56424	player	uade	Protracker	0	12666	34882643	634d1cb5	Sound/Modules/Chip-Tunes/M/mod.mgl ntro_#4 **
3bce8afef5344b50fed59bec55620a51	1	83150	player	uade	Protracker	0	264492	fbddd299	68c9477a	Scene-Events/The-Party-95/Modules/4-Channel/mod.En_el_cafe
3c101ad4a6b0ed4b5f0d4a0d3f9b9ba9	1	255056	player	uade	Protracker	0	161698	6f84d200	507c2af8	Sound/Modules/ExTend/Q-Z/mod.= malutkie smutki =
3c101ad4a6b0ed4b5f0d4a0d3f9b9ba9	2	221438	player
3c23dbc54ed472e26f2880f7ea0a1717	1	46216	player	uade	Protracker	0	16240	5b7fef52	04378a01	Sound/Modules/Chip-Tunes/M/mod.mushies jazzy theme
3c551ea785271565486b113958320c1b	1	119584	player+silence	uade	Protracker	0	292412	7fc21dc1	664868aa	Sound/Modules/South-Sealand/mod.Grouls
3c5ced11216bd6b125f1ed0d93c5957a	1	223066	player+silence	ft2play	FastTracker v2.00	12	382697	16a69aa9	d2c543ce	Scene-Events/The-Party-95/Modules/Multi-Channel/XM.Cyborgmania
3c8535ea889ac341d900044b4f909117	1	189549	player	uade	Protracker	0	17266	32fbf77b	ab674e4d	Sound/Modules/Chip-Tunes/S/mod.share and enjoy
3cc2d22ff95255b37e6817fad7f10ce8	1	133888	player	uade	Protracker	0	56338	d622b6ad	30011459	Games/Action/MTDemo/M2
3cca59c478df97cddb8b64e0d8360590	1	138369	player	uade	Protracker	0	23366	fe8f616e	0c165d5f	Sound/Modules/Chip-Tunes/D/mod.dopy afternoon
3cfb252e962171d7a0b84645c1342ffc	1	107645	player	uade	Protracker	0	15656	d0af189e	31ed0dbc	Sound/Modules/Chip-Tunes/E/mod.end of story+
3d31271966d6ddffdbd9e1d003deef32	1	212959	player	uade	Protracker	0	426594	5919d2f3	30508507	Scene-Events/The-Party-95/Modules/4-Channel/mod.the spider
3db4aa2c4f182c97d971f9247f2f4f92	1	223729	player	uade	Protracker	0	155068	a255d058	c6203f29	Sound/Modules/ExTend/I-P/mod.## psychodelic ##
3de40808ea19b5fdc175dec9c353ae47	1	219007	player	uade	Protracker	0	45796	70f91650	872431f3	Sound/Modules/Chip-Tunes/Misc/mod.## auto reverse ##
3de40808ea19b5fdc175dec9c353ae47	1	219007	player	uade	Protracker	0	45796	70f91650	872431f3	Sound/Modules/ExTend/A-H/mod.## auto reverse ##
3dea60a07d1c8a9eceb3df0104e114bd	1	109694	player	uade	Protracker	0	95926	6c3e7586	fbca501f	Sound/Modules/ExTend/I-P/mod.## inertia ##
3decf5ad13ebee4cd9adfe8ccda00c20	1	177328	player+silence	uade	Protracker	0	271454	7961e2f5	d67c64a5	Scene-Events/The-Party-95/Modules/4-Channel/mod.canned_passion
3e637aeec88af501b2afadb8c992306c	1	153721	player	uade	Protracker	0	17504	74f20f8c	1a9ae5b2	Sound/Modules/Chip-Tunes/I/mod.intro-music
3e70c3f32f9607de88799790585042de	1	52084	player	uade	Protracker	0	17320	b9606ff8	7f6097e1	Sound/Modules/Chip-Tunes/E/mod.Eq+Ca.Testiclo
3ef296a61fa807d0544278468cd34061	1	48768	player	uade	Protracker	0	22568	e755dadb	df452dea	Sound/Modules/Chip-Tunes/D/mod.dreamer yabadabadoo
3ef3ad0f4a5ea331e253453b828378bb	1	178263	player+silence	uade	Protracker	0	113692	390970e6	d512e587	Sound/Modules/ExTend/Q-Z/mod.## te-x-mas 3 ##
3f0e151aad114bedd2e9bbab25bb3c34	1	102520	player	uade	Protracker	0	21420	ff68b978	1468b151	Sound/Modules/Chip-Tunes/L/mod.lexstacy
3f23c2be9dde0132cc21091d7aee0c35	1	41715	player	uade	Protracker	0	9700	99c0bc0a	7ce03143	Sound/Modules/Chip-Tunes/C/mod.chippy_nr.116
3f3698024d408aa867032afa5a0b9335	1	92272	player	uade	Protracker	0	9294	58bb28db	3fb2d8be	Sound/Modules/Chip-Tunes/I/mod.intromusic2
3f378ccdf6172a8fa8e5d497eda22d4a	1	193132	player	ft2play	Fasttracker (M.K.)	4	288978	6237ef81	114010c2	Scene-Events/The-Party-95/Modules/4-Channel/mod.omega.mod
3f49172fc36ed1225c12b21d00a8e5e1	1	76780	player	uade	Protracker	0	17000	461b2ce3	41df880c	Sound/Modules/Chip-Tunes/M/mod.mimi mati show
3f9ca9edb393549176dd2ad0d7dd5fa0	1	209547	player+silence	uade	Protracker	0	136768	8a92fb0d	8ffd96ac	Sound/Modules/RaveBuster/House/mod.rock the music
3fba92f7c605e3bbf030183270007f9d	1	128161	player	uade	Protracker	0	29250	00eacb15	f485b61c	Sound/Modules/Chip-Tunes/S/mod.Stellar.Hallucination
3fd288316d857ff061932c521e641f8d	1	230541	player	uade	Protracker	0	37642	e2d329c4	2350fb50	Sound/Modules/Chip-Tunes/0-9/mod.10cm bigger than yo
4018f40f59bcecff52558e39501629cf	1	189187	player	uade	Protracker	0	186510	c10e267d	2e1d5f79	Sound/Modules/ExTend/I-P/mod.##   piece  of   ##
4018f40f59bcecff52558e39501629cf	2	178939	player
40611c0c32d1eea780fe05acc01cb73d	1	71816	player	uade	Protracker	0	16726	07a0e338	20bd8704	Sound/Modules/Chip-Tunes/P/mod.p
40611c0c32d1eea780fe05acc01cb73d	1	71816	player	uade	Protracker	0	16726	07a0e338	20bd8704	Sound/Modules/Chip-Tunes/Q/mod.q
40611c0c32d1eea780fe05acc01cb73d	1	71816	player	uade	Protracker	0	16726	07a0e338	20bd8704	Sound/Modules/Chip-Tunes/R/mod.r
4069cd32487a71b3f90bc1d0e9098411	1	23168	player	uade	Protracker	0	11820	b112b810	6b0302d0	Sound/Modules/Chip-Tunes/Misc/mod.!j0llyg00d!
40adf15a742b3f51ff0229987c8729c9	1	572285	player+silence	uade	Protracker	0	660214	48b9380a	ef21296f	Sound/Modules/RaveBuster/MegaMix/mod.thunderdome-9-mix
40c1fd127e0d0a78675974c44b6a4882	1	61568	player	uade	Protracker	0	8520	5d402762	68df0831	Sound/Modules/Chip-Tunes/G/mod.gonads cracks
40e71c4dd7ecb60b19780640dea97893	1	128121	player	uade	Protracker	0	277254	d5c55cdd	1421b126	Scene-Events/The-Party-95/Modules/4-Channel/mod.media-techno-popicus
40f0243bed5659d8c2b4292b29054849	1	192675	player+silence	uade	Protracker	0	266846	c76b2307	de1794e2	Sound/Modules/RaveBuster/HardCore/mod.drugs - stereomix
40fcd1410a7707efc88de1f4c6dd9f7c	1	323115	player	uade	P50A - P60A - P61A	0	254154	b14927bb	8379a700	Scene-Events/The-Party-95/Demos/Mindprobe/P61.sting
41121891e27ece6efe2044fcfd820990	1	62834	player	uade	Protracker	0	18486	d4e7cfc1	83f0adfc	Sound/Modules/Chip-Tunes/I/mod.in2romusic3
417ce8b061abe2f6e177ba0935d9e68c	1	122997	player	uade	Protracker	0	15300	c00ca9ce	906b820b	Sound/Modules/Chip-Tunes/M/mod.minute.
422f94b9ebd2b8b78a64b1bf8ea513ea	1	357746	player+silence	uade	Protracker	0	520048	63ea0718	e2dc268b	Sound/Modules/RaveBuster/Rave/mod.be a hippy - remix2
42327eee9200182ee49579369ac249a5	1	30824	player	uade	Protracker	0	2374	55290876	0f1d1058	Sound/Modules/Chip-Tunes/B/mod.Bombintr.mod
42501e5f834cf013348cbb45dd6e0491	1	121369	player	uade	Protracker	0	61674	b19b3db0	06bc1ccb	Sound/Modules/Chip-Tunes/R/mod.retrograded
426d43aab4ac3bd6299d3835cc8d37a8	1	44910	player	uade	Protracker	0	11240	c563dda8	03215bad	Sound/Modules/Chip-Tunes/R/mod.revelation-game
427952cfe87713e90b6fc81ca8fff0c0	1	36390	player	uade	Protracker	0	12732	15f10303	0337f4da	Sound/Modules/Chip-Tunes/S/mod.shadow movements#16
4300a46b8ef4ef873bf77dba4b110ae9	1	19310	player	uade	Protracker	0	9582	885dd8eb	cb7d46d5	Sound/Modules/Chip-Tunes/I/mod.introtune4
43104b3ca83fded41359c8712df4f1af	1	103806	player	uade	Protracker	0	15960	474648fb	5058789b	Sound/Modules/Chip-Tunes/H/mod.highspeed
435f82a3fda13b8996b50b326270e89b	1	80758	player	uade	Protracker	0	37744	45c0c709	7d07b33c	Sound/Modules/Chip-Tunes/B/mod.blowblow
437ca1cbfa21b7de580e8d8a6f880f0d	1	143573	player	uade	Protracker	0	356090	4b2eff1f	e578575f	Scene-Events/The-Party-95/Modules/4-Channel/mod.god of errors 2
43a1d344c4b0219304d746ac5ff55e57	1	203775	player	uade	Protracker	0	23836	beb10cac	5f07074c	Sound/Modules/Chip-Tunes/S/mod.survivors
43cd208d989e89d2fd3a573986e85be8	1	107645	player	uade	Protracker	0	41866	c709ceb2	16eb33ab	Sound/Modules/Chip-Tunes/Misc/mod.## x-selector 2 ##
43cd208d989e89d2fd3a573986e85be8	1	107645	player	uade	Protracker	0	41866	c709ceb2	16eb33ab	Sound/Modules/ExTend/Q-Z/mod.## x-selector 2 ##
43d97167e898ca970e2fce32b74327c5	1	301106	player+silence	uade	Protracker	0	410722	dc6252eb	418655cb	Sound/Modules/RaveBuster/HardCore/mod.pump up tha base
44738b214476cb2ea318375841ce1068	1	164893	player	uade	Protracker	0	387446	1ef02fca	5a739d23	Sound/Modules/South-Sealand/mod.glad dans1
4490dbf4b60d2134b0f293d2a32a0d4b	1	44910	player	uade	Protracker	0	34258	6c27810e	bdef7b8d	Sound/Modules/Chip-Tunes/R/mod.regg'it...
44a1a2bdca0d8fbc2463ebf9980e56b0	1	56498	player+silence	uade	Protracker	0	18700	f0b7fcb6	da6501ee	Sound/Modules/Chip-Tunes/C/mod.cyril!
44cb0bae9be84724b0bb50377a82083f	1	19310	player	uade	Protracker	0	24802	4973ff72	7c8e4e45	Sound/Modules/Chip-Tunes/O/mod.oxbow l0ve-part2
45ad5edf9c794c412aa55a3180e3e7dc	1	114135	player	uade	Protracker	0	28558	1de04348	0d833069	Sound/Modules/Chip-Tunes/X/mod.x-prezz
45cfd3bad73f13d109f084c97dd6fac1	1	290563	player	uade	Protracker	0	101780	f2680879	0861a09d	Sound/Modules/Chip-Tunes/A/mod.A Project14
45e9e85758f5000d49a3c51743ddf84d	1	61568	player	uade	Protracker	0	13858	ab63495f	24fbfd02	Sound/Modules/Chip-Tunes/S/mod.salvation mind
45f76b17a9dbd909af5976668197ee83	1	82326	player	uade	Protracker	0	18344	05abeca1	18e37f56	Sound/Modules/Chip-Tunes/K/mod.killer instinct.cut
462aecf500b19f36679fe375e17cd413	1	251861	player	uade	Protracker	0	281826	a71628ba	375f29ad	Sound/Modules/RaveBuster/HardCore/mod.pentagramm
463fc4a11b2c541e155f639bca851aac	1	198732	player	uade	Protracker	0	161792	372d1878	66ac26f9	Sound/Modules/ExTend/A-H/mod.## devastation ##
465689bd4ea0313ea0fd7ede43f94d60	1	189890	player	uade	Protracker	0	158942	69b8f3d2	3e092c07	Scene-Events/The-Party-95/Modules/4-Channel/mod.shake your body...
467941b4a1edb69c2841a68da42687b8	1	99968	player	uade	Protracker	0	29400	46a398bd	8768c01d	Sound/Modules/Chip-Tunes/J/mod.jogeir Ubarbert
46c334263bd0d28125a46ff7709f8462	1	114276	player	uade	Protracker	0	17000	74c7502a	7297badd	Sound/Modules/Chip-Tunes/M/mod.masterchef
46ddb5792e52a35f26e7c9216cfdd28b	1	242268	player+silence	uade	Protracker	0	36204	0a7832b8	29cf84c5	Sound/Modules/Chip-Tunes/H/mod.hunters moon
47141087b2e41e5b126708c8e9c1b8ae	1	76920	player	uade	Protracker	0	12248	6cdf05d2	7fca598c	Sound/Modules/Chip-Tunes/S/mod.shivan dragon
4741dd96d62f1c6a37ba7116c0b67be7	1	314314	player	uade	OctaMED MMD1	0	326458	9ecc64ae	4e169d1a	Sound/Modules/RaveBuster/Rave/mod.spacemix
47d2353b56d0cea9b2aedd797a18dd92	1	97117	player+silence	uade	Protracker	0	38702	43596c4c	7c1f3f08	Sound/Modules/Chip-Tunes/P/mod.pink artcore-theme
4801474f07021ebf28d0de53938a0da8	1	165009	player+silence	uade	OctaMED MMD1	0	153790	a3ee283b	b53a877b	Sound/Modules/RaveBuster/HardCore/mod.Hardcore!
48136afc8a5facc47b13634b367a4847	1	105504	player+volume	uade	Protracker	0	26680	87bc441a	8ebaacbc	Sound/Modules/Chip-Tunes/S/mod.small-intro-tune
483503bff3f7c8c6815e3210d40952e5	1	53872	player	uade	Protracker	0	70356	7de3d47b	c92b26c0	Sound/Modules/Chip-Tunes/T/mod.tracking
484a607638206be834c0bd19eab3e62a	1	30824	player	uade	Protracker	0	5020	c9c793b6	30e600ac	Sound/Modules/Chip-Tunes/C/mod.chippy_nr.145
4889b1c3957fe992b824386515a2d661	1	25720	player	uade	Protracker	0	6714	da9f0622	134b2b26	Sound/Modules/Chip-Tunes/K/mod.kappazz!!
48dfec558cdd6d414bd71ddc94320ffa	1	115290	player+silence	st3play	Scream Tracker 3.2x (GUS)	16	243826	435737de	a6cde7ca	Scene-Events/The-Party-95/Modules/Multi-Channel/S3M.Red Buster
491428d9d373e80a08886fcf5958a0ec	1	188283	player	uade	Protracker	0	49880	9271ddb2	42fe7a6d	Sound/Modules/Chip-Tunes/C/mod.comic bakery #3
492eca9f79e4eb45b7e26857abc1e509	1	92272	player	uade	Protracker	0	20088	f3aa6569	27dd1672	Sound/Modules/Chip-Tunes/K/mod.kloot
4959d44ec9deca0cf85ec2af85bd7b28	1	31427	player	uade	Protracker	0	8006	bd5a3cfb	ccabf680	Sound/Modules/Chip-Tunes/I/mod.introtune3
49a2331e54b1da590dbac517dfb3fa20	1	208118	player+silence	uade	OctaMED MMD1	0	304210	935714bf	02f5cd23	Sound/Modules/RaveBuster/Rave/mod.the hyper speedmix
49da6fb8746cd7db9de06878eb9c9332	1	167062	player+silence	uade	Protracker	0	553194	1e70b2c6	0aae264a	Scene-Events/The-Party-95/Modules/4-Channel/mod.visionaire
4a43b466703e9daa5ebd4123ed66056e	1	100089	player	uade	Protracker	0	23512	76d08cfe	5071fde7	Sound/Modules/Chip-Tunes/C/mod.Chip a'Choup 04
4a7f4d39f3cb17c34f10457316200404	1	61568	player	uade	Protracker	0	30000	29f0f912	779f0015	Sound/Modules/Chip-Tunes/P/mod.pomo_projects
4b099939ec86938db75a14f16d923927	1	52928	player	uade	Protracker	0	17098	4dfb0f53	dfe93996	Sound/Modules/Chip-Tunes/C/mod.chipucko_17
4b49ba6fecf5ffb9583948eb85a7241b	1	115321	player	uade	Protracker	0	29008	cfc6b91f	43c2f57a	Sound/Modules/Chip-Tunes/C/mod.chassokary(tbr)
4bde1546acdae2a3beb8f06f953a040d	1	266881	player+silence	uade	Protracker compatible	0	340048	39c3825b	7d510069	Sound/Modules/RaveBuster/Rave/mod.signs of live
4be4630f16d30be32c1b0db44d339788	1	41072	player	uade	Protracker	0	8412	c8431d45	1308b22c	Sound/Modules/Chip-Tunes/U/mod.ussr
4bef8eff4832093ea0ab6daa570df665	1	57730	player	uade	Protracker	0	10284	13d01cb2	bcf078e5	Sound/Modules/Chip-Tunes/C/mod.chippy_nr.133
4bffe91ecdd47aeefb3661dbb6cf879d	1	12920	player	uade	Protracker	0	2318	935e7f1e	a5edf717	Sound/Modules/Chip-Tunes/I/mod.intro number 45
4c16031d0e9c935c88f96451f30f09c1	1	82044	player	uade	Protracker	0	15744	647523e1	cde8e8dd	Sound/Modules/Chip-Tunes/M/mod.marusha is lame!
4cad734a3b4d4620ad8cff8fc0f30dac	1	205825	player	uade	Protracker	0	330754	ae8f8945	ef1a5168	Scene-Events/The-Party-95/Modules/4-Channel/mod.the_milkman
4cb4d4cbe41c93f44d18bc7411a8fb02	1	51320	player	uade	Protracker	0	9082	0017dd44	766b7507	Sound/Modules/Chip-Tunes/A/mod.an9
4cbd34d21c2181e4005b28af47c5e52b	1	163969	player	uade	Protracker	0	27598	dbba8b64	cdbaf933	Sound/Modules/Chip-Tunes/L/mod.L.Í.Í
4ccbb525d5e16848b20033b717b3cf9a	1	130693	player	uade	Protracker	0	25688	28a1f808	db308bea	Sound/Modules/Chip-Tunes/E/mod.@ eating in peace @
4ce3d55b174b04842b5c17fa05c6e928	1	7796	player	uade	Protracker	0	6352	68bdb9b9	38f35df0	Sound/Modules/Chip-Tunes/B/mod.ballerina
4ce465b8528d883991fb6f8b23fe5400	1	113251	player	uade	Protracker	0	22610	d27af6fc	ba8855c1	Sound/Modules/Chip-Tunes/0-9/mod.1
4cfa6549f7ceb6030d92842b0b2fadf5	1	46216	player	uade	Protracker	0	28238	8d8f50d3	814ebcac	Sound/Modules/Chip-Tunes/E/mod.## economy 12 ##
4cfa6549f7ceb6030d92842b0b2fadf5	1	46216	player	uade	Protracker	0	28238	8d8f50d3	814ebcac	Sound/Modules/ExTend/A-H/mod.## economy 12 ##
4d23fab5300bf915354737d0069f7c96	1	216307	player+silence	uade	OctaMED MMD1	0	312554	a2b53a1e	db3e3ce3	Sound/Modules/RaveBuster/Trance/mod.Lost_in_love_REMIX
4d478641b9e21d141e329b093b09200f	1	62031	player	uade	Protracker	0	35488	51f69a59	27455f7c	Sound/Modules/Chip-Tunes/C/mod.classic in space
4d49ce292bac3ae36a5474fb003c6408	1	249048	player	uade	Protracker	0	318752	1dda35c8	4d6c2777	Sound/Modules/RaveBuster/HardCore/mod.thunderdome baby
4d7f6d61aba59d0491c99f51a41a4ecc	1	75011	player	uade	Protracker	0	17972	54977818	65c9f027	Sound/Modules/Chip-Tunes/A/mod.axs-whoi.exe
4d8bb49361288f6861995ed90f3b753a	1	278265	player	uade	Protracker	0	183240	f58fdf8e	128a890d	Sound/Modules/RaveBuster/Rave/mod.feel_the_bass_!
4d9cf35472cd87a0dc8e6cdfc876eb5e	1	116124	player	uade	Protracker	0	36432	96ed20e2	79a6b6d2	Sound/Modules/Chip-Tunes/I/mod.intro1
4dd6eafbedf059305ee9510faf9845f5	1	32110	player	uade	Protracker	0	12472	59c053b9	8296fcfc	Sound/Modules/Chip-Tunes/C/mod.chip_67
4de4b2b481c217cefc3f7a45c463eadc	1	61568	player	uade	Protracker	0	10872	f468f807	fc59e179	Sound/Modules/Chip-Tunes/T/mod.trained_by_noxious
4e26c5398bb62bc3d345d8c33fb0acac	1	82044	player	uade	Protracker	0	23644	4667d156	c42b2ae4	Sound/Modules/Chip-Tunes/S/mod.suggestive vibes 5
4e3ac3ab5cefbb698ed8f080346df5b2	1	175563	player	uade	Protracker	0	38146	d2d81541	b2694453	Sound/Modules/Chip-Tunes/C/mod.chrysalid
4e52677b6a42ee3e3d2392c084e1700d	1	172919	player+silence	uade	Protracker	0	140942	123dd07f	a435a45b	Sound/Modules/ExTend/Q-Z/mod.## TE-X-MAS 5 ##
4ea6c09ddca6df849ea8ede1691b6a5f	1	53872	player	uade	Protracker	0	8952	bcd962cd	9bf30fd5	Sound/Modules/Chip-Tunes/A/mod.atx-cra.exe
4ebf727c894ab9c7f7f4584750fa242a	1	44361	player+silence	uade	Protracker	0	43230	bb02cf18	71651ce6	Sound/Modules/Chip-Tunes/Misc/mod.## cozanostra ##
4ebf727c894ab9c7f7f4584750fa242a	1	44361	player+silence	uade	Protracker	0	43230	bb02cf18	71651ce6	Sound/Modules/ExTend/A-H/mod.## cozanostra ##
4ed03ff145f6e731380bd396eb8ceeba	1	70530	player	uade	Protracker	0	22930	501260bf	58be4b7e	Sound/Modules/Chip-Tunes/A/mod.Abyss_3
4ee721f5568edd06996b4f98254019fc	1	72118	player	uade	Protracker	0	17938	a8131bc7	9ed0770e	Sound/Modules/Chip-Tunes/C/mod.chippy_nr.141.2
4eee2759b4663a406c6b114218e95764	1	201226	player+volume	uade	Protracker	0	25110	2b52be12	cc132897	Sound/Modules/Chip-Tunes/A/mod.anthrox
4eee2759b4663a406c6b114218e95764	1	201226	player+volume	uade	Protracker	0	25110	2b52be12	cc132897	Sound/Modules/Chip-Tunes/A/mod.anthrox.0
4f465e8b1fe84791aa3dece2c4645744	1	172690	player	uade	Protracker	0	189090	35b99d57	ee6fdad0	Sound/Modules/ExTend/Q-Z/mod.## screamtech ##
4f53851c5c9af07a6cc119c43697a93e	1	63377	player	uade	Protracker	0	29286	74aa4bba	f04608b8	Sound/Modules/Chip-Tunes/P/mod.pink put_on_the_anc
4f6585202c4b20610b4b5c33deeadf18	1	147009	player	uade	Protracker	0	22136	cfcb2c8b	962ad5ff	Sound/Modules/Chip-Tunes/C/mod.chit2-music
4fb3f1a2693b04feb8f18b61f4d6d072	1	153721	player	uade	Protracker	0	21616	db84ccdd	3d1f6608	Sound/Modules/Chip-Tunes/P/mod.pichip
4fb541b8f8e612235fc100d6c6adf8d1	1	300128	player	uade	Protracker	0	61200	e5e6ab2a	63569583	Sound/Modules/Chip-Tunes/A/mod.adsr - the dub
4feae4fe90c6c2dfc537954579b4b5d7	1	138369	player	uade	Protracker	0	26866	e8c7f744	560d3db9	Sound/Modules/Chip-Tunes/S/mod.shy'n'memory
4fee48fb89ff3ccdfdf40b02eae76932	1	73886	player	uade	Protracker	0	36460	89b3a370	0e44ed41	Sound/Modules/Chip-Tunes/A/mod.ars-intr.exe
505122726bcf7a7627de62ad3e8b2532	1	46578	player	uade	Protracker	0	5666	3f791e6e	79736e9c	Sound/Modules/Chip-Tunes/W/mod.what(wuh?)
506a3313d0bcb39e0cdf5d49a2ff3f88	1	75875	player	uade	Protracker	0	18000	d26e3556	217852bd	Sound/Modules/Chip-Tunes/F/mod.feed your chicken!!
508826af07fec346975a61543c9fc0eb	1	60544	player	uade	Protracker	0	16808	a6dd25ce	e3c80c29	Sound/Modules/Chip-Tunes/Misc/mod.(-cia-rules-u-all-)
50c6d63a4acbe6755bb92a41b164007d	1	84616	player	uade	Protracker	0	20894	237c9135	dc5f059e	Sound/Modules/Chip-Tunes/E/mod.eens
50d3787640a25289636d8ec06a91c8d3	1	241412	player	st3play	Scream Tracker 3.2x (GUS)	16	724288	94b2ba7c	92535704	Scene-Events/The-Party-95/Modules/Multi-Channel/S3M.Revelation
5144177ce402b7164de34374b90ccb34	1	457464	player+volume	uade	Protracker	0	307652	2a451d6c	12f15f50	Sound/Modules/ExTend/Q-Z/mod.## starlight ##
518d031ecab63fb1b6b3f504834e2b64	1	53872	player	uade	Protracker	0	5870	ed11d2a4	a3fc5c5e	Sound/Modules/Chip-Tunes/J/mod.julgubbe rulez!
51a1ea405cba272be305253faf8b425e	1	38520	player	uade	Protracker	0	23538	a3421da1	bda26141	Sound/Modules/Chip-Tunes/0-9/mod.<-2400'n.counting->
522155fd181305b12665da4ef140e071	1	269289	player+silence	uade	Protracker	0	427048	30483f1d	7ab2d221	Sound/Modules/RaveBuster/HardCore/mod.frieds-hardcoremix
522dc8c6ba9d4771fd97153abe7636b6	1	276572	player+silence	uade	Protracker	0	53866	e9475345	7fbeaf2a	Sound/Modules/Chip-Tunes/S/mod.## suggestion ##
522dc8c6ba9d4771fd97153abe7636b6	1	276572	player+silence	uade	Protracker	0	53866	e9475345	7fbeaf2a	Sound/Modules/ExTend/Q-Z/mod.## suggestion ##
527df3e9d41e7bb10a7d4c0d29f70952	1	284373	player+silence	uade	Protracker	0	218330	58e48265	3804ea0c	Scene-Events/The-Party-95/Modules/4-Channel/mod.black silver
529b0cd43ed71aabbcb97fc69dc26e6a	1	99325	player	uade	Protracker	0	19138	a0533555	7a70c40c	Sound/Modules/Chip-Tunes/S/mod.StoneArts.Bjarne
52c77d5716d5b8520e8a8e3508fc8050	1	62533	player	uade	Protracker	0	14814	d4d25358	9502b2e8	Sound/Modules/Chip-Tunes/J/mod.jogeir crackintro.pp
530c36ae974e92db94dd9d24fb138fc3	1	71173	player	uade	Protracker	0	16520	3055efdb	231cf3da	Sound/Modules/Chip-Tunes/E/mod.explosion
533cda7436795aec1aa0da324e660fa5	1	138369	player	uade	Protracker	0	20680	ab1848dd	984c21bb	Sound/Modules/Chip-Tunes/H/mod.heat
53425c95ebff7df61628137a38ad7bfd	1	89720	player	uade	Protracker	0	16384	211ad0ad	aa89fc7e	Sound/Modules/Chip-Tunes/S/mod.stb-intr.exe
534f830b54cd5d8a4706d928278b9df7	1	292419	player+volume	uade	Protracker	0	533466	59aa683d	fadc7487	Sound/Modules/RaveBuster/HardCore/mod.das gehaemmer - rmx
5350bb2e1857b36a9e2cce2a8df93def	1	69224	player	uade	Protracker	0	9068	987bba8e	83283ce7	Sound/Modules/Chip-Tunes/Misc/mod.cache'941
535a76e0705b0d613fc1f4d9de06a3cd	1	48125	player	uade	Protracker	0	48826	639b3052	d8e0050b	Sound/Modules/Chip-Tunes/B/mod.Blue Cats
535ebe155b378b395ade9cff308d48af	1	169093	player	uade	Protracker	0	18098	b532bc7c	9ea76e7c	Sound/Modules/Chip-Tunes/Z/mod.zapped-out
53618e346799a49ed4d6ca9c4817e3d9	1	212334	player+silence	uade	Protracker	0	343738	025d1f5e	34cf7fd1	Scene-Events/The-Party-95/Modules/4-Channel/mod.control
5379a405d721bead96a7f99346e09eee	1	350150	player+silence	uade	Protracker	0	207300	61284aa0	4ff25ccf	Sound/Modules/ExTend/Q-Z/mod.## reflection ##
53c0fb820bddcdd15cf8315b67c062cf	1	69224	player	uade	Protracker	0	23074	e6c3b9fc	26f6344b	Sound/Modules/Chip-Tunes/U/mod.unmem
53c287de1bf4035336a31b8e103becee	1	21259	player	uade	Protracker	0	13412	c443e7e8	c2d70fe4	Sound/Modules/Chip-Tunes/C/mod.chippy_nr.108
53dcf080c9b327177529fbb4689a9141	1	61568	player	uade	Protracker	0	9456	88d6ce8b	deba6a8d	Sound/Modules/Chip-Tunes/M/mod.matkamies
53e1e406391e43dbeb242691f15bdcc6	1	61568	player	uade	Protracker	0	11166	761f2b2a	cf3350d7	Sound/Modules/Chip-Tunes/R/mod.repulsive-chip
53f05f36ec2032d92bf578fa91e11437	1	153721	player	uade	Protracker	0	25092	5cb04e3f	eadcb7e4	Sound/Modules/Chip-Tunes/A/mod.a fucking chip-tune
543ab5b37860a07020cddeebe80526d2	1	116285	player	uade	Protracker	0	19934	2bae851e	02f8e977	Sound/Modules/Chip-Tunes/O/mod.out of memory
54529fdb8cc371daf2b4c7c2dae764fd	1	57730	player	uade	Protracker	0	17594	336e2737	4b128d38	Sound/Modules/Chip-Tunes/N/mod.NEMESIS
545598b8e6c79ac89ec9aad6e4913228	1	92272	player	uade	Protracker	0	27764	aee3cfd7	c003273c	Sound/Modules/Chip-Tunes/M/mod.-[mt]-darkintros_01
5461762edbcb18a7eb276b63bae6abed	1	124555	player+silence	uade	Protracker	0	317486	5e95db74	64c2b592	Sound/Modules/South-Sealand/mod.oh shit!
54a6033af515eb1be2c3d7a1023baa54	1	163969	player	uade	Protracker	0	27598	40f86780	bc7456f4	Sound/Modules/Chip-Tunes/0-9/mod.4mat
54c726ac2df9d727af518f35444b17c6	1	64902	player+silence	uade	Protracker	0	18388	fc74abbf	487c7d6b	Sound/Modules/Chip-Tunes/S/mod.spinat
54d132ab648b65250e528c38245aa430	1	131538	player+silence	uade	Protracker	0	30468	00570310	fad6dfd6	Sound/Modules/Chip-Tunes/R/mod.ragnars visa
552fa6f43464a28ff720720532240367	1	51320	player	uade	Protracker	0	28534	a36247c8	0f1db573	Sound/Modules/Chip-Tunes/E/mod.## economy 2 ##
552fa6f43464a28ff720720532240367	1	51320	player	uade	Protracker	0	28534	a36247c8	0f1db573	Sound/Modules/ExTend/A-H/mod.## economy 2 ##
55338a16ade128aaa843a1ad931a237b	1	373572	player	uade	Protracker	0	366792	43a7715c	a9450fc8	Sound/Modules/RaveBuster/HardCore/mod.th.dome_shortmix
559eb3de9fd91d03588b40e6b5a673d4	1	89720	player	uade	Protracker	0	18862	537bd255	9ebb53b8	Sound/Modules/Chip-Tunes/M/mod.mortimer euroslisk
55acf255e27ff7b140de54202bcfac9c	1	39305	player+silence	uade	Protracker	0	22246	eda471e0	30a194d7	Sound/Modules/Chip-Tunes/D/mod.DiSiSSid-2-Ninja3
5622f6d34140272c84a262a37b96e2de	1	318896	player	uade	Protracker	0	348510	bca2da4b	129120a3	Scene-Events/The-Party-95/Modules/4-Channel/mod.ft magic sound
5626d0ecfde3b32fd07e6bd3919e44ab	1	137846	player	uade	Protracker	0	148002	4771ef1c	b9996e3c	Sound/Modules/Chip-Tunes/I/mod.irish biniou song
5648f8580f975db978b2f610df06ea88	1	69224	player	uade	Protracker	0	28782	9b06f0d0	c2539794	Sound/Modules/Chip-Tunes/A/mod.adc-mc4i.exe
5699cf76e3a49a7b06484ec998a2a20e	1	51320	player	uade	Protracker	0	12500	d5870115	1c7f2ab7	Sound/Modules/Chip-Tunes/T/mod.ts-intro music 0001
569f2018ad60d621d993d1305ded931c	1	35968	player	uade	Protracker	0	10414	dfc491f1	ba341583	Sound/Modules/Chip-Tunes/L/mod.loneliness
56b03f17f6762da2c7773bc3f64ae46a	1	107645	player	uade	Protracker	0	42852	31435fc8	72ab86ce	Sound/Modules/Chip-Tunes/D/mod.daydreams2
56b249be24e84fdefb09eedf1d9db783	1	340177	player+volume	uade	Protracker	0	569972	24d63d5d	93064057	Sound/Modules/RaveBuster/Rave/mod.love is all around
56e3f9fc3ad31c9f0851d1ddc502d79b	1	318946	player+silence	uade	Protracker	0	596990	823bacb4	34f59ea3	Sound/Modules/RaveBuster/Rave/mod.stop_scatching_rmx
56f022f5b9d5c342f0fd48c16dd8d2ed	1	51320	player	uade	Protracker	0	12520	42cd9b8a	d542d664	Sound/Modules/Chip-Tunes/P/mod.PSV-CHIPPACK.EXE
56fa0b4e23078cbec365009ff546247f	1	298295	player+silence	uade	OctaMED MMD1	0	208254	5e86ec30	fe8a2ff6	Sound/Modules/RaveBuster/Trance/mod.the house of house
570dd3b30c05dfcb5b630985fbdc9379	1	111904	player	uade	Protracker	0	490436	ccfe0a85	a0dc27ca	Scene-Events/The-Party-95/Modules/4-Channel/mod.greendaything
57ba7511b236661203f249fa00ae6ed7	1	167164	player	uade	Protracker	0	120266	1ee7a8d9	0f9f8c8f	Sound/Modules/Chip-Tunes/B/mod.bounga
57d340f42eceabb7b4eeef1f4c216ecf	1	102942	player	uade	Protracker	0	40834	1b3fb7ee	e16d89be	Sound/Modules/Chip-Tunes/N/mod.needs some fixing
57e22e8a8b50f99b9c376cc0aecd6b64	1	138369	player	uade	Protracker	0	15410	2d2c7b03	da7321ff	Sound/Modules/Chip-Tunes/S/mod.super mario land
58260570c155e157c15717b236a6c26f	1	191316	player+silence	st3play	Scream Tracker 3.01 (GUS)	16	603432	4d685e86	588fa528	Scene-Events/The-Party-95/Modules/Multi-Channel/S3M.Late Noon Scene
5846604a42e4ab79f980a33af7de069d	1	50034	player	uade	Protracker	0	28386	a81713d5	97c5710c	Sound/Modules/Chip-Tunes/E/mod.## economy 15 ##
5846604a42e4ab79f980a33af7de069d	1	50034	player	uade	Protracker	0	28386	a81713d5	97c5710c	Sound/Modules/ExTend/A-H/mod.## economy 15 ##
585f4c057637def6838433e857a9df63	1	115321	player	uade	Protracker	0	29070	66e2a783	1f08eee6	Sound/Modules/Chip-Tunes/S/mod.small'n'naff
5875e6be88ea5c5b091f673de1ba4280	1	56906	player	uade	Protracker	0	13566	3300ca58	54be422d	Sound/Modules/Chip-Tunes/T/mod.tu$$u10.special
588e55daae06791dff446c7b354aeb17	1	51320	player	uade	Protracker	0	6024	26c05f03	1b493aa3	Sound/Modules/Chip-Tunes/C/mod.claws criminal tear
58afc6144b79d4fc9f81c4cb0915863f	1	198706	player+silence	uade	Protracker	0	183026	f7e8f443	772ed3b7	Sound/Modules/RaveBuster/HardCore/mod.suck !
590e35cddfd32037aa641241d602371d	1	239444	player+silence	uade	Protracker	0	182188	6f5c9ab4	f2ac66fe	Sound/Modules/ExTend/A-H/mod.## destruction ##
5917469b6ac6c224ffbd351c489ff725	1	59197	player	uade	Protracker	0	10086	51e36af7	5acd84b7	Sound/Modules/Chip-Tunes/H/mod.happy ending?
5923bb1e6c438b1427bd72bc607c4615	1	30824	player	uade	Protracker	0	8524	dbd5a045	e4125905	Sound/Modules/Chip-Tunes/I/mod.intromuz-7.hb
595fd42ced35015e857b98c98eba81b8	1	103806	player	uade	Protracker	0	27204	7fbd2119	bebab17f	Sound/Modules/Chip-Tunes/S/mod.subliminal
596f208a6bc54d7fcc8ce995e884a161	1	138065	player+silence	uade	Protracker	0	351532	fb93e87a	85b2834c	Scene-Events/The-Party-95/Modules/4-Channel/mod.mystic
597797c08bf33e5fea26349411b06e78	1	92272	player	uade	Protracker	0	14742	64124fdb	1d8c7157	Sound/Modules/Chip-Tunes/T/mod.thg-ace.exe
59e2bf2340b5b8d913d9821053f19455	1	303363	player	uade	Protracker	0	587456	7932aba5	ebdc10e5	Sound/Modules/RaveBuster/Rave/mod.tekkno wonderland
5a4ae6384395640a0710499ec83017af	1	132677	player+silence	uade	Protracker	0	353868	9005a40e	bbeb4c69	Scene-Events/The-Party-95/Modules/4-Channel/mod.caph and lamed
5a4b24715d38dc28a74a27c1fedc8fae	1	300455	player+silence	uade	Protracker	0	216622	60be82c3	ae28277c	Sound/Modules/ExTend/A-H/mod.## annihilation ##
5ae26050f9ccbc795c419d3939af4a12	1	314455	player	uade	Protracker	0	401868	f35bed99	aab2264c	Sound/Modules/RaveBuster/House/mod.your house is my-02
5b000539603d23c79589f2324d320671	1	281614	player+silence	uade	OctaMED MMD1	0	215488	d751ded2	05df0755	Sound/Modules/RaveBuster/Rave/mod.people of nation
5b443d37cdc4768595fc2f7c6e102340	1	23168	player	uade	Protracker	0	15874	08f9cd57	08e5b551	Sound/Modules/Chip-Tunes/N/mod.nebulus colaptus
5b56ba3c636bee2d28b5366a1333f7ec	1	121731	player	uade	Protracker	0	32266	e38fe974	c4b49e2c	Sound/Modules/Chip-Tunes/Misc/mod.*****hardchip2*****
5b5ec1840419506034bb4a855f2d2080	1	275633	player	uade	Protracker	0	63402	b5d3dd72	e43e527b	Sound/Modules/Chip-Tunes/T/mod.terra cresta
5b6020d100188490a92e333ee403fb7f	1	18305	player	uade	Protracker	0	6096	6b20dc01	a4a74084	Sound/Modules/Chip-Tunes/C/mod.chippy_nr.136
5b8bc3b89b4fb9b5b92f94b50cce0c83	1	61568	player	uade	Protracker	0	31388	fcb7ae65	bc7f079f	Sound/Modules/Chip-Tunes/B/mod.bartman emc 17
5b8e7de9dd0f0b4f521e6ba745c8054d	1	224131	player	uade	Protracker	0	113786	99337429	85ac36f0	Scene-Events/The-Party-95/Modules/4-Channel/mod.vermins-eat-dust
5c66ff3f92cae4740a97c93f82fc9ff2	1	92272	player	uade	Protracker	0	25224	23a4db86	8223d965	Sound/Modules/Chip-Tunes/H/mod.hdf-halogene
5ca36670b8c0a65b0eb1d93033896cd0	1	146882	player+silence	uade	OctaMED MMD1	0	149806	c699e354	dc94498f	Sound/Modules/RaveBuster/HardCore/mod.suicidal suzy
5ce324e7069757c9ee917c39ccdc70a4	1	61568	player	uade	Protracker	0	9822	77478dbc	968b234f	Sound/Modules/Chip-Tunes/S/mod.smellon-design
5d38137691e901cdfe29ed87c18c4d3a	1	316864	player+silence	uade	Protracker	0	342270	58a4e6fb	2bbe0c44	Sound/Modules/RaveBuster/Jungle/mod.da jabba-junglecore
5d4cc3c1bbd743beac54641eb85f096e	1	82687	player	uade	Protracker	0	14532	dd08a56c	20a90c75	Sound/Modules/Chip-Tunes/I/mod.inmenu1
5d7a80a8529d5f6bd2c0f77a233f7718	1	61568	player	uade	Protracker	0	47082	95f8c484	0a3461e9	Sound/Modules/Chip-Tunes/D/mod.DiSiSSid-2-Sigma7
5da61eba52ca2ccd84be1ad204999c29	1	27328	player	uade	Protracker	0	8360	14b5d6e6	01dbfc0d	Sound/Modules/Chip-Tunes/O/mod.outrun
5df06777581a1ef2633c9bf6c28d5373	1	92272	player	uade	Protracker	0	16640	7b8daec2	c493b98f	Sound/Modules/Chip-Tunes/C/mod.cure at random
5e4bda8a6edcbab67f4391c3a83ed311	1	277518	player+silence	uade	OctaMED MMD1	0	258750	884934dc	e30b5d50	Sound/Modules/RaveBuster/HardCore/mod.westbam's hardcore
5e85a133a9e13e05a0c738e5d63563e0	1	194687	player+silence	uade	Protracker	0	340610	8adb3396	a2dbe492	Scene-Events/The-Party-95/Modules/4-Channel/mod.magic journey
5eb42fd9879a13096f4a8a6ef0c109be	1	327481	player+silence	uade	Protracker	0	476900	7ffb45ec	9bc18d43	Sound/Modules/RaveBuster/Trance/mod.it's a dream - rmx2
5eb52865af5a98351d43fe4c6eb5448f	1	99968	player	uade	Startrekker (4ch)	0	64858	56afdae8	99736e37	Games/Action/Kargon/MusicTitle.dat
5f474af402b24f34295ec3998b767f40	1	224151	player	uade	Protracker	0	525522	da3cd2f2	8a551510	Sound/Modules/RaveBuster/Rave/mod.unlimed ravers-rmx
5f4ea46db987ad24d851ef5535cfa21e	1	23168	player	uade	Protracker	0	5592	d2a5abef	f91007e9	Sound/Modules/Chip-Tunes/O/mod.osakemies
5f5c705090295e1f94d80d484b0443a6	1	330992	player	uade	Protracker	0	537470	dae6e051	c59149b1	Scene-Events/The-Party-95/Modules/4-Channel/mod.spiral mechanism
5f7cf90970e02ae7e73fe0db2c5c63b4	1	272576	player+volume	uade	Protracker	0	168856	6c9546c3	214fa89d	Scene-Events/The-Party-95/Modules/4-Channel/mod.marching_elefants
5f8dd0f28db2e791ab80dc9743fa30cd	1	108931	player	uade	Protracker	0	47916	e569f48f	8d02e700	Sound/Modules/Chip-Tunes/S/mod.scavy's machine
5fa933554337f2fc0b00ea0ad8c5c256	1	174728	player+silence	uade	Protracker	0	422700	398e3d67	2f4a69d5	Scene-Events/The-Party-95/Modules/4-Channel/mod.world of insanity
5fe9f8a142279790af621f83103fbdfb	1	102520	player	uade	Protracker	0	19650	d7cfb457	32eebe2b	Sound/Modules/Chip-Tunes/G/mod.greater_than
60011b8c36fc81ddf26b0a85e1bcac4a	1	74047	player	uade	Protracker	0	18192	e9c838c9	62fc9735	Sound/Modules/Chip-Tunes/S/mod.santa's blues
60af79176e73a332b7486eab93df9ffe	1	10368	player	uade	Protracker	0	21010	64467e66	08e03fae	Sound/Modules/Chip-Tunes/T/mod.techno
60c2479973db049e08a94b66dd4ef1f4	1	259979	player+silence	uade	Protracker	0	683304	c0030bd5	e3f855eb	Scene-Events/The-Party-95/Modules/4-Channel/mod.*the dragon breath*
612b32c2670802ee64bcb84da53f8511	1	184445	player	uade	Protracker	0	39942	e50dbc75	c501d84a	Sound/Modules/Chip-Tunes/S/mod.starpaws
614e5dc0035599cb9ba1d418e0487435	1	238197	player	uade	Protracker	0	21666	96d9845d	0fc867a7	Sound/Modules/Chip-Tunes/T/mod.tokingstone
61683409bcb9b3788b9041aed20e865f	1	41072	player	uade	Protracker	0	13282	04ec056e	2410c8fd	Sound/Modules/Chip-Tunes/S/mod.sugarpuffs2
619f59852c77c6be2079f8acdd72e268	1	96130	player	uade	Protracker	0	37486	1fa1cbb1	93e95cad	Sound/Modules/Chip-Tunes/S/mod.smoke the dust !
61b506f828242a598d8b30a9e43afb4a	1	207493	player	uade	Protracker	0	88178	86062b9e	3727d1f8	Sound/Modules/ExTend/Q-Z/mod.## scurry ##
61c1e1ee506a3269e58917b2f6cdec88	1	322693	player	uade	Protracker	0	79342	1889f89d	7b7fb513	Sound/Modules/Chip-Tunes/D/mod.doh jim is dead
621d6836ec1f4daa5e455764a6c9140d	1	149756	player+silence	uade	Protracker	0	119108	878aa122	51c29e20	Sound/Modules/ExTend/A-H/mod.## amusing ##
62ca8dbbabf9c97253bacb64a5d7795f	1	57730	player	uade	Protracker	0	30558	c06b234a	ca189be1	Sound/Modules/Chip-Tunes/H/mod.hmc stylee.03
62e16447a04635eb2ceb3431feb366a9	1	20596	player	uade	Protracker	0	12388	f438783c	5686eaf5	Sound/Modules/Chip-Tunes/C/mod.chippy_nr.126
62e2c243f13fc8b49cdb6e1aee9d3220	1	113572	player+silence	uade	Protracker	0	22254	bb6027ba	a6c4d5ce	Sound/Modules/Chip-Tunes/M/mod.mission_impossible
62ff48af67a75998111c28b642413268	1	38520	player	uade	Protracker	0	33226	18975ea2	11d33324	Games/Puzzle/Tetrys/Musics/mod.menu
6307e136bbe532aeb0e96f26d4ab9aab	1	190230	player+silence	uade	OctaMED MMD1	0	190710	09c30c34	5bd26346	Sound/Modules/RaveBuster/Trance/mod.message-remix
63534eafa461fbc71894690e6620b437	1	209889	player+volume	uade	Protracker	0	496616	84019336	79e28f22	Sound/Modules/RaveBuster/MegaMix/mod.scooter_your_ass
636b39f27cd39efe2df904890fb44086	1	7957	player	uade	Protracker	0	5010	940545fe	eee3c85b	Sound/Modules/Chip-Tunes/P/mod.pi3
63849752fb94862e7227b2ce181771ca	1	330962	player+silence	uade	Protracker	0	395852	29d8c56b	f7968b6e	Sound/Modules/RaveBuster/Rave/mod.backtired-remix
63a0724451c38beb9fa78768d98734f2	1	295792	player+silence	uade	Protracker	0	541810	96c71bcc	ba0b7ae5	Scene-Events/The-Party-95/Modules/4-Channel/mod.collective h.compo
642483597df2648be5d5c45f64ba6af9	1	71816	player	uade	Protracker	0	21938	4e544589	217e0acf	Sound/Modules/Chip-Tunes/A/mod.astral|c.forces.v15
6432130866da9234a4d4eaaab280c155	1	198004	player+silence	uade	OctaMED MMD1	0	289258	8ec2409f	34814d5c	Sound/Modules/RaveBuster/Rave/mod.i need your love
646159c8c14b94275f6096857ebd90f4	1	120324	player	uade	Protracker	0	27410	2b625d81	3dd296d6	Sound/Modules/Chip-Tunes/F/mod.fireballs
649622c89edf0c68f1fb7c5d866f8580	1	188283	player	uade	Protracker	0	20404	37214851	bf0cdaac	Sound/Modules/Chip-Tunes/P/mod.paris grooove up
649964ea93bcfe4798f598b73aa6f592	1	192141	player	uade	Protracker	0	86760	bbcf0c88	c208b012	Sound/Modules/ExTend/A-H/mod.## battle ##
64bba7f2e16cf79a4780de4560576c6c	1	94443	player	uade	Protracker	0	18454	53feb235	262cb129	Sound/Modules/Chip-Tunes/W/mod.walnut tree
64cb159a80d8f3ae30667e7d1405e7f3	1	38520	player	uade	Protracker	0	9428	b1779e05	43c0b486	Sound/Modules/Chip-Tunes/I/mod.introtune1
6516517af99138ac4609e0696570d2da	1	223448	player	uade	Protracker	0	148786	611ab8c1	b32212e3	Sound/Modules/RaveBuster/HardCore/mod.babdobbel-dobbelin
6527182ec7fe8df7148c35cabb5fe744	1	291960	player+silence	uade	Protracker	0	654502	683dd465	ec51adac	Scene-Events/The-Party-95/Modules/4-Channel/mod.fountain of sighs
662afe3b4e76e0eb7252d97b6416eb14	1	46216	player	uade	Protracker	0	11110	7be178b8	fdc80b17	Sound/Modules/Chip-Tunes/I/mod.intro number 32
66649bdaa15e16c110390d82fe4bac45	1	53872	player	uade	Protracker	0	32936	36440e04	dd11b757	Sound/Modules/Chip-Tunes/A/mod.Andromeda.intro
667fe6088ee97befc5098eb10e11a96b	1	398398	player+silence	uade	Protracker	0	393606	ef777374	d0e94450	Sound/Modules/RaveBuster/Rave/mod.los_paplos_remix
672f5645e07b4d1a218bece8b2553b23	1	42760	player	uade	Protracker	0	23300	401cabd1	169bae58	Sound/Modules/Chip-Tunes/A/mod.astral|c.forces.v12
67874ec3b6f3ef739c2c6dbda45e0a4b	1	342639	player+silence	uade	Protracker	0	483848	359c551c	13fdbd2b	Sound/Modules/RaveBuster/HardCore/mod.pussy_poison__-rmx-
67af42df2db907779a3e486e2cbf47eb	1	270354	player+silence	uade	Protracker	0	365508	992bb5ff	92ba5abc	Sound/Modules/RaveBuster/Trance/mod.harttrance beat
67c9396e7c393fcd4ac425ce20eae068	1	74368	player	uade	Protracker	0	36780	04c1f15d	e1d9e583	Sound/Modules/Chip-Tunes/T/mod.too speedy
6807b5c176a2907954bf5e1890cbbec7	1	64120	player	uade	Protracker	0	10444	7e0afaf6	a783f419	Sound/Modules/Chip-Tunes/E/mod.endless sex
68514c7ae3c91adb524c7c2c57d96a7e	1	220454	player	uade	Protracker	0	292918	1bc3b209	df78b162	Sound/Modules/South-Sealand/mod.skubidubab.compo
68fbd654a591cfdad22cf80440306ea9	1	122997	player	uade	Protracker	0	15502	99d4f135	6c9f3a21	Sound/Modules/Chip-Tunes/B/mod.blurrr
696ddeb18181b0a2566238f23c48f78e	1	140921	player	uade	Protracker	0	50592	87ed0257	11ea0d39	Sound/Modules/Chip-Tunes/N/mod.numerik noiza #2    
6975f06e74066dd04a4d27d40858214f	1	221479	player	uade	Protracker	0	123334	0fb3bc2a	24fa04b0	Scene-Events/The-Party-95/Modules/4-Channel/mod.sorry to party,baby
69fb218d66ee97ca952799dbd4d283c2	1	53872	player	uade	Protracker	0	15924	6225abcd	fa804fa1	Sound/Modules/Chip-Tunes/M/mod.music
6a1be72e158a01f4f74ddbbe491aeef3	1	212283	player+silence	uade	Protracker	0	590004	572a3468	23a9710f	Scene-Events/The-Party-95/Modules/4-Channel/mod.jerry-shop
6a6b9c5ebf1efd796ee5f25d69dffdbe	1	215866	player+volume	uade	Protracker	0	319202	f836edbe	fbf6b7eb	Sound/Modules/RaveBuster/Rave/mod.randy '95
6a827379246a71a94553f33e76482a17	1	138308	player	uade	Protracker	0	42532	06305b35	e12a31da	Sound/Modules/Chip-Tunes/D/mod.dunnont
6a88926b0331678acc30e7ac1cfe21bb	1	66672	player	uade	Protracker	0	17492	c2217db3	8392e49f	Sound/Modules/Chip-Tunes/Misc/mod.!-king chaos!
6aa0ac821be59c32ab78b35fbb4188e8	1	99325	player	uade	Protracker	0	94208	e3670c0b	b1804ad6	Sound/Modules/Chip-Tunes/S/mod.scx-nona.exe.0
6aa3fc5df38097da6d4d6ce8e8eb5c78	1	46216	player	uade	Protracker	0	12426	2cf8759c	d1d0d901	Sound/Modules/Chip-Tunes/T/mod.touchdown
6aacbd2887f99a487e46d15bf0e795dd	1	92272	player	uade	Protracker	0	10192	d2cf98e6	45046c94	Sound/Modules/Chip-Tunes/Z/mod.ziptro-3
6aafc2fa3989f241bb343ec38a9bda04	1	84616	player	uade	Protracker	0	12858	98e8d3c7	144704f7	Sound/Modules/Chip-Tunes/W/mod.wondere wereld
6af5c1b8ff75de7e7cb11878e3ab39a0	1	115321	player	uade	Protracker	0	17458	b1aed72e	f2e20bff	Sound/Modules/Chip-Tunes/M/mod.micro xmas2
6b196c131e116a41ccb51675fbbc4f97	1	355603	player+silence	uade	Protracker	0	426498	e0b51b80	a2a34a2c	Sound/Modules/RaveBuster/Trance/mod.freedom's mind
6b2db96d0b937b3504c6ec6bed96dfc4	1	36250	player	uade	Protracker	0	20078	92342694	427c6423	Sound/Modules/Chip-Tunes/S/mod.## shaky ##
6b2db96d0b937b3504c6ec6bed96dfc4	1	36250	player	uade	Protracker	0	20078	92342694	427c6423	Sound/Modules/ExTend/Q-Z/mod.## shaky ##
6b840213d89566f4254baa2646b42f7a	1	38520	player	uade	Protracker	0	5504	f635303e	ee9dfaf6	Sound/Modules/Chip-Tunes/C/mod.clawz crazy egg
6b8d9f3a0a25305934078e8fe1717115	1	76920	player	uade	Protracker	0	31996	8deda597	87c94cbb	Sound/Modules/Chip-Tunes/G/mod.glamour voor jou
6bae9ff8c10bb08a6dcf3686be6f55d5	1	44910	player	uade	Protracker	0	12790	774d281d	36dded46	Sound/Modules/Chip-Tunes/A/mod.Alchemy.ShadewaysToH
6bb79ad0a46615a4258d74b7635594d4	1	204941	player	uade	Protracker	0	185150	5608438d	4e387406	Sound/Modules/ExTend/I-P/mod.## infection ##
6c502bf748a52a276172bf1b7d645289	1	199656	player	uade	Protracker	0	16508	2873df78	84ab3612	Sound/Modules/Chip-Tunes/M/mod.music 4 4okb vgr x3
6c873ff9f52b5f17d8beb4fede727670	1	58574	player	uade	Protracker	0	42272	c1268273	638bd135	Sound/Modules/Chip-Tunes/H/mod.happy-rythm1
6c88686a9109afa598c8e83e8da64992	1	77583	player	uade	Protracker	0	9098	39c9017f	6887ae98	Sound/Modules/Chip-Tunes/N/mod.noizzz! -> shortie?
6c98521dab76646fdf365c50c13e5b6c	1	165878	player	uade	Protracker	0	93602	1d5ba291	f46b26c8	Sound/Modules/Chip-Tunes/C/mod.crack the eggshell!
6c98f67c65d446ae4fb983f13e4d9558	1	463162	player+silence	uade	Protracker	0	164322	ee3c8265	77bed9ad	Sound/Modules/ExTend/Q-Z/mod.## sunrise ##
6c9d184ad38fcee067a10713247ef552	1	461685	player	uade	Protracker	0	83542	61aa220e	ff95ff3e	Sound/Modules/ExTend/Q-Z/mod.## shine in the ##.0
6cefbad0d5369ddf32b14644b3304edd	1	107645	player	uade	Protracker	0	8466	2a9d945e	dae980b6	Sound/Modules/Chip-Tunes/I/mod.is this a sample
6cefe95308aef1d8ae8d2d31b8f7aaa3	1	62051	player	uade	Protracker	0	33520	7a6a8906	0c42150e	Sound/Modules/Chip-Tunes/E/mod.exodus (cut remix)
6d2908ba1e7efc08307f16b1fcdef487	1	183480	player	uade	Protracker	0	29446	beeccb02	782575db	Sound/Modules/Chip-Tunes/T/mod.turrigol
6d3154e5d863d826a54e1bf85df621cd	1	252188	player+silence	uade	Protracker	0	183316	e9939f3c	7ddfb028	Sound/Modules/ExTend/I-P/mod.## mortal run ##
6d48f7a3d3256ac659ff6345faf4d503	1	269022	player	uade	Protracker	0	134350	f4d2dc5f	b9de1dd4	Sound/Modules/ExTend/Q-Z/mod.## rebirth ##
6d738ccd2b27a52f984c4bb57e71a2f4	1	148436	player	uade	Protracker	0	20364	46c34af0	36f3d35b	Sound/Modules/Chip-Tunes/C/mod.chip_27
6dd764ecbb0bede6de2e7317aaf8cc8c	1	107645	player	uade	Protracker	0	21954	8ecc8c64	48c16de3	Sound/Modules/Chip-Tunes/R/mod.Raining_Part_3
6dd8b25763da33831e5117e76721d827	1	140921	player	uade	Protracker	0	23770	826508f8	fa9265ce	Sound/Modules/Chip-Tunes/A/mod.at tesko this week
6e040a5bc4cb4218a9926bd81115fa47	1	90363	player	uade	Protracker	0	24492	3f5e7d49	cf4be8b1	Sound/Modules/Chip-Tunes/P/mod.pc-beat
6e0bcdc17a7ea8c6ffa2fffcef60add1	1	96934	player	uade	Protracker	0	48988	759a67b3	ef81cf9a	Sound/Modules/Chip-Tunes/P/mod.prince polo        
6e0bcdc17a7ea8c6ffa2fffcef60add1	2	97015	player
6e0bcdc17a7ea8c6ffa2fffcef60add1	3	97015	player
6e0bcdc17a7ea8c6ffa2fffcef60add1	4	97135	player
6e0bcdc17a7ea8c6ffa2fffcef60add1	5	97015	player
6e0bcdc17a7ea8c6ffa2fffcef60add1	6	102681	player
6e2351a3122c5dfd05c5f078c776bd60	1	60845	player	uade	Protracker	0	20630	953ed0db	3e800f02	Sound/Modules/Chip-Tunes/N/mod.nemo-waltz
6e27d9775ce1f705f86c0e90923a8e10	1	149240	player	uade	Protracker	0	16334	5eecd277	28b134f0	Sound/Modules/Chip-Tunes/O/mod.old school chip #1
6e7ab221519f66b71c295e3bfd3b5f4e	1	78407	player	uade	Protracker	0	41806	8bfeada2	e27657b7	Sound/Modules/Chip-Tunes/M/mod.mist foutain       
6e7ab221519f66b71c295e3bfd3b5f4e	2	78407	player
6eb532aaac9a01b25a7d52934b09194e	1	43644	player	uade	Protracker	0	47728	a2c03909	983ef49a	Sound/Modules/Chip-Tunes/T/mod.the bird's nest
6f087f65c2771704951694f42f9025af	1	77885	player	uade	Protracker	0	10628	69102036	9e1de74e	Sound/Modules/Chip-Tunes/C/mod.chippy_nr.120
6f0956c749019fe89ae713e71ac8225b	1	32512	player	uade	Protracker	0	7590	fdd01e1b	db026eb4	Sound/Modules/Chip-Tunes/C/mod.chippy_nr.101
6f2e59736e22d94a9a75313cf6a54aed	1	179321	player	uade	Protracker	0	70288	e8246d8a	ca395662	Sound/Modules/ExTend/Q-Z/mod.## shine in the ##
6f349ac5830ed5acb0c802b1c685f79c	1	298992	player+silence	uade	Protracker	0	537726	8a6c0a3b	74769b38	Sound/Modules/RaveBuster/HardCore/mod.jetzt geht's los!
6f5de1da4d203065ca04322fae18fed0	1	119179	player	uade	Protracker	0	29206	cb411cb2	23662344	Sound/Modules/Chip-Tunes/S/mod.startme.exe
6f9fb1b83924c13934b904bb0679e1d2	1	42358	player	uade	Protracker	0	11698	42260a42	4ce16165	Sound/Modules/Chip-Tunes/I/mod.intro number 42
6fa7ca9918b77f6e68c2ecbb737d9818	1	59880	player	uade	Protracker	0	13768	122e3af2	5c7fd098	Sound/Modules/Chip-Tunes/M/mod. more satisfaction 
6fc3550987bba741020c392d2f557c92	1	239750	player+silence	uade	Protracker	0	150354	a80b5b35	8e79fe50	Sound/Modules/RaveBuster/HardCore/mod.dibby dibby dj
6fcb196973e4ff92e98934007f8a3c63	1	92272	player	uade	Protracker	0	17118	89c6a030	2b29fe0e	Sound/Modules/Chip-Tunes/A/mod.an2
6fcfe92062bb30fbf13f95c8cf7bbb85	1	82044	player	uade	Protracker	0	8700	5f38c2d8	d2068bc6	Sound/Modules/Chip-Tunes/T/mod.the_dawning...
6fd05c19cf2e529e4389c5bd2fd2ad59	1	57710	player	uade	Protracker	0	25266	5dcde07e	d1822040	Sound/Modules/Chip-Tunes/S/mod.sad piece of raegge
6fdeba838356c56d9358d28e44289024	1	259230	player+silence	uade	Protracker	0	222228	1bc54cdf	a15b8206	Sound/Modules/RaveBuster/Trance/mod.cyberspace
7026d1c085801f87deae6f94e31238a9	1	79205	silence	uade	Protracker	0	22322	78e057b5	b4d4274b	Sound/Modules/Chip-Tunes/T/mod.test3
706fc0974fb9793f0d71102d0946b0ca	1	284354	player	uade	Protracker	0	229168	a664be3f	33a1efc4	Sound/Modules/RaveBuster/HardCore/mod.gabba on x-t-c
709f791643b7cd60494bd53703779343	1	161397	player	uade	Protracker	0	31420	4e36dda5	511943f9	Sound/Modules/Chip-Tunes/C/mod.cbx-orks.exe
70a3939e297ec951841615d7c627c48f	1	86787	player	uade	Protracker	0	25108	f664d10f	6d2606c2	Sound/Modules/Chip-Tunes/S/mod.Shoor.Farcast
70efd3b9823d08be010f5a62ef472028	1	270787	player+silence	uade	OctaMED MMD1	0	711722	abb986ce	84bac2c9	Scene-Events/The-Party-95/Modules/4-Channel/med.TheParty
70f01a4c53c118a6fdb6b6ebf79fe61e	1	51320	player	uade	Protracker	0	29870	cdc73c5d	9d90c766	Sound/Modules/Chip-Tunes/E/mod.## economy 17 ##
70f01a4c53c118a6fdb6b6ebf79fe61e	1	51320	player	uade	Protracker	0	29870	cdc73c5d	9d90c766	Sound/Modules/ExTend/A-H/mod.## economy 17 ##
70f38575ae494e5fca24cbdcbc6f80bf	1	15472	player	uade	Protracker	0	6960	727cee03	d34840b7	Sound/Modules/Chip-Tunes/C/mod.chippy_nr.130
710053f3c4435c01c735844d92a26a45	1	141885	player	uade	Protracker	0	44302	eba16042	8348a1b8	Games/Puzzle/Tetrys/Musics/mod.1
7103240c2d29edb15c24c87ce2f4eab3	1	49833	player	uade	Protracker	0	31206	966fc2b8	2b397cab	Sound/Modules/Chip-Tunes/G/mod.get me out!
713d43ed307d4df7b5308004723f25fd	1	63477	player	uade	Protracker	0	31568	4ef78c56	453f56fd	Sound/Modules/Chip-Tunes/Misc/mod. piknukipale 1
71bf868c58e4cb96ab4216bf5dc85054	1	30824	player	uade	Protracker	0	8694	eb3ab7d9	fe2207e6	Sound/Modules/Chip-Tunes/K/mod.kappazz!2!
71ea1388f7ab7aadf949aeb0ef5ecca2	1	221000	player+silence	uade	OctaMED MMD1	0	325048	b72ee152	5cce5a4c	Sound/Modules/RaveBuster/Rave/mod.Haeudideldo_joke!!
7206cf7f1f5b77767624803e5f04a70c	1	115722	player	uade	Protracker	0	33014	263d271f	ae67e76f	Sound/Modules/Chip-Tunes/S/mod.superlative
72108a1cde5a05bf9318270a40b04330	1	280033	player	uade	Protracker	0	132204	779b69fe	81a55f74	Games/Action/YAGG/MOD.IntroMusic
727179dca5d9ef3e343714d3083af398	1	466183	player+silence	uade	Protracker	0	349878	0db0154d	3393946b	Sound/Modules/RaveBuster/Rave/mod.outface - ravemix
72aecda3e02ae1f3d9a0bb44a399b0ef	1	115321	player	uade	Protracker	0	25512	02c928ac	ebbc8132	Sound/Modules/Chip-Tunes/E/mod.echobelly
72cc9cb9556ffb19c2699542e8cef897	1	150124	player	uade	Protracker	0	29904	fe415227	6ce33693	Sound/Modules/Chip-Tunes/R/mod.rain-on-sunday
730458fa146a8ff304f7ce8f880d30a0	1	81984	player	uade	Protracker	0	30638	d6c4f393	90e89044	Sound/Modules/Chip-Tunes/S/mod.seasick
73412336ce7b96e1a81dcbefef57b73e	1	40429	player	uade	Protracker	0	11574	2ec34f92	f093d6fb	Sound/Modules/Chip-Tunes/C/mod.chippy_nr.150
734b6e5dc6069dbf98df2476fe40422c	1	56424	player	uade	Protracker	0	37204	74ea6056	89bc7930	Sound/Modules/Chip-Tunes/M/mod.mel o'mumu
7387fcc16fa9b8c7a2038d52f6ed57c1	1	159545	player+silence	uade	Protracker	0	132336	645443b8	0196cb35	Tools/Disk-Tools/misc/Copy-C/mods/mod.Copy-C_II-Song
73950f428e43dfb64c6c972cb9092f92	1	28232	player	uade	Protracker	0	6902	710811b2	828a3ed7	Sound/Modules/Chip-Tunes/K/mod.kintro.exe
73b54393027f2ca0ffcd2f904cfefb1c	1	15472	player	uade	Protracker	0	2700	01933935	5643118e	Sound/Modules/Chip-Tunes/B/mod.Balance.Wreko
73c0ed9194e8f26e36c52b0ff7a4d5fb	1	53872	player	uade	Protracker	0	10340	b6549ae6	0845d380	Sound/Modules/Chip-Tunes/L/mod.last_minute
73dfe3e75ba9c310d9367a415064745e	1	131034	player	uade	Protracker	0	19984	cb4ca56d	b48eeded	Sound/Modules/Chip-Tunes/R/mod.repai-redcur-ta-in
74833a8340335c0286f9b05e9e183e0b	1	107645	player	uade	Protracker	0	21886	b6d7bfaa	e10b43bd	Sound/Modules/Chip-Tunes/C/mod.ck-up
758acec1c73ec15aa9d2b841325557c4	1	69224	player	uade	Protracker	0	10682	b595c488	1fde7211	Sound/Modules/Chip-Tunes/S/mod.sanestorm
75e762dfe53addcdd7865f0b90273a20	1	48366	player	uade	Protracker	0	33386	c8949fd5	5379b8c0	Sound/Modules/Chip-Tunes/B/mod.bartman emc chiptun
75f549b1f7f555d49c8661e87d96401f	1	152615	player	uade	Protracker	0	33052	aeb8a04c	9c8a1ea9	Sound/Modules/Chip-Tunes/K/mod.keggtune
75f646fa90d5b431bea278ab834df563	1	65406	player	uade	Protracker	0	11000	88dc95ac	6d230452	Sound/Modules/Chip-Tunes/N/mod.naugh7y 3y na7ure
75fae19a882e6c783ef5764814a9a4a0	1	62051	player	uade	Protracker	0	17670	1d2fa09d	f01e7c4c	Sound/Modules/Chip-Tunes/P/mod.popkorn
7615bcfdaee59cae179b8e3e6a152cc0	1	334911	player	uade	Protracker	0	374644	93a4886a	426856eb	Scene-Events/The-Party-95/Demos/Oxygene/Bonus/mod.HibakushA
763b1351a857b3dc62473a8810814dfb	1	85501	player	uade	Protracker	0	11760	a49b49a8	fff9ae0c	Sound/Modules/Chip-Tunes/C/mod.calypso-chip
7668af8910f7774bc6cb4685a3e2deb4	1	309557	player+silence	uade	Protracker	0	157192	344f45ee	2abd889f	Sound/Modules/ExTend/Q-Z/mod.## technological ##
7691fcf3ce86a575a9a519948415d910	1	153721	player	uade	Protracker	0	25696	a107f230	2e610a74	Sound/Modules/Chip-Tunes/H/mod.hz-submergence
77006eb77b912d4019ec62452b29d9b2	1	726917	player+silence	uade	Protracker	0	700000	145c620b	1e5624ef	Sound/Modules/RaveBuster/MegaMix/mod.'95 house-megamix
771296a4cc78510c0425cdf00dc825e4	1	38520	player	uade	Protracker	0	35504	c68c8224	e19664a5	Sound/Modules/Chip-Tunes/T/mod.TPDL.HollywoodMood
7715b1649c3093fec657ec214494689b	1	210334	player+silence	uade	OctaMED MMD1	0	108410	fda04360	3071dcf0	Sound/Modules/RaveBuster/HardCore/mod.ultimate sextrack
771f80d19016202c2cce32acf79fe1e7	1	51320	player	uade	Protracker	0	16074	02c4568a	6f955f60	Sound/Modules/Chip-Tunes/M/mod.mondaymorning
774a30669607b8ec9d478accbef28e87	1	99968	player	uade	Protracker	0	28698	3ab31f34	bce0852a	Sound/Modules/Chip-Tunes/M/mod.mysterious 64 tune
774a30669607b8ec9d478accbef28e87	2	146045	player
774b82b83dd036543d54d99c5066f123	1	61568	player	uade	Protracker	0	8520	092445a9	69995d52	Sound/Modules/Chip-Tunes/A/mod.a n a r c h y
77555055d94e708dd53ef995bcb779a6	1	97417	player	uade	Protracker	0	32730	4f34ccd9	19052ef9	Sound/Modules/Chip-Tunes/S/mod.Stellar.PeverlyHills
776b0d442430c60ae4027044357e78d2	1	46216	player	uade	Protracker	0	16862	5aca6866	8f31be87	Sound/Modules/Chip-Tunes/J/mod.jarre - our hero
777bc2cad2828e208c1daca0f58039dd	1	122962	player+silence	uade	Protracker	0	32818	7bff3751	fdf7c9bc	Sound/Modules/Chip-Tunes/S/mod.ski-today
779e5fdc1b1ebd03fd7acc06eeedac6f	1	92272	player	uade	Protracker	0	16250	a2e27eb5	c65604d4	Sound/Modules/Chip-Tunes/T/mod.there aren't exit
77b75dae169bcdc016d0cd9cafa1dd25	1	51320	player	uade	Protracker	0	12870	72dc31a0	8007ffbc	Sound/Modules/Chip-Tunes/M/mod.mel o'dee i
77daee505052181fc38067dcedddd2c4	1	76920	player	uade	Protracker	0	9186	9ee20e76	07dfcf75	Sound/Modules/Chip-Tunes/P/mod.psychochip-006
78200352ada925586bb4f5cd6a056f10	1	193367	player+silence	ft2play	FastTracker v2.00	14	606672	0691ddab	b07fe386	Scene-Events/The-Party-95/Modules/Multi-Channel/XM.Highland Willows
78681a7b9c1faae4a66828126153cc95	1	92272	player	uade	Protracker	0	24608	7b9ab0e1	93c36e7a	Sound/Modules/Chip-Tunes/S/mod.syfuid.long
789bad5b696bf120b2e6ae26994d6c08	1	61568	player	uade	Protracker	0	47652	273470da	850a6cab	Games/Puzzle/Tetrys/Musics/mod.2
78d56dc9a412918bc6e43e688932e36a	1	208740	player+silence	uade	OctaMED MMD1	0	77754	51ee74a5	635a493b	Sound/Modules/RaveBuster/Rave/mod.s.e.x.
78f2befc56382a2c3850f34e3b5de3c7	1	31789	player	uade	Protracker	0	10352	0c953740	1f3b3450	Sound/Modules/Chip-Tunes/N/mod.nitromani
78f320d16657713e4f335ee6a3ca8177	1	277775	player+silence	uade	Protracker	0	535046	2f3b0c9f	d1a0812b	Sound/Modules/RaveBuster/Rave/mod.deep ! - remix
78f6074a83ca9dbf5221bb831d7d0673	1	284293	player	uade	Protracker	0	58092	e3742d9d	0e353482	Sound/Modules/Chip-Tunes/S/mod.silverline
793adca14e0388b5837f4a076590701a	1	373527	player+silence	uade	Protracker	0	501048	ceec1f52	f145ba1b	Sound/Modules/RaveBuster/Rave/mod.i_wanna_be_a_hippy
797d16a25d67e9c80a97f37cba214a40	1	69968	player	uade	Protracker	0	17214	bbe32c81	ae36ce05	Sound/Modules/Chip-Tunes/C/mod.chip_30
799394338a7c07a37b03d7298d454b0f	1	230541	player	uade	Protracker	0	39520	0f793dab	67b7021c	Sound/Modules/Chip-Tunes/L/mod.let's_talking
7996c1e8ff7547e7a39913b1f65207bc	1	89720	player	uade	Protracker	0	16384	2fe1e792	8f2f36b7	Sound/Modules/Chip-Tunes/S/mod.short-tume
79bba8ab71a798ed87f544a568f7f222	1	112769	player	uade	Protracker	0	20696	13295152	9404c495	Sound/Modules/Chip-Tunes/U/mod.## unknown ##
79bba8ab71a798ed87f544a568f7f222	1	112769	player	uade	Protracker	0	20696	13295152	9404c495	Sound/Modules/ExTend/Q-Z/mod.## unknown ##
79d68c986ff07f114f89c9e81ecc0232	1	228127	player+silence	uade	Protracker	0	339620	06fc87d2	6a6471d7	Sound/Modules/RaveBuster/HardCore/mod.motherfuck_!!!
79e30fbc3a5b12177c00a6e8fd619492	1	228769	player+silence	uade	Protracker	0	165522	e6d7099f	8fde7160	Sound/Modules/ExTend/Q-Z/mod.## uncontrolled ##
7a7be9229e2a57c01bbb6c5236e587a5	1	31326	player	uade	Protracker	0	7602	8b63a354	fca907d8	Sound/Modules/Chip-Tunes/C/mod.chippy_nr.143
7a802715dbce8211ca472d4223e8131b	1	119179	player	uade	Protracker	0	42720	f28fb15b	7e190088	Sound/Modules/Chip-Tunes/L/mod.laidback4
7a8fe213b8afa6501340e9d20fdd5e95	1	57730	player	uade	Protracker	0	28938	1d5dc11a	48b18f5c	Sound/Modules/Chip-Tunes/D/mod.deja vu
7a9126ac16a52ea275de6c2e7c850a6f	1	153721	player	uade	Protracker	0	18660	04dda9af	3ca55fb4	Sound/Modules/Chip-Tunes/S/mod.submergence
7aa0ed4449e9fbf49547a1c9f19b96a1	1	66672	player	uade	Protracker	0	20048	5359802c	1ef553c0	Sound/Modules/Chip-Tunes/D/mod.drugs(part 1)  dt20
7aa7d1a3709bee0fd4eb9c833fbc2ab9	1	11875	player	uade	Protracker	0	9718	e9229d04	a3b4bbdf	Sound/Modules/Chip-Tunes/E/mod.enemy-approaching
7b22b84023c69fceaf6c26237e7a77b8	1	76920	player	uade	Protracker	0	28160	7e3504c6	8460f945	Sound/Modules/Chip-Tunes/E/mod.## economy ##
7b22b84023c69fceaf6c26237e7a77b8	1	76920	player	uade	Protracker	0	28160	7e3504c6	8460f945	Sound/Modules/ExTend/A-H/mod.## economy ##
7b35e71ec652d1657de98d66c97c906d	1	157699	player	uade	Protracker	0	18230	42fce7cc	8cd055d3	Sound/Modules/Chip-Tunes/T/mod.turbo snails
7b46b0ca3fdd6eb49b077e8550a83c8b	1	210338	player+silence	uade	Protracker	0	164046	f1c668da	773d861e	Sound/Modules/ExTend/I-P/mod.##  in the  ##
7b587fa98a53065d0ce4be990f9607f5	1	304769	player	uade	Protracker	0	33508	606cb8a2	85f28d4c	Sound/Modules/Chip-Tunes/P/mod.prorock
7b7c59c5f488d35ab094c212f7f69717	1	172030	player+silence	uade	Protracker	0	455038	e0e8eb2f	3d478894	Sound/Modules/ExTend/I-P/mod.## inside ##
7b7e596547d5e31481d5a734b7177556	1	130693	player	uade	Protracker	0	18796	3d33e04a	d3307089	Sound/Modules/Chip-Tunes/C/mod.Cooptune.mod
7b90661944ffd6e825d16a45c5db5380	1	76920	player	uade	Protracker	0	15120	080176c9	c6ea1e52	Sound/Modules/Chip-Tunes/E/mod.Ethic.MemberlistIntro
7b949cc45f515edda734d0ccf1594989	1	242390	player+silence	uade	Protracker	0	569224	a0d8a9e1	a9e6fe35	Sound/Modules/RaveBuster/Rave/mod.cheese'n beats-rmx
7bc5b5e9e73b658e339092c886c943a9	1	89941	player+silence	uade	Protracker	0	872438	b6b2fc50	ddbf8614	Sound/Modules/South-Sealand/mod.< beavis&amadeus! >
7c1116cf2ea0bd5661aef80d2a7c2e50	1	62211	player	uade	Protracker	0	11442	3e334344	a669bf50	Sound/Modules/Chip-Tunes/C/mod.chip_39
7c477d9efde744a60e9ebd7527846846	1	215149	player	uade	Protracker	0	35146	0d1c969b	af14d565	Sound/Modules/Chip-Tunes/C/mod.chroma
7c8b4860367162faed2e58526c45ab67	1	235423	player+silence	uade	Protracker	0	307902	3bed7c7a	b79c56b5	Sound/Modules/RaveBuster/HardCore/mod.house is fuck !!!
7c97a99210dafda14d97896b61daa3a7	1	314394	player	uade	Protracker	0	182992	aa3caf8d	5eefd6a2	Sound/Modules/ExTend/Q-Z/mod.## transfix ##
7caaab78cbdffd6506ef325fe8d6bb95	1	232320	player+volume	uade	Protracker	0	414578	39899f38	b56841e3	Sound/Modules/RaveBuster/Rave/mod.we are in r-a-v-e  
7cba0ab7c522840ce87fe9a938a9dac0	1	76920	player	uade	Protracker	0	39468	710a5bba	d0272c2b	Sound/Modules/Chip-Tunes/C/mod.camels from space
7cbe52014778797a8b739e0a4e2ea247	1	243388	player+silence	uade	OctaMED MMD1	0	251808	cbe7d142	d702430e	Sound/Modules/RaveBuster/Trance/mod.flying phibes
7ce68c053b3d940fb9adcec6075bc40b	1	130693	player	uade	Protracker	0	16728	d95f73df	ec90a312	Sound/Modules/Chip-Tunes/D/mod.digital bass-line
7ceb22513d8c14c1e8b422797fa79cf4	1	119038	player	uade	Protracker	0	195142	836761a3	9961e04b	Scene-Events/The-Party-95/Modules/4-Channel/mod.     party sux.     
7cfdd53a38a8b261481e6e09c060f2e7	1	69224	player	uade	Protracker	0	32628	f8d76532	9358828c	Sound/Modules/Chip-Tunes/S/mod.skyride inte fardig
7cfee9e681daffaaa0b2c7b6d40ce16c	1	30824	player	uade	Protracker	0	10084	173fc982	f5e5d5db	Sound/Modules/Chip-Tunes/R/mod.rty-Cynt.exe
7d082268677ad2f0652a7bcb84fe5ab1	1	91047	player	uade	Protracker	0	198956	dcc44b8c	bfdd863f	Scene-Events/The-Party-95/Modules/4-Channel/mod.separate ways
7d2b95ca65e4d7e9237a32874e6872c5	1	29558	player	uade	Protracker	0	29734	5899f68e	b4c2ed9f	Sound/Modules/Chip-Tunes/Misc/mod.## don't fuck ##
7d2b95ca65e4d7e9237a32874e6872c5	1	29558	player	uade	Protracker	0	29734	5899f68e	b4c2ed9f	Sound/Modules/ExTend/A-H/mod.## don't fuck ##
7dd64f0a3c6561fb6ff748f1ecf06dac	1	66672	player	uade	Protracker	0	17492	84e1daf2	eda38434	Sound/Modules/Chip-Tunes/S/mod.SIH95.EXE
7ddf0758bb453f24ae76f1bcd534f774	1	29558	player	uade	Protracker	0	168068	84cd1819	8e1f4c32	Sound/Modules/ExTend/Q-Z/mod.game+
7ddf0758bb453f24ae76f1bcd534f774	10	48768	player
7ddf0758bb453f24ae76f1bcd534f774	11	80758	player
7ddf0758bb453f24ae76f1bcd534f774	12	12920	player
7ddf0758bb453f24ae76f1bcd534f774	2	82366	player
7ddf0758bb453f24ae76f1bcd534f774	3	38520	player
7ddf0758bb453f24ae76f1bcd534f774	4	71816	player
7ddf0758bb453f24ae76f1bcd534f774	5	10368	player
7ddf0758bb453f24ae76f1bcd534f774	6	33336	player
7ddf0758bb453f24ae76f1bcd534f774	7	51320	player
7ddf0758bb453f24ae76f1bcd534f774	8	48125	player
7ddf0758bb453f24ae76f1bcd534f774	9	64120	player
7e2850431cf18c01c18b34ec6344f77a	1	76920	player	uade	Protracker	0	22002	b65af615	e6d0b065	Sound/Modules/Chip-Tunes/I/mod.IPL-crac.exe
7e58803e92641d48cb45b0fc520649b4	1	95983	player+silence	uade	Protracker	0	22480	f7489624	45c7f581	Sound/Modules/Chip-Tunes/D/mod.dreams'n'fantasies
7e65b7defe5dd31c68e12e6f182bdc4c	1	97417	player	uade	Protracker	0	25588	590041ee	569da356	Sound/Modules/Chip-Tunes/M/mod.mansikka_kiisseli2
7e9be913407399f029c8d408b6fc1539	1	127377	player	uade	Protracker	0	222228	9390597c	48b86310	Scene-Events/The-Party-95/Modules/4-Channel/mod.chaseit
7edc5d43cea46432add96306e360d64b	1	61568	player	uade	Protracker	0	9808	1a56330c	cee0689d	Sound/Modules/Chip-Tunes/I/mod.intromusic
7f0e313f79de1817849531fef8defe9d	1	41072	player	uade	Protracker	0	10730	3e5d46b9	f09546f8	Sound/Modules/Chip-Tunes/O/mod.Offence.NoSleeping!
7f74b8f223faa548090824598d4a96dd	1	82643	player+silence	uade	Protracker	0	15098	58ac1246	17005619	Sound/Modules/Chip-Tunes/M/mod.marillion zombiezoo
7f85b6e2c69317bd33b24cba92ed12ab	1	221289	player+silence	uade	Protracker	0	148742	e84bdc44	418b1956	Sound/Modules/ExTend/Q-Z/mod.## revival ##
7fa7dca4f6443cbba47e406fea5cbba5	1	152314	player	uade	Protracker	0	42478	d6ecbe00	a059d633	Sound/Modules/Chip-Tunes/N/mod.nasty
7fcb6eef29fe8cc272a240b2ce0a52e7	1	221358	player	uade	Protracker	0	32928	285356ba	414e4101	Sound/Modules/Chip-Tunes/W/mod.wizball
7fee8442d4e24a96ebc7d99598e38fc3	1	259316	player	uade	Protracker	0	132836	6e72a3a1	bf3f84bc	Sound/Modules/RaveBuster/HardCore/mod.let's go party-rmx
8016b46556c58571636efe792b7b6e6a	1	51320	player	uade	Protracker	0	15200	493bae62	e15fdad8	Sound/Modules/Chip-Tunes/N/mod.night in cairo
80851994862237b92d9b230e57871109	1	331937	player+silence	uade	OctaMED MMD1	0	170792	600a1f43	2f84fc5f	Sound/Modules/RaveBuster/Rave/mod.here is jonny v2
8088de82579f3662ff1101ff7711a8eb	1	142073	player+silence	uade	Protracker	0	185478	598de5a9	a1dd2176	Scene-Events/The-Party-95/Modules/4-Channel/mod.zyrian
80a15377fc52f080c4581c9ecdabd149	1	84616	player	uade	Protracker	0	32520	bb9c4d48	2c4edd1f	Sound/Modules/Chip-Tunes/B/mod.black_eyes
80ba8c09c76ff4b27ddf0a90e068e7d2	1	41072	player	uade	Protracker	0	11538	15fe6711	5f8cee5f	Sound/Modules/Chip-Tunes/Z/mod.zetagloid.w.boy
80bcd00ec8d19aaa87d5b4d988464be2	1	102596	player+silence	ft2play	FastTracker v2.00	18	539806	664d33d8	021625de	Scene-Events/The-Party-95/Modules/Multi-Channel/XM.Keziah Two
811b76b5f61e057b1e7bc7c6003d4fe0	1	380927	player	uade	Protracker	0	248786	c2923cdc	e5c97aa8	Sound/Modules/ExTend/Q-Z/mod.= space run =
811fb5e1866ea97590988a380ae583a6	1	30824	player	uade	Protracker	0	5818	77471688	9bd41e94	Sound/Modules/Chip-Tunes/C/mod.chippy_nr.139
8149e9e41e0898ff207eb863a893918c	1	70530	player	uade	Protracker	0	32566	3bd23d8f	3e3cc07a	Sound/Modules/Chip-Tunes/D/mod.ddf-intr.exe
814b45116e414e4cdb8904bee218c7ee	1	132119	player	uade	Protracker	0	20000	9f15f1da	6d2a6c61	Sound/Modules/Chip-Tunes/D/mod.doubitchou
816735eda568d7cf8763708c24aec395	1	50034	player	uade	Protracker	0	16956	6a350c2b	7ea8fbb4	Sound/Modules/Chip-Tunes/B/mod.bloodrunrat
81865e5f3867dc50d790f0c085a92252	1	49813	player	uade	Protracker	0	47426	e4895dae	985dcb72	Sound/Modules/Chip-Tunes/F/mod.floating around?
818c5aa05df4c4c53c06feebaae969e2	1	179321	player	uade	Protracker	0	37020	d4b5d849	f7f7275d	Sound/Modules/Chip-Tunes/E/mod.eqx-fool.exe
81a875ff38d8d132e210e1008a1c5588	1	149702	player	uade	Protracker	0	55792	52b76fee	a9c3c644	Sound/Modules/Chip-Tunes/P/mod.Psykotrope.TodayIsSunday
81cc11f305ddd5b899002de9143abed3	1	15472	player	uade	Protracker	0	5280	8834593f	e6173774	Sound/Modules/Chip-Tunes/A/mod.arkanoid (ending)
81d25c10c03b7fdc508bce5dc7b07111	1	252503	player+silence	st3play	Scream Tracker 3.2x (GUS)	6	381258	541250fe	16c4d678	Scene-Events/The-Party-95/Demos/Stellar-Galerie/1.dat
827bc38688cc0ef5fdcac9f11b762cdb	1	65406	player	uade	Protracker	0	12222	a3506430	e76a96ff	Sound/Modules/Chip-Tunes/T/mod.traek og chip
828d48192a4c715a02d0f8134bf2039f	1	332759	player+volume	uade	Protracker	0	220794	c4d44868	f13a9f60	Sound/Modules/ExTend/Q-Z/mod.##  to see the  ##
82ba80eb029202c9109346b5804e91de	1	286367	player+silence	uade	Protracker	0	479634	9dca8ef9	e895c8cb	Sound/Modules/RaveBuster/Rave/mod.hardcore vibes-rmx
82c113756100563a3989570c0cc5fd8f	1	92272	player	uade	Protracker	0	17554	52131fd5	35ec6e53	Sound/Modules/Chip-Tunes/J/mod.jeroen_tel_tune.cpr
82c3ae726bb18d9117ad6cff4cb7fe46	1	25720	player	uade	Protracker	0	6372	41fb648d	8170fe9b	Sound/Modules/Chip-Tunes/A/mod.aerodynamisk neger
832c3a7235782090e95272bad9b3f9d0	1	414685	player	uade	Protracker	0	348658	e838abd5	908da43b	Sound/Modules/RaveBuster/Rave/mod.redemption-daxremix
8348e344d2463f1d1b207db313235c66	1	97678	player	uade	Protracker	0	24722	7b15fd6e	09917c41	Sound/Modules/Chip-Tunes/0-9/mod.4k0
8364041d99cdda5d45dc1ae7d0d1b1fa	1	115321	player	uade	Protracker	0	22838	581ca60f	6a3fa271	Sound/Modules/Chip-Tunes/C/mod.chipsong
836c6a5f9dc8b2274920961eb61029ce	1	149526	player+volume	uade	Protracker	0	42460	faff8da1	bb16c084	Sound/Modules/Chip-Tunes/W/mod.Woodstock-DRD.exe
837a8d071e4b03d853e0a4e5a0a6a5ea	1	11654	player	uade	Protracker	0	18388	8ff82e34	ad9ced3b	Sound/Modules/Chip-Tunes/T/mod.tix6
8383eb4bb208e2b97b1f8d69f4cd857f	1	98682	player	uade	Protracker	0	12416	10bfe72b	d535d7e1	Sound/Modules/Chip-Tunes/C/mod.chiptune-12k
83bb044e3e8bd43fb7a9959ed7221760	1	301758	player+silence	uade	Protracker	0	114088	d12fb9ea	b05f0e2b	Sound/Modules/ExTend/Q-Z/mod.= understanding =
83c972c3ebbdf7051c742da814c869d7	1	71173	player	uade	Protracker	0	23210	d0950842	d75ff529	Sound/Modules/Chip-Tunes/A/mod.Abyss.Dizneeland 07.0
83e9ce3428e00a0739a9097cee3cccf4	1	61568	player	uade	Protracker	0	16356	0bd123b1	bd042f0a	Sound/Modules/Chip-Tunes/B/mod.banana slut 09
83f07a5a5a411833fa6484bb4bdcd2ba	1	128904	player	uade	Protracker	0	258558	afac16c2	4fac5cb8	Scene-Events/The-Party-95/Modules/4-Channel/mod.hooyowy chrzaszcz
8408214e120bfad3469856284f6d2431	1	206981	player+silence	uade	Protracker	0	304678	91baa805	5daaa4cf	Scene-Events/The-Party-95/Modules/4-Channel/mod.in addiction(dance)
8423efff375a80f2591ba795133515c2	1	76920	player	uade	Protracker	0	17750	fd739d62	0950dea2	Sound/Modules/Chip-Tunes/F/mod.for fun2
84398843d0e5b004f5619f24c11e52f6	1	53872	player	uade	Protracker	0	6598	ca9f58ce	5fa9fd12	Sound/Modules/Chip-Tunes/A/mod.aprilfool
8460e98b4267064649adb50a4fbe9ab0	1	341602	player	uade	Protracker	0	340202	ce8a8982	49d17969	Sound/Modules/RaveBuster/Rave/mod.extremia
848d3a922718e42ae83e1633efb844cf	1	184143	player	uade	Protracker	0	174366	7def03b6	443ead55	Scene-Events/The-Party-95/Modules/4-Channel/mod.space fish in sigt3
8491bb6e0c9efcab2f2f16d14bbbdff9	1	166195	player+silence	uade	Protracker	0	388870	ad063a47	ed6570bf	Scene-Events/The-Party-95/Modules/4-Channel/mod..kissmyass.
849b8d19d281d58971ce279a50923194	1	185731	player	uade	Protracker	0	70782	e9e931b4	290f6a3a	Sound/Modules/RaveBuster/Rave/mod.karotte
84b9aa39d6d2e43003afd2f5d1fba73a	1	260439	player+silence	uade	Protracker	0	258424	89c88212	54db0754	Sound/Modules/RaveBuster/Rave/mod.access - remix
84c815087cc31ea152db99477844b003	1	341743	player	uade	Protracker	0	54222	a7ad1649	7dfad970	Sound/Modules/Chip-Tunes/T/mod.traffix
8542ad4df826d655507f5bc4298179c3	1	262247	player+volume	uade	Protracker	0	455028	8ed545ca	b213c655	Sound/Modules/RaveBuster/Jungle/mod.hey ! - remix
855b6a3ae7791e10b47d455a221ffad2	1	232009	player+silence	uade	OctaMED MMD1	0	183540	501d306e	37f41090	Sound/Modules/RaveBuster/Rave/mod.party people
8573f372a4cfbd437201dc892039b520	1	130693	player	uade	Protracker	0	16346	a1f2be1a	1b05b18e	Sound/Modules/Chip-Tunes/T/mod.techno quartz
8588f76e029b280b185429012f6ad076	1	188825	player	uade	Protracker	0	358556	b1fcefc7	b3089a9a	Scene-Events/The-Party-95/Modules/4-Channel/mod.out of goa
8594dae4161d4b6e7868288b1c157caf	1	248130	player+silence	uade	OctaMED MMD1	0	189916	09d72301	53419833	Sound/Modules/RaveBuster/Trance/mod.feel the melody
85be7e2fb8ef49e970c06dd957e81063	1	76920	player	uade	Protracker	0	14730	c4c08b87	a4b269ec	Sound/Modules/Chip-Tunes/M/mod.modrosion
85f835188e5dfd8f98d2f42acdbb8b04	1	20596	player	uade	Protracker	0	6838	ebd22825	810069c6	Sound/Modules/Chip-Tunes/H/mod.hungry for chips2
8612946f9261da02a672465e7c37fe14	1	64120	player	uade	Protracker	0	13022	684f1dfa	11556325	Sound/Modules/Chip-Tunes/T/mod.tekkkkkkkno
86348c16a357e0f5b5cf4671da173eef	1	235523	player+silence	uade	Protracker	0	369348	f292eedf	0139590a	Sound/Modules/RaveBuster/HardCore/mod.never_surrender_v2
8637785266a13188bf7306350f2cc7ca	1	327394	player+silence	uade	Protracker	0	310118	3301f217	62c103e9	Sound/Modules/RaveBuster/House/mod.laugh with me
8649f8dd310b35e5f5eff68db8e18ea3	1	232425	player+silence	uade	Protracker	0	216604	3729d340	8ad1ce10	Sound/Modules/RaveBuster/Trance/mod.the blob
8651942c844b610cf45b0a5eff6c0430	1	410624	player+silence	uade	Protracker	0	585670	29ac18da	1354f6a2	Sound/Modules/RaveBuster/Rave/mod.u make me feel.rmx
869eed71633f358144c2a68e2d5bef2f	1	200585	silence	uade	Protracker	0	53934	01afe1f7	d72e3287	Sound/Modules/RaveBuster/HardCore/mod.hands on hell
86b514d42dfaf1803df42568b9a9c9bb	1	52124	player	uade	Protracker	0	7120	6c4d42af	e756a585	Sound/Modules/Chip-Tunes/T/mod.toybox
86d62e983654d5beb54a531d496b32bc	1	338126	player	uade	Protracker	0	221420	0f447a38	d70e2d93	Sound/Modules/ExTend/A-H/mod.## all the way ##
871cec2ee5a4e2b198d2709552981f9f	1	186746	player+silence	uade	Protracker	0	99284	9db82ef4	2aa9a522	Sound/Modules/RaveBuster/HardCore/Mod.Terror Editors
871e8bdc976f9dca408420dbe60bdeef	1	189549	player	uade	Protracker	0	346358	ce1dedde	5480670e	Scene-Events/The-Party-95/Modules/4-Channel/mod.syndrome
874259fcb4480c85e6a90f347c4594bd	1	99968	player	uade	Protracker	0	18696	7567a74d	4fa56e20	Sound/Modules/Chip-Tunes/N/mod.neutronic part 2
879e9caea9f35bb3cab4c5cd60b32033	1	15472	player	uade	Protracker	0	8600	1b59972f	77cb2b69	Sound/Modules/Chip-Tunes/S/mod.stillspace
87df294a930b7db3d818308c3dd5cf1c	1	115321	player	uade	Protracker	0	29990	0eceb55a	bf4c1c5f	Sound/Modules/Chip-Tunes/W/mod.wandering_mind.
87e8464d945caab0d662ececfe2e3268	1	77885	player	uade	Protracker	0	16702	a5866457	c11f93a0	Sound/Modules/Chip-Tunes/S/mod.scales of joy
87ea5d10f99bb6279a6e6e660d78354c	1	84616	player	uade	Protracker	0	16178	a84c7c9e	e82a256e	Sound/Modules/Chip-Tunes/B/mod.beams_of_light
8814ee546e2133f9014ce5e869df3d86	1	245883	player+silence	uade	Protracker	0	283696	a6b73146	5a92f538	Sound/Modules/RaveBuster/HardCore/mod.phsychotic break
881f5608503c7dbee380da2b079c16e9	1	145623	player	uade	Protracker	0	23396	44bbeb07	cf821f7d	Sound/Modules/Chip-Tunes/R/mod.rote zora remix
88851172ab9c75d977f2032abc30ef0b	1	46216	player	uade	Protracker	0	11182	4ddc8a7d	f07f18e2	Sound/Modules/Chip-Tunes/I/mod.IGoCrazy
88b0da686b0ec5c8e150c86949d9f6bf	1	46216	player	uade	Protracker	0	28120	14a72a42	b0cf49f1	Sound/Modules/Chip-Tunes/S/mod.Spoon.SPNI-001
88ed3b89ca693185b9ed467e905684f5	1	76920	player	uade	Protracker	0	10452	94a11a95	86106716	Sound/Modules/Chip-Tunes/W/mod.warning sign
88f7d5bf60c0eb2b0e7503c0f3ae4b69	1	69727	player	uade	Protracker	0	15706	f504d7fe	8049d70d	Sound/Modules/Chip-Tunes/T/mod.tipical
89825d334e393269c2cbe27a5d6394c4	1	70530	player	uade	Protracker	0	16000	bf0b7a33	9d1b36fc	Sound/Modules/Chip-Tunes/H/mod.hdf-nonsense
89a27a17c8b4f3c15a0ec146a7d500a7	1	252580	player+volume	ft2play	FastTracker v2.00	18	721158	ad625a92	39a19905	Scene-Events/The-Party-95/Modules/Multi-Channel/XM.Wisdom-Euphoria
89cf97e1413e7f2ca98196da27592c18	1	64120	player	uade	Protracker	0	8026	0185421f	361c4205	Sound/Modules/Chip-Tunes/P/mod.PSV-CHIPPACK.EXE.1
89d5fa8d3f4921995e05075b1034f0b0	1	81421	player+silence	uade	Protracker	0	223060	ec42c456	8d13e6f1	Sound/Modules/South-Sealand/mod.illegal tobacco!.06
8a07d3228ad043d439fbcc7e903d43c3	1	207493	player	uade	Protracker	0	292802	b42ef882	a2df28a6	Scene-Events/The-Party-95/Modules/4-Channel/mod.xact_pleasure
8a0b2b411a66479168985995221cade6	1	57328	player	uade	Protracker	0	26148	264850f8	de8df85c	Sound/Modules/Chip-Tunes/G/mod.gandbox sexy paraso
8a1e56bebd0ed0c8e14c19ee5a709ab7	1	24756	player	uade	Protracker	0	8000	b2da212d	3f709f19	Sound/Modules/Chip-Tunes/M/mod.mixie mini version!
8a2117378da4db39cedafc6fba7b0b2d	1	116506	player	uade	Protracker	0	35392	9331781a	0eec0909	Sound/Modules/Chip-Tunes/N/mod.NEUROSCAN.exe
8a565df3514f98f4f1832171791a525c	1	73906	player	uade	Protracker	0	17722	40bcdd35	758762a9	Sound/Modules/Chip-Tunes/N/mod.nardin osore
8a88406b26485e6c57cdc98a4bb0f643	1	53872	player	uade	Protracker	0	17440	66a3b7dc	6282538c	Sound/Modules/Chip-Tunes/C/mod.chippy_nr.122
8ac0ae4e64f1daf3bbe112d5347c7e2d	1	7796	player	uade	Protracker	0	6000	4429ffd7	fbd30d27	Sound/Modules/Chip-Tunes/C/mod.chip2
8acc23c11ddfa321c65d1a75904b612d	1	65406	player	uade	Protracker	0	25516	8aeac9f7	80f9251a	Sound/Modules/Chip-Tunes/Misc/mod.(westcoast.depanne)
8ada5c1524dc389418e78e30e7ca6503	1	131436	player	uade	Protracker	0	49990	1a7d01e7	e85fa71e	Sound/Modules/Chip-Tunes/R/mod.renegade terrorist
8aecdf0cee9072842b022cc3ad0d680a	1	71816	player	uade	Protracker	0	21696	9631893e	a5480edf	Sound/Modules/Chip-Tunes/O/mod.ooooooooooooooo!
8b08c781fa778f08ebb5e196a883bd46	1	120304	player	uade	Protracker	0	78706	f6a50058	518aeefb	Sound/Modules/Chip-Tunes/O/mod.oversea flow
8b3bd6b2ea64c48a0c0d546cc32c282b	1	23168	player	uade	Protracker	0	5810	beac3191	9059e170	Sound/Modules/Chip-Tunes/C/mod.chippy_nr.109
8b419930ad35f1fc79d173a2a9925605	1	318574	player	uade	Protracker	0	212584	039268f3	c4880ba2	Sound/Modules/RaveBuster/HardCore/mod.ex-dream
8b4dd54c79028229bd58c48e7dce569c	1	92272	player	uade	Protracker	0	39536	394d0629	6c079433	Sound/Modules/Chip-Tunes/T/mod.total accident
8be46f56116e424337f681eafbd91ba5	1	80758	player	uade	Protracker	0	15222	b8a29d9a	5aea5d28	Sound/Modules/Chip-Tunes/A/mod.an4
8c23c793932fd389e52095a697b44ab6	1	379677	player+silence	uade	OctaMED MMD1	0	401276	6e9d69ec	1d45f884	Sound/Modules/RaveBuster/Rave/mod.Back_To_unity!
8c488d1d2935de5380ef4c119d6b4ef6	1	138971	player	uade	Protracker	0	303306	c795b8d9	79572ab3	Scene-Events/The-Party-95/Modules/4-Channel/mod.sassy assline!
8c65922195479f3fb263ecd0bc879086	1	187446	silence	uade	Protracker	0	42492	93f4c5be	4c7cddbb	Sound/Modules/RaveBuster/Rave/mod.short memory
8cc531c7a712467da8c5563a0aeaf0e6	1	147974	player	uade	Protracker	0	14636	ea3495b6	553b66e8	Sound/Modules/Chip-Tunes/A/mod.an1
8d02096433e5f257ab68614b3c04df6c	1	127692	player+volume	uade	Protracker	0	215448	1c462157	e2cf0cc8	Sound/Modules/ExTend/A-H/mod.## drizzle ##
8d03954751041942494355eaeea7939b	1	320644	player	uade	Protracker	0	241696	2b6fdffd	42b7fd94	Sound/Modules/South-Sealand/mod.movin'_motion
8d28a37bbdaccb8058fb16acdb236a08	1	69224	player	uade	Protracker	0	15700	76ed63bf	a45670b9	Sound/Modules/Chip-Tunes/P/mod.psychochip-005
8d5a4c738f106896a3d73d0fdd88867c	1	249590	player	uade	Protracker	0	298112	4efe15c9	0994de9a	Scene-Events/The-Party-95/Modules/4-Channel/mod.nowasyn
8d6ee605d6e254d10756631f9afae917	1	184445	player	uade	Protracker	0	28394	b3d261a8	4e56f777	Sound/Modules/Chip-Tunes/S/mod.## seeker ##
8d6ee605d6e254d10756631f9afae917	1	184445	player	uade	Protracker	0	28394	b3d261a8	4e56f777	Sound/Modules/ExTend/Q-Z/mod.## seeker ##
8db7445f397ca05912f8c8830f285512	1	206017	player+silence	uade	Protracker	0	201562	fa1286d0	438fbc01	Sound/Modules/RaveBuster/HardCore/mod.it's about time
8e28a81a5c8f2f23cb834934e1cd0b54	1	19310	player	uade	Protracker	0	4252	7ef3e99b	13b466aa	Sound/Modules/Chip-Tunes/L/mod.loonytoon
8e817075cae0e046f17e2477dd96339b	1	130693	player	uade	Protracker	0	19018	4fcb7864	50507fa5	Sound/Modules/Chip-Tunes/I/mod.intro-tune coop
8e8d9598a6889081bb9df9d8dd0955f1	1	84355	player	uade	Protracker	0	27910	ffa7de95	8c2ae478	Sound/Modules/Chip-Tunes/P/mod.peace of paradise
8f2f60ff6b5d7f4d1850d1de47fb8bbc	1	245818	player+silence	uade	OctaMED MMD1	0	264608	59941b9d	8b8d5911	Sound/Modules/RaveBuster/Rave/mod.the whirl
8f48557df33a267a8e2d7dd54ab247db	1	321536	player+silence	uade	Protracker	0	516954	a017526c	9258252f	Sound/Modules/RaveBuster/Rave/mod.jealousy-gabba-mix
8f56c6537f94f8fcb7b4e33cfb50059a	1	121248	player	uade	Protracker	0	19396	9ba61b4b	24581703	Sound/Modules/Chip-Tunes/D/mod.det e gott me chips
8f8ba9b958a2453c95c621cefaafb7ca	1	18506	player	uade	Protracker	0	18160	81b436af	b6a9f000	Sound/Modules/Chip-Tunes/E/mod.## economy 5 ##
8f8ba9b958a2453c95c621cefaafb7ca	1	18506	player	uade	Protracker	0	18160	81b436af	b6a9f000	Sound/Modules/ExTend/A-H/mod.## economy 5 ##
8fb16a2b10fe78a05fbb745a161d342e	1	143834	player	uade	Protracker	0	324142	82224cc7	28f1c211	Scene-Events/The-Party-95/Modules/4-Channel/mod.spritzstunden
900c092ee638759567d2d9e54ec0c439	1	56143	player	uade	Protracker	0	17556	3e08d4f4	8f8cd3b3	Sound/Modules/Chip-Tunes/D/mod.Delirium.HRT
9013a33ebb2aaf33b10c001554c6b6c8	1	89720	player	uade	Protracker	0	26982	eca370ad	6de33c92	Sound/Modules/Chip-Tunes/D/mod.d-lux_1(3ch)
9013d2e3825c958b45d5586b35bd1fb9	1	76920	player	uade	Protracker	0	15292	2b1d0f97	370a61f4	Sound/Modules/Chip-Tunes/B/mod.bitter lemon
905defe9cfa76598bfd0daeaf9706c49	1	64120	player	uade	Protracker	0	9956	8c0c4191	4fa19d9b	Sound/Modules/Chip-Tunes/A/mod.ader(lanternen)
909145b34557bb3570cb2e646571a908	1	41072	player	uade	Protracker	0	10818	fdfce593	a4fd8b7e	Sound/Modules/Chip-Tunes/O/mod.one six two
90d18ed4798ccc1f076640b1795a135a	1	81060	player	uade	Protracker	0	47310	689bfcb9	29429ba8	Sound/Modules/Chip-Tunes/T/mod.testing-testing-123
910a3d639c5666c5466632ea37ae08ae	1	215330	player+silence	uade	Protracker	0	259850	aea7e316	9ebf03b9	Scene-Events/The-Party-95/Modules/4-Channel/mod.plutonium_239
91411ca8f5c6f5062f7b334a9d18e929	1	163507	player	uade	Protracker	0	203772	1b56361d	d8b5341d	Scene-Events/The-Party-95/Modules/4-Channel/mod.med.ZZIAAWW!!old
916ac43fa501a94c1b635bf042dcf1b9	1	176628	player	uade	Protracker	0	204770	63f8132f	6530f040	Sound/Modules/ExTend/Q-Z/mod.## YABOL & VODKA ##
91b27964d2ef7ee12cfc78d11e368bda	1	77583	player	uade	Protracker	0	9094	d86417c7	1bc71cf9	Sound/Modules/Chip-Tunes/M/mod.Models_Inc
91bf7ec2aa7d4a4f0c6b0d34dcac97dc	1	30824	player	uade	Protracker	0	5206	023693a3	60ff4859	Sound/Modules/Chip-Tunes/M/mod.## microtune ##
91bf7ec2aa7d4a4f0c6b0d34dcac97dc	1	30824	player	uade	Protracker	0	5206	023693a3	60ff4859	Sound/Modules/ExTend/I-P/mod.## microtune ##
91d74b71f53171701f41a17d5ba0594c	1	76920	player	uade	Protracker	0	10308	aef47193	706cdd0b	Sound/Modules/Chip-Tunes/D/mod.disco zax
91e5e2a9aac89efe44fd509408815424	1	38520	player	uade	Protracker	0	9616	1920beff	8928dba3	Sound/Modules/Chip-Tunes/B/mod.boom_boom_boom
921dfbc9e7834eb1c289022f4a6bf4c1	1	80758	player	uade	Protracker	0	42804	83bbc1d6	515c4c53	Games/Puzzle/Tetrys/Musics/mod.3
924040b07dc045d218e335850e020a2b	1	179994	player+silence	uade	Protracker	0	388868	a1c5e9cc	83474689	Sound/Modules/South-Sealand/mod.penalhus blues ltd.
924b002208e44b39837ff39bd0098a0f	1	46216	player	uade	Protracker	0	16950	a95a7725	26c05595	Sound/Modules/Chip-Tunes/I/mod.ice_cloud
925b1369c6bb04244d959b4f1408d610	1	162261	player	uade	Protracker	0	11234	1cf1a5ee	a9da56b4	Sound/Modules/Chip-Tunes/M/mod.mr'93-chipsound
925b2ba14b5f10151d11e4a88f25f630	1	227385	player+silence	uade	OctaMED MMD1	0	178136	d19953ab	d815bc2d	Sound/Modules/RaveBuster/Trance/mod.Lost_in_space_REMIX
92709f47ccda0a5ef3665533859b3b89	1	77885	player	uade	Protracker	0	40470	01dba7f8	f6c787fc	Sound/Modules/Chip-Tunes/S/mod.smoke |t!
9293518ef176c0be2159028f27fd3d0d	1	116586	player	uade	Protracker	0	23010	b297987b	f4931f7f	Sound/Modules/Chip-Tunes/P/mod.pl-selector_tune
92ae55d4cb89757e7fe2e0a1f4e17cfa	1	322573	player	uade	Protracker	0	78282	0b5eb004	54064ca1	Sound/Modules/Chip-Tunes/B/mod.Bach80sMix.exe
93cc119e1e80546f3f7ea5a6ffd8ea97	1	89720	player	uade	Protracker	0	12430	18ff5171	2cb7d58c	Sound/Modules/Chip-Tunes/N/mod.naeh!
93dd9afe902fc58e8564d7011afeb5a0	1	108618	player+silence	uade	Protracker	0	298372	041d7f6f	d20dcbf0	Scene-Events/The-Party-95/Modules/4-Channel/mod.theatrical
93fa9c0cd8baaed6aa417d2ed55d2e0d	1	157579	player	uade	Protracker	0	33440	d253ecba	db0f6367	Sound/Modules/Chip-Tunes/Misc/mod.     inception     
94049e8b64cda3ddd5267334c7556cdc	1	38520	player	uade	Protracker	0	7806	01861b28	040b8656	Sound/Modules/Chip-Tunes/U/mod.urban chaos v4
940b7a143f1294a41e891d3a598456cc	1	107645	player	uade	Protracker	0	23408	032bf7b0	3f865654	Sound/Modules/Chip-Tunes/C/mod.Csl-crc2.exe
947d9b795cf4151f4d7e4a8e6279d454	1	30824	player	uade	Protracker	0	8514	2f2a4e35	fed815e6	Sound/Modules/Chip-Tunes/C/mod.chants de noel vol1
9496755262d9c00011951c4c54a02c36	1	241383	player+silence	uade	OctaMED MMD1	0	332576	07467805	78487beb	Sound/Modules/RaveBuster/Trance/mod.new generation
950b83716e0ef3f4f71db7ce580803d8	1	36732	player	uade	Protracker	0	36586	292d1475	8c25591d	Sound/Modules/Chip-Tunes/0-9/mod.40k.pffff
9630d39e0c77165ff45d49ac4a2222a5	1	80758	player	uade	Protracker	0	77564	8278fe97	943b510d	Sound/Modules/Chip-Tunes/I/mod.ingame
96381f371d24e791a73abfd36e8886f7	1	43946	player	uade	Protracker	0	48956	70799497	d8aba7b0	Sound/Modules/Chip-Tunes/F/mod.fasttrack part ii
96940e9efbbd6999c2616245dff01e9c	1	30824	player	uade	Protracker	0	8748	446db795	23f003d7	Sound/Modules/Chip-Tunes/M/mod.metr0mix
96b2e3a55e2c74cb04968680d11ed3de	1	41072	player	uade	Protracker	0	11062	23673cae	70c6dbdc	Sound/Modules/Chip-Tunes/A/mod.Abyss.Dizneeland 07
96c5d7bbb3c0c05136f3fc763da59b7d	1	141926	player+silence	uade	Protracker	0	353908	9bc8873a	7537dc9d	Scene-Events/The-Party-95/Modules/4-Channel/mod.too much
96c84096b6efea6cdbcccc27b9eb7ea8	1	19310	player	uade	Protracker	0	24802	2a5cb816	3cf8ba02	Sound/Modules/Chip-Tunes/S/mod.sc00pex_l0ve-part2
96f6df79973d5ae3f59e82b5b578bda9	1	111483	player	uade	Protracker	0	36758	b61fb0dd	22db1603	Sound/Modules/Chip-Tunes/S/mod.S-FAD.exe
9712603031c74a5cf6fb57386f63415a	1	84616	player	uade	Protracker	0	24358	ad8fdd04	08f14314	Sound/Modules/Chip-Tunes/C/mod.chromag 40k-intro
97c2d0d013754a93e1341659e55da9af	1	267776	player	uade	Protracker	0	133606	9dd2e0b5	9f7bf2e3	Sound/Modules/RaveBuster/Trance/mod.feel_it_!!!
987ef1bd5044d2686fbe9416e6307563	1	155541	player+volume	uade	Protracker	0	239564	64fd0ee1	e7196999	Scene-Events/The-Party-95/Modules/4-Channel/mod.illusion.compo
990d91b6c95f9000d75609d1da79e58f	1	236621	player+silence	uade	Protracker	0	354494	be907c62	de674aac	Sound/Modules/RaveBuster/HardCore/mod.the brainstorm
99104cddb675a0db9d50cfc80e77fc84	1	57730	player	uade	Protracker	0	10978	72c75304	30e277c6	Sound/Modules/Chip-Tunes/C/mod.comic bakery #2
9975583b9fd924ee14c85514f0a5a188	1	30824	player	uade	Protracker	0	6096	e2a5be26	6165086b	Sound/Modules/Chip-Tunes/C/mod.chippy_nr.138
998a2af1df9d6d213e1f397fa15aa687	1	61568	player	uade	Protracker	0	9062	363d3396	b4295467	Sound/Modules/Chip-Tunes/V/mod.virgill-intro2
99bd30d0899253f5fc05a8ca3e738bb2	1	107645	player	uade	Protracker	0	23350	3a441d48	bb043d42	Sound/Modules/Chip-Tunes/B/mod.bore me!
99cd4ef2438e3d24e631f4449e988dad	1	41072	player	uade	Protracker	0	7750	765915e3	9d211b58	Sound/Modules/Chip-Tunes/H/mod.hulk hulk!!!!!!
99d0ebeec0f9002056c94e30d209451e	1	383911	player+silence	uade	Protracker	0	149224	5f141814	04d9efbb	Sound/Modules/ExTend/Q-Z/mod.= xorpuch =
99d5d02824f0b64820a69710ddde4d4d	1	235928	player+silence	uade	Protracker	0	369834	00098731	a39e1389	Sound/Modules/RaveBuster/HardCore/mod.the motherfucker
9a0db70d83530748ffab3ac99d4fc75c	1	59639	player	uade	Protracker	0	13968	dacb2cbf	ae902d23	Sound/Modules/Chip-Tunes/T/mod.troglodyte
9a1c1386c6bdf64da049a488aef5c926	1	209528	player+silence	uade	Protracker	0	203592	e1135ea7	1eb3a3cc	Sound/Modules/RaveBuster/HardCore/mod.je.ha.ha !
9a1f4b211922a7238300ef45280bc734	1	107645	player	uade	Protracker	0	15794	f3d8b227	87be5237	Sound/Modules/Chip-Tunes/A/mod.annoying
9a31f66328392aaa022c4ce22a4e0141	1	99968	player	uade	Protracker	0	20488	38828ab2	26ce6061	Sound/Modules/Chip-Tunes/D/mod.doh bob le cintre
9a4ce749d8ee7a6fce83b0af53d6986d	1	48125	player	uade	Protracker	0	7546	68490b2f	6672ef32	Sound/Modules/Chip-Tunes/D/mod.Toyzareus
9a58fd5e42fac9d2b584b2e3ad40bad5	1	58534	player	uade	Protracker	0	13702	3c368e23	5726956d	Sound/Modules/Chip-Tunes/C/mod.chippy_nr.118
9a5c053ad00b1921c407b4f74aaa24c7	1	130693	player	uade	Protracker	0	21950	df72cf11	e76f8676	Sound/Modules/Chip-Tunes/T/mod.taptrance
9aacb43d34916e8280d6042c98b87a23	1	20596	player	uade	Protracker	0	9012	d95914f3	074744b7	Sound/Modules/Chip-Tunes/C/mod.chipmunks
9af8227cbf468b903f80008d58a4f5e7	1	62533	player	uade	Protracker	0	13874	15fe0fcc	2ef9c396	Sound/Modules/Chip-Tunes/C/mod.chip_13
9af87d96c4942e0469e1cb063eb6d085	1	98682	player	uade	Protracker	0	38128	c127d61d	ba11d424	Sound/Modules/Chip-Tunes/D/mod.dpl-bwr.exe
9af87d96c4942e0469e1cb063eb6d085	1	98682	player	uade	Protracker	0	38128	c127d61d	ba11d424	Sound/Modules/Chip-Tunes/D/mod.dpl-bwr.exe.0
9b0bada55e593101df0ea079f669a810	1	122997	player	uade	Protracker	0	15528	db444943	8fc1b464	Sound/Modules/Chip-Tunes/M/mod.moment of clarity.
9b0f425efcdbb06b0d79f903afed397d	1	233114	player+silence	uade	Protracker	0	125616	993e230a	33a87e84	Sound/Modules/ExTend/Q-Z/mod.## stink-bomb ##
9b31ac0e4bc2d0da32bb6aff20785209	1	61568	player	uade	Protracker	0	24706	e7a087eb	415e6a70	Sound/Modules/Chip-Tunes/B/mod.blackthorne daydrea
9bc6817055a5b84ce5e7795304c7907d	1	138369	player	uade	Protracker	0	28826	1b567a54	daacf3a8	Sound/Modules/Chip-Tunes/B/mod.banana no pushing
9be21d2d5046b9340eb70ad838f4a187	1	41072	player	uade	Protracker	0	12926	6d873cd1	95a7cd78	Sound/Modules/Chip-Tunes/P/mod.PSV-CHIPPACK.EXE.0
9c02ebb215cdc88a6e0eee68acffc3a2	1	46216	player	uade	Protracker	0	15390	4f50a1c2	278dd9aa	Sound/Modules/Chip-Tunes/A/mod.astral|c.forces.v13
9c09fa2b042d3920ca7bede23b3428fa	1	19310	player	uade	Protracker	0	4214	974a3955	430d8bb0	Sound/Modules/Chip-Tunes/Misc/mod.dang
9c8c5a0171d60db43dc0b95a0d613962	1	65406	player	uade	Protracker	0	10428	e8814f14	df32bf13	Sound/Modules/Chip-Tunes/C/mod.cp-techno
9cb6d4b0d1c59b0bd11c5a33e2177b03	1	23168	player	uade	Protracker	0	7690	2dc06c90	39eaf2e3	Sound/Modules/Chip-Tunes/D/mod.dreamland
9ce06df664f89e3b904c0b19bf3f4cb1	1	356713	player	uade	Protracker	0	31064	3c612054	bc609597	Sound/Modules/Chip-Tunes/O/mod.outer limit
9d22a4055c9483fc39d9086a7c048736	1	123197	player	uade	Protracker	0	82254	7be3223a	083a8faf	Sound/Modules/Chip-Tunes/C/mod.claire
9da75a255ca2055a151bb2652745a652	1	247943	player	uade	Protracker	0	404928	e568e27f	92157c4b	Sound/Modules/South-Sealand/mod.resolution
9de0d2850049abea90b216a39e094d5b	1	34682	player	uade	Protracker	0	11902	fe67702e	2a2eaff3	Sound/Modules/Chip-Tunes/U/mod.<unnamed>.0
9e0fd3dd00fec8b8df18364da3a699b9	1	212025	player+silence	uade	Protracker	0	48740	fda3e49e	7c8cf687	Sound/Modules/Chip-Tunes/E/mod.Ever2
9e2b0ae14fdd666a16fa22f08607a286	1	137525	player+silence	uade	Protracker	0	63548	d7297581	78ed8d3d	Sound/Modules/ExTend/A-H/mod.## ballada ##
9eac77a006a3b976a680c119d2dc9471	1	386370	player+silence	uade	Protracker	0	279952	2730bbc3	a81b3fa4	Sound/Modules/ExTend/Q-Z/mod.## retrace ##
9f7c3ea28b5fecb45ac88872637f9006	1	87611	player	uade	Protracker	0	37908	466e139e	db422251	Sound/Modules/Chip-Tunes/D/mod.Deluxe Dream
9f8edf864ce7e77d78b70a1c92b613ce	1	138369	player	uade	Protracker	0	12386	4adc983b	b73e1cd6	Sound/Modules/Chip-Tunes/J/mod.jaba point.grim
9fa3318c1d2c8d5d0d820b4dc7eac61d	1	119992	player+silence	uade	Protracker	0	46648	7a800a70	5d7b1fa4	Sound/Modules/Chip-Tunes/G/mod.Gentle Winds
9fbc46e9ae90c4b300782faf9862f2ff	1	83652	player	uade	Protracker	0	23010	f5abbd00	e2eb454c	Sound/Modules/Chip-Tunes/Z/mod.      zwerge4      
9fd729cf4ac7f1558cbc92642618bfdb	1	30824	player	uade	Protracker	0	5344	5e93f674	7b6d8f4d	Sound/Modules/Chip-Tunes/X/mod.xtreme#3
9fd7749783c5eda9dae2cdf6ff6086d7	1	30824	player	uade	Protracker	0	24518	cfd774cc	ff59eb5f	Sound/Modules/Chip-Tunes/P/mod.pxloader
9fdc15271a6dacdc6537648d4b7a22e9	1	51320	player	uade	Protracker	0	14364	4631099d	e34248cd	Sound/Modules/Chip-Tunes/J/mod.just 4 fun
a01ae74c3fce3a0ed532f1265af5ad2c	1	76920	player	uade	Protracker	0	9926	a8dbec53	afcfcacf	Sound/Modules/Chip-Tunes/T/mod.to err is human
a02048b84245b1f1da0f3173ea153194	1	111430	player+silence	uade	Protracker	0	100976	9c43c006	08736d24	Scene-Events/The-Party-95/Modules/4-Channel/mod.tzjim-schack.ii
a022eb132fb1ea0c74bbc3cbe859377c	1	108569	player	uade	Protracker	0	14420	021eec34	33608e1b	Sound/Modules/Chip-Tunes/B/mod.bouree
a0398a5f4cdabecd001e5b4d51762a37	1	71816	player	uade	Protracker	0	14068	9a3b1898	4e2a34bc	Sound/Modules/Chip-Tunes/C/mod.cracked?chip4
a042bebc95d95d3cbabc692165faefd6	1	97678	player	uade	Protracker	0	24742	7a97bb7e	25545880	Sound/Modules/Chip-Tunes/C/mod.chromag 4k0
a04475cfbc8d1a6df227e61493610e73	1	272468	player+silence	uade	Protracker	0	399776	65e4fe7e	07c768d4	Sound/Modules/RaveBuster/Rave/mod.take off-tom k.mix
a0ab39ca492b4e1268b4cea4f5a8c099	1	80799	player	uade	Protracker	0	22332	66ddcfc7	b3f166a5	Sound/Modules/Chip-Tunes/S/mod.suggestive vibes 3
a0da56e7d954ce34ed063194d7ce56fc	1	102289	player+silence	uade	Protracker	0	187396	6b3f696d	7a71bd05	Scene-Events/The-Party-95/Modules/4-Channel/mod.screwdriverdisaster
a12568d83be5834f175030ee1baaf42e	1	69224	player	uade	Protracker	0	23760	95d187eb	79d669cb	Sound/Modules/Chip-Tunes/K/mod.kakofonia
a1b31acee5f6e3e76f5e98ee829128df	1	61568	player	uade	Protracker	0	8000	042a3912	4cfb3914	Sound/Modules/Chip-Tunes/A/mod.an6
a1cbcbe0cd804679b93acaebc70b6935	1	235792	player+volume	uade	Protracker	0	320778	4bb04cda	2b728344	Sound/Modules/RaveBuster/HardCore/mod.mad_as_hell_-_remix
a1ece4d731bd3fbfe081ef239e6fe79d	1	23188	player	uade	Protracker	0	2300	bfc65625	623d8fa3	Sound/Modules/Chip-Tunes/T/mod.this buds for you
a20a01eac7cd6fc15ed27e30a1753494	1	19330	player	uade	Protracker	0	8690	63d21bf7	4e8d6fff	Sound/Modules/Chip-Tunes/C/mod.chippy_nr.119
a20c0294de2a97750ac162ed90bb00f4	1	281582	player+silence	uade	Protracker	0	212660	7cc6710d	f8ea2e87	Sound/Modules/RaveBuster/Rave/mod.jiieehaaaa - remix
a21e686839f8d153b18f17ba6db1594e	1	67315	player	uade	Protracker	0	38248	4e566037	50148eb4	Sound/Modules/Chip-Tunes/D/mod.dark-tune
a2214450fd30414484d3e0fccb786a13	1	69224	player	uade	Protracker	0	8362	2a94f705	c57663e3	Sound/Modules/Chip-Tunes/P/mod.psychochip-003
a24eff2e85d745eb7d8b0dbcc698461d	1	169093	player	uade	Protracker	0	47924	51ef4f10	1b3bb651	Sound/Modules/Chip-Tunes/M/mod.mtx-spas.exe
a29de6a32c403dd13f5c78787018d6bf	1	21721	player	uade	Protracker	0	14014	d67ce6f1	5526fa85	Sound/Modules/Chip-Tunes/A/mod.an5
a2de2c9007f3ba5353f61eb634cb971e	1	369022	player+silence	uade	Protracker	0	180226	0740aa2d	f19aa25c	Sound/Modules/ExTend/I-P/mod.## moment of ##
a31fb3fc4410b59e2ca505ccb11b777f	1	46719	player	uade	Protracker	0	27976	5725f8f4	375c10ab	Sound/Modules/Chip-Tunes/E/mod.## economy 14 ##
a31fb3fc4410b59e2ca505ccb11b777f	1	46719	player	uade	Protracker	0	27976	5725f8f4	375c10ab	Sound/Modules/ExTend/A-H/mod.## economy 14 ##
a32fa5456add7d23855a221a3ff795e6	1	27006	player	uade	Protracker	0	17020	7e55709b	014681b5	Sound/Modules/Chip-Tunes/G/mod.glassballs.v2.1
a33992bf8497c1ae785851ddb35dd559	1	30824	player	uade	Protracker	0	5800	d2fc0b9e	df0a6f61	Sound/Modules/Chip-Tunes/U/mod.urban chaos v2
a3ab90c0d9f3f39e440f64871611d236	1	229235	player	uade	Protracker	0	48814	42e5d736	d26ddcc9	Sound/Modules/Chip-Tunes/S/mod.syntherella 2
a3d4d6d3d495ffeef5ca382aac34cf54	1	69224	player	uade	Protracker	0	8402	3486ec23	8ada1138	Sound/Modules/Chip-Tunes/I/mod.intro-tune
a4441ba94cda373eb30d5d36c460cd7b	1	229034	player	uade	Protracker	0	19854	b280dcb6	8cbedf55	Sound/Modules/Chip-Tunes/M/mod.marty mania i
a46e3b34590766f8bc73b68e4b2cb33b	1	15231	player	uade	Protracker	0	6044	dcfbbe6b	35bbe895	Sound/Modules/Chip-Tunes/C/mod.chippy_nr.146
a4a8280f5cf2cb4746d964184dd1615f	1	135034	player+silence	uade	Protracker	0	37160	d1f94100	56e39626	Sound/Modules/Chip-Tunes/A/mod.arkanoid
a4acaa8ef7671d79ad689b9f6c47c229	1	50034	player	uade	Protracker	0	12082	f2304bcf	7b2c82c3	Sound/Modules/Chip-Tunes/P/mod.pro
a51f423d613766e07ac75a6df6255c39	1	230703	player+silence	uade	Protracker	0	437092	d8d06d4d	0d87b50c	Sound/Modules/RaveBuster/HardCore/mod.total earthquake
a548e45cb2e3f043c9118fcc9c5609a7	1	90102	player	uade	Protracker	0	32868	c01a9000	7a33498a	Sound/Modules/Chip-Tunes/H/mod.homosapiens
a5559eea4d79e5b9b9e070a6c75742b6	1	62533	player	uade	Protracker	0	19288	e4b47c4d	3cd6fb11	Sound/Modules/Chip-Tunes/C/mod.chip_32
a5bb6d7a515d73023396f517d905377a	1	25720	player	uade	Protracker	0	10240	71ca8175	cfd7167e	Sound/Modules/Chip-Tunes/H/mod.heatbeat's theme
a5f7d3006b2e9347e4ddb2ed181c4b3e	1	312686	player	uade	Protracker	0	21992	ee39a292	ab5f911b	Sound/Modules/Chip-Tunes/L/mod.loetkolben
a630fa696f5542fbf44f62c3a1c0c44d	1	57328	player	uade	Protracker	0	26148	2d4af0ff	30fc6314	Sound/Modules/Chip-Tunes/S/mod.sexy parasol
a668af7f1e7b70db022e02832510cc82	1	100089	player	uade	Protracker	0	169064	40f54faa	1fda7d76	Sound/Modules/ExTend/I-P/mod.## instant ##
a6a2cb250ddee64e39dfc0c05d26a53e	1	46216	player	uade	Protracker	0	9904	042785c5	ff4a4735	Sound/Modules/Chip-Tunes/C/mod.chiptune no. 177
a6bd79e68229cc9c68f69aa10e0f0e42	1	267404	player+silence	uade	Protracker	0	649808	0c16909f	ce234001	Sound/Modules/RaveBuster/Rave/Mod.Wonderfull Days-RMX
a6c783a5bc2daef525720770b5d31ff5	1	114276	player	uade	Protracker	0	17000	3c2668ac	d762c859	Sound/Modules/Chip-Tunes/M/mod.master chef
a6e3615eba9ba84a11d8b1af58d2a36a	1	130693	player	uade	Soundtracker II (31 instr.)	0	13358	eaae626d	1ee27dca	Sound/Modules/Chip-Tunes/L/mod.loading
a6e4c68b7c53d411ac85baae0ef136a1	1	25666	player+silence	uade	Protracker	0	68372	a61c7770	48be31c7	Sound/Modules/ExTend/Q-Z/mod.## raise ##
a7541702dbe5ca7a30d018245ff7694a	1	50034	player	uade	Protracker	0	15156	a8b14687	4df028f3	Sound/Modules/Chip-Tunes/C/mod.chiptune no. 160
a75fd9f3b6a356095f313090ef2a4ef5	1	55821	player	uade	Protracker	0	8636	fc6037e6	c590e34f	Sound/Modules/Chip-Tunes/M/mod.magia-nt.jol
a7662535f6d904d9e33d98e4a1ad6fea	1	23168	player	uade	Protracker	0	7690	fb61d7ea	0699763a	Sound/Modules/Chip-Tunes/H/mod.hopla
a7788bd625b040f9a7a83c0089c67fd7	1	167330	player+silence	uade	Protracker	0	633338	db012568	ce46a0c1	Scene-Events/The-Party-95/Modules/4-Channel/mod.play kid
a79527ce35f85b38442f72fa788de2b2	1	61568	player	uade	Protracker	0	17476	93cc7587	9d93fa84	Sound/Modules/Chip-Tunes/F/mod.four wheel drive
a7b61d661b6ab361c8b08d6eb77d0782	1	76920	player	uade	Protracker	0	31860	6882817d	19c18ee0	Sound/Modules/Chip-Tunes/C/mod.chicken strut
a7d26842bf709d0820b16d1624eb705a	1	78689	player	uade	Protracker	0	339308	e4fd8720	eb192ec5	Scene-Events/The-Party-95/Modules/4-Channel/mod.saa smukt er havet 
a800fd6a82794780635b8458727b20f4	1	732293	player+silence	uade	Protracker	0	626420	3673ae30	bcdff1cd	Sound/Modules/RaveBuster/MegaMix/mod.thunder-x-megamix
a80da76be2ebca6d91a1af7ac68f648b	1	98682	player	uade	Protracker	0	26992	0b5c6692	0e67084a	Sound/Modules/Chip-Tunes/Q/mod.quartex2
a845e1105d81169184be21802c2345dd	1	487828	player	uade	Protracker	0	74346	36f10cbd	51b11597	Sound/Modules/Chip-Tunes/R/mod.rage-1
a87dae833be14afd25f030b325105725	1	286830	player+silence	ft2play	Fasttracker (M.K.)	4	327118	ec38f4bc	c3b5c670	Sound/Modules/RaveBuster/HardCore/mod.Bonzai-Warrior-rmx
a87daf81cf7221427a580b8074d6fa04	1	300951	player	uade	Protracker	0	89700	1d053420	3a419482	Sound/Modules/Chip-Tunes/P/mod.petroff krakout
a899601484178511b4771e5b77966faf	1	146045	player	uade	Protracker compatible	0	52260	170d41a0	1bf0182f	Games/Action/MASH/Mash/sounds/Moshtastic.mod
a8a14a6547436b27b4fcadb8d6c14427	1	89720	player	uade	Protracker	0	18862	7cd2bc5e	678a9be2	Sound/Modules/Chip-Tunes/E/mod.euroslisk hoppin'
a8daabc9a923d1dee1656ca042049eac	1	65251	player+silence	uade	Protracker	0	21148	0da9b724	a3dbaaba	Sound/Modules/Chip-Tunes/T/mod.the_meadow_at_dawn
a921906f2c4179632c6370e5992074f4	1	112126	player	uade	Protracker	0	11966	f2f72a89	bdbdb00f	Sound/Modules/Chip-Tunes/L/mod.lick my nipples,yes
a93590f8dc877448429e82bd8c140361	1	163728	player	uade	Protracker	0	32932	34ed242a	9b685c1a	Sound/Modules/Chip-Tunes/S/mod.s-blur.bak
a94b233e18dcf26e0c6170c79ef90d16	1	76920	player	uade	Protracker	0	10432	c63f3553	df709d33	Sound/Modules/Chip-Tunes/C/mod.Chip a'Choup 01
a97ba6397471bd3d23372adfe66ed38c	1	38520	player	uade	Protracker	0	4478	e232477c	a1c30ead	Sound/Modules/Chip-Tunes/M/mod.## microtune 4 ##
a97ba6397471bd3d23372adfe66ed38c	1	38520	player	uade	Protracker	0	4478	e232477c	a1c30ead	Sound/Modules/ExTend/I-P/mod.## microtune 4 ##
a99e6ff85a459634bc7f285aac7ae819	1	25720	player	uade	Protracker	0	5896	488d8714	febf11a3	Sound/Modules/Chip-Tunes/S/mod.southern fried
a9c5f4c2b518c65bfeb3cc36cddf9ea4	1	179749	player+silence	uade	Protracker	0	338024	a14b84a1	21733e44	Sound/Modules/ExTend/A-H/mod.## discharge ##
a9e313b513d36aa5842029a0e682d47b	1	129085	player	uade	Protracker	0	24598	2afae20c	e09f4590	Sound/Modules/Chip-Tunes/Misc/mod.*intro-sound-ohmen*
aa10e644138bf633191f6744214cd56f	1	187725	player+silence	uade	Protracker	0	102406	f4551354	cf8611fb	Sound/Modules/RaveBuster/HardCore/mod.dominator
aaa9659a13e3628e2f76807a746a9d50	1	96364	player+silence	st3play	Scream Tracker 3.2x (GUS)	16	316162	16a56731	3bce40cd	Scene-Events/The-Party-95/Modules/Multi-Channel/S3M.Heo
aaa980f55ab70693b8a6e9d5e3fd120f	1	148597	player	uade	Protracker	0	18030	651ed58f	30979a5c	Sound/Modules/Chip-Tunes/D/mod.delicate 0ooz! 
aab113419eff0e1dc88db4176cafaf7c	1	46216	player	uade	Protracker	0	15382	94d6c955	037e2bf4	Sound/Modules/Chip-Tunes/C/mod.chip_35
aaf3e3fb0427f3bb215c687ba415ca02	1	105715	player	uade	Protracker	0	22340	e73eaa64	9725566b	Sound/Modules/Chip-Tunes/S/mod.suggestive vibes 1
ab189e79925ce86ef56a2b8bd5c3fe68	1	56424	player	uade	Protracker	0	5434	6262b777	4e1ba9e8	Sound/Modules/Chip-Tunes/W/mod.winney_tinney.
abc5bac8c0688a304a1251db2d736046	1	107645	player	uade	Protracker	0	28240	a5d7a044	58de8418	Sound/Modules/Chip-Tunes/N/mod.navigator
abd068335db4227cd6e98eb8d3285eb1	1	285536	player+silence	uade	Protracker	0	152488	dbec141d	01766829	Sound/Modules/South-Sealand/mod.love
abe127ae768b5e285e795aca31b034e4	1	76920	player	uade	Protracker	0	23186	95144b67	76011fd0	Sound/Modules/Chip-Tunes/B/mod.banana slut 10
abe697bf4665c7e3c52448f27dfdefc1	1	160432	player	uade	Protracker	0	317644	be46a8c8	7205942a	Sound/Modules/ExTend/Q-Z/mod.## wreck ##
abf832392da613a8899c5f1a2c201312	1	46216	player	uade	Protracker	0	10674	504a6fa3	81c7ce51	Sound/Modules/Chip-Tunes/F/mod.fear of the dark
ac13e0c4557da499d4791488e02e3426	1	290633	player+silence	uade	Protracker	0	415756	3a844c53	a1e22700	Sound/Modules/RaveBuster/House/mod.misjah - remix
aced67ac93b579b79fd939488914b2ed	1	193831	player+silence	uade	Protracker	0	273402	e4e891c3	2f8a85e1	Scene-Events/The-Party-95/Modules/4-Channel/mod.december blues
acfdabbcbdd2937955fcfd00ebbfb9d8	1	61568	player	uade	Protracker	0	17502	28f25bee	8405f65a	Sound/Modules/Chip-Tunes/A/mod.Abyss_7
ad067a7da56f3753697ee9973e082254	1	51320	player	uade	Protracker	0	18102	f3d3b267	2af1b8e9	Sound/Modules/Chip-Tunes/S/mod.## shit chip ##
ad067a7da56f3753697ee9973e082254	1	51320	player	uade	Protracker	0	18102	f3d3b267	2af1b8e9	Sound/Modules/ExTend/Q-Z/mod.## shit chip ##
ad0882ab47e9a3aff8adca794bd48067	1	161397	player	uade	Protracker	0	24988	5a594edc	50d749e6	Sound/Modules/Chip-Tunes/I/mod.ier-sine.exe
ad21e47c9fc2e8ca84840242dcf8a49e	1	69224	player	uade	Protracker	0	14848	d654e964	0b294380	Sound/Modules/Chip-Tunes/C/mod.c.chips#0060
ad2dbcef7f899e61c43362dc81eab14a	1	7796	player	uade	Protracker	0	7074	0bcf742e	143b92c3	Sound/Modules/Chip-Tunes/I/mod.intro3-b
ad7ebe2c1bfcbe673b515781d351c04c	1	92272	player	uade	Protracker	0	11734	bebd6627	89e5b08c	Sound/Modules/Chip-Tunes/I/mod.intro_i
ada9e86fccc0d021178ab4b94007426d	1	88434	player	uade	Protracker	0	13790	ef4d33e5	803f1884	Sound/Modules/Chip-Tunes/M/mod.mumu move.
adc58517b999ce202f5961dc571b8706	1	41072	player	uade	Protracker	0	18128	58038f74	74872549	Sound/Modules/Chip-Tunes/R/mod.rocker-focker
adf923c22624af0fcf0f09034d98ac53	1	38520	player	uade	Protracker	0	5656	349bec5a	2ea4d30e	Sound/Modules/Chip-Tunes/S/mod.Saf
ae014c1d3f053e4d6f33c5417e73091d	1	115321	player	uade	Protracker	0	25748	311b453d	2d69e646	Sound/Modules/Chip-Tunes/C/mod.chip_23
ae5660aa88483a3cabbc5c264a4bd451	1	76920	player	uade	Protracker	0	14806	e303c2c1	5bd96fb4	Sound/Modules/Chip-Tunes/H/mod.hotwires
ae6a06f509158071d46135a16dfbc384	1	131573	player+volume	uade	Protracker	0	31572	352e4548	d5abb6d1	Sound/Modules/Chip-Tunes/Misc/mod.## conrad ##
ae6a06f509158071d46135a16dfbc384	1	131573	player+volume	uade	Protracker	0	31572	352e4548	d5abb6d1	Sound/Modules/ExTend/A-H/mod.## conrad ##
ae77da38a91b84a4976abbb20a1068ed	1	219791	player	uade	Protracker	0	16048	d371fcfe	5f8d1b3a	Sound/Modules/Chip-Tunes/S/mod.spring air
ae8c6cdef6f19a2e98bd20f41fbb7979	1	42358	player	uade	Protracker	0	19802	4a7df31a	6ec84ed2	Sound/Modules/Chip-Tunes/A/mod.Abyss.Dizneeland 07.1
aecc0ba8e693f642fe186d5990dde6bf	1	115321	player	uade	Protracker	0	22694	db4c7dce	6d79ec53	Sound/Modules/Chip-Tunes/B/mod.baff
af07543f2f7b172a6b43f1739471073e	1	113137	player+silence	uade	Protracker	0	45612	5ecfe83d	f3ceba1d	Sound/Modules/Chip-Tunes/Misc/mod.## aggression ##
af07543f2f7b172a6b43f1739471073e	1	113137	player+silence	uade	Protracker	0	45612	5ecfe83d	f3ceba1d	Sound/Modules/ExTend/A-H/mod.## aggression ##
af3bf7b7ca4a9aea631d8298263601f8	1	246657	player+silence	uade	OctaMED MMD1	0	269826	b579d820	1f627c24	Sound/Modules/RaveBuster/Rave/mod.no good .fastmix.
af4541b4c129a1a47af48e033f71497d	1	23168	player	uade	Protracker	0	8904	cce05f1d	3a5dc664	Sound/Modules/Chip-Tunes/I/mod.in motion
af69403181b5cd729db5e14928f53876	1	172759	player+silence	uade	Protracker	0	140624	251016d9	c456cbfa	Sound/Modules/ExTend/Q-Z/mod.## sensation ##
af7b1238df94c5ed25d02b61ab1777da	1	212052	player+silence	uade	Protracker	0	471184	681f2824	dca8a3d0	Scene-Events/The-Party-95/Modules/4-Channel/mod. Sudden Inspiration 
afe550859a4fd12a0e98bca890a9e2e0	1	61729	player	uade	Protracker	0	21022	46470032	c4812ca2	Sound/Modules/Chip-Tunes/D/mod.deep-space wars cut
b037e4f470f1f4e0d6bb94a8587776be	1	46216	player	uade	Protracker	0	9760	ad80943c	e8d3185d	Sound/Modules/Chip-Tunes/L/mod.lemon
b0f4a5a7c1bcb895448ca42176d63f7b	1	329980	player+silence	uade	Protracker	0	342152	1b28f2a4	00f998f2	Sound/Modules/RaveBuster/House/mod.sex on the streets
b1445138da85793d7d83685293fce7f5	1	40128	player	uade	Protracker	0	17870	debc7193	8c842d74	Sound/Modules/Chip-Tunes/F/mod.fnt-meet.exe
b16465be572676ba217b79cc2f6b2f19	1	62914	silence	uade	Protracker	0	32740	87631757	372a44b4	Sound/Modules/Chip-Tunes/S/mod.steep hills.kort3
b1adca2f62c31161ea4b279fa3d62a1b	1	75011	player	uade	Protracker	0	82946	19f166bf	66d513da	Sound/Modules/Chip-Tunes/N/mod.nuke Anarchy
b1b25e9e42d1a659a4093c014ac35ce4	1	51320	player	uade	Protracker	0	13314	54fc8ba8	7dc97ab2	Sound/Modules/Chip-Tunes/Z/mod.zeropoint
b1c2cd174f22953199e056a734c6f142	1	142709	player	uade	Protracker	0	24148	fc481af2	f7c3fc8f	Sound/Modules/Chip-Tunes/R/mod.rendezvous 92(u)
b1d3038b78757e095df81696ba830026	1	86525	player	uade	Protracker	0	19558	1ab491de	4ca656bf	Sound/Modules/Chip-Tunes/S/mod.suburban terrorist
b25a9685ab3082b604e69510f93d559a	1	40429	player	uade	Protracker	0	98978	7ee8af42	9aa319b4	Sound/Modules/Chip-Tunes/T/mod.title
b29387868d124f57121c5bd78e787523	1	223866	player+silence	uade	Protracker	0	263226	adf6314c	9ea95a3b	Sound/Modules/RaveBuster/Rave/mod.matisseRMX
b3182df59c2b8b1ab77f9f688946c8f5	1	30824	player	uade	Protracker	0	13000	403ec6b0	df410f24	Sound/Modules/Chip-Tunes/B/mod.back_to_school!
b31bdf4b5dd87b2e836a9ca4b0448954	1	177874	player	uade	Protracker	0	204018	dbb727ac	1232d7cc	Sound/Modules/ExTend/A-H/mod.## death race ##
b33cfddce3b6942428236c2b587484e7	1	192141	player	uade	Protracker compatible	0	68488	b3d10201	438c4bcf	Games/Action/MASH/Mash/sounds/burger.mod
b39e07f71d7ddc7d0eb736a4205cd895	1	303785	player	uade	Protracker	0	418056	e3733761	78e51cbf	Sound/Modules/RaveBuster/Trance/mod.backtired
b39fc2764b73c159cd248bbdb945702f	1	43785	player	uade	Protracker	0	37194	89b0a956	f3d1409f	Sound/Modules/Chip-Tunes/G/mod.groove
b3c71bf28fd53fb87a5e2ca4a6b8a885	1	301938	player+volume	uade	Protracker	0	555680	9d13bbc4	f6be8e27	Scene-Events/The-Party-95/Modules/4-Channel/mod.neat.comp
b3d8176eab9fda1b56dbebbfbee2e0ce	1	237695	player	uade	Protracker	0	329990	e8d63abf	9a431107	Scene-Events/The-Party-95/Modules/4-Channel/mod.iconbastic
b3ebcbd774dff8e126bd301a1c03811c	1	286510	player+silence	uade	Protracker	0	216938	cfda77df	4e758721	Sound/Modules/RaveBuster/HardCore/mod.terror-house
b3f6d83302b7458f28e1b8b8bf077f49	1	74011	silence	uade	Protracker	0	21014	79461ca3	1db35789	Sound/Modules/Chip-Tunes/C/mod.cut_sanity
b425caa42c329b90d0628804741bc041	1	96130	player	uade	Protracker	0	23846	04ef3cbb	b570687c	Sound/Modules/Chip-Tunes/I/mod.i vote 4...(2nd v.)
b455b55fb0ad11c2f743b83a69d1d843	1	121731	player	uade	Protracker	0	24010	c90859e8	4c94a56f	Sound/Modules/Chip-Tunes/T/mod.tubule
b48dd54f83bb67b77325b87a81e42093	1	16431	player+silence	uade	Protracker	0	52714	4d7a0b5c	39fea4f9	Sound/Modules/ExTend/A-H/mod.## disrupt ##
b4da00ad752b9501a2b55ebedcd72d6d	1	183748	player+silence	uade	OctaMED MMD1	0	368242	b73d4d06	9f5a2f3e	Sound/Modules/RaveBuster/HardCore/mod.rainbow on 250 bpm
b5291d2a56a5a62905683e75ddddaf59	1	404156	player	uade	Protracker	0	352630	6dff4d10	ab76fb75	Sound/Modules/RaveBuster/Rave/mod.it's a dream - rmx
b5466e089b0415fa112dfd92bcf5218c	1	107001	player	uade	Protracker	0	37078	b56c3bdf	73cf6d70	Sound/Modules/Chip-Tunes/H/mod.hellomaniacsofnoise
b54c8ab2087cfc1b3dfee73428184816	1	144787	player+silence	uade	Protracker	0	29552	5f85a4ba	9abbff04	Sound/Modules/Chip-Tunes/E/mod.## economy 11 ##
b54c8ab2087cfc1b3dfee73428184816	1	144787	player+silence	uade	Protracker	0	29552	5f85a4ba	9abbff04	Sound/Modules/ExTend/A-H/mod.## economy 11 ##
b552891f13ee4c4740d6d13e047c2075	1	58213	player	uade	Protracker	0	31934	3780cebb	b781c9a0	Sound/Modules/Chip-Tunes/I/mod.it's phenomenal
b57d8867b25b0a825e6d8949bc06f443	1	568446	player	uade	Protracker	0	102848	d79b5b27	85bd89a7	Sound/Modules/Chip-Tunes/P/mod.parallax
b580e33018088211e35f56ce9f571e62	1	48379	player+silence	uade	Protracker	0	23988	98b62b18	71ef2a65	Sound/Modules/Chip-Tunes/W/mod.wild blue eyes
b5a86064200582f1daa565c9e163df87	1	84034	player	uade	Protracker	0	15000	bc6e786d	3fe50965	Sound/Modules/Chip-Tunes/Z/mod.zipzap
b5afa8d6763baa43fed538ee4f21c210	1	252801	player+silence	uade	OctaMED MMD1	0	319446	1475de5a	fc6d4606	Sound/Modules/RaveBuster/HardCore/mod.mental & charly mix
b5c49b7245b13bca8161a7aac45a5005	1	174197	player	uade	Protracker	0	173024	90e7e747	c029bacc	Scene-Events/The-Party-95/Modules/4-Channel/mod.trance-sax-ual
b5e49167303e4be09d58f6ebd97ed8bb	1	46216	player	uade	Protracker	0	8358	8c6ec57f	4df36ec2	Sound/Modules/Chip-Tunes/C/mod.cool chiptune no. 1
b5fde32a1bc7ecc21bbdbe08187735de	1	14528	player	uade	Protracker	0	19542	292a8cd1	49562060	Sound/Modules/Chip-Tunes/P/mod.pluton egzekucyjny
b69335d08bb6bb285b784ce682c70513	1	55560	player	uade	Protracker	0	26864	6afa3aeb	5c5972ff	Sound/Modules/Chip-Tunes/G/mod.gandbox calamar fre
b69d09e0c1d418c4abf6984c4a004e90	1	76920	player	uade	Protracker	0	30524	d9adebc4	c4ea60a1	Sound/Modules/Chip-Tunes/M/mod.menumusic.3(nuke)
b6bda678fbda7a6cb0c6473ec4a38839	1	460942	player	uade	Protracker	0	81414	9d345a0d	b2d8569e	Sound/Modules/Chip-Tunes/T/mod.Think Twice III
b6f1308e07ca66d81b10942ee7e3d895	1	250443	player+silence	uade	OctaMED MMD1	0	347988	726efbf0	982cd041	Sound/Modules/RaveBuster/Acid/mod.the hyper on acid
b70f6e28fc5d6096a0e2679a6cbb6cf3	1	204167	player+silence	uade	Protracker	0	153124	0e704e21	749e8077	Sound/Modules/ExTend/Q-Z/mod.## visionary ##
b84054761d82a4710c02ca0cf6cded3f	1	170319	player	uade	Protracker	0	35000	c240c731	12a37f23	Sound/Modules/Chip-Tunes/H/mod.hello m.o.n ii  
b86df5d0fb832cdcd8500fffd6a4fe21	1	135133	player	uade	Protracker	0	437726	625e8c5c	2fc3e58a	Scene-Events/The-Party-95/Modules/4-Channel/mod.Jazzin
b9125e0afd37e131beca972c569d5d64	1	87168	player	uade	Protracker	0	27420	a67f9d51	f929444a	Sound/Modules/Chip-Tunes/N/mod.nutcase snoring
b940a0cf06cd383b20a0bdcdd7b4bc33	1	59157	player	uade	Protracker	0	31536	edc8eb6b	56b3069b	Sound/Modules/Chip-Tunes/B/mod.bbeeeeuuuhhh!!!
b998c7ee623ca26cb1b37c8a81562b10	1	38520	player	uade	Protracker	0	17756	b8715df1	347dc551	Sound/Modules/Chip-Tunes/B/mod.boxe
b9b9f19c391d79fddf73c44bda79bb93	1	99968	player	uade	Protracker	0	20750	02b8e4ae	69c2b1e4	Sound/Modules/Chip-Tunes/S/mod.sit-a_shortune
b9bd896dfb17f1e574f01a3cbdd6502a	1	44910	player	uade	Protracker	0	5642	647e6596	57ef2b74	Sound/Modules/Chip-Tunes/L/mod.littlefred
b9caec72c43e42b7d2a4b98126f2b248	1	332921	player	uade	Protracker	0	199436	96892a8e	64c16a9a	Scene-Events/The-Party-95/Modules/4-Channel/mod.innertrance
b9eabd1f92f17b199f411d14958a1c4f	1	335363	player+silence	uade	Protracker	0	587660	662ad2c6	f98f54cf	Sound/Modules/RaveBuster/Rave/mod.the seduction
ba099e5abd9f81cff48c5c7a27eec3f3	1	31789	player	uade	Protracker	0	11214	eb3278f9	8912059b	Sound/Modules/Chip-Tunes/C/mod.chip_36
ba5ef528965085b43a872478a9c01728	1	121683	silence	uade	Protracker	0	29286	99be66d0	338c5966	Sound/Modules/Chip-Tunes/E/mod.ecodreams
baa2f69ccc971825fc5f23b66ba91b33	1	168213	player+silence	ft2play	FastTracker v2.00	18	403268	01da436f	624a2b01	Scene-Events/The-Party-95/Modules/Multi-Channel/XM.Angl
bac0e0462bdd76feb9d0c393feb35fcc	1	92272	player	uade	Protracker	0	16976	2e88ab8e	903159d6	Sound/Modules/Chip-Tunes/S/mod.secret gardens
baea290bf747844bd650508b533da79a	1	306288	player+silence	uade	Protracker	0	388404	702c1d81	a20dee81	Sound/Modules/RaveBuster/Rave/mod.cosmic !
bb5daadf911c2f430645b25cb4a06fb5	1	171509	player+volume	uade	Protracker	0	418116	fec00a3a	c457b23a	Sound/Modules/RaveBuster/Trance/mod.wavemaker - remix
bb8bc4b43c2049228fea574fac0859b1	1	106057	player	uade	Protracker	0	26000	2f536607	fd62d4eb	Sound/Modules/Chip-Tunes/P/mod.p4 sucks!loop
bbaa65d578e1c5858e2fc2600b35097b	1	38520	player	uade	Protracker	0	39608	03af648a	08b78d1c	Sound/Modules/Chip-Tunes/M/mod.mental hangover
bbb829d01f1d2fea7a511b9c8b8a2411	1	62533	player	uade	Protracker	0	16266	03ce9b6c	47398acc	Sound/Modules/Chip-Tunes/A/mod.Abyss_9
bbf6eaaa5d2bc85f3bea1d9558164ac1	1	69224	player	uade	Protracker	0	21470	466746ff	42b9c03e	Sound/Modules/Chip-Tunes/E/mod.echo_machine
bc07926301929094fd9847bf4f20973d	1	6510	player	uade	Protracker	0	2188	43fe019d	51e9a011	Sound/Modules/Chip-Tunes/L/mod.lamertune1
bc303614169e186a92a5fbff79a0ed52	1	46216	player	uade	Protracker	0	52628	c548bc14	5af3cffa	Sound/Modules/Chip-Tunes/S/mod.## shower ##
bc303614169e186a92a5fbff79a0ed52	1	46216	player	uade	Protracker	0	52628	c548bc14	5af3cffa	Sound/Modules/ExTend/Q-Z/mod.## shower ##
bc4fa1fb488599537205264b89999c0a	1	119179	player	uade	Protracker	0	30874	b6112cbe	35f2e4d3	Sound/Modules/Chip-Tunes/Misc/mod.D-Lux_3(2ch)
bcc4792631beb775f01f43d89125e3b9	1	78508	player	uade	Protracker	0	14606	00b136ba	5c5f7b74	Sound/Modules/Chip-Tunes/C/mod.chippy_nr.123
bcd8ab38856f5d8222b5a82aaa1eaffa	1	69224	player	uade	Protracker	0	10394	6add311a	ba580d3c	Sound/Modules/Chip-Tunes/L/mod.loped.
bcfe745d9b2046a3cbcf3cd2687bb4f9	1	163969	player	uade	Protracker	0	14540	a5cb8db9	e51ff009	Sound/Modules/Chip-Tunes/M/mod.monty (hiscore)
bd25c66a7ebeeed07dd4c32b25d560f1	1	109884	player+silence	uade	Protracker	0	10636	3f56a582	a91c1edd	Sound/Modules/Chip-Tunes/B/mod.banana slut 08
bd26e3a098ffafc20de29c53f225a1f0	1	214215	player+silence	uade	OctaMED MMD1	0	164004	c811792e	ec7b1958	Sound/Modules/RaveBuster/HardCore/mod.motherfuckin break.
bd3784aa8b34b0fc1f13039e30668f4b	1	91863	player+silence	uade	OctaMED MMD1	0	235482	8ebbbe11	5cc835e4	Sound/Modules/RaveBuster/Rave/mod.olympia mixtrack-03
bd56f42deb527bc3970496b9ab618667	1	79673	player	uade	Protracker	0	25398	ba23ce3e	d99d1c5e	Sound/Modules/Chip-Tunes/P/mod.playing with delay
bd64d5ff7f7c2c38ce09cbfbed881ac1	1	69727	player	uade	Protracker	0	19316	da9b817b	a97c4628	Sound/Modules/Chip-Tunes/W/mod.what no fudge
bd69c34c570efa22e2f314aae8ce79f8	1	46678	player	uade	Protracker	0	26222	00a3d0e5	e47254bb	Sound/Modules/Chip-Tunes/E/mod.## economy 10 ##
bd69c34c570efa22e2f314aae8ce79f8	1	46678	player	uade	Protracker	0	26222	00a3d0e5	e47254bb	Sound/Modules/ExTend/A-H/mod.## economy 10 ##
bd78f995966068922e1a5ddb0ec5a2a3	1	103806	player	uade	Protracker	0	27454	ffe7173d	00ca23d5	Sound/Modules/Chip-Tunes/A/mod.app-40k.exe
bd829732a898452da0cfc36f845f9ff9	0	161276	player	libxmp	The Player 6.1a	4	190516	c8a3d527	82f9902c	Scene-Events/The-Party-95/Demos/Mystic/PUKKI
bd869080147f32ec482c810bb024cd32	1	108227	player+silence	uade	Protracker	0	539226	d5236479	223b4925	Scene-Events/The-Party-95/Modules/4-Channel/mod.f()rever_l()ve
bd8f43e397bfcb954cb7bf7a1dc0bcc5	1	165637	player	uade	Protracker	0	341254	23ae44ed	06edb1f9	Scene-Events/The-Party-95/Modules/4-Channel/mod.'on the rocks'
bdbad6e978feebb5ee58edc982d636b2	1	338086	player	uade	Protracker	0	191498	4b77d9ff	16f20c5b	Sound/Modules/RaveBuster/HardCore/mod.ik will danzen !!!
bdbf3137184d95e4eaf38c770e298c04	1	92272	player	uade	Protracker	0	15384	c0cfee90	8509fbb9	Sound/Modules/Chip-Tunes/H/mod.hdf-halogene.r
bdf543f09354c18abdba6c4f304ff674	1	16195	player	uade	Protracker	0	6730	bf0b1396	6e34d738	Sound/Modules/Chip-Tunes/C/mod.chippy_nr.113
be23826e0c655930b7ab1a71c7b96ae9	1	291178	player+silence	uade	Protracker	0	206796	2653cc29	31afd15f	Sound/Modules/ExTend/I-P/mod.## in a blaze ##
be245a66d4a7a93fa9b0099e682b4795	1	152716	player	uade	Protracker	0	218858	ae4e011b	069c0534	Scene-Events/The-Party-95/Modules/4-Channel/mod.mod.ve!2
be258c23c1f2bd67894e068a453fd0e6	1	115321	player	uade	Protracker	0	29934	46eec13d	25f7a0e8	Sound/Modules/Chip-Tunes/C/mod.creppo (chipcutmix) 
be395eb4d26df799883b3336e1d7563a	1	82366	player	uade	Protracker	0	9968	99afe77b	ef380de2	Sound/Modules/Chip-Tunes/M/mod.mental madness
bf3704ad5f68a18caba66e01adc597e3	1	305846	player+silence	uade	Protracker	0	381402	582b4298	31bf9cef	Sound/Modules/RaveBuster/Rave/mod.tears don't...rmx2
bf5c015bf7805cffd831fb5bdb179617	1	31306	player	uade	Protracker	0	11436	c6b0b593	bfcb34d4	Sound/Modules/Chip-Tunes/S/mod.sundancer
bf7bff7e01d848689f1c5e82e495e410	1	293142	player+silence	uade	Protracker	0	391906	1e8fb7b0	cc4c8255	Sound/Modules/RaveBuster/Rave/mod.the right thing-rmx
bfae3b10d79d8de5934a6fceb55c3433	1	63035	player	uade	Protracker	0	18786	2fe00cf8	e6923ad3	Sound/Modules/Chip-Tunes/Y/mod.ya une gruge!
bfe5a9469607b239b9623d8a3bf1bd12	1	27549	player	uade	Protracker	0	29122	e3990f7e	3d4cdb17	Sound/Modules/Chip-Tunes/E/mod.## economy 6 ##
bfe5a9469607b239b9623d8a3bf1bd12	1	27549	player	uade	Protracker	0	29122	e3990f7e	3d4cdb17	Sound/Modules/ExTend/A-H/mod.## economy 6 ##
c01493735d6c890289171793b994170e	1	25720	player	uade	Protracker	0	15960	f517d7cb	4f923010	Sound/Modules/Chip-Tunes/F/mod.fresh juice=
c069f58292e0d58608fdece115592a05	1	82044	player	uade	Protracker	0	111180	e1ca0546	2acc8bf6	Sound/Modules/ExTend/I-P/mod.## kane-mania ##
c069f58292e0d58608fdece115592a05	2	61568	player
c069f58292e0d58608fdece115592a05	3	76920	player
c069f58292e0d58608fdece115592a05	4	38520	player
c069f58292e0d58608fdece115592a05	5	14541	silence
c069f58292e0d58608fdece115592a05	6	24905	player+silence
c06c810577fbe7edc9e5ba1e57f24921	1	244160	player+silence	uade	Protracker	0	399634	eca9206f	52aa09b4	Sound/Modules/RaveBuster/Rave/mod.playing hardcore
c08ecf7ea158b8114252fcdc7c1a26b6	1	17401	player	uade	Protracker	0	17306	e37ad5fb	f0c957a0	Sound/Modules/Chip-Tunes/A/mod.akes-gris
c09ab3db264814c2e1e1e8e3e76df6c6	1	180493	player+silence	ft2play	FastTracker v2.00	18	714025	6698a477	0c936046	Scene-Events/The-Party-95/Modules/Multi-Channel/XM.Spaceman
c0ab6ef55e61178cf1615dadc38a86b5	1	54837	player	uade	Protracker	0	13512	0d5d3087	0a3193ee	Scene-Events/The-Party-95/Modules/4-Channel/mod.vatican rag
c0f0ba9ec46273f1434c922097b56d23	1	286356	player+silence	uade	Protracker	0	310442	dbd718c8	24c52b70	Scene-Events/The-Party-95/Modules/4-Channel/mod.virulent campaign.
c110164583e757ffb42cdd87604570a3	1	208799	player	uade	Protracker	0	138476	2e08768b	69d69ee6	Sound/Modules/ExTend/A-H/mod.## breathe deep ##
c143ddb92ad83108e1ab172bdb868f7a	1	15472	player	uade	Protracker	0	3608	4d07c3af	dd8d9107	Sound/Modules/Chip-Tunes/M/mod.## microtune 6 ##
c143ddb92ad83108e1ab172bdb868f7a	1	15472	player	uade	Protracker	0	3608	4d07c3af	dd8d9107	Sound/Modules/ExTend/I-P/mod.## microtune 6 ##
c14af6f3e7c25e300463f56acca85432	1	179332	player+silence	ft2play	FastTracker v2.00	12	141532	76f4513c	13df201a	Scene-Events/The-Party-95/Modules/Multi-Channel/XM.Acid Connection
c1e999342c15ef5e1fa949aaf948ea71	1	354322	player	uade	Protracker	0	711918	c43c8c2e	2b910f1e	Sound/Modules/RaveBuster/Rave/mod.the little child
c223864627c66b2f6cfeabdb1f03f1a1	1	84958	player	uade	Protracker	0	29248	0c6d6bd6	6a4c3179	Sound/Modules/Chip-Tunes/A/mod.Abyss_2
c2264bd959cbee1e0caf2518210391dd	1	92272	player	uade	Protracker	0	42120	7f7f0150	8e79eb94	Sound/Modules/Chip-Tunes/T/mod.transpirent
c27d92e66e700d19ecc3e677672e7040	1	360209	player+silence	uade	Protracker	0	412670	da795eaa	19742a6f	Sound/Modules/RaveBuster/Rave/mod.Extremia_RMX
c27ebb892e4930a98af3644df26ec239	1	53229	player	uade	Protracker	0	12774	0ab771e1	e5ac899f	Sound/Modules/Chip-Tunes/C/mod.chippy_nr.114
c2bdd81b9be74a915eed7cec8918e051	1	147753	player	uade	Protracker	0	147876	b7b00ddf	4b63d12c	Sound/Modules/ExTend/A-H/mod.## activity ##
c2c934ff72b6e584a0d07e4f343ae1c4	1	143493	player	uade	Protracker	0	22876	e958dbe2	6674d824	Sound/Modules/Chip-Tunes/P/mod.part3snd
c2dbd3f021b5c1d55078d600ad7f3f60	1	184686	player	uade	Protracker	0	48216	077f0d18	3ca36cb8	Sound/Modules/Chip-Tunes/G/mod.green beret
c300017ac9411a874f590a015f4245c0	1	61568	player	uade	Protracker	0	9808	ce2fbf71	179b6200	Sound/Modules/Chip-Tunes/I/mod.intromuz-4.hb
c38a475982912e80aa6c47d0e39a2f82	1	118302	player+silence	uade	Protracker	0	548128	27cd7858	cdbe2270	Scene-Events/The-Party-95/Modules/4-Channel/mod.chico de loros
c3b8c2facf10feea5eb5c864fbc481c6	1	51320	player	uade	Protracker	0	17422	a5f0f30e	70bf24f6	Sound/Modules/Chip-Tunes/A/mod.atomic failure
c3dfe218c29e18451170c049b0c8bc30	1	216658	player+silence	uade	Protracker	0	83400	3fab860e	de4ab1c8	Sound/Modules/RaveBuster/Rave/mod.a lovely daydream
c3e9952e832d431958edbff8802bb37f	1	80758	player	uade	Protracker	0	24660	c6c30d0a	939e3bfe	Sound/Modules/Chip-Tunes/R/mod.ROSE_SIH95.EXE
c3ec4b44d5d323750e6cb690c3b41712	1	169093	player	uade	Protracker	0	40742	0cac74fa	9679b148	Sound/Modules/Chip-Tunes/D/mod.d-lux_2(2ch)
c41c1ada56ee1fdcf35243c1ee45575a	1	224872	player+silence	uade	Protracker	0	379420	ecbc5d1d	0f0d3159	Sound/Modules/RaveBuster/Rave/mod.dont stop the power
c4297b943fed1011347e1e66e2d911db	1	46216	player	uade	Protracker	0	10486	44dd7ea0	547918da	Sound/Modules/Chip-Tunes/A/mod.a10
c460a8d576be7ec1226781d001c21529	1	135116	player+silence	uade	Protracker	0	383188	1147ed45	bda8bdd7	Scene-Events/The-Party-95/Modules/4-Channel/mod.crazy,sexy,cool...
c48893c2f2f4f1e16777f67364e2f48f	1	107645	player	uade	Startrekker (4ch)	0	32818	fc398135	1a15a393	Games/Action/Kargon/Music.dat
c4f5943a922beb7381a93b00e6ddc84c	1	126835	player	uade	Protracker	0	43160	f11dd605	f1e7c5c5	Sound/Modules/Chip-Tunes/J/mod.jumpjack
c50459cf34f489bcbc3b81ae467e2462	1	15472	player	uade	Protracker	0	7644	f5c4a6c4	f55b932d	Sound/Modules/Chip-Tunes/M/mod.microforce-intro4
c50e185ec1691c73651ec6e7fbaa3a03	1	199097	player+silence	uade	Protracker	0	350400	5a23c608	a0575904	Sound/Modules/RaveBuster/Rave/mod.bostich-200-bpm-rmx
c568de8a181432f1ac116560b2e3fef7	1	71816	player	uade	Protracker	0	31252	29bcfc06	61ebec5a	Sound/Modules/Chip-Tunes/G/mod.gyroscope
c59868052c4d0caa128907dbda639ad2	1	69224	player	uade	Protracker	0	23760	4fb37dec	296d4f64	Sound/Modules/Chip-Tunes/C/mod.cool tune
c5cf295113e3086133c95c879c5087b4	1	89720	player	uade	Protracker	0	45784	d9a8010b	f8528427	Sound/Modules/Chip-Tunes/O/mod.open ur eyes
c61291fa1d02f2673dc8b425858ec692	1	41072	player	uade	Protracker	0	13926	54a61436	d50569e8	Sound/Modules/Chip-Tunes/Misc/mod.flying_mailman
c62793f683e62e5f1b8927cfc02963d3	1	296106	player+silence	uade	Protracker	0	201228	4b7224f7	44271468	Sound/Modules/ExTend/Q-Z/mod.## shooting ##
c65f101fa0903754ad5f3a024bb9307c	1	73082	player	uade	Protracker	0	18574	154c9aa4	e20a31b6	Sound/Modules/Chip-Tunes/S/mod.send me a letter
c6dcd264c7dc51156e8b1338dee7a74c	1	138369	player	uade	Protracker	0	20514	d73b57c9	66f393c1	Sound/Modules/Chip-Tunes/A/mod.an3
c6f6861c7f575cdf025bbe8cb5889243	1	69084	player	uade	Protracker	0	22498	f61e4373	0bea0b57	Sound/Modules/Chip-Tunes/B/mod.bartman emc 18
c709ed041221d6e1b7541d8f4778523b	1	168972	player	uade	Protracker	0	666666	bfd627dc	25c625eb	Sound/Modules/South-Sealand/mod.fish-funk
c7548d9f3efd9e83d6a3c7b046683176	1	10368	player	uade	Protracker	0	35294	9e4f22d7	78405e94	Sound/Modules/Chip-Tunes/I/mod.intro bent
c7607383cb3c7bd9b5cb8526c2d56e3c	1	446153	player	uade	Protracker	0	259178	161de5e6	18dd6f39	Sound/Modules/South-Sealand/mod.deppentechno
c79a289f74ca638a41c0cdb8a41af6c7	1	115321	player	uade	Protracker	0	19840	6e2ba431	dc379866	Sound/Modules/Chip-Tunes/S/mod.shorty2ext.bass
c7caa3d680c1f77a00d241efcfb200b2	1	281257	player+silence	ft2play	FastTracker v2.00	20	709915	cb5a5787	d2c8057a	Scene-Events/The-Party-95/Modules/Multi-Channel/XM.Intoxicated
c7d3317191b18ca1b64c8c8de8ad72c8	1	83330	player	uade	Protracker	0	15202	0f461692	f3c5139d	Sound/Modules/Chip-Tunes/I/mod.intromuz-1.hb
c7e6832add2a6958694c7105652874c6	1	63176	player	uade	Protracker	0	19660	78a9e9cd	d25e2310	Sound/Modules/Chip-Tunes/C/mod.chippy_nr.128
c7f464a5f1e00230bb7e8d1894c41f2e	1	26122	player	uade	Protracker	0	65910	4980e544	5cf9498f	Sound/Modules/Chip-Tunes/C/mod.chip_40
c8821261467172bb59dc7067273910de	1	221969	player+silence	uade	OctaMED MMD1	0	145318	09c27bf2	72a35997	Sound/Modules/RaveBuster/Rave/mod.te quierro choirmix
c88600bbc70beb3a088985d6eab247cd	1	240915	silence	uade	Protracker	0	367240	debc4d1f	d81e3bc9	Sound/Modules/South-Sealand/mod.seduction
c8d4813c88126a51729ebdbfec270e60	1	102520	player	uade	Protracker	0	16268	e0879b42	a62e8ae3	Sound/Modules/Chip-Tunes/Z/mod.ziptro-2
c8dcb65ec8297b5e0e010d0974624f92	1	27006	player	uade	Protracker	0	19872	69e51634	478e33de	Sound/Modules/Chip-Tunes/P/mod.pn-058-712598
c92020643a32fb95c57b03b76019fa8d	1	215149	player	uade	Protracker	0	20352	de7b673b	4e4735fe	Sound/Modules/Chip-Tunes/B/mod.bigger is better
c92520fbe3c5c6e5940edcf624ed4322	1	53872	player	uade	Protracker	0	14756	f10e75ed	5b2b3df0	Sound/Modules/Chip-Tunes/A/mod.Abyss_10
c94cdf9b1856106bce429e6b69ab17d6	1	186997	player	uade	Protracker	0	20540	21de5d42	47d89679	Sound/Modules/Chip-Tunes/0-9/mod.40k-intro
c95d90417cf49e24a8214337acdc45a1	1	52124	player	uade	Protracker	0	26600	7625bd8d	8733ee67	Sound/Modules/Chip-Tunes/S/mod.stand-by-kini
c9b4e79571672626bf2f07f83e46ab89	1	25720	player	uade	Protracker	0	38414	aafbd9a0	0ec94634	Sound/Modules/Chip-Tunes/D/mod.dreamer kacza cz
c9f3c5bb05fa1c90f11cccef35b21153	1	216052	player+silence	uade	Protracker	0	152170	827d2dac	31333abb	Sound/Modules/RaveBuster/Trance/mod.calling earth-rmx1
ca21c0edfe74d9f9e4468d93f9e3889d	1	107645	player	uade	Protracker	0	11322	ef37aaea	e204ea4d	Sound/Modules/Chip-Tunes/N/mod.naolytic adventures
ca23d7e1ef008714635216522f2015a5	1	52863	player+silence	uade	Protracker	0	23484	fd4df028	3030f6ae	Sound/Modules/Chip-Tunes/S/mod.## syntherella ##
ca23d7e1ef008714635216522f2015a5	1	52863	player+silence	uade	Protracker	0	23484	fd4df028	3030f6ae	Sound/Modules/ExTend/Q-Z/mod.## syntherella ##
ca5f892eeb8ca6744986f9f061fa5392	1	187347	player+silence	uade	Protracker	0	233698	8be06f69	716be9c2	Sound/Modules/RaveBuster/Rave/mod.big love r-m-x
ca79079903b3a265355e7459311d0b36	1	284253	player+silence	uade	Protracker	0	282104	30423341	a10aec3b	Sound/Modules/RaveBuster/Rave/mod.yvesday - remix
ca89480c34601a2f9e4bfd9b2f87f5dc	1	18044	player	uade	Protracker	0	6056	0226d09c	fd8632b4	Sound/Modules/Chip-Tunes/C/mod.chippy_nr.132
ca89a36c465b62a0b1f766767b17f4c2	1	30824	player	uade	Protracker	0	9394	34181b2d	f5057f24	Sound/Modules/Chip-Tunes/P/mod.Paradox.Calimero
cab843f59b603ec6026912a5bb71e536	1	288765	player+silence	uade	OctaMED MMD1	0	347338	1ea3045e	9186ff0c	Sound/Modules/RaveBuster/Rave/mod.Live_at_london_Remix
cad1e66744e172665bc5bd5f09ac13f1	1	210145	player	uade	Protracker	0	496974	fe155c7a	eff1ac9b	Sound/Modules/RaveBuster/HardCore/mod.think of rotterdam
cb2e08876430f99963f8b09dfaca93c0	1	363244	player	uade	Protracker	0	524584	f8e39c11	214a7057	Sound/Modules/RaveBuster/Funky/mod.the feeling -remix-
cbf2210b55b2270d429d942dae7c934d	1	139574	player	uade	Protracker	0	689758	e8643aab	e8571a8d	Scene-Events/The-Party-95/Modules/4-Channel/mod.what guitar?
cc12973b0607f742873941dc5bf85a56	1	34622	player	uade	Protracker	0	288196	f3e47c1d	f8b6aa82	Scene-Events/The-Party-95/Modules/4-Channel/mod.crackling turd
cc1420c68da0e50b8868779d4e32479f	1	217984	player+volume	uade	Protracker	0	265198	943899ef	ea5a4ab6	Sound/Modules/RaveBuster/Rave/mod.Crisis_remix
cc28661141cc5743383560c71b3650c2	1	212637	player	uade	Protracker	0	297004	261af54e	61f5a498	Sound/Modules/RaveBuster/Rave/mod.dosta !!!
cc2876c7cf112c8e3a9261479b6d1d67	1	355703	player+silence	uade	Protracker	0	401584	eb38f79a	905a8f67	Sound/Modules/RaveBuster/Rave/mod.rave nation x-remix
cc6387af4fe129d4f356d2519a8f500a	1	76920	player	uade	Protracker	0	19418	e2938c3d	62472d03	Sound/Modules/Chip-Tunes/D/mod.dmg-Kro2.exe
cc6387af4fe129d4f356d2519a8f500a	2	92272	player
cc69632555490d661519bc7511f8ce6b	1	122394	player	uade	Protracker	0	25010	975177d1	949aae6a	Sound/Modules/Chip-Tunes/U/mod.uridium 2 (loader)
cc8da9c4edb44f66e111e6449b5092db	1	96291	player	uade	Protracker	0	24200	18810b49	99cedf1e	Sound/Modules/Chip-Tunes/I/mod.in my head.
cc967fb2f6c20228891822e231e617bd	1	96130	player	uade	Protracker	0	22344	019dc6fd	c02a9c54	Sound/Modules/Chip-Tunes/R/mod.ram_intro#06
ccb4204817d065b6af9f8fa7d58467cd	1	157265	silence	uade	Protracker	0	195744	ce5e4b41	88f96b40	Sound/Modules/ExTend/I-P/mod.## impossible  ##
cce357a7f91caa5d2781c1e78aae7451	1	172931	player	uade	Protracker	0	51532	d3c0fe2f	f1f2e12e	Sound/Modules/Chip-Tunes/S/mod.scraplook
cd0d5e89b839354e7a19ad1ff571a1b6	1	97417	player	uade	Protracker	0	17914	8987dd96	5297d314	Sound/Modules/Chip-Tunes/T/mod.totally tubular
cd12d9ea495dd8d9cdba2b7a29073ae6	1	374968	player+volume	uade	Protracker	0	239712	8edd8f38	1b86f280	Sound/Modules/ExTend/A-H/mod.##  fucking   ##
cd73b4a178d6bf0f6e1c2938b1bffa39	1	195141	player+volume	uade	Protracker	0	346068	edadd943	44d0d98c	Scene-Events/The-Party-95/Modules/4-Channel/mod.manic filters
cd99bb11747ba97dc7f479a5ee05bba1	1	81602	player+silence	uade	Protracker	0	21548	b20b0cbc	48d38b1c	Sound/Modules/Chip-Tunes/I/mod.inv-40k.exe
cddca4b2e822a21af93d9c18fdee4a1b	1	225779	player	uade	Protracker	0	189518	57e4186e	44624be5	Scene-Events/The-Party-95/Modules/4-Channel/mod.dreamvoyage+mintv1,1
cde57d9625d885079badf14a9fd31f73	1	63477	player	uade	Protracker	0	11870	a93e74f1	1a2c2d19	Sound/Modules/Chip-Tunes/M/mod.manjaman
cde70fa67cc7e153288ff078c5ba370e	1	173112	player	uade	Protracker	0	412506	da1468ac	177a5c46	Sound/Modules/RaveBuster/Rave/mod.lets do it again rmx
ce0be8988faa0cda5057b95cd463fdcd	1	73082	player	uade	Protracker	0	19252	aadd3d6c	67dad217	Sound/Modules/Chip-Tunes/T/mod.toon a mort
ce1e76d9b80d0ca881a62f27382e3537	1	101375	player	uade	Protracker	0	20874	de36cc64	f07ac73a	Sound/Modules/Chip-Tunes/M/mod.mental unbalance
ce317ab286ea9d9d007b9d9efb751fb9	1	82643	player+silence	uade	Protracker	0	15098	39c2ecde	99c66e60	Sound/Modules/Chip-Tunes/A/mod.at_the_zombie_zoo
ce544c41bf4ae446a012ac2229fd0871	1	455150	player+silence	uade	Protracker	0	518068	69bab420	6121e7f8	Sound/Modules/RaveBuster/Trance/mod.it's a dream - rmx3
ce799ec380b8617a66d51f20a2fd7960	1	271116	player+silence	uade	Protracker	0	466902	305931aa	a75cc34e	Sound/Modules/RaveBuster/Rave/mod.send me an angel
ceb32c1bbbe3d172af509a1b5eb5a303	1	111483	player	uade	Protracker	0	37394	ae2a22f7	e8ebcef7	Sound/Modules/Chip-Tunes/B/mod.brain scan
ceb49aaa5563c4f4928f54f7cf91821d	1	283104	player+silence	uade	Protracker	0	661054	1b31ac00	131a4487	Sound/Modules/RaveBuster/Rave/mod.let the dreams...
cef1666307c61d559e52ee6fade68377	1	7796	player	uade	Protracker	0	6750	a6fffc27	14d4938b	Sound/Modules/Chip-Tunes/S/mod.shorty2
cef2b006f6491cbde2217798b0715240	1	61568	player	uade	Protracker	0	14076	6ac0b676	88f48041	Sound/Modules/Chip-Tunes/A/mod.alive and kicking
cef4bdb2e3519fca0886239e2bc33be4	1	239965	player	uade	OctaMED MMD1	0	248058	c075a31b	3041c675	Sound/Modules/RaveBuster/HardCore/mod.move it--caos remix
cf45b906488ca61fe962e0124219f321	1	84616	player	uade	Protracker	0	15220	2c31ea85	d54729e9	Sound/Modules/Chip-Tunes/S/mod.synthetik
cf61ffa1f1df79e1683a11cb68a030e2	1	236254	player+silence	uade	Protracker	0	496368	5623895e	d038bf82	Scene-Events/The-Party-95/Modules/4-Channel/mod.mountain high.comp1
cf7abfc2193c7b32f21ea9f801972777	1	163969	player	uade	Protracker	0	18908	02b03dd7	85862c55	Sound/Modules/Chip-Tunes/G/mod.greasy duck v1
d039e209aa6fc07610be8fb604b4c9d5	1	130391	player	uade	Protracker	0	183118	c101e27b	a8d90b94	Sound/Modules/ExTend/Q-Z/mod.## spee-d-rink ##
d08bd8ab7371d26eef80c8b480c2b8ff	1	174840	player	uade	Protracker	0	135734	4b50d52e	a2672694	Scene-Events/The-Party-95/Modules/4-Channel/mod.r0undab0ut
d0c9f56f7f5d47cfa403340b59c3e567	1	215149	player	uade	Protracker	0	17794	2ac64969	0908c908	Sound/Modules/Chip-Tunes/H/mod.hemp-o-nsill.corrct
d0f371bb7061abba63fefb6d29cf5c63	1	169093	player	uade	Protracker	0	278096	c93d5304	a0e47dd3	Scene-Events/The-Party-95/Modules/4-Channel/mod.rave_trip
d17c2dbd0e731515dabbd8b80f00c444	1	20596	player	uade	Protracker	0	32680	42e71fe9	984595b5	Sound/Modules/Chip-Tunes/D/mod.dreamer 40% ii
d194de6760c340117370ff93312878d8	1	19310	player	uade	Protracker	0	2124	c47c9d75	c38cedf3	Sound/Modules/Chip-Tunes/V/mod.vbl_suxx
d1e92e04e7ce6cf5dd82eccf74b1dde9	1	38520	player	uade	Protracker	0	11476	bf883241	2d1845aa	Sound/Modules/Chip-Tunes/C/mod.chippy_nr.110
d2359b603322d1fae2c003b403f139ca	1	634816	player+silence	uade	Protracker	0	710110	16de68ed	7501b31f	Sound/Modules/RaveBuster/MegaMix/mod.'95-Raver's-Megamix
d23c3b7dba9961ae77db9e283c1a46c9	1	162238	player+silence	uade	Protracker	0	145884	30095114	d80ba4d6	Scene-Events/The-Party-95/Modules/4-Channel/mod.especially_special
d24815fc7aa21ad019a04867d38e3223	1	51320	player	uade	Protracker	0	7448	6162910e	52ddb305	Sound/Modules/Chip-Tunes/S/mod.smallish.b_iv+
d28c24700f634b174dc34a5c32cd9d83	1	51320	player	uade	Protracker	0	13332	70da0ee2	51aa8862	Sound/Modules/Chip-Tunes/C/mod.chippy_nr.117
d2cf7f2cfd270d7dba15f8fb8552d51c	1	88201	player+silence	uade	Protracker	0	260262	6aea86ac	d21228be	Scene-Events/The-Party-95/Modules/4-Channel/mod.Compact Caviar - Mys
d2e82c9411262fc1e10d4e9362d8d534	1	246981	player+silence	uade	Protracker	0	469126	2b7f006a	1e55416e	Sound/Modules/RaveBuster/Acid/mod.acid !
d31cfafde8a4fe6ab426139c9e72ac0b	1	61568	player	uade	Protracker	0	13388	6d291201	ef8fdf9f	Sound/Modules/Chip-Tunes/S/mod.Spaceballs.FunkyPixels
d336f9a41079505fc43e2c5919582449	1	258593	player	uade	Protracker	0	124050	618511a0	4752a83b	Sound/Modules/RaveBuster/House/mod.your house
d3558373fa7437fc0d2741836a9afd83	1	143493	player	uade	Protracker	0	32904	b9be8765	cf3d621c	Sound/Modules/Chip-Tunes/S/mod.sine-ister
d3a37620af9f5b1dda295123d3b0c2d0	1	107645	player	uade	Protracker	0	12774	11a6e7e7	94c835bd	Sound/Modules/Chip-Tunes/I/mod.its grim up north
d3d48543a423400d7886fb5640dd14d1	1	46216	player	uade	Protracker	0	14500	d90621bb	0d9e492e	Sound/Modules/Chip-Tunes/S/mod.spirit of 84
d3e49f3a661d517a8be5e537761cda71	1	189712	player+silence	uade	Protracker	0	154338	3ba73217	04511db5	Sound/Modules/RaveBuster/Rave/mod.brain-dead
d3e5b5bc7bb15b65ec8a83d5f31a64ad	1	182599	player+silence	uade	Protracker	0	157892	c80cc34b	6804bca9	Sound/Modules/ExTend/Q-Z/mod.## te-x-mas 4 ##
d434cc58dba1c5ed305c0bfb5603be1b	1	175242	player	uade	Protracker	0	22150	ac00e5d5	7a1a28ed	Sound/Modules/Chip-Tunes/M/mod.my_victory
d4418d182280b8826878d3382f8f2eb2	1	253569	player	uade	Protracker	0	51144	a884f4ce	1135d4da	Sound/Modules/Chip-Tunes/O/mod.ocean loader
d44d91d510647fc9487f7ca696bdfd57	1	51320	player	uade	Protracker	0	18360	c99b1ab3	e4a36c51	Sound/Modules/Chip-Tunes/S/mod.SA-40k.exe
d4559fd1fcc981e94d6015b65b08c6b8	1	164592	player	uade	Protracker	0	343324	c8d8a3ab	2c81f19c	Scene-Events/The-Party-95/Modules/4-Channel/mod.china
d45f4cbfaf12ac8bf76cafae466bb8c8	1	76920	player	uade	Protracker	0	20734	22024afe	1d6bce88	Sound/Modules/Chip-Tunes/I/mod.intentional
d469720663844e5d19b534f23164397f	1	433133	player+silence	uade	Protracker	0	96060	c2a920ce	9c6da0b3	Sound/Modules/ExTend/A-H/mod.## bad voices ##
d479f9dc6f3171c987d1860095e517a6	1	302944	player+silence	uade	OctaMED MMD1	0	308656	c095c338	a8d1c44d	Sound/Modules/RaveBuster/Rave/mod.Acid-FolLk_speedmix
d4b07fd0a83ef557724cb90aafcb3fb6	1	61568	player	uade	Protracker	0	28000	4e689c36	cbdd26e2	Sound/Modules/Chip-Tunes/D/mod.DiSiSSid-2-CommHi
d59467dcb62f5a37f321f7e1faf0a908	1	92272	player	uade	Protracker	0	18912	6a46077c	57189fa9	Sound/Modules/Chip-Tunes/S/mod.stopglock
d5c2db84913fad76a8f8ea2d27db0081	1	73404	player	uade	Protracker	0	16650	16f8c043	cd767f06	Sound/Modules/Chip-Tunes/T/mod.Too_Late!
d5f8b538e6761eaa4aba52b0d7f85927	1	159092	player+silence	uade	Protracker	0	535054	57f5a73c	9ab09a24	Scene-Events/The-Party-95/Modules/4-Channel/mod.Trance Monks
d632d12175937c1c8ca683ff9f2369f1	1	0	nosound	uade	Protracker	0	60924	a38712c3	9a857835	Sound/Modules/Chip-Tunes/T/mod.twmod2
d64a001e43de3fc132c3efa8f0b01c77	1	30824	player	uade	Protracker	0	5400	5ee8147a	83013cf9	Sound/Modules/Chip-Tunes/M/mod.## microtune 2 ##
d64a001e43de3fc132c3efa8f0b01c77	1	30824	player	uade	Protracker	0	5400	5ee8147a	83013cf9	Sound/Modules/ExTend/I-P/mod.## microtune 2 ##
d64d0b0872277199541fa11b74f40a62	1	165235	player	uade	Protracker	0	30180	94db869b	0d01d355	Sound/Modules/Chip-Tunes/S/mod.sus-40k.exe
d64d0b0872277199541fa11b74f40a62	2	30824	player
d64d3c32cc956228c3b7a540e373d2e0	1	50034	player	uade	Protracker	0	16378	40aeb3f3	4018ef49	Sound/Modules/Chip-Tunes/U/mod.<unnamed>.2
d675b378f9ee8dd536b7a3daaeb78aec	1	51561	player	uade	Protracker	0	9936	cf717c05	b1454a17	Sound/Modules/Chip-Tunes/C/mod.CPDezajn.JergenPuckel
d6a13ab3526e4b67fa4458e277bf4952	1	104361	player+silence	uade	Protracker	0	32158	37b9de3e	c8353fa7	Sound/Modules/Chip-Tunes/B/mod.bartesek chippolino
d71be83b285010c6776343a0b461b9b6	1	223408	player	uade	Protracker	0	20010	a5e90f49	d62dfdc9	Sound/Modules/Chip-Tunes/M/mod.microscopix 1.85
d773140b4a845352a505d832e45cddfe	1	61568	player	uade	Protracker	0	18394	ffce58a7	47e2339f	Sound/Modules/Chip-Tunes/P/mod.parkietmix2
d7923a8becc33fd57654d551a8b3e588	1	106725	player+silence	uade	Protracker	0	18616	df27f807	1ccee3a4	Sound/Modules/Chip-Tunes/B/mod.Beatless-Summer.Exe
d7923a8becc33fd57654d551a8b3e588	1	106725	player+silence	uade	Protracker	0	18616	df27f807	1ccee3a4	Sound/Modules/Chip-Tunes/B/mod.Beatless-Summer.Exe.0
d7a4206c8c8ec60990fb354e8f1cd009	1	299484	player	uade	Protracker	0	276952	f5461565	49e91a59	Scene-Events/The-Party-95/Modules/4-Channel/mod.higher_and_higher
d7d038d68c93f2d9fffdbdc48f6eddc0	1	97999	player	uade	Protracker	0	46818	ae32ee52	4f44bf6a	Sound/Modules/Chip-Tunes/S/mod.skidrow
d7d2b25e39a2b66895026a9c35d7a444	1	119199	player	uade	Protracker	0	15642	c6db9105	8337cf85	Sound/Modules/Chip-Tunes/S/mod.snarain
d7fbca340d2d44956de1242bef834faa	1	182938	player	uade	Protracker	0	106650	96a6a104	9067173c	Sound/Modules/ExTend/A-H/mod.## come loose ##
d80534949ee60cc92f30f05f16822a10	1	39002	player	uade	Protracker	0	24282	54e60518	57a370f5	Sound/Modules/Chip-Tunes/A/mod.astral|c.forces.v11
d8259157bd4eaa0f325f70103f28b4e1	1	253790	player+silence	uade	Protracker	0	169896	c7b59104	a538fd26	Sound/Modules/ExTend/Q-Z/mod.## warfare ##
d8970e851f03a3f9c8d23b534251cbed	1	21882	player	uade	Protracker	0	8144	4eb16b45	338cc61e	Sound/Modules/Chip-Tunes/C/mod.chippy_nr.135
d8fe806069676276d8b1be08b4ee6b54	1	15472	player	uade	Protracker	0	5554	7c390a58	25480b57	Sound/Modules/Chip-Tunes/C/mod.chippy_nr.144
d910716022c100e306c2b02620c4b189	1	47161	player	uade	Protracker	0	29944	fcf1484c	1c4df2b9	Sound/Modules/Chip-Tunes/E/mod.## economy 9 ##
d910716022c100e306c2b02620c4b189	1	47161	player	uade	Protracker	0	29944	fcf1484c	1c4df2b9	Sound/Modules/ExTend/A-H/mod.## economy 9 ##
d9417382fa2f0f44e9aa7f6453a7172f	1	57730	player	uade	Protracker	0	19894	e531eaa1	16ae819d	Sound/Modules/Chip-Tunes/B/mod.banana slut 12
d979ddb003513d2694fc957c7d6a518e	1	266154	player+silence	uade	OctaMED MMD1	0	312972	d188b5a3	6166dac7	Sound/Modules/RaveBuster/Rave/mod.forever young
d9e8619d424e99a16dc22734e58dc1ae	1	62412	player	uade	Protracker	0	14366	1857d996	2c15d3f7	Sound/Modules/Chip-Tunes/S/mod.seikkailumies
da32aeeff3464b023142cc7d49dade19	1	48125	player	uade	Protracker	0	18100	99c8b7b8	a75548de	Sound/Modules/Chip-Tunes/0-9/mod.1942
da5ebadc1841f62bba66ab19b4782375	1	92143	player+silence	uade	Protracker	0	34418	4abbf35e	6781b917	Sound/Modules/Chip-Tunes/P/mod.piano tva af1
da8122efe329c3d1f779decee25f75bd	1	28915	player	uade	Protracker	0	10422	1c343a1e	4a8847cf	Sound/Modules/Chip-Tunes/C/mod.chippy_nr.107
dab10fd464ee5ceeeee20604dcddd489	1	57730	player	uade	Protracker	0	12562	6c73b600	0faf4702	Sound/Modules/Chip-Tunes/X/mod.x
dac11e60032d44781087e034e3d20888	1	330398	silence	uade	Protracker	0	154614	4ede3418	ad30bc0f	Sound/Modules/ExTend/I-P/mod.## megatec 321 ##
db3e187ff31e3a30e7e2d0ee9f88f19e	1	67436	player	uade	Protracker	0	10442	c869cc6f	5c39d8c0	Sound/Modules/Chip-Tunes/B/mod.brain washed
db58ca7469e246385e2dcd508dc06b85	1	114135	player	uade	Protracker	0	404726	0029eb58	c7437715	Scene-Events/The-Party-95/Modules/4-Channel/mod.creature
db8fef87cbd2e500be4314b8dbf89746	1	122997	player	uade	Protracker	0	10808	a8125ea1	44cc8258	Sound/Modules/Chip-Tunes/Y/mod.yellowcandy
dbfd4d1adba8007078e9b97fb608a615	1	59438	player	uade	Protracker	0	30428	afd79d51	e30a171a	Sound/Modules/Chip-Tunes/S/mod.sad-strings
dc2a22b68f4a4e918dc4d36984ccbbfd	1	65406	player	uade	Protracker	0	18766	8de2ddf8	295a51da	Sound/Modules/Chip-Tunes/W/mod.wana banana 04
dcb6d53f2866d554cbb619019b20270a	1	99342	player+silence	uade	Protracker	0	21794	b39b6bf5	6905f5a4	Sound/Modules/Chip-Tunes/C/mod.Chip a'Choup 05
dd1db68aa50685ea44567de55c471bd5	1	277481	player	uade	Protracker	0	328854	28f7d915	24f880a0	Sound/Modules/RaveBuster/HardCore/mod.this is x-tacy
dd2f029c93b4368aae2451a22eb5f898	1	153721	player	uade	Protracker	0	30050	e5a5bad3	4ed6fd60	Sound/Modules/Chip-Tunes/P/mod.peak flow
dd35515d85a6a7c6ec33489729b7b13c	1	34682	player	uade	Protracker	0	19520	3704d107	23b356ee	Sound/Modules/Chip-Tunes/Misc/mod.## gaily ##
dd396e50d0e7999dbfbbc3c5f64c28fc	1	94434	player+silence	uade	Protracker	0	247842	76aa612b	c5e7a9cd	Scene-Events/The-Party-95/Modules/4-Channel/mod.obsession....
dd398a75dd69c3be5f6af8e215ad60ce	1	339171	player+silence	uade	Protracker	0	167574	eb464d0e	4be8dd61	Sound/Modules/ExTend/Q-Z/mod.## whisper ##
dd429204b5fd6b4a8dabb4974053a33c	1	51320	player	uade	Protracker	0	4000	db5d2e3b	8f500986	Sound/Modules/Chip-Tunes/P/mod.piaget
dd6753696dc1d784edd8c1302e93ea62	1	65085	player	uade	Protracker	0	39998	8d21c33a	640e62a5	Sound/Modules/Chip-Tunes/Misc/mod.## little joke ##
dd6753696dc1d784edd8c1302e93ea62	1	65085	player	uade	Protracker	0	39998	8d21c33a	640e62a5	Sound/Modules/ExTend/I-P/mod.## little joke ##
dd87df87d02469806395613e50f21954	1	89720	player	uade	Protracker	0	18888	6d51c209	38cd679f	Sound/Modules/Chip-Tunes/J/mod.jacques is blij
ddc8d5db89110c75f038cc4ee996689b	1	221212	player+silence	uade	OctaMED MMD1	0	303122	3a20f385	4f735c44	Sound/Modules/RaveBuster/Trance/mod.rock this place
ddf45aa466a1f56c7ce104b4e923b9aa	1	84616	player	uade	Protracker	0	7868	3254e9e0	bb221764	Sound/Modules/Chip-Tunes/L/mod.luv concuers all
de0cbbc7bc825d5397c636c9de948827	1	122997	player	uade	Protracker	0	18322	4815a01b	d10ec1e6	Sound/Modules/Chip-Tunes/O/mod.outasight(b.o.c)
de48658012ae67fa936420cf9c60effb	1	92272	player	uade	Protracker	0	23370	43e9549b	e96725c2	Sound/Modules/Chip-Tunes/P/mod.pink bubbles
de8760f82116e8de5a784501cd9b4c12	1	286062	player	uade	Protracker	0	386910	5720c832	6d5ab4a3	Sound/Modules/RaveBuster/HardCore/mod.this_is_the_amok_!!
dee13479dde8c4970dd9aceabac1795f	1	94523	player	uade	Protracker	0	30430	e938c82b	3f6b1d2a	Sound/Modules/Chip-Tunes/P/mod.Paradox.Cobalt
df6730e99cff2ae7c807a0561b20c9d0	1	62533	player	uade	Protracker	0	8144	21158fd4	87a98b86	Sound/Modules/Chip-Tunes/C/mod.chippy_nr.151
dfa0c739c872c4a7eb657f1478642f58	1	242256	player	uade	Protracker	0	679674	ec652787	b80a8c53	Scene-Events/The-Party-95/Modules/4-Channel/mod.field-day
dfcf269cb66b7835c3c2820409e91c30	1	243953	player+silence	uade	OctaMED MMD1	0	523080	6033ec99	cb51c371	Sound/Modules/RaveBuster/Rave/mod.the music turn me on
e004d58f7518816896df94a0e95d6df1	1	51320	player	uade	Protracker	0	8912	c39c6d6a	ead8b8f3	Sound/Modules/Chip-Tunes/C/mod.chip-002
e036ae85472a70be8523261dfb9bf9fa	1	84616	player	uade	Protracker	0	11924	d2b868c7	6429a3ac	Sound/Modules/Chip-Tunes/D/mod.doubled up
e0b7a17a9bfdbf72e3ea02fd12048f47	1	84616	player	uade	Protracker	0	17924	aaf2d802	37a3b7bf	Sound/Modules/Chip-Tunes/C/mod.chuckles
e133472ef955a51491cc41a7f1d20329	1	273509	player+silence	uade	Protracker	0	628496	59c34d5c	d630faa8	Sound/Modules/RaveBuster/Trance/mod.maximnoise
e1d0cefb24747383acecd7e1fd525212	1	410624	player+silence	uade	Protracker	0	585670	93dfc5ad	3158eb9a	Sound/Modules/RaveBuster/Rave/mod.u_make_me_feel.rmx
e22ee67b188884300d082e161311f363	1	66672	player	uade	Protracker	0	6318	abf26da4	bbd298ff	Sound/Modules/Chip-Tunes/B/mod.blamerproof
e24ebf458353d917ad280e20945383f0	1	26223	player	uade	Protracker	0	9958	90093d7f	8fb06af9	Sound/Modules/Chip-Tunes/R/mod.robot-controlled
e26192772f9536fb54aa98fb6de553a4	1	84616	player	uade	Protracker	0	12858	c7d787ee	ae21c70f	Sound/Modules/Chip-Tunes/N/mod.nao-5
e29808070755f087065a2d9bcf355b27	1	62211	player	uade	Protracker	0	14734	ff60fcb3	2d1e64e9	Sound/Modules/Chip-Tunes/C/mod.chippy_nr.131
e2bfbbadef8b8550204a2a9dea459426	1	269840	player+silence	uade	Protracker	0	97082	ed723c16	957c0e39	Sound/Modules/Chip-Tunes/T/mod.ts
e3185bad5684fdc6a8371f4a22738c18	1	92272	player	uade	Protracker	0	21998	f4733e2a	f3aade31	Sound/Modules/Chip-Tunes/S/mod.## syntune ##
e3185bad5684fdc6a8371f4a22738c18	1	92272	player	uade	Protracker	0	21998	f4733e2a	f3aade31	Sound/Modules/ExTend/Q-Z/mod.## syntune ##
e333b3357486c6a824e2e8576273d408	1	116386	player	uade	Protracker	0	21852	7e09e3a1	d3d19a95	Sound/Modules/Chip-Tunes/M/mod.muslingers
e35b465feb1ed3299eb8a1fcd33ce2ef	1	19310	player	uade	Protracker	0	8424	8de1e3fc	dc1f02b7	Sound/Modules/Chip-Tunes/Misc/mod.## radiance ##
e35b465feb1ed3299eb8a1fcd33ce2ef	1	19310	player	uade	Protracker	0	8424	8de1e3fc	dc1f02b7	Sound/Modules/ExTend/Q-Z/mod.## radiance ##
e39aa7a79024f2a8ef4e242de0bd1bc2	1	273852	player+silence	uade	OctaMED MMD1	0	348418	769bafe7	06fd5d31	Sound/Modules/RaveBuster/Rave/mod.westbam mixtrack-01
e3beb7b5a6448c164356affd148a48a8	1	417595	player+silence	uade	Protracker	0	575940	477cb571	7c5c2db1	Sound/Modules/RaveBuster/Rave/mod.yello_meets_spoons
e3ef8c098d1678bbd97d995987e46597	1	172931	player	uade	Protracker	0	24374	9a829364	5b70b617	Sound/Modules/Chip-Tunes/D/mod.disaster zone
e4095b9cf625a9885cd2ab2cab2f3d4e	1	51320	player	uade	Protracker	0	12370	2df09721	797d1a0d	Sound/Modules/Chip-Tunes/C/mod.chippy_nr.105
e46f9253b6f4014fe66617c5392a63f2	1	153741	player	uade	Protracker	0	58670	aaa3bdf6	381b8bcf	Sound/Modules/Chip-Tunes/S/mod.supercars
e4c4541005befa80a4ead47361548555	1	23168	player	uade	Protracker	0	8414	e0c9344b	1a43a479	Sound/Modules/Chip-Tunes/U/mod.<unnamed>.1
e5610e2be88cd1b6991eed4136c88519	1	236985	player+silence	uade	OctaMED MMD0	0	44626	42f6301a	86d86183	Games/Puzzle/Tritus/Sounds/music
e5631fa2a3549d953450c044c8234aab	1	98039	player	uade	Protracker	0	20816	de56b695	12a1f83d	Sound/Modules/Chip-Tunes/S/mod.suggestive vibes 2r
e59108843da3606f3291e39b1f684eea	1	51320	player	uade	Protracker	0	21024	6cb18e58	8e4ef38b	Sound/Modules/Chip-Tunes/D/mod.dreamer 40% tejhno
e596c95b03df9784ee75b9e1a05c096d	1	264831	player+silence	uade	Protracker	0	271910	1b079b73	c8686819	Sound/Modules/RaveBuster/HardCore/mod.mind of the lunatic
e5bdc7692707f8eab94eb2f33b21479b	1	115321	player	uade	Protracker	0	16782	bff9532d	235e3cfd	Sound/Modules/Chip-Tunes/R/mod.Ramhot.mod
e5cea4ab57fae65990c5f55951dadc9b	1	64603	player	uade	Protracker	0	59356	e627e0e3	90d46b45	Sound/Modules/Chip-Tunes/R/mod.reggae
e5f15608a314e2811b0bef707f2250aa	1	83109	player	uade	Protracker	0	17798	edde1b05	2e2c0ba3	Sound/Modules/Chip-Tunes/S/mod.strombolin
e6381b6e75da4956f8a4f780e052477d	1	51320	player	uade	Protracker	0	14678	e1c4d1d0	083f45fa	Sound/Modules/Chip-Tunes/S/mod.shadow movements#14
e67065a0cefbb943a54965a14584cc74	1	119179	player	uade	Protracker	0	41290	36013725	61920ee4	Sound/Modules/Chip-Tunes/S/mod.Siesta
e672608654fcedcf66c73c8966b5d7ca	1	178133	player+silence	uade	Protracker	0	236174	952ee9e7	37f88de0	Scene-Events/The-Party-95/Modules/4-Channel/mod.CO-COCORICO !       
e67482295ef8bb1db591d88f0fcaf3e5	1	116586	player	uade	Protracker	0	48092	cd996bb2	bf9a9cae	Sound/Modules/Chip-Tunes/A/mod.Andromeda.Styggtro
e67bb7dd8b09da5aa0a1807c4497c535	1	61568	player	uade	Protracker	0	21738	7e56e307	2ed7f559	Sound/Modules/Chip-Tunes/C/mod.chip1 
e764db185d155a7039abb9709de12fcd	1	179200	player	uade	Protracker	0	26808	42580da4	d6b3e8e9	Sound/Modules/Chip-Tunes/S/mod.suggestive vibes 8
e788e6247058ff6c5a5ddc0524f7e045	1	122997	player	uade	Protracker	0	22476	9fe7a420	4d1f708c	Sound/Modules/Chip-Tunes/W/mod.what the...
e7bbb796b9a7454a4d44516a98f325c2	1	150586	player	uade	Protracker	0	25522	f64d04ab	f4eaab58	Sound/Modules/Chip-Tunes/H/mod.hEaD fUK
e860ec09bfba3d57ee9dcc6dd003b1d0	1	51320	player	uade	Protracker	0	18576	703dcbdc	ee7c0a28	Sound/Modules/Chip-Tunes/G/mod.grating
e8a548e0bd6daea316a5b4e1b1ab6495	1	38520	player	uade	Protracker	0	23236	5099382a	cd2ccf25	Sound/Modules/Chip-Tunes/G/mod.gulligull
e8b1edd00d8f0a33ad5f0347abbd3a5f	1	188818	player+silence	uade	Protracker	0	161302	cd91756a	fca9f7a8	Sound/Modules/ExTend/A-H/mod.## delight ##
e9084b2acdf033f514c8b083cd195c5e	1	66512	player	uade	Protracker	0	21650	56c7eabe	57d408ec	Sound/Modules/Chip-Tunes/Misc/mod.   - blowlivia -   
e90f5060166eb0936ba17cc87b77d533	1	26042	player	uade	Protracker	0	8556	bd03c449	d01230d7	Sound/Modules/Chip-Tunes/V/mod.vedmassefaktorer
e91486a81f20edd9b5aa318ba602e041	1	70530	player	uade	Protracker	0	29478	93255808	5e4a4d5f	Sound/Modules/Chip-Tunes/E/mod.## economy 16 ##
e91486a81f20edd9b5aa318ba602e041	1	70530	player	uade	Protracker	0	29478	93255808	5e4a4d5f	Sound/Modules/ExTend/A-H/mod.## economy 16 ##
e9340a9bc7e1246dae04feb9e1ce0f76	1	70530	player	uade	Protracker	0	11284	b41ea31c	f9ef2dfb	Sound/Modules/Chip-Tunes/L/mod.lizardking fellowsh
e9825ae427361da10cf7e49c0adfc04f	1	303245	player+silence	uade	Protracker	0	342956	81ed29f5	131c8fda	Sound/Modules/RaveBuster/Rave/mod.sound of liberation
e9cf48239c9aa040dd2b73c7d9b11181	1	198209	player	uade	Protracker	0	248628	0d047e1e	fc41e7b5	Scene-Events/The-Party-95/Modules/4-Channel/mod.krestenbuddhamego
ea47f38e41a8148c4c07863b3397fd05	1	183480	player	uade	Protracker	0	29512	98806238	be7607f2	Sound/Modules/Chip-Tunes/M/mod.moby turrigol
ea49cb3e831f415e15c65b41a8e823d0	1	15472	player	uade	Protracker	0	3304	445ea800	4ff8de41	Sound/Modules/Chip-Tunes/I/mod.intro number 74    
ea5e7127e1a26c66bcdffe3876d59281	1	69224	player	uade	Protracker	0	26438	6cfbb6b0	a9050995	Sound/Modules/Chip-Tunes/I/mod.internal addiction
ea62dfe12572810819462f069b4a1085	1	30824	player	uade	Protracker	0	8658	771f1d84	dee47cda	Sound/Modules/Chip-Tunes/S/mod.syntherella 3
ea77d9711ae485ef14740b7345c9487d	1	303261	player+silence	uade	Protracker	0	516776	01059634	878d2b45	Sound/Modules/RaveBuster/HardCore/mod.love hardcore !!!
ea8b7a91d105f3a3e0bc742fd7ce6ac5	1	23168	player	uade	Protracker	0	7730	863df89b	6cfc9ad8	Sound/Modules/Chip-Tunes/D/mod.do you wanne...yep?
ea8be5bf928d273d9471d56fc2120c0b	1	370844	player+silence	uade	Protracker	0	653602	741cd323	ef7a6f38	Sound/Modules/RaveBuster/Rave/mod.start the party
eab2cd0e41b4d1dfff96ed6939619024	1	57730	player	uade	Protracker	0	12562	cd22bebf	ce3ab1a4	Sound/Modules/Chip-Tunes/B/mod.Balance.40kIntro
eabdba35cef155fd594de36952d6845f	1	138730	player	uade	Protracker	0	20262	e90028d3	35b67d51	Sound/Modules/Chip-Tunes/A/mod.AmRiots.DK
eac8d3679e2292af9d5b5dd154962ce4	1	123568	player	ft2play	FastTracker v2.00	12	521660	778dc041	831099fd	Scene-Events/The-Party-95/Modules/Multi-Channel/XM.Too High
ead8655f611536326f6aa9ad3f74a855	1	281876	player+silence	uade	Protracker	0	329244	3fb0ad7e	6981c068	Sound/Modules/RaveBuster/Rave/mod.we are the people
eb20020a2462cc4bcf5f79e4d7612028	1	245491	player	uade	Protracker	0	212116	74219797	18df6b71	Sound/Modules/RaveBuster/Rave/mod.big love forever
eb5fe76740ca49437854052dc806d2d6	1	214947	player+silence	uade	Protracker	0	281446	0b7c9c57	2abf6db8	Sound/Modules/RaveBuster/HardCore/mod.hardcore-gabber
eb81f64daed8cc43e82229a246843ae3	1	322693	player	uade	Protracker	0	79342	dc3d4f75	6313c57f	Sound/Modules/Chip-Tunes/Misc/mod. jim is dead
eba440f26d01e2ac972e1926cde618db	1	197888	player	uade	Protracker	0	30014	fe1bd02a	cfe54cb0	Sound/Modules/Chip-Tunes/A/mod.axs-copp.exe
ebc838835176b96a75da9acf4c0d54b7	1	30824	player	uade	Protracker	0	30338	e7729333	209b856e	Sound/Modules/Chip-Tunes/F/mod.flying world
ebf2a9e683156b059b9077dcea64b0ce	1	66672	player	uade	Protracker	0	17522	a4667145	a46e2689	Sound/Modules/Chip-Tunes/M/mod.MoonWalk
ebf833ed5bc64a8b2aab56f9f64a1407	1	128864	player	uade	Protracker	0	47466	034482d7	4bd33f11	Sound/Modules/Chip-Tunes/M/mod.my mind is going
ebfc9896fd8dba753c6a47292a4672b4	1	246624	player+silence	uade	Protracker	0	486514	27321181	4b42253f	Sound/Modules/RaveBuster/Rave/mod.secrets of sexual
ec4ec08f49a467e0473fd73133c8f4d1	1	30824	player	uade	Protracker	0	5370	b12413d4	d992f27c	Sound/Modules/Chip-Tunes/M/mod.## microtune 3 ##
ec4ec08f49a467e0473fd73133c8f4d1	1	30824	player	uade	Protracker	0	5370	b12413d4	d992f27c	Sound/Modules/ExTend/I-P/mod.## microtune 3 ##
ec5624e2f713c11c178ab038840bee88	1	31789	player	uade	Protracker	0	7820	84c3ede9	d0a2687a	Sound/Modules/Chip-Tunes/C/mod.chippy_nr.115
ec7b7e2756b698cfed265d59c5f6d526	1	61568	player	uade	Protracker	0	15960	659a8a5d	9be9ea05	Sound/Modules/Chip-Tunes/M/mod.monday
ec916d8e8737f731a75ad4aa09de6dac	1	42358	player	uade	Protracker	0	11686	43c7b800	3c814e8b	Sound/Modules/Chip-Tunes/S/mod.socks
eca133a606dbcd2b083a675218f70332	1	82044	player	uade	Protracker	0	13232	b63fe8af	d1f5a198	Tools/Developer-Tools/Assembler/Assembler-Kurs/listings2/mod.purple-shades
ed3e341325293745afe642603c17a5cf	1	163728	player	uade	Protracker	0	344706	da56375d	972d32d6	Scene-Events/The-Party-95/Modules/4-Channel/mod.mellow technology
ed3f8cd2cbcbb0eb5d698c037a37b606	1	268228	player+silence	uade	Protracker	0	279500	890dc206	1d502791	Sound/Modules/ExTend/Q-Z/mod.## wavering ##
ed547a3e7bc54bcfab9cf88ebbd598a0	1	102520	player	uade	Protracker	0	12134	2636713c	7bc4e025	Sound/Modules/Chip-Tunes/C/mod.clown omania by dvs
eda4a4d3a8f1c135e99e403710a721da	1	53872	player	uade	Protracker	0	8626	2a0e23f5	dbbbb561	Sound/Modules/Chip-Tunes/C/mod.chip-001
ede6a6f16f35c97f64b8748fbcc7747f	1	214699	player+silence	uade	Protracker	0	265166	b2652502	8a153261	Sound/Modules/RaveBuster/Rave/mod.earthquake
ee16fe6eb1ec498cd3f4f5561836515b	1	64120	player	uade	Protracker	0	9536	02f3851c	9249442d	Sound/Modules/Chip-Tunes/C/mod.chipucko_25
ee3cc0528851fe8992df423ce39f81e9	1	57730	player	uade	Protracker	0	26086	d2eafdc9	d08875bd	Sound/Modules/Chip-Tunes/S/mod.spt-crac.exe
ee598081c4fd64e123a30b12a9942008	1	23168	player	uade	Protracker	0	8640	893fee1f	5b1b1e7d	Sound/Modules/Chip-Tunes/H/mod.hmc suicide.01
ee6619a00e113800c371acce75fd397e	1	15472	player	uade	Protracker	0	2700	d67f1db3	637cf5d3	Sound/Modules/Chip-Tunes/B/mod.bal-wrek.exe
ee6619a00e113800c371acce75fd397e	1	15472	player	uade	Protracker	0	2700	d67f1db3	637cf5d3	Sound/Modules/Chip-Tunes/B/mod.bal-wrek.exe.0
ee7d8cfd45f937629bbf113823a29927	1	208377	player	uade	Protracker	0	168706	6f2ee215	52ce04b1	Sound/Modules/ExTend/A-H/mod.## ecstasy ##
eeb101063b735eb14abfc73f7dbfd0d8	1	362643	player+silence	uade	OctaMED MMD1	0	170936	17ec0994	7fba7e00	Sound/Modules/RaveBuster/Rave/mod.here is jonny v1
eefdf5cef0d7b983eab5e3e5b79878eb	1	122997	player	uade	Protracker	0	20630	75760d72	a89ab251	Sound/Modules/Chip-Tunes/A/mod.atx-eggf.exe
ef067808c5510fe319c778133f8db0b1	1	79794	player	uade	Protracker	0	9008	8608ed16	f19c7057	Sound/Modules/Chip-Tunes/C/mod.chippy_nr.129
ef1e7439fc54b0e921e501f3eeffe02a	1	202550	player	uade	Protracker	0	33520	be23b9e2	7d1de17c	Sound/Modules/Chip-Tunes/W/mod.wild machine
ef454820f4e69da4dce0a30a163abc0a	1	46216	player	uade	Protracker	0	11608	8d7771ec	e77e82ba	Sound/Modules/Chip-Tunes/N/mod.ninja !!!
ef454820f4e69da4dce0a30a163abc0a	1	46216	player	uade	Protracker	0	11608	8d7771ec	e77e82ba	Sound/Modules/ExTend/Q-Z/mod.ninja !!!
ef642cc1ab0c0a6aa2c7232a4d7a1daa	1	76277	player	uade	Protracker	0	21934	973e8dc1	1e5df150	Sound/Modules/Chip-Tunes/S/mod.scotty
eff91e161285a72dc06f6bf6ce1b8e3f	1	245170	player	uade	Protracker	0	472206	906e6c55	40bd6a96	Sound/Modules/RaveBuster/Rave/mod.kind of love v2.0
f0258d942add67731bb182bbd6677759	1	198471	player	uade	Protracker	0	28604	c7f21a14	21ce1aaf	Sound/Modules/Chip-Tunes/F/mod.flux copper rand
f064fcff14b3d598c9e9ca2ee34be84b	1	105715	player	uade	Protracker	0	15060	66d5b348	a2bbdcf0	Sound/Modules/Chip-Tunes/S/mod.summerpanic
f0cdcaa2451b46e0c2d83d44c58fd674	1	30824	player	uade	Protracker	0	5316	0eed18c6	95f5742b	Sound/Modules/Chip-Tunes/A/mod.an8
f0d07da1089894c1131b6b97470e9140	1	41072	player	uade	Protracker	0	19810	244b6f35	bd76ee41	Sound/Modules/Chip-Tunes/W/mod.worldmap
f0d9cd1d081503c0e06269c6ba4133c3	1	15472	player	uade	Protracker	0	3486	ee5d49a5	8e069bb7	Sound/Modules/Chip-Tunes/C/mod.Chip a'Choup 02
f0f8470409824b03d35019c980adab7e	1	46216	player	uade	Protracker	0	14560	60a18722	b8c2478f	Sound/Modules/Chip-Tunes/D/mod.dif-prty.exe
f123df08db14b8d6d55f82eaedfe7895	1	53872	player	uade	Protracker	0	8548	4bf431ab	b9bfc691	Sound/Modules/Chip-Tunes/P/mod.pleasure_to_paso???
f128b45537b12443ef8fd00b3678dd75	1	230541	player	uade	Protracker	0	38416	3dc3a50c	1b0287fa	Sound/Modules/Chip-Tunes/C/mod.crashed
f136f0cf695fcbfc310327907e5a9382	1	33738	player	uade	Protracker	0	8498	0f24a036	596a41ce	Sound/Modules/Chip-Tunes/C/mod.comic bakery #1
f17bf2cf91f9ea9c53ee08d8dff51943	1	60122	player	uade	Protracker	0	13460	f6d9103d	27af1140	Sound/Modules/Chip-Tunes/C/mod.chips & gabbermix
f1b3bc237c0e7d1353cdf4bda9eaa394	1	153500	player	uade	OctaMED MMD1	0	66774	60d41185	f46c90ad	Sound/Modules/RaveBuster/House/mod.i like to move it
f1b70a9c316ffbe864e7009673cb128f	1	457554	player+silence	uade	Protracker	0	55446	8b61d9ff	884e6b4b	Sound/Modules/Chip-Tunes/S/mod.shades of noise
f1cd8bb2a645fa64367ab7e3dec21aab	1	16437	player	uade	Protracker	0	13496	80437115	8f8f119d	Sound/Modules/Chip-Tunes/D/mod.dmg-AEmu.exe
f1d4ef05c5a017d608d9aed7a645e957	1	91690	player	uade	Protracker	0	49502	925ab170	54236b39	Sound/Modules/Chip-Tunes/A/mod.atheist pull the pl
f1e4c48bdfd71ca4e5f46dcff0863c30	1	76920	player	uade	Protracker	0	40858	19cebe31	c24313a7	Sound/Modules/Chip-Tunes/A/mod.acs-sine.exe
f214fc502b90b27982baaaad944c9017	1	222444	player+silence	uade	Protracker	0	265466	1fef3262	9beaee1b	Sound/Modules/RaveBuster/Trance/mod.it's our future-rmx
f2411f0e5ecbb9d44d854a423ade95a3	1	682079	player	uade	Protracker	0	343992	1ade572b	c8bf9466	Scene-Events/The-Party-95/Modules/4-Channel/mod.aborigine revival
f2417c2a31160bda66d700de5bb4556f	1	51320	player	uade	Protracker	0	7354	62a438a1	d823bec1	Sound/Modules/Chip-Tunes/F/mod.Fast track
f259ad8c9954bdcbe3ab05235365cf0c	1	285362	player+silence	uade	Protracker	0	101150	6e25dfc3	5f0f335a	Sound/Modules/ExTend/Q-Z/mod.## sax ##
f26704e65bbbfc5464ab3211d948b1f6	1	98682	player	uade	Protracker	0	26992	b7826bf1	4288456d	Sound/Modules/Chip-Tunes/T/mod.turritune.tixtune5 
f2f1959aae372549b0500b7fc4405041	1	115321	player	uade	Protracker	0	32410	8ede64ba	73049850	Sound/Modules/Chip-Tunes/T/mod.the choice
f2fe7bae7030c505f1cec705bd0c564a	1	94322	player	uade	Protracker	0	19904	075bcb4a	b55d437d	Sound/Modules/Chip-Tunes/S/mod.sweetest perfection
f307b397bc1255fc6f0773dd762138e0	1	76920	player	uade	Protracker	0	4716	618820dc	d238bb3a	Sound/Modules/Chip-Tunes/S/mod.shortsong1
f33a10d5fd48774af42d629fdef89639	1	28272	player	uade	Protracker	0	17252	2cb1b003	4f34e009	Sound/Modules/Chip-Tunes/A/mod.astral|c.forces.v14
f3df84d026053eeb3a42b17f90ff1ed1	1	261066	player+volume	uade	Protracker	0	166694	5258cf73	4a741f7d	Scene-Events/The-Party-95/Modules/4-Channel/mod.the fire bird
f401c4ec5f804bd5d831ab983278de18	1	76277	player	uade	Protracker	0	31812	55796d14	7ee6e642	Sound/Modules/Chip-Tunes/S/mod.-^ steve roper ^-v3
f44516a3e24d8f09191f1e55560827fd	1	69283	player+silence	uade	Protracker	0	22474	c181b7a0	17441770	Sound/Modules/Chip-Tunes/J/mod.jester spice it up
f45b0d41ae434124ecdfebb8c257ee51	1	115271	silence	uade	Protracker	0	20920	5f0b4ada	5c19c55f	Sound/Modules/Chip-Tunes/Misc/mod.(o) walkmaniac! (o)
f4c1f608185e27c66891ca384e03a38b	1	232894	player+silence	uade	Protracker	0	423422	21ad083d	01e60e46	Sound/Modules/RaveBuster/HardCore/mod.perplex-chaos
f4d4d12b7e10fb405b0b8fde2b6c0921	1	159448	player	uade	Protracker	0	31476	b17f2607	eb23e9e1	Sound/Modules/Chip-Tunes/P/mod.prout
f4ebe96b6f0a1084ec26b22301f95f9c	1	38520	player	uade	Protracker	0	24496	4ccae577	ad315e88	Sound/Modules/Chip-Tunes/0-9/mod.(-)0n.yer.nerves(-)
f50020f54a499bfe6f5df28d4de18da9	1	285258	player	uade	Protracker	0	720406	82af9be5	b6bfa82e	Scene-Events/The-Party-95/Modules/4-Channel/mod.tranceplayground4b
f5091c5549916ae89339adf37dfc1ae9	1	61568	player	uade	Protracker	0	19470	fe5c2dd6	0442aefe	Sound/Modules/Chip-Tunes/T/mod.tentamination
f5390af92d81e603e6267509ecaef81f	1	79312	player	uade	Protracker	0	29212	ae9dee4b	fe33453e	Sound/Modules/Chip-Tunes/D/mod.d0xeh
f57daa206206d78aaac6c8b82e304bf5	1	384989	player+silence	uade	Protracker	0	233364	c6753226	80c20d72	Sound/Modules/ExTend/Q-Z/mod.## scream from ##
f59c5ca7d019293ef50529badd040b40	1	119661	player	uade	Protracker	0	29376	a503f319	480a8908	Sound/Modules/Chip-Tunes/E/mod.escape from tropik.
f5b350cc2e378af714f9af61caf671d0	1	543555	silence	uade	Protracker	0	131846	59e1e387	b143a49d	Sound/Modules/ExTend/A-H/mod.## dead brain ##
f70a748861e44f916864753ed5133c02	1	298713	player+silence	uade	Protracker	0	208024	f5adf7ee	fffe9748	Sound/Modules/RaveBuster/HardCore/Mod.Fuck_your_ass
f76fae9431c5a3078585f696cd14602c	1	236449	player	uade	Protracker	0	258932	b5fe7000	db859cbe	Sound/Modules/RaveBuster/Rave/mod.i need the bass
f7bbea4aabade1218b932fb93e490d97	1	235425	player+silence	uade	Protracker	0	160002	5a3afa16	26b1c861	Sound/Modules/RaveBuster/HardCore/mod.don't look at me
f7d6d20b1a66e93a9beb26de6e7aad6c	1	132602	player	uade	Protracker	0	29182	87ec6a3f	03eb562e	Sound/Modules/Chip-Tunes/T/mod.trance
f86fba145dce28afd17467135bd2703a	1	62834	player	uade	Protracker	0	14270	247d8ace	ebc32104	Sound/Modules/Chip-Tunes/B/mod.behind the walls
f8a06dfd6575d49408da8c88e46224cd	1	25720	player	uade	Protracker	0	5000	020dd3ab	fc100b92	Sound/Modules/Chip-Tunes/C/mod.chippy_nr.147
f8fa1e47b34af257147223577dcffda6	1	57730	player	uade	Protracker	0	17594	4ee94a09	e99dd5e4	Sound/Modules/Chip-Tunes/F/mod.fuckfuckfuckfuck
f91860fed85549032a5f6766ff0e2fad	1	15472	player	uade	Protracker	0	8254	11fa9da0	3b27dcbf	Sound/Modules/Chip-Tunes/Q/mod.Quartex.40kbIntro
f9762f38d517315460cb207767361738	1	69224	player	uade	Protracker	0	23148	e90981ce	004e335c	Sound/Modules/Chip-Tunes/P/mod.pdx-vtex.exe
f9a43a621b970d908438dfa541801ae4	1	38520	player	uade	Protracker	0	14936	206fb564	179b4274	Sound/Modules/Chip-Tunes/S/mod.shock therapy 01
f9b4884690fda1782203a58226745274	1	54837	player	uade	Protracker	0	26042	559e2903	18a9e20a	Sound/Modules/Chip-Tunes/Misc/mod.***hammer of thor**
f9bef8b3c2726fe066c4938e41ba02a5	1	83330	player	uade	Protracker	0	23572	c04bf911	a8b8ec62	Sound/Modules/Chip-Tunes/M/mod.mama_song
f9e64fb5a612c2a352c1f1e425c15bc9	1	123318	player	uade	Protracker	0	203630	bd57a8c9	4e3fc226	Sound/Modules/South-Sealand/mod.fantasy trance-sc-7
fa048e025f64cace92bb8dc95c8514bf	1	334047	player	uade	OctaMED MMD1	0	147392	4dbde94c	ccdf7ccb	Games/Action/Gloom-Deluxe/sfxs/med1
fa0730c17fcc2c83bc0bbff6cda3fa2b	1	186107	player+silence	uade	Protracker	0	410516	fbdebc38	328355f4	Scene-Events/The-Party-95/Modules/4-Channel/mod.exrcomptun
fa1c355a3569037773323f7c6dc6750f	1	104188	player	uade	Protracker	0	17502	db42eea4	a7bbfdd2	Sound/Modules/Chip-Tunes/C/mod.cyberworks
fa4afce6c02e53cf324c3b65469ba328	1	32110	player	uade	Protracker	0	18924	b634eaca	0a97ad2e	Sound/Modules/Chip-Tunes/E/mod.## economy 4 ##
fa4afce6c02e53cf324c3b65469ba328	1	32110	player	uade	Protracker	0	18924	b634eaca	0a97ad2e	Sound/Modules/ExTend/A-H/mod.## economy 4 ##
fa531b95bb961e17beb63f59f6dc3962	1	40429	player	uade	Protracker	0	10796	d1d43127	2458469f	Sound/Modules/Chip-Tunes/0-9/mod.2cute4u
fa5e984f647e34f73f4d241e45e90c87	1	122997	player	uade	Protracker	0	19578	4c563911	65d355cd	Sound/Modules/Chip-Tunes/F/mod.flippy introtune
fa6972c7e61c202895164c75a8436238	1	20596	player	uade	Protracker	0	8888	d266659d	cec32101	Sound/Modules/Chip-Tunes/C/mod.coopy*0001
fa72e4c3295ee06b667e0b2f6cf5f5e2	1	196950	player+silence	uade	OctaMED MMD1	0	558964	371cf4cc	7ec51ab8	Scene-Events/The-Party-95/Modules/4-Channel/med.EcnoFunx
faa748faf9281e89b9ef02254afbf4f7	1	382843	player+silence	uade	Protracker	0	307146	c52a2dec	b19ce6fe	Sound/Modules/RaveBuster/Acid/mod.fly to acidland
fab5ced610b6105e142f48e66cec3f5a	1	78608	player	uade	Protracker	0	347164	389eed8f	d523f570	Scene-Events/The-Party-95/Modules/4-Channel/mod.smooth_attack
fb11c9e364b5181b14a60ca1760cbaa8	1	76920	player	uade	Protracker	0	12434	2b355a58	076d8908	Sound/Modules/Chip-Tunes/M/mod.millenium #3
fb1b6eadfd78385fa948cbe060003388	1	117872	player	uade	Protracker	0	18060	b0bf6292	b2041285	Sound/Modules/Chip-Tunes/M/mod.mel1
fb5404b2b16bd7b06abcb70f52502731	1	183474	player+silence	uade	OctaMED MMD1	0	331300	15a922c5	f458ee2a	Sound/Modules/RaveBuster/Rave/mod.get into my house
fba9dfeeecbc744f40f9117175e2ec1f	1	25720	player	uade	Protracker	0	9712	3325bf0a	cb87c064	Sound/Modules/Chip-Tunes/T/mod.trainer.1
fbb553b5d6555d3424e01bc09e28592b	1	46216	player	uade	Protracker	0	21640	789e9b05	f6c3e4e9	Sound/Modules/Chip-Tunes/Misc/mod.(-- -infinity!- --)
fc1153434980cd1439c62dcda8c7b27c	1	68702	player	uade	Protracker	0	22874	0f23a43b	ba7d7213	Sound/Modules/Chip-Tunes/G/mod.gabbr#2
fc48a48c6e8a5fb1e761e5c5e38cf220	1	115321	player	uade	Protracker	0	22390	c4a864ab	4f9c86d1	Sound/Modules/Chip-Tunes/P/mod.polystar.
fc6d03d8a42ff2ede45c53b05ef91c7a	1	15472	player	uade	Protracker	0	32752	1c27cd2a	bdc856aa	Sound/Modules/Chip-Tunes/B/mod.better..
fcb35d8a973963c0423b943ab284778a	1	286673	player+silence	uade	OctaMED MMD1	0	387580	7f208c56	14057357	Sound/Modules/RaveBuster/BreakBeat/mod.out of space '95
fcf8b522369885e87a900bc0de0db984	1	121228	player	uade	Protracker	0	30268	55d8ce4f	0296f5f0	Sound/Modules/Chip-Tunes/S/mod.sweet dream
fd18a651867c9ec4971fccf20a7e4501	1	30824	player	uade	Protracker	0	11304	2a1be33b	2fbf96ad	Sound/Modules/Chip-Tunes/I/mod.introtune2
fd1db3e5911c87ff5424bc56e2b88af7	1	51320	player	uade	Protracker	0	12204	995ae779	0893fbb6	Sound/Modules/Chip-Tunes/A/mod.Abyss_4
fd34b8c228d994abe910007a783cc68c	1	79633	player	uade	Protracker	0	35302	a97b4bbd	655e9c40	Sound/Modules/Chip-Tunes/I/mod.i'm so beautiful!
fd4e6c8b6ed227a8ac2b8f2d0700d901	1	34682	player	uade	Protracker	0	17228	c609b8da	59c9338e	Sound/Modules/Chip-Tunes/P/mod.phantasme-c64
fd724b74d6383bbd2da5ce5226bba230	1	315017	player	uade	Protracker	0	604700	12591c7e	6c3f5b48	Sound/Modules/RaveBuster/Funky/mod.push the feeling on
fd7457459c43c095bd1d6a539fae81ac	1	254895	player+silence	uade	Protracker	0	534560	06d727a4	dfd5ab49	Sound/Modules/RaveBuster/Rave/mod.dance to the rhythm
fd7afb53638e5c394af3cb3af00395e5	1	192141	player	uade	Protracker	0	27064	9a73eb81	e64767e6	Sound/Modules/Chip-Tunes/C/mod.comic-bakery
fd90e9780362d06e06277b611c2abb4f	1	18707	player	uade	Protracker	0	21038	69b2ff7b	6889071e	Sound/Modules/Chip-Tunes/M/mod.mhm-dotB.exe
fdd064b056bf04bf772a627cab92c6d8	1	154123	player	uade	Protracker	0	42538	75b17c12	4daafef1	Sound/Modules/Chip-Tunes/T/mod.thermostat 7
fe0aa72ecfa96e5296cc363340f71eb3	1	61568	player	uade	Protracker	0	10246	a22f6a59	f50fb3a2	Sound/Modules/Chip-Tunes/R/mod.ruby-tuesday
fe6814288e952382622130e0ca5c1b2f	1	115321	player	uade	Protracker	0	16782	8317ac76	a5c712c0	Sound/Modules/Chip-Tunes/B/mod.bass it's ram hot
fe756712ee8f3af5b20a42602e81feb6	1	61568	player	uade	Protracker	0	28956	36d2ce68	5cf435f9	Sound/Modules/Chip-Tunes/E/mod.## economy 8 ##
fe756712ee8f3af5b20a42602e81feb6	1	61568	player	uade	Protracker	0	28956	36d2ce68	5cf435f9	Sound/Modules/ExTend/A-H/mod.## economy 8 ##
fe7f624e0c34c99a64b1036abfcb80f9	1	234838	player+silence	uade	Protracker	0	150688	d97cf927	923d43e0	Sound/Modules/ExTend/A-H/mod.## duration of ## 
fe81f69f3253275b168a97255eae1e5e	1	166641	player	uade	OctaMED MMD0	0	47812	0cfa4441	d5d9f3f1	Tools/Developer-Tools/Basic/BlitzBasic/Examples/amigamode/lambada.med
fedf3ada861047bf66f91bf295daa894	1	107645	player	uade	Protracker	0	19246	8322a496	0bf47883	Sound/Modules/Chip-Tunes/O/mod.obscured2
fefa367841539c21eb402e7c8dd00d0c	1	255940	player	uade	OctaMED MMD1	0	163468	8699a378	010d7137	Sound/Modules/RaveBuster/HardCore/mod.on the fuck you man
ff081858cd3b6e21d9bf2e58ecd390ea	1	57730	player	uade	Protracker	0	27890	7cc0fa46	643340f9	Sound/Modules/Chip-Tunes/E/mod.## economy 18 ##
ff081858cd3b6e21d9bf2e58ecd390ea	1	57730	player	uade	Protracker	0	27890	7cc0fa46	643340f9	Sound/Modules/ExTend/A-H/mod.## economy 18 ##
ff2b1bd451fd0383d6f3d45a18f1b3f7	1	132139	player	uade	Protracker	0	250870	f7c5410d	60309ffc	Scene-Events/The-Party-95/Modules/4-Channel/mod.easy_listening
ff5cb9f367fca5a8b05d847b9c904bb0	1	58052	player	uade	Protracker	0	9698	5d06fa84	9fb1f42d	Sound/Modules/Chip-Tunes/F/mod.free4all
ff73cc2af2cc0aa9796b3eabf65d352d	1	20596	player	uade	Protracker	0	5000	a0951380	40296c27	Sound/Modules/Chip-Tunes/C/mod.chippy_nr.134
ff8f6c75392ae3ccc66b098b3de861c6	1	57730	player	uade	Protracker	0	16186	2d2a88e7	1e8439e2	Sound/Modules/Chip-Tunes/H/mod.hdf-funny reality.r
ffa2d56297986161a4c048787d25df84	1	316432	player+silence	uade	Protracker	0	505956	d671f0d9	11b55b78	Sound/Modules/RaveBuster/Rave/mod.an angel-tekknomix
ffbaacf818d0496578b6c05a02a6741f	1	76920	player	uade	Protracker	0	19404	70585393	97db6058	Sound/Modules/Chip-Tunes/P/mod.psychochip-007
ffd4e36dc59b09d939c899c9f254620a	1	30824	player	uade	Protracker	0	9024	6ab4598c	d32f026a	Sound/Modules/Chip-Tunes/C/mod.chaotic dreams
ffd65ba859527d31058d4355eb70e69e	1	53872	player	uade	Protracker	0	31254	fe6c8af8	0c3719f2	Sound/Modules/Chip-Tunes/M/mod.magic-music2
ffdf95516028e2fc19cd31448c2beec3	1	278325	player+silence	uade	Protracker	0	383230	389ed42b	b65fbaab	Sound/Modules/RaveBuster/Rave/mod.reformation - speed
ffe6a1572d4d4e05e2aec3889b7fe764	1	307321	player	uade	Protracker	0	8880	a547796c	edf7953a	Sound/Modules/Chip-Tunes/M/mod.MindTheCarrot.exe
ffed8b45cc304d230dd59b058b70e3ee	1	238328	player+silence	uade	Protracker	0	171436	4fe67c04	f673d88e	Sound/Modules/RaveBuster/HardCore/mod.davistation bum.mix
