000971c0b105afd0b1da72f6d784d632	1	215149	player	uade	Protracker compatible	0	76530	773eb11b	ec34f47c	MUSIC/TRACKER/T/THEMODEL
004ae350f9e777b3d32a995591e9a93a	1	253569	player	uade	Protracker compatible	0	29132	b330261c	97d6ea4c	MUSIC/TRACKER/B/BLOODMONEY
0057280d63585b3ee6b76fbb83f6e0fb	1	121088	player	uade	Protracker compatible	0	59806	d7f6b907	016044b6	MUSIC/TRACKER/A/AVOID
006021cd65334396d27419f26fc9b438	0	205426	player+silence	uade	NoiseTracker	0	112416	42310a30	5def18a3	MUSIC/TRACKER/E/ECHOBEAT
006f868d3c81e77493dbf827844d57d0	1	96130	player	uade	Protracker	0	72154	7b268f76	a9567f02	MUSIC/TRACKER/A/ALMOST
008f10574513637a5f50aa941d6bdbdd	0	166232	player	libopenmpt	Digital Symphony	4	84804	ff13d288	9e6d47b7	MUSIC/SYMPHONY/T/THUNDERB
00c445ca45ca28210f341d338b7b166f	1	145251	player+silence	uade	Protracker compatible	0	111658	615cd479	057dc246	MUSIC/TRACKER/A/ALIVE
00c445ca45ca28210f341d338b7b166f	1	145251	player+silence	uade	Protracker compatible	0	111658	615cd479	057dc246	MUSIC/TRACKER/S/SINEMAGIC
00ea7bb8d3e7c1a5b751dc49ad3fd5c4	1	199797	player	uade	Protracker compatible	0	85466	fbf42f4a	8b52020d	MUSIC/TRACKER/D/DANCING
0114f58e3d729247acd22624dc435288	1	161397	player	uade	Protracker	0	88128	8cb3e1fb	53c06b2b	MUSIC/TRACKER/P/PROJECT_B
015f92a00f8ced34094bc6f92e74ca6e	1	130693	player	uade	Protracker compatible	0	56198	5ba40cf6	cd2b54bc	MUSIC/TRACKER/N/NOISEDREAM
015f9aa6fdf1b0bc36ba775b53dfd41a	0	164511	player	libxmp	Archimedes Tracker	4	147956	0069e4bc	1dc3d3de	MUSIC/TRACKER/C/CRIME
0181ba152c50105b63649c9d29762a4a	0	168708	player	libopenmpt	Digital Symphony	4	72364	a5ab59d5	6a75c8ab	MUSIC/SYMPHONY/L/LARS
020c43cac74a5a3c0a2d87ca7c8d8105	0	100024	player	libopenmpt	Digital Symphony	4	99848	c2d9a512	f560f8eb	MUSIC/SYMPHONY/M/MANDIE
0210930082f93ccc75a4eaedec3cad8a	1	206207	player	uade	Noisetracker 1.x	0	128624	b58901aa	489b1633	MUSIC/TRACKER/C/COMPOST
023fb01c8d3d30e943a55d087461dff3	1	84616	player	uade	Protracker compatible	0	48880	439da2e0	7d70594b	MUSIC/TRACKER/S/SLEEP
0266457e449e1fe40d9e34faf8cefb74	0	235674	player+silence	libopenmpt	Digital Symphony	4	64556	34f6e2ba	dea17bbf	MUSIC/SYMPHONY/B/BLUESHADOW
030abc970bdbeda142d40ea08094df9c	0	188279	player	libopenmpt	Digital Symphony	4	130492	49e05407	54d01e42	MUSIC/SYMPHONY/M/MAHONEY
031466ada5faaf376399b220c6b0748d	1	230541	player	uade	Protracker compatible	0	95806	de89f613	c57295f6	MUSIC/TRACKER/T/TOTALFREAK
031ace51e70cdc9be59bcb12b6fbe987	0	172542	player	libopenmpt	Digital Symphony	4	32468	8285d70f	a77cfa6b	MUSIC/SYMPHONY/C/CL_NIGHT
03279c9340f09ec6cb5be9f14d4fbf8c	0	490788	player	libopenmpt	Digital Symphony	4	100028	724268ce	5abb2565	MUSIC/SYMPHONY/R/RADIONDE
034074cdb734b1cf351ef71040cafbce	0	61348	player	libopenmpt	Digital Symphony	4	48584	72cec673	1bc12d6f	MUSIC/SYMPHONY/H/HARDDANCE
03813411323add90c21040ff0df30d62	0	309298	player	libopenmpt	Digital Symphony	4	114304	acc9c081	2fb01bdf	MUSIC/SYMPHONY/V/VCC_2
03cf59b58ddd8e5d7fe3f99e5675ad09	0	79392	player	libxmp	Archimedes Tracker	4	81684	59832e60	b3eca5cd	MUSIC/TRACKER/M/MAGNETIC4
03cf59b58ddd8e5d7fe3f99e5675ad09	1	345581	player
03dcb0e5c43146c3bec0a2c87b5475e3	1	237333	player	uade	Protracker	0	229376	20e00de1	ef8b3c27	MUSIC/TRACKER/W/WORLDSWAR
040563773ef442a650f22707a1dc3962	0	291405	player	libopenmpt	Digital Symphony	4	144044	1a3a1b79	de21a68b	MUSIC/SYMPHONY/R/RARERIPS
04082338e03147080c9a8e420578bea1	0	341321	player+silence	libopenmpt	Digital Symphony	4	120476	b96b727e	8e913930	MUSIC/SYMPHONY/P/PANDEMONUM
042be011bafcac9e840535ed91dc6775	1	130693	player	uade	Protracker compatible	0	73466	b39b4971	89d83bec	MUSIC/TRACKER/V/VISIONS
043e193c4ce2498a09f66b8c85e6a628	0	183681	player	libxmp	Archimedes Tracker	4	166872	0d18239a	1073b0f0	MUSIC/TRACKER/S/STUN_RUNNR
044b0b175f6627447a024e65d96f57dd	1	396953	player+volume	uade	Protracker	0	248922	6d7e1c10	67ff8573	MUSIC/TRACKER/I/INVERSEMEN
04b68e265d9b5673f50a9c9e33e2bebf	1	342486	player	uade	Protracker	0	208416	0f805461	25df39a9	MUSIC/TRACKER/W/WATCHBASS
04d97822bee6d4ddda68ce99d47ed5a7	1	84616	player	uade	Protracker	0	79996	849d65bf	5fa45400	MUSIC/TRACKER/B/BLUEMOOD
04dc07906f210975ab97d007a3a6dee6	0	134199	player	libopenmpt	Digital Symphony	4	36504	aca3d308	94b2f2b1	MUSIC/SYMPHONY/A/ACES_HIGH
050bbf377c9261fbb172d1581d5b0a63	0	112032	player	libopenmpt	Digital Symphony	4	120272	441e4b8b	fb3842fc	MUSIC/SYMPHONY/L/LOLLOP
05b7881b6222c5a899609ed479ad2149	0	126591	player+silence	libopenmpt	Digital Symphony	4	40236	9e53ff3f	171f9130	MUSIC/SYMPHONY/D/DANCE
05fc2163f4a91e2371669d136043a7c0	0	438203	player	libopenmpt	Digital Symphony	4	145824	bf38a06c	f2fd40d0	MUSIC/SYMPHONY/O/ONENATION
06086b2e51cc4a95c22c68a689071da0	0	209985	player	libxmp	Archimedes Tracker	4	47060	64b5dad3	e42766ee	MUSIC/TRACKER/N/NEWEN
0614a0c980b03ac468f1d15f57e329bc	1	138369	player	uade	Soundtracker II (15 instr.)	0	117610	b162ebd0	e73c0cc8	MUSIC/TRACKER/A/ALIBI_2
062303107e07101e93118daf54700ed0	0	103286	player	libopenmpt	Digital Symphony	4	73836	538f9718	e34b0f93	MUSIC/SYMPHONY/M/MOON
0694ae5009f77bea42d76e4d02e595ed	1	84616	player	uade	Protracker	0	112056	20a009fc	81091c8e	MUSIC/TRACKER/O/OPAQUELITE
06ad1b1a0473052d51bfcee8525d5c9e	0	157940	player+silence	libopenmpt	Digital Symphony	4	92784	a16e1dc1	fda81ce9	MUSIC/SYMPHONY/I/ILYAD2
070dd5b46949d169dc4e602f3e13c292	1	134531	player	uade	Protracker compatible	0	133072	b3d877b9	b99a6ff6	MUSIC/TRACKER/A/ASTORM
071084f4d1a8fed27532f89a5acbf94e	1	199797	player	uade	Protracker compatible	0	144030	4df8883f	d1defa0b	MUSIC/TRACKER/G/GUMMIE
071386952cf66436069493405178380a	0	215438	player	libopenmpt	Digital Symphony	4	312416	f46940cb	85d559c2	MUSIC/SYMPHONY/A/ALIVE
07309c72ed90b2a930b3c772b8ee8423	1	325567	player	uade	Protracker	0	102266	3e3fd6c1	a0767f45	MUSIC/TRACKER/S/SPACESONG
076dd5fe8344404cb96d3fd952e62fcd	0	92022	player	libopenmpt	Digital Symphony	4	129240	4b300484	c5f427e3	MUSIC/SYMPHONY/B/BEYOND1
07ce2db9c9ef789fa6b3ef34881ce4ee	1	254325	player+silence	uade	Soundtracker II (15 instr.)	0	93120	212fd3eb	9c90e374	MUSIC/TRACKER/C/CRISIS
082bedc7a5bdd6a986051e88d295333c	1	138369	player	uade	Soundtracker II (31 instr.)	0	58896	16ab6fb2	cfb6a35c	MUSIC/TRACKER/E/EBYT
0837d3a583a22963f7f9118890e9d654	0	237725	player	libopenmpt	Digital Symphony	4	37068	fa1a7389	45dea106	MUSIC/SYMPHONY/B/BLUEMONDAY
08397fee62286a319b9b63e00e06f482	1	263174	player	uade	Soundtracker II (15 instr.)	0	125650	c0cae0ea	a7163eed	MUSIC/TRACKER/A/ANGIE_S
084b703a933c1fded923649eff398657	1	251920	player+silence	uade	Protracker	0	161638	a45f9b05	430adbd0	MUSIC/TRACKER/T/TAKETIME
0864295661c73b2a7613386a7d0ade79	0	156038	player	libopenmpt	Digital Symphony	4	89268	21a0658e	74803663	MUSIC/SYMPHONY/S/SEDUCTION
086606ec5528f0e762db49aa88858f2e	1	107645	player	uade	Soundtracker II (31 instr.)	0	120420	62cfff2c	4d2a0cc0	MUSIC/TRACKER/C/CHEVIGNON
087805c4c22edb2078db1140d8e4cd73	1	238100	player+silence	uade	Protracker compatible	0	436620	4d997a5b	bacad4bf	MUSIC/TRACKER/H/HARMONICAM
08a67d324c4c284596c921b207e5a453	1	176769	player	uade	Soundtracker II (15 instr.)	0	69124	b900426b	0f74f6cc	MUSIC/TRACKER/T/THORAX
08a6d3b03b9a1528b98bb05f0336b3f1	0	270931	player+silence	libopenmpt	Digital Symphony	4	120244	84c9f060	a230acc8	MUSIC/SYMPHONY/A/ACIEEED
09057936d289b51e8fbc7f03ac4e7a5d	0	92022	player	libopenmpt	Digital Symphony	4	71148	c6f4a332	9fd1b262	MUSIC/SYMPHONY/T/TWICE2
091603a046d078b2087c7b79b79ed39c	0	155630	player	libxmp	Archimedes Tracker	4	91592	81af1eeb	7769c6f7	MUSIC/TRACKER/F/FUNKEY
099191691bf9183bac5eb309ebae622e	0	421771	player	libopenmpt	Digital Symphony	4	135816	7fe11fe4	ba0af2dd	MUSIC/SYMPHONY/U/UTOPIA
099880b7db37b4ec51f4a48498b87321	1	817495	player	uade	Protracker (vblank)	0	127844	48335abd	ec71e854	MUSIC/TRACKER/N/NEBULOS
0a2bb73015665e4afba29e96be6eab3d	1	242698	player	uade	Noisetracker 1.x	0	121844	c8f59521	4ca41bc8	MUSIC/TRACKER/D/DEAD_COP
0a775f063fa6a54ebb5ef860a803caa9	1	119179	player	uade	Noisetracker 1.x	0	99948	19f883d3	525b721f	MUSIC/TRACKER/L/LIFESTYLE
0a7b2e550dbbe02ccd64d6bbf2eccc15	0	334067	player	libxmp	Archimedes Tracker	8	194928	d82ce09d	71c49c39	MUSIC/TRACKER/S/SHAVESRAVE
0a7b50aa30dabcaaffd72be828274be6	1	95166	player	uade	Protracker compatible	0	164842	1cd8a455	359c53f5	MUSIC/TRACKER/M/MOVEMENT
0a9c4db4768dd7a5facffd24df347866	0	28553	player	libxmp	Archimedes Tracker	4	18856	b9cd0c97	b0873fe4	MUSIC/TRACKER/M/MERRY2
0ad397dea95a55512d4266dc6a8802db	0	245873	player	libopenmpt	Digital Symphony	4	122428	6d9f05b3	328eb3fe	MUSIC/SYMPHONY/E/E_MOTIONS
0b1227ff8fbe3550cf9b72cb92d8bdef	0	130552	player	libxmp	Archimedes Tracker	4	98036	0251633c	b6db8de4	MUSIC/TRACKER/J/JAMESMUS
0b1f64eef5dc7b89683f65b72070cc58	1	441732	player	uade	Noisetracker 1.x	0	163540	dc5a6829	2ff07f36	MUSIC/TRACKER/M/MACHOS
0b2733f8f68f995fd5e4275ad511e324	1	153721	player	uade	Soundtracker II (15 instr.)	0	97068	e5595daa	c1f4a4c2	MUSIC/TRACKER/T/TRANSFORM
0b51affad1daeba923172953e307bea9	0	123485	player+silence	libopenmpt	Digital Symphony	4	244464	8b39fa79	755a4627	MUSIC/SYMPHONY/A/ANETTE
0b691179f1fad0475d1916718acebacb	0	792160	player	libopenmpt	Digital Symphony	4	74760	39439598	3da71f55	MUSIC/SYMPHONY/J/JARRE
0b6fa782897dc23c3987b8d2e334ad62	1	26323	player	uade	Protracker compatible	0	21848	5399a1f1	7f8d0c52	MUSIC/TRACKER/E/EXCEEDING
0bbf1609947835b05eca166081260481	1	138369	player	uade	Noisetracker 1.x	0	55476	510b6141	6902971a	MUSIC/TRACKER/R/ROCKING
0be58a6f6dc121f74ae343fcd58c5b40	0	322079	player	libopenmpt	Digital Symphony	4	57988	d8b1e0fa	ead3f962	MUSIC/SYMPHONY/G/GOODSONG
0be64223aff63a6b4f89ca696e0b32c8	0	234849	player	libopenmpt	Digital Symphony	4	80232	38605159	e6fa4627	MUSIC/SYMPHONY/H/HOUSESPEC
0be91ffe83cf7ddf95f22e079266bd78	1	230541	player	uade	Protracker compatible	0	70388	105b38f9	215de516	MUSIC/TRACKER/I/INTHEAIR
0c12846906a92beb03f415abcd3299fc	1	256529	player+silence	uade	Protracker compatible	0	142185	e55b6d13	38aca17b	MUSIC/TRACKER/G/GIMMELOVE
0c84082f91a71f6af5735a9f5a95d9e8	1	225156	player	uade	Noisetracker 1.x	0	131370	78636408	543971f5	MUSIC/TRACKER/B/BLUEDANUBE
0cb37f9e66111baa2baa8204d5c7227b	0	38342	player	libopenmpt	Digital Symphony	4	144408	c5a0bf3d	0685de60	MUSIC/SYMPHONY/R/RESCUE2
0d1ab46afa5b2962d4147735c74922c2	1	146045	player	uade	Protracker compatible	0	87130	95a0c342	fd258777	MUSIC/TRACKER/T/TARK5
0d4975c88e6bc72d6e1fd975a7773f6b	0	145702	player	libopenmpt	Digital Symphony	4	69744	c11335a6	00ce4808	MUSIC/SYMPHONY/H/HARDTECH1
0d66095e36987e863ebdc5cc8508248c	0	160860	player	libopenmpt	Digital Symphony	4	89260	3014dd23	13de67f4	MUSIC/SYMPHONY/L/LONERANGER
0e018ec8c09214fece8051ccb00fb84a	0	108398	player	libopenmpt	Digital Symphony	4	118484	1cba5c1a	10ee789f	MUSIC/SYMPHONY/N/NIGHTJAZZ
0e2408f314200c46a95128bece395360	0	258095	player	libopenmpt	Digital Symphony	4	85308	66650b41	527446cf	MUSIC/SYMPHONY/D/DARKSUN
0e9c85f8a5767d73f3cdff2ccb92edf6	0	230057	player	libopenmpt	Digital Symphony	4	43584	f2018eef	9691a7bd	MUSIC/SYMPHONY/XYZ/XJ220
0eb74036c5e1fc39a2d91362b5daf33d	0	228519	player	libopenmpt	Digital Symphony	8	139896	6ea21ae1	5d9fe5ae	MUSIC/SYMPHONY/B/BADSTATE
0f414469e2811858beaf5188bc440021	0	204780	player	libxmp	Archimedes Tracker	4	116244	9dbe809a	bbe9c731	MUSIC/TRACKER/N/NO_EXIT
0f63e8cbcb0893fb8d3e14cc339029ea	0	191980	player	libxmp	Archimedes Tracker	4	149680	3b3020cb	f8dca567	MUSIC/TRACKER/W/WARHEAD
0f7529f2f75617ea549c817b387d5b2d	0	226123	player+silence	libopenmpt	Digital Symphony	4	81580	ee7e410e	ca7b2b12	MUSIC/SYMPHONY/T/THELASTSUN
0f8d2b6725a9fe13a88790df33438642	0	156585	player+silence	libopenmpt	Digital Symphony	4	72588	c3d38e2d	eee13eee	MUSIC/SYMPHONY/F/FEAREXAM
0f9050f61db8f353e357fe8de7530813	0	256784	player+volume	libopenmpt	Digital Symphony	4	125828	e413a53f	a966ff6d	MUSIC/SYMPHONY/G/GROUPDEAD
0f9fba37f4d3880d0345eeb34e0f6104	0	92981	player	libopenmpt	Digital Symphony	4	543804	c48bd666	93af9a30	MUSIC/SYMPHONY/F/FEEL
1010ee133c3d0daabd3734242329bdfa	0	161039	player	libopenmpt	Master Soundtracker 1.0	4	99712	1065b6a8	39ac93f6	MUSIC/TRACKER/B/BIRDIE
10d027651ebc4f21d7446a0ba1fed86c	0	139675	player	libxmp	Coconizer	4	43294	ade11f75	91413362	MUSIC/COCONIZER/SONGS/EMPTYSPACE
10d027651ebc4f21d7446a0ba1fed86c	0	139675	player	libxmp	Coconizer	4	43294	ade11f75	91413362	MUSIC/COCONIZER/TRACKS/EMPTYSPACE
10f39ccaef8964985d7b6df7bda2d7f1	0	206179	player	libopenmpt	Digital Symphony	4	187220	0e1db810	e1acfaef	MUSIC/SYMPHONY/S/SUICIDAL
117532b74f74bb5292dd513dc925ccfa	0	149841	player+silence	libopenmpt	Digital Symphony	4	53284	4948eb13	70e62741	MUSIC/SYMPHONY/D/DRAGONFIRE
12016a008734193d8ad817af459e34c3	0	228029	player+silence	libopenmpt	Digital Symphony	4	65432	ba349711	c52da1db	MUSIC/SYMPHONY/G/GOLDENYEAR
120754d17cc160ddb1ac226f9cea82d4	0	310775	player+volume	libopenmpt	Digital Symphony	4	98884	cc164091	0c76475d	MUSIC/SYMPHONY/B/BRIDGEOVER
123dda567808f860e06363d7b281c14e	1	23816	player+volume	uade	Protracker compatible	0	67102	c7b5819b	6c228a5b	MUSIC/TRACKER/S/SKYJINGLE
12cb6f8640664e2370f23a0525efeea0	1	153721	player	uade	Protracker compatible	0	122634	6e028989	83b6e0d8	MUSIC/TRACKER/O/OLDMAC
1311f651fa0f4df4152369706cb8a046	1	235411	player+volume	uade	Noisetracker 1.x	0	222058	4a76122e	83e9e6c7	MUSIC/TRACKER/A/AZIED_REV
13156cb96cb956446dc178181a14c1db	0	151224	player+silence	libopenmpt	Digital Symphony	8	138944	20aecbbc	332e24a1	MUSIC/SYMPHONY/G/GYPSY
13184152755e9e5fd7f2672658b2f567	0	75027	player+silence	libopenmpt	Digital Symphony	4	46092	97bf0cda	300feefc	MUSIC/SYMPHONY/D/DANCE2
1337b10c963ae6d22a331d51db9785a2	0	85772	player	libopenmpt	Digital Symphony	6	121832	0310afa9	ea5ec75b	MUSIC/SYMPHONY/O/OKT
1337d758ec341e0ffeb5006917813225	0	76780	player	libxmp	Archimedes Tracker	4	200500	200d630a	2f997c85	MUSIC/TRACKER/Q/QUEENBITS
1382fa1991cd66298bb8408d931cdd74	0	84476	player	libxmp	Archimedes Tracker	4	67116	74512c5a	2d7e24c2	MUSIC/TRACKER/D/DEBUGGING
13a839a40f7a00512a5bd1b4e82edb7d	1	176875	player+silence	uade	Protracker compatible	0	147818	995de645	03b7a0e3	MUSIC/TRACKER/R/RAGGTIME
14326e2b53723428b7137e76ad97b09c	0	315609	player	libopenmpt	Digital Symphony	4	152488	a0b3977e	841e14c6	MUSIC/SYMPHONY/H/HOUSEHOME
1442f5a71de89e663f1a83ca9a05df77	0	65182	player	libopenmpt	Digital Symphony	7	19696	34607228	69eb5bba	MUSIC/SYMPHONY/S/STLONDON
14c770c8ce0ee3e00bc88447be94f8f5	0	23958	player+silence	libopenmpt	Digital Symphony	4	50720	a06c3dcd	c57b5058	MUSIC/SYMPHONY/S/SKYJINGLE
14c9638477cd5d7d01fd25e219300a63	1	153721	player	uade	Soundtracker II (15 instr.)	0	43926	b519a44e	f1deccda	MUSIC/TRACKER/XYZ/ZODIAC
152daed2c6dc3f543043c3945e279359	0	264232	player+silence	libopenmpt	Digital Symphony	6	76768	dea8c130	e31877d0	MUSIC/SYMPHONY/V/VIENNA
1540ec5576b61d9720b5f948649ce453	0	148965	player+silence	libopenmpt	Digital Symphony	4	112836	ee7b1120	17c827cc	MUSIC/SYMPHONY/B/BASTIC_JAZ
15479fc55d353bdeedf185860335c0ca	0	102247	player	libopenmpt	Digital Symphony	4	116236	bf0c5152	b84f7172	MUSIC/SYMPHONY/K/KEFRENDANE
15583dead4432e2e0765d004d09ca45c	1	194050	player	uade	Noisetracker 1.x	0	124472	a517786a	53261b29	MUSIC/TRACKER/R/RAINDAY
15b5bcc950f8c30db21ae89fc82b3bcb	0	242198	player	libopenmpt	Digital Symphony	4	89472	91778e57	ef6bd2f4	MUSIC/SYMPHONY/D/DEADCOP
15cc0d540b25eb15b79c20a23c258c6c	1	246536	player	uade	Protracker	0	149170	db3a3f85	fcc24f79	MUSIC/TRACKER/T/THATS_ALL
1600947b0edc497bb8790df9785a58ee	1	176769	player	uade	Protracker	0	131276	08befd84	e5ebed61	MUSIC/TRACKER/N/NOTJUSTANY
16210253c0b2ac282c98bcf42d888757	0	89580	player	libxmp	Coconizer	8	91058	be4c47e6	667531b2	MUSIC/COCONIZER/SONGS/ESCAPE
167998b4c955f351b63b05971ec7ab37	1	296048	player	uade	Protracker compatible	0	137356	fbb69842	e1d0263c	MUSIC/TRACKER/P/PHANTASMAG
16933dab92ef81485dd648de41e00da1	0	246434	player+silence	libopenmpt	Digital Symphony	4	60796	358169ca	a6599ed3	MUSIC/SYMPHONY/J/JAPAN
17147aa427477939323b99bc1bc336f6	0	279029	player	libxmp	Coconizer	4	163232	895e08dc	b5040068	MUSIC/COCONIZER/SONGS/SCRAMBLED
1755023192a845d5948f781258d2d8aa	0	287077	player+silence	libopenmpt	Digital Symphony	4	112576	63f6672e	4f3c3326	MUSIC/SYMPHONY/D/DEADEARS
1767ce7e3ace2a24ec368f8ef0f43a5e	0	308619	player	libopenmpt	Digital Symphony	4	182384	d43e3e32	c6273284	MUSIC/SYMPHONY/C/CRAKOFDAWN
177650e7abf953f28454b9295813d061	1	180089	player+volume	uade	Protracker compatible	0	123204	03d25a7a	48378fe0	MUSIC/TRACKER/H/HELLRUN
178f16a3b6a7691cdce6138e4d91e6a0	0	123269	player+volume	libopenmpt	Digital Symphony	4	184672	5d02451e	95057ff8	MUSIC/SYMPHONY/F/FURELISE
17a41b1f96d8e3b88d0bd97aec1a9b44	0	70614	player	libopenmpt	Digital Symphony	4	57916	ebdce8b4	61460e4d	MUSIC/SYMPHONY/T/TRANCEDANC
17bda66eafd0c9b8aee0ed0acc4c6409	0	345085	player	libopenmpt	Digital Symphony	4	321288	3fad1867	b6527a57	MUSIC/SYMPHONY/D/DJ_BOBO
17c59790c6a791968b97584fe57802b7	1	158211	player+volume	uade	Soundtracker II (15 instr.)	0	121904	dcfd4080	0ce619c1	MUSIC/TRACKER/S/SONG
17d12cca3cfa02755ed9743359d0906a	1	555735	player+volume	uade	Protracker	0	274794	cb4bf42c	3c31f57f	MUSIC/TRACKER/T/TESTINK
17dd120ef98678ef69051aac2020a1d9	1	203635	player	uade	Soundtracker II (31 instr.)	0	79750	1858171e	4acbf2c2	MUSIC/TRACKER/A/APPROACH
17eda6027dfa58a3c86433ab2787bf5f	1	146045	player	uade	Noisetracker 1.x	0	95268	0091128e	4ec8db2a	MUSIC/TRACKER/Q/QUANTUM6
17f51b0e3219e9139c4bfa23aa1fd9ee	1	53872	player	uade	Protracker compatible	0	46140	cd81c002	c1264df2	MUSIC/TRACKER/B/BASSLOAD
17f82b155eb4bfff782d4760aa545a76	1	197245	player	uade	Protracker compatible	0	27396	a74a2b38	c08c0915	MUSIC/TRACKER/T/TUNE3
18071f4bc8cdd440a6515a17ac06922e	1	119349	player+silence	uade	Noisetracker 1.x	0	122766	47fdf8ce	53090eb1	MUSIC/TRACKER/S/SHORTHOUSE
183553d9984fee3835b954cb115ae95d	0	248789	player+silence	libopenmpt	Digital Symphony	4	158404	1b7e7a0c	f20110a8	MUSIC/SYMPHONY/D/DARKANGEL
1850ea3b48563238036cd35a0fc1f1e6	1	172931	player	uade	Protracker compatible	0	143674	c67352e0	ea6b5383	MUSIC/TRACKER/B/BACKPOPPED
188dff0480396a99c2dd5a93ebb186af	0	192370	player+volume	libopenmpt	Digital Symphony	4	185036	55b509b5	13e1b041	MUSIC/SYMPHONY/XYZ/YAAAH
189a9782e7573239cdba92aaf4e6aac6	0	277213	player	libopenmpt	Digital Symphony	4	91416	3e5dde76	f59bbad0	MUSIC/SYMPHONY/O/ORANGEDA
18c3d33dc4364cfd07a6ba7f96443688	0	357419	player	libopenmpt	Digital Symphony	4	450256	5e67c7dd	974f503c	MUSIC/SYMPHONY/R/RHUBARB
18cd9d64c053fddb32662dbf06e52d9b	1	271585	player+silence	uade	Noisetracker 1.x	0	146268	81083088	9b3b6096	MUSIC/TRACKER/A/ACIEEED
1944acc100f79eae7bc217d68af9fe66	1	251036	player+silence	uade	Startrekker (4ch)	0	48916	4d898f48	16904f34	MUSIC/TRACKER/D/DREAMTHEME
1a13035202dfc99d3a6bfade1cff7265	0	153371	player	libopenmpt	Digital Symphony	4	88952	6b3d0890	b362fd17	MUSIC/SYMPHONY/Q/QUITIMAGE
1a42ef6f8ae97267f1592c3bbb7d9435	1	162381	player	uade	Noisetracker 1.x	0	113680	e1a6a9bc	4d5ee9d4	MUSIC/TRACKER/B/BOBBY
1a466004c47703036c0d5689a5bdecc0	0	204495	player	libopenmpt	Digital Symphony	4	40560	32cbe183	48b4ae2e	MUSIC/SYMPHONY/S/STOPIT
1a6166ca1c792ca6b03bd5a2ab9ae7af	1	134531	player	uade	Protracker compatible	0	39890	ee17ac3a	0e88f458	MUSIC/TRACKER/G/GASGUZZLER
1a67b0aeb3113ae70ace32322fd31923	1	191789	player+silence	uade	Protracker compatible	0	166654	23163be9	ee6dc9f6	MUSIC/TRACKER/W/WILDTHING
1a8e573fa65dfe99e8322effc89ae77e	1	271493	player	uade	Soundtracker II (31 instr.)	0	85736	c7c8a72a	2a477891	MUSIC/TRACKER/B/BWOFTRAPS
1a969c3c32716be9bd6f640d9c1b6fcc	0	289417	player+silence	libopenmpt	Digital Symphony	4	82844	0ef12c8c	a3fa8e80	MUSIC/SYMPHONY/T/TOOLSHED4
1ad6cebcd89cdd87aa7c84f65f2a2597	1	296129	player	uade	Protracker compatible	0	96956	9ae49a90	79c7f66a	MUSIC/TRACKER/S/SLAPPY
1ae02e5fc66145781fe78e0e70cd16a3	1	172931	player	uade	Protracker compatible	0	75914	91aab839	05afa944	MUSIC/TRACKER/T/TECSONIC
1afa933963b4de4143fcd29aa499c3e4	1	379657	player+silence	uade	Soundtracker II (15 instr.)	0	119668	4a3266b5	61555d17	MUSIC/TRACKER/H/HUMANOID
1b05cfa76e1dea447d31842d51e279ce	1	121088	player	uade	Protracker compatible	0	59804	2b220e6b	80e3ea32	MUSIC/TRACKER/T/TUNE2
1b0ff2e314b43a0e4997a0841e8f2f97	0	383981	player	libxmp	Archimedes Tracker	4	279156	34a3168f	6c8640fb	MUSIC/TRACKER/P/PYTHON2
1b53529bb5347d78f5237a76eba66bd4	0	278624	player	libopenmpt	Digital Symphony	4	78164	af54d3d6	abdfd4fd	MUSIC/SYMPHONY/T/THRASH2
1b9dc44680031f31b39fa5e3aa1f3bad	0	122697	player	libopenmpt	Digital Symphony	4	172444	c6f47ee9	cb3ac59e	MUSIC/SYMPHONY/S/STWHEEL
1ba744f9bc7cfb58dadaed733218313e	1	169093	player	uade	Soundtracker II (31 instr.)	0	138756	241a1f23	5527baa8	MUSIC/TRACKER/B/BAB_11
1bfc2eba2c562741b8b0973de0bb83d5	1	199258	player+silence	uade	Noisetracker 1.x	0	162014	5a496eb3	557bce74	MUSIC/TRACKER/B/BLACKMOR
1c1a8c9d6ca5d24594b86e93af175500	0	186442	player	libopenmpt	Digital Symphony	4	137260	1a27b9ee	1cfdf554	MUSIC/SYMPHONY/L/LABYRINTH
1cac1e3e17711e092804783148b5f1e2	1	230541	player	uade	Soundtracker II (15 instr.)	0	162753	a2674832	630ca046	MUSIC/TRACKER/A/AXK22
1cac66e032d5a5a0718385893110cdcd	1	453246	player	uade	Protracker compatible	0	178240	6bdc21d1	bb527277	MUSIC/TRACKER/F/FOOLPROOF
1cd3e47c3145692a859aedb0baa110c1	0	155586	player	libopenmpt	Digital Symphony	4	127480	7c0172f7	f0344401	MUSIC/SYMPHONY/J/JUSTATRY
1cda6e9f2539e3fe16a2def1d2e719ec	1	249410	player	uade	Protracker compatible	0	102288	6f931a31	c576257a	MUSIC/TRACKER/I/IMPONERT
1ceb755418ebc3ff994617c83487bf13	0	185871	player	libxmp	Archimedes Tracker	4	44628	45edb39a	fbeadd1d	MUSIC/TRACKER/O/OLDBONES
1cf4745ad5d6bbad603bf293ad9098e6	1	307321	player	uade	Soundtracker II (15 instr.)	0	86612	437d03a3	b79aab96	MUSIC/TRACKER/R/RALLEYMAST
1cf5edfe65a6d75bb04a5fd22c73e918	1	137372	player+silence	uade	Protracker compatible	0	70728	2a014ba4	3c9e9666	MUSIC/TRACKER/J/JADE
1d1c6ed79d29db1343c2aefa002d7e93	0	115028	player	libopenmpt	Digital Symphony	4	113656	b72667d6	5ca25b62	MUSIC/SYMPHONY/P/PUMPUPJAM
1d234090c976309b64cf8246eec5e423	0	120947	player	libxmp	Archimedes Tracker	4	47216	07afc177	579c4919	MUSIC/TRACKER/B/BLUES
1d3a2c75dd907b9ecaf3094defdd31d4	1	396781	player	uade	Protracker	0	191754	512737e2	fc839e30	MUSIC/TRACKER/S/SHINING
1d3bd658bffa9af182a36527ae627ebc	0	220017	player+silence	libopenmpt	Digital Symphony	4	202084	adf86f3c	3e622b1b	MUSIC/SYMPHONY/V/VOICES
1d6ff375651466b992fc6321e0b4728d	0	254852	player+silence	libopenmpt	Digital Symphony	4	301792	745ea4ba	968a7a80	MUSIC/SYMPHONY/M/MEGAFLUMP1
1db6ca132177303703a401c8af1a7ab4	1	328629	player+silence	uade	Protracker compatible	0	188416	14ddd51d	c6e8eb2c	MUSIC/TRACKER/D/DAISYCHAIN
1e29b98d1d664db59e7873e149322f61	1	293136	player+volume	uade	Protracker	0	128078	2f55add3	fb3315b6	MUSIC/TRACKER/A/APPEARANCE
1e2e66dc71c50806809ab0d95b0b45e8	0	92562	player	libopenmpt	Digital Symphony	4	274888	771b8b5b	93fb96bf	MUSIC/SYMPHONY/D/DOMINION
1e50dfc36c7d994249d4bf485084b370	0	161276	player	libxmp	Archimedes Tracker	4	43568	63e10a07	1acf9be0	MUSIC/TRACKER/E/ECHOING
1e65ee60d9557b09d48614a0452002fb	1	253569	player	uade	Soundtracker II (15 instr.)	0	67742	5cf11dd2	14546078	MUSIC/TRACKER/J/JOE13
1e6c27afa7c57abdf66865866191bcfb	0	220091	player+silence	libopenmpt	Digital Symphony	4	219808	55b2a5d0	0160d5ba	MUSIC/SYMPHONY/T/THEOBJ
1e9b472891e93d44eb8c0cfb1345b195	0	76685	player	libopenmpt	Digital Symphony	8	20672	518c5447	a3c72720	MUSIC/SYMPHONY/M/MAPLELEAF
1ee9867c455f51d4e41ac3b9ffbd496a	0	230057	player	libopenmpt	Digital Symphony	4	77120	4275d053	4832d4f7	MUSIC/SYMPHONY/D/DEADLINE
1f2e3ea8ad3664d7808f17909fa49ae9	0	67195	player	libxmp	Archimedes Tracker	4	61156	ec411c4a	1a8abd92	MUSIC/TRACKER/G/GOINGHOME
1f97381bc368b7f0badf6af1a2c42501	0	245752	player	libxmp	Coconizer	8	185558	a1bea89e	b36c2881	MUSIC/COCONIZER/SONGS/MILLENIUM2
1fb9e6b973ea9a2d4e4c29fd766770cb	1	207493	player	uade	Protracker compatible	0	138204	942a0304	879e7e25	MUSIC/TRACKER/M/MS4STND
20281aa120efb270ff12907bbb217cb9	0	53078	player+volume	libxmp	Archimedes Tracker	4	92452	670a01c8	a2ba7dcd	MUSIC/TRACKER/D/DISCO_90
202bafb35d3764f428124f8a61f3dd3a	0	47522	player	uade	Ultimate-Soundtracker or compatible	0	28472	cdd3a057	f1f66322	MUSIC/TRACKER/D/DRUM03
20761ded5c0e51e60db78adb1253bc90	0	378938	player+silence	libopenmpt	Digital Symphony	4	70052	b197cd43	d6c93ebe	MUSIC/SYMPHONY/H/HUMANOID
20ae5f4a02a4c53f3bb496ebc5e815f4	0	122697	player	libopenmpt	Digital Symphony	4	152800	c883f50d	ec0c0c58	MUSIC/SYMPHONY/N/NIRVANARMX
20b548e016355a37718fcb434cca661d	1	212698	player+silence	uade	Soundtracker II (15 instr.)	0	72582	126ad443	62c1b5a7	MUSIC/TRACKER/H/HOUSEDAN
20e61ed41745a9eb8d872b5f7916f0fb	1	319863	player+silence	uade	Protracker compatible	0	136860	6dd16857	9e1d0c08	MUSIC/TRACKER/N/NEWMSTER
2144126f5d89e86a7cb0f1306ab39059	0	181534	player+silence	libopenmpt	Digital Symphony	4	58564	c81dda6c	2506bd60	MUSIC/SYMPHONY/E/EYETIGER
219870353d1dc76f555a495b4e7e73a0	1	403332	player	uade	Protracker	0	169810	9d8da2b5	63178c6a	MUSIC/TRACKER/S/SLAVE
21bffad88dd2b11dbc9c80ba2d1dc21b	0	99691	player	libopenmpt	Digital Symphony	4	80260	e75e7195	7f6b4da2	MUSIC/SYMPHONY/T/TECHDANCE
21e232ba45bf462f851abaf25fcee938	0	268780	player	libxmp	Archimedes Tracker	7	247432	d0d09889	2f958465	MUSIC/TRACKER/V/VIENTO
21fa09c7fcef479ce3ea26f91a9f0fa8	0	202236	player+silence	uade	Soundtracker II - V or compatible	0	64758	b986e4ae	a4a2a44e	MUSIC/TRACKER/F/FRIEDFISH
224645c7877d4822d2be5bb7b375daa9	0	112771	player	libopenmpt	Digital Symphony	4	72640	d049e5c6	12df315a	MUSIC/SYMPHONY/V/VIRTUALINT
225d9296721e8c515e4a7fe3543f0567	0	194969	player	libopenmpt	Digital Symphony	4	63556	bab41728	1faa4700	MUSIC/SYMPHONY/R/REDDWARF
229b3d695347b6b00dd0b263e4c478bb	1	263455	player	uade	Startrekker (4ch)	0	141264	a46c1bc7	993f52af	MUSIC/TRACKER/U/UPONME
229b3d695347b6b00dd0b263e4c478bb	2	207493	player
22a513305feb5a6661498020e60c7f18	1	51320	player	uade	Startrekker (4ch)	0	47326	ee85982c	69496b05	MUSIC/TRACKER/C/COMET
22aced8222317e1016d72e6e6e439246	0	232733	player+silence	libopenmpt	Defjam Soundtracker III / Alpha Flight SoundTracker IV / D.O.C. SoundTracker IV / VI	4	42496	aa64b3a8	7a6cf6f6	MUSIC/TRACKER/A/ARKERLIGHT
22e449696688e79a675a6594409512eb	0	264565	player	libopenmpt	Digital Symphony	4	96696	a820f9d3	1a382960	MUSIC/SYMPHONY/R/ROCKYMOUNT
236d46f5e3a89ff3072bbbed1c4335e7	0	421771	player	libopenmpt	Digital Symphony	4	107416	c113421f	5462d3f5	MUSIC/SYMPHONY/O/OUTRUN
23d2bc9da9fd4d0a8949343c294c7b1d	0	51123	player	libopenmpt	Digital Symphony	4	66808	e473634f	20b02551	MUSIC/SYMPHONY/F/FANTSYMETL
240035c5a817d9980faf854233574397	0	119322	player	libopenmpt	Digital Symphony	4	65236	24e1d88d	660a76e5	MUSIC/SYMPHONY/T/TECHNOPEAK
241a6308d19f9ed544046f5afb3da425	1	255498	player	uade	Protracker compatible	0	105104	f670e40b	ff1d5d03	MUSIC/TRACKER/J/JAMBOREE
24751e16080a24e9808b67cd637946c7	1	491646	player	uade	Protracker compatible	0	138222	5bdafdde	6a04058c	MUSIC/TRACKER/R/RADIODEM
24a7c2446a4d28305d16174b74362944	0	474332	player	libopenmpt	Digital Symphony	4	78704	f90e05fe	5870d6c0	MUSIC/SYMPHONY/A/AGNES
24bedba557248c7d58d045052b3cbafd	0	311621	player	libxmp	Archimedes Tracker	4	144624	2f882384	0e8f9ecc	MUSIC/TRACKER/B/BUTCHERMAD
24d786769c5f5e75e35b916ab3911a96	0	97276	player	libxmp	Archimedes Tracker	4	58092	c90c3e54	e167f070	MUSIC/TRACKER/B/BUZZSAW
24ef2d34ed94f1aeaf3c5bf320530a1b	0	141310	player+volume	libopenmpt	Digital Symphony	4	162428	52055653	0f59b9b7	MUSIC/SYMPHONY/G/GTRDYFRTHS
253693d939e0986ebd6e7c8087dcdd44	1	115321	player	uade	Protracker	0	161732	ff20edc7	8d988545	MUSIC/TRACKER/D/DCN4
253b18848248508c7b938491a374854d	0	40952	player	libxmp	Archimedes Tracker	4	67384	900da085	17d05e21	MUSIC/TRACKER/F/FUNKSTY
254786c693e89ba73060ba5ed25eff36	0	171125	player+silence	libopenmpt	Digital Symphony	4	57048	3e7d1e31	3e89a708	MUSIC/SYMPHONY/V/VIRUS
254a26a31bd0e844bd99b5f0288aa3f5	0	198783	player+silence	libopenmpt	Digital Symphony	4	160648	a4d7ae19	dfcb8e07	MUSIC/SYMPHONY/M/MOONGATE
257ddb6c243e61cebaa1ebb66885b71e	0	204817	player+silence	libopenmpt	Digital Symphony	8	175548	2d73aa66	f66f81ce	MUSIC/SYMPHONY/P/PLASTIKMAN
259e0a08895dde02d3237be56be19693	0	50980	player+silence	libopenmpt	Digital Symphony	4	52784	32ffc793	6f34462d	MUSIC/SYMPHONY/S/STARSPANGB
25ad77d6b7356f170b34c2d35084f0bf	0	261104	player	libxmp	Archimedes Tracker	4	72024	32c42d21	0e4daabc	MUSIC/TRACKER/A/AMIGAS
25b05d02f4c4221ee34d64222639b47b	0	366134	player	libopenmpt	Digital Symphony	4	179366	f07e7388	a6fb1b36	MUSIC/SYMPHONY/M/MONTY
2623ab3d69a1b05f68a51544af4bf168	1	161397	player	uade	Protracker compatible	0	66074	b6a60a25	a9310f12	MUSIC/TRACKER/N/NIGHT
2635c08ef72e376d3e6fd7d5d9bca9d0	1	180901	player+silence	uade	Soundtracker II (31 instr.)	0	48224	46466e49	b4691ff6	MUSIC/TRACKER/L/LOOKAROUND
263e7d74eb8a429ee8024ec9c4d90e70	0	198109	player	uade	Ultimate-Soundtracker or compatible	0	50446	e2adb079	37d0f436	MUSIC/TRACKER/B/BROKENWING
264c5ce625de6e53af319a7319701bae	1	283628	player+silence	uade	Protracker compatible	0	196420	7e7ab114	cd05410c	MUSIC/TRACKER/E/ENSONIC
2650fb87d8a91dfc95a1c783c96dffac	0	187879	player	libopenmpt	Digital Symphony	4	157704	a4b6d27b	d5435011	MUSIC/SYMPHONY/XYZ/XTASE
269d8d0e0eaee25f725560e0b1138a02	1	76920	player	uade	Soundtracker II (15 instr.)	0	102942	88fd0bf9	1f8ea289	MUSIC/TRACKER/A/ALFTUNE
26bd530a3530198b3c2b90bb59d9db96	1	395656	player	uade	Noisetracker 1.x	0	140244	e19a59fb	31e95717	MUSIC/TRACKER/G/GLIDE
27168d6498907afc7e052591c4a91509	0	179166	player+silence	libopenmpt	Digital Symphony	4	105184	fe8c68c9	51f1c8d9	MUSIC/SYMPHONY/D/DEKAMX
27b167d1d7df99069adc2711130158eb	0	44758	player+silence	libopenmpt	Digital Symphony	4	71288	9e262503	a962f636	MUSIC/SYMPHONY/D/DRSNUGGLES
27e5e839a27f06b09bdef0977ed43b14	0	178933	player	libopenmpt	Digital Symphony	4	62740	fb09f531	4fb48ad3	MUSIC/SYMPHONY/B/BUSHFIRE
2841eb87134612124b2b7d1525645741	1	76920	player	uade	Protracker	0	61936	87dc9893	43fcad52	MUSIC/TRACKER/A/ANTSAFARI
287ea6b623a9e18dcfdf792fb5b04853	1	184445	player	uade	Soundtracker II (15 instr.)	0	56964	d11d8bdd	6aef7856	MUSIC/TRACKER/S/SILENT
28ca2020bdff1e546fdf120be257304d	0	153580	player	libxmp	Archimedes Tracker	8	126440	30f97a07	454788db	MUSIC/TRACKER/C/C_JAM
28f50d436213f5538a60698433cedf89	1	266374	player+silence	uade	Soundtracker II (15 instr.)	0	106780	e282a46f	d8a8534a	MUSIC/TRACKER/I/INJUSTICE
28fa4fd021207ae59526cf015ab67822	0	142038	player+volume	libxmp	Archimedes Tracker	4	297948	ac864ced	65dfeada	MUSIC/TRACKER/G/GETREADY
2924574a09e05db9e00e2f1c001c356f	0	253062	player	libopenmpt	Digital Symphony	4	52116	a0fc69ea	803526fc	MUSIC/SYMPHONY/G/GNELFTHEME
292bbfd5649f91347055498974f13eea	0	374988	player+silence	libopenmpt	Digital Symphony	4	117012	0e509e7f	c36b250f	MUSIC/SYMPHONY/R/RAG_IT
296f8384c4dff9314622ff97410035ad	0	99828	player	libxmp	Archimedes Tracker	4	69264	493f6464	b64e9db8	MUSIC/TRACKER/H/HOURHOUSE
29e0b73eb45170e2f59f177d764972ea	1	88475	player	uade	Protracker compatible	0	97424	9e186b3b	524075e9	MUSIC/TRACKER/L/LETSSWING
2a0023e33a4b074ffcdadb4f661efb3f	0	224762	player+silence	libopenmpt	Digital Symphony	4	96632	ba90700f	335a2b57	MUSIC/SYMPHONY/Q/QU_SUPRISE
2a00528b9e6ef54692fbeb48d5b111b1	0	172542	player	libopenmpt	Digital Symphony	4	52580	974a4739	295873ea	MUSIC/SYMPHONY/T/TECSONIC
2a087a5dbb7255e000ba3b678ce94bf8	0	378174	player+silence	libopenmpt	Digital Symphony	4	115228	254a5622	20defc21	MUSIC/SYMPHONY/M/MOD_MOB
2a4b68fc26941f3f939bc843b6ac28b2	0	399433	player	uade	Soundtracker II - V or compatible	0	55470	42283cee	bf74666d	MUSIC/TRACKER/S/SUNRMX
2a4bbdf0d7f00584f4ae940fd7ec3c7a	1	400699	player	uade	Protracker compatible	0	93106	7c65c725	de9d366d	MUSIC/TRACKER/P/PUSHMAXI
2a5adc41cd13978388a7c4f75e10f9dd	0	150867	player+silence	libopenmpt	Digital Symphony	4	121240	9e7842a3	b1e5ee22	MUSIC/SYMPHONY/A/ANEWJACKTH
2a5bc44f4d75210a8a20b1a744479cbd	0	603341	player+silence	libopenmpt	Digital Symphony	4	170768	106faacc	790bdf5e	MUSIC/SYMPHONY/H/HOLOCAUST
2a9a0bb9aa53662105e14c40745dc381	0	147619	player	libopenmpt	Digital Symphony	4	99412	5bdc4cf7	94039263	MUSIC/SYMPHONY/P/PUREROCK
2aa75e12198c092b64eb075881f5ea3a	0	185700	player+silence	libopenmpt	Digital Symphony	4	79436	1c1701ab	d3d90257	MUSIC/SYMPHONY/C/CLASSIC
2abcfb3a49848ef06fdbd2b991c5218b	0	160560	player	libopenmpt	Digital Symphony	4	86444	64c397af	9713d0ea	MUSIC/SYMPHONY/M/MINDBOMB
2ac4e19a99cb7f7b9670d933cdac96fd	1	309210	player	uade	Noisetracker 1.x	0	232694	a5c1ca1a	e13a3d7e	MUSIC/TRACKER/C/CRACKDAWN
2b6c34f34c3b693390f50f65e31ce24a	1	233407	player+silence	uade	Soundtracker II (15 instr.)	0	67788	c552edf7	34738b3d	MUSIC/TRACKER/D/DREAMWAR
2bb0bb9922ad1617bda7d9c8dd493d11	1	238197	player	uade	Protracker compatible	0	161922	64b3a5b6	56795a3f	MUSIC/TRACKER/P/PUMPUP
2bdb36c3766068bef56989ba4aa014d8	0	360953	player	libxmp	Archimedes Tracker	4	119620	3451ec8e	29a9cf7f	MUSIC/TRACKER/M/MONTY
2bee603d004e7efb9d6eb9ea7bbc854c	0	236819	player+silence	libopenmpt	Digital Symphony	4	100364	7745313b	9d6e518b	MUSIC/SYMPHONY/D/DEEP_SEA
2c0063c79e792ae9499d376ff0f17949	0	299505	player	libxmp	Archimedes Tracker	4	131552	83537594	0d09f765	MUSIC/TRACKER/S/SUBURBIA
2c20589236d46b8ce562dca5f29ebaa2	1	127050	player+silence	uade	Protracker	0	77464	e833326e	94fa6256	MUSIC/TRACKER/D/DANCEREED
2c36e21926f217a388624dd962373767	0	111194	player	libopenmpt	Digital Symphony	4	55960	a54cb1c8	8c5fc636	MUSIC/SYMPHONY/F/FORYOUNG
2c78d4724010e01b733ca35f6287416d	0	169957	player	libxmp	Archimedes Tracker	4	273368	3cf341a4	9459b622	MUSIC/TRACKER/_DIGIT/71HOVERLOD
2c9934be621973e732edf2aded280195	0	145904	player	libxmp	Archimedes Tracker	4	88528	c4661acb	ba7b173a	MUSIC/TRACKER/H/HARLEYDAVD
2ca6a4f278003a05b73027b7b546b1a5	1	211331	player	uade	Protracker	0	10240	1988c471	d37c1558	MUSIC/TRACKER/P/PCO
2cae654cd42beb437438b0205eaf6ad7	0	184045	player	libopenmpt	Digital Symphony	4	249448	b0532c46	27d35e7c	MUSIC/SYMPHONY/T/TOUCHMORE
2cc69b0e1578a1ab7e1d97663f31bc69	0	302321	player+silence	libopenmpt	Digital Symphony	4	92444	82d1ee88	a6434a81	MUSIC/SYMPHONY/I/IGARUN
2cfac6fb87fba91a69fd862dc52bf16e	0	143146	player	libopenmpt	Digital Symphony	4	34340	5d176e70	0a0435d2	MUSIC/SYMPHONY/F/FROGMIX
2d22e1196d5acf108cd80f25af3eb346	0	182255	player	uade	Ultimate-Soundtracker or compatible	0	59068	d567d34a	57d9c2ca	MUSIC/TRACKER/M/MAGNUM
2e215384377abe48b97a90ff93c739c0	1	147411	player	uade	Protracker	0	319462	a131f536	9093c762	MUSIC/TRACKER/D/DORMEUR
2e54e2975ce36e261ff806f1f5e6631d	0	396218	player+silence	libopenmpt	Digital Symphony	4	126580	28a53b3d	9269dac4	MUSIC/SYMPHONY/G/GOAWAY
2eaa8929f3a6c502fc94d9d221f0d3c2	0	97214	player	libopenmpt	Digital Symphony	4	72528	c949d159	f52ca12f	MUSIC/SYMPHONY/XYZ/YOUGOTTA
2edd0e2ce70217304173c719cc5ecc6f	1	138369	player	uade	Noisetracker 1.x	0	57856	38918bee	23bb1ac9	MUSIC/TRACKER/T/THE_ROSE
2ef3c4044f18d88115f8aca70dc09cbc	1	230420	player	uade	Protracker compatible	0	91504	d251db83	541fc673	MUSIC/TRACKER/T/TRAINBEAT2
2f0f469676c8d2c382538a33911dc6eb	1	30824	player	uade	Soundtracker II (15 instr.)	0	40118	76a015a1	c027c111	MUSIC/TRACKER/D/DEMO2
2f300e6c8969a5ca6b26bc5880d43ed3	0	92022	player	libopenmpt	Digital Symphony	4	67032	60c511d1	99077714	MUSIC/SYMPHONY/XYZ/XEMANOID
2f744c187550b04d44b7a212d83d1f56	0	130365	player	libopenmpt	Digital Symphony	4	235908	97b94697	4daf2d99	MUSIC/SYMPHONY/G/GOT_TO_GET
2f8cbe4354f7d5111ea396f9e3d3537b	0	203217	player	libopenmpt	Digital Symphony	4	96176	0e6318fa	57825096	MUSIC/SYMPHONY/M/MADHOUSE
2f9a82b23fab4067ebde82315f72a675	0	3834	player	libopenmpt	Digital Symphony	4	484	fbb0476b	290b4cce	MUSIC/SYMPHONY/K/KBXCRAP2
3002b0be51b027b8c16aeab31f0b10b1	0	207051	player	libopenmpt	Digital Symphony	4	49316	554d049e	74cb946a	MUSIC/SYMPHONY/B/BAD
30338c7b00f10695891f35355aa3ba6e	0	191365	player+silence	libopenmpt	Digital Symphony	4	133868	4e17cf38	aa6f5c58	MUSIC/SYMPHONY/W/WILDTHING
30961e5b4fbba69bcba626918513c41e	1	200645	player+silence	uade	Protracker	0	119746	b5298318	0e3e994e	MUSIC/TRACKER/M/MANDELDUST
3098caca2328113dfe401d3d2810f740	0	204780	player	libxmp	Archimedes Tracker	8	203448	d272c49d	1cf39c87	MUSIC/TRACKER/T/THRASH
30b8fdb686d45fdfe5813cb80cf11fca	0	124704	player+silence	libopenmpt	Digital Symphony	4	102428	007bb69d	86afdccb	MUSIC/SYMPHONY/S/SCREWUP
30bcaede9d9a2e6307a675cdaea9ab31	1	304207	player	uade	Protracker	0	189366	c7bc193b	5167bd36	MUSIC/TRACKER/N/NIGHTMARE2
30c2d4976386c356fbcf7c252087b432	1	116586	player	uade	Protracker compatible	0	31734	2fd19ed8	102e2eb0	MUSIC/TRACKER/M/MIDDLEALTA
30c8f17d1e4b9089328a98efc2f1c63f	0	342529	player	libopenmpt	Digital Symphony	8	98756	fcbb6587	7188a21f	MUSIC/SYMPHONY/R/RAWHIDE
311a1af9cf1ef1b0de933ea6225ad856	0	130552	player	libxmp	Archimedes Tracker	4	50896	4de3088a	2daa2fbc	MUSIC/TRACKER/G/GUITSY
312c9d5c2d3142d787f8981339e71aff	0	291829	player	libxmp	Archimedes Tracker	4	440028	f7a9b9a5	a6e3e00f	MUSIC/TRACKER/N/NEUROLOGY
3138091630b1c3161c1fbeaef75274ad	0	245752	player	libxmp	Archimedes Tracker	4	184128	152b396b	e6f8ffe1	MUSIC/TRACKER/C/CREATIVEHM
3149d227ec5695fe81c5d2c8146126df	0	265304	player	libopenmpt	Digital Symphony	4	82504	77826b4c	fdf2be79	MUSIC/SYMPHONY/I/ICE6
314f6bbb37502ad2ebce1dd5041a42ea	0	214719	player	libopenmpt	Digital Symphony	4	178240	5839a542	63044178	MUSIC/SYMPHONY/V/VOGUE
3190dcef63c2e5eb1fb0150f07adb733	1	53872	player	uade	Protracker compatible	0	158554	a8b940db	4c705313	MUSIC/TRACKER/C/CRYTON
31b25708f0921f3f49434ebe90a7fb30	0	200706	player+silence	libopenmpt	Digital Symphony	8	229284	bdd6febb	7a1bf7d2	MUSIC/SYMPHONY/F/FEELGOOD
31cb33d30468eb61dd06792e09612985	0	84476	player	libxmp	Archimedes Tracker	4	65972	b80ec719	f0962c8c	MUSIC/TRACKER/D/DARKRAVE
31d25871d724cb9e13bb93f2693cc7da	0	207352	player	libxmp	Archimedes Tracker	4	82844	8c77ef6e	05a7cd16	MUSIC/TRACKER/A/ARTOFNOISE
31e9e79ee77ca3a4cfc7063c9f7526c2	0	236472	player+silence	libopenmpt	Digital Symphony	4	63432	9655d5e6	521b19cf	MUSIC/SYMPHONY/Q/QUBIX1
31ec3c566aa465bd3ebabe9d03d37723	0	393091	player+silence	libopenmpt	Digital Symphony	8	169296	70f47a9d	629a986d	MUSIC/SYMPHONY/A/ARMYOFGODS
3210d69411684147b0fd8676ee1c9463	0	53679	player	libopenmpt	Digital Symphony	4	90624	55574562	faade42c	MUSIC/SYMPHONY/V/VOODOORAY
323ca720b3f98214656755a7bfd0c7fd	1	227856	player+silence	uade	Protracker compatible	0	68770	35f4b3fe	4af16074	MUSIC/TRACKER/P/POWERLORDS
3261f0a9c4b1e98632a621107a17cb26	0	166876	player+silence	libopenmpt	Digital Symphony	4	71796	b136489d	ab2b9486	MUSIC/SYMPHONY/T/T_H_C
327b084efecebbc6a08bf7c1766aa46e	0	134927	player	libopenmpt	Digital Symphony	4	55172	dc66e412	95235ffc	MUSIC/SYMPHONY/S/SEXAPHONE
32d448ba1eec7b05147d96c84d738397	0	126531	player	libopenmpt	Digital Symphony	4	146528	f67e3904	415a4f73	MUSIC/SYMPHONY/V/VIETNAM
33158b7454bdbb364788c535cd86b407	0	172542	player	libopenmpt	Digital Symphony	4	42364	2a172552	e9e05ef0	MUSIC/SYMPHONY/N/NEVEREND
331c88aba57285094b9e5477f4691d78	1	148215	player	uade	Protracker compatible	0	65270	8956cde9	5e1221c4	MUSIC/TRACKER/N/NEIGHBOURS
333186976bb5888c960ad8a0ed721ef7	1	404698	player	uade	Protracker compatible	0	150594	f850bb2a	10ae7139	MUSIC/TRACKER/H/HEAVY
3339dd83a1569ad5d3614377451e31cd	0	80519	player	libopenmpt	Digital Symphony	8	124452	fce0361c	b6c54c3d	MUSIC/SYMPHONY/W/WONDERTON
333cec79d0e4e80a9c628e8bef231154	1	187318	player	uade	Protracker	0	112358	ca69702e	db7b934b	MUSIC/TRACKER/T/TOTALREC
3390682dc04a739638587a21774da146	0	184045	player	libopenmpt	Digital Symphony	4	23752	7f7773d4	f61b0070	MUSIC/SYMPHONY/M/MAGNUM
339a99c60f3624d9ef2f970771be9fc1	1	267957	player	uade	Protracker	0	118968	11ea9066	b4514abc	MUSIC/TRACKER/N/NUCLEARTRS
33d4ff65d53314731ae558dd4a3c4a5f	0	181615	player+silence	libopenmpt	Digital Symphony	4	63532	82ca06c2	54482277	MUSIC/SYMPHONY/S/SAHARA
33eb6fd94cac50deb81396615f64edd8	0	324955	player	libopenmpt	Digital Symphony	4	63836	d25a16ea	46fc2f96	MUSIC/SYMPHONY/S/SPACESONG
342470728f9baaaf1f6999a7faf9a028	0	145702	player	libopenmpt	Digital Symphony	4	148744	7f3f0f8a	628b8d81	MUSIC/SYMPHONY/B/BERLIN
34288e62d7803d855778cfb3093cb8a5	0	157438	player	libxmp	Coconizer	4	90272	5456724f	294b83d5	MUSIC/COCONIZER/SONGS/SMOKEONWAT
345fac0a5e4380db5b5220519d3c4579	1	453246	player	uade	Protracker compatible	0	143136	74e3e6ff	68c554ae	MUSIC/TRACKER/M/MADNESS
3472cc1d00ab8ebce74185d85690c26b	0	126012	player	libopenmpt	Digital Symphony	4	52908	cdce8d0b	3ad80ca5	MUSIC/SYMPHONY/T/TUBULAR
3477d9625e3067a1fb9c17a75f5e258a	0	165114	player	libxmp	Archimedes Tracker	4	177172	f44cd264	493b51cc	MUSIC/TRACKER/M/MAGICAL
349f46b9ab796fed86c0615c0a968edb	0	204856	player+silence	libopenmpt	Digital Symphony	4	196768	a22f2ab9	871b6460	MUSIC/SYMPHONY/J/JOURNEY
34b62f7fa46f0240b617e4f2c54a35b7	1	118334	player+silence	uade	Protracker compatible	0	69322	43843a69	baf701c8	MUSIC/TRACKER/N/NUMAN2
34d25da7b7c08c66f0b03bca4c416dbe	1	458370	player	uade	Noisetracker 1.x	0	106408	3f98e787	f3b890da	MUSIC/TRACKER/A/AGONY
34db84963af55430a6f02d27d208dfda	0	134199	player	libopenmpt	Digital Symphony	6	63896	26f2d9f9	c0f1e0f7	MUSIC/SYMPHONY/G/GRIBBLYS
34db84963af55430a6f02d27d208dfda	1	63904	player
34e278fe6ac3cc490ae8c8105b5ccb70	0	118886	player	libopenmpt	Digital Symphony	4	54776	2f4ec9f1	6e210a7b	MUSIC/SYMPHONY/K/KANEISEDO
34ef209206467d200fbb5acc5c5897e4	0	253222	player	libopenmpt	Digital Symphony	4	68920	6d85320a	1a4a9db9	MUSIC/SYMPHONY/J/JS_BACH
34ef209206467d200fbb5acc5c5897e4	1	7668	player
3515ddbbe45274a7baec31256f6a1313	0	93116	player	libxmp	Archimedes Tracker	4	564276	701be6cf	467b7589	MUSIC/TRACKER/F/FEEL
3529d32506b023c4119d2eb7b4ce43fa	0	45108	player+silence	libopenmpt	Digital Symphony	4	39264	d4906540	fb63a966	MUSIC/SYMPHONY/M/MASH
3549e7f0a61f82d6446edd0bfc418deb	1	199797	player	uade	Noisetracker 1.x	0	85378	059087c0	329387c2	MUSIC/TRACKER/H/HEAVYECSTY
35953df16717352cb5d78c0bed01a3ce	0	218554	player	libopenmpt	Digital Symphony	4	92536	2075bb86	5ab87c20	MUSIC/SYMPHONY/P/POWERSTORM
3598d190f0bd5d682e20e4993fa3dc0c	1	219105	player+silence	uade	Noisetracker 1.x	0	104824	633c4f17	6f553c06	MUSIC/TRACKER/B/BEATSCARE
35ad9851194f8a653ca18819d830e4a0	1	180607	player	uade	Startrekker (4ch)	0	80476	ab13f624	b737fb4b	MUSIC/TRACKER/_DIGIT/2ND_ELEGY
35f732eec5e8f13b26ada6b5b078ac28	0	158566	player+silence	libopenmpt	Digital Symphony	4	60988	0818482b	3914f0f3	MUSIC/SYMPHONY/B/BENNYHILL
35f86d1079bdcfe6cc1939f8ed8a1344	1	161397	player	uade	Soundtracker II (15 instr.)	0	101400	c966eefa	4899d901	MUSIC/TRACKER/M/METALSYNTH
35fefb1e354d92df5eb05c05c6197f86	1	188283	player	uade	Soundtracker II (15 instr.)	0	110388	d194e79f	a8c396bb	MUSIC/TRACKER/D/DEMOSMASH
360e114a14b1a9881b3f95048ca79668	1	964002	player	uade	Noisetracker 1.x	0	169920	0e8cde54	fd4f19aa	MUSIC/TRACKER/P/PAPERMIX
362db71e8419e573b2efd99d6e93db52	0	314650	player	libopenmpt	Digital Symphony	4	84364	a832da78	3f0ee804	MUSIC/SYMPHONY/H/HALLUCINTN
364240ad4e4e540f768dd01a7b13f240	1	76920	player	uade	Protracker	0	193750	239f666a	531b5927	MUSIC/TRACKER/G/GULFSONG
364ab74db12d22d49248762c7649549a	1	130693	player	uade	Noisetracker 1.x	0	103506	56515128	43f28e6a	MUSIC/TRACKER/W/WASTELAND
3652156813f9a9ceec2c4590006960d4	1	146045	player	uade	Protracker compatible	0	72368	56b640e3	3aa7c293	MUSIC/TRACKER/J/JAZZID
36684f319334c2dbda1126d7618c98ee	1	264247	player+silence	uade	Protracker compatible	0	130574	4df86e10	df691b5b	MUSIC/TRACKER/J/JACKSON
367754792ccd1c2b2acf181e760a01ac	0	110155	player	libopenmpt	Digital Symphony	4	85400	401f0a40	93adbbec	MUSIC/SYMPHONY/N/NEWAMIGA
36856e787fa88b5916b9582139e0f2da	1	240186	player	uade	Protracker	0	164530	07410cde	55b245ab	MUSIC/TRACKER/T/TAKING
368eb51dec4165c8cf48cd9c110ec433	0	482560	player	libopenmpt	Digital Symphony	4	112828	ca824520	99309fe6	MUSIC/SYMPHONY/W/WANDERER
37355783d2d2bb91e24dce6d69014a73	1	222845	player	uade	Protracker compatible	0	94734	f1a97732	1126b269	MUSIC/TRACKER/M/MASQRADE
37492b8c9447ba1c041cdd9d81bbd2c9	0	319546	player+silence	libopenmpt	Digital Symphony	4	242476	d4a816e1	20644b86	MUSIC/SYMPHONY/P/PANDEMIC
3757cf3ddc2f34375b8348d4a600fd07	0	233916	player+silence	libopenmpt	Digital Symphony	4	328944	3d2b215e	43520ace	MUSIC/SYMPHONY/W/WHOELVIS94
377a21eaf325a94cb27de5ff39980ea9	0	222704	player	libxmp	Archimedes Tracker	4	98772	847e9cba	dc88a2e7	MUSIC/TRACKER/A/A_MANGER
37ac870464d026746327e3edce63e0fc	0	187640	player	libopenmpt	Digital Symphony	4	61260	54cf1982	a3c45ede	MUSIC/SYMPHONY/I/ITALIA
37d8f4ea881331deca35afef85d383b9	0	241034	player+silence	libopenmpt	Digital Symphony	4	59908	4ccb1513	853f3c5c	MUSIC/SYMPHONY/_DIGIT/1081
38065acf6455c9476154bae172371bd0	0	153730	player+silence	libopenmpt	Digital Symphony	4	300844	7c803566	f5518705	MUSIC/SYMPHONY/N/NYA_TAKTER
380fa3ecf57caa953e1cfbc050b80454	0	164790	player	libopenmpt	Digital Symphony	4	145664	239df114	fa6759be	MUSIC/SYMPHONY/M/METALJAM
38389fcd9d6c638e98374e146dd8af88	0	207051	player	libopenmpt	Digital Symphony	4	303168	ed20027c	35f06103	MUSIC/SYMPHONY/N/NEW_MIX
383b5d035051011dcf0679150f569568	0	363714	player+silence	libopenmpt	Digital Symphony	4	138024	d68144be	9ef53b3c	MUSIC/SYMPHONY/S/SUBSTANCE
38413834167d3d8aec3e6eb9cb829f5b	0	113614	player	libopenmpt	Digital Symphony	4	389332	eca454de	59816554	MUSIC/SYMPHONY/A/ALIENS
384379f330d81b9271695b4a8aec5224	0	416139	player	libopenmpt	Digital Symphony	4	141276	8b4ef885	1f4434eb	MUSIC/SYMPHONY/T/TABLE1
38eb01c0a0f2c917abf384c350592e84	0	137947	player	libopenmpt	Digital Symphony	4	599820	675969c8	9da22c55	MUSIC/SYMPHONY/M/MRVAINRMIX
38f4ec1b2e1e75afbf368ae66353c4dc	0	122876	player	libxmp	Archimedes Tracker	4	63756	75023618	0a4d695e	MUSIC/TRACKER/H/HUBRIS
3930a20a10df94e0163e3ad39cad98da	1	237992	player+silence	uade	Protracker compatible	0	145088	4ff075d1	e136052a	MUSIC/TRACKER/N/NEXUS_6
394d7024099ed5341c19ff356001b153	0	169707	player	libopenmpt	Digital Symphony	4	206584	629f1c96	d1baac5f	MUSIC/SYMPHONY/_DIGIT/7THOVERLOD
3982bbfc9fbb3a7cb2fe222d20cda9d1	0	191980	player	libxmp	Archimedes Tracker	8	239340	81d14056	3bb56d8c	MUSIC/TRACKER/F/FANTASIES
398cbdc1fb9ba9f299950d8f80832409	0	264942	player	libxmp	Archimedes Tracker	4	147408	a4e4e1ff	7506466b	MUSIC/TRACKER/R/ROCKYMOUNT
39a465c823bb5f7ed420b0db919fe4e3	0	490788	player	libopenmpt	Digital Symphony	4	54804	0a47feef	21157294	MUSIC/SYMPHONY/S/SYSTEM
39a95a6d02e3eb11172ef9b7f85054f1	0	328846	player+silence	libopenmpt	Digital Symphony	4	158248	d85ce67c	1b033dcb	MUSIC/SYMPHONY/O/OOOOERR
39df95810be0203098dd59c7a1ffe3b7	1	90997	player+silence	uade	Protracker compatible	0	77330	1d9d093d	a9c06dd9	MUSIC/TRACKER/D/DS9A
39f340b966c4d3f1b25d32be351e1acd	0	305484	player	libopenmpt	Digital Symphony	4	259576	ad038a6d	37111aa9	MUSIC/SYMPHONY/S/SPACEDEBRI
39f67310a0e3a702f7b92c796d84e0e3	1	199797	player	uade	Soundtracker II (15 instr.)	0	54544	3305b983	164c165f	MUSIC/TRACKER/C/CEBIT
3a0931a9d7af20825f6c2c4b6c7042ba	1	107182	player	uade	Protracker	0	93438	6469f2c1	85ea6e0b	MUSIC/TRACKER/O/OPERMX
3a19333e5f2ec0f70773a8aedf0d3009	1	376466	player	uade	Soundtracker II (15 instr.)	0	102284	13a79167	cc7bfdde	MUSIC/TRACKER/E/ERASURE
3a2f247cea3d692b9a91af5a0e48e6f9	0	61348	player	libopenmpt	Digital Symphony	4	34468	9cfe48e1	c7eecd71	MUSIC/SYMPHONY/H/HYMN
3a430fb8b78e53f64c1bccffd82130ab	1	89720	player	uade	Protracker compatible	0	85920	788bd704	496d2f73	MUSIC/TRACKER/B/BEAT
3a48b1ff204ad8180223b61c2bebf5a9	1	61568	player	uade	Soundtracker II (15 instr.)	0	52514	7eb12fd7	3d1314e2	MUSIC/TRACKER/T/TEDDY
3a80c45fbd8ac0c084cc384479dc26ee	0	187198	player	libxmp	Archimedes Tracker	4	64756	9a63903d	fc88850b	MUSIC/TRACKER/A/AFTERRAIN
3ac6146099f4dd6a7158a38c460ac893	1	92031	player	uade	Protracker	0	293534	02ab0936	5e106882	MUSIC/TRACKER/O/OLDETCIWON
3b45420ed5c07d625c97d3c7bcc5f5b1	0	198109	player	uade	Ultimate-Soundtracker or compatible	0	53592	9c7dff37	febb32fe	MUSIC/TRACKER/F/FINALTFD
3b58e11a111556d9437dc137b3729269	0	239283	player	libopenmpt	Digital Symphony	4	37632	8749681c	ac9b610b	MUSIC/SYMPHONY/A/ALPHAOMEGA
3b9b3c8767d3916bca137b8603742b48	0	159990	player	libxmp	Archimedes Tracker	4	117872	353afd02	e6b5937d	MUSIC/TRACKER/A/ANARCHY_2
3bab4536cba56317540917f7d25306fa	1	169093	player	uade	Protracker	0	66066	4f2ed370	fb4472ff	MUSIC/TRACKER/G/G_B_U
3c3c3bbc51ce6bcbace372b00e28abd8	0	206271	player+silence	libopenmpt	Digital Symphony	4	186688	2979a5c4	b38d7a84	MUSIC/SYMPHONY/C/CONDOM
3c4df1acf440fa2335cc7e3a8c97101d	0	80638	player	libxmp	Archimedes Tracker	4	45432	b4042eeb	4393fc0c	MUSIC/TRACKER/B/BATMAN
3c8b81ce59264057dc030f17accb7177	1	158845	player	uade	Protracker compatible	0	120558	8238cad4	91d2bd52	MUSIC/TRACKER/S/SPECIAL
3cf5ed1bf656f4b2b6f726b19d97e09e	1	207955	player	uade	Protracker	0	103892	13f3235f	974bd662	MAGAZINES/_RISCMAG_2/RESOURCES/MUSIC/TUNE1
3d3b0a2fd05bd3ebf9cb502dcb7b0eb8	0	311586	player+silence	libopenmpt	Digital Symphony	4	242204	dff76764	f520d5e0	MUSIC/SYMPHONY/A/AKIRARAVE2
3d47bb82c36982ff49410e48b4d5d367	0	184304	player	libxmp	Archimedes Tracker	4	85988	ae9d3897	24a303cf	MUSIC/TRACKER/C/CUCUMBER
3dbaa4cdd634b1fa7d8ef6a0bedd2ce0	1	276436	player+silence	uade	Protracker compatible	0	232294	edf70a66	aa1f6bea	MUSIC/TRACKER/O/OCCSANGE
3de8f6ba5d58da4b268362f5f0fd9f38	0	193548	player	libxmp	Archimedes Tracker	2	557268	25a10143	aa6555dd	MUSIC/TRACKER/G/GYPSYWOMAN
3e167bb04e464dcf772ae9ba48b09c0b	0	208908	player	libopenmpt	Digital Symphony	4	189620	0190acd4	3a1dffdb	MUSIC/SYMPHONY/B/BATMEAT
3e4b22c5c4774dadadaaf81db1e30992	1	172931	player	uade	Protracker	0	71778	46c18856	897d22a5	MUSIC/TRACKER/J/JAGTITLE
3e5ca40e4cb724559d75e70638ac0a53	1	138485	player+silence	uade	Protracker compatible	0	228156	82e08de3	95649e1e	MUSIC/TRACKER/E/EUROVISI
3ececaf218ad9043c1c1024bbea79141	0	299299	player+silence	libopenmpt	Digital Symphony	4	89400	8e73427d	6db86e7e	MUSIC/SYMPHONY/S/STEREOGAS
3ed088cbaed98c8c925f41b0fa6a7aa0	0	119821	player	libopenmpt	Digital Symphony	4	103396	2719d7c8	00f27e70	MUSIC/SYMPHONY/O/OD3
3ee243d8c79796c03640178c07b698d4	0	316328	player	libopenmpt	Digital Symphony	4	82052	fed33fe0	a80d771d	MUSIC/SYMPHONY/H/HARDSTUFF
3f1a8ec29fd0c7d5b32f47d653bee49f	0	244809	player+volume	libxmp	Archimedes Tracker	8	154300	9529476e	a1d241d0	MUSIC/TRACKER/O/ORCSLAYER
3f422ea3fe98c02c60ceae98958b0a3e	0	132921	player	libopenmpt	Digital Symphony	4	94016	05ea1282	0058e161	MUSIC/SYMPHONY/W/WALKOFLIFE
3f6fd4f174a2bf55ba9de14e01881c4e	1	99968	player	uade	Soundtracker II (15 instr.)	0	63516	030ed195	285723ae	MUSIC/TRACKER/O/OTTIFANTEN
3f9df7e063f55627244969f390f68a1e	0	301089	player+silence	libopenmpt	Digital Symphony	4	207392	4e750c4e	65214515	MUSIC/SYMPHONY/G/GODOFHELL
3fb3258ea0aa11248bd11880da112181	0	126731	player	libopenmpt	Digital Symphony	4	94505	8ca8ae46	a63ce123	MUSIC/SYMPHONY/P/POTBLACK
3fd51c26870175913270145ef8eaec3c	0	208266	player	libopenmpt	Digital Symphony	4	233712	037f1b7f	f7ce090f	MUSIC/SYMPHONY/G/GETFRAZY
3ffdf5f2f0db421619b2c521169bbadf	0	257587	player+silence	libopenmpt	Digital Symphony	4	76720	40b36f04	68227bb6	MUSIC/SYMPHONY/M/MAGICTUBES
401c8b05ca869adfbc2933deaca0fe5e	0	199382	player	libopenmpt	Digital Symphony	4	51952	66b964f1	96b8fb41	MUSIC/SYMPHONY/H/HEAVYECSTY
401ce1868ea930b728c7f6863465b954	0	65182	player	libopenmpt	Digital Symphony	4	138252	5b3fd3c2	16204a78	MUSIC/SYMPHONY/C/CRYBABY
4023d94c464df04d60ae0cd92d025c81	1	230037	player	ft2play	Fasttracker (M.K.)	4	270370	f1209a44	41f1def1	MUSIC/TRACKER/L/LITTLEBEAR
402970f9f9e6b33b77a6655c8d73c1ce	0	203217	player	libopenmpt	Digital Symphony	4	120064	5316bbd6	38cba743	MUSIC/SYMPHONY/S/SOFTROCKIN
404fae950eafb6016d80a6c46f051531	0	182213	player+silence	libopenmpt	Digital Symphony	4	134824	2f24d074	0c71ab7b	MUSIC/SYMPHONY/C/CHROMEDES
40d097dc1b107ae8e1aedebc9204fe67	0	299114	player	libopenmpt	Digital Symphony	4	69068	ff67a39b	6f9d55fe	MUSIC/SYMPHONY/H/HANGGARDEN
4100dcd129b2a0116e7f3c0ddb6f30c7	1	201404	player	uade	Soundtracker II (15 instr.)	0	172918	8c2aff29	bbb9b8b5	MUSIC/TRACKER/D/DOCKLANDS
4103bec8b1b5a6902742a9251354f7a6	1	225397	player	uade	Noisetracker 1.x	0	85208	84b7c194	051b9144	MUSIC/TRACKER/P/PLANTARIUM
41268d3b3f29fdb4561aa7d4006e3e1d	1	48125	player	uade	Protracker	0	80808	daa522c9	3a8161b1	MUSIC/TRACKER/D/DRWHOFINL4
415131c0efbb2ff7636183a545639eac	1	222845	player	uade	Soundtracker II (15 instr.)	0	90150	f8704af0	3b0e12cb	MUSIC/TRACKER/S/SADHOUSE
419cfda2823710ea10a0a4e948682809	0	170459	player	libxmp	Archimedes Tracker	4	200624	db4cf491	d2f616a9	MUSIC/TRACKER/XYZ/YOAFRICA
41a20d3f5041aa0bb23cd71786edc1f6	1	153196	player+silence	uade	Soundtracker II (15 instr.)	0	155090	4c4174f6	ac4ea9d3	MUSIC/TRACKER/T/TIEDUP
41b5a7fab0cb4ef8f93baa629a4991a9	0	291003	player+silence	libopenmpt	Digital Symphony	4	239332	f4f48232	7a53b07e	MUSIC/SYMPHONY/E/ELMSTREET
41f62fc5284215ffec68a0d5c9b0bc96	0	75150	player+silence	libopenmpt	Digital Symphony	4	248532	6822d598	e2afe54b	MUSIC/SYMPHONY/G/GOTTALOVEU
41f6f7787d635d67d1d4855f9c8b47e1	0	71314	player	uade	Ultimate-Soundtracker or compatible	0	15820	39fbebd8	2f3eca46	MUSIC/TRACKER/B/BLIZZARD02
4203db71f61a6d1c64c7f74a698babc1	0	161039	player	libopenmpt	Digital Symphony	4	96464	4603b4ad	9dbbe1dc	MUSIC/SYMPHONY/N/NONSENSE
423951c6677138f47bcfbebec1c1e926	1	275461	player+silence	uade	Protracker	0	163738	d2103f5e	4e631db3	MUSIC/TRACKER/S/SCRAMBLE
425128a3ac03e2030349ca96ff830415	1	637350	player	uade	Protracker (vblank)	0	224288	b46a3bc4	2cc9d3ae	MUSIC/TRACKER/K/KLISJE
42a501a395cd8e26aa7450a1a2520c04	0	83076	player	libopenmpt	Digital Symphony	4	27788	cd34eeba	3a87598b	MUSIC/SYMPHONY/S/SHOPTUNE
42a501a395cd8e26aa7450a1a2520c04	1	19171	player
42a501a395cd8e26aa7450a1a2520c04	2	6690	player
4303ef10bf4a0fe0077a3fe36e688872	1	222845	player	uade	Protracker compatible	0	167888	3d82d40c	47e56c11	MUSIC/TRACKER/T/THE_DARK
43150654754c2f92cd4b41bc1c63d6df	0	184304	player	libxmp	Archimedes Tracker	4	111920	b8b40de4	2a9fbb5e	MUSIC/TRACKER/S/SPACEWORP
43210d9055437d60d9b99db8cfbb3d4d	0	46011	player	libopenmpt	Digital Symphony	4	62916	9ad70e68	fb148686	MUSIC/SYMPHONY/S/SAA_ER_DER
432ebd95e3ea619257390eb57e3c4fd1	0	207051	player	libopenmpt	Digital Symphony	8	61868	231449fe	79b179bc	MUSIC/SYMPHONY/S/SMOOTH
4349437ee4ba1eebeefa2f733ad24a89	0	61428	player	libxmp	Archimedes Tracker	4	62256	338bf1e9	79520ce3	MUSIC/TRACKER/G/GENERATION
43c1435ed71345692cc4324296608ef5	0	273056	player+silence	libopenmpt	Digital Symphony	4	105296	35d22980	d83e9d40	MUSIC/SYMPHONY/F/FREEDOM
442198f45afb48ae67d4a515370e208f	1	123076	player+silence	uade	Soundtracker II (15 instr.)	0	75604	cea206c6	51f498ea	MUSIC/TRACKER/D/DIABLO
4428e4930ab401a0ffa029d287b70f8b	0	61428	player	libxmp	Archimedes Tracker	4	54360	55bc4bb1	b437a0d0	MUSIC/TRACKER/B/BIGBUSINES
447c405b385f40c0dd679cf24c7ad765	0	153371	player	libopenmpt	Digital Symphony	4	104852	2043dd40	3e32d382	MUSIC/SYMPHONY/U/UTTERWEIRD
4480aba08d451ee0b57236a2d5921511	0	38380	player	libxmp	Archimedes Tracker	4	246280	9ceaf460	a4c5b46b	MUSIC/TRACKER/H/HITMIX
4488685be6b98d34b26428ad68c25fe0	0	78876	player	libopenmpt	Digital Symphony	4	323844	95a62cd8	9dab778d	MUSIC/SYMPHONY/R/RAGGATIP
44eb10ee6f7a516ea41c3c7736c63cab	0	122876	player	libxmp	Archimedes Tracker	4	96280	7a91fabb	2510f591	MUSIC/TRACKER/D/DO_IT
4515f48188250bc07ddc5ef66bdb2b93	0	99691	player	libopenmpt	Digital Symphony	4	26792	afc51056	ae1b401f	MUSIC/SYMPHONY/L/LEAGUE
451f2abfb03d7de40ae3b7df3c61a44d	1	246838	player	uade	Noisetracker 1.x	0	78188	ff35ee33	882ddfe0	MUSIC/TRACKER/L/LOWALTITUD
453eb12039dcf32767b1121a87d7d1b2	0	253428	player	libxmp	Archimedes Tracker	4	79176	5cff8c4c	76b76fa1	MUSIC/TRACKER/S/SNARESLIDE
456edaccec806c527db6898f1a987e54	0	122697	player	libopenmpt	Digital Symphony	8	59160	644e1f88	2c07eac3	MUSIC/SYMPHONY/F/FORGOTMEM
4584d200556204ca8c080d36a7b2a3c6	0	262190	player	libxmp	Archimedes Tracker	8	413644	41c364ed	8e4eeeb8	MUSIC/TRACKER/S/STRESSPILL
45eca657d6b7cf23db200bb351566b4a	0	139951	player	libopenmpt	Digital Symphony	4	110168	5c33da19	8ca41eaf	MUSIC/SYMPHONY/L/LIVINPROOF
460c5b1f382a17c1a5cd2e5a2bf172e1	0	76685	player	libopenmpt	Digital Symphony	4	54876	aaaab104	d12adabc	MUSIC/SYMPHONY/S/SADHISTORY
460f34f280237ff087d0cd1fca6ebe8b	1	238197	player	uade	Protracker compatible	0	115904	5f89434e	0c33a57b	MUSIC/TRACKER/N/NUCONTROL
4673bef9f42d2034703a6bea6fedfa58	1	192141	player	uade	Protracker compatible	0	74376	67ec8de9	83dafe40	MUSIC/TRACKER/R/RSM_BOYS
46c3045b242b0a76bb6252faec41a60e	0	322079	player	libopenmpt	Digital Symphony	8	123084	57a20060	a1b65c55	MUSIC/SYMPHONY/XYZ/XTHEME2
46efc10014b320ebb5fe54c1384f9808	0	319523	player	libopenmpt	Digital Symphony	4	63224	6d7abfef	04a563a3	MUSIC/SYMPHONY/M/MYWAY
473e372ba59eab89333d098e39d555f4	0	178557	player	libxmp	Archimedes Tracker	4	287520	dfbf2db0	4fb628dc	MUSIC/TRACKER/M/MOONDANCE
478b2cc052a9f9f2b222cd9e93d168e4	0	394550	player	libxmp	Archimedes Tracker	4	145676	223b7963	a9dac8a3	MUSIC/TRACKER/B/BLUE3
47973ae5896406f1709288c4a05198c5	0	153371	player	libopenmpt	Digital Symphony	4	50952	6b8aad81	2f071728	MUSIC/SYMPHONY/XYZ/YORTRACED
479c85b4136a74ed51ca5170abfa30cc	0	208875	player+silence	libopenmpt	Digital Symphony	4	84668	0b653281	bd460e27	MUSIC/SYMPHONY/S/SENDMEANGE
479e42f54015e0338511b144a333cf53	0	307940	player	libopenmpt	Digital Symphony	4	78948	5903cb5b	3d4077c6	MUSIC/SYMPHONY/XYZ/XMASMIX
47c80afeffaabb283cea743ae9fdb974	1	115321	player	uade	Startrekker (4ch)	0	164224	04d6b871	63b4f184	MUSIC/TRACKER/W/WEAPON
4803fdf3eacdb1fe8df6e35337a7b072	1	44910	player	uade	Protracker	0	24690	0a87ace1	b7b3590b	MUSIC/TRACKER/A/AGONY3
48075fe909b0f9729a2cbb9c6f8ca14d	0	374847	player+silence	libopenmpt	Digital Symphony	4	125344	f3eb2a73	7bffd5a5	MUSIC/SYMPHONY/_DIGIT/1234ROCK
480bfe272ceb252632f02afa4b3a863a	1	153721	player	uade	Noisetracker 1.x	0	118024	908b19c7	81c1877e	MUSIC/TRACKER/F/FLORANTA
4844262cc7961a05dc2cc427cb9a54df	1	107645	player	uade	Protracker compatible	0	52720	97c669b1	8a81b66e	MUSIC/TRACKER/_DIGIT/808BEATS
485e4e64d4c1cdcc4e8b669918f13bb2	0	197351	player+silence	libxmp	Archimedes Tracker	4	63328	0fa7ffeb	c60eb0a6	MUSIC/TRACKER/D/DEADLOCK
4883efa06e7a2f347e7372572f5a45b8	0	275869	player+silence	libopenmpt	Digital Symphony	4	108428	7bb8ba2d	d07fdced	MUSIC/SYMPHONY/O/OCC
4894671e59406af5bd9fc3f9267c4579	0	411577	player+volume	libopenmpt	Digital Symphony	4	140196	85aeb200	20fffa19	MUSIC/SYMPHONY/R/RAINYNIGHT
490a490b4f623ed8a4611212bc18ef28	1	249490	player	uade	Noisetracker 1.x	0	211422	d65b78ff	d4390346	MUSIC/TRACKER/R/RISE_UP
492b7a8bd477f8ec34b46598bed966e3	0	230380	player	libxmp	Archimedes Tracker	4	98464	d4edc5c6	08f1516b	MUSIC/TRACKER/C/COSMIX
49406259ef639bec2ef602e1661c7266	1	117872	player	uade	Soundtracker II (31 instr.)	0	69762	747d4aa3	46b82dfd	MUSIC/TRACKER/E/ENGURA
49911c605979dfaef8da7ae706815d37	0	182128	player	libopenmpt	Digital Symphony	4	128192	90cb4fc0	5cb13ba6	MUSIC/SYMPHONY/A/ARKHAM
4996a2c08c984bdd602c3ff3e1911c05	1	199576	player	uade	Protracker compatible	0	748404	7ab72a6d	081e794e	MUSIC/TRACKER/J/JAMES
499fbee1be6fb507ff2b9d97a78252e3	1	144317	player	uade	Protracker	0	83634	037b3c46	fbf7eaad	MUSIC/TRACKER/M/MILITARY
49f7f6ff2917c4c845c8a67087f94a15	0	184045	player	libopenmpt	Ultimate Soundtracker 1.0-1.21	4	64832	63d3a20b	d04aec00	MUSIC/TRACKER/S/SUPERACT1
4a0ff673f779fdf5b100f81bba8b67c2	0	241914	player	libxmp	Archimedes Tracker	8	123424	0fb19289	e24f2713	MUSIC/TRACKER/E/EROTIC
4a15aae38f0590cac5494947ddfdf17b	0	324180	player	libxmp	Archimedes Tracker	8	193428	689e28a4	112b77fe	MUSIC/TRACKER/T/TEKNOANIA
4a47e4f17d04516b347842f630d72626	1	238197	player	uade	Protracker compatible	0	131668	1f37be41	81cb6c40	MUSIC/TRACKER/M/MINOANWAR
4a632c41053500496d8c9999ab8bfba6	0	215045	player+silence	libopenmpt	Digital Symphony	8	111508	c3c15b4a	d0ca5812	MUSIC/SYMPHONY/A/ACIDHOUSE
4a7f9492e79fdf5038f63bb1e0f11a78	0	148074	player	libxmp	Archimedes Tracker	4	81188	3cdd7ace	8d7011e6	MUSIC/TRACKER/F/FIREFLYMIX
4aa8abe5002300f6a1485c0796e5483a	0	252075	player+silence	libopenmpt	Digital Symphony	4	104368	c18806c6	758235ad	MUSIC/SYMPHONY/G/GALAXYII
4abcd03a7f4297a3f174c53ead2499c0	1	160549	player+silence	uade	Protracker compatible	0	76604	3b9592c2	7ad3b9e5	MUSIC/TRACKER/L/LIKE
4acb3b387da8ce757e489a6270ba9c04	1	216435	player	uade	Soundtracker II (31 instr.)	0	60064	7fae0810	854b66ef	MUSIC/TRACKER/C/CAGHOT1
4b8b916c90cdbf728fe2376576756d9e	0	132522	player	libopenmpt	Digital Symphony	4	366076	731c1ebc	0388b240	MUSIC/SYMPHONY/T/TRUMPTRAVE
4ba76512db8acae175cd935bc7035abd	1	92272	player	uade	Protracker compatible	0	53228	acf64058	4db7d1a1	MUSIC/TRACKER/R/RAINBOW
4bbe6b924ed8a844713f6db98a2906e3	0	164874	player	libopenmpt	Digital Symphony	4	72080	b8cdcc38	92046065	MUSIC/SYMPHONY/T/TENGU
4bbe6b924ed8a844713f6db98a2906e3	1	15337	player
4c139d4f135344359608705637380f59	0	250876	player	libxmp	Archimedes Tracker	4	85776	44b9c990	f7740a52	MUSIC/TRACKER/A/ALPHAVILLE
4c1ac1734a16dd62dbeb5efbd18187d3	0	276068	player	libopenmpt	Digital Symphony	4	94752	389b1dc3	571262e3	MUSIC/SYMPHONY/W/WAGGLE
4c1ac1734a16dd62dbeb5efbd18187d3	1	7668	player
4c361ac1c91d2745ecf4a0d6de1d3bb3	0	115028	player	libopenmpt	Digital Symphony	4	70216	926bcc76	cd66a507	MUSIC/SYMPHONY/T/TAEKKNO
4c808db7bf44e1800171f8cc85082ebf	1	192141	player	uade	Soundtracker II (15 instr.)	0	59320	999b48d9	cf9e2d28	MUSIC/TRACKER/C/CAMBOD
4c808db7bf44e1800171f8cc85082ebf	1	192141	player	uade	Soundtracker II (15 instr.)	0	59320	999b48d9	cf9e2d28	MUSIC/TRACKER/G/GO_FOR_IT
4c944a81be32c6091b08f79a3badbc1d	0	237414	player+silence	libopenmpt	Digital Symphony	8	132444	6a560d3b	df61365f	MUSIC/SYMPHONY/J/JUPITER
4ce7387cf12b44ab01c23ef32274eb85	1	182006	player+silence	uade	Noisetracker 1.x	0	91456	949ddd55	4bc78d80	MUSIC/TRACKER/S/SAHARA
4d1b5311a565e1c81f28ae5a2501cfc0	0	101395	player	libxmp	Archimedes Tracker	4	41256	963fc596	99ef3ffd	MUSIC/TRACKER/G/GSCFANFARE
4d30aca0e7d89e372ad9154ef4ea6512	0	286852	player	libopenmpt	Digital Symphony	4	170684	fbf6410a	6d38d7dc	MUSIC/SYMPHONY/T/TOMSDINER
4d471b3526070ff4a2d0631dcc1899ed	1	416654	player	uade	Protracker compatible	0	223940	df04536b	b4a14bfa	MUSIC/TRACKER/M/MYTUNE
4d9bcbdc3da701080493a31d8b25ec0b	1	345561	player	uade	Protracker compatible	0	99520	420a017b	5d17c592	MUSIC/TRACKER/I/IMPOSSAMOL
4dcafb634e48648cacc1230e61d74407	1	375669	player+silence	uade	Noisetracker 1.x	0	207872	c8157911	a476e1e7	MUSIC/TRACKER/R/RAG
4deaa20312daa9a271c79a5a0540bf3d	1	244607	player	uade	Soundtracker II (15 instr.)	0	58672	eddc5e32	90efc542	MUSIC/TRACKER/B/BURNING
4e0a4917ee3457bb7d20dc5c628c938e	0	702716	player	libxmp	Archimedes Tracker	4	144068	d3517aed	5276c066	MUSIC/TRACKER/P/PROGFUNK
4e549858acc6bb4ff9d34ed7a21517f4	1	259336	player	uade	Soundtracker II (31 instr.)	0	150454	0c275a1a	20e0fc1d	MUSIC/TRACKER/A/AIRPORT89
4e62056f952c1cffd1dca6bd0e90f7df	0	322553	player	libxmp	Archimedes Tracker	8	118340	9136ad30	dce8b36f	MUSIC/TRACKER/R/ROUNDBOUT
4e84e4d7f571fb3c216738d75ef36acc	1	192141	player	uade	Protracker compatible	0	190698	5c9e2079	466142d3	MUSIC/TRACKER/F/FREEGUITAR
4e8f051700cbedfc0198ea42577ac768	0	343487	player	libopenmpt	Digital Symphony	4	100104	9ebd6168	95cc9ae8	MUSIC/SYMPHONY/P/PLANETS
4e9095f45436a56e5297d88112b3fd64	1	69224	player	uade	Protracker	0	58994	c8e76b4c	fb86ddba	MUSIC/TRACKER/T/TECH3_1
4e92b6bfd2bebe8f2d34ec9ce19d7037	0	122697	player	libopenmpt	Digital Symphony	4	87652	edc450b7	97081377	MUSIC/SYMPHONY/H/HOUSE
4e9c7aa1c2228f6559bf8ce072271448	1	90283	player	uade	Protracker compatible	0	91299	1c08920a	91df5851	MUSIC/TRACKER/E/EVRYBREATH
4eb19cab8eb52a6e175ee7a3c57ee49a	1	138369	player	uade	Protracker compatible	0	84210	f027f63b	44628f75	MUSIC/TRACKER/S/SALUTE
4eb5f7642c9fe9b77ce0a4485c5b8817	0	168972	player	uade	Soundtracker II - V or compatible	0	88908	2e057d80	8e1789d8	MUSIC/TRACKER/D/DREAMDOG
4ebf4f730e7f1800cf9a0026a636f79d	0	247661	player	libxmp	Archimedes Tracker	4	89276	95f2db77	ab2553de	MUSIC/TRACKER/S/SPACEHOUSE
4ec15ff3e0c64485d5671d27d8247eab	0	223485	player+silence	libopenmpt	Digital Symphony	4	82340	8a5d5653	14fc9081	MUSIC/SYMPHONY/D/DIG_EXTASY
4efbae42e88bc75280d050d2d323513a	1	80758	player	uade	Soundtracker II (31 instr.)	0	54822	43dc66f5	524b1fb9	MUSIC/TRACKER/C/COMFORT
4f291031b8c56f83a7516d9041c2aebc	0	268780	player	libxmp	Archimedes Tracker	8	145772	8079d747	db45346e	MUSIC/TRACKER/E/ELECREACT1
4f34ec7da28586ff8df0f63e26b42874	0	51180	player	libxmp	Archimedes Tracker	4	14912	04fe53a7	20bdde39	MUSIC/TRACKER/V/VIOLENT
4f70c9a8ab88f575f94f36722042f107	0	265344	player	libxmp	Archimedes Tracker	6	130784	83d1252b	fd65ce6a	MUSIC/TRACKER/V/VIENNA
4f7276312518fcfabb17d4417c2697d8	1	192141	player	uade	Protracker compatible	0	108310	779a391a	6db23704	MUSIC/TRACKER/N/NIGHTLIGHT
4f85ac1aabde26df5268cfde6dc5d318	0	345085	player	libopenmpt	Digital Symphony	4	76216	a9cbb761	9c9e6d41	MUSIC/SYMPHONY/S/SUSPENSE
4f91f03d7b85e822f10466054e85c4e4	0	161276	player	libxmp	Archimedes Tracker	4	348200	13899b58	54ed175d	MUSIC/TRACKER/B/BATMIX
4fba5339d03cced1316d87eff8eb3314	0	338113	player	libopenmpt	Digital Symphony	4	141600	b9cdc27c	4fbcd06c	MUSIC/SYMPHONY/C/CHAIRWALK
4fd3d09140e5f618c8ac394d314dd520	0	280716	player+silence	libopenmpt	Digital Symphony	4	154700	8d6f64fd	ad792b08	MUSIC/SYMPHONY/M/METALMOON
4ff0b85296f3ac403fe8f7f2fd8fd5f3	0	381666	player+silence	libopenmpt	Digital Symphony	4	138952	7e6b59b9	41112d78	MUSIC/SYMPHONY/I/IWANACUDAN
500a2c272dab25eed2de45485fc78386	0	122876	player	libxmp	Archimedes Tracker	4	382464	75f8e337	f04ee01f	MUSIC/TRACKER/A/ANARCHYGA
500a2c272dab25eed2de45485fc78386	0	122876	player	libxmp	Archimedes Tracker	4	382464	75f8e337	f04ee01f	MUSIC/TRACKER/S/SPOOKY3
500b3a1757cc5aeffea46ed0d3894e9c	1	192764	player	uade	Soundtracker II (15 instr.)	0	103068	1f6b4908	74d0a3a3	MUSIC/TRACKER/C/CROCKETSTM
501f804f9f53a7f9075bd19b18f726e5	0	188882	player+silence	libopenmpt	Digital Symphony	4	114336	637ace57	eefc87d3	MUSIC/SYMPHONY/W/WARHEAD
5044845e54fd3f3a9016a897353a644c	0	168708	player	libopenmpt	Digital Symphony	4	50532	eff15732	6d1cb843	MUSIC/SYMPHONY/W/WESTERNTHM
508b0fa3479051871113d25c71f952d3	0	217419	player	libxmp	Archimedes Tracker	4	157200	2d24cfd7	55390732	MUSIC/TRACKER/I/ITSACID
5091c22f0e1b0eadc05b78cef4260e65	0	369593	player	libxmp	Archimedes Tracker	4	89164	68e80f8f	3f67ab91	MUSIC/TRACKER/C/CMASTER2
50cadcd1963563097c56f813bffc62fe	1	132360	player	uade	Protracker compatible	0	263744	859800cc	ea0f4d53	MUSIC/TRACKER/B/BAT_DANCE
50de76f30c61e3e0bafee3981a6776ff	0	591291	player+silence	libopenmpt	Digital Symphony	4	114872	407ad279	ac4b501e	MUSIC/SYMPHONY/H/HYSTERESIS
5144d280d89c5cb7b25e509102712b86	0	61348	player	libopenmpt	Digital Symphony	4	17692	b06211d5	74570850	MUSIC/SYMPHONY/B/BLUEPETER
515987d521ab6479b72cd1924b044035	0	176359	player+silence	libopenmpt	Digital Symphony	4	102248	b4ebbbe0	accff8b9	MUSIC/SYMPHONY/R/RAG
51a7bf3f1dba134fe1e0194b1f289b34	0	135201	player+silence	libopenmpt	Digital Symphony	4	205668	e430257c	abafdd2a	MUSIC/SYMPHONY/P/PYTHON2
51aeff0e2cff4e306dfcc0d1364534ac	1	253730	player	uade	Protracker compatible	0	108606	ca31f6d6	73483b5a	MUSIC/TRACKER/J/JS_BACH
51ec5f43dd7e3e06c3ab0821c905534c	1	207493	player	uade	Noisetracker 1.x	0	189680	708e741d	b4489137	MUSIC/TRACKER/C/COMA
51ec5f43dd7e3e06c3ab0821c905534c	2	146708	player
51ec5f43dd7e3e06c3ab0821c905534c	3	134531	player
521b837adf71e260dc6895dc122b2843	0	76685	player	libopenmpt	Digital Symphony	4	49256	9457463e	b81d11dd	MUSIC/SYMPHONY/N/NIRVANA
521b837adf71e260dc6895dc122b2843	1	46011	player
523184e01e8be8f53b4a6dd4d7c346db	1	73082	player	uade	Noisetracker 1.x	0	57128	1814b571	101d0c55	MUSIC/TRACKER/P/PIANO
527e3df81789a6763e2f7e50bb983d8c	1	138369	player	uade	Noisetracker 1.x	0	28314	7c09cab0	f7f40aa8	MUSIC/TRACKER/S/SOMEWHERE
5323a18d406cae70d5a561bb0f29ac02	0	394229	player	libxmp	Archimedes Tracker	4	101752	981bfbbb	e30a2e04	MUSIC/TRACKER/P/PAMELA
5348a10b42bc815c71582ffeb5ec98fe	1	128121	player	uade	Protracker compatible	0	86708	c457ff21	9274c3ea	MUSIC/TRACKER/G/GOINGFAR
53491942b109605a39443cf554df9c28	0	118015	player+silence	libopenmpt	Digital Symphony	4	19496	b3451943	ab57337f	MUSIC/SYMPHONY/N/NUMAN2
534fad9fd5898e33b5047f01aeceb944	1	16115	player	uade	Protracker	0	17426	ef5b8b88	97e1d096	MUSIC/TRACKER/B/BIKINI
537b6b08c7b2c12dadfc8960a389c979	0	206572	player	libopenmpt	Digital Symphony	4	110524	917da2d9	de4173e0	MUSIC/SYMPHONY/T/TOMORROW3
5392c26c0825ab9b23467a8af0797033	0	138034	player	libopenmpt	Digital Symphony	4	143000	0516f169	68d2207f	MUSIC/SYMPHONY/T/TRANCEMIX
54586b59ea03116cc866da3f5e292350	0	226654	player+silence	libopenmpt	Digital Symphony	4	263392	b800c48f	c6b6a45e	MUSIC/SYMPHONY/H/HELLSPARTY
54673e408c1ae181fad51910b2575960	0	227189	player	libopenmpt	Digital Symphony	4	198156	1ae8fd37	e4d4f7c9	MUSIC/SYMPHONY/L/LOVESUCKS
546f3bf775e545fa7d48c75823bb813f	1	294521	player	uade	Protracker compatible	0	105866	ce0e6601	04dfa6c8	MUSIC/TRACKER/P/POLISH
54a6033af515eb1be2c3d7a1023baa54	1	163969	player	uade	Protracker	0	27598	40f86780	bc7456f4	MUSIC/TRACKER/_DIGIT/4MAT
54ae95b3572fa84c782a37a13a17df3f	0	269757	player	libopenmpt	Digital Symphony	4	129712	748a7368	ae37d6e5	MUSIC/SYMPHONY/A/ANARCHY
553708662390bf8d365968da43d892d7	1	123921	player	uade	Soundtracker II (15 instr.)	0	63832	8397adbe	aad3713b	MUSIC/TRACKER/B/BRILL
55b5214a76b116823d8fa11ca9aa00b2	0	205049	player+silence	libopenmpt	Digital Symphony	4	46740	6e81923d	bab05d62	MUSIC/SYMPHONY/S/SHOW_MERCY
55fb7df39bce820dc95ff65b80c21052	0	92022	player	libopenmpt	Digital Symphony	4	74184	6fa815a1	293a86e5	MUSIC/SYMPHONY/_DIGIT/16BEAT
5607f6983fd99b50f0ea74b9584017bc	0	260015	player+silence	libopenmpt	Digital Symphony	4	147740	fa7e497d	c8406505	MUSIC/SYMPHONY/R/RUNOFMILL
5638820834f0a5b05b72d2c12dc20b81	0	147351	player	libxmp	Archimedes Tracker	2	659544	b3f2d8e0	65f949b4	MUSIC/TRACKER/E/EVERYBODY
566a65360c188341f03d61765f1e7a5b	0	84354	player	libopenmpt	Digital Symphony	4	99668	d6eb4127	f65e3d62	MUSIC/SYMPHONY/A/ACID1REMIX
567ecfe2e476beccb8f030c951be254c	0	187370	player	libopenmpt	Digital Symphony	4	70012	468cc99b	6ac86ef4	MUSIC/SYMPHONY/_DIGIT/100YARDDSH
568e69bdd006216699b860ef1f7bfe3d	1	470607	player	uade	Protracker compatible	0	76526	c473c621	3dba35b5	MUSIC/TRACKER/S/SONGNAME
569e84aa855fe8cb92216f9df46f8c12	1	213816	player+silence	uade	Soundtracker II (15 instr.)	0	127218	e03cf4ca	f6b8a464	MUSIC/TRACKER/J/JMJ_CHINA
57244276c1cb42bfc7567d37a8c597ba	0	337030	player+volume	libopenmpt	Digital Symphony	4	320600	1cf4def6	c224c64e	MUSIC/SYMPHONY/E/ETHNOMAGIC
5739122e0d2997c58f1246370526b6b8	0	207051	player	libopenmpt	Digital Symphony	4	127180	cb9c927d	ba60f04c	MUSIC/SYMPHONY/M/MISSINRAVE
577e4469c03e8680fab7a5c7a8620a8a	0	316648	player+silence	libopenmpt	Digital Symphony	8	122536	74f0e651	b8e91719	MUSIC/SYMPHONY/H/HOTELC2
579bd2311261268e2ce0c46871ad29d4	1	158108	player+volume	uade	Soundtracker II (31 instr.)	0	120480	5a161173	a6ca29c6	MUSIC/TRACKER/I/ILYAD2
57e28823d9e832d0aa52cfde2d947369	0	161039	player	libopenmpt	Digital Symphony	4	57872	5768f258	a3fd3d38	MUSIC/SYMPHONY/XYZ/ZIMMSOUND
57e42811dfaca3c6b21a2068646c6fda	0	130844	player	libopenmpt	Digital Symphony	4	117868	2586f8a7	b81fd41c	MUSIC/SYMPHONY/Q/QINTER
58323667fb766c715b289fb066c96433	0	98792	player+volume	libopenmpt	Digital Symphony	4	74220	0fee4415	7dbd54e5	MUSIC/SYMPHONY/J/JWX1
58835ba78a73548e92c3316e4d78edf7	0	315118	player	libxmp	Archimedes Tracker	4	130828	1dfa1c84	93301b3e	MUSIC/TRACKER/H/HALLUCINAT
59b62daaa0edde59a4e0db629dae92d2	0	63265	player	libopenmpt	Digital Symphony	4	225852	5f391851	b16e70c9	MUSIC/SYMPHONY/M/MAGIC
59bed63d3e23db370d7130627ddb5ef0	0	130365	player	libopenmpt	Digital Symphony	4	48796	8c371f26	41858e11	MUSIC/SYMPHONY/S/SUNSHINE
59ccaf69270e3ddc5329ec9b26a3574b	0	161039	player	libopenmpt	Digital Symphony	4	69060	42bed526	61fd3786	MUSIC/SYMPHONY/D/D_MSYNTH
59da9fccc2b1775456839db3dcf2896f	1	163647	player	uade	Soundtracker II (15 instr.)	0	130962	cb968e29	2224cc0d	MUSIC/TRACKER/C/CRIMINAL
59e6725a6a890ca2d8a90648546ea3c1	1	84616	player	uade	Noisetracker 1.x	0	53632	72e45481	89cf1d85	MUSIC/TRACKER/S/SHOWEM
5a4860c5f756038c5e7273c90f622b4b	1	238197	player	uade	Protracker compatible	0	115724	3eaf0534	e9c21562	MUSIC/TRACKER/I/IRONTEAR
5aac07e72f570f53fbcc0a6bd606a318	1	203313	player	uade	Soundtracker II (15 instr.)	0	77676	22e59d07	5d83af4f	MUSIC/TRACKER/E/EQUINOX5
5ab1ce2a84422699b2e23da72c1b0310	0	107359	player	libopenmpt	Digital Symphony	4	218040	5b3a3fe3	68f8e01f	MUSIC/SYMPHONY/B/BABY
5ab9d7a5cec22e54b39932a11b2bce41	0	319981	player	libxmp	Archimedes Tracker	8	235892	e34e314b	4a92d6c0	MUSIC/TRACKER/H/HOTELC2
5adcee062872446171db1c46bb027ae0	0	409681	player+silence	libopenmpt	Digital Symphony	4	104476	592df60d	9db41ba0	MUSIC/SYMPHONY/M/MANDA
5ae973df9e16f21d2c9dde3fe46f4161	0	359843	player	libopenmpt	Digital Symphony	4	149824	0ff62fa7	06c1b40d	MUSIC/SYMPHONY/M/MAGNETIC
5aea3ebc49716542dc2d63430be4d6d7	0	188630	player+silence	libopenmpt	Digital Symphony	4	79616	d46f74ed	842d4dab	MUSIC/SYMPHONY/S/SOLIDSTATE
5b13288659096f3dd1c461f51fd2e14f	1	288171	player	uade	Protracker compatible	0	109936	82c77295	206b2596	MUSIC/TRACKER/K/KEFRENS2
5b205fd8dec12d0a49f12878c7238841	1	79030	player	uade	Protracker	0	330210	fa051eeb	99cd9f9c	MUSIC/TRACKER/R/RAGGA
5b2655c38293b3c08ccebb7a721180dd	1	168128	player	uade	Noisetracker 1.x	0	179376	55e61acf	9ae2d428	MUSIC/TRACKER/T/TECHNO
5be7e8cefb65a48e21892121ad854cd8	0	217412	player	libopenmpt	Digital Symphony	4	123048	1a495a2c	6e8c0387	MUSIC/SYMPHONY/T/TURTLES
5cc617271dee2a1ef1da6dbe3e907c47	1	241906	silence	uade	Protracker compatible	0	88882	1d226260	04ff3409	MUSIC/TRACKER/_DIGIT/1081
5cd573e60a459600256e13da8b930694	0	606177	player+silence	libopenmpt	Digital Symphony	4	120524	cc2fada1	f23f0f0c	MUSIC/SYMPHONY/N/NECRONOMIC
5d319774b2ee37a828e7d18dc4b9b73b	0	189537	player	libopenmpt	Digital Symphony	4	60772	adc7674d	fc4c624d	MUSIC/SYMPHONY/W/WALKAWAY
5d3fdef8b2e4469fd2f6e9e276cdd62e	1	224754	player	uade	Protracker compatible	0	95606	dac019a8	d81847ff	MUSIC/TRACKER/C/CHECKED
5d83928b5abea5acd8805b4ff06f027d	0	215028	player	libxmp	Archimedes Tracker	4	109796	c4827e63	d5fb50a7	MUSIC/TRACKER/N/NEWPOLTER
5d84a2fbf21c91ef5b3663859540560d	0	163507	player	libxmp	Archimedes Tracker	4	125084	f4c14e5a	91f4618b	MUSIC/TRACKER/B/BROTHER
5dcb586b7fef6219e4c6c692c93dbd6a	0	130365	player	libopenmpt	Digital Symphony	4	98668	49f9d560	9ba989e2	MUSIC/SYMPHONY/F/FREQUENCY
5e0fb29ce3dda6b6779f233c1dc8b758	0	190393	player	libxmp	Archimedes Tracker	4	80144	f747b958	74d97fba	MUSIC/TRACKER/R/RAZMIX
5e12d6d0ec8eed43942452795b25138b	1	130693	player	uade	Protracker compatible	0	67584	da60bd4e	7b8cfd06	MUSIC/TRACKER/U/UFXMUCK
5e2e7b6f2575ff343010837d9b3255d9	0	156544	player+silence	libopenmpt	Digital Symphony	4	82088	4950caa9	a2af9312	MUSIC/SYMPHONY/W/WALKON
5e362c75ab18b7b351c891afac3aef1f	0	352312	player	libxmp	Archimedes Tracker	4	113664	6d745aa4	608b0862	MUSIC/TRACKER/S/SANTA_SMIX
5e478146c42a19d6658c11a91cb5b26e	0	87009	player	libopenmpt	Digital Symphony	4	49576	36cbdc59	abd24091	MUSIC/SYMPHONY/D/DEEPSPACE9
5ed56cb0195af1cddd10080571110f54	0	237725	player	libopenmpt	Digital Symphony	4	75524	1060055f	c0f2f303	MUSIC/SYMPHONY/I/IRONTE
5f092022d39d6f509202fdc30d8fe8fc	0	340507	player	libopenmpt	Digital Symphony	4	153909	362fc4ef	d1ba233c	MUSIC/SYMPHONY/B/BASSBINS
5f10145b021528b80a9d344aa4aae742	0	305915	player	libxmp	Archimedes Tracker	4	208028	111a4b5c	9a6da88b	MUSIC/TRACKER/P/PRIESTS
5f145b3ade62539c8bb184ac5044f8e7	1	171122	player	uade	Protracker compatible	0	95164	41306483	28d0b96c	MUSIC/TRACKER/E/EASTNMAGIC
5f4b566197cce937fc10a59d134e9b0e	0	320849	player+silence	libopenmpt	Digital Symphony	4	195936	50ce44f1	dfdd822d	MUSIC/SYMPHONY/F/FLIGHT
600b6dc580e62f92a2bb336ae7b2ccca	0	168708	player	libopenmpt	Digital Symphony	4	72348	8e50ae9a	5b16586d	MUSIC/SYMPHONY/W/W_B_BOOGIE
609b7edee06a20d1c565057d10c5838f	1	109654	player	uade	Protracker	0	93602	e7c05f96	4b56943b	MUSIC/TRACKER/B/BUENAVISTA
609d6933bf28d1886ec8fcb76b86dd4e	1	124805	player	uade	Protracker	0	76770	5e314d37	546fc339	MUSIC/TRACKER/U/UNDERGROUN
60a1708a7a1760d5c8774fbc449987cb	0	213881	player	libopenmpt	Digital Symphony	4	67856	06a56869	33b2fe32	MUSIC/SYMPHONY/F/FREAKEDOUT
60e52f214bf75b008ad11c19da481219	1	155962	player+silence	uade	Protracker compatible	0	86376	8d1f66ad	a0cc1c2e	MUSIC/TRACKER/C/COMMERCIAL
60ff9dcba9fadfed71f105e7ec204911	1	90153	silence	uade	Protracker compatible	0	52794	d5188a64	e309166e	MUSIC/TRACKER/J/JINGLES3
6125d8ec1d7e5672aa49729ceac7252b	0	334911	player	libxmp	Archimedes Tracker	8	175520	79a80200	c826e920	MUSIC/TRACKER/T/TOCCATA
61ce485436dca0b289da099aa61af828	0	1012469	player	libopenmpt	Digital Symphony	4	107212	a4655908	dae2ea6d	MUSIC/SYMPHONY/G/GROOVING
61dcb23b8e00367ad3c335b3ac18f691	1	92272	player	uade	Protracker compatible	0	83940	1e5985fc	848b93d4	MUSIC/TRACKER/O/ONCE
62941c8c37cf7454614c15df6e6bae31	1	301607	player+silence	uade	Protracker compatible	0	178230	65941589	4a48c587	MUSIC/TRACKER/B/BLUESTAR
62996a3995f99e909ce971ca228503e2	1	430278	player	uade	Protracker compatible	0	163570	0d2da548	3a73a5bb	MUSIC/TRACKER/I/IMAGINARAY
62b8f9af0fd640a13d5ba93264e9b4c2	0	338702	player+silence	libxmp	Archimedes Tracker	8	113220	c1d33aaf	51031a28	MUSIC/TRACKER/C/COMPFEST1
62e5889862b4060a2e1f5f91639cf6a0	1	152429	player+volume	uade	Protracker compatible	0	144204	8c2227a7	1bedd91f	MUSIC/TRACKER/A/ASPHYXIAT
630c8dd345d8f7ac7f27490f59761f7a	0	240642	player+silence	libopenmpt	Digital Symphony	4	132812	47205c97	34247507	MUSIC/SYMPHONY/_DIGIT/2ACID
630fb3c4f717683824952f80b94a0aec	1	192141	player	uade	Protracker compatible	0	59998	6e2f6162	4c75927c	MUSIC/TRACKER/C/CARVEUP
6337219b7b95e029737d82c6549f5264	1	226683	player	uade	Protracker compatible	0	89182	34000647	b8a81b26	MUSIC/TRACKER/L/LOSTCHRD
63df1fd0f3744421c2a0c8c8a6553640	0	145702	player	libopenmpt	Digital Symphony	4	73608	92d6e395	fbb26967	MUSIC/SYMPHONY/H/HARLEY
63e163c887139ebf087c16e528ddbd86	0	192353	player	libopenmpt	Digital Symphony	4	87308	4fd70b5d	6ff05ed0	MUSIC/SYMPHONY/R/RATTLE
63f9ced39d524ef23a71eaff003e26b4	1	184445	player	uade	Protracker	0	55512	d29dfbb8	6d36de54	MUSIC/TRACKER/T/THEVILLAGE
63ffeca4122a62fca46adb7674cf6c35	1	236931	player	uade	Protracker compatible	0	103938	99b4ee88	a49cf3ee	MUSIC/TRACKER/S/SPEEDRULES
6404c6ff079941ad0f750b7037f3a72b	1	107645	player	uade	Protracker	0	89674	90c4015a	75164993	MUSIC/TRACKER/B/BEINGBEST
642e939c381286d85f9c15f5d2f1cca5	1	255498	player	uade	Protracker compatible	0	84090	7fda0b6f	16c8ddf3	MUSIC/TRACKER/S/STORM
6431eba71003d8879671c23822ceac12	1	180200	silence	uade	Startrekker (4ch)	0	142048	9f4a3fec	516e681e	MUSIC/TRACKER/H/HASHMIX
646363ff4d1fd0a47abbb6062a051b91	0	152793	player+silence	libopenmpt	Digital Symphony	4	38548	fe745e0f	0667e376	MUSIC/SYMPHONY/O/OXYGENE2
647fd41fe9707b109b309196ca23d816	1	195959	player	uade	Protracker compatible	0	86564	bbe0fb64	660057fc	MUSIC/TRACKER/F/FUNK_N_JAM
64d2c0050090c699eb766fe1248597f9	1	226603	player	uade	Protracker	0	181882	5bfcc989	a71967bc	MUSIC/TRACKER/S/SADNESS
64e8dbfcb8a6f6a347595211166b4415	0	230092	player+silence	libopenmpt	Digital Symphony	4	133032	5cba88bd	48111925	MUSIC/SYMPHONY/W/WATERII
6504ca9645f836a655e265c905bcb35a	1	171002	player	uade	Protracker	0	137892	d9fc3c01	0368fe41	MUSIC/TRACKER/R/RTFT
651213741f37e3a43ad75109a9375dab	1	192764	player	uade	Protracker compatible	0	173230	2df67bd8	e0dbc878	MUSIC/TRACKER/F/FOCUS
65366877f8397291fbe470a959920b90	0	207051	player	libopenmpt	Digital Symphony	4	49312	3de5447a	c7d68800	MUSIC/SYMPHONY/W/WHOSBAD
654e90ace68c159e51504b18df9bc9ca	0	108109	player+silence	libopenmpt	Digital Symphony	4	74284	486e2c20	afc48167	MUSIC/SYMPHONY/I/IXION2
6586c41ad7cfbb7a8e64ed76622df7da	1	146045	player	uade	Noisetracker 1.x	0	91596	353e77f7	3d4485db	MUSIC/TRACKER/H/HOBBY
658ee1e0096edabf9c24bc161068a471	1	207493	player	uade	Soundtracker II (15 instr.)	0	131448	0300f750	d932a534	MUSIC/TRACKER/S/SAVAGE
65f355d965236242b2dd64c76d46642b	1	275083	player+silence	uade	Protracker	0	56320	7502f642	8f497df7	MUSIC/TRACKER/E/EMPORIUM
661bf5e1fb6a827d697b6e0c15b44287	1	127920	player	uade	Protracker	0	302974	2a02b3bc	6cab5846	MUSIC/TRACKER/H/HOUSEOUT
663e27704b2fd58f7029c80becb97245	1	299645	player	uade	Protracker compatible	0	96220	c58eaf59	6a3bae7d	MUSIC/TRACKER/A/A2
664e54c629bfe0731841c54f0358a37c	1	122997	player	uade	Soundtracker II (15 instr.)	0	62474	a2d2ce75	c448ab29	MUSIC/TRACKER/F/FILTER
665e1900746f1237c5bfb599173c510b	0	233348	player+silence	libopenmpt	Digital Symphony	4	109992	53f3d63e	19d0fd9d	MUSIC/SYMPHONY/S/STARDUST
667c655a82d29a2ffcd88808cbc48bc3	1	44910	player	uade	Protracker compatible	0	24880	c196fc29	43e51844	MUSIC/TRACKER/R/ROBOT
6690997ecba9e029229c97d65c9531eb	0	47522	player	uade	Ultimate-Soundtracker or compatible	0	33896	bb4a0ded	63fa8755	MUSIC/TRACKER/W/WOW
66a597cafc77e9929781f73aed3bf98e	1	188042	player	uade	Protracker compatible	0	89804	6ac8e261	61b94241	MUSIC/TRACKER/I/ITALIA
66a5fd4c5c81cb0e11845bebb23f88ca	0	86385	player	libxmp	Archimedes Tracker	8	76564	9ce8a399	d3449748	MUSIC/TRACKER/O/ORIENTXPRS
66b1caf8722da4c6ac56726816a128fe	1	138369	player	uade	Protracker compatible	0	52548	476a6311	a765e9f7	MUSIC/TRACKER/J/JOLLYJOG
66f73362de440a85ea4614b2e2271d08	0	202497	player+silence	libopenmpt	Digital Symphony	4	89012	d1d1b711	3287cba0	MUSIC/SYMPHONY/F/FLYBYNIGHT
6744d0e9f8dfe2c183c6ee823a7a1537	0	118180	player+silence	libopenmpt	Digital Symphony	4	63768	e83d8163	01c5dc1d	MUSIC/SYMPHONY/N/NUCLEAR
67860033b10db4435293486d47f455b7	1	434877	player+silence	uade	Startrekker (4ch)	0	180488	743edf00	7d39e7b3	MUSIC/TRACKER/L/LOSTINTIME
678dec605cab4f2c1483fa9a94163e3a	0	457709	player+silence	libopenmpt	Digital Symphony	4	183124	cb37fc59	46d2a3a0	MUSIC/SYMPHONY/T/TECHNOMARU
679ce40c23b9fee14689b285564b1f62	1	161913	player+silence	uade	Protracker compatible	0	116230	6a71f9c3	617146a2	MUSIC/TRACKER/R/RUNTHEGAUN
67a375b3771ec091380301fefdf52e79	0	268399	player	libopenmpt	Digital Symphony	4	76816	8c43f6ba	ced7e67f	MUSIC/SYMPHONY/J/JOHANSEN
6822fab7ba3958c3e39f5386891264a3	1	76920	player	uade	Noisetracker 1.x	0	24832	1599e959	a727a4b1	MUSIC/TRACKER/I/IPEK
68316e3a30fbdf9849387e028b853209	1	81427	player+silence	uade	Protracker compatible	0	70890	5afeb12f	9a21850a	MUSIC/TRACKER/A/AUSTEX
684c2cf30a9d43b1722eb4659fc87153	1	91850	player	uade	Protracker compatible	0	138888	b3daa12e	0ccd9478	MUSIC/TRACKER/I/ICRPROCITO
6879169736fd79720061411671695b49	0	159963	player	libopenmpt	Digital Symphony	4	80968	4d1b52d1	55d2036b	MUSIC/SYMPHONY/C/COUGAR
694bece12ca11d060a7cecf327e3fde0	1	230541	player	uade	Protracker	0	80792	6ab1fd76	17178a1b	MUSIC/TRACKER/XYZ/XJ220
697a8437d8a958118e668dfb2d81d50a	0	494502	player	libopenmpt	Digital Symphony	4	153540	5b75f730	f33576f2	MUSIC/SYMPHONY/V/VIVBEAT
69932326a2c0872449ebd51bbc289850	0	146421	player	libopenmpt	Digital Symphony	4	176372	78b4a0ec	f270de26	MUSIC/SYMPHONY/V/VIOLENCE
69932326a2c0872449ebd51bbc289850	1	0	nosound
69a8baf3de110345448f746f5b19c45a	1	165054	player	uade	Protracker	0	118748	175cf55b	e9e2384a	MUSIC/TRACKER/F/FUNERAL
69c98f06798c09c97b08030b068fdd7d	0	141029	player	libopenmpt	Digital Symphony	4	17900	617ea90e	1cb64de7	MUSIC/SYMPHONY/A/ADAGIO
6a151d86e43a0b78614605324fba470b	1	259336	player	uade	Protracker compatible	0	38002	95639df9	c7512dd7	MUSIC/TRACKER/U/ULTRA_X
6a1cd8f5bb2c74c299ba308453be7bbc	0	245398	player+silence	libopenmpt	Digital Symphony	4	75652	57d9aa66	638f6e04	MUSIC/SYMPHONY/J/JAMESBROWN
6a50c4145227ff48927bdb924d5d9c2c	1	215149	player	uade	Soundtracker II (31 instr.)	0	56930	5e14198e	d63b3a68	MUSIC/TRACKER/N/NONAME
6a58605d0f477f2586d0f529ca3c6266	1	157579	player	uade	Protracker compatible	0	208894	a487285a	fa77dd5c	MUSIC/TRACKER/A/ALIENTHEME
6a5f467136c0a6e4eb0708d5b9a092ff	0	145702	player	libopenmpt	Digital Symphony	4	114328	b26ae522	c17e21b2	MUSIC/SYMPHONY/K/KAOS
6a66afb4cecd2ff841cba0ae05d5961d	1	591738	player+silence	uade	Protracker	0	169648	1b5a2765	ef3410c8	MUSIC/TRACKER/H/HYSTERESIS
6a79a9cee67e333df7c5ab3c7e2bdbcc	1	143493	player	uade	Soundtracker II (15 instr.)	0	74012	4f720210	32d09a1a	MUSIC/TRACKER/_DIGIT/3DDANCE
6a93ed8b57eb79705f7ac926eab420b8	1	84616	player	uade	Protracker compatible	0	181498	1ebd527b	b9fc7ff3	MUSIC/TRACKER/G/GITECHNO
6aa877a827baeafc7f1e945324747230	0	217715	player	libopenmpt	Digital Symphony	4	59464	f5f00734	49805eb0	MUSIC/SYMPHONY/W/WONDERS
6adac646269583ec49afc64ba2de9ada	0	129533	player+silence	libopenmpt	Digital Symphony	4	12048	2d60c686	35a87928	MUSIC/SYMPHONY/_SYMPHONY/TUTOR/_SYMTUTOR/SWEETDRMS
6af6d75e3c4813294573ec0eeda381ec	1	122997	player	uade	Soundtracker II (31 instr.)	0	53620	c1d2cf98	2b1ed382	MUSIC/TRACKER/N/NEWHORIZON
6b19d2e2fb74e856b4578cfc456cc597	1	38520	player	uade	Protracker	0	33226	cffbac05	79200860	MUSIC/TRACKER/D/DOTTYFLOWE
6b2a78694a71f3d691a71d4f6c29fa8c	0	224955	player	libxmp	Archimedes Tracker	4	154288	c0d5ac1b	ad4f1e73	MUSIC/TRACKER/H/HEAVYBALAD
6ba65801c817435ed584c317de48c616	1	192141	player	uade	Protracker compatible	0	88480	89d1e536	843334ad	MUSIC/TRACKER/_DIGIT/6BEAT
6c721c594ebd4051b162b38a1ed51b2b	1	404537	player	uade	Protracker compatible	0	395036	fa65da73	8cf53c40	MUSIC/TRACKER/H/HOLSTREET
6cb0ec2c4824b648e8f417af0b27b10a	1	57730	player	uade	Protracker compatible	0	48546	a4883769	f6713569	MUSIC/TRACKER/S/SANITY
6cb3ad9b85fe28686a31bf5cd58c7dc2	1	118455	player	uade	Soundtracker II (15 instr.)	0	122564	7f579657	523f71df	MUSIC/TRACKER/V/VIETNAM
6cd118b4ba255fab1fcbeb58f3fa79f4	0	192904	player	libopenmpt	Digital Symphony	4	285392	848b0482	eed72ae3	MUSIC/SYMPHONY/J/JASMINE
6cd45b59de72eb864824aab11ac539c1	0	241559	player	libopenmpt	Digital Symphony	4	133716	0ee0bea2	e0a846b5	MUSIC/SYMPHONY/B/BOMBTHEBAS
6d02f916fed393d1e05c7b857b05631b	0	289892	player+volume	libopenmpt	Digital Symphony	4	76772	5422531b	d8bd74b4	MUSIC/SYMPHONY/D/DOPEFRMIND
6d06b11523b71a274416d5a552df8719	0	163276	player	libopenmpt	Digital Symphony	4	106076	f922fb2d	fa438306	MUSIC/SYMPHONY/C/CRIMINAL
6d9200d370859e1884a001c5f3459df3	0	94704	player	libxmp	Archimedes Tracker	6	134968	1e231b33	78fb5a39	MUSIC/TRACKER/P/PUFF_TMG
6dc4a09c191cd7d4ef9721b03f46ab3a	1	177964	player+silence	uade	Startrekker (4ch)	0	260414	679c717a	9ec6a0ad	MUSIC/TRACKER/D/DEELITED
6dcb3b8f8ba486bc2053f79c7d5a91e6	0	168708	player	libopenmpt	Digital Symphony	4	46036	c7cfe6bf	b2e43f1c	MUSIC/SYMPHONY/G/G_B_U
6e0d4bfe54399a0828076fbac2e9f3d2	0	184045	player	libopenmpt	Digital Symphony	4	100664	fdffd7fd	50d0819f	MUSIC/SYMPHONY/T/TECHNOCRAT
6ed4bbf9f61e4d0c4e1d89ee54ab56de	0	152093	player	libopenmpt	Digital Symphony	4	141852	cb71c283	c06f3ce1	MUSIC/SYMPHONY/D/DONTWANTME
6edf30ceada5b9d9b5e5a9a24b3f2ca0	0	192353	player	libopenmpt	Digital Symphony	4	87296	21a34dca	2fda5b9b	MUSIC/SYMPHONY/C/CROK
6f0d908bbd7cadfdc3dce107016347bd	0	316786	player	libxmp	Archimedes Tracker	4	112240	fd49636e	d7a2bef6	MUSIC/TRACKER/H/HARDSTUFF
6f40842b04de573e04ba1ed3d427839c	1	181893	player	uade	Protracker compatible	0	253588	6b56aeca	f6bd5c1e	MUSIC/TRACKER/I/IGOTTHEPWR
6f5458e68f4212bfcefcbc5fc156c402	0	84354	player	libopenmpt	Digital Symphony	4	85584	e9fd25d7	c387ea0d	MUSIC/SYMPHONY/S/SPIKEMIX
6f6023a8433b9d4e4b9df45443101642	1	138369	player	uade	Protracker compatible	0	90642	683264b5	a0b934c7	MUSIC/TRACKER/S/STEAM
6f8b5f75e8108777fab88ce9fc951bdd	0	633993	player+silence	libopenmpt	Digital Symphony	4	63012	c349affc	547f85b0	MUSIC/SYMPHONY/G/GHASTOBE
6fb3e5519d5d10d1202ee1cfa6994464	1	185263	player+silence	uade	Protracker	0	69308	bd4c5118	b7a57fea	MUSIC/TRACKER/S/SLAYTANIC1
6fb6acd7df4f0717c92e9d168535c0e8	1	354826	player+silence	uade	Protracker compatible	0	184430	51b9135b	5db4800c	MUSIC/TRACKER/L/LIVE_JAM
6fde9aa711790849f0d9ef8bd44112ad	1	384322	player	uade	Protracker compatible	0	119198	9ce6cb90	b5e64ff7	MUSIC/TRACKER/P/POLARCHASE
6fe7517bcdbcefbda1ab344d540006c5	1	107645	player	uade	Protracker compatible	0	179302	7dfce304	4847956f	MUSIC/TRACKER/B/BOX1
702cec05c4471ae5e1b1229543b987e9	1	478464	player	uade	Protracker	0	160218	66a02d1e	116f1666	MUSIC/TRACKER/K/KNULLA
70c074d2fe35b225fda5ec5efa6076ca	0	227181	player	libopenmpt	Digital Symphony	4	67820	15b76a02	1fe1aacb	MUSIC/SYMPHONY/T/TEDDYBEARS
70c074d2fe35b225fda5ec5efa6076ca	1	5991	player
70c87fcff7c0a930d3d78a1a09b40c3a	1	128121	player	uade	Protracker	0	62240	d66e1241	878f2ebe	MUSIC/TRACKER/S/SONICBASH
70cc5d485a32d102dc37013dac01ae6b	0	201585	player	libxmp	Archimedes Tracker	4	142272	22322423	e47cb980	MUSIC/TRACKER/O/OCHRE
70fbb936d61ade47ff9a61043a2290e6	0	132921	player	libopenmpt	Digital Symphony	4	87680	88bdcd26	cdedea24	MUSIC/SYMPHONY/L/LOUZHAUS
711f4b50cae0201c75b8e1efad1d1800	0	268399	player	libopenmpt	Digital Symphony	4	97580	a3524b88	87f9e6ea	MUSIC/SYMPHONY/B/BLADSWEDE
714a92ddb7534859ac54b334aa13006c	0	438480	player+silence	libopenmpt	Digital Symphony	4	65716	74800de8	3cae9811	MUSIC/SYMPHONY/P/PROJECTX_2
718e7f38c9c8a42f97a0f6c2f5b2a5ce	0	109493	player	libxmp	Archimedes Tracker	4	170500	f55ed057	72ed349b	MUSIC/TRACKER/F/FANTASY
719368417568a001cf09c2a265c33326	0	245313	player+silence	libopenmpt	Digital Symphony	6	82484	6a54b980	53c4c8ca	MUSIC/SYMPHONY/S/SONG4GUY
719aa5b85be1d1fefa49e0bb6e43d1bb	0	302081	player+silence	libopenmpt	Digital Symphony	4	56744	843632fd	475c701e	MUSIC/SYMPHONY/B/BLADE
71b002f1e477352779d209a52eb285f9	0	324316	player	libopenmpt	Digital Symphony	4	72760	a54a217b	4f174eba	MUSIC/SYMPHONY/T/TOMMOROW
71b769c5d5946d1a3f1ecabe8a9cdfec	1	33738	player	uade	Protracker	0	15280	70c50ee4	60ad5ec0	MUSIC/TRACKER/S/SOMEDAYS
724992dff600ef5d7c9b02f07bad916c	0	421115	player	libxmp	Archimedes Tracker	4	261120	6bac2d1d	df57dde4	MUSIC/TRACKER/G/GULFECHOS
724a71f09b98a3f6b014fedd0e5874f9	1	222845	player	uade	Noisetracker 1.x	0	180818	27d4df04	39cffd74	MUSIC/TRACKER/N/NEWKISS
72575a86dbbd877989cdbf96367e6ab2	0	256443	player+silence	libopenmpt	Digital Symphony	4	98152	b2a898ba	8692b32f	MUSIC/SYMPHONY/F/FACEINWA
725a78d22bfc89b172094d8bda1c1da4	0	420493	player	libopenmpt	Digital Symphony	4	196312	583ddbdb	a2a06085	MUSIC/SYMPHONY/G/GULFECHOS
72acac4e1cccfa81f661846c9db7ac53	0	69562	player+silence	libopenmpt	Digital Symphony	4	35544	74bd0e3d	f1e1d296	MUSIC/SYMPHONY/H/HILLSTREET
73023f3880605790dd69c344b60eb19c	0	237755	player	uade	Ultimate-Soundtracker or compatible	0	73540	893ed569	887dcd3c	MUSIC/TRACKER/H/HIENERGY
734e14ed83ff8b2190b1d1d41b039b68	1	222845	player	uade	Protracker	0	130006	47597cd8	b8525a47	MUSIC/TRACKER/E/ELYSIUM
735c3e6535c12002a7111fd06d92e4de	0	151873	player	libopenmpt	Digital Symphony	4	283288	1cc2409e	db9faf4c	MUSIC/SYMPHONY/U/UNFORGET
7373ea5e4f2a4afb883e0fe7054c5fc0	1	224526	player+silence	uade	Startrekker (4ch)	0	141750	23fe2d18	dfac3a07	MUSIC/TRACKER/I/IG_METAL
73814eab2b6c6d87e19a730ec291d50f	1	246927	player+silence	uade	Soundtracker II (15 instr.)	0	82574	0e13049f	aac06db9	MUSIC/TRACKER/J/JAPAN
74025151491a0e7ac9c6447679d43b16	0	262965	player+silence	libopenmpt	Digital Symphony	4	144356	b6be9317	4ad2b47b	MUSIC/SYMPHONY/I/INTHEHANDS
7429f72eca998238ffc0327a5266aa38	0	255840	player	libxmp	Archimedes Tracker	8	57452	e692c4dd	2af13fc5	MUSIC/TRACKER/A/AIR_ON_G
746a33f6f227da9dc5a1aba6913fe7fe	0	281387	player+silence	libopenmpt	Digital Symphony	4	98648	d21c39c3	42bac459	MUSIC/SYMPHONY/T/THEMATRIX
74a80d84198aaf25008f74046f4f4cfd	1	146045	player	uade	Protracker	0	150474	7e9b5f00	39434a5b	MUSIC/TRACKER/K/KAOS
74abb1d0f494ddeca474750bff835555	0	184045	player	libopenmpt	Digital Symphony	4	78812	ebfb9618	f7001ae8	MUSIC/SYMPHONY/S/SPACEJOURN
74ac35b4bf41d435e1f04f1dd249e41e	1	115321	player	uade	Soundtracker II (15 instr.)	0	79310	432be897	a26fe5c7	MUSIC/TRACKER/S/S1
74bc4bd9b31da6916688cb8caa055baf	0	222668	player	libopenmpt	Digital Symphony	4	89752	524634f9	934c1969	MUSIC/SYMPHONY/B/BORINGTECH
75086573121a3e5f5d543fa83c731749	0	406459	player	libopenmpt	Digital Symphony	4	116316	29a34488	2b650b4b	MUSIC/SYMPHONY/T/TAKEATRIP
7514051e068a7e07379155047cbd5aa9	1	156237	player+silence	uade	Soundtracker II (31 instr.)	0	71522	4f492db8	0711bade	MUSIC/TRACKER/O/OXYGENE2
75155341efa8f23c571d66e228471446	0	141411	player+silence	libopenmpt	Digital Symphony	4	47976	7c929674	c9f574ac	MUSIC/SYMPHONY/A/AIRWOLF
752af1d32c66f4d0a9f8e42818ccdbba	1	158211	player+volume	uade	Soundtracker II (15 instr.)	0	121904	847606e3	c9867e26	MUSIC/TRACKER/C/CHOPPER
753b6fa90ebbb18c3075ec141bc8ee4d	0	107217	player+silence	libopenmpt	Digital Symphony	4	130292	3d718d9d	f1093102	MUSIC/SYMPHONY/P/PURELEVY
754f308d98b5757c2ec7b32140d07773	0	306742	player	libopenmpt	Digital Symphony	4	108836	b0d61e3c	4a534312	MUSIC/SYMPHONY/M/MCHAMMER
754fb3e5415e58c8c18873f8cc5b3846	0	157438	player	libxmp	Archimedes Tracker	4	88844	ac7c482a	e16f061c	MUSIC/TRACKER/A/ALFTHEME
75cbf9a00b9ab3af9eef9b920f489a7f	1	61568	player	uade	Startrekker (4ch)	0	94756	879acd7c	a4275877	MUSIC/TRACKER/T/THEDEEP_1
75fd2c0db767d0c9c0324434e6c3729b	1	325642	player+silence	uade	Protracker	0	104336	37234a03	2655a332	MUSIC/TRACKER/D/DIMNESSVER
760d1003eec05bf1380ffbbd580a6efe	0	235585	player	uade	Soundtracker II - V or compatible	0	136978	e6b6c2a1	428d991b	MUSIC/TRACKER/C/CITYJAM
761fad5c5e96138faa63ec2f047876e7	1	448166	player+silence	uade	Protracker	0	198742	b179d347	14dcb302	MUSIC/TRACKER/V/VARIATIONS
765714f10cf0157a37541a70e9e1a564	0	230057	player	libopenmpt	Digital Symphony	4	239880	c7341f54	8f8225c9	MUSIC/SYMPHONY/B/BLAMEIT
767017af4d55a4356de30d2dee91be1b	0	127687	player+silence	libopenmpt	Digital Symphony	4	201164	1acbb10c	706ce1fe	MUSIC/SYMPHONY/J/JIMIHENDRI
7691ad8a1952a6a8a401bbfb9f10243b	0	107484	player	libxmp	Archimedes Tracker	4	163076	1de892c2	15f04bf0	MUSIC/TRACKER/D/DARKOPERA
76bbcc5edea5775db2485ac890360668	1	322693	player	uade	Protracker compatible	0	58478	992795ec	89f0a246	MUSIC/TRACKER/A/A_PRIORI1
77015b67802eac202d8f72e1c1c58864	0	264859	player+silence	libopenmpt	Digital Symphony	4	60768	a8c65b3f	c059482a	MUSIC/SYMPHONY/P/POORMOUTH
77038c093adcd60eb82f6d6c3a5d96c8	0	281819	player	libopenmpt	Digital Symphony	4	100472	2463ec5c	cfab8670	MUSIC/SYMPHONY/T/TUNAFISH
7706f5738695d547bab76d043b8dace0	1	135382	player+silence	uade	Protracker compatible	0	60434	22ce815c	39fbc2a5	MUSIC/TRACKER/M/MOULINROUG
770a60e15c83cc1c2d6247dd9d07888e	0	105442	player	libopenmpt	Digital Symphony	4	89340	a293106a	d6c04ce1	MUSIC/SYMPHONY/I/INTOXICATE
7720f0675aecccc614d1d9be0a00e61c	0	103747	player+silence	libopenmpt	Digital Symphony	4	108500	62906acb	a150b206	MUSIC/SYMPHONY/R/RHYTHMS
7776dfb31a538c1a781b77491209548b	1	67315	player	uade	Protracker	0	33906	66fd06d3	b31fe778	MUSIC/TRACKER/R/RUGBYINTER
7777707d6dd784716b40bc88bd91719d	1	80758	player	uade	Noisetracker 1.x	0	42804	8b09cd56	337b51d6	MUSIC/TRACKER/A/ACIDBAT2
778350eb49ec8530ea4a802a26616308	0	253062	player	libopenmpt	Digital Symphony	4	138384	223197ff	5237b00a	MUSIC/SYMPHONY/R/RED
7784b8a4fce4ecb662506fa2e2f8d40e	1	215149	player	uade	Protracker compatible	0	90112	5a3d91fd	961abe6c	MUSIC/TRACKER/S/SLASH
779d7676769553b0760f4b99223bb353	0	201785	player+silence	libopenmpt	Digital Symphony	4	41048	9d8ac646	d050324e	MUSIC/SYMPHONY/C/CROCKETS
7869c919c7ba37a246d984dd3caa499d	0	242838	player	libopenmpt	Digital Symphony	4	105712	d468b169	ba6dce01	MUSIC/SYMPHONY/C/CAROLINE
789dbbb954a4a8331a42fcef5f775b71	1	291969	player	uade	Soundtracker II (15 instr.)	0	63816	5daf9217	c2f17c35	MUSIC/TRACKER/S/SLEEPWALK
78b38232f14834ed3e2e8de1b4dfd591	0	116945	player	libopenmpt	Digital Symphony	4	78656	9d60057b	d56af7ad	MUSIC/SYMPHONY/O/ONLYFORYOU
78e0ef4c96f21564f8d21b5644587f56	0	153371	player	libopenmpt	Digital Symphony	8	187384	a0b82830	b3aebfb2	MUSIC/SYMPHONY/M/MIRACLEMAN
78fd62f8ce10aebe2e2c46f94d933eff	0	241559	player	libopenmpt	Digital Symphony	4	134004	5a38925f	c342f382	MUSIC/SYMPHONY/M/MEGABLAST
791428a72119bd811e96c21ac44b9ebe	0	197815	player+silence	libopenmpt	Digital Symphony	4	98892	6629985d	752ee728	MUSIC/SYMPHONY/R/RED_TEAM
79271794ea7136628430b8b443b7c581	1	181451	player+silence	uade	Protracker compatible	0	116882	c26f426a	f7479c85	MUSIC/TRACKER/F/FIRSTSHOT
7941e5a7ac9f5177f563a55f358a7c99	1	216977	player	uade	Protracker compatible	0	445810	fd829fcd	ec6f7fd4	MUSIC/TRACKER/H/HARDFOLK
79db23009bd71bed69789888f059e2eb	1	130693	player	uade	Soundtracker II (15 instr.)	0	93628	c10ff09e	ead76b24	MUSIC/TRACKER/A/AUTUMN
79dfff7bfa2fa517aee3ed09fb5c4bb9	0	180211	player	libopenmpt	Digital Symphony	4	158876	77749345	a7a0fc00	MUSIC/SYMPHONY/T/TWILIGHT
79f0974fb6a898900909a694163b5694	1	192141	player	uade	Protracker compatible	0	247222	b9909357	f80948fb	MUSIC/TRACKER/A/ACIDROCK
7a4280030c94e0fc9bf683d5e40c9dcf	0	256965	player	libxmp	Archimedes Tracker	4	111720	1f3cf846	fa3055fb	MUSIC/TRACKER/T/TRIAL
7a6e65d050b6e0819bb0a17e013395be	0	97935	player+silence	libopenmpt	Digital Symphony	4	521668	cf8b565b	278c13a0	MUSIC/SYMPHONY/U/UNDERGROUN
7aab7748148189ad8b890f795734f6a2	1	134551	player	uade	Startrekker (4ch)	0	198826	c50392be	2badb5d3	MUSIC/TRACKER/W/WIZARD
7acfc47d21889bf6e52f6ea354635ec9	0	119035	player+silence	libopenmpt	Digital Symphony	4	104800	ecc30ebb	95407b01	MUSIC/SYMPHONY/S/SHORTHOUSE
7ae35d09d759540ed79610c8297b3b80	0	395495	player	libxmp	Archimedes Tracker	4	111320	4b315db6	54c796ec	MUSIC/TRACKER/M/MARODEUR
7ae3813fef1387eb4e65b839556bbe1d	0	477628	player	libopenmpt	Digital Symphony	4	95756	b6be6c04	af37650a	MUSIC/SYMPHONY/K/KNULLA
7ae6eafcfc75f57e7f18cb1eb1805422	0	299074	player	libopenmpt	Digital Symphony	4	106216	bc2990b5	5309b1d7	MUSIC/SYMPHONY/S/SOME_DANCE
7afa1d9c0dcb2ee5ad4bea8e9d0e35b2	0	207697	player+silence	libopenmpt	Digital Symphony	4	62984	024ef78c	c939f1df	MUSIC/SYMPHONY/T/TASMANIAN
7b000079b1304448f21df8f67af4f2a9	0	208264	player+silence	libopenmpt	Digital Symphony	4	60424	49825abc	fa18880c	MUSIC/SYMPHONY/C/COLDITZ
7b4f4c586e9237a38c3b89e6918b5880	0	221319	player+silence	libopenmpt	Digital Symphony	4	537052	cd3b3670	b3f151f1	MUSIC/SYMPHONY/H/HBNMF
7b57b04d2fe272ae3a6134b6fe70f243	0	170618	player	libopenmpt	Digital Symphony	4	104376	fa3c63f5	65d764c3	MUSIC/SYMPHONY/S/SPACEWALK
7b76e1137d83a73488c9c2fd89b260f4	1	245893	player	uade	Noisetracker 1.x	0	46800	4f4097f5	39cf258b	MUSIC/TRACKER/P/PHOTOGRAPH
7b98a69bc0a0d30178a3e0280e073d44	1	92272	player	uade	Protracker compatible	0	70656	38bb22dd	7131ec95	MUSIC/TRACKER/W/WHATTHHELL
7b98f76f4a6224d1944efd73046cd019	0	262528	player	libopenmpt	Digital Symphony	4	664048	447a5fd7	e0ce3ef8	MUSIC/SYMPHONY/W/WHATISLOVE
7bb7e00c7babf10a61c0d88e3526c3d9	0	375759	player	libopenmpt	Digital Symphony	4	57232	5ec959a4	f7efba33	MUSIC/SYMPHONY/E/ERASURE
7becdaca9f0f7684bb98a70c76b37934	0	287267	player	libxmp	Archimedes Tracker	4	210256	84bd5cd3	d10934ba	MUSIC/TRACKER/T/TOMSDINER
7c2aea47b3b1ade8f4d4bdd9be59d5e0	0	264119	player	libxmp	Archimedes Tracker	4	156180	0bb39896	e397ba39	MUSIC/TRACKER/M/MORSE
7c4a9e707070eacbf0737a3aaaa78337	1	166812	player+silence	uade	Soundtracker II (15 instr.)	0	104502	48e4e935	8445503e	MUSIC/TRACKER/D/DUCKSONG
7c54504dfc4a67ffdc91a20c106533d2	1	486221	player	uade	Protracker compatible	0	71260	611ec969	166045eb	MUSIC/TRACKER/F/FUTURE
7cb0e7c5d2ce958c36da1e6d0e23541a	0	244667	player	libxmp	Archimedes Tracker	8	129088	098134bd	08630db2	MUSIC/TRACKER/M/MONDAUTOS
7ccaef0c7ffae5e513e2d32794d26029	0	387599	player+silence	libopenmpt	Digital Symphony	4	123076	4c215b89	23bab660	MUSIC/SYMPHONY/P/PSYCHOPUG
7ccb9adde6f9f4fb94405d6e6527461e	0	168952	player	libxmp	Archimedes Tracker	4	64572	f6d86cf9	1818da9f	MUSIC/TRACKER/G/GUITARS
7d1b447fd6ccf7c3e224e939c0f60585	0	208903	player	libopenmpt	Digital Symphony	4	57120	2e35187a	e6fdbb2e	MUSIC/SYMPHONY/W/WORLDOFTER
7d9b5de29229610722574801c75a1885	0	201259	player	libopenmpt	Digital Symphony	4	105204	330bbd85	7f20fbd1	MUSIC/SYMPHONY/E/EVOLUTION
7d9f41b61bc2ab5226122e49d6f6d91d	0	236878	player+silence	libopenmpt	Digital Symphony	4	181276	b7a1eb3f	be38a094	MUSIC/SYMPHONY/L/LINK5
7dce672c1314d123afad602fbaa49d1b	0	279029	player	libxmp	Archimedes Tracker	4	126492	d7ec7a53	beb3e65b	MUSIC/TRACKER/D/DAVCOMDEMO
7decf8571a30c64121f2b2497bc365a2	0	153371	player	libopenmpt	Digital Symphony	8	192496	142a9719	20ce113a	MUSIC/SYMPHONY/G/GROOVEFEEL
7e085d397ca5b97821add9d0391333e8	0	289488	player	libopenmpt	Digital Symphony	4	70712	b5a1a7e7	d0f36f42	MUSIC/SYMPHONY/A/ALCOHOLIC
7ebb04abd5c74900731ea30d7752604b	1	192141	player	uade	Soundtracker II (31 instr.)	0	63460	a0a6254e	4de7a740	MUSIC/TRACKER/I/INNERSPACE
7f73d60b857810b635faae7bfeff4739	1	212496	player	uade	Protracker compatible	0	136428	5105627a	679999d2	MUSIC/TRACKER/P/PBK
7f770eac78a446f555caa13b4a7540ad	1	123285	player+silence	uade	Protracker compatible	0	90348	94dcebf7	9aa2f2e7	MUSIC/TRACKER/L/LOVELY
7fa28e2797e055dfaed0a07ec31fd851	1	307321	player	uade	Protracker	0	162446	cf108a3a	01f1d3cc	MUSIC/TRACKER/M/MCHAMMER
7fc9fd47b9098090e9ce847bd11080ca	1	189321	player+silence	ft2play	Fasttracker (M.K.)	4	184220	8ddba614	27a6948d	MUSIC/TRACKER/S/SHADOW
7fe26b4aba90aafafc5f7d3236707566	0	222388	player	libopenmpt	Digital Symphony	4	105096	8ed34d44	21b74061	MUSIC/SYMPHONY/E/ELYSIUM
7fe69ea4e33493796b2267bb005fce26	1	265968	player+silence	uade	Protracker compatible	0	98750	070e7f78	9573f86d	MUSIC/TRACKER/P/POORMOUTH
8020a732645e9bc9af7fef5f7727d467	0	172662	player	libopenmpt	Digital Symphony	4	187704	b5750209	4a80bd6c	MUSIC/SYMPHONY/S/SWELLE
80396433bffb45c8578e3fcbc30b3672	0	176377	player	libopenmpt	Digital Symphony	4	80740	ee7f8f1f	45f49e8c	MUSIC/SYMPHONY/N/NOTANYTRIP
804fb3ccb638efe2a4f7ece95a71cb49	1	158403	player	uade	Protracker compatible	0	328238	c289cb40	f46d39ef	MUSIC/TRACKER/T/THREE
80519bb097238ad76992bb30f0b1d2ad	0	151808	player+volume	libopenmpt	Digital Symphony	4	84460	9a12ddda	16081eb6	MUSIC/SYMPHONY/A/ASPHYXIATD
80a92562b6daeae9ffcce461c3f204c0	0	61830	player	libxmp	Archimedes Tracker	6	112276	e228dc25	ca83a554	MUSIC/TRACKER/B/BODYDANCE
80c4ea82628ddc4ffa17c912e60028c3	1	92272	player	uade	Protracker compatible	0	166410	8019c0f3	d0a28829	MUSIC/TRACKER/T/TOUCHME
80d507002dbe1fd5c53a8ab71be7c2ee	1	155767	player+silence	uade	Noisetracker 1.x	0	173056	b09b93d3	6a214ee2	MUSIC/TRACKER/B/BLOOD
80e838d2130e7718b2fb747db79e13e3	0	491986	player	libopenmpt	Digital Symphony	4	250612	6d8f4105	7264c8ce	MUSIC/SYMPHONY/R/RHAPSPURP
80f7d38b396fd9b7554df99f9b04856d	0	143432	player	libxmp	Archimedes Tracker	4	98264	2461019d	3bbbb14d	MUSIC/TRACKER/T/THUNDRBDS2
813981304492321be3bcbc5f4b173f8a	0	147619	player	libopenmpt	Digital Symphony	4	171284	7cdbdee2	4fec19a6	MUSIC/SYMPHONY/I/ITSMYLIFE
813ee530be612789dcfd6900de7b6cac	0	131668	player+volume	libopenmpt	Digital Symphony	4	124744	d6049713	9497e275	MUSIC/SYMPHONY/L/LONLYNIGHT
8147ecad1e404eda6d3813cf7cdf0604	1	193568	player	uade	Protracker compatible	0	425742	fe47ca8b	ee2f5469	MUSIC/TRACKER/K/KWMIX
8198d241ac9d51a6f97e7cba058843a3	0	112628	player	libxmp	Archimedes Tracker	4	28532	b8f6c5fc	cb5abb12	MUSIC/TRACKER/A/AWESOME4
81cd066f2d07b49d0a224230758b6c58	0	297710	player+silence	libopenmpt	Digital Symphony	4	333504	6f13099d	00cbf9d1	MUSIC/SYMPHONY/V/VIRTREALIT
81d427225766c3b4d67964089f403a97	0	201892	player+silence	libopenmpt	Digital Symphony	4	96328	a9fd7c12	518b1481	MUSIC/SYMPHONY/XYZ/YELLO
8204bc0e0d5595a8320dbd736d66a2c2	0	76685	player	libopenmpt	Digital Symphony	4	163024	89a77124	f7a624fa	MUSIC/SYMPHONY/G/GULFSONG
821e23bd7651249cdc06afd9cf640c73	0	102247	player	libopenmpt	Digital Symphony	4	62152	8b9e46d2	709a661d	MUSIC/SYMPHONY/A/ACIDROCK
82352b0d6e811dd8fde4433576a772f9	0	369236	player+silence	libopenmpt	Digital Symphony	5	121284	1cc8972c	0574989a	MUSIC/SYMPHONY/K/KRISBEAT
8273bc5835b023dd34eb78234ac589a9	1	194291	player	uade	Soundtracker II (15 instr.)	0	91046	821f9dee	e83a5407	MUSIC/TRACKER/M/MYDAY
8298b36333a3b1364ea2e9cd7ab382dd	0	130365	player	libopenmpt	Digital Symphony	4	97180	dd32a4b4	60e216ff	MUSIC/SYMPHONY/XYZ/ZZZNORK
832046287b579c455c65c23702903d91	0	143328	player+silence	libopenmpt	Digital Symphony	4	87760	9aad4954	804f694a	MUSIC/SYMPHONY/E/ETERNITY
836494691f12f102edeadd4c3252a63e	0	291829	player	libxmp	Archimedes Tracker	4	249352	3161bc87	2590aa3b	MUSIC/TRACKER/F/F__KITUP
83838e555d6ae35db38220f159108814	0	235504	player	libxmp	Coconizer	4	113988	2ceb1feb	f32b1329	MUSIC/COCONIZER/SONGS/DRAGON
83b10fedfbc626e9661001d654266af8	1	69224	player	uade	Noisetracker 1.x	0	111954	a13675da	e3cb999c	MUSIC/TRACKER/A/ACID1
83bb4a204b5fee755f6fea6fffa99080	1	335304	player+silence	uade	Protracker compatible	0	98504	21a406db	68887981	MUSIC/TRACKER/O/OOZE
83f2d9bf2d31fb9fb98fd43ddf9a436d	0	240940	player	libopenmpt	Digital Symphony	4	87732	05611794	e489a0e4	MUSIC/SYMPHONY/R/RENDEZVOUS
83f834df8db151551a530bca4ccf038b	0	191714	player	libopenmpt	Digital Symphony	4	105888	04ca433a	218bc769	MUSIC/SYMPHONY/S/SCRATCH
844f99ce1b54174c79c82ccdfa7cd2a2	0	99691	player	libopenmpt	Digital Symphony	4	81521	58bc366b	12c796ef	MUSIC/SYMPHONY/C/COMMANDO
845e87b37d1d57ae375e1450b8a04cab	0	61428	player	libxmp	Archimedes Tracker	4	82540	a263d34a	d972f7af	MUSIC/TRACKER/A/ACID
847c9e7240ef9afe27c2c3d99e920d36	0	153371	player	libopenmpt	Digital Symphony	4	202588	b5b7ecf9	8ce20582	MUSIC/SYMPHONY/M/MORTE_85
84a6a9c24d69a9643550df7e9f01e430	1	245893	player	uade	Soundtracker II (15 instr.)	0	87224	925c3e41	27d654f8	MUSIC/TRACKER/M/METRO
84e60fb35d6a0a49a2192ac17d6a9cb8	0	107624	player	libxmp	Coconizer	8	102888	f3302e2a	bdd2d277	MUSIC/COCONIZER/SONGS/INSIDE
85294e71f5a059d5161089cca9439a38	0	270830	player+silence	libopenmpt	Digital Symphony	4	120212	39c786ef	0ace91e8	MUSIC/SYMPHONY/A/ACIDFORCE
85b765efba70d3fd69b9fc9195679d64	1	61568	player	uade	Noisetracker 1.x	0	54068	24984e29	8fcd5870	MUSIC/TRACKER/H/HYMNTOYEZZ
85b950670bc5fc01c28cdcb8d9634af4	0	227088	player+silence	libopenmpt	Digital Symphony	4	95588	73aee4b0	d31158ee	MUSIC/SYMPHONY/S/SURVIVOR
85f1d8b6d1bb7ba0d414e79b8043d4bc	1	92272	player	uade	Protracker compatible	0	33628	321e4f33	8e7bb836	MUSIC/TRACKER/V/VYPEOUT
85f9018ee0d01b2f4efcf2bd044e2279	0	153580	player	libxmp	Archimedes Tracker	8	60608	f2fdb091	b876c03a	MUSIC/TRACKER/P/PUSH8T
867851a562a913af87fa108962994776	0	143352	player	libxmp	Archimedes Tracker	4	111404	2239b487	846a8e77	MUSIC/TRACKER/M/MOUNTAINS
86a9c7b53c2d308cc5b7a29aed5b059a	0	53752	player	libxmp	Archimedes Tracker	4	86908	673f28c8	e3af57cd	MUSIC/TRACKER/J/JMJARRE3
86ae14310d504c6b1ad11b546f3aaf8d	1	291636	player+silence	uade	Protracker compatible	0	274728	47806c5e	149f78e5	MUSIC/TRACKER/E/ELMSTREET
86b41ff5607257a8c09116f5795eec13	0	207051	player	libopenmpt	Digital Symphony	4	94304	19a5182e	bf6e169f	MUSIC/SYMPHONY/XYZ/ZYCHO
86d92df557d1beccdb9ae78a4a905a3a	0	378228	player	libopenmpt	Digital Symphony	4	181636	e41bd856	c3e3e1f9	MUSIC/SYMPHONY/U/UPROAR
86eba4190c26331d8fbf837949056eea	1	355616	player+silence	uade	Protracker	0	84158	359d07fd	d1268fb9	MUSIC/TRACKER/H/HYSTERIA
87108789574f39e652ec725b5df4c050	0	423084	player+silence	libopenmpt	Digital Symphony	4	189448	ea1e9d0b	e4550fa0	MUSIC/SYMPHONY/T/TEMPORAL2
87f114f2c94a001434c184c555f7fbc5	0	264922	player	libxmp	Archimedes Tracker	4	68232	d9e16d18	f0daf05b	MUSIC/TRACKER/C/CANON
881f838217d3e2afd588a1943656800d	0	107359	player	libopenmpt	Digital Symphony	4	73644	fa37aa01	18fbf3b2	MUSIC/SYMPHONY/W/WOGANREMIX
882d320dec7726c109aa9450bdc7870f	1	261245	player	uade	Startrekker (4ch)	0	75892	a3bd1eac	628714eb	MUSIC/TRACKER/A/ADAMSKI
88923c754c0dd61d13c8c7b5b21b3d43	0	591968	player+silence	libopenmpt	Digital Symphony	4	156096	b1cfc3d7	a9142380	MUSIC/SYMPHONY/H/HOIPOLLOI
88bd5cd163d3c55fdf1a5c13b4c813a8	0	201328	player	libopenmpt	Digital Symphony	4	236476	cb29420b	a27a353f	MUSIC/SYMPHONY/S/STEVESPAM
88edc63ba31f17bedfd577656158a1a1	0	207051	player	libopenmpt	Digital Symphony	4	52712	2a30f6a2	a097da88	MUSIC/SYMPHONY/V/VIRGIN
8925744aa4b28347a0436aa9a932059f	1	30824	player	uade	Protracker compatible	0	6400	1f339fab	821e73c7	MUSIC/TRACKER/S/SOWHAT
892cca353210ccbd8f9bd578f3a3f4a4	1	242055	player	uade	Protracker compatible	0	173346	3f6a2b5b	e89f2ef7	MUSIC/TRACKER/B/BOMBTHEBAS
893fc5a6b710cfc41877fd09c08d3f25	1	138369	player	uade	Protracker compatible	0	75766	c1c2ca6f	f52079f2	MUSIC/TRACKER/E/E1
893fc5a6b710cfc41877fd09c08d3f25	2	61568	player
893fc5a6b710cfc41877fd09c08d3f25	3	38520	player
895e5cd7b9aed72fa1c32244483e59e1	1	230541	player	uade	Soundtracker II (15 instr.)	0	359338	748bcffd	8b8d2477	MUSIC/TRACKER/G/GIRLSNEED
896a50365828706ac3db421ced9e5581	1	199797	player	uade	Protracker compatible	0	202112	8cab53c7	d78120e0	MUSIC/TRACKER/H/HUMAN2
89f318abc6c37f1f9b910633602f4dde	0	208489	player	libopenmpt	Digital Symphony	4	255516	f4538b87	d00a1c88	MUSIC/SYMPHONY/P/PLANETGRV
8a0ce20b08c182dd1f8203e9c81b4e5b	1	199797	player	uade	Protracker	0	68400	c7003cbc	40e7e726	MUSIC/TRACKER/S/STARWARS
8a5a27c49eba9a4039c0e8927064eaae	1	143493	player	uade	Protracker compatible	0	92480	c3b70695	626f4fe1	MUSIC/TRACKER/S/SPACEDWEEB
8a8312d8df62be04bb5bb15839bbba7f	1	261245	player	uade	Soundtracker II (15 instr.)	0	103820	8b2423c8	6156e1bd	MUSIC/TRACKER/M/MEGABASE
8a94582faf8d15ad73298ec05b65df8c	0	328789	player	libopenmpt	Digital Symphony	4	108268	ad2846d5	25e6092a	MUSIC/SYMPHONY/S/SPHERES
8ab03de11c75ab7f56addfcb7a70a95f	0	145904	player	libxmp	Archimedes Tracker	4	46260	604cdbec	e2822b48	MUSIC/TRACKER/C/CASCADES
8acd25020e5560aad9fccd1575abeb65	1	44910	player	uade	Protracker compatible	0	39210	77003471	4c3a25f4	MUSIC/TRACKER/M/MUNKJAMS
8ad29522efeac6526f93a809456733b5	1	242055	player	uade	Protracker compatible	0	106026	e4ee9063	456aae5c	MUSIC/TRACKER/C/CHICAGO
8b0e21a40218b75735d0b5cf2cecd912	1	307321	player	uade	Protracker compatible	0	116894	f42d83e0	e658a718	MUSIC/TRACKER/Q/QUICKSTIFF
8b3dd4617ecbfd923efcda21358f3b0a	1	69224	player	uade	Soundtracker II (15 instr.)	0	39584	392d1382	4cebaeab	MUSIC/TRACKER/U/UNITA
8b3f33c0f47c93fb66c5c219004f586b	0	122876	player	libxmp	Archimedes Tracker	4	113348	99d2a170	047afe2d	MUSIC/TRACKER/D/DREAM
8b56024b85c11d91e8510fa98b7618bf	1	338130	player+silence	uade	Soundtracker II (15 instr.)	0	139384	2d9e3a59	03a9527b	MUSIC/TRACKER/C/CHOOSEJESU
8b70067b936ffe1325a722a3379efc48	0	199382	player	libopenmpt	Digital Symphony	4	59924	0bdc2350	d1c90497	MUSIC/SYMPHONY/XYZ/ZOWEE
8bc2260493613973691344a110210215	1	241527	player+silence	uade	Protracker compatible	0	205088	157db659	e347219c	MUSIC/TRACKER/A/ACIDOFIL
8bc32520baedde377babac3860a64370	1	115321	player	uade	Protracker compatible	0	43688	68c7f452	d370b9f6	MUSIC/TRACKER/E/ENCRYPT
8c006f599e20ba7c0a74623b7ed31152	0	207051	player	libopenmpt	Digital Symphony	4	87256	482766b0	d77210af	MUSIC/SYMPHONY/W/WITCHFIN_M
8c01c9333e4f0ebae8a83c4f039a9a45	1	414866	player	uade	Soundtracker II (31 instr.)	0	214704	f36fee30	ff2b84e2	MUSIC/TRACKER/R/RAINNIGHT
8c39d7df286ce1c9c60922218dfb836a	1	115321	player	uade	Protracker compatible	0	67388	77c38075	e5061769	MUSIC/TRACKER/E/ELVIRA2
8c433d974439d67f86b637feb076dd89	0	144264	player	libopenmpt	Digital Symphony	4	533624	7417670c	ed309996	MUSIC/SYMPHONY/G/GIVEITUP
8cb50f1ac19241fd2594e363314f5e3b	1	188562	player+silence	uade	Protracker compatible	0	115272	c8f95924	132517ed	MUSIC/TRACKER/R/RHYTHMMAST
8cb8e72169ac61fae4846155a2080431	0	121339	player	libopenmpt	Digital Symphony	8	15988	c2fa93d7	0a34c078	MUSIC/SYMPHONY/T/TWINPEAKS
8cc3a94aea68b42a5f09a227f2d6d267	0	368629	player	libxmp	Archimedes Tracker	4	144564	2d016b86	26ccca32	MUSIC/TRACKER/R/RAIN
8cf858336285253550a94c4d4cc834dc	1	230541	player	uade	Protracker compatible	0	149846	b60f0948	79df467a	MUSIC/TRACKER/T/THUNDERFOR
8d299e6f72bf4b7d2ff9ba5534182989	0	71054	player	libopenmpt	Digital Symphony	4	67360	97d2d72b	bd3de7bb	MUSIC/SYMPHONY/S/S_O_M
8d87a6d2e0000bccc0a02dcf10ed112b	0	160155	player+silence	libopenmpt	Digital Symphony	4	254420	2898310d	9e3f653c	MUSIC/SYMPHONY/N/NICOLE
8dc34a3e803d91285fb2ff06e42d2b02	0	138353	player	libopenmpt	Digital Symphony	4	289736	84b6e903	2d8dc63d	MUSIC/SYMPHONY/T/TORNADO
8dc857275525ed58b1731d33c6813ca0	1	263792	player+volume	uade	Protracker compatible	0	113574	ae04ca03	0280ae7c	MUSIC/TRACKER/T/TF
8dcf41658e6b2d1c7b0fd5e3a48728c1	1	293396	player+silence	uade	Protracker	0	94396	8c47e10a	851be491	MUSIC/TRACKER/D/DNA_DREAM
8dcf42112f2dfef5b7c5decff35739e1	1	322693	player	uade	Protracker	0	351546	daeac312	c84bca93	MUSIC/TRACKER/D/DASBOOT
8dd395030846687229bb47c116b37a7e	0	191980	player	libxmp	Archimedes Tracker	4	132372	6675a3fa	210c3ee0	MAGAZINES/_TYRANT2/MUSIC/SCRATCH
8dd4b81af68d85afb35025ed1cd6be28	1	118817	player	uade	Protracker compatible	0	91988	3b0c334b	f942e94e	MUSIC/TRACKER/E/ENUTOMED
8df6e61b470be27e3b0a77339c28b10f	0	187494	player+silence	libopenmpt	Digital Symphony	4	151748	b4b5bd3c	d3ff1813	MUSIC/SYMPHONY/E/EQUA_LOGO
8e4fc878a1f3828703233b06d8043017	1	229577	player	uade	Protracker compatible	0	117832	e1f64ee3	82ed634a	MUSIC/TRACKER/I/ISISUNVEIL
8e59162e13547bd674c24b639b5bc885	1	205262	player	uade	Protracker	0	76500	63acd8ad	77063649	MUSIC/TRACKER/S/SHOT
8e78a85dc6346be0f2c18a73509bb1d4	0	97774	player	libopenmpt	Digital Symphony	4	90408	56f25446	fc82d4e7	MUSIC/SYMPHONY/U/UNKNOWN
8e7bd95ab07282e94d62365a4b340489	0	207051	player	libopenmpt	Digital Symphony	4	26808	0681277a	6991aefc	MUSIC/SYMPHONY/D/DAVE_C
8ea278c14b284989955a63b59d6f839f	1	108288	player	uade	Startrekker (4ch)	0	190012	3a92b8b0	1e963058	MUSIC/TRACKER/N/NIGHTJAZZ
8eb1ffc2b6dcfbfbd7760b21b42dcff1	0	132573	player+silence	libopenmpt	Digital Symphony	4	20600	91150ef1	2353a519	MUSIC/SYMPHONY/A/ALBERT
8eea7c08da7cbff1e1a33c0a78d745c3	0	168708	player	libopenmpt	Digital Symphony	4	82324	935eeeea	d4aa3db2	MUSIC/SYMPHONY/E/EXTAZY
8f5af7f29b37d80fdf704415ec889418	0	207111	player	libopenmpt	Digital Symphony	4	109152	4ee3fb30	59112e54	MUSIC/SYMPHONY/M/MEGAMIX
8f61b8a449342a281fac2c6e91aef6fd	1	152435	player	uade	Soundtracker II (15 instr.)	0	265208	42db9f82	d2306691	MUSIC/TRACKER/H/HOO_YEAH
8f9d18a5f55a18c4d6af246c5999db41	1	172529	player	uade	Protracker compatible	0	100712	2a95b172	e9b61fb1	MUSIC/TRACKER/B/BEAST2_2
8f9d18a5f55a18c4d6af246c5999db41	2	135797	player
8fc712ae9f9bfa693c7bfd4d07e226d4	0	172542	player	libopenmpt	Digital Symphony	4	87880	5d5a08ce	e153b5ff	MUSIC/SYMPHONY/M/MANUTDMUS
8fe7bfed411158a18a93c08533aff0d8	1	238661	player+silence	uade	Startrekker (4ch)	0	304928	39f42eae	ad5ae57d	MUSIC/TRACKER/S/STAKKER
8ff0463baa596b53cf7b60c5bb0e91e8	0	188431	player	libopenmpt	Digital Symphony	4	228260	e5262f03	cc47a936	MUSIC/SYMPHONY/N/NO_TITLE
9011a61188d49722032c850a02b41cb1	0	233295	player	libopenmpt	Digital Symphony	4	148660	df43f62f	d6ea9e9e	MUSIC/SYMPHONY/L/LISTEN2
901219a74fa3d0f920caf3c8abd84b52	1	310737	player	uade	Protracker compatible	0	131218	c992308c	f27ccecd	MUSIC/TRACKER/M/MOONGAZER
9036f9d1747b48681c779ad902098df0	0	215199	player	libopenmpt	Digital Symphony	4	86532	c00fd163	78b71c17	MUSIC/SYMPHONY/W/WHITECSTLE
9060fbd27a4b04d4e451cb5c6bca0f97	0	210623	player	libopenmpt	Digital Symphony	4	149764	39ad01c0	1694e36e	MUSIC/SYMPHONY/L/LOVEPARTY
90bf57a44e0eead529979f03efcc756a	1	146045	player	uade	Protracker compatible	0	70144	ea235a38	eec24f6f	MUSIC/TRACKER/A/ALEX
90faf17cb1c626df3845d8b177eadb0a	0	46969	player	libopenmpt	Digital Symphony	4	534164	11cdf0ab	f0fe0ba8	MUSIC/SYMPHONY/P/POISON
9123e8980a5394d1aa6135dcc0fecb32	0	107359	player	libopenmpt	Digital Symphony	4	9996	8d09498c	b94feb3a	MUSIC/SYMPHONY/C/CHIPGENE
91647131a81d538347241fe3517956f9	1	216113	player	uade	Protracker	0	116920	26543e01	9cb671b9	MUSIC/TRACKER/A/ALTREALITY
91c6654745aa96a8de71ab4e681940cc	1	245893	player	uade	Soundtracker II (15 instr.)	0	69316	7f495c6e	60f37a87	MUSIC/TRACKER/C/CRYSTAL
92065e84130a7bd3ff6da1dfaa51ba53	0	500897	player+silence	libopenmpt	Digital Symphony	4	101048	dce52d6d	2f95d446	MUSIC/SYMPHONY/H/HEAVENHELL
92117c5c4559e3ca34f2ac9d4682afe5	1	176769	player	uade	Protracker compatible	0	56626	384ad9ba	e917268e	MUSIC/TRACKER/D/DOTS
9289ff3714a26792112820676819024f	0	135201	player+silence	libopenmpt	Digital Symphony	4	231240	76a88d8d	266f80ac	MUSIC/SYMPHONY/L/LOONY2
928ed97206a2eeb5a5e1c6cfbef3af2f	0	61747	player	libopenmpt	Digital Symphony	6	76444	ffd747ba	f6babf8a	MUSIC/SYMPHONY/B/BODYDANCE
92b2bd6b5611c599a3256299cf29a3d1	0	295181	player+silence	libopenmpt	Digital Symphony	8	276052	86a3e851	77818103	MUSIC/SYMPHONY/P/POWERCAROL
930518d164db8dfecc5029c08294fe06	0	337905	player	libxmp	Archimedes Tracker	5	161812	0ea9df31	7fc2fed3	MUSIC/TRACKER/D/DREAMSCAPE
933742a0fd33d2028f390ad3c5686002	0	222747	player	libopenmpt	Digital Symphony	4	47780	87c62443	6fea49dc	MUSIC/SYMPHONY/O/OXIGIN
939cbeddef6c04297486bfeb0a0aa72b	1	76920	player	uade	Protracker compatible	0	34816	46a0e74b	7f3ddcc6	MUSIC/TRACKER/E/EGYPTIAN
93a4551cfa9662863a5d09cceea26736	0	11982	player	libopenmpt	Digital Symphony	4	48700	c05c055a	263f2745	MUSIC/SYMPHONY/C/CRYSTLMAZE
93ad5208cf1afe36cd3d2f47637d2bdd	1	210068	player+silence	uade	Startrekker (4ch)	0	118812	a6900ea7	17379bde	MUSIC/TRACKER/W/WHISK
9459621f33355dd7963fbfc6dc91e068	0	15217	player	libopenmpt	Digital Symphony	2	209016	df3e2f7c	5d4ce7bd	MUSIC/SYMPHONY/L/LOONEY
9472524a1c5d39f4dd7402cfaab56c73	0	136661	player	libxmp	Archimedes Tracker	4	180544	a9794238	721e7bab	MUSIC/TRACKER/_DIGIT/5_OVERPAR
9492e023d655fff42fcdabc8174b9f15	1	116667	player	uade	Protracker compatible	0	64038	ccbcbbf3	8695ac65	MUSIC/TRACKER/H/HEAVYTHRAS
9498b9d49f4a967db2dafec92fd6225a	1	238197	player	uade	Soundtracker II (31 instr.)	0	222432	d26a7977	e87e8d56	MUSIC/TRACKER/B/BAB_12
94cabb1fb557b4b2f7ee0fd2760257f9	1	138369	player	uade	Noisetracker 1.x	0	69291	f18e3c11	4284f8e4	MUSIC/TRACKER/C/CATASTROPH
94e9399b9a319f96773583fbde051964	0	176377	player	libopenmpt	Digital Symphony	4	92160	8e658b34	d3aa50c3	MUSIC/SYMPHONY/M/MISSERY
951ea1c12063f93dcec7d5fed3695e3f	0	130365	player	libopenmpt	Digital Symphony	4	76220	eae192e2	639c84da	MUSIC/SYMPHONY/W/WASTELAND
954e28a579a6b112bf43f3ed551c406a	1	171826	player	uade	Protracker compatible	0	113936	e66fbce7	b00098bc	MUSIC/TRACKER/_DIGIT/3D_FOOT
95fb5209848dee8e3e0c52fa9a440e58	0	40919	player	libopenmpt	Digital Symphony	4	299756	4af4c56d	c0ec8e92	MUSIC/SYMPHONY/R/REN_STIMPY
961e68d8992d7be0f13456ef104b1136	0	305145	player	libopenmpt	Digital Symphony	4	265820	75e2e989	a17adbe7	MUSIC/SYMPHONY/T/TRIP
966ee7eeee0b2ea8899c48ac25a7d28d	0	83994	player	libxmp	Archimedes Tracker	4	112692	57b3b92e	a3cda958	MUSIC/TRACKER/XYZ/XMASFUNK
969b2ad0609e5b00ca501ee01aa33d7e	1	89583	player+silence	uade	Soundtracker II (15 instr.)	0	53964	93113306	42736194	MUSIC/TRACKER/D/DALLAS
96f1efa239e0f017819b95ce61e61ea8	0	30704	player	libxmp	Archimedes Tracker	4	34704	3fb3d436	93191af3	MUSIC/TRACKER/G/GIANTREE
9719b2ab37d0a906f6c884f9291a67f0	0	512367	player+silence	libopenmpt	Digital Symphony	4	149480	8e0e7f91	b02c92da	MUSIC/SYMPHONY/O/ORCHEST90
9734937e7217595c04ad942222973516	0	138228	player	libxmp	Archimedes Tracker	4	102744	584cb8a0	e3e5862b	MUSIC/TRACKER/C/CONTROL
9797c6628453336bc60df0e6e832ada2	0	138273	player	libopenmpt	Digital Symphony	4	202488	abeba457	6a813e16	MUSIC/SYMPHONY/L/LOVELYDAY
97e4fab36232f60d1affd42142344f6a	0	196183	player+silence	libopenmpt	Digital Symphony	4	141992	ab79a09a	65b5eea3	MUSIC/SYMPHONY/U/UNDERTHUMB
97feb7dedb4567c367b5b12fd536d247	0	80638	player	libxmp	Archimedes Tracker	8	50552	51a88b14	e2c4078a	MUSIC/TRACKER/A/ACIDBAT
98c2fa5dacdfa6b2cc37a489c1d86eb6	1	55962	player	uade	Noisetracker 1.x	0	52004	54e2559f	cae81a34	MUSIC/TRACKER/A/AIRWOLF
98cd9735156be59132b28b1c20c1d221	0	259253	player	libopenmpt	Digital Symphony	7	471360	94b64148	8872a88d	MUSIC/SYMPHONY/D/DATA
9912982a6dec7c644342a1801f382a76	0	223666	player	libopenmpt	Digital Symphony	4	71072	7c8aac69	2b6da71e	MUSIC/SYMPHONY/G/GALACTIC
9928caf71db07b7a5b587772b3904fc0	0	482231	player+silence	libopenmpt	Digital Symphony	4	298620	9effa565	664df76e	MUSIC/SYMPHONY/O/ORPHEUS
9934ed9ad6c85fc6305c4330d4dea66a	0	98646	player	libopenmpt	Digital Symphony	4	182028	d85af03f	2f2f9585	MUSIC/SYMPHONY/E/EXPARROT
99596ac1b0b96596e6c30f588f669c50	0	57993	player	libopenmpt	Digital Symphony	4	59864	a4f7044b	417da34a	MUSIC/SYMPHONY/C/CHICKENSNG
99c34615eb37bc9bcea5d6d3ac71dffa	0	309298	player	libopenmpt	Digital Symphony	4	114512	1a87d5bd	ab6114db	MUSIC/SYMPHONY/M/MESSAGEV12
99e545f394b579666618bc528392b928	1	9082	player	uade	Protracker	0	16592	a2ecb71c	d5fefc19	MUSIC/TRACKER/D/DRUMS
99e78e3317047e67ad97ef43d3691ab2	1	221298	player	uade	Protracker	0	182266	2ea7f5b0	c12796fb	MUSIC/TRACKER/S/SEAOFLOVE
99f86607bc9fa02d1356ac29766c75d3	0	251385	player	libopenmpt	Digital Symphony	4	105112	92d7070f	591862d3	MUSIC/SYMPHONY/G/GREENS
9a09aa9fe02f8ac48fc3634781ab33b7	0	235169	player	libopenmpt	Digital Symphony	4	103348	13efa379	4fcba6d6	MUSIC/SYMPHONY/B/BREATH
9a1c9c88aadf29eb4e010670ca288d98	0	264565	player	libopenmpt	Digital Symphony	8	24896	09eae7a0	537ca4aa	MUSIC/SYMPHONY/E/EINEKLEINE
9a357276548c473709a1594a5fb3860b	1	274929	player	uade	Protracker compatible	0	117264	5cb4695f	74f0816f	MUSIC/TRACKER/B/BEAST2_1
9a842c1d06a17df016b2779de7736d02	1	253569	player	uade	Protracker compatible	0	178688	521de635	c826e4ed	MUSIC/TRACKER/A/A_NUMBER
9aae7edd34f0c0980ddaf3c7fe66d286	1	199797	player	uade	Protracker	0	169176	8c18b493	61ffeab7	MUSIC/TRACKER/A/ALTARLIGHT
9aae95ddfc81de4f6ae5809cbf84a8da	1	307321	player	uade	Soundtracker II (15 instr.)	0	68080	98f9d5ad	59d2cc37	MUSIC/TRACKER/T/TJATMIKES
9ae962fceefcce398fd3c36bebdc3e43	0	58072	player	libxmp	Archimedes Tracker	4	85612	6504b23e	88f3eafc	MUSIC/TRACKER/C/CHICKENSNG
9afcdde0bab83515dd0ee9ba85f73814	1	147974	player	uade	Protracker	0	56054	74fc0e77	69fe905c	MUSIC/TRACKER/_DIGIT/2UNLIMITED
9b0ffecee88b19b94dd232883bbf434a	0	170861	player	libxmp	Archimedes Tracker	4	49140	079ddc1b	4dfa7624	MUSIC/TRACKER/E/EELS
9b82f3e56507572bc9a062b4316cfabd	0	185443	player	libopenmpt	Digital Symphony	4	304856	129901dd	fba181a7	MUSIC/SYMPHONY/_DIGIT/2UNLIMIMIX
9be1f6976f4db3cd6b07eeb37e646c73	1	192141	player	uade	Protracker compatible	0	59994	924216e9	1b1c88f1	MUSIC/TRACKER/C/CARVUP4
9bfb33e43b7abd85086fc9560dc810c1	0	217435	player	libopenmpt	Digital Symphony	4	77840	e4ca2886	efaec33e	MUSIC/SYMPHONY/S/SLIGHTLYTI
9c39f0d1e2544bdccba9d50a3fa1dd77	1	166601	player	uade	Soundtracker II (31 instr.)	0	103840	cd90001a	e0b34544	MUSIC/TRACKER/T/T_BIRDSRGO
9c3f1ae0e6004cc24bcb40759fb32c1d	0	111129	player+silence	libopenmpt	Digital Symphony	4	128964	7611c925	cef52ff1	MUSIC/SYMPHONY/D/DREAMING
9c73d845bd11c7de255c1bcb0198ee9b	1	90363	player	uade	Noisetracker 1.x	0	92088	e5dc6f26	9cb7d9ca	MUSIC/TRACKER/E/ECOMIN
9c79cba34a7a39725ab07fd3ca75cf52	0	238639	player	libxmp	Archimedes Tracker	4	139192	34f18267	1fb7f254	MUSIC/TRACKER/H/HUNGRAFTER
9c8384698af27905ed7e72f2d1a27ffa	0	136117	player	libopenmpt	Digital Symphony	4	103744	4397639d	c8172417	MUSIC/SYMPHONY/K/KEEPBUSTIN
9c934f8102b567c9591c24e280c2b280	0	309753	player	libxmp	Archimedes Tracker	4	157564	6bbd2020	b59ee194	MUSIC/TRACKER/V/VCC_2
9c9669a41f65fd19814c89fed26ea6b7	0	53679	player	libopenmpt	Digital Symphony	4	34124	bf32c442	69504d91	MUSIC/SYMPHONY/A/ACIIIIID
9c978e8dacc8f061c5e73d21b783bc72	0	157205	player	libopenmpt	Digital Symphony	4	161864	514dc458	f679ce89	MUSIC/SYMPHONY/S/STEPONE
9cb13657c35d620fd982181be3113d12	1	146045	player	uade	Protracker compatible	0	230044	45e8c116	05423fba	MUSIC/TRACKER/M/MEGMANIA
9d4e2f5d61aa9bc7331f82184e2808b0	1	253480	player+silence	uade	Protracker compatible	0	123260	06e46c8f	89d28a8f	MUSIC/TRACKER/A/ANDANTE
9d928666ce2cebcea20ca66ba8c8b37e	0	220458	player+silence	uade	Soundtracker II - V or compatible	0	154006	ebc404d9	72542b0c	MUSIC/TRACKER/A/ACID_HOUSE
9d9699ec35e9f0e349fd89f0f9cfdfe2	0	375440	player	libopenmpt	Digital Symphony	4	122576	8651e65d	4c755d70	MUSIC/SYMPHONY/T/TEMPORAL
9e8b4ada97454f6402cd7d4153ffc36c	1	155650	player	uade	Protracker compatible	0	125546	ff2f1ec9	47059210	MUSIC/TRACKER/D/DANCTILDIE
9e8c17fbca69ea068d87db9dbe87829e	0	138034	player	libopenmpt	Ultimate Soundtracker 1.0-1.21	4	46848	c4ef42c6	97ea4533	MUSIC/TRACKER/V/VENICE
9ea6ad97da7c4dc37e6e8fecf304cdb8	1	150787	player+silence	uade	Protracker compatible	0	122104	b7468a6b	54681f80	MUSIC/TRACKER/N/NAMEBAD
9edffc4f8fabf4679b22da69c36b7735	1	107645	player	uade	Protracker compatible	0	99702	9fab08c0	4526a343	MUSIC/TRACKER/B/BASELINESQ
9ee29b22f18f54bb386113243b5e6c95	1	442681	player+silence	uade	Soundtracker II (15 instr.)	0	108372	32b10251	69ba22ed	MUSIC/TRACKER/A/ALWAYSOMM
9f136d042b5c88d6a5c9ee66b42f26c2	1	81723	player	uade	Soundtracker II (15 instr.)	0	55450	bc510fae	6f3738df	MUSIC/TRACKER/A/AIRBORNE
9f7659b61d64a55b4fff01f554270a62	0	168952	player	libxmp	Archimedes Tracker	4	31364	07135391	5515ea0b	MUSIC/TRACKER/E/EWOK
9f86c0f2bdcbba1c39119b72794707ec	0	201585	player	libxmp	Archimedes Tracker	8	140616	99fe89d7	4efee265	MUSIC/TRACKER/T/TECHNOOOW
9fbd4e60707f6823338db77df628996d	0	204087	player+silence	libopenmpt	Digital Symphony	4	76460	3b446792	57ee90c3	MUSIC/SYMPHONY/K/KLFCHURCH
9fcc37983ee0ac8179da4069ee30f4ac	0	182667	player	libopenmpt	Digital Symphony	4	93124	86eb2bfb	b0b22bb0	MUSIC/SYMPHONY/M/METALHORN
9fd92c22c9bd7d0f2f4ca000287d8251	1	291428	player+volume	uade	Soundtracker II (15 instr.)	0	161930	f42dd40e	78a766fc	MUSIC/TRACKER/P/PETERGUNN
a015d8263f601ed5804303da84b8138a	0	113789	player+silence	libopenmpt	Digital Symphony	4	73192	a783085a	a6991aec	MUSIC/SYMPHONY/P/PARTY
a016e2c4a7a14bef0e7f7c50a84d9a9f	0	154689	player	libopenmpt	Digital Symphony	4	160320	f5d8fe5d	eaf653b6	MUSIC/SYMPHONY/XYZ/XCEL
a02f4a0b62de3691461464229be0189b	1	143493	player	uade	Soundtracker II (15 instr.)	0	59844	87040e43	94d5df3f	MUSIC/TRACKER/W/WOTROCK
a056f02aa61e632ffafc75ab28d0b902	1	38520	player	uade	Soundtracker II (15 instr.)	0	25220	4f22e857	bbdfde09	MUSIC/TRACKER/P/PRETEND
a0c542880e69e10efa7d01f2bc3e9305	0	278024	player	libxmp	Archimedes Tracker	4	186676	2f3db2fe	7c520aff	MUSIC/TRACKER/M/MERCURYWND
a0dae6614a32b57791078f6ae945e046	0	193631	player	libopenmpt	Digital Symphony	4	63168	3f83c7e7	7bf787fe	MUSIC/SYMPHONY/R/RAINYDAY
a0e56e2e3ce5e300229236191020a0de	1	115321	player	uade	Protracker compatible	0	103480	231aa45f	86ecffe5	MUSIC/TRACKER/D/DRAGONS
a0e835365ddcc726f7c79dec3f653caf	0	170625	player	libopenmpt	Digital Symphony	4	114812	12b996d7	b289ec30	MUSIC/SYMPHONY/R/RTFT
a0e986c497c9b40a0333d8b02d85983d	0	165594	player+silence	libopenmpt	Digital Symphony	4	87752	8e43f8e1	89f3adf9	MUSIC/SYMPHONY/B/BAB_11
a0f0e6d942bd5ad66ae8f125ea86dcab	0	109396	player	libopenmpt	Digital Symphony	4	159752	6f92979f	a015613b	MUSIC/SYMPHONY/R/ROBOMIX
a0f0e6d942bd5ad66ae8f125ea86dcab	1	3834	player
a129ff01ead4a0c35e4a98831647491b	0	452541	player+silence	libopenmpt	Digital Symphony	4	105172	827895d2	c3e374ef	MUSIC/SYMPHONY/C/CALYPSO
a1427da886e87caff6c882ba858a0850	1	264213	player+silence	uade	Noisetracker 1.x	0	112676	6b99729e	404574c2	MUSIC/TRACKER/D/DNS
a173018391ad2e203965b5beb65ef79b	0	189251	player+silence	libopenmpt	Digital Symphony	4	437652	d3200945	fe3c888d	MUSIC/SYMPHONY/T/TEENSPIRIT
a200e750d7a009ff7085449112239e08	0	153371	player	libopenmpt	Defjam Soundtracker III / Alpha Flight SoundTracker IV / D.O.C. SoundTracker IV / VI	4	54292	484fba24	eb1dc299	MUSIC/TRACKER/S/SUPERACT7
a273e37731b44fe8fac3b5c0def935fd	1	276597	player	uade	Soundtracker II (15 instr.)	0	116516	4e459e45	d18ac459	MUSIC/TRACKER/P/PROTEUS
a2e65ef4ac56ac5818e37b98c614fa2f	0	308606	player+silence	libopenmpt	Digital Symphony	4	168296	946805c9	af2d7b7e	MUSIC/SYMPHONY/T/THEPOWER
a31afea7d046da54b81cecdfab588b0c	0	245394	player	libopenmpt	Digital Symphony	4	73824	a486974a	38fe69f2	MUSIC/SYMPHONY/F/FUNNYBONE
a352c7aeb3c80866fc613ecad2e5b9af	1	403131	player+silence	uade	Protracker compatible	0	127400	997b8346	6f80fe5e	MUSIC/TRACKER/M/MOONDARK
a38ce6f446f48bb91928a8c594afcb0f	0	142184	player+silence	libopenmpt	Digital Symphony	4	158152	0bdadfe5	1422868a	MUSIC/SYMPHONY/J/JASON
a3a4415f8480e7b4399a5bb8a129c31e	0	316308	player+silence	libopenmpt	Digital Symphony	4	95968	d2dd5c67	f51f2d01	MUSIC/SYMPHONY/G/GRAVEYARD
a3f9ea6b4421e7f0c87c49aaaafdaef6	0	102168	player	libopenmpt	Digital Symphony	4	142672	560157fd	48e3d74c	MUSIC/SYMPHONY/J/JOE2
a409dd5e9c4bc98acd6c0374fa7c996c	1	215149	player	uade	Protracker compatible	0	28326	ee98c728	65571879	MUSIC/TRACKER/P/PH_1
a44187532bb483e5cefe116e1ac8edeb	0	238076	player	libxmp	Archimedes Tracker	4	110040	c55b1ea0	03238096	MUSIC/TRACKER/T/TJOHEJ
a495857681b6ff0fe6144872559a8f46	0	218326	player+volume	libopenmpt	Digital Symphony	4	56252	16e07ddd	3806c3af	MUSIC/SYMPHONY/F/FRIENDS
a4ca8fd51174776fca8fcf70d287a4b4	0	167205	player+silence	libopenmpt	Digital Symphony	4	60612	d9bafd23	78fdc654	MUSIC/SYMPHONY/D/DUCKSONG
a4d67afee83fea9059cdfb417d48c2c7	0	161276	player	libxmp	Archimedes Tracker	4	117952	596c307f	cc3abbf0	MUSIC/TRACKER/D/DATATHEME
a4e724045d7b7743232322d6327e409c	1	138369	player	uade	Protracker compatible	0	73856	7a870ffa	c894a5e7	MUSIC/TRACKER/T/TECHNOTRON
a5122b40f80088fba2fedc8bebbfcca5	1	502240	player+silence	uade	Protracker	0	164020	6ad884de	8831f487	MUSIC/TRACKER/H/HEAVEN
a5306d63b9d8d857cbfdf20b56b329ec	1	483090	player+silence	uade	Protracker	0	366796	e7af865f	88f2561b	MUSIC/TRACKER/O/ORPHEUS
a58a49d480545c77347e3aaf26781a42	0	178316	player	libxmp	Archimedes Tracker	4	258116	0230864c	8f24299d	MAGAZINES/_TYRANT2/MUSIC/DEEE_LITED
a5fe36f330b1a91e474ff8c4edcc5e4b	1	192141	player	uade	Protracker compatible	0	120424	e8152e1d	8146a3e5	MUSIC/TRACKER/S/SSANTHEM
a66258fb07bdcd807fb9394f65c0afef	1	235002	player	uade	Noisetracker 1.x	0	127378	204d8876	b29bfb1d	MUSIC/TRACKER/F/FUTURE2
a66daa118b69d352022e91305651db07	1	211331	player	uade	Protracker compatible	0	310920	859417dc	37b78d8a	MUSIC/TRACKER/G/GIMEBASS
a692b9ad91ca548aff0167915d84dff0	1	15036	player+silence	uade	Protracker compatible	0	49376	6e32d313	73d20a66	MUSIC/TRACKER/F/FAN
a6dd18e3b00b63d841fc594bf3817c59	1	416132	player	uade	Protracker compatible	0	128084	c9d72993	24221ffc	MUSIC/TRACKER/A/APOCALYP
a6eb6d4e2f9564002eb96ff4b8fad9a3	0	358246	player+silence	libopenmpt	Digital Symphony	4	77744	f9384e40	e5799aad	MUSIC/SYMPHONY/_SYMPHONY/TUTOR/OBERHEIM
a6f89a7e3055af8fd50e9baab309733f	1	84616	player	uade	Soundtracker II (15 instr.)	0	54578	324bc628	90dc8248	MUSIC/TRACKER/D/DRAGLAIR
a74f9d8fa0352ab4b4bbc781d63fdd78	0	76805	player	libopenmpt	Digital Symphony	4	43228	5488c476	a2d4f241	MUSIC/SYMPHONY/A/AFFAIR
a76275dda22f58d12e7ccec091594105	0	199676	player	libxmp	Archimedes Tracker	8	65644	d77be964	cf85c70d	MUSIC/TRACKER/G/GHOSTS
a7b63e3fcb2064848103c7c8d4cf7df3	0	107359	player	libopenmpt	Digital Symphony	4	33792	316f61f7	4199cb57	MUSIC/SYMPHONY/E/ESONG
a7ca2e38a93da2659c7d782593f64cad	1	130693	player	uade	Protracker compatible	0	75326	b38265bd	4c0ffe69	MUSIC/TRACKER/G/GETINTOUCH
a808ad6f51c9ec3801f223611cc62fb9	1	183480	player	uade	Protracker	0	226810	b3ca6572	98826c78	MUSIC/TRACKER/H/HARDCORE
a855caf749b9e78c23ccacd178fb8e29	0	174228	player+silence	libopenmpt	Digital Symphony	4	77684	7fa1799d	d4bfa146	MUSIC/SYMPHONY/U/USVOLLEY
a8936c425e0b64e77df86ddb0a602723	0	158119	player+silence	libopenmpt	Digital Symphony	4	81844	400ca504	06337c61	MUSIC/SYMPHONY/B/BROTHERS
a89790f10d632c3b8577eacca3595965	0	84354	player	libopenmpt	Digital Symphony	4	53968	f7f50f53	b0b4579e	MUSIC/SYMPHONY/S/SWEETDREAM
a8dd436119aeef4fa195d14726d2d3e9	0	302807	player+silence	libopenmpt	Digital Symphony	4	128244	b72a762c	8bb48e5f	MUSIC/SYMPHONY/I/IRONMAN
a93f37078d32d5ebd8ada2dd50319620	0	124484	player+silence	libopenmpt	Digital Symphony	4	277960	7d567053	eed34068	MUSIC/SYMPHONY/S/STREETTUFF
a9474ed886faa93653a23961a528fbc5	0	220902	player	libopenmpt	Digital Symphony	4	116356	30107083	3b4de4cb	MUSIC/SYMPHONY/S/SEAOFLOVE
a948c7b08f729ce43acc90273943f80a	1	236926	player+silence	uade	Protracker compatible	0	205160	608d5c4d	4b54e35f	MUSIC/TRACKER/A/ALKALI
a961b8a962c6edb0254963b44db05f7e	0	152856	player+silence	libopenmpt	Digital Symphony	4	119148	720fa8ef	905bdd1a	MUSIC/SYMPHONY/T/TIEDUP
a9795ea82ddf27b75b7267b81679e2cc	0	132215	player+silence	libopenmpt	Digital Symphony	4	85784	95a51c1c	eccdabf3	MUSIC/SYMPHONY/W/WINDOWS
a9bcff263af8ccd7363923d6902fb367	0	625260	player+silence	libopenmpt	Digital Symphony	4	136516	21e085f0	8af2d3aa	MUSIC/SYMPHONY/M/MARATHON
aa01b57591c6a422524585a3c53b4145	1	161397	player	uade	Protracker	0	115986	72386932	5c659e05	MUSIC/TRACKER/U/UNITE
aa0c85e07d18d3f69e6db2001515757f	1	291117	silence	uade	Protracker compatible	0	268918	ed00e270	d06b6ef4	MUSIC/TRACKER/O/OXSANGEEN
aa3e31b9add6cae3d08d80201c7b5cc5	0	217810	player+silence	libopenmpt	Digital Symphony	4	297232	dc97a34a	ca118876	MUSIC/SYMPHONY/N/NATIVES
aa73a31861ffe770b4f349b43034a5cb	0	230057	player	libopenmpt	Digital Symphony	4	120560	656f4b60	a00554e0	MUSIC/SYMPHONY/R/RAP
aa9ea5e5db7ddb43301be2eaa525569d	0	80519	player	libopenmpt	Digital Symphony	4	22804	16395f03	d9541eed	MUSIC/SYMPHONY/F/FAXMODEM
aa9ea5e5db7ddb43301be2eaa525569d	1	23005	player
aa9ea5e5db7ddb43301be2eaa525569d	2	3834	player
aaa85e7d1fd7e2f34cb33790be2f9b44	0	92022	player	libopenmpt	Digital Symphony	4	79060	c444d927	3cc24e02	MUSIC/SYMPHONY/D/DANCEDAY
aab206b978656238b76a90b33e9ca6cd	0	153371	player	libopenmpt	Digital Symphony	4	62768	51d9b0cb	bd3e2763	MUSIC/SYMPHONY/R/RON1
aaecdf13ff3d1c694a657a732011a2af	1	533563	player	uade	Protracker compatible	0	193542	a53563d6	925032da	MUSIC/TRACKER/S/SHOWTUNE
aaff750bcead61a465b6ed6054043f7b	1	207493	player	uade	Soundtracker II (31 instr.)	0	75972	b8b43d43	408d9054	MUSIC/TRACKER/P/POWER
ab0f801309e21eb0adba4d31db941a75	0	75027	player+silence	libopenmpt	Digital Symphony	4	39556	25b11070	b898429d	MUSIC/SYMPHONY/S/SWANDANCE
ab193f929933f5017f30715c24ba8574	0	192992	player	libopenmpt	Digital Symphony	4	92248	ec10fd69	75e1e87c	MUSIC/SYMPHONY/M/MOONCHILD
ab8e4da7cd1ef6b141f8fef4c591d624	0	134199	player	libopenmpt	Digital Symphony	4	74844	7e39643c	a95ac944	MUSIC/SYMPHONY/I/INTRICATE
ab98772b8561c3fa24a2d47ec733398e	0	143146	player	libopenmpt	Digital Symphony	4	83516	ae343df6	06b8715b	MUSIC/SYMPHONY/M/MYEND
abd60cd8c6bc419e746deb80ccf0226c	1	41394	silence	uade	Protracker	0	52994	bb4898da	4c0b9c96	MUSIC/TRACKER/XYZ/ZOOLACID
abdeb07de14f79a5491079df7f58f930	0	145702	player	libopenmpt	Digital Symphony	4	196132	da117feb	f39c0830	MUSIC/SYMPHONY/M/MODVOC
abe31a576176908de45f7bde4db0cd40	1	276065	player+silence	uade	Protracker	0	134294	93c6ff17	2783906b	MUSIC/TRACKER/B/BLACKWHITE
abe4634849aa974350993d5a66f92fd8	0	178537	player+silence	libopenmpt	Digital Symphony	4	38712	e61b3f89	c2300590	MUSIC/SYMPHONY/G/GREYSONG
ac37eeb07b0a5c5fad6a12f3b1052049	0	191900	player	libxmp	Archimedes Tracker	4	125152	73e7bbce	0071bbe3	MUSIC/TRACKER/M/MISSIONIMP
ac3f01ef8601e7023b082d148e386db1	1	238197	player	uade	Protracker	0	517696	5a0dce9c	6a650d48	MUSIC/TRACKER/A/ALLREMIX
ac6d699931d66d81faed08f499c7ad95	0	701674	player	libopenmpt	Digital Symphony	4	79988	bb4a2950	afc718ee	MUSIC/SYMPHONY/P/PROGFUNK
ac8183f3c1600db826598487b4137045	0	352930	player+silence	libopenmpt	Digital Symphony	4	218908	34e2523e	2380b949	MUSIC/SYMPHONY/P/PASSION
ac96f377d5824061d976b0e43156ffb4	0	208651	player+silence	libopenmpt	Digital Symphony	4	138240	e74c4bee	722a7a20	MUSIC/SYMPHONY/A/ACIDJAZZ1
ace58a0a9ba9f2b0b79a4d70dbaa50cd	0	145904	player	libxmp	Archimedes Tracker	4	53644	725e4a0a	c04d0fa9	MUSIC/TRACKER/H/HOWDEEPIS
ad128e5d9e7bae99c5c9e856e31716e3	1	169093	player	uade	Soundtracker II (15 instr.)	0	71288	d368d7a5	1a714e55	MUSIC/TRACKER/P/PATSTRIKEB
ad13b993bf190c22ae7d7f6faeb496bd	0	166340	player	libxmp	Archimedes Tracker	4	90260	a35914cd	5b2e1708	MUSIC/TRACKER/C/COUNTDOWN
ad14fd18b2c123fe5b9c07ef095c3a2c	0	268399	player	libopenmpt	Digital Symphony	4	217612	597c9c21	4981cd4a	MUSIC/SYMPHONY/D/DURANDURAN
ad1ec18c4759dd011c0ad288a164140f	1	207493	player	uade	Protracker compatible	0	113822	c4106a6f	e3fbf4ab	MUSIC/TRACKER/C/CATRAPMIX2
ad7e031a2155e45cf5e796acc52f94ea	0	115028	player	libopenmpt	Digital Symphony	4	46436	165a78b6	5db3db4e	MUSIC/SYMPHONY/K/KYLIEMIX
ae04c32ce0ba4f010292cc54b549dd67	1	117229	player	uade	Protracker	0	77790	ac986241	ec71ede8	MUSIC/TRACKER/A/AGONY1
ae779d910d9ccd0a039167f9c067689f	0	149420	player	libxmp	Archimedes Tracker	8	131184	deffd1a9	84d07e7e	MUSIC/TRACKER/D/DE_CORE
aea5471f78b62ed21465fdb100fb85a6	1	161977	player+volume	uade	Protracker compatible	0	142626	3a6bfece	3d1a0bf2	MUSIC/TRACKER/L/LAURENT
aea5471f78b62ed21465fdb100fb85a6	1	161977	player+volume	uade	Protracker compatible	0	142626	3a6bfece	3d1a0bf2	MUSIC/TRACKER/Q/QUEEN
aeacbb65b55f2ed46828beeabb0a220f	1	199797	player	uade	Noisetracker 1.x	0	174280	c5bad9fc	2f1815f6	MUSIC/TRACKER/M/MATEYY
aef2fc6ca070e7757f606d5b0f9cf335	0	376008	player+silence	libopenmpt	Digital Symphony	4	169360	2959d583	6e4a36f6	MUSIC/SYMPHONY/I/INVENTION
aeff402ddcce24535c0fe86dc43a2e3c	1	73082	player	uade	Protracker	0	55970	345a5208	b39dcb0e	MUSIC/TRACKER/B/BLUESGUN
af1723dafef95593ef80d9e5b4fca2a9	0	351619	player+silence	libopenmpt	Digital Symphony	4	136192	03f6ea36	3bf1361f	MUSIC/SYMPHONY/D/DRAGONFUNK
af2f27a7e4a090aef2b3550b8648e6f5	0	127609	player	libopenmpt	Digital Symphony	4	235096	98a0638a	c7533dea	MUSIC/SYMPHONY/H/HOUSEOUT
af5897432e3460fc14cd2aa3f1cb61a4	0	270324	player+silence	libopenmpt	Digital Symphony	4	104252	f9f1634e	e57a34e7	MUSIC/SYMPHONY/M/METALFREAK
afa86e0111ff6ddf065ff671149216e3	0	42238	player	libxmp	Archimedes Tracker	4	128364	12d58ba3	4e099187	MUSIC/TRACKER/M/MONTYMIX
afc15444b5443a0e350d8defd8e1b2a4	0	491193	player	libopenmpt	Digital Symphony	4	307796	00ea1661	620ea23e	MUSIC/SYMPHONY/A/ALACAZABRA
afdb71a3a004a3189d490af650f4d193	0	177426	player+silence	libopenmpt	Digital Symphony	4	257320	6849f23a	a4ee6f32	MUSIC/SYMPHONY/G/GETDOWN
b0386d6cb8e0d2280f77436a5ef1c89e	0	111194	player	libopenmpt	Digital Symphony	4	54716	6c354e2d	89f79aa0	MUSIC/SYMPHONY/E/ELECTROSON
b0388a40317f392d70977e7f5e9ea2c4	1	115321	player	uade	Protracker compatible	0	30772	58012934	453f2ea3	MUSIC/TRACKER/I/INTOTHWOOD
b08ab48cecb7e92762ccfcc678a27b4a	1	120324	player	uade	Protracker	0	27410	4204f939	d2e99542	MUSIC/TRACKER/F/FIREBALLS
b0a24abb2bf5864b44f751626abe4624	0	187468	player	libopenmpt	Digital Symphony	4	73468	53054a74	517efe1d	MUSIC/SYMPHONY/T/TRASHMIX
b0dc4272421703cb5c090f880df3e7ea	0	299074	player	libopenmpt	Digital Symphony	4	103588	c37d59c5	6761996c	MUSIC/SYMPHONY/T/TECHMEDLEY
b10baa7cec8a83bb3060441ccbfac452	0	208965	player+silence	libopenmpt	Digital Symphony	4	287048	4e6223c2	f26a4e1f	MUSIC/SYMPHONY/T/TRIBEOFMAN
b10c9126fec3f15b7e40de7792e0270e	1	94844	player	uade	Protracker	0	50400	f4194019	e3aa6297	MUSIC/TRACKER/F/FORET
b10c9126fec3f15b7e40de7792e0270e	2	51320	player
b10c9126fec3f15b7e40de7792e0270e	3	5382	player+silence
b10c9126fec3f15b7e40de7792e0270e	4	0	nosound
b1290d80dfe3896d51d1fabf1686e896	1	67697	player	uade	Protracker compatible	0	196924	48a67a66	d4a2e736	MUSIC/TRACKER/W/WHATISLOVE
b13c45ff2a6fd376d3aaf44ac0cd2e48	0	126531	player	libopenmpt	Digital Symphony	4	67536	bc31d1f5	b2732a48	MUSIC/SYMPHONY/W/WALKABOUT
b144e2deed25fa7833e665fda5e1b3d3	1	135299	player+silence	ft2play	Fasttracker (M.K.)	4	116238	849b9e7c	3800e63b	MUSIC/TRACKER/E/ETERNALFLA
b171f81f88a69d99d374177a57422bcc	1	257260	player+silence	uade	Soundtracker II (31 instr.)	0	127240	e98c1fe9	1bba9aee	MUSIC/TRACKER/C/CANTGET
b189e339ff03945c2676de51805348bf	1	210045	player	uade	Protracker compatible	0	75848	c72627ae	e0851657	MUSIC/TRACKER/S/SONATA
b1ac525bce4d57c7cf4a4629d42b2489	0	98393	player+silence	libopenmpt	Digital Symphony	4	96628	314a9b77	077c47c2	MUSIC/SYMPHONY/M/MORNINGAIR
b1b742f2b647a21ba6fdc2e28e689d81	0	265802	player+silence	libopenmpt	Digital Symphony	4	63740	7a72d1ab	0f83f681	MUSIC/SYMPHONY/S/SAATIN
b1c24c868f88bd3c0de0d0d89caf500f	1	97798	player	uade	Startrekker (4ch)	0	233154	8cd5bf9c	8a5c2d7b	MUSIC/TRACKER/T/TRONICDEVA
b1d4f60014c282d5d5664058588be633	1	303503	player	uade	Soundtracker II (31 instr.)	0	90656	50b05c4f	ea13cc2f	MUSIC/TRACKER/E/EXCITATION
b249dc87a81938943d7ba2f05fb701c0	1	161397	player	uade	Protracker compatible	0	86600	71f15547	1168830e	MUSIC/TRACKER/XYZ/XTEC
b2984c7c8974502579403c4628986b85	0	253062	player	libopenmpt	Digital Symphony	4	125124	19c35e78	75b054ed	MUSIC/SYMPHONY/A/APOCLYPSE2
b29d17fd83ee7c5ccde1a5200faf4df4	1	289699	player	uade	Protracker	0	140850	400f457a	962bf716	MUSIC/TRACKER/M/MIKE
b2d41562979f6d72837db7ddf37f1d1b	0	190714	player	libxmp	Archimedes Tracker	4	114652	3258537d	e86ac259	MUSIC/TRACKER/N/NOTHER
b3504ab9054701fa24b605c00144c307	0	159990	player	libxmp	Archimedes Tracker	4	73148	5ccc6f44	d04101d4	MUSIC/TRACKER/C/CHRONSYMP
b36688630457560f171998290afc45d3	0	129555	player	libopenmpt	Digital Symphony	4	70172	aceefc93	67d18ce1	MUSIC/SYMPHONY/S/SUMMERCOOL
b406c4896594fbd9d36ea1ef40290acc	0	224385	player	libopenmpt	Digital Symphony	4	71698	8218dc15	5606d853	MUSIC/SYMPHONY/O/OPTATIVE
b47ee2ed69c7f8ade1510d2098a97a2a	0	138228	player	libxmp	Archimedes Tracker	4	82288	20970c18	765f2679	MUSIC/TRACKER/J/J_M_JARRE
b494802afdc73fc8fa30a3e2e9efc8ef	1	143493	player	uade	Noisetracker 1.x	0	63992	92a3aea8	3aa973a9	MUSIC/TRACKER/S/SLOWMOTION
b498d18c95e79f8d42f16c397de33f39	1	46216	player	uade	Soundtracker II (31 instr.)	0	38368	bb1f414f	82c2923f	MUSIC/TRACKER/D/DZUG
b4b2b823b35512ce239a60242a5f7beb	1	288171	player	uade	Protracker compatible	0	109936	2d684029	b156012c	MUSIC/TRACKER/D/DIRT
b4c3df6c6b3e0751b12138018d920e64	1	115262	player+silence	uade	Protracker compatible	0	93372	678ff490	53d3fef6	MUSIC/TRACKER/K/KATKILLER
b510911324247abccce2e87a65179c88	1	228853	player	uade	Protracker compatible	0	157922	99960117	a552191e	MUSIC/TRACKER/A/ANOTHERONE
b5410af33c009548073ce9b6393dd50b	1	176769	player	uade	Soundtracker II (15 instr.)	0	226738	8369feb1	c35d7c59	MUSIC/TRACKER/T/T4W
b586269b6540d19d6dce5aebfcffc163	1	134651	player	uade	Protracker compatible	0	52968	79325ddc	6abff8b1	MUSIC/TRACKER/A/ALBERT
b59f84ef6b36d31b6dcd45a989171df5	1	257149	player+silence	uade	Soundtracker II (15 instr.)	0	63834	dc328d5a	30dedce1	MUSIC/TRACKER/S/STEELMUSIC
b5a6ad1dee8d8e06c905fe4f9b95aacb	0	84354	player	libopenmpt	Digital Symphony	4	74092	e7abb9c9	4b9c6873	MUSIC/SYMPHONY/A/APACHE
b5dcad38395f63c4a7a0c86cc75c1516	1	110277	player	uade	Protracker	0	208488	a554ba69	cf751324	MUSIC/TRACKER/S/SAMPANNIE
b5eb0dcb8e2c4e6ddf4af999898b3cf1	0	262009	player	libopenmpt	Digital Symphony	4	100944	06b12ac6	329db550	MUSIC/SYMPHONY/A/AGONY
b5eea937c2778546d9c72732573a4d53	0	355014	player+silence	libopenmpt	Digital Symphony	4	146140	74c70b9c	e2422eb3	MUSIC/SYMPHONY/T/THEWAR
b63c0e14e7fe9812f2dcba15f8afc179	0	322079	player	libopenmpt	Digital Symphony	4	103180	ddacf141	bd9470a6	MUSIC/SYMPHONY/D/DAS_OMEN
b65e95e5b6de658f7a169ad07541ddb5	0	102168	player	libopenmpt	Digital Symphony	4	127892	07e61fb2	2281fc5f	MUSIC/SYMPHONY/R/ROLFHARRIS
b6c0db6e8c3cba3acd24e00de197f42a	1	279069	player	uade	Protracker compatible	0	148908	798a9396	7858c366	MUSIC/TRACKER/B/BRIDGE
b7625eb23e1144afd01f78f27a4cede3	1	286874	player+silence	uade	Protracker	0	206840	050600e0	9242b37d	MUSIC/TRACKER/B/BLOWYANOSE
b76788e10f789466ad566b683c4cbe07	1	147974	player	uade	Protracker compatible	0	122890	e63934e3	44beca82	MUSIC/TRACKER/P/PUREROCK
b76d245230e67ff0c0b7a75602d82d8e	0	94579	player	libopenmpt	Digital Symphony	6	74604	69f53cef	30a37bd5	MUSIC/SYMPHONY/P/PUFF_TMD
b7a4280416f8f1d222391bf3cca51493	1	281420	player	uade	Protracker compatible	0	120904	0c71378f	7f6fee0e	MUSIC/TRACKER/P/POPUSDIMAN
b840858091c299aee77f50c0240e57d5	0	229098	player	libopenmpt	Digital Symphony	4	78888	8419c668	194f0cb6	MUSIC/SYMPHONY/I/ISIS_UNVEI
b8874912675f9d9d1f0ff4ccd14175d9	1	169093	player	uade	Soundtracker II (31 instr.)	0	71772	b08d5c95	a1b5f16b	MUSIC/TRACKER/W/WCOPPER4
b8c9ad1fd3eeae357d766fbd70fcd9ea	0	276068	player	libopenmpt	Ultimate Soundtracker 1.0-1.21	4	79828	e72df16e	ed0f89a1	MUSIC/TRACKER/A/AXK1
b8d362c4375050c1d2562bc718161b71	1	200938	player+silence	uade	Protracker compatible	0	49106	971e25a3	728ded4a	MUSIC/TRACKER/S/SLICEOFLIF
b8f38ee855360ed0bf04c9fe8e15f0cf	1	320121	player	uade	Soundtracker II (15 instr.)	0	88660	74932ea0	f1302a52	MUSIC/TRACKER/M/MYWAY
b90854360ff0c1904cb08f6ffd90798f	1	194579	player+silence	uade	Soundtracker II (15 instr.)	0	50076	8e07071b	e4c0c52d	MUSIC/TRACKER/P/POPCORN
b92d64e04988827e9c1b7c604cb0c976	0	211190	player	libxmp	Archimedes Tracker	4	175152	cd860d40	1d3329e2	MUSIC/TRACKER/S/SHINELEAF
b9342d18be837be48854599876323556	0	155866	player+silence	libopenmpt	Digital Symphony	4	52248	bf0d08aa	fa900330	MUSIC/SYMPHONY/S/SMOKEONWAT
b95157fbb77e6484de906a51bef93699	1	158126	player+silence	uade	Startrekker (4ch)	0	84100	92e8aca5	996e9eb7	MUSIC/TRACKER/D/DISTORTKNI
b97325528a9e1ee7d5f89c0410402ceb	0	130589	player+silence	libopenmpt	Digital Symphony	4	56072	54d4b8da	27283125	MUSIC/SYMPHONY/J/JARRECLONE
b9b5209697d7854d8cc5e4ae8c64b2bc	0	143995	player	libxmp	Archimedes Tracker	4	64932	fdc2dcd9	3f0dc2d3	MUSIC/TRACKER/M/MOZART
b9f9476edd871ffeea8b8de991a5c28d	0	322975	player	libxmp	Archimedes Tracker	8	77628	959efd47	836837d5	MUSIC/TRACKER/R/ROUNDTABLE
ba0bd404cebdacec8e931fcfa1b272e7	1	161906	player+silence	uade	Protracker compatible	0	116230	c90cb911	0a433352	MUSIC/TRACKER/G/GAUNTLET
ba25c13f2eb49dd85cf08193bb5ff75c	0	214000	player	libopenmpt	Digital Symphony	4	156260	6611c856	a5a34186	MUSIC/SYMPHONY/E/E_MC2
ba4c70c32b9a33f594003c21e411aa6c	1	129467	player	uade	Protracker	0	110610	6dc8d85e	df5471a2	MUSIC/TRACKER/D/DEMONOLOGY
ba529df26607974f8a8e6b731e63703b	1	127478	player	uade	Protracker	0	62906	8f97c8b8	85c86915	MUSIC/TRACKER/D/DREAMOFF
ba69220a7704d75448f3f39c8a46eeb1	1	309893	player	uade	Startrekker (4ch)	0	98880	1cd78688	5bda6e10	MUSIC/TRACKER/P/PURPLES
ba6d7c6d368e7c9e410355445ff5741d	0	184045	player	libopenmpt	Digital Symphony	4	81460	bc71184c	1ac3931e	MUSIC/SYMPHONY/P/PUGSINSP
baa259b717c085bf8d76c1e11e2550ad	0	179704	player+silence	libopenmpt	Digital Symphony	4	75824	2dfe8a6f	86268162	MUSIC/SYMPHONY/H/HELLRUNNER
bab6ea45f573edf91b22c7dc23556f03	0	106660	player	libxmp	Archimedes Tracker	4	75436	102c281c	6cd82541	MUSIC/TRACKER/R/RONKEN
baee7a626a16d5ce9e413e874bd13353	1	300483	player+silence	uade	Startrekker (4ch)	0	228442	0dce50a5	8f078c8f	MUSIC/TRACKER/A/ATMOSPHERE
bb302e0e2c9545c40d9edad5b75c3b90	0	218276	player+silence	libopenmpt	Digital Symphony	4	138844	e39d2f85	fb5c03c0	MUSIC/SYMPHONY/U/U_BOAT
bc116b6a0990a5b854e497b7bda47346	0	290450	player+volume	libopenmpt	Digital Symphony	4	121132	5cfe8bf4	38e167fe	MUSIC/SYMPHONY/P/PETERGUNN
bc3ad98101912a9934f5c60c1f8e57e0	1	149159	player	uade	Protracker compatible	0	136610	efba4bd7	f568385d	MUSIC/TRACKER/M/MINIMISE
bc59c8bff723d87836229f4ee341ab47	0	138228	player	libxmp	Archimedes Tracker	6	133008	5266dcfa	6a97d16a	MUSIC/TRACKER/A/AMERRYXMAS
bc77d6b1454b9c7b8ec42937e21886fe	1	1461717	player	uade	Soundtracker II (31 instr.)	0	75140	c1d67f33	c849a6a8	MUSIC/TRACKER/J/JARRE
bc9eda2696fc73d85c7b577c2b3356a4	1	186800	player+silence	uade	Protracker	0	72458	de468421	26139c63	MUSIC/TRACKER/D/DOCTORWHO
bca12def9fac4e2bda5c7db681d74368	0	288457	player+silence	libopenmpt	Digital Symphony	4	285628	d4e0d736	c8e86526	MUSIC/SYMPHONY/G/GUITAR
bcd702f253d28b7d93777df9a8bea1ac	0	150069	player+silence	libopenmpt	Digital Symphony	4	41820	ccfce7bd	b3c14838	MUSIC/SYMPHONY/A/ALLOUTRAVE
bcdd0dcfa8f6b34210f3e52f47c8040b	0	296995	player+silence	libopenmpt	Digital Symphony	4	123428	be4dcf75	5537b22c	MUSIC/SYMPHONY/P/PRIESTS
bcdfe7263f4c28aeb4b19a3e7f05feb0	1	185992	player	uade	Protracker compatible	0	107992	3fa04c44	b246b132	MUSIC/TRACKER/F/FUNKYBUSIN
bceba6baa152d96b5df494badae9232a	0	220152	player	libxmp	Archimedes Tracker	4	128840	81fd9c34	933efc73	MUSIC/TRACKER/C/CROCKETTS
bd736883f27bdb8880d17c74620e2d47	1	122997	player	uade	Protracker	0	69166	c3317e31	26edf626	MUSIC/TRACKER/G/GINGER
bd86eda032647ad80ce2aa684d039b5a	0	115838	player	libopenmpt	Digital Symphony	4	147032	691d7a2e	49b76eee	MUSIC/SYMPHONY/G/GRAFIXATAK
bdcef45a7be83f6c3eaace8efd23a9ae	1	325532	player+silence	uade	Protracker	0	723244	3fdf9f57	0650f5bf	MUSIC/TRACKER/D/DOOP
be29d8731a02e4af3937042411b29913	0	253062	player	libopenmpt	Digital Symphony	4	106864	20a6933d	cb864e61	MUSIC/SYMPHONY/T/THEREBEL
be5b45711a534b03b3c876efab7c91d1	0	204780	player	libxmp	Archimedes Tracker	4	61132	288c71b2	724c7704	MUSIC/TRACKER/U/UNHAPPY
be60fadf43a680f65e593230cbda497f	1	207493	player	uade	Soundtracker II (15 instr.)	0	71266	bee72432	67f0a3ba	MUSIC/TRACKER/B/BAD
be86432f8e40d580577c2ca74d777ece	0	343472	player+silence	libopenmpt	Digital Symphony	4	117380	ad2226c0	8ad0e932	MUSIC/SYMPHONY/M/MAMAARM
beb369e1fd123f5c84b6b95732bc8945	0	207051	player	libopenmpt	Digital Symphony	4	41956	e2decf19	fbfd6b69	MUSIC/SYMPHONY/J/JEUDEMOT
bee55ec8b4a3897d234cd780be897a86	1	138369	player	uade	Soundtracker II (15 instr.)	0	147180	4db8b0c1	857283c7	MUSIC/TRACKER/S/SATURN
bf23345bfea5ec3670bc36910658b7bf	1	127976	player+silence	uade	Protracker compatible	0	40924	93026d9a	3a25795b	MUSIC/TRACKER/R/RAVEN
bf2e93f20f44b9d4ce618aa65755270c	0	299074	player	libopenmpt	Digital Symphony	4	89132	d0c1f577	b59c8287	MUSIC/SYMPHONY/P/POSEIDON
bf546903a2affac3238146b08e455ea2	0	133104	player	uade	Soundtracker II - V or compatible	0	67700	3f7dc557	58b58f2f	MUSIC/TRACKER/T/TAKILLA
bf702a5ae69f87b5ff5b45190581e142	0	260283	player+silence	libopenmpt	Digital Symphony	4	82048	1238b155	bb94037b	MUSIC/SYMPHONY/T/TECHMARCH
bfd0e4cf35a4b80415644dc774f49508	1	126835	player	uade	Startrekker (4ch)	0	128236	cb106655	a2176afe	MUSIC/TRACKER/W/WEAPON2
bfda03b81c997c7ce14dec9f053f2fb7	0	207051	player	libopenmpt	Digital Symphony	4	125040	f7972342	70c3c260	MUSIC/SYMPHONY/C/COMA
bfda03b81c997c7ce14dec9f053f2fb7	1	146361	player
bfda03b81c997c7ce14dec9f053f2fb7	2	8946	player
c00d4995cd488a66b0dbf8c8c76ae7c4	1	268921	player	uade	Noisetracker 1.x	0	65984	548247d9	42cc49ff	MUSIC/TRACKER/F/FLETCH
c042de0e039401bc69bfbab6fd33ee85	0	253062	player	libopenmpt	Digital Symphony	4	130548	ad383777	05248809	MUSIC/SYMPHONY/_DIGIT/1989
c0b1fa3aa36c81ad3ba7e3a44292f76d	0	225671	player+silence	libopenmpt	Digital Symphony	4	97464	23048c4e	dda69f98	MUSIC/SYMPHONY/A/ARCMAGE
c0ed35d4871cfebd36121a8a15492cb3	1	230541	player	uade	Protracker	0	81176	52cfb266	403be963	MUSIC/TRACKER/N/NIGHTVISIO
c10bdf56a83751d6a3c599e1649faef6	0	107359	player	libopenmpt	Digital Symphony	4	25148	d2480184	2bd80f17	MUSIC/SYMPHONY/R/ROCKGUITAR
c18156cafdd8abd8bdf9dd27cc9762bf	1	116911	player+silence	uade	Protracker	0	88692	373e8d00	c532e461	MUSIC/TRACKER/U/UNICRON
c1a8f8a46133d0714362d08462321912	0	751086	player+silence	libopenmpt	Digital Symphony	4	189880	475fba29	2790a9fa	MUSIC/SYMPHONY/E/EQUINOX
c2452f84da86db7f5bf402c01300fed0	1	276597	player	uade	Soundtracker II (15 instr.)	0	134548	f6c52e8b	e6b82f19	MUSIC/TRACKER/C/CHARTMIX
c24f2531aa3800c67e87822b41f0b57d	0	118551	player+silence	libopenmpt	Digital Symphony	8	86864	62308159	997c9b1f	MUSIC/SYMPHONY/P/PARADOX
c271639d511bccf5e95b29d930756fe6	0	138034	player	libopenmpt	Digital Symphony	4	36532	cbcd364a	47ca010a	MUSIC/SYMPHONY/E/EBYT
c2bcc0ddb83a4678736067a64c7435dc	0	115028	player	libopenmpt	Digital Symphony	4	61452	3bca6867	dfcfe5db	MUSIC/SYMPHONY/V/VECTOR
c2cf94f841863dc16ce10f3fabf7c91b	1	255317	player	uade	Noisetracker 1.x	0	143030	767d7518	731ac76d	MUSIC/TRACKER/_DIGIT/12THWAR
c2d2738c24c2a807d1aaed788da14750	0	205507	player+silence	libopenmpt	Digital Symphony	4	243288	184cd4f2	787cd345	MUSIC/SYMPHONY/D/DV8
c2d7c7d4bffc92f5966cb4378bf42e4e	1	196663	player+silence	uade	Startrekker (4ch)	0	180232	0418e298	bd305896	MUSIC/TRACKER/U/UNDERTHUMB
c30c0dc6d6660c09c37165797a3370da	0	213240	player+silence	libopenmpt	Digital Symphony	4	78760	e3de71b8	768d18ef	MUSIC/SYMPHONY/G/GATEWAY
c3414994096a00b3d3709072464871f7	1	176769	player	uade	Soundtracker II (15 instr.)	0	85680	372eee30	11b4fd2b	MUSIC/TRACKER/M/MOODY
c3414994096a00b3d3709072464871f7	1	176769	player	uade	Soundtracker II (15 instr.)	0	85680	372eee30	11b4fd2b	MUSIC/TRACKER/N/NH
c34580f25465611f02769843abe7e001	0	187864	player+silence	libopenmpt	Digital Symphony	4	50463	5af781e8	0496c324	MUSIC/SYMPHONY/V/VORTEX
c3823358083cfd066fe5170fa1489a06	1	261245	player	uade	Noisetracker 1.x	0	62798	16d17f53	50b7d4f8	MUSIC/TRACKER/N/NOISE_89
c382670e96b3803f02375fc01cd7ad8e	0	251049	player+silence	libopenmpt	Digital Symphony	4	79872	b4a4e500	cf899feb	MUSIC/SYMPHONY/M/MABUSE
c38d80487600e2506454d9b7e444334e	1	260639	player+silence	uade	Soundtracker II (15 instr.)	0	83430	b6cca4ec	002f8088	MUSIC/TRACKER/R/ROUND
c395e4ef02cb650fedaaebada6edcc81	0	422381	player	libxmp	Archimedes Tracker	4	169364	ff73e872	8138f7a6	MUSIC/TRACKER/M/MANDA
c4087c1a60aaccbbc728f6bd223f8798	0	163116	player	libopenmpt	Digital Symphony	4	211112	1f8f3754	4ed6ce51	MUSIC/SYMPHONY/C/CREEPDEATH
c45ecd20e090feae62f52f10d200354b	1	147331	player	uade	Protracker compatible	0	89866	d301bc5c	04f6f356	MUSIC/TRACKER/M/MEGAFOE
c47cb6c8774672f64911f0882a339b7d	1	268921	player	uade	Noisetracker 1.x	0	66640	3ff0bdbb	478706cb	MUSIC/TRACKER/I/INTOB
c4a65c8a60ab7153493a7a4b36b9d6e3	0	139886	player+silence	libopenmpt	Digital Symphony	4	326196	74cd1c89	8f5b9047	MUSIC/SYMPHONY/T/THECHASE
c4b0e357ca4e234bc731ca16edbd62b6	1	92272	player	uade	Protracker	0	111270	085d8a76	5fa7cec7	MUSIC/TRACKER/D/DANCEDAY
c5123332b032085a8011aa969eaf9199	0	375299	player+silence	libopenmpt	Digital Symphony	4	110012	23e2e6e8	ac3f8328	MUSIC/SYMPHONY/R/RAIDERS
c517633520a374d112750a2f0bc34b1e	0	84476	player	libxmp	Coconizer	4	26520	ab0f508b	c0d93bce	MUSIC/COCONIZER/SONGS/CHOIR
c517633520a374d112750a2f0bc34b1e	0	84476	player	libxmp	Coconizer	4	26520	ab0f508b	c0d93bce	MUSIC/COCONIZER/TRACKS/CHOIR
c517633520a374d112750a2f0bc34b1e	1	7676	player
c517633520a374d112750a2f0bc34b1e	2	7612	player+silence
c5237374ce5c370ee8ad8208233245e5	0	231660	player+silence	libopenmpt	Digital Symphony	4	119224	f72abfe8	5db1387e	MUSIC/SYMPHONY/F/FLETCH
c5698561578ee4e93c0d566f14eded64	0	233591	player	libopenmpt	Digital Symphony	4	112056	8e2fb059	2738aac2	MUSIC/SYMPHONY/S/SUN_MIST
c5d8d506d18737bee4d76cae9fcce71a	0	218143	player+silence	libopenmpt	Digital Symphony	4	56488	d463cd55	83c5bb8e	MUSIC/SYMPHONY/B/BLUESBROS
c62dea0f148ce3200e8ff0b2b8181f3b	1	384122	player	uade	Protracker compatible	0	28600	e5a21200	cc9b1154	MUSIC/TRACKER/P/PEACE
c6679327099ba6f483702b71c2cb6b19	0	153371	player	libopenmpt	Digital Symphony	4	180368	1dbcc521	78d31562	MUSIC/SYMPHONY/D/DIGI_MIX2
c6c77cca78d2e3abf4b868978e56191a	1	276597	player	uade	Startrekker (4ch)	0	117450	54817456	8ca25548	MUSIC/TRACKER/R/RAVE
c6cf0bda3d560780b7b86ef620b0f85b	1	241743	player+silence	uade	Protracker compatible	0	104386	2c8d6115	3b33e2cb	MUSIC/TRACKER/B/BIG
c6edc7d85d603fb498696084b8851a18	1	161397	player	uade	Protracker compatible	0	55552	be5cb236	e3279a72	MUSIC/TRACKER/B/BALL
c70f292644578462d0fb8826aed452cb	1	229255	player	uade	Protracker compatible	0	166862	8661050c	735294cb	MUSIC/TRACKER/XYZ/ZOINITA
c744f9f7418759385b3f4abc324ac49d	1	253569	player	uade	Soundtracker II (15 instr.)	0	75908	cd58c32a	1959be5e	MUSIC/TRACKER/S/SNARE
c79314755f0d035dbf4d01a7a3a6f296	0	196049	player+silence	libxmp	Archimedes Tracker	8	239548	201b46ba	a3d3a08f	MUSIC/TRACKER/XYZ/XMASDAY
c79d404f8448a83ee1365b2f3f2b4685	0	69755	player+silence	libopenmpt	Digital Symphony	5	81700	b0a306b3	43716d82	MUSIC/SYMPHONY/M/MONEY4NOTH
c7b47c96e8f8605f09f82d5556dfd3da	0	354908	player+silence	libopenmpt	Digital Symphony	4	136904	d4537361	55d2fe40	MUSIC/SYMPHONY/L/LIG
c7fd318850dcb0575ed9fdad1153e958	0	181095	player+silence	libopenmpt	Digital Symphony	4	186784	d1407101	85731fed	MUSIC/SYMPHONY/S/STARTREK
c8067752c63df35d70da17361ed0d09f	0	237330	player+silence	libopenmpt	Digital Symphony	4	93212	6963ba98	39b0df65	MUSIC/SYMPHONY/XYZ/YOURDREAMS
c817afe3cbaaf41ba9fbe5dac0b8c754	1	62834	player	uade	Protracker	0	80462	99d50a9a	dde35072	MUSIC/TRACKER/A/AXEL_FUN
c843f7982aee7ea9239d78d6ff8a85eb	1	93492	player+silence	uade	Protracker compatible	0	74858	673a251b	68b9b893	MUSIC/TRACKER/S/SOUTHBANK
c89a67628edaca1d9a2291e54d14401b	1	106700	player	uade	Protracker	0	68040	103a3002	a5d83055	MUSIC/TRACKER/S/SLEEZYBLUE
c8a80038cfbda7aa908e2d9e39babe44	0	299308	player+silence	libopenmpt	Digital Symphony	4	57076	5e0ecf6c	8ebf96f9	MUSIC/SYMPHONY/C/CHINAGIRL
c8ec7c262e6a5e80fa2258dcec4d53a4	0	284153	player	libxmp	Archimedes Tracker	4	112988	93d327e0	3530d723	MUSIC/TRACKER/T/TELLUSVAST
c8ec7c262e6a5e80fa2258dcec4d53a4	1	61428	player
c8f9017640a12e741000c24b60026e0a	1	233415	player	uade	Soundtracker II (31 instr.)	0	241664	91eeae38	b941a154	MUSIC/TRACKER/P/PANINERO
c9386f20e0026678dd5fe1da56493085	0	146489	player+silence	libopenmpt	Digital Symphony	4	89648	016805db	7d3930d8	MUSIC/SYMPHONY/S/STARFIN
c96a5d04ff0a03dc76a81191868009b8	0	208140	player	libopenmpt	Digital Symphony	4	310108	255d78d2	9e6fbc8b	MUSIC/SYMPHONY/D/DOOP
c988f409ec2f658dc1783dedff54ea6d	0	254714	player	libxmp	Archimedes Tracker	4	164660	bfd3ba60	925253f5	MUSIC/TRACKER/C/CHANGES
c9da3a81b5c83ed8f055850990c9f5b3	0	354827	player+silence	libopenmpt	Digital Symphony	4	177048	fc5624d0	3803f56a	MUSIC/SYMPHONY/G/GETUP
ca15e936f81f0b05619dfa223af3130d	0	197805	player	libopenmpt	Digital Symphony	4	219172	e3ae93f9	ce027b1a	MUSIC/SYMPHONY/XYZ/XMASRAVE
ca7bc0772558908b39e9e15fad72cf69	0	218913	player	libopenmpt	Digital Symphony	4	589724	8af9878c	c1fbc683	MUSIC/SYMPHONY/C/COLONY
caa19ec8a43d4cf29eb374a2b8dc9b48	1	169093	player	uade	Protracker	0	94778	35e9931a	50db8fab	MUSIC/TRACKER/U/UNIT_REMIX
caae8f33c8ea97efb7c077acdd4aecd2	0	115028	player	libopenmpt	Digital Symphony	4	43968	a63f2423	3668ba6d	MUSIC/SYMPHONY/E/EINSTEINE7
caba05920f6d04dd82dc059c948e5423	1	121731	player	uade	Protracker compatible	0	64790	8e88218e	ef65a307	MUSIC/TRACKER/R/ROCKINRULE
cb259d6ceb950d9ad0517fb87f2075ad	0	452445	player	libopenmpt	Digital Symphony	4	70968	ee110c72	d3ade9c9	MUSIC/SYMPHONY/M/MADNESS
cb8de615192dc8ba5a94789aa1ec7a51	0	251496	player	libopenmpt	Digital Symphony	4	287860	5f7ed12e	d5fc1e45	MUSIC/SYMPHONY/M/MR_VAIN
cbb4668822bb4491dc37269878f5680c	1	285779	player+silence	uade	Protracker	0	103222	3db55301	9886b301	MUSIC/TRACKER/I/INFRA_BEAT
cbda518ea0a285bcc7721afee7b1ef58	1	98682	player	uade	Protracker compatible	0	48584	55bcbdc0	a2929529	MUSIC/TRACKER/C/CRAZYSHOW
cc086e572cfa6f3835794c3c206cc4fb	1	220139	player+silence	uade	Protracker compatible	0	138148	efd61448	b606c671	MUSIC/TRACKER/A/ANTRWRLD
cc219a47ebf198af5cfea014e37a96c8	1	169093	player	uade	Protracker compatible	0	155228	82774e20	d8c948a5	MUSIC/TRACKER/S/SNDMACHINE
cc35985b453ea57519e3f59f6fbd0c25	0	178773	player	libopenmpt	Digital Symphony	4	139344	2aa9267b	a4a8dd73	MUSIC/SYMPHONY/B/BAG_RASTA
cc56e92dd07de622b3a3dc964f9cb358	0	84197	player+silence	libopenmpt	Digital Symphony	8	14994	a480ac21	c951ccb1	MUSIC/SYMPHONY/M/MARPLE
cc85137443c18c6b957a0813642923e3	0	155288	player	libopenmpt	Digital Symphony	4	99096	e8d392cd	62f360a7	MUSIC/SYMPHONY/D/DANCETILLD
cc8ab6a0e6c173c4db64a615d66a8375	0	191980	player	libxmp	Archimedes Tracker	4	123128	d05261bd	b9b7911c	MUSIC/TRACKER/D/DRUMCHORD
cc9ffc1c4e4c9eaf2849658a2cf84878	0	298216	player+silence	libopenmpt	Digital Symphony	4	68700	f13bde7b	e657ae05	MUSIC/SYMPHONY/D/DRAGNET
cd1ab20cb086899968f57fe11a8b3351	1	138369	player	uade	Protracker compatible	0	60734	383624e0	9ed21edb	MUSIC/TRACKER/C/COOLBLUE
cd920a45694982eb39d69569d646923a	1	146045	player	uade	Soundtracker II (15 instr.)	0	84202	1b36db08	7510a0b2	MUSIC/TRACKER/F/FEZFOUR
cdb0bb6ffd649410bbbc03a6ee98b6c1	0	123580	player+volume	libopenmpt	Digital Symphony	4	40784	cfaa4db6	06092e3a	MUSIC/SYMPHONY/B/BRILL
cdd8cc7742354235198bb3f2874f9146	1	146647	player	uade	Protracker	0	62688	d4294138	d1d1385a	MUSIC/TRACKER/E/ENTANG
cde0cb1cd180458b666d0d2b06291c70	0	196643	player+silence	libopenmpt	Digital Symphony	4	55064	00b1281d	545fe07f	MUSIC/SYMPHONY/B/BLACKOUT
ce6b59a8b532bb701119ee1fc795592f	0	292534	player	libopenmpt	Digital Symphony	4	97988	448b7e14	96cbc5ea	MUSIC/SYMPHONY/B/BATTERYM
ce74bae988489bd988e02a5a3ad65a4b	0	71676	player	libxmp	Archimedes Tracker	4	51376	a08e5fd7	21fed453	MUSIC/TRACKER/C/CROSSFIRE
ce764808e45c8fa04a16a0cadbbae6bf	0	139856	player	libxmp	Archimedes Tracker	6	48784	2e86a651	6cef570d	MUSIC/TRACKER/A/AOM_MIND
ce8ce68986e5984cdd1c248bfd43cd89	0	304428	player+silence	libopenmpt	Digital Symphony	4	68808	41513675	716e3dc4	MUSIC/SYMPHONY/P/PETSHOP
ce98b4f5162a9db0b7245b88ea0c9c1d	1	216917	player	uade	Protracker	0	150594	db215813	3508978c	MUSIC/TRACKER/B/BRAINDEAD
ceb581bdc546c9ce4129d64dd9d442cc	0	275371	player	libxmp	Archimedes Tracker	4	169396	080c7e94	468a991b	MUSIC/TRACKER/F/FALCON
cee4bdd5e15c3a01efc0e8de37537305	0	124062	player	libxmp	Archimedes Tracker	4	275060	0fc418ba	7587317e	MUSIC/TRACKER/XYZ/YAUNT
cee4bdd5e15c3a01efc0e8de37537305	1	7676	player
ceeb754916099ea5ea631986f3f22c6b	0	186401	player+silence	libopenmpt	Digital Symphony	4	43592	243af8d4	46e01fcb	MUSIC/SYMPHONY/D/DOCTORWHO
cf126f96559a24131194750d4d5d64c9	0	168708	player	libopenmpt	Digital Symphony	4	43312	a4bf01e1	23006710	MUSIC/SYMPHONY/N/NEVERSAY
cf5aec0c44c8eb9b82bc04cadeef0403	1	343933	player	uade	Protracker (vblank)	0	185178	a5092a55	dc2a9f5c	MUSIC/TRACKER/F/FLUMBER
cf89724bce2a6610820a0169d55b2de6	0	39335	player+volume	libopenmpt	Digital Symphony	4	66224	5a3f4d34	31e1c25a	MUSIC/SYMPHONY/J/JUNGLE2
cf8db770e98ef054cf23a3cd2cb2b7cf	1	245893	player	uade	Protracker compatible	0	83406	60fe98fa	cfc6d91c	MUSIC/TRACKER/B/BACKINTIME
cf9a99266b375b988ef1a31b37f2d0ec	0	179502	player	libxmp	Archimedes Tracker	4	291120	08d30628	dde1a513	MUSIC/TRACKER/E/EVEOFTWAR
cfb7f02db2fcd32c824f5368eab81d1f	0	210885	player	libopenmpt	Digital Symphony	4	264648	b9a06e6a	b3d3739b	MUSIC/SYMPHONY/G/GIMME_BASS
d0b6283c3130db03749735db61f98457	1	179543	player+silence	uade	Protracker	0	140706	c03427da	0c6ca295	MUSIC/TRACKER/D/DEKAMX
d0e61283309c5d72a050d14fcb2e6704	1	299993	player+silence	uade	Protracker	0	347582	a5cbd2fd	8b8ac39f	MUSIC/TRACKER/S/SPACEDEBRI
d1123885bdbd5f92ed8415ec05b009eb	0	70295	player	libopenmpt	Digital Symphony	4	269472	b30a3edb	1b0570e9	MUSIC/SYMPHONY/M/MODEVAPO
d11a629b349a320ad8e527b820613f55	1	475835	player+silence	uade	Protracker compatible	0	65092	6524115f	3d413b2c	MUSIC/TRACKER/F/FORESTS
d11a629b349a320ad8e527b820613f55	1	475835	player+silence	uade	Protracker compatible	0	65092	6524115f	3d413b2c	MUSIC/TRACKER/G/GOLDENAGES
d1571f8a8b9fa64eaac71cad9423f32f	1	321873	player+silence	uade	Protracker compatible	0	127223	e580463a	53cc7ffe	MUSIC/TRACKER/D/DASOMEN
d1913634a8d827e768a52b41e1fcd366	1	350423	player+silence	uade	Protracker compatible	0	123768	f1f8a805	93eba829	MUSIC/TRACKER/I/INTHEMIX
d1b1a4a9c36c14346ff5eba2fef86141	0	145702	player	libopenmpt	Digital Symphony	4	123468	c10b14a0	f5936f04	MUSIC/SYMPHONY/T/TECHMANIA
d1bf3c8958f2f7073ee55bc265e38162	0	168708	player	libopenmpt	Digital Symphony	8	150492	aa162504	da81a3bf	MUSIC/SYMPHONY/I/IMMORTAL
d255c1bdd4643a2bdfa3758ae6ca7878	1	167787	player+silence	uade	Protracker compatible	0	98604	a1d58991	c90405af	MUSIC/TRACKER/T/THRASHZONE
d2c9a39085fc9794578f5f65de467849	1	48447	player	uade	Protracker compatible	0	65956	525544ec	7885d4a8	MUSIC/TRACKER/S/SHORTROCK
d2cc43c8348a1b74a4d01a1d68ae5b9a	0	184045	player	libopenmpt	Digital Symphony	4	171124	c632a057	df553b9b	MUSIC/SYMPHONY/L/LOCK
d2d55958aa45a1288d5679a3dd987fe8	1	184445	player	uade	Soundtracker II (31 instr.)	0	117050	529abb25	b54bf82d	MUSIC/TRACKER/E/EPI
d2d99cf44c01216cace7345264b7147e	1	73002	player	uade	Protracker	0	81228	fb658b55	53907543	MUSIC/TRACKER/T/TUBA
d374e5a85b7c5319f911fefdced71e92	1	635725	player+silence	uade	Protracker compatible	0	210516	bd0ad2b9	85c256e2	MUSIC/TRACKER/O/OLDMAGIC
d394b4346b0202b9522bc6988b385de9	1	169093	player	uade	Protracker compatible	0	206734	faa11faa	dc47282e	MUSIC/TRACKER/T/TECHNOCRAZ
d3a5b581c42eaf21a8813ca04acd1923	0	161039	player	libopenmpt	Digital Symphony	4	102948	28414b23	0fa932da	MUSIC/SYMPHONY/F/FINAL
d3ce77f990f65860feb4b4f40a5e3b35	0	251105	player	libopenmpt	Digital Symphony	4	241804	852ba07e	058a2598	MUSIC/SYMPHONY/B/BOOM_SHECU
d3d7763fb8d4990b1c81156743d7241d	1	208136	player	uade	Protracker compatible	0	144026	948b918f	4776241e	MUSIC/TRACKER/XYZ/ZIN
d3f7b77b5a1630c5a18cc1a3f29f08bf	0	363486	player	libopenmpt	Digital Symphony	4	210240	80bb3656	fae6c7b7	MUSIC/SYMPHONY/W/WANDA
d47574e68492870812bd34c4780088ed	0	134390	player	libxmp	Archimedes Tracker	4	59556	8263129e	69830054	MUSIC/TRACKER/A/ACESHI
d48f4870863a3cce83560822c3aa3eeb	1	61568	player	uade	Soundtracker II (15 instr.)	0	34788	ce8d46d1	5fdd295c	MUSIC/TRACKER/J/_JACKBEAT
d4a440d8ca520e15e17faf462d6f816c	1	209402	player	uade	Protracker	0	93222	ab0da54f	76448eb3	MUSIC/TRACKER/J/JAPANINTEN
d4f79fd3d8a961fb0ef3df250350e349	0	230057	player	libopenmpt	Digital Symphony	4	307908	3571051e	8a817f06	MUSIC/SYMPHONY/G/GNL
d4fe6f631ed6e9dc93adddd8a050c671	0	383428	player	libopenmpt	Digital Symphony	4	675136	74d44fa5	336d73d3	MUSIC/SYMPHONY/R/R_I_A_D
d5173881590bdf9ad57e64df3e8ecc5f	0	269176	player	libopenmpt	Digital Symphony	4	360224	c57ed195	8963b5ed	MUSIC/SYMPHONY/N/NOMERCY
d55c39b72835f0f2dfc163ad0c5e4c87	1	435804	player	uade	Soundtracker II (15 instr.)	0	108066	191eb89c	7588a903	MUSIC/TRACKER/E/ERASUREII
d57f4a764d00ad2f1b8d8b18a6f424e4	0	71092	player	libopenmpt	Digital Symphony	4	135424	160e72ee	0fda495e	MUSIC/SYMPHONY/J/JESUS0
d5866d1d4ed8e20418a08fbdc146f6fe	1	172931	player	uade	Protracker	0	244378	50b1eba3	ec0b6571	MUSIC/TRACKER/F/FLINTSTONE
d59c35f864ef028f46594a04b5e085e2	1	179984	player	uade	Startrekker (4ch)	0	263766	e7ee6f10	5c43b168	MUSIC/TRACKER/G/GETDOWN
d62234c800d4f15689838cb058d4dad1	0	281580	player	libxmp	Archimedes Tracker	6	117036	378bb819	3cff70be	MUSIC/TRACKER/D/DANZA
d644bf4d1612ab861b35ece64cad1719	0	184545	player	libxmp	Archimedes Tracker	4	251844	0d2a32eb	a562d5c8	MUSIC/TRACKER/T/TKGS
d646faee89e3016048800ca1047abc99	1	208697	player+silence	uade	Protracker compatible	0	101100	485dc247	137d2d00	MUSIC/TRACKER/N/NIAGARA
d66f82e3414a7958c97a06dcf4b56905	1	255860	player	uade	Protracker	0	209998	4f969294	1675009c	MUSIC/TRACKER/XYZ/ZOOLAPHO
d68cf88c14124bfb4ae7e480abb7edb4	0	252783	player+silence	libopenmpt	Digital Symphony	4	75336	a2958fc0	7df0d693	MUSIC/SYMPHONY/S/SMARTMAN
d6b6d4a546cffdebc4588e8d6206e5ff	0	191714	player	libopenmpt	Digital Symphony	4	52904	dbeb6995	f41b6b1c	MUSIC/SYMPHONY/_DIGIT/6BEAT
d6cc47df93508357b1a88ced1de9f56b	1	102520	player	uade	Protracker compatible	0	46308	d370eb84	a1a3fea4	MUSIC/TRACKER/P/PATZGA
d719589aab37d3d6b47d05b5febe987c	1	140921	player	uade	Protracker	0	106646	717b943c	2be97d0c	MUSIC/TRACKER/T/THELASTONE
d72ea05511205b9b968de88b98b72445	0	210052	player+silence	libopenmpt	Digital Symphony	4	97256	3746b82b	4219abfa	MUSIC/SYMPHONY/S/SATURDAY
d72f0c1de76e00aef893f583d0d54b26	0	153371	player	libopenmpt	Digital Symphony	4	96912	4969d685	0ba40810	MUSIC/SYMPHONY/R/RAINBOW
d77349d5d5227be69252251248c98a10	0	256773	player+silence	libopenmpt	Digital Symphony	4	84880	7661f520	f197a99a	MUSIC/SYMPHONY/J/JUSTCANTG
d78dee162d49b7ea4ff09d2bbc805ab9	1	202935	player+silence	uade	Protracker compatible	0	133642	fc9d59bf	30d6254e	MUSIC/TRACKER/F/FLYBYNIGHT
d7987010ee921873f58ac00bcffb9a36	0	339334	player	libopenmpt	Digital Symphony	4	61504	c5b0b9c6	e30fbee1	MUSIC/SYMPHONY/W/WIZZI
d7a4deba3b4842fd92fdd10662aa6aa5	1	161397	player	uade	Protracker	0	59560	7b2e1345	57672304	MUSIC/TRACKER/S/SLAYTANIC2
d7aa0c5f8f6ea22e500d09b81929848b	1	130693	player	uade	Protracker	0	320966	b1cb21d3	c87e9956	MUSIC/TRACKER/M/MARS
d7fd705f8bd6efa8d806dbebfeeebce8	1	112769	player	uade	Soundtracker II (15 instr.)	0	68602	5dac2731	fc45f564	MUSIC/TRACKER/D/DLT1
d823fa6b8fcff0625984983565fd199f	0	310157	player	libopenmpt	Digital Symphony	4	89796	0e75f3eb	e52636f0	MUSIC/SYMPHONY/M/MOONGAZER
d85d5e8757e4e512a4c94813a50a2d21	1	203896	player	uade	Protracker	0	90006	d4603c8e	c1ac3179	MUSIC/TRACKER/L/LETHALZO
d895f4f4713f43b6243c40cf26179602	1	130693	player	uade	Protracker compatible	0	102356	4ae3e5c6	3865968a	MUSIC/TRACKER/T/TIMERIDE
d89a0320150836731086cfce1720337f	0	199382	player	libopenmpt	Digital Symphony	4	101212	fc3a2bed	7570d3ff	MUSIC/SYMPHONY/G/GUMMIE
d8b0143e7a154fdb321193527055a0dd	0	204283	player+silence	libopenmpt	Digital Symphony	4	49840	18e7df4e	8ec2f1ad	MUSIC/SYMPHONY/T/TARZAN
d92c5cbdb5cfe0cf960c8d51732c93eb	0	286290	player+silence	libopenmpt	Digital Symphony	4	268128	d8b8703c	b982666f	MUSIC/SYMPHONY/R/R_HARDCORE
d93e5d612f1a99c558c2e1b854bc0b40	1	178356	player	uade	Protracker compatible	0	82542	54460fb3	8b0de850	MUSIC/TRACKER/F/FEDERATION
d983223bb688768d4252bb01d6d3b1e1	0	130365	player	libopenmpt	Digital Symphony	4	305484	4faa2adc	5c8f3659	MUSIC/SYMPHONY/F/FUNKY
d991f51b8ccb6d1ed999f9669483e7ee	0	275189	player	libopenmpt	Digital Symphony	4	207164	020599a4	6304f25e	MUSIC/SYMPHONY/T/TIMETODANC
d99b391acb59c14ee9a68f451df57582	0	260731	player	libopenmpt	Digital Symphony	4	39532	f9800c7a	35d9dd56	MUSIC/SYMPHONY/B/BILLIJEAN
d9ab1acb5fd974abee177e140eada051	1	291969	player	uade	Protracker compatible	0	86260	6dc2438b	c3ec022c	MUSIC/TRACKER/C/CASTLE
d9ab1acb5fd974abee177e140eada051	2	77885	player
d9c95c392e0b90f17cebd6cc6ca77502	0	147656	player+silence	libopenmpt	Digital Symphony	4	83176	eb96cd97	2cce7524	MUSIC/SYMPHONY/R/RAZOR_1911
d9e8229ba6dcbc62da73c3193543ea6e	0	161039	player	libopenmpt	Digital Symphony	4	65564	e8af6924	dacc53f7	MUSIC/SYMPHONY/N/NIGHT
d9ef071e6fc8c461de4e03fc2f00f7aa	1	160131	player	uade	Protracker compatible	0	178168	0015efb7	e76de92f	MUSIC/TRACKER/P/PARKSON
da25067be5f2d4a75e72b24336bd8bb2	0	404148	player+silence	libopenmpt	Digital Symphony	4	257136	53aa3293	56a39fd1	MUSIC/SYMPHONY/W/WINDITUP
da255ba763b3a9b14197e55be036ba05	0	241914	player	libxmp	Archimedes Tracker	4	176156	5ecaf7fb	c12e6b9e	MAGAZINES/_TYRANT2/MUSIC/MEGABLAST
da2f679f4381c3b4bf7d14259f2356fe	1	199958	player	uade	Protracker	0	47482	db71bfe2	f1198d60	MUSIC/TRACKER/J/JOURNAL
da3438f900373c37ba97c887169977ab	0	194045	player+silence	libopenmpt	Digital Symphony	8	100720	8cfd9585	6756dc98	MUSIC/SYMPHONY/_DIGIT/808STATE
daa8431385832931b964a3496527d802	1	268921	player	uade	Protracker	0	193526	6e6df487	09cebf44	MUSIC/TRACKER/N/NINJABUNNY
dafc6d506318339d69a4075508f0f165	1	266637	silence	uade	Protracker compatible	0	112562	892655c2	b9a055dc	MUSIC/TRACKER/A/ATOMINO
db1cfe16630904aa523a73f4f5467bf3	0	251158	player	libxmp	Archimedes Tracker	8	81320	e8b4e56e	3e0545b2	MUSIC/TRACKER/A/ALIENS1
db2bcca4bd115c65045131a566096b59	1	98682	player	uade	Protracker compatible	0	61956	f75c2386	43d74438	MUSIC/TRACKER/D/DFORCE_1
db60b4595bf1fe406d8a7b0662b556aa	1	167787	player+silence	uade	Protracker compatible	0	99510	a2447e4e	fa3639ce	MUSIC/TRACKER/T/TRASHZONE
db7d4f89ff3dfab6d43ad0cf67df0be8	0	129084	player+silence	libopenmpt	Digital Symphony	4	72752	8539f668	d6be8d71	MUSIC/SYMPHONY/O/OH_YEAH
db81798011fcc979963cfa78973e1c6a	0	145702	player	libopenmpt	Digital Symphony	4	72408	fff083c6	291d0499	MUSIC/SYMPHONY/T/TESTME
dbaf3915a1df798e2206bd3514537d4d	1	184445	player	uade	Protracker compatible	0	97684	169cd962	78cd7baf	MUSIC/TRACKER/D/DISCOGROOV
dbbdefaf625b0e5ebb34d42aedbad043	0	81478	player	libopenmpt	Digital Symphony	4	24276	937afb29	3906eee1	MUSIC/SYMPHONY/A/AIRBORNE
dbcf1cc6904481f3f16cbbeb70201767	0	308619	player	libopenmpt	Digital Symphony	4	232564	7341e10c	b89fb877	MUSIC/SYMPHONY/S/SURROUND
dc7902ddd4cb393de1a8c651a0c1af47	1	195738	player	uade	Protracker compatible	0	112318	47823a13	637ff159	MUSIC/TRACKER/D/DASSPAPIR
dc7d8358a36ffeaf1cc103ba7049f6ce	0	170745	player	libopenmpt	Digital Symphony	4	65928	07748b92	f25d4149	MUSIC/SYMPHONY/E/EASTERNMAG
dc96db2578b1b410811f49f6de3c7f5e	0	251630	player+silence	libopenmpt	Digital Symphony	4	101444	5a09353e	c2f75e78	MUSIC/SYMPHONY/_DIGIT/12WARRIOR
dce6e31918d93f77f070230a6103f969	1	199402	player+volume	uade	Protracker	0	203006	7999c929	3bcd9104	MUSIC/TRACKER/J/JIMACORN
dd077c6985055d4bb0831518ee6e18c3	0	191634	player	libopenmpt	Digital Symphony	4	85288	72bc33c7	3381d2aa	MUSIC/SYMPHONY/M/MISSIONIMP
ddc1af02d6404a7c93103d664d211a4b	0	179549	player+silence	libopenmpt	Digital Symphony	4	141216	3721b686	6dacb460	MUSIC/SYMPHONY/H/HOUSEJOURN
de19ccc80ca9c5198195b9d887e74623	0	186190	player+silence	libopenmpt	Digital Symphony	8	144148	0f72d805	e5d00c67	MUSIC/SYMPHONY/F/FANTASIES
de32b34a61c05e563a13e3e74ed5e0ec	0	103525	player	libopenmpt	Digital Symphony	4	168328	ae8f981c	e390242e	MUSIC/SYMPHONY/C/CLASSHOUS2
de50693a4dbd1c74d10f948acb5e58a7	1	122997	player	uade	Protracker compatible	0	191824	63d257f6	07de1947	MUSIC/TRACKER/S/STEELWHEEL
de74d81c099169a6b0c624a90377ac33	0	355212	player+silence	libopenmpt	Digital Symphony	4	63596	52843f07	2edc20d1	MUSIC/SYMPHONY/C/CLUSTER
de997d3bc6459536e8822a758599228a	1	92272	player	uade	Protracker compatible	0	295880	0ab5db68	4aeb7848	MUSIC/TRACKER/D/DIRESTR
df030625d17bd1e5c8b9dfceac0f98bd	1	146045	player	uade	Noisetracker 1.x	0	56772	ec9fd5c2	58fff981	MUSIC/TRACKER/Q/QUANTUM_X
df0f433a196d15809405fbc823fe7a0d	0	221880	player	uade	Ultimate-Soundtracker or compatible	0	52236	ada9f835	215302aa	MUSIC/TRACKER/T/TGM
df136720eec085e4c19de36fad782811	1	261245	player	uade	Soundtracker II (15 instr.)	0	90826	2f6021a3	4a493eb1	MUSIC/TRACKER/M/MEGAMIX88
df3be61003eb313f473d56285d99ffb6	1	303503	player	uade	Soundtracker II (15 instr.)	0	91980	10fe4b1d	92fca471	MUSIC/TRACKER/I/IGARUN
df744cc7f8210abea7879a6d2babdcdb	1	76920	player	uade	Protracker	0	51398	04aaeb54	5936e05a	MUSIC/TRACKER/C/CREDULITY
df764cc2615613d347210f81ce5db26e	0	124619	player+silence	libopenmpt	Digital Symphony	4	68940	01d3c253	c6bc63ec	MUSIC/SYMPHONY/T/TIMERIDE
dfb036eb779825b659820bd99c64b1fd	0	130365	player	libopenmpt	Digital Symphony	4	305464	014b5363	15badd7e	MUSIC/SYMPHONY/F/FUNKYDMOB
dfe0d1352f275a257d54188d9bc9ac29	0	131100	player+silence	libopenmpt	Digital Symphony	4	93700	92d7b847	002ef47d	MUSIC/SYMPHONY/C/COCKTAIL
dfe0d1352f275a257d54188d9bc9ac29	1	336277	player+silence
e08de0c0a65b9e7cd71a7975be7e665f	1	324924	player	uade	Protracker	0	133560	2ae91f4d	75317b93	MUSIC/TRACKER/T/TOMMOROW
e09bc5b1463b3d1ebda9a81eab3067e2	0	211984	player+silence	libopenmpt	Digital Symphony	4	62856	72b8d0e8	cd633987	MUSIC/SYMPHONY/T/TEST
e11396d4e3fd3bd493281119f46cd718	0	145904	player	libxmp	Archimedes Tracker	4	58524	2a40c75f	99d19eda	MUSIC/TRACKER/E/ETERNAL
e1a444449adc8aaa9b3a58aecaeadd5f	0	8946	player	libopenmpt	Digital Symphony	4	532	ee495a5d	bc696366	MUSIC/SYMPHONY/K/KBXCRAP1
e1bbc85191a926799164c9257e8c9487	1	202590	player	uade	Protracker compatible	0	98816	f1c62bb5	ed3ce221	MUSIC/TRACKER/C/COMMUSER
e21a9843ebc671c37f1de754f79aaacc	0	69017	player	libopenmpt	Digital Symphony	4	155156	a546fdc3	b04623d7	MUSIC/SYMPHONY/_DIGIT/49ERS
e22d0dff482b6e3f8b6887aa0f3f4599	0	161039	player	libopenmpt	Digital Symphony	4	59092	7d9c458a	ed372067	MUSIC/SYMPHONY/L/LANGEWEILE
e24306aca2567206a848a6c45b65efe9	1	138369	player	uade	Soundtracker II (15 instr.)	0	67286	a29ca8d5	3b244043	MUSIC/TRACKER/D/DEATHSTAR
e2797177942303012fb562aa621f5d15	0	170206	player	libopenmpt	Digital Symphony	4	132096	245ca95e	aae51f21	MUSIC/SYMPHONY/XYZ/YOAFRICA
e283d7ab462f3e3b301a5096162d5956	1	109754	player	uade	Protracker	0	40460	2b578ae5	72a6fe4c	MUSIC/TRACKER/M/MEMOIRE
e28710f498fd9b082a3fee1249561e47	1	219122	player+volume	uade	Protracker compatible	0	92742	7df62f38	47848e1c	MUSIC/TRACKER/F/FRIENDS
e297022e75d0f3ba3b0707d7f94ddd3a	1	235565	player	uade	Protracker compatible	0	127102	86af862a	88d8938d	MUSIC/TRACKER/S/SOFTSYNTH
e2aa281cbc68297468612e7f46630308	1	253569	player	uade	Soundtracker II (31 instr.)	0	130428	1559618c	c93abf70	MUSIC/TRACKER/B/BERNI
e2b9d78bad96b912131fb4c34db4d486	0	269777	player	libopenmpt	Digital Symphony	4	86164	40b567d1	c1fb6295	MUSIC/SYMPHONY/A/APOCALYPSE
e2e6ca4140215e312a7a9723b586c395	0	115180	player	libxmp	Archimedes Tracker	4	61052	50051849	da89f5e0	MUSIC/TRACKER/I/ILLUSION
e304b68eafacf92c37cf8f16cf4f9119	0	46558	player	libxmp	Archimedes Tracker	3	86172	0c51aee2	3dac9268	MUSIC/TRACKER/C/CHIPMUNKS
e377ed2beb64fc231381b19ad9dcae79	0	240628	player	libxmp	Archimedes Tracker	4	172092	560ae7cc	ee790fc4	MUSIC/TRACKER/L/LATITUDE
e3b4e54f24fdc706563f07f13d4f484e	0	69017	player	libopenmpt	Digital Symphony	4	27220	ccbd293a	8b221853	MUSIC/SYMPHONY/E/ERIC
e42867ee7397ec7f587a9c2fade1ea80	0	299505	player	libxmp	Coconizer	4	140036	8fcb06d7	4ee29673	MUSIC/COCONIZER/SONGS/POSEIDON
e46410663c7d74a20e3abf6433602722	0	184285	player+silence	libopenmpt	Digital Symphony	4	76448	2013b417	d9916473	MUSIC/SYMPHONY/V/VICE
e4747b86f84950ed14376198ea042274	0	630899	player+silence	libopenmpt	Digital Symphony	4	116206	297f0604	ac994ee4	MUSIC/SYMPHONY/A/AXEL_F
e486d77aabc2a3555b947bae80cd24e2	1	234359	player	uade	Protracker compatible	0	72126	dfd1a1cb	2e62bb2d	MUSIC/TRACKER/L/LEAVEBRAIN
e48b91ee50b5fb89b90d21255aee11ad	0	218243	player	uade	Soundtracker II - V or compatible	0	142636	5d0cd98c	cd64b338	MUSIC/TRACKER/L/LIQUID
e50981f048d4f09533fcd2f41cecb8c2	0	262786	player+silence	libopenmpt	Digital Symphony	4	109976	fdd0d669	3093a993	MUSIC/SYMPHONY/B/BOING
e510b2c771bd5243bcf1892639677dcb	0	217580	player	libxmp	Archimedes Tracker	8	107444	f0585611	6029a009	MUSIC/TRACKER/D/DOODLE
e51df03248d9fcd24a179657b75fcb44	1	153721	player	uade	Protracker compatible	0	71236	bffd5786	b02f70d5	MUSIC/TRACKER/XYZ/YORTRACED
e56092d791c0a6e3338ee3fd32bbb75c	0	115790	player	libopenmpt	Digital Symphony	4	124968	c450839a	a461c275	MUSIC/SYMPHONY/J/JOE09
e569b5329c446ebe7be1cf601e64cd24	0	963821	player	libxmp	Archimedes Tracker	4	184520	f04a8ede	25f09070	MUSIC/TRACKER/P/PETSHOP2
e5912e3b4ad5e6cceddbe4d8e06e8ac5	0	184251	player	libopenmpt	Digital Symphony	4	133424	14bb28de	b5ca3657	MUSIC/SYMPHONY/M/MAXDREAM
e5933327fb24bacaecf5c83f375852ac	0	238096	player	uade	Soundtracker II - V or compatible	0	57528	98a9b9bc	2483c259	MUSIC/TRACKER/J/JAP
e5aa80688de99b96a02e185692e58697	0	256967	player+silence	libopenmpt	Digital Symphony	4	426604	062127b0	d8a8bfcc	MUSIC/SYMPHONY/W/WORKAHOLIC
e62d5d6accd8ba1b46141c927392fbe4	0	100669	player	libopenmpt	Digital Symphony	4	189850	a4ece185	47797bb0	MUSIC/SYMPHONY/A/AURAVE
e677ed67b58bf142a78b4d00adfed1e2	0	63377	player	uade	Ultimate-Soundtracker or compatible	0	53520	d417656e	20d6ad9a	MUSIC/TRACKER/XYZ/YEZZ
e6804e36f1f71fa2f8f0d2f9a7ed1266	0	284153	player	libxmp	Archimedes Tracker	4	128292	b9f2302e	c285e2e5	MUSIC/TRACKER/T/TEKNOPHASM
e6fb7df38417091b6bee09e75d9e556f	1	84616	player	uade	Protracker compatible	0	181498	fd8d499f	8f569b9f	MUSIC/TRACKER/G/GETTECHNO
e745f0845f0fc34246fcabb82c9bb21a	0	429439	player	libopenmpt	Digital Symphony	4	43848	070560c0	3f64c4f2	MUSIC/SYMPHONY/_DIGIT/007
e7506c57a79fc5842e4c2fca34bef6cb	0	686239	player	libxmp	Archimedes Tracker	4	336372	8f168c60	a7d41183	MUSIC/TRACKER/C/CRACK
e7f4643c469e3876cd223a0310efb138	0	122697	player	libopenmpt	Digital Symphony	4	82204	231e4071	18163aea	MUSIC/SYMPHONY/H/HOTSUMM
e8086817e7a9edfb1204da067dff9d55	1	172931	player	uade	Protracker compatible	0	80896	cb7a22a9	bcd83840	MUSIC/TRACKER/C/CL_NIGHT
e83d8821fa2d3673eb17c3b236f41dca	0	107359	player	libopenmpt	Digital Symphony	4	77624	38847c91	20586674	MUSIC/SYMPHONY/W/WRAPITUP
e84ca2c5ce2fda9a177edd37fa6089b4	0	199676	player	libxmp	Archimedes Tracker	6	56232	4053281e	7e1d2ff1	MUSIC/TRACKER/G/GLUECK
e8552221b3f74713c07189dab673a720	0	398765	player	libopenmpt	Digital Symphony	4	112988	e19272e0	2a8d130f	MUSIC/SYMPHONY/A/ARISKA
e8552221b3f74713c07189dab673a720	1	15337	player
e8760e732cbc4d3569a2ea1f7b012467	0	201938	player	libopenmpt	Digital Symphony	4	60604	3504d0e5	262ee4db	MUSIC/SYMPHONY/E/ECHOFUNK
e88de79c09002dfe494886796c29d84b	0	435318	player+silence	libopenmpt	Digital Symphony	4	87360	b4ad1df9	0fa8bbde	MUSIC/SYMPHONY/I/IMAGINE
e88deb6f9576b23a54e217623fda6bd8	0	357866	player	libopenmpt	Digital Symphony	4	111476	5d901edc	3866f648	MUSIC/SYMPHONY/C/CRYSTALNGT
e8a3f85fe3a8b49615eab12be1ac0582	0	63265	player	libopenmpt	Digital Symphony	4	199032	c2b5887c	fbe88329	MUSIC/SYMPHONY/B/BOOBOO
e8bff228eb7a09727ed5d79fc4caadac	1	321317	player+silence	uade	Protracker compatible	0	95386	2ee3237a	b8f85c72	MUSIC/TRACKER/N/NIGHTCLUB
e8eab2e7f88705b03f2797d274a35d46	0	357624	player	libopenmpt	Digital Symphony	4	275144	353f3813	d1e3afbd	MUSIC/SYMPHONY/E/ENRAPT
e8f0178436a3256549fb71c73df47798	0	110635	player	libopenmpt	Digital Symphony	4	66768	98fd2f95	4ebff17f	MUSIC/SYMPHONY/D/DAVE_GOE
e901df46e8dd452b713aca285eaf7187	1	152696	player	uade	Protracker	0	91812	d9185857	2086d200	MUSIC/TRACKER/B/BASSICBLUE
e902cc9742f8206b84943c21fd99f5b9	0	143352	player	libxmp	Archimedes Tracker	4	51864	515516aa	dd6e8c55	MUSIC/TRACKER/T/THEFROGMIX
e913803c0675f2a20dc7a844b971fe83	1	237018	player+silence	uade	Soundtracker II (15 instr.)	0	85688	877fb405	b2ccd33e	MUSIC/TRACKER/Q/QUBI1
e97efc4dd2d7bebc1773b636596105c4	0	113806	player+silence	libopenmpt	Digital Symphony	4	93520	ce4054dc	f13b81aa	MUSIC/SYMPHONY/A/ANDTHE
e998012c700eb43af0321711305829b2	1	637350	player	uade	Protracker (vblank)	0	224288	947eb4e3	100c8746	MUSIC/TRACKER/P/PAA_KLISJE
e9f3f6353d97463103a244fdec4bf432	0	204156	player+silence	libopenmpt	Digital Symphony	4	104975	8b42c20e	8eb49131	MUSIC/SYMPHONY/C/CYCLONEII
ea2142f7f4fe6b8cc711e9a0349b0130	1	138369	player	uade	Protracker	0	119156	762743a2	a6f3c81c	MUSIC/TRACKER/D/DARKDANCE
ea2cfaae35f1cbf56dabd6c6bf123a98	0	180211	player	libopenmpt	Digital Symphony	4	43116	57e63291	3acea241	MUSIC/SYMPHONY/P/POPCORN
ea4acf765b6693299b8e0d8231081602	0	221901	player	libxmp	Archimedes Tracker	4	102108	cf506105	fbf56946	MUSIC/TRACKER/F/FRIENDSHIP
ea7e79dac2d80ed6d87b864ac4413beb	0	99828	player	libxmp	Archimedes Tracker	4	56900	0ca72f89	9547fa8d	MUSIC/TRACKER/M/MILITREE
eb1056016ec88b0edc37cd1e9ac1a02e	0	168952	player	libxmp	Archimedes Tracker	4	49260	39e96a4f	28f6295f	MUSIC/TRACKER/S/SAYSAYSAY
eb1da75c21da9b7182b54fbab62186a8	0	145904	player	libxmp	Archimedes Tracker	4	74976	7bf0b382	f2a44772	MUSIC/TRACKER/B/BRAINY
eb74a97a01cd9d58f355224c621da856	1	184445	player	uade	Soundtracker II (15 instr.)	0	58162	93dc3195	85485c82	MUSIC/TRACKER/B/BLITZWING
eb861ce1313295b327068d8227d5f113	0	122973	player+silence	libopenmpt	Digital Symphony	4	72676	e147a7a4	2a03ee6c	MUSIC/SYMPHONY/L/LOVELYHOUS
eba7b98c292a4a62b3dc32ed1470dd18	1	394310	player+silence	uade	Protracker compatible	0	161320	b0dcf2b7	8e568ec5	MUSIC/TRACKER/L/LUNA_WAVES
ebd3bfd35274e709f6cefea6790ee68d	1	363987	player	uade	Protracker compatible	0	214418	7a3e3864	357f0ff0	MUSIC/TRACKER/E/ELECTRIC
ebfb5adcb94f6fa8bdf6919d257dbb14	0	154062	player	libxmp	Archimedes Tracker	4	72868	cc0e135f	6921fa7a	MUSIC/TRACKER/W/WINTERTALE
ec6201c8e4a2c005285db7e1befe789d	0	236583	player+volume	libopenmpt	Digital Symphony	4	71120	4d5e2041	f00b63d9	MUSIC/SYMPHONY/R/REDHOT
ecb25021808e927b1de75812d696a5e7	0	277346	player	libopenmpt	Digital Symphony	4	88892	b5c0d980	fec504e0	MUSIC/SYMPHONY/N/NIGHTVISIO
ecb7eccba6c6c59ea3c84ceb5a7ea433	1	702857	player	uade	Protracker	0	141118	2ed58b18	ad3e76a3	MUSIC/TRACKER/F/FUNK
ecc60e0ce8c3b7978f160975555c2159	1	92272	player	uade	Protracker compatible	0	194512	2d2f6086	e7f1a933	MUSIC/TRACKER/B/BEYOND
ecd34d0132681ca384f8cb5c59c0ff79	0	214054	player+silence	libopenmpt	Digital Symphony	4	120168	b3bdc665	a308d48d	MUSIC/SYMPHONY/R/RESONANCE2
ed0b79eddaed82516e23ee2da211c3ac	0	118053	player+silence	libopenmpt	Digital Symphony	4	171176	765eaf30	17c17086	MUSIC/SYMPHONY/F/FUNKYCOLME
ed0e42afd991a3447ae0e6a7a3a8257c	1	186166	player+silence	uade	Protracker	0	123042	378f8a5a	c9711acb	MUSIC/TRACKER/C/CLASSIC
edaedc615853f307c80947d7c834962a	1	314354	player	uade	Protracker compatible	0	60504	3d09524c	0e638c0f	MUSIC/TRACKER/W/WHITESONG
edd8d6b8b89a74d5ce0d9799b027b3cf	0	180614	player+silence	libopenmpt	Digital Symphony	4	64216	24be4258	caa21351	MUSIC/SYMPHONY/F/FIRSTSHOT
ee0059ffcf644f405fec8c38da6f41c6	0	635352	player	libopenmpt	Digital Symphony	4	122544	b08f10c4	aeced70a	MUSIC/SYMPHONY/K/KLISJE
ee0b4b0a8d7bd12d4aa8e14851403bbf	1	268564	player+volume	uade	Protracker	0	402166	b02688d3	da0d3f83	MUSIC/TRACKER/B/BEYONDMUSI
ee18ca4f95046c2ef7d340c48cb35ebc	1	64522	player	uade	Protracker	0	13964	673e1202	40789c9a	MUSIC/TRACKER/H/HYPER
ee1d8f69c5d3931cb81ae6f98eb3090f	1	425933	player+silence	uade	Protracker	0	270538	5cbff5ca	f12b8e6e	MUSIC/TRACKER/S/SILENCE
ee1e11f4b3f866a37f57d9ea704902f4	0	207051	player	libopenmpt	Digital Symphony	4	79364	c2909949	c61e8342	MUSIC/SYMPHONY/F/FIREWORKS
ee883cd25fab6b9e3ecbd7329a8e6e25	0	61856	player	libopenmpt	Digital Symphony	4	573704	47dd2473	d5108359	MUSIC/SYMPHONY/I/INFORMER
ee883cd25fab6b9e3ecbd7329a8e6e25	1	0	nosound
ee93d387eefa7d837dea0c68ef767c45	1	84616	player	uade	Noisetracker 1.x	0	57892	97c1cdee	68bc1389	MUSIC/TRACKER/T/TONALECLIP
eec25c589c238fd2517ab44025de45bf	0	313854	player+silence	libopenmpt	Digital Symphony	4	101604	e0d0a1d9	4a3b8510	MUSIC/SYMPHONY/C/CREAM
eee686ce11c990eccd45bb27bbedef8a	1	107645	player	uade	Noisetracker 1.x	0	237276	21738831	270bcd6c	MUSIC/TRACKER/B/BABY
eee9681e66a899cea6600ab7c80d519e	0	199382	player	libopenmpt	Digital Symphony	4	173804	282ab22f	2fd87a3d	MUSIC/SYMPHONY/H/HUMAN
eef657f84d3c90a7eda4188e1ebe9c40	0	126357	player+silence	libopenmpt	Digital Symphony	4	163720	60014ab9	a5c22746	MUSIC/SYMPHONY/R/RAVEXPERIE
ef2adb3b5be4025534f4941ce89a3b64	0	161039	player	libopenmpt	Digital Symphony	4	297216	dcecd7c2	146fa6d5	MUSIC/SYMPHONY/B/BATMIX
ef59cd04c81697f6695bc75cbbc565a0	1	184445	player	uade	Soundtracker II (15 instr.)	0	80768	b4f25e59	0acc4e88	MUSIC/TRACKER/R/RSI_GSC
ef73e788463b04544fc0291f53887180	0	284737	player	libopenmpt	Digital Symphony	4	129620	47b9a814	7dcacb6a	MUSIC/SYMPHONY/T/TRIPTOZOO
ef849383c7af2ad57dac529237facbfc	1	153721	player	uade	Startrekker (4ch)	0	59180	8a3e7773	29d249da	MUSIC/TRACKER/C/CARRION
ef96e0e8bf2d56198acd5e18840b68c5	1	631993	player+silence	uade	Soundtracker II (15 instr.)	0	115592	010636d1	6a11e05d	MUSIC/TRACKER/A/AXELF
efa92ea36d5c34ee7c883b71ecd0449c	1	76920	player	uade	Protracker compatible	0	104264	cd335cbb	a3c9a7cf	MUSIC/TRACKER/C/CRUELTY
efb1486be4e38ff099b3a5d9bba6a69a	1	226683	player	uade	Noisetracker 1.x	0	135324	7cfe20cf	f360ed0c	MUSIC/TRACKER/L/LYKKEH
efbe4fa2a1715d749faff3fd5f327b21	0	249228	player	libopenmpt	Digital Symphony	4	167308	fe9070f2	c2ae57ba	MUSIC/SYMPHONY/B/BAILEYS
efbe4fa2a1715d749faff3fd5f327b21	1	23418	player+silence
f04e19322d8136d95857a95e4b21c1b3	1	236996	player+silence	uade	Noisetracker 1.x	0	86016	b08fe2c7	38722155	MUSIC/TRACKER/T/TRILOGY
f09314161900ca032d91768ccf8969d5	1	309895	player+silence	uade	Soundtracker II (15 instr.)	0	103380	43555b26	7267b6c7	MUSIC/TRACKER/M/MAGNA
f11d2726dd361e305fb5d965b5c13bee	1	327971	player+volume	uade	Protracker compatible	0	137772	3457cbef	5aed64b4	MUSIC/TRACKER/M/MAGIC_BUS
f16ce42f0c7b82dd7b384c026e3a385a	0	201299	player	libopenmpt	Digital Symphony	4	119516	0b4b46c5	d702c433	MUSIC/SYMPHONY/G/GHOSTBUST
f1e8e49c5ce096402b9823db01c12322	0	145904	player	libxmp	Archimedes Tracker	8	135928	a45b4cd5	5ce1a667	MUSIC/TRACKER/B/BANG
f1f05daa23882cc48e6c15baa2cc87b6	1	61568	player	uade	Startrekker (4ch)	0	167054	d12b2094	9bac7823	MUSIC/TRACKER/S/SKF_ALPHA
f2232ce6d3213ff69669dab6cb02614f	0	411546	player	libopenmpt	Digital Symphony	4	220788	92c8b947	eec79d6e	MUSIC/SYMPHONY/T/TECHNOMIX5
f238682932862f64169cdadd0ee9a414	1	131402	player+silence	uade	Protracker compatible	0	168094	78fd2608	62c4f65d	MUSIC/TRACKER/C/COCKTAIL
f238682932862f64169cdadd0ee9a414	2	338709	player
f2452d23ba309ad3199c932b4f95cf3f	0	107359	player	libopenmpt	Ultimate Soundtracker 1.0-1.21	4	73216	a308ea3c	1415a9ec	MUSIC/TRACKER/S/SUPERACT4
f29c46e839fb9a74a58961bf31b61515	1	18044	player	uade	Noisetracker 1.x	0	13424	17a0dfe0	a1d21d13	MUSIC/TRACKER/H/HOT4
f3121a8c8e5879b9066343bc595d5ad2	0	293961	player	libopenmpt	Digital Symphony	4	216220	cb1e4583	01b09918	MUSIC/SYMPHONY/H/HOUSEUHHH2
f3285321c8974cbfabb52cc4904fc3a7	1	172773	player+volume	uade	Protracker compatible	0	271836	d6936f86	8393e5dd	MUSIC/TRACKER/S/SCHWING
f34358bba7cadf258b13bd40ed970b00	1	230139	player	uade	Protracker	0	391668	28055817	8875d6dd	MUSIC/TRACKER/H/HARDTOCORE
f34fd6960181b95030fe04238d7a5f91	1	180607	player	uade	Protracker compatible	0	80006	5ae4d503	c65618ff	MUSIC/TRACKER/P/PC90
f3568e82aaec5281c989af568c7d862f	0	182568	player+silence	libxmp	Archimedes Tracker	4	67464	1c528c23	de370462	MUSIC/TRACKER/A/ALTAIR
f39862f204432af111e8af2567dc9281	1	318605	player	ft2play	Fasttracker (M.K.)	4	211477	c64aaf2c	0a803b19	MUSIC/TRACKER/S/SARA
f39c6157947f5d5b01955b5c00455792	0	348258	player+volume	libopenmpt	Digital Symphony	4	132864	358eafda	e7852398	MUSIC/SYMPHONY/D/DESIRE
f39e2ecb996073029ffc044a2acace0a	0	184045	player	libopenmpt	Digital Symphony	4	80016	ea4a331f	ee9606a9	MUSIC/SYMPHONY/A/AAARRGH
f3dc832ce2fcfd04a6ff115c59213a8e	1	309893	player	uade	Noisetracker 1.x	0	154624	26a7b40a	d5761f9e	MUSIC/TRACKER/G/GIGICAR
f41339a7a71fc5d12882bdea1ac9fcf5	0	121419	player	libopenmpt	Digital Symphony	4	64609	306f9c2f	76bba628	MUSIC/SYMPHONY/R/ROCKIN
f482f82b72ada04362030d2a33dc513e	1	122997	player	uade	Soundtracker II (31 instr.)	0	65374	33e3c499	cfc2285a	MUSIC/TRACKER/V/VOYAGE
f4a76dc637f6baae0a022984b66536f3	0	228706	player+silence	libopenmpt	Digital Symphony	4	145448	5fcacbca	4594bfbd	MUSIC/SYMPHONY/E/EMPIROR
f4ba5da5681dd41b3f173a179eb05342	0	351132	player+silence	libopenmpt	Digital Symphony	4	321352	756258ac	fd663df2	MUSIC/SYMPHONY/A/AT_T
f4fd875095b48614887ed17b340d138e	0	181489	player	libopenmpt	Digital Symphony	4	230004	2da3c33d	f96feff6	MUSIC/SYMPHONY/I/IGOTTHEPWR
f56fa9f1ff51465b5c447fe37b910767	0	215028	player	libxmp	Archimedes Tracker	4	49064	9e5bdcd6	7f7f9ea4	MUSIC/TRACKER/T/THEFACTORY
f636cf63d4fee192d9dd000e3a4104ed	0	321955	player+volume	libopenmpt	Digital Symphony	4	286300	69de3c90	e2589174	MUSIC/SYMPHONY/D/DASBOOT
f6b7d81a8aa78d0c5ef770852f6fd522	1	340617	player	uade	Protracker compatible	0	187574	0f1898ac	0fb5360c	MUSIC/TRACKER/A/AUDIOKRAFT
f717ea7c673a1649bb7ced164411ad70	1	140338	player	uade	Protracker	0	319210	9a21f322	f7826441	MUSIC/TRACKER/G/GIVEITUP
f7326cc45cb256a2098c7ae430f7deae	0	257492	player	libopenmpt	Digital Symphony	4	212436	677809bd	7a988b3f	MUSIC/SYMPHONY/D/DON_TYOU
f7b76bae99fe70b205a23b0f020c1a11	0	213247	player+silence	uade	Soundtracker II - V or compatible	0	140676	cd130223	74175a12	MUSIC/TRACKER/W/WASSERFAST
f7d6ab1c42ac2a54524516a9a8e3cd66	0	76685	player	libopenmpt	Digital Symphony	4	36856	7aed80c8	3d254884	MUSIC/SYMPHONY/G/GAL
f7f353017c1f5e762f3048d23349d89f	0	31668	player	uade	Ultimate-Soundtracker or compatible	0	53046	141694c0	c028215c	MUSIC/TRACKER/C/CONFUSION
f7fcb9a2d715aedb065f0bd913c84af7	0	190436	player	libopenmpt	Digital Symphony	4	67036	cb07943e	c8871964	MUSIC/SYMPHONY/N/NOTHER
f8b1907cdb6c84df5645d0e64fbcc306	1	130346	player+silence	uade	Protracker	0	93750	b01a5a26	7b334c39	MUSIC/TRACKER/N/NO_ONEHOME
f8b67ea694a48e66011123a40700ceea	0	245394	player	libopenmpt	Digital Symphony	4	54760	8347d413	993997f2	MUSIC/SYMPHONY/B/BACKINTIME
f8c1bc291cd7bd1682699d10ba61abd6	0	142892	player	libopenmpt	Digital Symphony	4	86944	edffe6ad	0d6f9855	MUSIC/SYMPHONY/D/DREAMS
f8de453e7f9d3927e4274a1e6ae21dbb	0	161276	player	libxmp	Digital Symphony	4	75360	37b27c5b	951b5d25	MUSIC/SYMPHONY/U/UNBORN
f913d8cc8f59f18e1fdffa8f9f1cf108	0	284820	player	libopenmpt	Digital Symphony	4	164476	8d8f10ee	acdba540	MUSIC/SYMPHONY/S/SPACEHEAD
f9163dbde96927c2a5934261fd786e5b	0	39605	player	uade	Ultimate-Soundtracker or compatible	0	33320	85a54108	8f8270a0	MUSIC/TRACKER/H/HELLO
f961ca3396d55dc6b0ab7bba8385fe54	0	206026	player	uade	Ultimate-Soundtracker or compatible	0	65440	eb7a3434	47f093ed	MUSIC/TRACKER/F/FINALVISIO
f9c530f4d35b65b360d0fb587113952d	0	253428	player	libxmp	Archimedes Tracker	8	187256	f1cc99b2	0d1f696b	MUSIC/TRACKER/T/THE_FLOW
f9da8f051903a6cc325cf52d12fcde4a	0	73490	player	libopenmpt	Digital Symphony	4	84412	4945b51a	b4aa20c0	MUSIC/SYMPHONY/V/VOMIT
f9e8308b780cb89c1573aeb41d6d3bcf	1	384122	player	uade	Startrekker (4ch)	0	817976	fda17044	c99276e9	MUSIC/TRACKER/S/SNAPDANCER
fa1845a754452de7109421da3b6242e1	1	161397	player	uade	Protracker compatible	0	38526	b71459a4	b95f99a2	MUSIC/TRACKER/T/THEASHTRAY
fa765a2a071c3bfe7d3a43b7e3174601	0	249695	player+silence	libopenmpt	Digital Symphony	4	150524	abb3826b	e68248e7	MUSIC/SYMPHONY/XYZ/ZOOLPHOBIA
fa7b1f718278ce1d8cea2a90d52db3bd	1	69224	player	uade	Protracker compatible	0	100352	6266ffe6	ddd48ab2	MUSIC/TRACKER/C/COCA_COLA
fa93153094442abc1158030805e2d418	1	153721	player	uade	Soundtracker II (15 instr.)	0	84974	625208fe	03273978	MUSIC/TRACKER/S/SPREAD
fa9b2784ad1fc2c5e18211e5684f4eb1	0	466524	player+silence	libopenmpt	Digital Symphony	4	86432	95e0aa41	dc3b7db5	MUSIC/SYMPHONY/C/CHECK_OUT
fac710edef27b80024f53a0314d58cd8	1	92272	player	uade	Soundtracker II (31 instr.)	0	63488	71ba20f5	e62400af	MUSIC/TRACKER/D/DELTA2
fad8412fea1a23504c29b015c983d67e	0	38342	player	libopenmpt	Digital Symphony	4	233120	ef7e893c	de879f41	MUSIC/SYMPHONY/H/HITMIX
fb09c0bc1cc53e25a5d5d59eae11e651	0	196826	player	libopenmpt	Digital Symphony	4	96452	2fb1f118	86fa8abd	MUSIC/SYMPHONY/O/ONCEAGAIN
fb1fd58ffb0f83d8365e69162eb128ce	0	107359	player	libopenmpt	Digital Symphony	4	78248	0112d9d4	d078d7ea	MUSIC/SYMPHONY/C/CHEVIGNON
fb3293b6b1e365d6a8ee024415841c02	0	237725	player	libopenmpt	Digital Symphony	4	94420	d36a174c	2dca1508	MUSIC/SYMPHONY/H/HENDRIX
fb341c8988d47c75efd97453f57db971	0	67819	player+silence	libopenmpt	Digital Symphony	5	239508	e8bb54dd	22b0aa82	MUSIC/SYMPHONY/C/CHUCKY
fb400f37dfc2ab0489b2b2d4de042b56	0	84354	player	libopenmpt	Digital Symphony	4	74200	3a98af6b	a34f5733	MUSIC/SYMPHONY/W/WESTERN
fb61f70b9075ebb6a48dda157c509d9e	0	115028	player	libopenmpt	Digital Symphony	4	137752	cdc03393	6ea03d39	MUSIC/SYMPHONY/R/ROBOCOP
fb6395056da609a940409fc0ebb18d4e	0	153371	player	libopenmpt	Digital Symphony	4	80204	06c3b5e3	cbdfa50a	MUSIC/SYMPHONY/T/TRANSFORMR
fb6619faef532d636fb406fe61a1841b	1	153721	player	uade	Protracker compatible	0	115050	54f95642	548dc93d	MUSIC/TRACKER/K/KILROY1A
fb6eac6c695562a48afaa713a99d8b8b	1	208697	player+silence	uade	Protracker compatible	0	101100	1fef105c	8226ee8d	MUSIC/TRACKER/C/COLDITZ
fb91233475b560e49995344859b2928b	1	152070	player+silence	uade	Protracker compatible	0	59670	931cd1ea	332c287f	MUSIC/TRACKER/B/BEAT_IT
fbc6c45a705de44bf55d57cfa49a7c37	0	245394	player	libopenmpt	Digital Symphony	4	108828	76be0b26	6a87fedd	MUSIC/SYMPHONY/S/SAVAGE
fbd92f9c5765ec847107d575d7404293	0	208914	player	libopenmpt	Digital Symphony	4	105940	48567f49	32af95ba	MUSIC/SYMPHONY/B/BLADERAVER
fc3eb1befe8de00d583c208fd58b7759	0	121785	player+silence	libopenmpt	Digital Symphony	4	44308	022016da	22d972aa	MUSIC/SYMPHONY/W/WHOSTHTGRL
fca5f8dc095d069e2a16f4cc9295ce53	0	393472	player+silence	libopenmpt	Digital Symphony	4	93520	83bfc3b2	0d5cd179	MUSIC/SYMPHONY/L/LUNAWAVES
fcb4f1dab2d4500f1397dbe81d73eb98	0	108790	player	libxmp	Archimedes Tracker	4	114208	3c291b14	5884b8aa	MUSIC/TRACKER/A/AWESOME1
fce9c75125cb4957e23903214c554d2a	0	200820	player	libopenmpt	Digital Symphony	4	77736	7b5353ea	b6795d96	MUSIC/SYMPHONY/W/WATCHMAN
fdfdd1f3042b02b6cd4c9fe3e90204b5	0	33892	player+silence	libopenmpt	Digital Symphony	4	234900	26fb7bc6	162d209d	MUSIC/SYMPHONY/D/DOWNBELOW
fe6d53c19401833665ff3a63d0c68733	1	380284	player	uade	Noisetracker 1.x	0	215298	bc1623f5	7db13a23	MUSIC/TRACKER/M/MESSAGE
fe71646204a2ba17a61a1eb9dd3581c0	0	191980	player	libxmp	Archimedes Tracker	4	53632	f0509bb6	33a8cbc7	MUSIC/TRACKER/G/GSCTHEME
fe745f9fcf366fea1d7f60856ed30c8b	1	284293	player	uade	Protracker compatible	0	149118	cf5ef559	9bc987a8	MUSIC/TRACKER/M/MGICPTON
feb45d9b08a007377db36cd889d2eb36	1	128035	player+silence	uade	Noisetracker 1.x	0	40120	5b8bda8d	53eeb05d	MUSIC/TRACKER/B/BLADERUNNR
feb4a00a9baf96397683d8439b7fe828	1	146779	player+silence	uade	Soundtracker II (15 instr.)	0	140638	bc4af758	23d44335	MUSIC/TRACKER/M/MYSHARONA
feb79ab2619e47a22e57b151743946df	0	529550	player	libopenmpt	Digital Symphony	4	114384	998600eb	a41b53e6	MUSIC/SYMPHONY/_DIGIT/1993
fedec00c869221c39363701145bad6ef	0	260731	player	libopenmpt	Digital Symphony	4	44460	293f8798	250a06c9	MUSIC/SYMPHONY/A/AMEGAS
fedf49bd01e8da05b1cf670ed720f56d	0	236770	player+silence	libopenmpt	Digital Symphony	4	127980	8373acc7	cb19ad2a	MUSIC/SYMPHONY/G/GROOVYTHNG
ff0fc276749d5fba0100a113c5f6a572	0	306742	player	libopenmpt	Digital Symphony	4	54844	80706156	e5aeaa1c	MUSIC/SYMPHONY/R/RALLEYMAST
ff14f1cc1889dc1bcd4f588d3064d81b	0	251268	player+silence	libopenmpt	Digital Symphony	4	41664	81713236	f67ab413	MUSIC/SYMPHONY/G/GOLDRUNNER
ff177604a790485789b2e57c021d8098	0	244116	player	libopenmpt	Digital Symphony	4	33100	87bd517a	598d38d4	MUSIC/SYMPHONY/B/BURNING
ff2be2493f82149b4cabc2d7730934ec	1	169093	player	uade	Protracker	0	140514	72064cfa	42a8b3d4	MUSIC/TRACKER/W/WAITING4U
ff39d59d78e2ea9ea9cffab52799ee76	1	107645	player	uade	Noisetracker 1.x	0	24188	05cef0ea	abe6923a	MUSIC/TRACKER/C/CHIPGENE
ff6b053c5743a919d091818b93e210b0	1	178225	player+silence	uade	Protracker compatible	0	125818	17286243	bb48d70a	MUSIC/TRACKER/S/SERENADE
ff6f08bc19d6886590d4a41fb9a643d2	1	128121	player	uade	Protracker compatible	0	123742	be9524ae	69a8bfe4	MUSIC/TRACKER/F/FREEZE
ff945f14ecead20e7318811b88615979	1	92272	player	uade	Protracker compatible	0	61638	b97d588c	dc826f38	MUSIC/TRACKER/T/TAKK
ffd254057bd560802e52f0186b5da220	0	199382	player	libopenmpt	SoundTracker 2.0 / D.O.C. SoundTracker II	4	73208	c33e5da8	d3c00922	MUSIC/TRACKER/N/NETWORK
ffe7c7a194d1a910ac9ac03ef0d70755	1	122997	player	uade	Protracker compatible	0	136000	95d05c0f	a92196b5	MUSIC/TRACKER/D/DJ
