002858698163a6afad5e97fd98eea2bc	1	149633	player+volume	uade	Noisetracker 1.x	0	163394	b6883ccc	85e70892	MOD/F/FLASHCON.MOD
00953ca999f0fe07f3050982a1bd0a70	1	184445	player	uade	Soundtracker II (15 instr.)	0	73034	91c402bd	0dddc18e	MOD/A/ALICIA.MOD
00e089003996d269ede1cd573c26fc77	1	225416	player+silence	ft2play	Fasttracker (M.K.)	4	76878	d2f7f3c2	7ee98016	MOD/G/GAWI.MOD
012a6e8a81ee19770156f95230e7c57e	1	261245	player	uade	Protracker compatible	0	56558	e4869332	48a7392a	MOD/T/THUNDERC.MOD
01c31d8c707541481526785f4a40c25d	1	214345	player	uade	Protracker compatible	0	140154	39e5aa82	047e4efe	MOD/F/FLASHDAN.MOD
01caa09971d84c26eebc9256d5f0b827	1	376466	player	uade	Soundtracker II (15 instr.)	0	114154	50869b1e	d6d80bfd	MOD/M/MEGAPO.MOD
02168e187b4adab09b88005a8c410289	1	199797	player	uade	Protracker compatible	0	117468	ad4116e6	30d7f300	MOD/S/SYNOPSIS.MOD
02472be3b7dedd8ee3ed05b8c400442a	0	107359	player	libopenmpt	Master Soundtracker 1.0	4	113492	8f0002d6	b4545e3c	MOD/H/HARRY.MOD
037476709ef29368d712bf619e27cf9f	1	183507	silence	uade	Soundtracker II (15 instr.)	0	113340	2f4f68c8	d2933aea	MOD/N/NOISE_1.MOD
037476709ef29368d712bf619e27cf9f	1	183507	silence	uade	Soundtracker II (15 instr.)	0	113340	2f4f68c8	d2933aea	MOD/S/STEAMROL.MOD
038361919959598adc2a0eaef9804fc4	1	76889	player+silence	uade	Protracker compatible	0	44230	4d5cc2b1	5a551eb0	MOD/A/AMAZINGG.MOD
039a5cd13bd3e9b34408db71aa41ccf3	1	14060	player+silence	uade	Protracker compatible	0	12661	20b8c39f	74448c6a	MOD/C/CONQUES2.MOD
0430d768c1e9d7cd31497ad9773d5029	1	241527	player+silence	uade	Protracker compatible	0	205088	f89fa037	12d76e20	MOD/M/MOD2ACID.MOD
04a8e9b1f05e84e399ba47403d22843b	1	62834	player	uade	Protracker compatible	0	85597	ed3529a3	9548810d	MOD/U/UNTITLE6.MOD
04ad90fb72fa4859db819ca75cd6127f	1	234359	player	uade	Protracker compatible	0	72126	0bbdeaba	cc03ea20	MOD/L/LVTBRAIN.MOD
04bbcd184f9c14558505a1471b7f2d62	1	161216	player	uade	Noisetracker 1.x	0	116744	c6669c9e	08b468c1	MOD/T/THELONER.MOD
04d97822bee6d4ddda68ce99d47ed5a7	1	84616	player	uade	Protracker	0	79996	849d65bf	5fa45400	MOD/B/BLUE_MOO.MOD
04d97822bee6d4ddda68ce99d47ed5a7	1	84616	player	uade	Protracker	0	79996	849d65bf	5fa45400	MOD/B/BLUEMOOD.MOD
055594ccf5483162bc4c8852cf41ca34	1	250394	player+silence	uade	Protracker compatible	0	151271	746ed7e6	37f10c61	MOD/T/TALKINBO.MOD
05c92dd366bf7b6f0ae4a5ff6ab240d9	1	281797	player+silence	uade	Soundtracker II (15 instr.)	0	179130	53781b5c	f2e3aefc	MOD/B/BETWEEN.MOD
06b530dfe2a479f440bb5376114c7029	1	138730	player	uade	Protracker	0	53690	9e0976c1	1ba8c328	MOD/R/RJRAM3.MOD
06cc173681d5a68a76e915c75da6ee21	0	207197	player+silence	uade	Soundtracker II - V or compatible	0	74688	28624073	f0ddccb0	MOD/L/LOCOMOTN.MOD
07258c6702b8a79a9ea4ec2f961b2ba9	1	194693	player	uade	Noisetracker 1.x	0	156058	03bb3656	3726ecc0	MOD/J/JUSTMETA.MOD
07584938059edbd058d7103c96060334	1	153721	player	uade	Protracker compatible	0	65596	679c5401	82023766	MOD/M/MADONNAE.MOD
0759b3bc2fa7996fd520cea37575747e	1	112971	player	ft2play	Fasttracker (M.K.)	4	240183	252922c1	4012df6a	MOD/T/TECHOMCR.MOD
084b703a933c1fded923649eff398657	1	251920	player+silence	uade	Protracker	0	161638	a45f9b05	430adbd0	MOD/T/TAIKYORT.MOD
084b703a933c1fded923649eff398657	1	251920	player+silence	uade	Protracker	0	161638	a45f9b05	430adbd0	MOD/T/TAKETIME.MOD
08f52fcbeef41ce37e65eaca8ae6af8a	1	143493	player	uade	Protracker	0	101248	c172d4c3	611c64f0	MOD/P/PLASTIC.MOD
09145fb79ffbcc4d79e20ce7895aeb7b	1	219013	player+silence	uade	Soundtracker II (15 instr.)	0	73444	ed10ec09	f173ecf5	MOD/H/HORSE.MOD
096ec7e18dd3ae5493671a30b0747db4	1	191436	player+silence	uade	Protracker	0	117574	76ac4c5b	9b1b23bd	MOD/C/CARPE.MOD
0977494ae8866c32811875212a8b51af	1	199797	player	uade	Protracker	0	132096	44138e28	ea95c174	MOD/C/CREEDMOD.MOD
097bb46e3d08f446a64ccce1e3fd7b76	1	431825	player+silence	uade	Protracker	0	255412	28a078a3	7ba44ccf	MOD/F/FLORENCE.MOD
0995e5375e42672347fb234cd77d4136	1	71816	player	uade	Protracker	0	63064	ea16e620	c2693830	MOD/D/DASCHJOH.MOD
09b24950f00876d740bd3f61bec8e949	1	291969	player	uade	Soundtracker II (31 instr.)	0	62800	827f1b2b	1ec18884	MOD/S/SLEEPWAL.MOD
09d2d8c93857f4a94a4a59208ab98628	1	130693	player	uade	Protracker compatible	0	40164	40ec7ebe	7ba87112	MOD/B/BLADERUN.MOD
09d83b2407180c2c44abab767288fa21	1	107645	player	uade	Noisetracker 1.x	0	52664	b3f073c8	39485c99	MOD/M/MUZAC.MOD
09d83b2407180c2c44abab767288fa21	1	107645	player	uade	Noisetracker 1.x	0	52664	b3f073c8	39485c99	MOD/Q/QUANTUMT.MOD
09dd80b2a3d90a8fc744602d1c17d9c4	1	192141	player	uade	Protracker compatible	0	56958	5351f303	15f12779	MOD/M/MODVTY.MOD
0a25f8b385b0a7d0bfe24596d7676805	1	281239	player	uade	Noisetracker 1.x	0	93516	1bda30f6	c2f590d5	MOD/I/INGMAETW.MOD
0a3ac0e7b34a38e13e0ad7121abba28e	1	319600	player+silence	uade	Protracker	0	188216	b697408a	fa60ec38	MOD/F/FREEGUIT.MOD
0a6126a438653187c29784fb8005962c	1	258693	player	uade	Protracker compatible	0	310551	51665473	2ca85483	MOD/C/COOLJ.MOD
0a775f063fa6a54ebb5ef860a803caa9	1	119179	player	uade	Noisetracker 1.x	0	99948	19f883d3	525b721f	MOD/L/LIFESTY1.MOD
0ae8a2dfd77ad983472cf3ab77fcb46f	1	287408	player	uade	Protracker compatible	0	207454	70543997	7fdde20f	MOD/D/DINERMOD.MOD
0b6fa782897dc23c3987b8d2e334ad62	1	26323	player	uade	Protracker compatible	0	21848	5399a1f1	7f8d0c52	MOD/E/EXCEED.MOD
0b6fa782897dc23c3987b8d2e334ad62	1	26323	player	uade	Protracker compatible	0	21848	5399a1f1	7f8d0c52	MOD/M/MODEXCEE.MOD
0b81515f670e0bb9035d61862da3a518	1	632023	player+silence	uade	Noisetracker 1.x	0	113676	b2d5c88c	4a5f418c	MOD/A/AXEL4F.MOD
0bbf1609947835b05eca166081260481	1	138369	player	uade	Noisetracker 1.x	0	55476	510b6141	6902971a	MOD/R/ROCKING1.MOD
0be91ffe83cf7ddf95f22e079266bd78	1	230541	player	uade	Protracker compatible	0	70388	105b38f9	215de516	MOD/I/INTHEAIR.MOD
0daffdf4d5562854cd8a6cdee62097d8	1	153721	player	uade	Noisetracker 1.x	0	54500	17df9e81	b910e7a2	MOD/S/SUPACT7.MOD
0dd6bc5659f5770ef3e10dd4560dca08	1	227688	player	uade	Protracker compatible	0	223626	c3e58290	bd391b4d	MOD/P/PLEASURE.MOD
0de61d0fc5308f33772f91197e637cd8	1	161397	player	uade	Protracker compatible	0	128009	7d0f4502	336ad585	MOD/L/LABYRINT.MOD
0df821d6682d93b7a485a79f7a4fdaad	1	354623	player	uade	Protracker compatible	0	187208	b62afc5b	a93522e2	MOD/M/MUSIKLIN.MOD
0e074b301432272e0afdfc8f5ef5dd94	1	230541	player	uade	Soundtracker II (31 instr.)	0	69924	0431730c	129512ec	MOD/N/NSBEAT.MOD
0e0a844a692d7eb1a7196379ba3c0e43	1	130693	player	uade	Protracker compatible	0	63102	43c9d9fb	15a81fea	MOD/S/SKYIAMBA.MOD
0e46af4cf093eb3d51d908bc73c94c5a	1	245893	player	uade	Protracker	0	65940	be848a74	7f4647d6	MOD/E/EXP.MOD
0e6ae15d6492a6089adf65d2bfd9f460	0	214719	player	libopenmpt	Ultimate Soundtracker 1.0-1.21	4	51236	3b1ab0ac	1ff28766	MOD/T/TGM.MOD
0f31c45f4dac97087c7f8cc8f418113a	1	298497	player+silence	uade	Protracker	0	70748	14b01498	7532a2ff	MOD/B/BACKAGAI.MOD
0f32d9822a36bee9bf01fe8e4caed4ee	1	111681	player+silence	uade	Protracker compatible	0	171228	8456819f	e310df0e	MOD/D/DREAMING.MOD
0f429b76036964785a6aa72b30cb6986	1	82044	player	uade	Protracker compatible	0	105838	25b6c433	0c011e57	MOD/C/CALM.MOD
0f429b76036964785a6aa72b30cb6986	1	82044	player	uade	Protracker compatible	0	105838	25b6c433	0c011e57	MOD/C/CALMMOME.MOD
0f8758d7008883ade3a15abcc6091479	1	156034	player+silence	uade	Protracker compatible	0	243048	8198f68e	015f5412	MOD/O/ORBITALD.MOD
10239d27865466b86b75cc9146375d3e	1	188283	player	uade	Protracker compatible	0	208298	38b36dc6	c84673f7	MOD/X/XTASE.MOD
10a1ed42dbfcb688468f5dcf6922d4ac	1	202670	player	uade	Protracker compatible	0	154687	436ec2f3	90c518e6	MOD/U/UNDERTHE.MOD
111b3d16c1d64db08b28b6a089209ef6	1	236416	player+silence	ft2play	Fasttracker (M.K.)	4	185315	925c6263	fbc5a522	MOD/I/INAGADDA.MOD
11a79ff1cf538a1e6ac247b236b6c30d	1	76920	player	uade	Protracker compatible	0	77168	da1fbf0d	7e1776c2	MOD/T/THESADHI.MOD
11e8b6b76366ab69abb1b7f6962c69ec	1	345721	player	uade	Soundtracker II (15 instr.)	0	47574	2ed45d08	12a5abcf	MOD/S/STUNTMN2.MOD
1241c9211ec4e7a3cfdf1e0bb094c238	1	293302	player	ft2play	Fasttracker (M.K.)	4	190322	f31e9ddc	01a1e596	MOD/K/KNOCKMED.MOD
12fc92cd3f4b3f3807198113e8d962cb	1	133044	player	uade	Protracker	0	305624	3b3e5e52	d088915c	MOD/S/SLAVETOM.MOD
135482ec9cc74fee439e4fd9f4d5ce75	1	116201	player+silence	uade	Protracker	0	146516	560fef0f	6f329a8d	MOD/T/TEDEUM.MOD
13e0dbad81a45123e22b81e5aa18e5e6	1	299645	player	uade	Protracker	0	151702	5bee88f9	a7b18efc	MOD/T/THEFINAL.MOD
14d6f54bc4060e503df3527c8b80ff43	1	253569	player	uade	Noisetracker 1.x	0	29132	c5149d50	94977c0d	MOD/B/BLOODMON.MOD
14e6f149c9e1386cd4a890377c119bd0	1	146045	player	uade	Protracker compatible	0	53138	a459864d	755d57ad	MOD/C/CHOICE.MOD
1505e92af634fe0275263128afc8bf69	1	428128	player	uade	Protracker compatible	0	175962	02afe75b	f24860d7	MOD/A/ARMADA.MOD
1505e92af634fe0275263128afc8bf69	2	381570	player
1505e92af634fe0275263128afc8bf69	3	381570	player
15a9d38eb18d7b90ff0b4eac17859a1c	1	99968	player	uade	Soundtracker II (31 instr.)	0	59264	a69e91b1	2386ec50	MOD/E/EINSTEIN.MOD
15b11fd78516da87edd5fb4d03dadb47	1	180607	player	uade	Protracker compatible	0	86500	f64dc791	271b9908	MOD/K/KILROY3.MOD
15e0b4701c3635ce4871fa1a52918ce4	1	204941	player	uade	Protracker compatible	0	60186	6c71dca1	61ddebe1	MOD/N/NOMORETR.MOD
1600947b0edc497bb8790df9785a58ee	1	176769	player	uade	Protracker	0	131276	08befd84	e5ebed61	MOD/N/NOT_JUST.MOD
1641db098d6600fb11efebefa752fba3	1	146527	player	uade	Protracker compatible	0	263384	29fa68e0	87615d5b	MOD/F/FUNKYJAM.MOD
169856de295f48028693ce1c0ccbb3f2	1	38520	player	uade	Protracker compatible	0	28216	5e6508db	ba09385f	MOD/A/ALLEYCAT.MOD
16b61edd1497d9a45bc2a061370656fe	1	267133	player	uade	Noisetracker 1.x	0	403562	f870672f	0d34f23e	MOD/D/DDPARTY.MOD
174f6af6f6dff49d9efffdce50fece84	1	231184	player	uade	Noisetracker 1.x	0	153154	768ff615	b4695cb5	MOD/T/TARMASTE.MOD
177650e7abf953f28454b9295813d061	1	180089	player+volume	uade	Protracker compatible	0	123204	03d25a7a	48378fe0	MOD/H/HLRUNNER.MOD
1795380f8dd9b171ed04a85579d18222	1	163699	player+silence	uade	Soundtracker II (31 instr.)	0	211075	dda43701	7cf6c63f	MOD/P/PICTURET.MOD
17be1e81a1c606cdbaaca9fb39ffdb39	1	68997	player	ft2play	Fasttracker (M.K.)	4	86943	241dce39	b6a7fe90	MOD/B/BURPJAME.MOD
17bec25fada7247d360ca48aa85ef8b3	1	176357	player	ft2play	Fasttracker (M.K.)	4	90425	3e4ae6d1	c3c9eefb	MOD/Q/QUANTARI.MOD
17d6c5b892253b1253685c7508d443ee	1	76665	player	ft2play	Fasttracker (M.K.)	4	89204	401d2e26	6ee89780	MOD/B/BUGZDEAL.MOD
17dd120ef98678ef69051aac2020a1d9	1	203635	player	uade	Soundtracker II (31 instr.)	0	79750	1858171e	4acbf2c2	MOD/A/APC.MOD
17eda6027dfa58a3c86433ab2787bf5f	1	146045	player	uade	Noisetracker 1.x	0	95268	0091128e	4ec8db2a	MOD/Q/QUANTUM6.MOD
17eda6027dfa58a3c86433ab2787bf5f	1	146045	player	uade	Noisetracker 1.x	0	95268	0091128e	4ec8db2a	MOD/Q/QUANTUMV.MOD
17f82b155eb4bfff782d4760aa545a76	1	197245	player	uade	Protracker compatible	0	27396	a74a2b38	c08c0915	MOD/M/MUSIX5.MOD
1825f6c8a84b6d45ee3e9cde2f3ffff9	1	208247	player+silence	uade	Protracker compatible	0	188128	4f4cd528	88a068fb	MOD/O/OPUS2.MOD
182b7a649923f04f9b92b8bfa3ace608	1	192141	player	uade	Noisetracker 1.x	0	80748	e6781584	28b504e1	MOD/S/SMOOTHCR.MOD
1870ef940983c24ae69d7195e494d14b	1	84616	player	uade	Protracker compatible	0	92171	ae6279b0	d30ebec4	MOD/F/FUNK3Y.MOD
18b8bdfbd04f465a0f9ac8ff8f20a4c7	1	305381	player+silence	uade	Protracker compatible	0	96488	5ad81243	5d59fb78	MOD/G/G3.MOD
19b2a63bf618e8bd60fc43a0bfaddbac	1	76920	player	uade	Protracker compatible	0	40922	54606797	32742cea	MOD/G/GET_ON.MOD
19d7b550b9199db5f40f85f74bbb91aa	1	172489	player	uade	Protracker	0	384014	aae5ff44	8e08c1c5	MOD/N/NICOLECO.MOD
19f1f3e385f3ed76c1c3214b9ef3b8ec	1	252778	player+silence	uade	Protracker compatible	0	170610	966f1c7c	762238ca	MOD/G/GALAXYII.MOD
1a43caf91d2cbcb14ff6eff61eef8d52	1	184445	player	uade	Noisetracker 1.x	0	80542	18b5b431	a5f212f0	MOD/O/OUTRUNBU.MOD
1a583679f32522a249005c33f74f4a2c	1	184445	player	uade	Protracker	0	57168	11e9a4f9	a0292781	MOD/T/THEND.MOD
1a809c12d166c7dcaa411aa42e891e21	1	166951	player+silence	uade	Protracker	0	28128	f6123bfe	98710856	MOD/K/KSDMATAD.MOD
1a9942f32cfc1d9f79807cc089f7f875	1	146045	player	uade	Protracker compatible	0	39498	6fe0533c	d7ebfa5f	MOD/B/B.MOD
1ad6cebcd89cdd87aa7c84f65f2a2597	1	296129	player	uade	Protracker compatible	0	96956	9ae49a90	79c7f66a	MOD/S/SLAPPYAN.MOD
1ae55665ef98390df5a8a342f0b69d5e	1	135716	player	uade	Noisetracker 1.x	0	116042	57ad1d78	87a8ff92	MOD/S/SHADE.MOD
1b3495d34a3c30726b5d8c6a1edfdc39	1	73685	player	uade	Protracker	0	60290	de79616e	53de77b5	MOD/B/BIGDICKT.MOD
1bb2aa89470bf6a406e02ab61e42dfbd	1	222845	player	uade	Noisetracker 1.x	0	117932	754a7491	487bc00e	MOD/S/SUNMAZAC.MOD
1be7c2fa4576ac866a81472f710a2b55	1	169001	player+silence	uade	Protracker compatible	0	64214	862f264a	cc19fe8d	MOD/C/CBLUES.MOD
1c6f94fcbbc4b4d3e95571499a9084d4	1	119802	player	uade	Protracker	0	197910	f32a69ea	7ebbb4ed	MOD/T/TOTALTRA.MOD
1c81a5f4b6e8087ff7f4d5832820a038	1	162900	player+silence	uade	Protracker compatible	0	81860	e159ea09	6005074d	MOD/M/MOZART91.MOD
1caeeab46d68b107de27779db9441130	1	35968	player	uade	Protracker compatible	0	21898	2cce95d7	d78640a7	MOD/M/MOREOVER.MOD
1d570f06fa8d925001d4b09cd646108c	1	276597	player	uade	Protracker compatible	0	110696	e710e766	fe393344	MOD/A/ARVIDS.MOD
1dcbdec760f4e77350781dfb741bc7ae	1	121885	player+silence	uade	Protracker	0	140736	c6c1c17e	dcaaaeda	MOD/T/TEDEUM2.MOD
1e0bfdc63f13575076ba9682838bcba0	1	218042	player	uade	Noisetracker 1.x	0	219664	e6697d42	340b86d2	MOD/H/HOMYDONT.MOD
1e2e49ae176756d97d7a66cd104a4530	1	138369	player	uade	Protracker compatible	0	40892	e94df7df	a20ad79d	MOD/B/BLIRG.MOD
1f293761615de9e1cd1eb606d2adefc7	1	254132	player	uade	Noisetracker 1.x	0	93602	91c60d60	429abdc3	MOD/T/TKG_I.MOD
1f5e7c32a76ec90f8bc341ab6379ef80	1	291969	player	uade	Noisetracker 1.x	0	70096	319d718c	9a627b5c	MOD/N/NISSENHU.MOD
200660ae9b14c4919e641bace28124c8	1	38520	player	uade	Protracker	0	19132	dcca92b1	1b4106b4	MOD/L/LOVEHARD.MOD
202a35af09983b811d088d34ca0e57b2	1	161397	player	uade	Protracker	0	118202	ab6b5472	b38167df	MOD/S/SC2T6.MOD
2063b8295f1931f77831c1564cb042ed	1	176769	player	uade	Noisetracker 1.x	0	70822	fffa9311	8683c872	MOD/G/GN.MOD
21e82d7bd1c5774171e106a13b64a3f4	1	208056	player	uade	Protracker	0	68882	8b8b2236	3c029beb	MOD/M/MANDLFRC.MOD
21fcedbe77b8f02fef2e0cbdea345b33	1	161397	player	uade	Protracker	0	112900	7701f948	2ef80f96	MOD/T/THELOO3K.MOD
220cdbc2f3bf7824e563b5f7951a6e89	1	277582	player	uade	Soundtracker II (15 instr.)	0	68484	c1764347	162ac0ff	MOD/G/GOINGS.MOD
22195d8dd6a11ec356627f84da0d85e1	1	429210	player+silence	uade	Protracker compatible	0	165258	b4b4d6d2	5ff12e02	MOD/V/VCCGIGIC.MOD
225fb81d112ce92071570ec953e5d96d	1	115321	player	uade	Protracker compatible	0	142764	7a39a865	6bf9455a	MOD/J/JUNGLEBE.MOD
2280caffbe36d467270b3b6aec1cb742	1	146045	player	uade	Protracker compatible	0	31084	bbe7e231	b07dd9eb	MOD/T/TKG_C.MOD
22847d68de0bee2ffcdac7e07d6dfd33	1	203976	player	uade	Protracker compatible	0	276506	33e83fb9	a57a2672	MOD/H/HITFIDOR.MOD
2290a97c6ebffa3b0038a08533f76b21	1	40879	player	ft2play	Fasttracker (M.K.)	4	38625	86ff16ec	12e9ae43	MOD/U/UNTITLE3.MOD
2331683d8248d5cbbfe83f30a4b0a918	1	86525	player	uade	Protracker	0	182488	b0399c11	82366e44	MOD/E/EASYGOIN.MOD
2382aedb1e6444c8d8931a7c6f96c250	1	176769	player	uade	Noisetracker 1.x	0	103438	2715d540	8cd4910b	MOD/A/AXKOLD.MOD
239adb4923f5885111cb98c62cea7a4e	1	69224	player	uade	Protracker compatible	0	75688	f1083a6b	6cfa640b	MOD/T/TRAVELLI.MOD
24ce205c451b31fbfd407f41ce36dc91	1	76665	player	ft2play	Fasttracker (M.K.)	4	93757	9794199e	c26961dc	MOD/D/DAYTHESU.MOD
2560dc518739fc085e57881585902697	1	272161	player+silence	uade	Protracker	0	157496	d8ff0d2a	df79fb60	MOD/A/ACTIONLA.MOD
258e004ad5de3cb4174a6133b615e974	1	253569	player	uade	Protracker compatible	0	210336	fedad918	d3e5ce77	MOD/N/NONAME39.MOD
258e736d48a4588ea37e257480edeeb8	1	396953	player+volume	uade	Protracker	0	248922	219bef29	d9c94a7c	MOD/I/INVERSEM.MOD
2593722bf57f6a714da050be4f25fbbe	1	79862	player+silence	uade	Protracker	0	56584	ddbd1c00	a88e77bd	MOD/M/MARYHADA.MOD
25d63326395c805cd20af5da16bf1d52	1	169093	player	uade	Protracker	0	191202	8cba8962	44ceb0be	MOD/B/BENEDICT.MOD
25ea65efb7c85f580ce53619df3d9dd5	1	161397	player	uade	Protracker	0	118201	b5836abb	e87781de	MOD/S/STARCON3.MOD
26f88604ea53a4ea44fd485e59353078	1	253087	player	uade	Protracker compatible	0	150227	3e62faa3	103db1fa	MOD/B/BATTERY.MOD
27821175929f08f2fda3cf6638267b01	1	69161	player+silence	uade	Protracker	0	62368	7179f30f	0f4b1068	MOD/R/RIDEOFVA.MOD
27c8c4d098eefd66bda516b9b023349a	1	238197	player	uade	Protracker compatible	0	56644	8d270114	e2c69c59	MOD/B/BLUEMOND.MOD
284ce6c29ed059764d5044b2b46605f2	1	153403	player+silence	uade	Protracker compatible	0	90822	6d5b49cf	a868627d	MOD/K/KILROY6.MOD
288801c4c9a6af890cd09e844caae6d5	1	198453	player+silence	uade	Protracker compatible	0	80516	84b5f751	4574e034	MOD/N/NOCTURNA.MOD
28890a965090ca46333762e16a0c372e	1	184445	player	uade	Protracker compatible	0	161667	4656a768	1bf6ebd9	MOD/T/THEORY.MOD
29820b6a5737bf00f8a0bf5ef33548ce	1	250032	player	uade	Protracker	0	102070	e15dd3d3	a25495ab	MOD/F/FEELTHEB.MOD
2987b60848de1939953322cce74f0093	1	273356	player+silence	uade	Protracker compatible	0	88360	4c3be581	28f53667	MOD/G/GNOSSDLI.MOD
2a2178634ac1c609d35b4e820c139a00	1	130693	player	uade	Noisetracker 1.x	0	90637	68ac90d0	8220d396	MOD/W/WASTLAND.MOD
2a2bdcf89a70ffa1dcf490e783513193	1	142044	player+silence	uade	Protracker compatible	0	106368	fcc726c6	1360ba48	MOD/A/AIRWOLFT.MOD
2a4bbdf0d7f00584f4ae940fd7ec3c7a	1	400699	player	uade	Protracker compatible	0	93106	7c65c725	de9d366d	MOD/C/C.MOD
2a5edad43add3f7baf8fc6b58ce8b799	1	210904	player+silence	uade	Noisetracker 1.x	0	108712	559abb0f	44489704	MOD/M/MODSUBUR.MOD
2b0ff9cb492330d8f5984d39ffc4e036	0	243559	player+silence	uade	Ultimate-Soundtracker or compatible	0	108560	d5835130	16ae8684	MOD/B/BLUE.MOD
2b1cfba5a2e11b07461ca826949802fc	0	242886	player+silence	uade	Ultimate-Soundtracker or compatible	0	85440	7eeb6639	8c390501	MOD/D/DISCO2.MOD
2b2d6491bc518d59f3c241f3cb00a55e	1	174631	player+silence	uade	Protracker compatible	0	154710	56bb99b2	550ed844	MOD/L/LASER_1.MOD
2b2d6491bc518d59f3c241f3cb00a55e	1	174631	player+silence	uade	Protracker compatible	0	154710	56bb99b2	550ed844	MOD/L/LAZERINT.MOD
2b6a731835ee69f6cb2195379070f5a9	1	118536	player	uade	Protracker compatible	0	79251	f68ac1d6	e2297973	MOD/I/INTOTHEN.MOD
2b7ba287a7a734f5b38e99ba7757a3c1	1	169093	player	uade	Protracker compatible	0	46568	69740486	f9f59a49	MOD/S/SAYSAYSA.MOD
2baa235a5a33f6b8e075e6e2abd32c9d	1	103847	player	uade	Protracker compatible	0	83830	5bfde6e8	728610fa	MOD/Z/ZYXTEKKN.MOD
2be631123881d47e00c717139a2d3194	1	169093	player	uade	Protracker	0	96795	0c9322e6	95a80deb	MOD/U/UNTITLE2.MOD
2c65ef29f8aa4c1096c6ad8e45cccc3b	1	138369	player	uade	Noisetracker 1.x	0	166634	40d684e9	2a911777	MOD/F/FREQUENC.MOD
2d0b342d1afd583bdd8505ed59f85da6	1	141118	player+silence	uade	Protracker compatible	0	138864	13b7ee19	3e40cd7f	MOD/B/BRINGMEB.MOD
2d37f1178df943e6c57ae00562a776b9	1	192141	player	uade	Protracker	0	209342	9c24bedb	eb48b308	MOD/H/HOURS.MOD
2de3d886f3c4afd899d938047ae71123	1	127478	player	uade	Protracker compatible	0	182188	88e88452	c8c3f260	MOD/I/ICEBABY.MOD
2de3d886f3c4afd899d938047ae71123	1	127478	player	uade	Protracker compatible	0	182188	88e88452	c8c3f260	MOD/I/ICEICEBA.MOD
2e1d3780ec3fda69c247de80089c667b	1	213622	player+silence	uade	Protracker compatible	0	129218	71ef6c99	98acb586	MOD/E/EXCTASY.MOD
2e1d3780ec3fda69c247de80089c667b	1	213622	player+silence	uade	Protracker compatible	0	129218	71ef6c99	98acb586	MOD/M/MOD2EXCT.MOD
2e807dc773be531db60b57aaaa02617c	1	92915	player	uade	Protracker compatible	0	104666	d2eb9bf2	81966ebb	MOD/C/CONSUMMA.MOD
2ea33b6a5a0756d8fc143ef7f299605a	1	240721	player+silence	uade	Protracker compatible	0	107870	e1b7c51c	a337faa8	MOD/D/DAYSOFFU.MOD
2eddcbc763015690ac2194a33301a05a	1	242055	player	uade	Protracker	0	97756	172f42b1	1b1df0b3	MOD/S/SECURE3.MOD
2ef3c4044f18d88115f8aca70dc09cbc	1	230420	player	uade	Protracker compatible	0	91504	d251db83	541fc673	MOD/T/TRAINBEA.MOD
2f035a58489c81e745b9f9936812b7e8	1	293969	player+silence	uade	Protracker	0	162598	78a88451	114264f7	MOD/H/HIDDENSH.MOD
2f0455119501ac0c99b79d166878bf80	1	291969	player	uade	Protracker compatible	0	142166	83d09404	e41051b7	MOD/C/CAP_N_PO.MOD
2f0455119501ac0c99b79d166878bf80	1	291969	player	uade	Protracker compatible	0	142166	83d09404	e41051b7	MOD/C/CAPNPOWE.MOD
2f1d3764ea32ac57b77bcf10f88844de	1	93360	player	ft2play	Fasttracker (M.K.)	4	78364	dde41fad	e39ddc43	MOD/D/DOLLARS.MOD
2fe879258fa2f52200e98d96a8e7a433	1	179241	player+silence	ft2play	Fasttracker (M.K.)	4	143435	735d4a11	5d2ea8d0	MOD/W/WIZARDSF.MOD
3049088194087bcffb35139a61242abf	1	138369	player	uade	Protracker	0	63074	e5c2766c	831ecc55	MOD/O/OTA.MOD
306728c6b59cb13004d1ebf154cbb5fb	1	225075	player	uade	Protracker compatible	0	151434	e87331c7	a42ad3b1	MOD/H/HEAVYBAL.MOD
30849059ce198b1d57f748a77ede9e80	1	152529	player+silence	uade	Protracker	0	34152	551e473d	7a48cb40	MOD/S/STANDING.MOD
30961e5b4fbba69bcba626918513c41e	1	200645	player+silence	uade	Protracker	0	119746	b5298318	0e3e994e	MOD/M/MANDELDU.MOD
30a07bce70cc198904a56b77c0791be4	1	202208	player	uade	Protracker	0	60746	63f19e5c	7c8caf0c	MOD/H/HEAVEN2.MOD
30bb6d2fc8f3ea5ba0daffda7f72398d	1	192141	player	uade	Startrekker (4ch)	0	194316	06b49a01	7a09ae4d	MOD/D/DC_XMAS.MOD
30c2d4976386c356fbcf7c252087b432	1	116586	player	uade	Protracker compatible	0	31734	2fd19ed8	102e2eb0	MOD/M/MID.MOD
314725fd12d24ad8ffb48790feb00d4d	1	128221	player	uade	Soundtracker II (15 instr.)	0	78808	29310cfb	f45f4088	MOD/D/DIG.MOD
31699427a8dd9e8a55b38a0755dc2b5f	1	246717	player+silence	uade	Noisetracker 1.x	0	80792	aab849af	653b8dc8	MOD/A/ALPHVLLE.MOD
317ce482001003ba754fa6ec1769543a	1	30733	player+silence	uade	Protracker compatible	0	16113	94c9afdb	9b88f634	MOD/R/RYTHMISA.MOD
319529364b06c86def16baf7f8a6b48b	1	111483	player	uade	Protracker	0	209970	2f718a1c	b08547ad	MOD/M/MUSICALO.MOD
3254f8a6d8c3024860cfe52aac5b95af	1	99968	player	uade	Noisetracker 1.x	0	49602	e369eb5a	125d040e	MOD/M/MARTINSH.MOD
32a86163ec78c2983ab096a4b4b9843f	1	215149	player	uade	Soundtracker II (15 instr.)	0	76188	5cc249d2	958907d9	MOD/D/DOC1.MOD
32c86a64c44732a792873d2e1075e23d	1	344129	player+silence	uade	Startrekker (4ch)	0	171738	d71a073d	85648022	MOD/M/MAMA.MOD
331a757f207747d34f68f9de2e774b14	1	138268	player	uade	Protracker compatible	0	127550	665b983a	fb640ffb	MOD/D/DD1.MOD
3387e10efac7b1a368ef4f0e58606f9c	1	194291	player	uade	Soundtracker II (15 instr.)	0	91046	2b0a8b37	bd8c78d2	MOD/M/MY_DAY.MOD
33b7503c750c049fa9237f1b30a3ae85	1	15472	player	uade	Protracker compatible	0	34027	58ca6e05	9ca12593	MOD/U/UNTITLE8.MOD
33cd411d9a518646631dae30ec2e8b7b	1	69224	player	uade	Noisetracker 1.x	0	91624	af312866	c18ff855	MOD/T/TITELSO2.MOD
33e8b9ee1e260bce204e2edb2763f7b5	1	141631	player+silence	uade	Protracker compatible	0	50908	01695b7f	e58931da	MOD/H/HOWDEEP.MOD
342cedf7952a788f5664e50fe96e7960	1	235645	player	uade	Protracker	0	83870	dd438e2e	44c53811	MOD/M/MOLECULL.MOD
348e5f194c765529ea4c72e6f7318d6f	1	46216	player	uade	Noisetracker 1.x	0	62790	38a70aee	5d20e147	MOD/J/JAMES.MOD
34b3029b5fad9bb4d91e84b5a3d4d609	1	121088	player	uade	Soundtracker II (31 instr.)	0	59846	b051d4ed	bd0c77e8	MOD/E/E.MOD
34d0230dbf209502f82789b5a31f03a1	1	177685	player+silence	uade	Protracker	0	126202	6380ff21	c335c390	MOD/T/TIKTIK.MOD
34faced73003e6ecd3045dc17d245be8	1	110407	player+silence	uade	Protracker	0	65490	a42915db	bd05fe31	MOD/D/DASCHGRE.MOD
35619d1530923e7fec92911e5b897b6c	1	41072	player	uade	Protracker compatible	0	51872	cb48f75b	e70d281a	MOD/H/HEAVYMET.MOD
357b30f87bb0c826ea6c0b9251a32dbb	1	207642	player+volume	uade	Protracker	0	370342	dcdf1a40	13a9cbf1	MOD/N/NOHARM.MOD
35817e5bcf80a646169eabb3ffebc422	1	176055	player+silence	uade	Noisetracker 1.x	0	63484	97868671	4a507b57	MOD/J/JUDGE21.MOD
361d5dfeccce507fddd119aabcd5be4f	0	126774	player	uade	Ultimate-Soundtracker or compatible	0	42716	e227984a	3290be52	MOD/S/SLL8.MOD
36336a37715bd90e956c4cf3b438d9f4	1	207493	player	uade	Noisetracker 1.x	0	115076	dd51be85	2adf0e57	MOD/T/THEEND1.MOD
36760780c07ebbd3f46676884fd2b969	1	216033	player	uade	Protracker compatible	0	166666	8a4476b5	fdda787f	MOD/V/VENTURES.MOD
367666457b538959efab409d5cd837f4	1	261245	player	uade	Noisetracker 1.x	0	80006	f16db7a3	0353cd81	MOD/A/AMEGASI.MOD
36888cc042f6459b277ea159d0820775	1	46216	player	uade	Protracker	0	25874	a14950b4	4b5d8724	MOD/S/STAHND.MOD
36d799ed5b9a41c4bf15988551afff4b	1	315017	player	uade	Noisetracker 1.x	0	113756	7bc2f7fe	d5d89a9a	MOD/J/JJK107.MOD
370aa8f14962f7a00b33b3cb1bfd8f95	1	308639	player+silence	uade	Noisetracker 1.x	0	364498	05f85b61	b299ff16	MOD/M/MODDOMIN.MOD
372517c038ea76dc7ab5cbd5585739ca	1	126352	player	uade	Protracker compatible	0	62581	f3c9d963	27e91dae	MOD/M/MODZANYG.MOD
37cf8ad412b5c84427690ef21553ab4e	1	61568	player	uade	Protracker compatible	0	56558	c6023bbb	5461b1bd	MOD/C/COLDSWEA.MOD
37d89ef172f2a7f9186ff7ae1ec6345c	1	122997	player	uade	Protracker	0	135026	e1bf6905	5afa63ca	MOD/P/PHEEWBYT.MOD
38d80c03092253fa9575159a22759af7	1	184686	player	uade	Soundtracker II (31 instr.)	0	248990	d259d4ec	751a00ac	MOD/T/TKGS.MOD
38db44544e8486b9a2a75ff776fef737	1	76920	player	uade	Protracker	0	130688	18e5bb97	57c74fbb	MOD/C/CARELESS.MOD
39313965c568327f1a224176834ca6f0	1	71816	player	uade	Protracker compatible	0	63194	4d07545c	8b95dea1	MOD/U/UPSIDDWN.MOD
3969c17b76c5732db48b6a87c61a98d5	1	237785	player+silence	uade	Protracker compatible	0	131810	9fd0a044	58522d48	MOD/T/THISWAST.MOD
39c97ad1052c5893c82d1cfb3d6c16ed	1	76920	player	uade	Protracker compatible	0	24832	08111d05	d2093cf1	MOD/C/COOL1.MOD
39c97ad1052c5893c82d1cfb3d6c16ed	1	76920	player	uade	Protracker compatible	0	24832	08111d05	d2093cf1	MOD/L/LCHINA.MOD
39c97ad1052c5893c82d1cfb3d6c16ed	1	76920	player	uade	Protracker compatible	0	24832	08111d05	d2093cf1	MOD/L/LITCHINA.MOD
39e6a1b18b3ba50e5ae05ff48de088cc	1	163969	player	uade	Protracker compatible	0	146166	414f8dde	5ee00338	MOD/L/LONG_SLI.MOD
39feaf626ea385fdedcdac6bc6812f4f	1	249731	player	uade	Protracker compatible	0	256088	bc4e872f	045b256e	MOD/D/DRAGONII.MOD
3aba91643224c02855c0eaa379b9eb87	1	122997	player	uade	Protracker	0	28614	6e213d60	22d8ce5e	MOD/Z/ZTINYMOD.MOD
3ad12f148005ac381c9ef39ba77c1aec	1	143126	player	ft2play	Fasttracker (M.K.)	4	123506	9f07e11d	018abf80	MOD/S/STYLEE.MOD
3b4a64304af638be39305fb2b0312483	1	208216	player	uade	Protracker	0	99148	a58c7283	8c67e83f	MOD/J/JFY.MOD
3b6f1fbf52e2a9801255a4c2a6771c30	1	153721	player	uade	Noisetracker 1.x	0	59494	ba06fd2c	eeb8372f	MOD/M/MCTEARDR.MOD
3c073e2e7135b2aef0190ac6f04e6eef	1	82044	player	uade	Protracker compatible	0	48410	c8910821	3584d5a3	MOD/A/AUDOSKAP.MOD
3c3e4421d3533d64bd3d2721cf912246	1	48125	player	uade	Protracker compatible	0	53064	884e6512	f2c7c3f8	MOD/I/INTRO_TU.MOD
3c3e4421d3533d64bd3d2721cf912246	1	48125	player	uade	Protracker compatible	0	53064	884e6512	f2c7c3f8	MOD/I/INTROTUN.MOD
3c8b81ce59264057dc030f17accb7177	1	158845	player	uade	Protracker compatible	0	120558	8238cad4	91d2bd52	MOD/S/SPECIAL.MOD
3d5d0011ba4c7f0a596fdb99d1071e4d	1	61568	player	uade	Noisetracker 1.x	0	36180	3e153078	43a6a4d7	MOD/E/ESKIMOME.MOD
3e12b6505ca71b6eabd8813f9a1445fe	1	159410	player+silence	uade	Soundtracker II (31 instr.)	0	67960	34ed06b1	135911e5	MOD/L/LONELYTO.MOD
3e17630cc74d842f6564b46ae60bc427	1	11256	player+silence	uade	Protracker compatible	0	22841	c74dfdeb	2cd83d6e	MOD/W/WIND.MOD
3e1d078a775e8cf548480bfc0e12085e	1	178115	player	uade	Protracker	0	291970	86ff9336	41e671f8	MOD/B/BLOWAWAY.MOD
3e482f9714aea49ec685fe512aa5be0d	1	123921	player	uade	Soundtracker II (31 instr.)	0	64312	5e3a50cc	5d1a194c	MOD/J/JUSTTHEW.MOD
3e59321641bfa23587f36fed188e276a	1	184445	player	uade	Protracker compatible	0	56357	f0475149	52e3ef57	MOD/U/UTWIGTHE.MOD
3e5ca40e4cb724559d75e70638ac0a53	1	138485	player+silence	uade	Protracker compatible	0	228156	82e08de3	95649e1e	MOD/E/EUROVISI.MOD
3e921cb0eac2cab8555b53ce9c5fb55b	1	201083	player	uade	Soundtracker II (31 instr.)	0	62390	21acc345	aac57edc	MOD/F/FUSION.MOD
3e9814743e0d6015b1412043f7f0aa02	1	90363	player	uade	Noisetracker 1.x	0	75640	c00ce267	736229ee	MOD/S/SKYOSWAL.MOD
3e9823064d21892bb9a1b359480d046c	0	63377	player	uade	Ultimate-Soundtracker or compatible	0	39268	f261fb58	e0cc4682	MOD/T/TNT2.MOD
3f0c3fad049168e87e1a82081b644d4f	1	199797	player	uade	Noisetracker 1.x	0	91358	bdb9d150	0c767264	MOD/N/NIGHTFIC.MOD
3f0fd4a175ff57a932f783feb929530e	1	192141	player	uade	Protracker compatible	0	56558	4577724a	e53302ae	MOD/W/WERWERU.MOD
3f1a28c27950c1f0fd5855fbfc4ba874	1	28935	player	uade	Protracker compatible	0	36027	d6a06e4a	401ae3f3	MOD/U/UNTITLE5.MOD
3f989ef329e48183f36c2844a152487f	1	86204	player	uade	Noisetracker 1.x	0	59698	943e67ac	a4b0e483	MOD/I/IK.MOD
3fab9718fa116df00f4be9140489ceb6	1	486221	player	uade	Protracker compatible	0	71260	95c80ea4	5cc76cd3	MOD/F/FUTURE.MOD
401f9db44201762b3c2eb18d8aa1f68e	1	169093	player	uade	Soundtracker II (15 instr.)	0	101796	362bff5c	be9a85b0	MOD/L/LARS.MOD
404ea37a508557d551bb2a30e1aa48d9	1	99325	player	uade	Protracker compatible	0	131368	f58d983b	f76a2191	MOD/B/BEYOND.MOD
40611c0c32d1eea780fe05acc01cb73d	1	71816	player	uade	Protracker	0	16726	07a0e338	20bd8704	MOD/P/P.MOD
40f8a46fbe740de2382e5bb3753e4c01	1	117872	player	uade	Soundtracker II (15 instr.)	0	101620	cd444c91	993d0d6b	MOD/L/LANCE_15.MOD
40fcfef6efa8b8766d2c57361b79b8f4	1	61568	player	uade	Noisetracker 1.x	0	48304	eb7b2910	9f08e790	MOD/T/TATJANA.MOD
412cf4488bd401589829a6447644cc16	1	184686	player	uade	Soundtracker II (31 instr.)	0	248994	0af8f162	ece367cd	MOD/M/MODTKGLO.MOD
415131c0efbb2ff7636183a545639eac	1	222845	player	uade	Soundtracker II (15 instr.)	0	90150	f8704af0	3b0e12cb	MOD/H/HOUSESAD.MOD
419a554adfa62536086432c7bd6ca50b	1	146045	player	uade	Protracker	0	171916	61577a44	979536a6	MOD/T/TECHNOMA.MOD
423951c6677138f47bcfbebec1c1e926	1	275461	player+silence	uade	Protracker	0	163738	d2103f5e	4e631db3	MOD/S/SCRAMBLE.MOD
423d4ba3e490295937d68109fbc2a728	1	107645	player	uade	Protracker	0	57550	a999e211	45aed406	MOD/S/SAVETHES.MOD
42437e9a303d8c541b73a3f01b937809	1	138369	player	uade	Protracker compatible	0	38384	1e8e8bc3	66ebcd40	MOD/0_10/2BALL.MOD
42b82a244100832cacda045b2668bb93	1	114034	player	uade	Protracker	0	27410	a45fda09	e73417ed	MOD/Y/YO.MOD
42c8155f4f61d7866fd826006dbbe69a	1	207493	player	uade	Protracker compatible	0	105148	bf285315	fe2d70c6	MOD/L/LIMBO.MOD
432d3ff72e6bc32ffd3b4f47b8e4e8c2	1	112568	player	uade	Protracker compatible	0	38176	3ab4121b	75b4e8fb	MOD/J/JCGE.MOD
4367c64f3f93ba0fa694bd5f3774c1bc	1	14889	player	uade	Protracker compatible	0	81306	69db7082	cb2fe9f0	MOD/N/NONAME20.MOD
439e0be2f56014c1432f6003e47b8d0c	1	86970	player	ft2play	Fasttracker (M.K.)	4	153524	68b2b45b	71fcfb57	MOD/I/INFO.MOD
449199581b0417a3d92ceb4453d54b96	1	15472	player	uade	Protracker compatible	0	30065	75761e44	f631112e	MOD/U/UNTITLE9.MOD
459763b89b7b83e7814238096fa4568c	1	115321	player	uade	Protracker	0	109028	4497b100	524b4f46	MOD/T/THEROLIG.MOD
45b51a18abc58643c8b7cb2b5ff935a3	1	261245	player	uade	Noisetracker 1.x	0	65900	1bd97a1c	7cd564aa	MOD/A/AMEGASJ.MOD
460f34f280237ff087d0cd1fca6ebe8b	1	238197	player	uade	Protracker compatible	0	115904	5f89434e	0c33a57b	MOD/N/NUCONTRO.MOD
4743d1b142e10eb639ccdb9ad136adf9	1	97859	player	uade	Protracker compatible	0	442795	0ead6be8	149269c6	MOD/C/CSIKWSMI.MOD
47708df03f5c5b548d445b88af23c765	1	157579	player	uade	Noisetracker 1.x	0	91034	e98d9fb1	77ef30f9	MOD/S/SMOKE.MOD
477fbc68334379a05f4984116743c0f2	1	88434	player	uade	Protracker compatible	0	100860	4e35ce0b	13219a23	MOD/T/THESWORD.MOD
47ba57fb7e2f5ce5ea0345e7914f780d	1	236011	player+volume	uade	Protracker	0	116512	592861e2	ab62cbbe	MOD/F/FRONT242.MOD
4914e02c6984366fa4359cc67309810b	1	107645	player	uade	Protracker compatible	0	73218	8cf2fa8d	fa1be7c5	MOD/I/INDUSTRY.MOD
4949cf3597275b7801789b4b3291c818	1	161397	player	uade	Soundtracker II (15 instr.)	0	50692	6d64a436	8f872db2	MOD/S/STREF.MOD
496f5230ed8ea2570222d57d81d0ae84	1	75072	player	uade	Protracker compatible	0	69145	d6c754b4	243c5093	MOD/Q/QUANTUM2.MOD
4994ebba308165428300d749aaa12a4d	1	36852	player	uade	Protracker compatible	0	41240	e2b508db	4c236859	MOD/H/HARDDRIV.MOD
49aa26bb48671e012ec311917da283ca	1	377310	player	uade	Protracker compatible	0	194244	dcc86a77	4ede5b40	MOD/D/DEPRESED.MOD
49cb934a65c37416f32c3bca924ff4e7	1	327194	player	uade	Noisetracker 1.x	0	233264	400b221a	992c2814	MOD/S/STRAZZAN.MOD
49cfd6be87936d8ede059b64397fe308	1	205236	player+silence	uade	Protracker compatible	0	199926	e62e1392	9e927426	MOD/T/TONIGHT_.MOD
4a0b2fa9a34d270daaf4f2800b429366	1	122778	player+silence	uade	Protracker compatible	0	291146	e46bc757	d3657af3	MOD/P/PROPANDB.MOD
4a23a7621e732580bc3bd6b7f287c93b	1	226603	player	uade	Protracker	0	181882	0ff949a9	f527608e	MOD/S/SADNESS.MOD
4a27ee04714205c984f2753cf3a85dff	1	170379	player	uade	Protracker	0	62342	2ecf48d3	4383f0d5	MOD/R/RBTX_1.MOD
4a47e4f17d04516b347842f630d72626	1	238197	player	uade	Protracker compatible	0	131668	1f37be41	81cb6c40	MOD/M/MINOAN.MOD
4a9e3ea250701e731bcddb80c17a8690	1	258894	player	uade	Protracker	0	290513	c646898f	20b04d30	MOD/B/BLUJOKR4.MOD
4ac8d73dbe4a5795a7a9c984c5091ccb	1	108618	player	ft2play	Fasttracker (M.K.)	4	80713	091ff0a8	6d2f7574	MOD/T/THEELEVA.MOD
4b0f4ba6ac56efd09fa83b1373d06906	1	153721	player	uade	Protracker compatible	0	70312	5f5c9c6c	8e06f0ec	MOD/R/REACTION.MOD
4be5a747a42c1632a524e5734e97959d	1	80758	player	uade	Soundtracker II (15 instr.)	0	42320	b887cfcb	a04713c5	MOD/A/ACIDBAT2.MOD
4c69bd28d481113ee47fcde17d414aca	1	253569	player	uade	Noisetracker 1.x	0	29132	2d0b2923	c7be136e	MOD/A/A.MOD
4c69bd28d481113ee47fcde17d414aca	1	253569	player	uade	Noisetracker 1.x	0	29132	2d0b2923	c7be136e	MOD/I/INGAME.MOD
4ca053941e5bf3e6fe7e4fb78080e1dd	1	307021	player+silence	uade	Protracker	0	99700	8967b94b	36d07adf	MOD/R/REALIZE.MOD
4ca4c412daa41f06119cd3b12d94a8a8	1	184445	player	uade	Protracker	0	138082	bf60be71	7ee88583	MOD/B/BENDOVER.MOD
4cddbcba9eac7eb82531a1f22aa562d8	1	89446	player	ft2play	Fasttracker (M.K.)	4	57407	f83f9fd7	fce24f11	MOD/C/CANCIOND.MOD
4cfefe9989a35297ea6f633768772c5b	1	190192	player	uade	Protracker compatible	0	101892	2a492dea	d9e52c58	MOD/T/TECHNOTH.MOD
4d2fdfd7bda4a5d65a1979f007dff890	1	69224	player	uade	Protracker compatible	0	60814	ee2d91ae	caeda904	MOD/J/JINGLE.MOD
4d3e1d8d501d72fa46d680531e430c9e	1	153721	player	uade	Noisetracker 1.x	0	89582	60809da4	82ebcb40	MOD/0_10/16RASTER.MOD
4dea3289b726938ce9e071e0f23be6d8	1	162683	player	uade	Soundtracker II (15 instr.)	0	105164	3d11cb19	247bf4c7	MOD/0_10/11_1.MOD
4e84e4d7f571fb3c216738d75ef36acc	1	192141	player	uade	Protracker compatible	0	190698	5c9e2079	466142d3	MOD/F/FREEFROM.MOD
4e981f1d0d66dc41878f7d65077e6e1a	1	153721	player	uade	Protracker compatible	0	74793	3087e6a5	e1de30c6	MOD/M/MODLAMB.MOD
4e9c7aa1c2228f6559bf8ce072271448	1	90283	player	uade	Protracker compatible	0	91299	1c08920a	91df5851	MOD/B/BREATH.MOD
4e9c7aa1c2228f6559bf8ce072271448	1	90283	player	uade	Protracker compatible	0	91299	1c08920a	91df5851	MOD/E/EVERYBR3.MOD
4eb19cab8eb52a6e175ee7a3c57ee49a	1	138369	player	uade	Protracker compatible	0	84210	f027f63b	44628f75	MOD/S/SALUTE.MOD
4ec0e04e21218e598492456e1016b913	1	92272	player	uade	Protracker compatible	0	59378	1c10487a	bb30990b	MOD/K/KILROY2.MOD
4ee1760f498c6582c01ceb1c7cb08e7d	1	430218	player	uade	Protracker	0	100368	6aae4db8	dd4479ec	MOD/T/THEMESFR.MOD
4ee49a128c2553b0bb675178ebb99b46	1	130693	player	uade	Soundtracker II (31 instr.)	0	75560	1249d2ff	bb4d4b2e	MOD/Z/ZINESOUN.MOD
4f20946645322ad4bd0742a1b1b4c44b	1	76920	player	uade	Noisetracker 1.x	0	56786	59d989b5	b9cd96d4	MOD/I/ICENIGLO.MOD
4f49b1f3bc1be90437461cbd782909dd	1	138590	player	uade	Soundtracker II (31 instr.)	0	131652	3c5a1519	8471b9ff	MOD/T/THEPOWER.MOD
4fc8edd21f2b16464120c7ce863f20e7	1	30824	player	uade	Protracker	0	9394	9ab6f824	08c8a287	MOD/C/CAL.MOD
501edc8e7fe237efe493ebc420c85217	1	263875	player+volume	uade	Protracker compatible	0	113583	8fe003c9	56d39ec5	MOD/T/TRUFAITH.MOD
504d8105be0c9c49d4b4cf6453cdca84	1	153721	player	uade	Protracker compatible	0	58670	1c0eea6d	3b3647a8	MOD/S/SUPERCAR.MOD
508ffda5ba71299221b83866a6bc36a8	1	192141	player	uade	Protracker compatible	0	78420	5aa90ec8	efcd6fec	MOD/0_10/37.MOD
50ccdbd9df8dc82e71aa0a2546edbee7	1	199745	player+silence	ft2play	Fasttracker (M.K.)	4	180775	3c826b82	eda28e6f	MOD/P/PIMPFPAR.MOD
517853f943247d166d64e6a5581d4d6b	1	17125	silence	uade	Noisetracker 1.x	0	57344	50980ecd	696857d1	MOD/A/AXEL.MOD
51b132e3cd730c6ffed4a2911971cbe9	1	238197	player	uade	Protracker compatible	0	86478	5a9e19a3	01cd5cc6	MOD/S/SYNDISCO.MOD
51e5c76643ff254ed105dee5cb9a22ba	1	119179	player	uade	Protracker compatible	0	42720	7d5786a2	07a7ff5a	MOD/L/LAIDBAC6.MOD
5233c4fe2db349e9cbc89d6547595d8f	1	38520	player	uade	Protracker compatible	0	116086	7a530046	8f52d919	MOD/G/GETUP.MOD
5246d50dd2c88d7238d6b01103f6d835	1	184445	player	uade	Noisetracker 1.x	0	103860	bf6aef31	b5c5385e	MOD/L/LTT.MOD
52b05214d16b0d560bbd7f69e5fbb301	1	51320	player	uade	Protracker compatible	0	48240	6054d014	eeddfbc8	MOD/L/LORDSOFL.MOD
52d06d5bce44299005bd9f055e2a705c	1	153721	player	uade	Soundtracker II (15 instr.)	0	56184	fc0339cf	c08e9e9a	MOD/E/ENOLAMIX.MOD
5393895cc6bef730eff6a476ee3afda6	1	174816	player+silence	uade	Protracker compatible	0	114128	d0fe6d8c	7fa7d6c5	MOD/T/TJDEMO1.MOD
5455d2da6e3b5422dd04c5c747608879	1	223809	player	uade	Protracker	0	159976	223eb807	c61d00c3	MOD/E/ENLIGHT.MOD
54698849416d588c312d8b1b807e5f1c	1	286608	player+silence	uade	Startrekker (4ch)	0	95328	b4bf245e	709c5657	MOD/H/HARDROCK.MOD
54a6033af515eb1be2c3d7a1023baa54	1	163969	player	uade	Protracker	0	27598	40f86780	bc7456f4	MOD/0_10/4MA.MOD
54a6033af515eb1be2c3d7a1023baa54	1	163969	player	uade	Protracker	0	27598	40f86780	bc7456f4	MOD/0_10/4MAT.MOD
54f56eb7cd5bcf8f7c413612c75a5fd5	1	230461	player	uade	Protracker	0	160154	efe54d1a	b4205316	MOD/E/ELECTRI3.MOD
553775dd8252d037086d022bc9ebda99	1	30824	player	uade	Startrekker (4ch)	0	158674	5106abe1	27448b5b	MOD/L/LRB.MOD
5546c73938c906b2f1e395634c4e8372	0	158285	player+silence	libopenmpt	Ultimate Soundtracker 1.0-1.21	4	101284	1c63d4fa	6568e32c	MOD/R/RIFF.MOD
5555eecc5ff5ddbfaaf2545390143e96	1	134812	player	uade	Protracker compatible	0	65464	80da390e	e515e897	MOD/H/HURRICAN.MOD
55d965ccc1529e74a371742187957818	1	193616	player+silence	uade	Protracker compatible	0	68628	ad3b9879	4eb4bf1c	MOD/S/SCROLL.MOD
55e2de544796b08cc356f41f5891cdc6	1	207493	player	uade	Protracker compatible	0	133732	d1404cce	bdd1e399	MOD/X/XIPHOS.MOD
55f3b68af70feabe76e214d69864d663	1	182536	player	uade	Protracker	0	101554	7449cbe9	ab23b10d	MOD/A/APOCALYP.MOD
5628c33baef2a41edca2140cc0b4924d	1	175430	player+silence	uade	Soundtracker II (15 instr.)	0	75090	7cffaaed	4b2898e0	MOD/M/MEGAMONS.MOD
562dce350fd7b18853d9d1c36989283e	1	107645	player	uade	Protracker	0	125054	47f8c731	5991a432	MOD/S/SUNWIND.MOD
57340069b0e9f14cb426eda05c69836f	1	229215	player	uade	Noisetracker 1.x	0	159692	7c61faea	f9524446	MOD/0_10/88WINTER.MOD
5767f01c840c6247b1860db56686d448	1	23168	player	uade	Noisetracker 1.x	0	22856	21c3a931	08a1734f	MOD/G/GSC.MOD
57acd1de8e49447b8a29e749ecb3a76e	1	153721	player	uade	Protracker compatible	0	74696	0d91b8d9	e1bb1551	MOD/K/KILROY5.MOD
57f43c052f4117b5e4c645e332388926	1	130693	player	uade	Protracker compatible	0	71054	d1a24fc3	7144cd4d	MOD/C/COMPLICA.MOD
58a6abcecd1fc8826131c6baee8d570f	1	195396	player	uade	Startrekker (4ch)	0	108324	85114e20	98e3ea25	MOD/R/REDDWARF.MOD
58a8ac7674160d0ec6340048470c39ff	1	257258	player+silence	uade	Soundtracker II (15 instr.)	0	126756	575260e3	160fcd68	MOD/C/CANT.MOD
59a632523460ceea81af62fe190567b7	1	184445	player	uade	Protracker	0	122986	9d3d43c3	3591cb17	MOD/O/ODYSSEYP.MOD
59a9e077313f9db133deed628cd064de	1	201071	player+silence	uade	Soundtracker II (15 instr.)	0	179398	6ff3a7e4	090b5e4a	MOD/N/NAS.MOD
5a347b68b4d23c4f6b1723c90abe456a	1	207493	player	uade	Noisetracker 1.x	0	72326	037bf791	72b30897	MOD/W/WIERDCIT.MOD
5a4860c5f756038c5e7273c90f622b4b	1	238197	player	uade	Protracker compatible	0	115724	3eaf0534	e9c21562	MOD/I/IRONTEAR.MOD
5a4860c5f756038c5e7273c90f622b4b	1	238197	player	uade	Protracker compatible	0	115724	3eaf0534	e9c21562	MOD/M/MODIRONT.MOD
5b0ecad3884d4df1fd016574541cf2ff	1	99968	player	uade	Noisetracker 1.x	0	73920	361c09c5	8e843b8f	MOD/C/CHINDUDE.MOD
5bde7f6a5683204dbcec2cc1a9e14f2f	1	594328	player	uade	Protracker compatible	0	138156	1feda4c5	5eb5cc42	MOD/B/BAROQUE1.MOD
5be2b140d1ca5a55717ec14b9037afd3	1	176769	player	uade	Protracker	0	120570	b23a09d0	fb3f24c5	MOD/S/SC2T4.MOD
5c52ec44a14c9691c705914a72d1ee4c	1	155328	player	uade	Noisetracker 1.x	0	144236	9ad00b9e	1f9486f3	MOD/S/SCHROTTT.MOD
5c7cab4b572ccb5ef0938ecc65305f24	1	113311	player	ft2play	Fasttracker (M.K.)	4	298525	f3b0b1ad	402f55d5	MOD/B/BORNTO.MOD
5c7ee9a6cf66c7b46221f85b8367e582	1	30824	player	uade	Noisetracker 1.x	0	30456	963a8478	e001e91a	MOD/A/ARKANOID.MOD
5c8ed9aad0a8320f3482310ee46551c1	1	172931	player	uade	Protracker compatible	0	133108	1cd14c94	e43fc4e0	MOD/F/FIELDGOA.MOD
5cbbcab3b08aa0ba41fa5144828bc220	1	285490	player+silence	uade	Soundtracker II (31 instr.)	0	143336	6db93e87	6337a8f5	MOD/B/BEZ_CALM.MOD
5ceed4cef7e839edb80bd345a719c08d	1	370233	player+silence	uade	Soundtracker II (31 instr.)	0	129732	fbc6b0da	d8f436af	MOD/M/MEMORYDU.MOD
5d581b292282d709caf40c9d35d0ef0f	1	312506	player	uade	Protracker	0	132818	4cf96b0e	716719e3	MOD/K/KLIMSTHE.MOD
5d834cf2b1c18ef5a7a51f3e709c5031	1	105172	player+silence	uade	Noisetracker 1.x	0	41130	dc9d1e56	303e8d21	MOD/S/SIEBLIIN.MOD
5daed849e6a873914d219457d0e6391c	1	76920	player	uade	Protracker compatible	0	65788	5773e4c8	1ad52eeb	MOD/T/TOOBIN.MOD
5db9ae4f1fce27917ab2e67a47837616	1	291849	player	uade	Protracker	0	265088	f2632e24	12b47612	MOD/O/OVERTUNE.MOD
5dcf86bbae02a425f16c20bbd3b23981	1	289038	player+silence	uade	Noisetracker 1.x	0	116098	c9d39cf1	dd3377d9	MOD/B/BAGERJOM.MOD
5e978ffe98fde0332fdbefdec69f4736	1	138369	player	uade	Noisetracker 1.x	0	58192	5a8bcded	055d4925	MOD/T/THEROSE.MOD
5eb312f328a24292576af2729af72c5d	1	363987	player	uade	Protracker compatible	0	214418	dfb0fc45	c1ba7c8b	MOD/E/ELETRIK.MOD
5eb475efecd3e4be3e4992d4f0fca380	1	46216	player	uade	Protracker compatible	0	44840	8a0cb5f4	7803829b	MOD/P/PLAYTIME.MOD
5f314fc2889a6714a5b43fa90843303e	1	180409	player+silence	uade	Protracker compatible	0	158428	b0b9b9c9	22dba23d	MOD/G/GHOST2.MOD
5f61896ffefdb448a19451ded8e89976	1	138369	player	uade	Protracker	0	62742	45ff1efe	ddfbd2c9	MOD/D/DUMBERBU.MOD
5f61896ffefdb448a19451ded8e89976	1	138369	player	uade	Protracker	0	62742	45ff1efe	ddfbd2c9	MOD/D/DUMBUM.MOD
605913bfa823908778faea29ac0beea8	1	143493	player	uade	Protracker	0	82538	6caa4f1f	3a3f4f2b	MOD/I/INDIABYR.MOD
60ba3b80f20cd6192e3b6cfa7fdd74ea	1	169093	player	uade	Protracker compatible	0	44172	430d241f	5ca428e9	MOD/D/DREAMTN.MOD
60f49fbe4275367a82d5dbb26fcf9bf4	1	184445	player	uade	Protracker compatible	0	162158	48c4223f	b3dc8f36	MOD/B/BREEDERR.MOD
611160454c401a90306aac17ac46c021	1	291969	player	uade	Soundtracker II (31 instr.)	0	248050	70874c07	44350d93	MOD/A/APPROXIM.MOD
613b49ddacbcef2808142b72ac5acfb5	1	127539	player+silence	ft2play	Fasttracker (M.K.)	4	145575	4f4a258b	b09f4330	MOD/U/UNTITLED.MOD
6180dece9717d05611f0b5287ce6a9c6	1	51320	player	uade	Protracker compatible	0	20896	f7fe8a2c	fb0b8f63	MOD/I/INTROFRO.MOD
61b841077d608de609b078784258466a	1	71816	player	uade	Protracker compatible	0	50828	2eda83ac	445b1447	MOD/A/AHREV2.MOD
61c173cf5676c4db149021efecdbbc35	1	146045	player	uade	Protracker compatible	0	150474	20b64fa0	c841bd82	MOD/K/KAOSMODU.MOD
6205ce23216b0cf539d3c1b512f8eab9	1	175663	player+volume	uade	Protracker compatible	0	144772	66288d7a	e4d08e82	MOD/R/RBI.MOD
6210fcb26dd2f71bc57cbb40b2eab0ee	1	250941	player+silence	uade	Protracker	0	294226	ea676d65	967068b8	MOD/R/RUNHILL.MOD
62a0beb841f37550a1477b2e43658ffd	1	61568	player	uade	Protracker compatible	0	39856	d3fbafd3	10b7ddb1	MOD/M/MUSTHAVE.MOD
62ba9ee8fb1c67fb6b6369fc72fd023a	1	46216	player	uade	Protracker compatible	0	41850	d5688a95	66071de6	MOD/W/WERKBYDA.MOD
62d4e33765cb5afe12c4e010734f48ac	1	139313	player	uade	Protracker compatible	0	250380	118a2a0c	0ccba9c9	MOD/R/RHYTHMMO.MOD
634341dc1bd1cb8b7a0f1d1eec2259e3	1	371985	player	uade	Noisetracker 1.x	0	100638	d3cc251e	f257e244	MOD/R/REMIXED.MOD
637d22cd57050ddd176cafad9424807b	0	260731	player	libopenmpt	Defjam Soundtracker III / Alpha Flight SoundTracker IV / D.O.C. SoundTracker IV / VI	4	68464	c50aca71	5106128d	MOD/A/AMEGAS.MOD
642e939c381286d85f9c15f5d2f1cca5	1	255498	player	uade	Protracker compatible	0	84090	7fda0b6f	16c8ddf3	MOD/S/STOR.MOD
6448b90c14a9dc969cd78f2eecef8464	1	53872	player	uade	Soundtracker II (15 instr.)	0	46154	5f26c823	643700e4	MOD/R/RENEWER.MOD
645ee68c854c5a35256f057ce4cd0d0a	1	192141	player	uade	Soundtracker II (15 instr.)	0	173154	f94fa8df	5b355391	MOD/T/TARSLED.MOD
647357de450dd9b17e2686327c4a3eaa	1	291969	player	uade	Protracker compatible	0	105760	43f1e573	d2668973	MOD/C/CHINAGIR.MOD
647fd41fe9707b109b309196ca23d816	1	195959	player	uade	Protracker compatible	0	86564	bbe0fb64	660057fc	MOD/F/FUNKNJAM.MOD
648a982963f2f1b413904d7916f2a339	1	341903	player	uade	Protracker compatible	0	113664	25c250e9	3d2ffb40	MOD/S/SPIRIT.MOD
64c0d0d947c29136133872fe4824c2af	1	159114	player+silence	uade	Soundtracker II (31 instr.)	0	96446	d500ffea	7f0e301f	MOD/B/BENNYHIL.MOD
650bc1c7d6d5e62f7ffccf3a6d7e3bc6	1	46216	player	uade	Soundtracker II (31 instr.)	0	26975	0677ce79	0d42b2cd	MOD/P/PRELUDI.MOD
651fb6da0956f038b10c7ea3cf0dc0a9	1	542193	player+silence	uade	Protracker compatible	0	107346	2bdb22a8	6d923ae0	MOD/N/NEGLIGEN.MOD
65397cdd0434b65be7b094a402554eaf	1	327817	player	uade	Protracker	0	83032	98b0b612	93e037c1	MOD/I/ILLBETHE.MOD
656cc018cda58a3cc7b796322e0a2632	1	92272	player	uade	Protracker compatible	0	46040	23a89261	22a43695	MOD/T/TOXOPLAS.MOD
659503bcdb76a77790edbcd743a7ea62	1	158642	player+silence	uade	Noisetracker 1.x	0	101368	8cf70487	4131ece8	MOD/R/RIPPEDBY.MOD
6596055233ee1b37dd45695bc06d4f4b	1	155770	player	uade	Protracker compatible	0	88762	7823f2ac	29ddc043	MOD/F/FUNKEY2.MOD
659e66da9f71b006617eef1fa72363b0	1	215149	player	uade	Protracker	0	74994	74f8964c	9729cf70	MOD/S/SEEKERZ.MOD
65db4ec92b58aabc6261aa9b6eb839cf	1	208920	player	uade	Protracker	0	319242	52e8364a	bbc52584	MOD/P/PLANETGR.MOD
661bf5e1fb6a827d697b6e0c15b44287	1	127920	player	uade	Protracker	0	302974	2a02b3bc	6cab5846	MOD/E/EATYOURH.MOD
661bf5e1fb6a827d697b6e0c15b44287	1	127920	player	uade	Protracker	0	302974	2a02b3bc	6cab5846	MOD/H/HOUSEOUT.MOD
66381ee5fa001b3879396cd0aece4fcc	1	160131	player	uade	Protracker	0	60568	92bf2cbc	b7ef18d8	MOD/I/ITDIDNOT.MOD
663e27704b2fd58f7029c80becb97245	1	299645	player	uade	Protracker compatible	0	96220	c58eaf59	6a3bae7d	MOD/A/A2.MOD
669e54595ed66a85a9e0a977caf89c2b	1	192141	player	uade	Protracker	0	101094	4ae6340d	f94ad2ef	MOD/L/LIES.MOD
66e5a7577d490b89f6eace6685f5a054	1	262531	player	uade	Noisetracker 1.x	0	91026	71fc9cc8	540196ce	MOD/T/TKGING1.MOD
670922a4da94af43c746869864ba891f	1	80236	player	uade	Noisetracker 1.x	0	338858	c9a57dfe	4e51c126	MOD/N/NEWACTIO.MOD
670d5245f4c62449b5a3b37c983383c2	1	207493	player	uade	Soundtracker II (15 instr.)	0	131448	70ce5a2b	fe345f45	MOD/S/SAVAGE.MOD
6771fa1396f838b8fdd54e0973160c0a	1	130693	player	uade	Noisetracker 1.x	0	53248	21d535e9	1a0ced76	MOD/A/ALWAYSON.MOD
67771dedb701511e5176eddc347214d6	1	159890	player	uade	Protracker	0	355818	b34e24d6	1c729fe5	MOD/C/CLASSIX.MOD
677e6d317a5e5e5d489a1763a2792a19	1	301313	player	uade	Protracker compatible	0	209944	3c68194c	a3b6ef8f	MOD/E/ELGPASA.MOD
67d2c1f53b65e2c7d403e99309240c38	1	221934	player+silence	uade	Protracker	0	200382	22bb7444	66e3bba3	MOD/S/SEADOG.MOD
682885956dfe46376a7e0b97d0829819	1	121289	player	uade	Protracker compatible	0	158476	c1bb6bcd	097d6408	MOD/C/CRAZYMIX.MOD
68316e3a30fbdf9849387e028b853209	1	81427	player+silence	uade	Protracker compatible	0	70890	5afeb12f	9a21850a	MOD/A/AUSTEX.MOD
68a9726b9b6be19097ef6ac13aaa6003	1	169093	player	uade	Protracker compatible	0	87328	1f90b8fe	f2940b0c	MOD/0_10/4EVER.MOD
68cdd504f50a3b2ce408cbc85ad0cbd8	1	309701	player+volume	uade	Protracker compatible	0	252004	93092abe	8e0d98e0	MOD/F/FLIP_HOU.MOD
68dd096ec04e470bc742b364950af9d3	1	199797	player	uade	Noisetracker 1.x	0	88404	25abc149	4a81d997	MOD/G/GHOST.MOD
69389b1aabda2e1e965176f36e905328	1	176769	player	uade	Soundtracker II (31 instr.)	0	78762	4721a4c1	a569eea8	MOD/S/SHEDRIVE.MOD
698d2b9f4ee33e28c2f2961dddedb4b0	1	292371	player	uade	Protracker	0	137538	cbc792eb	ded504b3	MOD/G/GALACTOS.MOD
69a25edfd0f34742119ddd05d42f855f	1	159204	player+silence	uade	Noisetracker 1.x	0	146880	ab2f544c	7d587ea5	MOD/E/ECSTACY.MOD
69a8baf3de110345448f746f5b19c45a	1	165054	player	uade	Protracker	0	118748	175cf55b	e9e2384a	MOD/F/FUNERAL.MOD
69a8baf3de110345448f746f5b19c45a	1	165054	player	uade	Protracker	0	118748	175cf55b	e9e2384a	MOD/F/FUNERALR.MOD
69b7237fe0863c0ac181ea0ee02f9ffa	1	188605	player+silence	uade	Protracker compatible	0	162918	0e1cc520	a959caf8	MOD/M/MOVE.MOD
6a1a116b1e38f75e4a69028ab8dd9f65	1	335051	player	uade	Protracker compatible	0	95528	428e8721	74aa504b	MOD/T/TOCCATA.MOD
6a5bcd6319d8f51322cfe022c6d0d868	1	383901	player	uade	Soundtracker II (31 instr.)	0	97336	f0139f5f	f4406551	MOD/D/DDRAGONS.MOD
6a5bcd6319d8f51322cfe022c6d0d868	1	383901	player	uade	Soundtracker II (31 instr.)	0	97336	f0139f5f	f4406551	MOD/D/DRAGONS2.MOD
6ac3830950d963ec2d926d973a5c2ab3	1	222845	player	uade	Noisetracker 1.x	0	301508	6c4cb77e	501f8bc1	MOD/P/PHACU2.MOD
6acbd175e9878319a568345ea7666a4f	1	334288	player	uade	Protracker compatible	0	90772	46e48fdd	e47b1fdf	MOD/M/MODMEANM.MOD
6ad8ec26f9b8cb9904495c6fdf3c603c	1	199797	player	uade	Soundtracker II (31 instr.)	0	68400	dad3d1ef	85b0c71c	MOD/S/STARWARS.MOD
6ae0b4f2e138cf2dc8f04077869a9ab0	1	153240	player+silence	uade	Protracker	0	157614	356613ed	58740ea4	MOD/M/MPYTHON.MOD
6b0716754ffa0355783d435f66af95b1	1	184445	player	uade	Protracker	0	122986	b188f273	b27c07a3	MOD/O/ODYSSEY2.MOD
6b9eed42fc2f170931b16fb51b480092	1	245893	player	uade	Protracker	0	70888	709c2f6f	3c27d0c1	MOD/B/BIZZJAM.MOD
6ba65801c817435ed584c317de48c616	1	192141	player	uade	Protracker compatible	0	88480	89d1e536	843334ad	MOD/0_10/6BEAT.MOD
6bba241300965536305e2d175d97892b	1	122494	player	uade	Protracker compatible	0	66942	879e54c5	c828442c	MOD/L/LSBALL.MOD
6be14357cdf0dcfb41e6e766ac34f1c0	1	76920	player	uade	Noisetracker 1.x	0	72678	a5f65fd3	d17a2e39	MOD/Z/ZZTSC.MOD
6be79c1ec3d097ec99436262809f3b7e	1	90005	player	ft2play	Fasttracker (M.K.)	4	87120	6490bef3	d75b7546	MOD/E/EVERYBRT.MOD
6c5af46a8a1bea5080cca86fb98ef148	1	146045	player	uade	Soundtracker II (15 instr.)	0	90340	f86838c2	b704dd2e	MOD/H/HOBBYSL.MOD
6c5caec96047b284f26d9d92dd8d09e1	1	245893	player	uade	Noisetracker 1.x	0	92648	c2defe3b	6e0ce013	MOD/T/TITELSOU.MOD
6c613f2f8f48ea6e0125ecf5f24f711f	0	142629	player	uade	Ultimate-Soundtracker or compatible	0	58412	bb74980f	ebd933fa	MOD/E/EBYT.MOD
6cc1794f6315cd8fde449e298a3a792f	1	241091	player	uade	Protracker	0	139452	edb5e729	f28c2694	MOD/O/ODYSSEY5.MOD
6cd2119d2e55fdedbb514e0ca2bc9ece	1	138570	player	uade	Protracker	0	705886	6f08d8e1	174b761c	MOD/M/MRVAINRE.MOD
6d1b7cd596e7641c9d4d71ea67908899	1	237281	player+volume	uade	Protracker compatible	0	127544	27ec0c1b	cdf7095e	MOD/I/ITMUST.MOD
6d2cd42c37fe1ff66127ab1c8a2c7bbd	1	38520	player	uade	Soundtracker II (15 instr.)	0	50104	cd8cced2	9ebb5e74	MOD/D/DISCO.MOD
6d378ca140bc80e9c8c30b4d7a5c87cd	1	279229	player	uade	Protracker	0	134992	9277f22a	57942d37	MOD/G/GATEWINN.MOD
6d6863193db7dddd57812f9be154e900	1	394691	player	uade	Protracker compatible	0	142752	674dd9ff	463ab110	MOD/B/BLUE3.MOD
6d6fbb55b3bb21d1a38617b7b1b6af14	1	96130	player	uade	Noisetracker 1.x	0	77838	2787b2d0	aee3e2f4	MOD/0_10/6JOYRIDE.MOD
6d8f50e06861b6962bca4e3d4f818852	1	122997	player	uade	Protracker compatible	0	42192	9b5fac67	d443f6d6	MOD/A/ALLMYLOV.MOD
6dc4a09c191cd7d4ef9721b03f46ab3a	1	177964	player+silence	uade	Startrekker (4ch)	0	260414	679c717a	9ec6a0ad	MOD/D/DEE_LITE.MOD
6dc51e130f878d4f50f15d9319e263c7	1	163969	player	uade	Noisetracker 1.x	0	116400	72d97493	84b05d64	MOD/C/CROCKETS.MOD
6dcbc98241eef65bf1e23dca0a3901f2	1	257407	player	uade	Protracker compatible	0	227102	90737252	40dbdaa6	MOD/D/DEAD.MOD
6e0e43f26c43957798c135d992e216c0	1	379657	player+silence	uade	Soundtracker II (15 instr.)	0	119668	3de3cd7d	071a8c7d	MOD/H/HUMANOID.MOD
6e23eb63e9f361da5e7669b9e75e3e48	1	407572	player	uade	Protracker	0	117172	1d23cb41	f52e47e6	MOD/S/SINKING2.MOD
6eaf11ee2e5325e7101678d8c37d36a3	1	53872	player	uade	Startrekker (4ch)	0	425302	0e4275c1	42960947	MOD/H/HIPHOP1.MOD
6ec65142760e4f12c1e622d8a22558ba	1	207493	player	uade	Protracker	0	63670	a98a3a2a	bd84cef7	MOD/C/CMPOSURE.MOD
6eefcdb8176d92fd9ea3bee7df546a85	1	188283	player	uade	Protracker compatible	0	43400	bfd6e379	50defde5	MOD/L/LAIDBAC2.MOD
6f6023a8433b9d4e4b9df45443101642	1	138369	player	uade	Protracker compatible	0	90642	683264b5	a0b934c7	MOD/S/STEAM.MOD
6f60b4935ad67c8a44e0918769d6230d	1	448142	player	uade	Protracker compatible	0	51196	62f33fcb	2746c86d	MOD/V/VERTICAL.MOD
6fa5dba102dc6681a74577e8175c504e	1	281239	player	uade	Noisetracker 1.x	0	93516	6f2fcb1a	5c65d17b	MOD/B/BEA.MOD
6fb6acd7df4f0717c92e9d168535c0e8	1	354826	player+silence	uade	Protracker compatible	0	184430	51b9135b	5db4800c	MOD/L/LIVE_JAM.MOD
6fb6acd7df4f0717c92e9d168535c0e8	1	354826	player+silence	uade	Protracker compatible	0	184430	51b9135b	5db4800c	MOD/M/MODJAM.MOD
702cec05c4471ae5e1b1229543b987e9	1	478464	player	uade	Protracker	0	160218	66a02d1e	116f1666	MOD/K/KNULAKUK.MOD
70497a4f7487a919efd1f13dc3493f66	1	155569	player	uade	Protracker compatible	0	43004	4a57aef7	a87ae934	MOD/O/OBLIVION.MOD
704b8566b313c9c58bb8954095bc58f2	1	134531	player	uade	Protracker compatible	0	45255	955b00a0	a1e43594	MOD/N/NIRVANA.MOD
7071d99427e0613ed548e5b87a812fa5	1	320121	player	uade	Noisetracker 1.x	0	89144	62aef886	164217a7	MOD/M/MYWAYTOT.MOD
7075c24215e551fd9aef03e562f24be7	0	71314	player	uade	Ultimate-Soundtracker or compatible	0	15820	4850cfdc	e0cb6e26	MOD/D/DRUM01.MOD
707c1d65c4cb4f8d6bbc898427c2e7b6	1	275174	player+silence	uade	Noisetracker 1.x	0	99596	c710f1b2	afa60b75	MOD/M/METALROT.MOD
70f0695c80f99430fad282841126250c	1	422522	player	uade	Protracker	0	120968	a8c3509f	b762bc44	MOD/C/CHINEAST.MOD
712bb190aacfb6ef35992593e296222b	1	214325	player	uade	Protracker compatible	0	114112	9f04e019	ccc5a31a	MOD/F/FREAKOUT.MOD
7158f8d68d79b827d5f0ce6bb5306f4f	1	276597	player	uade	Protracker compatible	0	68807	35719a5a	5c3f2d99	MOD/T/THEGROOV.MOD
71dd2b4f783eba92f12e8cb9df2af5b2	1	129085	player	uade	Protracker	0	59806	eb0dca15	23af13a3	MOD/G/GUITARRO.MOD
71eafc4232dbe39a8413dacab0872366	1	121088	player	uade	Soundtracker II (31 instr.)	0	55752	471d4c65	aea7134e	MOD/U/UPFRONT3.MOD
72e462f082d9ff4bf4bdb081596ed287	1	99968	player	uade	Protracker	0	52658	4674cbc6	19f1a53e	MOD/T/THEUNTOU.MOD
73528d581fa795bc3d3a53c070917ad3	1	169093	player	uade	Protracker compatible	0	67200	440223e6	31ed9038	MOD/N/NURD.MOD
73fa1d071904ba88ac6266323c2ee809	1	79992	silence	uade	Soundtracker II (31 instr.)	0	75000	6a63b30f	27063169	MOD/B/BILLIEJE.MOD
7404e11d09f161a5e11b5f7a8ed83802	1	53872	player	uade	Noisetracker 1.x	0	50700	14cf4917	6698a27c	MOD/D/DEPP.MOD
74158d467ba8804c13f04d42a41362d7	0	138034	player	libopenmpt	Ultimate Soundtracker 1.0-1.21	4	58568	31fbbccd	150171d2	MOD/U/ULD.MOD
7465dd1f47adce60cf4498f12bf6b527	1	169093	player	uade	Protracker compatible	0	91504	db94e586	a6ca11b3	MOD/M/MODNIGHT.MOD
74788e1680ab83abd304f65c97c26838	1	138369	player	uade	Protracker compatible	0	126436	ba39f9df	0e96894e	MOD/A/ART.MOD
74a42b182709d7e60471c24436a3d05b	1	182597	player+silence	uade	Protracker	0	143860	8c7bdb63	4c434564	MOD/S/STRANGE.MOD
74a7e19bc3886c13bee0f65a56de7f82	1	280500	player+silence	uade	Protracker	0	55212	dd0ca257	2dbc46e7	MOD/H/HITSQUA2.MOD
75679f2d3799efc79a2cf49554a4434b	1	161397	player	uade	Protracker compatible	0	46616	6148fae3	92ae8120	MOD/L/LAIDBAC4.MOD
75686821180485901ad25b7866ad6f60	1	703339	player	uade	Protracker compatible	0	141118	158e7581	f087a236	MOD/P/PRGFUNK.MOD
75bee1eebb5984466fd30d7fddc01ca9	1	147717	player+silence	uade	Protracker	0	100660	c7a378b8	70735413	MOD/D/DIMPLESR.MOD
75f69e36c038479648e4e392cb5821ce	1	30824	player	uade	Noisetracker 1.x	0	39232	5cecd0fa	06bc45bc	MOD/M/MODACKER.MOD
76312a3afde7bfac65a042f61643f467	1	147331	player	uade	Protracker compatible	0	50036	1ee6baed	8e7ef817	MOD/F/FUNTUNE.MOD
767e0669a1cbea0761821502d85b5b7e	0	95065	player	uade	Ultimate-Soundtracker or compatible	0	59392	d0a0ac3b	1738ddcf	MOD/D/DELTA.MOD
769211422fa798f706770d32437b9608	1	414866	player	uade	Noisetracker 1.x	0	214704	9a468fed	ffca1006	MOD/D/D.MOD
76d7bd1ccab214af2489c3a9c524b7a8	1	87751	player	uade	Protracker	0	29384	172c8a9e	fa68f998	MOD/A/AAHHSUSA.MOD
7726fcdd286b672bf2a38f4915f39e39	1	103163	player	uade	Noisetracker 1.x	0	84998	f5219bda	c84995f1	MOD/J/JOE2.MOD
772887b4316c08b0634d7002d454b38a	1	66029	player	uade	Protracker compatible	0	68960	efc44e20	8036ca1b	MOD/O/OPERATIN.MOD
7768ce9fcd0c95635822f0c6a34178ed	1	422240	player	uade	Soundtracker II (31 instr.)	0	129732	05cd900b	78955f02	MOD/E/EARTH.MOD
77db12cf2627877a13a1364adf0baab2	1	260725	player+volume	uade	Protracker	0	162304	af6c36fa	c225a96c	MOD/R/REDLOBST.MOD
77ea6c58a1c743a17e88978832206cd0	1	224131	player	uade	Soundtracker II (15 instr.)	0	88588	5e34775a	ceaf24e6	MOD/G/GYTTJA.MOD
77eaa93665b4bd91ea6957cafc6da866	1	122943	player+silence	uade	Protracker	0	92742	baabd959	c5ceff3f	MOD/F/FURELISE.MOD
780d3bf33498bbc93605bf0cc420754f	1	106821	player	uade	Noisetracker 1.x	0	72734	5e327fe8	bdc00aad	MOD/S/SYNC_3.MOD
78174b6d2060a37464ad5bfb4653e7db	1	169374	player	uade	Protracker	0	147272	a226874d	94a49aef	MOD/G/GIPANEMA.MOD
78c1b1819ae2859feed508c334e99d1a	1	138369	player	uade	Soundtracker II (15 instr.)	0	99532	3561a088	20dced0c	MOD/S/SELF.MOD
79035b2f2e32dbb6a7fb71521fb20067	1	363431	player+silence	uade	Protracker	0	346266	f805718d	e3198b1b	MOD/F/FLASHBAC.MOD
79fd9e234ff41cef7183f5c7936c9825	1	286845	player	uade	Protracker	0	145320	2affca27	fc5724dd	MOD/O/ODYSSEY3.MOD
79fd9e234ff41cef7183f5c7936c9825	1	286845	player	uade	Protracker	0	145320	2affca27	fc5724dd	MOD/O/ODYSSEY4.MOD
7a0ebd07209a626cca6d6f00627ab75a	1	230541	player	uade	Protracker	0	231704	ba047cd1	c1324051	MOD/H/HIPHOPHO.MOD
7a52843f03c01a3d70f505bf5c03b921	1	98682	player	uade	Protracker compatible	0	297812	47685a1c	1d8efbb0	MOD/J/JAC.MOD
7a73c485e968a285d31764e8c7c56e3b	1	207493	player	uade	Protracker compatible	0	88490	0fc16b3f	06f39e5b	MOD/F/FLA.MOD
7a7e2ce2b9916607eab219b75b82ec8a	1	144899	player	uade	Noisetracker 1.x	0	67882	0c0964d8	61a76617	MOD/B/BEATBOX2.MOD
7a971041ee8e9452f8d2534a603a7426	1	266691	player	uade	Protracker	0	141450	ab782872	a01b994a	MOD/T/TIMESTHE.MOD
7ad29c5f582f717ce7e9f9f8bcb197eb	1	132019	player	uade	Protracker compatible	0	134853	9f88b43b	d663554e	MOD/F/FARMERHA.MOD
7b6d413ab7f882cb2c1fc09c26b813f1	1	35968	player	uade	Soundtracker II (15 instr.)	0	41472	1a6635e2	bc6b1e93	MOD/A/AFTERT.MOD
7b76e1137d83a73488c9c2fd89b260f4	1	245893	player	uade	Noisetracker 1.x	0	46800	4f4097f5	39cf258b	MOD/P/PHOTOGRA.MOD
7b76e1137d83a73488c9c2fd89b260f4	1	245893	player	uade	Noisetracker 1.x	0	46800	4f4097f5	39cf258b	MOD/P/PT.MOD
7b85dcf4ba4bdf51ff78f728f470000a	1	171122	player	uade	Protracker compatible	0	125082	98f395d8	50f20a24	MOD/S/SC2BACK.MOD
7bf820acd91aefddf8bfa8905cf23437	1	180142	player+silence	uade	Protracker compatible	0	187734	6ba9a7b6	be43c0a7	MOD/H/HJOURNEY.MOD
7bf820acd91aefddf8bfa8905cf23437	1	180142	player+silence	uade	Protracker compatible	0	187734	6ba9a7b6	be43c0a7	MOD/H/HOUSEJOU.MOD
7bfbe82a4afb1605abff964ab16cd5f0	1	207493	player	uade	Protracker compatible	0	93166	f532afc0	1b643dbf	MOD/T/TARZANMA.MOD
7c37e4bc1e0dc9861a1f4af09ac4d1fd	1	275264	player+silence	uade	Noisetracker 1.x	0	103672	a80dc188	9cb62a2b	MOD/W/WEIRDDAY.MOD
7c616cd35a06b8025dd41a19219f091e	1	163969	player	uade	Protracker compatible	0	48010	3cb3975c	854de808	MOD/T/THELOSTP.MOD
7cb8859c8d9248862400001962a13af9	1	89278	player	uade	Protracker compatible	0	102626	bce3f091	7f63802a	MOD/H/HDTITLE.MOD
7dd88052e067fbecf0e5e59bc5e123b7	1	218232	player+volume	uade	Soundtracker II (15 instr.)	0	49688	8ab1c05c	4332a2e3	MOD/A/ABNORMAL.MOD
7decbe33d2f841d6bca2dadd28889813	1	138570	player	uade	Soundtracker II (31 instr.)	0	74153	8cf56f54	0ea70cd8	MOD/I/INTROXMO.MOD
7df69e6a5d2089609b5cfafc11173289	1	230541	player	uade	Protracker compatible	0	35231	ecadab8a	237ce625	MOD/M/MYSTICSH.MOD
7e10ff32119a8527c08f21bb76798814	1	153721	player	uade	Soundtracker II (31 instr.)	0	88876	4a91db1c	018da26a	MOD/K/KAWAI.MOD
7e20f81482e173c37332276ade6597a7	1	307321	player	uade	Protracker compatible	0	135656	d4a595e4	9f59cfc4	MOD/K/KEFRENS1.MOD
7e993032bcfe4733a8d63dff5d88d7c7	1	176769	player	uade	Soundtracker II (31 instr.)	0	78762	8aef3a76	eaee5e7c	MOD/F/FYC.MOD
7f29c440e0e19d75b8ee14a66799c848	1	70691	player	uade	Protracker compatible	0	192402	47b79197	2e47509f	MOD/F/FEE.MOD
7f5ef77fd29b55a51f16383ac487dbcd	1	76920	player	uade	Protracker compatible	0	69972	2c76e665	c1bf39e2	MOD/M/MAXAMIZZ.MOD
7f825b2d5a1eb8593825cebc1298c4b9	1	207493	player	uade	Protracker compatible	0	139428	570c239d	df71901c	MOD/E/ELECDRUG.MOD
7f825b2d5a1eb8593825cebc1298c4b9	1	207493	player	uade	Protracker compatible	0	139428	570c239d	df71901c	MOD/E/ELECTRI2.MOD
7f981818fb8131368fa765f49a7e307b	1	179321	player	uade	Protracker	0	76870	2ec6a749	a0b3bfdf	MOD/I/INCONTS1.MOD
7fa28e2797e055dfaed0a07ec31fd851	1	307321	player	uade	Protracker	0	162446	cf108a3a	01f1d3cc	MOD/H/HAMMER.MOD
7fc5cb2c546f04926a0037fb1e729c9d	1	27006	player	uade	Protracker compatible	0	32172	fac5a122	03b7442d	MOD/O/OLYMPIC.MOD
7fc9fd47b9098090e9ce847bd11080ca	1	189321	player+silence	ft2play	Fasttracker (M.K.)	4	184220	8ddba614	27a6948d	MOD/S/SHADOWRU.MOD
7fe68836320d0bc86b7f3a138cd2ea36	1	441732	player	uade	Protracker	0	125900	43d49a58	f0effcf1	MOD/S/SLEEPSON.MOD
7fe69ea4e33493796b2267bb005fce26	1	265968	player+silence	uade	Protracker compatible	0	98750	070e7f78	9573f86d	MOD/P/POORMOUT.MOD
7fedeaa97631b63b485ce69c99855fed	1	183355	player+silence	uade	Soundtracker II (31 instr.)	0	83480	176d8dd4	a2770c57	MOD/B/BZ.MOD
7ff858be9d261ba83b5375a4d84ddf2b	1	161397	player	uade	Protracker compatible	0	91636	64f61221	2e34ca80	MOD/D/DRAGONSL.MOD
7ffa6aae683cdad461c6990a19f59619	1	614543	player	uade	Soundtracker II (15 instr.)	0	83100	aad80dce	ef84dfde	MOD/E/EASY.MOD
8039152f21653428f6c31600e8708958	1	242055	player	uade	Protracker	0	51006	26f79010	1d367f9b	MOD/A/AVOIDTUN.MOD
808c582b5753769abc89192b4b7bcc26	1	172931	player	uade	Protracker	0	60993	81b6a035	7c71b395	MOD/B/BATMAN.MOD
8104fc1baeb03fe18f29b90327a7e5b9	1	335051	player	uade	Soundtracker II (31 instr.)	0	95528	8f198fa6	42596d68	MOD/H/HUNTER.MOD
8181f9b69584626b4c4e12e401a40139	1	161397	player	uade	Protracker	0	138668	c0790dcd	d649a1c1	MOD/B/BAD.MOD
818ecc9f5fc59d9d2e9dea4c79f8b2ed	1	261245	player	uade	Soundtracker II (15 instr.)	0	75836	31ac09c1	b503f987	MOD/D/DANGER.MOD
820b7c9824d2c1ff40c77c6f6d327363	1	165878	player	uade	Protracker	0	93602	756ac568	172494e8	MOD/C/CRACKTHE.MOD
822945524578ff74bc948744e70ab23d	1	237554	player	uade	Protracker compatible	0	146554	14b7bd35	f75490dd	MOD/T/TUNAFISH.MOD
822994b247f09d1fd3a43bccee70b6ff	1	16389	player+silence	uade	Protracker compatible	0	29622	defd2d96	3665fa60	MOD/N/NO_MORE_.MOD
822994b247f09d1fd3a43bccee70b6ff	1	16389	player+silence	uade	Protracker compatible	0	29622	defd2d96	3665fa60	MOD/N/NOMORELA.MOD
82431b08618c68a5ddab82f5b0a967b2	1	210447	player	uade	Noisetracker 1.x	0	77034	03569cc4	c4b50b91	MOD/S/SAINALBA.MOD
8293aca24f01d76c9c9974e9542e08c9	1	264213	player+silence	uade	Soundtracker II (15 instr.)	0	112192	ddba383d	0ce21ba8	MOD/W/WOWST.MOD
829d27e6b9753bf23fa3f532d09ad6f3	1	171093	player+silence	ft2play	Fasttracker (M.K.)	4	108649	46ebb166	895ead2e	MOD/S/SMOKEOND.MOD
82b0be936ec646bd2f8681d19176936e	1	310016	player+silence	uade	Soundtracker II (31 instr.)	0	78742	53c7718c	52cf2bb8	MOD/M/MAGNET.MOD
82c9d13bbe100cff246d7bc7353ced24	1	345904	player	ft2play	Fasttracker (M.K.)	4	261901	fd7f840d	ee845e49	MOD/K/KNOKNONH.MOD
833141eeae56c5a79f7704d05fb77ea9	1	240930	player	uade	Protracker	0	310958	749fe897	2be2de46	MOD/B/BEATEX.MOD
836ee23902b641c6dc3f263a10894af9	1	538396	player+silence	uade	Protracker	0	218362	1f484df3	2e16c8e9	MOD/N/NOWHERE.MOD
8496fec0eeeb97f89989f7b5b3f96e63	1	217882	player	uade	Protracker compatible	0	149562	53d57f10	bf4b2ed8	MOD/T/TURTLES.MOD
8500e47f317bce108b72b3e7b8a20b37	1	219007	player	uade	Protracker compatible	0	162772	db983a38	26af9e29	MOD/S/SCOOPEX.MOD
8717e52f2e2e21b5b164c27d13d052f4	1	303503	player	uade	Protracker	0	134130	4512ce57	254015ef	MOD/R/RAVETHER.MOD
877219abffb6ebfd6a9140278e465759	1	430278	player	uade	Protracker compatible	0	163570	44a29add	787d21e3	MOD/I/IMAGWOMN.MOD
8776ef43985278cc5e81ed898de79341	1	167415	player+volume	uade	Protracker compatible	0	239862	0d1aba33	fef62242	MOD/N/NULGRAMM.MOD
87866f915b223287423e38ee954ceab5	1	84616	player	uade	Noisetracker 1.x	0	53576	6c700a08	5f7768d7	MOD/E/EAGLES.MOD
878bef4d7e08299f3a53023de12be2b1	1	155767	player+silence	uade	Soundtracker II (15 instr.)	0	171880	8f11cbc1	20c453a2	MOD/B/BLOOD.MOD
882c3aa703e45bd20f99dfd29b5cef4d	1	138831	player	uade	Noisetracker 1.x	0	51128	141623b8	33f84df1	MOD/M/MAXSRHYT.MOD
883a13eb560cd233a65f9cbcd1a5feef	1	161397	player	uade	Protracker	0	75158	01373669	dd928342	MOD/S/SHADOWS.MOD
885e7c1373581379a3d7ee350e3485e3	1	391818	player	uade	Startrekker (4ch)	0	151916	09e3fb1d	ec34ca68	MOD/A/ACIEED.MOD
8892249fc811dc5399d837a80ad50c51	1	153721	player	uade	Noisetracker 1.x	0	51828	53d4fda2	753614e3	MOD/P/PUSH.MOD
8925525c991d50a7b944136d99fe768e	1	111483	player	uade	Protracker	0	69837	c7370796	86ece84f	MOD/S/STARCONT.MOD
8927496568b4e1720e4ee2f353218c85	1	257012	player+silence	uade	Noisetracker 1.x	0	157508	3fef9c1c	6dc8062b	MOD/M/MUMMY.MOD
897bacca773094b8e7f1acb635091145	1	238197	player	uade	Protracker compatible	0	109600	797e1ae5	46e37f9e	MOD/E/EMULATOR.MOD
89fe348992d41d24d1540578d73bc57f	1	210005	player	uade	Noisetracker 1.x	0	365222	710ca5fb	52311ded	MOD/X/XENONII.MOD
8a22bf1e04057ffd158ccde2ba5eda54	1	223252	player+silence	uade	Protracker compatible	0	127582	383005d6	8961db46	MOD/F/FASTFOOD.MOD
8a5a27c49eba9a4039c0e8927064eaae	1	143493	player	uade	Protracker compatible	0	92480	c3b70695	626f4fe1	MOD/M/MODSPACE.MOD
8a5a27c49eba9a4039c0e8927064eaae	1	143493	player	uade	Protracker compatible	0	92480	c3b70695	626f4fe1	MOD/S/SHADOWFI.MOD
8a75bbfbc9416e71f7083fa243c1ec13	1	38520	player	uade	Soundtracker II (15 instr.)	0	20596	5ed05c14	eaf60c8e	MOD/D/DRUM02.MOD
8acd25020e5560aad9fccd1575abeb65	1	44910	player	uade	Protracker compatible	0	39210	77003471	4c3a25f4	MOD/M/MUNKJAMS.MOD
8b00260a2f82aef89efc89b5f2db5086	1	307321	player	uade	Soundtracker II (15 instr.)	0	68080	8fcdc9a3	88bff995	MOD/T/TJ.MOD
8c2fc6baf7eff722bfc8e8947f984a59	1	94583	player	uade	Protracker	0	110415	8f741500	75affff9	MOD/H/HOUSEOFR.MOD
8c3732524629a282d97ec03088c21ffc	1	291105	player	uade	Protracker compatible	0	252870	45199f18	9fcb0a4d	MOD/S/STEELCHA.MOD
8c58edece005fd61aacf79753c7776be	1	145261	player	uade	Protracker compatible	0	93470	7a23b127	67bb5ee7	MOD/S/SLIDE2.MOD
8c6b49ccd98b7411406e914cc14b95b5	1	130693	player	uade	Noisetracker 1.x	0	85252	f29e57f9	4233b221	MOD/Z/ZWEN1.MOD
8cb50f1ac19241fd2594e363314f5e3b	1	188562	player+silence	uade	Protracker compatible	0	115272	c8f95924	132517ed	MOD/R/RHYTHMAS.MOD
8cb50f1ac19241fd2594e363314f5e3b	1	188562	player+silence	uade	Protracker compatible	0	115272	c8f95924	132517ed	MOD/R/RHYTHMMA.MOD
8d1ba0ebd97e8f93b73701029dc382e8	1	234607	player+silence	uade	Noisetracker 1.x	0	109944	723e3236	9724485f	MOD/U/ULTIMATE.MOD
8d73dca7e64df243cac074401cbfe8bb	1	279169	player	uade	Protracker compatible	0	123588	05f08d24	d169f762	MOD/C/CYCLEDEL.MOD
8df658ccd088f0362fce36998aed918e	1	61568	player	uade	Noisetracker 1.x	0	48760	f2eb172d	4af88b5c	MOD/B/BACHMIX.MOD
8dfd45e87fbe0eb49032c6eba9462570	1	7796	player	uade	Protracker	0	210760	26ea69a3	b1a6de28	MOD/P/PINBALL2.MOD
8dfd45e87fbe0eb49032c6eba9462570	10	15231	player
8dfd45e87fbe0eb49032c6eba9462570	11	19953	player
8dfd45e87fbe0eb49032c6eba9462570	12	25077	player
8dfd45e87fbe0eb49032c6eba9462570	13	4601	player
8dfd45e87fbe0eb49032c6eba9462570	14	5164	player
8dfd45e87fbe0eb49032c6eba9462570	15	9725	player
8dfd45e87fbe0eb49032c6eba9462570	16	9725	player
8dfd45e87fbe0eb49032c6eba9462570	17	1125	player
8dfd45e87fbe0eb49032c6eba9462570	18	2310	player
8dfd45e87fbe0eb49032c6eba9462570	19	2813	player
8dfd45e87fbe0eb49032c6eba9462570	2	38520	player
8dfd45e87fbe0eb49032c6eba9462570	20	2793	player
8dfd45e87fbe0eb49032c6eba9462570	21	4722	player
8dfd45e87fbe0eb49032c6eba9462570	22	743	player
8dfd45e87fbe0eb49032c6eba9462570	23	3616	player
8dfd45e87fbe0eb49032c6eba9462570	24	924	player
8dfd45e87fbe0eb49032c6eba9462570	25	2170	player
8dfd45e87fbe0eb49032c6eba9462570	26	18828	player
8dfd45e87fbe0eb49032c6eba9462570	27	3838	player
8dfd45e87fbe0eb49032c6eba9462570	28	2109	player
8dfd45e87fbe0eb49032c6eba9462570	29	2632	player
8dfd45e87fbe0eb49032c6eba9462570	3	2391	player
8dfd45e87fbe0eb49032c6eba9462570	30	1085	player
8dfd45e87fbe0eb49032c6eba9462570	31	1326	player
8dfd45e87fbe0eb49032c6eba9462570	32	1627	player
8dfd45e87fbe0eb49032c6eba9462570	33	1748	player
8dfd45e87fbe0eb49032c6eba9462570	34	1326	player
8dfd45e87fbe0eb49032c6eba9462570	35	3476	player
8dfd45e87fbe0eb49032c6eba9462570	36	9243	player
8dfd45e87fbe0eb49032c6eba9462570	37	1085	player
8dfd45e87fbe0eb49032c6eba9462570	38	1145	player
8dfd45e87fbe0eb49032c6eba9462570	39	20556	player
8dfd45e87fbe0eb49032c6eba9462570	4	38802	player
8dfd45e87fbe0eb49032c6eba9462570	40	4742	player
8dfd45e87fbe0eb49032c6eba9462570	41	1085	player
8dfd45e87fbe0eb49032c6eba9462570	42	0	nosound
8dfd45e87fbe0eb49032c6eba9462570	43	4923	player
8dfd45e87fbe0eb49032c6eba9462570	5	42278	player
8dfd45e87fbe0eb49032c6eba9462570	6	2129	player
8dfd45e87fbe0eb49032c6eba9462570	7	1728	player
8dfd45e87fbe0eb49032c6eba9462570	8	2592	player
8dfd45e87fbe0eb49032c6eba9462570	9	3114	player
8e21ca1b4024a4e07eac87e6cd387ba7	1	226683	player	uade	Protracker compatible	0	90541	73991492	20e5829e	MOD/F/FUCHIAFA.MOD
8e570a9cb9c8f03b41819b8f5ad5f38e	1	276597	player	uade	Soundtracker II (31 instr.)	0	76896	f1276699	1bba15d6	MOD/S/SARCOPHA.MOD
8ec71b5d9541cdaf3728c2bc899389e6	1	182665	player+silence	uade	Protracker	0	129414	2db0a442	7ee19730	MOD/T/THETEKKN.MOD
8f292071372822f18bc1199a3a4e77e6	1	149883	player	uade	Soundtracker II (15 instr.)	0	104222	cbd2de12	54969799	MOD/R/RUNNING.MOD
8f7698e8c94120d3ae784425198732e4	1	107645	player	uade	Soundtracker II (15 instr.)	0	99992	5db54081	95d6ce06	MOD/M/MAGIC.MOD
901219a74fa3d0f920caf3c8abd84b52	1	310737	player	uade	Protracker compatible	0	131218	c992308c	f27ccecd	MOD/M/MOONGAZE.MOD
902bd29ac8e50b73c695d3f77b9c97db	0	47522	player	uade	Ultimate-Soundtracker or compatible	0	28472	e7319947	20a6ba83	MOD/D/DRUM03.MOD
90382199abb22407f53c992b3763a9c0	1	38280	player+silence	uade	Protracker compatible	0	137987	d180a375	1dcf9b83	MOD/B/BUTTWILD.MOD
9054aa091b83bd01247f58d24a6f32a6	1	53872	player	uade	Protracker compatible	0	58288	34bdf100	bd2d0d31	MOD/I/INTRO3X.MOD
9054aa091b83bd01247f58d24a6f32a6	1	53872	player	uade	Protracker compatible	0	58288	34bdf100	bd2d0d31	MOD/I/INTROX.MOD
91284ff4b43a08e5a59be2f8b1c40682	1	183840	player+silence	uade	Noisetracker 1.x	0	69250	9a765180	3a469c25	MOD/M/MYSTERY.MOD
915ca9bedfb0dd98e10aa734d46323dc	1	381410	player+silence	uade	Protracker compatible	0	110236	9ee57ab2	295fc42f	MOD/W/WERETHED.MOD
91a6203aba5baf74d88e1af67b98f8f8	1	458370	player	uade	Noisetracker 1.x	0	106512	3ae57e06	8c83c48f	MOD/A/AGONY.MOD
91cbfd1325b510df95275fc257a53c2e	1	164244	player+silence	uade	Protracker compatible	0	87520	8c35f3dc	8cb68ecd	MOD/C/COUNTDOW.MOD
92117c5c4559e3ca34f2ac9d4682afe5	1	176769	player	uade	Protracker compatible	0	56626	384ad9ba	e917268e	MOD/D/DOTS.MOD
9219fa5a5faca5bcb450f128b240e4eb	1	110543	player+silence	uade	Protracker compatible	0	55687	8edb4eab	ce18c4f5	MOD/R/RESIDUE.MOD
92b4a57d47d6b204e4faafdfbdcd02e8	1	317856	player+silence	uade	Protracker compatible	0	122580	a729725d	10d4d352	MOD/G/GRAVEYD.MOD
92d96ae7d9e47189e9758e4eda602a78	1	153511	player+silence	uade	Soundtracker II (31 instr.)	0	91666	7d577e24	16220595	MOD/C/CIRCUS.MOD
930c89d487d8ab8dc8c035b78a89c8a5	1	299645	player	uade	Protracker compatible	0	140650	4411e6da	fd5c8f59	MOD/G/G6.MOD
930c89d487d8ab8dc8c035b78a89c8a5	1	299645	player	uade	Protracker compatible	0	140650	4411e6da	fd5c8f59	MOD/P/POSEIDON.MOD
934304a6309388f72f9a8f0fe6a2bbd7	1	184445	player	uade	Noisetracker 1.x	0	81252	26907bde	34630f83	MOD/R/RSIGSC.MOD
934c3a418abc2a52988f979bf9dc3125	1	174197	player	uade	Protracker compatible	0	70939	04cd8a8e	f68e2a07	MOD/W/WHATSHES.MOD
937fda46d8ceb09f69e81ee3883d027d	1	149883	player	uade	Protracker compatible	0	76568	25a78951	431504f3	MOD/T/TECHNOST.MOD
93b235103485042c3efb84fe5c67edc8	1	350620	player+silence	uade	Soundtracker II (31 instr.)	0	120400	04314538	442129ca	MOD/O/OUTRUN.MOD
93cbc9bd4c92655d674e22a7108325b9	1	134531	player	uade	Noisetracker 1.x	0	154784	aa30bf26	484adb80	MOD/C/CALLME.MOD
93f2355d1b682e4b87c6bc24cf109ebc	1	245893	player	uade	Protracker compatible	0	94575	a868e1cb	837c32f9	MOD/D/DJDIGITA.MOD
93f697b170cc0685021268672521a690	1	275119	player+silence	uade	Protracker	0	166888	961b2c3f	5e13a5e0	MOD/F/FREEDOM.MOD
9420a3c4b116f3627ded85f6d3fabfa9	1	140643	player+volume	uade	Soundtracker II (15 instr.)	0	64618	43ba7c16	c69aa43a	MOD/D/DEMON.MOD
94cabb1fb557b4b2f7ee0fd2760257f9	1	138369	player	uade	Noisetracker 1.x	0	69291	f18e3c11	4284f8e4	MOD/C/CATASTRO.MOD
94ea09e4ceb3008d407d14023ed1b9e9	1	99968	player	uade	Protracker compatible	0	50944	16765c1a	651ebc43	MOD/Y/YUMMBALL.MOD
95182d87a91a3880e1efffc133d6f25d	1	160131	player	uade	Protracker compatible	0	115114	2f57783c	32db137e	MOD/A/ANARCHY2.MOD
9563022e3d823b8408eb82ba56614bde	1	327172	player	ft2play	Fasttracker	6	234758	d8d5298f	0c004381	MOD/H/HXAPPEAL.MOD
9570746534c954f19549cbe68e18085f	1	146045	player	uade	Noisetracker 1.x	0	90844	72b33e4e	c2f306ed	MOD/J/JUDGE17.MOD
95c0c3b1716d3a2e3dd1b7043cf2cbdd	1	289067	player+silence	uade	Soundtracker II (15 instr.)	0	88204	f23a8b12	9aa43b06	MOD/C/CLOCKWOR.MOD
95ff053a62049b8e9aaf72a8baf15c72	1	238197	player	uade	Protracker compatible	0	120972	a3c7fb63	92468cd6	MOD/R/RYTHMN.MOD
9602f78648360e4498721e123064f2a1	1	115321	player	uade	Soundtracker II (15 instr.)	0	53792	b63cbeb7	75c710f0	MOD/T/TUERKES.MOD
9611407db37a9608387b5150217add1c	1	84616	player	uade	Soundtracker II (15 instr.)	0	39470	ce89e4f3	c75d0460	MOD/T/TUB.MOD
96693ba135ba4c52b3f3e57015c42d9b	1	130693	player	uade	Soundtracker II (15 instr.)	0	64302	4341fdb9	2a3deb7c	MOD/B/BIBOY.MOD
96732f0181229deca607d00f5dffddba	1	158041	player	uade	Protracker compatible	0	99024	395c66c7	bd3cb81e	MOD/A/AHIT.MOD
969e43512beb923da021f1d2dbea0e94	1	184445	player	uade	Protracker compatible	0	80072	ce9f0c82	c887ffc8	MOD/S/SOFTMACH.MOD
9765f766028313a721c3ee4fd8e760d0	1	138369	player	uade	Protracker	0	90710	90a6c950	5697089b	MOD/B/BRASSCON.MOD
97c4b83ebaa76a620eabeeb4502f0de4	1	188283	player	uade	Protracker compatible	0	66108	753f9048	4a219ee3	MOD/Z/ZINESOU3.MOD
981d4a666f510f7d0ef8ebe97587e175	1	289033	player+silence	uade	Protracker compatible	0	97280	f765489f	c1d9463a	MOD/P/PHANTOM.MOD
984ede8f543ed822c0189cd4e4a4eb05	1	61006	player	uade	Protracker compatible	0	41564	822ce942	a4021cd7	MOD/B/BEGINMUS.MOD
98c2fa5dacdfa6b2cc37a489c1d86eb6	1	55962	player	uade	Noisetracker 1.x	0	52004	54e2559f	cae81a34	MOD/A/AIRWOL3F.MOD
98fd5b663dc808d0c840c35616d81ffd	1	69224	player	uade	Protracker compatible	0	59235	77a5ebf4	ed915568	MOD/T/TECHNOBY.MOD
9920022a89362237fd471c32caa4e933	1	353498	player	uade	Protracker	0	151950	5f8e1768	6634367d	MOD/A/AIOBOETE.MOD
99ae5bc835e39e36609fcd8b4d987808	1	206207	player	uade	Soundtracker II (15 instr.)	0	63336	69df85c1	cf70ccd8	MOD/L/LNINJA2.MOD
99c769086bff8fec585778b8e1739d4a	1	230910	player+silence	uade	Noisetracker 1.x	0	161606	2d23b999	2ce95e76	MOD/S/SMOOTHBA.MOD
9a88d58be4273cee82a57215009b75a5	1	107645	player	uade	Protracker	0	281230	79c8de9e	503fbf30	MOD/U/U4IA.MOD
9ac263c7891d6229a48940d07105bcc3	1	184445	player	uade	Soundtracker II (31 instr.)	0	205698	baaee060	f225e4d7	MOD/O/OUTLAW1.MOD
9b224aa43dea721f13fc5b508ff0c18c	1	216133	player	uade	Protracker compatible	0	189738	ba9746ba	0255bd95	MOD/W/WIRHAPPY.MOD
9b526491a8cf3582962954104d541e78	1	394127	player+silence	uade	Protracker compatible	0	196596	47f59c56	d65f5c62	MOD/K/KILLING.MOD
9b77919a31dd545697d5ed838fc111d1	1	369734	player	uade	Protracker	0	47054	ffd16918	56b3a88e	MOD/A/ALHAMBRA.MOD
9b7e50f6245078d9d52d3f1b823d5635	1	226557	player+silence	uade	Soundtracker II (31 instr.)	0	109710	831c63b0	76a76658	MOD/D/DEEPRED.MOD
9b7e50f6245078d9d52d3f1b823d5635	1	226557	player+silence	uade	Soundtracker II (31 instr.)	0	109710	831c63b0	76a76658	MOD/G/G4.MOD
9ba7e6986ae0f659ced07f7120bfebc4	1	107339	player	ft2play	Fasttracker (M.K.)	4	51399	d4b38475	ab4c4eb9	MOD/W/WHAIL.MOD
9be6458d7df29ff8bb04c5cb5c149723	1	403332	player	uade	Protracker	0	169810	fbcc5e99	f7b51a69	MOD/S/SLAVEYAR.MOD
9c06bc85b88cb3e6ff836f08a8f6e5a2	0	87168	player	uade	Ultimate-Soundtracker or compatible	0	58244	67e012eb	45a1a6ef	MOD/S/SCHLUCHZ.MOD
9c0be24c40e7f0dbece02b17628eb812	1	169093	player	uade	Protracker compatible	0	52122	c974c650	6a5c772c	MOD/M/MODGOBOD.MOD
9c3ac20f37784d1b59571826ef0ccd11	1	181422	player+silence	uade	Protracker	0	252028	75bfe166	3361db85	MOD/S/SOUL205.MOD
9d0bfbdbbda6b24c487f049861f7f216	1	25238	player	uade	Protracker compatible	0	13027	7555674b	348ada1f	MOD/C/CANCANBY.MOD
9d363b6166d8e3ad324af92cd47888d3	1	123076	player+silence	uade	Protracker compatible	0	78136	829080b3	9349a3b9	MOD/D/DIABLO.MOD
9d4f0729dc3b6b2b3ca77a8412678ad3	1	176769	player	uade	Noisetracker 1.x	0	88944	81d1980e	e782df12	MOD/N/NH.MOD
9da61fa5660a737d8a1b93ff8bff0bd3	1	184445	player	uade	Noisetracker 1.x	0	122564	35e7c153	c507c971	MOD/M/MUSIC4.MOD
9e09f57aa23803889aa008d191f1db82	1	254625	player+silence	uade	Protracker	0	91066	80424342	3c4ba848	MOD/S/SHELLEY.MOD
9e2d7b8d37ccf6b37eb13c9444390c11	1	222845	player	uade	Protracker	0	130015	02880ca7	c9300794	MOD/B/BREAKING.MOD
9e37ea51dadb60c2787456cab348eec0	1	117872	player	uade	Protracker	0	216056	f68b0c73	da789071	MOD/T/THEWOOD.MOD
9e6418146a766e63779ee06469767191	1	15472	player	uade	Protracker compatible	0	73012	6a4677f5	c958373d	MOD/C/CHASEHQ.MOD
9e6418146a766e63779ee06469767191	2	7678	player+silence
9e6418146a766e63779ee06469767191	3	20596	player
9e6418146a766e63779ee06469767191	4	55178	player
9e6418146a766e63779ee06469767191	5	28915	player
9e6418146a766e63779ee06469767191	6	56424	player
9e6418146a766e63779ee06469767191	7	41715	player
9e8741fda45d2e1cbd7c33235a6e3103	1	122997	player	uade	Noisetracker 1.x	0	149166	452421f5	7d5c61c9	MOD/M/M1_SONG.MOD
9e9031d52f72c0ba8d26bcf00f02a53d	1	276597	player	uade	Protracker	0	36920	65ba8578	b5a1df98	MOD/I/INTROMUS.MOD
9ea6ad97da7c4dc37e6e8fecf304cdb8	1	150787	player+silence	uade	Protracker compatible	0	122104	b7468a6b	54681f80	MOD/N/NAMEWASB.MOD
9eb421965c9a732fa3f07eaae4ea9db4	1	122997	player	uade	Protracker	0	156990	4d693e10	a4a9d2d5	MOD/W/WILLIAMT.MOD
9ecaa3c67aabf6c53dc5ccb4b4970c18	1	161397	player	uade	Soundtracker II (15 instr.)	0	48408	1f84a2c5	9dab62db	MOD/W/WAVE.MOD
9f63b02d5ae57eae942b171501727e37	1	254594	player	uade	Protracker	0	240236	c86930d2	dc2b33f3	MOD/M/M0RKSONE.MOD
9f69fd4e53626be89d62ede6ec6fa533	1	264247	player+silence	uade	Protracker compatible	0	130574	0481a653	00d655f2	MOD/J/JUMPINGJ.MOD
a02a7ed14e59b1678f27880f45c1517f	1	283831	player	uade	Protracker	0	140804	93bccaaf	c21ef629	MOD/A/ASSASIN2.MOD
a02f4a0b62de3691461464229be0189b	1	143493	player	uade	Soundtracker II (15 instr.)	0	59844	87040e43	94d5df3f	MOD/W/WOTROCK.MOD
a0955fdeb6aee9118c8efa67058a6d21	1	91629	player	uade	Noisetracker 1.x	0	154256	3a21f94a	c55e6b16	MOD/G/GIT5.MOD
a0955fdeb6aee9118c8efa67058a6d21	2	121650	player
a0955fdeb6aee9118c8efa67058a6d21	3	146688	player
a0955fdeb6aee9118c8efa67058a6d21	4	117229	player
a0955fdeb6aee9118c8efa67058a6d21	5	165878	player
a0bdbf588853fb1c16cba7fadb798b9f	1	285157	player	uade	Protracker	0	139086	a9a75f68	dcda61f3	MOD/S/STREET_J.MOD
a0da15f5b4ce82956ec789226b66d8a7	1	192141	player	uade	Protracker compatible	0	193071	84ca5a55	57d147ca	MOD/J/JUSTINTI.MOD
a10fd0509089c676591a05aeab400c9f	1	48005	player	uade	Protracker compatible	0	58519	dd27740c	88afeb5c	MOD/B/BROTHERJ.MOD
a1b66fad6869cc237d98b723cdf05aba	1	182054	player	uade	Protracker compatible	0	114324	e2313bcd	9d8b6fdb	MOD/T/TIMEOGDA.MOD
a1dd0068e7e09762bf50fb3dca5ed14c	1	293617	player	uade	Protracker	0	439156	8b045cd2	8d7a762b	MOD/C/CUTNMOVE.MOD
a21bfebdc6d646278044435a5b6ef9f0	1	107645	player	uade	Protracker compatible	0	85766	8319edcf	a96ff1f6	MOD/G/GHETTO.MOD
a23606644cfb93fa4cbf629eebcd51cd	1	115321	player	uade	Protracker compatible	0	63393	7614e1ce	099d1aaa	MOD/S/SHOFIX2M.MOD
a2905dba005eebbc693e79a5297192f9	1	309337	player+volume	uade	Noisetracker 1.x	0	111868	9878d051	8d46c2f7	MOD/T/THESECON.MOD
a2d050e08c134e37533a0e2d299e7517	1	101877	player	uade	Protracker compatible	0	54602	66138f84	0c9b2acc	MOD/C/COPENHAG.MOD
a2e43f456b4d0b284b79161b12f17da0	1	35968	player	uade	Soundtracker II (15 instr.)	0	32548	b2476fc8	f41bd9ce	MOD/S/SLL9.MOD
a35044ec17d1bc7530dae50b3c96f49e	1	257568	player	uade	Protracker	0	144970	c3405d25	31c61803	MOD/T/TAKEMYBR.MOD
a38e8ff155453f6586d299a0fe0b7587	1	219007	player	uade	Protracker	0	120176	eb6722f8	02aec201	MOD/B/BACKTOTH.MOD
a39bb2bbc9eba8fcb028753218cf93bc	1	214647	player+silence	uade	Protracker	0	191488	6797b850	2d89d8e5	MOD/R/RESONANC.MOD
a3a0ac754152bb9b6ffc950500c7c028	1	138369	player	uade	Protracker compatible	0	120578	b16c8148	acf350ea	MOD/W/WITHANEW.MOD
a3a9b33e50cfb55b302eb8f3afc1b3a4	1	33738	player	uade	Soundtracker II (31 instr.)	0	75847	c043a5ae	afaeede2	MOD/U/URQMOD.MOD
a41a93c500c7f4bc75d71262f93dc73c	1	122997	player	uade	Protracker	0	52356	9a12a025	91a2400b	MOD/P/PROCES_I.MOD
a455dbf0e528c4175254210b6e70d47a	1	126995	player	uade	Protracker compatible	0	233858	90bb67a3	69018a43	MOD/G/GILLIGAN.MOD
a5295ec44465cad6b3962ac89249eecc	1	84616	player	uade	Protracker compatible	0	181498	9c6f7588	0e3f7a98	MOD/G/GETTECH.MOD
a5402e64cc1f3ada47d275c816eadbaf	1	122997	player	uade	Protracker compatible	0	136000	bafea637	45c29611	MOD/H/HOUSE.MOD
a58701e0ac4c9033cb7c86bed34f4905	1	48326	player	uade	Protracker compatible	0	91776	98cd8fed	89949f9b	MOD/S/SQ3INTRO.MOD
a63539ce06bddf780e786f712b32f256	1	247440	player	uade	Protracker compatible	0	155117	ecb749f8	906bfc22	MOD/O/OVRDRIVE.MOD
a65959fb9b8e31371390ed00b0a4a839	1	192141	player	uade	Protracker compatible	0	72916	b309f6bb	9473d4c1	MOD/M/MODELDIS.MOD
a697ff5ed6c0aa30a7d073a185f4e4f5	1	314011	player+silence	uade	Protracker	0	104600	94530bbc	db112338	MOD/M/MAGRUST.MOD
a6ba0bf18c1be5d760ea38e41b53647a	1	94222	player	uade	Protracker compatible	0	86876	921bb667	31cedb05	MOD/D/DTDMSOUN.MOD
a6d97253a42a5fec02b5e5af69866345	1	288112	player+silence	uade	Noisetracker 1.x	0	84864	78dd61d9	97ea5717	MOD/I/INHISMIN.MOD
a76c244ff2d0b004e2458a7481913897	1	143493	player	uade	Protracker compatible	0	39408	b8417c1e	d6a7ce67	MOD/L/LAIDBACK.MOD
a782cf7ff201f7878ec836bf38be1b24	1	274361	player+silence	uade	Noisetracker 1.x	0	98738	1d7d279f	ec1c8401	MOD/T/TITELSO3.MOD
a79db8e4e2fa7f5f6098bb53841cf927	1	286202	player	uade	Protracker	0	107410	9228613e	a4841979	MOD/I/INTOCYBE.MOD
a7e2bdf2b9a0436df9897b2ffbc1e2f2	1	182006	player+silence	uade	Noisetracker 1.x	0	91456	45632473	ea0eaead	MOD/S/S.MOD
a80d2c4022a79ea5bea839a406f21e8c	1	205564	player	uade	Protracker compatible	0	92246	5b80665c	eafb78d7	MOD/C/COUSTEAU.MOD
a82b67315e5a769c236b12005ff7f5e6	1	191306	player+volume	uade	Noisetracker 1.x	0	86612	1476d4d6	a0bfe8b2	MOD/E/EMBOLD.MOD
a83d41c0673152360fd29f959f602643	1	300792	player+volume	uade	Protracker	0	307110	0f1195f8	96df3f73	MOD/D/DASBOOT.MOD
a8c44a69459077f2ab35f05d8878c202	1	123696	player+silence	uade	Soundtracker II (15 instr.)	0	119412	38733a69	013116d6	MOD/V/VD11.MOD
a90d8311e00dccabb548f0fe25efa1f5	1	46216	player	uade	Protracker compatible	0	27924	148b0326	a1d5c057	MOD/L/LOONCRED.MOD
a94cc31a818ea0cda46dd91b1cc86ef4	1	321317	player+silence	uade	Protracker compatible	0	95386	b600d48a	61051a0e	MOD/N/NIGHTCLU.MOD
a99ae5983ab2005b4bd2380989a9e68e	1	192141	player	uade	Protracker compatible	0	155014	93c65c8f	ae2c8313	MOD/B/BLUEPRNT.MOD
aa184948fe4e139dd827b9c02a6c99ef	1	128121	player	uade	Soundtracker II (15 instr.)	0	64628	e7cc709e	3458b8b3	MOD/A/AWESOM.MOD
aaff750bcead61a465b6ed6054043f7b	1	207493	player	uade	Soundtracker II (31 instr.)	0	75972	b8b43d43	408d9054	MOD/P/POWER.MOD
aaff7e740c45984f88422a30208b44a4	1	215149	player	uade	Protracker compatible	0	90078	3ed357e4	8171e77b	MOD/S/SLASHYOU.MOD
ab106ffcb61759b8c239eec66aba1262	1	75011	player	uade	Protracker compatible	0	51326	fe4bf09b	5d166814	MOD/B/BREAKF.MOD
ab62266881c11650c24edb7d46386304	1	148597	player	uade	Protracker compatible	0	69504	8ce2890f	2948efc0	MOD/G/G10.MOD
ababb2abd36d49bae7112cf2e5700ffc	1	138369	player	uade	Protracker compatible	0	164534	0975a321	ac35ba99	MOD/P/PSY.MOD
ac30a21bd83f46cafe7f462c7fe95b52	1	119179	player	uade	Protracker compatible	0	70504	ec8bda92	f3b4b2bb	MOD/K/KEFRENS2.MOD
ac805e9e7561344dcaa7f648116418ec	1	11651	player+silence	uade	Protracker compatible	0	11187	33b53f62	e682d2a0	MOD/P/PLANET.MOD
ad78b0fdf59491f62626608ee5a49e53	1	378902	player+silence	uade	Protracker	0	177540	b51f0e35	4fd541e6	MOD/P/PELFORTH.MOD
adcb910df43f83ddf7a148c67a56a856	1	229461	player+volume	ft2play	Fasttracker (M.K.)	4	139827	35a533de	1b34db60	MOD/C/COMEASYO.MOD
add17fbe418a62269ac6c8e856f4d267	1	241527	player+silence	uade	Protracker compatible	0	205097	81ce33da	a796e300	MOD/A/ACIDROCK.MOD
ae0c566d50c821555222513c2c7af433	1	226683	player	uade	Startrekker (4ch)	0	360850	6989516f	27ebab2a	MOD/A/ACIDSPIL.MOD
ae36f482159070bbabbc4f47fed80926	1	135977	player	ft2play	Fasttracker (M.K.)	4	108641	badb22e9	e4cf5451	MOD/T/THETREES.MOD
ae3c04d653b7b5e251b3233eb1500771	1	130693	player	uade	Protracker compatible	0	80724	42370b5c	29cefc70	MOD/T/TAKEOFF.MOD
ae857b0d013cb39359c77df9ff87bb76	1	183073	player+silence	uade	Protracker compatible	0	109330	e5355e05	f62ba7a2	MOD/M/MEGADEMO.MOD
ae95ca4ca6850f87bc4adb4b13cb55fa	1	76920	player	uade	Protracker compatible	0	42374	a54b818e	7f0b5e82	MOD/R/RUMBLE.MOD
aec0a62f74c5eff4e44f0fad938cf9a7	1	84616	player	uade	Protracker compatible	0	139196	fcbc2aaf	53bb2349	MOD/S/SWC_HITS.MOD
aeeb9e602edd292185d96fe5bf16b645	1	341614	player+silence	uade	Protracker	0	249116	9c5113f3	68198281	MOD/C/CONDOMCO.MOD
aeec6c3b805fc02d43b86587cb453971	1	192141	player	uade	Noisetracker 1.x	0	47040	419453dc	6e230c36	MOD/A/AMIGAGOE.MOD
af353d995e26299b5db9e572ef8a19d6	1	99968	player	uade	Noisetracker 1.x	0	56648	ea62a763	bfa2dbf1	MOD/U/UNITA1RE.MOD
af472fee4f7a776d314f18354e16f46c	1	309337	player+volume	uade	Noisetracker 1.x	0	111868	f52c7aac	a60a69d1	MOD/F/FLASH.MOD
af93db9d5733092f5bbf64a232dd08a1	1	170580	player	uade	Protracker compatible	0	197674	4afca2d4	e909042f	MOD/Y/YOAFRICA.MOD
aff15197826f0ed5ec56b46a6f297e19	1	231867	player	uade	Protracker	0	344332	ae990ece	60f29196	MOD/N/NUKE.MOD
b00cc6a47aa0163624c64da44538ba0b	1	172931	player	uade	Protracker compatible	0	143674	0992273f	9af6f094	MOD/B/BPOPPED.MOD
b01a547b87f9a0edeb16c427ecc31dce	1	122997	player	uade	Protracker compatible	0	81474	2c5b1a10	2b992440	MOD/I/ITSASIN.MOD
b09e11b82c190a86ff314f57bd4c7bd1	1	222468	player+silence	uade	Protracker compatible	0	79320	c2226766	40c44978	MOD/E/ELECTRIC.MOD
b0a8d0fa9232e1c6e71acf53b6339af5	1	224131	player	uade	Noisetracker 1.x	0	138901	6b5be7d7	c436246b	MOD/G/GALAKTI3.MOD
b1041ef274bd5c72452f4fdbb72bddd6	1	431684	player+volume	uade	Protracker	0	255412	d0686030	11e591ea	MOD/S/SILENTS.MOD
b134b6fde7e4b99c2b4326237ad9cc6a	1	271590	player+silence	uade	Noisetracker 1.x	0	146268	ffa0e8d2	05d89cda	MOD/S/SND.MOD
b163ae8d5a2306a216d397b3cbbf606a	1	121811	player	uade	Protracker	0	200690	a07b6c58	4e91ee02	MOD/C/COFEBLU.MOD
b1ca1cc4c0fca80b50155be8e2afb3dd	1	134531	player	uade	Soundtracker II (15 instr.)	0	56364	a1b003f4	55aa4d38	MOD/A/ACESHIGH.MOD
b2034a8552fac3744bfd6a2a2df5e8b5	1	199797	player	uade	Noisetracker 1.x	0	79536	f5148412	14487ccf	MOD/M/MADMAZE.MOD
b2205841fab0def5cf0bab5e346ba252	1	196183	player+silence	uade	Protracker compatible	0	163892	3e50455d	4bc22e64	MOD/S/SC2DOOM.MOD
b23d7bf62f4de2e06cad760d79380360	1	261245	player	uade	Noisetracker 1.x	0	67978	898d4229	7b63d4c9	MOD/N/NOISE198.MOD
b244dbf4b422261e5132969ae4d694d5	1	136158	player	uade	Protracker compatible	0	104526	fbccdd25	bbbcf7bb	MOD/L/LETSSWI3.MOD
b28f2a37a9e615e31f171e7c83ede677	1	233030	player+silence	uade	Soundtracker II (15 instr.)	0	73704	30701663	4a55826f	MOD/M/MUSIC2.MOD
b32f2e9a2bbb744932884d656b261645	1	131125	player+silence	uade	Protracker	0	169472	17f33196	1c7b92c4	MOD/I/INTERCEP.MOD
b364c016f6bb6ea8b76f6d6a844c4f39	1	358521	player	uade	Protracker compatible	0	110802	e1866cdf	665ad54e	MOD/B/BROWBEAT.MOD
b3db93766b3327a78199d7f42cdd6d5e	1	183206	player	ft2play	Fasttracker (M.K.)	4	159974	ddf4bf0b	ff8a5029	MOD/S/SOULOMAT.MOD
b456b456c56d06e0dfd49b18c7bfb60b	1	268921	player	uade	Noisetracker 1.x	0	65984	fd4dd015	5508b2bc	MOD/F/FLETCH.MOD
b4a0903b84d18aaa7770b4644de4be4b	1	169093	player	uade	Protracker compatible	0	30454	d2d1cd5d	2ae4e30c	MOD/L/LITTLE.MOD
b4b2b823b35512ce239a60242a5f7beb	1	288171	player	uade	Protracker compatible	0	109936	2d684029	b156012c	MOD/D/DIRT.MOD
b50e094636eac1bb4897c7b0512e1a27	1	61649	player	uade	Protracker compatible	0	83525	368b7a24	af1055a9	MOD/C/CYBERMUS.MOD
b5609d5dcc2406454bd8c9647a72aeca	1	119179	player	uade	Protracker compatible	0	234840	e46f51d0	e16dc7ca	MOD/F/FUNKDINA.MOD
b5609d5dcc2406454bd8c9647a72aeca	1	119179	player	uade	Protracker compatible	0	234840	e46f51d0	e16dc7ca	MOD/F/FUNKYCOL.MOD
b5f91d809038f4ea2fe6d72b0a15a45d	1	307321	player	uade	Protracker compatible	0	94534	1c2f2aad	4a79ac19	MOD/J/JETFIRE.MOD
b6339e3f170554fba3b02808fbb22d9d	1	256824	player	uade	Protracker compatible	0	198662	90d9c12f	a3cd964f	MOD/E/EPSONIC.MOD
b6698936bca12032fe7a5faa43d19fa0	1	76920	player	uade	Protracker compatible	0	72006	04e91920	14443b80	MOD/G/GATEFORC.MOD
b690e56b3a64080c5eb219007e4ef492	1	115321	player	uade	Protracker compatible	0	34422	78b2b8b3	ee96d259	MOD/M/MUZ.MOD
b6d0aabbc4eeac27631dfbe2606a408f	1	146045	player	uade	Soundtracker II (15 instr.)	0	84202	c24b0204	aa4dc827	MOD/A/AWESOME5.MOD
b7bffb0a2b5429f078f145d1c9451822	1	176769	player	uade	Protracker compatible	0	81556	b2d24115	a48f22b3	MOD/Z/ZLEMMULU.MOD
b82bc505a66adf0e66ae128d0bc8971a	1	269729	player+silence	uade	Protracker compatible	0	127128	2b054766	f90dd99f	MOD/I/INTOTHE3.MOD
b86585e06d8dbabf1959c760e1a89991	1	200159	player	uade	Protracker	0	146408	3192718c	0eb5a69a	MOD/K/KARATEMA.MOD
b8b9de7246747bc282e80ef890112c81	1	264650	player+silence	uade	Protracker	0	194432	c54c3109	e27db2e9	MOD/C/CYANIDEZ.MOD
b8bca0e3adc0172587da7d96f6e09f0e	0	190257	player+silence	libopenmpt	Master Soundtracker 1.0	4	138702	a9a6db74	a28d66c3	MOD/E/ELECRAMB.MOD
b95d73e080e3bc1444ff29ab63c90901	1	154297	player+volume	uade	Noisetracker 1.x	0	86158	c4da51c9	a8492129	MOD/A/ALF.MOD
b9d31333722e43052e020b17517b8e55	1	142187	player	uade	Protracker	0	256860	79b13084	e2e30cfa	MOD/C/COFEBLU2.MOD
b9df930c46d4916c25f9646576ff886b	1	128121	player	uade	Protracker	0	130474	19467559	2044fec2	MOD/Y/YONHIRVE.MOD
b9eb3379941b2ee8c84533c5824dbde4	1	161397	player	uade	Protracker compatible	0	56592	7a9d2509	6d274897	MOD/H/HEMI.MOD
ba805b05e6b1254fe709e3c7321888f0	1	173051	player	uade	Protracker compatible	0	250081	2f7464a9	b80304c2	MOD/S/SWELLE.MOD
ba841b7b606b6b540e0286f56380f991	1	7796	player	uade	Protracker compatible	0	11637	816e95a1	7b22418b	MOD/C/CONQUEST.MOD
bab81b5afe2058eb5e50ec66846dea15	1	421256	player	uade	Protracker	0	201146	9f1e9782	54dfb88b	MOD/B/BKTTF.MOD
bacfbce1fcb124502685ad332325f339	1	99325	player	uade	Protracker compatible	0	131368	86ce1866	f2cbb3bc	MOD/B/BREEZE.MOD
bb397c2975cc8ae8a670f08177ba03f5	1	263518	player+silence	uade	Protracker compatible	0	178954	fc5067dd	821413e8	MOD/I/INTHEHAN.MOD
bb3c8ce0968f4519f0cb271f6a67c38c	1	278737	player+volume	uade	Noisetracker 1.x	0	89860	17440763	451c80d6	MOD/O/OFFICIAL.MOD
bb47056a039d58a7e018d91af6ef4f98	1	401563	player	uade	Noisetracker 1.x	0	221574	fca8518a	1f06d689	MOD/T/THECALLO.MOD
bbf03706c399dacdbfb4fb28a58da7d8	1	151141	player+silence	uade	Protracker compatible	0	83580	9bce13d9	5fed9f2f	MOD/M/MASTERRA.MOD
bc9eda2696fc73d85c7b577c2b3356a4	1	186800	player+silence	uade	Protracker	0	72458	de468421	26139c63	MOD/D/DOCTORWH.MOD
bcdfe7263f4c28aeb4b19a3e7f05feb0	1	185992	player	uade	Protracker compatible	0	107992	3fa04c44	b246b132	MOD/F/FUNKEY.MOD
bcdfe7263f4c28aeb4b19a3e7f05feb0	1	185992	player	uade	Protracker compatible	0	107992	3fa04c44	b246b132	MOD/F/FUNKYBUS.MOD
bd94141cf1388b7b76ad793cd4514d05	1	176769	player	uade	Protracker	0	381308	939eddfb	c96c7c94	MOD/F/FREUDIAN.MOD
bdd2b82733464513d8878c72b9328d02	1	146045	player	uade	Noisetracker 1.x	0	98338	0168189f	37e5d4e3	MOD/S/STUDIO.MOD
be97ee0e7d37e7f1b20aacc7cc7b4a23	1	146028	player	ft2play	Fasttracker (M.K.)	4	208859	bae26507	3652d0f1	MOD/R/RIGHTCON.MOD
bf185c551c33987e216bd6a2550e8bb1	1	69224	player	uade	Noisetracker 1.x	0	43588	5416feac	90f88b59	MOD/M/MIAMIICE.MOD
bf6297bca0eb5698cd414ee1e14c8fde	1	76679	player	uade	Noisetracker 1.x	0	52190	7a0623d7	0ef50c3b	MOD/N/NUERDETS.MOD
bf67673b0323974bd4f638073b77ce52	1	112126	player	uade	Protracker compatible	0	194002	bd7e317e	18b34c03	MOD/A/AHROBYN.MOD
bf75ec3c51c7fe0f70c687c4acbad6b7	1	297855	player+silence	uade	Protracker	0	297530	f761b02d	f2cb09e7	MOD/L/LOST.MOD
bfa8d831cfabc9150096b6662569a1f8	1	230541	player	uade	Noisetracker 1.x	0	106666	1cd52d94	7b886cf9	MOD/N/NORTHSTA.MOD
bfeb7ea46eb769395b1ed84780adb808	1	172765	player+volume	uade	Protracker	0	268764	ce0d236f	ee95e340	MOD/S/SCHWINGI.MOD
c0588ff2164f979d47d271ec6a95f1a6	1	160332	player	uade	Protracker	0	199738	1ee66121	ed1ad4d5	MOD/K/KEBAB.MOD
c0bd771e0f712c3a01d11b1ec4973f67	1	135375	player	uade	Soundtracker II (15 instr.)	0	58526	44293745	4f4cb28c	MOD/0_10/4ACESHGH.MOD
c0bd771e0f712c3a01d11b1ec4973f67	2	143493	player
c12f8cfe5be098592c4d5fe5af0bd145	1	114979	player+volume	uade	Protracker	0	108422	a4f72564	3b64c5e0	MOD/E/EINEKLEI.MOD
c13a01a6eef95e044016b3b080b676ea	1	229577	player	uade	Protracker compatible	0	115260	551fcd57	64bfa13c	MOD/V/VCCGIGI3.MOD
c16a575804014b4ed2f5bdc0d7007747	1	38520	player	uade	Protracker compatible	0	47604	68c557a9	deba393a	MOD/B/BLUEMOON.MOD
c24a60389b14ecfea13d00b820b160f1	1	159363	player+silence	ft2play	Fasttracker (M.K.)	4	66261	a35d3754	adb9405c	MOD/I/INAGODAD.MOD
c284373add518b7789dab131eaa683e1	1	86767	player	uade	Soundtracker II (31 instr.)	0	101976	f7fd2900	2d8a1393	MOD/T/TSONG.MOD
c2cf94f841863dc16ce10f3fabf7c91b	1	255317	player	uade	Noisetracker 1.x	0	143030	767d7518	731ac76d	MOD/0_10/12WAR.MOD
c31ce889f997c6393a3f4c8f72540676	1	195316	player	uade	Protracker compatible	0	188456	eb590f71	303af894	MOD/B/BLACKBIR.MOD
c3290b74673ca0f57c1a72a7c5a46b54	1	73082	player	uade	Noisetracker 1.x	0	55800	83c2048d	1d723b98	MOD/P/PLINKER1.MOD
c375cef809be259f3fdbf3bbc2f8bae5	1	220936	player	uade	Protracker compatible	0	105440	8031baca	3e0ee95a	MOD/C/COMTORS.MOD
c3d8952ad561d3252efbb90235f94e43	1	138369	player	uade	Protracker compatible	0	150620	ef4162db	e82a4c56	MOD/T/TOPLESS.MOD
c46ebc6c5ddf3b67b3b85cbaba09aec0	1	182536	player	uade	Protracker compatible	0	79556	f9cdc8e7	5beef01c	MOD/T/THELASTA.MOD
c4b0e357ca4e234bc731ca16edbd62b6	1	92272	player	uade	Protracker	0	111270	085d8a76	5fa7cec7	MOD/B/BEATDISP.MOD
c5014de2c21cacaaede9645cb9de204c	1	245893	player	uade	Noisetracker 1.x	0	189181	2eec6b73	2614cc2f	MOD/T/THENEWS.MOD
c5109b96ed5b17093626b4d3dd36f7ff	1	30824	player	uade	Protracker compatible	0	34964	2b0fea57	f0e1c09c	MOD/F/FLOWERSI.MOD
c510ec8c2cecdbb1a530f1d1c4f733f8	0	192085	player+silence	libopenmpt	MultiTracker 1.0	7	192017	f06588b5	d5678a1f	MOD/M/MUSTARD.MOD
c59b47157ffea1940fae23804feb4bc4	1	356141	player+silence	uade	Noisetracker 1.x	0	93972	4802617a	63591b86	MOD/P/POPCORN.MOD
c5daa9188a028379e260a63b4e3787dd	1	237409	player+silence	uade	Protracker compatible	0	181100	fad5097d	9c199175	MOD/C/CHILDREN.MOD
c5ef2939312e76284840811e0adf64c2	1	252946	player	uade	Soundtracker II (15 instr.)	0	120248	7b83778f	bc4d4554	MOD/F/FAIRLIT1.MOD
c647125ca56b360baa9f8fc44cf66560	1	202047	player	uade	Noisetracker 1.x	0	155478	b8c67672	e1426994	MOD/L/LOSTINYO.MOD
c65b5c3d8be95b1a1722ff87fe4228db	1	76920	player	uade	Soundtracker II (15 instr.)	0	51024	7cd3fa4f	0e55594d	MOD/P/PROJ09.MOD
c661a3c52fff8cf6a767d6d54fa7bb54	1	134531	player	uade	Protracker compatible	0	70458	e6609ec2	51c989e7	MOD/C/CONFUSON.MOD
c6918fd362ac37fa05b2347e9e2e8ba1	1	172931	player	uade	Noisetracker 1.x	0	90024	ac923f39	d5bd5ba2	MOD/L/LOSINGAF.MOD
c6cb0970d3d4d7c0cd78ba9295174fa0	1	135797	player	uade	Protracker	0	45440	ebfc6789	9e22d2f5	MOD/E/ENTRTAIN.MOD
c6cb0970d3d4d7c0cd78ba9295174fa0	1	135797	player	uade	Protracker	0	45440	ebfc6789	9e22d2f5	MOD/T/THEENTER.MOD
c783089c02f28222c24aa74284a7ecf3	1	195959	player	uade	Protracker	0	137986	379e7c0f	dc520c6b	MOD/C/CELEBRAT.MOD
c7ba5bbe87fbca47fbea9dbaf1e782ab	1	130693	player	uade	Noisetracker 1.x	0	66448	7417bc92	2dc34329	MOD/M/MAGICVIB.MOD
c8a89b2b7af04d402f94073951d63148	1	261486	player	uade	Protracker	0	166344	35d0d4c0	0039007c	MOD/D/DOOMED19.MOD
c8a89b2b7af04d402f94073951d63148	2	3160	player+silence
c8a89b2b7af04d402f94073951d63148	3	9360	player+silence
c8a89b2b7af04d402f94073951d63148	4	112769	player
c8cebe8b029958b08564cfb752d8db52	1	304609	player	uade	Protracker compatible	0	230816	9e258957	031d0400	MOD/C/COD.MOD
c991584f95fe127d260017f136b952ee	1	38520	player	uade	Soundtracker II (31 instr.)	0	25704	e8d21cc3	f3717ad1	MOD/P/PRETEND.MOD
ca03f8319982a722b2eb085a266a3239	1	188562	player+silence	uade	Protracker compatible	0	115330	39b40a0d	9d1c311f	MOD/R/RHYTHM.MOD
ca68168b0122b0dff8c260f59d5bf4ff	1	102507	player+silence	uade	Protracker	0	57368	082fd2bd	46057d93	MOD/S/STANDBYM.MOD
cb46fa5f002614be5373a292b62f030d	1	84616	player	uade	Protracker compatible	0	26828	8c10e029	ba718e98	MOD/H/HELLO.MOD
cc1fb0afd87247eeaea0ff7fb9ddeaf9	1	164581	player+silence	uade	Protracker	0	104320	55725f27	cc68e076	MOD/B/BASSFORY.MOD
cc6a9471a812eca64e784b3ce7faa459	1	192141	player	uade	Noisetracker 1.x	0	114176	78ed1eee	c4e27c0d	MOD/K/KCSCARPE.MOD
ccbf8ba463b3b310d5e98d74c3218583	1	533563	player	uade	Protracker compatible	0	193542	24281617	cce60b5e	MOD/S/SHOWTUNE.MOD
cce4d7b266e9ae6ab39c6c68d64f4183	1	518231	player	uade	Soundtracker II (31 instr.)	0	102046	952ef7a0	9504784d	MOD/M/MEGASONG.MOD
cd206888d52146608e3e9fafc13f350a	1	7796	player	uade	Protracker compatible	0	43405	38c62757	ff491bf0	MOD/U/UNTITLE7.MOD
cd4c88c6144340b26f27389d6deccfc2	1	156614	player	uade	Protracker compatible	0	130924	f9891ec8	6437f717	MOD/M/MAZZ.MOD
cd6bf0cb524ab2fbfbbfe780c98e5659	1	242055	player	uade	Protracker compatible	0	102504	6a84c6f3	2fb237d4	MOD/B/BIGNONIA.MOD
ce432e88a99161083426d81b08c6d2c4	1	123238	player	uade	Soundtracker II (31 instr.)	0	64118	7685616f	fd0e13a4	MOD/T/THISISNO.MOD
ce51615e41252fbece2d460c03766728	1	157740	player	uade	Protracker	0	146886	8485cbef	de2f6e3f	MOD/M/MOBYLE.MOD
ce895c426260fc2b56cb442974d92b58	1	192141	player	uade	Protracker compatible	0	34482	a84098ef	b5da65fa	MOD/S/SILLY.MOD
ceb5f92ffdc0b7828e9718cc65476061	1	87289	player	uade	Protracker compatible	0	87923	935eb652	d2a942c7	MOD/D/DS9.MOD
cee1a1f25991488cdcca1c323f93a067	1	242055	player	uade	Noisetracker 1.x	0	410878	d8376cac	97f475fa	MOD/M/MODDIEAG.MOD
ceef178d550d31187a9ac838bac9ce40	1	122997	player	uade	Protracker compatible	0	64873	f11bef29	2989e1c1	MOD/U/UHF.MOD
cef73c3370296940d312d2478c6a2d01	1	107645	player	uade	Soundtracker II (15 instr.)	0	54704	06aa9a3a	f44a85cb	MOD/L/LAB_9.MOD
cf35c2c5504bce53d3545f0d45ba0ee1	1	96074	player+volume	uade	Protracker	0	233696	e53b479e	463f392d	MOD/O/OPUS4.MOD
cf36488ca6fa94f478c70d6de6f198a5	1	253609	player+silence	uade	Noisetracker 1.x	0	106288	da654056	2d104424	MOD/S/SMARTMAN.MOD
cf7c141aa91bd0b99e508c27dcd929cb	1	240724	player+silence	uade	Protracker compatible	0	226033	86992e35	2229c39e	MOD/G/GOODBYE4.MOD
d00e904a5bba47da41e5f26ff25059df	1	281480	player	uade	Protracker	0	250666	ffc1fee1	98d5dcd8	MOD/D/DASBOO3T.MOD
d1278402721171c462f305116ec7f904	1	153721	player	uade	Protracker compatible	0	200928	721cefc6	c25545a1	MOD/D/DIGIMIX2.MOD
d19d8680ee3f65c778daa436347869d6	1	268921	player	uade	Noisetracker 1.x	0	66640	0594bb2e	b9565a08	MOD/I/INTOBATT.MOD
d1fc7f56d6cb41f6344a50a663c5c296	1	76920	player	uade	Protracker compatible	0	46318	e321de8e	4eb93f58	MOD/B/BOURBON2.MOD
d2404f6b7b2fe8611ebb112fdc668e99	1	199797	player	uade	Soundtracker II (31 instr.)	0	307562	ed0ae9f5	02dc547d	MOD/M/MYWY2HLL.MOD
d26a0eecb78b35d41c637c18cf539b4b	1	192141	player	uade	Protracker compatible	0	50920	af5979fd	97e40d23	MOD/G/GSCTHEME.MOD
d2d55958aa45a1288d5679a3dd987fe8	1	184445	player	uade	Soundtracker II (31 instr.)	0	117050	529abb25	b54bf82d	MOD/E/EPI.MOD
d301d282b7eb29abe62f4f722d24ec76	1	353418	player	uade	Soundtracker II (31 instr.)	0	81818	dd03b9b9	c77f0f47	MOD/P/POPCORNM.MOD
d3305265b456a672374f054be0cfe94b	1	165235	player	uade	Soundtracker II (15 instr.)	0	72210	0a79ca91	94193efc	MOD/E/EL.MOD
d3fe4866b80b2bcb233f58fdf981c3d1	1	92272	player	uade	Soundtracker II (31 instr.)	0	61880	fb1ebb36	03e8ccf7	MOD/D/DELTA2.MOD
d4597c86822c65cfd4fdc74e1e9731cc	1	130693	player	uade	Noisetracker 1.x	0	82106	9b357c9b	c03ded80	MOD/M/MASTSVNT.MOD
d460b793624279c8c17f30c7e940f9f4	1	169365	player+volume	uade	Protracker	0	295408	67c03c98	0db71276	MOD/W/WANDER.MOD
d48e529545dd07bdcecae0a8a45cce46	1	172484	player+silence	ft2play	Fasttracker (M.K.)	4	151561	96aee5b5	0e8f1a59	MOD/T/THUMPERA.MOD
d50199dc3b35e01bd735d9e24ec28bf1	1	104354	player+silence	uade	Protracker	0	235368	25b5cd78	ad05dff7	MOD/L/LADYROSE.MOD
d55a3f83901d712189f8fa1034ca4e7b	1	159367	player	uade	Protracker	0	128276	8fbfe28d	8a608bfb	MOD/L/LOVEANDA.MOD
d55c39b72835f0f2dfc163ad0c5e4c87	1	435804	player	uade	Soundtracker II (15 instr.)	0	108066	191eb89c	7588a903	MOD/E/ERASUREM.MOD
d561da7706006f9acde3cf84c8b54954	1	138369	player	uade	Protracker compatible	0	76490	5c593f0a	b0861153	MOD/P/PLINKER2.MOD
d58b532e7b48110bf9a5ef2703f65751	1	215149	player	uade	Soundtracker II (31 instr.)	0	53216	8b6e2766	4a98dd20	MOD/B/BEAMSOFL.MOD
d66ecb45bbf0a72bcc4788aae00255a2	1	492852	player	uade	Startrekker (4ch)	0	327928	1e38e9f3	e0ee2c75	MOD/R/RHAPSPRP.MOD
d6d8209c0548fc260ebbc9ff60876f9f	1	233093	player	uade	Protracker	0	49886	9253262c	2dd098bc	MOD/L/LOUDHOUS.MOD
d719589aab37d3d6b47d05b5febe987c	1	140921	player	uade	Protracker	0	106646	717b943c	2be97d0c	MOD/T/THELASTO.MOD
d860df3329aa8d4c1dc6a0e80c5be601	1	108931	player	uade	Noisetracker 1.x	0	67462	f6033bd4	e67fc368	MOD/P/POING.MOD
d8f10c26fb7ebd8ce3fc7e3b7fecb34f	1	122997	player	uade	Protracker	0	74850	ceb4d53f	d7bba817	MOD/D/DASCHSEP.MOD
d9092dbde1eceb1b8565728d9839b888	1	230541	player	uade	Protracker compatible	0	66236	4e9aa100	724c0fa1	MOD/D/DEARROB.MOD
d93daab642822921f391596f1d33a587	1	184445	player	uade	Protracker	0	95530	8ca5854d	fc4c7590	MOD/U/UPRISING.MOD
d94975000f44981a5036e5706ab2b222	1	46216	player	uade	Protracker compatible	0	9900	1586fd28	67f361d9	MOD/I/INTROGHO.MOD
d9af186159f0df898a8d9ae5bb7ba157	1	122755	player	uade	Protracker compatible	0	201834	5c3b459a	c22dc9f1	MOD/F/FALLEN.MOD
d9fa6475e887d73ec816d1fe2136d2db	1	179482	player	st3play	Scream Tracker 3.01 (SB)	8	344696	5257e4c6	99ad9667	MOD/D/DJNOTT.MOD
da19193ab374c8225f7c6e20ef5e317e	1	224131	player	uade	Noisetracker 1.x	0	123304	59692ab9	7d31d827	MOD/G/GALACTIC.MOD
da5ed7b6126483363b7467dc21087348	1	215149	player	uade	Protracker compatible	0	71526	9a662c68	a2d448f5	MOD/V/VOYAGER.MOD
da660d87397fad1cb0e2676a3dbf1f8b	1	38520	player	uade	Protracker compatible	0	136991	37bab35b	f34996e5	MOD/P/POWERTRO.MOD
da8ad16f76c70a6f007cc2613c655a19	1	107645	player	uade	Protracker	0	96924	6a7e4752	d4e52224	MOD/W/WOHPUTAI.MOD
da96242adf36baa80e784b7a7fb5b542	1	291969	player	uade	Soundtracker II (15 instr.)	0	69612	885a4af8	711c89a4	MOD/M/MOO.MOD
daae18ef1e6d8afb9c84da20bbfa1cec	1	265464	player+silence	uade	Noisetracker 1.x	0	63968	92428872	c29306c2	MOD/T/THEGAME.MOD
dad3053c6f8114707c9a6df6cef28f6f	0	194318	player+silence	uade	Ultimate-Soundtracker or compatible	0	50440	f3a2af8a	b333932c	MOD/V/V42.MOD
db2bcca4bd115c65045131a566096b59	1	98682	player	uade	Protracker compatible	0	61956	f75c2386	43d74438	MOD/T/TUNE1.MOD
db3fd5440aef084dff98bce968fb5246	1	230541	player	uade	Soundtracker II (31 instr.)	0	53312	cb114b0d	918b0185	MOD/T/THEDAWN.MOD
db64e76edc3e306d7851ec0f45b09b8e	1	107645	player	uade	Soundtracker II (31 instr.)	0	65676	9ca9474c	895440db	MOD/H/HEVYCOOL.MOD
dbaf3915a1df798e2206bd3514537d4d	1	184445	player	uade	Protracker compatible	0	97684	169cd962	78cd7baf	MOD/D/DISCOGRV.MOD
dbd11f0760a07fe95b616cd0f5a23642	1	384122	player	uade	Protracker compatible	0	413055	b67ad87f	73495708	MOD/E/ERASRX3.MOD
dbed93d88a325377e6a42332adc2168b	1	112769	player	uade	Soundtracker II (15 instr.)	0	25374	23ff64a7	37ff0114	MOD/A/AWESOME4.MOD
dc0029a241ce14e7795d774a383aa945	1	125569	player	uade	Protracker	0	205194	5f203d44	37629e9b	MOD/G/GODBLESS.MOD
dcb1fa306c95df2472935001da0e56db	1	276597	player	uade	Protracker compatible	0	122618	58fe1226	56fcd414	MOD/L/LASER_2.MOD
dcb1fa306c95df2472935001da0e56db	1	276597	player	uade	Protracker compatible	0	122618	58fe1226	56fcd414	MOD/L/LAZERSQU.MOD
dcbed8a85a76446c955053fd9a123a7e	1	138369	player	uade	Protracker compatible	0	71730	3e7f26ec	6388c0d5	MOD/M/MADE.MOD
dd52c8e02ab6e9e289056ad2286dd358	1	112769	player	uade	Soundtracker II (15 instr.)	0	73722	ee8b06ad	4183f0a8	MOD/D/DLT1.MOD
dd586ef2962b72b79f246149d0795135	1	61568	player	uade	Protracker compatible	0	41483	30cdb0c7	c164ed5a	MOD/A/APEXTHEM.MOD
ddfe6ceb0ff77091c90d2d041875e45d	1	146045	player	uade	Startrekker (4ch)	0	78748	fbaa2c2f	4a60d0d1	MOD/T/TUNE8.MOD
de2a7180205918bfddf05eaddfbf2f1e	1	51963	player	uade	Noisetracker 1.x	0	249088	81e1754a	fbb78b5e	MOD/F/FGBLUES.MOD
de9b70753f20cc3f95ede0cd221528d5	1	227326	player	uade	Soundtracker II (15 instr.)	0	77954	b5eeb94e	3e9bcdbd	MOD/0_10/2BPLAYED.MOD
dece6c292a36c30ee3e3fd4d2ea0987d	1	322053	player+silence	ft2play	Fasttracker (M.K.)	4	182691	3eda178f	0adc9f86	MOD/P/PRELUDE1.MOD
df030625d17bd1e5c8b9dfceac0f98bd	1	146045	player	uade	Noisetracker 1.x	0	56772	ec9fd5c2	58fff981	MOD/Q/QUANTUM.MOD
df030625d17bd1e5c8b9dfceac0f98bd	1	146045	player	uade	Noisetracker 1.x	0	56772	ec9fd5c2	58fff981	MOD/Q/QUANTUMX.MOD
df2388a7aa2d1e1f36792d57aa259611	1	61568	player	uade	Soundtracker II (15 instr.)	0	53520	023eb53b	089d09e5	MOD/H/HYMN.MOD
df6f3fa16627660429a20ecfb27b27e7	1	92915	player	uade	Protracker compatible	0	104666	aa8a7727	ba73a784	MOD/C/CONCERT.MOD
df6f3fa16627660429a20ecfb27b27e7	1	92915	player	uade	Protracker compatible	0	104666	aa8a7727	ba73a784	MOD/C/CONSUMAT.MOD
df9506b2ee85eec6d8ee8d604a9351eb	1	181853	player	uade	Protracker	0	238756	59bee3aa	44502003	MOD/T/TALES290.MOD
e030e245af1f699815a1c6f6277d8816	1	128605	player+silence	uade	Protracker	0	314122	8c0085fd	c1a42c4c	MOD/S/SERENITY.MOD
e0622b626697e35fb293b3a09c8a05ec	1	226844	player	uade	Protracker compatible	0	125992	efe90483	ec322f42	MOD/M/MUSICX.MOD
e0be6b39833972600e345cf4ef460f82	1	119027	player+silence	uade	Protracker	0	347752	e2ff4dd8	b69b8d50	MOD/H/HIDEAWAY.MOD
e0f44845edb90522e209e64a40f3d5ce	1	160064	player+silence	uade	Noisetracker 1.x	0	95778	671ec486	ab9c398d	MOD/M/MEGAFORC.MOD
e10f7c0262b680636e06b55261b24cf0	1	153712	player+silence	uade	Noisetracker 1.x	0	79267	6e86809f	bf4b72b1	MOD/B/BASS26.MOD
e1148e24ee5039e577aa4dfc0d47eb11	1	95837	player	ft2play	Fasttracker (M.K.)	4	74167	255b607e	c31a00f4	MOD/L/LIMELIGH.MOD
e1e2a18ce7d94c73364eb6bc90a37da3	1	128563	player	uade	Protracker	0	110702	a8dc838f	e928008f	MOD/T/TOMSDINE.MOD
e2b82a4641a104e42158ea4ce734a20c	0	158483	player	uade	Ultimate-Soundtracker or compatible	0	67236	fbd5b3a6	aa6fa18c	MOD/A/AFL.MOD
e2f9602751b6528c8fe34c1162dbb605	1	51320	player	uade	Protracker compatible	0	20900	46bdbd24	11177121	MOD/A/ANIMATE.MOD
e2f9602751b6528c8fe34c1162dbb605	1	51320	player	uade	Protracker compatible	0	20900	46bdbd24	11177121	MOD/F/FRONT.MOD
e3638dee926dfba76adcaf9083bc3bf9	1	122997	player	uade	Noisetracker 1.x	0	56596	1f59b0ba	221bf21e	MOD/B/BIGNJAP.MOD
e38fa6094bf4b917b630a0c5acd115d9	1	161397	player	uade	Soundtracker II (15 instr.)	0	94036	bfee1dcc	8c0a4497	MOD/F/FUNKY.MOD
e39d01e914e43a9792d460b1651b5d64	1	115803	player	uade	Protracker compatible	0	73054	aea057e6	fbe9041a	MOD/M/MODLIVIN.MOD
e3adcec37797dc3faae1a53a8048f199	1	273321	player+silence	uade	Protracker compatible	0	220826	a7f59b42	91b0ea2e	MOD/O/OCCSAN1.MOD
e3b69ce908580e87a32d6bedf1e136cb	0	69017	player	libopenmpt	Ultimate Soundtracker 1.0-1.21	4	49792	697c300e	3ebbf6ea	MOD/G/GIGA.MOD
e3bd6bed7a5ece9258d23afdbef889b8	1	301574	player	uade	Protracker	0	175650	f9cb779e	0fbffc9a	MOD/T/TOTALTEK.MOD
e4407944252bec291b474854cd320980	1	355924	player+silence	uade	Protracker compatible	0	252282	be6533ee	94ddbf66	MOD/L/LIGHT2.MOD
e4407944252bec291b474854cd320980	1	355924	player+silence	uade	Protracker compatible	0	252282	be6533ee	94ddbf66	MOD/M/MODLIGHT.MOD
e486d77aabc2a3555b947bae80cd24e2	1	234359	player	uade	Protracker compatible	0	72126	dfd1a1cb	2e62bb2d	MOD/L/LEAVETHE.MOD
e5b2b4fe77e7dd11925efaa6da7fef29	1	136440	player	uade	Protracker compatible	0	172176	50bc6544	902f7d7b	MOD/K/KEEPBUST.MOD
e5e14b05c6d3fc2bc551304c29270377	1	55962	player	uade	Noisetracker 1.x	0	51712	434172f7	c7ab4388	MOD/A/AIRWOLF2.MOD
e60fcd8ebfd51c2783287589f73fab68	1	148858	player	uade	Protracker	0	112482	73d54e27	9ed3c5eb	MOD/T/TERRORSU.MOD
e63b4cd94852bd532ac2d93f78f021a4	1	249417	player+silence	uade	Protracker	0	333254	0edccaf8	30098659	MOD/M/MARDI.MOD
e659ef6b02883286213a37ece670bf9b	1	261245	player	uade	Noisetracker 1.x	0	91310	9b7c8748	d8a440a6	MOD/L/LUCKYSOF.MOD
e6b08eaf1113c927f629048bfdbf6150	1	80135	player	uade	Protracker	0	104814	210b7619	19098dbe	MOD/T/TEDDYB.MOD
e70a533bf612334caa967d183535b778	1	154297	player+volume	uade	Soundtracker II (15 instr.)	0	85674	a824e10d	3775bbf4	MOD/A/ALFTHM.MOD
e736d9c40c332d5d1ca83974948c736c	1	128121	player	uade	Protracker compatible	0	71831	2b7600e7	6a59a499	MOD/P/PKUNK2MO.MOD
e793767c0deae50fc444930d3049291a	1	438873	player+volume	uade	Protracker compatible	0	209046	2108f547	fccad9be	MOD/P/PFX2.MOD
e796e728efc845efbcce09c404d9d826	1	30824	player	uade	Protracker compatible	0	24576	ede897f2	8f93c0d3	MOD/P/PLINK.MOD
e8820ae8d807ddde4fd7600676bbf736	1	128221	player	uade	Noisetracker 1.x	0	79292	0ce00d02	8f0eb44d	MOD/D/DIGTHIS.MOD
e8bff228eb7a09727ed5d79fc4caadac	1	321317	player+silence	uade	Protracker compatible	0	95386	2ee3237a	b8f85c72	MOD/G/G7.MOD
e8e4218be1dbb3ec6dceef9583086204	1	146045	player	uade	Noisetracker 1.x	0	94848	f055c435	3fbcad83	MOD/A/ALIEN.MOD
e93f0edeeb639cd5cc995cfc26b12442	1	115266	player+silence	uade	Noisetracker 1.x	0	48696	4eeff0db	7dfbeb5c	MOD/C/COOLTECH.MOD
e955a104c3ff6fe07ef918e4081c0e57	1	192141	player	uade	Noisetracker 1.x	0	109374	e938c39a	c346c0ea	MOD/E/EXEPTION.MOD
e998012c700eb43af0321711305829b2	1	637350	player	uade	Protracker (vblank)	0	224288	947eb4e3	100c8746	MOD/K/KLISJE.MOD
e9e6bb96d9eff96a57081bd5a639059d	0	194817	player+silence	libopenmpt	Defjam Soundtracker III / Alpha Flight SoundTracker IV / D.O.C. SoundTracker IV / VI	4	89526	e4202a56	e9afc5c3	MOD/N/NUMBER1.MOD
ea70c9b11e5da4e4369d980da90ee7f1	1	345904	player	ft2play	Fasttracker (M.K.)	4	211079	650a5a33	8fafd2bc	MOD/H/HEAVENSN.MOD
eadfc2d2bf44d08d559dfaaec2756560	1	142187	player	uade	Noisetracker 1.x	0	65352	e54215ea	0e530d54	MOD/C/CFRMUS4.MOD
eb336b3c781af5c3cb80b7b8cf2e0381	1	142187	player	uade	Noisetracker 1.x	0	85216	a9b1df64	74442cc6	MOD/M/MARS.MOD
eb5f36b4f10aa1f91a2e657a3f8875f7	1	276116	silence	uade	Protracker compatible	0	176900	c8a8edde	fc16d531	MOD/D/DEMOCOMP.MOD
eb795d8ab2b5eb47e2acdfa705cb7915	1	156011	player	uade	Protracker	0	313262	23d0e28d	9be4bed6	MOD/T/TWILLIGH.MOD
eb7eea3e60de9fd65b5b911aded5a7ed	1	147974	player	uade	Protracker compatible	0	162168	803c0a66	25b7f7d2	MOD/O/OUTZIDE.MOD
eb810fab4e5e299308fcb46b3718cb36	1	188605	player+silence	uade	Protracker compatible	0	161044	6375acd7	a5840c60	MOD/M/MAKEMOVE.MOD
eba7b98c292a4a62b3dc32ed1470dd18	1	394310	player+silence	uade	Protracker compatible	0	161320	b0dcf2b7	8e568ec5	MOD/L/LUNAWAVE.MOD
eba7b98c292a4a62b3dc32ed1470dd18	1	394310	player+silence	uade	Protracker compatible	0	161320	b0dcf2b7	8e568ec5	MOD/M/MODLUNAW.MOD
ec32298b79e5ac8b11a22acb257bb553	1	51320	player	uade	Soundtracker II (31 instr.)	0	40052	d93e344a	d56bbc19	MOD/N/NINJAKAZ.MOD
eccd9a206093eaad0926edc15662107b	1	174840	player	uade	Protracker compatible	0	213608	6e060582	34cda699	MOD/C/COOKIT.MOD
ed3a3dfca2d8108403f5734a7485f239	1	265103	player	uade	Protracker compatible	0	96146	fcaea593	ee9d51d8	MOD/A/ACTOFIMP.MOD
ed41f3c3a402962e938429c4c5e50c41	1	184233	player+silence	uade	Protracker	0	94240	14ffaa1f	acfd029e	MOD/B/BIGTHING.MOD
ed851d9628e61fe85a119b0a1f876b13	1	23168	player	uade	Protracker compatible	0	64941	5c3c2e73	53acbb6b	MOD/F/FUNKY2.MOD
eda151f6c0e44ed0a6a645960569142e	1	94242	player	uade	Protracker	0	188866	4597d2b5	06a277a1	MOD/L/LAUDAMUS.MOD
ee0800e891b1943b007ae382493f82ee	1	353418	player	uade	Noisetracker 1.x	0	102308	03d7742f	7d59bd85	MOD/B/BRIANSRE.MOD
ee13b01c585006f4b629c66a50454c16	1	183159	player	uade	Protracker compatible	0	96890	cdab3a3b	81630076	MOD/A/ACTIONS.MOD
ee30879c2d1df063c18ce1f1a2072474	1	456378	player+volume	uade	Protracker compatible	0	127173	5fd0f55d	b4708e03	MOD/B/BIGTIMEE.MOD
ee4b651691839c6e0b459f0c9a873301	1	199023	player+silence	uade	Protracker	0	79948	c3e4f06c	66faaca2	MOD/A/ACOUSTIC.MOD
ee61d01a2b2bea2b9e01a2a0ae6a16e7	0	198109	player	uade	Ultimate-Soundtracker or compatible	0	82008	dfcc7d78	7b6de4c8	MOD/N/NOTHING.MOD
ee93d387eefa7d837dea0c68ef767c45	1	84616	player	uade	Noisetracker 1.x	0	57892	97c1cdee	68bc1389	MOD/T/TONALEC.MOD
eec0680cc6e07d0a5979da8449edcbb4	1	141162	player	uade	Protracker compatible	0	65112	da61a95c	66013d13	MOD/A/AWESOME3.MOD
eec11086223c05f543b9ac7af2faf24d	1	145623	player	uade	Protracker	0	118958	c0ad0a13	30e7536f	MOD/H/HOUSE9.MOD
eee2959666e68ddf0b05d6aaa0071d9d	1	238197	player	uade	Protracker compatible	0	109540	6d16cff7	e53218aa	MOD/A/ADORE_EM.MOD
eeede2d0fd87799f3d2cea6d22211536	1	115321	player	uade	Noisetracker 1.x	0	97174	4a153251	c81a84aa	MOD/H/HUCKLE.MOD
ef8e30c2a421c1eba94ddb415f83a96c	0	210416	player+silence	libopenmpt	Master Soundtracker 1.0	4	144383	17b736bf	e1243465	MOD/E/EAGLE.MOD
efb1486be4e38ff099b3a5d9bba6a69a	1	226683	player	uade	Noisetracker 1.x	0	135324	7cfe20cf	f360ed0c	MOD/L/LYKKEHJU.MOD
effb992014a55bafcd8f0191f1c85b37	1	247572	player+silence	uade	Protracker compatible	0	219210	640311e8	06ea1966	MOD/T/THEMOTIO.MOD
f03ac2dcad7541e63f3baa929b4f2273	1	84616	player	uade	Protracker	0	108786	4b2e53aa	f537f299	MOD/C/CD.MOD
f04e19322d8136d95857a95e4b21c1b3	1	236996	player+silence	uade	Noisetracker 1.x	0	86016	b08fe2c7	38722155	MOD/H/HOTHEAT.MOD
f04e19322d8136d95857a95e4b21c1b3	1	236996	player+silence	uade	Noisetracker 1.x	0	86016	b08fe2c7	38722155	MOD/T/TRILOGY.MOD
f051713232f45e29f82ae77729b91479	1	69064	player	uade	Protracker compatible	0	106660	f5f5f1d8	72dbf4d6	MOD/D/DALEY.MOD
f058bb803c92c02c6b738ae995fecda5	1	133245	player	uade	Soundtracker II (31 instr.)	0	97676	4d15a903	d0c65162	MOD/M/MON.MOD
f08f21fef7fefc29c8976cd6e7b0b575	1	92048	player+silence	uade	Protracker compatible	0	156952	ec96cc4c	6e1e19ac	MOD/N/NIXMIX.MOD
f0cd6168cbea83046e3a0e474dd4e50d	1	111500	player+silence	uade	Protracker compatible	0	128752	9f15af34	a54cc213	MOD/A/ALOHA.MOD
f0d2b47cdeb895f9cdf189a95633f53f	1	171195	player+silence	uade	Protracker	0	87594	4a4b137f	6ebb0174	MOD/K/KILLINGM.MOD
f14dc9d9a8c2b28fd4d0359c41a918ae	1	363987	player	uade	Protracker compatible	0	214418	090c2a9a	0f0ed51d	MOD/R/REDSECTO.MOD
f1ca1f109aab952e38530e3350c3149d	1	44910	player	uade	Soundtracker II (31 instr.)	0	60672	1841cf24	0deb9589	MOD/W/WIZARD2.MOD
f20a5f5d141a9af94384e48a8f7949fd	1	202349	player	uade	Noisetracker 1.x	0	95818	ee6dfce2	04c31fbf	MOD/S/STRIPPED.MOD
f21a13728c3ba1cf603c3fd2288f9e38	1	15954	player	uade	Protracker compatible	0	30389	4202e578	82893ee3	MOD/U/UNTITLE1.MOD
f2452acfa2611cbea57bc44e59681f50	1	175322	player	uade	Noisetracker 1.x	0	131396	ab320a52	f6a7dcd8	MOD/M/METAL.MOD
f245fa510b74da9097f69e5032a35c6c	1	136440	player	uade	Protracker	0	100834	80152b4a	d7880283	MOD/0_10/4.MOD
f26e8ceb0726293c7b549d0b14b6f4a9	1	99968	player	uade	Protracker compatible	0	103516	42ec34aa	e1c4f51c	MOD/A/AWESOME_.MOD
f2d31ab5c257a22e51089eb70ec834e1	1	322693	player	uade	Protracker compatible	0	148440	be628180	84e9481a	MOD/O/OMEN.MOD
f2dfe5c2730e598f741d4e503ac994da	1	211411	player	uade	Protracker compatible	0	171482	32d1acd9	4bc80f60	MOD/E/ENJOYSIL.MOD
f2ef7aba8aed2c1ae2168966420f3781	1	81140	player	uade	Protracker	0	99616	b35ea96e	9abb5f83	MOD/R/RAZOR.MOD
f33c7960c00bbd78c2ba926042f16a94	1	7796	player	uade	Protracker compatible	0	88734	2480a443	fd1182a7	MOD/E/EINTRO.MOD
f34fd6960181b95030fe04238d7a5f91	1	180607	player	uade	Protracker compatible	0	80006	5ae4d503	c65618ff	MOD/P/PC90.MOD
f3c03fdf806009c453f163af7b33df3c	1	480343	player	ft2play	Fasttracker	8	286346	763ae999	27ed2f5c	MOD/Z/3EDGES.MOD
f3d9212ea228c13335f5832794c58e76	1	230541	player	uade	Protracker compatible	0	126728	779c5e6a	20d48000	MOD/R/RESTRICT.MOD
f3e448d0214d56d698a5b9971bd432cd	1	315017	player	uade	Soundtracker II (31 instr.)	0	78216	4c85039e	a629785f	MOD/C/CONSERTI.MOD
f4acde78e5e414e8b97568f5e15779a8	1	192764	player	uade	Soundtracker II (15 instr.)	0	103068	37c9b8ce	6e50fa57	MOD/R/RATTRASH.MOD
f4af8d99c7fd776e20014ccfe9017be2	0	260571	player+silence	libopenmpt	Master Soundtracker 1.0	4	114246	84eadb21	a512759b	MOD/S/STRESS.MOD
f4e1fabc80d42f304d89840bef4222bd	1	110282	player+silence	uade	Protracker compatible	0	160080	50db6ce8	e8bdad58	MOD/M/MODADDAM.MOD
f500d1485c66b2afe6f218b5f46050f6	1	207493	player	uade	Protracker compatible	0	55882	98b53a84	ebdd505f	MOD/G/GANTAR.MOD
f50271147e1eb5898a42696a41bda573	1	156132	player	uade	Startrekker (4ch)	0	792442	7ca9328b	a6de514a	MOD/H/HOPIT.MOD
f5500dd2de85e5d281318843ff0a0bd6	1	252946	player	uade	Soundtracker II (15 instr.)	0	120248	002575d3	0ecc3770	MOD/F/FAIRLIGT.MOD
f598613a30b0f5164ca62a495e4a3e43	1	319403	player+volume	uade	Protracker compatible	0	211370	6649c5bf	de1e82b2	MOD/W/WILDWEST.MOD
f5d017ace4774b68fc0850ea355aa0f6	1	15472	player	uade	Protracker compatible	0	30115	9b37645d	e26782a8	MOD/U/UNTITLE4.MOD
f5d434dccdb60445674de6c89206920f	1	280134	player	uade	Protracker	0	114732	ffad5167	93e8cdaa	MOD/T/TRANCELA.MOD
f616b042285eabbdce95fda27786b276	1	163647	player	uade	Noisetracker 1.x	0	131446	8db16e5d	1db50fe4	MOD/S/SMOOTHIN.MOD
f6c98e19feca29b47df3ea1859b5d4c6	1	66672	player	uade	Protracker	0	25472	f3d91cc4	eb77efe6	MOD/A/AQUA.MOD
f6fbb3644b08731b0b7540e18bf10c47	1	76920	player	uade	Soundtracker II (15 instr.)	0	89502	8613a53e	0d73ce54	MOD/M/MIX1.MOD
f7351fabe8a8ebd6e05d2a3d3e653f5a	1	307321	player	uade	Protracker compatible	0	162446	e671b4d0	7d9894c4	MOD/M/MCHAMMER.MOD
f79e607ed24629a68b2e5afb5a15d9b9	1	245893	player	uade	Soundtracker II (31 instr.)	0	69424	c8bbb68d	52aed158	MOD/C/CRYSTALH.MOD
f7a22a52fe29fcc3d8cd5c55137043a7	1	238197	player	uade	Protracker compatible	0	56644	8e11d35b	56f8b49d	MOD/B/BLUE_MON.MOD
f834a2d1b94047c1f8d4f58744860c18	1	144136	player	uade	Protracker compatible	0	68350	e7b23549	5cf6baf7	MOD/S/SAVANNAH.MOD
f84ea65cff93fef8c362e50e076b96d4	1	261379	player+silence	uade	Protracker compatible	0	245822	e72c6b02	c2d58cbd	MOD/I/IDOITFOR.MOD
f8f80da6298faa1b89718a9d809fe44b	1	20596	player	uade	Noisetracker 1.x	0	17384	e3126972	424ec5c4	MOD/T/THE5TH.MOD
f9406635d9de5fd93550021e120c0f4a	1	67235	player	uade	Protracker compatible	0	111639	586609c2	5c19ca91	MOD/F/FUNKY3.MOD
f94bc99d409f28b816887a291a45895f	1	261245	player	uade	Protracker	0	85926	b8c8686e	f0df32d4	MOD/S/SHOCKONI.MOD
f99762d4805acddd032d49a83c12258a	1	207493	player	uade	Soundtracker II (15 instr.)	0	71386	bface747	de3a96a2	MOD/G/GAMESONG.MOD
f99d49e0885b1170d932f59a7cd3387d	1	163969	player	uade	Protracker compatible	0	48710	6e330fbf	004b57cc	MOD/L/LAIDBAC5.MOD
fa06cd66b9c7ef734e441824c29bef4a	1	322693	player	uade	Protracker compatible	0	74752	115d151c	028416e3	MOD/D/DOYOULIK.MOD
fa89ff7bba27be8543fb8e49f8b43f81	1	223207	player	uade	Noisetracker 1.x	0	94966	5ffc4a65	c291077b	MOD/O/OXIGIN.MOD
fb068a85801b0f5b9e12bf8dba21825b	1	153160	player+silence	uade	Noisetracker 1.x	0	54654	b214f0a7	43bccfc0	MOD/O/OXYGENE2.MOD
fb120b4560c784efea1494804267ffa0	1	61568	player	uade	Soundtracker II (31 instr.)	0	40146	989ee005	388ea431	MOD/K/KEEPGOIN.MOD
fb6619faef532d636fb406fe61a1841b	1	153721	player	uade	Protracker compatible	0	115050	54f95642	548dc93d	MOD/K/KILROY1.MOD
fb6619faef532d636fb406fe61a1841b	1	153721	player	uade	Protracker compatible	0	115050	54f95642	548dc93d	MOD/K/KILROY1A.MOD
fba5f42461ddafc5ce74541a9281c8cc	1	76920	player	uade	Protracker compatible	0	176152	1a8a42ef	2d4ed069	MOD/I/INSANITY.MOD
fba5f42461ddafc5ce74541a9281c8cc	1	76920	player	uade	Protracker compatible	0	176152	1a8a42ef	2d4ed069	MOD/M/MOD2INSA.MOD
fba8b8fe3806cc224c26ca975cbdf92b	1	57494	player	ft2play	Fasttracker (M.K.)	4	28297	8fda0b52	89f57524	MOD/A/ALLIWANT.MOD
fbd098681ce2ba7411773f781b9570b7	1	214606	player	uade	Protracker compatible	0	215126	23a8aaa7	a0294b85	MOD/N/NOLIMIT.MOD
fbd098681ce2ba7411773f781b9570b7	2	171987	player+silence
fc013e124ea6458176235f779d3585b8	1	172931	player	uade	Noisetracker 1.x	0	90020	406e9d73	ba111b42	MOD/L/LOS.MOD
fc1ad8833fac2ae1e56f920e437930ec	1	143493	player	uade	Noisetracker 1.x	0	47430	cdad669c	0542a4bf	MOD/A/AHAMHEEE.MOD
fc464ba2a4d281ae54a520f50673b9d5	1	161397	player	uade	Protracker compatible	0	214086	2606f4f4	fa950a36	MOD/K/KAOS.MOD
fc65b013039bf9957929f4400f73450f	1	268921	player	uade	Noisetracker 1.x	0	66268	bf6eaae8	633d5853	MOD/D/DINGDUMD.MOD
fda3900964aef845ff65fb03e55955a2	1	263455	player	uade	Protracker	0	141264	66b00e8c	f4021322	MOD/U/UPONME.MOD
fda3900964aef845ff65fb03e55955a2	2	207493	player
fe6d53c19401833665ff3a63d0c68733	1	380284	player	uade	Noisetracker 1.x	0	215298	bc1623f5	7db13a23	MOD/F/FALLMSG.MOD
fe6d53c19401833665ff3a63d0c68733	1	380284	player	uade	Noisetracker 1.x	0	215298	bc1623f5	7db13a23	MOD/I/IVEFALL.MOD
fe6d53c19401833665ff3a63d0c68733	1	380284	player	uade	Noisetracker 1.x	0	215298	bc1623f5	7db13a23	MOD/M/MESSAGEF.MOD
fe78ffe5b290b26ba13457442586f0eb	1	199092	player+volume	uade	Protracker	0	310520	611695ef	a2a2ae86	MOD/M/MARCHING.MOD
fe7da2f6f9a856631d27d05ef214487e	1	261245	player	uade	Protracker	0	68668	26df227a	45c3fb64	MOD/T/TROUBLED.MOD
fea93bb2aff97cf95be654f943290360	1	107645	player	uade	Protracker compatible	0	271536	a2f65bfc	6848588b	MOD/B/BEE.MOD
fee62484187180ac9bc758fa9a27db4a	1	252652	player+silence	uade	Protracker compatible	0	123688	a93ec6ed	e69a7d6c	MOD/R/RVBNT.MOD
fee62484187180ac9bc758fa9a27db4a	1	252652	player+silence	uade	Protracker compatible	0	123688	a93ec6ed	e69a7d6c	MOD/S/STARSCRO.MOD
fee7d4873605748309e7ff977511ad65	1	115321	player	uade	Noisetracker 1.x	0	80814	2065144b	0d104e98	MOD/S/SEXPRESS.MOD
ff1894a15ed96ad7d294ce46f81009fa	1	161397	player	uade	Soundtracker II (15 instr.)	0	73256	2236792f	400dfff8	MOD/M/MDRNTALK.MOD
ff2be2493f82149b4cabc2d7730934ec	1	169093	player	uade	Protracker	0	140514	72064cfa	42a8b3d4	MOD/I/ILLBEWAI.MOD
ff4d2d8e7a0e4bf21202920d007c0d6c	1	242146	player+volume	uade	Noisetracker 1.x	0	111590	d4aad8bb	3a579161	MOD/T/TECHNICA.MOD
ff6f08bc19d6886590d4a41fb9a643d2	1	128121	player	uade	Protracker compatible	0	123742	be9524ae	69a8bfe4	MOD/F/FREEZING.MOD
ff6f08bc19d6886590d4a41fb9a643d2	1	128121	player	uade	Protracker compatible	0	123742	be9524ae	69a8bfe4	MOD/T/TJA.MOD
ff78e74a73c3eeedd2a4f7b19bdcf2a2	1	144216	player	uade	Protracker compatible	0	303946	5e8665aa	7d0d881a	MOD/P/PEICEHAW.MOD
ff9e40c7613d504c274f9e39079be2c6	1	46216	player	uade	Noisetracker 1.x	0	145918	5fa4b64d	00338047	MOD/C/CLAS9.MOD
