000b8115df4f60f5138bcb56a3efa489	0	57993	player	libopenmpt	Digital Symphony	4	21456	c198e789	9056a7a9	DEMO/04/ITSPHENO
003ff5fd61e16d0afda70d513a635dfc	0	163915	player	libopenmpt	Digital Symphony	4	41608	bf2328d5	530d68b5	SOFT/JAZZFUNK1/JAZZOLOGY
005725694829f40e1f710c1350fd5470	0	175969	player	libopenmpt	Digital Symphony	4	231040	958fac58	588197cb	DANCE/RAVE/JJHC
005edb1bbef5e187167f24973a9da678	0	270716	player	libopenmpt	Digital Symphony	4	167612	ea365a97	364efbce	MISC/10/JUSTANIG
0070d4dcca0fb26f0d05e9f0fe72c088	0	118679	player+silence	libopenmpt	Digital Symphony	4	39256	a59c7c7c	1ef62eda	DEMO/02/COMBAT
00717e27de8ae9ae8f3108977f4c72b8	0	61348	player	libopenmpt	Digital Symphony	4	3772	329ebc70	b520e790	MISC/12/MATKAMIE
0077e24365d672a9a0443075f0a625ef	0	141069	player	libopenmpt	Digital Symphony	4	167316	b286096a	b7a700bb	ROCK/HEAVY/THUNDERSTR
00855f0887325a6ac00fd4334203284a	0	92022	player	libopenmpt	Digital Symphony	4	15660	87141b64	bf9a0c6a	QUICK/SMALL/BLEEP5
00865ca476a7f98ae3986995f9294b44	0	56394	player	libopenmpt	Digital Symphony	4	16940	0f1a3291	0ead19f4	QUICK/BEAT/FOTONIA
0087cea72bfe8f46c9aa3d66a364908c	0	414004	player+silence	libopenmpt	Digital Symphony	4	89400	4bf6a437	9842b06b	MISC/15/2010
00a0005ef84ec9d25af38c1e2896df87	0	183892	player	libopenmpt	Digital Symphony	4	94200	d2cc8cad	8d62b2ee	MISC/09/INTERGAL
00a0005ef84ec9d25af38c1e2896df87	1	26839	player
00a0005ef84ec9d25af38c1e2896df87	2	23005	player
00a318f968bbd3551899d1dd85b8a286	0	127010	player	libopenmpt	Digital Symphony	4	63924	156129a7	1f8f9b37	DEMO/05/OBSTICUL
00e147fddcbab8eccca9539df992ff27	0	220710	player	libopenmpt	Digital Symphony	4	63632	d797487d	346541fb	DEMO/02/DOS_1
00f49f9257c188565c7b6e7c6d0478dc	0	159761	player	libopenmpt	Digital Symphony	4	42304	93104e9d	11f98374	MISC/06/CYBRTRNC
00f49f9257c188565c7b6e7c6d0478dc	0	159761	player	libopenmpt	Digital Symphony	4	42304	93104e9d	11f98374	MISC/11/CYBERT
010ba2d8354338bad5608bfd5544ac52	0	192952	player	libopenmpt	Digital Symphony	4	192908	cadcdf3a	0f523f42	MISC/05/AMIGATRK
0131e5e1a58ddbfa8ab39dffc5f788d2	0	268399	player	libopenmpt	Digital Symphony	4	29580	8f7a4188	9e80a0f0	MISC/06/DINGDUM
013567efb250abba43109e4306b0fa50	0	7668	player	libopenmpt	Digital Symphony	4	17168	9ff50615	514a992d	DEMO/04/DEMO1
01378872c9d9b599a7def6a0a5449168	0	149242	player+volume	libopenmpt	Digital Symphony	4	108432	3a066e9b	661ad76c	DEMO/04/FLASHCON
01378872c9d9b599a7def6a0a5449168	0	149242	player+volume	libopenmpt	Digital Symphony	4	108432	3a066e9b	661ad76c	ROCK/SOFT/FLSHCONDOM
014e428c4314c6996fdc33f0eb88884f	0	109616	player	libopenmpt	Digital Symphony	4	239364	fe254475	cafe6536	MISC/15/3
0187fab75196eb484ce858ef48b10da1	0	254979	player	libopenmpt	Digital Symphony	4	86700	26fe10a5	a63a5b1e	MISC/05/ALWAYZ
0187fab75196eb484ce858ef48b10da1	1	1917	player
01b0bade0b1f435ebf0b9d8aeed44cfa	0	342529	player	libopenmpt	Digital Symphony	8	89364	ab4ea573	b9a117c5	FUN/TVFILM/RAWHIDE
01d4a1f8e5967a5e765af1222976e1d5	0	307222	player	libopenmpt	Digital Symphony	4	111064	35951d05	30e3131d	QUICK/BEAT_MAX/ASSAULTIC
020f7bbd2e54f07ea1980d7e11db6dfa	0	190715	player	libopenmpt	Digital Symphony	4	113924	4c886d50	ca438410	DEMO/03/88THAVEN
020f7bbd2e54f07ea1980d7e11db6dfa	0	190715	player	libopenmpt	Digital Symphony	4	113924	4c886d50	ca438410	MISC/15/88THAVEN
0213ab2c485b567a3d9254440ea96606	0	30674	player	libopenmpt	Digital Symphony	4	1408	58a0c622	500d1bb5	DEMO/05/SOWHAT
0217f1ef4e13f592fe3006f141a390d6	0	386771	player+silence	libopenmpt	Digital Symphony	4	282492	44718ac7	efdf271d	SAMPLE/MIX2/MEGAMIX
02290c587e0db2d63c7758260831aa70	0	132921	player	libopenmpt	Digital Symphony	4	33688	6b17ab33	ae8fea46	SOFT/KEYBOARD/HUBBARDS
02548c50c83114ec5f50cd15992069b8	0	253122	player	libopenmpt	Digital Symphony	4	101336	a70baca9	232719e4	MISC/04/CHECKNOB
025da2a6f07152e51960ea39d73c7535	0	268519	player	libopenmpt	Digital Symphony	4	53680	88a19df3	0c24c284	MISC/08/HIGHWAY
02785c7002dd3d61968daf46e92c7689	0	257386	player+silence	libopenmpt	Digital Symphony	4	71108	8f15d813	0fb004b0	DEMO/02/DOS_2
02818d7f1ca339298d198f958c48c55b	0	330401	player+silence	libopenmpt	Digital Symphony	4	122712	bc49f232	a927dd9f	SOFT/PAINO/JN
029225acd5374a4e08c6b8c45414ff02	0	209447	player	libopenmpt	Digital Symphony	4	104248	7f478dc5	c7a07950	SOFT/NEWWAVE/NATIVE
02bd6951de1756ce261b7bfed0ab6f14	0	46011	player	libopenmpt	Digital Symphony	4	16776	86056ccb	153ba644	MISC/06/DRUM03
02c458e955eda3cc2c7f8dbdb1d30e9d	0	44758	player+silence	libopenmpt	Digital Symphony	4	61948	974e6f7a	7149a865	FUN/TVFILM/DRSNUGGLES
0309b9fabbdd141f628e6c872943b192	0	62114	player+silence	libopenmpt	Digital Symphony	4	71832	dfa4e7f1	52d8ca1a	FUN/TVFILM/HEY_DAD
0315b3b0018a256c04c83bee6d669585	0	155820	player+silence	libopenmpt	Digital Symphony	4	89996	a4cb506c	eb658daa	MISC/07/EMOTIONA
032febf0c8a274be248c90f3fe4da0cb	0	197525	player	libopenmpt	Digital Symphony	4	106328	d56fae90	7d6e1f69	DANCE/ACID_TEKNO/JOES10
03428d73563ae4b0a7f7f4e341ddfdeb	0	71992	player	libopenmpt	Digital Symphony	4	45516	41bbf52e	adf468ea	MISC/14/FLYBYWIRE
03811e7b75abcae0085f4b402a3e716c	0	180211	player	libopenmpt	Digital Symphony	4	48576	a954eb40	5350a8c9	DEMO/05/KILROY3
03905b79569104cc00847224e0879ad8	0	283856	player	libopenmpt	Digital Symphony	4	66096	016e6bb6	275aac21	MISC/05/AKINGIS
03905b79569104cc00847224e0879ad8	0	283856	player	libopenmpt	Digital Symphony	4	66096	016e6bb6	275aac21	VOYAGES/EPICSCORES/A_KING
039861c6b5bb346b84508573ac2a15e6	0	264565	player	libopenmpt	Digital Symphony	4	28456	6d192d2b	c507b946	MISC/12/METALWR4
03cd5963feaa1f75bbebb6d77a7cfb2f	0	201539	player	libopenmpt	Digital Symphony	4	49224	0254c637	e55bc560	SAMPLE/MIX/SAUNNES
03ed72241a9d7f4cd3f235b1ed15a584	0	66460	player	libopenmpt	Digital Symphony	4	89240	d190470d	4a1e24f0	MISC/13/SENSE
03f8f84680be302232184389d80c1f1e	0	256897	player	libopenmpt	Digital Symphony	4	66200	ebd0e26f	4601743f	QUICK/POP/MY_DRE
04082338e03147080c9a8e420578bea1	0	341321	player+silence	libopenmpt	Digital Symphony	4	120476	b96b727e	8e913930	DANCE/RAVE/PANDEMONUM
0416baddd7ed112a1b885bf4e6339ac4	0	71453	player	libopenmpt	Digital Symphony	4	43788	08757c97	4861678b	MISC/06/DEEPSPAC
04217e82522925a22a1a459afbe6f1d2	0	251825	player+silence	libopenmpt	Digital Symphony	4	50808	49713d41	23769ee4	MISC/08/GOLDEN
042b14deee46166aa58ada8894707e84	0	143473	player+silence	libopenmpt	Digital Symphony	4	41440	f7978de2	0a4816d0	DEMO/04/VERTIGO
043ff6db2ea3199cbf30dd73edf3b982	0	392494	player	libopenmpt	Digital Symphony	4	28744	27ee0544	d140ab3f	MISC/13/PANIC
046aad67be34964d2938cb4d30a3ce07	0	168708	player	libopenmpt	Digital Symphony	4	48856	2382cf6c	4cd4bcc9	MISC/15/74EASY
046acd7ee7894edd61b1c4e2695fb9ee	0	237725	player	libopenmpt	Digital Symphony	4	69160	8473f32a	08cca36f	MISC/09/IRONTEAR
0470f50719bc6277dd6a28853feee5ae	0	201172	player+volume	libopenmpt	Digital Symphony	4	32360	73d485f6	8100846d	MISC/08/HEAVEN2
04c5f338fc69f275f1bb55bc821a3fb0	0	30674	player	libopenmpt	Digital Symphony	4	16276	8eedd8bf	39f5976b	MISC/12/WIN
04e8a5ffe8f494d6f03078a4d6d54d76	0	246843	player+silence	libopenmpt	Digital Symphony	4	73316	33e288f4	482d7c55	SOFT/JAZZFUNK1/SECRECY
04eae04cdd89128b895ba897bc6cb2de	0	158483	player	libopenmpt	Digital Symphony	4	34736	08eddd15	713e643a	MISC/14/MARILYN
04f565450df6fb4a0d6cb1d0face6925	0	291697	player+silence	libopenmpt	Digital Symphony	4	518248	ce031c33	e43b53d1	SAMPLE/VOCAL/ILL_BETHER
05386c0db88f7a5d9a52f4b9d2091327	0	102247	player	libopenmpt	Digital Symphony	4	57028	97c8f4a3	bd5519a6	MISC/13/RADIOSCH
057231bd0f43e1460448477c0eb27ad3	0	145702	player	libopenmpt	Digital Symphony	4	203024	0c220236	11da2b95	SAMPLE/MIX2/FUNCTION
059a11662810ec663a5c05a6e3e0de9f	0	169307	player	libopenmpt	Digital Symphony	4	74668	e8b628a1	8c5a818b	FUN/FAMILIAR/LEMMINGS1
059c9c5de388aa06e5f746abc627b7c3	0	148698	player	libopenmpt	Digital Symphony	4	62472	2db76682	5e7f51c7	DANCE/ACID_TEKNO/WOOD
05a365322019ba8cb03cc792dbed3542	0	183240	player+silence	libopenmpt	Digital Symphony	4	69860	a02cf871	c9055bae	MISC/02/SPCETRAVEL
05b8cce56977b1c6f9ceecb7c2594594	0	87600	player+silence	libopenmpt	Digital Symphony	4	51560	39360b09	be986ec4	SOFT/PAINO/JAZZY_NORK
05c9dcc88817543ede3ec3917968507d	0	170625	player	libopenmpt	Digital Symphony	4	25168	fd6b80fe	bb84d174	MISC/10/LETGO
05d36380804afb6b20341b2abad0b8e6	0	214719	player	libopenmpt	Digital Symphony	4	39276	84a71240	3a770545	MISC/06/DREAMING
0612069726fb19dc9d2f3b9363fd0e7f	0	184045	player	libopenmpt	Digital Symphony	4	56124	430ee78d	a89fdb22	MISC/03/GROOVE
062b9dea7684f8b3463147535a6451a8	0	207051	player	libopenmpt	Digital Symphony	4	189988	06e6db45	c80d2c07	MISC/06/CRIMEZOH
0658a0e4962f41414933ddef54c294ef	0	143146	player	libopenmpt	Digital Symphony	4	28740	50002042	c197c064	ROCK/CYBER/WOTROCK
0658a0e4962f41414933ddef54c294ef	0	143146	player	libopenmpt	Digital Symphony	4	28740	50002042	c197c064	ROCK/SOFT/WOTROCK
065c7e49eeca275901b213ffe2b1784e	0	165113	player	libopenmpt	Digital Symphony	4	123060	3b5a3e2f	ed728e35	ROCK/HEAVY/GONE
06629f7a86996c9c3b0d75b7ca713d70	0	146421	player	libopenmpt	Digital Symphony	4	166212	72c932b4	35b445f4	SOFT/JAZZFUNK1/BEFUNKY
066964cc6e11169442fd53ef30b26e1c	0	138843	player+volume	libopenmpt	Digital Symphony	4	48244	7ac15616	df385cc8	SOFT/MELLOW2/BRING_
069da5e7da6a8e21d4a0efda7908f6a5	0	299074	player	libopenmpt	Digital Symphony	4	81000	25ac9421	369c9aec	DEMO/04/G6
06a26d0fab9199114e17ec777fe44d9b	0	108979	player	libopenmpt	Digital Symphony	4	134688	0eec74a1	3cde318d	DANCE/RAVE/JOES04
06a2cc15866565a31dc21bd932e55be5	0	179264	player+silence	libopenmpt	Digital Symphony	4	88188	057967d0	0337869d	SAMPLE/MIX/FIRST
06a506b753ec22c5b10bca8b977ebd81	0	227500	player	libopenmpt	Digital Symphony	4	53084	ad528998	f920161f	MISC/12/NEWLIFE
06b288ae23dc37cdbdbba79854ffc679	0	220902	player	libopenmpt	Digital Symphony	4	115568	673aaefc	9a49c406	VOYAGES/SCORES/SEAOFLOVE
06b7a93b7a873d8dfec9732e8ac640b9	0	454207	player	libopenmpt	Digital Symphony	4	218060	95972a5d	d18f645d	MISC/03/TURBOCHRGE
06ce4748fb96244c807f21a584955933	0	380811	player+silence	libopenmpt	Digital Symphony	4	97128	602f9658	6ffbb6af	QUICK/POP2/LIZARD
06f283a8b618f1343274dd8bb8d7171d	0	61348	player	libopenmpt	Digital Symphony	4	37508	71515707	2b504642	QUICK/BEAT/ZBOAB
0713da392cd38e0c1e86d36008b73818	0	365532	player+silence	libopenmpt	Digital Symphony	4	34080	bed9b760	8d70784b	MISC/11/I_BRIN
071709d6956cabfedb02af2a0faca9ca	0	153371	player	libopenmpt	Digital Symphony	4	183572	29b6cad5	f6f1c088	MISC/08/GODSMOD
07305791f042e6ffe9a02c3d10fe114e	0	196023	player+silence	libopenmpt	Digital Symphony	4	75120	688ae3cf	2ed37140	VOYAGES/SCORES/THECITY
073388f957371833c487a961699c61b3	0	163596	player	libopenmpt	Digital Symphony	4	10484	23d8562f	12e56d29	QUICK/SMALL/GREASYDUCK
07da5308658e97cb7186c2bca0cdd648	0	253222	player	libopenmpt	Digital Symphony	4	64792	94a4e763	b58f1e97	SOFT/NEWWAVE/NEWBACH
0800b90328a9b9821f27338725f4ed06	0	51123	player	libopenmpt	Digital Symphony	4	11628	5f219b4c	fa980b47	MISC/08/FRONT
0801aec182f91292df539ca1acd6b059	0	95857	player	libopenmpt	Digital Symphony	4	13056	a616a493	ff41c137	MISC/09/I_VOTE_4
080259897fffdc5b150dd7526ae857ae	0	103525	player	libopenmpt	Digital Symphony	4	54424	ebb792d2	223fddd2	QUICK/BEAT/ONTHEROAD
080460d412feac2f205c27b20df0fa27	0	149537	player	libopenmpt	Digital Symphony	4	130580	7cadff78	5e757071	DANCE/DANCE2/FRENKISS
082f0844371517f30b234d708371689e	0	379594	player	libopenmpt	Digital Symphony	4	95520	9a888c32	015b51f7	DEMO/03/CLASSIFIED
082f0844371517f30b234d708371689e	0	379594	player	libopenmpt	Digital Symphony	4	95520	9a888c32	015b51f7	MISC/04/CLSSFDCR
084ae749fb777cff725fe4df623d094b	0	76685	player	libopenmpt	Digital Symphony	4	47068	78873b69	308e3a29	MISC/05/BUGZDEAL
08529b9da8135fcdebc64968c8d04bc0	0	245108	player	libopenmpt	Digital Symphony	4	271044	5e849d3b	51cde09c	DANCE/DANCE1/SPECTRUM
0864295661c73b2a7613386a7d0ade79	0	156038	player	libopenmpt	Digital Symphony	4	89268	21a0658e	74803663	DANCE/RAVE/SEDUCHC
08b38bd85e135916bf6bdb4c8150bc28	0	275869	player+silence	libopenmpt	Digital Symphony	4	117392	49667ae8	716dc046	DEMO/01/OCCSANGEEN
08b38bd85e135916bf6bdb4c8150bc28	0	275869	player+silence	libopenmpt	Digital Symphony	4	117392	49667ae8	716dc046	DEMO/05/OCC_SAN_
08c80a42018ad742c8a25be1d8cd082a	0	88228	player	libopenmpt	Digital Symphony	4	51700	120531c1	5f662ccc	MISC/10/LETS
08c80a42018ad742c8a25be1d8cd082a	0	88228	player	libopenmpt	Digital Symphony	4	51700	120531c1	5f662ccc	MISC/10/LETSWING
08e89a94138317565cf26db2de30ae3c	0	203217	player	libopenmpt	Digital Symphony	7	20440	8fcdfcad	bd01c80e	FUN/FAMILIAR/ALWAYSOMM
090ae81b0406da944194372d236263a3	0	91701	player+silence	libopenmpt	Digital Symphony	4	16612	abf26f63	713d301f	SOFT/PAINO/PIANOTVA
09193d5ac80799d0b723f8fa556b86fe	0	179073	player	libopenmpt	Digital Symphony	4	64280	df76ff9b	9aaebf60	QUICK/HYPERPULSE/BAD_WORDS
092e63a214f4ef4e17948f2469bc565f	0	270066	player	libopenmpt	Digital Symphony	4	162708	0ca61b78	ad4a4443	VOYAGES/SCORES/BLACK
09629c12338526dd33933458a5d5c547	0	127609	player	libopenmpt	Digital Symphony	4	205772	1c831dea	8d077d64	MISC/09/HOUSEOUT
0982a2700673b0a7bc6750855a469453	0	69017	player	libopenmpt	Digital Symphony	4	100156	339a722b	09032a55	DANCE/HARDCORE/KICKING
098aec9713ac1746e23628375eb7bb2a	0	167670	player	libopenmpt	Digital Symphony	4	94892	4f86933c	95068e90	QUICK/HYPERPULSE/FROG60
09a841c75b2f64d2e16de1cb48bf151b	0	370523	player+silence	libopenmpt	Digital Symphony	4	53592	85a865a9	294d8c3f	SOFT/BLUES/BODVEIZER
09b7fdc20ca489f219e10b32b8c97ad5	0	152894	player+silence	libopenmpt	Digital Symphony	4	71116	44cda9ab	f6d1846d	MISC/04/CIRCUS
09c031af20a27be71e5862319acf3d61	0	117085	player	libopenmpt	Digital Symphony	4	57328	e7224daf	6c18190b	FUN/FAMILIAR/VIEESTROSE
09c9feaa5b3a55ad139e1ad250ec18a4	0	233686	player+silence	libopenmpt	Digital Symphony	4	155192	04c92391	587a6873	VOYAGES/EPICSCORES/ENTERWORLD
09d461c3a288f8962c24388e1b5d390c	0	408750	player	libopenmpt	Digital Symphony	4	51144	eda8ad85	5f105e84	MISC/11/GRASSH
09e1d90dd8308c0759fec350a4f91a27	0	296164	player+silence	libopenmpt	Digital Symphony	4	79992	5f6e5c4c	d1cff457	DANCE/RAVE/INFLUENCIA
0a1604277fb798ef4abb12c0dea8658b	0	201122	player+silence	libopenmpt	Digital Symphony	4	82144	5b5727c6	ec000da6	DEMO/03/3DDEMTII
0a1604277fb798ef4abb12c0dea8658b	0	201122	player+silence	libopenmpt	Digital Symphony	4	82144	5b5727c6	ec000da6	MISC/15/3DDEMTII
0a3a0d148b97c05e448b17fe1eaed5a5	0	297715	player+silence	libopenmpt	Digital Symphony	4	290216	0fff8016	b801d183	DANCE/ACID_TEKNO/VR_MOD
0aa90011dc44f0806fb09acb8bebbaff	0	92022	player	libopenmpt	Digital Symphony	4	27480	542ea31e	be4d2299	DANCE/HARDCORE/DELTA
0aa90011dc44f0806fb09acb8bebbaff	0	92022	player	libopenmpt	Digital Symphony	4	27480	542ea31e	be4d2299	MISC/07/DELTA
0ab24558a8eda066accd74757bd9aa5c	0	138034	player	libopenmpt	Digital Symphony	4	36636	35e0223f	b4c9a31f	MISC/03/HIT_SQUAD
0ab24558a8eda066accd74757bd9aa5c	0	138034	player	libopenmpt	Digital Symphony	4	36636	35e0223f	b4c9a31f	MISC/09/HIT
0ab24558a8eda066accd74757bd9aa5c	0	138034	player	libopenmpt	Digital Symphony	4	36636	35e0223f	b4c9a31f	MISC/09/HITSQUAD
0acb634b84e89d5939b78e91ef71e495	0	57514	player	libopenmpt	Digital Symphony	4	78548	250f2068	fc1dea55	DANCE/DANCE2/DENGULE
0acdf68cde18b453e13ec718c6dfba02	0	98413	player	libopenmpt	Digital Symphony	4	3972	c73aba2e	b7d7dec0	MISC/04/CIPT12K
0ad313130b17ab7848d46e222ca6a992	0	191714	player	libopenmpt	Digital Symphony	4	47168	563a9e5f	f8df2838	MISC/02/NOTHING
0ad3f9b877aa9cb2837305649bbb1b2d	0	161039	player	libopenmpt	Digital Symphony	4	83880	87277598	85eb5f3e	SOFT/KEYBOARD/LABYRINTH
0adc379d091810a96b8ee40afb14db9e	0	264048	player+silence	libopenmpt	Digital Symphony	4	177048	43e08346	1a5d3a2d	SAMPLE/EXPERIMENT/LONDONMIX
0b1df0313ad7eaa538c64ffa73987998	0	245394	player	libopenmpt	Digital Symphony	4	42556	765ae3b7	6b823b22	MISC/02/CRYSTAL
0b2eb07ed499aa3117b9ed2712e65620	0	151631	player+silence	libopenmpt	Digital Symphony	4	36292	4a5e75a4	322fac33	MISC/07/EDELWEIS
0b57398d1502ca17990c24c01eb735c4	0	354848	player+silence	libopenmpt	Digital Symphony	4	54608	e17f3f8b	aa3f4487	MISC/03/HYSTERIA
0b5edfd091047e77c0c5cd62585bf44a	0	84354	player	libopenmpt	Digital Symphony	4	7116	85e819e3	60e5353e	QUICK/BEAT_MAX/MAGIC
0b9db91e8ea08d87c7b7b327d29c71cc	0	224465	player+silence	libopenmpt	Digital Symphony	4	114404	68b8fd03	d11ad619	QUICK/BEAT/GRYFUNK
0b9db91e8ea08d87c7b7b327d29c71cc	0	224465	player+silence	libopenmpt	Digital Symphony	4	114404	68b8fd03	d11ad619	QUICK/POP2/GRYFUNK
0badf39f3e9da52e173deb6bc903821a	0	110196	player	libopenmpt	Digital Symphony	4	62652	b7af0b48	ec542c1d	DANCE/ACID_TEKNO/TEKKNISCHQ
0bbe61e5feca76a1db2154ddd7cd6da2	0	293242	player	libopenmpt	Digital Symphony	4	150824	eeb92e15	a808a520	DEMO/01/GAMESCORE2
0bccc356051b7db9d5b6c6b831cc4ec3	0	152093	player	libopenmpt	Digital Symphony	4	89956	b444792d	1a1e8dc7	SOFT/MELLOW/SONICCITY
0bd1ccab02d1e3d76937d3c7ddab29bc	0	297201	player+silence	libopenmpt	Digital Symphony	4	73896	a228c921	202e94c1	MISC/12/THEPIT
0c08da8d2ffa64e8430ef63d541a9f86	0	344178	player	libopenmpt	Digital Symphony	4	295292	4256a72a	cce1e409	DANCE/DANCE2/HEAR_ME
0c5e7f1159d0a864a85fe168803b73a7	0	320801	player	libopenmpt	Digital Symphony	4	173912	1e1dd47b	070be481	ROCK/CYBER/HARDCORE
0c5ec57f92cbe3720e2e3ec6a8719ca2	0	245394	player	libopenmpt	Digital Symphony	4	48740	f0500efb	0a74bf67	QUICK/POP2/ALONE_
0c631a5fb2357d768ce38a5a190bbdb7	0	219704	player+silence	libopenmpt	Digital Symphony	4	93448	6ffb5d78	5f4da4c1	FUN/JOLLY/SEADOG
0c6af0ccb854c401f34f83246bc240b0	0	300676	player+silence	libopenmpt	Digital Symphony	4	85456	8cf7f87b	a7c12ca0	DEMO/01/FOUNDATION
0c6fcb68e3009ec9b3433b30362539da	0	30674	player	libopenmpt	Digital Symphony	4	21072	ffdae4c6	064aa225	DEMO/03/FLYWORLD
0c84a855454ec5b096c1a20948c60c5b	0	122697	player	libopenmpt	Digital Symphony	4	25800	c291116d	42a74850	QUICK/POP/SPEEDSTO
0c9f57eec9419cecf28afcb161631fe4	0	230087	player+silence	libopenmpt	Digital Symphony	4	194828	50e70149	57b6e970	SAMPLE/MIX2/SUCKERS
0cb2d4aee4e0e690cd6ef823c6b73966	0	57514	player	libopenmpt	Digital Symphony	4	74596	104a99d9	ce8f1f9b	SOFT/JAZZFUNK2/FUNKY
0cca9a97cb06de14bbccd89fcb475973	0	201803	player+silence	libopenmpt	Digital Symphony	4	40120	ea650e7a	64bf88b6	FUN/FAMILIAR/CROCKET
0ce8458413b1121b78145cdab8cd0fcb	0	161039	player	libopenmpt	Digital Symphony	4	65648	b74900e1	3d75d45c	MISC/13/TITANIA
0d0aa64e4fc419d3a0e8cdef191e5051	0	258447	player	libopenmpt	Digital Symphony	4	60864	7fde78dd	a74d6e1a	MISC/15/100YARD
0d0aa64e4fc419d3a0e8cdef191e5051	0	258447	player	libopenmpt	Digital Symphony	4	60864	7fde78dd	a74d6e1a	SOFT/JAZZFUNK1/100YARD
0d49ddd8bb459124ee52c7652f5a54be	0	116171	player+silence	libopenmpt	Digital Symphony	4	153332	a369b2fe	1478aee3	SOFT/BLUES/JUST_BLUES
0de6736316fffa1ded4affd694f0a7f7	0	236499	player+silence	libopenmpt	Digital Symphony	4	47760	60c526dd	867d03a9	SAMPLE/EXPERIMENT/TRILOGY
0def1da8d01629b9f2a6ff29105db602	0	321537	player+silence	libopenmpt	Digital Symphony	4	202140	e31afab5	916dac79	DANCE/RAVE/SOLXMUST
0dff3598956d9e64acdf97f61e805416	0	325271	player+volume	libopenmpt	Digital Symphony	4	239824	f887c394	6f08ecc2	DANCE/RAVE/MOREPOWER
0e0b8017100c22e55afb6fca0a7d455f	0	196332	player+silence	libopenmpt	Digital Symphony	4	58084	32c1f9b0	be637285	VOYAGES/SCORES/HYBRIDIZ
0e1500bf6ffbb13d57a9a6902f49fad1	0	117584	player	libopenmpt	Digital Symphony	4	34996	1b3fe1df	1ce6a595	QUICK/BEAT/LIOTH
0e165bbb9c41402ae65569a9efe2c21e	0	316775	player+silence	libopenmpt	Digital Symphony	4	128208	939cac2a	f4dbfe2d	DEMO/02/VICTORY
0e1a908526b30f6e608e29464e4420b5	0	224145	player	libopenmpt	Digital Symphony	4	103508	b8e09069	547b5e34	QUICK/POP2/MAGICM
0e20c4eaf40cf4245a428c8a0c5cdbc0	0	216354	player+volume	libopenmpt	Digital Symphony	4	89592	3e2722c0	afda991c	MISC/09/JUMHOP
0e4bea4990f173a6dc34e8a19249642d	0	192109	player+silence	libopenmpt	Digital Symphony	4	95464	bb685544	2867fef1	SOFT/BLUES/FREEDOM
0e4c30a969e8ef66d6b57bbc2f633be3	0	145702	player	libopenmpt	Digital Symphony	4	61636	b8e242f9	1b41402a	SAMPLE/MIX/INTO_SND
0e547585e7fdb4718935f2546db309e6	0	84197	player+silence	libopenmpt	Digital Symphony	8	20276	cd633ca7	7247bef0	FUN/TVFILM/MISSMARPLE
0e630e8b5a6d42c8cc50fae78d3df338	0	279044	player	libopenmpt	Digital Symphony	4	180712	5e3cf999	56b22b1a	MISC/13/NINJAWAR
0e66f26007c7e9fae422418f0c3a3daf	0	220471	player	libopenmpt	Digital Symphony	4	65204	62d877a7	46cf5c11	DANCE/HARDCORE/JUSTFEEL
0eb8b87a35f0a3d7d429afa52d831224	0	92022	player	libopenmpt	Digital Symphony	4	38512	79ab0d3c	b7f7b5a3	MISC/02/ACKERLIGHT
0ed4db51e4a3cf0dce9804b707ec11e0	0	337499	player+silence	libopenmpt	Digital Symphony	4	102976	b96151b5	6afc408d	ROCK/SOFT/CHOSEJESUS
0ede12cd70d46f58f74373ff65517ad9	0	260015	player+silence	libopenmpt	Digital Symphony	4	137300	949df227	409d6943	VOYAGES/SCORES/RUN_OF
0f1642a2685889447081e0216b7a3d46	0	268403	player+silence	libopenmpt	Digital Symphony	4	263464	4a9e67ef	05e86637	DEMO/03/BEYOND
0f26052ff7f617c56e4dfc77a3789703	0	249878	player+silence	libopenmpt	Digital Symphony	4	74720	4342d252	7d0825c4	MISC/07/FAIRLIT1
0f566924639de272358b234255113455	0	220370	player+silence	libopenmpt	Digital Symphony	4	109392	c42c21cd	71e3466c	SAMPLE/MIX/BARBRIAN
0f56e54ccefa2d5b59cb91d92d53ecd2	0	127809	player	libopenmpt	Digital Symphony	4	193464	93b3c44e	223f1fd9	ROCK/HEAVY/TRISTAN
0f630baddeeefef0af1b7739cb95f857	0	136117	player	libopenmpt	Digital Symphony	4	103792	72d92799	c239c8cd	DANCE/RAVE/KEEPBUST
0f63793081b28fa8a8326d4919641c19	0	280917	player+silence	libopenmpt	Digital Symphony	4	29788	90e1c607	0e94f7bb	SOFT/MELLOW/TEDLONGMIX
0f6e4c181bb39121e4804c584b7f960a	0	177457	player+silence	libopenmpt	Digital Symphony	4	171508	d8abfd5e	5b0433a9	MISC/08/GETDOWN
0f6e4c181bb39121e4804c584b7f960a	0	177457	player+silence	libopenmpt	Digital Symphony	4	171508	d8abfd5e	5b0433a9	SOFT/JAZZFUNK1/GETDOWN
0f9050f61db8f353e357fe8de7530813	0	256784	player+volume	libopenmpt	Digital Symphony	4	125828	e413a53f	a966ff6d	MISC/06/DEAD
0fb0b4031553873c3e3e4a2acb5d9374	0	200341	player	libopenmpt	Digital Symphony	4	43536	2db2dad1	e36a197a	MISC/05/AD_1991
0fb389ae0837ae2775a464eb6abc6e73	0	165958	player+silence	libopenmpt	Digital Symphony	4	55852	080a1496	a7636fe7	VOYAGES/SCORES/MOONLIGHT
0fcfd1b1d788852a4ba3ef39a8bb23f9	0	138034	player	libopenmpt	Digital Symphony	4	23164	5abd70ef	1d8f2abd	DEMO/03/BALL_2
0fcfd1b1d788852a4ba3ef39a8bb23f9	0	138034	player	libopenmpt	Digital Symphony	4	23164	5abd70ef	1d8f2abd	DEMO/03/BALL3
100eff1b2e7ccc4a94f6646cfc08f62e	0	383208	player	libopenmpt	Digital Symphony	4	51164	3d4b208f	72f20cc0	MISC/06/DRAGONS2
101e3a0ad03ca92f4cd3d3235a2e3f78	0	161039	player	libopenmpt	Digital Symphony	4	37684	43d1ec83	0d89623c	MISC/12/MDRNTALK
10209a50095fca89b23df0c351a2285d	0	269757	player	libopenmpt	Digital Symphony	4	117756	a954976b	1285753b	SOFT/JAZZFUNK1/FLOWERPWR
102aac42eedda8bd3903d7d8708006bb	0	81798	player	libopenmpt	Digital Symphony	4	4132	e355d0f6	459147d9	MISC/13/PURPLESH
1051b86a4a0b4ef19dd1323bb64c4047	0	213276	player+silence	libopenmpt	Digital Symphony	4	156680	9c49bc5a	765191c6	QUICK/BEAT_MAX/SYNCV
106272d4d0d28169330689815e71c572	0	194969	player	libopenmpt	Digital Symphony	4	59460	638b2b63	cd0aebbd	FUN/TVFILM/REDDWARF
107fe864e4fc84c164f4767e5fec0d35	0	172489	player+silence	libopenmpt	Digital Symphony	4	111428	53a8742e	c4116232	MISC/08/GLORIA_B
1087f0e80d13295ca2f14a6eee420b1e	0	199382	player	libopenmpt	Digital Symphony	4	40560	1e77dac5	59ed0d07	QUICK/BEAT/MAD_MAZE
10a90136742954980e0ea3d590fe6bbc	0	199382	player	libopenmpt	Digital Symphony	4	149192	28b398ae	ebc9deb4	MISC/09/HUMAN
10e8ee6182be8f57ec2905d69ef930d0	0	92022	player	libopenmpt	Digital Symphony	4	67528	2844d9d0	386e19e5	MISC/06/DANCEDAY
10f2ac940b8922078bf77705b310e32a	0	51123	player	libopenmpt	Digital Symphony	4	9652	e9e3ad67	9cce007f	QUICK/POP/MONDAYMO
10f39ccaef8964985d7b6df7bda2d7f1	0	206179	player	libopenmpt	Digital Symphony	4	187220	0e1db810	e1acfaef	DANCE/HARDCORE/SUICIDAL
10fbd3103c25e77899be976e4628a76a	0	214719	player	libopenmpt	Digital Symphony	4	70824	02a2b640	51826282	MISC/02/DEMONLITIE
11202833fe309d664334aa8aa377755d	0	162813	player+silence	libopenmpt	Digital Symphony	4	72832	576647fc	c1b857fb	SOFT/JAZZFUNK1/LIBERATION
112448dffdde94cd12c5d4c6aa02e0db	0	164679	player	libopenmpt	Digital Symphony	4	65208	da93bcdf	4834d8da	VOYAGES/SCORES/FUNERAL
1126e32fc2fa7944b37a93ab4d356b7c	0	262089	player	libopenmpt	Digital Symphony	4	83600	e2d1c7da	6c67385b	QUICK/POP/PARTY_
112a0fe3c34cba479de8458feb21fa48	0	18629	player+silence	libopenmpt	Digital Symphony	4	43768	29b93f78	c433604a	MISC/11/STEREO
112d76e7f1ec0d8ff7c57d2ed56a543a	0	61348	player	libopenmpt	Digital Symphony	4	18796	b74d0cf1	d38589bd	MISC/02/TNT2
11347d54848ba141d774928e6af6139c	0	140590	player	libopenmpt	Digital Symphony	4	33656	0dcca573	87dfb67b	MISC/12/IT
115d036c84c0af67d0e165a0ecd69fa7	0	99691	player	libopenmpt	Digital Symphony	4	6904	cbb8eda0	06507d32	SOFT/MELLOW/PUCKO
1165da9eaf2157c0b7e2b21d0dca7f64	0	237725	player	libopenmpt	Digital Symphony	4	79696	3301cbb8	28bd317e	QUICK/PULSE/NUCONTROL
116a62a6798a59f3cd9a95235601a75e	0	251784	player	libopenmpt	Digital Symphony	4	112852	a36893b8	744ccfa8	QUICK/POP2/LOUD_C
116f4e70f8085160b00ac2af2a57861d	0	230057	player	libopenmpt	Digital Symphony	4	119832	28792955	81efb7ea	MISC/08/HIGHLAND
11a7b6de0089051794944890368707ff	0	145702	player	libopenmpt	Digital Symphony	4	116232	3ace7d96	620c73de	MISC/12/MEGALOMA
11bcabf2cc1d2955de2f699f3e6076a7	0	289129	player	libopenmpt	Digital Symphony	4	103240	e50e39e2	ba2a5a48	SAMPLE/MIX/RADIOEXRST
11d478e333da06b90c6a91175935c74e	0	119121	player+silence	libopenmpt	Digital Symphony	4	61656	988bfad1	2161eb29	MISC/09/HOTBITS2
12091d215ac0150e6cb250059902244d	0	275505	player+silence	libopenmpt	Digital Symphony	4	74992	733d1846	068e8aaf	DEMO/04/ZINEIV
1222220dc36df897b9ac82b1830e83df	0	153371	player	libopenmpt	Digital Symphony	4	28604	e8486f56	f5e9d548	MISC/07/ENOLAMIX
1251b1ec47164670ed7c2f9c2a9d80e9	0	245002	player+silence	libopenmpt	Digital Symphony	4	143408	7293685d	55a440c6	DEMO/05/NUMBER3
1256b8d2855f3f06c922f7cf41058330	0	155168	player	libopenmpt	Digital Symphony	4	8260	edbf94be	908688fb	QUICK/SMALL/CYTAX
127cb984b62a90e683b7c79b04a17991	0	120505	player+silence	libopenmpt	Digital Symphony	4	162792	92d25e42	daa377a8	MISC/07/FEELREAL
129e6dc9f86f5812a6c7162aa19f2e1f	0	122697	player	libopenmpt	Digital Symphony	4	4080	7b63b9e7	1f1622d1	QUICK/SMALL/BEMIX
12a9f649ca80e800176292949d9fd656	0	92022	player	libopenmpt	Digital Symphony	4	51064	8e49f498	89740b38	FUN/FAMILIAR/LEMMINGS3
12c6223015eadc8b0da09e86115da172	0	332999	player	libopenmpt	Digital Symphony	4	62604	1dfdbd85	7879026b	ROCK/CYBER/HARVESTERO
12c7dc3e7586d78b6bf250a850478e64	0	380547	player+silence	libopenmpt	Digital Symphony	4	42156	e4a4871c	a2bf403a	MISC/03/LETSPLAY
13283086243aa4aea414f10e649c37fa	0	107359	player	libopenmpt	Digital Symphony	4	27452	5f7e7ce0	50b0272c	DEMO/02/ARSENIC
1346f82871e2cb906b1d77a7c9ead284	0	325311	player+silence	libopenmpt	Digital Symphony	4	47376	d78912b3	1372bc87	DANCE/HARDCORE/LEPERMESS
13839f134cbb58b2b7e53cb111ffd5f0	0	283242	player+silence	libopenmpt	Digital Symphony	4	53692	68955e1e	cf20c460	MISC/09/I_NEED_U
138b1454af1ef47ba4b5774e109717e5	0	288656	player+silence	libopenmpt	Digital Symphony	4	156436	d74a7c25	884ab2cb	SAMPLE/MIX/ASYXTASYN
13990d77093d708df587786d7aa6441f	0	218875	player+silence	libopenmpt	Digital Symphony	4	28916	af05a82d	153cc79b	DEMO/03/TERRANO
13990d77093d708df587786d7aa6441f	0	218875	player+silence	libopenmpt	Digital Symphony	4	28916	af05a82d	153cc79b	QUICK/POP/TERRAN
13a881def51c7af184103c8e6904c821	0	76685	player	libopenmpt	Digital Symphony	4	34396	55157d47	4189260b	MISC/08/HIPHURRA
13c79fd2eeec997c0d0491fb7d63c0b5	0	126351	player	libopenmpt	Digital Symphony	4	72120	2b156588	945cf781	QUICK/BEAT_MAX/NUTOPIA
13c80240ecdf9f2b95b9d28d923cb4c2	0	110625	player+silence	libopenmpt	Digital Symphony	4	94584	98529209	0888dbe8	SAMPLE/MIX/HOUSERULE
13d738d03e8a32188a28ba719f6ffefd	0	99691	player	libopenmpt	Digital Symphony	4	62636	55e1f1df	3ce9e452	MISC/14/AUSSIEFOOT
13faea6712eff0de6722fde78d6b1de7	0	46011	player	libopenmpt	Digital Symphony	4	13436	5a09fea4	3751faa6	VOYAGES/SCORES/MELODRAMA
14458371b9d8c59ce82a38efbab019ed	0	108026	player	libopenmpt	Digital Symphony	4	15404	a323da59	accc2c74	SAMPLE/EXPERIMENT/PCP
1460b6b2d620c3c06810bf5ce310e82e	0	265707	player+silence	libopenmpt	Digital Symphony	4	60212	e9c2bdbb	f2ab37c6	DEMO/01/ICEMACHINE
14681576f2d857688d57d240bbb83cc0	0	58792	player	libopenmpt	Digital Symphony	4	6932	2b8768b3	f798890f	DEMO/03/THESUN
146c00178f2104cec2f0b7893b7f15b8	0	122177	player	libopenmpt	Digital Symphony	4	36760	30450766	c9aafe55	DEMO/03/BALL_3
146c00178f2104cec2f0b7893b7f15b8	0	122177	player	libopenmpt	Digital Symphony	4	36760	30450766	c9aafe55	DEMO/03/BALL4
148af7f93fb774ec655b2660a0156c3f	0	91507	player+silence	libopenmpt	Digital Symphony	4	43936	ede78a83	64f5f010	ROCK/HEAVY/SHORTROCK
149c28ab7d205e4a6d2265eb262f6e65	0	83076	player	libopenmpt	Digital Symphony	4	9836	dc3a965d	2106f4b7	MISC/09/INTROMUZ
14c35ed641a52f3c2be39f0cbd98a9f1	0	196881	player+silence	libopenmpt	Digital Symphony	4	41048	9ad6a797	0b1c23a2	FUN/FAMILIAR/LOCOMO
14c818dc5578cd211e88e7d82f733da8	0	587999	player+silence	libopenmpt	Digital Symphony	4	81940	207245ab	9a275e77	MISC/08/FOREVERA
14cba5fa6c02d88cf985324bc3514a28	0	46011	player	libopenmpt	Digital Symphony	4	33308	3ef74509	c4e376e8	SOFT/MELLOW/FANTASIES1
14d174162496e89cbfa3454071c91d45	0	56236	player	libopenmpt	Digital Symphony	4	19908	f6cdf2d2	1c0f2e60	MISC/01/TOO_BIG
14d2d3274eb4b42cd1a11e4b441cd904	0	149846	player	libopenmpt	Digital Symphony	4	89820	05b7781d	bbf7c2ea	SAMPLE/EXPERIMENT/TEKWURST
14dcaec442d1b0230a3d26fe83c3ccc4	0	302178	player+silence	libopenmpt	Digital Symphony	4	106504	6c27c175	e3ddb088	QUICK/POP2/KINDER
1526b05cffc69ed18fa1c4b6cd5188aa	0	252863	player	libopenmpt	Digital Symphony	4	109036	6ec286b4	956f060d	QUICK/POP2/DIRTY_
15297fa8d5bcd2f7c02e892e83c221af	0	232986	player+silence	libopenmpt	Digital Symphony	4	107696	71f3910a	74cddd23	SOFT/JAZZFUNK1/BEETLE_FNK
15959eb6e13bba07329861ec2d267cc5	0	427485	player	libopenmpt	Digital Symphony	4	138644	3f32718b	43ad871a	MISC/06/DEDICT
15a79dd9f08499e0b4ce97b6a0442bf2	0	155288	player	libopenmpt	Digital Symphony	4	70320	81f75700	f1abc75b	SOFT/NEWWAVE/HELMET
15b3941e2ac4132e5aab932067204f98	0	263266	player+silence	libopenmpt	Digital Symphony	4	246456	0cdc2e71	52632c72	QUICK/PULSE/INFINITY
15e16ae1b69be7356aebd96b10936ac0	0	127745	player+silence	libopenmpt	Digital Symphony	4	211148	eb48e833	8658afe8	SAMPLE/VOCAL/BATDANCE
16085dfb598554b5da46b322c7261189	0	222388	player	libopenmpt	Digital Symphony	4	67184	37482f41	57a20a54	MISC/04/CHANEL42
16183faecc6dc4442cc17bcbb25b8c9e	0	46011	player	libopenmpt	Digital Symphony	4	42932	b3490c9a	9c8ffd4b	DEMO/03/FOOTBALL
1638bafbdee232d9753abda31e92ca1f	0	201763	player	libopenmpt	Digital Symphony	4	42876	67006781	1d5ebbf2	DANCE/RAVE/CHERRY
1667fc29dcdcb7db100d5d3630cb41a4	0	134984	player+silence	libopenmpt	Digital Symphony	4	79736	f1933461	7e364eb7	MISC/02/LIFEPHOBIA
1667fc29dcdcb7db100d5d3630cb41a4	0	134984	player+silence	libopenmpt	Digital Symphony	4	79736	f1933461	7e364eb7	QUICK/POP2/LIFE_P
166d7cb3d0cb1a6846bf75f57c6dae35	0	196507	player	libopenmpt	Digital Symphony	4	75212	95eb042a	e7cded77	SOFT/NEWWAVE/INGENANING
166f8a150fff4a971c40d04d386eed41	0	238030	player+silence	libopenmpt	Digital Symphony	4	114676	ea69d583	955bb33d	SOFT/KEYBOARD/ELECTROD
167609408cb48dc06fb570d902fe49b3	0	363714	player+silence	libopenmpt	Digital Symphony	4	140128	84d0c348	368c5195	ROCK/HEAVY/CORTOUCHKA
169310a012780c5000a5b98446ab927e	0	211124	player+silence	libopenmpt	Digital Symphony	4	70748	61933ba4	35088c04	MISC/10/LIVINSIN
16952f04c134e9dde4a2879ba085b596	0	156164	player+silence	libopenmpt	Digital Symphony	4	94004	774e9d27	39f1b009	MISC/11/STOLEN
16a4e34c8fc8909379d0b8ee37d1d6ae	0	83240	player+silence	libopenmpt	Digital Symphony	4	104460	99ca3adf	d5265825	QUICK/POP2/BLIND_
16b393df0b8190d81a31531955c95cc4	0	153371	player	libopenmpt	Digital Symphony	4	31616	b4c7dd15	e293d00b	QUICK/POP/TEARDROPS
16f2b0478c63f909cb90dcbe05af4aad	0	437108	player	libopenmpt	Digital Symphony	4	80620	da5e579b	5ce05bb7	DEMO/02/ALGRHYTHMC
1715bc094d34e64fa4c6452b31afefef	0	252135	player+silence	libopenmpt	Digital Symphony	4	102684	5e5a660b	81479220	MISC/11/CHRUSH
17229ba7b45aa29209dfa09b2dde4bd0	0	51123	player	libopenmpt	Digital Symphony	4	11772	b4bbde3e	88e73dc6	DANCE/ACID_TEKNO/INTROFRONT
173d592cf31e8ed532be40f047f5d251	0	105442	player	libopenmpt	Digital Symphony	4	7888	2b9fed98	c987e179	MISC/14/SUMMERPA
17414378a0e45c240107834c02251726	0	165513	player	libopenmpt	Digital Symphony	4	51604	386c57eb	97d0532c	SOFT/KEYBOARD/CRACK_EGGS
1755023192a845d5948f781258d2d8aa	0	287077	player+silence	libopenmpt	Digital Symphony	4	112576	63f6672e	4f3c3326	DANCE/RAVE/DEADEARS
176a9a1eefb28700d6f16f20dd7d0fcc	0	40899	player	libopenmpt	Digital Symphony	4	31448	8a3905ba	11142ec1	MISC/14/RUSTIG
177400eb532edf8ecc92e07036f0e135	0	260837	player+silence	libopenmpt	Digital Symphony	4	146832	83acb0a5	4a9745e3	MISC/12/MAYDAYRE
179475b15c032000dd94192a76e5e9e9	0	234494	player+silence	libopenmpt	Digital Symphony	4	150680	060ba1f0	c0f2352b	DEMO/02/LEEDSCREW
17a12fe3e4837d16c9fd054881bf10d0	0	306742	player	libopenmpt	Digital Symphony	4	277088	3fd0a89e	d4402d88	SAMPLE/MIX2/JBROWN2
17b861974e366271672488f1eccdfd45	0	236367	player	libopenmpt	Digital Symphony	4	123464	f4eb371d	8133c0ba	ROCK/CYBER/GLOBALTRSH
17b9d61039544ac8cf600c53ea322619	0	283737	player	libopenmpt	Digital Symphony	4	44608	6d697ecb	d71a8ff1	MISC/14/ANCHOVIES
17d5d2d49714ecbed16ab0ccadf31644	0	115028	player	libopenmpt	Digital Symphony	4	81576	21fffea2	e332dec8	SAMPLE/VOCAL/I_FEEL_IT
180a9a93b2c2c7459be40c9c485f81fa	0	278068	player	libopenmpt	Digital Symphony	4	197176	1a60f007	6085aa3a	DANCE/ACID_TEKNO/WELCOMETTF
183553d9984fee3835b954cb115ae95d	0	248789	player+silence	libopenmpt	Digital Symphony	4	158404	1b7e7a0c	f20110a8	DANCE/ACID_TEKNO/DARKANGL
18383f6f3c3b28e53bbd79c6ab3b7211	0	84354	player	libopenmpt	Digital Symphony	4	4984	81ccc648	cc22ca06	QUICK/PULSE/PIP_5
18384827b793240354bc090c0c015b26	0	89466	player	libopenmpt	Digital Symphony	8	20704	f9904da4	bafb6ed1	QUICK/SMALL/BARRELRAG
1851baaa0a134fa5bca0edb4724325c2	0	226111	player+silence	libopenmpt	Digital Symphony	4	71424	4c922a57	cc5fcc39	MISC/06/DEEPRED
1851baaa0a134fa5bca0edb4724325c2	0	226111	player+silence	libopenmpt	Digital Symphony	4	71424	4c922a57	cc5fcc39	VOYAGES/SCORES/G4
18786888db1a1b1ce4eb6810abb88604	0	112771	player	libopenmpt	Digital Symphony	4	64532	fd1e9cff	4876ddda	DEMO/02/VIRTINTE
1898c4e2eb092998be0c64b5afe5e005	0	452445	player	libopenmpt	Digital Symphony	4	64580	df00a32d	e4dc28cf	MISC/12/MADNESS
18ea367e3b0cf9d4287543269efcf789	0	268257	player	libopenmpt	Digital Symphony	4	55924	b11e5a65	2aa4b92a	SOFT/PAINO/PIANOLLA
18f1208a0aa2572f5828d07f862fa672	0	222388	player	libopenmpt	Digital Symphony	4	42852	221d1925	9977766f	QUICK/POP/MASQRADE
190055d653eeee1a6e0b8cb9c1786df3	0	26839	player	libopenmpt	Digital Symphony	4	5740	6d8b3e78	1cfb1228	MISC/09/INORG
1931a3d255f9f2a9a62d56e280142a26	0	288312	player+silence	libopenmpt	Digital Symphony	4	134492	03d89cec	66f79916	MISC/11/FOOLIS
193282596c11f8b9549f5d1d5b8f34ec	0	92022	player	libopenmpt	Digital Symphony	4	61512	4995f25a	600ab437	QUICK/BEAT_MAX/MUSICDR4
1995f8161f5c65046fbbf6a974dff98d	0	76985	player	libopenmpt	Digital Symphony	4	39460	a5f09aa9	7447f24c	FUN/FAMILIAR/LEMMINGS2
19b5ce058b25463ba8bcec9920b97194	0	121727	player+silence	libopenmpt	Digital Symphony	4	42748	51d9af0f	161bb619	MISC/07/DIABLO
19c15dfa27425bfacca6a5f575efa925	0	179759	player+volume	libopenmpt	Digital Symphony	4	117888	3ef65ac4	9b41e243	DEMO/02/TAIPAN
1a3fd4148a4b8242a15b810557b166e3	0	72851	player	libopenmpt	Digital Symphony	4	24500	0f9ac5d3	888528c1	SOFT/PAINO/PLINKER
1a51a74348ddb579917a0ace908e7662	0	101055	player	libopenmpt	Digital Symphony	4	115752	442ed307	cdb3a2e1	DANCE/HARDCORE/BSTORM2
1a68bf62f8922a6dbe9e993df7da3ef8	0	256611	player+silence	libopenmpt	Digital Symphony	4	112312	c030da8a	5250b9ac	SOFT/MELLOW/JAMBORDEE
1a88d62f4f7144f7d6f2d7fcbc3667ca	0	140191	player	libopenmpt	Digital Symphony	4	64272	8e872b0c	b012f0f5	SOFT/JAZZFUNK1/GOLDRETURN
1aa750075d3e2fa639d3fad45dbaecb0	0	372520	player	libopenmpt	Digital Symphony	4	162904	2668d337	1197f6f8	QUICK/HYPERPULSE/LOVE
1aadcd68507110a2f30be5a1e1e388ef	0	143248	player+silence	libopenmpt	Digital Symphony	4	68484	0fc84eac	71946ffb	MISC/13/NIGHTJAZ
1ab3c2bb458d0274bc2625703970e0ee	0	129419	player	libopenmpt	Digital Symphony	4	79648	59f17920	87797803	DANCE/RAVE/FASTERMIX
1abefe687589f1e469c801e4b00ed6aa	0	268399	player	libopenmpt	Digital Symphony	4	112120	26461bc1	16b58e8f	MISC/13/NINJRABB
1ac6635e9150943212f683dac3bf1375	0	204495	player	libopenmpt	Digital Symphony	4	56888	d59e2543	af80e20f	ROCK/HEAVY/VIOLENT
1aca4b0861e702b6fef7c143013d0e73	0	71573	player	libopenmpt	Digital Symphony	4	26740	0aa4cb89	f47c4d94	MISC/13/WHISTLIN
1acd5092f548effe8ade2696fa8cccca	0	168933	player+volume	libopenmpt	Digital Symphony	4	21064	d226bfa8	51c87479	SOFT/STRING/LOSTINPAST
1ad1f8eff9edc3a89b3351538ef27975	0	15337	player	libopenmpt	Digital Symphony	4	22672	5e6f9580	dfe37886	MISC/06/CRYSTAL
1adbce123e8f4baccfa8439ae07a98d9	0	369792	player+silence	libopenmpt	Digital Symphony	4	141268	1e6f52aa	35b02262	DEMO/01/MELODIESII
1ae6b419b0cbd8c222a9d91a461348e4	0	130365	player	libopenmpt	Digital Symphony	4	27972	e64ae7e9	e1333e0b	MISC/12/JAGFUNK
1aea8eacd1ac85ac99f94574b5be0555	0	134199	player	libopenmpt	Digital Symphony	4	33164	3c8d171f	b449c0f9	MISC/05/ACES_HI2
1aef0eed44dfa6de473da8824cde2707	0	234945	player+silence	libopenmpt	Digital Symphony	4	96296	ba97fc09	e314a95e	DEMO/02/MONDIAL
1b0694ddd2c04b119ae82c652928b384	0	107359	player	libopenmpt	Digital Symphony	4	56044	70585d52	10b5567d	DANCE/HARDCORE/GHETTO
1b52fd9cbd01e5f9e965e0cc58baa976	0	81798	player	libopenmpt	Digital Symphony	4	82692	189b694c	b0f4066b	QUICK/POP/SEEING1
1b52fd9cbd01e5f9e965e0cc58baa976	1	9723	player+silence
1b6269b76b0fc64383ed29825dd7020c	0	146981	player+silence	libopenmpt	Digital Symphony	4	38888	3fe7e72b	b2d5c01e	QUICK/POP/SINISTER
1b73e41fdc5c152d0ce4be50abcccddc	0	130365	player	libopenmpt	Digital Symphony	4	137372	5010ef51	28b2e6c8	SAMPLE/MIX2/BETATRON
1b98c76f5786588cbad71b0f485d1b07	0	172542	player	libopenmpt	Digital Symphony	4	38676	40d3f68c	db3b657d	MISC/12/JAGTITLE
1bbbd9f9f6a8580b6bdb39f01a04a142	0	38822	player	libopenmpt	Digital Symphony	4	30660	7fc9f6d2	569dd581	SOFT/BLUES/ETERNITY
1c47a1157ee894e87c7f0d38b6ddc46e	0	416019	player	libopenmpt	Digital Symphony	4	164576	1d474767	2d77ffc2	DANCE/RAVE/ENTROPY
1c518da133f58858f29f6f666e50f4bd	0	416471	player+silence	libopenmpt	Digital Symphony	4	74960	efd9c35b	284cb6b6	SOFT/KEYBOARD/BKTTF
1c8450613e0bfca090df91ddaaa6f330	0	559805	player	libopenmpt	Digital Symphony	4	50244	1d963bf5	c1128bad	DEMO/04/VECTOREX
1c8b51fdee90035e8b47bae5047fe75f	0	142887	player	libopenmpt	Digital Symphony	4	26444	e3d00da4	5ee26622	SAMPLE/MIX2/HERALD
1cd3e47c3145692a859aedb0baa110c1	0	155586	player	libopenmpt	Digital Symphony	4	127480	7c0172f7	f0344401	DANCE/RAVE/JUST_A_TRY
1d38b83436785320d205e8bfbce8a7be	0	118219	player	libopenmpt	Digital Symphony	4	28336	930fbd7f	4deeef29	QUICK/BEAT/TEARS
1d425c25d2b6d8412aea174e2777e63f	0	241559	player	libopenmpt	Digital Symphony	4	49148	1cbf4702	c74b5f93	MISC/05/BRAIN
1d462b8f332b4d6c8984f2c1f7d2be67	0	99691	player	libopenmpt	Digital Symphony	4	41184	ba25569e	0757331d	MISC/04/CHINDUDE
1d462b8f332b4d6c8984f2c1f7d2be67	1	15337	player
1d5a166d1f663295db8acafa89e78b80	0	123268	player+volume	libopenmpt	Digital Symphony	4	87056	d528efb7	72668beb	SOFT/PAINO/FUR_ELISE
1d6c3251c05dfd1a0882b5ff111468fb	0	191714	player	libopenmpt	Digital Symphony	4	24316	63a7b790	ffb6fcba	MISC/01/SHADOWZP
1d6c3251c05dfd1a0882b5ff111468fb	0	191714	player	libopenmpt	Digital Symphony	4	24316	63a7b790	ffb6fcba	ROCK/SOFT/SHADOWZ
1db02af6a44e69c3ad4307cc626fad4e	0	108398	player	libopenmpt	Digital Symphony	4	105788	a4e5e4fa	9c8cad6c	SOFT/JAZZFUNK2/NIGHTJAZZ
1dcf37e72d0ee31060e73d4983594b00	0	230057	player	libopenmpt	Digital Symphony	4	58944	72f308a9	805272fc	DEMO/02/LONELINESS
1dd278f4b611429c95f53276de88eff8	0	314411	player	libopenmpt	Digital Symphony	4	46700	d916e6b7	1216d6ee	MISC/02/CONSERT_IN
1dd80a4bd140a461f9e8a91b81ce9074	0	117584	player	libopenmpt	Digital Symphony	4	82140	675b7ef5	737c6144	SOFT/MELLOW/INOVATION3
1e2e1b378f0d8d9c004ade145cd7895f	0	108078	player	libopenmpt	Digital Symphony	4	28508	e95cb001	66cc2253	MISC/11/ALBAN
1e557c740d0738246db3426aa2eddb4e	0	265415	player+silence	libopenmpt	Digital Symphony	4	63300	6696a224	6400bfc0	ROCK/SOFT/VITALITY
1e5ff87b2033b5978695485f257d3691	0	265584	player	libopenmpt	Digital Symphony	4	65220	b0497ee4	2c974c74	MISC/07/DIGILIFE
1e7aa4b0a6c2d31a5fb0fa560d557739	0	95857	player	libopenmpt	Digital Symphony	4	30436	accab55d	0d206cc4	MISC/01/ALIVE
1e9b472891e93d44eb8c0cfb1345b195	0	76685	player	libopenmpt	Digital Symphony	8	20672	518c5447	a3c72720	SOFT/PAINO/MAPLELEAF
1ea13c33d317a787f21463985cb1df66	0	199106	player+silence	libopenmpt	Digital Symphony	4	136376	027c5de3	d3711258	DEMO/02/JIMACORN
1ea64e8ce330345a2a5833fc3cf13c54	0	120700	player	libopenmpt	Digital Symphony	4	87064	eab702d1	010d289d	MISC/10/SPEKTROE
1ea7663684a309d0570c58b5b02f7695	0	299074	player	libopenmpt	Digital Symphony	4	81012	a8c63868	080d9709	VOYAGES/SCORES/POSEIDON
1eaa542d5fc6ed978fc8dc9640479668	0	245394	player	libopenmpt	Digital Symphony	4	48116	af128089	bcbcaab2	QUICK/BEAT/RUSTICK
1eb72c152a9552a7bdea167ed05af53c	0	130365	player	libopenmpt	Digital Symphony	4	41068	b4f49fe2	6e79bc41	MISC/04/COMPLICA
1eda824b11b986afda1b67b697950f11	0	347641	player	libopenmpt	Digital Symphony	4	101140	abe11877	b710c33d	SOFT/MELLOW/HEAVYMIST
1ee9867c455f51d4e41ac3b9ffbd496a	0	230057	player	libopenmpt	Digital Symphony	4	77120	4275d053	4832d4f7	MISC/06/DEADLINE
1ef109cb4d4fe465a183266c4bb764d3	0	171738	player+silence	libopenmpt	Digital Symphony	4	54268	252b4082	e1935499	MISC/02/LONGWALKER
1ef424d3a1ea462bef53550d1eb31c11	0	281180	player	libopenmpt	Digital Symphony	4	22972	de0f0e0f	07539930	DEMO/02/INTRUDER
1f0d6ded286d0899e719b8dad704ac2a	0	198783	player+silence	libopenmpt	Digital Symphony	4	138228	e98dba7b	7aebe45f	MISC/12/MOONGATE
1f1772bba5d422025d4115e2a353d2e6	0	644678	player+silence	libopenmpt	Digital Symphony	4	98400	10a7d032	86f9d8d0	MISC/01/EURO20
1f3de094426fa877ae18595f196fa710	0	64863	player	libopenmpt	Digital Symphony	4	153544	1d0034bf	78c8f46a	SAMPLE/VOCAL/BACK2LIF
1f407500d24821ed492987a302a83fe4	0	176377	player	libopenmpt	Digital Symphony	4	32996	36a8fb6a	ade9f435	FUN/TVFILM/MAGNUM
1f4477ad223e9e53c9b629af9f328818	0	214719	player	libopenmpt	Digital Symphony	4	106784	58facff3	53a97b93	MISC/08/GHOUSE
1f5c1194a510aa0ce7a21d9c2ae877c2	0	236598	player+volume	libopenmpt	Digital Symphony	4	81456	616ad6f0	845c7daa	MISC/09/ITMUST
1fad9934d30f2f009613b2c00fedf80d	0	254610	player	libopenmpt	Digital Symphony	4	234664	94d5df69	2d89ef6b	DANCE/DANCE1/WENEEDVACU
202420e19dd3791a86779ff3e2a58274	0	212802	player	libopenmpt	Digital Symphony	4	59148	35a644d7	892d8257	ROCK/HEAVY/NIGHTMARE
2028ef5c190942a555b60c6a34bf0647	0	155812	player+silence	libopenmpt	Digital Symphony	4	47984	7cb06acc	35d06151	MISC/10/SMOKE
204999b8aee6cc8296fb4be71adf173f	0	134115	player+silence	libopenmpt	Digital Symphony	4	44612	6ade1b6f	349e6cde	SOFT/PAINO/DEDICATION
204d24c7f5253ceaef687c1f44dc74bc	0	175897	player	libopenmpt	Digital Symphony	4	113720	b51f9cd4	8ab73a83	SOFT/STRING/LADY_ROSE
205c15e2dbe01d10436c21bdd947e8d1	0	204814	player	libopenmpt	Digital Symphony	4	43684	6b45feba	1e423b1e	SOFT/BLUES/BLUSBRS4
20887b69634e079b03d37acffe17188f	0	66121	player	libopenmpt	Digital Symphony	4	77272	de60dda9	b2009021	MISC/08/HEATWAVE
20a6165a7c6de5a7090426557368c123	0	138034	player	libopenmpt	Digital Symphony	4	45368	f3a5eeef	44d5829e	DEMO/03/BLACKBOX
20ae5f4a02a4c53f3bb496ebc5e815f4	0	122697	player	libopenmpt	Digital Symphony	4	152800	c883f50d	ec0c0c58	ROCK/SOFT/NIRVANA_MI
20ba54dddd4ddd82dba9add8b15dad01	0	125253	player	libopenmpt	Digital Symphony	4	163164	1e0f6418	8c14bb94	MISC/08/HIPPOP
20d4828d0528863ee81f3e69d028c9f5	0	188195	player+silence	libopenmpt	Digital Symphony	4	103452	9cd72857	d078e4ab	DANCE/DANCE2/MOVE
20ea2ebafd1a8f832186f87e54182672	0	46011	player	libopenmpt	Digital Symphony	4	17072	1ef1ad96	c6bc7411	MISC/13/PRELUDI
20f566b7056897fefdf7a784838a3c8e	0	531746	player+volume	libopenmpt	Digital Symphony	4	186832	1eb557f6	f3881deb	QUICK/BEAT_MAX/HUMANITY2
210b3ddb399d76cb26c412ddecbb0ccf	0	227597	player+silence	libopenmpt	Digital Symphony	4	78520	48f93bce	c78ebab5	DANCE/ACID_TEKNO/TECHNODROM
2137fabb3ad3d02bf894ab110ecbf34f	0	49935	player+silence	libopenmpt	Digital Symphony	4	35964	0d9ab7f5	f24fdee5	DEMO/05/PARTYVER
2164a442cb888e34eab8716eae660f7c	0	220631	player	libopenmpt	Digital Symphony	4	75172	265a9637	73ce7bab	MISC/10/JUSTFOR
2164e0b9ea8f4d2dc1d2aa4c2eac869a	0	122697	player	libopenmpt	Digital Symphony	4	27072	13c6dd13	f0818c63	MISC/13/PROCES_I
2170cb18c4d67c5ffaca4078a36fb0b6	0	159761	player	libopenmpt	Digital Symphony	4	135164	b498d5a1	0be943a1	MISC/14/PARKSON
2180ec1f70f9868b15302e289520150d	0	314411	player	libopenmpt	Digital Symphony	4	46300	eb4dad20	75f8a98d	MISC/06/CON_SPAC
221e758b37785beb645035c338652dc7	0	81147	player+silence	libopenmpt	Digital Symphony	4	36208	5daf449e	0c572fa1	MISC/03/ASTXCD1M
222f3499fc8ec527f7d24ee66f123017	0	195548	player	libopenmpt	Digital Symphony	4	97376	abc970fd	74622fd4	MISC/10/KEYBOARD
222fb7398965372f0cfab02e660e6585	0	286718	player+silence	libopenmpt	Digital Symphony	4	105404	fa66ef30	af16d1c8	MISC/12/MADHATTE
226699e816c65e1010bd7c8b96bc51eb	0	213564	player+volume	libopenmpt	Digital Symphony	4	74236	691b2767	07f81be7	DEMO/04/FLASHDAN
228ba52be10d877b25d9c9b4e8630c47	0	320525	player+volume	libopenmpt	Digital Symphony	4	100948	4e03d9b2	9e4d92ac	ROCK/SOFT/ORIENTLE
228d48a2ba385901a0802f38e3a6d945	0	204287	player+silence	libopenmpt	Digital Symphony	4	88876	132e0e25	4b8f64f6	SOFT/MELLOW2/MELLOW
2292050a60cf6fc296337705e17a6656	0	244330	player+silence	libopenmpt	Digital Symphony	4	152368	123a2721	3a03110f	DANCE/RAVE/JUNGLIZM
22ba4c1593deb2b3da42bdbc1cf0a82c	0	138034	player	libopenmpt	Digital Symphony	4	9044	381da6ee	92c5e877	FUN/FAMILIAR/SUPERMAR
22ca2a0791e854ac79aedd2ce574e3ff	0	208908	player	libopenmpt	Digital Symphony	4	178228	c04b47a1	d82280aa	FUN/TVFILMMIX/BATMANMEAT
22ed7b3ea8202ca3254522fc59b67333	0	179081	player+silence	libopenmpt	Digital Symphony	4	93316	bb26c20b	d55e1ed7	MISC/07/DEKKADAN
22f369e1058a01d36c67268900670656	0	173167	player+silence	libopenmpt	Digital Symphony	4	55212	93d6bba8	9d721378	DEMO/03/BACKFIRE
23018e6e10b2a1f1b3c4b154d7a22ec0	0	442014	player	libopenmpt	Digital Symphony	4	215176	c828129d	3c1cd74e	SAMPLE/MIX/DORMEZVOUS
230e59cbf78fa6c718fd05fb33f76b37	0	107359	player	libopenmpt	Digital Symphony	4	92928	2844674d	1846a803	SAMPLE/MIX/ZOO_AH
233625ce2e64652b5a643b751e4fbaf3	0	191714	player	libopenmpt	Digital Symphony	4	34992	7888d13a	d707790e	MISC/03/CAMBOD
23405d204f6cb659e696dbe5ad91710f	0	177974	player	libopenmpt	Digital Symphony	4	41724	8f5a1900	8ca5b740	DANCE/DANCE1/HYPERHYPER
2356db898c2dcd24528e10edff78809e	0	157245	player	libopenmpt	Digital Symphony	4	181756	36110aef	c78394a6	QUICK/POP/THE_FL
237b9d889b408c16ca9d9eab33587c92	0	296663	player+silence	libopenmpt	Digital Symphony	4	170344	b59d7003	651a2fb0	DANCE/ACID_TEKNO/ANTHEM
237e20fa0669ab75174d2e5523a90fa6	0	41402	player	libopenmpt	Digital Symphony	4	64060	c733af98	70001a57	MISC/12/ETHOLODGE
23aa89eedcb9063a7d5c1823c1f17b91	0	75647	player	libopenmpt	Digital Symphony	4	7636	48451ffe	ccea16e6	MISC/07/FEEDYOUR
23b416918154bc697c2528135fc5e763	0	272873	player	libopenmpt	Digital Symphony	4	166644	72713ac9	05183701	DEMO/03/ODYSSEY6
23b86ca2f8141096964476ec7ee49a32	0	359843	player	libopenmpt	Digital Symphony	4	137932	da28f6fe	fa890524	SOFT/MELLOW2/MAGNET
23c366dbb4be22f43257f26698a3cb6f	0	38342	player	libopenmpt	Digital Symphony	4	16056	38b968e8	f1debfa0	QUICK/BEAT_MAX/TRISTAR01
23cd8e295cff1e93a2a3cf66c2d1f245	0	332454	player+silence	libopenmpt	Digital Symphony	4	48692	c4be4688	803f9d7e	DEMO/01/BEANS_RUSK
23f56719b18664e81f5b56fb96745fa6	0	115028	player	libopenmpt	Digital Symphony	4	35028	fc579cc5	5f0bdecb	DEMO/01/TUERKES
240035c5a817d9980faf854233574397	0	119322	player	libopenmpt	Digital Symphony	4	65236	24e1d88d	660a76e5	DANCE/RAVE_PLUS/TECHNOPE
241f8aadd0c066658c16d3eff1ba282d	0	386187	player	libopenmpt	Digital Symphony	4	78952	59d051fc	4c5375f7	QUICK/BEAT_MAX/DRIVEN
24253bfcd14688c38e819efa98460cfe	0	139052	player	libopenmpt	Digital Symphony	4	86516	4a7b4b72	2cf780e9	MISC/12/ROTAME
24253bfcd14688c38e819efa98460cfe	0	139052	player	libopenmpt	Digital Symphony	4	86516	4a7b4b72	2cf780e9	MISC/14/RTMDGKND
24258c4f260f63b812a20ba6c5534fb3	0	169167	player	libopenmpt	Digital Symphony	4	50416	6cfac69e	678ba584	DEMO/02/ZEURO
243c9b2ff5815e3cde0611d2f1e88b96	0	866940	player+silence	libopenmpt	Digital Symphony	4	87572	bce68f95	3d2a1e78	ROCK/SOFT/SOOTHSAYER
2440ec41e0951f51cb77c18b9aff3327	0	205194	player	libopenmpt	Digital Symphony	4	284084	a5addd24	fea4f7a9	DANCE/DANCE2/DEFLORATON
24648bbf309c9d9f0fdd881e4c20ee63	0	40899	player	libopenmpt	Digital Symphony	4	3768	f8c50c1b	1c77af42	MISC/14/USSR
2477e997ae4e8053f0670ccb6867db55	0	30674	player	libopenmpt	Digital Symphony	4	21284	339be16f	902687f3	QUICK/SMALL/BRONX
247e410281e72432ef61bc66e7818d5a	0	293381	player+silence	libopenmpt	Digital Symphony	4	92968	d3ace6f6	d4c5fe5f	MISC/08/HIDSHADC
248c4a2dac13585fb51a3fc50bd182ee	0	176102	player	libopenmpt	Digital Symphony	4	71552	65b9c15c	3caa6bf2	MISC/08/HASH_MIX
248c4a2dac13585fb51a3fc50bd182ee	0	176102	player	libopenmpt	Digital Symphony	4	71552	65b9c15c	3caa6bf2	MISC/11/HASHMIX
24b5834a8c40f84de5ade03b26021cac	0	245394	player	libopenmpt	Digital Symphony	4	27628	811f531b	472f690d	MISC/04/PT
24bd0836cffb8204b313d40b37ca67ad	0	114311	player	libopenmpt	Digital Symphony	4	39588	9bbc8a5b	a79237c8	DEMO/05/PPG23
24d5b8639b55e266d0d4e523aa54cd87	0	334549	player	libopenmpt	Digital Symphony	4	132196	b504b5ae	23bbf1da	ROCK/SOFT/FLOODWORKS
24d5b8639b55e266d0d4e523aa54cd87	0	334549	player	libopenmpt	Digital Symphony	4	132196	b504b5ae	23bbf1da	SOFT/JAZZFUNK1/FLOODWRKS2
24df20d176ef1ea5f29fa0836dec7f4d	0	143146	player	libopenmpt	Digital Symphony	4	65156	e78acf35	0c60db75	DEMO/05/PLASTIC
2523a6112cf39e8f7e23aa681e53fed9	0	91705	player	libopenmpt	Digital Symphony	4	118112	51fb0aa2	1c237c39	MISC/08/HARDDEC
253fdfa521182c848210bb3c7d53dfa5	0	183777	player+silence	libopenmpt	Digital Symphony	4	48324	635aba73	122a612d	DEMO/02/TRIBAL
254649c8633eff2773adcb622398d74f	0	191714	player	libopenmpt	Digital Symphony	4	135352	2cbff2a2	2155170a	DEMO/04/DC_XMAS
256843c275702c93b18b5be0e73bd011	0	385497	player+silence	libopenmpt	Digital Symphony	4	76976	1517b29b	49657dc3	DEMO/02/VIRTULMONO
257ad38d1733e7511ba521550e058e28	0	376618	player	libopenmpt	Digital Symphony	4	119944	9aa31a18	691e36f0	MISC/06/DEEP
25bd778cd5be0fbf5229328cb8e27268	0	233486	player	libopenmpt	Digital Symphony	4	195288	f3ea407f	5e582e89	MISC/01/TIMELESS
25bd778cd5be0fbf5229328cb8e27268	1	14908	player
25d40000186777c97553425a487a1624	0	74768	player	libopenmpt	Digital Symphony	4	35344	83b8a6cd	14f426bc	SOFT/JAZZFUNK1/TRABALAS
25ec38e64c9296feb03c15af109cf53d	0	30674	player	libopenmpt	Digital Symphony	4	3956	cf00f6f1	4336d0ee	MISC/12/METROMIX
2650fb87d8a91dfc95a1c783c96dffac	0	187879	player	libopenmpt	Digital Symphony	4	157704	a4b6d27b	d5435011	DANCE/HARDCORE/XTASE
26619e50684d54880829cbc8c7e0d37c	0	4119	player+volume	libopenmpt	Digital Symphony	4	15412	034abbfc	29bbb841	DEMO/04/ZAK
26663441cdc9dde8a469f69fed90e413	0	92022	player	libopenmpt	Digital Symphony	4	34828	323bac84	c7f32116	QUICK/BEAT/BRILLIANCE
26663441cdc9dde8a469f69fed90e413	0	92022	player	libopenmpt	Digital Symphony	4	34828	323bac84	c7f32116	QUICK/POP2/BRILLI
2668dd9f98144e4d6cc36fd86c02a539	0	476023	player+silence	libopenmpt	Digital Symphony	4	93752	2f937143	67f4ce6a	MISC/01/EURO17
267735c16b5cf32d4b94d0a62d637bcb	0	205945	player+silence	libopenmpt	Digital Symphony	4	131760	d5e0b0a9	4f196c5f	QUICK/POP2/CHASE
2677c77dec1589b1b659e56ab02ca500	0	170280	player	libopenmpt	Digital Symphony	4	137352	c3a8ea78	1f8bbb51	DANCE/DANCE1/JOES03
269abc316d76eb4b36faaf1b16c3d2a1	0	309275	player+silence	libopenmpt	Digital Symphony	4	32164	9fd5dc25	f76da633	MISC/12/MGNTCFL1
26b174e71d8709f6251b194cda42cfd9	0	116306	player	libopenmpt	Digital Symphony	4	153816	9b3682c2	0ebfe106	SOFT/JAZZFUNK1/SOLEMN
26b4b04461225079d1965756740ed6ca	0	146041	player	libopenmpt	Digital Symphony	4	129232	6095a9d2	a1f81789	MISC/03/CONNECT
26b4b04461225079d1965756740ed6ca	0	146041	player	libopenmpt	Digital Symphony	4	129232	6095a9d2	a1f81789	SOFT/PAINO/CONNECT
26c5367002a6e1e461c177974dbe640a	0	184045	player	libopenmpt	Digital Symphony	4	69672	db9d650f	e23a689c	MISC/14/UPRISING
26cecee0b674194b7f8bdf29f425ccd9	0	161039	player	libopenmpt	Digital Symphony	4	38676	cc57836f	877a4791	MISC/13/SC2T6
26d8d71375cf6a2328044ab2aab49ecc	0	165169	player+silence	libopenmpt	Digital Symphony	4	57448	c8d53b7b	098e2bcd	MISC/14/SKUDONGULF
26e07fae07090c41b74c4fcc862d5870	0	176377	player	libopenmpt	Digital Symphony	4	32772	ba808ba0	8caf0a07	MISC/13/SC2T4
26f9245670da3fc755b53ef98934b270	0	76685	player	libopenmpt	Digital Symphony	4	5624	34683b0a	e6462548	MISC/08/FORFUN
2709a9e4e576142447c35dcb53d1277e	0	232613	player	libopenmpt	Digital Symphony	4	30560	4cfe30c1	4c840764	MISC/10/LOUDHOUS
270eef8226e35e8b44e8f28efae59cc4	0	145702	player	libopenmpt	Digital Symphony	4	54936	1235fe86	73320396	MISC/02/ALIENEARTH
271150406f62d512934ba3648d4b620e	0	311077	player+silence	libopenmpt	Digital Symphony	4	566460	b84e93a4	ab4b2b96	SAMPLE/EXPERIMENT/LEGENDS
271645d6a1b58a52469997470e73bc78	0	19171	player	libopenmpt	Digital Symphony	4	692	35ecbbf6	a64bebf6	QUICK/SMALL/VBLSUXX
271b8987dffadcc3b9b3cb34b8204379	0	114973	player+silence	libopenmpt	Digital Symphony	4	25588	94360c9f	ae4ba4ad	MISC/06/COOLTECH
27268523111aea1b08ec2cdcdd34e132	0	76184	player+silence	libopenmpt	Digital Symphony	4	82568	c87079b5	6e696ec7	SOFT/MELLOW/SEEINGISB
27381500a3a779432c486cdd8be6ca52	0	53679	player	libopenmpt	Digital Symphony	4	17692	59956130	135a93f3	MISC/02/QUIET_LIFE
274e772f1295abe8cd6cc72a004f2ea4	0	76685	player	libopenmpt	Digital Symphony	4	40252	35afcd14	196f1f39	QUICK/POP/GENIUS
274ee7cf8e24ee8890c633c5d1ccf5f2	0	184524	player	libopenmpt	Digital Symphony	4	119328	8d2a8f9b	cd9d9888	SAMPLE/VOCAL/PINDAKAAS
2783efce0b536f7d46c482f4db1466e4	0	195804	player	libopenmpt	Digital Symphony	4	40984	3001f2a3	d49f03f8	VOYAGES/SCORES/REDEMPTION
27b5a982a445d01faa07994b76ac60d2	0	248194	player+silence	libopenmpt	Digital Symphony	4	84632	3fde7a37	d378dac1	DANCE/HARDCORE/PUREFEELIN
27eb7a2e0e96a09c17a32e7e33b50f6d	0	192672	player	libopenmpt	Digital Symphony	4	52340	291f8696	27e47f36	MISC/04/BEYONDIM
27f16ab0eee13c5f7c6f959622b1d60f	0	435849	player+silence	libopenmpt	Digital Symphony	4	127756	df8c5b20	f11f1df6	DEMO/01/OVERLOAD
27f9801c7280e02ce28acf73dfe040cf	0	300611	player+silence	libopenmpt	Digital Symphony	4	209860	2678a7da	c79d17d9	FUN/FAMILIAR/DAS_BOOT4
280ee3a4dd4cbc6e2a1567237d63293a	0	153645	player	libopenmpt	Digital Symphony	4	147312	c82b7959	cac4fbae	SOFT/STRING/TQUILASLAM
280ee3a4dd4cbc6e2a1567237d63293a	1	4382	player
2824e1d537c15718a931933bc5d4c61b	0	57833	player	libopenmpt	Digital Symphony	4	4856	0f64af7e	5ecc6f22	DEMO/04/FREE4ALL
28902bb61c7eb7ce0ec303f3e80baa80	0	150002	player+silence	libopenmpt	Digital Symphony	4	75828	5904a68f	0240fdb5	SOFT/MELLOW2/PINUSCON
2892539c847264ef2d1526a25bc16a6a	0	34508	player	libopenmpt	Digital Symphony	4	33400	1ab8be54	0771c279	QUICK/POP2/EMUSORGA
28b64510fd4d48e1ac0fea76dd0d4a2a	0	158706	player	libopenmpt	Digital Symphony	4	135180	717b1d18	ac4d98fe	DANCE/ACID_TEKNO/NO_WOMAN
28bd921f9bfffa0c51d2db15136d7570	0	189158	player	libopenmpt	Digital Symphony	4	65276	45d74a86	f9722a6e	SAMPLE/VOCAL/HOPPART2
28d162c10320465f4976ed3393e28390	0	161918	player	libopenmpt	Digital Symphony	4	86492	2b08cd8c	d3e9efc1	MISC/14/STREETGA
28dddbf9025a37d9aa3dc69a82a2670d	0	158803	player	libopenmpt	Digital Symphony	4	61572	b8dc4be6	607a9428	MISC/09/HITFIDO
28e1a89f030d498bccb46793acf12073	0	161209	player+silence	libopenmpt	Digital Symphony	4	271344	f546c99f	2b3bb7d2	MISC/11/RACKY
28e9fa83945990045628307ad1ee619b	0	16303	player+silence	libopenmpt	Digital Symphony	4	23420	02165bfe	af787707	DEMO/05/NO_MORE_
28eaaa73eb459a7b9543fcaa182fda7b	0	154595	player+silence	libopenmpt	Digital Symphony	4	75280	9d74813a	bddc6c37	SOFT/JAZZFUNK1/LISTEN
28f5bcac4337057e66afce7322ef3db3	0	173617	player+volume	libopenmpt	Digital Symphony	4	16164	0cd1f132	bb41207a	SOFT/STRING/BABY
28fb4ad6fda487bc2094451b0c2db7d1	0	202677	player	libopenmpt	Digital Symphony	4	123360	17ef1e2f	777b5bee	DEMO/05/WALKAB
2901975550eecdc559a4c1c201d2b452	0	474997	player+silence	libopenmpt	Digital Symphony	4	31232	6956d2f2	0c3ffe70	DEMO/03/4MAT_TITLE
290e120a5699f2b0ac829b864ce4c20a	0	112472	player	libopenmpt	Digital Symphony	4	15764	a62405c4	98e3fd18	DEMO/02/AWESOME4
290e120a5699f2b0ac829b864ce4c20a	0	112472	player	libopenmpt	Digital Symphony	4	15764	a62405c4	98e3fd18	DEMO/03/AWESOME4
291338ce7288e5a031be63a213c97007	0	177622	player+silence	libopenmpt	Digital Symphony	4	93952	2b81bc1a	44c9af7f	MISC/10/LUNIK
2923f16fa908cc2d8f98b467c5dcd7a8	0	33549	player	libopenmpt	Digital Symphony	4	55528	4252f84c	50f9e92f	MISC/14/URQUAN
29251d10343a317af345571d90d858bc	0	74828	player	libopenmpt	Digital Symphony	4	28012	a2d82ec5	9aa16442	FUN/TVFILM/QUANTUM
29309b4acdf148e2dcb43438164f0364	0	34508	player	libopenmpt	Digital Symphony	4	30376	a2e5ee1b	f18c149b	MISC/07/EMUSORGA
2936daed75ceba568bb446717ff8a512	0	61348	player	libopenmpt	Digital Symphony	4	20556	0d117c1d	668d6575	DEMO/02/DUNE_REMIX
2967f0b3149e7a329b6876973da63309	0	245394	player	libopenmpt	Digital Symphony	4	37128	9220f43d	7ee2a79d	MISC/07/EXP
29682000b9a0666be943a42c91936381	0	98594	player+silence	libopenmpt	Digital Symphony	4	202268	3a076db5	20a0bb08	MISC/04/BANANASP
29682000b9a0666be943a42c91936381	0	98594	player+silence	libopenmpt	Digital Symphony	4	202268	3a076db5	20a0bb08	QUICK/POP2/BANANA
297be2c68548cc1f5a375ae6419a9215	0	113231	player	libopenmpt	Digital Symphony	4	41444	aee43273	4c0d4380	VOYAGES/ENVIROMENT/CHUNGABABE
29b8fcf0d05fe01c8f909414860ccf70	0	128195	player+silence	libopenmpt	Digital Symphony	4	94408	eaae1a6f	138586cb	ROCK/HEAVY/KILLFLOOR
29d45958b55f5a4646f6a0f0b0709aea	0	115028	player	libopenmpt	Digital Symphony	4	12060	79c3bfd6	abd9bec8	MISC/11/ANDROM
29fca1ebf21b6e5965b9b3dc8e03640e	0	295670	player+silence	libopenmpt	Digital Symphony	4	48492	f61997f5	08f120e9	MISC/12/MELODIOU
2a18a773fad09dc997106f905403fe30	0	159087	player+volume	libopenmpt	Digital Symphony	4	41736	bfad4922	5f8d3d52	MISC/10/SOMEBODY
2a2c0815be75d871467be0ec0ccc4936	0	167110	player	libopenmpt	Digital Symphony	4	119064	ee715094	cd8b3159	DEMO/04/FLUCHS
2a31192010d4f88876e4e3fcfd277d18	0	154215	player+silence	libopenmpt	Digital Symphony	4	95704	80920c27	cb5da926	SOFT/JAZZFUNK2/JORDANJA
2a58d82ebcfea74336cfef407bda836e	0	30674	player	libopenmpt	Digital Symphony	6	19272	eb0c3ba2	3358082e	QUICK/SMALL/WE_HAVE
2a5a75e380f764f25fd6e176baa3e7c7	0	115708	player+silence	libopenmpt	Digital Symphony	4	45568	cc26ebc8	ed2618a8	MISC/15/303P_KLF
2a5bc44f4d75210a8a20b1a744479cbd	0	603341	player+silence	libopenmpt	Digital Symphony	4	170768	106faacc	790bdf5e	ROCK/CYBER/HOLOCAUST
2a67b7ea2f1cb9d60812a0726d41ec89	0	111833	player	libopenmpt	Digital Symphony	4	116832	c10708eb	d1148f7b	MISC/05/AHROBYN
2aae3d66de06abbea00558246b7ba574	0	263047	player	libopenmpt	Digital Symphony	4	73568	08d26982	e9deb97e	SOFT/MELLOW/COOLBALLAD
2ab0469d6e68456ec90756f4c916897e	0	122697	player	libopenmpt	Digital Symphony	4	37896	66a11a30	205dafde	DEMO/05/UHF
2ac48ddf801898e0117090d83431cbea	0	145702	player	libopenmpt	Digital Symphony	4	35592	ad73c79e	08478ace	MISC/11/CROOOL
2aebb9c4d189d205e74bc97f4158c9e6	0	490025	player	libopenmpt	Digital Symphony	4	276236	c8cb6465	e4299086	DANCE/RAVE_PLUS/JUMP
2aeff0b609d7c0f94d11ed0cb0eca2e6	0	253062	player	libopenmpt	Digital Symphony	4	115572	2e398526	4fdaee91	DEMO/03/1989ANUM
2aeff0b609d7c0f94d11ed0cb0eca2e6	0	253062	player	libopenmpt	Digital Symphony	4	115572	2e398526	4fdaee91	MISC/15/1989ANUM
2b1a99a0b589b44297d6091f60750062	0	39141	player	libopenmpt	Digital Symphony	4	54536	4011ba51	65f888ad	MISC/01/ENDOF_MISE
2b690ef9f27bea4e336a099c72484f60	0	268421	player+silence	libopenmpt	Digital Symphony	4	76988	75b8fd7c	76d820c2	SOFT/JAZZFUNK2/HARDRED
2b7e0cb4d36294f4abb2ca42c084d08b	0	115507	player	libopenmpt	Digital Symphony	4	124696	6fc936cd	1408bf69	QUICK/POP2/A_COMM
2ba13c5a6d860480d853d8875d8494a8	0	146301	player	libopenmpt	Digital Symphony	4	38984	1e66c9b3	a62bfff3	SOFT/KEYBOARD/ENTANGLED
2bd27fab65c78579e84511c1220ca901	0	136224	player	libopenmpt	Digital Symphony	4	77360	d5265870	072501f0	SOFT/KEYBOARD/SPELLCAST
2be5eceb4264de46bb964e3365c34f16	0	221935	player+volume	libopenmpt	Digital Symphony	4	88340	7d152d2c	f4833503	MISC/07/FASTFOOD
2c36e21926f217a388624dd962373767	0	111194	player	libopenmpt	Digital Symphony	4	55960	a54cb1c8	8c5fc636	QUICK/POP/FORYOUNG
2c39fb32de1b0bfcb15e3573e338a550	0	191728	player+silence	libopenmpt	Digital Symphony	4	184740	5f71986b	243effda	ROCK/HEAVY/CRASH_TEST
2c46645406bf73e3eb70aa31b35bbc62	0	82531	player	libopenmpt	Digital Symphony	4	71992	412c0ae2	4d9fe520	MISC/04/SPRINGRAIN
2c67a0ab5485b5c9f4de4c58746dc96e	0	214719	player	libopenmpt	Digital Symphony	4	22192	84fb7f29	5a0f9e5f	MISC/11/NONAME
2c6be34924aae9fba21d845d720891bb	0	63904	player	libopenmpt	Digital Symphony	4	34536	017a10bf	8789a966	MISC/06/DOEMAAR
2c74d2ad4852e73a4007bb3c5a2d8f5f	0	46011	player	libopenmpt	Digital Symphony	4	17488	860cd50b	9fdb7cae	DEMO/05/OCEAN
2c91d380ac4dbbce35abcf483a551fb2	0	288476	player+silence	libopenmpt	Digital Symphony	4	239476	5ffeb052	c0d6513c	SOFT/STRING/GUITARSL
2c9e44612614406e9c0e2debe8928f8d	0	265063	player+silence	libopenmpt	Digital Symphony	4	169220	d7277ba1	59dd7d4b	MISC/07/ECHOES
2cbc58e6b1ab71218da96cd7ad40eed8	0	256317	player	libopenmpt	Digital Symphony	4	120524	4de43f44	1cb252ac	QUICK/POP2/EPSONI
2cbf14fe51c587a663002d511b312452	0	300751	player	libopenmpt	Digital Symphony	4	127748	882e8b41	47ecfb9d	MISC/07/ELGPASA
2cc5376b0a6a0075dd4f6aa4d86e04b0	0	263696	player+silence	libopenmpt	Digital Symphony	4	54996	e490dece	d3101690	DEMO/05/WOWST
2cd7c9939384d716c0ba491036276a13	0	246553	player+silence	libopenmpt	Digital Symphony	4	161712	dca961ed	ef60455b	ROCK/CYBER/SUMMERIN
2d1b64d43178c7dacda57e216bd8dab3	0	139785	player	libopenmpt	Digital Symphony	4	31484	17d1e8fe	be8f1711	MISC/02/TO_HADES
2d1df245ee81921c5d5ff4b8275807e5	0	217032	player+silence	libopenmpt	Digital Symphony	4	88592	66174ec1	7d3c87d6	MISC/11/1993
2d3747686cc7508039120813794698a8	0	122697	player	libopenmpt	Digital Symphony	4	73324	3a3c69ad	11e6d082	MISC/15/7
2d3747686cc7508039120813794698a8	0	122697	player	libopenmpt	Digital Symphony	4	73324	3a3c69ad	11e6d082	ROCK/SOFT/7
2d3aa4b4c0ae9da6ff2237ca9cef255b	0	130365	player	libopenmpt	Digital Symphony	4	6720	972699c5	7ff90921	QUICK/SMALL/EMAX
2d593b58a40608af2af874ace08bfc40	0	286293	player	libopenmpt	Digital Symphony	4	78680	133817d5	f9b3f808	DEMO/03/ODYSSEY4
2da68bc17fa0e37e99785d216eb4578c	0	393972	player	libopenmpt	Digital Symphony	4	57076	69a637bf	9363007e	MISC/02/BLUETHREE
2dbdc061798fa6c2142776288438aa24	0	337417	player	libopenmpt	Digital Symphony	4	70512	cd618f7c	d9768989	ROCK/SOFT/FORCE1
2dd619ad623b94f546d0f3121ce957e1	0	186921	player	libopenmpt	Digital Symphony	4	33324	031e2944	1599a4f3	MISC/05/AFTRAIN
2e36d70a35302efb80e6239d80fb2134	0	216637	player	libopenmpt	Digital Symphony	4	25544	ed10a2ac	49a78320	MISC/01/REFRESHED
2e36d70a35302efb80e6239d80fb2134	0	216637	player	libopenmpt	Digital Symphony	4	25544	ed10a2ac	49a78320	MISC/11/REF
2e38de0085a903c913920f2f0fc53df9	0	168708	player	libopenmpt	Digital Symphony	4	57892	c10ccf85	72654f92	ROCK/CYBER/NIGHTFALL
2e548442d98e87b3d11002686c4b3214	0	203217	player	libopenmpt	Digital Symphony	4	59596	1b9d759b	d9893041	DEMO/02/INTHEWOODS
2e54e2975ce36e261ff806f1f5e6631d	0	396218	player+silence	libopenmpt	Digital Symphony	4	126580	28a53b3d	9269dac4	ROCK/SOFT/GOAWAY
2e58c83389b1e3b79193d6c52d1edcfc	0	115028	player	libopenmpt	Digital Symphony	4	61832	4b47e56c	bc02be1d	DEMO/03/MOONRAIDER
2e58c83389b1e3b79193d6c52d1edcfc	0	115028	player	libopenmpt	Digital Symphony	4	61832	4b47e56c	bc02be1d	MISC/12/MOONRADR
2e66098740a81b935e5d16e19cb675f6	0	299460	player+silence	libopenmpt	Digital Symphony	4	99552	6726b231	fb294d31	DANCE/ACID_TEKNO/TEKOTRANCE
2e8962a527fb1e1bb48b989e571cd51e	0	240601	player	libopenmpt	Digital Symphony	4	97964	1927fd7f	fa4cf1c1	DEMO/03/ODYSSEY5
2eb73208183b568148ada080b07c245e	0	102247	player	libopenmpt	Digital Symphony	4	13616	9529080a	13ffdcdf	DEMO/01/LEXSTACY
2eb73208183b568148ada080b07c245e	0	102247	player	libopenmpt	Digital Symphony	4	13616	9529080a	13ffdcdf	MISC/01/LEXSTACY
2eb73208183b568148ada080b07c245e	0	102247	player	libopenmpt	Digital Symphony	4	13616	9529080a	13ffdcdf	QUICK/PULSE/LEXSTACY
2efba4c889d41e61d953733f7d619a70	0	30674	player	libopenmpt	Digital Symphony	4	19064	f6d99ae8	3daee91b	DEMO/01/SLL9
2f565c599e8b086f2df2cfaf50b633ac	0	71573	player	libopenmpt	Digital Symphony	4	34064	f2792675	78697465	MISC/14/UPSIDDWN
2f6a7c555c64b8c8c1e2fd1709cf1f1c	0	173848	player	libopenmpt	Digital Symphony	4	36812	ccafbd3e	58ff51b6	DEMO/05/SUBSPC
2f867cac63273afe67adc4b96b67567e	0	269038	player	libopenmpt	Digital Symphony	4	40632	6d732f79	78ca5d36	MISC/05/BTALTITL
2f867cac63273afe67adc4b96b67567e	0	269038	player	libopenmpt	Digital Symphony	4	40632	6d732f79	78ca5d36	MISC/11/BTALTITL
2f8cbe4354f7d5111ea396f9e3d3537b	0	203217	player	libopenmpt	Digital Symphony	4	96176	0e6318fa	57825096	MISC/12/MADHOUSE
2f8f6907f9cf17e4321575b026cc08c3	0	186124	player+silence	libopenmpt	Digital Symphony	4	92192	ad93f0be	5bc73a8b	QUICK/BEAT/DEKKA2
2ff73a99343760aca6c41b7308d7f8ec	0	253966	player+silence	libopenmpt	Digital Symphony	4	36936	5046d0b8	6514c344	SOFT/PAINO/SHELLEY
3005777424251e47b7825e6997401e67	0	191714	player	libopenmpt	Digital Symphony	4	26688	1f4c82fd	53897f25	MISC/03/CARVUP
3023cc0cdebee8afe9e496dfbc98d33c	0	216457	player	libopenmpt	Digital Symphony	4	91076	26f9474c	70fb6c1f	MISC/11/BRAIND
30b8fdb686d45fdfe5813cb80cf11fca	0	124704	player+silence	libopenmpt	Digital Symphony	4	102428	007bb69d	86afdccb	DANCE/HARDCORE/SCREWUP
30c902edf22cfe77c1b3b77f843c7e7d	0	268888	player	libopenmpt	Digital Symphony	4	401852	27a12f3a	54d17311	SAMPLE/MIX/MOOGY
30e1787086a5dd38d96fce85ebc0efef	0	435849	player+silence	libopenmpt	Digital Symphony	4	127748	7ff572a7	9d198c40	DEMO/05/NUMBER1
30f113c4069fa0d95dbd1b8ad3c8efde	0	124614	player	libopenmpt	Digital Symphony	4	31872	abdd107f	b8a07403	DEMO/05/OHNOADEM
3118c53952ff72255e4efe89adaa8492	0	475451	player	libopenmpt	Digital Symphony	4	63560	22e9c4f8	53fd19ae	MISC/06/DECORE
312bcc7366ca5c389831526b5238b7b6	0	145702	player	libopenmpt	Digital Symphony	4	30420	3c992728	661d62e0	MISC/12/BGNOISES
314621817d7ba8d031ff1cd494dd5a70	0	256317	player	libopenmpt	Digital Symphony	4	114520	0bda1a60	7637bfc0	MISC/07/EPSONIC
3149d227ec5695fe81c5d2c8146126df	0	265304	player	libopenmpt	Digital Symphony	4	82504	77826b4c	fdf2be79	MISC/09/ICE6
3154dcbc61fd782b38784f7672992e05	0	153371	player	libopenmpt	Digital Symphony	4	37864	67ff4458	70b2853a	MISC/05/AFL
315c29933b97c6ea593a7ab22170efdc	0	226841	player	libopenmpt	Digital Symphony	4	185672	84957b9c	f5e1f698	DEMO/01/RUBICON
3164ec21ef0dce71419ea2fcc1b1d56d	0	112472	player	libopenmpt	Digital Symphony	4	81364	ea2b38af	44b436d1	MISC/07/DIGITAL3
3165955deb6930d64d63a98c34604ef0	0	315899	player	libopenmpt	Digital Symphony	4	118860	6d91ffdd	f3e28dee	MISC/11/GO_PHE
316868807c86c1e91cc3d2a876d4e380	0	233891	player	libopenmpt	Digital Symphony	4	42832	d2577be3	befc50c4	MISC/10/LVTBRAIN
316a70703184b550787cca14dd5e6823	0	401555	player+silence	libopenmpt	Digital Symphony	4	75628	4ef1cdf6	915cba1b	DEMO/01/PRIMETIME4
31734dbcbe9aac872d0650f5443115fa	0	119981	player	libopenmpt	Digital Symphony	4	94996	5f7a222b	ec0c8a00	MISC/04/BEYOND3
317391f3c8fb8609b601db5d0d8b9f9d	0	25082	player	libopenmpt	Digital Symphony	4	6884	4c31b950	4e2945d6	FUN/FAMILIAR/CAN_CAN
31b16a10d64ecf50d860e72a37ef1bbe	0	176377	player	libopenmpt	Digital Symphony	4	51288	3e794c7f	bc876b4a	QUICK/POP2/FYC
31dbabc8e88e3e926d7a0b2db7a198d7	0	161039	player	libopenmpt	Digital Symphony	6	21232	caa9b0cb	29529bb9	QUICK/SMALL/LITRESPECT
31df2936eef438d6bb4ffb29c106db36	0	360422	player	libopenmpt	Digital Symphony	4	54584	92b1c497	99a92b30	SAMPLE/MIX/FIGHT
31e06c1a56adafa847a0d8ab9732a434	0	127969	player	libopenmpt	Digital Symphony	4	88276	064ec25a	bf443373	ROCK/HEAVY/NEWWORLD
31e793e158177a6bf3dd0ffa6e0aa0ae	0	236583	player+volume	libopenmpt	Digital Symphony	4	65992	1d9ee705	2746ec3f	DEMO/05/REDHOT
320699dd5d66264e9a8b6401285f6518	0	298182	player	libopenmpt	Digital Symphony	4	66168	45a6c776	3d2ba507	ROCK/HEAVY/DYERSEVEME
327b084efecebbc6a08bf7c1766aa46e	0	134927	player	libopenmpt	Digital Symphony	4	55172	dc66e412	95235ffc	DANCE/ACID_TEKNO/SEXAPHONE
32860cccdd83b63c2aeb09a5b9605abf	0	74393	player	libopenmpt	Digital Symphony	4	289596	50a68052	e6afab01	SAMPLE/VOCAL/FROMCHILD
328c2d0399029cd7a64fb3e1225646ce	0	205773	player	libopenmpt	Digital Symphony	4	33120	e6343a8e	bf6b7c9a	MISC/10/LNINJA2
32b347dae75c4566acaab65a40406694	0	129087	player	libopenmpt	Digital Symphony	4	28004	ee7997fb	2445ecb4	DEMO/03/IMPATIENT
32cc3378d07dcd9f3f77ee5310d3e4a0	0	115028	player	libopenmpt	Digital Symphony	4	18876	b8e1b550	ecf64bc7	MISC/06/CREPPOC
32d097d341c75305755c8555cdfcc7e5	0	120779	player	libopenmpt	Digital Symphony	4	68328	110547fd	8b7b7cae	DEMO/02/STYGMA
3325fe4909c4549a6d79bde981bc14ce	0	195528	player	libopenmpt	Digital Symphony	4	86740	6021bc2a	115751b2	QUICK/POP2/MOONDANCE
33b9e3532a7910cbc211e563a6da2c6b	0	235169	player	libopenmpt	Digital Symphony	4	49840	dbb74c37	7857086c	MISC/12/MOLECULE
33d2b61ec17c15a7b8b3b9fdf3621fe1	0	170206	player	libopenmpt	Digital Symphony	4	120484	b60ff0e3	fa733092	DANCE/DANCE1/YO_AFRICA
33d2b61ec17c15a7b8b3b9fdf3621fe1	0	170206	player	libopenmpt	Digital Symphony	4	120484	b60ff0e3	fa733092	SOFT/NEWWAVE/YO_AFRICA
33e0bf7eb5cfa58f70ef3d08c6613798	0	234975	player+silence	libopenmpt	Digital Symphony	4	73236	fe6b9bd0	5a0fc820	DEMO/01/MELANCHOLY
342470728f9baaaf1f6999a7faf9a028	0	145702	player	libopenmpt	Digital Symphony	4	148744	7f3f0f8a	628b8d81	ROCK/SOFT/BERLIN
34285528e7ba32c61a1771bf1f323f1a	0	66460	player	libopenmpt	Digital Symphony	4	11248	c233b861	44787bd2	MISC/03/AQUA
342b841d6cccad3e65fb276e78bb1a18	0	76685	player	libopenmpt	Digital Symphony	6	19960	4bfce6e0	7bf55f06	FUN/FAMILIAR/ABBA
34393f90f4d2e7e624a20b5051f51190	0	176377	player	libopenmpt	Digital Symphony	4	34688	3ad15f11	608d4917	MISC/02/JOHN1
3452f3a5526ca2a850f9bcfe8bf44281	0	156247	player	libopenmpt	Digital Symphony	4	86612	a2c7f6ad	39f1481d	QUICK/POP/MAZZ
345a705b6e71fd31e01a849c78bd06ee	0	196842	player+silence	libopenmpt	Digital Symphony	4	35552	e5fe5ac8	a49623dd	SOFT/MELLOW/EATINGGL
346860702654c417c420459ea071f777	0	234964	player+silence	libopenmpt	Digital Symphony	4	105372	0ed8fa88	2808f6e4	DANCE/DANCE2/MACROCOSM
346860702654c417c420459ea071f777	0	234964	player+silence	libopenmpt	Digital Symphony	4	105372	0ed8fa88	2808f6e4	DEMO/01/MACROCOSM
347cb65bc0194361468b279305cbb411	0	153304	player+volume	libopenmpt	Digital Symphony	4	34936	6644dd1e	a3a7052e	MISC/12/MODLAMB
348067a32e6a52d475dec76ab619361e	0	107359	player	libopenmpt	Digital Symphony	4	38696	4b8d5258	b7920ac2	DEMO/02/ENDOF
348067a32e6a52d475dec76ab619361e	1	7668	player
349f46b9ab796fed86c0615c0a968edb	0	204856	player+silence	libopenmpt	Digital Symphony	4	196768	a22f2ab9	871b6460	VOYAGES/SCORES/JOURNEY
34a4f8b26ff6b7936fa8998bdfad8b23	0	143865	player	libopenmpt	Digital Symphony	4	227248	ed56fe5f	67f3b1a8	SAMPLE/MIX2/PUBLIC
34b04ae3032fb98e11b2184c2b9b64cd	0	163596	player	libopenmpt	Digital Symphony	4	25984	4a1ca022	17128e49	MISC/10/LOSTPATR
34ddee4490ce02059809f0754db16e94	0	53679	player	libopenmpt	Digital Symphony	4	12052	c81553e7	6a9bb521	DEMO/05/MASTER
350de3ebfb267e0a570db3f213869d28	0	133898	player+silence	libopenmpt	Digital Symphony	4	72668	65bb0c1d	5e1ad332	SOFT/JAZZFUNK1/YEAR3000
350fed8612f4deaa1a45c45709edfb78	0	187864	player+silence	libopenmpt	Digital Symphony	4	27820	3efc18a1	0d05dabd	MISC/02/V42
351f708ba836844eb6e297e7c7bab47e	0	99691	player	libopenmpt	Digital Symphony	4	25720	07e06c1b	c634e199	QUICK/BEAT/SAMBA_DU
354929d1fffd8358f0554ebd1ed0cd2e	0	215842	player+volume	libopenmpt	Digital Symphony	4	37896	2852f0c9	da6d23ea	QUICK/BEAT/KRESTMASS
354ca50897597e8b898f60ad2bbb55e6	0	102247	player	libopenmpt	Digital Symphony	4	63904	e118aeb6	6ccfc4b8	SOFT/MELLOW/DEJAVU2
3576364341e40ce7d16d71400e42d380	0	92022	player	libopenmpt	Digital Symphony	4	126628	8f30ed6a	3737903a	SAMPLE/MIX2/MEGAMIX2
35d2e67e948f823678260cd78588d5e4	0	30674	player	libopenmpt	Digital Symphony	4	69496	d030789d	406e59b8	DEMO/04/XPROJEKT
35fd1cdbb1e2de8176f94744b96e2e19	0	253062	player	libopenmpt	Digital Symphony	4	52784	0bf82539	b7413b6e	MISC/08/HYMNAURO
360ab7ee7e6b7507230774cd9f0b00f3	0	306323	player	libopenmpt	Digital Symphony	4	100412	f1c7ff72	29fc9993	MISC/04/BOMBOFLU
3610ee02b3058c40edad984a4533e98b	0	247809	player+silence	libopenmpt	Digital Symphony	4	79696	608c914f	7f385318	QUICK/POP2/GUITAROUS
3610ee02b3058c40edad984a4533e98b	0	247809	player+silence	libopenmpt	Digital Symphony	4	79696	608c914f	7f385318	SOFT/STRING/GUITAROU
361859c935290aafec86fb70b9834d35	0	442320	player	libopenmpt	Digital Symphony	4	74620	05504624	1dba44bd	ROCK/HEAVY/FRAYEDENDS
3623c5f26bcc29b1dc135e9105111456	0	138034	player	libopenmpt	Digital Symphony	4	32756	4e1580e0	54f099a4	MISC/07/EBYT
362db71e8419e573b2efd99d6e93db52	0	314650	player	libopenmpt	Digital Symphony	4	84364	a832da78	3f0ee804	MISC/08/HALLUCIN
362db71e8419e573b2efd99d6e93db52	0	314650	player	libopenmpt	Digital Symphony	4	84364	a832da78	3f0ee804	ROCK/SOFT/HALLUCINTN
364a55fdebbbde3809d4d962650cff22	0	90230	player+silence	libopenmpt	Digital Symphony	4	27968	b18b9ce1	e18364c4	MISC/01/PAST
3656549fe889aa71d66cb4f844c5578d	0	379594	player	libopenmpt	Digital Symphony	4	141832	c363ba5f	c6661fe2	MISC/09/IVEFALL
3656549fe889aa71d66cb4f844c5578d	0	379594	player	libopenmpt	Digital Symphony	4	141832	c363ba5f	c6661fe2	SAMPLE/MIX/FALLEN
3681ea452bdbd3fb9d030fc77cb37db0	0	348919	player	libopenmpt	Digital Symphony	4	80848	5d93afe5	3f471cd2	MISC/10/KINDFRTH
3681ea452bdbd3fb9d030fc77cb37db0	0	348919	player	libopenmpt	Digital Symphony	4	80848	5d93afe5	3f471cd2	QUICK/BEAT/EARTHKIND
3681ea452bdbd3fb9d030fc77cb37db0	0	348919	player	libopenmpt	Digital Symphony	4	80848	5d93afe5	3f471cd2	SOFT/JAZZFUNK1/KIND_EARTH
368eb51dec4165c8cf48cd9c110ec433	0	482560	player	libopenmpt	Digital Symphony	4	112828	ca824520	99309fe6	VOYAGES/SCORES/WANDERER
36a4b9b8826c435db7b97c9e66ebd13f	0	61348	player	libopenmpt	Digital Symphony	4	67200	d49f0d3b	34220462	DANCE/RAVE_PLUS/DRAVE
36c634f6fe8ed585ce72a60d8535be9a	0	191714	player	libopenmpt	Digital Symphony	4	94720	7825d538	9e138a98	SAMPLE/MIX/AYEAH
36cd01edc761b366e915b8e1a13b1da1	0	199382	player	libopenmpt	Digital Symphony	4	44436	6790f569	4e1ed0cc	QUICK/BEAT_MAX/GOTTA_S
36e4d989b3dfe4893df744c6be63a366	0	20988	player	libopenmpt	Digital Symphony	4	39348	830db259	1d315d1e	QUICK/SMALL/UNDERW
36ed946b6a8bdb41a9ece4dabba3e31c	0	181489	player	libopenmpt	Digital Symphony	4	186148	0c7f0372	9b87cbb1	SAMPLE/VOCAL/IHAVEPOW
370cccee6cdc9f4c1c383e4b27ec03a1	0	238354	player+silence	libopenmpt	Digital Symphony	4	111648	7c1fb661	7b3d13ca	DANCE/DANCE1/TECHPARDY
3717355715da49dcd1c3933fdf4c23a4	0	238168	player+silence	libopenmpt	Digital Symphony	4	37412	64b4b0a8	83f59903	DEMO/03/BEACHHD2
371f747a0219fd800184ad6f3507b048	0	122697	player	libopenmpt	Digital Symphony	4	52568	8db51e24	979d5fc2	SOFT/MELLOW/FAIRGHAI
37436631dd6b05ed804ee779f01f8412	0	358246	player+silence	libopenmpt	Digital Symphony	4	79248	7e264ac5	7338675d	DEMO/05/OBERHEI2
374430824ac43f750f730d6b9ddfc446	0	291405	player	libopenmpt	Digital Symphony	4	52100	11ad9893	cb16a80e	SOFT/MELLOW/FANTASIES3
37492b8c9447ba1c041cdd9d81bbd2c9	0	319546	player+silence	libopenmpt	Digital Symphony	4	242476	d4a816e1	20644b86	DANCE/RAVE/PANDEMIC
3757cf3ddc2f34375b8348d4a600fd07	0	233916	player+silence	libopenmpt	Digital Symphony	4	328944	3d2b215e	43520ace	DANCE/ACID_TEKNO/WHOISELVIS
375b9e20e57f3810266147fb107c2e27	0	306117	player+silence	libopenmpt	Digital Symphony	4	71604	142b49c1	dc0812af	MISC/14/REALIZE
37757373e459b717454dc179a9a627e8	0	306958	player+silence	libopenmpt	Digital Symphony	4	155680	976fde60	82d21acf	DANCE/RAVE/CHAKRAFUTR
377b8164218fd5b611d442b93f533a79	0	46011	player	libopenmpt	Digital Symphony	4	5444	9fe43a0d	27ddedf0	MISC/09/INTROGHO
377b8164218fd5b611d442b93f533a79	0	46011	player	libopenmpt	Digital Symphony	4	5444	9fe43a0d	27ddedf0	QUICK/SMALL/INTROGHOST
37ba37193460166d85fdc1f95411df15	0	62367	player	libopenmpt	Digital Symphony	4	31740	b09ad632	92ee966d	SAMPLE/MIX/FLIKFLAK2
37bccf8e3cefa64b26bc26a553bf7e18	0	239154	player	libopenmpt	Digital Symphony	4	222900	ce3aba25	4f3a35e0	DANCE/DANCE1/TURN_ME_ON
37d17f3bdf50a8d9ef11f220c57eb5e9	0	177016	player	libopenmpt	Digital Symphony	4	94708	0237faff	2bb08504	QUICK/POP/PYTHON1
37d9491848091775935296e09a5bba59	0	197815	player+silence	libopenmpt	Digital Symphony	4	92108	8391e753	e54bb8a1	DEMO/02/RED_TEAM
37da9c5657b5f97a5cbd5afda919b454	0	61348	player	libopenmpt	Digital Symphony	4	27212	01e7ff22	1fb6d570	FUN/FAMILIAR/LEMMINGS5
37e280199f800df03d47c6c434811d4e	0	253062	player	libopenmpt	Digital Symphony	4	13280	6439026d	1d126ab2	MISC/05/A
37e280199f800df03d47c6c434811d4e	0	253062	player	libopenmpt	Digital Symphony	4	13280	6439026d	1d126ab2	MISC/09/INGAME
37efed75b78d0bd6ecf029c1c65755ef	0	251049	player+silence	libopenmpt	Digital Symphony	4	68792	320faee2	4e7509d9	DANCE/ACID_TEKNO/MABUSE
380cca1928dfe1a985466c61411105d5	0	92661	player	libopenmpt	Digital Symphony	4	54880	8c6c9d62	0a855262	MISC/05/CONSUMAT
380d7614437b2384424c38e9406de855	0	207051	player	libopenmpt	Digital Symphony	4	61208	9e99494f	36c74c36	MISC/10/LIMBO
383399f970a07fe6d0e53997c5966987	0	307911	player+silence	libopenmpt	Digital Symphony	4	266064	4af19e98	267b9e97	DANCE/RAVE_PLUS/MDOIN8R
383399f970a07fe6d0e53997c5966987	0	307911	player+silence	libopenmpt	Digital Symphony	4	266064	4af19e98	267b9e97	MISC/06/DOMIN8R
383b5d035051011dcf0679150f569568	0	363714	player+silence	libopenmpt	Digital Symphony	4	138024	d68144be	9ef53b3c	ROCK/HEAVY/SUBSTANCE
38499c43930d669fe7c8096a74a5d247	0	121727	player+silence	libopenmpt	Digital Symphony	4	43104	2ca2b50e	fd353a95	DEMO/01/BUT_END
38523c9bc3d2f1f326f7404fcdea45af	0	344923	player+silence	libopenmpt	Digital Symphony	4	186968	7a582312	f08ad1d0	SAMPLE/MIX2/AFTERFIGHT
38540f4b17c813d1b981e83e70265b07	0	232613	player	libopenmpt	Digital Symphony	4	102264	e6d171e0	b4744636	DEMO/04/VECTORUP
3864b92cd4756fa881fe9bf05c977866	0	253397	player+silence	libopenmpt	Digital Symphony	4	46852	9535e847	b4808992	MISC/07/DEVA
3869bc647b55d692e3c2218a91bacc5e	0	306742	player	libopenmpt	Digital Symphony	4	95352	5901fd1b	36e64d63	SAMPLE/VOCAL/HAMMER
386ee10ec7de2aec0d27c4124cbb55b7	0	340507	player	libopenmpt	Digital Symphony	4	154428	08cd8794	5b09d1b9	SAMPLE/VOCAL/BASSBINS
38a54d0353b027cbff520941d94372cf	0	117584	player	libopenmpt	Digital Symphony	4	34648	c79f43ad	5d6fbb46	MISC/10/LIOTHS
38d1cc4f2cf1212fa6c5b04ecd082bfc	0	194889	player	libopenmpt	Digital Symphony	4	123612	a5e950f0	4ea5a644	MISC/08/GIB_BB
38d40a32e737119a26bc92db32aac70c	0	42177	player	libopenmpt	Digital Symphony	4	7652	ca9403ab	20b40485	MISC/02/FIRSTSTRIK
38d49a7a4c38eca27a204bd844774196	0	159758	player+silence	libopenmpt	Digital Symphony	4	100360	509bc9b0	1dda1765	QUICK/POP2/GLOWRIA
38eb7467683ef25e523e5030ed2c6184	0	6390	player	libopenmpt	Digital Symphony	4	564	8cb25530	6654452e	QUICK/SMALL/FUNKCHI1
39039dd5e7618d898b444f1606a491b8	0	113789	player+silence	libopenmpt	Digital Symphony	4	65276	393b9de7	09b7a9e5	SOFT/JAZZFUNK2/HUBALUBA
391fe21b9ea7798c4334617acaf2c819	0	214719	player	libopenmpt	Digital Symphony	4	172604	1ae2e270	10b38085	SOFT/MELLOW/DEVOTTE
394a00c1a78aac12604dd81366f39236	0	171584	player	libopenmpt	Digital Symphony	4	137964	d8ed8a78	5a9c343a	SOFT/JAZZFUNK2/ACIDJAZZ2
3975c660d6c6a22518aa9fa40edd4b38	0	238771	player+silence	libopenmpt	Digital Symphony	4	91992	a1365d95	332a08fd	SAMPLE/MIX/ACIDBANA
398f032c8ff9de0d6d300b15ab73c3a1	0	161039	player	libopenmpt	Digital Symphony	4	32824	1a8a4d64	b4ec7039	DEMO/04/HEMI
3990ad73b2e5fda939f6bf74538c77a5	0	371384	player+volume	libopenmpt	Digital Symphony	4	109080	86d26550	7a756005	MISC/10/SPACEDEL
39d68e683d2333ec57c9c2caf59468da	0	191118	player+silence	libopenmpt	Digital Symphony	4	52604	b377afda	f816bb90	DEMO/01/MOEBIUS
39de5ff2e2caa195b85d41cac8baf1bf	0	185643	player	libopenmpt	Digital Symphony	4	45788	19dfce40	7a3ef70a	MISC/14/UNIVERSE
39e5240312e5452cfc0d579def9d190c	0	11343	player	libopenmpt	Digital Symphony	4	15076	fa45c8ee	c2c7f2f2	DEMO/05/SUMMER
3a049053ca435796e122297f6de04d44	0	276068	player	libopenmpt	Digital Symphony	4	84964	dff5dc20	b5832288	DEMO/03/BLADESWE
3a049053ca435796e122297f6de04d44	1	7668	player
3a17340fa3dd26cce7444c76bf9e4552	0	264859	player+silence	libopenmpt	Digital Symphony	4	52356	6ee180a9	a572a78c	SOFT/KEYBOARD/POORMOUTH
3a18369bcbc5c4b5a05c323960d97447	0	302908	player	libopenmpt	Digital Symphony	4	153780	2fb7bfd6	882fd0ce	DANCE/ACID_TEKNO/ADRNCHROME
3a18369bcbc5c4b5a05c323960d97447	0	302908	player	libopenmpt	Digital Symphony	4	153780	2fb7bfd6	882fd0ce	MISC/05/ADRENOCR
3a1dd935eae3b719296526031b8df4c4	0	226861	player	libopenmpt	Digital Symphony	4	50292	fb49772e	7f6200e0	MISC/15/2BPLAYED
3a2ae5c9435aa38ae034337d4969b263	0	120779	player	libopenmpt	Digital Symphony	4	18808	74e9986a	dfb8ccea	SOFT/BLUES/BLUES
3a2ae5c9435aa38ae034337d4969b263	0	120779	player	libopenmpt	Digital Symphony	4	18808	74e9986a	dfb8ccea	SOFT/BLUES/BLUESPAINO
3a401a507460a968c0852bbcb1ef42c4	0	297272	player+silence	libopenmpt	Digital Symphony	4	134480	4991211a	ba53171e	DANCE/RAVE_PLUS/DOIT
3a43db3c7630dcfd82eee6a58e6ca767	0	57514	player	libopenmpt	Digital Symphony	4	36004	210547e1	696dbabc	MISC/01/TINKERBELL
3a442fbab9a8278b28f1ecab432a725f	0	322379	player	libopenmpt	Digital Symphony	4	73040	d12a24f5	1c79e9ba	MISC/06/DISTANCE
3a4b98494e783ff8d4417414617fd75f	0	149537	player	libopenmpt	Digital Symphony	4	43300	6b7fb719	71470ba6	DEMO/03/BIONIX
3a5b1085778fdec8954e5a3dfb651cd6	0	369049	player	libopenmpt	Digital Symphony	4	91092	a64232bd	c62758af	MISC/07/ENFORCES
3a61b54ac5549f00cbd98e49f2a7b12b	0	84354	player	libopenmpt	Digital Symphony	4	3876	2ceba653	ff153170	QUICK/SMALL/REMEDY
3a68149602b34e3b571fa4b6db1632f8	0	161039	player	libopenmpt	Digital Symphony	4	131780	703e4eff	db0f2eaa	MISC/08/HELTER3
3a89f9494acd121ada4345195897024a	0	147676	player+silence	libopenmpt	Digital Symphony	4	36276	c58b281a	62cbe901	QUICK/BEAT/JAMMIN
3a8ee7b7d401438d35591a07b6595049	0	40899	player	libopenmpt	Digital Symphony	4	9412	1cdce2da	98ef2b10	MISC/12/WORLDMAP
3a8ee7b7d401438d35591a07b6595049	0	40899	player	libopenmpt	Digital Symphony	4	9412	1cdce2da	98ef2b10	MISC/13/WORLDMAP
3a9180a620dc40a231cba2d5653beb7a	0	195305	player	libopenmpt	Digital Symphony	4	97972	9d38dab3	99c204eb	SOFT/PAINO/RAGTIME3
3a9c8459dcfa7e565dbcb245e0a36dee	0	99691	player	libopenmpt	Digital Symphony	4	30196	46d868cc	ef50705d	MISC/07/FANTASI1
3a9d407d64d2ce46173789b2e5d1c4a4	0	29365	player+silence	libopenmpt	Digital Symphony	4	75548	c90c760b	75e1d13e	QUICK/SMALL/EEIRIE
3ac87871a9854769d109135e243ea4cf	0	233891	player	libopenmpt	Digital Symphony	4	127212	25e24a61	063daa4c	SAMPLE/MIX/BLOODYWKR
3b18f6f08fb3b7ac91f73af1c61bd838	0	208968	player	libopenmpt	Digital Symphony	4	54816	6e0583f0	992bc6c4	MISC/03/AUDIOVIS
3b2afd97d5a5e30e4bb17735b4c1a1a7	0	368091	player	libopenmpt	Digital Symphony	4	88376	59c25666	002b9fd0	MISC/10/LETTHERE
3b309b98356da8c4a4087c425691aa5e	0	142467	player	libopenmpt	Digital Symphony	4	80260	31ff565a	e7d5ad89	MISC/13/NONAMNDD
3b3ec14752558f37df9f0d74c9d9a3a7	0	198823	player	libopenmpt	Digital Symphony	4	100988	6aa4ca92	4f826c67	ROCK/HEAVY/TONGUE
3b48254f24139e25124efec82a52e63f	0	134604	player	libopenmpt	Digital Symphony	4	42624	dd60570d	e24ec361	QUICK/BEAT/COLLECTION
3b563889650188e5223bfec55080d3e0	0	216756	player	libopenmpt	Digital Symphony	4	58284	f0ea0c81	b79ce0fc	MISC/07/FACING_N
3b7ac629dd1420df748be47f50ae6d61	0	249228	player	libopenmpt	Digital Symphony	4	112364	2368de46	776baee2	DANCE/DANCE1/FRONTIERV2
3b844403a4bc1a8c23e482efee4ac75e	0	209767	player	libopenmpt	Digital Symphony	4	86568	12767ef5	f8ca8c6d	MISC/02/HELLSDITCH
3b8e5f1461e38f4bcb2f5f36e3f4f45c	0	351617	player+silence	libopenmpt	Digital Symphony	4	119228	71f07baf	2d71aa9f	SOFT/JAZZFUNK1/DRAGONSFNK
3bbc0cb351e148faa56da9b4fb604f09	0	153371	player	libopenmpt	Digital Symphony	4	57544	be442f39	3c9935a3	SOFT/PAINO/WHY
3bf3fbef64b2c0c440761ff9a1fee33b	0	213167	player+silence	libopenmpt	Digital Symphony	4	72644	160f6250	4e395b64	MISC/07/EXCTASY
3bfdabda8cad05d783501a6ec4e1a071	0	286313	player	libopenmpt	Digital Symphony	4	95204	53ceb603	d2814c86	DEMO/04/DEMOMOD3
3c09e29db0621eceb57327f07973f3fc	0	242819	player	libopenmpt	Digital Symphony	4	274492	03f878ac	0246cf48	DEMO/01/IN_ORBIT
3c0d62ac7aa3738dbb541980876f72d7	0	239642	player	libopenmpt	Digital Symphony	4	64968	a5023dd3	a983d685	MISC/04/CHANT
3c11b9376c5bdc607384758c64080eac	0	309298	player	libopenmpt	Digital Symphony	4	100712	04470fd8	ac8bfde7	MISC/12/MESSAGE
3c7dcc50119e4b6470ea3a77fc9a57ad	0	201558	player+silence	libopenmpt	Digital Symphony	4	231320	407c46c9	ff829a84	SAMPLE/MIX2/PUMPVOLM
3c83543df8b9061155fefa52b1207bf9	0	149250	player+silence	libopenmpt	Digital Symphony	4	110464	d9dc59a7	ec53acdb	SOFT/JAZZFUNK1/FLWRPOWER
3c9cde9f83d496ab659f0adfffc45f23	0	63265	player	libopenmpt	Digital Symphony	4	4428	6e1a9979	2996b9a4	MISC/13/WINKOFAN
3cb20b89a6d87bb50f38d4743d693b54	0	105632	player	libopenmpt	Digital Symphony	4	76924	3339d088	1a38f81c	DANCE/RAVE/AGRESSIVE
3cb26b5edf9ef1caccd24ba05a0c637b	0	72851	player	libopenmpt	Digital Symphony	4	39136	be39be17	e70334f2	SOFT/BLUES/BLUSBRS2
3cee14d3270eafbf5d01e7d106a5d922	0	138034	player	libopenmpt	Digital Symphony	4	37156	bb1126ea	2d496d2d	MISC/02/ULD
3d07c97f4bb8195df09478de7f7f8fdf	0	258325	player+silence	libopenmpt	Digital Symphony	4	134696	c1128b73	93f7eab1	VOYAGES/SCORES/SUPREMEBLK
3d0838bde9b032db3670719d1194b9f7	0	126231	player	libopenmpt	Digital Symphony	4	169232	ff8b6ec8	60f5c58f	MISC/13/PHANATOS
3d09525b3397a5228dc17559007f7ee7	0	331845	player	libopenmpt	Digital Symphony	4	85796	69b9d5cc	42a7b088	MISC/14/UCBEMINE
3d14e6fd94af6126caeaf997ec02b7cd	0	168708	player	libopenmpt	Digital Symphony	4	65344	9618d86d	48c0ad1c	DEMO/01/JOES14
3d1b5cbfaf6db5c1fe71fcbec6a5d2d6	0	90025	player	libopenmpt	Digital Symphony	4	60796	ce1d9590	483b119b	FUN/FAMILIAR/BREATH
3d28ebd54a899d0d6a1583ce955c73a7	0	123595	player	libopenmpt	Digital Symphony	4	49960	e1b061b5	7e15060c	MISC/13/WALKWITH
3d3b0a2fd05bd3ebf9cb502dcb7b0eb8	0	311586	player+silence	libopenmpt	Digital Symphony	4	242204	dff76764	f520d5e0	DANCE/RAVE/AKIRARAVE2
3d62d1f31203ba1f14f791fd0217cbd6	0	273758	player	libopenmpt	Digital Symphony	4	209016	a0d42d04	1ac8c63e	MISC/06/DONTNEED
3d83b269cc1b9f332e4eb4186d8dae85	0	252287	player+silence	libopenmpt	Digital Symphony	4	71072	0689c4e5	c4a30cf1	MISC/05/ANDANTE
3dd36d2d0355aa46a3bd12211366aaf0	0	279862	player	libopenmpt	Digital Symphony	4	38812	024bfd8b	7c68ee63	MISC/01/MADNESS1
3ddf5ae5f1374386292e0be8210f5d57	0	180643	player	libopenmpt	Digital Symphony	4	56180	fa5d5019	cf048303	MISC/01/DJ_XMAS
3de8785c49d9cffe17c32bae77acde0e	0	53679	player	libopenmpt	Digital Symphony	4	23356	bc268724	c35b43ca	DEMO/04/VECTORWO
3dea511341496cb2fcc404631f12985a	0	95356	player	libopenmpt	Digital Symphony	4	117320	087d3c1a	18829b07	DANCE/DANCE1/JOES01
3e0653fc017be733d23b802ceb8b20ec	0	98413	player	libopenmpt	Digital Symphony	4	56212	63fb965d	f17be8cc	MISC/11/CORNYEST
3e22b479424fd50de1ccd95eaf2ec7ab	0	306455	player+silence	libopenmpt	Digital Symphony	4	119908	804aad8d	ca222ac6	VOYAGES/EPICSCORES/THRUTIME
3e4a36c5f95c091dd027e97889bb3c8f	0	438480	player+silence	libopenmpt	Digital Symphony	4	60872	67002d13	6512f0df	VOYAGES/ENVIROMENT/SMOPHORIA
3e5b6828f181f1cf7026a751947b37f3	0	198104	player	libopenmpt	Digital Symphony	4	146668	607dc0af	62e28eb4	DANCE/HARDCORE/BASSLINE
3e70aceda207633f4f53e18ceaf3d432	0	38062	player+silence	libopenmpt	Digital Symphony	4	119000	d917a6aa	c4e7c7e0	MISC/05/BUTTWILD
3e82c4c3d5e6734f8f25a62a872314bf	0	344925	player	libopenmpt	Digital Symphony	4	59292	5dd94804	3c6e8a29	MISC/14/IMPOSSAMOL
3e902c659b5b04f024480876a609acd5	0	122697	player	libopenmpt	Digital Symphony	4	25852	47e51383	74d9aa9f	MISC/10/SPEEDSTO
3eb98afde63d9102308788a9ec77899e	0	150546	player+silence	libopenmpt	Digital Symphony	8	20580	bdbe5d1a	5b501439	FUN/FAMILIAR/FROGGY
3ed4180c87a073f5744d39508afa5c05	0	294290	player	libopenmpt	Digital Symphony	4	214584	fc85066c	68aa8362	DANCE/RAVE/SAD_BOY
3ee404367d564fd3098b79cc403f1fd8	0	196507	player	libopenmpt	Digital Symphony	4	78672	9ff2e3d6	88ec5694	SOFT/KEYBOARD/INGENA
3efc2434d49ba4c6c3895939df3c6ad8	0	330182	player+silence	libopenmpt	Digital Symphony	4	137896	1139a3cc	7128630f	DANCE/RAVE/RUNAWAY
3f0863c560d7c429d9c0c7ba8b515014	0	414382	player	libopenmpt	Digital Symphony	4	122660	6ec0a1b8	0bc6eca0	VOYAGES/SCORES/LONELYNESS
3f0863c560d7c429d9c0c7ba8b515014	0	414382	player	libopenmpt	Digital Symphony	4	122660	6ec0a1b8	0bc6eca0	VOYAGES/SCORES/LONLYNESS
3f0a60b07b356f1a9716b6200b383649	0	171224	player	libopenmpt	Digital Symphony	4	218552	e93d3ce7	21bd575a	ROCK/SOFT/REPUBLIK
3f1370cd3ef82c55771e4c0a15175cc6	0	92022	player	libopenmpt	Digital Symphony	4	38608	c6a7573d	9f3d5eae	MISC/13/WHATONEA
3f25692e5b0262192bc8b7cd37ab3663	0	194989	player	libopenmpt	Digital Symphony	4	131324	b7c52ca8	74486ba4	SOFT/JAZZFUNK2/BIG_BAND
3f39b9c457b6d4795db485e78b6666ff	0	76805	player	libopenmpt	Digital Symphony	4	38424	814974b3	1b62af38	SOFT/KEYBOARD/AFFAIR
3f3b65d8ca8a8b7e17eaec3af93de035	0	239482	player+silence	libopenmpt	Digital Symphony	4	89120	3ccae61c	baf8d300	MISC/12/THATSALL
3f43712cb12bc133d2146349917d6a52	0	294121	player	libopenmpt	Digital Symphony	4	61160	1e76703b	c209bf46	MISC/09/INTRODUC
3f4952bdb59724768e6c6f3997eb4ac8	0	172542	player	libopenmpt	Digital Symphony	4	91016	b23be800	e246c03d	MISC/04/BPOPPED
3f4d65246168bb28eb62c9c5ba3f9a0b	0	191714	player	libopenmpt	Digital Symphony	4	63560	d443c8b0	5cad5ec0	QUICK/BEAT/NITELITES
3f51dd9bb9f57fc70084fa27625f5aa1	0	297192	player+silence	libopenmpt	Digital Symphony	4	75936	329089f7	52449361	MISC/10/SPACY
3f853f3e822eeca79267997ef1111faf	0	46011	player	libopenmpt	Digital Symphony	4	13368	3ce3cc56	bba1efd6	MISC/10/LOONCRED
3f96035c6a76886bf7a3db4bafb4e190	0	268399	player	libopenmpt	Digital Symphony	4	54656	a8188a5c	a7d10c7c	MISC/11/STORIESN
3f9df7e063f55627244969f390f68a1e	0	301089	player+silence	libopenmpt	Digital Symphony	4	207392	4e750c4e	65214515	ROCK/CYBER/GODOFHEL
3faaf271c6150cc4fedf415b659bc93c	0	111194	player	libopenmpt	Digital Symphony	4	161448	81effc95	a4d69eeb	SAMPLE/MIX/CLINT_ON
3fba9603ee7ecb8815b581ece5b5551d	0	201299	player	libopenmpt	Digital Symphony	4	93504	bb0fa55f	2bcf617d	MISC/04/COLD
3fbc23057ab5e4379f6391f72223251b	0	197612	player+silence	libopenmpt	Digital Symphony	4	166676	c37662ef	bd4e7f14	SOFT/JAZZFUNK1/REALMOTIVE
3fc19023ab55a1fbe5fd507563a69e62	0	232911	player	libopenmpt	Digital Symphony	4	77440	db5a1b20	ab13f4fe	ROCK/HEAVY/ANGIE
3fd8f70492d67eb7b80427f0f37ba303	0	140590	player	libopenmpt	Digital Symphony	4	75796	91eec0b8	a3f600bf	ROCK/HEAVY/RSI_HARD
3fe56ce8a5157deff99f3988108b7c83	0	236147	player	libopenmpt	Digital Symphony	4	115940	19829176	1fd880c0	VOYAGES/SCORES/TO_THE
3fe5944b52a5ebd7902dc1095fb77eb1	0	138034	player	libopenmpt	Digital Symphony	4	38828	3d606150	5e18d0e6	MISC/06/DUMBUM
3febee31105d4618fa756fd3c8bb646a	0	210773	player	libopenmpt	Digital Symphony	4	335160	c9543722	3c5c147b	DANCE/RAVE/ONE_STEP
401e8b9a4bc6ddaa270c2d984c249614	0	160041	player	libopenmpt	Digital Symphony	4	77024	5cb2b871	370215bc	QUICK/POP/OWE
402535a317148a21c1025f67ff66caec	0	84354	player	libopenmpt	Digital Symphony	4	32996	b1e31388	38b2c326	DEMO/03/GAMETUNE
403b936a405cd7d66b78a322582e1b22	0	183050	player+volume	libopenmpt	Digital Symphony	4	81964	a630ff67	4a5f1b37	DEMO/02/MOLDOVA
406d37830a76817d2b84a4b85710ccbd	0	191846	player	libopenmpt	Digital Symphony	4	625500	aa66196d	a4496df8	SAMPLE/VOCAL/TRIBALDNCE
407651b104614ac26bdfc6506885a987	0	133967	player+silence	libopenmpt	Digital Symphony	4	187000	a5b9ef26	9db2da63	SAMPLE/MIX2/MANX
408b243119fee6b7e17361135d14a486	0	328521	player+silence	libopenmpt	Digital Symphony	4	112532	a187a9f0	87b0e58a	DEMO/02/WHACK_BONK
409039effbd5e9cc0bb5bcf898b3337d	0	238162	player+silence	libopenmpt	Digital Symphony	4	172980	030308ad	8765a341	MISC/11/LAZYNI
4092433ab67452a1cfa7d8fc282b9761	0	257012	player+silence	libopenmpt	Digital Symphony	4	250764	2745a26a	ef320a2d	QUICK/POP/BIOMEC
40af18dd33286abf647352c72ecf73d8	0	263926	player	libopenmpt	Digital Symphony	4	49640	6bfed047	a88d449f	VOYAGES/SCORES/SCOOPEX
40bff4269390956ec5a1673f3fff1214	0	149327	player	libopenmpt	Digital Symphony	4	71144	835467dd	e52aa9bc	QUICK/POP2/ORGANIC
40c519bea5ced3386cba8dba7d731683	0	309498	player	libopenmpt	Digital Symphony	4	90560	b6696c0e	6e79a373	MISC/04/COLUMBNT
40c519bea5ced3386cba8dba7d731683	0	309498	player	libopenmpt	Digital Symphony	4	90560	b6696c0e	6e79a373	QUICK/POP2/COLUMB
40d55215e6cc09f0a6feb1494477f021	0	231654	player	libopenmpt	Digital Symphony	4	79156	80da067d	4f0d3eae	SOFT/MELLOW/TANKER
40e17753bf48dd6137cc6135d75080bb	0	202677	player	libopenmpt	Digital Symphony	4	119580	c3cf526e	a143b069	MISC/13/WALKABOU
40e5edf1df0d406cb219ed21533c10fb	0	258095	player	libopenmpt	Digital Symphony	4	76764	5248c135	ab7631c8	MISC/06/DARKSUN
40f1ea32d105cf277a80222b52bbc2a4	0	205856	player+silence	libopenmpt	Digital Symphony	4	109628	a4c4fd39	8abb7303	DEMO/05/MOLECUL2
40f5095b4ee644c45df0d21aac865771	0	229028	player+silence	libopenmpt	Digital Symphony	4	226528	2141e111	44013543	MISC/11/MENTAL
40faa327e868cdcb38e044154293b5e2	0	40899	player	libopenmpt	Digital Symphony	4	21040	ea572040	fc751918	MISC/13/POMP3
40fda67cdc7e4e85b2dd328f811e3e7e	0	207051	player	libopenmpt	Digital Symphony	4	48128	b3553fe2	3e9dd3e2	MISC/10/LINK
410b2e2fb0af62e8d855f8180ebd26c9	0	357866	player	libopenmpt	Digital Symphony	4	96616	4f38c198	85b1ccb5	QUICK/POP2/FOCUS
4137330c10f0842999ab593fb8d25145	0	199382	player	libopenmpt	Digital Symphony	4	23804	b8835800	269f81b3	MISC/04/CEBIT
4140d4b1f5c6b33a07d02f576d37ecea	0	139785	player	libopenmpt	Digital Symphony	4	30592	bf651748	3db6c389	SOFT/MELLOW/LAGUNE
414f7e5fac0b8c4657372e676469bf2b	0	102726	player	libopenmpt	Digital Symphony	4	194072	52fb7546	2512bba1	SOFT/JAZZFUNK2/BLOWUP
41613057b725776056c8bd5a977a3955	0	245394	player	libopenmpt	Digital Symphony	4	104876	3f36a8dc	9ba6c624	MISC/08/GNGBCKTM
416157707e6976a3efec5335e3ee17af	0	226222	player	libopenmpt	Digital Symphony	4	57164	ee842ffc	ad615272	QUICK/HYPERPULSE/FUCHIA
4175b996001a6feb7876eec67a73b63b	0	36425	player	libopenmpt	Digital Symphony	4	40388	cfcc45dc	68bca4d1	MISC/14/CAMPTOWN
418517a7631e2604e6db8cf067d3bd3b	0	215385	player+silence	libopenmpt	Digital Symphony	4	155756	5e267697	79a07602	DANCE/RAVE/KANNIJEE
41977d4ebb4668f18294a35444956736	0	233348	player+silence	libopenmpt	Digital Symphony	4	110220	0f5f9c43	a2b9f614	DEMO/02/STARDMEM
41a34a3effa0e1469e2d749b5ce540c0	0	171333	player+silence	libopenmpt	Digital Symphony	4	22096	b825503a	1831de25	DEMO/01/SIGHT
41f62fc5284215ffec68a0d5c9b0bc96	0	75150	player+silence	libopenmpt	Digital Symphony	4	248532	6822d598	e2afe54b	ROCK/HEAVY/GOTTALOVEU
41f6b6218d91e4eb7ed51677539af6ca	0	380811	player+silence	libopenmpt	Digital Symphony	4	97168	35e5e357	ac628000	MISC/10/LIZARDKI
41fde0b3476599ad01a8412545a3ae43	0	183822	player+silence	libopenmpt	Digital Symphony	4	73176	f2c34792	a6058c5b	MISC/04/BIGTHING
4203db71f61a6d1c64c7f74a698babc1	0	161039	player	libopenmpt	Digital Symphony	4	96464	4603b4ad	9dbbe1dc	MISC/11/NONSEN
4222251ddce0a99433918d29943d4c6d	0	249228	player	libopenmpt	Digital Symphony	4	135308	6f85329a	004efbff	SAMPLE/MIX2/W_RITUAL
422a7b1d3e21f7142db6885cd94cd29c	0	152987	player+silence	libopenmpt	Digital Symphony	4	78872	6a87792c	5e94c8bc	MISC/06/DADSHAMM
42301c4091c9e5d13e5164acbdd83a55	0	92022	player	libopenmpt	Digital Symphony	4	34392	50deee81	daee4523	DEMO/05/KILROY2
423921a018bf7cb6877e3da9857a8923	0	361760	player	libopenmpt	Digital Symphony	4	161352	a1507903	6dd24195	DEMO/01/TEKHARMONY
424af4a6f412ee1a498754f48306193d	0	165124	player+volume	libopenmpt	Digital Symphony	4	76108	42252c76	8174c63e	SAMPLE/MIX/GIVEITUP
425c94fee3edc521534ebfb245c2cd91	0	193162	player+silence	libopenmpt	Digital Symphony	4	28184	b1a1a8b5	96dc82a9	DEMO/05/SCROLL
425c94fee3edc521534ebfb245c2cd91	1	23005	player
42600e4ddd0c9b04a9989417818335a9	0	324851	player+silence	libopenmpt	Digital Symphony	4	179532	d866d660	2bde842b	QUICK/POP/MIXIFI
426c1c5f5acd131ea223e5e2e60825c4	0	141363	player	libopenmpt	Digital Symphony	4	238768	048e6436	84de32a3	DEMO/01/IN_FACE
428282d2d43587fe9ebd2d269be7f052	0	337498	player+silence	libopenmpt	Digital Symphony	4	91508	6a28659e	06a255b7	MISC/03/FIRSTSTRIK
4282f4f06077a5e296fbf24e15077bd1	0	92345	player+silence	libopenmpt	Digital Symphony	4	28244	80cb07e1	be96ea04	SOFT/MELLOW/KIKKAWAL
42834ed9d453db1f4f1b1d20c72bb9a0	0	180212	player+silence	libopenmpt	Digital Symphony	4	55648	b73bb92a	43a35768	DANCE/DANCE2/EXPULSION
4289f94d37e9a1e817eaea0186351d83	0	245394	player	libopenmpt	Digital Symphony	4	83720	dc2ea563	b0844136	DANCE/DANCE1/DEEPINS
429e09a4c4b71b36daecfe947883fb2b	0	633276	player+silence	libopenmpt	Digital Symphony	4	111700	35d13a73	df14160c	SOFT/MELLOW/DIGIEXPR
429e09a4c4b71b36daecfe947883fb2b	1	10224	player
429e09a4c4b71b36daecfe947883fb2b	2	10224	player
42a044906c0bd67eac7f5dab9d8d645e	0	253062	player	libopenmpt	Digital Symphony	4	74604	5e1157fa	00d6564f	MISC/03/GETENFF2
42b8728a3dd7b50a011937f31d9d656c	0	153371	player	libopenmpt	Digital Symphony	4	67004	340a0c21	125e1013	DEMO/03/16RASTER
42b8728a3dd7b50a011937f31d9d656c	0	153371	player	libopenmpt	Digital Symphony	4	67004	340a0c21	125e1013	MISC/15/16RASTER
42dabae5c31e6b67635849af48f5f77d	0	80899	player	libopenmpt	Digital Symphony	4	62088	eea8ec57	91e5e6b2	QUICK/PULSE/FLUSHED
42e551dc6908f45b050f23fce1fbab0c	0	122757	player	libopenmpt	Digital Symphony	4	63040	dc726402	99b1a82b	SAMPLE/MIX/MORE_PILLS
42f62aa1ce54a066333c706f1a8fc290	0	228941	player+silence	libopenmpt	Digital Symphony	4	84652	8b719111	93ac532e	VOYAGES/SCORES/THNDRFORCE
43245e6f7b0855b561abce4bcb806ccf	0	336320	player+silence	libopenmpt	Digital Symphony	4	429360	02ff079e	5e926bb8	FUN/TVFILMMIX/TERMNATION
432bcbb7cf4b805887c31f15c41ac206	0	177943	player+silence	libopenmpt	Digital Symphony	4	142928	732d88ca	c5a08523	SOFT/JAZZFUNK1/SOUL_STREE
433e02a6ba0febb1e886c3fb8e6fa608	0	276068	player	libopenmpt	Digital Symphony	4	52156	139e891b	ce8dae6a	QUICK/BEAT/AXK1
433ef7eebd6709a71f98ba6711c1deb7	0	184045	player	libopenmpt	Digital Symphony	4	45580	a00a1774	dc58f3e7	SOFT/MELLOW/BLIGHT
434e7d75a0dc017c3a0ad309cc3d5f4d	0	187250	player+silence	libopenmpt	Digital Symphony	4	165976	0e21c4d0	0307d684	SOFT/MELLOW/STARLIGHT
435183579ae0cae0f1fdb0faed0d9248	0	429503	player	libopenmpt	Digital Symphony	4	96156	a56e7b5f	f248daf4	DEMO/01/IMAGEWOMAN
435183579ae0cae0f1fdb0faed0d9248	1	38342	player
43572d2be595930e2a2ed090686e5fda	0	76685	player	libopenmpt	Digital Symphony	4	47988	ed92ea6b	f76b4004	MISC/02/PAT
43658e63e316951ef4ec934b6ccd6483	0	314411	player	libopenmpt	Digital Symphony	4	148120	567c9f61	e88e1938	MISC/09/IWANTIT8
43719dbceaa527119eac826133acb75e	0	232932	player	libopenmpt	Digital Symphony	4	122580	218351dd	102c0962	MISC/11/PANINA
439ebccfa17e8ed9f045d24fbad016dd	0	297602	player+silence	libopenmpt	Digital Symphony	4	52400	266e1bab	f8310b5e	FUN/FAMILIAR/LETSHEAR
43c1435ed71345692cc4324296608ef5	0	273056	player+silence	libopenmpt	Digital Symphony	4	105296	35d22980	d83e9d40	DANCE/DANCE1/FREEDOM
43d5015164933e96c98ccee716daec74	0	61348	player	libopenmpt	Digital Symphony	4	4576	be7d324a	95f5bf75	MISC/09/INTMUZ4
43ebab378236ab9f490e981025db96ed	0	71092	player	libopenmpt	Digital Symphony	4	121984	2628153e	3f0c9788	DANCE/RAVE/JOES00
43edf60a5e6e2de8abbe6118c91c5a9e	0	99691	player	libopenmpt	Digital Symphony	4	28032	6451ea2c	e2007746	DEMO/04/ZETA
43f6641cc690ef3a6dd6d6f29ef555ad	0	246229	player+silence	libopenmpt	Digital Symphony	4	50120	da733467	a3ff5ec2	MISC/05/ALPHVLLE
4447894ecba3b1dd02f38e7a00d84ec0	0	304186	player	libopenmpt	Digital Symphony	4	58024	d507ac06	0b735573	ROCK/CYBER/IGELKOTT
447744829fd95cfb8d008bc0328da86f	0	159122	player	libopenmpt	Digital Symphony	4	27416	6bf4885b	5d4784fc	MISC/12/RANDOMENCO
447c405b385f40c0dd679cf24c7ad765	0	153371	player	libopenmpt	Digital Symphony	4	104852	2043dd40	3e32d382	QUICK/BEAT/UTTERWEIRD
447f2cd6709222d2cf4ddcf05aa51d69	0	76685	player	libopenmpt	Digital Symphony	4	4848	f2ddd615	89c39c6d	MISC/08/GUF
449d6e89f23b48eb2cc89d64176f5f6a	0	107359	player	libopenmpt	Digital Symphony	4	140084	621d3b62	2b1426e5	SAMPLE/MIX/DIGIMIX1
44becf873bbf9991448c4dc04c825a68	0	125577	player+silence	libopenmpt	Digital Symphony	4	181772	3c38d705	3e998500	SOFT/JAZZFUNK2/DEFASMSS
44c659c9e03e10358b530662de94cbe9	0	342655	player+silence	libopenmpt	Digital Symphony	4	99504	2554c424	8523ecc2	QUICK/BEAT/FLIP_FLOP
44c75f547b6e08741a8a069b14624a3a	0	355718	player+silence	libopenmpt	Digital Symphony	4	88120	b9ccffaa	10abcfd1	DEMO/03/BIOLOGIC
44ef90776c8809be6c0257fb9a7cc03f	0	138034	player	libopenmpt	Digital Symphony	4	46140	06a198f2	6a8b06c8	MISC/09/INDUSTRY
451e02b7a6bad9d0ce1db36ec4525d25	0	109616	player	libopenmpt	Digital Symphony	4	245384	7011f928	2ec814a3	MISC/05/AMIGA
451fba1a7ab063b1caf9c4317828e2b1	0	236696	player+silence	libopenmpt	Digital Symphony	4	56264	0e248d70	afe91656	MISC/10/SPACE
4527e7115d7a33d8bd27856957ccb042	0	130365	player	libopenmpt	Digital Symphony	4	41064	87e63b10	f167cddc	MISC/11/COMPLI
45377bf19a6adbab9069a940dc95cb93	0	148965	player+silence	libopenmpt	Digital Symphony	4	95268	58687005	d1553d0d	SOFT/JAZZFUNK2/BOMBJAZZ
453de8ca940ce1ea9a292777a2b353eb	0	257175	player	libopenmpt	Digital Symphony	4	62680	1aa94983	3adb428b	VOYAGES/ENVIROMENT/ISMAKTEN
455802fca458f2c01d9832a29c699610	0	223344	player	libopenmpt	Digital Symphony	4	172844	8237b346	b48b9146	DANCE/HARDCORE/REIGNOFT
455fca0073aa889fb9e72e07c470e55b	0	449874	player+silence	libopenmpt	Digital Symphony	4	104684	bcc35f3a	82f7621e	MISC/01/EURO16
45af4e88802faf38d31a3b82a75ccbe4	0	279223	player	libopenmpt	Digital Symphony	4	67840	d5792de4	6663f47d	MISC/10/SPASMAST
45b101f6dd7159abba7d6320792269f8	0	107359	player	libopenmpt	Digital Symphony	4	40268	bb30a6c0	6d16fcb1	MISC/04/GERM
45ea6bb0622badcb4c42a9b33717a9e4	0	99691	player	libopenmpt	Digital Symphony	4	54444	9beca224	a2035357	DANCE/DANCE1/LE_GRIND
45eca657d6b7cf23db200bb351566b4a	0	139951	player	libopenmpt	Digital Symphony	4	110168	5c33da19	8ca41eaf	ROCK/SOFT/LIVEPROOF
45f44e963655eb0f52bc605cc793886f	0	150631	player+silence	libopenmpt	Digital Symphony	4	44140	de6a9d5a	717eafaf	MISC/10/SONIC
460cc474db2e9d4a7e63255395d6d908	0	126691	player	libopenmpt	Digital Symphony	4	141596	c9770559	744b501e	VOYAGES/SCORES/GILLIGAN
460cca8295d9c51a0e0f979220d4f92c	0	65182	player	libopenmpt	Digital Symphony	4	45060	0fe6eebb	066b4ae2	QUICK/BEAT_MAX/DREAMWORLD
460f20d808006cef672748dd06d7f376	0	155747	player	libopenmpt	Digital Symphony	4	93504	18252c0a	4410e5df	SOFT/JAZZFUNK1/MINDRIOT
460f20d808006cef672748dd06d7f376	1	117904	player
460f20d808006cef672748dd06d7f376	2	7828	player
461f9ccaaf56deb3f31b624d169b147f	0	322723	player	libopenmpt	Digital Symphony	4	147016	3953d995	ac7d56a9	VOYAGES/SCORES/AEVIAS
46350eca5d18edc86938fce9e39dbda5	0	166633	player+silence	libopenmpt	Digital Symphony	4	111744	78101649	e69c89c9	MISC/07/EMOTION
46379b4dabab8e0ee33a219757a09357	0	142805	player+silence	libopenmpt	Digital Symphony	4	48424	42ef86cf	076d720b	MISC/13/RAA
465755cda217e0286aacc6638bb48269	0	223950	player+silence	libopenmpt	Digital Symphony	4	83084	d2d7f216	be0dc52d	ROCK/HEAVY/IG_METALL
46921157d043ced69517a53537f19c50	0	208456	player+silence	libopenmpt	Digital Symphony	4	438548	7d5365a7	ff85381b	DANCE/DANCE2/HITMEN
46c6a1ff32d4478d8f97f462a2dfc33d	0	196548	player+silence	libopenmpt	Digital Symphony	4	72320	03a6f63c	4b5c606c	DEMO/04/YUMMYGAB
46d69a8bf039b276c20aa951de85f110	0	138992	player	libopenmpt	Digital Symphony	4	39688	26dcba33	2b26d105	DEMO/01/NOY_HOZO
46e58ed757a38fa363bfec207b553caa	0	180211	player	libopenmpt	Digital Symphony	4	41068	f71dca88	09bbf562	ROCK/SOFT/PC90
46f046f0b4a12741e497574c866f50d3	0	146199	player	libopenmpt	Digital Symphony	4	289524	d53565fc	3dcb84fb	SAMPLE/MIX/LONDONMIX
46feb4f5a821065ce0c16d5c064624d4	0	122697	player	libopenmpt	Digital Symphony	4	74028	39dce46b	93f6e657	DEMO/04/BOLDEAGL
4708000475006023ae24ef326216ecd5	0	31952	player	libopenmpt	Digital Symphony	4	50736	e82a3fed	721ec49f	ROCK/SOFT/HEAVYDUTY
4776130cfa7bf73c47d865e926fe81c1	0	116306	player	libopenmpt	Digital Symphony	4	16320	86af8a4b	e0064898	DEMO/05/MID
4776130cfa7bf73c47d865e926fe81c1	0	116306	player	libopenmpt	Digital Symphony	4	16320	86af8a4b	e0064898	QUICK/SMALL/MIDDLEALTA
47869ea2f8d1fdd03d9d0c421c10413f	0	249228	player	libopenmpt	Digital Symphony	4	96412	976ddeb4	891b9e9b	DANCE/ACID_TEKNO/REACHTEC
47881caf10f14f46171da78d383fd276	0	117584	player	libopenmpt	Digital Symphony	4	5008	09e8244e	36ccf091	MISC/12/MEL1
479e42f54015e0338511b144a333cf53	0	307940	player	libopenmpt	Digital Symphony	4	78948	5903cb5b	3d4077c6	FUN/FAMILIAR/XMASMIX
479e42f54015e0338511b144a333cf53	0	307940	player	libopenmpt	Digital Symphony	4	78948	5903cb5b	3d4077c6	MISC/02/XMASMIXUP
47b35d7a2fbdc0664eafb2e450024019	0	268399	player	libopenmpt	Digital Symphony	4	65024	a3a545d3	c5cfcbdf	QUICK/POP/SUPERI
47c29cf5a2cf7f47ff0035720f91f48b	0	237987	player+silence	libopenmpt	Digital Symphony	4	250596	901599fc	0f86eaa3	SAMPLE/VOCAL/911
47c40c510ed12222836f92dcad082970	0	138034	player	libopenmpt	Digital Symphony	4	21368	9350a9ec	92d430cf	DEMO/03/BLIRG
47c946531270a0f6e1cd495cf89a2da0	0	158728	player+silence	libopenmpt	Digital Symphony	4	93660	570a0338	8dc9f323	SOFT/JAZZFUNK2/REALJOR
47f96600a0b7e973952949055d0df6a1	0	257224	player+silence	libopenmpt	Digital Symphony	4	161432	ff813f47	a7a2c3f5	SOFT/NEWWAVE/LIFETIME
480f2c9afb645997d42b21885d6410ff	0	255818	player	libopenmpt	Digital Symphony	4	80608	78913069	6fb42e3e	DEMO/01/PHANTASY
48233a9f7c57a1f702459deab6aef411	0	168524	player+silence	libopenmpt	Digital Symphony	4	22856	b0b355cf	48c0ad61	SOFT/PAINO/ADELINE2
4823e8750186058aee45e5149f5ec296	0	213309	player+silence	libopenmpt	Digital Symphony	4	138024	689da11e	742e1607	SAMPLE/MIX/UPTONIGHT
48520e72a704890bf05bf75219e98846	0	89626	player	libopenmpt	Digital Symphony	4	40640	332ec569	26f5e31d	SOFT/JAZZFUNK2/BUBBLEGU
485da93cf39e2a63af9dc850b470ddce	0	208651	player+silence	libopenmpt	Digital Symphony	4	120516	0ea4c8b5	777f3424	SOFT/JAZZFUNK2/ACIDJAZZ1
487caafc696d98e3dbc45c7d88372d91	0	237725	player	libopenmpt	Digital Symphony	4	70824	94d09d7c	f93f3efb	MISC/05/ADORE_EM
4882fdc85af9caf88139966e73095b6f	0	154800	player	libopenmpt	Digital Symphony	4	67720	ac3e893e	c6754030	SOFT/KEYBOARD/GREYSHADES
48ab31d6aee6623093a1821351699345	0	237495	player+silence	libopenmpt	Digital Symphony	4	354020	862129b8	b0b317bd	DANCE/DANCE2/HARMONICAM
48b3e4d76d4d8604224ac6c012d60986	0	248908	player	libopenmpt	Digital Symphony	4	47280	42cd61f2	b85495ee	MISC/03/IMPONERT
48b3e4d76d4d8604224ac6c012d60986	0	248908	player	libopenmpt	Digital Symphony	4	47280	42cd61f2	b85495ee	MISC/09/IMPONERT
48b56ff500e5e989f9d842ba5f779588	0	122697	player	libopenmpt	Digital Symphony	4	84016	ade18fc7	71dae651	ROCK/SOFT/MULTISONG
48d186cea5c778659e1c8de18adf166b	0	791221	player+silence	libopenmpt	Digital Symphony	4	79684	ba6d92bd	b634e783	QUICK/POP/SNOWLA
48d186cea5c778659e1c8de18adf166b	0	791221	player+silence	libopenmpt	Digital Symphony	4	79684	ba6d92bd	b634e783	SOFT/NEWWAVE/SNOWLAND
48fec8908e43d3b865e62aef786c7b19	0	268398	player+silence	libopenmpt	Digital Symphony	4	53452	f01e6a05	c4361999	SOFT/MELLOW/NITEDRIZZL
490ac6d6a970b1c03c13d3306e4868dd	0	130365	player	libopenmpt	Digital Symphony	4	29284	071eb45f	1341b3e9	DANCE/HARDCORE/RECALL
490ae017e064260cd7572999e68c46e2	0	171995	player	libopenmpt	Digital Symphony	4	157020	8af72d3b	a6956257	SOFT/KEYBOARD/TENDENCI
49134f68e9b91139297c324c562c977a	0	354671	player	libopenmpt	Digital Symphony	4	122044	6510b7d1	c48e3d3f	DANCE/RAVE/DIONYSIA
49296ff30940285752b898912a8d3d94	0	268399	player	libopenmpt	Digital Symphony	4	98384	c4e77d4a	d770401d	SOFT/MELLOW2/ELEVENBEAT
492cd6fcc832636f942f8a5d5cf01404	0	119901	player	libopenmpt	Digital Symphony	4	65404	d61adb91	6614defa	DEMO/01/GAMESCORE1
494199609af3c80b9c42bbd6f3bb85ce	0	314411	player	libopenmpt	Digital Symphony	4	46692	3cb389bf	c90b97c4	QUICK/BEAT/DESERT
49876ed19f37ae925b06e43ea0556fc7	0	188731	player+silence	libopenmpt	Digital Symphony	4	111456	2b2a4a8d	e9f1ee1f	SOFT/JAZZFUNK1/DESTINY
499e40bdc71a67f4388c3d332d77ea47	0	207051	player	libopenmpt	Digital Symphony	4	46628	4203fff7	8dd233bb	DEMO/04/VIRGIN
499e40bdc71a67f4388c3d332d77ea47	0	207051	player	libopenmpt	Digital Symphony	4	46628	4203fff7	8dd233bb	MISC/01/VIRGIN
49c9010c8ece6499d6b56eb3ba3e1874	0	284615	player	libopenmpt	Digital Symphony	4	91216	78b81b17	742e7e91	SOFT/JAZZFUNK1/JUNGLESTR
49cf3a4131c0865a82f15f5450c6255a	0	206132	player	libopenmpt	Digital Symphony	4	142212	454698e2	5d1cc89f	DANCE/DANCE1/FEELBASE2
49d9444d87906c50aeb52489c6aed71f	0	292773	player+silence	libopenmpt	Digital Symphony	4	89776	507d0b1a	f26b5e79	SOFT/JAZZFUNK1/JAZZMINE
49e528ce09ceccc435de7019fd2d4dda	0	262004	player	libopenmpt	Digital Symphony	4	82080	ea6b09c6	1c656781	SOFT/MELLOW/HEAVENLY
4a019c41e287d7e3cdf6a74b6896e02b	0	451129	player+silence	libopenmpt	Digital Symphony	4	197724	44d256db	6eeb30ae	SOFT/KEYBOARD/SIGNIA
4a0d1fe5ceb1f9c1b05f6e081358f7b8	0	191714	player	libopenmpt	Digital Symphony	4	30948	fe56b44c	702f13b2	FUN/JOLLY/LOTSOFFUN
4a25f7b4feb7642a6c44fff813f562d6	0	37316	player+volume	libopenmpt	Digital Symphony	4	153092	30f4f07f	882b18b9	MISC/04/BEAST2EN
4a29ae56bd2919c6ae14035bcbccd783	0	177175	player	libopenmpt	Digital Symphony	4	206332	6a0a1bd4	e36c83f2	MISC/01/GRATITUDE
4a2b09c8911f858c0283ca6ef1fdcd72	0	304546	player	libopenmpt	Digital Symphony	4	79460	4bd689bc	671faad1	MISC/02/CLEARAZILL
4a8de60fbb4387b9261175dc310d4143	0	241559	player	libopenmpt	Digital Symphony	4	53828	dec16751	4ccc5716	QUICK/POP2/BIGNONIA
4aa10be948eb8c2d566448f7aacc5a20	0	7668	player	libopenmpt	Digital Symphony	4	60612	5327a06f	90ea772f	QUICK/SMALL/UNNAMED
4aa8d0deda2f36df64a107f9ca1605c6	0	191714	player	libopenmpt	Digital Symphony	4	47480	4adaf5c7	637b6061	DEMO/03/BALL_4
4ae97548cea27ce8ee16e131dde56426	0	80519	player	libopenmpt	Digital Symphony	4	38748	d12e5d37	66d1cb69	QUICK/BEAT/THEBEAT
4aefd1c591cba78ac8966616c73f5aec	0	143146	player	libopenmpt	Digital Symphony	4	41080	0758544b	3ef6ea40	SOFT/NEWWAVE/TRANQUIL
4b0bb2cf1ec581075015e89a3d87eaa1	0	167235	player+silence	libopenmpt	Digital Symphony	4	61740	e0209e1f	df93a8b9	DANCE/ACID_TEKNO/PINOCCHIO
4b0e783f46d49feb387e5e7fd912fdba	0	62307	player	libopenmpt	Digital Symphony	4	36372	ad2ad52b	786816b0	MISC/01/FLIKFLAK1
4b26df65a65aa3b6064addf90f61b40a	0	83815	player	libopenmpt	Digital Symphony	4	72060	0347ba13	840ed1e8	SOFT/JAZZFUNK1/NEGROOVE
4b440592f5e9d5c450dd3122d736f155	0	350443	player+silence	libopenmpt	Digital Symphony	4	232060	cd282855	530a36a8	QUICK/PULSE/DRIVE
4b5236f579195e6ae798fd1018826b02	0	306742	player	libopenmpt	Digital Symphony	4	69772	23643aeb	035bca8c	QUICK/PULSE/KEFRENS
4b71490d974746658119fcbad8627f19	0	278524	player	libopenmpt	Digital Symphony	4	92872	e826cb27	691fe689	MISC/05/BRIDGE
4b71490d974746658119fcbad8627f19	0	278524	player	libopenmpt	Digital Symphony	4	92872	e826cb27	691fe689	MISC/11/BRIDGE
4b777acd57f5c0821fc783416eafaef8	0	263929	player	libopenmpt	Digital Symphony	4	100220	e43e2032	d82b1b4f	FUN/TVFILM/GADGET
4b91d87732215a8be91cfb7d1543f3fe	0	169986	player	libopenmpt	Digital Symphony	4	34084	adff5e8f	fac5c3df	MISC/14/RBTX_1
4b92124a9fbf92eaaab7e4ea3781cfff	0	284527	player+silence	libopenmpt	Digital Symphony	4	93884	334ddeec	adf3b149	MISC/04/BEZ_CALM
4bdac28b78414c82aa09293cb9d1e31a	0	130088	player+silence	libopenmpt	Digital Symphony	4	121200	5e800743	a42ab986	SOFT/JAZZFUNK2/SANITET
4be408db708eb6a4069a1cbdff19f136	0	142245	player+silence	libopenmpt	Digital Symphony	4	23848	0ecbfdf6	f6edf5f3	DEMO/03/WATERFALL
4be48ad42d5ef972b00813f29b0e7140	0	279569	player+silence	libopenmpt	Digital Symphony	4	138984	1e5f94c6	f11a35ef	DANCE/ACID_TEKNO/CYBER_RIDE
4c09bde8d5617b7eea75cba45fc2dc98	0	217575	player	libopenmpt	Digital Symphony	4	136416	8f344c62	a93a79a7	MISC/09/HOMYDONT
4c75bb16399af563b53f551e84e230c6	0	233139	player+silence	libopenmpt	Digital Symphony	4	21828	d4ff1935	06572bf6	MISC/03/AWAKENIN
4c8e54fa103550df9ba47cb83f3f63d6	0	102247	player	libopenmpt	Digital Symphony	4	4072	25132d1c	dcb07f26	MISC/04/CLOWNO
4c940c5856434b650d420e23e8959cca	0	166592	player+silence	libopenmpt	Digital Symphony	4	64704	81009ba5	1dd7ae8a	ROCK/HEAVY/SEEKDEST
4c98d8cea2379c4cd022e8f033758157	0	456279	player	libopenmpt	Digital Symphony	4	31740	c31438c4	e4f087e8	MISC/06/CYBER
4cb579d45093fafadd1d61b69c7182db	0	325043	player+silence	libopenmpt	Digital Symphony	4	108648	dd78ef5d	1fd33edc	QUICK/PULSE/AUDIO
4cbd3b5532324fcbfb2c7115e2491173	0	76685	player	libopenmpt	Digital Symphony	4	24700	73a02f40	41ad2cd5	MISC/14/RUMBLE
4cd433adee3f481c7e025cad1402129d	0	132921	player	libopenmpt	Digital Symphony	4	143576	933b3920	a57e3c71	VOYAGES/ENVIROMENT/DYNGRAINFR
4cd4c63bc28496542a49039c9ab30725	0	154215	player+silence	libopenmpt	Digital Symphony	4	95792	64809bc5	f96675f9	SOFT/JAZZFUNK1/JORDANJA
4cd63b7d2dbdfdb57f895397bf1e87cf	0	143146	player	libopenmpt	Digital Symphony	4	57288	515e269f	8f99490c	QUICK/BEAT_MAX/SHADOWFIRE
4d1192aef1d8daa9cb139efe1d7d1064	0	106401	player	libopenmpt	Digital Symphony	4	72860	02edda27	a6b14bc3	MISC/05/BRUISER
4d12d94302494d6d58fa9920ff7551bb	0	134199	player	libopenmpt	Digital Symphony	4	207560	8fd92424	19c74ef8	FUN/FAMILIAR/BARTMAN
4d1b4fadfe24b89450ff057d708f9798	0	387651	player+silence	libopenmpt	Digital Symphony	4	134220	04bb9136	078555f2	MISC/09/ITSMYCNT
4d1fbaa171682a391ccbbf449815d018	0	93460	player	libopenmpt	Digital Symphony	4	102124	1f6d5314	a843ff25	ROCK/HEAVY/IRREVERENC
4d2a2444259d0328a3bbada841d33280	0	199981	player	libopenmpt	Digital Symphony	4	105348	5cd7a56a	ce1085a6	VOYAGES/EPICSCORES/WORLDSWAR2
4d47a9cbf678e3423d00608ee866c427	0	117300	player	libopenmpt	Digital Symphony	4	87820	2171a3f7	b039d0b1	DANCE/DANCE1/KAUPPAKA
4d5593fa904dfee8f389519535b72107	0	287053	player+silence	libopenmpt	Digital Symphony	4	76076	9fbb89af	38e94c53	MISC/03/ARCOFADI
4d612e6bb64370b54c2510bb14c8309e	0	319029	player+silence	libopenmpt	Digital Symphony	4	115976	a842f381	74c4454e	QUICK/POP/WILDWEST
4d966dd6c3ff230a86d6d00d3cf28675	0	201328	player	libopenmpt	Digital Symphony	4	209704	707d29e1	0018b576	SAMPLE/EXPERIMENT/STEVESPAM
4db70955ffa4eb02c7e89e3e161fabf7	0	324523	player	libopenmpt	Digital Symphony	4	345464	3ace60b4	0c75f3c4	DANCE/RAVE/AUTOTERMIN
4dbc94a9c66ba660589c140bde57f0cc	0	207051	player	libopenmpt	Digital Symphony	4	90064	d93751d8	d12d2fd3	MISC/06/COSMICAL
4dd32a95858e1d5b694eddc6b165bcc1	0	122697	player	libopenmpt	Digital Symphony	4	81860	bc36eebd	4b9eb48a	MISC/07/EMOTIONS
4df52ce36ec8f45a6d0c9c05ae531b68	0	356588	player	libopenmpt	Digital Symphony	4	87048	21fbe4cf	a12c4d22	MISC/09/INTOTHE
4e5a8a1ec7e3717680cdbb748b8246e5	0	30674	player	libopenmpt	Digital Symphony	4	1228	2df5cc40	a8ff08c7	DEMO/04/BOMBINTR
4e67d72409539e669fd5c67e67879fa8	0	122697	player	libopenmpt	Digital Symphony	4	50948	276c6dfa	d3e842e5	ROCK/HEAVY/THRASHTR
4e83885acc6e57b499ea568dffe4ca7d	0	276068	player	libopenmpt	Digital Symphony	4	64776	fbacdc69	ebb8e890	QUICK/POP2/COGITO
4ea9425cfda5b451809a7d75ff49b004	0	227165	player	libopenmpt	Digital Symphony	4	547780	3e6b0072	05518ef8	SAMPLE/VOCAL/MOVEONBABY
4eab595a654d758ef73be7b614a674d0	0	172753	player+volume	libopenmpt	Digital Symphony	4	63968	0912efab	47158db0	MISC/12/THEANVIL
4eb46893c01a3cccdd07656d0955e9ae	0	92022	player	libopenmpt	Digital Symphony	4	16164	ae69daad	c66b442a	DANCE/DANCE1/DANCE_ON
4ebe98668a7e487fc8e71d12225cb8d1	0	327192	player	libopenmpt	Digital Symphony	4	50800	648517eb	e38e8dfc	MISC/09/JAKARTA
4ef16d10380d96a51607049c7a9dc565	0	138034	player	libopenmpt	Digital Symphony	4	34212	cdc39bad	d3b91b48	MISC/01/E1
4ef16d10380d96a51607049c7a9dc565	0	138034	player	libopenmpt	Digital Symphony	4	34212	cdc39bad	d3b91b48	MISC/07/E1
4ef16d10380d96a51607049c7a9dc565	1	61348	player
4ef16d10380d96a51607049c7a9dc565	2	38342	player
4ef4dc90634637e660d08bcf125ed433	0	304126	player	libopenmpt	Digital Symphony	4	268080	cfb802fa	7da18966	DANCE/DANCE1/HOIDEMO
4efe3760c99f8eea72077b32149beffd	0	199767	player+silence	libopenmpt	Digital Symphony	4	106980	c086acac	40d73156	SOFT/PAINO/BOESENDO
4f0e58c71a3f84991e80b71b0f4a7bec	0	159802	player+silence	libopenmpt	Digital Symphony	4	7760	d10a59a1	bc8217e8	QUICK/SMALL/4_MAT
4f1314829b3462c8e2ff4adc5b8fbb38	0	219605	player+silence	libopenmpt	Digital Symphony	4	81332	7975e391	ec37a46b	MISC/07/ENLIGHT
4f47acae60874400bfceda080b039765	0	62626	player	libopenmpt	Digital Symphony	4	66128	abccf54b	bb95b604	SOFT/NEWWAVE/MISSING
4f768b3013e6af6341b5e9139585b98a	0	251066	player+silence	libopenmpt	Digital Symphony	4	40044	60c6b4d9	d5018b8e	QUICK/POP2/LIGHTY
4f7bdc2e3c58afba7f5f2113b3104dde	0	191714	player	libopenmpt	Digital Symphony	4	23444	a763f2f4	177aed61	MISC/05/BRWINGS
4f85ac1aabde26df5268cfde6dc5d318	0	345085	player	libopenmpt	Digital Symphony	4	76216	a9cbb761	9c9e6d41	DANCE/DANCE1/SUSPENSE
4fb8dce0e85d03c118a5ead2df4fb245	0	137047	player+silence	libopenmpt	Digital Symphony	4	43520	af8e7df9	7c90ac6c	SOFT/JAZZFUNK2/WALKIN
4fc3d296cf07ce2afdc16808d3f966d4	0	122697	player	libopenmpt	Digital Symphony	4	52804	e150a015	c4bc6b97	ROCK/SOFT/BASTILLE
4fcfb4b66ee2db2958ef9ca3d0899bdf	0	62935	player+silence	libopenmpt	Digital Symphony	4	45332	9285dab7	3bd5beca	MISC/07/DELICIOU
4fdc49c9d29fd72138723a70acc97dc0	0	528791	player+volume	libopenmpt	Digital Symphony	4	105044	9cb5d07e	68f05667	MISC/01/EURO21
4fe0621deefe667cd1740879d9783036	0	115028	player	libopenmpt	Digital Symphony	4	101960	cc2f387f	69f3830f	DEMO/04/FREEZE2
50153df6bc4a80fb8d486ac92c9954c5	0	293013	player+silence	libopenmpt	Digital Symphony	4	121020	c9343348	df3596ad	DANCE/ACID_TEKNO/SYNESTHESI
50275c8a3101f1c9e700bde1ebcf2be2	0	36665	player	libopenmpt	Digital Symphony	4	27912	7be9801f	75db6ffa	MISC/08/HARDDRIV
50345701b94d1d5c17fd1003e26b1f8d	0	229155	player+silence	libopenmpt	Digital Symphony	4	85164	5612b556	2d81b96c	QUICK/BEAT_MAX/OCHKORVEN
503e2b0cc3bc7e5ac1ca0c00c89e6751	0	188139	player+silence	libopenmpt	Digital Symphony	4	69668	109bec47	9acd3f07	QUICK/BEAT_MAX/ROLLY
5050517655eb22d20abc885a550396bd	0	207610	player	libopenmpt	Digital Symphony	4	38412	2e31e368	2a5f6613	DEMO/01/MANDEFORCE
5050517655eb22d20abc885a550396bd	0	207610	player	libopenmpt	Digital Symphony	4	38412	2e31e368	2a5f6613	MISC/12/MANDELFO
50606a16c9502722eddb1a641d2fa345	0	304046	player	libopenmpt	Digital Symphony	4	108372	b4e91990	4ae3008a	SOFT/KEYBOARD/ANGELNITE
50725f91462750a85915715060972618	0	68921	player+silence	libopenmpt	Digital Symphony	4	36348	58dcf046	5b25338e	FUN/FAMILIAR/RIDEOF
50a599f39a49d60d0c865a38e8b1a64e	0	86151	player	libopenmpt	Digital Symphony	4	108432	87fd9fef	0a663edd	DEMO/04/XNITRO
50a599f39a49d60d0c865a38e8b1a64e	1	12097	player
50a7f66b51860b28926c0d0a46dcd1a8	0	288849	player	libopenmpt	Digital Symphony	4	99304	1f1ec1f7	abb5cfed	QUICK/BEAT_MAX/ANGOR
50acdb553fa23053d8663e6175b4bbb3	0	229098	player	libopenmpt	Digital Symphony	4	70824	3874f22e	1bcfc5cd	QUICK/POP/UNVEILED
50aea97dfd5ac6b6879e0adc81da1e79	0	7668	player	libopenmpt	Digital Symphony	4	476	37a91a86	952c03df	QUICK/SMALL/CHIPTUN1
50aeb9de86b85dd4700f84e7ea286be4	0	151653	player	libopenmpt	Digital Symphony	4	203740	fb15a9a5	ec52b8c6	SAMPLE/VOCAL/ONEALREMIX
50c3378ddffbfb6bfd71e097df0c9cc8	0	295479	player	libopenmpt	Digital Symphony	4	86828	1b8cb9d5	1e5a5044	DEMO/01/PHSMAGORIA
50ce411bd873c6682e49723f6c839cbd	0	200980	player	libopenmpt	Digital Symphony	4	91956	1f7e44cc	ffcc5620	MISC/14/DOCKLANDS
50fa75b2780c23b633a559c0112fe5a6	0	176314	player+silence	libopenmpt	Digital Symphony	4	28160	73037963	341c0874	MISC/01/MADNESS3
51076532fc5f060fd3af4b44a0ba1d39	0	205893	player+silence	libopenmpt	Digital Symphony	4	113964	dbe76f1f	d66ba2cb	MISC/07/ENJOYSIL
512040bc48c7369fe4cbf9ed982aef3c	0	84006	player+silence	libopenmpt	Digital Symphony	4	50412	bdcfb33f	2057ad9a	QUICK/BEAT/TANGO_LOVE
512f1a8e479661a0b0e24290cdef8f91	0	143146	player	libopenmpt	Digital Symphony	4	49264	a6367dc7	68e7cdd6	MISC/02/BECOME
513878b3bfe24959578b4ac4f0eafc81	0	190172	player+volume	libopenmpt	Digital Symphony	4	46008	1ab3e11c	aba1fde0	MISC/07/EMBOLD
513fdf6765aa0aff47a5898a2e0b07b2	0	150176	player	libopenmpt	Digital Symphony	4	26972	b98fe568	b580280d	DANCE/ACID_TEKNO/FURY_TEKNO
5144d280d89c5cb7b25e509102712b86	0	61348	player	libopenmpt	Digital Symphony	4	17692	b06211d5	74570850	FUN/TVFILM/BLUEPETER
514bdaf08e019309e32929fe26aafd1a	0	380392	player+silence	libopenmpt	Digital Symphony	4	45124	9d7dd60a	87243ae1	MISC/02/WEREDEVILS
514c17f7c9ae80bd137012a55c536fca	0	114585	player+silence	libopenmpt	Digital Symphony	4	128968	75201bfe	bc707ef7	SOFT/JAZZFUNK1/ABOVEMY
515d0a1218923e3e436a639564a3c264	0	280645	player+silence	libopenmpt	Digital Symphony	4	158896	49206ffd	95c8eb9a	MISC/04/CHILLIN
517cae3d26863ec2d2ef820bd885df07	0	157205	player	libopenmpt	Digital Symphony	4	29536	f2006180	82cba7df	QUICK/POP/SPEEDEBO
517cd5ce344574ed462f34757cf8deca	0	221127	player+silence	libopenmpt	Digital Symphony	4	58288	372c7c4e	09b69734	DANCE/DANCE1/DSCVROFSND
5183d882c5dc1fd9fad6f381ca46f429	0	199382	player	libopenmpt	Digital Symphony	4	44464	71f44d68	ecea40da	MISC/14/GOTTASWING
51a7bf3f1dba134fe1e0194b1f289b34	0	135201	player+silence	libopenmpt	Digital Symphony	4	205668	e430257c	abafdd2a	QUICK/POP/PYTHON2
51b25a1f84ca18d818acd3ba452b91c8	0	134239	player	libopenmpt	Digital Symphony	4	144616	7f2901d1	dd084b9e	SOFT/MELLOW/VAULTHEAVN
51ecc4919a92ad724dc5de4d7b34d29a	0	257291	player+silence	libopenmpt	Digital Symphony	4	85636	dafc5b38	34014505	QUICK/BEAT/OVERLANDS
51f4714808ffb5da30a28794e885396f	0	278624	player	libopenmpt	Digital Symphony	4	72696	75fda824	a39a638a	MISC/06/CYCLEDEL
51f817ef6aee2cba8c9b4320b870dda9	0	302349	player	libopenmpt	Digital Symphony	4	139136	7495e336	04f19040	QUICK/PULSE/BREATHCTRL
51f817ef6aee2cba8c9b4320b870dda9	1	7668	player
520e4deb63e883b3f878ae1057c824bb	0	204544	player+silence	libopenmpt	Digital Symphony	4	42748	1255b337	cc608690	QUICK/BEAT/COOLBALLAD
52104be10e41f7f6435acf1722a53bca	0	387599	player+silence	libopenmpt	Digital Symphony	4	113668	5123c0d5	00fe2962	DEMO/01/PSYCHOSPUG
521b837adf71e260dc6895dc122b2843	0	76685	player	libopenmpt	Digital Symphony	4	49256	9457463e	b81d11dd	ROCK/CYBER/NIRVANA
521b837adf71e260dc6895dc122b2843	1	46011	player
52258714e82abba59eaadda19fd8afcc	0	324955	player	libopenmpt	Digital Symphony	4	61112	71f86c7b	fde460c9	MISC/10/SPACESON
522bc7ab6abec072f52fc9db79a253fc	0	252469	player+silence	libopenmpt	Digital Symphony	4	91620	8871b9d0	5f774870	MISC/15/12THWAR
5236d31e6bedae8316e84a4f4539a9ba	0	223627	player+silence	libopenmpt	Digital Symphony	4	182044	d7706894	ae4128c5	ROCK/SOFT/DATA_ERROR
5265e7d8fa1d00592a6df1a0470c6e07	0	203809	player+silence	libopenmpt	Digital Symphony	4	91920	99f665a5	c9a0a17b	QUICK/PULSE/UPLINK
52728b43c1eeeec6d9364773763f7dce	0	143146	player	libopenmpt	Digital Symphony	4	27032	c89c3977	7e0c85dd	DEMO/01/SILKWORM
52728b43c1eeeec6d9364773763f7dce	0	143146	player	libopenmpt	Digital Symphony	4	27032	c89c3977	7e0c85dd	MISC/04/SILKWORM
52b9725b041482aa23d2f8be3e4493d7	0	489330	player	libopenmpt	Digital Symphony	4	76412	d4af96fa	5a16c327	SOFT/KEYBOARD/TRAFALGAMR
52ea7e31dfa1910ce565f784f939ec0d	0	46011	player	libopenmpt	Digital Symphony	4	33456	a61880f4	73e3d921	MISC/10/KCTHREE
52eedb918446c0aaab28c264de72b266	0	168708	player	libopenmpt	Digital Symphony	4	55540	a26bad4c	dcaaa85b	MISC/06/DRONE
5304595f2a05115a376d7d87712c5c06	0	166076	player+silence	libopenmpt	Digital Symphony	4	40228	50670819	83f8dfd1	QUICK/BEAT_MAX/SUNDAY
5304595f2a05115a376d7d87712c5c06	0	166076	player+silence	libopenmpt	Digital Symphony	4	40228	50670819	83f8dfd1	QUICK/BEAT/SUNDAY
530f244816ce0b8c33be4f887577a049	0	197782	player+silence	libopenmpt	Digital Symphony	4	145924	2b64bc3e	dfc36a44	DEMO/03/ON_TRACK
533c18d9bf238a7df452ecb32ac5426e	0	128772	player+silence	libopenmpt	Digital Symphony	4	70308	3e086bfe	b715fb33	QUICK/BEAT/CHROXIAL
53491942b109605a39443cf554df9c28	0	118015	player+silence	libopenmpt	Digital Symphony	4	19496	b3451943	ab57337f	DEMO/05/NUMAN2
53491942b109605a39443cf554df9c28	0	118015	player+silence	libopenmpt	Digital Symphony	4	19496	b3451943	ab57337f	MISC/04/NUMAN2
538d5b26287811a1b3d80bcc51fb7577	0	216989	player	libopenmpt	Digital Symphony	4	113000	b36eace2	59c077b6	DANCE/ACID_TEKNO/INFLUID
5392c26c0825ab9b23467a8af0797033	0	138034	player	libopenmpt	Digital Symphony	4	143000	0516f169	68d2207f	DANCE/RAVE_PLUS/TRANCE
539b97f55ad6f56c6e3d384fbf8fd93e	0	219163	player+volume	libopenmpt	Digital Symphony	4	165488	301ff182	ab9cd1dc	SOFT/MELLOW/BONGALONGA
53bf800b1b434f98e702fe638e6613d3	0	285241	player+silence	libopenmpt	Digital Symphony	4	198860	f15b8bcb	689aa211	VOYAGES/SCORES/NIGHTTRAIN
53bf800b1b434f98e702fe638e6613d3	1	0	nosound
53bf800b1b434f98e702fe638e6613d3	2	23005	player
53edcb6603a819f8b8f2c20b6114ee20	0	161039	player	libopenmpt	Digital Symphony	4	59712	dafef0db	167d5643	DEMO/03/BANANAS
53f3a5310dd994cae9e57b111d6f0219	0	62606	player	libopenmpt	Digital Symphony	4	20744	d943d853	f2d6d2bc	MISC/13/TIGER
53f9f7e1ed2bb0e69ddb81abf0f221e7	0	330667	player	libopenmpt	Digital Symphony	4	78936	5a2b56a8	a755ac1a	MISC/01/EURO15
540948fb4f47b2610c0713c2e1f2bf2f	0	38342	player	libopenmpt	Digital Symphony	4	52844	0f0ad378	c1e88fcd	QUICK/SMALL/YOYO
540ae8fc7f2af05fa4ea4c73d137d6a3	0	240981	player+silence	libopenmpt	Digital Symphony	4	137748	34a2d2b5	b0536fd1	VOYAGES/SCORES/HARMONIES
540e9e61415c053d009eec43f5a9000b	0	920090	player+silence	libopenmpt	Digital Symphony	4	80100	d5623e23	0bc06c05	DEMO/05/NEODRINK
5410d4fa642032de0ba72acab989fbd9	0	122697	player	libopenmpt	Digital Symphony	4	67436	70831090	f5874edc	DEMO/02/DEADBURIED
5427e05aa504e1135932ecebc16a382c	0	187760	player	libopenmpt	Digital Symphony	4	77076	94b9c5c2	cd80e302	DANCE/DANCE1/DIONE_IV
543b85fdc6ac5a6a49da1c0c23e3657c	0	329468	player	libopenmpt	Digital Symphony	4	144560	a1baf198	2961f7e3	QUICK/POP2/HADRNSWALL
543df47d86a742ec057d1975ed624d65	0	211333	player	libopenmpt	Digital Symphony	4	63356	703ef2eb	cb1da5dc	ROCK/CYBER/WEASEL_PI
5447e37f16707a835de69692deb76d27	0	217412	player	libopenmpt	Digital Symphony	4	119924	1edfc52b	324236de	FUN/TVFILM/TMNTURTLES
54673e408c1ae181fad51910b2575960	0	227189	player	libopenmpt	Digital Symphony	4	198156	1ae8fd37	e4d4f7c9	DANCE/ACID_TEKNO/LOVESUCKS
548552ff07f44a210620c387b35fc586	0	172542	player	libopenmpt	Digital Symphony	4	91008	c078feb4	12906c0a	DEMO/03/BACKPOP
5485c790196c922e95ac6930e0a63132	0	240642	player+silence	libopenmpt	Digital Symphony	4	132804	f9d7d301	90615b13	MISC/05/ACID
54c2e66ed6e1bed92145f54bf9ffa55e	0	23005	player	libopenmpt	Digital Symphony	4	87384	2536e825	6ff6b4db	MISC/11/ZWARTZ
54c2e66ed6e1bed92145f54bf9ffa55e	1	7668	player
55020ee5df068aaec31eef757941315d	0	53679	player	libopenmpt	Digital Symphony	4	29044	cbdcb292	b3cc559e	DEMO/05/PALLESTH
552e1a4aad9254958062cbc6f86bd5f8	0	175661	player+silence	libopenmpt	Digital Symphony	4	27772	789dfe6b	4d0cf66f	MISC/02/CANON_D
552e1a4aad9254958062cbc6f86bd5f8	0	175661	player+silence	libopenmpt	Digital Symphony	4	27772	789dfe6b	4d0cf66f	MISC/03/CANONIND
55362969a7d849495d45a57b25031013	0	214719	player	libopenmpt	Digital Symphony	4	26192	8df121fd	16c64922	MISC/02/TGM
55415d5890a69eac48f26512b07b114b	0	155144	player+silence	libopenmpt	Digital Symphony	4	77036	1cef9417	e17401f3	SOFT/MELLOW/RELAXBONUS
5555b8b07866ed56bcc36ec4784006f2	0	204238	player+silence	libopenmpt	Digital Symphony	4	28172	eaaae864	2ba2b4b9	MISC/08/GANTAR
558320574e5d6bf006a13fb5c5eb11fe	0	286041	player+silence	libopenmpt	Digital Symphony	4	67800	6a255275	27263aa0	ROCK/HEAVY/HARDROCK
558d0f442dc0da52bf7187cd2aa4b100	0	143146	player	libopenmpt	Digital Symphony	4	39520	f08e3391	63e29ea6	ROCK/HEAVY/MARUCOMBAT
55b030b4a203593dc0b395eb7407424b	0	76685	player	libopenmpt	Digital Symphony	4	51000	2c1f4f84	f0a21eed	MISC/13/WHERENOW
55cf7421a1918a34a0ce96eaa97f46ff	0	249861	player	libopenmpt	Digital Symphony	4	47224	19708cde	74f64223	DANCE/DANCE1/FEELBASE1
55eac87349db63d11f1e7277b1759d37	0	149706	player+silence	libopenmpt	Digital Symphony	4	49360	599b3716	0f34d702	SOFT/MELLOW/SHOCKOUT
55ebd6f8e437d1fc6f7f72a3793ea1e6	0	196971	player+silence	libopenmpt	Digital Symphony	4	32688	24641a4b	3744d049	MISC/06/DEADLOCK
55fdb6d3cdb29975e79e80dfb285a9ae	0	253122	player	libopenmpt	Digital Symphony	4	101580	e0ec0654	a203a8f8	DANCE/ACID_TEKNO/CHCKNOBANC
55fdb6d3cdb29975e79e80dfb285a9ae	0	253122	player	libopenmpt	Digital Symphony	4	101580	e0ec0654	a203a8f8	DANCE/ACID_TEKNO/CHECK_BANC
55fe7bc1400ccbff27b4357dc70ea59e	0	268999	player	libopenmpt	Digital Symphony	4	71812	02b61bcf	d9c6be9a	SOFT/MELLOW/DRINKMY
5606f8c60448f278e1684564e111bbce	0	127809	player	libopenmpt	Digital Symphony	4	22376	1d639054	50cfc1d8	QUICK/SMALL/SHARING
560f7905ff9240fb632f2aa0e9ae3c83	0	138034	player	libopenmpt	Digital Symphony	4	81388	51b291fc	2ff24f9d	DANCE/DANCE1/SYMBIOTE
561140adf89b156106d483381576d813	0	355432	player+silence	libopenmpt	Digital Symphony	4	102292	169f9bb9	eb5f6b45	MISC/09/HUMANWEA
5623dcce93e99b769f412644aac52690	0	91064	player	libopenmpt	Digital Symphony	4	27800	d53aa217	25b99409	MISC/14/SUN
5625d4fa2d1eaa17f33eae5c1cbe8628	0	214719	player	libopenmpt	Digital Symphony	4	51840	d4851f85	96b3a022	MISC/15/2MADONNA
5630266d96be4c81198bc462324eff55	0	161039	player	libopenmpt	Digital Symphony	4	108192	404843f6	28395a80	MISC/01/SALOMON
566d6192764e60a6e484c21ab4c689f0	0	334002	player	libopenmpt	Digital Symphony	4	101692	cfb047e4	1cd76947	DANCE/DANCE1/CANTHELP
56b43bb8c953eb350a4c471f0ba36147	0	200660	player	libopenmpt	Digital Symphony	4	28064	d40c21f0	4e0b4891	DEMO/04/FUSION
56b489f3ea5bb77bf818ee787cfe9215	0	289168	player	libopenmpt	Digital Symphony	4	38544	0b5f2264	48d23d8e	DANCE/DANCE1/BASSATTACK
56c3e5be63b85ce4c49f654146cb29a4	0	232705	player+silence	libopenmpt	Digital Symphony	4	89208	3aed3fd0	f7c79223	QUICK/POP/SADSONG
56ce7baeafd64a55b4554d42549ce801	0	81798	player	libopenmpt	Digital Symphony	4	38260	d82075ba	d96bdb1c	DEMO/03/AUDOSKAP
57091c8727d7159ba745f77e4476ccd8	0	84354	player	libopenmpt	Digital Symphony	4	74656	e2b269d9	9720c61b	ROCK/SOFT/THUMP
572904b0b2454ed594b9791c49ca942e	0	191714	player	libopenmpt	Digital Symphony	4	23980	288ce54b	1f48bac4	MISC/10/KTHRSIS
5732865483af6d7364ff8f9027b46267	0	443498	player	libopenmpt	Digital Symphony	4	94348	f865236d	bdcbf6aa	MISC/07/DIGITAL1
576e9ea8816224bfe2f8282975a6e434	0	240959	player+silence	libopenmpt	Digital Symphony	4	56484	87ecccf9	7192765f	MISC/14/TRIAL
5771e5ba16a64a1afceef6385c688bb3	0	199546	player+volume	libopenmpt	Digital Symphony	4	288992	7e6c4c9f	effed323	DANCE/RAVE_PLUS/BITOFEON
57bc4d3aeca5f2f177b2c1c6dd0ebf45	0	244116	player	libopenmpt	Digital Symphony	4	111660	4f2bb372	7deb11b0	MISC/11/GRACHH
57d29ca133f70cbdc0f42ba13f2ecb95	0	93939	player	libopenmpt	Digital Symphony	4	50044	10320b4f	2e0b7b19	DEMO/05/SOUNDMAC
581f62c6a498f225120f51b9304ab99c	0	226206	player+volume	libopenmpt	Digital Symphony	4	58380	5ecf9afa	412a6070	MISC/01/OLD_N_GOLD
5847f03c1e03175c9ea71d5eb6a97059	0	102247	player	libopenmpt	Digital Symphony	4	102452	03517e59	2f75b959	SOFT/MELLOW/BYTHECOAST
584c61dfd5543161a4e7641a9f83acf4	0	240455	player+silence	libopenmpt	Digital Symphony	4	170392	4d4d35e6	a050db73	MISC/08/GETTHFNK
584ca5e328f5a9a4be4daf60572e2b91	0	95857	player	libopenmpt	Digital Symphony	4	20540	189dd083	05be0ede	SOFT/JAZZFUNK2/SMOKE_
58582692e9a6fd26d30ab2d9dd4df2d6	0	46011	player	libopenmpt	Digital Symphony	4	12996	865d87a6	286c8e9d	FUN/FAMILIAR/STAHND
5882e972c46a53ca7f602f158a9d9c10	0	789862	player	libopenmpt	Digital Symphony	4	253740	4255f81e	b9443591	DEMO/02/LOSTSTYLES
5899efd7d5eb224ed6144a97cf98fa68	0	191714	player	libopenmpt	Digital Symphony	4	132556	50e733b0	98f579a5	DANCE/RAVE_PLUS/HABITA
5899efd7d5eb224ed6144a97cf98fa68	1	77284	player
5899efd7d5eb224ed6144a97cf98fa68	2	5152	player+silence
58b50e236762326c5ac87a948d7045fd	0	234206	player+silence	libopenmpt	Digital Symphony	4	89320	a8cc93ab	ab49ef8c	DEMO/04/VERNAL
58db5472abdce8ada29bc8f6647e481a	0	169327	player	libopenmpt	Digital Symphony	4	60184	0e5e3f7a	7d48636b	MISC/07/DELIRIUM
58f3bf4505cf9410a77cce67a2bfe778	0	153371	player	libopenmpt	Digital Symphony	4	26504	21fa08b7	96b89598	MISC/01/PYRAMID
5938bcf2d2599060f4f8d47410f25c1c	0	201299	player	libopenmpt	Digital Symphony	4	191400	c5e5eca1	303c1aff	DANCE/HARDCORE/ANCIEN
594830eec663e4f04d56cf0da8374523	0	310828	player+volume	libopenmpt	Digital Symphony	4	84460	f39ca2a2	6e1cb6b4	MISC/05/BRIDGE2
594fefedc8bc97d32c91ae96e3d99e18	0	168708	player	libopenmpt	Digital Symphony	4	31564	377bd6f8	294e5dcc	SOFT/STRING/AUTUMNL
596217b8295419ecd3c7d51ace793a54	0	194270	player	libopenmpt	Digital Symphony	4	46640	7e7ae4e4	45d50533	DEMO/01/RIFF_RAFF
596217b8295419ecd3c7d51ace793a54	0	194270	player	libopenmpt	Digital Symphony	4	46640	7e7ae4e4	45d50533	DEMO/02/RIFFRAFF
596751a838b754c9930c73773f117f7a	0	866940	player+silence	libopenmpt	Digital Symphony	4	87420	bf55d5d5	cb6b316d	MISC/10/SOOTHSAY
597c2292a7d7154af757b02b1ec1b823	0	107359	player	libopenmpt	Digital Symphony	4	40452	bf744e07	98ef5e87	DEMO/01/SLL6
59be56e5166dc6cc284ddb6b2de420bd	0	199882	player	libopenmpt	Digital Symphony	4	75792	9b4fa3f7	e1a4742e	MISC/11/BLUE_H
59be56e5166dc6cc284ddb6b2de420bd	1	61348	player
59d0c87bce2f893a7423a26674d59a96	0	139791	player	libopenmpt	Digital Symphony	4	117944	8427d188	0f4029bb	DEMO/01/GAMESCORE3
59f813af05ee235134afa07d5df4f369	0	69017	player	libopenmpt	Digital Symphony	4	55236	2b268b0b	82d59351	SAMPLE/MIX/HURRR
5a971add8b72e78b22e651921dd92d4c	0	192353	player	libopenmpt	Digital Symphony	4	73544	80311477	fe0349f2	MISC/13/RATTRASH
5ab15d602623a57464fb0e3449a7423a	0	184541	player	libopenmpt	Digital Symphony	4	244152	f9d28859	ac64f1b4	DANCE/RAVE/CRAZYMEN
5abbd42277417f92f917aa99d9cff78a	0	214719	player	libopenmpt	Digital Symphony	4	46496	923a6786	053954a1	MISC/02/DOC1
5abd89ee274dfc28dcfbcedad970d506	0	156585	player+silence	libopenmpt	Digital Symphony	4	70100	502710ce	65e8245b	DANCE/ACID_TEKNO/FEAREXAM
5abd89ee274dfc28dcfbcedad970d506	0	156585	player+silence	libopenmpt	Digital Symphony	4	70100	502710ce	65e8245b	DANCE/ACID_TEKNO/FEAREXAMS
5ac3622baa3eb9c2a790ea2179999659	0	166690	player+silence	libopenmpt	Digital Symphony	4	42256	2e37aef5	6af16f40	MISC/03/LOTUSTURBO
5ac3e1a363b0bc56000f53246c0ac089	0	118742	player	libopenmpt	Digital Symphony	4	77120	ace18288	d787cc6a	SOFT/MELLOW/HARHAASKEL
5ace1cee0bf20fd5f764b11c4d2e4c7e	0	178773	player	libopenmpt	Digital Symphony	4	121688	0954021f	927c9c11	SOFT/STRING/BAGRASTA
5adcee062872446171db1c46bb027ae0	0	409681	player+silence	libopenmpt	Digital Symphony	4	104476	592df60d	9db41ba0	MISC/03/MANDA
5aea3ebc49716542dc2d63430be4d6d7	0	188630	player+silence	libopenmpt	Digital Symphony	4	79616	d46f74ed	842d4dab	DANCE/ACID_TEKNO/SOLIDSTATE
5af41290ec65f41de4c16f21b4c3c311	0	369403	player+silence	libopenmpt	Digital Symphony	4	67196	9061e80a	f81e8181	QUICK/POP/MEMORY
5b07195ab75238c9269323ecec7b4213	0	235370	player+silence	libopenmpt	Digital Symphony	4	85148	b83caa45	5b95c3ff	DANCE/HARDCORE/EXTAZY
5b0926013ad0b396aeac093167963589	0	119818	player+silence	libopenmpt	Digital Symphony	4	39456	06502e1a	1f5623c6	QUICK/BEAT/MYLOVE
5b149bdf340b3b6aab13800d4353a0e7	0	219033	player	libopenmpt	Digital Symphony	4	62236	830755f7	2c423f1f	SOFT/PAINO/DAYTIME
5b1934caabf24cc4c00a823ec66abbb4	0	188758	player	libopenmpt	Digital Symphony	4	86172	fb75dd02	133024e7	DEMO/02/ANIMOTION
5b24b4c5b81b1b1b1223d07de83e4fe9	0	206225	player	libopenmpt	Digital Symphony	4	65684	4d311c1d	b7bd7085	MISC/07/FEEL
5b32758eee9e4eef4fd403fb8ea0aa28	0	197612	player+silence	libopenmpt	Digital Symphony	4	166900	bf500714	fbaa5517	SOFT/BLUES/REALMOTI
5b4ddb56d452755a05e1175d598f1832	0	237973	player+silence	libopenmpt	Digital Symphony	4	445552	6219642d	baf61f81	VOYAGES/EPICSCORES/IDOL
5b51ab7955fec9e76fda1d64991a9687	0	218915	player+silence	libopenmpt	Digital Symphony	4	56184	ffd33623	babadcb3	DANCE/ACID_TEKNO/LEKTROPHIL
5b548867c099a6aa4133e542fd865776	0	122697	player	libopenmpt	Digital Symphony	4	16644	be429138	adca50e9	MISC/10/LOADER
5b786854edbbef2376ea4279e7a54f79	0	57514	player	libopenmpt	Digital Symphony	4	34732	36c9a722	cf1d7860	SOFT/PAINO/MOVEMENT77
5bbafbda48fb54a7e690d488b5f0902c	0	230057	player	libopenmpt	Digital Symphony	4	66252	4440075a	31388f1a	ROCK/SOFT/NEWBEAT
5be8a3360ea83ce54d4babd1b19e1656	0	82936	player	libopenmpt	Digital Symphony	4	14692	4517492a	c319340f	FUN/JOLLY/MAMUSHKA
5be9a4ee3361ac2047107098f65b757b	0	153371	player	libopenmpt	Digital Symphony	4	37932	e15ef9f1	c35cbf6d	SOFT/MELLOW/MYSTIQUE
5bff6db7203a632f18c7d4e2782f225a	0	204287	player+silence	libopenmpt	Digital Symphony	4	80944	b8ca9a89	55ba581b	SOFT/MELLOW/MELLOW
5c13560ba329935041efa0478a9452f1	0	319523	player	libopenmpt	Digital Symphony	4	161844	9831586c	935ff999	DANCE/RAVE_PLUS/INFECTIOUS
5c3cb2c656a1920f8bb6d4cfde7d48db	0	111194	player	libopenmpt	Digital Symphony	4	48860	83f19119	60cd840f	MISC/07/ELECTRO4
5c4337ceb1e943c881c4fc240b86d9b4	0	150926	player+silence	libopenmpt	Digital Symphony	4	56332	2544c214	fa63e4d3	QUICK/BEAT_MAX/WINNER
5c4a902a6f884b2ba64e9167b604d207	0	184045	player	libopenmpt	Digital Symphony	4	78812	c3566a6e	e7971fa9	SOFT/MELLOW2/GOODBY
5c4bb6923064c279140b47c7db805224	0	129407	player	libopenmpt	Digital Symphony	4	95532	b1ccb808	961240c9	SAMPLE/MIX2/WHISPERM
5c55004a8652bd8b3daa52570cde2540	0	121458	player	libopenmpt	Digital Symphony	4	163360	6eeb3c10	32ca7f55	SOFT/JAZZFUNK2/RIVIERA
5c571919c920909e3570254cb733bb66	0	223877	player+silence	libopenmpt	Digital Symphony	4	40512	d76596f6	c0e77873	SAMPLE/MIX/MILLENIUM
5c78c1caa55c04ed6094a3cbe18a5c24	0	136613	player+silence	libopenmpt	Digital Symphony	4	165820	18b59e67	41bed6fd	SAMPLE/MIX/FRHOUSE
5c7eff68e6f26e3010dc8c615111e282	0	76685	player	libopenmpt	Digital Symphony	4	5188	015c693c	740777e8	QUICK/SMALL/PSYCHO7
5cc7508dc5f81ffa569b511a798f9efc	0	215578	player	libopenmpt	Digital Symphony	4	97988	16e6aa5d	251a86b8	MISC/03/VENTURES
5d192a64dc0c0f76d98135b6173859c9	0	634991	player+silence	libopenmpt	Digital Symphony	4	74496	fb013409	8ebd8553	ROCK/SOFT/CLOCKWIS
5d2ea37942e7aaddddcd6ea2bce46079	0	30674	player	libopenmpt	Digital Symphony	4	6684	be4d1a08	e114d8e2	QUICK/SMALL/TRANCE
5d3ccc43622f8f96628c2af04ee14890	0	165040	player	libopenmpt	Digital Symphony	4	152196	b7c4cd65	e6b33122	DANCE/RAVE/THEM_3D
5d586f90628f023aaf2d7f284fdfd104	0	180614	player+silence	libopenmpt	Digital Symphony	4	57828	680a8620	cb1d25df	DEMO/04/FIRSTSHO
5d586f90628f023aaf2d7f284fdfd104	0	180614	player+silence	libopenmpt	Digital Symphony	4	57828	680a8620	cb1d25df	SOFT/KEYBOARD/FIRSTSHOT
5d5d5a02652d9c76b6d6989fc7d5f7f3	0	150340	player+volume	libopenmpt	Digital Symphony	4	169076	ab679c72	7e2d3c88	DANCE/DANCE2/DONTUWANT2
5d6b723df3b48c802092351deabcf54f	0	387612	player+silence	libopenmpt	Digital Symphony	4	133800	51feae9e	14885cfe	QUICK/POP2/ITSMYC
5d9fb9f9c7fe595fb022692a456a2d5b	0	172357	player+volume	libopenmpt	Digital Symphony	4	134248	2ad3c6dd	6920eb31	DANCE/RAVE/WHITE
5da0057f0fa6abc5ff23b8adb02e24e5	0	605816	player	libopenmpt	Digital Symphony	4	108080	6a9f93d1	76325df5	DEMO/02/TSTONE
5db26de866dfaeacf9a388084cb78be3	0	43696	player+silence	libopenmpt	Digital Symphony	4	79768	d610ce3d	49b55aca	SOFT/STRING/GYMNOPEDIS
5dc13f9f18cddd6a1233abd874a650e4	0	51123	player	libopenmpt	Digital Symphony	4	4812	e0fda638	bf4e7e4f	MISC/12/MELODEE
5dc1ffc3b1348f3604f115d19f516a27	0	233891	player	libopenmpt	Digital Symphony	4	116124	eb6a914f	75152e89	QUICK/POP/BEHOSAFE
5ddce094a570fac8fd68b01ba9f7354c	0	122697	player	libopenmpt	Digital Symphony	4	28992	369ad5b6	5f55cfc9	MISC/04/BIGNJAP
5e118688d9caa0a1c62571fc10f76796	0	161039	player	libopenmpt	Digital Symphony	4	40080	67e55324	40be12f1	QUICK/HYPERPULSE/BASSHIGH2C
5e2dcfbe1014f3cafb9d3bcaa28e7419	0	122697	player	libopenmpt	Digital Symphony	4	26200	70741a67	9db56369	MISC/12/THERONIT
5e2e7b6f2575ff343010837d9b3255d9	0	156544	player+silence	libopenmpt	Digital Symphony	4	82088	4950caa9	a2af9312	FUN/FAMILIAR/WALKON
5e323b6d7c9f001536e248408bda8b74	0	118862	player	libopenmpt	Digital Symphony	4	71236	5fb35338	24cdf992	QUICK/BEAT_MAX/NATURAL
5e3581f1b8d7745a9bea713f567f7dd1	0	76685	player	libopenmpt	Digital Symphony	4	14704	0620f83c	a2c0f49a	DANCE/DANCE1/CIRCLE_OF
5e478146c42a19d6658c11a91cb5b26e	0	87009	player	libopenmpt	Digital Symphony	4	49576	36cbdc59	abd24091	FUN/TVFILM/DS9
5e63f32de97c85415c8140695dab2bd0	0	200879	player+silence	libopenmpt	Digital Symphony	4	127612	322249ae	32bfe289	SAMPLE/MIX2/NEVERL
5e69b8f547778ed9ccefa3eb57b782cb	0	15337	player	libopenmpt	Digital Symphony	4	4128	946ed7c4	d8115951	DEMO/05/MICROFO4
5e8e63933cc64d2fb6e4d610c0d0f804	0	174399	player+silence	libopenmpt	Digital Symphony	4	68868	8411f46c	99119342	ROCK/HEAVY/MADGUN
5e90364bcfb6c123ef230d7946acd0fe	0	121458	player	libopenmpt	Digital Symphony	4	166484	b42bf484	20554fb9	DANCE/DANCE1/RIVIERA
5ea84d246fe53ff14548fa3f182ed7ff	0	420717	player+silence	libopenmpt	Digital Symphony	4	167144	a0a82cfb	3d2e5920	QUICK/POP/MEMORYSCAN
5eb420373f3b5cc6ee8a88f5fc8f07da	0	262948	player	libopenmpt	Digital Symphony	4	85692	094b29c1	f67c26a7	MISC/14/UPONME
5eb4dbd8b40d8c80edf255bda760dd1e	0	199382	player	libopenmpt	Digital Symphony	4	43628	c3d6f3be	1f695934	DEMO/04/GHOST
5ed06a60253e7cf010904dbb0a1d7843	0	297023	player	libopenmpt	Digital Symphony	4	275680	a2c8c208	f4ed3c7c	ROCK/HEAVY/LIVEINAMST
5edf4ba765b56caaf17ab718b3613de2	0	215287	player+silence	libopenmpt	Digital Symphony	4	142316	7954b97d	6d1c2823	DANCE/DANCE1/FLUTE
5eeef668eff88d6c11d74d8cf46213df	0	235682	player+silence	libopenmpt	Digital Symphony	4	132880	ae6e569c	f40c2e65	MISC/13/PROPHET
5efcf4d3d0c9686e5c6dc341c5bcb4ed	0	167404	player+volume	libopenmpt	Digital Symphony	4	18680	f7f5bd6a	582a08d0	SOFT/MELLOW/LOVESTORY
5f05f5cf441f1040d130f2676b91daba	0	157205	player	libopenmpt	Digital Symphony	4	160600	0515108f	36206add	DANCE/DANCE1/MINORE
5f22b12b7e6ed9706cf977580a9968a5	0	173643	player+silence	libopenmpt	Digital Symphony	4	8940	931049af	119a0b93	SOFT/PAINO/LONELYONE
5f301316132484b9acdc34360eededd7	0	81178	player	libopenmpt	Digital Symphony	4	37924	a1167243	d89cf117	ROCK/HEAVY/RANGOID
5f39f3b17f4ced42823c53a498ed3fb3	0	291009	player+silence	libopenmpt	Digital Symphony	4	207500	d149f0d9	92509d9c	FUN/TVFILMMIX/ELMSTRSHUF
5f4b566197cce937fc10a59d134e9b0e	0	320849	player+silence	libopenmpt	Digital Symphony	4	195936	50ce44f1	dfdd822d	VOYAGES/SCORES/FLIGHT
5f56bad5237e8f72ec7d87ff29bb476c	0	163596	player	libopenmpt	Digital Symphony	4	31976	0b3887a2	951531b7	SOFT/MELLOW2/LAIDBAC3
5f7866d3b6d365805906fc59ffe7cc80	0	283737	player	libopenmpt	Digital Symphony	4	55868	f4153b53	be6cbe8c	DANCE/HARDCORE/BARREL1
5f82f85d03c611ea3458e6e9dda8477a	0	378174	player+silence	libopenmpt	Digital Symphony	4	119228	70a8cb3f	ad081c8c	SOFT/BLUES/PELFORTH
5f9c15a3c9c61384e82e44a6cc89d997	0	132921	player	libopenmpt	Digital Symphony	4	61260	cb825fc8	6ad1da22	QUICK/POP2/FIREFO
5fa41e4c44de02c7e9661ff5175c2eeb	0	81798	player	libopenmpt	Digital Symphony	4	66992	f45fef9e	c16501a1	MISC/03/CALM_MOM
5fbe9592bd23c96f0a0f9200da533a4a	0	93939	player	libopenmpt	Digital Symphony	4	49992	6fc823e1	f756b7b5	MISC/06/DTDMSOUN
5fc5d1eed2fac427f7b75da1939721b1	0	161039	player	libopenmpt	Digital Symphony	4	21392	d4f6b433	ada0eb73	QUICK/BEAT_MAX/GOLDRUNNER
5fcc910f767eb0f8da8617a09b870841	0	53679	player	libopenmpt	Digital Symphony	4	20100	e57ede1c	9db9da23	MISC/07/DEPP
5fd0bfbc627bc4ed1cfe450779bcdd41	0	198808	player+silence	libopenmpt	Digital Symphony	4	179960	91c28242	876901b8	SAMPLE/EXPERIMENT/MOON_GATE
5fd36d80edc427cfa16a1640414948bc	0	245394	player	libopenmpt	Digital Symphony	4	37836	d1cc00b9	61adfb1d	FUN/JOLLY/TINIES
5fd36d80edc427cfa16a1640414948bc	1	3954	player
5fd36d80edc427cfa16a1640414948bc	2	4912	player
5fd36d80edc427cfa16a1640414948bc	3	27319	player
5fd36d80edc427cfa16a1640414948bc	4	53679	player
5fd36d80edc427cfa16a1640414948bc	5	53679	player
5fdafc8ffc46cbe28e30e7aacf08f3ba	0	276068	player	libopenmpt	Digital Symphony	4	167092	21201500	ac1e9145	QUICK/POP/RIPPLING
5ff74fe023bd06047181567560bc13b7	0	372704	player+silence	libopenmpt	Digital Symphony	4	208196	c124a747	beb56f8c	QUICK/POP2/OROINCENSO
5ffbdd2625fb99301b9fbcdd8b3725d0	0	347085	player+volume	libopenmpt	Digital Symphony	4	114068	dc5a7e3e	84389be5	MISC/08/GRAPE11
5ffc10af6ac101596b8fb459f4902ed7	0	176377	player	libopenmpt	Digital Symphony	4	27236	6737be57	f1a60c63	MISC/12/MOODBREZ
600bc85e433aee4b57dbbdf4487f164e	0	296454	player	libopenmpt	Digital Symphony	4	69604	3fa7ba88	843f9cd5	VOYAGES/EPICSCORES/GALACTOS
601785a469de63e313f2266ca2954896	0	704549	player	libopenmpt	Digital Symphony	4	120868	1334c163	e1a3e0f6	MISC/14/FROOTOOTIE
6038142b054977114bdfae39fb481d36	0	47409	player	libopenmpt	Digital Symphony	4	23312	753b6993	4195a020	QUICK/BEAT/JOINT
604b0d02befed939ee073a7ce39974ac	0	247427	player+silence	libopenmpt	Digital Symphony	4	51680	d507f66b	0c971a02	MISC/06/COOPERAT
605bc7c1c06a19671802f868ef24b6e4	0	152892	player	libopenmpt	Digital Symphony	4	98016	475436c5	3a4adcee	DANCE/ACID_TEKNO/NYSONG
605bc7c1c06a19671802f868ef24b6e4	1	7668	player
606719eaadffa8762143af678671ddb1	0	323258	player+silence	libopenmpt	Digital Symphony	4	52800	61cbd3b0	a21192fc	MISC/10/KILIMANZ
606fe165214ef81c58ddb2eda741dfd9	0	118862	player	libopenmpt	Digital Symphony	4	52080	5898439a	7b045da0	QUICK/POP/SEEING3
6088605b55651a73522c7a71281ddaf5	0	92661	player	libopenmpt	Digital Symphony	4	30384	27821e53	792eb1c2	FUN/FAMILIAR/COUNTRY
60e54260aad06d60b055f0a36ca17ca7	0	227660	player	libopenmpt	Digital Symphony	4	110880	205860cc	4e94fb5f	MISC/09/INJEOPRD
60e54260aad06d60b055f0a36ca17ca7	0	227660	player	libopenmpt	Digital Symphony	4	110880	205860cc	4e94fb5f	QUICK/POP2/INJEOP
61096c3bd8288e7564cf3b4526e7381d	0	76685	player	libopenmpt	Digital Symphony	4	126964	df1acf31	73dfe118	MISC/09/INSANITY
6118aba9cd97c7554d2fd39edcda5657	0	188077	player+silence	libopenmpt	Digital Symphony	4	25700	7443cafc	4e59edbc	DEMO/02/MERGE
6120707bb8b5210c303640f3d6e927df	0	274650	player	libopenmpt	Digital Symphony	4	132200	03d19f58	022f97bb	VOYAGES/EPICSCORES/LEGAZY
612ea20559fc11e29b27875338d10361	0	186482	player	libopenmpt	Digital Symphony	4	88240	7e7fc6ac	7925ceb0	QUICK/POP2/LIVIN
613f25f2a58464bb05604223d95954af	0	38342	player	libopenmpt	Digital Symphony	4	9292	de1ab643	01e0e394	QUICK/BEAT/PERHAPS
614864bf51f4f5c8edb750f5345973dd	0	58632	player	libopenmpt	Digital Symphony	4	32620	cd23c84d	426b8b8a	DEMO/02/SUPREMACY
61707a6b21e01709b77984443982042a	0	91383	player	libopenmpt	Digital Symphony	4	16188	b559c35f	730996f6	MISC/01/SUBLIME
61a6b26c7be19b8bf974c5cc521b4f6a	0	149537	player	libopenmpt	Digital Symphony	4	48284	4e648497	159fa2a5	DANCE/DANCE1/SHAMRIP
61c4475a8d1c222cc2967ae2523f0395	0	303807	player	libopenmpt	Digital Symphony	4	127936	2f1122ba	75080955	DEMO/01/PGUARDIAN
61e4089b476b1e05ee50119a4f0530b3	0	144813	player+silence	libopenmpt	Digital Symphony	8	22028	f7879777	595a68c2	QUICK/SMALL/RAGTIME
61f878154a4076e288aa200d0bce2795	0	69017	player	libopenmpt	Digital Symphony	4	7176	c3d86d2e	8f636ae9	QUICK/SMALL/PSYCHO5
620f97bc76ef4f671683f1690604b117	0	122697	player	libopenmpt	Digital Symphony	4	14764	ec9e85cd	5cda26f3	SOFT/JAZZFUNK1/CHIPJAZZ
624e6942a72ea6c9533c63630c5e7919	0	210885	player	libopenmpt	Digital Symphony	4	70064	2af6d8d2	a62ae7a3	DANCE/DANCE2/DISCOPER
6267064500b92f25122fdc00a2627dbf	0	173333	player+silence	libopenmpt	Digital Symphony	4	19860	2a16860c	ba08277a	MISC/07/EMPTYSPA
6277c2964f54354e6ee8db9289c9b74c	0	251385	player	libopenmpt	Digital Symphony	4	97020	6449c360	9fec8b24	FUN/FAMILIAR/GREENSLEEF
6294098dbd5bb40a092cd8a0bcab5653	0	123895	player	libopenmpt	Digital Symphony	4	166984	d69ba9c5	53eaad66	MISC/02/YAUNT_LP
6294098dbd5bb40a092cd8a0bcab5653	1	7668	player
629c02a15e9fe040b330d9f67cb07c22	0	292683	player	libopenmpt	Digital Symphony	4	58728	87a35213	0bd199e0	MISC/13/RAINFALL
62a06ffe201b6bbee34fb0cc1856533e	0	322281	player+silence	libopenmpt	Digital Symphony	4	48148	6fc3077c	47e1f428	QUICK/BEAT_MAX/TRENDYWEND
62df4f807cd1daac3062d0737225e813	0	176377	player	libopenmpt	Digital Symphony	4	62840	b8951171	3ad84beb	MISC/02/IDEA
62e663a4a4ca92dceffbedff78bb48f0	0	207051	player	libopenmpt	Digital Symphony	4	71036	ee647f65	8b4781d5	MISC/11/BA1
630820e785c857e753eaecf78af2d1e0	0	143585	player	libopenmpt	Digital Symphony	4	333388	ac6999b2	31785f31	DANCE/RAVE/ITS
630c8dd345d8f7ac7f27490f59761f7a	0	240642	player+silence	libopenmpt	Digital Symphony	4	132812	47205c97	34247507	DANCE/ACID_TEKNO/ACIDOFIL
630c8dd345d8f7ac7f27490f59761f7a	0	240642	player+silence	libopenmpt	Digital Symphony	4	132812	47205c97	34247507	MISC/15/2ACID
630c8dd345d8f7ac7f27490f59761f7a	0	240642	player+silence	libopenmpt	Digital Symphony	4	132812	47205c97	34247507	SAMPLE/MIX/2ACID
631cb7efd06f37e957f2aef2a0bdd696	0	81558	player	libopenmpt	Digital Symphony	4	62800	934ab6a4	63421c02	FUN/TVFILM/CIVVIES
6323631bf00d10612054b7b8f3476ab0	0	184045	player	libopenmpt	Digital Symphony	4	23512	92909f2b	3b078ef4	SOFT/MELLOW/FOREST
6328505853958f0193dc597167cf37a0	0	122770	player+silence	libopenmpt	Digital Symphony	4	136896	5f55e32e	c1169d7e	SOFT/JAZZFUNK2/SAVE_MY_
6328776d66b0f4cf020594db6647fac0	0	393151	player	libopenmpt	Digital Symphony	4	418340	4bde39de	c5124f22	SAMPLE/VOCAL/SEXREALITY
632ac792579d5ba5d28fb445b8544b00	0	260731	player	libopenmpt	Digital Symphony	4	37960	754716c6	bcc20197	DANCE/DANCE2/HNOISE
632ee8dad290bf06e15e53332a563968	0	43455	player	libopenmpt	Digital Symphony	4	60396	ef7c68fb	76d25544	SAMPLE/MIX/HITS_90
638d3251115b027c55cfd26ededb0a82	0	260970	player	libopenmpt	Digital Symphony	4	140540	43018257	e7d27bd0	MISC/03/COSMICRUN
638e9e5b38a0f5bf18ab861e9c48b796	0	288556	player+silence	libopenmpt	Digital Symphony	4	53984	59634f9d	9d7c8153	MISC/04/CLOCKWOR
63942b582e6f7e8a5ac146e9f2b7b5c0	0	215838	player	libopenmpt	Digital Symphony	4	135004	b862b6df	e06c69df	MISC/03/ZIKEND
63be633250b805abdf495be024d47593	0	207051	player	libopenmpt	Digital Symphony	4	52568	d0bd19e0	5531fecc	MISC/07/FLA
63cd08cb4ef46095b171e32586957a1f	0	184045	player	libopenmpt	Digital Symphony	4	44804	6bcbec78	5057bbac	QUICK/BEAT_MAX/RSIGSC
63d0f2c2a2b6473fc78def68f87a94aa	0	478392	player+silence	libopenmpt	Digital Symphony	4	192068	fe207322	dfa7c36c	QUICK/BEAT/LUCID_II
63d379090868337f5f9e397f232adc87	0	182248	player	libopenmpt	Digital Symphony	4	54408	1dee9d2f	080a640a	SOFT/MELLOW/ZFTP
64070db0f42037794d362a33fff2a306	0	199382	player	libopenmpt	Digital Symphony	4	196000	0a2774e9	fcc7df54	MISC/12/MYWY2HLL
64112d1db0140c8d3defbd51d7d4d685	0	487831	player+silence	libopenmpt	Digital Symphony	4	56768	7014d0eb	62b5de07	VOYAGES/SCORES/FORESTS
643d99a287506445b16a29d3ab797893	0	127431	player	libopenmpt	Digital Symphony	4	37980	d0e8dc54	b30f3fb9	DEMO/02/SNOWRUNNER
646a04774dbb781bebeefead37b75df1	0	80519	player	libopenmpt	Digital Symphony	4	34276	4e4b4184	bb1282ca	DANCE/DANCE1/SHORTIE
64751ff984db868a8bfa488608058b04	0	186799	player+silence	libopenmpt	Digital Symphony	4	19840	e0049902	3b70a946	VOYAGES/ENVIROMENT/FLOOD
647c5b4e89c613a7408aeceb63988e8c	0	145702	player	libopenmpt	Digital Symphony	4	38628	86091c76	e27334d3	DEMO/02/TENNIS
648509f0952477c849c9dd56fe921a89	0	428386	player+silence	libopenmpt	Digital Symphony	4	160164	ad9043f8	daa4c030	DEMO/02/MONSTRO
648509f0952477c849c9dd56fe921a89	0	428386	player+silence	libopenmpt	Digital Symphony	4	160164	ad9043f8	daa4c030	VOYAGES/EPICSCORES/MONSTROUS
648509f0952477c849c9dd56fe921a89	1	13459	player
648509f0952477c849c9dd56fe921a89	2	13459	player
649b603687ba9dde94d0adce0e4ec263	0	53679	player	libopenmpt	Digital Symphony	4	29940	9ff145bd	a2310408	SAMPLE/MIX/BRUTAL
649b603687ba9dde94d0adce0e4ec263	1	2556	player
64a5f2c1003bf2794d2225d882a82243	0	310951	player+silence	libopenmpt	Digital Symphony	4	29644	ebb319ec	87b099bd	SOFT/KEYBOARD/WHITE_SONG
64c2927c37a360cf311a4f7176ef6088	0	162026	player+silence	libopenmpt	Digital Symphony	4	71036	bb43fd78	80ad0815	DANCE/DANCE2/DONTUWNTMY
64ca38a382a034c9c4351144bddf4eac	0	138034	player	libopenmpt	Digital Symphony	4	50208	3dd3995d	58d1d9aa	MISC/12/MADE
65016c3d3ea72aa4c6e8433adb9196a8	0	470120	player+silence	libopenmpt	Digital Symphony	4	57660	f5370cbb	4181706b	MISC/11/GROUCH
6506b90edf15082074884b17078428a9	0	291405	player	libopenmpt	Digital Symphony	4	87444	131f6911	5a5460ee	MISC/03/CAP_N_PO
6518bc432940953c82892b096b5fcba6	0	130365	player	libopenmpt	Digital Symphony	4	18804	77a323aa	0fe3d0a0	DEMO/03/BLADERUN
653dc6e4b181235632da9a59e43316f8	0	182348	player	libopenmpt	Digital Symphony	4	80412	4e5ef95c	0fc44eb3	DANCE/RAVE_PLUS/MEANBEAT
656eb8533892c6dc9c5f06acbfaabb6d	0	254527	player	libopenmpt	Digital Symphony	4	702992	17682f08	c600c537	ROCK/SOFT/PIGGYS
659004969493f2d7708b429a8740bd04	0	178533	player	libopenmpt	Digital Symphony	4	97000	ba344cc7	37c5b545	QUICK/HYPERPULSE/SPECTRUM
65d95506fe850c76c233a4ec969ab13f	0	212802	player	libopenmpt	Digital Symphony	4	62020	7b11002f	dc1333ea	DEMO/01/SHOCKWAVE
65f07ea7019fe7df17c38f412ab72024	0	96201	player+silence	libopenmpt	Digital Symphony	4	45684	59a43d08	02bb3259	MISC/07/EQUINOXE
65f46dc3b387d0a433ff88b340d5a158	0	322079	player	libopenmpt	Digital Symphony	4	55124	844324cc	fb554ec9	MISC/01/DEEP_WATER
65f4ba6783053a3ee98facff38290d13	0	702153	player	libopenmpt	Digital Symphony	4	74960	4fe25ccf	63fb1dee	DEMO/05/PRGFUNK
6634ab84b521a86419ad0c174ad232fb	0	330107	player	libopenmpt	Digital Symphony	4	70480	408e1ab9	25f157b3	QUICK/PULSE/IMPRESSION
663f43524a6196b7375c4bfff5087282	0	183087	player	libopenmpt	Digital Symphony	4	10012	e8306098	cee9355e	MISC/14/TURRIGOL
664dd8764028e09ae90020222aa27569	0	254979	player	libopenmpt	Digital Symphony	4	63204	728dc304	899b73bf	QUICK/BEAT_MAX/JAMBOREE
665e1900746f1237c5bfb599173c510b	0	233348	player+silence	libopenmpt	Digital Symphony	4	109992	53f3d63e	19d0fd9d	MISC/11/STARDUST
66776067edb426ff2e11dd65c908be80	0	188085	player+silence	libopenmpt	Digital Symphony	4	119864	ce25b47c	34ea01e6	FUN/FAMILIAR/EYEOFTGR
66808a66cf9a5d6214a334c51a5f49e7	0	322079	player	libopenmpt	Digital Symphony	4	35512	08e52357	f9981a62	MISC/11/A_PRIORI
66bd6379138083fced592a0e36b7c113	0	245394	player	libopenmpt	Digital Symphony	4	130744	cb743f32	b0cd64c0	MISC/12/THE_NEWS
66c17efaf26bacec5e36154a86f5f0d6	0	122697	player	libopenmpt	Digital Symphony	4	73496	7c2bad0c	da328e10	DANCE/HARDCORE/HOUSE
66ca82222cbe480c5c49f03912c8564f	0	889553	player	libopenmpt	Digital Symphony	4	36012	f45ae33d	94cb0270	DEMO/05/MODWEARE
66ff52c849f487dfbfc617de3e5dbbb0	0	200554	player	libopenmpt	Digital Symphony	4	114164	82fde333	b7db260e	DANCE/HARDCORE/DREAMING
67087da9a7ba517e80dac697d31e0744	0	249228	player	libopenmpt	Digital Symphony	4	144740	ec8ae175	4136738f	VOYAGES/SCORES/2DRAGONS
67087da9a7ba517e80dac697d31e0744	1	23418	player+silence
67245652c3f8428b42ca3ba85d5049ff	0	110714	player	libopenmpt	Digital Symphony	4	52996	460f0de2	86d2ae5c	MISC/06/DOUBLE2
6730621f3e4d35395f8474fb82800a45	0	273937	player+silence	libopenmpt	Digital Symphony	4	346104	2f176a2d	04391644	SAMPLE/VOCAL/LOVEYOURRI
6740b4cfcd380492dde451ca175ca829	0	415003	player+silence	libopenmpt	Digital Symphony	4	216844	15861d6b	a0e50260	DANCE/HARDCORE/VISITORS
67497c70215c5565e34da7ad5d0b18d6	0	22922	player	libopenmpt	Digital Symphony	4	105040	482adc7b	39442d7a	SOFT/BLUES/FATWOMAN
674be6c1e4c572345d7756517bcb40ad	0	81798	player	libopenmpt	Digital Symphony	4	25380	0b56a546	2bceff97	MISC/09/INTRO7
677179466da986d8b557ff18294ad7e8	0	235813	player+silence	libopenmpt	Digital Symphony	4	173764	fee5e40d	df2c774c	QUICK/POP2/DEVIAT
67875c84cc244d5c686f3824a518feae	0	145702	player	libopenmpt	Digital Symphony	4	98552	5aa70fb8	4b2b1527	DANCE/ACID_TEKNO/KAOSMODULE
678dec605cab4f2c1483fa9a94163e3a	0	457709	player+silence	libopenmpt	Digital Symphony	4	183124	cb37fc59	46d2a3a0	DANCE/ACID_TEKNO/TECHMARU
6798a6ece26c77667f02fe2aa4476eb3	0	184045	player	libopenmpt	Digital Symphony	4	93560	3ed902de	0ff69d27	SOFT/JAZZFUNK2/VISITORS
67e02c8004692625686e38acfb8cfb83	0	237725	player	libopenmpt	Digital Symphony	4	70736	b7227461	5eaba2fb	SAMPLE/MIX/AYE
67f945c458f2c820f6dde0f805fb55bb	0	291697	player+silence	libopenmpt	Digital Symphony	4	517608	c317de69	058757af	SAMPLE/VOCAL/ILLBETHERE
6800f368493217452127f4bb63d45423	0	96000	player	libopenmpt	Digital Symphony	4	10256	d4ccd99a	4d7afb44	QUICK/BEAT_MAX/MORPHIDE
6802463a3140d50de777e5c1a7e362b3	0	187640	player	libopenmpt	Digital Symphony	4	51408	a04fcca3	8a21499e	DEMO/01/ITALIPATZI
680e1416180752909202e552b3c98540	0	44733	player	libopenmpt	Digital Symphony	4	6660	4be3bb47	04716daa	MISC/02/BOBBLE
6811c0e9b9cb537e3f7ea284534b7ed1	0	84833	player	libopenmpt	Digital Symphony	4	73220	73c0d373	2e034b17	DEMO/04/ZALKON
6829062c095bda67744f3b50d31a6b2e	0	104353	player+silence	libopenmpt	Digital Symphony	4	47452	f4012e43	432f6349	ROCK/HEAVY/ARISE
682f5726cb0363570bc670164f182262	0	213240	player+silence	libopenmpt	Digital Symphony	4	70776	6017cf09	90bc5446	VOYAGES/ENVIROMENT/GATEWAY
682f5726cb0363570bc670164f182262	0	213240	player+silence	libopenmpt	Digital Symphony	4	70776	6017cf09	90bc5446	VOYAGES/EPICSCORES/GATEWAY
68314d5ed43789859893268cf13d8382	0	99691	player	libopenmpt	Digital Symphony	4	37660	99233d24	8c0434bb	DANCE/DANCE1/FLIKFLAK9
683e536e56649d33a2ceaeeb3dcf8446	0	161039	player	libopenmpt	Digital Symphony	4	150088	9f3a04a7	5bd63058	ROCK/SOFT/MARCHORION
686e96e262207cad02196e9c1d44bae4	0	724620	player	libopenmpt	Digital Symphony	4	66520	60d4ab79	ed820d4c	SOFT/KEYBOARD/HEAVYLIGHT
6873a3d44e05324d4d39f3b953560066	0	131004	player	libopenmpt	Digital Symphony	4	64096	2fceb58d	2782694d	DEMO/04/COUNTRYS
6873a3d44e05324d4d39f3b953560066	1	4073	player
6873a3d44e05324d4d39f3b953560066	2	23305	player
6879057fbff11491d5a0657ee62343f1	0	121498	player	libopenmpt	Digital Symphony	4	92620	eaa1f1e5	f67e12e7	SOFT/BLUES/COFFEEBLUE
6896d1328bafb5a37c46a0fb7dd9a274	0	159681	player	libopenmpt	Digital Symphony	4	62960	a7c32f0b	5148d0bd	MISC/02/THISPLACE
68a31306c74d996e91091fe82d4579b4	0	102168	player	libopenmpt	Digital Symphony	4	111572	183b68ce	47add1b1	DANCE/DANCE1/JOES05
68a90e595d9e6a4c1dec05347dad76ff	0	303331	player+silence	libopenmpt	Digital Symphony	4	78144	e42b616a	fe7d63e8	QUICK/HYPERPULSE/MELOWMANIA
68c72ddeb86ac89a7b429996b6aeddac	0	371680	player	libopenmpt	Digital Symphony	4	157988	a55edc6c	16a53d15	SAMPLE/MIX/DANCEFLOOR
68cb1d681ac4b01727dba867c1dee779	0	364257	player	libopenmpt	Digital Symphony	4	53704	12b77bc5	5349b759	SOFT/JAZZFUNK1/ACOUS_NORK
690be156d60c2939e7615c16cb11b9d6	0	85492	player	libopenmpt	Digital Symphony	4	55128	357964f4	4e0004e3	DEMO/04/FLASHBAC
691bf0dbf13317f24ebd6ca32af72ed5	0	79880	player	libopenmpt	Digital Symphony	4	73384	8bb4c64f	5b195fd1	MISC/05/ALFSBGBL
692d10c42830dbb5c49eaf0599d3a592	0	212449	player+silence	libopenmpt	Digital Symphony	4	66500	a2fead5b	be15a550	QUICK/POP/SCOOPE
693334f8aa4819fdd0bab3a673ea5593	0	143785	player	libopenmpt	Digital Symphony	4	41872	40a541bc	e0ef1911	DEMO/05/MIKCOUNT
6939343547c3ec11dc1f6fe028ff812c	0	125937	player+silence	libopenmpt	Digital Symphony	4	29572	1169047b	dc7c88f8	MISC/05/ALWAYSON
693eb0203884b1ae970fefcd45b3db13	0	201573	player+silence	libopenmpt	Digital Symphony	4	212616	c1eb1f16	84c6ad05	SOFT/KEYBOARD/EARECTION
69447de61b1dc482988e2361f5b94100	0	172542	player	libopenmpt	Digital Symphony	4	52060	3d822955	9497a4a5	QUICK/BEAT_MAX/SAMPLENEWS
694f2262dc4b0fdcc78ce77ce9807a0d	0	214719	player	libopenmpt	Digital Symphony	8	28252	063d32e1	329a56be	QUICK/SMALL/BEALLEGRO
696cc895cf466936e792d9df9c59cafa	0	256499	player	libopenmpt	Digital Symphony	4	158868	2878a4da	347f462b	DANCE/ACID_TEKNO/MANICMINOR
696fec50b89e7778d9eb83f527773daa	0	61348	player	libopenmpt	Digital Symphony	4	45104	1c32fcb4	98f5134d	FUN/FAMILIAR/ICEICEBABY
69798d086ce031b0c86b474714a27ae1	0	256497	player	libopenmpt	Digital Symphony	4	167888	f788c83c	89fa383b	QUICK/POP2/ACESSH
6980bca409d4271ef57e25879169fca7	0	474332	player	libopenmpt	Digital Symphony	4	72524	11d8069f	8c19b8c8	MISC/05/AGNESTDF
69827e50fffe739f9883c22caea6750a	0	189158	player	libopenmpt	Digital Symphony	4	120796	83411bbd	e913e6c1	MISC/14/SYNERGY
6985a008b5efb139defc43d8e6eebf8b	0	310157	player	libopenmpt	Digital Symphony	4	82980	c5a8648d	5574781f	MISC/12/MOONGAZ
69932326a2c0872449ebd51bbc289850	0	146421	player	libopenmpt	Digital Symphony	4	176372	78b4a0ec	f270de26	ROCK/CYBER/VIOLENCE
69932326a2c0872449ebd51bbc289850	1	0	nosound
69c4c0df4b6c697790ea4178c9051823	0	179934	player+silence	libopenmpt	Digital Symphony	4	175872	f4e52a9b	61713f65	MISC/02/INCOGNITE
69cd2b19c4b73b063f719d32ca2431e0	0	675215	player	libopenmpt	Digital Symphony	4	104028	94a3e669	8a64dde1	QUICK/BEAT_MAX/MINISTRY
6a0c16b0439efb20145ffbbb4b8110c3	0	183396	player+silence	libopenmpt	Digital Symphony	4	140668	079c5945	dec47630	SOFT/JAZZFUNK1/TUNESIA
6a0dee7c3c07086e1cae3c81008dc1fe	0	152093	player	libopenmpt	Digital Symphony	4	19196	2c0f44ce	69f97f98	QUICK/BEAT/REFLECTED
6a169648032826bebcd677281c4f76b7	0	84354	player	libopenmpt	Digital Symphony	4	72980	211b750c	71430e42	DANCE/HARDCORE/SPIKEMIX
6a1822720f40242b69b808ceecb9a81b	0	253905	player+silence	libopenmpt	Digital Symphony	4	95168	9b9c0375	b31f9946	DEMO/05/SLOOM
6a207a75a3c9d4d3e4d878330ac1711d	0	157205	player	libopenmpt	Digital Symphony	4	101844	e62f885c	2ea233e1	QUICK/PULSE/HAPPYBEES
6a2d87154a6b74054dec091a1120f1a7	0	253341	player+volume	libopenmpt	Digital Symphony	4	297296	ee8717a7	73342c3f	SOFT/JAZZFUNK1/NUNSUNDMOS
6a9d76bfdbaf4141b684936bfe827c89	0	280501	player	libopenmpt	Digital Symphony	4	124084	4240adde	ecd02caa	DANCE/DANCE2/FEEDBACK
6aad796279ead51d5c2d0d046565cd2c	0	280125	player+silence	libopenmpt	Digital Symphony	4	92112	3bb6ffe4	ddba2aa6	FUN/FAMILIAR/PETSHOP
6aaeddb953de23f6ea8a68602b1a8f77	0	39335	player+volume	libopenmpt	Digital Symphony	4	66364	a0956284	77b1044d	VOYAGES/ENVIROMENT/JUNGLE
6ab7203e879b4d4f7efd4c25472f17a6	0	157008	player+volume	libopenmpt	Digital Symphony	4	82608	fd085871	29b3dcef	MISC/10/LOVEAND
6adac646269583ec49afc64ba2de9ada	0	129533	player+silence	libopenmpt	Digital Symphony	4	12048	2d60c686	35a87928	_SYMPHONY_/TUTOR/_SYMTUTOR/SWEETDRMS
6afd59f17ffa272213c73f5e2596b280	0	103525	player	libopenmpt	Digital Symphony	4	105224	86e1e5de	234c3c7c	ROCK/HEAVY/SYXYNLAULU
6afe9b26e2041878e36df2f7af7f1f05	0	115790	player	libopenmpt	Digital Symphony	4	112536	d07c61d1	0fe623bd	DANCE/ACID_TEKNO/JOES08
6b03ce914e96c58d2aa6704f178c56ea	0	70614	player	libopenmpt	Digital Symphony	4	15876	2e79a868	ac380e25	FUN/JOLLY/OVERTHEBOW
6b18a2e20d0af214024e0c7d83a45f3f	0	123522	player+volume	libopenmpt	Digital Symphony	4	66800	2a6357da	d2dc4c7b	MISC/01/AND_CLEVER
6b1fe7d8f7d9341b02d86e1babfb4b40	0	237366	player	libopenmpt	Digital Symphony	4	43368	94e9ff13	44b787aa	MISC/12/MOOD
6b2a201174e7785bb6c1142f0f042c7e	0	145702	player	libopenmpt	Digital Symphony	4	25652	f8d4a4c0	02874314	MISC/02/BASSSPEEDO
6b4ff1d695298ffeab7208ceea510150	0	134361	player+silence	libopenmpt	Digital Symphony	4	47288	31bb6ac7	c4823193	MISC/09/INSPIRAT
6b613f74a8b2224c730c9f30733472cc	0	221110	player	libopenmpt	Digital Symphony	4	42208	6992c8b8	a8c34f66	SOFT/MELLOW/SUNNORY
6b81fcc7702f94258f4e664367d5a413	0	80519	player	libopenmpt	Digital Symphony	4	77900	f3593510	f86c6a84	SOFT/NEWWAVE/CAVERN
6b8208e92c4fee37d600fb1830e97c97	0	55597	player	libopenmpt	Digital Symphony	4	70136	d64f68b5	34917f00	DANCE/DANCE2/ORCHOP4
6b928e565524f5c792232db326d4d2fd	0	141029	player	libopenmpt	Digital Symphony	4	16124	26b3da1a	f3b545ce	SOFT/PAINO/ADAGIOCANT
6b99f4ee900bcaa7107787340e821f3f	0	109796	player	libopenmpt	Digital Symphony	4	80648	f25c427d	9afabcaa	MISC/10/SOUNDAFM
6baa184b3da71340839292c48dea6fbc	0	335564	player+silence	libopenmpt	Digital Symphony	4	186568	454c5b77	d1b58af7	DANCE/DANCE2/ORCHOP2
6bb0be367b994451b849172ceb9b305f	0	159761	player	libopenmpt	Digital Symphony	4	122724	db8f8f70	ab3782a6	ROCK/SOFT/PARKSON
6bc2a209e708620544a9d21a8eca6335	0	477628	player	libopenmpt	Digital Symphony	4	90672	c674b111	e3c5acbf	MISC/03/KNULLAKUK
6bc2a209e708620544a9d21a8eca6335	0	477628	player	libopenmpt	Digital Symphony	4	90672	c674b111	e3c5acbf	ROCK/SOFT/KNULLAKUK
6bc5b098746b4fac5ee324fa89a635d5	0	152914	player+silence	libopenmpt	Digital Symphony	4	92060	aed0c10f	f1da756e	FUN/TVFILM/MPYTHON
6be160b9794bb4527323c4174dc1cbce	0	357552	player+silence	libopenmpt	Digital Symphony	4	78048	fac42260	7526af80	MISC/07/ETERNAL
6bf822ec89edb4b08367d257aaa9017f	0	25561	player	libopenmpt	Digital Symphony	4	14384	86a0ac14	6e72a6d3	MISC/03/BRS
6bf987bb95398082862f0a8459bc7675	0	253062	player	libopenmpt	Digital Symphony	4	80880	be5ad2ca	a6cff748	MISC/01/CRUISIN
6c1436d132c62cf568ceda908382ecc1	0	143146	player	libopenmpt	Digital Symphony	4	8848	bddd97dc	81cab931	DEMO/03/BACKTOBA
6c1f1f330652f40ec871428b29d5bc14	0	186401	player+silence	libopenmpt	Digital Symphony	4	38764	54ebb388	7d5cf268	FUN/TVFILMMIX/DRWHOMIX
6c389e51ec383af4d2ee6138c1d20090	0	107359	player	libopenmpt	Digital Symphony	4	35160	fafe98b3	2239a14d	MISC/13/OLDLINE2
6c6184ba95b4e2141113af9bb3e5173f	0	314377	player+silence	libopenmpt	Digital Symphony	4	164196	14388056	783ad3bc	MISC/02/VOYAGE
6c72ee7142f72a1b5e36bd0aafbc11e3	0	183984	player	libopenmpt	Digital Symphony	4	124792	8d57df27	34cfe1ac	DANCE/DANCE2/CENTRALSQU
6c90743c3d27b7accdd50441e172d449	0	34508	player	libopenmpt	Digital Symphony	4	17424	735fba68	7059f359	MISC/02/BOG_WRAITH
6c9796815ee2fb69040a5e4c3c7fe039	0	46011	player	libopenmpt	Digital Symphony	4	34600	2a2d36a3	a2b917aa	QUICK/BEAT_MAX/SLL5
6c9ce413ab6abbdbc3093d6422e396af	0	217435	player	libopenmpt	Digital Symphony	4	68264	8556f292	c35676e4	SOFT/NEWWAVE/SLIGHTLYTI
6ce18ea85face9a99ca9ec0e930b2b84	0	169327	player	libopenmpt	Digital Symphony	4	61216	2fe71d2b	76653dae	QUICK/PULSE/DELERIUM
6cf0a0226b643e35f90c08cf95f78e91	0	141868	player	libopenmpt	Digital Symphony	4	39512	f7068660	4e8d7128	MISC/04/CFRMUS4
6cf578cc0c0a72999a9917e2622a7b9e	0	171662	player+silence	libopenmpt	Digital Symphony	4	152708	ebb72b9a	92acec37	SAMPLE/MIX/COMMERZ
6d01f963cb2cc509d13d0f2266e0cf76	0	198439	player+silence	libopenmpt	Digital Symphony	4	82656	7f02065b	c7fc59b2	DANCE/RAVE/SQUARE
6d02f916fed393d1e05c7b857b05631b	0	289892	player+volume	libopenmpt	Digital Symphony	4	76772	5422531b	d8bd74b4	VOYAGES/EPICSCORES/DOPEMIND
6d1ec9fa08d06e6f504875895555545c	0	182045	player	libopenmpt	Digital Symphony	4	77112	9ca2c011	ae8699e3	DANCE/DANCE1/MWTTTOP
6d59e7c5ced0d8f355d4fb81be3963c4	0	217176	player	libopenmpt	Digital Symphony	4	85836	4a7ac753	aafea744	VOYAGES/SCORES/RTYPE
6d6d97c90205612b88089520c4bf9ffa	0	71573	player	libopenmpt	Digital Symphony	4	3128	236bcf80	1c553d7f	MISC/01/HAPPY
6d6df856be309afc19ad2a333076791d	0	362060	player	libopenmpt	Digital Symphony	4	65204	479f656f	4cc58754	DEMO/01/GARBGECOLL
6d6df856be309afc19ad2a333076791d	0	362060	player	libopenmpt	Digital Symphony	4	65204	479f656f	4cc58754	MISC/01/GARBAG
6d79b7de28cfb396b7d6e19e8dccf6a3	0	199382	player	libopenmpt	Digital Symphony	4	67660	465b8711	5e19135c	DEMO/03/DEMONS
6d7b4ab86058bf8e674ef18c3a2c696b	0	320162	player	libopenmpt	Digital Symphony	4	162880	da2a69a2	2ed7fc27	SOFT/KEYBOARD/BETTERDAYS
6dad688830022c80cbaf845ee01d019e	0	74768	player	libopenmpt	Digital Symphony	4	24936	4cc92da6	0d533450	MISC/05/BREAKF
6dcc2d10739a227a4b29c5a19655b690	0	133840	player	libopenmpt	Digital Symphony	4	140256	34d312e2	1d37df48	MISC/14/RUBBERCO
6ddc956bed35b514e85029ef3b1b47b8	0	130365	player	libopenmpt	Digital Symphony	4	77668	c268460a	8aeace15	MISC/12/MARYME
6e0e2a10bba178fb0e0dbf8775dd6df3	0	209770	player+silence	libopenmpt	Digital Symphony	4	63812	1e8be6c4	18ad1bc7	ROCK/SOFT/ARCANE
6e18f6b6f38d19ab5579b9fca3e955c0	0	163596	player	libopenmpt	Digital Symphony	4	72548	112c137c	177d9fa6	MISC/04/BASSNTRE
6e1ad714ccff3855131527fdaf8c7a5f	0	214719	player	libopenmpt	Digital Symphony	4	25256	71e05a94	f7b8525c	DEMO/05/TGM
6e570d92a60079087e8616eef567605a	0	153371	player	libopenmpt	Digital Symphony	4	192888	f31c0b5d	55807525	SAMPLE/MIX/MORTE85
6e8860edb574541866a201874238290d	0	40899	player	libopenmpt	Digital Symphony	4	11332	5fb5db39	9ebc50c2	QUICK/SMALL/SUPERSMA
6eb3aaf6f50a79f56405144952b9d78f	0	191306	player+silence	libopenmpt	Digital Symphony	4	152136	5468dbcd	62bfa5e6	QUICK/POP2/BREATHOF
6eed74f6316bc0420be6baf91f22df5d	0	106401	player	libopenmpt	Digital Symphony	4	73456	287fb132	22e37b93	QUICK/POP2/BRUISER
6f21a42e0499be3ff01e54db3c8b1995	0	198719	player+silence	libopenmpt	Digital Symphony	4	177556	282acc67	eecd87e9	DEMO/03/BACKONTR
6f28fa2e62462bfbc7973700379b0733	0	207051	player	libopenmpt	Digital Symphony	4	71004	7c49b7e7	14942f98	DEMO/03/BITARTS
6f614b62816c2cf4fe164d3972bf5012	0	199382	player	libopenmpt	Digital Symphony	4	54684	61362243	6f371777	DEMO/01/SLL7
6f79d1ef0b61b52e971744acb562b451	0	348919	player	libopenmpt	Digital Symphony	4	86356	80d066b6	f7255a56	MISC/14/KINDOFEART
6f806fcf6f98a708427854c8831f431b	0	182188	player	libopenmpt	Digital Symphony	4	148972	262d420e	3872537c	QUICK/BEAT_MAX/MAXXTRZM
6f82600110d666c131347cffe257b6ca	0	239642	player	libopenmpt	Digital Symphony	4	64468	d498f2ef	4bede84d	SOFT/JAZZFUNK1/CHANT
6f9630d94cad9dd11c43e7d28285f2b4	0	168708	player	libopenmpt	Digital Symphony	4	25092	299f2afb	96fe7aef	MISC/08/GOBO
6fc6cbc920eea9683e4a5b445239944a	0	126531	player	libopenmpt	Digital Symphony	4	87456	e8cb341e	2b95277f	SAMPLE/MIX/WEAPON2
6fd6ed3265130d4cd8518535591bf763	0	275829	player+silence	libopenmpt	Digital Symphony	4	202284	c12cf82d	fb733f2a	SAMPLE/MIX2/REDALERT
6fd94af9bf2bcc8674139ef3db3cb6f5	0	53679	player	libopenmpt	Digital Symphony	4	22024	a2584e25	d2d66e17	SOFT/JAZZFUNK1/MONEY
6ff32988d89504d2b66384d81acb8829	0	346926	player+silence	libopenmpt	Digital Symphony	4	64068	e2b53367	209efc5e	SOFT/JAZZFUNK1/OFMYOWN
700446697b80f63d2b3faa5a558571d3	0	203191	player+silence	libopenmpt	Digital Symphony	4	63088	2af0d09c	f7b3fc04	MISC/05/A_FORBEI
7009957579832db16b17ffded2383741	0	287631	player	libopenmpt	Digital Symphony	4	63752	1976bb6e	f63fa667	MISC/06/DIRT
7009957579832db16b17ffded2383741	0	287631	player	libopenmpt	Digital Symphony	4	63752	1976bb6e	f63fa667	QUICK/BEAT/DIRT
702bdfe4166dbd69815481033dee3174	0	156132	player+silence	libopenmpt	Digital Symphony	4	97424	6edfb03c	efa1bb97	QUICK/BEAT/LOOKING_
702fc75d606b1eb09d0210bffd977609	0	98413	player	libopenmpt	Digital Symphony	4	215464	4c90189f	64d50dd5	FUN/TVFILMMIX/JAC
70452164bc8ed100aa703f265daf988f	0	334908	player+silence	libopenmpt	Digital Symphony	4	67520	8d56f33b	b3c41007	DEMO/03/COLORIS
70452164bc8ed100aa703f265daf988f	0	334908	player+silence	libopenmpt	Digital Symphony	4	67520	8d56f33b	b3c41007	VOYAGES/SCORES/COLORIS
70452164bc8ed100aa703f265daf988f	1	11568	player+silence
7054949653f836dbf4549b66479ed416	0	114885	player+silence	libopenmpt	Digital Symphony	4	61232	c70abb37	f20f8272	MISC/14/CATKILLER
705d08b4343d9e57289b32c4f41cc3d8	0	127010	player	libopenmpt	Digital Symphony	4	63116	57f9f423	5e7e54ff	SOFT/PAINO/GOLLIWOGG
707a73815bced1d96b718dc38c914b19	0	161039	player	libopenmpt	Digital Symphony	4	22016	a78e7b05	3326f39b	QUICK/BEAT/MOUNTAINS
7088b7dae676719606469079ae197ef6	0	364666	player+silence	libopenmpt	Digital Symphony	4	68852	b5fc756a	aa84ca9b	MISC/10/SPACERHU
708f99b411a3c9d5492dd6bf3badaf0b	0	132949	player+silence	libopenmpt	Digital Symphony	4	157500	b88ddb21	de3ad274	SOFT/JAZZFUNK2/ITS_COOL
70a7d2c7ad34857ddd4f153a907f8136	0	210885	player	libopenmpt	Digital Symphony	4	6180	29b0662e	0df1d828	QUICK/SMALL/POPSYNTH
70ac46631b993b5efd61b0a3e203fcb2	0	196788	player+silence	libopenmpt	Digital Symphony	4	24020	a52e6b1b	3db4783b	SOFT/STRING/TEARS
70af37e213a4a196e00d6df96d57f520	0	149537	player	libopenmpt	Digital Symphony	4	31964	a600d57c	d7c02d87	DEMO/05/OUTCAST
70b0e6a8bd49965a7c1137446f408734	0	198719	player+silence	libopenmpt	Digital Symphony	4	176256	ec34400f	18de4939	QUICK/BEAT_MAX/BACKONTRAC
70b953fce41138f6a3f70f4fcc320559	0	53679	player	libopenmpt	Digital Symphony	4	3792	f3ca19b3	0a0fa77a	QUICK/SMALL/PSYCHO1
70c074d2fe35b225fda5ec5efa6076ca	0	227181	player	libopenmpt	Digital Symphony	4	67820	15b76a02	1fe1aacb	FUN/JOLLY/TEDDYBEARS
70c074d2fe35b225fda5ec5efa6076ca	1	5991	player
70c7326b18e6e057e3ad616a24c7fe8a	0	310233	player+silence	libopenmpt	Digital Symphony	4	160212	80fb6684	d8f4853b	SOFT/BLUES/XPERIE
70c7c29579fd7bd91a805b8028b712b1	0	95857	player	libopenmpt	Digital Symphony	4	38772	4f9e4479	9e0b195f	SOFT/BLUES/BLUSBRS1
70d935311d807cf6e6ea18d6d2b18252	0	122697	player	libopenmpt	Digital Symphony	4	53372	38b1cc4b	6d3aedf5	MISC/09/ITSASIN
710664033861ea4a5470d6d78211ca5f	0	163367	player+silence	libopenmpt	Digital Symphony	4	36212	21c32683	9bd02b0a	SOFT/PAINO/POURADELNE
7109b412b3ee07c9cd877b41725ec0f3	0	172865	player+silence	libopenmpt	Digital Symphony	4	58440	1eba771b	81d19c51	MISC/13/WHATEVUH
7126e4ba8a6b1890f954ff3e849ca8ae	0	241559	player	libopenmpt	Digital Symphony	4	28872	0911a885	97edfecb	QUICK/PULSE/JONAS
712df75e0ab6d9311c3c62e55e047ca9	0	35786	player	libopenmpt	Digital Symphony	4	13476	e59debd1	b7eb6bf1	MISC/12/MOREOVER
7130f2c54f73f837ef49da1f94bb13a7	0	204605	player+silence	libopenmpt	Digital Symphony	4	142412	8b3a9424	ed738e0b	MISC/15/2NYTLIVE
7144c4f0af3ab7d94743ee073b760a7e	0	207051	player	libopenmpt	Digital Symphony	4	88576	5a1c71cd	be7df7e9	DEMO/04/XIPHOS
71536d697933a00c3ef213bfa3470a18	0	235674	player+silence	libopenmpt	Digital Symphony	4	56684	90a73078	3291ed08	MISC/04/BLUE
715ad25a15dc142c7d6cc3ed46c14988	0	31124	player+silence	libopenmpt	Digital Symphony	4	12784	3a6532a8	021c48f3	QUICK/SMALL/MELLO
7162078576e409b230c2bf02c6e7ab3b	0	154468	player+silence	libopenmpt	Digital Symphony	4	112396	9f8062e2	8ffe9394	SOFT/JAZZFUNK1/RED_BARON
718b9c32b7ec3b2d3131e7c2de317661	0	184045	player	libopenmpt	Digital Symphony	4	69952	162cfb25	d00fe1e6	MISC/07/EPI
71a8f3d30f42726a383e1e4eed027c97	0	156964	player+silence	libopenmpt	Digital Symphony	4	44592	37e979ce	6b6389c5	VOYAGES/SCORES/FOREVER
71aa74bd3fbd58cf7e144bb36776a3de	0	97734	player	libopenmpt	Digital Symphony	4	29388	51ecbdd1	aa0a7ff6	DEMO/02/SKIDROW
71aa74bd3fbd58cf7e144bb36776a3de	0	97734	player	libopenmpt	Digital Symphony	4	29388	51ecbdd1	aa0a7ff6	QUICK/PULSE/SKIDROW
71b92deb912f4e6cf2bb404ec72983ed	0	239345	player	libopenmpt	Digital Symphony	4	101556	16ff1b49	1473d717	ROCK/CYBER/CROMADIV
71b92deb912f4e6cf2bb404ec72983ed	1	3572	player
71c604435e6c609c7dd0a26dc1fad879	0	275256	player+silence	libopenmpt	Digital Symphony	4	82188	cca3fe4d	e4e06aa5	SAMPLE/EXPERIMENT/XTC
71c8f6ab843e43f40f85f43c46735854	0	126771	player	libopenmpt	Digital Symphony	4	66572	264a2747	7161f247	VOYAGES/EPICSCORES/CHARTS_9B
71e2afd928a7c830934f1777b6eac542	0	334188	player+silence	libopenmpt	Digital Symphony	4	85032	13f8efcf	679ddd77	MISC/01/HARDCRETHM
7206f86467d392aa07fd5bd5670d2c41	0	187713	player+silence	libopenmpt	Digital Symphony	4	50876	8118cd25	0643030f	MISC/03/XMAS_GOVER
725722e13a4214f1a2b178dee2e96b20	0	47928	player	libopenmpt	Digital Symphony	4	6340	3c926a34	76d876e0	FUN/FAMILIAR/1942
725f6d341a4e7ca8fcf8ebc9e8d40818	0	204495	player	libopenmpt	Digital Symphony	4	44284	a6395c64	c6568447	QUICK/BEAT_MAX/INTROFLUX
726c56b5972aa357e7967e3fe553c5a7	0	389992	player+silence	libopenmpt	Digital Symphony	4	82664	387c5ac1	fe53792e	DEMO/02/LK_MEGA
726c56b5972aa357e7967e3fe553c5a7	0	389992	player+silence	libopenmpt	Digital Symphony	4	82664	387c5ac1	fe53792e	MISC/10/LKRAV
726ebc9ef4f26707df9a316186d7b8a8	0	38342	player	libopenmpt	Digital Symphony	4	2180	c8ed6dd1	124c4118	QUICK/PULSE/SAF
726ebc9ef4f26707df9a316186d7b8a8	0	38342	player	libopenmpt	Digital Symphony	4	2180	c8ed6dd1	124c4118	QUICK/SMALL/SAF
727a6ae5704195692d99f274fc9ee824	0	214106	player	libopenmpt	Digital Symphony	4	156624	92ce110f	9ecd43c9	DANCE/RAVE/NRGICHC
728681dd7a3fc31c50a520bfd9425fd2	0	115790	player	libopenmpt	Digital Symphony	4	110704	09df97ca	dadf1dc2	DANCE/DANCE1/JOES09
7295ff61427df9079f9a4d0d9264e3c5	0	167874	player+silence	libopenmpt	Digital Symphony	4	88584	6af6d3d7	7fd8aa9e	MISC/05/ALTERNAT
72acac4e1cccfa81f661846c9db7ac53	0	69562	player+silence	libopenmpt	Digital Symphony	4	35544	74bd0e3d	f1e1d296	FUN/TVFILM/HILLSTREET
72c978605c9c3493b4fa2cdb05830c08	0	441901	player	libopenmpt	Digital Symphony	4	114468	e76f77e3	d568d304	MISC/08/GARDDRAG
73016169d66697eeec25f7a779ac70b3	0	147619	player	libopenmpt	Digital Symphony	5	41928	de9ec441	eb057b58	MISC/14/BEGINNING
7306d450236e1ca022bfe78c4e1bbb00	0	276317	player+silence	libopenmpt	Digital Symphony	4	136680	66184fd2	669112dc	SOFT/MELLOW2/WATERII
734f6a09c6cbaad0ab42fbafe63de82b	0	7668	player	libopenmpt	Digital Symphony	4	544	b5cbc6fd	12157c9f	QUICK/SMALL/ATEAM
735c3e6535c12002a7111fd06d92e4de	0	151873	player	libopenmpt	Digital Symphony	4	283288	1cc2409e	db9faf4c	SAMPLE/VOCAL/UNFORGET
735e7eb7fbf4de5b1c5f973ec8b6d49c	0	169986	player	libopenmpt	Digital Symphony	4	88904	98748867	60f258e1	SOFT/NEWWAVE/DARKSIDE
7372311131ef50e0c085e5fbdf8bb867	0	245394	player	libopenmpt	Digital Symphony	4	93908	e5316880	f267f45a	DANCE/HARDCORE/BLUEBOXING
73758f8ffd8e95a34bce48212947c6d7	0	228270	player	libopenmpt	Digital Symphony	4	155736	4df9a10d	9b2388e2	DANCE/RAVE/VIRTHC
7378c55df742aeeb6c79f0f5fbc5fb5e	0	187879	player	libopenmpt	Digital Symphony	4	11552	3ca4faa8	c58adfc8	MISC/13/SCHRONZ
737b484c3567d1231b4c1a3ea1970136	0	46011	player	libopenmpt	Digital Symphony	4	50940	692c4fea	7d115a32	SAMPLE/MIX2/JAMBROWN
738899d2086a2a391b78282348d125aa	0	393498	player+silence	libopenmpt	Digital Symphony	4	195424	bf61e7c0	66c04ce4	MISC/08/HAUNTED
7390e6d582eebfc9cb1678da95bb25b7	0	123655	player	libopenmpt	Digital Symphony	4	55868	a30d440e	2480fe1d	QUICK/BEAT_MAX/JUSTSPAN
73a3033ed4bd6138815b1d2ab05db3f9	0	191714	player	libopenmpt	Digital Symphony	4	61484	e6ed2101	4105f75d	DANCE/ACID_TEKNO/CLTFTCHN
73a3033ed4bd6138815b1d2ab05db3f9	0	191714	player	libopenmpt	Digital Symphony	4	61484	e6ed2101	4105f75d	DANCE/ACID_TEKNO/CULTTECHNO
73a781de2e6a4052fc249525446815d5	0	130363	player+volume	libopenmpt	Digital Symphony	4	19676	03417f66	515223f0	QUICK/BEAT/ONCE_MORE
73ac5ce523c0832226a156f11d8f5db9	0	7668	player	libopenmpt	Digital Symphony	4	24728	25546c63	95f312fd	MISC/04/CEREMONY
73b9f5f5f62749793574cd4992a9220f	0	83815	player	libopenmpt	Digital Symphony	4	71964	fe59194a	6f4d74e8	SOFT/STRING/NE_GROOV
73bece0e26b120d58a2db0ffa90004e7	0	358246	player	libopenmpt	Digital Symphony	4	85260	9a09b099	421bfe50	SAMPLE/EXPERIMENT/MODEMPLUS
741f8da8efa3e8458d0364cbfd4b1a93	0	225389	player+silence	libopenmpt	Digital Symphony	4	43696	fc276fc4	ffba7a86	MISC/08/GAWI
743e31d3da87dea82513eced09443719	0	162318	player	libopenmpt	Digital Symphony	4	62560	cecbe808	78783452	MISC/15/11_1
744c952fe4e06008b7f8ad218d2599b9	0	143146	player	libopenmpt	Digital Symphony	4	70840	c020321c	3243bc0e	VOYAGES/ENVIROMENT/STYLEE
747b6e033c8f311978ef67b9e0602451	0	274390	player	libopenmpt	Digital Symphony	4	49964	b9ecb69a	750681ee	MISC/04/BEASTII
747ffaae6bc436e8c216772019c82832	0	314411	player	libopenmpt	Digital Symphony	4	109908	ec6dc685	0049d87c	MISC/01/BOING
748ae9c57b26f0093c855f1f3dc7bb5d	0	280681	player	libopenmpt	Digital Symphony	4	40172	98ee66fb	1cab28d0	VOYAGES/EPICSCORES/BEA
748b6ef78506c71b32f4b11521528778	0	71573	player	libopenmpt	Digital Symphony	4	31540	f5282176	765fb878	MISC/05/AHREV2
74a243ffad5ecfd3a0fcc43f7e2064a5	0	92022	player	libopenmpt	Digital Symphony	4	61508	e2fd6684	6764de34	QUICK/BEAT_MAX/STRIKESE
74bc4bd9b31da6916688cb8caa055baf	0	222668	player	libopenmpt	Digital Symphony	4	89752	524634f9	934c1969	DANCE/ACID_TEKNO/BORINGTECH
74e8018ea11a9b715d4a4e6c70818dbf	0	207051	player	libopenmpt	Digital Symphony	4	84360	99b935b3	e6768ca1	MISC/11/MISSFO
75155341efa8f23c571d66e228471446	0	141411	player+silence	libopenmpt	Digital Symphony	4	47976	7c929674	c9f574ac	FUN/TVFILM/AIRWOLF
75226f7cae3cacc008a22a90e1a9f02a	0	242415	player+silence	libopenmpt	Digital Symphony	4	121240	b17f33a7	9975de1c	DANCE/DANCE1/SUFFOCATE
7538165cb799864bf258400eebbcbaee	0	138034	player	libopenmpt	Digital Symphony	4	35532	a773946e	beb6f04e	QUICK/POP/ULD
753b6fa90ebbb18c3075ec141bc8ee4d	0	107217	player+silence	libopenmpt	Digital Symphony	4	130292	3d718d9d	f1093102	MISC/14/PURELEVY
7540537139fb5cc38c7da6d17f688c87	0	191314	player	libopenmpt	Digital Symphony	4	86168	d0fb3d4d	369aa86b	MISC/03/ANIMOTIO
7542c9132633852ff52aacb951fc2465	0	178584	player+silence	libopenmpt	Digital Symphony	4	221868	d1c670ec	4a85af0e	DANCE/DANCE2/IRIDIU
757f99c878a8870854718febec03daf6	0	227346	player+silence	libopenmpt	Digital Symphony	4	31988	dfd49dad	d8afd674	MISC/06/DEARROB
759ebc68d3da731fc2a4cf0b73a3bbe8	0	161519	player	libopenmpt	Digital Symphony	4	150368	add41d97	0b23a04d	DANCE/ACID_TEKNO/TRASM
75a77485972f0fb5190f5c3a7c457e5d	0	170196	player	libopenmpt	Digital Symphony	4	104276	6027ed18	57c35227	DANCE/RAVE/TRZ_HC
75a8a50332f84e43dfdbb30694c286cf	0	84354	player	libopenmpt	Digital Symphony	4	47840	2601642b	26029ecb	MISC/04/BLUE_MOO
75a8a50332f84e43dfdbb30694c286cf	0	84354	player	libopenmpt	Digital Symphony	4	47840	2601642b	26029ecb	MISC/04/BLUEMOOD
75a8a50332f84e43dfdbb30694c286cf	0	84354	player	libopenmpt	Digital Symphony	4	47840	2601642b	26029ecb	ROCK/SOFT/BLUE_MOOD
75aec96e43666665a25b84b16da44bf3	0	115652	player+silence	libopenmpt	Digital Symphony	4	123120	4206a59d	2feb7a80	ROCK/CYBER/DOEATI
75aec96e43666665a25b84b16da44bf3	1	63545	player
75d72c4f14f3b6aae563f0166e9bb1a9	0	23005	player	libopenmpt	Digital Symphony	4	70008	caf1c481	8f860909	SOFT/PAINO/HAPPYVEGIE
75d994a3c1f15fecfd0b04cbd96e258a	0	184165	player	libopenmpt	Digital Symphony	4	197896	865e0815	bda94559	MISC/03/CCLOVE
7631f34437d78a1843f1123ed697646c	0	134074	player+silence	libopenmpt	Digital Symphony	4	22404	2c29a963	bc61a8c7	QUICK/BEAT/TEDMIXFUN
7660fa677858ad322172ddc05eb0d955	0	81798	player	libopenmpt	Digital Symphony	4	54720	13578a78	6940907e	DEMO/03/BALAD
7664a8d27e9191c638e0603c990bc596	0	214719	player	libopenmpt	Digital Symphony	4	192484	2b44a0ce	6ef91b93	MISC/05/BURNBUSH
7664a8d27e9191c638e0603c990bc596	1	76685	player
76c6989c8802b4120b5d1b777b017f16	0	310157	player	libopenmpt	Digital Symphony	4	83092	5095f856	6faea051	SOFT/MELLOW/MOONGAZER
76d919d64ca81adad5e5571afff7d29f	0	299074	player	libopenmpt	Digital Symphony	4	52664	827fedfa	21bb4a58	MISC/05/A2
76d919d64ca81adad5e5571afff7d29f	0	299074	player	libopenmpt	Digital Symphony	4	52664	827fedfa	21bb4a58	MISC/11/A2
76f317322fd95c8827b4930b30920380	0	161039	player	libopenmpt	Digital Symphony	4	31660	ee74dbe0	07bc4ad4	MISC/02/STREF
770313e77660367c6be686407f31f345	0	389285	player+silence	libopenmpt	Digital Symphony	4	86428	49d63b35	b72e5436	MISC/01/EURO19
77038c093adcd60eb82f6d6c3a5d96c8	0	281819	player	libopenmpt	Digital Symphony	4	100472	2463ec5c	cfab8670	MISC/14/TUNAFISH
771e584aef87912b2b95e8d9a8c88416	0	85252	player	libopenmpt	Digital Symphony	4	4616	17be8f4d	573a71e1	QUICK/BEAT_MAX/CALYPSO
772f2cbf2da42926f5e02ad25684105a	0	280501	player	libopenmpt	Digital Symphony	4	109564	df4f0b2c	9b99040c	MISC/07/FEEDBACK
777c47d46504525b5c29f1e0c195f0df	0	122697	player	libopenmpt	Digital Symphony	4	218080	2835d6e8	0ef2d13b	DANCE/RAVE/K8
778d9272ffa47216eaf914f365b1f485	0	117584	player	libopenmpt	Digital Symphony	4	57312	b5561136	4a0b8712	DEMO/05/LANCE_15
77c268c0765c49ecb00deee495ef7d87	0	168848	player	libopenmpt	Digital Symphony	4	87748	ecfe0b35	e82eaf00	DANCE/ACID_TEKNO/ATEMYSOCK
77cf4a06d3be3b28e6e5681e7bf5e134	0	19171	player	libopenmpt	Digital Symphony	4	25072	6113d134	054c21a9	QUICK/SMALL/STATELOADR
7801eae0e4aa47ad5eb7f3c47b6c3331	0	107359	player	libopenmpt	Digital Symphony	4	204184	23837c89	9eb8dca6	DANCE/DANCE2/U4IA
780e13593f01dec6da5880d2243dbea1	0	221092	player+silence	libopenmpt	Digital Symphony	4	218920	0082d781	e2b08e3f	MISC/08/GALACTI2
7845ee2833e2f99b38cff59f517fd560	0	408590	player	libopenmpt	Digital Symphony	4	63332	7c7690c8	b254faf7	DEMO/01/SINKINGII
7845ee2833e2f99b38cff59f517fd560	0	408590	player	libopenmpt	Digital Symphony	4	63332	7c7690c8	b254faf7	DEMO/02/SINKIN
7869c919c7ba37a246d984dd3caa499d	0	242838	player	libopenmpt	Digital Symphony	4	105712	d468b169	ba6dce01	MISC/03/CAROLINE
7869c919c7ba37a246d984dd3caa499d	0	242838	player	libopenmpt	Digital Symphony	4	105712	d468b169	ba6dce01	ROCK/SOFT/CAROLI
786e00d4652fe395939f07155d22e9c8	0	95851	player	libopenmpt	Digital Symphony	4	385120	93d6b72a	bb3908d4	SAMPLE/MIX2/SCAPUCAC
78b38232f14834ed3e2e8de1b4dfd591	0	116945	player	libopenmpt	Digital Symphony	4	78656	9d60057b	d56af7ad	DANCE/DANCE1/ONLYFORYOU
78bd1c1a2095078e25df42386bced595	0	267247	player	libopenmpt	Digital Symphony	4	124076	dbe54be2	3d7d404f	DANCE/DANCE1/JMU_JOE
78eb0ec7ea0a16c9399a5cd41b16ac44	0	191714	player	libopenmpt	Digital Symphony	4	46440	13a25125	90973cb3	MISC/15/6BEAT
78eb0ec7ea0a16c9399a5cd41b16ac44	0	191714	player	libopenmpt	Digital Symphony	4	46440	13a25125	90973cb3	QUICK/BEAT_MAX/6BEAT
78eb0ec7ea0a16c9399a5cd41b16ac44	0	191714	player	libopenmpt	Digital Symphony	4	46440	13a25125	90973cb3	QUICK/BEAT/6THBEA
78ec6e7c3c08d36dc4c9ba40a5ff0c39	0	452541	player+silence	libopenmpt	Digital Symphony	4	95060	bf92b667	00231d19	QUICK/PULSE/CALYPSO
79191fd4fb9c71672d3e5b7bb0ac07aa	0	122217	player	libopenmpt	Digital Symphony	4	200264	20ac6cce	1385e378	SAMPLE/MIX2/KIRK
79199f663c686d78d3b1e11c9cba2ff0	0	114030	player	libopenmpt	Digital Symphony	4	35340	5136a3c4	5672b9a4	FUN/JOLLY/GEDEON
792cf766e98dae5650297e33cc11d634	0	79880	player	libopenmpt	Digital Symphony	4	64796	c53bba8d	b4369b4a	SOFT/PAINO/BOOGIE
7989cf4e9519887d5084489aa287c5ea	0	396485	player+silence	libopenmpt	Digital Symphony	4	200604	1812e35d	6ecbd3b1	DANCE/HARDCORE/DIGDISTRES
799833fed500562ce5c6fa919e5fba0a	0	51922	player	libopenmpt	Digital Symphony	4	2712	85a34e62	a2b39844	FUN/JOLLY/TOYBOX
79a3e69013bfbcb30c74fbdcfe1c5831	0	233891	player	libopenmpt	Digital Symphony	4	43056	adb4b766	0886b560	MISC/10/LEAVE_TH
79c7328e871a40600e23cea3f3b3e38b	0	206049	player+silence	libopenmpt	Digital Symphony	4	55792	125f52bf	c8dc55db	MISC/12/MGNTCFLD
79def032220601124da6d6ec18d33222	0	158483	player	libopenmpt	Digital Symphony	4	52768	d5e949f5	1a5766cb	MISC/14/REBORNIN
79f56041e59945be01788458b2fa3550	0	177735	player	libopenmpt	Digital Symphony	4	152268	5b635cce	de980892	SOFT/JAZZFUNK1/BLOWAWAY
79f9d0422b985c37e80f7236dab17fba	0	240445	player+silence	libopenmpt	Digital Symphony	4	104420	f05832fd	39b5b55f	MISC/03/GRANDFINAL
7a0fc1f51f58f7cccff7b9af7a9e5d23	0	262388	player	libopenmpt	Digital Symphony	4	178964	f149c77e	5746cd00	QUICK/POP2/FAIRYL
7a1b1cb82108d7c5938792d54b366576	0	232852	player	libopenmpt	Digital Symphony	4	61564	734e5b4d	5624e607	MISC/13/RASTAMAN
7a3274bf980e1f56ca2b85d195820e8a	0	232724	player+silence	libopenmpt	Digital Symphony	4	20788	2c10fb1f	ab505d65	QUICK/BEAT_MAX/ACKERLIGHT
7a354005234687b6dd79c524481dbd2f	0	287946	player	libopenmpt	Digital Symphony	4	159292	ca1bb0b3	20d7392a	QUICK/PULSE/REVOLUTION
7a392e116f673128a99a61b34566aac4	0	111194	player	libopenmpt	Digital Symphony	4	18600	4c40ed46	dfb8711e	DANCE/ACID_TEKNO/BRAINSCAN
7a392e116f673128a99a61b34566aac4	0	111194	player	libopenmpt	Digital Symphony	4	18600	4c40ed46	dfb8711e	DANCE/HARDCORE/BRAINSCAN
7a3980b6bef43aa2e7f9edb4300389ab	0	141868	player	libopenmpt	Digital Symphony	4	140352	ac44e86c	5ce14f1c	SOFT/BLUES/COFFEEBLU2
7a4090d11222bc8e5f133dbbadeade4f	0	221092	player+silence	libopenmpt	Digital Symphony	4	218120	e1b4eb02	8a533acc	DANCE/ACID_TEKNO/GALACTICCO
7a65f77600c69eed906414b0838d5e41	0	99052	player	libopenmpt	Digital Symphony	4	67948	206e8be0	b12a3101	SOFT/MELLOW/BREEZE
7a865eae00a2ecc2c2fba3fe906731a2	0	266962	player	libopenmpt	Digital Symphony	4	86256	b2e5f2f7	cc6c6f32	MISC/03/FULLEFFECT
7a9a3dc3423832c2de69f30db549e511	0	98413	player	libopenmpt	Digital Symphony	4	16480	040b287a	6e79f18a	MISC/14/TURRITUN
7aa15599f0cba894cdde30b7b2a73d1b	0	228299	player	libopenmpt	Digital Symphony	4	63452	6923cd80	1136b3a4	QUICK/PULSE/STULFICA
7aa289d5e65ef784348904498b0244c5	0	108558	player	libopenmpt	Digital Symphony	4	41064	eb8ad6cd	ad86f979	MISC/07/ENJWASS
7ad917c3b86ee5b17827ef6968ab18c8	0	258705	player	libopenmpt	Digital Symphony	4	199968	e802e9fa	56a1833f	MISC/04/BLUJOKR4
7ada5c0d6b88950a549382458dec8886	0	358993	player+silence	libopenmpt	Digital Symphony	4	53316	e21be8e7	9ad29f01	VOYAGES/ENVIROMENT/RUMBA
7afa1d9c0dcb2ee5ad4bea8e9d0e35b2	0	207697	player+silence	libopenmpt	Digital Symphony	4	62984	024ef78c	c939f1df	ROCK/HEAVY/TASMANIAN
7b3346df960a8327f8de089767476118	0	61348	player	libopenmpt	Digital Symphony	4	31608	ad602a2c	4de9dae1	DEMO/03/BALL_1
7b3346df960a8327f8de089767476118	0	61348	player	libopenmpt	Digital Symphony	4	31608	ad602a2c	4de9dae1	DEMO/03/BALL2
7b4e0b2474aaa3809cee09148e11a15e	0	196507	player	libopenmpt	Digital Symphony	4	76956	44471692	2bb05e7a	MISC/09/INGENANI
7b57b04d2fe272ae3a6134b6fe70f243	0	170618	player	libopenmpt	Digital Symphony	4	104376	fa3c63f5	65d764c3	MISC/10/SPACEMIX
7b6603d0f77b568da4fc66388c431e5b	0	161039	player	libopenmpt	Digital Symphony	4	22956	5d5f9a43	ccc6d564	MISC/01/DESERT
7b688735d872d255e023e35c5d77758e	0	69017	player	libopenmpt	Digital Symphony	4	3208	3c72844c	b7442786	QUICK/SMALL/PSYCHO3
7b6be4bbb32b2620c5172c04fcd6cfec	0	237168	player+silence	libopenmpt	Digital Symphony	4	104528	3ce8ad3b	a4ecc816	MISC/12/MELODIAN
7b7a66fe48fafea2911700d26fd427c1	0	23005	player	libopenmpt	Digital Symphony	4	3880	0a9ac0ac	66fe76fe	DEMO/04/HOPLA
7ba231ed6f3c0712962b8e4ad908b5f8	0	115028	player	libopenmpt	Digital Symphony	4	34552	25d8cb76	2aa039b5	DEMO/05/TUERKES
7bbf38c16d8a2147900a1476959b4b0b	0	201328	player	libopenmpt	Digital Symphony	4	209708	8e3d7e96	53e53069	MISC/11/STEVESPM
7bd03eec88c1dcce52a207f7874d9f06	0	209326	player+silence	libopenmpt	Digital Symphony	4	93056	12af0c9c	226f562d	SOFT/MELLOW2/SOMETIME
7bd914e617ceb61d727f6150aee8bde1	0	157205	player	libopenmpt	Digital Symphony	4	29588	f55840ca	37dcb971	DANCE/RAVE/SPEEDBOY
7c00664fc776f7180008c551115c5c8b	0	257396	player	libopenmpt	Digital Symphony	4	146668	6fbac397	f6375962	DEMO/01/ELIPTICAL
7c141c0d98c913b39d03e12f481a3232	0	121821	player+silence	libopenmpt	Digital Symphony	4	60428	1415cf19	94fd1fde	DANCE/DANCE2/NATURAL
7c1b5b8b38017aba4c660bb7ec91583b	0	142439	player+silence	libopenmpt	Digital Symphony	4	209732	28c7f323	e6e26b20	MISC/11/DESTIN
7c20454bda15cd57bff427349aae80dd	0	406916	player+silence	libopenmpt	Digital Symphony	4	122132	3f8fe95b	3968600d	VOYAGES/SCORES/TRANZE
7c25ec91a92a32a96021bfdfe8030b96	0	77644	player	libopenmpt	Digital Symphony	4	6408	eee25cac	5dc1cef8	QUICK/SMALL/SCALEOFJOY
7c53105781c41d97230e1fc773261161	0	286669	player+silence	libopenmpt	Digital Symphony	4	116684	e9ef794e	267e4e62	MISC/04/BLOWYANO
7c59eec96f0915c66ff17a5cad51e01e	0	51123	player	libopenmpt	Digital Symphony	4	18020	f568e5bc	93af6481	MISC/02/HUNTERMOON
7c61affce1603c57d7d124c60833bd9f	0	441042	player+silence	libopenmpt	Digital Symphony	4	87328	e340a77b	2b1129ca	MISC/01/ONEDAY
7c6bc8e26f1f5b546280aaf51b12b17d	0	276068	player	libopenmpt	Digital Symphony	4	91396	c6c85b5b	6076420f	ROCK/SOFT/DUDE
7c794fe5e98985f6e065e1b2a76df517	0	309298	player	libopenmpt	Digital Symphony	4	100712	a5c45c5f	9a5bdc6b	MISC/11/MESSAG
7c86c10ef47342e8b9eed0d3ff216e9f	0	107359	player	libopenmpt	Digital Symphony	4	31464	1655d3a4	79711c9b	DEMO/05/LAB9
7c87c5833a60c44c38aeae41301846e2	0	295737	player	libopenmpt	Digital Symphony	4	153864	a1208aa5	9151a8f9	DANCE/RAVE/THE_SOUND
7c8cb2e9fe9e1ebdfb0cca076e73396d	0	393533	player	libopenmpt	Digital Symphony	4	142856	5968a49e	57571f64	DANCE/DANCE1/MONOXIDE
7d129b72e5162a264173644955ab6deb	0	191714	player	libopenmpt	Digital Symphony	4	109448	e98bff15	97ddc6af	SOFT/BLUES/FREEGUITAR
7d129b72e5162a264173644955ab6deb	0	191714	player	libopenmpt	Digital Symphony	4	109448	e98bff15	97ddc6af	SOFT/JAZZFUNK1/FREEGUITAR
7d160983958c584a12dcff3979d00931	0	76685	player	libopenmpt	Digital Symphony	4	45556	2191663f	419cf85c	MISC/14/TOOBTITLE
7d1aad371370a17cdfef024864d58dd0	0	107359	player	libopenmpt	Digital Symphony	4	37996	62ef6664	bc97fe5c	MISC/14/JAZZE
7d206501d62a14e3083568adb197e8ee	0	13972	player+silence	libopenmpt	Digital Symphony	4	7352	3a86af7a	f69757b8	QUICK/SMALL/CONQUES2
7d2d75a1b2d6259336ac13335c6a75b3	0	308868	player+silence	libopenmpt	Digital Symphony	4	66120	2119fbdd	ff65d737	SOFT/MELLOW/SECONDFACE
7d3409c1da0796cc6de277f3a2b5b189	0	150332	player+silence	libopenmpt	Digital Symphony	4	68228	e15df962	465243f9	MISC/13/NAMEWASB
7d3409c1da0796cc6de277f3a2b5b189	0	150332	player+silence	libopenmpt	Digital Symphony	4	68228	e15df962	465243f9	SOFT/NEWWAVE/NAMEWASBAD
7d3ca3a1be491f18b47954b33658f64b	0	309275	player+silence	libopenmpt	Digital Symphony	4	31764	75e21eac	d2ec96da	MISC/12/MAGNETI4
7d4316c80158907dea62f9406c7acaf2	0	182128	player	libopenmpt	Digital Symphony	4	114604	eadcd820	410819b0	SOFT/JAZZFUNK1/ARKHMASYLM
7d4d69a9ac0495707fb31e5de53b1d3e	0	46011	player	libopenmpt	Digital Symphony	4	2404	dae2a725	6bb3fc94	MISC/10/LEMONINT
7d4d69a9ac0495707fb31e5de53b1d3e	0	46011	player	libopenmpt	Digital Symphony	4	2404	dae2a725	6bb3fc94	QUICK/SMALL/LEMON
7d687abc3e92d9ffb0fdf2f65dfd8bd6	0	181095	player+silence	libopenmpt	Digital Symphony	4	175780	007220ac	83a5a270	FUN/TVFILM/STARTREK
7d71310096e9392b06329b2ed148560c	0	44733	player	libopenmpt	Digital Symphony	4	19588	a6983e12	595b3e5a	SOFT/NEWWAVE/MUNK_JAM
7d9ab94f49a8dbf5adf07a487a77e860	0	264565	player	libopenmpt	Digital Symphony	4	52860	a0dd2972	5bb3345a	DEMO/05/TOBECO
7da2a19efa3a3052ec1c0699301e53d2	0	214719	player	libopenmpt	Digital Symphony	4	156768	98b16342	72f2bb19	SOFT/KEYBOARD/ZOOCOLORS
7db07090dfc6199de2405f7f71d3648a	0	334421	player	libopenmpt	Digital Symphony	4	49208	14701faa	121182af	SOFT/PAINO/TOCCATA
7db60d27380f115ef267948a3d0ef080	0	70934	player	libopenmpt	Digital Symphony	4	70404	48cc67e7	de0a9b56	DEMO/05/PARASIT2
7dee695fb80d8e691745f3af70bcfafd	0	143226	player	libopenmpt	Digital Symphony	4	69672	5c4485d8	f1ac9ec8	FUN/TVFILM/THUNDERBRD
7e085d397ca5b97821add9d0391333e8	0	289488	player	libopenmpt	Digital Symphony	4	70712	b5a1a7e7	d0f36f42	MISC/05/ALCOHOLI
7e1d0be4bb9476e05568c32bc7db7b7f	0	175758	player	libopenmpt	Digital Symphony	4	62852	0e55f929	d8efdda8	MISC/13/PYRAMID
7e21e641255e93a11cf005b079712dd1	0	127809	player	libopenmpt	Digital Symphony	4	77984	31cfd7bd	7dcba50b	SOFT/NEWWAVE/YON_HIRVET
7e404510679c8a0dfe3d99b6e696a061	0	341251	player	libopenmpt	Digital Symphony	4	65948	e24a4c6b	f5391ea2	MISC/11/SPIRIT
7e4a6d39b48bcb94d8d1f7cfe2ba4786	0	474756	player+silence	libopenmpt	Digital Symphony	4	161384	9c8f3856	0007f260	MISC/11/MMOD
7e601162c01975c51481cd83ad187b1c	0	247016	player+silence	libopenmpt	Digital Symphony	4	91880	d3ae6a47	7a770253	MISC/13/NEWBEAT
7eb1f1c4abf5bdc15eb0c1427795e840	0	268399	player	libopenmpt	Digital Symphony	4	129128	cd37be7d	6282daa1	ROCK/SOFT/COVRMYEYES
7eb66ca14d32bbd04357ed386809d385	0	261933	player+silence	libopenmpt	Digital Symphony	4	232572	a0d25793	c5ccb2d9	QUICK/BEAT_MAX/HYPNOG
7ed92109b01a880106b27f38e5de2bac	0	291405	player	libopenmpt	Digital Symphony	4	209380	cd21bc61	207edbd2	SAMPLE/MIX2/SUNDOWN
7ee4c888159de852c2b354adfd625027	0	260731	player	libopenmpt	Digital Symphony	4	40056	320af2ba	0ad3ce0c	DEMO/04/Z_DANGER
7ef6474c41d9e19c42741a2f9665a9a0	0	122697	player	libopenmpt	Digital Symphony	4	26476	e0bc9f4f	b5d64c3b	DEMO/01/SLL8
7f022660adbd64632ed8331e283730a8	0	215998	player	libopenmpt	Digital Symphony	4	74352	ce4af94f	b950bb87	DANCE/ACID_TEKNO/NOCORNER
7f1305e952075d30f9b8d841b280d7a3	0	343472	player+silence	libopenmpt	Digital Symphony	4	102668	378ea0cf	69db4770	MISC/12/MAMA
7f1d13dd422235a116c18840bd46e986	0	145702	player	libopenmpt	Digital Symphony	4	94636	775954a2	486f2b71	SAMPLE/EXPERIMENT/INDUSTRY2
7f26cbea8f7017ea470ff3c1629ff42f	0	351396	player	libopenmpt	Digital Symphony	4	74880	eb95ec4e	3533e944	MISC/01/EURO18
7f3eb2b7aebfa06640d0d2a819ebe25b	0	333343	player	libopenmpt	Digital Symphony	4	125880	234ce192	4617b40b	DEMO/02/ENIGMA
7f3fdf5294304a617c95f95a0d571d1e	0	38822	player	libopenmpt	Digital Symphony	4	16408	280acc3f	cc4b4296	SAMPLE/EXPERIMENT/SHEEPS
7f46ee644d6c5570054bc9207b5b9403	0	82117	player	libopenmpt	Digital Symphony	4	3824	4de40c4c	5f57273b	MISC/12/MENTALM
7f4efec8a27ea46d1fab55f9fb61aeda	0	153371	player	libopenmpt	Digital Symphony	4	108328	74703edc	5b988fdd	ROCK/HEAVY/ILOINE
7f5569c074f36e52692a0a6a31713011	0	126440	player+silence	libopenmpt	Digital Symphony	4	95424	d9457822	6ed7347e	VOYAGES/EPICSCORES/STORMBRING
7f5fed61a90df8e3157acd1e86c067d5	0	253062	player	libopenmpt	Digital Symphony	4	73560	46412d0d	def1134d	QUICK/POP2/I_CANT
7fa12172922e1bbf7a369d15cb87b967	0	228141	player+silence	libopenmpt	Digital Symphony	4	68032	79c32da4	02a751cd	QUICK/POP/MUMSTAJM
7fad570e0dc53919a7c06ab60008edc1	0	165197	player	libopenmpt	Digital Symphony	4	105580	5c4408c7	8cc07a17	DANCE/RAVE/VAMPBHC
7fb1141db3c9116f804b4476b08026cb	0	86031	player	libopenmpt	Digital Symphony	4	30340	650fc1dd	5b1c433a	MISC/11/BLOCKE
7fc242f310049f058e20235ab26e9439	0	55756	player	libopenmpt	Digital Symphony	4	27332	3b9984b0	05cbd7ce	FUN/TVFILM/AIRWOLF2
7fd97ee9b58099a1d63039cb4808bd52	0	80519	player	libopenmpt	Digital Symphony	4	21840	4028a70f	654df4f0	DEMO/03/ACIDBAT2
80102a243fd7fd49c00bc04cd8d8d64c	0	224625	player	libopenmpt	Digital Symphony	4	88444	02a1aa2d	8425c637	MISC/08/HEAVYBAL
801330713284c5126073a588acee5574	0	76685	player	libopenmpt	Digital Symphony	4	63348	680642d1	0828420d	SAMPLE/MIX2/MIX1
80262e5b601ad3a9f1bfdab5bf1e3eb6	0	318505	player+silence	libopenmpt	Digital Symphony	4	103192	8543fa06	ef3d2ef3	MISC/09/INFANITA
802f8b6e2490a4fd1c11badc205e123b	0	165040	player	libopenmpt	Digital Symphony	4	152396	6293451d	684ff322	DANCE/DANCE1/3DDEMT2
802f8b6e2490a4fd1c11badc205e123b	0	165040	player	libopenmpt	Digital Symphony	4	152396	6293451d	684ff322	MISC/15/3DDEMT2
80396433bffb45c8578e3fcbc30b3672	0	176377	player	libopenmpt	Digital Symphony	4	80740	ee7f8f1f	45f49e8c	DANCE/DANCE2/NOT_JUST
80519bb097238ad76992bb30f0b1d2ad	0	151808	player+volume	libopenmpt	Digital Symphony	4	84460	9a12ddda	16081eb6	DEMO/03/ASPHYXIA
80519bb097238ad76992bb30f0b1d2ad	0	151808	player+volume	libopenmpt	Digital Symphony	4	84460	9a12ddda	16081eb6	MISC/01/ASPHYXIATD
80519bb097238ad76992bb30f0b1d2ad	0	151808	player+volume	libopenmpt	Digital Symphony	4	84460	9a12ddda	16081eb6	MISC/03/ASPHYXD
80548f617eb658bd0cd2c86548260cc9	0	162509	player+silence	libopenmpt	Digital Symphony	4	134192	58250f7b	39fdc25b	SOFT/JAZZFUNK1/FLOOD
805747cb76eb759a6d90920e97e9b042	0	239762	player	libopenmpt	Digital Symphony	4	204108	064dfa4d	95e00169	MISC/11/PANIK
807d372ee5b25eb1108a40a67acc18f1	0	198693	player	libopenmpt	Digital Symphony	4	29220	e83ca199	13d1a44b	VOYAGES/SCORES/JOURNAL
809732acf298518d25b39f2e51147b45	0	199382	player	libopenmpt	Digital Symphony	4	50392	9c6be4b7	217236e3	DANCE/RAVE/HAPINESS
80cb4f2a4b3f613f1719aea2b81a1a27	0	63904	player	libopenmpt	Digital Symphony	4	5168	29df4ab1	a9a446bb	FUN/FAMILIAR/ADER
80fa440c519421ad8902ab3e78f0864e	0	164275	player	libopenmpt	Digital Symphony	4	91824	849ab32a	12dadbfa	SOFT/JAZZFUNK2/ANCITIMES
8114db04f695f8645cf32689a1599957	0	262350	player	libopenmpt	Digital Symphony	4	190792	088dfd3e	d71b6f0d	SOFT/JAZZFUNK1/BEACHTUN
812631d036ca1ae95efed73df5f9942b	0	301630	player	libopenmpt	Digital Symphony	4	60916	068f4856	0b2ce331	SOFT/NEWWAVE/TRANCEJ
8127fc7ef6f513f867c455ec4ef2adf0	0	157205	player	libopenmpt	Digital Symphony	4	45056	34e54a66	853c003d	MISC/04/CHASE
814f59a7645b2c70400839989b169171	0	477334	player+silence	libopenmpt	Digital Symphony	4	54444	a08b0746	a10c39e5	MISC/02/FROG_FAIR
815698cd6cc6157f64e2396d99d7bbb8	0	116216	player	libopenmpt	Digital Symphony	4	72936	b8bcb84f	8bbcb556	SOFT/PAINO/POLKA
815d9ca69baecf5e8cfcd91a39616fea	0	368091	player	libopenmpt	Digital Symphony	4	88640	2f26f747	c57e12fb	QUICK/POP2/LET_TH
81818887539aa0e3932e53c4b6151910	0	299308	player+silence	libopenmpt	Digital Symphony	4	57664	56443eae	e9fa4909	VOYAGES/SCORES/CHINA
818a1cd5bfd469e3612673602503ee64	0	233891	player	libopenmpt	Digital Symphony	4	70812	493262bf	d0b55b27	MISC/11/STARTER
818e4fa138ece42f3e0a8a741bce6e5f	0	213042	player	libopenmpt	Digital Symphony	4	63980	0e18567d	0dab219a	ROCK/HEAVY/MESSE_NERE
81abacfac4c0d1f632705f2ab37bc4de	0	226729	player+silence	libopenmpt	Digital Symphony	4	97092	525016e3	46aa6ae7	DANCE/ACID_TEKNO/MODULECTRI
81b80ee2f2625c1113c6f2109dd6e3d8	0	196507	player	libopenmpt	Digital Symphony	4	85284	6f922324	0aff4ccb	MISC/14/INGENANING
81cd066f2d07b49d0a224230758b6c58	0	297710	player+silence	libopenmpt	Digital Symphony	4	333504	6f13099d	00cbf9d1	DANCE/DANCE2/VIRTUALREA
81d8c9c39927c9b3ad6e5c15703b1bf5	0	272873	player	libopenmpt	Digital Symphony	4	92348	716b5e09	6ff72a4a	MISC/04/SHADES
81e18dbf7c85fad7dc5e5de758a73cd7	0	445705	player	libopenmpt	Digital Symphony	4	84408	dc33166a	81528cf0	DEMO/05/ONEMED
81e59104e7250e138abeea70da005e2e	0	46011	player	libopenmpt	Digital Symphony	4	122656	00057179	dcd78a1f	MISC/06/DRBAKER
81eca9095ad868ba41f1c77a5cafcea9	0	101299	player+silence	libopenmpt	Digital Symphony	4	119288	f00fc4ae	7f466b17	SOFT/BLUES/ROCKNBLUES
81ece83d23c6ffa1af0c41c70d8ff161	0	280326	player+silence	libopenmpt	Digital Symphony	4	104496	5f3121b5	c61b43ec	MISC/08/GREENMAR
820507ba1aba837546cc0f40f4b433e6	0	136474	player	libopenmpt	Digital Symphony	4	32396	24fcdb52	d80f67ed	MISC/02/SHORTSONG
820ccb781286afb4ee9068c9e72fb01e	0	122697	player	libopenmpt	Digital Symphony	4	46340	9666ddeb	8874ea44	DANCE/DANCE1/EXPLORER
821e23bd7651249cdc06afd9cf640c73	0	102247	player	libopenmpt	Digital Symphony	4	62152	8b9e46d2	709a661d	MISC/05/ACIDROCK
8226a05257d14b985e41bfde26bc2268	0	150867	player+silence	libopenmpt	Digital Symphony	4	105908	c6732afc	61ef8380	SOFT/JAZZFUNK2/ANEWJACKTH
8268103617e541c3788dcfbde104959c	0	153371	player	libopenmpt	Digital Symphony	4	29132	9c46d6be	3359115e	QUICK/BEAT_MAX/SKYXMASMIX
827c1fc670b46fbbac8c43113151961f	0	187804	player+silence	libopenmpt	Digital Symphony	4	29512	c4ce5ec7	92bcee62	MISC/08/V48
827d6cb348eb5b94164e0dfb36079447	0	254181	player	libopenmpt	Digital Symphony	4	96956	027448c9	058359ce	DEMO/01/ODYSSEY1
82b04da64dd3623c5b512a610fd4904a	0	171071	player+silence	libopenmpt	Digital Symphony	4	143176	b7c62488	6f230110	MISC/14/RHETORIC
82b8ece1cc335a69ddcdec2463fd39e8	0	18093	player	libopenmpt	Digital Symphony	4	20996	2c007eef	cb290fd1	MISC/09/JAZZ
82c7a54debdbb3d4db732636acd7b03a	0	175665	player+silence	libopenmpt	Digital Symphony	4	89180	4382d389	95aeebbd	SOFT/PAINO/DISTANTCAL
82f1ca01dbd5c400cdf4223ecd401420	0	430511	player+silence	libopenmpt	Digital Symphony	4	248636	f2cc739c	97013359	VOYAGES/SCORES/OUTOFS
830423a488ccbec7dd020d6726066dce	0	140270	player	libopenmpt	Digital Symphony	4	39828	66be5f63	0816cd42	DEMO/04/VISIONOP
830a8cb393de4854ce0e3dd230ee0578	0	32591	player	libopenmpt	Digital Symphony	4	8884	d63c5908	8ff997a7	QUICK/BEAT_MAX/UNICORN
832046287b579c455c65c23702903d91	0	143328	player+silence	libopenmpt	Digital Symphony	4	87760	9aad4954	804f694a	VOYAGES/EPICSCORES/ETERNITY
8330ff9ba9e3feb196ccd9ec193a7d35	0	112632	player	libopenmpt	Digital Symphony	4	66564	c25e8b1a	2ca26e1d	MISC/08/HARMONY
833560938a52146af2d3ed15b01b4e00	0	184045	player	libopenmpt	Digital Symphony	4	217648	3597e790	6f6464eb	DANCE/DANCE2/TOUCHMEM
837f306f6b9961f74f031ae2105bd363	0	204544	player+silence	libopenmpt	Digital Symphony	4	81612	41e0026b	2182cdbf	DEMO/02/COOLBALLAD
837f306f6b9961f74f031ae2105bd363	0	204544	player+silence	libopenmpt	Digital Symphony	4	81612	41e0026b	2182cdbf	MISC/06/COOLBLLD
8381c30c256b888e7a4eb59eac3086e3	0	115028	player	libopenmpt	Digital Symphony	4	19604	cc3fb603	310b8cbf	MISC/03/ARTELLI
83a691bdd03a8688dca340b1f6d2fee9	0	219832	player	libopenmpt	Digital Symphony	4	33968	8d85e2ee	c220a2cb	QUICK/BEAT/PARTYOVER
83af41570aafaf9a4dafad0814de6288	0	161039	player	libopenmpt	Digital Symphony	4	53972	964894dc	90ae81f5	DEMO/03/DEFENDER
83b9f25678f9aa4dc1aa56bd4edf3cd6	0	266009	player+silence	libopenmpt	Digital Symphony	4	89428	69e26bbc	56a320de	MISC/09/INBLOOM
83dda2fdaf1aaf8416dd540058f0edef	0	214719	player	libopenmpt	Digital Symphony	4	41484	386b95d3	67392691	MISC/08/VOYAGER
83e763faa358d77f931a1120d2b3099f	0	278588	player+silence	libopenmpt	Digital Symphony	4	58660	f358642a	00ea5748	QUICK/POP2/WINDSCR
83e99a4a1efd24d51981f8a8e7918e83	0	90316	player+silence	libopenmpt	Digital Symphony	8	20108	8b7246d6	4238943a	SOFT/PAINO/FUGUE_B
840afd3b472b108b62a2b947f896cfac	0	355929	player	libopenmpt	Digital Symphony	4	57208	a2694daa	e4b32597	MISC/10/SLOWMOTI
841c0b0ff1740f13758211db9b31bdc3	0	224966	player	libopenmpt	Digital Symphony	4	148864	b90ffafc	a0fbd4dc	DANCE/ACID_TEKNO/CLS
8430b3ef6a59c0cc4645fe5c87ccee7d	0	238164	player	libopenmpt	Digital Symphony	4	179188	ba38bcb2	8f579f8b	SOFT/JAZZFUNK2/SOULFREE
843f981f39ba9489f045f550b75a9e80	0	230376	player	libopenmpt	Digital Symphony	4	71960	9bc7416f	f43b9e24	MISC/08/HIGHDENS
8444cad4251c1f926c060904d4ffdda1	0	190024	player+silence	libopenmpt	Digital Symphony	4	30016	d6f8a749	03734b0c	MISC/05/AMIGAGOE
845aefdd9ee24471a24ce920bbe8729e	0	135478	player	libopenmpt	Digital Symphony	4	15400	f98e1d37	1e42139e	SOFT/PAINO/ENTERTAN
845faeff44d479be343804934cf71f2b	0	126176	player+silence	libopenmpt	Digital Symphony	4	11756	fa18cbe8	c59e212e	MISC/02/THINK_HER
8463d9b78fde363a03f07a4f67e6df54	0	381666	player+silence	libopenmpt	Digital Symphony	4	117876	66930214	9ad754e8	DANCE/DANCE2/IWANNACUDA
846a421ed7e912156fa4204874907177	0	76685	player	libopenmpt	Digital Symphony	4	17796	07ec9b92	d332d5e7	MISC/14/EGYPTIANII
848946e7e335dfc5e588e74c6fa9a8a0	0	180211	player	libopenmpt	Digital Symphony	4	47772	85c6f205	a2733184	MISC/15/2ENDLEGY
8494db30e8c9e1f746d2fdc1e8852d46	0	701674	player	libopenmpt	Digital Symphony	4	74804	cd6bd154	388eb08d	SOFT/JAZZFUNK1/PROGRESIVE
84a344054145265257ff9b510eb06195	0	115028	player	libopenmpt	Digital Symphony	4	23808	77838539	556e09ec	MISC/04/BETTY
84e00d7173ba27fee5b28bee81a927c8	0	255172	player+silence	libopenmpt	Digital Symphony	4	93080	80208dfa	c030ec9c	MISC/06/DIOXIDE
84fb3393b3986c47a59ffecfb1836954	0	62784	player	libopenmpt	Digital Symphony	4	57964	7bff5f32	ab7f94c0	QUICK/PULSE/SOUND_64
84fb3393b3986c47a59ffecfb1836954	0	62784	player	libopenmpt	Digital Symphony	4	57964	7bff5f32	ab7f94c0	ROCK/SOFT/ELECTRO64
850219b3ceef1f70206ac6d79208f82d	0	207051	player	libopenmpt	Digital Symphony	4	97968	610424d9	a3c56c1c	DEMO/03/ELCTRCDRUG
8530f7d33a0811ec66e48d33805191fd	0	235453	player+silence	libopenmpt	Digital Symphony	4	92476	77c68f55	b7626736	FUN/FAMILIAR/AWSOP
854a00a43d0fba06c7f516164193b8b1	0	108638	player	libopenmpt	Digital Symphony	4	36616	c1c77e21	ab1c7e5c	MISC/07/ELEVATOR
855296332d8dffe7606e1a291a101bfb	0	138034	player	libopenmpt	Digital Symphony	4	16520	0e181164	b5b15097	SOFT/MELLOW/SOMEWHERE
8597142d391e88dad3558bf15f732307	0	260731	player	libopenmpt	Digital Symphony	4	42628	5376f8a7	d1d243ef	MISC/11/ADAMSK
85c280b8187f134d6db7c3b1ccb559fb	0	212223	player+silence	libopenmpt	Digital Symphony	4	211668	5a88ab8e	5f74334f	SAMPLE/EXPERIMENT/PHANTASIE
85cf340ac45d2c40edf97dfb82f47f81	0	61348	player	libopenmpt	Digital Symphony	4	35788	61b992ca	7228ac95	QUICK/POP/WILDLIFE
85e64f931d69131bcefc14502d54d7c6	0	138034	player	libopenmpt	Digital Symphony	4	30692	9f324e50	a8b9ac12	SOFT/PAINO/PLINKER2
86212068c3e8e06c89c7d57b2ebccae6	0	233417	player+silence	libopenmpt	Digital Symphony	4	78520	fe1b930d	786fea59	QUICK/PULSE/INDUGREE
8621cf1537ada0eb453d0bde0bc932e4	0	115195	player+silence	libopenmpt	Digital Symphony	4	646500	05fae6da	f64ed0b6	SAMPLE/MIX2/9POINT95
864e2b7f3fe8fe0b4bc5cb7237a9ae80	0	92022	player	libopenmpt	Digital Symphony	4	39772	4b09c4bb	1a4d5a88	MISC/07/DELTA2
866a5d0a1af18b88f31e9492cec16547	0	134540	player+silence	libopenmpt	Digital Symphony	4	74356	0db84c68	5fccdf36	MISC/11/CONFUS
867bfeea1de6a9878c989b0980956b70	0	277546	player	libopenmpt	Digital Symphony	4	64536	030d4b13	83ea8e15	SOFT/KEYBOARD/SAPPHIRE
867d0137b87f0297619d221cb3117a49	0	147973	player+silence	libopenmpt	Digital Symphony	4	204960	59fc6818	bea62fe6	MISC/06/CYBERCHR
86be68ee58f6c785ed6b45649f736933	0	178593	player+silence	libopenmpt	Digital Symphony	4	95448	44aeb639	62225ba8	SAMPLE/MIX/XENOPHOB
86be68ee58f6c785ed6b45649f736933	0	178593	player+silence	libopenmpt	Digital Symphony	4	95448	44aeb639	62225ba8	SAMPLE/MIX/XENOPHOBE
86c22194b314aaa4fe2c09fcd6a7a585	0	134199	player	libopenmpt	Digital Symphony	4	40096	d820d42f	f41f9a4e	QUICK/POP2/WELCOM
86cdc5a67969fb787b902dbdf621e865	0	185833	player+silence	libopenmpt	Digital Symphony	4	193184	08321f64	5dd21d78	DANCE/ACID_TEKNO/ACT_T_VATE
86cf4a73f925a0b15bb30e46dd2adca4	0	138034	player	libopenmpt	Digital Symphony	4	59608	094daaf7	246637f4	SOFT/JAZZFUNK2/BRASSCON
86d12e7244f15808e8dd250e7b26c5b9	0	250506	player	libopenmpt	Digital Symphony	4	57820	71520f7b	09f081f3	QUICK/PULSE/FILTH
86ddd3ad7a4287a39ec14207f4c6f74e	0	138034	player	libopenmpt	Digital Symphony	4	121056	847079ab	66f076a4	MISC/11/PASSIO
86e81653f4ec56923a19fc026b4eb907	0	230057	player	libopenmpt	Digital Symphony	4	56404	8d32bdf1	8db49c73	MISC/08/HAVING
86e81e070bfc9258af2ebafe9dfbe684	0	69017	player	libopenmpt	Digital Symphony	4	7072	fce9be34	a3d3fd42	QUICK/PULSE/BAJS
86e8d97c3e92781262c64bb7f6eddebb	0	163057	player+silence	libopenmpt	Digital Symphony	4	89444	06ef7b75	b23e915e	DANCE/DANCE1/ACTION4YOU
86f6189e3c3370013c80c8945ed27b59	0	191714	player	libopenmpt	Digital Symphony	4	34284	61862c54	0488e217	MISC/13/WERWERU
870632e1082dae322f0434dae141991f	0	152775	player	libopenmpt	Digital Symphony	4	41604	381212c1	913ebd83	ROCK/SOFT/SLIDE
870ec9cced533a79ba4d70ed51cf3f71	0	162343	player	libopenmpt	Digital Symphony	4	142908	249118ee	1144e828	MISC/11/LAST_T
87108789574f39e652ec725b5df4c050	0	423084	player+silence	libopenmpt	Digital Symphony	4	189448	ea1e9d0b	e4550fa0	DANCE/RAVE/TEMPORAL2
87363666a348c591f8943e99d43902ea	0	267953	player+silence	libopenmpt	Digital Symphony	4	158344	8d92dd09	9a19bfbc	SOFT/KEYBOARD/VOYAGER
8752bf5d3a88c59ccaa93658f60f20e3	0	71198	player+silence	libopenmpt	Digital Symphony	4	20980	1b4baf6b	860b8fce	SOFT/PAINO/BLOOD_ROOF
875480886c57e044f26296cd9c09c83b	0	139458	player+silence	libopenmpt	Digital Symphony	4	76884	4306c589	241c1a62	MISC/06/DAYBYDAY
8761eb28a87d7171a2a83085a8084802	0	180443	player+volume	libopenmpt	Digital Symphony	4	95236	83615791	ca6340a9	QUICK/BEAT/CIAO_ITALI
876545f472fc77bf8311934bfef33481	0	235681	player+silence	libopenmpt	Digital Symphony	4	75908	094a0b34	f8245794	MISC/09/INFATUAT
8767e608267cd3b4d54a0e509cce454a	0	245394	player	libopenmpt	Digital Symphony	4	66324	496bf7a2	4ac1e1e3	ROCK/SOFT/FORCE2
876bfc6f848917903cd8ae133493f9c9	0	122243	player+silence	libopenmpt	Digital Symphony	4	92300	123da01c	8a10b357	DANCE/RAVE/EPILEPSIA2
878656bcbf21a431b8784579ff424f62	0	278068	player	libopenmpt	Digital Symphony	4	63668	eda1fba6	4a190ee4	DANCE/DANCE1/TRANCELATI
878b0f21d21a38a0f97f1a183a89de9b	0	306717	player	libopenmpt	Digital Symphony	4	210968	a3d59f6d	04a1e498	FUN/TVFILMMIX/EXORISTMIX
87ba079ef6cf00f76a341273f97a9297	0	57514	player	libopenmpt	Digital Symphony	4	4596	6f55304b	31f89fdb	QUICK/BEAT/BALANCE
87ba079ef6cf00f76a341273f97a9297	0	57514	player	libopenmpt	Digital Symphony	4	4596	6f55304b	31f89fdb	QUICK/SMALL/BALANCE
87c0feefe622c3001cf192676754d2df	0	197581	player+silence	libopenmpt	Digital Symphony	4	133292	28806f6e	c979a190	SOFT/BLUES/PASTEL
87c8810fd07fe62070ae1f1d6c0f9f75	0	92661	player	libopenmpt	Digital Symphony	4	30360	c85b3c48	0b409335	FUN/FAMILIAR/MOONSHINE
87cab6bae2873fd4c84b2ef493566942	0	233771	player	libopenmpt	Digital Symphony	4	77184	34a7df79	2c01a749	SOFT/KEYBOARD/FIREWORK
87eef0a796ff0521b324ce87daa9c8fd	0	240441	player	libopenmpt	Digital Symphony	4	195388	da5ba917	6f2a9331	SAMPLE/MIX/BEATEX
880bdb614c668b4f3576d5e250188af5	0	199382	player	libopenmpt	Digital Symphony	4	143084	fa3fb080	44d133d0	ROCK/HEAVY/GETWELL
880f4d63255d7973c15b420263257ef7	0	305507	player+silence	libopenmpt	Digital Symphony	4	91408	5731afe7	0145e21b	DANCE/DANCE1/OTHE_DSYM
881da5b0defdb06febd1d1bf2873c4af	0	61348	player	libopenmpt	Digital Symphony	4	3348	7f0e25be	ade3ca69	QUICK/SMALL/FRANTIC
88542f9f4977c61cc83e53333d0f7ab1	0	95957	player	libopenmpt	Digital Symphony	4	168976	be700899	70e2c569	DEMO/05/TRNCDVST
8871923a1d4e44da462468f60f2afbe1	0	296298	player	libopenmpt	Digital Symphony	4	50548	bff01913	a049292b	SAMPLE/EXPERIMENT/AFRICANBUS
88923c754c0dd61d13c8c7b5b21b3d43	0	591968	player+silence	libopenmpt	Digital Symphony	4	156096	b1cfc3d7	a9142380	DANCE/RAVE/HOIPOLLOI
88be123d52f1c231371c9d67532411a1	0	720176	player	libopenmpt	Digital Symphony	4	298436	2e984bff	72e5a61f	DANCE/RAVE/PANDEMIX
88cae7dc30333adadf083c98ea0eda5d	0	506125	player	libopenmpt	Digital Symphony	4	82652	3b418d05	3347f676	DEMO/05/MIMOSA
88d0c41e0acfd4bcca84f805b0a22447	0	331375	player+silence	libopenmpt	Digital Symphony	4	100512	5862d9ef	3dad71d5	QUICK/POP/SCNLYRCS
88e8c6c74376577d67dd1da41feaadc3	0	153371	player	libopenmpt	Digital Symphony	4	44988	01f6bc0f	f40fe31b	DANCE/DANCE1/LASERBEAT
88ecf23ac4c7432b01880dde56258d1d	0	168708	player	libopenmpt	Digital Symphony	4	26332	ed961e30	f0ba42d3	FUN/FAMILIAR/POPCORN
88f2a74c29e25f560c847299ee7c5d27	0	90225	player	libopenmpt	Digital Symphony	4	35044	c15c1f99	e4a0ca53	DANCE/HARDCORE/STANDBY
890bc8ce6d9376e4f07a904109b3a877	0	115790	player	libopenmpt	Digital Symphony	4	120700	34e99791	af127d4c	DANCE/DANCE1/JOES06
891d5362a368a449d698014afe676b65	0	165618	player+silence	libopenmpt	Digital Symphony	4	53856	183a54bd	d6a507e8	QUICK/POP/PRINCE
89225e512dc765c0652a7b810c50a9b2	0	204495	player	libopenmpt	Digital Symphony	4	44276	449f7c88	5c8f0bdd	DEMO/01/INTROMUCH
8950ae22a04121ad068a853cd3080e69	0	233456	player+silence	libopenmpt	Digital Symphony	4	230612	a6116b45	1e32c66f	DANCE/DANCE2/URBANGRND
898011326a76d102c16097aa8b97c7bd	0	214719	player	libopenmpt	Digital Symphony	4	75144	87ba750b	7205692d	MISC/13/NATURE
89833dea334a21b59241ca72e11e85c8	0	79241	player	libopenmpt	Digital Symphony	4	54860	004e9a7c	e51ac2e9	MISC/09/INGAME1
89939a5a6618e56d72ea75b21f7ca24d	0	342774	player	libopenmpt	Digital Symphony	4	66512	3dd35def	67a41410	MISC/08/HEAVYLIG
89a0f0bb0d8267e8275f429d28228df2	0	139766	player+silence	libopenmpt	Digital Symphony	4	110844	4667a211	98280e4b	SOFT/JAZZFUNK2/ESCAPADE
89c82125c651931e74364df46aaa4956	0	390058	player	libopenmpt	Digital Symphony	4	116204	5283c642	891ef5f1	MISC/01/EURO24
89d18e7886a87972f1097f530f5a17f4	0	161039	player	libopenmpt	Digital Symphony	4	67676	ed139735	de0b7efb	MISC/06/DEFEAT_T
89da43e686d4be66e5e3905513219a21	0	25561	player	libopenmpt	Digital Symphony	4	4988	2c438a70	dd79f268	DEMO/05/MICROINT
89eb6850c27e91037f74787c6f750457	0	140054	player+volume	libopenmpt	Digital Symphony	4	42152	d32be5b9	67fc4604	DEMO/02/EVILREVNGE
89eb6850c27e91037f74787c6f750457	0	140054	player+volume	libopenmpt	Digital Symphony	4	42152	d32be5b9	67fc4604	MISC/06/DMNSRVNG
89f0c64781f57eb7d233a0c28be2b07d	0	215458	player+silence	libopenmpt	Digital Symphony	4	101872	bbfa10d1	94d2bb82	DEMO/04/FREESPAC
8a0132b644fd8d53ef91b93222e6417d	0	222388	player	libopenmpt	Digital Symphony	4	42888	b411fe95	9bb6bd61	QUICK/POP/MASQRA
8a0773aac26b930e93af697ff7c173a1	0	181523	player+silence	libopenmpt	Digital Symphony	4	162680	b25a5d34	57805a93	SOFT/JAZZFUNK2/SRL
8a25b333df2925bd966e290af5d935d7	0	122737	player	libopenmpt	Digital Symphony	4	42556	6a8cd0c5	ccf8c771	QUICK/PULSE/PIDO_HAN
8a29ccbde9af7c39204c754bc2847912	0	205134	player	libopenmpt	Digital Symphony	4	47784	1fc20858	44ab4b18	DANCE/RAVE_PLUS/REBELS
8a78091341219c6727670376024f8820	0	177091	player	libopenmpt	Digital Symphony	4	52152	63cd4004	2cb10d0f	VOYAGES/EPICSCORES/THUSLEGEND
8a94582faf8d15ad73298ec05b65df8c	0	328789	player	libopenmpt	Digital Symphony	4	108268	ad2846d5	25e6092a	MISC/10/SPHERES
8a94582faf8d15ad73298ec05b65df8c	0	328789	player	libopenmpt	Digital Symphony	4	108268	ad2846d5	25e6092a	VOYAGES/SCORES/SPHERES
8ab05a2a237d22be376152f3b8080db8	0	190234	player+silence	libopenmpt	Digital Symphony	4	74980	4a78ae49	558f5387	MISC/07/ELECRAMB
8ac934dbea5ea6258263f35cc1d596a4	0	284615	player	libopenmpt	Digital Symphony	4	84308	27142cfe	e96892ad	VOYAGES/ENVIROMENT/STREET_JUN
8ae1d7f17546cc5bfbd20582dc5182ea	0	341633	player+silence	libopenmpt	Digital Symphony	4	248260	86aa3e4d	6c33a628	QUICK/POP/MYWOLF2
8ae1d7f17546cc5bfbd20582dc5182ea	0	341633	player+silence	libopenmpt	Digital Symphony	4	248260	86aa3e4d	6c33a628	QUICK/POP2/MYWOLF
8b35cc2e02b5ad99246b936354e3220f	0	92022	player	libopenmpt	Digital Symphony	4	9436	e2302702	8e72f309	QUICK/SMALL/NAWOR
8b52ffc198e19fd6dfff71b57f5dbdab	0	147404	player+silence	libopenmpt	Digital Symphony	4	86644	acd96078	1eea9c7c	SOFT/MELLOW2/LOVETHE
8b55215bfe4eb4efbc13a76a0634c444	0	127809	player	libopenmpt	Digital Symphony	4	94832	52acb71a	d60d1a21	QUICK/BEAT/ALTERNANDO
8b55c75af2f02b6d91b73700726dd9d4	0	173820	player	libopenmpt	Digital Symphony	4	29656	00dbcba8	8f30414d	DEMO/05/PROMISE
8b5ea92116658f6cb68c339f67619006	0	325914	player	libopenmpt	Digital Symphony	4	97980	400dbde8	1513c29e	MISC/06/CRAZYTRN
8b66d0ea767b8698e8668f534ac37ebb	0	102247	player	libopenmpt	Digital Symphony	4	20164	5d0f6a0c	23f6f85e	MISC/13/PATZGA
8b9cb740df3a41d897aeae10f5fffd67	0	152093	player	libopenmpt	Digital Symphony	4	36988	fc678eec	598eca30	MISC/10/SONGWITH
8bb2006fe9a60d9a83d48cdb87819a18	0	19490	player	libopenmpt	Digital Symphony	4	19012	0b4a0caa	2cb979ba	MISC/05/AMERICA2
8bd68d264ec45c2deed577a9f29c3bd8	0	106435	player	libopenmpt	Digital Symphony	4	62008	c4b71db9	603f73fc	DANCE/ACID_TEKNO/BYF1
8c030e4c3ce641531363f64b384060a2	0	274652	player+silence	libopenmpt	Digital Symphony	4	87260	407811d8	25579d07	DEMO/05/SCRAMBLE
8c204d006751a7cd1647e267866e7818	0	224310	player+silence	libopenmpt	Digital Symphony	4	71288	bc8faaf3	72e7284c	SOFT/MELLOW/FANTASIES2
8c21f885fca41d358e5b657fd19a0e5f	0	92022	player	libopenmpt	Digital Symphony	4	7040	33a20045	54e09371	MISC/13/SECRETGA
8c222595d9de93deb84dacd6a1983c66	0	237725	player	libopenmpt	Digital Symphony	4	283080	448afa76	71f39854	MISC/04/BLUEMAN
8c29374194471c2cf53ce8f712df784a	0	127568	player	libopenmpt	Digital Symphony	4	64508	6a94cbe2	6ae69678	QUICK/POP/TOMSDINE
8c4772c1f8fa511a4df052d6710635dc	0	67099	player	libopenmpt	Digital Symphony	4	38104	d343be59	73bb0561	DANCE/ACID_TEKNO/FLIKFLAK6
8c896b14102e40b71026df910c3f5a62	0	199281	player+silence	libopenmpt	Digital Symphony	4	149916	9ed2f63d	25c8abaf	MISC/13/TIPMTX
8ca329316f60c16471679b8fb22fda51	0	227500	player	libopenmpt	Digital Symphony	4	112668	a973e58f	6ad5c7c3	DANCE/RAVE/HAKHOUSE
8ca60ab4b62261169990793c729b338a	0	178965	player	libopenmpt	Digital Symphony	4	160208	c4159a9a	ad4886da	MISC/04/CHAOTTIC
8cafa2d9839bd55fe630dc76ee928051	0	107383	player+silence	libopenmpt	Digital Symphony	4	55020	9d042f93	49020745	DEMO/04/VIRGILL
8cafc38f8665a62c90880eb2ebd8bda9	0	182128	player	libopenmpt	Digital Symphony	4	51188	8cd604e3	4b6e7d95	MISC/05/BYTESOF
8cd41ffcb458d1cb165265ecca80dfa9	0	95857	player	libopenmpt	Digital Symphony	4	35872	1f942195	c902d3fd	MISC/11/BEDOUI
8ce1d9f0d8bcc4199f709747bad547bd	0	142799	player+silence	libopenmpt	Digital Symphony	4	49860	c604ffd9	d342ab3b	DEMO/02/RAA
8d1ec812f99ec57f9086307839bb1903	0	115028	player	libopenmpt	Digital Symphony	4	24656	c6d0d1ca	b62fa4cd	QUICK/HYPERPULSE/ENCRYPT
8d2751c0c7d3ca2e265b44d80ff7cec9	0	209478	player+silence	libopenmpt	Digital Symphony	4	78624	b36911e6	fa7fe11c	DEMO/05/WHI
8d2751c0c7d3ca2e265b44d80ff7cec9	0	209478	player+silence	libopenmpt	Digital Symphony	4	78624	b36911e6	fa7fe11c	QUICK/POP2/WHISKY
8d347f6bd44cda637c744765534bafac	0	219272	player+silence	libopenmpt	Digital Symphony	4	89812	d7865daa	b289c64f	DANCE/DANCE1/LASERBEAM
8d3eec3533bb23f4b60876a8cf99551c	0	393498	player+silence	libopenmpt	Digital Symphony	4	195392	8c4c238d	b01ed597	SOFT/NEWWAVE/HAUNTED
8d860b9f4c843e286340b5e731640d4d	0	259612	player	libopenmpt	Digital Symphony	4	78840	b0c327b2	83635b5b	MISC/11/ONE2_3
8d860b9f4c843e286340b5e731640d4d	1	0	nosound
8d8990551fb05c671a7100b85a2d69fb	0	128208	player	libopenmpt	Digital Symphony	4	179860	cdbd1541	21b5b7b5	MISC/10/LOVSTNKS
8dc34a3e803d91285fb2ff06e42d2b02	0	138353	player	libopenmpt	Digital Symphony	4	289736	84b6e903	2d8dc63d	QUICK/POP2/TORNADO
8dec593ca87209dcfd45cfa7cbe334c2	0	179971	player	libopenmpt	Digital Symphony	4	135000	faa74698	4209475c	DANCE/ACID_TEKNO/EARTHQUAKE
8e12e5682c084a12e795307fe0732885	0	223345	player+silence	libopenmpt	Digital Symphony	4	266384	58ed456c	24e617ac	DEMO/02/DREAMLAND
8e1320ca3577e74558a70e4a654c5a1e	0	71573	player	libopenmpt	Digital Symphony	4	53404	9c48edd5	2f39e0ee	SOFT/STRING/ENDLESS
8e3769ee027d3e3c8e7c92fddc098a38	0	243151	player+silence	libopenmpt	Digital Symphony	4	229952	2a9eae49	3e01fcbf	MISC/13/NEMESIST
8e5a6508d7e731842a53f70d153cbf85	0	279902	player	libopenmpt	Digital Symphony	4	72536	46a49674	0e161be3	MISC/04/DIGITALIN
8e96dd2abd32d20cd12179af70a44ff4	0	103525	player	libopenmpt	Digital Symphony	4	92696	931fc4a5	6582c9a9	SOFT/MELLOW2/TEMLI
8eb04bc89ade01ce8a87febedd1ffa05	0	76685	player	libopenmpt	Digital Symphony	4	29552	9ed1bf3f	307715d1	DEMO/05/PROJ09
8eb12945167e55c2aff8a042b0fbc6bb	0	363058	player	libopenmpt	Digital Symphony	4	87320	70e2dbb1	771756df	QUICK/BEAT_MAX/CO_OPRTN
8eb12945167e55c2aff8a042b0fbc6bb	0	363058	player	libopenmpt	Digital Symphony	4	87320	70e2dbb1	771756df	QUICK/BEAT/COOPERAT
8eb1ffc2b6dcfbfbd7760b21b42dcff1	0	132573	player+silence	libopenmpt	Digital Symphony	4	20600	91150ef1	2353a519	ROCK/HEAVY/ALBERT
8ecb76ad3494582630e4b276d7d7fafe	0	130365	player	libopenmpt	Digital Symphony	4	105936	9004be63	b4823068	FUN/JOLLY/VOLGAFINE
8ed07d147777630c330b71a2779e18c8	0	79427	player+silence	libopenmpt	Digital Symphony	4	30540	71babfad	36ef9775	DANCE/RAVE/FLIKFLAK4
8ede5dd3e78100321016427e967221d7	0	131803	player	libopenmpt	Digital Symphony	4	257684	c837b46a	91af8338	SAMPLE/MIX/THENINJA
8f24eaa30227fe23342dfd8992f24685	0	222708	player	libopenmpt	Digital Symphony	4	113640	cd782768	f2f6d9f1	DEMO/05/LASTADVE
8f346fa357d7b265cfa220686fc32cab	0	161039	player	libopenmpt	Digital Symphony	4	50004	d1828268	dff85411	DEMO/04/XTEC
8f58528af53d358afda48815b7978992	0	286313	player	libopenmpt	Digital Symphony	4	97244	c2af3a19	8c626754	MISC/02/THIRDDEMON
8f68183f705a8c3a8fd16e2469c2308d	0	138034	player	libopenmpt	Digital Symphony	4	4888	7fd485d6	e8a7d0a9	QUICK/SMALL/NEVEREVER
8f86b2c2e32c69553ac8eecade6c804f	0	107359	player	libopenmpt	Digital Symphony	4	78228	69a6c259	4c1b2639	MISC/08/HARRY
8fb327027aa652080dac42bad4025c44	0	168708	player	libopenmpt	Digital Symphony	4	91248	e9befdc6	e0626c0c	MISC/07/FALLOUT
8fba0736f7d0c4d53bb2a585881f2ebb	0	240281	player	libopenmpt	Digital Symphony	4	39652	e587ab22	7cf7ffe3	ROCK/SOFT/SUPERBAZ
8fd29e4815858566a3cb4a5276a3497a	0	326531	player+silence	libopenmpt	Digital Symphony	4	182520	c838c29c	41ea9bf8	QUICK/BEAT_MAX/HUMANITY
8fdc1d8ddff80cc150e0333527970d49	0	175384	player+silence	libopenmpt	Digital Symphony	4	108640	1266321e	58a7c5de	MISC/14/RBI
8ff0a528699f694b255e504a2ec429bc	0	215358	player	libopenmpt	Digital Symphony	4	95976	27f8a8d7	a7c76c21	DEMO/05/KITCHEN
8ff0a528699f694b255e504a2ec429bc	0	215358	player	libopenmpt	Digital Symphony	4	95976	27f8a8d7	a7c76c21	MISC/09/INTHEKIT
9044e8b6d2b8676c91624d5af21ca04f	0	194310	player+silence	libopenmpt	Digital Symphony	4	149148	e6ad0f5c	63ea2ef0	MISC/11/HYPERK
905ec8ad911e98f47c797ea374d0ddd0	0	266336	player+silence	libopenmpt	Digital Symphony	4	149988	7271c652	78cdf71c	ROCK/CYBER/NUKFLA
908b1c18c8f6faeb40b42da2cc9b3c24	0	188195	player+silence	libopenmpt	Digital Symphony	4	103228	ba4347a9	54f694b2	SAMPLE/MIX/MAKEYRMOVE
908b61ed85f65057de5eee6a6192b457	0	106720	player	libopenmpt	Digital Symphony	4	19156	488e45af	ac71ef01	MISC/08/HELLO
9091061175c14a54fddfdc77ae671074	0	264687	player+silence	libopenmpt	Digital Symphony	4	306124	37f42ff6	7e95f430	SAMPLE/VOCAL/2UNLIMIT
90bd6cbc9174ec6d2019f6d13328b874	0	158483	player	libopenmpt	Digital Symphony	4	46808	22147f2e	27616961	DEMO/03/DARKFIRE
90c77f47faa1b94629250a1ba5c55865	0	301003	player+silence	libopenmpt	Digital Symphony	4	101972	0c8dc35a	e97c34a7	VOYAGES/SCORES/BLUESTAR
90cfb4e39d3efff4045b6677cd13dbc8	0	247218	player+silence	libopenmpt	Digital Symphony	4	105936	94e4e532	f51c90e4	DANCE/RAVE/SCHIZOFTIC
90f4d58a2fa1709f06c4049c13dda2b1	0	107359	player	libopenmpt	Digital Symphony	4	35660	ae49a28c	d78c452e	FUN/JOLLY/BALLAD
9145e106fee8c3093f313b68d2bba128	0	458336	player	libopenmpt	Digital Symphony	4	134656	142af37e	898e91e9	MISC/13/NICEWET
9153c46d73c3e6bdc3d74d401f6bcc90	0	1012469	player	libopenmpt	Digital Symphony	4	97716	b3d9177b	fef515e0	MISC/08/GROOVING
91d19d9624b1f9d454a2f520d2233d60	0	161039	player	libopenmpt	Digital Symphony	4	46744	f21bc4d7	663c472e	DEMO/03/BIRDIE
91e2b06449b23f3888cf47f93a74b39e	0	491986	player	libopenmpt	Digital Symphony	4	225304	6e1a75e0	8c90a8dc	MISC/03/RHAPSPRP
91e2b06449b23f3888cf47f93a74b39e	0	491986	player	libopenmpt	Digital Symphony	4	225304	6e1a75e0	8c90a8dc	VOYAGES/EPICSCORES/RHAPSPRP
91e53dd8098c104562e4108ef5664d01	0	184045	player	libopenmpt	Digital Symphony	4	77640	46641ce9	f56c2c95	DEMO/01/ODYSSEY2
91f645a8a1e616cab6b067780cbeb59a	0	234229	player+silence	libopenmpt	Digital Symphony	4	134620	f3d1a89d	e25a1e36	SOFT/MELLOW/DISHARMONY
91fc330f126f676cb321873c40b1f880	0	102247	player	libopenmpt	Digital Symphony	4	4856	c16e50ae	9eafce2a	QUICK/SMALL/CYANIDE
92065e84130a7bd3ff6da1dfaa51ba53	0	500897	player+silence	libopenmpt	Digital Symphony	4	101048	dce52d6d	2f95d446	VOYAGES/EPICSCORES/HEAVEN
921fd0eb41d8d9e024f452918f259a72	0	261270	player+silence	libopenmpt	Digital Symphony	4	255048	bc4d3a85	bd156c55	DANCE/DANCE2/NATIVE2
922cfefd7baf09259af28df4a91ef91d	0	208914	player	libopenmpt	Digital Symphony	4	103916	92a632c9	b0dadb02	DANCE/ACID_TEKNO/BLADERAV
922cfefd7baf09259af28df4a91ef91d	0	208914	player	libopenmpt	Digital Symphony	4	103916	92a632c9	b0dadb02	DANCE/ACID_TEKNO/BLADERAVER
9232db4022dd62cee26e962046b50809	0	253781	player	libopenmpt	Digital Symphony	4	100664	493c4364	06db50e8	DEMO/02/UNDERSEA
924d32f0a8d64fdc3ec492c060364247	0	158285	player+silence	libopenmpt	Digital Symphony	4	58208	ca65c4af	0ec30cb8	MISC/02/RIFF
92519f8d2afb06858e315d659f2d982d	0	183240	player+silence	libopenmpt	Digital Symphony	4	69844	736c7d0c	922626cf	MISC/10/SPACETRA
925dbf1e6c30a34875c1af89f073edfd	0	93540	player	libopenmpt	Digital Symphony	4	31788	100e917c	93d1829a	DEMO/05/PHYSICAL
9267cd211e96a9fb81a3319622ce94a3	0	157205	player	libopenmpt	Digital Symphony	4	102656	567892a9	211044ab	SOFT/JAZZFUNK2/HAPPYBEES
9269417abfd02da4950802ad504d72ac	0	648399	player+silence	libopenmpt	Digital Symphony	4	127640	e44999df	65348b4b	QUICK/PULSE/THEDARKIII
9283ab94bf58a2dc384b67c22ec9b32d	0	107359	player	libopenmpt	Digital Symphony	4	64376	b4ccb6e1	e24633f5	QUICK/POP2/WOHPUTAING
92ad1c999275e45ede30163b25cfb62d	0	232024	player+silence	libopenmpt	Digital Symphony	4	53320	0fa36686	655b28c2	SOFT/MELLOW/ORANGEJUIC
92f0b71c6a4ae91fee87e488b797dd50	0	583430	player	libopenmpt	Digital Symphony	4	91124	6332c388	faf2def9	QUICK/BEAT/DOXMPOLTAN
932288fb09a395cabff2bde6c83076cb	0	76685	player	libopenmpt	Digital Symphony	4	14288	6a5c614c	fe7ac772	DEMO/04/FACTORY
932e6f2e1c8cc3a4aa2f408817d3e8a8	0	134199	player	libopenmpt	Digital Symphony	4	141524	6c982de1	64e8053c	VOYAGES/EPICSCORES/CRUSADE
933bd51a20bb04213850f8294975fe36	0	145702	player	libopenmpt	Digital Symphony	4	115772	08170f94	ece46190	DANCE/ACID_TEKNO/TECHNOMANI
93558fb0aa7d81ad49966392b2356fc8	0	42177	player	libopenmpt	Digital Symphony	4	6140	91d1c7ec	edf75893	DEMO/05/WALKIE
93559e6fa571d6c25a2a106c0fc8d8be	0	103854	player+silence	libopenmpt	Digital Symphony	4	7536	c271f515	f69674fa	SAMPLE/MIX/FROGSONG
9356851836bbf932f57feaf53dd440b6	0	292826	player+silence	libopenmpt	Digital Symphony	4	54428	aeb49b8d	39a7afcc	DEMO/01/DNA_DREAM
93678c1a2ed61e113191dd5e91e0c54e	0	268403	player+silence	libopenmpt	Digital Symphony	4	262788	0cc0084a	e421d299	MISC/04/BEYOND
937d1c7af0da2368ecb32892ddd8df37	0	59671	player	libopenmpt	Digital Symphony	4	5164	34a0c661	316940d6	MISC/12/MORESATI
9389b0655ddf77bc20344399ed6b5c54	0	93615	player+silence	libopenmpt	Digital Symphony	4	57500	edbc0088	7997cc6d	FUN/TVFILM/JURASSIC
93a1968b5150a30e4940cdcf0875c980	0	115403	player+silence	libopenmpt	Digital Symphony	4	119956	5e806e7b	07a0d4f1	QUICK/POP/MOONLI
93b9be3157069d884c60cb6284fdb47e	0	7668	player	libopenmpt	Digital Symphony	4	664	4bcabcfd	2b3e1997	MISC/12/CARSP
93cb5b383d35452fd3109b10119cb066	0	191714	player	libopenmpt	Digital Symphony	4	87436	ab7fd38e	3bcaefea	MISC/04/BLUEPRNT
93cb5b383d35452fd3109b10119cb066	0	191714	player	libopenmpt	Digital Symphony	4	87436	ab7fd38e	3bcaefea	SOFT/JAZZFUNK1/BLUEPRINT
93cb62b7d998d0928633b9fce839955c	0	321542	player+volume	libopenmpt	Digital Symphony	4	252664	b1a6e3aa	18e97218	FUN/FAMILIAR/DAS_BOOT2
93e967a846bcdf47b800977b6a048d7b	0	256667	player+silence	libopenmpt	Digital Symphony	4	74948	0b891608	f65b28f4	MISC/02/GETENOUGH
93f70f4a760b43100924a1a41ce979c3	0	242274	player+silence	libopenmpt	Digital Symphony	4	73916	223fd04f	cb38cd8b	DEMO/01/PRIMETIME3
942d6c1017011022698e9a1739e6797a	0	84354	player	libopenmpt	Digital Symphony	4	6788	c506f4f6	80be3ee9	MISC/06/DOUBLED
942ecd2e8f094b0696f261c704d5e42a	0	419166	player+silence	libopenmpt	Digital Symphony	4	139060	61309e83	7616731b	DEMO/03/TRANCEFNTE
9463414b87b3bfa7b53d4b0060bd5d2e	0	243054	player	libopenmpt	Digital Symphony	4	145568	63750033	9cd0d3d0	DANCE/ACID_TEKNO/TEC_HC
946fe41c4fa695a4c02d033b66861934	0	83076	player	libopenmpt	Digital Symphony	4	42744	7db2ce21	6368c30c	ROCK/HEAVY/METAL
94797351ee190483f2b5f9de0db381ce	0	199382	player	libopenmpt	Digital Symphony	4	125012	57662ec7	828b4cef	MISC/05/ALTOFLYT
94797351ee190483f2b5f9de0db381ce	0	199382	player	libopenmpt	Digital Symphony	4	125012	57662ec7	828b4cef	QUICK/POP2/ALTOFLYT
94806b9d8092957c04da23520d5db28e	0	162343	player	libopenmpt	Digital Symphony	4	143040	e0c9afc2	9a6fd723	DANCE/DANCE1/TESTLAST
9486842bca6408a598925a06b40c55c2	0	196986	player	libopenmpt	Digital Symphony	4	93088	642c7c51	8acfe728	MISC/03/XMASMAINFZ
948cc81e34c71617184f8c4a992debbd	0	175138	player	libopenmpt	Digital Symphony	4	95944	1727ba12	a46eba1c	MISC/13/SEEYOLTR
948d03b24f3e1b7f31bab5fc5e161afe	0	122697	player	libopenmpt	Digital Symphony	4	5276	eca027e9	3392957f	DEMO/04/YELLOW
94afe56910a7bfb89fda9d0566865a41	0	199546	player+volume	libopenmpt	Digital Symphony	4	281696	b77df985	b9e33be7	DANCE/RAVE_PLUS/STYLEBLE
94bfbbeb1fe4792f2a7652b8f220cdce	0	218674	player	libopenmpt	Digital Symphony	4	52008	68e953ed	2b82eb5e	MISC/03/ANDSO_ON
94ebbf024ec60dc2d596302ad3011003	0	163196	player	libopenmpt	Digital Symphony	4	119960	791b9d85	0bc64f2f	SOFT/BLUES/CROSSROADS
94ebbf024ec60dc2d596302ad3011003	1	2376	player
94f3a0c84608056f1d42fd5971ad95ca	0	184045	player	libopenmpt	Digital Symphony	4	12148	65f37876	ec9b0f57	ROCK/HEAVY/HEAVYSYMPH
94fa594fcaa7966101383a05cbda2198	0	243334	player	libopenmpt	Digital Symphony	4	110164	502a3258	f386a8f4	SAMPLE/MIX/STOPRACISM
950a3b217f596abc48e0d54457d4eba1	0	97374	player	libopenmpt	Digital Symphony	4	126540	0d7a28be	e8f72fcc	QUICK/BEAT_MAX/CUIDADO
952d824bc5dc55418e008c1179d30dad	0	233891	player	libopenmpt	Digital Symphony	4	274684	122710fc	0b1611d9	DANCE/RAVE_PLUS/CLASSIC
953df19facc834e4764a8394761001fd	0	184649	player+silence	libopenmpt	Digital Symphony	4	111432	2aee8df0	cafc0797	ROCK/HEAVY/KSTNJKSTK
953fa83d8b3393096f87fac6f731db00	0	48687	player	libopenmpt	Digital Symphony	4	72928	6639b773	91542b70	ROCK/CYBER/BRIEFL
9553fce6f3c2a6a9b4743de7dbed07c3	0	127477	player+silence	libopenmpt	Digital Symphony	4	85204	827afc46	34a74821	QUICK/POP2/AJAVAR
95657df6af5d6827b70c7612f1e42d0a	0	178933	player	libopenmpt	Digital Symphony	4	89808	3eac1d4d	d7c96d3f	MISC/09/INTROAM
9567b9202c2b12f1fb226af1fda8eb2b	0	447232	player+silence	libopenmpt	Digital Symphony	4	110592	4279976e	f44c8c12	SOFT/NEWWAVE/VARIATIO
957bdd014f445be934624fe4403418ca	0	197545	player	libopenmpt	Digital Symphony	4	36684	78295c46	e5df2e81	ROCK/HEAVY/TGM
958123ef20772f576af612ee2878b9c9	0	155288	player	libopenmpt	Digital Symphony	4	93904	b9d492ea	2348f15e	MISC/09/JUICY
9595367f2178efb83fe22c550f6065e2	0	312904	player+silence	libopenmpt	Digital Symphony	4	294072	5cfa6822	ba714ecf	SAMPLE/VOCAL/SNAPOWER
9599cee5ab1f00f07d1fd0950abe8e03	0	228413	player	libopenmpt	Digital Symphony	4	201936	6ec35736	2a0a3acb	SOFT/KEYBOARD/I_LOVE_IT
95aeefbd14799769af8f93ea3539ce39	0	284908	player+silence	libopenmpt	Digital Symphony	4	62892	07657fec	8fe9e25a	QUICK/POP2/INFRA_
95d35d625f7d69ae9a21e28e4631a3f7	0	205773	player	libopenmpt	Digital Symphony	4	34080	0b95db68	9202cc58	QUICK/BEAT_MAX/MOBFERS
95d35d625f7d69ae9a21e28e4631a3f7	0	205773	player	libopenmpt	Digital Symphony	4	34080	0b95db68	9202cc58	QUICK/POP/MOBFER
95d6a5bac022d22a1f83505b27264110	0	229577	player	libopenmpt	Digital Symphony	4	76588	30aaa500	e766a7fe	FUN/JOLLY/COOL_XMAS
96207d7afac46481b42690a90d6614b1	0	150176	player	libopenmpt	Digital Symphony	4	74556	1bb0fe0b	131633f3	DEMO/04/DEMOMUSI
96228fbdb7a798760021fce5facbfc9f	0	169986	player	libopenmpt	Digital Symphony	4	28352	b6da0117	d42d0ea3	MISC/13/PRINCRAZ
963239debf29120814385e295c156747	0	95540	player+silence	libopenmpt	Digital Symphony	4	199568	20c726fe	7c1d8f25	SOFT/JAZZFUNK2/SCUPPI
963aa941a10f9fa94f3296504488ac3d	0	135997	player	libopenmpt	Digital Symphony	4	60848	f43578ee	550ac91d	ROCK/SOFT/THETREES
9653f254a131b19fe78f3b22f5193722	0	16615	player	libopenmpt	Digital Symphony	4	14812	257b3a54	e51b7582	FUN/JOLLY/TWINKLE
96628205663458657878117991d06963	0	251630	player+silence	libopenmpt	Digital Symphony	4	91476	ae921013	a6be56e1	ROCK/SOFT/12THWARRIO
967a91478ddbe2b883c3a8ec39b09cc5	0	127809	player	libopenmpt	Digital Symphony	4	78512	a661a2bf	f5073f45	MISC/08/FREEZING
967a91478ddbe2b883c3a8ec39b09cc5	0	127809	player	libopenmpt	Digital Symphony	4	78512	a661a2bf	f5073f45	ROCK/SOFT/TJA
96d5ba44d20f0c956d064f062e732850	0	184045	player	libopenmpt	Digital Symphony	4	54532	64929e28	77226082	DEMO/04/HORIZ36
96f610835eafdd1d3125f78bdd450f73	0	168788	player+silence	libopenmpt	Digital Symphony	4	154392	468d6c25	d86b935b	SOFT/PAINO/WANDERLUST
96f73510f17d8456e33a1fd0c4b450ca	0	306742	player	libopenmpt	Digital Symphony	4	48740	be68afe3	b5e78351	MISC/02/RALLMASTER
96fb3b80e29fbbaf3cc6fae241b03301	0	371362	player	libopenmpt	Digital Symphony	4	431312	cbcdc85e	d309e44d	QUICK/POP/AMPUTATEDL
970f6aaf08e88c0ce1517e940379803d	0	115028	player	libopenmpt	Digital Symphony	4	191648	f8ac899d	11776609	SAMPLE/VOCAL/DISKO2
971524013e1c37726b1e4c042f32d899	0	236878	player+silence	libopenmpt	Digital Symphony	4	175160	893f79ec	412968ba	DEMO/02/LINKFIVE
971b0e4cd6318239c46d68d9f6dd3509	0	48291	player+silence	libopenmpt	Digital Symphony	4	37856	6df78f55	1cc83ceb	DEMO/03/BACK1
9790019858f58f4831055bbb2d0c18cf	0	57514	player	libopenmpt	Digital Symphony	4	14576	d1c87506	fb27eb98	MISC/05/ALLIWANT
9797c6628453336bc60df0e6e832ada2	0	138273	player	libopenmpt	Digital Symphony	4	202488	abeba457	6a813e16	MISC/14/LOVELYDAY
979e07ec32381c5c168513c23d62bf25	0	195714	player+silence	libopenmpt	Digital Symphony	4	40288	dc98fe49	9edb197e	MISC/13/SC2DOOM
97c62ef3bb682ad8683c81d8e47c31bd	0	279852	player+silence	libopenmpt	Digital Symphony	4	31644	7c478fb3	fe670f7e	MISC/03/HIT_SQUAD2
9802e3c826901e401bb338bd8a9761be	0	207051	player	libopenmpt	Digital Symphony	4	105564	ba411849	77b7d80f	SAMPLE/MIX/COMA
9802e3c826901e401bb338bd8a9761be	1	146361	player
9802e3c826901e401bb338bd8a9761be	2	8946	player
9802e3c826901e401bb338bd8a9761be	3	0	nosound
9826e6cf19818300cf0f1933eb6c22f8	0	486794	player	libopenmpt	Digital Symphony	4	40688	b1a50b22	5d9f1822	SOFT/BLUES/HARDFEELNG
9826e6cf19818300cf0f1933eb6c22f8	0	486794	player	libopenmpt	Digital Symphony	4	40688	b1a50b22	5d9f1822	SOFT/PAINO/HARDFEELNG
982c446d535b5b1953e6ce63413fe011	0	122697	player	libopenmpt	Digital Symphony	4	34328	ec897e3f	82d7bd7e	MISC/01/ZBEARD
985b274ac176ada24ff0652b5ca4b8dc	0	90895	player+silence	libopenmpt	Digital Symphony	4	78988	aa4a1f7b	0e9f8165	SAMPLE/MIX2/NHK
9880be5f72fa455c40f5f22146d010bb	0	214719	player	libopenmpt	Digital Symphony	4	8148	ac0330d1	3b695c3c	ROCK/CYBER/BIGGERIS
9891cb9acebbd24b12e0329546f1f968	0	203175	player	libopenmpt	Digital Symphony	4	132088	73c9e4c5	88539c42	DANCE/RAVE/HCSENS
989b3d71d691a837e37e6c84eb886078	0	161039	player	libopenmpt	Digital Symphony	4	31880	7966cc16	f98d3ac2	SOFT/MELLOW2/LAIDBAC2
98a00d8e8691808cb6906618d1389b5c	0	290975	player+silence	libopenmpt	Digital Symphony	4	158572	0ca0bee3	9b1297b7	DANCE/DANCE2/VARIOUS
98a00d8e8691808cb6906618d1389b5c	1	12780	player
98a80048cb8727c501e3dee29df79c7c	0	7668	player	libopenmpt	Digital Symphony	4	29028	f93e50a4	aac7d474	QUICK/HYPERPULSE/SONG0
98aa694ea002e33d517ae76991f7bc83	0	472661	player+silence	libopenmpt	Digital Symphony	4	105048	480d2690	029d5e0d	VOYAGES/EPICSCORES/SWEATSHOP
98adfcd00bda4f70ae3d9b5a0bec65ea	0	185752	player	libopenmpt	Digital Symphony	4	136644	796b8038	8fbc5156	DANCE/DANCE2/ELEF_OLE
98b054bbd30091e2769a08d146687bee	0	209927	player	libopenmpt	Digital Symphony	4	63616	b9d4183b	1b07dfef	QUICK/POP2/ACEONASPRI
98b9ceb2d30c0718daea5d15224d6769	0	299308	player+silence	libopenmpt	Digital Symphony	4	51404	608b78ca	329391c7	SOFT/NEWWAVE/FCTITLE
98c0b5b5b95176425bc3cd146c1fb0b9	0	239345	player	libopenmpt	Digital Symphony	4	101556	edd0b7b1	2e963e52	SAMPLE/MIX/CROMADIVIZ
98c0b5b5b95176425bc3cd146c1fb0b9	1	3572	player
98c5d8e159354eedaea72bfe504bcd88	0	300658	player+silence	libopenmpt	Digital Symphony	4	348048	d816ea36	80000058	SOFT/PAINO/FOCHOICE
98d89e99dd3e06f9ce9c0f422d7c71d4	0	136117	player	libopenmpt	Digital Symphony	4	30848	2a75d618	a069287d	QUICK/POP2/BONGOS
98dfec6cc973a78ff5fa974edb7cf6a2	0	185379	player	libopenmpt	Digital Symphony	4	89180	b664e739	c478fc02	DANCE/ACID_TEKNO/TARGETING
98f304d2f110ebf11c9ef5d8c4bd78f2	0	411762	player+volume	libopenmpt	Digital Symphony	4	123640	9e534baf	66ed1e47	VOYAGES/SCORES/RAINYNIGHT
990ea6269445e4472caa850a46b0d809	0	325492	player+silence	libopenmpt	Digital Symphony	4	63852	da1bb7e7	63488701	SOFT/MELLOW/CLOSER
9912982a6dec7c644342a1801f382a76	0	223666	player	libopenmpt	Digital Symphony	4	71072	7c8aac69	2b6da71e	MISC/08/GALAC
9912982a6dec7c644342a1801f382a76	0	223666	player	libopenmpt	Digital Symphony	4	71072	7c8aac69	2b6da71e	ROCK/CYBER/GALACTIC
991c5d8ca84773752336502314c84010	0	264565	player	libopenmpt	Digital Symphony	4	55664	e5f1c79e	55bba49e	MISC/05/ACTOFIMP
9921f5fe6ba3a0798fc530fb7c74b283	0	138034	player	libopenmpt	Digital Symphony	4	67348	bc41e815	d5729be4	VOYAGES/EPICSCORES/SPACEMUZAX
992806fba1c825a4d3b908c4df431be9	0	161039	player	libopenmpt	Digital Symphony	4	43136	437deb08	c0f2fb0f	MISC/14/LA_BY_NITE
9929b4065a7563617be24edf9d859e17	0	352151	player+volume	libopenmpt	Digital Symphony	4	55228	2c2cf7f8	7d6d3aaf	MISC/14/POORMOUTH
993965ecc0b514d3a04be998156fa77e	0	337417	player	libopenmpt	Digital Symphony	8	109016	fdc5382f	eba44d62	MISC/14/MANGOBEAT
99492e007b7694ced11e121df080431e	0	123600	player+volume	libopenmpt	Digital Symphony	4	35876	e31f1a9c	2e07cae7	MISC/05/BRILL
99492e007b7694ced11e121df080431e	0	123600	player+volume	libopenmpt	Digital Symphony	4	35876	e31f1a9c	2e07cae7	MISC/15/6
994965c06222f44df52e2b665fc70703	0	110814	player	libopenmpt	Digital Symphony	4	29776	415d7fa4	0c83c225	MISC/15/70S
994965c06222f44df52e2b665fc70703	0	110814	player	libopenmpt	Digital Symphony	4	29776	415d7fa4	0c83c225	SOFT/JAZZFUNK2/70SREP
995ec1a703d9411ac323e664f8a5beb3	0	92022	player	libopenmpt	Digital Symphony	4	35004	40fcca70	eae8b3fb	MISC/05/BUBBERS
995fc79e17a894f94523cffaf2e3e3e2	0	327915	player+silence	libopenmpt	Digital Symphony	4	113528	3d62bcb7	eff7f205	VOYAGES/SCORES/DAISYCHAIN
9973af3a5cfe2aeba0b8dc8fcfda00e4	0	63904	player	libopenmpt	Digital Symphony	4	6124	141e5f05	eab4726f	QUICK/SMALL/INTRO60
9976e09fcb71ebcf80b11f7a615a1705	0	251252	player	libopenmpt	Digital Symphony	4	259804	82b5b676	7fce794e	DANCE/DANCE2/WE_NEE
99774818074cf37423c2bc1a105a2585	0	62626	player	libopenmpt	Digital Symphony	4	51688	b6914804	ebd90b01	FUN/FAMILIAR/BROJOHN
999f6dceeb174682b3b25d1000df6837	0	118346	player+volume	libopenmpt	Digital Symphony	4	158332	387391b4	fee35c2a	MISC/11/STOPTHEP
99ad3dcbf90b661eb2d8ec91f97f0c0f	0	65182	player	libopenmpt	Digital Symphony	4	2852	8afafb62	93da1367	SOFT/MELLOW/KAKTUS
99f974511ccdf4c4009f9c3ed4ed02be	0	176377	player	libopenmpt	Digital Symphony	4	60320	17b697bf	4e4a0b9c	SOFT/NEWWAVE/ENTITY
99fb28d2c0376f196de4b3b6b9f34548	0	51123	player	libopenmpt	Digital Symphony	4	2128	b78cd948	92b53a4a	QUICK/SMALL/CHIPTUNE1
9a023e8d7e1bb51a4f2e8eda99a12421	0	159797	player+silence	libopenmpt	Digital Symphony	4	77556	d858f2e1	a363c4e4	QUICK/POP2/END_GETS_C
9a023e8d7e1bb51a4f2e8eda99a12421	0	159797	player+silence	libopenmpt	Digital Symphony	4	77556	d858f2e1	a363c4e4	VOYAGES/EPICSCORES/GETSCLOSER
9a10ebff6483c2ec64d841cf927f9e5c	0	72703	player+silence	libopenmpt	Digital Symphony	4	42492	9c6a7b5b	1759a927	DEMO/02/ULTIMTGAME
9a152d815afbd45380f495dc4d8d418b	0	292377	player+volume	libopenmpt	Digital Symphony	4	57152	19d04058	1ccf6de2	VOYAGES/ENVIROMENT/APPEAREN
9a1758efbdd48029f3723187c2878315	0	53679	player	libopenmpt	Digital Symphony	4	36036	4577e6c0	cb294080	QUICK/BEAT/BASS_IT_UP
9a1c9c88aadf29eb4e010670ca288d98	0	264565	player	libopenmpt	Digital Symphony	8	24896	09eae7a0	537ca4aa	QUICK/SMALL/EINEKLEINE
9a3a3caa23e9fc84c62d0db1a141a8da	0	46011	player	libopenmpt	Digital Symphony	4	5156	50ffdea9	b50f1af9	QUICK/SMALL/PSYCHO4
9a473752a5093ad5715e2768e6ea8d7f	0	354848	player+silence	libopenmpt	Digital Symphony	4	111808	932a6977	0c418485	MISC/11/BLINYZ
9a473752a5093ad5715e2768e6ea8d7f	0	354848	player+silence	libopenmpt	Digital Symphony	4	111808	932a6977	0c418485	SOFT/KEYBOARD/BLNYZQ51
9a4a796dcb46542df08f3330cbd300a1	0	92832	player+silence	libopenmpt	Digital Symphony	8	19720	1645798e	1907a0f4	QUICK/SMALL/RUDOLPH
9a5901ef8aecca1ec53cb72c8cfe626a	0	336971	player	libopenmpt	Digital Symphony	4	348620	3624c052	d0eed439	DANCE/RAVE/THUNDERDON
9a6bd28762ce6487784175b679852282	0	171644	player	libopenmpt	Digital Symphony	4	96300	7f40cc15	98e395ad	DANCE/DANCE1/VIJA
9a832e38d666229abaa52fb6515ffcae	0	225503	player	libopenmpt	Digital Symphony	4	175208	26d0c517	c0ee1156	DANCE/ACID_TEKNO/HUMANTARGT
9a832e38d666229abaa52fb6515ffcae	1	7668	player
9a97f9a872566f40f88054ee76d19512	0	272224	player+silence	libopenmpt	Digital Symphony	4	65200	473f5fd4	31bb1c4c	SOFT/NEWWAVE/HOMETOWN
9abc4c5e335627ae4b110ddbd96b3aff	0	137047	player+silence	libopenmpt	Digital Symphony	4	43544	58833d5f	2cb7d61b	MISC/13/WALKING
9ac00c1d4e82d6a0fb7c64b7bb8395f9	0	193631	player	libopenmpt	Digital Symphony	4	175404	59dca1ab	d0420cea	DANCE/RAVE/SOUNDSV2
9ae152ddf9fb052e78e8164a099cccd3	0	51123	player	libopenmpt	Digital Symphony	4	33948	23256924	4e76b4f9	VOYAGES/ENVIROMENT/ATTITUDE
9ae5f3666eb54249c8d5d407d68db94c	0	217417	player+silence	libopenmpt	Digital Symphony	4	116336	42db3c77	a898e302	SOFT/JAZZFUNK2/HEATLOSS
9ae5f3666eb54249c8d5d407d68db94c	1	15337	player
9aec1499ff823a42d4a52ca2de16a25a	0	49845	player	libopenmpt	Digital Symphony	4	23300	22013c4a	aa52f3eb	DEMO/03/BASS
9b34c8b7bae4370243c5b4ff0c64e15e	0	145702	player	libopenmpt	Digital Symphony	4	76576	0d3ff3cc	ca9cf329	QUICK/BEAT_MAX/DRUMSOLO
9b3b80f27b2319d187cd57374f64e30a	0	76685	player	libopenmpt	Digital Symphony	4	16340	50bed66e	cb03fd4c	DANCE/DANCE2/DISCOZAX
9b8796c430e5b6fbf8ccbe5f9618847e	0	276068	player	libopenmpt	Digital Symphony	4	65752	9a354c87	d5571101	MISC/03/ARVIDS
9b8a0cf1badc42747863e738dffe4957	0	40899	player	libopenmpt	Digital Symphony	4	4484	af5284f3	2443e64c	MISC/09/INTRO
9baf5b73eb8792d754611928fe784a5d	0	107359	player	libopenmpt	Digital Symphony	4	63856	56fdc5da	7e80abb3	MISC/04/BEINGTHE
9bb840d9eb6d632b31a0534d2717bcfe	0	228621	player+silence	libopenmpt	Digital Symphony	4	56420	8734feae	d5394352	SAMPLE/MIX/SYMBIAHT
9bc471fa21a23729d0abf47f76a7ef67	0	138034	player	libopenmpt	Digital Symphony	4	71320	9988dd7e	ff04e97c	SOFT/JAZZFUNK2/LEMONSOD
9be9886fb9fceb64a6efacf46fe2de11	0	212612	player+silence	libopenmpt	Digital Symphony	4	74216	1ce5439f	43454929	QUICK/PULSE/TAPROOT
9bfb33e43b7abd85086fc9560dc810c1	0	217435	player	libopenmpt	Digital Symphony	4	77840	e4ca2886	efaec33e	MISC/14/SLIGHTLYTI
9c01db81477c84626ef301a419f99c64	0	172722	player	libopenmpt	Digital Symphony	4	70168	6ed751c5	1205cb35	SOFT/JAZZFUNK2/THENUKHA
9c2fb3b30b3fa8a17554ba28a468b284	0	161039	player	libopenmpt	Digital Symphony	4	38444	c1dc5f60	7905b3be	DEMO/03/BASSHIGH
9c6ab7e36cbf3e8c998cd319f1131e74	0	71573	player	libopenmpt	Digital Symphony	4	53276	613c69ec	503d93c5	MISC/07/ENDLESS
9c70b1eaae0973b35cfc00a89aa58c73	0	223666	player	libopenmpt	Digital Symphony	4	26420	8701d4c4	e9c10834	DANCE/RAVE_PLUS/SKYSAVMIX
9c8384698af27905ed7e72f2d1a27ffa	0	136117	player	libopenmpt	Digital Symphony	4	103744	4397639d	c8172417	MISC/05/BUSTIN
9c8a7beac6b57f9056e5e3fa2a67c71a	0	395170	player	libopenmpt	Digital Symphony	4	228684	85a03b7d	fa16504e	MISC/07/ETSRMX
9c978e8dacc8f061c5e73d21b783bc72	0	157205	player	libopenmpt	Digital Symphony	4	161864	514dc458	f679ce89	DANCE/DANCE1/STEPONE
9c9ffb39936b8f993d09a01c15cd9e50	0	84354	player	libopenmpt	Digital Symphony	4	112716	646ae6bc	0058190f	DANCE/DANCE2/GETINTO
9cbca1f8ad237509a83c8f7cbf9bd9d1	0	84354	player	libopenmpt	Digital Symphony	4	38168	35f59602	31e85ea5	MISC/07/EAGLES
9cd22a637efe5e398594d8c0d61991a2	0	214048	player+silence	libopenmpt	Digital Symphony	4	105932	b5fec342	3a94efbd	MISC/01/RESONANCE2
9cd8fe268d05e318cc75b5fc4265b98e	0	142245	player+silence	libopenmpt	Digital Symphony	4	23944	02996f0d	e34d5113	DEMO/01/WATERFALL
9ce00154a69d843f111bfbf8c9c5b705	0	207770	player	libopenmpt	Digital Symphony	4	72640	95852a96	1c92c8dc	SAMPLE/MIX2/JFY
9ce15e9744e47972b0da7008f2b5925f	0	92542	player	libopenmpt	Digital Symphony	4	188400	2e95cdde	789f9355	MISC/12/MOSTTO
9ceb2f425c461c0a0946eab1906c9230	0	86910	player	libopenmpt	Digital Symphony	4	3720	d14e0efc	b8c1d666	QUICK/SMALL/HUSTLER
9d00a00c2e8d475d710ae2e9a1dd84e5	0	115028	player	libopenmpt	Digital Symphony	4	40324	fcefd01b	87f320bb	DANCE/ACID_TEKNO/TECHOBABLE
9d1405d145b0a4f1dafee9188a24fa22	0	88428	player	libopenmpt	Digital Symphony	4	38876	503ce1af	51925feb	MISC/08/GOOFY
9d27437a9fa2618e287c4a68204ecb96	0	593004	player+silence	libopenmpt	Digital Symphony	4	50804	e4b215b5	68017318	QUICK/POP/QWAKS
9d4e69cfa94bc00e648f57f62c401278	0	191714	player	libopenmpt	Digital Symphony	4	76768	5c526d3f	32ad5e9a	SAMPLE/MIX/MONDAY
9d5a260a919477d5d6162a4be332bca0	0	204495	player	libopenmpt	Digital Symphony	4	39168	3a38e4d8	5eb58171	MISC/14/CLOWNTOWN
9d605724931ec38c79681f95de342707	0	263312	player+silence	libopenmpt	Digital Symphony	4	67624	f8187c2e	d9a09724	SOFT/JAZZFUNK2/TIMESREMED
9d64f7498e3a7997d551be39eba85516	0	337417	player	libopenmpt	Digital Symphony	4	36720	9ce3f7ce	f9cae1c9	QUICK/PULSE/BLUEBERRY
9d69f25d256d450b44a59d5d01770e6d	0	201442	player+silence	libopenmpt	Digital Symphony	4	103100	78c81816	469c8960	VOYAGES/SCORES/SEQUESTR
9d70abd350b4e317b685bad21a3b4ccc	0	244116	player	libopenmpt	Digital Symphony	4	30464	fa08f0f5	aaa00f72	MISC/05/BURNING
9d8786a15c2d0ca88a12ad25129c2048	0	447333	player	libopenmpt	Digital Symphony	4	31428	0e40d075	17ea0c81	DEMO/04/VERTMAD
9d9699ec35e9f0e349fd89f0f9cfdfe2	0	375440	player	libopenmpt	Digital Symphony	4	122576	8651e65d	4c755d70	DANCE/RAVE/TEMPORAL
9db12ab0bcb70e6b2a96b106bb1b802d	0	475451	player	libopenmpt	Digital Symphony	4	63560	90690f44	78ff2e22	MISC/01/DECORE
9dbdc7663129ef993d3f0b616d5cdaf2	0	314722	player+silence	libopenmpt	Digital Symphony	4	104924	84234968	d4950cae	QUICK/BEAT/INTROUNFIN
9dc8ca9bf20c4952bb886dd3bb501245	0	13419	player	libopenmpt	Digital Symphony	4	21380	318df171	9a2fabc3	QUICK/SMALL/ORGJAZZ
9ddc1cb3fd2ee25b478691a27814a1d4	0	630899	player+silence	libopenmpt	Digital Symphony	4	47392	5286f437	56f3ae38	FUN/FAMILIAR/AXEL_F
9decaf21cfb7380e4a1b44d4bb092a02	0	167136	player+silence	libopenmpt	Digital Symphony	4	68864	3d5a3836	0c816f14	QUICK/POP2/VIBE_T
9e0b9d8c69ffc344fa362039fdf99b30	0	191714	player	libopenmpt	Digital Symphony	4	31956	721fcfda	d831bd7c	DEMO/04/FINAL
9e0c41ca4df63941879bdc2cb9c871c5	0	126119	player+silence	libopenmpt	Digital Symphony	4	31608	f2f4cc98	ff5e50fe	MISC/04/BIBOY
9e1d067f4321d0d9766c94bb5838ad46	0	184591	player+silence	libopenmpt	Digital Symphony	4	79132	00fd5f48	965a90ae	MISC/09/ITSOVER
9e1d067f4321d0d9766c94bb5838ad46	0	184591	player+silence	libopenmpt	Digital Symphony	4	79132	00fd5f48	965a90ae	SOFT/JAZZFUNK1/ITSOVER
9e23576251f2c94c5013cbc6ef5ddbf3	0	897110	player	libopenmpt	Digital Symphony	4	70916	edf165e5	edfafbb8	MISC/01/NEBULOS
9e519bb2dccad52b6d1a26b10e964920	0	292033	player	libopenmpt	Digital Symphony	4	227376	99fe368c	edc3fa45	ROCK/SOFT/POPSONG
9e944bda3bb27f330688e24460c53bf7	0	248090	player	libopenmpt	Digital Symphony	4	92368	69821fea	372cb85c	MISC/07/ELECTRII
9e9d5ab8e955256ba6a161f530e8149a	0	190867	player+silence	libopenmpt	Digital Symphony	4	123428	e8dd0811	c3d156a1	MISC/09/INSOFAR
9e9d5ab8e955256ba6a161f530e8149a	0	190867	player+silence	libopenmpt	Digital Symphony	4	123428	e8dd0811	c3d156a1	MISC/12/INSOFAR
9ea1bea9c70740226f05ff2843a22eee	0	228804	player+silence	libopenmpt	Digital Symphony	4	130912	dea8b7c5	1394c67b	QUICK/POP2/EMPIRO
9ea892bc8d0838dd676aae301ebb9da0	0	115028	player	libopenmpt	Digital Symphony	4	22152	aff167e0	57838291	ROCK/SOFT/REALVOYAGE
9ebb1d4602bd0808b90f0a2c7c96a29a	0	142986	player	libopenmpt	Digital Symphony	4	100352	9409bad2	12271b6e	SAMPLE/MIX/WOTS_TIME
9ebdd23583d1506573edc66e851f9976	0	302598	player+silence	libopenmpt	Digital Symphony	4	394296	95998a63	af206444	SOFT/STRING/CORNFLAKE
9ef7d61a0daeeba3c1bba201e1d6ef55	0	92601	player	libopenmpt	Digital Symphony	4	355636	9297e66e	6416ea63	MISC/11/GRACE
9f216de69fd8bf45579ccd576d5370b7	0	117125	player	libopenmpt	Digital Symphony	4	88524	5c0e670a	6b8bbd36	SOFT/JAZZFUNK1/BOSVEDJAN
9f2852965045d91865e1acdd32c2a777	0	177423	player+silence	libopenmpt	Digital Symphony	4	155132	7a66c76b	1f58e829	QUICK/PULSE/DEELITED
9f2b90db1e1d7008a4b427b470146dc5	0	321883	player+silence	libopenmpt	Digital Symphony	4	201032	b67e79aa	64c5dbd1	MISC/03/CD2PART4
9f2d17cfbb1c78411d4309bf26443f13	0	134479	player	libopenmpt	Digital Symphony	4	43568	38f65cdc	da35acbe	ROCK/SOFT/HURRICANE
9f422c019bf89f6d4b8fcf790c1d0ff2	0	290087	player	libopenmpt	Digital Symphony	4	273376	5ed4a910	9ec33082	DEMO/02/ELIMINATIN
9f5e1d2ddc88aeaaf0ce71d9f9a3a8e3	0	191714	player	libopenmpt	Digital Symphony	4	25784	af53a01b	ae0017c3	MISC/02/GSCTHEME
9f5fef49302fc637e8db494fd1553bb8	0	147586	player+silence	libopenmpt	Digital Symphony	4	82952	a1adc418	3cc6bd48	SOFT/MELLOW2/TIME
9f66a55fd23319bfcff3b3ab1bb63e54	0	215137	player+volume	libopenmpt	Digital Symphony	4	104752	253efc20	fb9959ac	QUICK/POP2/HELIX
9f83ea3ef7e9c5126e623f65d7b3c85d	0	235674	player+silence	libopenmpt	Digital Symphony	4	57080	c414d276	d9dfe1f9	MISC/02/SHADDOWS
9f848a9e289decb2144fc078fc50ddc1	0	122697	player	libopenmpt	Digital Symphony	4	69240	e3080a0b	7f132c7e	MISC/10/SPCTRLNT
9f8fb1e3412720368580fdc9ccca71d9	0	123535	player	libopenmpt	Digital Symphony	4	227140	492b1401	dbdf9666	SOFT/BLUES/RAINUNP
9f9caef9b643615edbe28138caa49e0e	0	168517	player+volume	libopenmpt	Digital Symphony	4	143324	6fcbc79c	0312db64	SOFT/MELLOW/FASHION
9fbf1d3209929281315870c85aa98029	0	187864	player+silence	libopenmpt	Digital Symphony	4	27352	80dba080	d6320129	MISC/08/VORTEX
9fcc37983ee0ac8179da4069ee30f4ac	0	182667	player	libopenmpt	Digital Symphony	4	93124	86eb2bfb	b0b22bb0	ROCK/HEAVY/METALHORN
9fda5cac9455d957d99607b9c7e89de8	0	51123	player	libopenmpt	Digital Symphony	4	31740	3a66bbd9	bb8986e2	FUN/JOLLY/COMET
9fed9963c111230eb5bf453c6aec8592	0	168983	player+silence	libopenmpt	Digital Symphony	4	111644	45319734	dce09d3e	MISC/13/WAFFLE
9ff47ef17bb8fccccccb0083c0fcaf43	0	51123	player	libopenmpt	Digital Symphony	4	10408	86d9ecbf	d088495f	QUICK/PULSE/STRICTLY
a016e2c4a7a14bef0e7f7c50a84d9a9f	0	154689	player	libopenmpt	Digital Symphony	4	160320	f5d8fe5d	eaf653b6	QUICK/BEAT/XCEL
a043eac310dcff253b94510f3409e779	0	174890	player+silence	libopenmpt	Digital Symphony	4	87304	37b56801	a7103ffe	MISC/12/BAZE
a07bff299b2b02f1755403f139af02a1	0	204495	player	libopenmpt	Digital Symphony	4	63308	38e733f4	3113655a	FUN/JOLLY/CHILDREN
a09427b2345d0391b71754d7de104521	0	317247	player	libopenmpt	Digital Symphony	4	77672	4889ac60	7416d5be	SOFT/MELLOW/MULTICA
a0c7926736abdd0906b4e01ef21676b7	0	306742	player	libopenmpt	Digital Symphony	4	185336	704dffc5	1e982a43	MISC/01/JAMBOREE
a0fd326d8f24dc2d42bb98fd545b9434	0	198104	player	libopenmpt	Digital Symphony	4	24932	64073515	6656d2ae	MISC/01/MADNESS2
a0ff8354500165e03542d23822582f47	0	179982	player+silence	libopenmpt	Digital Symphony	4	88848	40ca8bbd	3800c9d9	FUN/TVFILMMIX/GHOSTMIX
a105d263ae4e39b0d38565f781849a01	0	179566	player+silence	libopenmpt	Digital Symphony	4	121912	57696f1e	1d82702b	DANCE/DANCE1/HSEJOURNEY
a105d263ae4e39b0d38565f781849a01	0	179566	player+silence	libopenmpt	Digital Symphony	4	121912	57696f1e	1d82702b	MISC/09/HJOURNEY
a105d263ae4e39b0d38565f781849a01	0	179566	player+silence	libopenmpt	Digital Symphony	4	121912	57696f1e	1d82702b	MISC/09/HOU
a1246084c1c0a70acecb9f88a5c5e444	0	562860	player	libopenmpt	Digital Symphony	4	106512	51f70662	5859401b	MISC/01/EURO23
a15bd811d91e4a5a879ebe9c3174de9a	0	172537	player+silence	libopenmpt	Digital Symphony	4	86124	06c406d7	a1df6981	FUN/FAMILIAR/DAS_BOOT1
a169b156599e8ef1ead81a13188434e2	0	132100	player+silence	libopenmpt	Digital Symphony	4	134156	b1458898	3028bfa7	MISC/13/POWER
a187bca580662e06066a0907909155a0	0	55597	player	libopenmpt	Digital Symphony	4	21200	6f688a22	c5bb8e0a	MISC/01/TRAIN
a1a0b63afc8c08863dbb9a044ac149f8	0	326573	player	libopenmpt	Digital Symphony	4	119476	d033b22c	79c4c4af	SOFT/KEYBOARD/STRAZZAN
a1aa4403210d3f50e512ceceff4c6473	0	260731	player	libopenmpt	Digital Symphony	4	101840	c64adee3	6d87531a	MISC/13/TOITEI
a1b2101c4b0a42cdf437d8d42a326be8	0	354894	player+silence	libopenmpt	Digital Symphony	4	124012	97a40adb	dfaf35c7	MISC/10/LIGHT2
a1b2101c4b0a42cdf437d8d42a326be8	0	354894	player+silence	libopenmpt	Digital Symphony	4	124012	97a40adb	dfaf35c7	SOFT/KEYBOARD/LIGHTNING
a1b2101c4b0a42cdf437d8d42a326be8	0	354894	player+silence	libopenmpt	Digital Symphony	4	124012	97a40adb	dfaf35c7	SOFT/MELLOW/LIGHTNING
a1e12d3a4b46f288adde6f1a29d44525	0	195592	player	libopenmpt	Digital Symphony	4	100168	9755b1a7	94632740	DANCE/RAVE_PLUS/LIVEXP
a1e915b2443f7e4c8ecaa98b9cc2c28c	0	121118	player+silence	libopenmpt	Digital Symphony	4	75528	42194621	1d6b3a66	MISC/07/FIRE
a206442d57995e7287887a2163c7409c	0	53964	player+volume	libopenmpt	Digital Symphony	4	28216	771c29f3	efd89f98	DEMO/03/HALLS
a207e43459459c5e33eb2b55bf187553	0	146960	player+silence	libopenmpt	Digital Symphony	4	66516	8f265f34	b8c55b7b	SAMPLE/MIX2/SKOVTUR
a213c6a91069c3492801c4d99f6cf8a2	0	62626	player	libopenmpt	Digital Symphony	4	12132	e9deecf6	45dc30d3	MISC/09/INTROMU2
a21ad7e7650a7a58487e46ab3dde7cbd	0	456279	player	libopenmpt	Digital Symphony	4	31740	0719e3f7	a7f9a826	QUICK/PULSE/CYBER
a22166f342775ba1d5ffda569d79bbdd	0	311557	player+silence	libopenmpt	Digital Symphony	4	94436	05a4d517	991b2479	QUICK/POP2/MEMORI
a22dd44833ffaa1cccdf517aab33b97e	0	352394	player	libopenmpt	Digital Symphony	4	215108	957abde0	11ca735b	MISC/04/COMPUTER
a22dd44833ffaa1cccdf517aab33b97e	0	352394	player	libopenmpt	Digital Symphony	4	215108	957abde0	11ca735b	QUICK/POP2/COMPUT
a22dfb93a271755fa2f3677f3dd5f747	0	153371	player	libopenmpt	Digital Symphony	4	31612	aa885c13	75c5c0e0	MISC/14/INEEDYOU
a25c421acf5f95d4ed3dde54bd453869	0	156601	player+silence	libopenmpt	Digital Symphony	4	143372	88b4f5b2	a1c71d70	SOFT/MELLOW/LEGOUKON
a25f6c933c9f7a0f0abeb8753150eb0c	0	152053	player	libopenmpt	Digital Symphony	4	99880	db3f8aea	2a56f987	QUICK/POP2/HUNNOUS
a28bca9424940145e86c031894e97d58	0	92022	player	libopenmpt	Digital Symphony	4	30876	7b2e1499	d82dfbf5	MISC/06/DARKCAT
a2c5625951ae6439ee9367815db852f7	0	162845	player+silence	libopenmpt	Digital Symphony	4	89548	3833cb9f	8b73325f	MISC/13/ONEWAY
a2e74f95be66ff72da69f83d5dc14c2c	0	256784	player+volume	libopenmpt	Digital Symphony	4	125788	e428e2b6	514c605a	MISC/05/AGROUP
a3024adde4099b235dd1ab02702da49e	0	21967	player	libopenmpt	Digital Symphony	4	28404	4551b4a5	819f95c5	QUICK/SMALL/EGYPT
a30f5a0d271375a971942128acaa1147	0	191714	player	libopenmpt	Digital Symphony	4	46948	86667997	e92016dd	DEMO/04/DRSNODGR
a33a2ddd87f9b0e6c9d8c32fc6bf13d3	0	54958	player	libopenmpt	Digital Symphony	4	24244	a1c345df	37dda380	MISC/13/SCALE
a366188cc37779c2d9302fcdf5324051	0	159087	player+volume	libopenmpt	Digital Symphony	4	41688	d69c4cb1	5729d591	SOFT/NEWWAVE/SOMEBODY
a387de374c0dd28e4a004cc08e0ccd07	0	99691	player	libopenmpt	Digital Symphony	4	151076	41eb3534	d0f940e5	SAMPLE/MIX/ESSAISF
a3ad3b6d922abc7b662fb7538f01da3f	0	322079	player	libopenmpt	Digital Symphony	4	89296	38c90473	ce239ea8	QUICK/POP/OMEN
a3c0f42d8dc5520d4a24f18bef1189f1	0	84993	player	libopenmpt	Digital Symphony	4	81188	6b98d148	8aeabb92	VOYAGES/EPICSCORES/ADVENTURE
a3eddec11f39d7322b081b18d0ef5447	0	249228	player	libopenmpt	Digital Symphony	4	30740	5313e81b	33237665	MISC/03/CRYINGSPY
a3f0ddf39b20df2750cfe6fc14bbd06b	0	159761	player	libopenmpt	Digital Symphony	4	75124	0a01ea53	57351143	MISC/05/ANARCHY2
a4079a6fb3b2cef0f4c268c8f0b33b2d	0	265780	player	libopenmpt	Digital Symphony	4	293340	cf3e8429	787df9a1	SOFT/JAZZFUNK1/NIGHTBIRD
a4118a4d3d4c4d3e9c4f80b495c42442	0	218244	player	libopenmpt	Digital Symphony	4	184132	94eae2bb	f3f4cb23	DEMO/04/FASTCHA2
a433aca655175bbacab3d74fd64f40c4	0	257586	player+silence	libopenmpt	Digital Symphony	4	68592	4b36cb18	94626fe3	MISC/14/MAGTUBES
a43448d0f313f86e77e5ade1f3c5acc0	0	31952	player	libopenmpt	Digital Symphony	4	22172	e1da9042	c93dc42b	SOFT/PAINO/ATHLETIC
a438d807d27d92e23d8083a6ad1d2683	0	145702	player	libopenmpt	Digital Symphony	4	27692	f81b27fe	1ad8d82a	MISC/04/CHOICE
a43fd4c17554e7088f0a769dd38a5bee	0	20449	player	libopenmpt	Digital Symphony	4	5492	97aade3a	d5de8448	QUICK/PULSE/CHIPMUNK
a453d66cafd13ce3a2554c95228d0b4c	0	252285	player+silence	libopenmpt	Digital Symphony	4	47840	01a1f231	2956e558	QUICK/POP/SPEEDO
a453d66cafd13ce3a2554c95228d0b4c	0	252285	player+silence	libopenmpt	Digital Symphony	4	47840	01a1f231	2956e558	QUICK/PULSE/SPEEDOMETE
a459201e5f40b4e61888784bd2ddc1d5	0	252075	player+silence	libopenmpt	Digital Symphony	4	96612	407a6292	4683b9ba	DEMO/02/GALAXY2
a459201e5f40b4e61888784bd2ddc1d5	0	252075	player+silence	libopenmpt	Digital Symphony	4	96612	407a6292	4683b9ba	MISC/08/GALAXY
a4b68fe7f77b379e85da7106a631a68e	0	107359	player	libopenmpt	Digital Symphony	4	16484	85f4c1c2	f3d54118	DEMO/03/BATTLE
a4dbc3c27e5bb0729ac4aaccc1c12e6d	0	354075	player+silence	libopenmpt	Digital Symphony	4	109388	a83baefc	6b89e94f	ROCK/HEAVY/LIVE_JAM
a4e6328b049c63d14325307979615c63	0	135513	player	libopenmpt	Digital Symphony	4	34196	c3d2ebf4	808007d7	MISC/04/SHADOWFUGU
a4e97772188aa9f3ba563747abe64f5d	0	233067	player+volume	libopenmpt	Digital Symphony	4	129480	85a92fdc	37cf8097	VOYAGES/EPICSCORES/2_IMMORTAL
a4f93c83d1bac6e1cf60fd68a720f473	0	164002	player+silence	libopenmpt	Digital Symphony	4	52388	df2ff641	55fc90f9	QUICK/BEAT_MAX/COUNTDOWN
a549fbafea011f28226c6e34b3f6eede	0	115382	player+silence	libopenmpt	Digital Symphony	4	65112	e0d3d256	3d309e9b	SOFT/PAINO/TE_DEUM
a54ff8266727638a89a9b3d71e03ffda	0	94319	player	libopenmpt	Digital Symphony	4	64644	53b642c8	9107e314	MISC/09/HOUSE_OF
a557fd87a4a3936f4ed2323c8eaf459c	0	210377	player+silence	libopenmpt	Digital Symphony	4	41388	c096a6b9	88226190	QUICK/POP2/MARVEL
a5767eb6f2e68380a66528cec4bf26ee	0	210885	player	libopenmpt	Digital Symphony	4	127096	8af7e6b7	1920307f	ROCK/SOFT/SHADOWMIX
a5835139d3ef640cc6499f276b049665	0	438480	player+silence	libopenmpt	Digital Symphony	4	60716	00cc7894	d173bb5e	MISC/12/THESMOPH
a587fa331c8a73b8c49d54928f3597bd	0	69017	player	libopenmpt	Digital Symphony	4	15948	a0cfa239	50aca842	MISC/12/MERDEMUS
a5a165db31b6d8699fe4342702a5f8ae	0	214016	player+silence	libopenmpt	Digital Symphony	4	42744	9500ff5c	5b486ad6	QUICK/BEAT/DICTATOR
a5c74064790668efac265dcd985a4aae	0	235086	player	libopenmpt	Digital Symphony	4	77316	0246ca29	bc32e2b2	SOFT/KEYBOARD/SOFT_SYN
a5d4c1f8ee6afc8e3a2536e8848d9207	0	171678	player+silence	libopenmpt	Digital Symphony	4	32780	4b63e4b2	2394b524	ROCK/SOFT/DOTS
a63ec06c137611cea56566365464331e	0	228702	player+silence	libopenmpt	Digital Symphony	4	50024	76fbf44b	dd0d97e5	ROCK/SOFT/WALKMAN
a644c3e591693cf49a87946336f9a519	0	122697	player	libopenmpt	Digital Symphony	4	81884	03ec43a9	1e9efa7a	SOFT/JAZZFUNK1/EMOTIONS
a6509d0e84b738c3d4d4ee9ab1c6519d	0	84354	player	libopenmpt	Digital Symphony	4	37708	61b08455	36d846d5	MISC/02/TONAL_ICE
a65ed3bfba43afaf9eccfa18a513c83a	0	111212	player+silence	libopenmpt	Digital Symphony	4	73380	6ab471c3	d1ee4711	MISC/05/ALOHA
a66a3a4d07c552651eca22ad34d80a36	0	262009	player	libopenmpt	Digital Symphony	4	60400	abb8e5f2	95158c7f	QUICK/PULSE/SAXOFOREVE
a66fa83bac20836e4752230446f64d99	0	188199	player	libopenmpt	Digital Symphony	4	74676	23982d99	dd3e4336	SOFT/JAZZFUNK2/PBCFHI
a690254f4250891605c90eb71f6f3a02	0	179652	player	libopenmpt	Digital Symphony	4	46964	79952ded	598cd17a	MISC/11/SPRING
a6b1955c18a8415124250fca38538955	0	129297	player	libopenmpt	Digital Symphony	4	92736	0b5ca32a	9fd0bdac	MISC/13/NEWBIEMU
a6c5c562f11b1c6d1abd273887204129	0	433174	player	libopenmpt	Digital Symphony	4	95300	c69f740d	888f3ca1	SOFT/NEWWAVE/ATLANTIS
a6eb6d4e2f9564002eb96ff4b8fad9a3	0	358246	player+silence	libopenmpt	Digital Symphony	4	77744	f9384e40	e5799aad	_SYMPHONY_/TUTOR/OBERHEIM
a71d7fdb200882f56a91328bdffc3020	0	76685	player	libopenmpt	Digital Symphony	4	15084	5b0267fa	ffc0c33d	QUICK/POP2/COOL1
a7298648ce09d704fe032b85c858d787	0	187240	player	libopenmpt	Digital Symphony	4	121524	87b13c76	de8b539a	VOYAGES/SCORES/EVOLUT
a72eae4b8fa8293df42434f116a3f683	0	90414	player+silence	libopenmpt	Digital Symphony	4	127892	c2cb8245	bf4a1fa8	MISC/06/DREAM
a72eec142dd6d4537b8f6fd6d0d8af58	0	53679	player	libopenmpt	Digital Symphony	4	124628	b288f927	2990634e	DEMO/04/FUNKYZON
a72fd080c217b6bfca59d9cde7312ebc	0	266602	player	libopenmpt	Digital Symphony	4	290232	59e82300	921c76aa	MISC/06/DDPARTY
a734e48b5897fb902ac478b3397a8b19	0	115028	player	libopenmpt	Digital Symphony	4	66580	da4bcaaa	190331c2	DANCE/DANCE1/THOW_HEAP
a734e48b5897fb902ac478b3397a8b19	0	115028	player	libopenmpt	Digital Symphony	4	66580	da4bcaaa	190331c2	DANCE/DANCE2/THOWHEAP
a74c8a9cb7e795fd8480be766dba7702	0	61348	player	libopenmpt	Digital Symphony	4	7112	9c17a6bb	5eab17d6	MISC/12/DAMAGE
a75148ac39a7c96e8023492bc73015c1	0	291425	player	libopenmpt	Digital Symphony	4	203816	98d28318	345996e5	SAMPLE/MIX/DESERT
a7634fb14955ed992bdd12fbec9eb8ea	0	286313	player	libopenmpt	Digital Symphony	4	82584	8a3445e9	89accb33	DANCE/ACID_TEKNO/DESERTDRM
a76cb03f9b02a01ea971869b5fad7cbb	0	304759	player+silence	libopenmpt	Digital Symphony	4	43440	d29618ef	dd8cb0b7	DEMO/04/G3
a774f4a6b4e030a93ef2f817912f6610	0	209607	player	libopenmpt	Digital Symphony	4	130388	98b257ea	8e68a8d9	MISC/13/SFINX
a7a19eeba875f721a683053b9294cc77	0	288218	player+silence	libopenmpt	Digital Symphony	4	110796	8b4c361c	0d729f04	DANCE/DANCE1/VIBRATIONS
a7d3debc7b356b8f047ee41ad9d6de43	0	399344	player	libopenmpt	Digital Symphony	4	126872	8d764dc5	75a394c2	ROCK/SOFT/RAVALICA
a7eb3e6ede725a1005981864109754d0	0	269467	player+silence	libopenmpt	Digital Symphony	4	39080	55666285	dfa6f372	QUICK/POP2/KINGDO
a814cee3bea27d2b942865f5fb37e133	0	283053	player	libopenmpt	Digital Symphony	4	89920	d8102651	8253030c	DEMO/01/INTERFEER
a815a67d90ebc1306eebae8e31b33698	0	138193	player+silence	libopenmpt	Digital Symphony	4	7996	1e02cab9	56a6e3ea	QUICK/SMALL/PEASEA
a8363f5b5e09c8752d53a62caf55ee99	0	138034	player	libopenmpt	Digital Symphony	4	162128	d497c834	f80013a4	DEMO/03/BIGBANG
a83832d6eced5c214450838092ab191d	0	186921	player	libopenmpt	Digital Symphony	4	116412	49596398	64f3bb37	DEMO/01/KEFMANIA
a848006e11c9f74dfc4bd1de07213d0c	0	236896	player+silence	libopenmpt	Digital Symphony	4	100188	4430b762	acc67827	MISC/04/CHILDREN
a867306d673c2e71a9546bffa787c973	0	176856	player	libopenmpt	Digital Symphony	4	234272	3254c245	9086df2b	SAMPLE/MIX/ORGASMOD
a89cac76d19cbc2256da70cc1e275ba2	0	266486	player+silence	libopenmpt	Digital Symphony	4	232256	b008852b	e5a8253e	VOYAGES/SCORES/LASTEXECUT
a8dd436119aeef4fa195d14726d2d3e9	0	302807	player+silence	libopenmpt	Digital Symphony	4	128244	b72a762c	8bb48e5f	MISC/09/IRONMAN
a8e7b3e73c26e44ddbed0b0f71ff1ffe	0	138034	player	libopenmpt	Digital Symphony	4	138232	88fb3d02	fb6d4f8b	MISC/08/FRI
a8fe827e127e4e77f609181d7ed7997f	0	216704	player+silence	libopenmpt	Digital Symphony	4	69932	3b91c628	6a365c4f	MISC/07/DIGITAL
a91e58c59ffd3e271e0b3e9b100b98cd	0	431468	player+silence	libopenmpt	Digital Symphony	4	36668	4a1251f3	95980371	MISC/01/AQUAPOOL
a9229bcb72afe1f762221799767d58a7	0	488312	player	libopenmpt	Digital Symphony	4	99920	403c9772	15055f8e	DANCE/DANCE1/SANDS_TIME
a9474ed886faa93653a23961a528fbc5	0	220902	player	libopenmpt	Digital Symphony	4	116356	30107083	3b4de4cb	MISC/13/SEAOFLOV
a9482589993ef44c120f250f5d7bacd8	0	154193	player+silence	libopenmpt	Digital Symphony	4	50124	18387b78	c7d36572	FUN/TVFILM/ALF
a9795ea82ddf27b75b7267b81679e2cc	0	132215	player+silence	libopenmpt	Digital Symphony	4	85784	95a51c1c	eccdabf3	QUICK/POP2/WINDOW
a97b26f34a82194f24517edab9b5bb43	0	107359	player	libopenmpt	Digital Symphony	4	4392	9aaef22b	756e950b	MISC/09/ITSGRIM
a98e62d4d6a020be3683b1c251589e23	0	517724	player+silence	libopenmpt	Digital Symphony	4	223984	44934d4c	c840e985	DANCE/RAVE/PHENOMENON
a9a276d9a368ce732d6741758ba94680	0	69017	player	libopenmpt	Digital Symphony	4	12872	c13bf025	50d14f86	MISC/06/COOLTUNE
a9b32c0531e20f612d2f5e2824174d3e	0	113731	player	libopenmpt	Digital Symphony	4	125472	c7166b3b	3340336c	DANCE/HARDCORE/BSTORM
a9bcff263af8ccd7363923d6902fb367	0	625260	player+silence	libopenmpt	Digital Symphony	4	136516	21e085f0	8af2d3aa	VOYAGES/SCORES/MARATHON
a9c60b627b99dbda1b2fd6a1da39d080	0	431037	player+silence	libopenmpt	Digital Symphony	4	167604	e7a8d537	4f20b935	VOYAGES/ENVIROMENT/FLORENCE
a9eca780b6e441b74f27007fb5622f68	0	111437	player+silence	libopenmpt	Digital Symphony	4	66508	5e0ef871	c73c0599	SOFT/BLUES/JAMMING
a9f38bee7f2a09ae4c7592afb0bb0b8e	0	141868	player	libopenmpt	Digital Symphony	4	47292	7986c537	9cd0a56f	QUICK/BEAT/STEALTH
aa003bdf207609e876d900aa9102b5f3	0	95857	player	libopenmpt	Digital Symphony	4	36172	885c1669	5dc1d7ba	SOFT/KEYBOARD/PRISMVECTR
aa17d3433a5e7026bd33299edf6decb4	0	57442	player	libopenmpt	Digital Symphony	4	14048	0bbd731f	d136c52d	DEMO/02/EL_HIT
aa249ad3d4f27d34c78437cdc7bf7d9d	0	210912	player+silence	libopenmpt	Digital Symphony	4	256628	a1bdf415	d11b2b68	MISC/05/ALBANMIX
aa3315605b57fa26d50f3afbecfdcc2a	0	191128	player+silence	libopenmpt	Digital Symphony	4	120608	b2fd16fd	eca0e7c8	DANCE/DANCE2/BASICINS
aa33550de460a9db57957e3d5ca6809f	0	162003	player+silence	libopenmpt	Digital Symphony	4	69540	62251201	cdbfd4c5	MISC/10/SNSTNTHC
aa506b53e80b95b997539faaae780e72	0	240281	player	libopenmpt	Digital Symphony	4	102124	807c9ec0	72fc33d5	SAMPLE/MIX2/SUPER_BAZ
aa6f083edd5417dce087ac729e8fb714	0	216876	player	libopenmpt	Digital Symphony	4	31332	fe14ce0a	74128c12	ROCK/SOFT/JAPANESE
aa779971f16c9675411c3cb5c44fd4db	0	125362	player+silence	libopenmpt	Digital Symphony	4	71080	0e627ca6	e50d43a1	DEMO/01/MEDIATHEME
aa8b880070500bc5587dc7ac9d295177	0	101608	player	libopenmpt	Digital Symphony	4	23192	c202a28b	5719d8f9	MISC/02/OVERFIELDS
aa9ea5e5db7ddb43301be2eaa525569d	0	80519	player	libopenmpt	Digital Symphony	4	22804	16395f03	d9541eed	MISC/01/FAXMODEM
aa9ea5e5db7ddb43301be2eaa525569d	1	23005	player
aa9ea5e5db7ddb43301be2eaa525569d	2	3834	player
aab7f7fb1f36d70e7194765cc01686d3	0	130365	player	libopenmpt	Digital Symphony	4	42772	5479ce5c	30ffbf70	QUICK/BEAT_MAX/TRAXONIC
aae83253b4086a4f9ce58823b4ac67db	0	138034	player	libopenmpt	Digital Symphony	4	51200	3a42bf84	2d83ee4a	MISC/01/SALUTE
aae8b6fd42c368efc86308a59229d33b	0	132901	player+silence	libopenmpt	Digital Symphony	4	70252	45af2840	b7b3cbd1	ROCK/SOFT/KILLNGSHOW
aaee7fbbac53e86070a1e6277a2223cb	0	306742	player	libopenmpt	Digital Symphony	4	204348	c7d6e6ba	802af187	DANCE/RAVE_PLUS/EURONOIKEN
ab0471dbc4f4a14e84e395a9625a4e53	0	153371	player	libopenmpt	Digital Symphony	4	34512	457d3e3f	657df0f5	MISC/14/SUPACT7
ab09856cd594e8510520e6d4441290fb	0	30674	player	libopenmpt	Digital Symphony	4	32300	f0860c02	12f46cff	MISC/02/CONFUSION
ab0f801309e21eb0adba4d31db941a75	0	75027	player+silence	libopenmpt	Digital Symphony	4	39556	25b11070	b898429d	FUN/FAMILIAR/SWANDANCE
ab5b9d03f466bf54d3c76c0ef2924594	0	191714	player	libopenmpt	Digital Symphony	4	44900	d07ad412	5b368e59	MISC/04/NOTHING
ab71a1683e27b71a110bdf8f3123a67b	0	214338	player	libopenmpt	Digital Symphony	4	42108	fb207ea9	cd6362cd	DEMO/02/ENDLESS
ab8d2c8e3711ade1023fbc8d202a29f8	0	99691	player	libopenmpt	Digital Symphony	7	15064	48ad5967	cb979a47	FUN/TVFILM/CRAZY_LIKE
ab9c626a59fd68539be7e0e5f392a567	0	365215	player	libopenmpt	Digital Symphony	4	139240	7d912632	d1eb4f08	DANCE/ACID_TEKNO/NOT_LH
abd10fcdbc6b1f2f1636b9094b5e3435	0	281994	player+silence	libopenmpt	Digital Symphony	4	166608	ae42d370	7597834c	DANCE/HARDCORE/GODWATCH
abd559bb4dd5242e8971a794ccbbc680	0	249892	player+silence	libopenmpt	Digital Symphony	4	75464	555baa06	b2419861	MISC/13/WASTEDYE
abf9c80ca0c7cb1e99d6d03da7b7cf72	0	152572	player	libopenmpt	Digital Symphony	4	28292	b48b2d8a	7dac32fa	VOYAGES/ENVIROMENT/CONDOR
ac200b5fa8d6e8003ee0e383e0732f7c	0	331389	player+silence	libopenmpt	Digital Symphony	4	35120	8d9b22cf	4cad0e52	MISC/11/SOFT
ac21a873ba80945cbcb6b3464d4b1ef0	0	61348	player	libopenmpt	Digital Symphony	4	3184	1739e9b1	9737ac17	MISC/14/RUBYTUES
ac2ca33af3dd894dd4e1827b4c0f175c	0	161039	player	libopenmpt	Digital Symphony	4	59052	d8f63f2c	3f92bcde	MISC/06/DRILL
ac39498f725dd0453fe629208ab0038c	0	192177	player	libopenmpt	Digital Symphony	4	151740	74f8deff	3cdee430	DANCE/HARDCORE/BREAKBEAT
ac7942a090b635749aa71326918ca454	0	205935	player+silence	libopenmpt	Digital Symphony	4	118196	6e36239c	dae81808	DEMO/02/THESURFACE
ac8183f3c1600db826598487b4137045	0	352930	player+silence	libopenmpt	Digital Symphony	4	218908	34e2523e	2380b949	DANCE/RAVE/PASSION
ac82706cf9dc16bd945634810fb93af4	0	176377	player	libopenmpt	Digital Symphony	4	15176	7ce43a64	4846ce69	MISC/04/CHOOSE
ac8d67f85de77b7af2fc8f5cfd82e7e7	0	110535	player+silence	libopenmpt	Digital Symphony	4	34580	453c7d47	6c9d55db	SAMPLE/MIX/STRILL
ac8ef8c5404ed8231ea101c6d12d2d59	0	92022	player	libopenmpt	Digital Symphony	4	14660	a0a2d07a	ed7e4f9f	MISC/01/CARABIA
ac9e5158e4d52d8a54cabd29051d3f44	0	200660	player	libopenmpt	Digital Symphony	4	121060	b6171d95	b9ab0f0c	DEMO/05/OBVIOUS
acae142ab975854430f3781a600f0500	0	205134	player	libopenmpt	Digital Symphony	4	47220	6e1be41f	fb48d409	DANCE/RAVE_PLUS/TOTALTRI
acb4ef236660b649222f649c8c2b75ee	0	61348	player	libopenmpt	Digital Symphony	4	23388	4df45ee0	13d7977e	MISC/05/APEX
acbd25f1092806cc28436b500b96fc26	0	358246	player+silence	libopenmpt	Digital Symphony	4	79244	7b098359	6603fd0f	DEMO/01/OBERHEIM
acc07ebfa729a67cf3ec4f95f87954bd	0	30674	player	libopenmpt	Digital Symphony	4	10728	474aff29	c84eba70	QUICK/SMALL/PLINK
acce6094f8e83feed40bb8fa5a144240	0	195421	player+silence	libopenmpt	Digital Symphony	4	87800	19255de0	32b4c4fe	SAMPLE/EXPERIMENT/SVEN
acd54b4cc2d2db9cc2801960b888e1f7	0	227429	player	libopenmpt	Digital Symphony	4	108160	cc23a782	e1f76caa	DANCE/ACID_TEKNO/DOOM
acdcb4caf73187c294d308db82bbd8b3	0	61495	player+silence	libopenmpt	Digital Symphony	4	15388	c39d564f	da15f08a	QUICK/SMALL/LITANY
acdcef8d6441a9652e0bd512db007c52	0	76354	player	libopenmpt	Digital Symphony	4	210768	24515aab	ccdd9ba8	SOFT/JAZZFUNK1/SLOWDISC
acfcbbb70359c3fc60ba198232303968	0	168708	player	libopenmpt	Digital Symphony	4	21428	c31a39e2	fbec21c2	MISC/06/DREAMTN
ad2167fb4f2c73ad9fac66e968ae744c	0	118862	player	libopenmpt	Digital Symphony	4	24724	328bd416	15cd5c8c	SOFT/MELLOW2/LAIDBAC4
ad2f4b5873a4869907d0ad8415997557	0	202180	player	libopenmpt	Digital Symphony	4	108712	8438b35c	177e27b3	SOFT/MELLOW/WINTERSETT
ad41e42552ba281f1a56476461ec75d1	0	137676	player+silence	libopenmpt	Digital Symphony	4	45036	08269ceb	50450b69	DEMO/05/OTA
ad5971af3e243c65494ec7f0a37b3532	0	161039	player	libopenmpt	Digital Symphony	4	89700	6a4ceeeb	878eb3a2	MISC/01/KEWLTUNE
ad8ff5855619d3a191cb475efeae5472	0	119463	player+silence	libopenmpt	Digital Symphony	4	23552	b36147f8	8e3f78e4	MISC/01/TWO_TO_TWO
adb42bb29dec9a0b4dbfc5acc7e56d5a	0	98561	player+volume	libopenmpt	Digital Symphony	4	64480	6443e4ed	3e23ba6d	DEMO/05/JWX1
adc7300c35858b34e353776032a413d7	0	177461	player+silence	libopenmpt	Digital Symphony	4	117704	aec5aedc	9a9821b2	SOFT/MELLOW/JOYSTICK
adcf5a965d861ff5850eb8a463e67b00	0	199382	player	libopenmpt	Digital Symphony	4	38828	3f53cf92	4b143e7c	DEMO/04/FINVIS
adf8b83c860cc4e83ac51fa076802290	0	173501	player	libopenmpt	Digital Symphony	4	72304	0ed403eb	03a36cde	MISC/04/BLUEPRIN
ae11841e791f72f182b0ca303ee40af5	0	230057	player	libopenmpt	Digital Symphony	4	86212	49416ace	72caa4f8	MISC/01/DEJAVU1
ae461b537f38ecfe00bbcbad4bf7f815	0	314411	player	libopenmpt	Digital Symphony	4	46292	e91567fc	634900ac	MISC/07/DESERT
ae697f94b117d5d813684a0cc711980a	0	25881	player	libopenmpt	Digital Symphony	4	4872	55bedcc1	c74306e3	DEMO/04/VEDMASSE
ae9452df3ffbd1c7b7f810b4a3f5d60e	0	168708	player	libopenmpt	Digital Symphony	4	62772	7f0c7ec5	52196cde	QUICK/POP/LARS
ae984edce5fca27d116f2b68f2946921	0	153371	player	libopenmpt	Digital Symphony	4	63912	6ccdebfd	47ed769e	QUICK/PULSE/BIEN
aea26e8f6f8a6e8cae38aeebb91e93a0	0	369296	player+silence	libopenmpt	Digital Symphony	4	51448	97ac5c02	c63d7a74	MISC/12/EYEOFTHEBE
aed6d94f6a96f5832af8d9eff4031d00	0	214719	player	libopenmpt	Digital Symphony	4	85056	b0d2f21a	3d917190	MISC/03/ARTIFIC
aed7880f10a99e4b279ea69783afae4b	0	142789	player+silence	libopenmpt	Digital Symphony	4	77988	c112a55c	76e6b151	MISC/07/FATALFUN
aef105183cf9af18e5b0adacf871f79f	0	232529	player+silence	libopenmpt	Digital Symphony	4	127208	c106edfb	a4259ae5	MISC/07/FATALDES
aef8d8296feb331716ca954ef875b7a0	0	317082	player+silence	libopenmpt	Digital Symphony	4	87344	85b9317b	47507a52	MISC/11/MAKESTART
af04a5fd8b067700a0a61b19ec4ac051	0	145702	player	libopenmpt	Digital Symphony	4	70312	1ad6c835	b05a5345	ROCK/HEAVY/HARLEYMUSI
af0fd64aa78bf0439e8a12abfabd8a87	0	201619	player	libopenmpt	Digital Symphony	4	87040	1e87a5c0	1d495db4	DEMO/05/LOSTIN
af31189adee0357bf81d23172ed66884	0	272760	player+silence	libopenmpt	Digital Symphony	4	53860	9739a751	820378ae	SAMPLE/MIX/GNOSSDLI
af41419d85c5a446168968a09e113617	0	260731	player	libopenmpt	Digital Symphony	4	28784	f3452144	ae33201b	MISC/12/TROUBJOU
af5897432e3460fc14cd2aa3f1cb61a4	0	270324	player+silence	libopenmpt	Digital Symphony	4	104252	f9f1634e	e57a34e7	ROCK/HEAVY/METALFREAK
af5e246354cf4790567824a9e59b8772	0	83235	player	libopenmpt	Digital Symphony	4	42380	004927cf	d954340e	SOFT/NEWWAVE/BACKSTAG
afa87be7513133009c52b97e84511288	0	249228	player	libopenmpt	Digital Symphony	4	30740	8ffdc939	7fb9ebfc	MISC/06/CRYINGSP
afc245965b9e5aa5d2ed1432d54de2fb	0	35786	player	libopenmpt	Digital Symphony	4	20796	b2201c3e	87e394ec	MISC/05/AFTERT
b026b964d40788982ab2113408658ae0	0	148258	player	libopenmpt	Digital Symphony	4	30228	1e8edfd7	6683c3aa	DEMO/04/G10
b07860e71bbc1935f511a2a26bd976c1	0	201479	player+silence	libopenmpt	Digital Symphony	4	257768	c5ecbbd3	65bda0de	ROCK/SOFT/KICKDRUM
b0acb139b4758003fc91ad67c1c4aaa1	0	291269	player+silence	libopenmpt	Digital Symphony	4	135380	a8a0283f	9261c0a6	DEMO/02/MEDITATION
b0ae8a7cd1a84e68a98c6eef54d3dfa5	0	208980	player	libopenmpt	Digital Symphony	4	118436	59bcb00b	a04f5c94	DANCE/RAVE/OVERFLOW
b0d6e0438ca340e29eee497bfcb6f244	0	301454	player	libopenmpt	Digital Symphony	4	248944	3bae7221	d2d3f6d9	DANCE/RAVE/STEPINTO
b0dc4272421703cb5c090f880df3e7ea	0	299074	player	libopenmpt	Digital Symphony	4	103588	c37d59c5	6761996c	DANCE/ACID_TEKNO/TECHNOMED
b10142c55ceba4d8ceadd20dc8a81fcc	0	323937	player+silence	libopenmpt	Digital Symphony	4	195672	a691e527	90de9fcf	MISC/01/NICETUNE1
b12b12eaacd1f8d5e99b9fb9b1b7ed86	0	226382	player	libopenmpt	Digital Symphony	4	63064	786f8fd2	24d3ce9d	ROCK/SOFT/MUSICX
b14294de114e7a71d49357047b669c8c	0	367452	player	libopenmpt	Digital Symphony	4	137324	5d6e8ede	f481f0cf	DANCE/DANCE1/TNITC
b16066c3e4b102be871bf6e9947fb97e	0	165526	player+silence	libopenmpt	Digital Symphony	4	81232	fde2e6b3	da04a420	MISC/13/TILLFRDY
b16066c3e4b102be871bf6e9947fb97e	0	165526	player+silence	libopenmpt	Digital Symphony	4	81232	fde2e6b3	da04a420	SOFT/MELLOW/TILLFRIDAY
b1613aa17f841ee86e9896391f0f2d1f	0	49655	player+silence	libopenmpt	Digital Symphony	4	33012	b0f188c3	5aa06501	ROCK/HEAVY/BIOCHAL
b16633d225995567fd9a66009a2e7bcb	0	53679	player	libopenmpt	Digital Symphony	4	29180	15af9ad9	c1ece0e8	DEMO/01/PALLESTWO
b184554896e3a2abfdadebebefbef3ad	0	230057	player	libopenmpt	Digital Symphony	4	48604	cbfea888	6c78211a	ROCK/SOFT/FORCE3
b1964913caf2f7ca1b76c136a695f154	0	95976	player	libopenmpt	Digital Symphony	4	54184	ab47fcff	2cb96ce5	MISC/01/FOR_YOU
b1ac525bce4d57c7cf4a4629d42b2489	0	98393	player+silence	libopenmpt	Digital Symphony	4	96628	314a9b77	077c47c2	VOYAGES/SCORES/MORNINGAIR
b1ce2dedef8b959b9a379bbd8c85c8c8	0	61348	player	libopenmpt	Digital Symphony	4	32464	6bb90155	99a6f052	MISC/02/HYMN_YEZZ
b1dd03d089f17595e1f5abd4b40fdad3	0	132921	player	libopenmpt	Digital Symphony	4	61300	3d4c13d0	d6959e72	MISC/12/MON
b1f21ea2656016027ce83e6a98448272	0	141299	player+silence	libopenmpt	Digital Symphony	4	18568	1b81b2b7	b81e6c4f	MISC/09/HOWDEEP
b1ffe5cc6d45070157e9ad054e6a59fe	0	327745	player+volume	libopenmpt	Digital Symphony	4	41744	91a24aa9	7106be46	MISC/04/BETWEEN
b2326425016ac96cdc23a0eb4f6ae60a	0	192508	player+silence	libopenmpt	Digital Symphony	4	96836	7081b705	6a0b37f5	SOFT/MELLOW/AFTERHOURS
b2410c02f70c2d3cafd41641f315dd5c	0	258428	player	libopenmpt	Digital Symphony	4	187944	e86242be	988343e4	DANCE/DANCE1/TRANCEFIX
b24be7a8e56b435981502758ad5e286a	0	229042	player+silence	libopenmpt	Digital Symphony	4	86348	3bec01c6	3e27ee13	MISC/14/RESTRICT
b24be7a8e56b435981502758ad5e286a	0	229042	player+silence	libopenmpt	Digital Symphony	4	86348	3bec01c6	3e27ee13	SOFT/JAZZFUNK1/RESTRICTED
b25c6d97826043da350b1b029dd284ca	0	179707	player+silence	libopenmpt	Digital Symphony	4	69132	6c45d6ba	d96eb9e0	MISC/09/HLRUNNER
b25c6d97826043da350b1b029dd284ca	0	179707	player+silence	libopenmpt	Digital Symphony	4	69132	6c45d6ba	d96eb9e0	SOFT/KEYBOARD/HELL_RUN
b29776ffa151eba83fe02eaeb1cf64cc	0	237369	player+silence	libopenmpt	Digital Symphony	4	71368	6ebbb09b	225cc318	DEMO/03/48TPI
b29776ffa151eba83fe02eaeb1cf64cc	0	237369	player+silence	libopenmpt	Digital Symphony	4	71368	6ebbb09b	225cc318	MISC/15/48TPI
b2984c7c8974502579403c4628986b85	0	253062	player	libopenmpt	Digital Symphony	4	125124	19c35e78	75b054ed	MISC/01/APOCLYPSE2
b29f6a5df156a0f6727a743198ad8f7d	0	161039	player	libopenmpt	Digital Symphony	4	35624	641170fd	1cf3bd95	DEMO/03/BALLMAIN
b2c04164b2871bb360bb50c78dadaa59	0	53679	player	libopenmpt	Digital Symphony	4	85792	f2eaa6fe	12accab1	DANCE/RAVE/PROSENTTI
b2cc888c91cbdf2c52171190fc6dfb36	0	247950	player	libopenmpt	Digital Symphony	4	56196	ea1652be	10937bfb	SOFT/JAZZFUNK1/FORMALFUNK
b2cc888c91cbdf2c52171190fc6dfb36	0	247950	player	libopenmpt	Digital Symphony	4	56196	ea1652be	10937bfb	SOFT/JAZZFUNK2/MEGAFUNK
b3067d71cc552794b4b5cc57cbea691a	0	532626	player	libopenmpt	Digital Symphony	4	112132	f19dcbf5	1ffcd953	MISC/06/CREATION
b31223866d1ca496490f64ac0f09d257	0	133520	player	libopenmpt	Digital Symphony	4	228912	6ce09325	234b88e3	SAMPLE/VOCAL/WHOOMP
b34ef1d1b18d10aaeeb4a91f78e467e3	0	84354	player	libopenmpt	Digital Symphony	4	144352	47809fe2	e41d88bb	VOYAGES/SCORES/FAIRDES
b35c6918db5733d966c10387e2b8e835	0	46011	player	libopenmpt	Digital Symphony	4	10184	1b42eef8	4bb87520	DEMO/02/SPUD2
b382c32d068208a2a40711bb2eaf6bcc	0	117280	player	libopenmpt	Digital Symphony	4	114900	6c7bf3db	454ca609	DANCE/RAVE/JEOS13
b38529d1765d9a6ab4f7e770dcf5c33c	0	30674	player	libopenmpt	Digital Symphony	4	23740	735b05b5	604139bc	QUICK/POP/RYTHM3
b3b18b9cab6356008498e5cab4c5243b	0	236797	player+silence	libopenmpt	Digital Symphony	4	70876	41402076	e1824479	MISC/04/COMMAND
b3b7312d4aed26d63d79516e0a40d3e9	0	184045	player	libopenmpt	Digital Symphony	4	163440	df39f344	e1c340b9	DANCE/DANCE1/DEMOSAUSJE
b3c077810b0d928498f31e9fbe132f12	0	259413	player	libopenmpt	Digital Symphony	4	62032	8e328dc8	3a0dd74b	MISC/08/HELICO
b3c385d492ff795a59a61acd1b7c7515	0	269467	player+silence	libopenmpt	Digital Symphony	4	38812	45510b81	861549d8	MISC/12/KINGDOM
b3c38ac7215c8746485a1e982e3d29a0	0	306404	player+silence	libopenmpt	Digital Symphony	4	123532	c6f67010	5f1cd9e4	DANCE/ACID_TEKNO/VIDARS
b3c579d4596edd730d150753343584a2	0	69017	player	libopenmpt	Digital Symphony	4	37204	1251a388	37782317	QUICK/POP/SUPERHOT
b3cf3bad61c57a2ed574392bf6464857	0	275534	player+silence	libopenmpt	Digital Symphony	4	83168	ba2cda9d	07545794	DEMO/04/DEMOCOMP
b3dd41f8393b9e7dc7287fd503550d18	0	117824	player	libopenmpt	Digital Symphony	4	36832	ba4a01d7	1ab26872	MISC/05/ACTION1
b3efd0f6b3face0250bcaba454e41042	0	299047	player+silence	libopenmpt	Digital Symphony	4	85008	651ffa54	7a7690ce	MISC/11/ONLYIN
b3f127ab50d580fde570db3e2d3e1274	0	243118	player+silence	libopenmpt	Digital Symphony	4	91412	d76ce8cd	58175204	QUICK/POP2/CHASE_
b413e5962be901670d1a232791d3fd9d	0	199382	player	libopenmpt	Digital Symphony	4	26104	39782229	52eb98d0	SAMPLE/MIX2/PEACE
b43870a28bdca1a423bda185c86851c2	0	31632	player	libopenmpt	Digital Symphony	4	4920	bb4d134e	f5e8005f	MISC/13/NITRO
b461be5976fec6c9f4ee0c44ac945e25	0	234703	player+volume	libopenmpt	Digital Symphony	4	132468	a295e538	2d61f761	MISC/03/AZIEDREV
b461be5976fec6c9f4ee0c44ac945e25	0	234703	player+volume	libopenmpt	Digital Symphony	4	132468	a295e538	2d61f761	SAMPLE/MIX/AZIEDREVOL
b461be5976fec6c9f4ee0c44ac945e25	0	234703	player+volume	libopenmpt	Digital Symphony	4	132468	a295e538	2d61f761	SAMPLE/MIX2/RVLUTION
b46231156f61fbfcbd9a17eeb373800e	0	83455	player	libopenmpt	Digital Symphony	4	107380	7ab2a8f0	de00e91b	MISC/10/SPEDHEAD
b46231156f61fbfcbd9a17eeb373800e	0	83455	player	libopenmpt	Digital Symphony	4	107380	7ab2a8f0	de00e91b	ROCK/CYBER/SPEDHEAD
b479c32f81d4b105b5eb6ec8566a2ac8	0	65182	player	libopenmpt	Digital Symphony	4	6156	313f8612	37b2d981	MISC/14/TRAEKOG
b47ec0a0316daca6ad6963e1e2466930	0	191714	player	libopenmpt	Digital Symphony	4	32416	84f574d1	539a54ee	MISC/02/FINAL_TFD
b499c915e52d455bdf430fbba3f63841	0	92022	player	libopenmpt	Digital Symphony	4	6716	64fa063e	03444c4e	QUICK/SMALL/SYNTUNE
b49bcc7fdefc648ffe31c781331be036	0	227840	player	libopenmpt	Digital Symphony	4	174080	6bf2e256	f44ded10	MISC/02/REVEALED
b4a1838d9908cf95aaded9752e3d72eb	0	93700	player	libopenmpt	Digital Symphony	4	56040	f81f6fa0	0ff59591	DEMO/01/YGLABN
b4a8f25651abfbd2d204fd1c0f947633	0	197612	player+silence	libopenmpt	Digital Symphony	4	165876	3e616ce8	097dfe41	SOFT/JAZZFUNK2/REALMOTIVA
b4b9cd9c1eb580a41b3b972b6450b593	0	361297	player+silence	libopenmpt	Digital Symphony	4	166176	77f3171d	cd94d9c7	DANCE/HARDCORE/OVERX25
b4bbf11bd22bb9377907396682ae26d5	0	99691	player	libopenmpt	Digital Symphony	4	143564	231baac4	4bd62e81	DANCE/HARDCORE/SEASONS
b4bcddd8dce72562579e6c9b58886a38	0	158028	player+silence	libopenmpt	Digital Symphony	4	72064	80a3792c	96654b5a	DEMO/03/CHOPPER
b4c1f17cf6bfa649d5b2d440aa58187c	0	324595	player+silence	libopenmpt	Digital Symphony	4	51336	7b21de40	f65eac9e	QUICK/BEAT/DIMNES
b4cf0bac3cdb28600c04d5777ea23092	0	313479	player+silence	libopenmpt	Digital Symphony	4	70820	0eabc1f0	cd5ac286	MISC/12/MAGRUST
b4d2230720fd3a75d366d241a26bf72f	0	363714	player+silence	libopenmpt	Digital Symphony	4	138860	680d37fa	f1e7cb10	MISC/06/COURTOUC
b4d70983987c98de972b6018fe87b34e	0	107359	player	libopenmpt	Digital Symphony	4	73644	6237923e	901b91ca	QUICK/BEAT/WRAPITUP
b4e990bfc5b07723aab9c4d1ae47a63c	0	127909	player	libopenmpt	Digital Symphony	4	47960	ec1995ed	b6bfdacb	MISC/07/DIGTHIS
b4eded973f346f570ac1cb855a73c2b8	0	18077	player+silence	libopenmpt	Digital Symphony	4	31060	8d16c704	e62c346c	ROCK/HEAVY/ROCK2
b4f1502ccdeebb1d1f8fdb3c256371f8	0	115028	player	libopenmpt	Digital Symphony	4	49336	cad54231	3767e97c	SOFT/JAZZFUNK1/FUNKEY
b5032307e81579b20cb5b0be977ea7c5	0	95857	player	libopenmpt	Digital Symphony	4	30444	2cb91941	6351ced7	MISC/05/ALIVE
b5193cd795c57e31da2ec8f72efeba11	0	553800	player+volume	libopenmpt	Digital Symphony	4	193740	c015f73f	e6c36563	DEMO/05/TESTIN
b52f1c8bdec79aab0d5dc6f602f673e3	0	156885	player+silence	libopenmpt	Digital Symphony	4	29984	e35909fa	e671c8d1	SOFT/KEYBOARD/CHASTE
b559899a2b8886ec250bd2106539e3a1	0	240673	player+silence	libopenmpt	Digital Symphony	4	208492	50b238d9	af48f247	DANCE/RAVE/OTL_MALY
b5656ebb3c9ffd563b88dbce2e6513f4	0	450407	player+silence	libopenmpt	Digital Symphony	4	138504	6c9a1856	f1a5f55d	DANCE/ACID_TEKNO/TECHOUSE
b569b697444538451f38cc92f57cbc23	0	107359	player	libopenmpt	Digital Symphony	4	28756	c12e432f	0c1d0a2d	MISC/03/QUANTUM2
b578c416076da88c49efc1b89f8a451c	0	387098	player+silence	libopenmpt	Digital Symphony	4	68864	5b5b4355	07fb130a	SOFT/JAZZFUNK2/WHOSTO
b585fd9f60a32f33897b12c2cbcc5789	0	192789	player+silence	libopenmpt	Digital Symphony	4	124524	2659a4db	3531ef7f	MISC/05/AGONIZED
b5875a346dcc80c1fed07f4241ab924c	0	216697	player	libopenmpt	Digital Symphony	4	85544	6f4d93f1	0ab03e49	SOFT/PAINO/RAGTIME2
b593c56b4118f7e4168cfdc607070621	0	140191	player	libopenmpt	Digital Symphony	4	64392	b2ca4c2f	827e9dcc	MISC/11/SD10_G
b5947f409ad64c61414395a30da4618a	0	224225	player	libopenmpt	Digital Symphony	4	134540	c6552dd3	b6858ba6	DEMO/04/VARANEN
b5a9a2ca6006b7ed7e96002385d248ae	0	153371	player	libopenmpt	Digital Symphony	4	34068	7268f99e	fd014751	MISC/03/CAPSLOCK
b5eea937c2778546d9c72732573a4d53	0	355014	player+silence	libopenmpt	Digital Symphony	4	146140	74c70b9c	e2422eb3	VOYAGES/EPICSCORES/THEWAR
b609e7399d5ec443753a3a46b73bc45b	0	262408	player	libopenmpt	Digital Symphony	4	63456	a56b6b31	14cb0d99	MISC/05/BUBBS
b60b94f0c6e5397d67e24e781517e1ca	0	203296	player	libopenmpt	Digital Symphony	4	40028	ac3fba4d	1872589e	VOYAGES/SCORES/WINDSARISE
b60ca0a40037d38eee90c855e8328ed1	0	166152	player	libopenmpt	Digital Symphony	4	58312	c2dd9c52	03fae1cc	MISC/10/SOLITR_2
b6285136f8d59b8667300ba9fd39c32b	0	78722	player	libopenmpt	Digital Symphony	4	37864	2cfd643d	7743a53e	FUN/FAMILIAR/PAULSFROGS
b63f98db20589d5ddc0526d0fc8a49e5	0	163276	player	libopenmpt	Digital Symphony	4	89696	911c43ad	8842fc45	FUN/FAMILIAR/JACKSON
b6475ecefe52d9589247a38b9588717d	0	185237	player	libopenmpt	Digital Symphony	4	35744	82935bd6	162eaf3c	DANCE/RAVE/BOING_BIG
b64991d358b95660c9b5815353983387	0	95218	player	libopenmpt	Digital Symphony	4	93396	6c01c900	7873516f	SAMPLE/MIX/CRANK
b66504a032b437f669ddb1883c507b93	0	230696	player	libopenmpt	Digital Symphony	4	77868	3b1d18f6	e88e418a	QUICK/BEAT/JOYRIDE
b66bcaabaf45ca8270bec15458a3052e	0	251698	player+volume	libopenmpt	Digital Symphony	4	88680	e7ef0f62	3ed40403	VOYAGES/ENVIROMENT/SILHOUETTE
b675ea5a335ed07bb1c7b273111b31e1	0	199382	player	libopenmpt	Digital Symphony	4	92052	d84c2ed2	65469e08	MISC/03/GUMMIS
b693c49b14432f0f8aedc331b692bb3d	0	195967	player	libopenmpt	Digital Symphony	4	160656	41a69d2f	058d358c	SOFT/MELLOW2/MORNING
b6d324c56ba470a1a16b751beb260155	0	149057	player	libopenmpt	Digital Symphony	4	125136	a5d08b79	ee83d8e7	DANCE/DANCE1/FUNKYTHNG2
b6de84da470ad106dbda1ff1a6481d03	0	316810	player+silence	libopenmpt	Digital Symphony	4	51484	021702dc	ed89eac1	ROCK/HEAVY/ESANDMAN
b6fbf1860b231f80a07227bd6ff03ed4	0	436125	player	libopenmpt	Digital Symphony	4	50080	1067da75	7e5a578b	VOYAGES/SCORES/ESC_REALTY
b70e8f3db918abaa415008cd664debef	0	132402	player	libopenmpt	Digital Symphony	4	57560	7d0c0735	0eae19aa	DEMO/04/ZIMBALZA
b71adb823ea0dc660936a54dbb6ca03e	0	161039	player	libopenmpt	Digital Symphony	4	53616	861eddd4	eb113a7d	MISC/07/DEFENDER
b73e2fe5723cb1176b6233c7f01cefb2	0	166032	player	libopenmpt	Digital Symphony	4	153716	ebed7de5	cf39c394	VOYAGES/EPICSCORES/LIGHT_SND
b754872cb261bafad790697eeb238385	0	182655	player+silence	libopenmpt	Digital Symphony	4	307276	ddd643e4	8951ea9a	SAMPLE/VOCAL/OPENYRMIND
b78031aeb38221edae572a0396c27365	0	297755	player+volume	libopenmpt	Digital Symphony	4	124212	9489ded0	5396f149	DANCE/ACID_TEKNO/ROGUE
b7812358277b28cb6183b91c9dd4325b	0	233891	player	libopenmpt	Digital Symphony	4	71260	ce1cbfee	70a25fd6	MISC/04/STARTER
b7812358277b28cb6183b91c9dd4325b	0	233891	player	libopenmpt	Digital Symphony	4	71260	ce1cbfee	70a25fd6	QUICK/POP/STARTE
b78e4ae1dd2aaa747c90441d74944f0f	0	185010	player+silence	libopenmpt	Digital Symphony	4	76592	7a94f239	6b9a584e	DANCE/HARDCORE/VIRUS
b7a9980ee93971cd4940de9c9fbf12c7	0	40899	player	libopenmpt	Digital Symphony	4	15928	3d37cb95	f4664775	DEMO/01/INTROGASM
b7d72246bcbe53c145e3a5b486b03f67	0	161039	player	libopenmpt	Digital Symphony	4	109448	a7ece628	0b8eb79a	DEMO/03/BDBEAT
b8044f1a707a467861d83c07304fd1a6	0	471017	player	libopenmpt	Digital Symphony	4	102944	1d323517	f2c79bbb	DEMO/04/HERPES
b80ac13f8ad7bf5cd0ae2a62f79d96f4	0	191714	player	libopenmpt	Digital Symphony	4	78964	3c373d5e	44c868f6	MISC/10/LIFTMEUP
b824568ebee856b8032fa44c55a88b35	0	229540	player+silence	libopenmpt	Digital Symphony	4	60824	f2ddf997	dcd0a6ae	SOFT/NEWWAVE/PARTYTIME
b83a8082f39854294eb5996d745552ba	0	111933	player	libopenmpt	Digital Symphony	4	227748	1727d5d6	f3c1dc83	MISC/13/PERFECTS
b83b5801c3b66b133d5aa32c7e9fcc8f	0	325080	player+silence	libopenmpt	Digital Symphony	4	60100	5768dfaa	85138a39	DEMO/05/THALA
b83b5801c3b66b133d5aa32c7e9fcc8f	0	325080	player+silence	libopenmpt	Digital Symphony	4	60100	5768dfaa	85138a39	MISC/01/THALAMUS
b87e37a7872a744914b86b15f41386c2	0	322079	player	libopenmpt	Digital Symphony	4	45124	3b6f775a	dd1c042b	MISC/14/AMIGAMATTY
b8b7be309fdfd2f9eb3f25c3600fccff	0	172328	player	libopenmpt	Digital Symphony	4	91480	3710367c	bb28cc97	DANCE/HARDCORE/ECGROOVE
b8f95d364bc10ef255b5fe44a9db2cfe	0	134479	player	libopenmpt	Digital Symphony	4	43572	cdf84c86	ddea9451	MISC/12/MADEBY
b8fd2f0e6caf99d46449813b5f366539	0	260731	player	libopenmpt	Digital Symphony	4	39856	f2655229	06101709	MISC/02/AMEGAS
b8fe20eb99e000c11ff474cfe26d7ded	0	920090	player+silence	libopenmpt	Digital Symphony	4	80100	b5c26a56	0a575488	ROCK/SOFT/NEODRINK
b92cd27334d623b9a1560acfba9bef64	0	7189	player	libopenmpt	Digital Symphony	4	12848	07614ae1	7ddc7c96	FUN/TVFILM/ITCHYSCRAT
b943ced3a66b5e6b1166d404bcb6cc8f	0	403983	player+volume	libopenmpt	Digital Symphony	4	95820	d2af2eb4	e811155b	ROCK/HEAVY/THISTHRASH
b95a27d3cf612e6c14a72b5715bde275	0	15337	player	libopenmpt	Digital Symphony	4	8908	fda99502	6f414e2a	QUICK/SMALL/DESPERADO
b9659338a45744ee0d3694f7e8e1046a	0	4792	player	libopenmpt	Digital Symphony	4	488	07390306	e28c181f	QUICK/SMALL/FUNKCHI2
b99307a10584ab8e4ef56b2909d71cb2	0	164874	player	libopenmpt	Digital Symphony	4	95988	7445c6ff	ebb5b677	DEMO/01/FIREPOWER
b9a3e8ff42eb8ece80469af513b1e0d8	0	506399	player+silence	libopenmpt	Digital Symphony	4	87192	a9aae1db	f202392a	DEMO/01/NUCLEUSX
b9a991572bd387afd3a8a90484681268	0	153371	player	libopenmpt	Digital Symphony	4	38316	84cd490a	ce92612a	MISC/02/AFL
b9b8814bc1c0c7da8ccc0e1a34edd358	0	130365	player	libopenmpt	Digital Symphony	4	87336	3dfc6aba	0caa3485	SAMPLE/MIX/ATARIMOD
b9ba2f530ec42df53c74083ef7a3e674	0	163613	player+silence	libopenmpt	Digital Symphony	4	44656	6c1b885b	cc528013	MISC/10/LOS
b9f813e0209fdc8fbc3d722643cdda64	0	261211	player+silence	libopenmpt	Digital Symphony	4	285584	d5c9d1f7	8a125924	MISC/14/NATIVEDANC
ba0cf8b886589ede728fe65079ecbfa0	0	170625	player	libopenmpt	Digital Symphony	4	71600	ad2ac2a2	278b435d	MISC/02/HAPPENS
ba1e7598cdcebfd746fd0d3061d5cbc2	0	109093	player+silence	libopenmpt	Digital Symphony	4	45608	7bba6727	79f44198	MISC/06/DLT1
ba1e7598cdcebfd746fd0d3061d5cbc2	0	109093	player+silence	libopenmpt	Digital Symphony	4	45608	7bba6727	79f44198	MISC/07/DELTA1
ba260675fe7f0d06681ac047c4374861	0	165502	player+silence	libopenmpt	Digital Symphony	4	145344	c0a8b47a	5b4e54c8	MISC/01/ODE
ba416ab81d47f6c5b8b720163670f722	0	140509	player+silence	libopenmpt	Digital Symphony	4	88096	700addc5	5aea7093	SOFT/NEWWAVE/GLUTTURALE
ba41dad564e0caa9c80810dd98a12360	0	145543	player	libopenmpt	Digital Symphony	4	82180	91f3343f	ef9bd821	MISC/07/DESASTER
ba8c34290892f8933c1683567f613d37	0	138034	player	libopenmpt	Digital Symphony	4	51456	240e76f5	f71850db	MISC/09/HOLLOW1
ba8f88bec2573f9e2941d32673ec9e29	0	62887	player+silence	libopenmpt	Digital Symphony	4	9168	06918987	88db27fb	QUICK/SMALL/BTHVNEGULE
bab424a687f8ed4530eda605d087f7f9	0	48567	player	libopenmpt	Digital Symphony	4	2216	20afbb6a	a1efafd2	QUICK/SMALL/CAUSEEFFEC
bad567a70e97f833440c647b520f9906	0	161039	player	libopenmpt	Digital Symphony	4	80652	579349b1	5d6b4fc8	SOFT/BLUES/CLOUDJUM
bae3578549a8c22c32a0b342000192b0	0	40899	player	libopenmpt	Digital Symphony	4	8772	a4317bc8	7c7698ff	DEMO/03/PESTILENCE
bb16aa385f40338f58249a2a303267e0	0	240455	player+silence	libopenmpt	Digital Symphony	4	170288	d032b655	41b41f4d	QUICK/BEAT_MAX/GETFUNKY
bb16e9f3a4714b8620bcc67f341d9440	0	84354	player	libopenmpt	Digital Symphony	4	21732	5306553a	8d398e3e	FUN/FAMILIAR/TBLRBLLS
bb1708314e31ee259f5636fbdb612f0b	0	291405	player	libopenmpt	Digital Symphony	4	37668	6e7caae4	c528edb3	MISC/03/CASTLE
bb1708314e31ee259f5636fbdb612f0b	1	80519	player
bb19ceab4965cb893a43ce17971c59eb	0	113750	player	libopenmpt	Digital Symphony	4	13460	1c265127	73310fd4	DEMO/04/YO
bb2358a622d19d2c3056b2871b374a08	0	118862	player	libopenmpt	Digital Symphony	4	203684	3fbcac7c	abb4f981	SAMPLE/MIX/SKA_VI_HA
bb302e0e2c9545c40d9edad5b75c3b90	0	218276	player+silence	libopenmpt	Digital Symphony	4	138844	e39d2f85	fb5c03c0	MISC/14/UBOAT
bb30a60dfa3ab720351a1b772b84ccb0	0	160155	player+silence	libopenmpt	Digital Symphony	4	221108	e2d2242c	2f95b1b8	SAMPLE/VOCAL/NICOLE
bb3802937fcc1976ed5ddecda6dad74f	0	266567	player+silence	libopenmpt	Digital Symphony	4	67804	3e999cec	870ef6b9	SOFT/MELLOW/DAWN_TOP
bb4d0faf328966b1a38e0aee15ce0768	0	451483	player+silence	libopenmpt	Digital Symphony	4	150536	2a746365	51ed1525	QUICK/BEAT/DANCEPIPES
bb6a315afb9dbc735491317194865527	0	246033	player	libopenmpt	Digital Symphony	4	167644	a88ccd19	67e0264a	QUICK/POP/PAWACHOR
bb80b1c25fa22c7dbb7b1c36b52618cd	0	219193	player	libopenmpt	Digital Symphony	4	20784	a62b4625	c356cddb	MISC/08/GIANASIS
bb9481a104413a8c1b0b6821f0910dc1	0	223809	player+silence	libopenmpt	Digital Symphony	4	102180	280c1001	21f01d9a	VOYAGES/SCORES/DRAGONDAY
bb95e203a9c0fb22d13679f92fb56302	0	117288	player+silence	libopenmpt	Digital Symphony	4	16664	e064ce0c	c1b50ef7	MISC/14/ARCADE
bbaa2f216c2d4fe47ca3da12eee16086	0	193870	player	libopenmpt	Digital Symphony	4	52508	d0fec8b9	acdadf84	MISC/12/MY_DAY
bbe60f49296bb0e73225e49e050344d7	0	76685	player	libopenmpt	Digital Symphony	4	30900	67a1f5a2	d04d7172	MISC/04/BOURBON_
bc0fa3124d03a6e70c9206aa814a2491	0	248789	player+silence	libopenmpt	Digital Symphony	4	158228	e0a7f541	cf4746cb	DANCE/DANCE2/DARKANGE
bc35e8931f073a81bdc71d81dfc78ab6	0	283277	player	libopenmpt	Digital Symphony	4	83316	8bda7b65	f9fbff64	MISC/03/ASSASIN
bc51a59c42ad695dfb7b19f86a103d0b	0	216827	player+silence	libopenmpt	Digital Symphony	4	21596	2d5fa69e	9819bea7	QUICK/PULSE/THREAT
bc834296fe72fbf00a85aaaa8be8b111	0	196851	player+silence	libopenmpt	Digital Symphony	4	129372	d972fcfb	c4840281	DANCE/DANCE2/DRUDGE
bc84f307ff292b15e635dda539f232ca	0	292801	player+volume	libopenmpt	Digital Symphony	4	287012	63092f99	620c48b5	MISC/06/CUTNMOVE
bcc1583e33be4fe9da08ab658b62121c	0	333652	player+silence	libopenmpt	Digital Symphony	4	138136	d96e54fb	c2e71226	MISC/05/ALLTHEWA
bcd45ea6ef7c3c6d3263244da894c1e0	0	355909	player	libopenmpt	Digital Symphony	4	176956	55bdce46	42074433	DEMO/02/SPACETEK
bcd45ea6ef7c3c6d3263244da894c1e0	0	355909	player	libopenmpt	Digital Symphony	4	176956	55bdce46	42074433	MISC/10/SPACETEK
bcd51b11cd28f581a138c574421d7a21	0	116509	player+silence	libopenmpt	Digital Symphony	4	199368	8bccf43e	ceacfe44	MISC/13/SCUPPING
bce38e2a0081723523ef728a45204d9b	0	236639	player+silence	libopenmpt	Digital Symphony	4	87996	145faa45	84036d92	SOFT/JAZZFUNK1/AXEL_FUNKY
bcf751648a881cc3f7232485a281f7e1	0	222388	player	libopenmpt	Digital Symphony	4	207772	4bea4507	4028eb77	MISC/13/PHACU2
bd0dfcffc125c291ba213536a0885258	0	53679	player	libopenmpt	Digital Symphony	4	2640	256f90a1	9fd313a0	MISC/09/JULGUBBE
bd17d37e2f25645cd3169328627c9d2c	0	184045	player	libopenmpt	Digital Symphony	4	95620	6215e213	ea40f455	MISC/05/BREEDERR
bd222ef93ae884671785b2e2fe0e737c	0	191714	player	libopenmpt	Digital Symphony	4	120984	eb9ce9d5	fe39fdec	MISC/10/JUSTINTM
bd4f3f5e90d457443bc591bc0df906c4	0	336007	player+volume	libopenmpt	Digital Symphony	4	289196	05a6999f	435374f2	DEMO/01/ETHNOMAGIC
bd4f3f5e90d457443bc591bc0df906c4	0	336007	player+volume	libopenmpt	Digital Symphony	4	289196	05a6999f	435374f2	VOYAGES/ENVIROMENT/ETHNOM
bd5ece19e53c0ef3edf610d02f815bb2	0	236444	player+silence	libopenmpt	Digital Symphony	4	118448	aedae535	c38b04fc	ROCK/SOFT/GADDA
bdb9ddcdadc36192db470ec525dc1192	0	30674	player	libopenmpt	Digital Symphony	4	22752	860c4e1e	3f537884	DEMO/04/DEMO2
bdd2731726621e833e14040921c1f7bd	0	197569	player+silence	libopenmpt	Digital Symphony	4	147828	1c6fe1f6	7f57e5cf	MISC/09/HOPEFUL
bde0acca5abcc8996c8438e62940440d	0	218331	player+silence	libopenmpt	Digital Symphony	4	93556	c547209a	41acafd7	SOFT/JAZZFUNK1/RHYTHM
bdf126d9b9c8462e36cc59ae55fbe498	0	431037	player+silence	libopenmpt	Digital Symphony	4	167604	00857910	b35060d5	MISC/08/FLORENCE
be0a6426ae7bb00964f2c55006a83463	0	166200	player+silence	libopenmpt	Digital Symphony	4	268000	42420699	1be0b9d6	DEMO/02/BOUNZIBOOM
be0cb98ecd63d1d1fef43489cddf9f7a	0	207051	player	libopenmpt	Digital Symphony	4	90216	52d4baef	089d4c0e	MISC/03/COSMICAL
be29d8731a02e4af3937042411b29913	0	253062	player	libopenmpt	Digital Symphony	4	106864	20a6933d	cb864e61	MISC/14/THEREBEL
be32fda5d29d64ddf7f6f1c7799bb02f	0	209048	player	libopenmpt	Digital Symphony	4	72948	ad30554e	2e54f483	DEMO/04/VIOLATOR
be4c53de1da75bbf401090937d3d9228	0	417233	player+silence	libopenmpt	Digital Symphony	4	114548	3c984a1e	9fd58754	MISC/04/BETWEENS
be760e908a258ad92665ffca2244f8f2	0	168653	player+silence	libopenmpt	Digital Symphony	4	103516	a4a38ccc	95c6ad7c	SOFT/JAZZFUNK1/NITZ_KEBAB
be78d697975a726bcc0c58e5a167777d	0	145702	player	libopenmpt	Digital Symphony	4	46468	4b4be214	0b7c137c	MISC/14/ALEX
be94d74a8ba8cc0be682c50a1d898e4b	0	342530	player+silence	libopenmpt	Digital Symphony	4	130248	9d57fc7e	29bf08cd	MISC/13/NOISESNE
bec70cd2bdb0fdaf84ccb752791038bb	0	138034	player	libopenmpt	Digital Symphony	4	79160	5d6fb40e	417c1157	MISC/03/ART
bed911d03cafa603607b270645e7fe0f	0	30674	player	libopenmpt	Digital Symphony	4	4460	da6c1673	5d1bcf11	QUICK/SMALL/10KBLUR
bef061d9c87d19228064a07ca3ad8649	0	15337	player	libopenmpt	Digital Symphony	4	19256	a7a12680	4b26425a	MISC/05/ACTION3
befcd52dd1bb4ac348367318c0d35a2c	0	334969	player+silence	libopenmpt	Digital Symphony	4	221264	c0b65883	fd435f97	SOFT/NEWWAVE/CB_REMIX
bf00f39e4288ea996fb09f98525d8c26	0	40899	player	libopenmpt	Digital Symphony	4	9196	58b98c04	69af1c09	MISC/14/ROCKERFO
bf1759e012d0e1491efd243ac18f8c5a	0	382490	player+silence	libopenmpt	Digital Symphony	4	114148	7e453bf1	ca654853	ROCK/SOFT/FIREONHIGH
bf2b47acd44a531b53e05f7b117ba6e2	0	224944	player	libopenmpt	Digital Symphony	4	48000	afe378da	dafd9224	DEMO/02/OPUSDEMO
bf5c685fc4a79e506b08cae7144045bd	0	257998	player	libopenmpt	Digital Symphony	4	58256	ab49a8a2	a31a92f2	SOFT/NEWWAVE/FIRSTLIGHT
bf624c4e3662d27d6a1ec1843415c1c2	0	233509	player+silence	libopenmpt	Digital Symphony	4	206768	e30b20b7	74f54781	MISC/01/CLAIRVYNCE
bf6dfb99852add3f7702c3d56e8eaf50	0	92022	player	libopenmpt	Digital Symphony	4	65408	c6b29610	e5ba9e96	SOFT/JAZZFUNK1/16BEAT
bf6f7e667346c3838a3516a66c73b545	0	145702	player	libopenmpt	Digital Symphony	4	113992	7c547dd4	0e1fb2d2	SAMPLE/EXPERIMENT/INDUSTRY
bfd3203ebd22292e66a66809315fd475	0	338129	player+silence	libopenmpt	Digital Symphony	4	97440	2dbec4f7	492c8018	SOFT/MELLOW/IVEONE_TOP
bff049dc82782fd417a48ec3ffafec2c	0	230925	player+silence	libopenmpt	Digital Symphony	4	140792	f8cde39b	cabcf0db	DANCE/ACID_TEKNO/NARCOSIS
bff35c33423b990696a9657f1bc27b08	0	225139	player	libopenmpt	Digital Symphony	4	92212	469bd439	ed6f5229	DANCE/RAVE/LSPINTEC
c00e4b39a646451076aaf9b06c24f3e4	0	82726	player+silence	libopenmpt	Digital Symphony	4	46120	6121abcd	5dacc9f3	ROCK/HEAVY/GUITARZ
c04f77b30be0e9baf31fcbef9216bcbe	0	153609	player	libopenmpt	Digital Symphony	4	206200	12ca1634	3dfaa69f	SOFT/NEWWAVE/ENDLESSLY
c0f91e65e85e68ae5bb35e7a73722ac3	0	374015	player+silence	libopenmpt	Digital Symphony	4	87608	e795150e	59098063	QUICK/POP2/ABOVE
c10bdf56a83751d6a3c599e1649faef6	0	107359	player	libopenmpt	Digital Symphony	4	25148	d2480184	2bd80f17	ROCK/HEAVY/ROCKGUITAR
c141d8970a2f4fe1cdf7cbc182d70f80	0	165872	player	libopenmpt	Digital Symphony	4	113196	fff6f456	f8685240	SOFT/JAZZFUNK1/IVORYTOWER
c16c24a03dc50bc852d226d74866c637	0	221549	player	libopenmpt	Digital Symphony	4	144852	5231dbdb	419993bc	DEMO/02/ELCTRIFCTN
c16c81a8ee2473a4986c78cc17f1c1ac	0	262109	player	libopenmpt	Digital Symphony	4	129172	eb36bcf2	067718bb	VOYAGES/SCORES/DNGEONQUES
c16c81a8ee2473a4986c78cc17f1c1ac	0	262109	player	libopenmpt	Digital Symphony	4	129172	eb36bcf2	067718bb	VOYAGES/SCORES/DUNGEON
c1b7f2f29c55f41c14b533dcdea3f38f	0	246312	player	libopenmpt	Digital Symphony	4	251780	58cd83bb	a1245e48	SAMPLE/VOCAL/STREET
c1cc378957a73906126d872d5b2c87df	0	130365	player	libopenmpt	Digital Symphony	4	230948	c15c28ee	bdd51982	SAMPLE/MIX/DESIREWHOR
c1d21075ec9d13331bc91d031523eecb	0	81798	player	libopenmpt	Digital Symphony	4	10936	c914fe21	efaca07f	MISC/08/HEADCRAS
c1fb0ce7223b293338fc7aeb5eb38dc9	0	170397	player+silence	libopenmpt	Digital Symphony	4	77664	9bef9ba5	874d94eb	QUICK/POP/MEGAEN
c22cbeafea97e5868ce062ee082c0389	0	168708	player	libopenmpt	Digital Symphony	4	29124	4c65156c	e55fc8e1	SOFT/JAZZFUNK1/VILLAGE
c23ac701fa799e9bdae26b50e1d777a4	0	255687	player+volume	libopenmpt	Digital Symphony	4	120188	bef555ff	0a37379b	QUICK/PULSE/FLY
c244aff0f7456517279f609cc3b100a8	0	175738	player	libopenmpt	Digital Symphony	4	76828	388aadc3	b9c8eac0	DANCE/DANCE1/SPACIG
c26cbb79c73181348b83d1cb2461567c	0	99052	player	libopenmpt	Digital Symphony	4	67956	aa6b125c	3dab41e1	MISC/05/BREEZE
c26cbb79c73181348b83d1cb2461567c	0	99052	player	libopenmpt	Digital Symphony	4	67956	aa6b125c	3dab41e1	QUICK/POP2/BREEZE
c2a5b2e5a02bbcd82ceb113b9bf569b1	0	289419	player+silence	libopenmpt	Digital Symphony	4	258952	aa2e7eda	ccf6caa3	SAMPLE/MIX/TJREFUSES
c2d2469d56967f58027eb94be10f95c8	0	392997	player+silence	libopenmpt	Digital Symphony	4	120324	77b3fc4b	9729722d	MISC/10/KILLING
c2f6f70a59253ccf81fc0cbae8ce809e	0	161039	player	libopenmpt	Digital Symphony	4	37996	770e6f61	ade5a961	MISC/11/FREEFA
c30a4d13126a069451de446196c02e1b	0	84354	player	libopenmpt	Digital Symphony	4	3476	903e27ef	748da54f	QUICK/SMALL/XMASDITTY
c31fc62d09a614c3d87c0fcb7a0508a8	0	122697	player	libopenmpt	Digital Symphony	4	45840	d3a89f86	0fe5df6d	MISC/01/INCOGNITO
c327d74f15da7d166b34ac2f8130fc11	0	161039	player	libopenmpt	Digital Symphony	4	79704	742b4a60	9130270d	SOFT/JAZZFUNK1/PUSHPULL
c3311df8f4a56ebfffbda9fbc4a26261	0	180211	player	libopenmpt	Digital Symphony	4	21836	9de4aab8	1429bd37	QUICK/BEAT/CASTLE
c377a15176fe92fac330a7ecb2a5d427	0	161039	player	libopenmpt	Digital Symphony	4	68032	6b642b56	dc5f5e36	ROCK/SOFT/METALSYNTH
c3a9357af0b9d82960b5f1572584f3cd	0	28777	player	libopenmpt	Digital Symphony	4	12332	5adbff16	d96fa2f4	QUICK/BEAT_MAX/BEAT3
c3bc21b31c378b5604b6d9981dcf005e	0	241366	player+silence	libopenmpt	Digital Symphony	4	56804	ed51c3fa	11dba7d4	MISC/04/CHICAGO_
c3dd6d730a311c54ee8e5abc98b143fd	0	107359	player	libopenmpt	Digital Symphony	4	97388	3861380d	1a70a0e1	DANCE/DANCE2/JOJO
c3dd6d730a311c54ee8e5abc98b143fd	0	107359	player	libopenmpt	Digital Symphony	4	97388	3861380d	1a70a0e1	MISC/09/JOJO
c3ed03120518e259e0e81c1960b33e69	0	82003	player	libopenmpt	Digital Symphony	4	91376	10c63037	d07529f6	DANCE/ACID_TEKNO/UPSTREAM
c4034852cb8ca89883b2d0cf0de0bcf1	0	61348	player	libopenmpt	Digital Symphony	4	14464	5a985357	dbe3a1c6	FUN/FAMILIAR/BACHMIX
c4087c1a60aaccbbc728f6bd223f8798	0	163116	player	libopenmpt	Digital Symphony	4	211112	1f8f3754	4ed6ce51	MISC/06/DEATH
c4154743e91d2230631c9b8b3e595af6	0	46011	player	libopenmpt	Digital Symphony	4	10908	331df440	b4816769	SOFT/KEYBOARD/KNIGHT
c4207ab663cde7b24e01c589177867d2	0	276068	player	libopenmpt	Digital Symphony	4	73324	f9156228	6afdbf8a	DEMO/05/LASER_2
c44479884682c130087fa6ef1648ffd4	0	230152	player	libopenmpt	Digital Symphony	4	192296	ca40d18d	3adbe857	SOFT/STRING/COLIBRI
c44e95925247b2225c3f9dfe53cf6208	0	158503	player	libopenmpt	Digital Symphony	4	61608	43386a84	e8788063	MISC/08/HEARTOF
c4549a1732d8f1b4fceb8faaf594fe42	0	141210	player+silence	libopenmpt	Digital Symphony	4	69908	57dc0b4e	636a7745	SOFT/MELLOW/DOS_3
c48a1504c3f7fc3c09964d522023f709	0	228739	player	libopenmpt	Digital Symphony	4	79728	b5bed161	77e60020	SOFT/PAINO/CALGARY
c490c3caa6c7e6094090756a33aee494	0	138605	player	libopenmpt	Digital Symphony	4	196432	6c177a49	bc306431	SAMPLE/EXPERIMENT/SP_PT315
c4919a220db85e4a9ce16ab88bd45bed	0	53679	player	libopenmpt	Digital Symphony	4	17216	7b55f3dc	1a6d5123	MISC/03/QUIETLIFE
c4a898d8fde1ea7ceaa2f3d9824a1dcf	0	241559	player	libopenmpt	Digital Symphony	4	72340	c72eec1e	020a76af	QUICK/POP2/1980S
c4fc20e41ce484c74bb85d8c125b435e	0	189651	player+silence	libopenmpt	Digital Symphony	4	90896	45312838	01277a1f	MISC/09/INYOURFA
c4fc5089e954761592609abaa332990f	0	122697	player	libopenmpt	Digital Symphony	4	30072	b82ae4ac	4874a788	ROCK/CYBER/CROSSOVR
c516db2e10007da5e64c86ac8a4c3595	0	47928	player	libopenmpt	Digital Symphony	4	2252	fc4b31d3	e6f54c4c	FUN/JOLLY/BUBBLETUNE
c51ad9167f98cada871e7e2c37b60bfb	0	47928	player	libopenmpt	Digital Symphony	4	35596	e1a54e0f	970103b5	MISC/09/INTRO_TU
c5237374ce5c370ee8ad8208233245e5	0	231660	player+silence	libopenmpt	Digital Symphony	4	119224	f72abfe8	5db1387e	FUN/TVFILM/FLETCH
c53b259486180186bce1e9f74b27b8a0	0	38342	player	libopenmpt	Digital Symphony	4	11732	4768546c	45984fb4	DEMO/03/BLIZZARD
c553005ac892f0b05257c7253a553363	0	273651	player+silence	libopenmpt	Digital Symphony	4	188520	45f6dfb9	01a885b5	FUN/FAMILIAR/DAS_BOOT3
c56536e2b543d8f017840f6315c051fb	0	253062	player	libopenmpt	Digital Symphony	4	123988	f9603195	316b3d32	QUICK/POP2/GROVYTHNG
c56536e2b543d8f017840f6315c051fb	1	15337	player
c580aea0193d409506a32afa76fd7642	0	76685	player	libopenmpt	Digital Symphony	4	9696	310154a7	58f84e8d	QUICK/SMALL/HOCKYLIR
c587a6d10e74c1b349d40470d8ad2e45	0	695381	player+silence	libopenmpt	Digital Symphony	4	104992	289db194	9e8aca0f	MISC/05/ACITYAT
c5880778d725d68fae86859de089c1f9	0	152332	player+silence	libopenmpt	Digital Symphony	4	19964	a367d930	2b7a09c4	DEMO/05/OBLIVION
c590126bfe1fb8a6f8674c3b3754e610	0	352754	player	libopenmpt	Digital Symphony	4	43352	df739f8e	de74d016	FUN/FAMILIAR/POPCORNPRO
c5c5ded1853aa3f57b344a225615cf7f	0	175055	player	libopenmpt	Digital Symphony	4	160272	8f8b4863	c58fe688	DANCE/RAVE/SPEEDHC
c5dc8f40a2f9172a5e81779626dfa867	0	199442	player	libopenmpt	Digital Symphony	4	161536	dac0f8fc	a68b6d2b	SAMPLE/MIX/REVOL_ION
c5debebface8208b6cc94d524dd7de10	0	74768	player	libopenmpt	Digital Symphony	4	35344	7013ae2a	90b12fc9	MISC/14/TRABALAS
c5e044b8f185ad1bcafb021bedfd53b8	0	152093	player	libopenmpt	Digital Symphony	4	64848	9af12fc3	27c4783a	MISC/06/DEEPNMND
c5e044b8f185ad1bcafb021bedfd53b8	0	152093	player	libopenmpt	Digital Symphony	4	64848	9af12fc3	27c4783a	QUICK/BEAT/DEEPINMIND
c5e7dad9bc9ce6971fcc8eb3cfe7d4f0	0	115028	player	libopenmpt	Digital Symphony	4	45808	72decfe4	5328d06b	MISC/02/BUBBLEGHOS
c5efb905a95a1ee1acedfcb0d6c54b97	0	530089	player	libopenmpt	Digital Symphony	4	69548	1d487c25	6123ded6	SOFT/MELLOW/GRENFIELDS
c60b9592f45718fe257e33f55d0aff6c	0	181615	player+silence	libopenmpt	Digital Symphony	4	58604	40c25c13	e3f8f76f	MISC/02/SAHARA
c6207bc6c650a89568a33d337c3d7125	0	138034	player	libopenmpt	Digital Symphony	4	88116	a37fd705	7425a306	QUICK/BEAT/DARKDANCE
c642fc358e79b1999867583603bcb586	0	53679	player	libopenmpt	Digital Symphony	4	13704	21d2c01e	c3dd5797	DEMO/02/DOUBT_91
c6473be460857bb56d743385fde13662	0	254979	player	libopenmpt	Digital Symphony	4	48044	3afae8dd	a44fcf1e	MISC/11/STOR
c6537eccdca8228daf926ead18d17047	0	272341	player+silence	libopenmpt	Digital Symphony	4	132100	f5725b06	2a9c6ef5	FUN/JOLLY/JOLLYTUNE
c69088b3238d9ddf58e857ab65708284	0	130365	player	libopenmpt	Digital Symphony	4	6704	52d1ec00	d1503598	MISC/07/DIGITAL8
c69e7786ea3a0d910db228557001c6fd	0	212263	player	libopenmpt	Digital Symphony	4	203192	f4b078f4	d068456f	MISC/07/ELIMINA2
c6aaa15a60000bdbff83fad6dca8392b	0	191714	player	libopenmpt	Digital Symphony	4	102484	ee04e235	82da94d6	QUICK/POP/ROM
c6aaa15a60000bdbff83fad6dca8392b	1	7668	player
c6cc3a44a1f078f8ffc0ad1cf9426a04	0	188838	player	libopenmpt	Digital Symphony	4	155376	f2962a9a	9df871b0	DANCE/RAVE_PLUS/TIMEWILL
c6cd70b96ed4905bc7b117402cbfde70	0	122697	player	libopenmpt	Digital Symphony	4	90156	11d45757	edfbbb20	ROCK/SOFT/M1_SONG
c6e0e355b0bdebe0ff2b25c1c59549e6	0	61348	player	libopenmpt	Digital Symphony	4	15704	91001bf8	c99d9d7f	FUN/JOLLY/BOURDON
c7047f21bfa1ed8b26e079a5f477e781	0	212123	player	libopenmpt	Digital Symphony	4	95708	0c875223	eecb3e86	MISC/10/LEARNING
c74b4f38ccfcf0b6c689326a47d5f619	0	220471	player	libopenmpt	Digital Symphony	4	75116	a7ac3bb7	d7b87f45	DANCE/ACID_TEKNO/COMTORS
c7682afc5e4b4f58ab7c9a75d3cf6bf6	0	295559	player	libopenmpt	Digital Symphony	4	50328	6cd29bae	31a82e5b	QUICK/BEAT/SLAPPY
c7bde4d002deb7fe55dd70eb4a1f9b40	0	151454	player	libopenmpt	Digital Symphony	4	118556	e4de171d	74336b58	MISC/15/210DEGRE
c7bde4d002deb7fe55dd70eb4a1f9b40	0	151454	player	libopenmpt	Digital Symphony	4	118556	e4de171d	74336b58	QUICK/BEAT_MAX/210DEGRE
c7c3ef1b28020ab1290ff9e72667599d	0	212667	player+volume	libopenmpt	Digital Symphony	4	165056	efd2e701	173e9d3b	DANCE/RAVE/MOONROCK
c7d71c0cc228532c75a4fa06e2b5c06c	0	238823	player	libopenmpt	Digital Symphony	4	41688	5a0deee6	0fcee8f9	VOYAGES/SCORES/BLOOD
c7e28a73ba22dd31a68973be841fb4a2	0	487380	player+silence	libopenmpt	Digital Symphony	4	132576	132029b1	2fb3fae0	DANCE/HARDCORE/C_OF_W
c802aa3a02c489c5fef55936845478cf	0	149645	player+silence	libopenmpt	Digital Symphony	4	75980	bd8069cc	daa68752	MISC/09/JADE_SON
c80bbbf6217b9d3fe56583a0509c2563	0	191714	player	libopenmpt	Digital Symphony	4	73688	7625cf8a	6716d2e5	MISC/11/RAININ
c83410751e4b0b0c8b3ec9b7462749e6	0	248361	player+silence	libopenmpt	Digital Symphony	4	191104	9a716052	4907e3bf	SOFT/JAZZFUNK1/MARDI_GRAS
c844cdd4da4308bc4698f2d654ea7f81	0	155152	player+silence	libopenmpt	Digital Symphony	4	90520	1266dc3d	ca30702e	SOFT/JAZZFUNK1/MOBYLE
c84b9cc29c4234e38984382be73fad41	0	270916	player	libopenmpt	Digital Symphony	4	109164	7e941503	2aedf33c	MISC/02/RATTLE_BOX
c851613136272d0589f4e982624c5339	0	112472	player	libopenmpt	Digital Symphony	4	39480	93faf5f5	c6b4ce0a	SOFT/KEYBOARD/VECTORSPRO
c8591bebf7db9cac49d284798e037f9e	0	279736	player+silence	libopenmpt	Digital Symphony	4	83736	5b057ab1	275bb3e5	DANCE/DANCE1/REACTIVATE
c8645f762a753497be9e96dcef3cdfbd	0	214719	player	libopenmpt	Digital Symphony	4	69676	cc1bd834	7a082151	MISC/11/1500PM
c87c78e55fa6d76d3c2cd2521f5cf95d	0	180059	player+silence	libopenmpt	Digital Symphony	4	121028	3a98f1df	468a4119	DANCE/ACID_TEKNO/WHOISELVS2
c88267919c1465fb50490e24d56a34b4	0	146421	player	libopenmpt	Digital Symphony	4	47092	b8fa3261	2c301312	QUICK/BEAT/SPANISH_FL
c88a2b25a91840beaa0ae4abf1eace12	0	7668	player	libopenmpt	Digital Symphony	4	20404	e5d808bf	1dfa6fa1	QUICK/SMALL/STRINGS
c89cb171012adc96aa2f8dab71910a53	0	249228	player	libopenmpt	Digital Symphony	4	180748	c9ed2e21	2d82835a	DANCE/DANCE2/THE_DECK
c8d1983eb3c20a507de6e49c8213fb2e	0	69017	player	libopenmpt	Digital Symphony	4	13320	0320c4dd	1ae918c2	MISC/07/FALCON
c912a5a663e4b3945e2c76d28020ce79	0	452445	player	libopenmpt	Digital Symphony	4	144008	b0301b21	ef91facc	DEMO/01/INTRICACY
c9151f6de1bd8086b85c603f57cc45d5	0	135158	player	libopenmpt	Digital Symphony	4	117860	9915580d	4ae109aa	MISC/05/ALWAYS2
c9151f6de1bd8086b85c603f57cc45d5	0	135158	player	libopenmpt	Digital Symphony	4	117860	9915580d	4ae109aa	MISC/05/ALWAYSSO
c91dd277611f08673c73597fbdcb1e2e	0	211005	player	libopenmpt	Digital Symphony	4	99020	984f72af	91499792	SOFT/PAINO/RAGTIME
c921d8853c75497eb7cd90208f91b5eb	0	284276	player	libopenmpt	Digital Symphony	4	106192	9bda071a	5fa5897b	DEMO/02/OZ
c9287a02ef1b371708033b9ee9066527	0	69017	player	libopenmpt	Digital Symphony	4	47772	b04e7c67	bfd5585a	MISC/07/EINSTEIN
c949751e2478b5995cc1a2ccf00e6805	0	107359	player	libopenmpt	Digital Symphony	4	39204	1f8f4643	44763d3d	MISC/08/HEVYCOOL
c9c48db4b1d4bbd180edfdaa68b532ea	0	172687	player+silence	libopenmpt	Digital Symphony	4	154300	1bdf3279	09ec02e9	SOFT/BLUES/SCHWING
c9c63c536bf124cf1f1cfce3a197aa57	0	99691	player	libopenmpt	Digital Symphony	4	45080	ef2dd06b	dfc5d9c6	MISC/12/MINT
ca10864463869f58439394ece4fb0344	0	339334	player	libopenmpt	Digital Symphony	4	54368	1a247d0a	bc8ea500	QUICK/BEAT/MAMBATANGO
ca15e936f81f0b05619dfa223af3130d	0	197805	player	libopenmpt	Digital Symphony	4	219172	e3ae93f9	ce027b1a	DANCE/RAVE/XMASRAVE
ca17b74a4ddac8cac0b9c2d813bad8b6	0	69017	player	libopenmpt	Digital Symphony	4	31740	bd11a74f	4bb5449a	FUN/FAMILIAR/JINBELS
ca1e406a62620da67e4f9cc6303dc40e	0	219970	player+silence	libopenmpt	Digital Symphony	4	182500	bbed8feb	cfbc8594	SOFT/MELLOW/VOICES
ca36cfb6b74cfb5acd8cfbd219b33a15	0	230057	player	libopenmpt	Digital Symphony	4	107344	f7db2616	daefcad7	DANCE/DANCE2/BOUNCEBACK
ca379bff5f0b26d55eb3360009180ee0	0	191306	player+silence	libopenmpt	Digital Symphony	4	151356	c68f6866	d8660cdc	MISC/05/BREATHOF
ca3b7fb71fb167d2b1f095f9471ac5ac	0	160941	player+silence	libopenmpt	Digital Symphony	4	41544	da6869b8	a7f5cefd	MISC/14/STRCHLTN
ca3b7fb71fb167d2b1f095f9471ac5ac	0	160941	player+silence	libopenmpt	Digital Symphony	4	41544	da6869b8	a7f5cefd	SOFT/JAZZFUNK1/OCHLITEN
ca5624154fb15d2a5d41213c9a6d54a3	0	130810	player+silence	libopenmpt	Digital Symphony	4	111108	d3054e8e	41e4f874	SOFT/JAZZFUNK2/INTERCEPTI
ca580d3ecefbe7f320a0cbe15bac2a1f	0	30674	player	libopenmpt	Digital Symphony	4	18080	4d168d90	a91943fc	MISC/03/ARKANOID
ca6b66722c1aa43fc17584a6fff0894b	0	266486	player+silence	libopenmpt	Digital Symphony	4	233360	d149e5e5	f6b6e696	DEMO/05/LASTEXEC
ca7ce856808ba6659f47bf6ab1a7fb02	0	66460	player	libopenmpt	Digital Symphony	4	3416	490d68fd	04d0c981	ROCK/CYBER/LAMERPRO
caac756ddf2e773fa67cfa28634e8938	0	265204	player	libopenmpt	Digital Symphony	4	53160	a6fe1d83	dc27d02a	VOYAGES/SCORES/NEWSPAPER
cad7b25460f10cd5eb4e23cfb2af249b	0	218873	player	libopenmpt	Digital Symphony	4	45992	27f797f5	6a87b668	MISC/14/TWLGHTDR
cad7b25460f10cd5eb4e23cfb2af249b	0	218873	player	libopenmpt	Digital Symphony	4	45992	27f797f5	6a87b668	VOYAGES/EPICSCORES/TWILIGHT
cae84b0f0ca67640a053a38737abec13	0	161039	player	libopenmpt	Digital Symphony	4	45112	b367843a	402b06e1	MISC/03/CAREEGO
caf9e623b1fcd382447ccf4f21fb9772	0	122697	player	libopenmpt	Digital Symphony	4	65408	f4fd28a7	ec7cf529	SOFT/MELLOW/FORMATION
cb39d810f2a84b5a42aa8fbc169537f1	0	285241	player+silence	libopenmpt	Digital Symphony	4	194692	b2e1a032	8ea5bd2d	DEMO/04/DISCO4
cb39d810f2a84b5a42aa8fbc169537f1	1	0	nosound
cb39d810f2a84b5a42aa8fbc169537f1	2	23005	player
cb798bb54ae6af30301ea400e7a04fa4	0	272245	player+silence	libopenmpt	Digital Symphony	4	327868	c1bafbad	cb829d56	DANCE/DANCE1/STONED
cb8de615192dc8ba5a94789aa1ec7a51	0	251496	player	libopenmpt	Digital Symphony	4	287860	5f7ed12e	d5fc1e45	DANCE/DANCE2/MRVAIN
cbb5f6c6a0ed983ad3b1c1eb2e308ce1	0	246643	player+silence	libopenmpt	Digital Symphony	4	148952	a94ae0e5	7e6c23b5	SAMPLE/MIX/DOITNOW
cbe8f39c299b83e1d70ddc34ee12b107	0	195548	player	libopenmpt	Digital Symphony	4	49196	483fdd6d	0f94fa42	DEMO/04/FUNKNJAM
cbf5c566d89b8bac07901cd0e6dd2612	0	359508	player+silence	libopenmpt	Digital Symphony	4	75176	aa47515c	fa0a2da4	SOFT/PAINO/BACKFROMB
cbf90c6ce3bb2a049ec090c34cb81355	0	115028	player	libopenmpt	Digital Symphony	4	138368	a48923a1	8a7f29f0	SAMPLE/MIX/WEAPON
cc1021a06998ede3cd284084ae59ea3a	0	127170	player	libopenmpt	Digital Symphony	4	113888	ea57c3cc	cd6eda51	FUN/FAMILIAR/ICEBABY
cc1cf189d5b580e52ee6b63ae98cc06f	0	131769	player+silence	libopenmpt	Digital Symphony	4	30116	33887e43	2982818a	MISC/10/LEAVING
cc1e1f97edc27203284ee0d0ccf5527f	0	153371	player	libopenmpt	Digital Symphony	4	31464	e5e8b6b0	7226aba4	MISC/01/LIFELINE
cc1feb4088a8470ed82aaa35e215fc0c	0	378358	player	libopenmpt	Digital Symphony	4	50680	53937241	003b9480	MISC/11/BLACKENEDM
cc61b020ed771f608e4e9f2f6798dbb7	0	152013	player	libopenmpt	Digital Symphony	4	59632	bc372fdc	e33c13be	SOFT/MELLOW/PLANARVELO
cc69c580b9ad2f8c33eda7a5f89fe3d6	0	169507	player	libopenmpt	Digital Symphony	4	153552	9eb9dbe0	46dcfc35	MISC/02/FANTTICY
cc7ae4cf92ad639d1545a67f66baefd3	0	125503	player+silence	libopenmpt	Digital Symphony	4	206672	bbd61e1f	89e6dc2c	VOYAGES/EPICSCORES/ANETTE
cc9ffc1c4e4c9eaf2849658a2cf84878	0	298216	player+silence	libopenmpt	Digital Symphony	4	68700	f13bde7b	e657ae05	FUN/TVFILM/DRAGNET
ccc10e1ba52e6e9617058851ddd8d903	0	199822	player	libopenmpt	Digital Symphony	4	79112	b338b790	ce019f7f	DEMO/01/REDOUBT
ccc748768f7c4c2b3b8198224f5a5c1a	0	102168	player	libopenmpt	Digital Symphony	4	130688	30f52733	7ca9b26f	DANCE/ACID_TEKNO/JOES02
cccb0c6768f167c80958cbcbaaa7f131	0	76685	player	libopenmpt	Digital Symphony	4	116928	91f2ee35	5655b9d8	QUICK/PULSE/YEO
cce2cd38bdde0eaa0b413d4585734104	0	245394	player	libopenmpt	Digital Symphony	4	35992	053d50ab	5f413e9e	MISC/02/I
ccf3aa7e04ccb4bb459ff2c8329b9705	0	151893	player	libopenmpt	Digital Symphony	4	67436	d914626c	0cbaac4b	SOFT/JAZZFUNK1/DENIAL
cd34f2ebf051e6620d82c7d12b01d855	0	188650	player+silence	libopenmpt	Digital Symphony	4	43404	e032bafd	0d559a5f	DEMO/01/SLL2
cd4882889f8b5eb4f0f595998025f479	0	260731	player	libopenmpt	Digital Symphony	4	105112	160e7209	ff081c24	SAMPLE/VOCAL/AMBIENCE
cd4d6718daf14a18c82031ba4d76652f	0	158483	player	libopenmpt	Digital Symphony	4	34732	3686671a	7fa6e766	MISC/11/MARILY
cd4d69b6e76702eb58931aa38fc5718e	0	440290	player+silence	libopenmpt	Digital Symphony	4	246676	2608a056	325a22c8	SAMPLE/VOCAL/IS_DANCER
cdc56e18136d2becf653de5cb903a1df	0	152856	player+silence	libopenmpt	Digital Symphony	4	101628	f756c1d8	af576f1c	SAMPLE/MIX2/TIEDUP
cdc5bd818b9cc3ba45b8cf8bf0dd1772	0	276068	player	libopenmpt	Digital Symphony	4	50072	24695e16	a4d68593	MISC/05/AGROMETR
cdc5bd818b9cc3ba45b8cf8bf0dd1772	1	19171	player
cdf1aada1a36c5fcd460f8cf2835757d	0	76685	player	libopenmpt	Digital Symphony	4	23080	672b7215	ccd7cdd5	DEMO/03/TBR
cdfc47e0e7cd5e2aad0e12dde35d18e1	0	61348	player	libopenmpt	Digital Symphony	4	5168	8c50d0b7	351ba7dc	DEMO/04/VIRGILL2
cdfd3f66b960f2a7ee29b3c1b56bd9f5	0	145702	player	libopenmpt	Digital Symphony	4	75132	559bc8e4	0faee7d2	SOFT/JAZZFUNK1/RANDWAVE
ce005b0a9bbd86f5bfd3fb4ff7059381	0	309521	player+silence	libopenmpt	Digital Symphony	4	184840	346cc0df	834af504	MISC/08/FLIPHOUS
ce0700efaa2ab94b860875d177763651	0	339522	player+silence	libopenmpt	Digital Symphony	4	124316	df734c95	0456ebf0	SOFT/NEWWAVE/ETERNIA
ce09311195d423cd4e3c69e919e44248	0	121578	player	libopenmpt	Digital Symphony	4	98360	a525d97f	978fb519	DANCE/RAVE/NRTHRNLITE
ce31edb255872cf1798123d87e4b7e95	0	168708	player	libopenmpt	Digital Symphony	4	74368	56c72477	5175c143	MISC/13/WAIT4U
ce38c1fc1fda1f37a49b73b06191e0be	0	275525	player+silence	libopenmpt	Digital Symphony	4	73248	eb4d2100	45415698	SOFT/MELLOW/BLACKWHITE
ce6bc3bdd3c1d1473091c1080fda6423	0	99691	player	libopenmpt	Digital Symphony	4	30960	b6b1860f	49251928	DEMO/04/YUMMBALL
ce7da1dcfa7aa7af3c0c2bdf827679fc	0	451765	player+volume	libopenmpt	Digital Symphony	4	71860	ebbfabcb	2a206768	SOFT/MELLOW/GREGORIAN
cec5e5afa60848d2dfe20ea0421ce931	0	166152	player	libopenmpt	Digital Symphony	4	131136	55568299	3f7a3c0a	MISC/09/ITSJUST
cecb5ff25523f270f1ca128e2aa7f531	0	238564	player	libopenmpt	Digital Symphony	4	118724	7fd3b7e6	0196858e	SOFT/JAZZFUNK2/GROOVE
ced6df545fae7406b4b5f9f61f1f0249	0	142892	player	libopenmpt	Digital Symphony	4	78664	59a223d0	e31e2441	MISC/06/DREAMSCP
cefe8fac73009a02f3995e8b084e077c	0	177335	player	libopenmpt	Digital Symphony	4	31564	aaba0be5	8dca8778	MISC/14/FRACTALS
cf1dd4eb0896f2a91d928ba215f30e91	0	307691	player+silence	libopenmpt	Digital Symphony	4	109984	1c225a76	4e915aac	SOFT/MELLOW/BREATHING
cf23af9e3d2510d7beb9a01179f123dc	0	81798	player	libopenmpt	Digital Symphony	4	25380	068ba90b	b3092ff7	SOFT/MELLOW/LIGHTINTRO
cf2966a8aeff9d78db95299c1cf581c4	0	201299	player	libopenmpt	Digital Symphony	4	62448	c384e144	b7c534e8	QUICK/BEAT_MAX/FUNKFEELNG
cf39394ecb4239e58c1c7c00d46ab4a6	0	168613	player	libopenmpt	Digital Symphony	4	168392	e73ffc83	998831e3	DANCE/HARDCORE/HC_RUSH
cf3998b29e71d7316cf693c292f44882	0	32113	player+silence	libopenmpt	Digital Symphony	4	62384	072531e1	f854f15d	DEMO/05/PARACRSH
cf5325659c6a134386774150ab3f5ce5	0	184045	player	libopenmpt	Digital Symphony	4	10784	f7e3c939	da7a2141	MISC/03/SEEKER
cf5325659c6a134386774150ab3f5ce5	0	184045	player	libopenmpt	Digital Symphony	4	10784	f7e3c939	da7a2141	QUICK/SMALL/SEEKER
cf6b9d90edc7405a66ccd9161d1780a8	0	306742	player	libopenmpt	Digital Symphony	4	61400	c3229b5e	6f400b28	VOYAGES/ENVIROMENT/ANOTHERF
cf7884ef6df137ab4d6d2a071df59371	0	71573	player	libopenmpt	Digital Symphony	4	16820	377a081c	bd5877f2	MISC/08/GYROSCOP
cf89724bce2a6610820a0169d55b2de6	0	39335	player+volume	libopenmpt	Digital Symphony	4	66224	5a3f4d34	31e1c25a	MISC/10/JUNGLE
cfa9d08df36fd0cc3859ee29b3134654	0	178933	player	libopenmpt	Digital Symphony	4	45636	92b60a97	9494b40b	MISC/09/INCONTS1
cfade6f4393d44fde4aa46f7be2fef2a	0	27697	player	libopenmpt	Digital Symphony	4	82792	ef04f44a	bb57fa60	QUICK/POP2/EUPHORIA
cfcb8cc3314cb58f55da3913425a9d2b	0	16295	player	libopenmpt	Digital Symphony	4	47728	38e27a4f	34220022	FUN/JOLLY/TEASPOON
cfcb8cc3314cb58f55da3913425a9d2b	1	479	player
cfd3bbc6b4a6de8070d4f13d4b14a265	0	206951	player+silence	libopenmpt	Digital Symphony	4	35304	14cbf6aa	0c98a9e5	MISC/04/CMPOSURE
cfd5ea7fb9cf54e69f493322f4470574	0	233533	player+silence	libopenmpt	Digital Symphony	4	138620	9b3feea2	d64be732	QUICK/POP/MYGLAMOU
cfe463161d0140b21a9af2414b6beb1a	0	268819	player	libopenmpt	Digital Symphony	4	117256	c1555042	bb7dff40	DANCE/DANCE1/NAGUALDNCE
d035559ee8e1299485f4b54b01f485d1	0	30674	player	libopenmpt	Digital Symphony	4	2604	bd94ca1a	67b18035	QUICK/SMALL/CHIPTUNE2
d06621d5ee815e5a9c956a6b82d68dd8	0	252723	player	libopenmpt	Digital Symphony	4	103272	a4fb542c	366a4501	DANCE/HARDCORE/HYPNO
d072b3da98ec5471e6649a16649c7af8	0	316839	player+silence	libopenmpt	Digital Symphony	4	50868	7597f41e	9a0495a6	ROCK/SOFT/SANDMAN
d07642787c6ee796ebcc315b95b87ce7	0	141868	player	libopenmpt	Digital Symphony	4	91552	d42367ef	135cf3eb	ROCK/HEAVY/CRAPZW
d0768f99cafb8072bfe394e4df17c561	0	130365	player	libopenmpt	Digital Symphony	4	98784	28178bba	c2d8de93	FUN/JOLLY/URALVOLGA
d0a3409420b6a5012bdfe69bc4656cd2	0	172542	player	libopenmpt	Digital Symphony	4	81848	f015589e	1fb6cf9c	MISC/07/FIELDGOL
d0b401595e9808bce0c8ddbe6bb8cd78	0	188209	player+silence	libopenmpt	Digital Symphony	4	44728	6c4e4116	d4d0b08a	MISC/12/MODELDIS
d0e017bdbce3ba6a79dcbe7550698c55	0	240782	player+silence	libopenmpt	Digital Symphony	4	62812	128229e6	e434cea2	MISC/13/SECURE3
d0e0f49c98842af172a184b653a6b30d	0	147334	player+silence	libopenmpt	Digital Symphony	4	44712	829fa054	e7baad78	SOFT/PAINO/DIMPLESRAG
d0e59b4c4a7df323132945b021c732a8	0	122697	player	libopenmpt	Digital Symphony	4	70544	b3334678	188d55f8	QUICK/BEAT_MAX/WET
d0ef2373ab403f64edb8fff5696c30df	0	51123	player	libopenmpt	Digital Symphony	4	3900	77f26985	7284a835	QUICK/SMALL/PSYCHO2
d1028d84805c6f7a3a4ad574d5c2deea	0	108979	player	libopenmpt	Digital Symphony	4	135696	b4d6948a	37c3657c	DANCE/DANCE1/JOES12
d12bdc54ff951bb0667ed58dff5302aa	0	153371	player	libopenmpt	Digital Symphony	4	69352	78024666	5e74c452	ROCK/SOFT/CENTURION
d15dedd770a661ffa25d708f77124eeb	0	30674	player	libopenmpt	Digital Symphony	4	16136	7e456816	dd68dbf0	QUICK/SMALL/PRETTYFLWR
d1820fd1ea310fe354ffd94ce882d676	0	107359	player	libopenmpt	Digital Symphony	4	4572	aff382c0	73dc072e	MISC/01/SUNKILLS
d18efbe16fff2ca823586558f8b9bbbb	0	208968	player	libopenmpt	Digital Symphony	4	60848	45c46241	81b21e16	DANCE/ACID_TEKNO/BYF2
d1ad3a39d380f0b6f57e47daea03454d	0	168708	player	libopenmpt	Digital Symphony	4	57308	2e171f11	939ca8a6	MISC/02/TSF_SOUND
d20c2f2a4c3d99e2fa17394f7cc526fe	0	30674	player	libopenmpt	Digital Symphony	4	25540	dbb9cd15	fdc72e83	DEMO/01/SLL4
d21d97de9b3ea2564fa7b971783fd406	0	145346	player+silence	libopenmpt	Digital Symphony	4	119280	43a84597	e94f68ff	QUICK/POP/OUTZIDE
d22c46435677f9e478e262d7f6702587	0	106720	player	libopenmpt	Digital Symphony	4	19320	ac4a0726	b1801388	SOFT/MELLOW/HI_MANIACS
d2343463cab9d5c4fe51001ed8998b83	0	72775	player+silence	libopenmpt	Digital Symphony	4	41692	1501ec1b	b3238967	SOFT/MELLOW/PSEUDO
d2446b4e08316a77d4c1d9ebb6366600	0	237725	player	libopenmpt	Digital Symphony	4	83788	3ab55f61	ca02ccf2	MISC/09/JM
d2662d5264adcbd5e6175b1d0ba094d0	0	277878	player	libopenmpt	Digital Symphony	4	152172	e0c822f6	20eaf632	DANCE/ACID_TEKNO/TANCE
d299d29a54939cb20a4d2f013ae9e27a	0	101215	player	libopenmpt	Digital Symphony	4	52340	3cb483d2	7196313c	DANCE/DANCE1/BEYOND
d2bad45960369c04c1654cc8ec337d84	0	316308	player+silence	libopenmpt	Digital Symphony	4	83668	daf5adf4	247eb71b	DEMO/04/GRAVEYD
d2c709c7f0036744c849912d38b1bff5	0	173900	player	libopenmpt	Digital Symphony	4	83556	a7ad6e97	a02e011e	SOFT/KEYBOARD/TRUTHS
d2c709c7f0036744c849912d38b1bff5	1	53679	player
d2f0c01a1eeb58082051c01f5a5148ab	0	161039	player	libopenmpt	Digital Symphony	4	27532	9a76ad55	c848ad99	DEMO/02/ECHOING
d3077381184282a36cc6c5ba51a94322	0	76685	player	libopenmpt	Digital Symphony	4	9664	68f2be17	930eac2c	QUICK/SMALL/MENU3NUKE
d309363ae1b46b056ad00c5268933a47	0	242415	player+silence	libopenmpt	Digital Symphony	4	120928	d04d5e00	6a577f61	DEMO/05/SUFFOC2
d325c3de76b64f9a56a6181ff8a02c2b	0	201259	player	libopenmpt	Digital Symphony	4	97588	a6f7558b	7a763002	MISC/07/EVOLUTI3
d34288bc1710c5e7304d6949ea9ad1cc	0	322439	player	libopenmpt	Digital Symphony	4	88000	65ef2d72	11465807	SOFT/MELLOW/HELMTSHAKE
d34b75b0355bc5b486f7de6bfaf7ba2c	0	214719	player	libopenmpt	Digital Symphony	4	55828	4fc79945	386ff3db	MISC/13/SEEKERZ
d363da01d1b10e471c3f1f9669ee763f	0	213881	player	libopenmpt	Digital Symphony	4	60600	655fb259	ac381140	MISC/08/FREAKOUT
d38b5399e816dba5c86983609e41a142	0	262528	player	libopenmpt	Digital Symphony	4	568812	af692ff7	3eb7b8e1	SAMPLE/VOCAL/WHATISLOVE
d3a61f0d27cb55960c3fc07ca7f20eac	0	153371	player	libopenmpt	Digital Symphony	4	74844	c436860f	2587ea02	DEMO/04/HELMUT
d3c0bd7515ff406ac01fddcec13ccd84	0	15816	player	libopenmpt	Digital Symphony	4	21384	73ea03ea	f9f8d1ad	MISC/05/ACTION2
d3e3236ed5f3b52156b669c0e0e49707	0	224665	player	libopenmpt	Digital Symphony	4	456068	ce16251d	5cd97d24	DANCE/HARDCORE/AHAH
d3e8a45bb435b339743014de01a06c9c	0	145702	player	libopenmpt	Digital Symphony	4	21648	39adf1d3	e26fef4c	MISC/04/PARADOX
d3fc0fcbbcd7c36403cbcd752a4d9333	0	120021	player	libopenmpt	Digital Symphony	4	16148	244cd498	d31ce0f4	DEMO/01/FIREBALLS
d4216de0b95a6a04ca521708a23e7dc9	0	31153	player	libopenmpt	Digital Symphony	4	4488	5f96d47c	6acf65b8	MISC/14/SUNDANCE
d431bd6af9cf8453508f68d746f0ab6b	0	76685	player	libopenmpt	Digital Symphony	4	51048	82904fda	4a03d43d	SOFT/JAZZFUNK1/WHERENOW
d462d7530a1cdd2878adbf5c1c2d8ec1	0	193224	player+silence	libopenmpt	Digital Symphony	4	142636	94ce325d	59e5fe40	SOFT/JAZZFUNK1/BEDE_FUNK
d47d440ad426c2ca91cde88750cb5964	0	247244	player+silence	libopenmpt	Digital Symphony	4	79556	6536f3a0	73025b7b	SOFT/KEYBOARD/CANALGRE
d48a52fff15221deea1041e9e04bc59c	0	214719	player	libopenmpt	Digital Symphony	4	68220	67ddf663	28a5613f	SOFT/MELLOW/INSPIRATIO
d4a9794441c63df4ca4242bc5bb9efcf	0	102247	player	libopenmpt	Digital Symphony	4	34332	93ae7d22	c206e43b	MISC/10/LAXITY
d4b41b4211896ae92410d27dfdb7bf33	0	189697	player+silence	libopenmpt	Digital Symphony	4	35044	b1370e12	9d9f65fb	DEMO/03/BLACKSH
d4bb26af5c826bb6efa53392abce4937	0	88723	player	libopenmpt	Digital Symphony	4	116244	fbe521b7	cbb8642f	DANCE/DANCE1/JOES07
d4bda4c7c899698ecd55e05b123744b7	0	125253	player	libopenmpt	Digital Symphony	4	32440	98432447	b2f95742	DEMO/05/PAINOFLA
d4c1ec5554b3c7c5f4406da37ea810f1	0	165040	player	libopenmpt	Digital Symphony	4	224008	2455d3de	4a023e5f	DANCE/RAVE/DEMOTHEME
d4e105b10e18603bdb2a655cfa45dc99	0	252145	player+silence	libopenmpt	Digital Symphony	4	81328	4d81ac0d	406bb717	MISC/11/STARSCRL
d4e105b10e18603bdb2a655cfa45dc99	0	252145	player+silence	libopenmpt	Digital Symphony	4	81328	4d81ac0d	406bb717	QUICK/BEAT/RVBNT
d50664cd8cb28006ef9d7d9c6fb51422	0	302074	player+silence	libopenmpt	Digital Symphony	4	36608	6b07ccd9	92e3cf89	DEMO/02/UNDRIVEN
d528de26671f2de2b618eb3e59b3a48c	0	216357	player	libopenmpt	Digital Symphony	4	81432	e3a71934	5747c345	QUICK/POP/PERSONAL
d52a9b1b6edf0f31a204b08c959be594	0	65182	player	libopenmpt	Digital Symphony	7	21292	b07d83c8	b7feaf84	FUN/TVFILM/STAR_TREK
d532146dac17cf7a7f421f1bfb2344d1	0	371969	player+silence	libopenmpt	Digital Symphony	4	87092	5f728b55	d8bf23d4	MISC/02/WE_COULD
d532d29cecf37bfe2921c13c32030f5e	0	104990	player+silence	libopenmpt	Digital Symphony	4	79024	ae5c5e36	49c19258	MISC/06/DREAMIT3
d5627944e106a8261c9ada8146a1aeea	0	184045	player	libopenmpt	Digital Symphony	4	99316	64590964	7c889983	MISC/13/PT_AMAZO
d5709d23bf65df24efb05e682c7f4df5	0	188823	player+silence	libopenmpt	Digital Symphony	4	83844	41370d45	f1ad1d01	SOFT/MELLOW2/LOVEFUNK
d58c9c3c5849fcbce23a2dcd9e4a0d40	0	230057	player	libopenmpt	Digital Symphony	4	45276	1e66fcaa	e3d2e39c	MISC/08/FLASH
d599363b7cc34f70fae0a89f489845eb	0	225303	player+silence	libopenmpt	Digital Symphony	4	121780	78c9db91	95752997	MISC/03/LIGHTWAY
d5b0b82346b2ac0df4b94b257246c35d	0	333662	player	libopenmpt	Digital Symphony	4	46820	f3bc5a8f	eada00c8	MISC/12/MEANMACH
d5cd5fb2b2da9e07f5fdc0daeb4e4f8f	0	146798	player	libopenmpt	Digital Symphony	4	66188	ca40937d	b2c6e5a0	DANCE/DANCE1/LOVEBEATS
d5d0fe9f508e7b10d612dbc93db60129	0	338695	player	libopenmpt	Digital Symphony	4	70904	7d355efa	07a11815	MISC/11/MUSIQU
d5ff99775953fb3d926cbd3d4a87d23c	0	262528	player+silence	libopenmpt	Digital Symphony	4	87100	dadc4519	253b2413	MISC/07/DEVINE
d630c5d6187c7cc83e7732546b2f6861	0	176359	player+silence	libopenmpt	Digital Symphony	4	85528	2853f719	1800a1a1	SOFT/MELLOW/RAGGTIME
d6522abadf7196e0aa76a4aa3b0bfc0e	0	205625	player+volume	libopenmpt	Digital Symphony	4	90608	da8ced1f	8331e1d1	MISC/09/HIVELOCI
d658e03793e3ee7e8c0b55645d8d723e	0	225703	player	libopenmpt	Digital Symphony	4	85764	f54a3dc5	11466d1f	MISC/11/ENCYCL
d66591347a3f52e95580dc6c231e7106	0	328846	player+silence	libopenmpt	Digital Symphony	4	159356	6387ade1	456934f7	VOYAGES/ENVIROMENT/OOOOERR
d6c8cedf677e952b3b5c2b51c245ab0a	0	138034	player	libopenmpt	Digital Symphony	4	88064	c3a3ba85	0fb03077	MISC/06/DARKDANC
d6cfc6c15e27e9a655cc2c62377cc458	0	161780	player+silence	libopenmpt	Digital Symphony	4	51228	ba57bf5f	26e44b87	SOFT/STRING/NEARNESS
d6ee9157d4c3ff0a269dd797c1f2c39c	0	130578	player	libopenmpt	Digital Symphony	4	116824	6b0c0024	f2b70261	ROCK/HEAVY/SERENDIPIT
d70f726c345f2386e5b8e2576a3d7c06	0	195411	player+volume	libopenmpt	Digital Symphony	4	282928	a9e95c35	d33bade6	SOFT/MELLOW/SIDEWINDER
d7173a73d0f91bdd451eb985b92d1e40	0	53679	player	libopenmpt	Digital Symphony	4	2344	9bf5bf68	2a58bddb	QUICK/SMALL/DELAY14
d72ea05511205b9b968de88b98b72445	0	210052	player+silence	libopenmpt	Digital Symphony	4	97256	3746b82b	4219abfa	SOFT/MELLOW2/SATURDAY
d73964ce697e49c4713d890f5ec7610d	0	174043	player+silence	libopenmpt	Digital Symphony	4	10820	30144584	baf9f42c	SOFT/KEYBOARD/FAIRYLIG
d74191a92a00f4a0e8e90ddd0e3548cd	0	51123	player	libopenmpt	Digital Symphony	4	3480	9f38eb3f	6d1535ad	MISC/10/SMALLISH
d745f15aa7047de5268c049929293b89	0	153371	player	libopenmpt	Digital Symphony	4	39108	c13f6e1c	a50a40c2	DEMO/05/KILROY5
d767f21f22a00aefa55efb90f47323a4	0	119821	player	libopenmpt	Digital Symphony	4	91552	59a9b4b8	02a3323d	DEMO/01/ODYSSEY3
d7806cd57a9973692296b56a0e9f94ed	0	17254	player	libopenmpt	Digital Symphony	4	9980	22348bab	06cdb178	FUN/JOLLY/AKES_GRIS
d7806cd57a9973692296b56a0e9f94ed	0	17254	player	libopenmpt	Digital Symphony	4	9980	22348bab	06cdb178	QUICK/SMALL/AKES_GRIS
d794aab648ae57b7f19b5dd440f512d7	0	249792	player+silence	libopenmpt	Digital Symphony	4	99444	dc6895a7	71f7b3c3	SOFT/PAINO/DIGNITY
d7a1d67fd8adb785821fcabaf7c2bf2b	0	322039	player	libopenmpt	Digital Symphony	4	32152	de548195	3e7af9e6	QUICK/BEAT/BEAMLITE
d7b8a8563f493e86ac12df11da8a5672	0	147619	player	libopenmpt	Digital Symphony	4	43628	a9f72af1	8f226b02	ROCK/SOFT/KINGSIZE
d7c0291a9e2478e5cae61858139df487	0	209817	player+volume	libopenmpt	Digital Symphony	4	89640	5a36b22e	2313d228	SOFT/MELLOW/VDLOVE2
d7cdc682643e5e1606d6a1039a2bbdcf	0	115734	player+silence	libopenmpt	Digital Symphony	4	49736	8c965f96	628d0747	MISC/08/HAZEYWAV
d7d9811a9140eee84944f3bf969ff8e9	0	148578	player	libopenmpt	Digital Symphony	4	56480	3bb4153b	b686bad5	ROCK/CYBER/CYTRON
d7e2266c0bd0fd51c7cc2e3899c8a28a	0	119354	player+silence	libopenmpt	Digital Symphony	4	45360	b7431bae	b6d46de4	SOFT/PAINO/RIGHT_OR
d836f7114da06cdbc63e94ea892ea041	0	207690	player	libopenmpt	Digital Symphony	4	86088	2b29d1e7	34c72cb3	MISC/03/ZINESFX
d8730fdc3e8fa040865c4da1f9ed089d	0	46011	player	libopenmpt	Digital Symphony	4	11964	b678c688	b0d21f85	DEMO/05/LAMERPR2
d87588bb722c7aa4dff53a867df9da6b	0	110235	player	libopenmpt	Digital Symphony	4	33568	e8aed03f	24c968c1	MISC/06/DATSWHAP
d87588bb722c7aa4dff53a867df9da6b	1	7668	player
d87cbd6e93303e6af6f6d682de7a1184	0	145702	player	libopenmpt	Digital Symphony	4	90292	2f5a457f	e57e7f9a	DANCE/DANCE2/OBVIOUS_LO
d889fb35281efe20ae18060e50693a70	0	161271	player+silence	libopenmpt	Digital Symphony	4	101572	3995464e	7677437f	MISC/09/INNLEDNI
d8b7c9db8aec2e458579b859065c49ea	0	199930	player	libopenmpt	Digital Symphony	4	90040	62bf51fc	c4a4e3a2	DANCE/RAVE/PARTEKHC
d8fb39385af693bccfc36560c15fec57	0	24962	player	libopenmpt	Digital Symphony	4	25228	855144c3	92747ea9	MISC/05/AMERICA
d90f2341c1dfa11f87c1ae9b871c9c9e	0	145702	player	libopenmpt	Digital Symphony	4	29308	3bd86f58	1f46aecb	MISC/02/OKS
d91923412b90cb10baada14dcb861e34	0	363138	player	libopenmpt	Digital Symphony	4	105932	ff4139e3	b1298a8e	SOFT/NEWWAVE/MINDDISORD
d91fb8d8273fa3005eb49baa2bec6451	0	203217	player	libopenmpt	Digital Symphony	4	46248	e2a88d61	fc0ede7f	MISC/02/APPROACH
d91fb8d8273fa3005eb49baa2bec6451	0	203217	player	libopenmpt	Digital Symphony	4	46248	e2a88d61	fc0ede7f	MISC/03/APC
d91fb8d8273fa3005eb49baa2bec6451	0	203217	player	libopenmpt	Digital Symphony	4	46248	e2a88d61	fc0ede7f	MISC/03/APROACH
d92d98d4b5fc244e88d46099333cc304	0	146661	player	libopenmpt	Digital Symphony	4	9472	c9766182	89ee8909	MISC/04/CHITCHA2
d968fe747175ee5bd025410a8d33b5bd	0	503666	player+silence	libopenmpt	Digital Symphony	4	45036	26405477	563a9412	MISC/12/MCDISK_5
d96d7ee6ad2f3ba954073d7b0effbe59	0	94299	player	libopenmpt	Digital Symphony	4	71440	8133638e	9e721ff9	DEMO/04/FUNKJAM
d972e4cc85790a8e5505eb2f0abcafed	0	153371	player	libopenmpt	Digital Symphony	4	6904	62ea29e9	53d62996	DEMO/03/4MAT_INTRO
d98c383e6d1ac9119b2388f3f466f970	0	146022	player	libopenmpt	Digital Symphony	4	121264	f3fd4354	d8b93157	DEMO/02/DOSKPOP
d991f51b8ccb6d1ed999f9669483e7ee	0	275189	player	libopenmpt	Digital Symphony	4	207164	020599a4	6304f25e	DANCE/DANCE1/TIMEDANCE
d99b391acb59c14ee9a68f451df57582	0	260731	player	libopenmpt	Digital Symphony	4	39532	f9800c7a	35d9dd56	MISC/04/BILIJEAN
d99c873f9290f0fa91e3c5197a582852	0	245394	player	libopenmpt	Digital Symphony	4	44712	35c0e828	32c0e714	SAMPLE/MIX/BIZZJAM
d9d0f5175428bdf9341e0e893a9d557d	0	314411	player	libopenmpt	Digital Symphony	4	40192	5226889c	05547bd5	QUICK/POP2/GODZILLA
d9eb937e5f29af79a6acb0ed7d111d0c	0	59371	player	libopenmpt	Digital Symphony	4	131688	2e05f492	d4bde266	SOFT/JAZZFUNK2/CUMANA
d9f17ee3d8284b0f3c680c6c44c04986	0	226542	player	libopenmpt	Digital Symphony	4	105984	118edc6d	cfa35163	QUICK/POP2/IMGONNAB
d9f17ee3d8284b0f3c680c6c44c04986	1	25721	player
d9f5ddad07ef3c9efa62933130c9957d	0	46011	player	libopenmpt	Digital Symphony	4	17172	b198d2a3	f0ab7441	MISC/01/ENDTHEME
da13645d9ab2d3e09f7522d9302b00a1	0	247031	player+silence	libopenmpt	Digital Symphony	4	137040	821cab6b	fd7f63c9	MISC/06/DRAGON
da160891d980a7b7fc15b67b91a28201	0	431037	player+silence	libopenmpt	Digital Symphony	4	167176	6bc1a6b0	d2eaf4d9	MISC/13/SILENTS
da25067be5f2d4a75e72b24336bd8bb2	0	404148	player+silence	libopenmpt	Digital Symphony	4	257136	53aa3293	56a39fd1	DANCE/RAVE/WINDITUP
da29a77d82671c9b979257785c6785d0	0	207051	player	libopenmpt	Digital Symphony	4	87964	ebb96287	4b761086	DEMO/01/DEDICACE
da46626050bf9705a72c9e0ae407a499	0	208264	player+silence	libopenmpt	Digital Symphony	4	54000	ac2cd15a	0fc6c28b	MISC/13/NIAGRA
da5225ea918da623832bf18a0d445574	0	264505	player	libopenmpt	Digital Symphony	4	82760	e418e2b0	6ff5c025	ROCK/SOFT/EXPERIMENT
da53d77b555ae8b7c910c8a711fea8b0	0	259165	player+silence	libopenmpt	Digital Symphony	4	26008	0ea5d1a6	f091cc1c	DEMO/03/BACARDI
da67d4c10b02207939165f29f9286be2	0	196147	player	libopenmpt	Digital Symphony	4	48512	e05cba29	310bdfce	DANCE/ACID_TEKNO/LOOKING4T
da67d4c10b02207939165f29f9286be2	0	196147	player	libopenmpt	Digital Symphony	4	48512	e05cba29	310bdfce	MISC/10/LONGING
da73e11f125b2c360fa9ebf5edb7e9de	0	148863	player+silence	libopenmpt	Digital Symphony	4	49548	a0b1bdde	1b8b6e5e	DEMO/03/ZAP
da7fde6db5c770c9d34d268edc429c1d	0	214719	player	libopenmpt	Digital Symphony	4	65912	2fd5e9ca	fea6cf91	DEMO/01/ROBOTRON
da96fc4fb33cab8a956a3a5cfd9e0bba	0	130126	player	libopenmpt	Digital Symphony	4	64516	37341efd	a3f8b08e	MISC/10/JUSTICE
dad8f00f85f2bf4741de9398c7abe804	0	118862	player	libopenmpt	Digital Symphony	4	56936	3ac61722	8ed6c10b	MISC/01/LIFESTYLER
daddf2f1a7a768f0c3da96884c45be32	0	221840	player	libopenmpt	Digital Symphony	4	133956	8cbc8930	35853cb0	MISC/13/SECRETPY
dade0c6d13c5f10255bcaac06c6fdf77	0	122577	player	libopenmpt	Digital Symphony	4	46824	867c491e	50e9e9bb	MISC/08/FLIPPEDI
daeea71865d277026a77bf33417d351d	0	130365	player	libopenmpt	Digital Symphony	4	41060	d1fe64c4	292906fe	QUICK/POP2/MYROOM
db025e85fea2400f0f371ca5d1028fb9	0	427362	player	libopenmpt	Digital Symphony	4	100424	2cccb505	7d45ffd4	MISC/03/ARMADA
db025e85fea2400f0f371ca5d1028fb9	0	427362	player	libopenmpt	Digital Symphony	4	100424	2cccb505	7d45ffd4	ROCK/HEAVY/ARMADA
db147704b232565e300da7c16ae4ebc8	0	23005	player	libopenmpt	Digital Symphony	4	4048	ce9a6911	86974159	MISC/06/DOYOUWAN
db2a0d12dec547c36903e1d981c9eb8b	0	241293	player	libopenmpt	Digital Symphony	4	87340	dff1cb4e	ec992d3e	MISC/01/SPEECY
db49a4ec4c2fb3641948b4700a03a3ee	0	89852	player+silence	libopenmpt	Digital Symphony	4	35636	ac201cfe	7dd536c3	ROCK/CYBER/PULSE
db5ba1a67863e51075145e2ad6f4cf30	0	120144	player+silence	libopenmpt	Digital Symphony	4	158020	67ba4451	61c59751	SOFT/BLUES/MIDNIGHT
db68e129fa2c31478190cf4e387cb950	0	243773	player+silence	libopenmpt	Digital Symphony	4	84536	7195d5ea	42c3e19f	QUICK/POP/THESEA
db7e095602cf80e08cec9360574d08be	0	138034	player	libopenmpt	Digital Symphony	4	7144	8615bca7	21be2e7f	QUICK/PULSE/PIP_1
db9e638fc439a3acd9d8421f07556e49	0	92022	player	libopenmpt	Digital Symphony	4	59172	036e7a87	42d32468	DANCE/DANCE1/FUNKYTHING
dba8d14d01413787ebb51612f314d413	0	441901	player	libopenmpt	Digital Symphony	4	114660	7e91fa26	23461507	QUICK/BEAT_MAX/GARDDRAG
dbbd228854e0822f862e0fa0a4f53f72	0	212263	player	libopenmpt	Digital Symphony	4	202808	8253e8a5	0d00ae1d	QUICK/POP2/ELIMIN
dbbdefaf625b0e5ebb34d42aedbad043	0	81478	player	libopenmpt	Digital Symphony	4	24276	937afb29	3906eee1	MISC/05/AIRBOR
dbbdefaf625b0e5ebb34d42aedbad043	0	81478	player	libopenmpt	Digital Symphony	4	24276	937afb29	3906eee1	MISC/05/AIRBORNE
dbbdefaf625b0e5ebb34d42aedbad043	0	81478	player	libopenmpt	Digital Symphony	4	24276	937afb29	3906eee1	QUICK/BEAT_MAX/AIRBORNE
dbd104d7c8b279f41b77bb6aaa6be89f	0	231974	player	libopenmpt	Digital Symphony	4	94468	ea45c828	ca809e0c	DEMO/02/TIMEPRESS
dbe5c784d14b41af2b68daef72510133	0	57514	player	libopenmpt	Digital Symphony	4	26876	68a9f385	40fc288a	MISC/05/A_HIGHS
dbe69addbd506242903b792fa2632959	0	272595	player+volume	libopenmpt	Digital Symphony	4	51288	753df8e0	ae0f8fae	VOYAGES/EPICSCORES/DISTANCE
dc00e11de99ed62ba6063c83c2f02091	0	104484	player	libopenmpt	Digital Symphony	4	45848	d469f0ac	4434d13e	SOFT/BLUES/BLUNANAL
dc081b97cea0c1d3e3087203c0ed5fac	0	314377	player+silence	libopenmpt	Digital Symphony	4	159480	13fd7b62	41865f6d	QUICK/PULSE/VOYAGE
dc0b4d9bc15dfaaf68388c7e00ac68ac	0	196167	player+silence	libopenmpt	Digital Symphony	4	74724	858127bd	896a16a5	MISC/12/MOURNING
dc2f57b55612fe15b3d31ea1d0dd5e7c	0	54683	player	libopenmpt	Digital Symphony	4	16660	9ccad99b	5b252355	SOFT/BLUES/CATSEYE
dc58747f17e2eaacf6067cabadaf23f2	0	256497	player	libopenmpt	Digital Symphony	4	165116	f7cfd288	b2efd35b	MISC/05/ACCESHIG
dc67c974c73da772c30ae34124916fad	0	158483	player	libopenmpt	Digital Symphony	4	78436	44fdc73b	d9703145	MISC/10/SPECIAL
dc67c974c73da772c30ae34124916fad	0	158483	player	libopenmpt	Digital Symphony	4	78436	44fdc73b	d9703145	QUICK/PULSE/SPECIAL
dc6821daedee7e3baca477783090f58b	0	268942	player+silence	libopenmpt	Digital Symphony	4	240444	31c34570	9d823d0c	MISC/01/WENEEDPARA
dc8283a821cef93a351cef181edd976c	0	30674	player	libopenmpt	Digital Symphony	4	20856	65e7d298	da6413ab	DEMO/03/GSCTHEME10
dcbb0c5166015238efa8cbf0206e893b	0	100737	player+silence	libopenmpt	Digital Symphony	4	120600	32ba8faf	09508a83	QUICK/POP2/KINKY_
dcf58637fafb42eb57f5e85952e9d372	0	139951	player	libopenmpt	Digital Symphony	4	23648	bc6aace5	ee585f80	MISC/03/ATOMIC
dcf9d87c844cbbb6c263830ea8ea955a	0	339815	player+silence	libopenmpt	Digital Symphony	4	71908	50ba7ae7	bf82cbb6	MISC/12/MONSIEUR
dcfcb5e4bba12c8a2eeb30cdee2a16fe	0	192433	player	libopenmpt	Digital Symphony	4	104920	7ee46946	0bf5df1d	MISC/06/DATATITL
dd077c6985055d4bb0831518ee6e18c3	0	191634	player	libopenmpt	Digital Symphony	4	85288	72bc33c7	3381d2aa	FUN/TVFILMMIX/MISSIONIMP
dd29112f0da7e16bf2d7eba2525b8d86	0	151613	player	libopenmpt	Digital Symphony	4	25256	6bf0fef7	72da1155	SOFT/JAZZFUNK1/METRO
dd2bc90e33af094eb13a809dc4b4c1b3	0	199382	player	libopenmpt	Digital Symphony	4	41072	8a7e7f59	19575b1e	FUN/TVFILM/STARWARS
dd3cdaeed189d54b3c33bf871124438b	0	246352	player	libopenmpt	Digital Symphony	4	45536	50409b07	6b463977	MISC/01/LOWALITUDE
dd3cdaeed189d54b3c33bf871124438b	0	246352	player	libopenmpt	Digital Symphony	4	45536	50409b07	6b463977	MISC/10/LOWALTIT
dd40f6ba7264b98d2476dd33d3f736a6	0	99252	player	libopenmpt	Digital Symphony	4	124236	2f596666	04179d5e	DEMO/02/DIGITAL
dd40f9bdd5c08906eb29bf0916765d82	0	318278	player+silence	libopenmpt	Digital Symphony	4	76704	6e01b76d	76fb6612	SOFT/STRING/YOUMUST
dd675102efa35e65a748f8851f295b23	0	266436	player+volume	libopenmpt	Digital Symphony	4	79044	df024741	16a27281	MISC/11/SD10_M
dd756c0650555a64a56ba7ff5954d424	0	353605	player+silence	libopenmpt	Digital Symphony	4	155880	c8523072	a6080e11	DANCE/RAVE/NUMBER14
dd9e3de4dce575096be742a76b1e005a	0	259270	player+silence	libopenmpt	Digital Symphony	4	159224	5f14e59f	f4c8b69b	DANCE/DANCE1/LET_GO
dd9f38770c8a8eee1782ff2e4a398b0a	0	699530	player+silence	libopenmpt	Digital Symphony	4	287440	86d85237	74eaf481	DANCE/RAVE/ORACLE
ddb10f60c3d0477c2dfb702a31d18f68	0	289947	player	libopenmpt	Digital Symphony	4	147904	961d9b2a	b2b29f80	SOFT/MELLOW/CALLING
ddbdce659dba996b80aeb5e439e38bce	0	71892	player	libopenmpt	Digital Symphony	4	24276	ee135471	b134b6d8	MISC/14/TURRICAN
ddca1d69e7ce8dbc2ec67b52b5d7cb99	0	182397	player+silence	libopenmpt	Digital Symphony	4	58356	8df174df	d9eddcb6	QUICK/BEAT_MAX/51_MIX
dde9e39737da29dccf134ffca55d9bbd	0	276068	player	libopenmpt	Digital Symphony	4	18144	699c07df	a6fa2de5	MISC/09/INTROMUS
ddf5f48d36181c1d45bb24004874b86d	0	121879	player+silence	libopenmpt	Digital Symphony	4	75200	2c098dd6	2c7dec0d	SOFT/JAZZFUNK2/GREASE
ddfb90976003229e0262def2169cd859	0	131124	player	libopenmpt	Digital Symphony	4	108404	d05501be	50a8ffe8	SOFT/JAZZFUNK1/JAZZBAND
de14d776cbc3fde92f3de5cd7af23dee	0	174438	player+silence	libopenmpt	Digital Symphony	4	71988	24a239bc	9b615eac	SAMPLE/MIX/CCFACTRY
de1ab78cf01f1d942f7133d4b0b9e806	0	500897	player+silence	libopenmpt	Digital Symphony	4	101048	85409602	f382aa47	SOFT/NEWWAVE/HEAVEN
de73f054ef44e281e1e9a57380ec16ce	0	47808	player	libopenmpt	Digital Symphony	4	34512	145f18c5	ab332428	FUN/FAMILIAR/BROJOHN2
de9c9ddb0830092dd81ed65d8a233872	0	305464	player	libopenmpt	Digital Symphony	4	86908	3085c6de	9292b617	QUICK/BEAT/BEATN_ART
dea41445c1189292a9b22f38437f91a8	0	387417	player+silence	libopenmpt	Digital Symphony	4	109456	7a893e23	0cf46a5b	ROCK/SOFT/ABACAB
df081c6c9c3db40261d917d69a8d8e1b	0	61827	player	libopenmpt	Digital Symphony	4	15404	5ed4d42e	e6aff4af	MISC/10/LETSNOW
df20e801c732eb826a2b61d1b3d5b491	0	278624	player	libopenmpt	Digital Symphony	4	72724	c3d42c61	4a540c46	MISC/14/THRASHDATA
df650095f2525299c770067de54a0a6e	0	95857	player	libopenmpt	Digital Symphony	4	34224	fd89fa20	f2a1c308	SOFT/BLUES/BLUSBRS3
df7d609e42839318011da20a1b9ee65e	0	202258	player	libopenmpt	Digital Symphony	4	87588	0807f25e	090d2a48	QUICK/BEAT/UNDERSEA
df8284c3bf7b9ed0201724994e8dbc0a	0	187494	player+silence	libopenmpt	Digital Symphony	4	215860	ffbd9e06	c520452d	SAMPLE/MIX/EQOLOGO2
dfa9b9a3a5cbd7576d6533194e6c7ee0	0	103962	player+silence	libopenmpt	Digital Symphony	4	20700	7dcec4be	7ca60f0f	MISC/01/TESTPAPER
dfac31aa3d4bb810c422681f775d5fb6	0	76685	player	libopenmpt	Digital Symphony	4	23272	9c856772	09923550	MISC/06/CREDULTY
dfbc2da2900b4b1623f7c8c4402137ad	0	142625	player+silence	libopenmpt	Digital Symphony	4	44820	149be122	62886ccf	ROCK/SOFT/MAYAK3
e00ecb9b4be8764266dedfca0a3317aa	0	40899	player	libopenmpt	Digital Symphony	4	3528	250231a6	78552284	MISC/09/HULKHULK
e0298d46803211d7bd6b44f67161803a	0	434030	player+silence	libopenmpt	Digital Symphony	4	111456	23bea653	3f4ee853	MISC/03/LOSTINTIME
e032997081f715ed21c8eb482b6cb9bf	0	168708	player	libopenmpt	Digital Symphony	4	35660	68c04f35	9832904a	MISC/10/KENT
e0650b1682a3402ba59ea639bca336e7	0	153371	player	libopenmpt	Digital Symphony	4	42444	4ada4375	ea614233	MISC/11/SPREAD
e07d3d0d060c69b77354cca9b345811d	0	181092	player+silence	libopenmpt	Digital Symphony	4	110804	0a97ef87	32d1a052	SAMPLE/MIX/HYSTBABY
e08e885055b3abd5213f3d136399b1f5	0	306483	player+silence	libopenmpt	Digital Symphony	4	104824	52c83bd0	755ca04c	VOYAGES/SCORES/TRIUMPHLOO
e0908e7e349101691bc40194ab773e13	0	76685	player	libopenmpt	Digital Symphony	4	3248	b3a13018	adc6290d	QUICK/SMALL/PSYCHO6
e09196b2f056627c9df3260e3da64b39	0	206271	player+volume	libopenmpt	Digital Symphony	4	123016	59f8481a	8de20b0a	DANCE/DANCE2/DISCODA3
e0942d74ce238f57d967a259ac6ca855	0	188779	player+silence	libopenmpt	Digital Symphony	4	191292	f6deda82	f3b5a5d3	SOFT/STRING/ACCOULEAD
e097290ea6250f039f6ab9ddf5ecec8c	0	237725	player	libopenmpt	Digital Symphony	4	87332	08316cdf	a17acca7	SAMPLE/MIX2/RNATION
e0cf1feb43420bf561ef0e91f5170c5f	0	115747	player	libopenmpt	Digital Symphony	4	17108	fb33e718	dbf3b51c	DEMO/05/CCSHOP
e0d5c1fcb74c6a83fa6ecf37c879af52	0	235813	player+silence	libopenmpt	Digital Symphony	4	173900	94ffe790	33cb0900	MISC/07/DEVIATOR
e10c4fa6aaf23cf1199ef400b7ff8590	0	498675	player+silence	libopenmpt	Digital Symphony	4	149040	687c0019	c56e8867	VOYAGES/SCORES/MOON
e13c968e766082fa5f4f6e30e0c77244	0	170565	player	libopenmpt	Digital Symphony	4	207112	8cb202fe	f07352a6	ROCK/SOFT/BELIVEIN
e1664e7d6289d554f4bad96618d9d909	0	152196	player+silence	libopenmpt	Digital Symphony	4	140708	9371d080	0bb8e3dc	DANCE/DANCE1/PROMILLE
e1a9320b87615f6096176c3ed4269134	0	210028	player+silence	libopenmpt	Digital Symphony	4	65040	6c79183f	b0341dd3	DEMO/05/REANIM
e1b87803e13170c5823add6a5813c637	0	79588	player+silence	libopenmpt	Digital Symphony	4	49864	6a82a913	bd27ba37	MISC/05/AILING
e1b88fc6c8495c9dfeffd3a4a60b7b40	0	15337	player	libopenmpt	Digital Symphony	4	15760	ba771d5f	6c098029	QUICK/SMALL/FRED
e1cee085f05b053d1e7b987c7dd4809d	0	323997	player	libopenmpt	Digital Symphony	4	193436	a33c7907	fe33cdc8	SOFT/BLUES/CLUBMADLEY
e1cee085f05b053d1e7b987c7dd4809d	1	3834	player
e1cee085f05b053d1e7b987c7dd4809d	2	3834	player
e1efc07ca4b26183089c3829a5cd3716	0	237725	player	libopenmpt	Digital Symphony	4	154040	9fba66b1	ba21db60	ROCK/SOFT/MY_ROOT
e1fc23dfa81df6dd1e216c3440d9d528	0	98253	player	libopenmpt	Digital Symphony	4	23164	f4a973e1	d43fa15f	MISC/02/INFINITY
e223f02afc6ac24745040b73090f473c	0	157975	player+silence	libopenmpt	Digital Symphony	4	103236	28f81ac0	db3859c2	MISC/07/ECSTACY
e24c095c5b23cbd87dcd2c6cbf85dfc2	0	217735	player+silence	libopenmpt	Digital Symphony	4	125120	c013ca81	985bebec	VOYAGES/SCORES/HARAKIRI
e250db4e43ee966b833f97ac006950a8	0	322071	player+silence	libopenmpt	Digital Symphony	4	77404	d7ef0e4b	5c99374d	SOFT/STRING/CHPREL15
e25e03021f73e2d94accac5907eee957	0	97482	player+silence	libopenmpt	Digital Symphony	4	83844	43fa33e8	775fad74	MISC/01/FINETUNE
e26889e3fe4d76732b915a9c3e3c47f3	0	112472	player	libopenmpt	Digital Symphony	4	201716	17466743	042e711c	MISC/11/REASON
e26fe1737277baafe7ff98ec55a9ce88	0	46011	player	libopenmpt	Digital Symphony	4	10944	0b22e21e	2da24dcf	DEMO/04/ICECLOUD
e2a1b5ba99592769fc2e7ee62e57fb25	0	30674	player	libopenmpt	Digital Symphony	4	23220	48af1032	4dcad4e2	DEMO/03/DEMO2
e2b9d78bad96b912131fb4c34db4d486	0	269777	player	libopenmpt	Digital Symphony	4	86164	40b567d1	c1fb6295	VOYAGES/SCORES/APOCALYPSE
e2dabf60d7af0024d3fde40791ec6d24	0	83076	player	libopenmpt	Digital Symphony	4	14372	a3f63245	3251b906	DANCE/HARDCORE/2CONTROL
e2e44ffb92987211b07b512680d917a9	0	199382	player	libopenmpt	Digital Symphony	4	39356	3176dc52	24276149	MISC/09/ITALOHOS
e30725cc82599373b7899c55b081ae1f	0	174459	player	libopenmpt	Digital Symphony	4	162932	81d51119	6b407215	MISC/06/COOKIT
e30725cc82599373b7899c55b081ae1f	0	174459	player	libopenmpt	Digital Symphony	4	162932	81d51119	6b407215	SAMPLE/MIX/COOKING_IT
e31c67baecaaa9d3e4f093d815fdf4ac	0	196777	player+silence	libopenmpt	Digital Symphony	4	155140	875f1db1	026d4330	SOFT/JAZZFUNK1/SURUCUCU
e32e73bcc5c58de5892c7d9f96cf36c0	0	268399	player	libopenmpt	Digital Symphony	4	70496	b8788f06	5a83acf5	MISC/13/WAYFARER
e3306db432c15b2a6bb1f94bd43d7b38	0	268399	player	libopenmpt	Digital Symphony	4	190992	27d1a797	efb52ea6	SAMPLE/MIX/DURANDUR
e331946b19ac3fbe1acbed2b48148473	0	232613	player	libopenmpt	Digital Symphony	4	44176	457e646c	dbb57f0c	MISC/08/GOODBYE
e3336d707f56a0c31a25e857c104f605	0	228025	player+silence	libopenmpt	Digital Symphony	4	28648	8549d180	59fe71fb	SOFT/MELLOW/TEDDYFUL
e34cfd46eff22b389d0962ee0a0af6e4	0	107359	player	libopenmpt	Digital Symphony	4	125192	ef8d3ddc	8481080c	DANCE/ACID_TEKNO/NUMBERTEK
e35c506337a83c1f35bd78cb09a0c3dd	0	307770	player+silence	libopenmpt	Digital Symphony	4	662976	fcb02739	0555ccb0	DANCE/DANCE1/LUSH123
e37a908fabf2754148abf006a7584baf	0	25561	player	libopenmpt	Digital Symphony	4	48868	264675b7	8b987e79	ROCK/CYBER/EVILDOTHAT
e37e3f24dd1ab774e0afb50f68e313cf	0	138395	player	libopenmpt	Digital Symphony	4	177360	6620d839	6c87f088	DANCE/RAVE/EX_T_SHEEP
e395a5165319857fa475c00c3872435a	0	333426	player+silence	libopenmpt	Digital Symphony	4	36324	916c0521	5a3e4000	MISC/01/SHAMUSMIX
e39ae79468c2096ca47b7a6149b6336a	0	211005	player	libopenmpt	Digital Symphony	4	151088	e4adcd11	07be35a5	DEMO/02/TRODE
e3cf43da8aa597dec42806c09a8349b6	0	230057	player	libopenmpt	Digital Symphony	4	113004	a9906797	99e46d97	MISC/06/D7RAP
e3dbfc3af8f24e7c11fa316d0ef5f495	0	65182	player	libopenmpt	Digital Symphony	4	113080	081b91a8	d9dff338	SAMPLE/MIX/CRYBAB
e3de7033934641e1a607a30d09d2fa98	0	107359	player	libopenmpt	Digital Symphony	4	63772	8cb64491	442f5329	FUN/TVFILMMIX/WOGANREMIX
e3e8fe026b32fe089e9172c824e32255	0	210885	player	libopenmpt	Digital Symphony	4	100704	d41a1fdf	1b03467a	SOFT/NEWWAVE/STRATOSPHE
e3eacc7b60cf4582f74d44b96d8c1e4d	0	127809	player	libopenmpt	Digital Symphony	4	40804	4ce2d4bd	eca300a5	MISC/08/GOFAR
e40edb9264f26da644cdbe1ab657474e	0	192433	player	libopenmpt	Digital Symphony	4	104920	95091ae2	01807ec2	MISC/07/DESASTOR
e40fb5c6e850edaf494cf46e441207ae	0	254500	player	libopenmpt	Digital Symphony	4	80232	1d4f6469	3f9e7244	SOFT/JAZZFUNK1/BEDE_FUNK2
e414dda28b59d55e62e5e94a3c8ed392	0	184045	player	libopenmpt	Digital Symphony	4	45524	2884195d	d7190a3a	MISC/02/TYO
e429174f3bcadb4d09fa2446042bc44c	0	112412	player	libopenmpt	Digital Symphony	4	40612	705cc7e4	f265c537	DANCE/ACID_TEKNO/INDSTFUDGE
e429174f3bcadb4d09fa2446042bc44c	1	23005	player
e438afa4006f87aef41a6126db491094	0	216230	player+silence	libopenmpt	Digital Symphony	4	91784	73b68ade	93dc81aa	DEMO/01/FREE_SPACE
e4536e6601ca929a3fa6c2d817db87a3	0	172542	player	libopenmpt	Digital Symphony	4	125016	2b612396	2ab5b1fe	VOYAGES/SCORES/MYSTCVALOR
e46e8803254d104f531579f949758e4b	0	353233	player	libopenmpt	Digital Symphony	4	64568	e511936f	c9849c1c	VOYAGES/EPICSCORES/INFERNAL
e474705f615f66431970841d4b05727a	0	207051	player	libopenmpt	Digital Symphony	4	98176	149b39d4	c1c20263	SAMPLE/MIX2/SAVAGE
e47b3bb3c601b4f9b7bcc95dc0910dd6	0	6390	player	libopenmpt	Digital Symphony	4	19736	dc9bb6c0	7b8b2581	ROCK/HEAVY/WOAHHEAVY
e49a71d3cf1fd177b48f50085a350672	0	333606	player	libopenmpt	Digital Symphony	4	55416	929290c7	3f359540	VOYAGES/EPICSCORES/LOST_SHIPS
e4a2047da5810273718e9dc03a207ff0	0	281819	player	libopenmpt	Digital Symphony	4	100744	a1a0a76a	7324170c	MISC/02/TUNA_FISH
e4a6f792313b6bde78066f0842daf67c	0	230458	player	libopenmpt	Digital Symphony	4	93432	4a189ba5	dfa93019	MISC/13/NASSUM
e4b33b4d16c8e5273d51bcb8e224ed70	0	268399	player	libopenmpt	Digital Symphony	4	52800	133a5490	b3e8540a	MISC/03/STORIESEND
e4beb76afcd1e0c7c845ae263fa2e64b	0	138034	player	libopenmpt	Digital Symphony	4	41512	4a06456f	7e94c728	DEMO/03/DEATHSTAR
e4beb76afcd1e0c7c845ae263fa2e64b	0	138034	player	libopenmpt	Digital Symphony	4	41512	4a06456f	7e94c728	MISC/06/DSTAR_BO
e4dc3fda766a2f6a5847ddd04a66197c	0	91064	player	libopenmpt	Digital Symphony	4	6600	b819c2ba	7b87f10a	QUICK/SMALL/DOOM
e4f4a7d9a864557b74e6faca625f0eb5	0	161039	player	libopenmpt	Digital Symphony	4	333076	6460e1c1	60d9e516	SAMPLE/MIX/TARGET_VOX
e52391fd036cf00fb79fc98ec470c6f0	0	306073	player+silence	libopenmpt	Digital Symphony	4	64820	d060c342	383708e8	DEMO/02/WERULE
e524752149cef00eaa28124d4fe314e3	0	314671	player+volume	libopenmpt	Digital Symphony	4	90564	07d8079c	5ca239fa	MISC/07/EXTRACTI
e524752149cef00eaa28124d4fe314e3	0	314671	player+volume	libopenmpt	Digital Symphony	4	90564	07d8079c	5ca239fa	SOFT/JAZZFUNK1/EXTRACTION
e52a751036023bf7fc33a0e4412b8a93	0	57514	player	libopenmpt	Digital Symphony	4	4648	440186ba	8d469e98	QUICK/SMALL/PAPERBOY2
e5397c2aaaf5ddaeec6421e106c93aa4	0	146980	player	libopenmpt	Digital Symphony	4	46036	54f3219e	73e5f6dd	VOYAGES/SCORES/VOLTRUNER
e57c09063bc48a03342586ce71a05b8a	0	385750	player+silence	libopenmpt	Digital Symphony	4	153376	6d6eb676	0129c663	DEMO/05/NIGHTF
e5912e3b4ad5e6cceddbe4d8e06e8ac5	0	184251	player	libopenmpt	Digital Symphony	4	133424	14bb28de	b5ca3657	DANCE/RAVE/MAXDREAM
e5a9fec4b762a0c4270371a1f03b8cb5	0	184045	player	libopenmpt	Digital Symphony	4	93548	f616c1c9	88b7fbb4	MISC/08/VISITORS
e5af690efb6436f233ef0a5a07b1cc03	0	147085	player+silence	libopenmpt	Digital Symphony	4	114716	91f8193c	2d0a123a	SOFT/JAZZFUNK1/WALKER
e5b21eec1133cbce00aac343f3284ee2	0	191714	player	libopenmpt	Digital Symphony	4	9428	0c2aef8f	772e92d0	MISC/03/DIGICHATTR
e5d113aac3930e5323be7c70225d0192	0	26839	player	libopenmpt	Digital Symphony	4	17748	456f8598	41f46bf7	QUICK/SMALL/OLYMPIC
e5e8b77d6e750f5f4712911abce76fec	0	98812	player	libopenmpt	Digital Symphony	4	47164	b643e6f4	6c6f98b1	MISC/12/MENTAL
e616fe0a82376bdd043835042a626d9c	0	168708	player	libopenmpt	Digital Symphony	4	17044	e9e68fbe	adca5e22	MISC/10/LITTLE
e62b5bb10bfc6b0214d194b7d83f162d	0	306742	player	libopenmpt	Digital Symphony	4	35468	cb823765	a5979b39	MISC/02/TJ_AT_MIKE
e632f5c6630aea1ce5bc8e5bd5870ea6	0	176137	player	libopenmpt	Digital Symphony	4	39972	0d10d807	dcec6e4c	ROCK/HEAVY/BLOODTHI
e66667507d83a4d4fbfc7dcf9627547b	0	66460	player	libopenmpt	Digital Symphony	4	34196	c071bdf0	2dc4afde	DEMO/03/DOCINTRO
e66ce623005dddeb0eca9dc677c061b4	0	222388	player	libopenmpt	Digital Symphony	4	31288	2e7f6912	884bc8eb	DEMO/01/MINIGOLF
e6a9277f6d8ed9462eaaf471121d3d9e	0	386304	player	libopenmpt	Digital Symphony	4	98700	3c17c4e5	c327eb44	DEMO/02/TECHNOLOGY
e6b4d4aa16d8ff95d5fa243ca325051e	0	151913	player	libopenmpt	Digital Symphony	4	95004	b802cf37	18a0e874	MISC/12/MENTALIN
e6dd3a2708145aaf2ca8bb0b3ceecadd	0	634045	player+silence	libopenmpt	Digital Symphony	4	124552	f231ea1a	90460eb0	VOYAGES/SCORES/OLDMAGIC
e745f0845f0fc34246fcabb82c9bb21a	0	429439	player	libopenmpt	Digital Symphony	4	43848	070560c0	3f64c4f2	FUN/TVFILMMIX/007
e74c145cb7298ffd6c7218544fc5a218	0	184045	player	libopenmpt	Digital Symphony	4	279208	e5514c64	49c43349	ROCK/CYBER/DDR
e770d13d89903773e658a80e0e47550d	0	375759	player	libopenmpt	Digital Symphony	4	48524	d5b4879a	cd113858	FUN/FAMILIAR/ERASURE
e77261a5099d8ebfcfba5898c24a3191	0	179114	player	libopenmpt	Digital Symphony	4	180376	fd1c7d90	f60e64ee	DANCE/HARDCORE/BSTORM3
e78fd96f736432b0a98a357815874de0	0	184255	player+silence	libopenmpt	Digital Symphony	4	77284	1e5ad1ea	ee5e40ec	SOFT/MELLOW/AWAKE2
e7bb35354758fb58fd05b233cf76bafc	0	172542	player	libopenmpt	Digital Symphony	4	38628	6921463b	2a3c7a0d	FUN/TVFILM/NE_STORY
e7c3b3bf185e29229882f66194ae41a1	0	260731	player	libopenmpt	Digital Symphony	4	71108	30ff4734	9ca237e3	MISC/02/PULLBACK
e802b959f045362073b6e76f74fa3955	0	76685	player	libopenmpt	Digital Symphony	4	62236	40cb7e29	bf8c16a1	MISC/06/DAYDSUN
e841d2f9a5326e9574e3c20717cc51d6	0	150569	player+silence	libopenmpt	Digital Symphony	4	47652	e08ea26c	91ad7cc3	DEMO/01/SLL1
e847f9113413fe5ee7e74fb5ecdf3bc5	0	232629	player	libopenmpt	Digital Symphony	4	138440	eaf5cfe1	d5962fff	SAMPLE/MIX/STOPTMUSIC
e8552221b3f74713c07189dab673a720	0	398765	player	libopenmpt	Digital Symphony	4	112988	e19272e0	2a8d130f	MISC/01/ARISKA
e8552221b3f74713c07189dab673a720	1	15337	player
e85bb84b6ea2ad8882013b304b8e4e4b	0	193631	player	libopenmpt	Digital Symphony	4	50440	a400d526	75e445ed	MISC/10/LETSPRTY
e86f064d9164f175bee0199e5e958073	0	343487	player	libopenmpt	Digital Symphony	4	88512	adca9eb0	113323f5	DEMO/05/PLANETS
e8743080eb710af39d1e311140b04775	0	196507	player+silence	libopenmpt	Digital Symphony	4	226732	b8fef9ba	c38b7d15	SAMPLE/VOCAL/NOLIMIT
e885f9968409b3538f48fcd8dcfff8a8	0	118583	player	libopenmpt	Digital Symphony	4	49248	6a799328	4795ee8f	MISC/11/CREATI
e89603c9a353558be2c2068a7b2be736	0	153755	player	libopenmpt	Digital Symphony	4	85052	5cc90681	586925bb	SOFT/MELLOW/JELAIDEJ
e8a0866c0b7f784b1037fcc453335483	0	243773	player+silence	libopenmpt	Digital Symphony	4	84472	2734a34e	57a6a8d4	MISC/12/THESEARC
e8a3f85fe3a8b49615eab12be1ac0582	0	63265	player	libopenmpt	Digital Symphony	4	199032	c2b5887c	fbe88329	MISC/04/BOOBOO
e8ba984fa9ab0c91c4deb3c96f24f383	0	306483	player+silence	libopenmpt	Digital Symphony	4	106324	93bee53c	60f404fb	QUICK/POP/THETRI
e8ded755ff7d0df1e7deaab367290213	0	251479	player+silence	libopenmpt	Digital Symphony	4	86888	b822e080	aee77b4e	SAMPLE/MIX2/TAKETIME
e8e489b8ecc37ebff635f5c8be5d48c5	0	378938	player+silence	libopenmpt	Digital Symphony	4	61300	ca1b1ed3	87db9c68	MISC/09/HUMANOID
e8f12ded9281982d30f5fec877932a27	0	255738	player	libopenmpt	Digital Symphony	4	30332	59586fdb	9caa0d0d	MISC/07/FEELING
e8f3e8fbfd758babd90336a21e34df4b	0	238667	player+silence	libopenmpt	Digital Symphony	4	40616	c6f19e6b	d9cb9e67	QUICK/POP/THESEV
e900735991fd2e97e22628e7f484eddb	0	313667	player+silence	libopenmpt	Digital Symphony	4	42952	684f2f96	83279913	DEMO/01/MAGICK_RUG
e908c8e0e96b611bcf91d9451ea5bbe9	0	228866	player	libopenmpt	Digital Symphony	4	7792	bb4cdb80	6ed6feaa	QUICK/PULSE/MARTYMAN
e91383d896582f3af3a0ed6c698cd1c0	0	206284	player+silence	libopenmpt	Digital Symphony	4	159296	3785d790	bcad27f5	DANCE/DANCE2/CONDOM
e932522759ffebab41b34272909c1b73	0	146182	player	libopenmpt	Digital Symphony	4	129924	77969201	ddba3666	DEMO/04/FUNKYJAM
e932522759ffebab41b34272909c1b73	1	7668	player
e9622820332daee02b27e64e427b1966	0	51123	player	libopenmpt	Digital Symphony	4	11636	ff0eabf8	30a16d7f	MISC/09/INTROFRO
e9820c6ffe22c4eb454ced08706189b5	0	40899	player	libopenmpt	Digital Symphony	4	1948	52ff1b7a	caee7612	QUICK/SMALL/SIXTEENTH
e9d53ecc2f4592b053b56f5b923502e7	0	134199	player	libopenmpt	Digital Symphony	4	27916	abf68313	b2cedc4b	DEMO/03/BALLAD2
e9e953232fa333c196118b92aa3280b6	0	274796	player+volume	libopenmpt	Digital Symphony	4	163660	1b541e30	43a5e3be	SOFT/KEYBOARD/TREASURE
e9fe0a1ed8401256c0d7500d9fe3fae2	0	207051	player	libopenmpt	Digital Symphony	4	70892	2bed585f	a414c1f8	MISC/04/BA1_RSI
e9feca9e49d368d4679dadaa09fb699c	0	510755	player+silence	libopenmpt	Digital Symphony	4	96328	d1c6cb94	971807e4	VOYAGES/SCORES/CALLOFKTUL
ea0dc20e54dd44436f8412f6ade7780c	0	168708	player	libopenmpt	Digital Symphony	4	21044	3bd20e81	de427b96	SOFT/JAZZFUNK1/LAGON
ea2c9a08c2f854fc3d06431379be5683	0	237725	player	libopenmpt	Digital Symphony	4	66468	c58d0ca7	af143f3d	MISC/12/MINOAN
ea33b48eeed7289204a0617d3cdd89ea	0	181888	player	libopenmpt	Digital Symphony	4	37464	9fbbc0f3	e8f253de	MISC/08/GLOVER
ea348c4f5b2f7fe72b9f99680608147f	0	276068	player	libopenmpt	Digital Symphony	4	65640	967fed44	b6061b1b	MISC/03/ARVID
ea62bd38aab81fa2816f7d439bb42011	0	235808	player	libopenmpt	Digital Symphony	4	128540	1e4d3305	7024b3e8	DEMO/01/GLOBAL_VIS
ea6760f71bdad7ba2ae68a9b879e41c8	0	530089	player	libopenmpt	Digital Symphony	4	69348	0a12515c	79a1ac53	MISC/07/FILEDSOF
ea6eb04612e81421cd11fa1c175ee446	0	153031	player+silence	libopenmpt	Digital Symphony	4	46640	16a16ae1	22a7cfd9	DEMO/05/KILROY6
ea9e95e77469c357c5f407044a53f35d	0	718808	player	libopenmpt	Digital Symphony	4	255800	ef10169e	ea4431c1	DANCE/HARDCORE/INHERTSTAR
eaaeed746e6cf3878b854850d1da55a7	0	230057	player	libopenmpt	Digital Symphony	4	107756	0a857c43	021e27e3	MISC/06/CONTROL
eab470a844c109235728a0747ff0cbdf	0	262009	player	libopenmpt	Digital Symphony	4	94808	c264abb0	33dbe689	SOFT/PAINO/AGONY2
ead14e46d78249cb8faabf6b59c4ccfe	0	191714	player	libopenmpt	Digital Symphony	4	140556	47de7565	9928a01e	ROCK/SOFT/TSV
ead4bb31f3e02e7a967fefa79b25b8b5	0	196548	player+silence	libopenmpt	Digital Symphony	4	72204	18995679	69aadd98	SOFT/MELLOW/YUMMYGAP
eaf03e39332f37c7f64fa95bcc184096	0	297932	player+silence	libopenmpt	Digital Symphony	4	39300	15672c9c	e7c82c80	DEMO/03/BACK
eaf12e0e5ce0b8be735c28ce769316b5	0	217315	player	libopenmpt	Digital Symphony	4	117504	7d648e44	e757066c	DANCE/RAVE/100HZ
eafb7ddf6b870572a5c412302409f84b	0	154469	player	libopenmpt	Digital Symphony	4	93228	dfb7c1f5	81606240	SOFT/JAZZFUNK2/MINDRIO2
eafb7ddf6b870572a5c412302409f84b	1	117904	player
eafb7ddf6b870572a5c412302409f84b	2	7828	player
eafe454209a80b29c70af995626ed3ba	0	31153	player	libopenmpt	Digital Symphony	4	14780	6aec95d0	bfee0473	SOFT/JAZZFUNK1/SWINGTHEPU
eb018df4bfd35b4c1456cbefe114de25	0	201060	player	libopenmpt	Digital Symphony	4	64164	947fa867	14f698a1	VOYAGES/ENVIROMENT/AFRICADREA
eb140f6650b83f31859ed4d5391aa362	0	314411	player	libopenmpt	Digital Symphony	4	40208	e1ad7eeb	96b48107	MISC/08/GODZILLA
eb2e3654c0547e64a37ef8f8a56ba235	0	107359	player	libopenmpt	Digital Symphony	4	24032	7ca86b88	1faeeb46	MISC/10/SOLODRUM
eb4c170515272c3bcb5131c017dd2f95	0	282688	player+silence	libopenmpt	Digital Symphony	4	259340	a6d3d256	6e3c919a	QUICK/BEAT_MAX/EXTASY
eb5842e08e1daee50b7b915bfaecc3ec	0	313631	player+silence	libopenmpt	Digital Symphony	4	126248	2fdfe50c	fd71d955	SOFT/MELLOW2/WIZARDRY
ebc31f06ea465e21cc40031420f39d49	0	169667	player	libopenmpt	Digital Symphony	4	179468	8127d27a	96bc0ca4	MISC/03/CD2PART3
ebc960a8d2b44a59ace295f98465a0d6	0	194115	player+silence	libopenmpt	Digital Symphony	4	78504	f618a173	1d155900	MISC/10/SPACECRU
ebda730ede684c9a9a20ad5169517b9e	0	245002	player+silence	libopenmpt	Digital Symphony	4	143376	b37a9797	156293c6	DEMO/03/BACKTRAC
ebdbb87fbbf569cc12c62325e005afcd	0	220943	player+silence	libopenmpt	Digital Symphony	4	122640	dc04f70f	4122d514	DANCE/ACID_TEKNO/BLASTAGONY
ebdcb61a268a85effb47e4cf218e9c8b	0	260430	player+silence	libopenmpt	Digital Symphony	4	96076	61e4995a	eb128c64	DEMO/02/SYNTHEMES
ec096a80ee54740f79f6f6557bc2b4f8	0	54762	player	libopenmpt	Digital Symphony	4	198048	9d387558	10e5544c	DANCE/DANCE1/DISCOGRAFF
ec2d350d937f9d60f601523fb62d1c7c	0	205134	player	libopenmpt	Digital Symphony	4	45424	2a85d4fb	a9d83ba5	MISC/06/COUSTEAU
ec3bdbae819e077fd55b7bf6240ba6bf	0	130365	player	libopenmpt	Digital Symphony	4	57140	79118513	68e99827	MISC/03/AND_SERVAN
ec3bdbae819e077fd55b7bf6240ba6bf	0	130365	player	libopenmpt	Digital Symphony	4	57140	79118513	68e99827	MISC/12/MASTSVNT
ec618b7bfddb9cd424b06095e19b5fc3	0	651828	player	libopenmpt	Digital Symphony	4	92404	42bc36d2	c2c2c7fe	QUICK/POP/THEINS
ec983dd014b9984bfa6428e63989c53d	0	168708	player	libopenmpt	Digital Symphony	4	90744	ac045500	863b73d4	MISC/05/BREAKOUT
eca515486d14a74993f714fd712b9cea	0	316691	player+silence	libopenmpt	Digital Symphony	4	90368	6f13f93f	3e2b0224	MISC/02/ALTITUDE
ecaa96b6758ae5d243cc457b6d3f7b3f	0	244547	player+silence	libopenmpt	Digital Symphony	4	106304	39e80381	e6cf6cc4	DEMO/04/FVINTRO
ecb25021808e927b1de75812d696a5e7	0	277346	player	libopenmpt	Digital Symphony	4	88892	b5c0d980	fec504e0	MISC/13/NIGHTVIS
ecc48e1ae872586de8ccd96607d188eb	0	168708	player	libopenmpt	Digital Symphony	4	100088	b0ce9100	3fbc7edb	DANCE/RAVE/ACID_AGE
ecc48e1ae872586de8ccd96607d188eb	0	168708	player	libopenmpt	Digital Symphony	4	100088	b0ce9100	3fbc7edb	MISC/05/ACID_AGE
eceddc11344fbef2e25d7e8c39055487	0	118345	player+volume	libopenmpt	Digital Symphony	4	160108	bbf6b5f2	cbe44d8f	SOFT/JAZZFUNK1/STOPPRESS
ed0582d388777d7ed9c226a99260d2b2	0	76685	player	libopenmpt	Digital Symphony	4	9212	b4db816f	32df6290	MISC/09/HOTWIRES
ed0ac069010f4dc9b77c67f27ac85c71	0	254146	player+silence	libopenmpt	Digital Symphony	4	60396	f0d345f1	a8b94c29	QUICK/BEAT/BEAT
ed1361b95642e70b91686b59dc43b963	0	65182	player	libopenmpt	Digital Symphony	4	27580	05bc7365	f18d869d	FUN/FAMILIAR/LEMMINGS4
ed23a5d8d166a46a312a496d9946a9f0	0	84354	player	libopenmpt	Digital Symphony	4	26332	530372d8	99282ce3	MISC/01/JELLYFISH
ed4a05ba184be63236bc05eac9c436a7	0	81957	player	libopenmpt	Digital Symphony	4	23212	14e92db3	ac708ad0	DANCE/DANCE2/THENEXT
ed4b66cc3e8ccfe607d39e07d308bf16	0	146095	player	libopenmpt	Digital Symphony	4	57076	e0f0d40e	8338c297	MISC/04/OUTBACK
ed4bf111d72dc03c46a566b6b0b6cffc	0	432280	player+silence	libopenmpt	Digital Symphony	4	51788	ada82647	41b74dbc	DANCE/RAVE/BADVOICE
ed6973d1c7c51822c746c132e92c4f77	0	171707	player+silence	libopenmpt	Digital Symphony	4	109100	f8ed01f9	3d00080d	MISC/09/JARRE
edb5ef0a88d5dcfd2c483fd4a6ca7b02	0	95697	player	libopenmpt	Digital Symphony	4	42904	8781bfe6	70f09e89	MISC/10/LIMELIGH
ee32b7f304fd34edca24158453515ae6	0	70454	player	libopenmpt	Digital Symphony	4	127552	2a4a5314	4aa7a15a	SAMPLE/MIX/FEE
ee3d7bacd3bd218a148da9fbe7a71bd2	0	198578	player+silence	libopenmpt	Digital Symphony	4	36076	a1901943	4817cf4c	SOFT/PAINO/ACOUSTIC
ee3e96c4a497743bb57535f860befaf3	0	168708	player	libopenmpt	Digital Symphony	4	41184	69e19c10	04e1c11c	MISC/13/NURD
ee4b4b9f1b5d4b3cc2fbdde0a4f53568	0	268066	player	libopenmpt	Digital Symphony	4	164688	2c217c93	3c05f95f	DANCE/DANCE1/COMINGTO
ee575066a19e7984167100d356900bdf	0	339146	player+volume	libopenmpt	Digital Symphony	4	155756	4a264ef2	5f857202	DANCE/DANCE1/DOPE_REMIX
ee7b11eb8186c676e38f221c83bfd11b	0	82437	player	libopenmpt	Digital Symphony	4	6740	91f48f7a	875a4419	MISC/09/INMENU1
ee8ab5f731298b92cb448d2b83aac0b6	0	245174	player	libopenmpt	Digital Symphony	4	158416	1b6adf7b	baab6114	DEMO/04/DEMOMOD1
eeb15822aea64c81188cca86dee5b43d	0	149163	player+silence	libopenmpt	Digital Symphony	4	105288	f08e24f1	22f4fde1	SAMPLE/MIX/CHPPRTN0
eeb296313ec13ca529fd19596b7db85a	0	201070	player+silence	libopenmpt	Digital Symphony	4	49428	0da7d57d	15469cf2	MISC/08/FLIGHTTO
eec1625f2136ea2b19b6cb48988e9e2a	0	191714	player	libopenmpt	Digital Symphony	4	47260	d3ac139b	6e999b7c	DEMO/04/DEMO_NO1
eef657f84d3c90a7eda4188e1ebe9c40	0	126357	player+silence	libopenmpt	Digital Symphony	4	163720	60014ab9	a5c22746	DANCE/RAVE/RAVEX2PR
ef002fe25650acc4beeda20083d30087	0	143146	player	libopenmpt	Digital Symphony	4	38300	e1370c31	8ed06315	DEMO/03/STARST1
ef324246cb8b06b58d83dc3006908502	0	191714	player	libopenmpt	Digital Symphony	4	153636	5bad0d34	eac429d9	MISC/11/ANNA
ef421e9ffcaa0ee79cdb6e5ac36d7c52	0	303627	player	libopenmpt	Digital Symphony	4	142560	7f33950a	59f13f5d	MISC/13/NIGHTMAR
ef725c9ae026d7ad2982683f6fd65813	0	107359	player	libopenmpt	Digital Symphony	4	44340	614340fe	387fa41d	SAMPLE/MIX/INDUSTRY1
ef73e788463b04544fc0291f53887180	0	284737	player	libopenmpt	Digital Symphony	4	129620	47b9a814	7dcacb6a	DANCE/ACID_TEKNO/TRIPTOZOO
ef979b69a7cc1c641a613ac6a0ee69d4	0	57993	player	libopenmpt	Digital Symphony	4	58504	88c77d19	04cecc54	MISC/14/CHICKENSNG
efac922c408dad3affdb52996a130ab3	0	101608	player	libopenmpt	Digital Symphony	4	34848	0ea16902	0e4b8484	MISC/06/COPENHAG
efb55e6ffc9710f570e2314463860b59	0	208489	player	libopenmpt	Digital Symphony	4	235484	f193dabc	f551a98c	DEMO/01/PLNTGROOVE
efc3e71107c799268e3cd08b184d5d94	0	115028	player	libopenmpt	Digital Symphony	4	11716	43084087	60190c24	MISC/04/CHIPSONG
efdf955eb8390846efa6ab595ba55ca7	0	318744	player	libopenmpt	Digital Symphony	4	77692	836c1b1f	fe1c60bd	QUICK/POP/SLOW_E
f0124027f0f05958d247bf14e6e903fb	0	253062	player	libopenmpt	Digital Symphony	4	49380	8186db73	80b19cb2	MISC/14/GNELFTHEME
f021dc4cee0bd156bcf96e2e5496df28	0	136673	player+silence	libopenmpt	Digital Symphony	4	47668	e16b2d2b	b415b235	MISC/01/STEAM
f021dc4cee0bd156bcf96e2e5496df28	0	136673	player+silence	libopenmpt	Digital Symphony	4	47668	e16b2d2b	b415b235	MISC/11/STEAM
f040636780b992250cba6aab2df7e3d1	0	101055	player	libopenmpt	Digital Symphony	4	115724	a163f65f	0d188d88	DANCE/RAVE_PLUS/BSTORM2
f04ab6138ddf623e4a6016227d7a0e0a	0	271329	player+silence	libopenmpt	Digital Symphony	4	71556	499a8824	4f9c5df2	MISC/06/DLM4_REM
f0594f2fbe7d5acd1f4d24f4bfc7d1cf	0	278647	player+silence	libopenmpt	Digital Symphony	4	77148	83f2814f	82d235ac	MISC/04/BBB
f0843b49d4e113c16151085f92d0898d	0	332750	player+silence	libopenmpt	Digital Symphony	4	20128	94e5284a	92f9c77e	DEMO/01/THUNDRSTAR
f0843b49d4e113c16151085f92d0898d	1	100330	player
f0843b49d4e113c16151085f92d0898d	2	289089	player
f0ba3f2b05fe2330cbf6f9b018f8b63d	0	247218	player+silence	libopenmpt	Digital Symphony	4	104704	b34a63af	da596dcb	MISC/13/SCHITZO
f0ba5c651147b15ed9351ba0988f6ea4	0	247212	player+silence	libopenmpt	Digital Symphony	4	116968	9347cfc0	791f4c40	VOYAGES/SCORES/DONGFA
f0bffb65c4f3be71df638154e18c191e	0	201899	player	libopenmpt	Digital Symphony	4	56928	925ade54	814d1af2	SOFT/STRING/TOPSECRE
f0cb0301883c963242015dff4282d9fd	0	477628	player	libopenmpt	Digital Symphony	4	90676	391010bd	ad19346c	MISC/10/KNULAKUK
f0d9337fd969f666abd0c0cf214b37f7	0	188130	player+silence	libopenmpt	Digital Symphony	4	79476	33110aa6	87126c20	SAMPLE/MIX/MASTER
f0da4ae2628dfd870f885bc4fad7379c	0	232911	player	libopenmpt	Digital Symphony	4	77124	d3354aca	34925ce8	ROCK/HEAVY/ANGIE_S
f0e5fcf2332bbdf1514ac9e6e7a2a664	0	199986	player+silence	libopenmpt	Digital Symphony	4	70492	a1a2c61a	73023eb0	SAMPLE/MIX/MANDELDUST
f0e5fcf2332bbdf1514ac9e6e7a2a664	0	199986	player+silence	libopenmpt	Digital Symphony	4	70492	a1a2c61a	73023eb0	SAMPLE/VOCAL/MANDELDU
f0ed6533dec01403e5181415139ce818	0	88104	player+silence	libopenmpt	Digital Symphony	4	35500	7772f20b	ed2d9b22	DEMO/01/SLL3
f10947366d757c3bf3edc814acb8ad4e	0	291405	player	libopenmpt	Digital Symphony	4	40412	e5e90551	394a5b3a	MISC/02/SLEEPWALK
f1644a913d14040c7d5edcccb7f039ee	0	176377	player	libopenmpt	Digital Symphony	4	21024	c69e9912	41c5f89a	MISC/04/BONITA
f17059b6e61bfac189d03e7b3cd1ad38	0	207051	player	libopenmpt	Digital Symphony	4	38368	1fcf31dd	08861625	MISC/14/RUNTOYOU
f1755c57631382fba5aa4ab2bd98198d	0	121419	player	libopenmpt	Digital Symphony	4	115100	99950dc4	6d1c5ff5	DANCE/RAVE/TEKNOSJOCK
f1946f0fbc4b28698c29bcd17574211f	0	130365	player	libopenmpt	Digital Symphony	4	31492	6522e614	fa833acf	QUICK/PULSE/DUGGER
f19a8aafefac203b8e0315eae886666f	0	97135	player	libopenmpt	Digital Symphony	4	51500	aa34505f	dd3ded98	DEMO/01/SHAREEM
f1a33f856a5b385de8a49699171c17d9	0	368091	player	libopenmpt	Digital Symphony	4	84080	38f72697	126453d2	MISC/07/ELECTRIC
f1cd6757ecc2d7f2535c0d89df5cefd3	0	30674	player	libopenmpt	Digital Symphony	4	20820	a4748cca	7b5c2ad5	DEMO/04/FLYING
f1d866a1b7efb09fa51fb6b89a55c79e	0	447231	player+silence	libopenmpt	Digital Symphony	4	110344	dae0b6ff	16eae90e	QUICK/POP2/VARIAT
f1e8c5f98387c54e1b5ecf1db5f761ce	0	184045	player	libopenmpt	Digital Symphony	4	84996	af9e2f27	a86e0b3e	SAMPLE/MIX2/THEORY
f1f36127dd0b9d73728e726a38e5f390	0	237725	player	libopenmpt	Digital Symphony	4	92756	fe95679f	06c2f3b9	SAMPLE/VOCAL/PUMPUPJA
f1f48c19cb39e8ecaa10f3b45d4ea393	0	207536	player+silence	libopenmpt	Digital Symphony	4	201372	ec03de19	22ed7dee	MISC/14/TREPEDIA
f2028a51e8f552137e1d59da224d1ba9	0	176377	player	libopenmpt	Digital Symphony	4	34232	5ce943ff	28f98f58	MISC/09/JOHN1
f20635f2d24788b0ac3cfbd7d7d9bd72	0	213167	player+silence	libopenmpt	Digital Symphony	4	72816	67eeb222	e31b4670	MISC/07/ECSTASY
f251b701cea72086563f54191a9f581e	0	76685	player	libopenmpt	Digital Symphony	4	31408	d48b7c32	5fbf236d	MISC/06/DAWN
f2553e7e20cb6161c4b574bd46afbfdc	0	161039	player	libopenmpt	Digital Symphony	4	80668	02cc9e7c	ee35664b	SOFT/JAZZFUNK2/CLOUDJU
f258e36fb92e4caf6db5c9ca0f7cc9dc	0	372290	player+silence	libopenmpt	Digital Symphony	4	61784	770622fa	7a9a7d18	SOFT/NEWWAVE/ENLIGHTMEN
f2598dd98d4f8f03f33ac04cf073350d	0	24052	player+silence	libopenmpt	Digital Symphony	4	46900	a2abf2ee	e5cf2389	SAMPLE/MIX2/SKYJINGLE2
f2660abbba93f214935ffbcdf47e123f	0	633993	player+silence	libopenmpt	Digital Symphony	4	57640	ad739866	58752390	MISC/01/ZINE8
f2adc78ccb70098ff959c102ebc8364a	0	199382	player	libopenmpt	Digital Symphony	4	91008	14550d38	141d7a14	DEMO/04/GUMMISNO
f2b56320536a7837663a1c84fbb83e50	0	301538	player+silence	libopenmpt	Digital Symphony	4	127852	e5f3e50d	aa8d109c	DEMO/02/XSNEEDFREE
f2e5c8ce044df51470274c48991f2e8d	0	185583	player	libopenmpt	Digital Symphony	4	66216	c1f0166e	2b4866dc	MISC/08/FUNKEY
f3121a8c8e5879b9066343bc595d5ad2	0	293961	player	libopenmpt	Digital Symphony	4	216220	cb1e4583	01b09918	DANCE/DANCE1/HOUSEUHHH
f345b4f1a1483356b41303f0005edb17	0	182767	player	libopenmpt	Digital Symphony	4	53216	2b17052d	a1937e40	MISC/05/ACTIONON
f345b4f1a1483356b41303f0005edb17	0	182767	player	libopenmpt	Digital Symphony	4	53216	2b17052d	a1937e40	MISC/05/ACTIONS
f394b4a5bd6984679d6e578594b4df3e	0	426883	player	libopenmpt	Digital Symphony	4	35012	b05790df	5c0ef024	QUICK/SMALL/CRUSADE
f3ae668265bf8080f5fdad2bc859f165	0	397298	player+silence	libopenmpt	Digital Symphony	4	56532	0bf35c1d	64354ff0	DANCE/DANCE1/C
f3ae668265bf8080f5fdad2bc859f165	0	397298	player+silence	libopenmpt	Digital Symphony	4	56532	0bf35c1d	64354ff0	MISC/13/PUSH
f3bfad0f21262ca1589adaef351b62c8	0	196003	player+silence	libopenmpt	Digital Symphony	4	122520	9226d077	cd5be6a9	SOFT/JAZZFUNK2/SEX_DRUGS
f3daed3a19be088484d6380dfc7b37b0	0	278414	player	libopenmpt	Digital Symphony	4	97044	c2e586ee	303576d5	VOYAGES/ENVIROMENT/OVERTURE
f3efff9a8ac2453a505f315812382043	0	261623	player+silence	libopenmpt	Digital Symphony	4	53432	f972ca5d	797fe622	ROCK/SOFT/MAXHIGH
f41115f9f4204cc43729b0a7d10a95f1	0	277626	player	libopenmpt	Digital Symphony	4	120256	82a9e2ea	e815106c	MISC/12/MERCURYW
f41ad713633e59b8bc33d34d73664353	0	387262	player	libopenmpt	Digital Symphony	4	192840	dcd17901	fa7c9220	DANCE/DANCE1/TKKNLGICAL
f4269517ae44b8c99dbf42440fe052e3	0	117584	player	libopenmpt	Digital Symphony	4	93080	ac047874	1c31268f	MISC/04/HABOMENU
f42ccf6f459b2c476f43afe36cd9d27b	0	506135	player+silence	libopenmpt	Digital Symphony	4	80744	5d17cd5a	b5cb5b56	DEMO/03/TINYTUNES
f435644dc0d0fcb2e3605d27c12afe5e	0	216757	player	libopenmpt	Digital Symphony	4	122940	9df1c327	adfc03de	DANCE/RAVE/MR_GUS
f43889a2ff45df54cd2f9889c56ddad3	0	198444	player+silence	libopenmpt	Digital Symphony	4	104376	f7f0c3ff	e7a4f6f1	ROCK/SOFT/BLACKMORE
f46852b240d38a5c050e673b614d3d0d	0	118962	player	libopenmpt	Digital Symphony	4	119420	c18087cc	db87bfbc	SOFT/JAZZFUNK1/FUNKANETTE
f47d95a903b1a619f5ba2968c47b21f2	0	150831	player+silence	libopenmpt	Digital Symphony	4	90972	63d18892	fba4f9c3	QUICK/BEAT/MODDRUM_M
f4891d224b256802d92ea5b96a822a0e	0	179114	player	libopenmpt	Digital Symphony	4	180316	41fbfd33	b1f1af81	DANCE/RAVE_PLUS/BSTORM3
f48a7c952b9170b56d24f39e3311b268	0	278245	player+silence	libopenmpt	Digital Symphony	4	34068	1a08cd3d	ac2fb706	SOFT/JAZZFUNK1/RACINE2
f48f33ae63b215828a9e211de984f2a4	0	276068	player	libopenmpt	Digital Symphony	4	41676	0661785e	9513d8f7	QUICK/PULSE/LEPELTHEME
f49ed93d6220d424e34608320d53bcd8	0	153371	player	libopenmpt	Digital Symphony	4	98556	3d93e363	b22a3b64	MISC/04/ORI
f4a8fa88f93c212625bece349002b3b0	0	138034	player	libopenmpt	Digital Symphony	4	127448	bc3a26aa	2c6d672c	QUICK/POP/WORLDOF
f4ab3f5428c2b9d581386679a27d491b	0	69017	player	libopenmpt	Digital Symphony	4	7488	e6b07656	e5ad1b8b	MISC/06/DRUM01
f4b88cef8ba570a8de1b7003dc438905	0	297852	player+volume	libopenmpt	Digital Symphony	4	63528	6e679362	7075ba37	MISC/11/FLUXLA
f4bd589885988b4ddd9fb6e81685d5a6	0	323258	player	libopenmpt	Digital Symphony	4	136284	448d7f93	538d5a64	SAMPLE/VOCAL/FYS_JOE2
f4c48b0e33641fc8baa32158502a31c5	0	207111	player	libopenmpt	Digital Symphony	4	91772	56fe0566	f47ea0f3	MISC/06/D_DREAD2
f4c5646334f4a996fc17573102909c7b	0	86111	player	libopenmpt	Digital Symphony	4	66580	8d7466e0	cd8c84a5	FUN/TVFILMMIX/DRSNUGGMIX
f513cdc988ede78c5c31256459b9a4f1	0	229937	player	libopenmpt	Digital Symphony	4	61288	c587b0c8	d0e3acc0	MISC/02/TRAINBEAT
f518743fc7680cd86a474b0e00232b41	0	138042	player+silence	libopenmpt	Digital Symphony	4	149340	562419bb	0dd30ad3	SAMPLE/MIX/CREAMLEM
f51ab648c6e9bdf669e42a2f00db8a51	0	80899	player	libopenmpt	Digital Symphony	4	61992	7e352028	fc544057	MISC/14/RAZOR
f52f3bb22408ade01762d5b50fb260ea	0	306483	player+silence	libopenmpt	Digital Symphony	4	106324	22f2334e	0398672b	QUICK/POP/THETRIM2
f551a9b7f9d565f775d18168fc869425	0	189401	player+silence	libopenmpt	Digital Symphony	4	124288	5c8a726e	2a57826e	DEMO/05/SHADOW
f560b41a94754d52a3fe784c3d8f7965	0	130365	player	libopenmpt	Digital Symphony	4	45128	96a05de3	0e45e220	QUICK/BEAT/TAKEOFF
f5be3108449f2b273d7d5c15075ab0e6	0	139591	player	libopenmpt	Digital Symphony	4	65252	ca269189	e5eb7101	DEMO/05/FIRSTONE
f5be3108449f2b273d7d5c15075ab0e6	0	139591	player	libopenmpt	Digital Symphony	4	65252	ca269189	e5eb7101	MISC/08/FRSTNDWN
f5c5b07520aedba98442a7e393ac9750	0	134199	player	libopenmpt	Digital Symphony	4	86152	ee0878c5	4bca68d5	QUICK/BEAT/ZHALLOW
f5d88418242a776b72b3b340015f680a	0	138034	player	libopenmpt	Digital Symphony	4	53332	c873887b	2016974d	QUICK/BEAT_MAX/CLAVES
f5dab609796eb3d9329a770ca9f28ab4	0	276068	player	libopenmpt	Digital Symphony	4	37240	5cdf6c50	ee9121c0	QUICK/POP/OMNI
f5eb6ddcef387371033e88dd331f1522	0	80519	player	libopenmpt	Digital Symphony	4	8948	459766f4	0888ca5a	QUICK/SMALL/SHATTERE
f5edf21d4b4f5b8e14c377d619f32932	0	153371	player	libopenmpt	Digital Symphony	4	72936	a00d23c1	38cfda5f	DEMO/01/KAWAI_K1
f62ad47732abdd38c22e3b6eb79bee7a	0	295479	player	libopenmpt	Digital Symphony	4	86568	b1726695	d0272465	MISC/12/MODPHANT
f63ea1a39726849be6a14b0449c391fa	0	125772	player	libopenmpt	Digital Symphony	4	89468	40d4baf7	90328de0	SOFT/JAZZFUNK2/LEMON
f64bf9a2ecdb9887f60abadf704d4fe5	0	309498	player	libopenmpt	Digital Symphony	4	90664	3164605e	29910e7a	MISC/04/COLMBIAN
f64e3d3cb16d8b17f397b7ee9d6e560d	0	203536	player	libopenmpt	Digital Symphony	4	176960	4bc65a5a	3886c27b	SAMPLE/MIX2/RANMAHIT
f67cfaa3905addb982c8cd6570f3a73f	0	322299	player	libopenmpt	Digital Symphony	4	63720	7cb3e711	554bc26a	QUICK/POP/WELLMAKE
f67e3ed47772703b021e7bce7ac10d63	0	122697	player	libopenmpt	Digital Symphony	4	31996	b48d7af6	e21dd22f	MISC/02/DOSKPOP
f6b5707bdd6aab3462b5c1873a1d6cad	0	275086	player+silence	libopenmpt	Digital Symphony	4	91556	d14f8482	e0cdd735	QUICK/POP2/BASIC
f6bfa05d0ce87a250000d6fbaf712742	0	231555	player+silence	libopenmpt	Digital Symphony	4	89412	7af89d4b	abe2e691	MISC/07/DIE
f6c17097105c9b14c39f576079ace761	0	253062	player	libopenmpt	Digital Symphony	4	131328	87b36c87	c87a4130	MISC/08/HIDDENTR
f6cf2db4ee07b64bbdaac21096eb3e9e	0	130365	player	libopenmpt	Digital Symphony	4	8376	5eff1d84	53d5a455	DEMO/04/COOPTUNE
f6e2487719db0c4d7ce4801648354942	0	345784	player	libopenmpt	Digital Symphony	4	18208	ec0bf90a	622e1173	ROCK/SOFT/LEAVEMEAL
f6e2487719db0c4d7ce4801648354942	1	5751	player
f6e2487719db0c4d7ce4801648354942	2	3834	player
f6f0d492485ddeb63ecb806aadfb8942	0	176377	player	libopenmpt	Digital Symphony	4	161820	eb5063b8	d514cbde	MISC/11/ORCHOP
f764b869c9855b9e9510a18412a5eede	0	541004	player+silence	libopenmpt	Digital Symphony	4	54640	0c706831	ce104a7b	MISC/13/NEGLIGEN
f764b869c9855b9e9510a18412a5eede	0	541004	player+silence	libopenmpt	Digital Symphony	4	54640	0c706831	ce104a7b	VOYAGES/SCORES/NEGLIGENT
f780e9bfff5763c65db771ad3a6e1e08	0	162897	player	libopenmpt	Digital Symphony	4	55872	9208dadf	368f070c	DEMO/02/SWAMP
f780e9bfff5763c65db771ad3a6e1e08	0	162897	player	libopenmpt	Digital Symphony	4	55872	9208dadf	368f070c	DEMO/05/DEADMA
f780e9bfff5763c65db771ad3a6e1e08	0	162897	player	libopenmpt	Digital Symphony	4	55872	9208dadf	368f070c	MISC/06/DDMNSSWM
f786135bda734c7319a3ce018f57491d	0	150011	player+silence	libopenmpt	Digital Symphony	4	161684	2ce84480	ebea5f16	QUICK/POP2/G_O_T_A
f786fa7981b7d87181dbdb5d93316a0e	0	320681	player+silence	libopenmpt	Digital Symphony	4	48712	0e8fe8d1	5fa9f454	DEMO/04/G7
f78f6f11bf3f6af1944f2d8cfb54d24c	0	667564	player	libopenmpt	Digital Symphony	4	112860	3c7556ae	ce3b4359	MISC/01/EURO22
f795fcc46b4ca368fb8bf7b5ec2d2fb7	0	154834	player+silence	libopenmpt	Digital Symphony	4	110116	e5215b08	d89e3ed0	SOFT/BLUES/JUST4BLUES
f7a122c105ca077c46e9afdd157eb623	0	404450	player+silence	libopenmpt	Digital Symphony	4	32220	3f28e856	c1a97a86	MISC/12/MOBITE
f7ac0a2dc2c5b0d6ced7cce441319369	0	180211	player	libopenmpt	Digital Symphony	4	47864	1d7e25ed	8b3b39b1	MISC/02/2NDELEGY
f7d1d5a39e52306fedae32c9b42eae60	0	260731	player	libopenmpt	Digital Symphony	4	38036	f73eeb72	adab018f	MISC/05/AMEGAS
f7d2f090170593d5263071b85d3d5337	0	404836	player	libopenmpt	Digital Symphony	4	73236	b05e40a0	90cd2df5	SOFT/MELLOW/FABIOUS
f7de89e0f173d3d96d93239ec89f6101	0	186302	player	libopenmpt	Digital Symphony	4	142516	53f9ea04	626f93f5	SOFT/JAZZFUNK1/ELEKTRIK
f7e6aead30527cf4b2ad7de70214874f	0	69017	player	libopenmpt	Digital Symphony	4	25596	e4d00062	3fc6b4ff	MISC/02/GIGABYTE
f7e9eef6626940100d43fa4198034851	0	122697	player	libopenmpt	Digital Symphony	4	64348	c7fe88b6	a44d927d	MISC/02/YAUNT_SP
f80a88976d59ef7d48cdd287a4489f0e	0	76685	player	libopenmpt	Digital Symphony	4	9664	c7dcd7f4	d0f20b52	MISC/12/MENUMUS3
f835a01277a93243079fa1562499e5fb	0	196643	player+silence	libopenmpt	Digital Symphony	4	49548	fed6021b	82ec3b37	DANCE/ACID_TEKNO/BLACKOUT
f83975a0ee5519f366d1b3e57aa4e947	0	222388	player	libopenmpt	Digital Symphony	4	126428	eee387cf	a07cb1bf	DEMO/04/GRSHOUSE
f8593d6c7133500f6ea7b4564c63b385	0	217735	player+silence	libopenmpt	Digital Symphony	4	125572	9f560bcb	1097d8b4	SOFT/NEWWAVE/HARAKIRI
f859c68fb43e19a146c1816fcd93c174	0	127809	player	libopenmpt	Digital Symphony	4	7856	46c3e1aa	115edfef	QUICK/PULSE/HIP2
f859c68fb43e19a146c1816fcd93c174	1	63904	player
f8777ca341c7cc9e174728f059d63082	0	15337	player	libopenmpt	Digital Symphony	4	39276	de5547cf	83668e64	MISC/04/CHASEHQ
f8777ca341c7cc9e174728f059d63082	1	7458	player+silence
f8777ca341c7cc9e174728f059d63082	2	20449	player
f8777ca341c7cc9e174728f059d63082	3	54978	player
f8777ca341c7cc9e174728f059d63082	4	28757	player
f8777ca341c7cc9e174728f059d63082	5	56236	player
f8777ca341c7cc9e174728f059d63082	6	7029	player
f8777ca341c7cc9e174728f059d63082	7	12780	player
f88b7d8d4eda596e1df906673e6ac632	0	92022	player	libopenmpt	Digital Symphony	4	38164	e7ea620e	b78ee974	MISC/08/HEAVY
f8913ef4bb2f9f97de84c1325994fe28	0	141518	player+silence	libopenmpt	Digital Symphony	4	67764	8f34b6b4	97048816	DEMO/02/APOPLEXY
f8a48385aa08003aa5d0504481034014	0	274785	player+silence	libopenmpt	Digital Symphony	4	92708	23098fbd	f830cdda	SOFT/JAZZFUNK1/SAXAMONIC
f8b391a1cbfe71fbcc0004f1de13cb62	0	251605	player+silence	libopenmpt	Digital Symphony	4	151008	102ffed3	6a0bdb86	MISC/08/GLORYLVE
f8b905eac048e1b29154268be09cbff8	0	304759	player+silence	libopenmpt	Digital Symphony	4	43488	27bc21b5	dc8ce29a	MISC/13/RAPPSTAN
f8fb1e08684476dc18cb436249c58537	0	420095	player+silence	libopenmpt	Digital Symphony	4	135888	863c4777	6273f8a2	DEMO/01/MXVELOCITY
f90259fe5f7db192624534d54ed85fd2	0	107359	player	libopenmpt	Digital Symphony	4	32612	6c056b77	01955ed3	DEMO/04/VULCANOS
f913d8cc8f59f18e1fdffa8f9f1cf108	0	284820	player	libopenmpt	Digital Symphony	4	164476	8d8f10ee	acdba540	DANCE/ACID_TEKNO/SPACEHEAD
f9144d7d94bbf4488b1d9230066936d1	0	260970	player	libopenmpt	Digital Symphony	4	140528	b69f7a17	3b99ef99	DEMO/02/COSMIC_RUN
f91b5120b1c0c9614b8188f4f9f446a3	0	76685	player	libopenmpt	Digital Symphony	4	20424	e35a7996	25aea8f0	MISC/02/UNIT_A
f93b651d3baa34828dd6e731cce771bf	0	183916	player	libopenmpt	Digital Symphony	4	43060	b0725e59	50ced5c0	SOFT/NEWWAVE/FLOW
f97ac3765e3dfb95134e814b7bc6ef45	0	190020	player+silence	libopenmpt	Digital Symphony	4	41024	c107f9a9	9004d0ee	SOFT/PAINO/CARPE_DIEM
f9c885aed0e044a7d881f8d4e3825f86	0	182521	player+silence	libopenmpt	Digital Symphony	4	140492	c84d5d17	1c62ee7e	SOFT/STRING/RESISTANCE
f9d5a1b22effe47c23778cfb8b2f3f59	0	164549	player+silence	libopenmpt	Digital Symphony	4	86916	f198f3be	ba2fba7e	SOFT/JAZZFUNK2/VELOMATR
f9da8f051903a6cc325cf52d12fcde4a	0	73490	player	libopenmpt	Digital Symphony	4	84412	4945b51a	b4aa20c0	MISC/01/VOMIT
f9e539a73b4efbd71191e9533c182272	0	112272	player	libopenmpt	Digital Symphony	4	16660	228e3b4f	cfc28aa4	MISC/09/JCGE
f9ebfe772f742ca3244ce767f4143cf0	0	116352	player+silence	libopenmpt	Digital Symphony	4	170936	3b1d097c	5398badb	SAMPLE/VOCAL/BASKETBALL
fa3fb22d6a4960a764908d5524cef2f7	0	506883	player+silence	libopenmpt	Digital Symphony	4	315112	15fc6923	a5e7591d	SAMPLE/EXPERIMENT/MEANINGLES
fa44b56c9b0608d12e17c0024bbb6c1e	0	214719	player	libopenmpt	Digital Symphony	4	53656	3eb2a225	29d4108b	MISC/10/LSSNSNLV
fa44dc6362b3df423f3cc58576744050	0	115028	player	libopenmpt	Digital Symphony	4	35776	472d6746	c47d9102	MISC/08/HARDLOA2
fa45f80e965a424d6558421489aaf603	0	195592	player	libopenmpt	Digital Symphony	4	100208	2d45a3dc	d9221abd	DANCE/RAVE/LIVEXP_37
fa4812cb4672657cd283c57033fe8f94	0	166812	player	libopenmpt	Digital Symphony	4	81376	978b01b0	909bb68f	MISC/13/NEWMATYB
fa4ab20624e76ed69fc80c214093500a	0	510562	player+silence	libopenmpt	Digital Symphony	4	13196	31867ff5	30eb92aa	DEMO/02/BONER
fa9b2784ad1fc2c5e18211e5684f4eb1	0	466524	player+silence	libopenmpt	Digital Symphony	4	86432	95e0aa41	dc3b7db5	DANCE/DANCE2/CHECKBASS
fab4b8fc217c0a8eebcf3917cbaae86d	0	53679	player	libopenmpt	Digital Symphony	4	22024	d4f41f0b	2f5da75c	MISC/12/MONEY
fab9ad98c5a8d83cda996fe622715744	0	51123	player	libopenmpt	Digital Symphony	4	7364	c3beadb5	2bd1d146	DANCE/DANCE2/WANA_B
fb0e4745e738f398535cf71ec13a9db3	0	170779	player+silence	libopenmpt	Digital Symphony	4	49824	ec5020b2	c24ab071	MISC/04/BIGFUN
fb12e764267f5b9604d5d5629eafd2a7	0	195420	player+volume	libopenmpt	Digital Symphony	4	283412	d6480144	22ffc655	SOFT/JAZZFUNK2/SIDEWIND
fb152f4c6abdd6bddd8321dfcecdaee6	0	166791	player	libopenmpt	Digital Symphony	4	71984	89618fc3	61f9bd64	QUICK/POP/UNDERPRE
fb1be48b386ad50d3f172236f8142439	0	81798	player	libopenmpt	Digital Symphony	4	104632	4a04ab52	9fd8030f	VOYAGES/ENVIROMENT/THISHERE
fb27439517283e6deb39c9ae6ba16fdc	0	24922	player	libopenmpt	Digital Symphony	4	20412	ad2cc7b4	95530557	ROCK/SOFT/MAKACRISIS
fb27843f8d47461ed17a6e01ba19dd74	0	130810	player+silence	libopenmpt	Digital Symphony	4	110920	77cb6b94	50921b57	SOFT/JAZZFUNK1/INTERCEPTI
fb3ca92cdf16d35a5a3d3136b3d2166a	0	168023	player+silence	libopenmpt	Digital Symphony	4	134928	41a13ba5	a87a00ff	DEMO/02/ANEWDAY
fb400f37dfc2ab0489b2b2d4de042b56	0	84354	player	libopenmpt	Digital Symphony	4	74200	3a98af6b	a34f5733	FUN/FAMILIAR/WESTERN
fb461787dcb121e46a63a57afb1cfeb1	0	26161	player	libopenmpt	Digital Symphony	4	11188	7106dc3b	0defdec7	FUN/JOLLY/EXCEDINGLY
fb5818f4790132fd4b7eeb3fb31653c8	0	230057	player	libopenmpt	Digital Symphony	4	23644	ca3c78ec	71cf1271	MISC/09/INTHEAIR
fb5818f4790132fd4b7eeb3fb31653c8	0	230057	player	libopenmpt	Digital Symphony	4	23644	ca3c78ec	71cf1271	QUICK/BEAT/INTHEAIR
fb61f70b9075ebb6a48dda157c509d9e	0	115028	player	libopenmpt	Digital Symphony	4	137752	cdc03393	6ea03d39	FUN/TVFILMMIX/ROBOCOP
fb9296f65ec7e3359828f7f89a6b1ff0	0	152173	player	libopenmpt	Digital Symphony	4	29936	aea5446a	1d46254d	ROCK/SOFT/CHUCKROCK
fbd92f9c5765ec847107d575d7404293	0	208914	player	libopenmpt	Digital Symphony	4	105940	48567f49	32af95ba	DANCE/DANCE2/BLADERAVER
fbdeada0bc523c0b38ffb822137d3523	0	245174	player	libopenmpt	Digital Symphony	4	157624	9e0d98f7	449a779f	MISC/02/FIRSTDEMON
fbe9b1e62b086f21a6aa04f34e315edb	0	107359	player	libopenmpt	Digital Symphony	4	22480	ae676af6	68175ec9	DEMO/04/BODYKISS
fbeefa0c9e3e81a7eaf3ee75b29deb2e	0	134679	player	libopenmpt	Digital Symphony	4	100608	d529c8a4	3230c471	SAMPLE/MIX/FUNKYFETUS
fc234eef894a4f41ae4264040e8be7b4	0	218334	player	libopenmpt	Digital Symphony	4	95600	168c2b43	a7f9b581	ROCK/HEAVY/TRIBLDEVIL
fc2f8e2bf45132f7c3c10189c89532de	0	146980	player	libopenmpt	Digital Symphony	4	8048	df4bd186	4e8fb2eb	MISC/11/EXCITE
fc5ae7ad636950c8c6397b1307cd3646	0	246638	player+silence	libopenmpt	Digital Symphony	4	72808	53f5b603	1019b1dd	DANCE/DANCE1/DANCEFEVER
fc6ae9d056d2698268af822e12012016	0	52961	player	libopenmpt	Digital Symphony	4	91828	7b9be1ce	19b9df2e	SOFT/JAZZFUNK2/CRIMBO
fc77542b41ec2b70c1f8d1027d7d9328	0	172648	player+silence	libopenmpt	Digital Symphony	4	57028	03717fd3	71582afe	MISC/05/AMIGAMUS
fc7a315f483a2920a1db4db287df0813	0	127687	player+silence	libopenmpt	Digital Symphony	4	171044	924b59dd	49e4a072	SOFT/JAZZFUNK2/JIMIHENDRI
fca5f8dc095d069e2a16f4cc9295ce53	0	393472	player+silence	libopenmpt	Digital Symphony	4	93520	83bfc3b2	0d5cd179	VOYAGES/SCORES/LUNAWAVES
fcd1ce151a552780cd2fea0160c38829	0	122697	player	libopenmpt	Digital Symphony	4	11216	ef6a1953	f660a650	MISC/04/CITYOF
fcd31f5b51c9746ad69743b1250eda4c	0	245394	player	libopenmpt	Digital Symphony	4	24196	fd394841	4709b4a9	QUICK/POP/FUTUREHRIZ
fcd9ae1a05bca2f9c20656cb8ab6320e	0	69017	player	libopenmpt	Digital Symphony	4	25216	8470a991	d6d48f07	MISC/08/GIGA
fce1f3893dc93471fb595c93ac3cbcd1	0	230935	player	libopenmpt	Digital Symphony	4	113332	d5d7ba45	c121fac6	DANCE/DANCE1/TOXICFREND
fd073c446fc21d0090e6cf9c2854cfbc	0	130365	player	libopenmpt	Digital Symphony	4	81436	0e827a6a	c5b8dc0d	MISC/08/FREQFEED
fd1ddb60db60b6a73382c835ed7895da	0	38342	player	libopenmpt	Digital Symphony	4	9772	7104da0c	9111e73d	MISC/10/LOVEHARD
fd29393b75328a7f2a27431457a7fe62	0	174228	player+silence	libopenmpt	Digital Symphony	4	91640	7390d4f2	f3f66302	DEMO/05/LASER_1
fd3718a02f112753653fbc1968523c1f	0	158483	player	libopenmpt	Digital Symphony	4	66076	8eb061ca	85159667	QUICK/POP2/NEWMAN
fd52a5d538aec400b2488d41df1b8e05	0	118744	player+silence	libopenmpt	Digital Symphony	4	226120	0e0e5e5b	deb770b2	SOFT/BLUES/HIDEAWAY
fd6fe8693a994f1ab07afa3c70475946	0	241559	player	libopenmpt	Digital Symphony	4	269644	102b37fb	7a13411e	MISC/07/DIEAGAIN
fd6fe8693a994f1ab07afa3c70475946	0	241559	player	libopenmpt	Digital Symphony	4	269644	102b37fb	7a13411e	SAMPLE/MIX/DIEAGAIN
fda75b78247560dde71276210475a843	0	233729	player+silence	libopenmpt	Digital Symphony	4	194644	f2036a9a	a62b9a2b	SOFT/MELLOW/MELLOWAMBI
fdc33aaf8359fcaa4481bcd64f5f44c6	0	8946	player	libopenmpt	Digital Symphony	4	6840	e6bbfc58	38297c9b	SOFT/PAINO/PIANO
fdc362a0966c49db3a1a6d6497050895	0	135393	player+silence	libopenmpt	Digital Symphony	4	20652	4f696119	877b8970	MISC/14/ABC_SONG
fddef72d923a253d0c4fd81f38a8aee7	0	96416	player	libopenmpt	Digital Symphony	4	32360	ceb0f893	97f06c37	DANCE/ACID_TEKNO/HYPNAUT
fddef72d923a253d0c4fd81f38a8aee7	0	96416	player	libopenmpt	Digital Symphony	4	32360	ceb0f893	97f06c37	MISC/08/HYPNAUII
fdebdd60d8a069c4a5b948d648b63382	0	205903	player+silence	libopenmpt	Digital Symphony	4	128572	dadf0d9c	6ee3e989	MISC/10/JUST
fdf6e59f4d4a1c0db5bfdd13fdde84b8	0	299416	player+silence	libopenmpt	Digital Symphony	4	229580	ef436733	54fbb492	DEMO/05/SPACEDEB
fe0e1ee539094fb2cdef482028c7f414	0	180211	player	libopenmpt	Digital Symphony	4	77940	c83a1657	4b366f50	DEMO/02/AXEB
fe231b1f9212e72526573d4e7d4cc1b6	0	230057	player	libopenmpt	Digital Symphony	4	84708	cfdf14a9	ba38a07d	DEMO/02/EXCALIBUR
fe231b1f9212e72526573d4e7d4cc1b6	0	230057	player	libopenmpt	Digital Symphony	4	84708	cfdf14a9	ba38a07d	DEMO/02/EXCOUTRUN
fe2e7d1bbffac5da4190432b5ac9374b	0	333343	player	libopenmpt	Digital Symphony	4	123780	e3dcdecc	8d503907	MISC/07/ENIGMA
fe44aabe2b20e842a2a5791737a60045	0	113930	player+silence	libopenmpt	Digital Symphony	4	494424	7983c679	3012aa26	MISC/14/PARTY
fe5bc1892cb82b4e8bcf42c89e18dbdd	0	138034	player	libopenmpt	Digital Symphony	4	103512	9c52dcb8	3789e6f6	SAMPLE/MIX/CAPT_FIZZ
fe7289b520d0128924246a129414042a	0	294978	player+silence	libopenmpt	Digital Symphony	4	276244	d7698639	247f6738	QUICK/POP2/ATTRIB
fe7b584f7b9514cc4cd2a0bd4570cc5a	0	51163	player	libopenmpt	Digital Symphony	4	54040	911f1f08	8366db24	MISC/04/CHAD
fe8d7909c514f281f18db3ec404d7637	0	153371	player	libopenmpt	Digital Symphony	4	62860	d31b4bb6	86f41370	DEMO/05/KILROY1
fe9761e8db2668c316fb9d331f8955ca	0	207051	player	libopenmpt	Digital Symphony	4	127288	06458323	ab76423d	MISC/14/MIS
fe988530ef03eb35985686382655b0b1	0	235681	player+silence	libopenmpt	Digital Symphony	4	76028	ff5cd8e2	45713047	DEMO/01/INFATUATIO
fed60b8f1cd35f8b56c571fd3f75387d	0	168661	player+silence	libopenmpt	Digital Symphony	4	40216	6f626ca9	80774e76	ROCK/HEAVY/CBLUES
fedf49bd01e8da05b1cf670ed720f56d	0	236770	player+silence	libopenmpt	Digital Symphony	4	127980	8373acc7	cb19ad2a	QUICK/POP2/GROOVY
fee3153c76ef6c8f61704f7eea0e5b0e	0	34508	player	libopenmpt	Digital Symphony	4	164892	eaedf548	5d94a6fe	MISC/01/70SHAKE
fee3153c76ef6c8f61704f7eea0e5b0e	0	34508	player	libopenmpt	Digital Symphony	4	164892	eaedf548	5d94a6fe	SOFT/JAZZFUNK2/70SHAKE
fee762960e20cc771bbfd162e630d46a	0	225264	player	libopenmpt	Digital Symphony	4	56540	3ba5cc37	4ff1abe4	ROCK/SOFT/SOUNDOFREV
fef4168241ccf4b94c57fa8a4cc66178	0	191714	player	libopenmpt	Digital Symphony	4	35432	8c59cfef	94baeb82	VOYAGES/SCORES/SADNESS
ff00e74ae25861f70fe896a8545f2869	0	117744	player	libopenmpt	Digital Symphony	4	129936	ea3418af	98df3d1c	SOFT/JAZZFUNK2/BSEFUNK
ff01d1ee0cdc6a0e7cbdf4294295c287	0	92022	player	libopenmpt	Digital Symphony	4	61748	09646d97	0fc087e7	QUICK/HYPERPULSE/SPANK_IT
ff2562061f94d4f0ed21d748a4417466	0	220378	player+silence	libopenmpt	Digital Symphony	4	77812	16c2c3f1	94d5df55	SOFT/MELLOW2/MYNEWDF0
ff28bd904b7eef6a784584ba8b3be0f5	0	275636	player	libopenmpt	Digital Symphony	4	132200	7197842c	dbb074bf	SAMPLE/VOCAL/UNDERWEAR
ff32b0ec743c8805eb037d4a9f2f3ed0	0	191714	player	libopenmpt	Digital Symphony	4	73972	36c7ce2c	10e85ab3	MISC/10/LIES
ff554facc4291e5d06b83b08e73be544	0	327192	player	libopenmpt	Digital Symphony	4	51420	d733e1e9	c9556657	QUICK/BEAT/JAKARTA
ff5eb2b848584e6225ae73ce11778012	0	385596	player+silence	libopenmpt	Digital Symphony	4	115404	38206da5	a78628a4	MISC/03/FATALATACK
ff76108f419376bef7f577cb63c320bc	0	77963	player	libopenmpt	Digital Symphony	4	96800	565b1b0b	2aca7b0b	QUICK/BEAT/PARTYGAZ
ff76108f419376bef7f577cb63c320bc	1	5112	player
ff801a05163d96e5dab88535dd9b0b19	0	329376	player+volume	libopenmpt	Digital Symphony	4	188240	32c9f9f9	15425993	DANCE/DANCE2/VDLOVE1
ff9e8185895f208a2c6304f09cc59678	0	146266	player+silence	libopenmpt	Digital Symphony	4	52628	551eb8ad	9f262550	MISC/11/BASSOF
ffa364ce12b6d988d9d541c59b2e9798	0	81252	player+volume	libopenmpt	Digital Symphony	4	113188	8e3b01b0	d592e4cb	DANCE/RAVE/JOES11
ffa5d84b44f018b084f0d238461b55f7	0	330925	player	libopenmpt	Digital Symphony	4	56556	90159578	842edb5d	QUICK/BEAT_MAX/FLEE
ffc0fd6671f02a719b2df8d4e1637416	0	334210	player+silence	libopenmpt	Digital Symphony	4	84508	c092f2e9	3602109f	MISC/08/HARDCOR
