001645e9153b0a6c1d4fde65b37ac750	1	199797	player	uade	Protracker compatible	0	73726	61c37a9d	9d24d079	MOD/PRIMETUN.MOD
00188c5ecbf32a9d2d029b85a6838dc8	0	176377	player	libopenmpt	Ultimate Soundtracker 1.0-1.21	4	100012	a5daf7ea	a13d055b	BIN/MOD1/IDEA.MOD
001c87cd03438fc7244ae9c3dc2fabeb	1	172931	player	uade	Startrekker (4ch)	0	102112	72da0c03	f71b839e	MOD/ROCKME.MOD
01ae6785f3aea6eab47b6d55e3e6979d	1	283628	player+silence	uade	Noisetracker 1.x	0	196420	0904655d	d5cb728f	MOD/ENSONIC.MOD
024a74095a3bad92c7011b9df51d1d82	1	183507	silence	uade	Soundtracker II (15 instr.)	0	113340	d7f975c0	f7f2a5e0	BIN/MOD1/STEAMROL.MOD
028782f18f1b6ca37f8e9f11350b8933	1	196556	player+silence	uade	Noisetracker 1.x	0	47272	58d787f3	9f8bc3f6	MOD/MOR.MOD
030ec07f5e8a963ae4d1457ff7260784	1	99968	player	uade	Soundtracker II (31 instr.)	0	88036	f945dea8	479e5ca5	MOD/CHINA.MOD
03d9e82890f6d99fba6282e6d544c880	0	115028	player	libopenmpt	Master Soundtracker 1.0	4	66688	575b2260	e915dbf9	BIN/MOD1/SNOOTLES.MOD
04148f2e37b8dae430ffa0ad614ea977	1	231360	player+silence	uade	Noisetracker 1.x	0	202697	f0d968d1	25aea3d6	MOD/MADONNA.MOD
044c9740d709737a45c71acd0dbcc965	1	253388	player	uade	Noisetracker 1.x	0	117816	c56fc73f	18547159	MOD/FANTASY.MOD
047fb8605aab23afa2d9fd002a6c26d2	1	266233	player+silence	uade	Protracker compatible	0	149504	8618f9b8	1e0fa831	MOD/AGGRESSI.MOD
04ad90fb72fa4859db819ca75cd6127f	1	234359	player	uade	Protracker compatible	0	72126	0bbdeaba	cc03ea20	MOD/LVTBRAIN.MOD
04d97822bee6d4ddda68ce99d47ed5a7	1	84616	player	uade	Protracker	0	79996	849d65bf	5fa45400	MOD/BLUE_MOO.MOD
0500cad55aa9902b18859c7aa7f2069d	1	176769	player	uade	Protracker compatible	0	163840	e800e321	7dfb98cd	MOD/THINK.MOD
055594ccf5483162bc4c8852cf41ca34	1	250394	player+silence	uade	Protracker compatible	0	151271	746ed7e6	37f10c61	MOD/BOUTLOVE.MOD
05b8bb1bee3e842d7c68e40e989c6922	1	275923	player+silence	uade	Protracker compatible	0	131940	781cdeb6	d119a8b6	BIN/MOD1/GONE.MOD
05d41d5a7b5ed34da06d3a957cad138b	1	325406	player	uade	Protracker	0	151084	d2307724	ba42e82e	MOD/TURRICAN.MOD
05d4ab501f073146c2cb60ed67e06fda	1	76920	player	uade	Noisetracker 1.x	0	73064	84c2f97c	86f0979b	MOD/SKYDELTA.MOD
06b2bc81cec131a2656feab89d12e303	0	291405	player	libopenmpt	Defjam Soundtracker III / Alpha Flight SoundTracker IV / D.O.C. SoundTracker IV / VI	4	60916	4ae209a5	4e040507	BIN/MOD1/SLEEPW.MOD
06cc173681d5a68a76e915c75da6ee21	0	207197	player+silence	uade	Soundtracker II - V or compatible	0	74688	28624073	f0ddccb0	BIN/MOD1/LOCOMO.MOD
06d229668860a649035a0b7ed40341ce	1	153721	player	uade	Soundtracker II (15 instr.)	0	145494	ac710d77	22d1c718	BIN/MOD1/MAX.MOD
077749b1699e0ad56830e2b43cf6be1f	1	234359	player	uade	Noisetracker 1.x	0	159444	b38eaf85	d9b8eb9e	MOD/TCB.MOD
0796dc9a0d6716ecd8e9c8fb83a235f0	1	149672	player+silence	ft2play	Fasttracker (M.K.)	4	79335	1914dee0	e0399f9b	MOD/SHOCKOUT.MOD
0833e5bcdb7279a88ea8b2ea010a9e9c	1	113391	player	uade	Soundtracker II (15 instr.)	0	69012	19d1ba81	418f88e2	BIN/MOD1/GNG50.MOD
084b703a933c1fded923649eff398657	1	251920	player+silence	uade	Protracker	0	161638	a45f9b05	430adbd0	MOD/TAKETIME.MOD
087f90f190e253022b333d55b28f6625	1	184445	player	uade	Noisetracker 1.x	0	131818	e50f8cb8	d6a00ea5	MOD/PUGSINSP.MOD
08a67d324c4c284596c921b207e5a453	1	176769	player	uade	Soundtracker II (15 instr.)	0	69124	b900426b	0f74f6cc	BIN/MOD1/THORAX.MOD
08c70fc651d900d7cfdcf1089acb06b3	1	281721	player	uade	Soundtracker II (31 instr.)	0	50826	1bc13a8b	6ffa23fb	MOD/INT.MOD
09b24950f00876d740bd3f61bec8e949	1	291969	player	uade	Soundtracker II (31 instr.)	0	62800	827f1b2b	1ec18884	MOD/SLEEPWAL.MOD
09c95c8d8ddc83fe1e72a902e85b6737	1	130693	player	uade	Soundtracker II (15 instr.)	0	50290	8d553b16	e75443c5	BIN/MOD1/FROG30NE.MOD
09d83b2407180c2c44abab767288fa21	1	107645	player	uade	Noisetracker 1.x	0	52664	b3f073c8	39485c99	MOD/MUZAK2.MOD
09dd80b2a3d90a8fc744602d1c17d9c4	1	192141	player	uade	Protracker compatible	0	56958	5351f303	15f12779	MOD/V48.MOD
0a775f063fa6a54ebb5ef860a803caa9	1	119179	player	uade	Noisetracker 1.x	0	99948	19f883d3	525b721f	MOD/LIFE_1.MOD
0abbc5e5bf13ff8481aea0cd159a1072	1	221398	player	uade	Protracker compatible	0	135166	90756ede	8789d327	MOD/SWIV.MOD
0ac963417d4a81bb14879a207d6d60ba	1	212217	player+silence	uade	Protracker compatible	0	149786	89c0b040	6ccf60a1	MOD/DEFCON.MOD
0acd82cdf496ef1da8408696e2ee57fb	1	230541	player	uade	Protracker compatible	0	115028	9e25da8e	c24e914c	MOD/FEELING.MOD
0ad2236f810af6725a4abc777462a9e5	1	192141	player	uade	Soundtracker II (15 instr.)	0	52642	780bd809	8b7e4a59	BIN/MOD1/UMA3.MOD
0ad51dad990111bbe18f3e614e374bcd	1	207493	player	uade	Protracker	0	69232	cbf232d3	68ec2537	MOD/TECHEAD4.MOD
0b2733f8f68f995fd5e4275ad511e324	1	153721	player	uade	Soundtracker II (15 instr.)	0	97068	e5595daa	c1f4a4c2	BIN/MOD1/TRANSFOR.MOD
0b6fa782897dc23c3987b8d2e334ad62	1	26323	player	uade	Protracker compatible	0	21848	5399a1f1	7f8d0c52	MOD/EXCEED.MOD
0bbf1609947835b05eca166081260481	1	138369	player	uade	Noisetracker 1.x	0	55476	510b6141	6902971a	MOD/ROCKING1.MOD
0bd468bb0771565444b41710c64474be	1	15472	player	uade	Soundtracker II (15 instr.)	0	33424	ff6436d6	9fd15b5e	BIN/MOD/T2.MOD
0be91ffe83cf7ddf95f22e079266bd78	1	230541	player	uade	Protracker compatible	0	70388	105b38f9	215de516	MOD/INTHEAIR.MOD
0bf9e6c5e1b4a452e5fb9846d09d1a48	1	230541	player	uade	Protracker compatible	0	149846	8a2825cd	13add0a1	MOD/THUNDERF.MOD
0c5463219e5eeeb324747069e548c3a5	1	143935	player	uade	Startrekker (4ch)	0	397452	aed0a121	06a717b6	MOD/LIFE.MOD
0c5463219e5eeeb324747069e548c3a5	1	143935	player	uade	Startrekker (4ch)	0	397452	aed0a121	06a717b6	MOD/MYLIFE.MOD
0c9b99e8e53e34dae117512eab84d8e1	0	269464	player	uade	Ultimate-Soundtracker or compatible	0	67364	85fa1eec	7e928577	BIN/MOD1/THIEF01.MOD
0d465e2ed0eb39d340cbb2c3d4968f06	1	130693	player	uade	Protracker compatible	0	225292	00a1c2da	f075d0e9	MOD/BOB.MOD
0d48f53e1a9b9f8d941ec73af9427870	1	206207	player	uade	Protracker	0	43958	cdfe051b	8c4d87d4	MOD/THINGZCH.MOD
0d655c166bb9c69414cf7b49f76a6ee0	1	244607	player	uade	Soundtracker II (15 instr.)	0	58672	0d617875	e375821c	BIN/MOD1/BURNINGH.MOD
0da2cfa55c30a1936ad7f8367c40ad20	1	207493	player	uade	Soundtracker II (15 instr.)	0	50306	71aaba4d	f207e4f1	BIN/MOD1/TBL.MOD
0dbcf43e15d3a998389a7b8475ccc79d	1	390009	player	uade	Soundtracker II (31 instr.)	0	136276	4f035667	978cfed2	MOD/JUSTBEAT.MOD
0df48cd52c6319822cfc0a6aa1c9355a	0	116185	player	uade	Soundtracker II - V or compatible	0	128594	10322943	86e43760	BIN/MOD1/NOPARK.MOD
0e074b301432272e0afdfc8f5ef5dd94	1	230541	player	uade	Soundtracker II (31 instr.)	0	69924	0431730c	129512ec	MOD/NS_BEAT.MOD
0e6ae15d6492a6089adf65d2bfd9f460	0	214719	player	libopenmpt	Ultimate Soundtracker 1.0-1.21	4	51236	3b1ab0ac	1ff28766	BIN/MOD1/TGM.MOD
0f04ba88c22009215386441381b1fb22	1	345561	player	uade	Protracker compatible	0	99840	51534134	edfe730a	MOD/MONTY.MOD
0f3567f9dce5b95c20bea80adde36115	1	372447	player	uade	Protracker compatible	0	140523	3f990da4	232201b9	MOD/IDOIT4U.MOD
0f429b76036964785a6aa72b30cb6986	1	82044	player	uade	Protracker compatible	0	105838	25b6c433	0c011e57	LPGAME1/52/CALM_MOM.MOD
0f429b76036964785a6aa72b30cb6986	1	82044	player	uade	Protracker compatible	0	105838	25b6c433	0c011e57	MOD/CALM_MOM.MOD
0f56b1f0a08829389ae32c682ea83250	1	238197	player	uade	Startrekker (4ch)	0	124816	01c7c01b	ba6e3ea8	MOD/RECALL.MOD
0f56b1f0a08829389ae32c682ea83250	1	238197	player	uade	Startrekker (4ch)	0	124816	01c7c01b	ba6e3ea8	MOD/TORE_SLX.MOD
0f8597840f77ad15615e14a45b8c303b	1	238197	player	uade	Startrekker (4ch)	0	122964	539c81de	301d27f7	BIN/MOD1/F_BEAT.MOD
1006b229e852aa3cc4dc7e59560eb1b9	1	250997	player	uade	Protracker	0	99304	223acc31	f4008302	MOD/ENDLESS.MOD
10a95bb9f88e7a4df22aca2e89f1d8ee	1	30824	player	uade	Soundtracker II (15 instr.)	0	31648	4ac27ee3	9b7118c5	BIN/MOD/DREAMSEQ.MOD
10b6cd07b7578530687fd18de803997e	1	57730	player	uade	Noisetracker 1.x	0	33804	7ec498a4	75b6b1bb	MOD/HELLO.MOD
10ea8c4b38006bc1997aa4304758bc01	0	122697	player	libopenmpt	Ultimate Soundtracker 1.0-1.21	4	131784	8b10d7a4	454f33c8	BIN/MOD1/JWX.MOD
11060585b878cc5e0476deeb68355fdf	1	268921	player	uade	Noisetracker 1.x	0	69556	a16e3d63	1cf27a45	MOD/FREDMIX.MOD
110906ecde5630c89a1e8e6d196dfdc8	1	207493	player	uade	Noisetracker 1.x	0	48448	54904758	088e247f	MOD/AFFE.MOD
111b3d16c1d64db08b28b6a089209ef6	1	236416	player+silence	ft2play	Fasttracker (M.K.)	4	185315	925c6263	fbc5a522	BIN/MOD1/GADDA.MOD
11a79ff1cf538a1e6ac247b236b6c30d	1	76920	player	uade	Protracker compatible	0	77168	da1fbf0d	7e1776c2	MOD/SADHISTO.MOD
11a79ff1cf538a1e6ac247b236b6c30d	1	76920	player	uade	Protracker compatible	0	77168	da1fbf0d	7e1776c2	MOD/SADHISTR.MOD
12b80fefc83fe99e8a1eefde5c7fe6cc	1	76920	player	uade	Protracker compatible	0	76296	cbe277ce	0af59a85	MOD/NIRVANA.MOD
12fc484de287313f7c5875a75dcd93ef	1	107645	player	uade	Protracker	0	145732	c19cbd73	112a4b72	MOD/ACID_PAN.MOD
1311f651fa0f4df4152369706cb8a046	1	235411	player+volume	uade	Noisetracker 1.x	0	222058	4a76122e	83e9e6c7	MOD/RVLUTION.MOD
13183c6cd861971e5e8efd95ade59696	1	122997	player	uade	Protracker compatible	0	57628	c12eec4f	20d1eb18	MOD/LOADER.MOD
1361d5c0d391c13eb1ba9619e7ec316f	1	159849	player	uade	Noisetracker 1.x	0	108392	aa326312	c9cf993e	MOD/ONLPIZZA.MOD
1366733239d067be172c743ac92f7608	1	526314	player+silence	uade	Protracker	0	221546	c89c24fa	899171e6	MOD/KYROMART.MOD
13a1b4324abbf816f90820416c7ab2bf	1	322693	player	uade	Soundtracker II (15 instr.)	0	79102	7303d284	ff7fd0d1	BIN/MOD1/LLL.MOD
13ff757c815708a1657aaf2b1e2eed7a	1	61568	player	uade	Protracker compatible	0	58894	5ac08edf	3831e6ca	MOD/UPNDOWN.MOD
146caf3acbf043fa0959c7ba358c3188	0	145587	player+silence	libopenmpt	Master Soundtracker 1.0	4	120492	f54e3de3	3554bdbe	BIN/MOD1/END.MOD
14904905f75bd091bf31ddb4a8445934	1	178225	player+silence	uade	Protracker compatible	0	125818	cf876fd3	7e26b025	MOD/SERENADE.MOD
14d27f4ffc7a8e0e26d38dbea525b8e7	1	217821	player	uade	Noisetracker 1.x	0	145408	dd9a4b94	83c813c0	MOD/STATIC.MOD
14dbcc2f05b5793b4a2f52ad066bd085	1	146045	player	uade	Protracker compatible	0	43652	12a16678	d729f588	MOD/NSSPEED.MOD
14e9a10540be91e2e7a350a3df71e7d2	1	430218	player	uade	Protracker	0	101401	5230ac18	47570492	BIN/007.MOD
1515996fd68717bcc12ce2114197519b	1	192220	player+silence	uade	Soundtracker II (31 instr.)	0	85432	0dbd41ac	cb864f06	MOD/GAMETITL.MOD
15b11fd78516da87edd5fb4d03dadb47	1	180607	player	uade	Protracker compatible	0	86500	f64dc791	271b9908	MOD/KILROY3.MOD
15cc0d540b25eb15b79c20a23c258c6c	1	246536	player	uade	Protracker	0	149170	db3a3f85	fcc24f79	MOD/THATSALL.MOD
15e0b4701c3635ce4871fa1a52918ce4	1	204941	player	uade	Protracker compatible	0	60186	6c71dca1	61ddebe1	MOD/NOMORE.MOD
1600947b0edc497bb8790df9785a58ee	1	176769	player	uade	Protracker	0	131276	08befd84	e5ebed61	MOD/NOT_JUST.MOD
167998b4c955f351b63b05971ec7ab37	1	296048	player	uade	Protracker compatible	0	137356	fbb69842	e1d0263c	MOD/PHANTAS.MOD
167998b4c955f351b63b05971ec7ab37	1	296048	player	uade	Protracker compatible	0	137356	fbb69842	e1d0263c	MOD/PHANTASM.MOD
16f991681e96238fb9c298ea745b2d1a	0	30674	player	libopenmpt	Ultimate Soundtracker 1.0-1.21	4	39872	a5b3fd7e	573b62c2	BIN/MOD/DEMO3.MOD
177650e7abf953f28454b9295813d061	1	180089	player+volume	uade	Protracker compatible	0	123204	03d25a7a	48378fe0	BIN/MOD1/HELL_RUN.MOD
177650e7abf953f28454b9295813d061	1	180089	player+volume	uade	Protracker compatible	0	123204	03d25a7a	48378fe0	MOD/HLRUNNER.MOD
17a1b7669e79262149f2c167a9afa70d	1	115321	player	uade	Soundtracker II (15 instr.)	0	116886	d9176471	138e817d	BIN/MOD1/CALOOGA.MOD
17b54dfd4e641a8a7e310396952ba8a7	1	71816	player	uade	Soundtracker II (15 instr.)	0	106964	edffb564	cb1cfbdc	BIN/MOD1/FLIGHTOF.MOD
17bec25fada7247d360ca48aa85ef8b3	1	176357	player	ft2play	Fasttracker (M.K.)	4	90425	3e4ae6d1	c3c9eefb	MOD/QUANTARI.MOD
17dd120ef98678ef69051aac2020a1d9	1	203635	player	uade	Soundtracker II (31 instr.)	0	79750	1858171e	4acbf2c2	MOD/APC.MOD
17eda6027dfa58a3c86433ab2787bf5f	1	146045	player	uade	Noisetracker 1.x	0	95268	0091128e	4ec8db2a	MOD/QUANTUM6.MOD
17f82b155eb4bfff782d4760aa545a76	1	197245	player	uade	Protracker compatible	0	27396	a74a2b38	c08c0915	BIN/MOD/MUSIX5.MOD
17f82b155eb4bfff782d4760aa545a76	1	197245	player	uade	Protracker compatible	0	27396	a74a2b38	c08c0915	MOD/TUNE3.MOD
18a1aab1b03e8e83750dec64b4773d80	1	179767	player+silence	uade	Noisetracker 1.x	0	112020	fe5ad173	abacaabd	MOD/SPACETRA.MOD
18a5bf94776574edc76d2d9d91a3c8a8	0	47522	player	uade	Ultimate-Soundtracker or compatible	0	57596	9e5ae574	f307e6ad	BIN/MOD1/SLL5.MOD
18cac59e78017554b5e4ff70b09f25f5	1	224831	player+silence	uade	Protracker compatible	0	48112	eb041989	980cb003	BIN/MIDI/WINTER.MOD
18ccf2fa1800ef8f4550f66f007bd0d2	1	138590	player	uade	Soundtracker II (31 instr.)	0	131658	556ad644	995cd698	MOD/THEPOWER.MOD
18f5e45039c18b35f24731bf805a656c	0	53490	player	uade	Ultimate-Soundtracker or compatible	0	75288	1b7e2817	f5df5bab	BIN/MOD1/FOOTBALL.MOD
19370610e959e6efef101e11ed0bf198	1	107645	player	uade	Protracker compatible	0	93382	7a87a352	3e3f8994	MOD/NEWMODER.MOD
195ea4c7ec2fba3792dd9891cd0d0e11	1	170580	player	uade	Protracker compatible	0	197674	7ef2fec3	e1752776	MOD/YOAFRICA.MOD
19a16dfd496cb23423551881b1417da3	1	219128	player	uade	Protracker compatible	0	95280	34180620	32521345	MOD/ANDSO_ON.MOD
19d7b550b9199db5f40f85f74bbb91aa	1	172489	player	uade	Protracker	0	384014	aae5ff44	8e08c1c5	MOD/NICOLE.MOD
1abbbc0842829d801831dbd83bc9c16b	1	179321	player	uade	Noisetracker 1.x	0	142872	c8c45323	55d71ce6	MOD/POMO.MOD
1ad6cebcd89cdd87aa7c84f65f2a2597	1	296129	player	uade	Protracker compatible	0	96956	9ae49a90	79c7f66a	MOD/SLAPPYAN.MOD
1add31a48adf56ce540e224a18bee63c	1	75011	player	uade	Noisetracker 1.x	0	78634	62e02f66	47fb4a0d	MOD/HEAVBEAT.MOD
1ae6a4a843cee46a8177a05eb609e5d4	1	106700	player	uade	Protracker compatible	0	92908	089e9309	3167c3e3	MOD/JAR.MOD
1b05cfa76e1dea447d31842d51e279ce	1	121088	player	uade	Protracker compatible	0	59804	2b220e6b	80e3ea32	BIN/MOD1/TUNE2.MOD
1c293ca66c009652647be0fa0606056e	1	345904	player	ft2play	Fasttracker (M.K.)	4	261963	71ad96bf	f61d49f3	BIN/MOD1/GNRKNOCK.MOD
1c8643515c699bad3fa5a1bec7bd7498	1	179321	player	uade	Startrekker (4ch)	0	90230	9eb30f8e	0c57f12f	MOD/BOING.MOD
1cbe29b25f7ff8f8f9876e9032220df0	1	265663	player+silence	uade	Startrekker (4ch)	0	142218	d70cf11e	837e241d	MOD/TEQU_SLY.MOD
1cc6d128d1dae0c82a31419d262fc3e0	1	237381	player+silence	uade	Noisetracker 1.x	0	105716	961bc02f	d84a28e8	MOD/COMMAND.MOD
1cda6e9f2539e3fe16a2def1d2e719ec	1	249410	player	uade	Protracker compatible	0	102288	6f931a31	c576257a	MOD/IMPONRT3.MOD
1db6ca132177303703a401c8af1a7ab4	1	328629	player+silence	uade	Protracker compatible	0	188416	14ddd51d	c6e8eb2c	MOD/EKB.MOD
1db84ba9228a6d2a0b94fb7450537fe9	1	92272	player	uade	Noisetracker 1.x	0	48352	1793a6be	bb928b5b	MOD/PIA.MOD
1dfc0f76b45ca08667c2f2c0180bc783	1	197245	player	uade	Protracker compatible	0	80505	863602e7	88737420	MOD/CHRONOS.MOD
1e4fa9bf625a28210f7ab3f27893c986	1	192141	player	uade	Noisetracker 1.x	0	50924	317bf529	5f21ad2c	MOD/RIP.MOD
1e8e73816e2a3242f1c238a7bf09cc11	1	88110	player+silence	uade	Startrekker (4ch)	0	69074	26cf8b99	4011a3c9	MOD/TRUSTME.MOD
1e9482cc63be9751e4628e12ddd8ecc1	1	136962	player	uade	Protracker	0	202173	2b0edc13	d80e1fc7	BIN/MOD1/KOOLBEAT.MOD
1eb1c3538063a517974e5ff73b0b7107	1	53872	player	uade	Noisetracker 1.x	0	36156	76b5bc80	aa971a70	MOD/LIF.MOD
1ec87a46033df202946ca618a35960cf	1	128121	player	uade	Protracker compatible	0	97496	34985374	c7fef50d	MOD/TECHNOLO.MOD
1ee52b27e7af1551d76794f8cb36b708	1	92915	player	uade	Noisetracker 1.x	0	67832	ff649b54	f187cdf3	MOD/WESTERN.MOD
1f293761615de9e1cd1eb606d2adefc7	1	254132	player	uade	Noisetracker 1.x	0	93602	91c60d60	429abdc3	MOD/TKG_I.MOD
1fb78e420eb25de2b46006e1e6778723	0	168972	player	uade	Soundtracker II - V or compatible	0	60940	63ba9931	6b21340b	BIN/MOD1/RAWSYNTH.MOD
1ff1bf491c632f1d60e92a22325b4151	1	226701	player	ft2play	Fasttracker (M.K.)	4	150879	f2b67549	0a69dcd3	MOD/TURNUP.MOD
200b7a0f347a67224aa47a61c00d5903	1	165235	player	uade	Startrekker (4ch)	0	44760	5db854f0	8e9e4d3e	MOD/SLX_POPC.MOD
20d3b8c11cf1935bfba676316c0a099a	1	164913	player	uade	Protracker compatible	0	374921	2423b911	49a201da	MOD/JDENVER!.MOD
220237509cade92bdefa2fb39618cfc6	1	179043	player+silence	uade	Protracker compatible	0	137148	9b89fede	12f67d20	MOD/XENOPHOB.MOD
2215ef38254541f268655aa1b781fa7c	1	141631	player+silence	uade	Protracker compatible	0	50908	e3b78470	3fb62d1f	MOD/HDPISDEP.MOD
2215ef38254541f268655aa1b781fa7c	1	141631	player+silence	uade	Protracker compatible	0	50908	e3b78470	3fb62d1f	MOD/HOWDEEP.MOD
2226ef206a1a36d9d19972e40c21e4b8	1	82044	player	uade	Protracker compatible	0	27044	31f6cb7d	d9a5bc23	MOD/STREAM.MOD
2280caffbe36d467270b3b6aec1cb742	1	146045	player	uade	Protracker compatible	0	31084	bbe7e231	b07dd9eb	MOD/TKG_C.MOD
229dbd2e77694880409922e1fde9a2b7	1	155569	player	uade	Protracker compatible	0	43004	ccd0d739	e45f2359	MOD/OBLIVION.MOD
22ff50e11baeba2a09e4a9c6a80abdda	1	165235	player	uade	Protracker compatible	0	144986	8520f547	2e643f7d	MOD/DREAMSCP.MOD
239adb4923f5885111cb98c62cea7a4e	1	69224	player	uade	Protracker compatible	0	75688	f1083a6b	6cfa640b	MOD/TRAVELLI.MOD
241a6308d19f9ed544046f5afb3da425	1	255498	player	uade	Protracker compatible	0	105104	f670e40b	ff1d5d03	MOD/JAMBOREE.MOD
25fe2191429184d7752741bd8d0d157e	1	76920	player	uade	Noisetracker 1.x	0	69956	791e557c	733368ef	MOD/ALL.MOD
2677e9614ee68910a3dd3370efa0f2b7	1	215149	player	uade	Soundtracker II (31 instr.)	0	99400	a8337dff	4ca4e260	MOD/ROBOTRON.MOD
269820968d0a7ad0472721d696babf9a	1	325545	player	ft2play	Fasttracker (M.K.)	4	130099	b8845398	083ceb93	MOD/CHRONOSE.MOD
26b3d0a25fca5f1b6eed14ac0bf5a7bd	1	61568	player	uade	Protracker compatible	0	45430	eb2ea87d	a5419e56	MOD/BALL_1.MOD
26b3d0a25fca5f1b6eed14ac0bf5a7bd	1	61568	player	uade	Protracker compatible	0	45430	eb2ea87d	a5419e56	MOD/BALL_2.MOD
26b7b687334f362a01b96336c09d9290	1	162652	player+silence	uade	Protracker compatible	0	67402	3d09ee3e	4c372eed	BIN/MIDI/CHEUN1.MOD
26cc09e1dfd45781a7dc12db9701af61	1	15472	player	uade	Protracker compatible	0	33800	3927d9a9	1cf864aa	LPGAME1/86/DEATH.DAT
27262df87efab9e355020454ece82523	1	238290	player+volume	uade	Noisetracker 1.x	0	136344	3f2f5448	d2e1e56e	MOD/HUNGERAF.MOD
274a2cf9879c1732c62c4a3df32d08e3	0	126774	player	uade	Ultimate-Soundtracker or compatible	0	59392	523d64fc	f77feaa4	BIN/MOD1/CASCADE.MOD
275d8b929dfa25ca7251f6d0d932fa34	1	208056	player	uade	Protracker	0	68882	862844f0	a5b588d3	MOD/MANDFORC.MOD
27a8d9cf1353e3f9a0006a951d61e44b	1	107645	player	uade	Protracker compatible	0	110342	3513cdd3	1c1eb7fa	MOD/FIGHTING.MOD
27cd3aa2c4dd5b1c2ddf75146c08588a	0	53679	player	libopenmpt	Ultimate Soundtracker 1.0-1.21	4	40372	6e566734	2dbe4bde	BIN/MOD/SINNERS.MOD
27e6aae4a6a948a11b92907b7c292273	1	84616	player	uade	Noisetracker 1.x	0	29376	8650cf38	5f215a07	LPGAME1/86/FIRE.DAT
27e8352cc2c9c24a8ee59e4445e89eda	1	144136	player	uade	Protracker compatible	0	68350	1146c1d6	8eb148b2	MOD/SAVANNAH.MOD
284ce6c29ed059764d5044b2b46605f2	1	153403	player+silence	uade	Protracker compatible	0	90822	6d5b49cf	a868627d	MOD/KILROY6.MOD
284cfad796b910ac9e98afb220ce1be9	1	153160	player+silence	uade	Noisetracker 1.x	0	71552	bd1dd6b9	cf781384	MOD/OXYGEN.MOD
285005f44355bb9858e2aa54e201639b	1	230541	player	uade	Soundtracker II (15 instr.)	0	66582	840caa4f	d31baa98	BIN/MOD1/SUPER.MOD
2860e9b8b3d1b175ec59d1e56ba6c045	1	210205	player+silence	uade	Noisetracker 1.x	0	93588	86aef072	71de0ba2	MOD/ARCANE.MOD
28884211922d0678c122a76e06481bf4	0	23751	player	uade	Ultimate-Soundtracker or compatible	0	101872	a4b6eae2	28fb4a10	BIN/MOD1/GNGOR.MOD
28f3c5a2b73d27be16a4422d9012ffc0	0	360993	player	uade	Soundtracker II - V or compatible	0	196090	10c6aa59	577721fd	BIN/MOD1/STORYIS.MOD
292116fabe7bf5673629f49e351466e8	1	322693	player	uade	Soundtracker II (31 instr.)	0	112974	a1ba7778	f44410f4	MOD/ZZZEP.MOD
2945c0808f5c22c2a4d1643edc5110cd	1	146045	player	uade	Soundtracker II (15 instr.)	0	103256	2ae6eb5b	ab3fbdc4	BIN/MOD1/ANDREA.MOD
29e0b73eb45170e2f59f177d764972ea	1	88475	player	uade	Protracker compatible	0	97424	9e186b3b	524075e9	MOD/LETS_SWI.MOD
29e0b73eb45170e2f59f177d764972ea	1	88475	player	uade	Protracker compatible	0	97424	9e186b3b	524075e9	MOD/LETS.MOD
29fb51da0a6c08d83aa521329fcfd5cc	1	233093	player	uade	Protracker	0	76694	1108b25d	4a53cc61	MOD/GOODBYE.MOD
2a4bbdf0d7f00584f4ae940fd7ec3c7a	1	400699	player	uade	Protracker compatible	0	93106	7c65c725	de9d366d	MOD/PUSHMAXI.MOD
2a872f560865f327d2d3882ec912543c	1	506998	player	uade	Protracker	0	137140	07939d2e	0e87b6d3	MOD/MIMOSAAA.MOD
2ab59bff41b92bc05d6a504e4118c417	1	61568	player	uade	Soundtracker II (15 instr.)	0	47168	8738731e	ebee6a4f	BIN/MOD1/DUNCAN1.MOD
2b0ff9cb492330d8f5984d39ffc4e036	0	243559	player+silence	uade	Ultimate-Soundtracker or compatible	0	108560	d5835130	16ae8684	BIN/MOD1/BLUE.MOD
2b17e2acd1f67788afc67159b0fcc175	1	171705	player	uade	Protracker compatible	0	158407	270ee5c2	22b21441	MOD/SPACEMIX.MOD
2b2d6491bc518d59f3c241f3cb00a55e	1	174631	player+silence	uade	Protracker compatible	0	154710	56bb99b2	550ed844	MOD/LASER_1.MOD
2b323490c74fc49bedb58ef12f9f4df2	1	46277	player	uade	Protracker compatible	0	24882	8f1dbe4a	37c3f0ef	BIN/MIDI/BIGMOVE.MOD
2ba21eea066084a1ce8d12a081e87a80	1	160840	player+silence	uade	Soundtracker II (15 instr.)	0	137546	283a04ac	85e73e1a	BIN/MOD1/VOKOHL.MOD
2ba319b7cfda513cc0bd0ef393b03306	1	38520	player	uade	Protracker	0	64468	8394de8c	54fc8b32	MOD/THEEND.MOD
2c1cdef21cc95eefb6710b38269f0843	0	114229	player+silence	uade	Soundtracker II - V or compatible	0	118554	24c4afb0	68650d2f	BIN/MOD1/RABBIT.MOD
2c401ada8a017123a96862787cd15f27	1	96130	player	uade	Noisetracker 1.x	0	235672	8e3bdb9a	39b7159d	MOD/ENJOY.MOD
2d3bb498eb04ea821264e5b4e37dd5e8	1	318916	player	uade	Protracker compatible	0	98530	08fb98a4	459dfa43	MOD/ADOMOSPA.MOD
2d3f44a49db57f62a4121e3716c1162f	1	45433	player	uade	Protracker compatible	0	43176	0de15d20	e1eba3a8	LPGAME1/56/INSPECT.MOD
2d3f44a49db57f62a4121e3716c1162f	1	45433	player	uade	Protracker compatible	0	43176	0de15d20	e1eba3a8	MOD/INSPECT.MOD
2e1d3780ec3fda69c247de80089c667b	1	213622	player+silence	uade	Protracker compatible	0	129218	71ef6c99	98acb586	MOD/EXCTASY.MOD
2e36be516aed1c6aaf584f79509f244a	1	207493	player	uade	Soundtracker II (15 instr.)	0	104980	66520de5	92e98af5	BIN/MOD1/PETERGUN.MOD
2e730a731023ba6f5585fdd5f7f74623	1	115321	player	uade	Soundtracker II (15 instr.)	0	65478	96e46b4c	93032138	BIN/MOD1/BELIEVEI.MOD
2e807dc773be531db60b57aaaa02617c	1	92915	player	uade	Protracker compatible	0	104666	d2eb9bf2	81966ebb	MOD/CONSUMMA.MOD
2ea57891a40911ed6b401351aa3c957e	1	239302	player	uade	Protracker	0	86412	00d4da6e	c9e7d0fe	MOD/FAN.MOD
2eb95988e48377f9fdf7a09798d6110b	1	631993	player+silence	uade	Noisetracker 1.x	0	125275	7221d640	613629f7	MOD/AXE3.MOD
2ee1dae96699e099c8c6b9179161b726	1	139198	player+silence	uade	Soundtracker II (31 instr.)	0	87408	d53dd011	93482d0a	MOD/NIT.MOD
2eeba3743503e614a63c86b13f2c9714	1	177392	player	uade	Soundtracker II (15 instr.)	0	149826	ede1964c	3442912d	BIN/MOD1/FLA.MOD
2ef3c4044f18d88115f8aca70dc09cbc	1	230420	player	uade	Protracker compatible	0	91504	d251db83	541fc673	MOD/TRAINBEA.MOD
2f0455119501ac0c99b79d166878bf80	1	291969	player	uade	Protracker compatible	0	142166	83d09404	e41051b7	MOD/CAP_N_PO.MOD
2fe879258fa2f52200e98d96a8e7a433	1	179241	player+silence	ft2play	Fasttracker (M.K.)	4	143435	735d4a11	5d2ea8d0	MOD/FIRST.MOD
308975a50640ecb737a8dd0b616a4634	1	185751	player	uade	Protracker compatible	0	160990	60ad3a55	da4279ed	MOD/HYSTBABY.MOD
30961e5b4fbba69bcba626918513c41e	1	200645	player+silence	uade	Protracker	0	119746	b5298318	0e3e994e	MOD/MANDELDU.MOD
30c2d4976386c356fbcf7c252087b432	1	116586	player	uade	Protracker compatible	0	31734	2fd19ed8	102e2eb0	LPGAME1/85/MID.MOD
30c2d4976386c356fbcf7c252087b432	1	116586	player	uade	Protracker compatible	0	31734	2fd19ed8	102e2eb0	MOD/MID.MOD
31166bbd72a7a0f4246d732a2c87cc50	1	239161	player	uade	Startrekker (4ch)	0	84292	851076d1	68a81959	MOD/SOS__SLX.MOD
314725fd12d24ad8ffb48790feb00d4d	1	128221	player	uade	Soundtracker II (15 instr.)	0	78808	29310cfb	f45f4088	BIN/MOD1/DIGTHIS.MOD
31680f33ed6c7b8e541c57efbf85cecd	1	304567	player+silence	uade	Protracker compatible	0	184612	a6d450f3	c1093c65	MOD/INTRODUC.MOD
320dec201801f4db97d675dda896d56e	1	176769	player	uade	Soundtracker II (15 instr.)	0	89040	85d523ea	e1534eaa	BIN/MOD1/NORTH.MOD
32a86163ec78c2983ab096a4b4b9843f	1	215149	player	uade	Soundtracker II (15 instr.)	0	76188	5cc249d2	958907d9	BIN/MOD1/DOC1.MOD
32f0eb5a4b357b556ebf2b3766782494	1	199200	player+silence	uade	Protracker	0	256276	e8495869	9d646e62	MOD/MOONGATE.MOD
32f720da3a6a91e66f389a84fffd5c2c	1	199797	player	uade	Noisetracker 1.x	0	76524	6414d358	74532846	MOD/FUN.MOD
3387e10efac7b1a368ef4f0e58606f9c	1	194291	player	uade	Soundtracker II (15 instr.)	0	91046	2b0a8b37	bd8c78d2	BIN/MOD1/MYDAY.MOD
33999aa594393aa0110613e1d7e9ce3e	1	155650	player	uade	Protracker compatible	0	104672	b86f3b05	accb3048	MOD/SOUNDNOW.MOD
33f146ba04c2830bd12cbfce1a45eb59	1	123076	player+silence	uade	Protracker compatible	0	78136	3c158bc4	fb04d1e9	MOD/EXOTIKA.MOD
345fac0a5e4380db5b5220519d3c4579	1	453246	player	uade	Protracker compatible	0	143136	74e3e6ff	68c554ae	MOD/MADNESST.MOD
348e5f194c765529ea4c72e6f7318d6f	1	46216	player	uade	Noisetracker 1.x	0	62790	38a70aee	5d20e147	MOD/JAMES.MOD
34b3029b5fad9bb4d91e84b5a3d4d609	1	121088	player	uade	Soundtracker II (31 instr.)	0	59846	b051d4ed	bd0c77e8	MOD/UPFRONT3.MOD
34b62f7fa46f0240b617e4f2c54a35b7	1	118334	player+silence	uade	Protracker compatible	0	69322	43843a69	baf701c8	MOD/NUMAN2.MOD
34c10106b866d9afa63a2be7fd617912	1	1319028	player	uade	Protracker (vblank)	0	444040	630e6266	4c92dd7d	MOD/FAD.MOD
3548c0ae1efe78c3ba1070cda4320a67	1	340617	player	uade	Protracker compatible	0	187574	bba695db	3a4b7359	MOD/AUDKRAFT.MOD
354c3f74071963b3af72481af5f5f45d	1	291969	player	uade	Protracker compatible	0	114804	3ec085f5	50c0c67d	MOD/CASTLEMA.MOD
354c3f74071963b3af72481af5f5f45d	2	77885	player
35df9cf9b5594023653cde01bf91cc9e	1	184445	player	uade	Protracker compatible	0	126518	cd1becfb	e60309c1	MOD/FRONT.MOD
35fefb1e354d92df5eb05c05c6197f86	1	188283	player	uade	Soundtracker II (15 instr.)	0	110388	d194e79f	a8c396bb	BIN/MOD1/SMASH2.MOD
361d5dfeccce507fddd119aabcd5be4f	0	126774	player	uade	Ultimate-Soundtracker or compatible	0	42716	e227984a	3290be52	BIN/MOD/SLL8.MOD
3639c692d11c9dbedfcd098145c6eadf	1	107645	player	uade	Soundtracker II (15 instr.)	0	38396	1f8ba76f	2c4fc8ea	BIN/MOD/ATOMIC.MOD
36721aa5cffbf23d849177ef294e4a7e	1	287431	player	ft2play	Fasttracker (M.K.)	4	371025	c68a9143	88b43998	MOD/FIGHT1.MOD
36888cc042f6459b277ea159d0820775	1	46216	player	uade	Protracker	0	25874	a14950b4	4b5d8724	MOD/STAHND.MOD
3782613220c31d84952a855d9d4a2d1f	1	286785	player	uade	Protracker compatible	0	228366	77a4005f	d0f5f15b	MOD/BEATMEUP.MOD
37ba9932fc6539d86d39220f815ad0bc	1	143385	player+silence	uade	Protracker compatible	0	40944	494164b5	79c6aab1	BIN/MIDI/ELISE.MOD
37bf753bdfd1fba9ec99ec63f1754103	1	112769	player	uade	Soundtracker II (15 instr.)	0	25374	75b224b1	6fd8100a	BIN/MOD/AWESOME4.MOD
38634778f9e216c4ae1265ba2233c3d4	1	92272	player	uade	Noisetracker 1.x	0	48352	9cb3a159	051a6f03	MOD/PSTSPIAN.MOD
38bdc72dd0f808ecc909c8bb67a03e78	1	259919	player	uade	Soundtracker II (31 instr.)	0	102162	76efc452	6c5e74c3	BIN/MOD1/HEL.MOD
38d80c03092253fa9575159a22759af7	1	184686	player	uade	Soundtracker II (31 instr.)	0	248990	d259d4ec	751a00ac	MOD/TKGS.MOD
38feaf7aafd4f2f5b2ed43ff2b1e4b07	1	262511	player	uade	Soundtracker II (31 instr.)	0	99090	6afddd0c	3ad7cbaa	MOD/GLOOMY.MOD
39466cb328e94e10c71f4e6e3feb5755	1	160064	player+silence	uade	Noisetracker 1.x	0	95872	ecdb864f	44bbd957	MOD/MEGAFO2.MOD
39c97ad1052c5893c82d1cfb3d6c16ed	1	76920	player	uade	Protracker compatible	0	24832	08111d05	d2093cf1	MOD/LCHINA.MOD
39c97ad1052c5893c82d1cfb3d6c16ed	1	76920	player	uade	Protracker compatible	0	24832	08111d05	d2093cf1	MOD/LITTLE_C.MOD
39e6a1b18b3ba50e5ae05ff48de088cc	1	163969	player	uade	Protracker compatible	0	146166	414f8dde	5ee00338	MOD/LONG_SLI.MOD
39f29571c80319243bfb3bfe58348399	1	212629	player+silence	uade	Soundtracker II (31 instr.)	0	95664	45f06fe8	4661db81	MOD/LESSLOVE.MOD
39fa8e07028b4885fad57c68d2af4702	1	138369	player	uade	Noisetracker 1.x	0	84672	9d3efed6	31a6f64d	MOD/TROLL.MOD
39fd386e1b6c2bd5487b85b3dc4a31bd	1	316010	player+silence	uade	Protracker compatible	0	47088	78bd4539	54fe987a	BIN/MIDI/60.MOD
39fd386e1b6c2bd5487b85b3dc4a31bd	1	316010	player+silence	uade	Protracker compatible	0	47088	78bd4539	54fe987a	BIN/MIDI/CANNON1.MOD
3a37578fc462532e0d78b96279d355bc	1	233229	player+silence	uade	Protracker compatible	0	310590	e5ce60e7	16007f1d	MOD/NEW_EXPE.MOD
3a6d3403766fb47ef51fff752cd8ae5c	1	380284	player	uade	Protracker	0	149572	8961b5f2	8f8ec6f5	MOD/CLASSIFY.MOD
3ad12f148005ac381c9ef39ba77c1aec	1	143126	player	ft2play	Fasttracker (M.K.)	4	123506	9f07e11d	018abf80	MOD/STYLEE.MOD
3b8b9e74a73aaa871ef4b63333276014	1	215149	player	uade	Soundtracker II (15 instr.)	0	56446	7ed5c6a1	d7ff533e	BIN/MOD1/NONAME.MOD
3be9d35475af11ca6cea2d3a61f83e13	1	176769	player	uade	Noisetracker 1.x	0	102396	a3798a15	abc0c763	MOD/IDE.MOD
3bf5b9648e069e328336cc1d9d3efb8f	1	199797	player	uade	Noisetracker 1.x	0	65924	422f7470	a98ddc84	MOD/MAG.MOD
3c1b78e2fdfa7f69d53d581ecde57571	1	115321	player	uade	Noisetracker 1.x	0	100236	c12426a3	63b24daa	MOD/JAMMYF.MOD
3c3e4421d3533d64bd3d2721cf912246	1	48125	player	uade	Protracker compatible	0	53064	884e6512	f2c7c3f8	MOD/INTRO_TU.MOD
3c4e0ca1bd263eaab8ec02a31518a887	1	230541	player	uade	Soundtracker II (31 instr.)	0	66236	ab48e940	af124bbb	MOD/LASTONE.MOD
3c8b81ce59264057dc030f17accb7177	1	158845	player	uade	Protracker compatible	0	120558	8238cad4	91d2bd52	MOD/SPECIAL.MOD
3d9b98a3a32902d90ff3f220c5b10cdf	1	207493	player	uade	Soundtracker II (15 instr.)	0	73240	223da0ff	69aaaf5d	BIN/MOD1/VIRGIN.MOD
3e9823064d21892bb9a1b359480d046c	0	63377	player	uade	Ultimate-Soundtracker or compatible	0	39268	f261fb58	e0cc4682	BIN/MOD/TNT2.MOD
3eee2c64a7b0a8e5532125db7f84df7f	1	315258	player	uade	Protracker compatible	0	128020	431f4d1b	c7a4ad63	BIN/MOD1/HAL.MOD
3f0771eafc72186e30804b2a62c65830	1	151142	player+silence	uade	Noisetracker 1.x	0	83700	4cad28d6	1fc23e11	MOD/SLL1.MOD
3f0fd4a175ff57a932f783feb929530e	1	192141	player	uade	Protracker compatible	0	56558	4577724a	e53302ae	LPGAME1/38/WERWERU.MOD
3f0fd4a175ff57a932f783feb929530e	1	192141	player	uade	Protracker compatible	0	56558	4577724a	e53302ae	MOD/WERWERU.MOD
3f436602e6afc579d00c0f7e27a024b8	1	146045	player	uade	Protracker compatible	0	85834	62a37fd5	45c221d8	MOD/HARLEY.MOD
3f87d7f2f2c8cd9615ec5a3561c1671b	0	122916	player	uade	Soundtracker II - V or compatible	0	95430	ad19e199	cee37425	BIN/MOD1/PIRANHAS.MOD
3fab9718fa116df00f4be9140489ceb6	1	486221	player	uade	Protracker compatible	0	71260	95c80ea4	5cc76cd3	MOD/FUTURE.MOD
3fae30cb6fbcae582f754dea3ff10dad	1	80758	player	uade	Protracker compatible	0	42804	1ef09514	2de855ba	MOD/BATMAN.MOD
3fff7902311571efcad8817ca55a192b	1	146045	player	uade	Soundtracker II (15 instr.)	0	204674	60a23661	c74d0a2b	BIN/MOD1/BERLIN.MOD
401527d51ad78cc0240975629dd75e0d	1	197156	player+volume	uade	Soundtracker II (15 instr.)	0	70946	0d6921af	ec3d14b0	BIN/MOD1/LASTCRY.MOD
401f9db44201762b3c2eb18d8aa1f68e	1	169093	player	uade	Soundtracker II (15 instr.)	0	101796	362bff5c	be9a85b0	BIN/MOD1/LARS.MOD
4047b5d0c4238b185ab81ebbdaf3f055	1	117350	player	uade	Noisetracker 1.x	0	71472	43775d66	b5d14b4b	LPGAME1/62/3D.MOD
407993263124342d38dac09868097d78	1	341903	player	uade	Protracker compatible	0	203513	b1d0523e	5138511f	MOD/BLA.MOD
40f861fda05342be9cde7891ca3c195e	1	192141	player	uade	Startrekker (4ch)	0	82426	25b00321	3502a9be	MOD/BYE_SLX.MOD
410460fd059a790cb410e88befdda79d	1	107645	player	uade	Noisetracker 1.x	0	28004	282c3dfd	9fbabf7b	MOD/GUC.MOD
411e93c9d92520c98d45a8f5bae7d68f	1	204941	player	uade	Soundtracker II (31 instr.)	0	77444	2cb6a043	37800df3	MOD/ENOLAGAY.MOD
4146b7eda75d3e726184d69dccfba429	1	207493	player	uade	Noisetracker 1.x	0	127498	0010edab	e6fc71b7	MOD/FUCKINGD.MOD
41a20d3f5041aa0bb23cd71786edc1f6	1	153196	player+silence	uade	Soundtracker II (15 instr.)	0	155090	4c4174f6	ac4ea9d3	BIN/MOD1/TIE.MOD
42054170b3b71cfef89db48aee49b5aa	1	294665	player+silence	uade	Soundtracker II (15 instr.)	0	99106	e0961799	376524a6	BIN/MOD1/CREATION.MOD
423951c6677138f47bcfbebec1c1e926	1	275461	player+silence	uade	Protracker	0	163738	d2103f5e	4e631db3	MOD/SCRAMBLE.MOD
423d4ba3e490295937d68109fbc2a728	1	107645	player	uade	Protracker	0	57550	a999e211	45aed406	MOD/SATHSO.MOD
425f7c856f5b99babbdd6b46dfe09169	1	53793	player+volume	ft2play	Fasttracker (M.K.)	4	40909	73efb39d	da72a3ad	MOD/HALLS.MOD
428e9d4806439c2b9c4cd76a661e86c5	1	204155	player	ft2play	Fasttracker (M.K.)	4	71971	203d6722	3440fa63	LPGAME1/82/FLOWER.MOD
42b82a244100832cacda045b2668bb93	1	114034	player	uade	Protracker	0	27410	a45fda09	e73417ed	LPGAME1/53/YO.MOD
42b82a244100832cacda045b2668bb93	1	114034	player	uade	Protracker	0	27410	a45fda09	e73417ed	MOD/YO.MOD
4328249794f5b6681aff6fff52554c11	1	96110	player	uade	Protracker compatible	0	27632	ba3c7595	d90105dd	MOD/AMSONG04.MOD
43862e86b5ae1795bdfb3cba0fe9368b	1	264119	player	uade	Protracker compatible	0	137260	5ef9badf	2c06f43f	MOD/TOMORROW.MOD
44220a380322ff6024224b23b59cba52	1	200038	player	uade	Protracker compatible	0	257410	81afc6d5	ca3bfa68	MOD/THE_END.MOD
44af4d9e6c3eef7081150328a4fb219b	1	221328	player+silence	uade	Noisetracker 1.x	0	173658	acc5dbf3	47ef0130	MOD/MCSHYD4.MOD
451f2abfb03d7de40ae3b7df3c61a44d	1	246838	player	uade	Noisetracker 1.x	0	78188	ff35ee33	882ddfe0	MOD/LOWALTIT.MOD
45cbc80b97fd9fcf7763b02098784238	1	478464	player	uade	Protracker	0	160218	c1222909	f8355ce4	MOD/KNULLA.MOD
45ff356c0fe2c9fd8a4f8907f27a8457	1	153721	player	uade	Noisetracker 1.x	0	123576	f44c6939	a62e3a09	BIN/MOD1/HELMUT.MOD
461c5fee018ea3a7fccede5e11e8f402	1	583818	player	uade	Soundtracker II (31 instr.)	0	150832	92ca81e5	eabb565f	MOD/NOISEMEG.MOD
46814194e2db435839a5ac67991af0f7	1	311130	player+silence	uade	Noisetracker 1.x	0	234718	cb903b06	78b5b340	MOD/HURICAN1.MOD
46a13fade1f2c1585e8ee9cbdbed6bc6	1	220293	player	uade	Noisetracker 1.x	0	87514	03452f03	8abdded1	MOD/BS1SONG2.MOD
46c3b5fa4ec40c2bb69eb68aeea7c6b9	1	115321	player	uade	Soundtracker II (15 instr.)	0	111890	6f369cd3	b4b078ea	BIN/MOD1/MADMONKS.MOD
47708df03f5c5b548d445b88af23c765	1	157579	player	uade	Noisetracker 1.x	0	91034	e98d9fb1	77ef30f9	MOD/SMOKE.MOD
480f185a5a414b909c2a06b76ce09bf0	1	222845	player	uade	Protracker compatible	0	94734	299ad8d0	423bb2b2	MOD/MASQRADE.MOD
486d7cada89a52e95fb16fe8900bbf30	1	107645	player	uade	Soundtracker II (31 instr.)	0	45824	5430e756	4aa937e2	LPGAME1/25/CEBIT.MOD
486d7cada89a52e95fb16fe8900bbf30	1	107645	player	uade	Soundtracker II (31 instr.)	0	45824	5430e756	4aa937e2	MOD/CEBIT.MOD
4875f006adccedba7b30de5f8528bc31	1	239764	player	uade	Noisetracker 1.x	0	75104	262497e5	c1bfcaf0	MOD/A_AND_O.MOD
489ec5e3eb32bffde32cde1a62c8aec2	1	234359	player	uade	Protracker compatible	0	72126	1686a5cd	620fc127	MOD/LEA.MOD
48ae718652091859c2db1d16a19178c1	1	161397	player	uade	Noisetracker 1.x	0	176960	b769a647	952f5dbb	MOD/SPELL.MOD
4900eefcb81972853bf997ac99b9e6cd	1	54378	player	ft2play	Fasttracker (M.K.)	4	103241	fcacc029	53a50103	MOD/SPIT.MOD
4900eefcb81972853bf997ac99b9e6cd	2	54378	player
49406259ef639bec2ef602e1661c7266	1	117872	player	uade	Soundtracker II (31 instr.)	0	69762	747d4aa3	46b82dfd	MOD/ENGURA.MOD
4949cf3597275b7801789b4b3291c818	1	161397	player	uade	Soundtracker II (15 instr.)	0	50692	6d64a436	8f872db2	BIN/MOD1/STREF.MOD
49530727a02bf935ee4438cbe66662af	1	166030	player+volume	uade	Protracker compatible	0	87580	659df7c1	2a5655d2	MOD/EQUINOX2.MOD
4959272632085a665a0cdcd53782e2fa	1	161397	player	uade	Protracker compatible	0	41148	c2c911d5	f09c3863	MOD/GOLDRUNR.MOD
496fd6e44f06773b0cd3f8fe4aa3c857	1	122997	player	uade	Protracker compatible	0	156459	81f62924	3bfa9e61	MOD/XRAY2000.MOD
498f5be25ab5bb31f5f8686cc1ea8014	1	343809	player+silence	uade	Noisetracker 1.x	0	214402	54b0619d	0ef1230c	MOD/TRON.MOD
4994ebba308165428300d749aaa12a4d	1	36852	player	uade	Protracker compatible	0	41240	e2b508db	4c236859	MOD/HARDDRI1.MOD
49a22df2b72694ea3b57aa44965ffb8a	1	238197	player	uade	Protracker compatible	0	63646	5ae2cc69	86741008	MOD/JOLLYROG.MOD
49cb934a65c37416f32c3bca924ff4e7	1	327194	player	uade	Noisetracker 1.x	0	233264	400b221a	992c2814	MOD/STRAZZAN.MOD
49cfd6be87936d8ede059b64397fe308	1	205236	player+silence	uade	Protracker compatible	0	199926	e62e1392	9e927426	MOD/TONIGHT_.MOD
4a23a7621e732580bc3bd6b7f287c93b	1	226603	player	uade	Protracker	0	181882	0ff949a9	f527608e	MOD/SADNESS.MOD
4a47e4f17d04516b347842f630d72626	1	238197	player	uade	Protracker compatible	0	131668	1f37be41	81cb6c40	MOD/MINOAN_W.MOD
4a47e4f17d04516b347842f630d72626	1	238197	player	uade	Protracker compatible	0	131668	1f37be41	81cb6c40	MOD/MINOAN.MOD
4a4beefd41f9c447d7104f7539b9e2de	1	222845	player	uade	Soundtracker II (15 instr.)	0	123384	05a284e5	7e4f02d9	BIN/MOD1/SONDERBA.MOD
4a871f28e06e7c756adfad8235bf4452	1	176769	player	uade	Protracker compatible	0	58960	00109222	c39f1d88	MOD/ROCK.MOD
4a871f28e06e7c756adfad8235bf4452	1	176769	player	uade	Protracker compatible	0	58960	00109222	c39f1d88	MOD/ROKNPEBL.MOD
4b841a2280e87826a87376d365ed78ac	1	35968	player	uade	Noisetracker 1.x	0	49274	34f36abd	52c3606c	MOD/FUNNY.MOD
4be5a747a42c1632a524e5734e97959d	1	80758	player	uade	Soundtracker II (15 instr.)	0	42320	b887cfcb	a04713c5	BIN/MOD/ACIDBAT2.MOD
4c2c5a130c698e8885e8f951e696716c	1	146045	player	uade	Noisetracker 1.x	0	168064	574e55c9	fbb345d5	MOD/STATICB.MOD
4cbe2d53e3008782b0874d64870ee444	1	51360	player	uade	Protracker compatible	0	75237	11233b1f	05340f1d	MOD/CHAD.MOD
4cf200fe0af3b6220c3f95a3ab7c393f	1	214325	player	uade	Protracker compatible	0	114112	aeeba95e	e02ac73c	MOD/FREAKED.MOD
4cfefe9989a35297ea6f633768772c5b	1	190192	player	uade	Protracker compatible	0	101892	2a492dea	d9e52c58	MOD/TECHNO.MOD
4d92990ece5b37568f65561459172471	1	242477	player	uade	Protracker compatible	0	79650	ddcc9f9c	380434da	MOD/BEASTNBA.MOD
4dcbf70f94b32331cce8fe75ac4d0e12	1	176769	player	uade	Noisetracker 1.x	0	101202	92001ba4	b24d85f0	MOD/INDIANA.MOD
4e102c3f62e9ad17d2dc817f9a3f372b	1	230541	player	uade	Soundtracker II (31 instr.)	0	66236	bfbeec65	180950e0	MOD/FANTASTI.MOD
4e84e4d7f571fb3c216738d75ef36acc	1	192141	player	uade	Protracker compatible	0	190698	5c9e2079	466142d3	BIN/MOD1/GUIFREE.MOD
4e9868855eda8cf3aaaa489f49901888	1	353418	player	uade	Protracker compatible	0	311959	bdfa72a8	5ce51e29	MOD/TNCWOLF.MOD
4eb19cab8eb52a6e175ee7a3c57ee49a	1	138369	player	uade	Protracker compatible	0	84210	f027f63b	44628f75	MOD/SALUTE.MOD
4ec0e04e21218e598492456e1016b913	1	92272	player	uade	Protracker compatible	0	59378	1c10487a	bb30990b	MOD/KILROY2.MOD
4ecf55011bd3ac258daf5c8ff26a976e	1	153721	player	uade	Protracker compatible	0	113702	df8f89c0	c91ae85f	MOD/HSL_KRAF.MOD
4f0b821d2a889064845dc008ce1adafb	1	252946	player	uade	Protracker	0	254072	f0330f9a	1827088e	BIN/MOD1/GLORYLVE.MOD
4f7276312518fcfabb17d4417c2697d8	1	192141	player	uade	Protracker compatible	0	108310	779a391a	6db23704	MOD/NIGHTLIG.MOD
4f7fc4b934d7cec167cf2829eb995d53	1	169093	player	uade	Soundtracker II (31 instr.)	0	92292	273d9a4d	a0a6b7e6	MOD/FIC.MOD
4feca5115d3592c0f5a2d449592360fa	1	53872	player	uade	Protracker compatible	0	41989	16ebdb9a	b7a1e149	LPGAME1/27/BONGO.MOD
50323df48b7523aeebccfeea8bba563a	1	284293	player	uade	Soundtracker II (15 instr.)	0	99068	de17ca8b	4b632e98	MOD/SETDANCE.MOD
50d3919c1184560305b429de1c704ffd	1	153741	player	uade	Noisetracker 1.x	0	40104	8da208a8	37bf6502	MOD/TEST.MOD
5103289bd98d58dafd896f0e28da0e29	1	184445	player	uade	Protracker compatible	0	147026	085f2a3d	39f0ff2a	MOD/WHY.MOD
514e865b17454502bae9adc45b78890b	1	702857	player	uade	Protracker compatible	0	141114	553a9e61	8b1c9d8d	MOD/P_FUNK.MOD
518480f95272f13f5d7b8ccb4b636a11	1	207493	player	uade	Protracker compatible	0	172979	4355806e	cbc78aec	MOD/JENNIFER.MOD
51a0b5b374037d2a8325970a59122427	1	286926	player	uade	Protracker	0	88824	7e274367	bfd498b2	MOD/OVERNET.MOD
51ab5818f809aaa6e55d9021f093e366	1	555646	player	uade	Noisetracker 1.x	0	398848	2899ed6f	8090a6b8	MOD/OOPS_UP.MOD
51e5c76643ff254ed105dee5cb9a22ba	1	119179	player	uade	Protracker compatible	0	42720	7d5786a2	07a7ff5a	MOD/LAIDBCK4.MOD
51e738f26d36be1fd48d8ad90cdc05d5	1	122997	player	uade	Protracker compatible	0	123814	71380364	e5931659	MOD/ON_AIR.MOD
523beb263b7b25cbe60ac0e5d84d585f	0	176231	player+silence	libopenmpt	Master Soundtracker 1.0	4	112150	bd247906	42a6ed61	BIN/MOD1/TRRFISK.MOD
526de94fe4f690d67fbec39ee6332b6d	1	250216	player+silence	uade	Protracker compatible	0	144840	55b9a3ec	4ce3a88c	MOD/EXA.MOD
52abb0ead7be805190b09be5d20d8ac8	1	138369	player	uade	Protracker compatible	0	71730	372f157f	eeb3bd3e	MOD/MADE.MOD
52b6b621059bb1a87724e2ac18d91ee7	1	225119	player+volume	uade	Protracker compatible	0	111818	74dad81a	e6baa653	MOD/MELODIOU.MOD
52d06d5bce44299005bd9f055e2a705c	1	153721	player	uade	Soundtracker II (15 instr.)	0	56184	fc0339cf	c08e9e9a	BIN/MOD1/ENOLAMIX.MOD
52da5ac1eb902cea348adbecfa6256c9	1	226557	player+silence	uade	Soundtracker II (15 instr.)	0	109226	f0de39c4	f32baedb	BIN/MOD1/LASTSUN.MOD
5348a10b42bc815c71582ffeb5ec98fe	1	128121	player	uade	Protracker compatible	0	86708	c457ff21	9274c3ea	MOD/GOINGFAR.MOD
5353428690ccce029b47aca3fe920b9f	1	199797	player	uade	Soundtracker II (31 instr.)	0	78120	d4f4ae47	ed3e12b3	LPGAME1/41/DDD3.MOD
5353428690ccce029b47aca3fe920b9f	1	199797	player	uade	Soundtracker II (31 instr.)	0	78120	d4f4ae47	ed3e12b3	MOD/DDD3.MOD
5384dc6e6ac1a96fe239f7914d5efcd1	0	30674	player	libopenmpt	Defjam Soundtracker III / Alpha Flight SoundTracker IV / D.O.C. SoundTracker IV / VI	4	39872	094321d6	c2b03978	BIN/MOD/DEMO2.MOD
546212d6cca4457fe80397f18c584971	0	30674	player	libopenmpt	Ultimate Soundtracker 1.0-1.21	4	52748	ec013bfe	8a698174	BIN/MOD1/CONF.MOD
54698849416d588c312d8b1b807e5f1c	1	286608	player+silence	uade	Startrekker (4ch)	0	95328	b4bf245e	709c5657	MOD/HARDROCK.MOD
547a1e7dc6fe09f939f5bef6ecfd9e25	1	128040	player	uade	Protracker compatible	0	73426	62a56386	fd6c8650	MOD/VARA.MOD
551f04e1169625ff002733a68d670d71	1	108931	player	uade	Soundtracker II (15 instr.)	0	111052	593c9cc9	c0dc151c	BIN/MOD1/AWESOME1.MOD
553e63067f5b72bfbeacbe3c4148bc75	1	69224	player	uade	Soundtracker II (15 instr.)	0	77316	f2037499	582042c9	BIN/MOD1/MYWAY.MOD
5546c73938c906b2f1e395634c4e8372	0	158285	player+silence	libopenmpt	Ultimate Soundtracker 1.0-1.21	4	101284	1c63d4fa	6568e32c	BIN/MOD1/RIFF.MOD
55a7b2531480b515fd6c474b325caa84	1	222845	player	uade	Protracker compatible	0	205624	bbcaca0f	8274608b	BIN/MOD1/GHOUSE.MOD
562dce350fd7b18853d9d1c36989283e	1	107645	player	uade	Protracker	0	125054	47f8c731	5991a432	MOD/SUNWIND.MOD
56552d53ec5c05fc358d69392d6df8fb	1	276597	player	uade	Soundtracker II (15 instr.)	0	110212	dec1e9c9	bbada2a0	BIN/MOD1/ARVIDS.MOD
56bef66720c1fe86029e8d2a10dc8ea3	1	268660	player+silence	uade	Protracker compatible	0	294461	cf3a4f16	69d25f5c	MOD/LIVE_KLF.MOD
572f579bfdcc37ba67ae4370fdc2e622	1	316006	player+silence	uade	Protracker compatible	0	47088	089df6d4	ebb68fc6	BIN/MIDI/CANNON_D.MOD
5767e2212986ef9ac9f095fe9f31a31b	1	138369	player	uade	Soundtracker II (15 instr.)	0	79112	fcbca0de	803f013a	BIN/MOD1/JMJ.MOD
57acd1de8e49447b8a29e749ecb3a76e	1	153721	player	uade	Protracker compatible	0	74696	0d91b8d9	e1bb1551	MOD/KILROY5.MOD
57adca33054485b37958b25771a9c5ce	0	39605	player	uade	Ultimate-Soundtracker or compatible	0	25220	98bf04d4	a3cc473a	BIN/MOD/PRETEND.MOD
57eddd748c066f675975cd5d92f03f78	1	256168	player+silence	uade	Soundtracker II (15 instr.)	0	89222	f6631823	82cf04cc	BIN/MOD1/AAHH.MOD
57eeef897f0a44046cfc1ef34737227a	1	207493	player	uade	Soundtracker II (31 instr.)	0	95120	be883b3e	8151be3d	MOD/BRUTALMX.MOD
57f43c052f4117b5e4c645e332388926	1	130693	player	uade	Protracker compatible	0	71054	d1a24fc3	7144cd4d	MOD/COMPLICA.MOD
586dde7d42a5a0d22ec6479dd9df876c	1	327817	player	uade	Protracker compatible	0	100561	f25790f4	b5aca7df	MOD/ILLBETHE.MOD
58a8ac7674160d0ec6340048470c39ff	1	257258	player+silence	uade	Soundtracker II (15 instr.)	0	126756	575260e3	160fcd68	BIN/MOD1/CANT.MOD
58d7838dcbf972ee1f6eaabee89fe212	1	69224	player	uade	Noisetracker 1.x	0	69752	427a0f39	9c0ba10a	MOD/TEC.MOD
59ec419baeae69fdde6312fddfe87f89	1	177808	player+silence	uade	Protracker compatible	0	53912	fddabf3a	7b6665e7	MOD/MEDIEVAL.MOD
5a4860c5f756038c5e7273c90f622b4b	1	238197	player	uade	Protracker compatible	0	115724	3eaf0534	e9c21562	MOD/IRONTEAR.MOD
5a827ead82b54b18456c706f948643cb	1	306594	player+silence	uade	Soundtracker II (31 instr.)	0	171061	c8a94efd	295dec69	MOD/WTNEWRK5.MOD
5b0e64b8f9b1a5ff4fa36465da94a2f9	1	307321	player	uade	Noisetracker 1.x	0	68564	9a5c3602	7ee21d0f	MOD/MOK.MOD
5b13288659096f3dd1c461f51fd2e14f	1	288171	player	uade	Protracker compatible	0	109936	82c77295	206b2596	MOD/KEFRENSV.MOD
5bc1679c15544907f476123055b9b77e	0	51123	player	libopenmpt	Defjam Soundtracker III / Alpha Flight SoundTracker IV / D.O.C. SoundTracker IV / VI	4	32444	a46c0e3f	e77518a4	BIN/MOD/HUNTER.MOD
5bde7f6a5683204dbcec2cc1a9e14f2f	1	594328	player	uade	Protracker compatible	0	138156	1feda4c5	5eb5cc42	MOD/BAROQUE1.MOD
5c0c924099a2942439a97963d2c947c1	0	174337	player	uade	Ultimate-Soundtracker or compatible	0	66436	a9e25e64	4e873a97	BIN/MOD1/KENT.MOD
5c8ed9aad0a8320f3482310ee46551c1	1	172931	player	uade	Protracker compatible	0	133108	1cd14c94	e43fc4e0	MOD/FIELD_GO.MOD
5cbe73e1111a68880b93cdcc49c7d986	1	376466	player	uade	Noisetracker 1.x	0	95724	410c4b44	b1ada4cb	MOD/ERA.MOD
5cd6a65ada2b8476b5b16dd9b37a0856	0	245394	player	libopenmpt	Defjam Soundtracker III / Alpha Flight SoundTracker IV / D.O.C. SoundTracker IV / VI	4	47892	acca16ab	8a3b2611	BIN/MOD1/STARBUG.MOD
5cd6a65ada2b8476b5b16dd9b37a0856	0	245394	player	libopenmpt	Defjam Soundtracker III / Alpha Flight SoundTracker IV / D.O.C. SoundTracker IV / VI	4	47892	acca16ab	8a3b2611	BIN/MOD1/UPSIDE.MOD
5ce16ef0d02cee85d70cd657256c6b59	1	181451	player+silence	uade	Protracker compatible	0	116882	94cf0fe2	a3d9550b	MOD/FIRSTSHO.MOD
5d0f631efe24004919922ee63a79c166	1	122997	player	uade	Soundtracker II (15 instr.)	0	61304	2adac879	03900e56	BIN/MOD1/THERONIT.MOD
5d581b292282d709caf40c9d35d0ef0f	1	312506	player	uade	Protracker	0	132818	4cf96b0e	716719e3	MOD/KLIM.MOD
5d7023844d2e3cf014815dc4b6aa5c3c	1	192764	player	uade	Soundtracker II (15 instr.)	0	103068	a368b9d5	46423f9c	BIN/MOD1/RATTLE.MOD
5d7e04221d24ef35461aacdc7943853c	0	138034	player	libopenmpt	Ultimate Soundtracker 1.0-1.21	4	119384	5ba00cc6	ff4d8e99	BIN/MOD1/777TEAM1.MOD
5d86af83df591b71df156f1161f9a47a	1	350918	player+silence	uade	Protracker compatible	0	153990	812addc3	be3d7f65	MOD/ROWROWMO.MOD
5dd6b95e166a172d25f867570f981f04	1	145363	player	ft2play	Fasttracker (M.K.)	4	73063	415fbf94	7081463e	MOD/DAN3.MOD
5ded77d6deb2ed3fff9bc58fef4c4638	1	99968	player	uade	Soundtracker II (15 instr.)	0	50376	971c55a1	e6f62dd8	BIN/MOD1/DEST1.MOD
5e5f83cbc2c5c1c044475b216980a732	1	964002	player	uade	Soundtracker II (15 instr.)	0	169436	dae75fae	2d848dd8	BIN/MOD1/PAPERMIX.MOD
5e782df5d767b3d66fb4f6c96aa766f8	1	153511	player+silence	uade	Soundtracker II (31 instr.)	0	91666	87c6f106	c67304ae	MOD/CIRCUS.MOD
5f6c0fb95ba9161ccd59e528bc17c32e	1	178135	player	uade	Soundtracker II (31 instr.)	0	129530	de0edf23	9e76864b	MOD/LIGHTNIN.MOD
5f79b3a089de39ae50a4abb45cb1f76e	1	193459	player+silence	uade	Protracker compatible	0	305644	64f97f26	3ee09739	MOD/RICHINPA.MOD
5fa9694c3d23513941016629ceed023c	1	143493	player	uade	Startrekker (4ch)	0	48578	b67a12d3	4fc286f5	MOD/HAPPY.MOD
603a7d9d6fca7c5096500772786feb1c	0	136708	player+silence	uade	Soundtracker II - V or compatible	0	105070	114016a8	ca63afea	BIN/MOD1/JANE.MOD
607ecb58518077ff4b00a8b9915c1bb2	1	134531	player	uade	Soundtracker II (31 instr.)	0	101520	4e1dd574	67e7d3f8	MOD/ON_.MOD
607ecb58518077ff4b00a8b9915c1bb2	1	134531	player	uade	Soundtracker II (31 instr.)	0	101520	4e1dd574	67e7d3f8	MOD/ONT.MOD
609d6933bf28d1886ec8fcb76b86dd4e	1	124805	player	uade	Protracker	0	76770	5e314d37	546fc339	MOD/UNDERGRO.MOD
60b40d5fe936613c365c6dd0b94aaa23	1	218910	player+silence	uade	Protracker compatible	0	182383	2bc50db7	ecdebf82	MOD/UBOAT.MOD
60c9b7e4a9e7a53f0d830ee1aab93fdf	1	161913	player+silence	uade	Protracker compatible	0	116230	b9f4ca97	8ee2b64b	BIN/MOD1/GAUNTLET.MOD
60d842883c38ecce516eee6d9faed567	1	184445	player	uade	Soundtracker II (15 instr.)	0	53538	c22ba42d	60bcbcfe	BIN/MOD1/GNG8.MOD
613b49ddacbcef2808142b72ac5acfb5	1	127539	player+silence	ft2play	Fasttracker (M.K.)	4	145575	4f4a258b	b09f4330	BIN/MOD1/GREG.MOD
615d051437c265819df1316cd9fed0eb	1	204941	player	uade	Protracker compatible	0	111988	f3376c76	aef0c20a	MOD/ELECTRON.MOD
61655e6a6f9cc6fea21cb9f53df3aa0a	1	69224	player	uade	Protracker compatible	0	86472	533ddc55	8f059c62	MOD/TONYINTH.MOD
61c173cf5676c4db149021efecdbbc35	1	146045	player	uade	Protracker compatible	0	150474	20b64fa0	c841bd82	MOD/KAOSKAOS.MOD
6205ce23216b0cf539d3c1b512f8eab9	1	175663	player+volume	uade	Protracker compatible	0	144772	66288d7a	e4d08e82	MOD/RBI.MOD
62c352f2637b71312d83094cdc588a39	1	230541	player	uade	Startrekker (4ch)	0	137880	d8565fc5	9e7b5e4f	MOD/SLX_STER.MOD
62e5889862b4060a2e1f5f91639cf6a0	1	152429	player+volume	uade	Protracker compatible	0	144204	8c2227a7	1bedd91f	MOD/ASPHYXIA.MOD
62fbb86df4cbd2e10e67e9c248c5af1f	1	142514	player+silence	uade	Noisetracker 1.x	0	198706	25589d62	df39e6b4	MOD/JASON.MOD
62fe5813a24853aa382c0abd97d70390	1	249731	player	uade	Protracker compatible	0	89230	0b972bbb	094666ca	MOD/SNIPPERS.MOD
63031df72efb64f052ab49830037ea88	1	23168	player	uade	Protracker compatible	0	19798	263e98bd	c6f977ab	MOD/PHI.MOD
63175ab2316d6010507caad79bd95d12	1	216133	player	uade	Protracker compatible	0	189738	47f3fb63	7b6154ea	MOD/WE_RE.MOD
633bee9ad94e8ff34d74721bd7f947d0	1	21803	silence	uade	Soundtracker II (15 instr.)	0	70438	65a7a284	dc4c1732	MOD/PEPE.MOD
6358fbaf2ed1151e0d24b4062cb2e838	1	129485	player+silence	uade	Protracker	0	119730	3161c14c	c9ef58de	MOD/OH_YEAH.MOD
637d22cd57050ddd176cafad9424807b	0	260731	player	libopenmpt	Defjam Soundtracker III / Alpha Flight SoundTracker IV / D.O.C. SoundTracker IV / VI	4	68464	c50aca71	5106128d	BIN/MOD1/AMEGAS.MOD
638b5c6e2c575030b600a878563cec9c	1	245472	player+silence	uade	Noisetracker 1.x	0	76764	e21bd0ec	94f16afc	MOD/ALPHAVIL.MOD
63fbe655208f0fabd5820154f3daf321	1	51320	player	uade	Noisetracker 1.x	0	40628	9f383c5e	606bbda2	LPGAME1/76/HUN.MOD
63fbe655208f0fabd5820154f3daf321	1	51320	player	uade	Noisetracker 1.x	0	40628	9f383c5e	606bbda2	MOD/HUN.MOD
642e939c381286d85f9c15f5d2f1cca5	1	255498	player	uade	Protracker compatible	0	84090	7fda0b6f	16c8ddf3	MOD/STOR.MOD
643bf237a14d8dd7a9f17f519ed7c179	1	199797	player	uade	Protracker compatible	0	188048	e451bee0	0da7c108	MOD/SADOSEX.MOD
647fd41fe9707b109b309196ca23d816	1	195959	player	uade	Protracker compatible	0	86564	bbe0fb64	660057fc	MOD/FUNK.MOD
64c8bb39a60dc8fc20e0bc82aade9d29	1	30824	player	uade	Soundtracker II (15 instr.)	0	55472	54374c3b	30a5def7	BIN/MOD1/DATA.MOD
6518a42695822406adbe7be6e5420c37	1	186836	player	uade	Protracker compatible	0	177152	92eb01af	23524cf6	MOD/LABYRINT.MOD
651fb6da0956f038b10c7ea3cf0dc0a9	1	542193	player+silence	uade	Protracker compatible	0	107346	2bdb22a8	6d923ae0	MOD/NEGLIGEN.MOD
655c45e46214eff96e5bd39f628711a4	1	465503	player	uade	Protracker compatible	0	82634	06977460	acab8bb3	MOD/MONKEYDA.MOD
659336dcddd922e6751ac87d2f04050a	1	130693	player	uade	Protracker compatible	0	216572	d628fa4f	3640e862	MOD/SLOWKILL.MOD
659503bcdb76a77790edbcd743a7ea62	1	158642	player+silence	uade	Noisetracker 1.x	0	101368	8cf70487	4131ece8	MOD/RIPP.MOD
664e846000dcfe7750012b8dabccdb5a	1	436095	player+silence	uade	Noisetracker 1.x	0	134810	342b6aea	82eb4e02	MOD/FLIGHT.MOD
6690997ecba9e029229c97d65c9531eb	0	47522	player	uade	Ultimate-Soundtracker or compatible	0	33896	bb4a0ded	63fa8755	BIN/MOD/WOW.MOD
66cfbe0f84e84f9f89e59cc1c1d74e9b	0	53679	player	libopenmpt	Ultimate Soundtracker 1.0-1.21	4	29072	2a213f98	7ac8689c	BIN/MOD/QUIET.MOD
66e5a7577d490b89f6eace6685f5a054	1	262531	player	uade	Noisetracker 1.x	0	91026	71fc9cc8	540196ce	MOD/KILL67.MOD
66e96ec9a4e43b6b96c02d66c96a19f6	1	50378	player+silence	uade	Soundtracker II (15 instr.)	0	83782	10c4fb30	83ea872c	BIN/MOD1/JARREDEM.MOD
66ea77ced797b2a9d30e893b66e0e580	0	206026	player	uade	Ultimate-Soundtracker or compatible	0	65440	c6a18b4c	e62410e4	BIN/MOD1/FINVIS.MOD
674b3c4009c708ac7547cf877b8f3747	1	219007	player	uade	Soundtracker II (15 instr.)	0	162288	cd9c818e	6e4d5773	BIN/MOD1/SCOOPEXT.MOD
677e6d317a5e5e5d489a1763a2792a19	1	301313	player	uade	Protracker compatible	0	209944	3c68194c	a3b6ef8f	MOD/ELGPASA.MOD
679ce40c23b9fee14689b285564b1f62	1	161913	player+silence	uade	Protracker compatible	0	116230	6a71f9c3	617146a2	MOD/RUN_THE_.MOD
67ee6108f41158f35d44d8071d7b454e	0	30674	player	libopenmpt	Ultimate Soundtracker 1.0-1.21	4	44996	49b4dfeb	93fcef75	BIN/MOD/SLL4.MOD
68316e3a30fbdf9849387e028b853209	1	81427	player+silence	uade	Protracker compatible	0	70890	5afeb12f	9a21850a	MOD/AUSTEXCD.MOD
684772c269137302c58a2288ee9d75f8	1	177794	player	uade	Protracker compatible	0	92890	fd35e016	f0ce4259	MOD/PHONEFR.MOD
68dd096ec04e470bc742b364950af9d3	1	199797	player	uade	Noisetracker 1.x	0	88404	25abc149	4a81d997	MOD/GHOST.MOD
696ec05babef8d7091723a21c9f4639b	0	7668	player	libopenmpt	Ultimate Soundtracker 1.0-1.21	4	25624	be6d5571	da41a9bb	BIN/MOD/DEMO1.MOD
69cd59e818c949599724a3c9fdbbf512	1	235645	player	uade	Protracker	0	83870	6db75cdf	e8a01b6f	MOD/FAN2.MOD
69f52ed3b81b78d924aeb51609978e17	1	194050	player	uade	Startrekker (4ch)	0	70334	c33f9613	36ba36ad	MOD/SYNTHETI.MOD
6a87dc133f0fca0d2cef3d75ebc7d441	1	193388	player+silence	uade	Startrekker (4ch)	0	238342	883b5ee1	77beaebf	MOD/CALLING.MOD
6b0716754ffa0355783d435f66af95b1	1	184445	player	uade	Protracker	0	122986	b188f273	b27c07a3	MOD/ODYSSEY2.MOD
6b1bebbac4c39cf654e82e837fa12164	1	61568	player	uade	Noisetracker 1.x	0	41104	b081fafa	cff7566e	MOD/ELC.MOD
6b53bbb6fdc6ec222ba2404dfa3abfee	1	204941	player	uade	Soundtracker II (31 instr.)	0	77064	813c369a	b0b0de9f	MOD/EG.MOD
6bba241300965536305e2d175d97892b	1	122494	player	uade	Protracker compatible	0	66942	879e54c5	c828442c	MOD/BALL_3.MOD
6bba241300965536305e2d175d97892b	1	122494	player	uade	Protracker compatible	0	66942	879e54c5	c828442c	MOD/BALL_4.MOD
6be77a3b7ea40d917d6af57d79a2c39d	1	344134	player	uade	Protracker compatible	0	127648	fa1f5993	6a2a99c2	MOD/PLANETS.MOD
6c328f7fabc36fc15270f3369a716887	1	245893	player	uade	Protracker compatible	0	100518	49037c3f	99e0e2ac	MOD/LAMERKIL.MOD
6c613f2f8f48ea6e0125ecf5f24f711f	0	142629	player	uade	Ultimate-Soundtracker or compatible	0	58412	bb74980f	ebd933fa	BIN/MOD1/EBYT.MOD
6c7f045553b7ee3f1c626724fb95570b	0	184045	player	libopenmpt	Defjam Soundtracker III / Alpha Flight SoundTracker IV / D.O.C. SoundTracker IV / VI	4	75868	6f7e0733	b29f0eda	BIN/MOD1/RSIGSC.MOD
6d6863193db7dddd57812f9be154e900	1	394691	player	uade	Protracker compatible	0	142752	674dd9ff	463ab110	MOD/BLUE3.MOD
6d6863193db7dddd57812f9be154e900	1	394691	player	uade	Protracker compatible	0	142752	674dd9ff	463ab110	MOD/NORDER.MOD
6e25085a05cebfc27f10cd6a0d9d03c3	1	372617	player+volume	uade	Protracker compatible	0	172435	032d8316	26af5cb7	MOD/SPACEDEL.MOD
6e296c6374465c4b6aa3166fc4cea731	1	199797	player	uade	Soundtracker II (15 instr.)	0	78912	86849ff8	51fa0d32	BIN/MOD1/LOOLOO.MOD
6e7f694649642966a3f73fda1578c2d4	1	169093	player	uade	Noisetracker 1.x	0	91504	9f3caad0	980bf978	MOD/NIGHTFAL.MOD
6ecff70f4d94c2ca56b38446fa63769b	1	276597	player	uade	Startrekker (4ch)	0	73906	686e4c50	4fefbb30	MOD/HYPNOTIC.MOD
6eefcdb8176d92fd9ea3bee7df546a85	1	188283	player	uade	Protracker compatible	0	43400	bfd6e379	50defde5	MOD/LAIDBCK5.MOD
6f1745b93b4c2b0bf5bbc69ae77497f3	1	130693	player	uade	Protracker compatible	0	108672	17984efd	c4a0bfd8	MOD/EINSTEIN.MOD
6f2c3e78c11aff1fe8f965450d2b0260	0	64040	player	uade	Soundtracker II - V or compatible	0	81476	8963b301	15e8812a	BIN/MOD1/OST.MOD
6f6023a8433b9d4e4b9df45443101642	1	138369	player	uade	Protracker compatible	0	90642	683264b5	a0b934c7	MOD/STEAM.MOD
6f6cd02d078ccfbb7a2afa7a34ad9276	1	161397	player	uade	Soundtracker II (15 instr.)	0	47668	62ef70a5	9f72d284	BIN/MOD1/VIOLENCE.MOD
6f7bf148bcd231b759c2ee5106dca80c	0	107544	player	uade	Soundtracker II - V or compatible	0	72940	9290c068	e677e5d2	BIN/MOD1/SUPER4.MOD
6f8ade8fccd37c95ef7a0bed358816a8	1	237112	player	uade	Protracker compatible	0	65023	ef14a96b	e5f1a276	MOD/REBELS2.MOD
6f99537dbf8b93c1e401e9dd30b464f0	1	130693	player	uade	Noisetracker 1.x	0	69374	699df3a7	aae64890	MOD/MUSIX7.MOD
6fabededd2e0e21d6dc65806b9c8d3c2	1	184445	player	uade	Noisetracker 1.x	0	78724	e4b67f60	b504f5f8	MOD/MYSONG.MOD
6fb6acd7df4f0717c92e9d168535c0e8	1	354826	player+silence	uade	Protracker compatible	0	184430	51b9135b	5db4800c	MOD/LIVE_JAM.MOD
6ffecc27e56fc24ad6be675dda97939b	1	390009	player	uade	Soundtracker II (31 instr.)	0	136276	787eca65	8430c53a	MOD/JUSTABEA.MOD
702f17dd2e75c6a83de906be7a783694	1	184445	player	uade	Protracker compatible	0	72950	f0ec823e	1c265db2	MOD/HANGER18.MOD
709616c318935e3c111248d2b110c6f2	1	404919	player	uade	Protracker compatible	0	179008	93594d61	655da9d3	MOD/THISISTR.MOD
712bb190aacfb6ef35992593e296222b	1	214325	player	uade	Protracker compatible	0	114112	9f04e019	ccc5a31a	MOD/FREAKOUT.MOD
715461803e679b60f7e40b4a61c0a5e4	1	399494	player	uade	Soundtracker II (15 instr.)	0	54332	ecb9fb0d	a676ab57	BIN/MOD1/METALWAR.MOD
71606da1b570428f080d5c5b9fe00672	1	236165	player+silence	uade	Noisetracker 1.x	0	109044	577c4047	a811bb38	MOD/BLUESHAD.MOD
71b39082b3f8298d6872eb940804bfff	1	134531	player	uade	Protracker compatible	0	31728	6a33e8b1	73591e55	BIN/MIDI/AM1.MOD
71c6bde921139e506a5c4f686d38b715	1	99968	player	uade	Soundtracker II (31 instr.)	0	86672	3e374fd3	3ce3c166	MOD/EQUINOXE.MOD
71cc47cd42ae012dc91aa08ceacd9030	1	158211	player+volume	uade	Noisetracker 1.x	0	122496	12754b26	490745bf	MOD/CHO.MOD
71cc47cd42ae012dc91aa08ceacd9030	1	158211	player+volume	uade	Noisetracker 1.x	0	122496	12754b26	490745bf	MOD/CHOPPER.MOD
71eafc4232dbe39a8413dacab0872366	1	121088	player	uade	Soundtracker II (31 instr.)	0	55752	471d4c65	aea7134e	BIN/MOD1/UPFRONT_.MOD
724705cdd83b9d4c84988577bf735c93	1	224131	player	uade	Noisetracker 1.x	0	123304	3125121f	651ab3ad	BIN/MOD1/GALACTIC.MOD
724a71f09b98a3f6b014fedd0e5874f9	1	222845	player	uade	Noisetracker 1.x	0	180818	27d4df04	39cffd74	MOD/NEWKISS.MOD
724c6939297cf75692b26109f6cce050	1	359522	player+silence	uade	Soundtracker II (31 instr.)	0	236277	65b06901	e3b83998	MOD/KNIGHT.MOD
731f8a3be716e40707dce4898f149161	1	316792	player+silence	ft2play	Fasttracker (M.K.)	4	101622	0539b33c	b43f9a14	MOD/SANDMA.MOD
731f8a3be716e40707dce4898f149161	1	316792	player+silence	ft2play	Fasttracker (M.K.)	4	101622	0539b33c	b43f9a14	MOD/SANDMAN.MOD
74158d467ba8804c13f04d42a41362d7	0	138034	player	libopenmpt	Ultimate Soundtracker 1.0-1.21	4	58568	31fbbccd	150171d2	BIN/MOD1/ULD.MOD
745096c76c06628257be18482f15989f	1	212874	player+silence	uade	Noisetracker 1.x	0	52096	17ec16f9	a16d9459	MOD/MUZAK.MOD
7465dd1f47adce60cf4498f12bf6b527	1	169093	player	uade	Protracker compatible	0	91504	db94e586	a6ca11b3	MOD/NIGHTFLL.MOD
74ac35b4bf41d435e1f04f1dd249e41e	1	115321	player	uade	Soundtracker II (15 instr.)	0	79310	432be897	a26fe5c7	BIN/MOD1/S1.MOD
750777dc13bb5edd5f8e75d5d17588bd	1	158211	player+volume	uade	Noisetracker 1.x	0	122388	6f9da3db	fe78191f	MOD/CHOPPER2.MOD
752af1d32c66f4d0a9f8e42818ccdbba	1	158211	player+volume	uade	Soundtracker II (15 instr.)	0	121904	847606e3	c9867e26	BIN/MOD1/CHOPPER1.MOD
75679f2d3799efc79a2cf49554a4434b	1	161397	player	uade	Protracker compatible	0	46616	6148fae3	92ae8120	LPGAME1/77/LAIDBCK2.MOD
75679f2d3799efc79a2cf49554a4434b	1	161397	player	uade	Protracker compatible	0	46616	6148fae3	92ae8120	MOD/LAIDBCK2.MOD
758719a7a7a9c22b7cebb1b36a457d24	1	96130	player	uade	Soundtracker II (15 instr.)	0	56592	4640acc6	9976d567	BIN/MOD1/ALIVE.MOD
758e05c9f004006e8beb68fd079751bf	1	238197	player	uade	Soundtracker II (31 instr.)	0	58052	437b348c	cc3a2e03	MOD/IT.MOD
75f69e36c038479648e4e392cb5821ce	1	30824	player	uade	Noisetracker 1.x	0	39232	5cecd0fa	06bc45bc	MOD/ACK.MOD
76322b5f065bfafa2b72830a2661d0b3	1	119179	player	uade	Soundtracker II (31 instr.)	0	44194	47abd721	e34cf1a6	MOD/G_O.MOD
76322b5f065bfafa2b72830a2661d0b3	1	119179	player	uade	Soundtracker II (31 instr.)	0	44194	47abd721	e34cf1a6	MOD/GOD.MOD
7650c23478f4800881ca9bd694ee319e	0	199382	player	libopenmpt	Ultimate Soundtracker 1.8-2.0	4	91465	00288e09	fad0bd9a	BIN/MOD1/SLL7.MOD
769211422fa798f706770d32437b9608	1	414866	player	uade	Noisetracker 1.x	0	214704	9a468fed	ffca1006	MOD/RAINY.MOD
769211422fa798f706770d32437b9608	1	414866	player	uade	Noisetracker 1.x	0	214704	9a468fed	ffca1006	MOD/RAINYNT.MOD
76bfea0b15aa0a32b385a021a3b49166	1	173200	player+silence	uade	Protracker compatible	0	159072	c4dfbb90	3174e431	MOD/ACOUSTIC.MOD
76f81695ceb2687c418b93b752d5c38c	1	155268	player	ft2play	Fasttracker (M.K.)	4	305313	290f61cd	4e1f54ab	MOD/FRIENDS2.MOD
771b3aebd58f1939a2eba4947fcd94c2	1	238197	player	uade	Soundtracker II (15 instr.)	0	69794	f767498d	3f88c053	BIN/MOD1/MAI90.MOD
772887b4316c08b0634d7002d454b38a	1	66029	player	uade	Protracker compatible	0	68960	efc44e20	8036ca1b	MOD/OPERATIN.MOD
773359a51f642dbfed1316e346422578	1	176769	player	uade	Protracker	0	131276	2788539a	d023e7ec	MOD/TRIPOUT.MOD
774c83cab758cebfbe7b4d943b1e5917	1	361094	player	uade	Protracker compatible	0	197812	f308d6f2	e3d1a36b	MOD/HUMANECT.MOD
7756e238f677ec85f9163a28c9acc938	1	161397	player	uade	Soundtracker II (15 instr.)	0	142572	bc499882	ac8c2bc2	BIN/MOD1/DOOM.MOD
7784b8a4fce4ecb662506fa2e2f8d40e	1	215149	player	uade	Protracker compatible	0	90112	5a3d91fd	961abe6c	MOD/SLASH.MOD
77eaa93665b4bd91ea6957cafc6da866	1	122943	player+silence	uade	Protracker	0	92742	baabd959	c5ceff3f	MOD/FURELIS.MOD
77fe4797e1853b01752d3425a2e9536d	1	30824	player	uade	Soundtracker II (15 instr.)	0	33172	cdab7d36	75fb4eeb	BIN/MOD/GSC10.MOD
7825da0bdc31950982abd5d2a0593efb	1	128121	player	uade	Soundtracker II (15 instr.)	0	64628	1be1423d	5da08af8	BIN/MOD1/AWESOME2.MOD
7830ca8ed8f7fbd140a6551fe323d32f	1	245893	player	uade	Noisetracker 1.x	0	70020	5218d62a	dc5da111	MOD/ICEMASHI.MOD
787ba8b3c940b367a1bde44cf31da9a2	1	138369	player	uade	Soundtracker II (15 instr.)	0	261422	24b66b74	cdfd9605	BIN/MOD1/SITUATIO.MOD
78c1b1819ae2859feed508c334e99d1a	1	138369	player	uade	Soundtracker II (15 instr.)	0	99532	3561a088	20dced0c	BIN/MOD1/SELFCTRL.MOD
78fac3050435b1f9cb80e337c2e01543	1	153721	player	uade	Noisetracker 1.x	0	26592	a9f03139	2106e429	LPGAME1/86/SPACE.DAT
78fefa64aeca05e04988d8ee05db6c57	1	237164	player+volume	uade	Protracker compatible	0	132220	d9bbf3d1	5f6e68fc	MOD/NESCAFE.MOD
7949d20e76c2cbdff35013dff8245239	0	107359	player	libopenmpt	Ultimate Soundtracker 1.0-1.21	4	70144	9a44aeb1	a2aed6d4	BIN/MOD1/SINNERS2.MOD
795f258852e4ade4d974ca31eb6a64d6	1	142187	player	uade	Soundtracker II (15 instr.)	0	65964	734025b8	0078403d	BIN/MOD1/1STAMIGA.MOD
79836174cfffc09dab65b6e0ae573127	1	115321	player	uade	Noisetracker 1.x	0	39424	c3165028	c1c5e6da	MOD/ARTELLI.MOD
799a66e7ad4cbc2764f073c6d8f8f957	0	253062	player	libopenmpt	Master Soundtracker 1.0	4	171318	1b0ee432	a1c1b643	BIN/MOD1/HYMNTOTH.MOD
79fd9e234ff41cef7183f5c7936c9825	1	286845	player	uade	Protracker	0	145320	2affca27	fc5724dd	MOD/ODYSSE3.MOD
7a190290ce41cda3ede1d71b29b6b62c	1	130693	player	uade	Soundtracker II (15 instr.)	0	71544	86ab8b0a	85c71989	BIN/MOD1/DENSITY.MOD
7a6d54f4c85329a6df11a2486bd30e4a	1	250053	player	uade	Soundtracker II (31 instr.)	0	192452	faf23020	cfd3d34d	MOD/HUMANOID.MOD
7b76e1137d83a73488c9c2fd89b260f4	1	245893	player	uade	Noisetracker 1.x	0	46800	4f4097f5	39cf258b	MOD/PT.MOD
7ba9ee8234aaae01a5e021071a1f4daa	1	207493	player	uade	Noisetracker 1.x	0	99280	76f041d1	61b653ee	MOD/BA1.MOD
7bf820acd91aefddf8bfa8905cf23437	1	180142	player+silence	uade	Protracker compatible	0	187734	6ba9a7b6	be43c0a7	MOD/HJOURNEY.MOD
7bf820acd91aefddf8bfa8905cf23437	1	180142	player+silence	uade	Protracker compatible	0	187734	6ba9a7b6	be43c0a7	MOD/HOU.MOD
7cb8859c8d9248862400001962a13af9	1	89278	player	uade	Protracker compatible	0	102626	bce3f091	7f63802a	BIN/MOD1/HARDRIVN.MOD
7cd6e568a72ec0fa0c783f66c16d2ae1	1	80758	player	uade	Protracker compatible	0	64194	cf6daa8a	62443509	MOD/THEBEAT.MOD
7d0ddb3534f1b911a9aa7248fcf842ce	1	256141	player	uade	Protracker compatible	0	105336	4f7a996b	7b629ae1	MOD/BEAT.MOD
7d77337c7ffb45e541b7c05c5fcd77d3	1	130693	player	uade	Noisetracker 1.x	0	103506	b96b8098	ecb2716a	MOD/WAS.MOD
7e07f2206690d739635b2e9eb1f372e9	0	92022	player	libopenmpt	Ultimate Soundtracker 1.0-1.21	4	82784	c3a5cf69	c25e6345	BIN/MOD1/HEAVYBUT.MOD
7e70ccd2a700ae9abb0cd59f51dec4d1	1	153962	player	uade	Startrekker (4ch)	0	70968	93399de8	ca565b07	MOD/KEEPIT.MOD
7e70ccd2a700ae9abb0cd59f51dec4d1	1	153962	player	uade	Startrekker (4ch)	0	70968	93399de8	ca565b07	MOD/SLX_KEEP.MOD
7e8b6cd6f2f62364182d19831966aa20	1	268921	player	uade	Protracker	0	107514	d513efe1	ad87335f	MOD/SNE2.MOD
7e8b6cd6f2f62364182d19831966aa20	1	268921	player	uade	Protracker	0	107514	d513efe1	ad87335f	MOD/STORIESN.MOD
7e993032bcfe4733a8d63dff5d88d7c7	1	176769	player	uade	Soundtracker II (31 instr.)	0	78762	8aef3a76	eaee5e7c	MOD/FYC.MOD
7ea4e3a2a5b78ef7b05877fc946eb1fe	1	46216	player	uade	Noisetracker 1.x	0	28956	a1d0e1b0	2c83faa8	LPGAME1/47/DRUM.MOD
7ea4e3a2a5b78ef7b05877fc946eb1fe	1	46216	player	uade	Noisetracker 1.x	0	28956	a1d0e1b0	2c83faa8	MOD/DRUM.MOD
7f5073fc5a8e5721cd37f59857b74cc4	1	309371	player+silence	uade	Noisetracker 1.x	0	169016	77101a1b	5b4f43ad	MOD/RETROGRE.MOD
7fa8c7e5ee1c0614ce53005e5dbdfd1e	1	160064	player+silence	uade	Noisetracker 1.x	0	96978	22f4728d	de4e0dc4	MOD/MEGAFOR.MOD
7fe69ea4e33493796b2267bb005fce26	1	265968	player+silence	uade	Protracker compatible	0	98750	070e7f78	9573f86d	MOD/POORMOUT.MOD
800222d97971c66494d719c530aa6922	1	90636	player+silence	uade	Protracker	0	53498	53d8d47a	5eb45b47	MOD/MENUETM.MOD
80672923fad9a5fd30ac3b958f140322	1	230903	player	uade	Protracker	0	184951	203fcb51	7cb710b6	MOD/NASSUM.MOD
8104fc1baeb03fe18f29b90327a7e5b9	1	335051	player	uade	Soundtracker II (31 instr.)	0	95528	8f198fa6	42596d68	MOD/TOCCATA.MOD
8149ca432785aa8670f0530e12ea2b6a	1	230541	player	uade	Protracker	0	135536	9447127f	53bc9738	MOD/LAU_DIME.MOD
819ae93c3a8819fe2458a917ae87d42b	1	38520	player	uade	Protracker compatible	0	23246	87594f80	8a74d250	MOD/PERHAPS2.MOD
819d24739e977095cd7e974e7a8df05d	1	73082	player	uade	Noisetracker 1.x	0	57128	d94be46b	71566739	MOD/PIANO_PL.MOD
825ec166641945e22a12b2e6a55520bf	1	215149	player	uade	Soundtracker II (15 instr.)	0	55506	2302ca1b	d2737304	BIN/MOD1/FREDDIE.MOD
827997ce65c705f9bda962dca63e618c	1	234359	player	uade	Noisetracker 1.x	0	148688	3fd3cbb0	fb838a89	MOD/HUBBARD.MOD
8293aca24f01d76c9c9974e9542e08c9	1	264213	player+silence	uade	Soundtracker II (15 instr.)	0	112192	ddba383d	0ce21ba8	BIN/MOD1/WOWST.MOD
829d27e6b9753bf23fa3f532d09ad6f3	1	171093	player+silence	ft2play	Fasttracker (M.K.)	4	108649	46ebb166	895ead2e	MOD/SMOKIN.MOD
82b0be936ec646bd2f8681d19176936e	1	310016	player+silence	uade	Soundtracker II (31 instr.)	0	78742	53c7718c	52cf2bb8	MOD/MAGNETIC.MOD
82b0be936ec646bd2f8681d19176936e	1	310016	player+silence	uade	Soundtracker II (31 instr.)	0	78742	53c7718c	52cf2bb8	MOD/MGNFLDS4.MOD
82b0be936ec646bd2f8681d19176936e	1	310016	player+silence	uade	Soundtracker II (31 instr.)	0	78742	53c7718c	52cf2bb8	MOD/MOD.MOD
82b1151734bc650c310b84dcb1ee5990	1	153721	player	uade	Soundtracker II (15 instr.)	0	123982	1a31c35b	e10f5238	BIN/MOD1/QUITTING.MOD
836ad33ab3844703c8d5e1b61671a6b4	1	122997	player	uade	Protracker compatible	0	39064	101618ff	f1155120	MOD/ILLUMINA.MOD
83a75c7b316ce2ab6ecdd73302a9c2fb	1	158041	player	uade	Protracker	0	99328	0c87022b	a2a3bf8a	MOD/AHIT.MOD
8416482fc10f95d112b5a9b50d28b897	1	238197	player	uade	Protracker compatible	0	161922	621a760b	43a947f0	MOD/PUMPUPJA.MOD
84a3a207e005ba7892fa3e029c11aee0	0	293215	player	uade	Soundtracker II - V or compatible	0	82480	6cf93d15	252537ee	BIN/MOD1/GURKMIXE.MOD
851adbe2bd8840c21fe23c6b4763316a	1	307321	player	uade	Noisetracker 1.x	0	171098	1deaa85a	8defd250	MOD/MCSHYDII.MOD
853fd07935fab9e21c1fecb1b64ffa6b	1	284721	player+silence	uade	Protracker compatible	0	259115	aac2fd95	f8582004	MOD/BELLTOLL.MOD
8553f81d38fe2bbb1f216a3a40c71b59	1	338045	player	uade	Noisetracker 1.x	0	72044	766c9d07	edddaaf8	MOD/BLUEBERR.MOD
85719b04cd85bfe2746c0afe5f80b82f	1	190244	player+silence	ft2play	Fasttracker (M.K.)	4	206156	f57dcf42	3e17ed9c	MOD/WOLFEN.MOD
85fc1f57aaf56302b66c97473156e79e	1	222845	player	uade	Soundtracker II (15 instr.)	0	64434	7aa2ed1e	75b44d9c	BIN/MOD1/FROGBYJP.MOD
86245f1baad3b3dcbfcb298f7452c6ff	1	268921	player	uade	Noisetracker 1.x	0	65984	074c41c9	304f45b5	MOD/FLETCH.MOD
86ac141490e065761cce59ef32d7a0a1	1	161397	player	uade	Soundtracker II (15 instr.)	0	76768	abaf9c03	94b75411	BIN/MOD1/LAZYSUND.MOD
86eba4190c26331d8fbf837949056eea	1	355616	player+silence	uade	Protracker	0	84158	359d07fd	d1268fb9	MOD/HYSTERIA.MOD
871e2d124ce63c3d63877ab964d0c3a1	1	169093	player	uade	Soundtracker II (15 instr.)	0	94746	ba12778a	1bcc45d1	BIN/MOD1/NEVERSAY.MOD
8753660275b685780302c30e8a33e73d	0	34202	silence	uade	Soundtracker II - V or compatible	0	82428	62118379	27cfbbe5	MOD/JULKLAP.MOD
877219abffb6ebfd6a9140278e465759	1	430278	player	uade	Protracker compatible	0	163570	44a29add	787d21e3	MOD/IMAGINAR.MOD
877219abffb6ebfd6a9140278e465759	1	430278	player	uade	Protracker compatible	0	163570	44a29add	787d21e3	MOD/IMAGWOMN.MOD
8778cfc48933f80d958c7e022d2c81d7	1	144236	player	uade	Protracker compatible	0	92518	3f5b674e	67b2cc19	MOD/TROUBLE.MOD
87d7f46c87046116ba4150508a17d634	0	326227	player+silence	uade	Soundtracker II - V or compatible	0	124052	9c01cd49	38f35c93	BIN/MOD1/VISITORS.MOD
87efc39ec79cc1d1490fe8cd76aec877	1	222845	player	uade	Soundtracker II (15 instr.)	0	123384	c6c463c5	db4dcd53	BIN/MOD1/DUECO.MOD
886683397daa7562b961da6b60c152d0	1	306819	player	uade	Noisetracker 1.x	0	138966	8311958e	324284c4	MOD/RIFFRAFF.MOD
893fc5a6b710cfc41877fd09c08d3f25	1	138369	player	uade	Protracker compatible	0	75766	c1c2ca6f	f52079f2	MOD/E1.MOD
893fc5a6b710cfc41877fd09c08d3f25	2	61568	player
893fc5a6b710cfc41877fd09c08d3f25	3	38520	player
895d758f24621502d4578a67a9dae67b	1	201726	player	uade	Protracker compatible	0	200556	9ae8ee1a	5944f677	MOD/COLD.MOD
89819272a8c487b3a253cd1683476f1f	1	84616	player	uade	Noisetracker 1.x	0	133456	8b2e26b9	dab40305	MOD/SPIKEMIX.MOD
89905a3c99702dd4f69a01c023b02a1a	1	81778	player	ft2play	Fasttracker (M.K.)	4	19185	115b7ecf	601942dc	MOD/PIANOMAN.MOD
8a5a27c49eba9a4039c0e8927064eaae	1	143493	player	uade	Protracker compatible	0	92480	c3b70695	626f4fe1	MOD/SHADOWFI.MOD
8a75bbfbc9416e71f7083fa243c1ec13	1	38520	player	uade	Soundtracker II (15 instr.)	0	20596	5ed05c14	eaf60c8e	BIN/MOD/DRUM02.MOD
8a7aa2e2febf07d4ac2178f10ae251f2	1	127976	player+silence	uade	Protracker compatible	0	40924	a1e26148	a3b7c86f	MOD/RAVE.MOD
8acd25020e5560aad9fccd1575abeb65	1	44910	player	uade	Protracker compatible	0	39210	77003471	4c3a25f4	MOD/MUNK_JAM.MOD
8aed9e7b003caeed50de834506f10e11	1	204075	player	ft2play	Fasttracker (M.K.)	4	188427	d0ab347e	21fb5308	MOD/OHNOOOO.MOD
8b00260a2f82aef89efc89b5f2db5086	1	307321	player	uade	Soundtracker II (15 instr.)	0	68080	8fcdc9a3	88bff995	BIN/MOD1/TJ.MOD
8b13a1dbdc9235bc4449885fc92409ce	1	152435	player	uade	Soundtracker II (15 instr.)	0	265216	89155aef	5a8524e7	MOD/HOOYEAH.MOD
8b4f5c3ec93f997fd31a426bcfd67f1b	1	165054	player	uade	Protracker	0	118748	aae64668	0d5d6551	MOD/FUNERAL.MOD
8b59c0f386e85b95eea431b835eba9cf	1	92272	player	uade	Soundtracker II (15 instr.)	0	47868	87962a76	f5053a26	BIN/MOD1/BST.MOD
8bba2be72d37a3c55398e63cfdb7277c	1	116586	player	uade	Startrekker (4ch)	0	68048	b6e2d59f	89118cca	MOD/SLX_MO92.MOD
8bd78d13cd6abb51a26bc0016c5aab2a	1	135797	player	uade	Soundtracker II (15 instr.)	0	124592	ff453c61	bbe9a326	BIN/MOD1/ZOLTAN.MOD
8c9ef733e4360707d89e1298f0cee8e6	1	263174	player	uade	Soundtracker II (15 instr.)	0	125650	f198a322	dc1be72e	BIN/MOD1/ANGIES.MOD
8cb50f1ac19241fd2594e363314f5e3b	1	188562	player+silence	uade	Protracker compatible	0	115272	c8f95924	132517ed	MOD/RHYTHM_M.MOD
8cfaa731f513fe73054f94306f84ec45	1	288195	player+silence	uade	Protracker compatible	0	71714	fc28251b	08033b46	MOD/SONG1.MOD
8d213c58a9d06ed3f288220d8c47a59c	1	95909	player	uade	Protracker compatible	0	66266	305e8718	99b7695a	MOD/ROGER.MOD
8d442f174cb147ec7463f68bc8922d3d	1	111000	player	uade	Protracker compatible	0	96044	7ece1a54	aa5ab71f	MOD/BOND.MOD
8d761dcdef7f974ed1b5c092e57da863	1	169093	player	uade	Protracker compatible	0	155228	03590a86	cce1bb6b	MOD/SOUNDMA.MOD
8de3f13913e2c1e7b91ca4eda87bb3b8	1	153686	player+volume	uade	Soundtracker II (31 instr.)	0	43386	4016babd	6497fa6a	MOD/ECH.MOD
8e09d49231e63a16c81d0c52cfdeb211	1	166521	player	uade	Soundtracker II (15 instr.)	0	86864	7cc1a7a3	3ad4b30c	BIN/MOD1/NIGHT1.MOD
8e0b62d0328b75421cd4c4a6b8600c7b	1	379083	player+silence	uade	Protracker	0	144824	e90042a0	82785282	MOD/LANDOFCO.MOD
8e3132a50194c6e64c63fa1f038f66fb	1	184445	player	uade	Noisetracker 1.x	0	122568	4ab34b8d	56b5b60f	MOD/PUGGS4.MOD
8e391ad58439de0aafa4503555a30e3b	1	249490	player	uade	Protracker	0	212992	ae0d28ef	bc778441	MOD/RISE.MOD
8e7f722776861c69a84d4365976474ea	1	104631	player+silence	uade	Noisetracker 1.x	0	86947	723a27c9	372c4913	MOD/ARISE.MOD
8eaf470a40705d7048a5754d1a3699a5	1	237333	player	uade	Protracker	0	265170	c8b97658	f85be79e	MOD/WRLD_WAR.MOD
8ecc8be167427cf1aacbf3dad82358f2	1	172931	player	uade	Protracker compatible	0	157578	8796e3be	b787148a	MOD/BACKPOPP.MOD
8f17c0ac16056df538896443a5c36558	1	214638	player+silence	uade	Protracker	0	191488	8f5ba8a4	37c3d0cb	MOD/RESONANC.MOD
8fa4809f9b7e9e41544522999070b656	1	294521	player	uade	Protracker	0	119058	3731337b	4e9f0164	MOD/VECTORBA.MOD
8fdf7c0f250c436fe1565372d81ea521	1	652943	player	uade	Noisetracker 1.x	0	135940	283c24c2	db2df681	MOD/TEL.MOD
8ff264f5f4763c468fd992ac896e91e5	1	169093	player	uade	Noisetracker 1.x	0	54404	3e296281	3cd59edb	MOD/TWILIGHT.MOD
8ffa113b1d7e84025746c9a2eea0a60b	1	135375	player	uade	Soundtracker II (15 instr.)	0	58526	6ebd1d31	1fa4cd2d	BIN/MOD1/4_ACES.MOD
8ffa113b1d7e84025746c9a2eea0a60b	2	143493	player
902bd29ac8e50b73c695d3f77b9c97db	0	47522	player	uade	Ultimate-Soundtracker or compatible	0	28472	e7319947	20a6ba83	BIN/MOD/DRUM03.MOD
907e1754b4dec6fb4b8bd908487e0bd3	1	384122	player	uade	Soundtracker II (15 instr.)	0	116528	fb4f31b2	582c1e38	BIN/MOD1/DATAMUS.MOD
9093625fa3778fe2fcee741752109c20	1	76920	player	uade	Soundtracker II (15 instr.)	0	24348	46c7e98a	4801ce4c	BIN/MOD/EFRENS2.MOD
90c53083f8035fc46e335281c10b53cb	1	197055	player+silence	uade	Startrekker (4ch)	0	101680	4999e76e	8fa911c2	MOD/FORCE.MOD
912b76de65ae2901e13e95841a77d7b3	1	191789	player+silence	uade	Protracker compatible	0	166654	abab5756	76586029	MOD/WILDTHNG.MOD
915ca9bedfb0dd98e10aa734d46323dc	1	381410	player+silence	uade	Protracker compatible	0	110236	9ee57ab2	295fc42f	MOD/WERETHED.MOD
9194b93259a162557e9dec2a2681a17c	1	224189	player+silence	uade	Protracker compatible	0	316134	53794ef9	cc165507	MOD/NEW_GENE.MOD
923e41bf8036e7026f98b3f8cf7fd2c9	1	215149	player	uade	Soundtracker II (15 instr.)	0	95800	ce5d1acb	dff76584	BIN/MOD1/MVB.MOD
923fb2cfce8b8c8dd235ddbe61bbf482	1	53872	player	uade	Protracker compatible	0	115788	4276543c	f2cbfbb2	BIN/MOD1/GETINTOT.MOD
92545a847a2c6ec9e8ae5400ba24dec7	1	457084	player	uade	Soundtracker II (31 instr.)	0	74304	6ee6d74a	e1503919	MOD/CYBER.MOD
9258cd840442bcf8eaa4676dc3162451	1	322693	player	uade	Protracker	0	351546	0516e8a3	b5c68434	MOD/U96.MOD
92c8d76ce300a89fc90a8b541ad03b43	1	111483	player	uade	Protracker compatible	0	86964	043783e8	1c923d81	MOD/TECHNOWA.MOD
92d442d2f4ef3c34e5d74ff8002bf3d3	0	182255	player	uade	Ultimate-Soundtracker or compatible	0	62216	48986912	59fe3f31	BIN/MOD1/JOHN1.MOD
92d5b08730fb6add100d8c36caccb230	0	47522	player	uade	Ultimate-Soundtracker or compatible	0	33896	625bf4e5	f66a46f3	BIN/MOD/ENDTHEME.MOD
92e62fd04cffea475ec92f2c77d5790c	1	296729	player+silence	uade	Protracker	0	415406	cc7ad039	822f08dc	BIN/MOD1/GOODVIBR.MOD
930c89d487d8ab8dc8c035b78a89c8a5	1	299645	player	uade	Protracker compatible	0	140650	4411e6da	fd5c8f59	MOD/POSEIDON.MOD
935421aacacd8ad1b26dbc4e223ca1c4	1	268564	player+volume	uade	Protracker	0	402166	e6bcbdb7	d2b2b722	MOD/BEYOND.MOD
937fda46d8ceb09f69e81ee3883d027d	1	149883	player	uade	Protracker compatible	0	76568	25a78951	431504f3	MOD/TECHNOST.MOD
939c0318214b2fbdcd660f6653c1eb0e	1	184445	player	uade	Soundtracker II (31 instr.)	0	107273	7deefb0c	f4d7dc77	MOD/SPACE2.MOD
939d450c88b8e9bb45ab1b974369bf91	1	196108	player+silence	uade	Soundtracker II (15 instr.)	0	108576	854c7a3b	5d38df11	BIN/MOD1/PANTHER.MOD
93c54a65e04fba663563b4c9f65aebfa	1	230541	player	uade	Noisetracker 1.x	0	67636	3bd38352	a1013217	MOD/DEARROB.MOD
93cb5877d3e324b609636d67ccedbf76	1	329103	player	uade	Protracker compatible	0	125272	fedceda3	cabc92ab	MOD/BACKROOT.MOD
93cb5877d3e324b609636d67ccedbf76	1	329103	player	uade	Protracker compatible	0	125272	fedceda3	cabc92ab	MOD/ROOTS.MOD
9420a3c4b116f3627ded85f6d3fabfa9	1	140643	player+volume	uade	Soundtracker II (15 instr.)	0	64618	43ba7c16	c69aa43a	BIN/MOD1/DEMONREV.MOD
9420a3c4b116f3627ded85f6d3fabfa9	1	140643	player+volume	uade	Soundtracker II (15 instr.)	0	64618	43ba7c16	c69aa43a	BIN/MOD1/DEMONSR.MOD
9420a3c4b116f3627ded85f6d3fabfa9	1	140643	player+volume	uade	Soundtracker II (15 instr.)	0	64618	43ba7c16	c69aa43a	BIN/MOD1/DER1.MOD
9495c9b92be2aaf1b4cedce9f331f3b3	1	176769	player	uade	Noisetracker 1.x	0	30300	4f737bba	94b3d223	MOD/CHOOSE.MOD
94c05bda6dbd93f77e59abefc06c2877	1	199797	player	uade	Startrekker (4ch)	0	68370	08f234a4	8bb92c45	MOD/SLX_TRAN.MOD
94ea09e4ceb3008d407d14023ed1b9e9	1	99968	player	uade	Protracker compatible	0	50944	16765c1a	651ebc43	MOD/YUMMBALL.MOD
94f689bfaa7bd06ae70630b68bf0b2cc	1	53872	player	uade	Soundtracker II (15 instr.)	0	49938	7b671753	db004b55	BIN/MOD1/COMMAN.MOD
952d9df2b1670281dd3ad740e8db5385	1	137163	player	uade	Noisetracker 1.x	0	75748	775acb47	8a2f6d35	MOD/HOLLIW.MOD
95c19964f8bf43b416d1678e7ab10084	1	303463	player+silence	uade	Protracker compatible	0	211647	aa779842	aaeeb37a	MOD/IRONMAN.MOD
9602f78648360e4498721e123064f2a1	1	115321	player	uade	Soundtracker II (15 instr.)	0	53792	b63cbeb7	75c710f0	BIN/MOD1/TUERKES.MOD
9611407db37a9608387b5150217add1c	1	84616	player	uade	Soundtracker II (15 instr.)	0	39470	ce89e4f3	c75d0460	BIN/MOD/TUB.MOD
9611407db37a9608387b5150217add1c	1	84616	player	uade	Soundtracker II (15 instr.)	0	39470	ce89e4f3	c75d0460	BIN/MOD/TUBELLS.MOD
96732f0181229deca607d00f5dffddba	1	158041	player	uade	Protracker compatible	0	99024	395c66c7	bd3cb81e	MOD/A_HIT.MOD
97441c5f6e445b0e510ab80f67e0dc7f	1	161397	player	uade	Soundtracker II (15 instr.)	0	185044	fb48c0a9	3e5c0cfd	BIN/MOD1/BARSCHEL.MOD
979c3786d01a39397eab1c645cceaf5b	1	180465	player+silence	uade	Protracker	0	125344	c38a4b87	f3590599	MOD/LIVINGAN.MOD
97a883634e322fb5cdfb8b19e57fb60d	0	168708	player	libopenmpt	Ultimate Soundtracker 1.0-1.21	4	86120	fe1ac344	ef702d4f	BIN/MOD1/NIGHT.MOD
97ed5448dfe91da3d04036d1cf89edc1	1	139393	player	uade	Protracker compatible	0	88596	2570671d	507db08f	MOD/TRASH.MOD
97fe179b04543e1b4170fe30f239162c	1	84616	player	uade	Noisetracker 1.x	0	22248	67b24e7a	515878c5	MOD/PRE.MOD
9811c3eef6c683a526f5582bcb12cdee	1	267494	player	uade	Noisetracker 1.x	0	142916	e970a12c	d794a8cc	MOD/FUL.MOD
984ede8f543ed822c0189cd4e4a4eb05	1	61006	player	uade	Protracker compatible	0	41564	822ce942	a4021cd7	MOD/BEGINMUS.MOD
9868b1948e9b7f1bc58a63d3e0cb10c8	1	238197	player	uade	Protracker compatible	0	162048	e590051d	bae10bdf	MOD/PUMPUP.MOD
98d975b372836720c936d9ea17c538b0	1	298825	player+silence	uade	Soundtracker II (15 instr.)	0	115008	890094f1	8fd745f4	BIN/MOD1/DRAGNET.MOD
98ea1cf1f1ff376587d2717dfd9ec6d3	1	119179	player	uade	Soundtracker II (31 instr.)	0	85984	cb457d41	100ce26e	MOD/BLUP.MOD
99513a7265ec779a59a9ea5ed66688b0	1	84616	player	uade	Soundtracker II (15 instr.)	0	83268	36689137	34d0b1d4	BIN/MOD1/OPUSDEI.MOD
9a88d58be4273cee82a57215009b75a5	1	107645	player	uade	Protracker	0	281230	79c8de9e	503fbf30	MOD/U4IA.MOD
9ab6803f5365c0c680d133faa86abe30	0	99691	player	libopenmpt	Ultimate Soundtracker 1.0-1.21	4	104740	958e34d7	8a5ffeb0	BIN/MOD1/JWX1.MOD
9af6f95bc6f125fafba18c0f1f036b47	1	69224	player	uade	Soundtracker II (15 instr.)	0	39492	8be08fc0	1eb25def	BIN/MOD/UNITA.MOD
9b224aa43dea721f13fc5b508ff0c18c	1	216133	player	uade	Protracker compatible	0	189738	ba9746ba	0255bd95	MOD/WIR.MOD
9b52d9f1ba36436ee1cdf25d4b8149e4	1	227224	player+silence	uade	Startrekker (4ch)	0	175098	3d855209	edfa612c	MOD/SLX_MYHO.MOD
9b7e50f6245078d9d52d3f1b823d5635	1	226557	player+silence	uade	Soundtracker II (31 instr.)	0	109710	831c63b0	76a76658	MOD/FREDERIC.MOD
9b8ef9a23cc037f53e42b6c71e92a356	1	183557	silence	uade	Soundtracker II (31 instr.)	0	113824	13ac7189	a2ed1521	BIN/MOD1/HEAVY.MOD
9bb3b210c8b1e162d07d794674f8ccf6	1	207493	player	uade	Soundtracker II (31 instr.)	0	68018	b11823a3	af688438	MOD/HEN.MOD
9c06bc85b88cb3e6ff836f08a8f6e5a2	0	87168	player	uade	Ultimate-Soundtracker or compatible	0	58244	67e012eb	45a1a6ef	BIN/MOD1/SCHLUCHZ.MOD
9c0cf44215c82d45072eba7d6d1658c0	1	361073	player	uade	Noisetracker 1.x	0	196608	63c006b4	ad137f6e	MOD/THESTORY.MOD
9c129cd3eeccb6d6b8cbb3274d197c3e	1	107645	player	uade	Soundtracker II (15 instr.)	0	48018	8a1beb1b	93bd1363	BIN/MOD1/TANJATHE.MOD
9c93efb477359fe704b437c404408350	0	191714	player	libopenmpt	Ultimate Soundtracker 1.0-1.21	4	45220	52563a19	74ea7762	BIN/MOD/GSC.MOD
9cb934a9f205da7945522fea5294bbaf	1	215149	player	uade	Noisetracker 1.x	0	69644	1082f62c	2e5bbd3a	MOD/INC.MOD
9cfe1f694b64df0ea3b8b56e643aadde	0	91128	player+silence	uade	Ultimate-Soundtracker or compatible	0	66044	57069f4d	2c40a1ac	BIN/MOD1/SLL3.MOD
9d363b6166d8e3ad324af92cd47888d3	1	123076	player+silence	uade	Protracker compatible	0	78136	829080b3	9349a3b9	MOD/ENDTHEM2.MOD
9da61fa5660a737d8a1b93ff8bff0bd3	1	184445	player	uade	Noisetracker 1.x	0	122564	35e7c153	c507c971	MOD/MUSIC4.MOD
9e632aef140ecc3f72085d04fa787220	1	55962	player	uade	Noisetracker 1.x	0	51712	14e5a762	cc43ec6a	BIN/MOD1/AIR.MOD
9e8741fda45d2e1cbd7c33235a6e3103	1	122997	player	uade	Noisetracker 1.x	0	149166	452421f5	7d5c61c9	LPGAME1/97/M1_SONG.MOD
9e8741fda45d2e1cbd7c33235a6e3103	1	122997	player	uade	Noisetracker 1.x	0	149166	452421f5	7d5c61c9	MOD/M1_SONG.MOD
9e9031d52f72c0ba8d26bcf00f02a53d	1	276597	player	uade	Protracker	0	36920	65ba8578	b5a1df98	LPGAME1/56/INTROMUS.MOD
9e9031d52f72c0ba8d26bcf00f02a53d	1	276597	player	uade	Protracker	0	36920	65ba8578	b5a1df98	MOD/INTROMUS.MOD
9ea6ad97da7c4dc37e6e8fecf304cdb8	1	150787	player+silence	uade	Protracker compatible	0	122104	b7468a6b	54681f80	MOD/NAMEWASB.MOD
9edffc4f8fabf4679b22da69c36b7735	1	107645	player	uade	Protracker compatible	0	99702	9fab08c0	4526a343	MOD/BASELIN.MOD
9ee1e96914317374e2d7424d6bee614f	1	274929	player	uade	Soundtracker II (15 instr.)	0	110096	cc759450	0183294d	BIN/MOD1/INGAME1.MOD
9f07eb12e6878b080bf4131aa819c122	1	130693	player	uade	Noisetracker 1.x	0	40496	2ab78f1e	1f1a177d	MOD/WAR.MOD
9f136d042b5c88d6a5c9ee66b42f26c2	1	81723	player	uade	Soundtracker II (15 instr.)	0	55450	bc510fae	6f3738df	BIN/MOD1/AIRBORNE.MOD
9f5ba689f969289b304dfd3a33f00c13	1	61568	player	uade	Noisetracker 1.x	0	50680	6247d5be	71638c5d	MOD/TOD.MOD
9f69fd4e53626be89d62ede6ec6fa533	1	264247	player+silence	uade	Protracker compatible	0	130574	0481a653	00d655f2	MOD/JUMPING.MOD
9f8b38b8de5f244d04979329d56b798c	1	542593	player+silence	uade	Noisetracker 1.x	0	212268	e9ea2220	ab85f65c	MOD/NOP.MOD
9fb75219a4d50a2dd1aa32b43ffcfa03	1	169093	player	uade	Noisetracker 1.x	0	84862	cc255f18	c89e4880	MOD/GROOVE.MOD
a02f4a0b62de3691461464229be0189b	1	143493	player	uade	Soundtracker II (15 instr.)	0	59844	87040e43	94d5df3f	BIN/MOD1/WOTROCK.MOD
a02f4a0b62de3691461464229be0189b	1	143493	player	uade	Soundtracker II (15 instr.)	0	59844	87040e43	94d5df3f	BIN/MOD1/WOTROCKO.MOD
a04b053dd77bcabbc5bea3c666668636	1	176769	player	uade	Soundtracker II (31 instr.)	0	154140	a90e93ee	55be53ed	MOD/JARRE.MOD
a050e6ce00aa7c794c6662c55f3c9abb	1	161397	player	uade	Noisetracker 1.x	0	41148	28927004	75a541b3	MOD/GOL.MOD
a050e6ce00aa7c794c6662c55f3c9abb	1	161397	player	uade	Noisetracker 1.x	0	41148	28927004	75a541b3	MOD/GOLD.MOD
a08a413f5c24cb7ed8887e6a7b50f1c8	1	96753	player	uade	Protracker compatible	0	42492	857bf4f0	9f35b0f8	MOD/FRENCH.MOD
a0bdbf588853fb1c16cba7fadb798b9f	1	285157	player	uade	Protracker	0	139086	a9a75f68	dcda61f3	MOD/STREET_J.MOD
a0f5b243d2969380dc36205170a7ee0f	1	61568	player	uade	Noisetracker 1.x	0	31562	bf503d0f	3ecffae0	MOD/PUM.MOD
a0f7985fabd4eb5cd175c293eebc06a8	1	252243	player	uade	Protracker compatible	0	232621	2e06c7e0	c1fa01a8	MOD/MUS6.MOD
a1a504af63c89a4c039162ac8abecee3	1	104127	player+silence	uade	Protracker compatible	0	20114	1a3f46f5	da6c7a2c	MOD/FROGSONG.MOD
a2005a95fe0c7bfb0c38649be90f0aa7	1	645267	player	uade	Soundtracker II (15 instr.)	0	37284	3190d465	25cfa0e8	BIN/MOD/STRANGE.MOD
a2de123ed7c80bb9eb12dbfc0a492813	1	245893	player	uade	Soundtracker II (15 instr.)	0	68940	d90a3758	e7200592	BIN/MOD1/CRYSTAL.MOD
a2dfa95d3e1b932aab813815dac7d3c3	1	99968	player	uade	Noisetracker 1.x	0	42252	3ddf3b8b	e2131ae9	MOD/UNI.MOD
a2f8f8ea492ded29365fdc4c8b8fd192	1	183670	player+silence	uade	Soundtracker II (15 instr.)	0	111536	0ec2238a	5070dae1	BIN/MOD1/SPACE.MOD
a31b2a6466e5e89957af87695bbe00bb	1	99968	player	uade	Startrekker (4ch)	0	82566	6895d5de	676e7f4a	MOD/SLX_TER2.MOD
a31b2a6466e5e89957af87695bbe00bb	1	99968	player	uade	Startrekker (4ch)	0	82566	6895d5de	676e7f4a	MOD/TREMINA.MOD
a33189ef991c248ce88590ed7c3e4509	1	273402	player	uade	Protracker	0	258184	334ac0ef	bd0c1a27	MOD/ODYSS6.MOD
a37b9393f30c5a00e201f39381b24555	1	130693	player	uade	Noisetracker 1.x	0	106524	e1090284	ad92859d	MOD/AXENONST.MOD
a38387d5a4f1e9217994c8d304ba2d76	1	119621	player	uade	Protracker	0	119627	d0d30c60	965f23a0	MOD/DEMO.MOD
a3af5c3e1af269e32dfb6677c41c8453	1	238197	player	uade	Protracker	0	62811	6d3c1261	36faa434	BIN/MOD1/IDNTMIND.MOD
a3b8a8613a2d8004261d6496086432b9	1	199797	player	uade	Soundtracker II (15 instr.)	0	64588	9c36a14f	60f59b0c	BIN/MOD1/BIGBALLS.MOD
a3d7a740125f2eed2b425f795fac1b32	1	276597	player	uade	Noisetracker 1.x	0	80312	896d6968	a9e03809	MOD/AXK.MOD
a3e18a6edacf6e9d43acefa272f7ca74	1	236159	player+silence	uade	Noisetracker 1.x	0	109044	d78f0340	946083e5	MOD/BLU.MOD
a3eb60fe39e503f0b9ffb748fa103b21	1	134531	player	uade	Soundtracker II (15 instr.)	0	81970	4845bb4d	9cb10995	BIN/MOD1/CONTACT.MOD
a41a93c500c7f4bc75d71262f93dc73c	1	122997	player	uade	Protracker	0	52356	9a12a025	91a2400b	MOD/PROCES_I.MOD
a43f3d3159934f809a973d90dc32c946	1	299993	player+silence	uade	Protracker	0	347582	35a70395	46e27e7b	MOD/SPACEDEB.MOD
a4e724045d7b7743232322d6327e409c	1	138369	player	uade	Protracker compatible	0	73856	7a870ffa	c894a5e7	MOD/TTRONIC.MOD
a4f1284991cb21bd4b0717c062e1a1f3	1	30824	player	uade	Soundtracker II (15 instr.)	0	47332	6a53417e	8f16c257	BIN/MOD1/KID.MOD
a573d18a14bf875acab6ddcaf8d31cfc	1	130693	player	uade	Noisetracker 1.x	0	103506	9d2a709b	34e945be	MOD/WASTELAN.MOD
a5cdafd911cebc243c8847fd0b6a02e9	1	157579	player	uade	Soundtracker II (15 instr.)	0	90550	86214a64	292946a4	BIN/MOD1/SMO.MOD
a6347d5e8f0c946bbdc1a375036831a1	1	143546	player	ft2play	Fasttracker (M.K.)	4	73063	14864aa7	c7239ca4	MOD/RHRN.MOD
a64f633fc0d88f7799c74bee6092bd9b	1	330369	player	uade	Protracker compatible	0	251336	c77dbbdc	50f5eb9e	MOD/PARTISON.MOD
a651806724308ea5038e6410217b7330	1	637350	player	uade	Protracker (vblank)	0	224256	1a71adc5	7420c24b	MOD/KLISJE.MOD
a6777fd7250ebe4bd4c3742dc1ceb106	1	301607	player+silence	uade	Protracker compatible	0	178240	2329afe3	34a496b0	MOD/BLUESTAR.MOD
a699712a2ebb44d2cb10bef397b8b0de	1	457084	player	uade	Soundtracker II (31 instr.)	0	74304	c44a0e73	13908417	MOD/PREDAT4.MOD
a6a631db45b2d454be308f63a341896d	1	322693	player	uade	Noisetracker 1.x	0	98772	3fe89a0d	9fc95a01	MOD/ANOTHER6.MOD
a6ba0bf18c1be5d760ea38e41b53647a	1	94222	player	uade	Protracker compatible	0	86876	921bb667	31cedb05	MOD/DT_DM_SO.MOD
a6e508e72cbc396f0ca2ca2d94f39c55	1	193085	player	uade	Soundtracker II (31 instr.)	0	176514	5ab75935	95317625	MOD/SKYIAMBA.MOD
a714d21feca95aca45442f6993f3ea55	0	31668	player	uade	Ultimate-Soundtracker or compatible	0	32548	c3343e71	681ae653	BIN/MOD/SLL9.MOD
a76c244ff2d0b004e2458a7481913897	1	143493	player	uade	Protracker compatible	0	39408	b8417c1e	d6a7ce67	MOD/LAIDBCK1.MOD
a7e2bdf2b9a0436df9897b2ffbc1e2f2	1	182006	player+silence	uade	Noisetracker 1.x	0	91456	45632473	ea0eaead	MOD/SAHARA.MOD
a804393b6989d578b9528eeaff358fa3	1	384122	player	uade	Protracker compatible	0	117012	9ba82e6b	0ca377de	MOD/FRANKSUC.MOD
a80cd7ca73fecfcaece34beb429c0e74	1	307321	player	uade	Soundtracker II (15 instr.)	0	84712	cd54eca7	c87f74fc	BIN/MOD1/RALLEY.MOD
a82440bcd96e72e9d13dd370fe74d4ae	1	242055	player	uade	Protracker compatible	0	123210	42f13e5f	800be8c1	BIN/MOD1/CREAM.MOD
a8514a8ba86daaee05040e1178710570	1	184445	player	uade	Soundtracker II (31 instr.)	0	195188	6006d3b9	d6e9a94e	MOD/THESPACE.MOD
a8c07df963a991e3e54c0d8a28c2efe8	1	184445	player	uade	Protracker	0	122986	31a20f6f	a1019906	MOD/ODYSSEE2.MOD
a8eb824e8671cf6f32626277612a1a4b	0	226552	player+silence	libopenmpt	SoundTracker 2.0 / D.O.C. SoundTracker II	4	85304	3761ec0b	2b4212da	BIN/MOD1/STEEVE_B.MOD
a90d8311e00dccabb548f0fe25efa1f5	1	46216	player	uade	Protracker compatible	0	27924	148b0326	a1d5c057	MOD/LOONCRED.MOD
a923366efa8f61edebdf5b471dd1c992	1	69224	player	uade	Protracker	0	79758	3e5ce544	42b5cdc1	MOD/SHEISCOM.MOD
a94cc31a818ea0cda46dd91b1cc86ef4	1	321317	player+silence	uade	Protracker compatible	0	95386	b600d48a	61051a0e	MOD/NTCLUB.MOD
a9efab0bd778f5b09cf2858e27db96bd	1	199797	player	uade	Protracker compatible	0	106624	86ba3876	2264747d	MOD/THENIGHT.MOD
aa5460c2c24780fde53d3c0f1e0d1513	1	231360	player+silence	uade	Noisetracker 1.x	0	202697	495013cc	ab3e8da1	MOD/LIKEAPRA.MOD
aa64a7980b5b16c0325d4645828d97a9	1	107645	player	uade	Soundtracker II (31 instr.)	0	71613	eb5d50a6	7bdadfc0	MOD/RITZ.MOD
ab268d442dd13b9c50d71c339aeb3f85	1	161397	player	uade	Soundtracker II (15 instr.)	0	101400	ac5b3ae5	30868802	BIN/MOD1/METALSYN.MOD
ab4c0aba8de82b36b6e3effbce8830a6	1	169093	player	uade	Protracker compatible	0	142260	9235519a	01c14f86	MOD/DISCOSTA.MOD
ab9c37ee8cb51d4a1e4c9c1c9abd0640	1	146045	player	uade	Noisetracker 1.x	0	55862	5aed8ccc	71e26dd3	MOD/TENNIS.MOD
ababb2abd36d49bae7112cf2e5700ffc	1	138369	player	uade	Protracker compatible	0	164534	0975a321	ac35ba99	MOD/PSY.MOD
ac009180025c97748f20bfb644ca09bb	1	276597	player	uade	Noisetracker 1.x	0	76896	1afa82de	d37db6c7	MOD/SARCOPHA.MOD
ac30a21bd83f46cafe7f462c7fe95b52	1	119179	player	uade	Protracker compatible	0	70504	ec8bda92	f3b4b2bb	MOD/KEFRENS2.MOD
ad66606427f11d5a35bf9a78cbb49dfa	1	287408	player	uade	Protracker compatible	0	207454	f263ed04	36059ada	MOD/TOMSDINN.MOD
ada1940111f280d9471f53d546777a40	1	119179	player	uade	Soundtracker II (15 instr.)	0	43710	35fbdb09	ef5601ed	BIN/MOD/MOTHERFU.MOD
ae6a203e6c44014ec3c9048723701878	1	86887	player	uade	Protracker	0	266479	a05145b2	80769f68	MOD/FRENETIC.MOD
ae9af815a0d75bf73e3f3d7127dae5e6	1	107645	player	uade	Protracker compatible	0	122940	3d666431	13b7e205	MOD/NARCO.MOD
af5a6aebec7a573dc0aa77daa38ef1ad	1	130693	player	uade	Noisetracker 1.x	0	106566	bc02cdd5	67633e81	MOD/WASTLAND.MOD
af5ac30decfdc0de2c275b011cce18fa	1	91308	player	uade	Soundtracker II (15 instr.)	0	44994	e599d39a	be63f302	BIN/MOD/SUN.MOD
afc08ca311b78cfe5b9d2b6bdcb7cce6	1	251881	player	uade	Soundtracker II (15 instr.)	0	147416	1d5393aa	649e3aa6	BIN/MOD1/GREENSLE.MOD
afc08ca311b78cfe5b9d2b6bdcb7cce6	1	251881	player	uade	Soundtracker II (15 instr.)	0	147416	1d5393aa	649e3aa6	BIN/MOD1/GRENSLEV.MOD
afc08ca311b78cfe5b9d2b6bdcb7cce6	1	251881	player	uade	Soundtracker II (15 instr.)	0	147416	1d5393aa	649e3aa6	BIN/MOD1/GRNSLVES.MOD
affe955442156acfd0f4f3c84dfee4ca	1	474867	player	uade	Protracker	0	140907	8815e10d	16da5980	MOD/REVLON.MOD
b0a8d0fa9232e1c6e71acf53b6339af5	1	224131	player	uade	Noisetracker 1.x	0	138901	6b5be7d7	c436246b	MOD/NEWGALAC.MOD
b105d51a7f05440d238497a489491c4a	1	95813	player+silence	uade	Protracker	0	302581	cae67520	e371accf	BIN/MOD1/HEAT.MOD
b151dd072cfdb3c519131d63722c4cd4	1	84616	player	uade	Soundtracker II (15 instr.)	0	90128	8441d702	a503f4ee	BIN/MOD1/WONDERTE.MOD
b1ca1cc4c0fca80b50155be8e2afb3dd	1	134531	player	uade	Soundtracker II (15 instr.)	0	56364	a1b003f4	55aa4d38	BIN/MOD1/ACESHIGH.MOD
b1e0c850499c7e686283ba8c6e50446f	1	238197	player	uade	Soundtracker II (31 instr.)	0	78748	a9524b6c	94ff8f0b	MOD/BLUESONG.MOD
b22d64ced160faaaf7a13787ce716a4b	1	179743	player	uade	Protracker compatible	0	129334	42503484	239d4015	MOD/BIGMAMA.MOD
b23d7bf62f4de2e06cad760d79380360	1	261245	player	uade	Noisetracker 1.x	0	67978	898d4229	7b63d4c9	MOD/HNOISE.MOD
b2beca41591026d14bdb30e1d525f9ee	1	253648	player+volume	uade	Startrekker (4ch)	0	79872	92aa60ae	a4f9b111	MOD/SLX_TEKK.MOD
b39c267b788b0701b903fd0724688825	1	202670	player	uade	Protracker compatible	0	154687	5a024a60	5b038e9e	MOD/UNDERSEA.MOD
b3cc3d7c447987b883529a3cf8f90e90	1	172931	player	uade	Protracker compatible	0	132896	b38fe8b8	b16f0f1c	MOD/ELECJOY.MOD
b3d3b7f22ea0f115f0282d29c9a08a7a	1	53793	player+volume	ft2play	Fasttracker (M.K.)	4	40909	a536416e	0211aa28	LPGAME1/46/EVIL.MOD
b3d3b7f22ea0f115f0282d29c9a08a7a	1	53793	player+volume	ft2play	Fasttracker (M.K.)	4	40909	a536416e	0211aa28	MOD/EVIL.MOD
b3dc4348d8e64cc2e25c805cf7d40288	1	146045	player	uade	Noisetracker 1.x	0	205158	071a338d	4725e97a	MOD/SNAKE.MOD
b3fa83e3820e58817c48f06d9516ac3f	1	108931	player	uade	Protracker compatible	0	111536	014146f5	eb2ca56a	MOD/AWESOMEE.MOD
b4097b744546e9e091b967a69729f06d	1	153721	player	uade	Soundtracker II (31 instr.)	0	90026	e43d4d76	2bd868bf	MOD/NO1ZARCT.MOD
b4260551846dfff3d096aab4c6cf1fb2	1	127478	player	uade	Protracker compatible	0	160048	27b67c60	ac95b86b	BIN/MOD1/ICEBABY.MOD
b44791e9158837cac42d0677579eec0d	1	161397	player	uade	Soundtracker II (15 instr.)	0	43926	efd4dfc9	7229c14b	BIN/MOD/ECHOING.MOD
b45328bd51fa1efac5b7eeb9c4c970b2	1	199797	player	uade	Protracker compatible	0	144030	b35251f4	2fd51b8d	BIN/MOD1/GUMMI.MOD
b5609d5dcc2406454bd8c9647a72aeca	1	119179	player	uade	Protracker compatible	0	234840	e46f51d0	e16dc7ca	BIN/MOD1/FUNKY_CO.MOD
b589978d2713a11d1da5e319c493ce6b	1	195750	player+silence	uade	Protracker compatible	0	141848	a4273300	79f6c1d2	MOD/FLYING.MOD
b5be69fa7433b16e7fbc4822125db6ab	1	254694	player	uade	Protracker	0	138774	fc7915be	ec408fda	MOD/ODYSSEE1.MOD
b5ea1407206c167d11b3041dc418d612	1	61568	player	uade	Protracker compatible	0	39572	d40f7dfb	87c41807	MOD/STAND.MOD
b61b24a075759cb402e53fa500be6f48	1	273585	player+volume	uade	Protracker	0	201884	8202e838	4f361c35	MOD/LAU_ANTC.MOD
b6c0db6e8c3cba3acd24e00de197f42a	1	279069	player	uade	Protracker compatible	0	148908	798a9396	7858c366	MOD/BRIDGE.MOD
b6d0aabbc4eeac27631dfbe2606a408f	1	146045	player	uade	Soundtracker II (15 instr.)	0	84202	c24b0204	aa4dc827	BIN/MOD1/AWESOME5.MOD
b6d48141d570a4c19a1c581cb9f4c299	1	222845	player	uade	Noisetracker 1.x	0	94546	70214a6a	54276c5b	MOD/COUNDDOW.MOD
b70679ca528c59437e20a193e3d97065	1	276597	player	uade	Noisetracker 1.x	0	76896	07791127	d40b1798	MOD/LEP.MOD
b712a8f621abd757ebe6decda320a3c6	1	140921	player	uade	Soundtracker II (15 instr.)	0	100766	2d004b3d	ad431f2b	BIN/MOD1/IRO.MOD
b752c07efc9481986cd6b1fa30d087ec	1	80758	player	uade	Soundtracker II (15 instr.)	0	42320	f450aed1	2d20700b	BIN/MOD/ACB.MOD
b8264b1aec201b16650ec1db2ce67636	1	140278	player	uade	Noisetracker 1.x	0	48082	d3d03dda	342be6b9	MOD/DON.MOD
b82bc505a66adf0e66ae128d0bc8971a	1	269729	player+silence	uade	Protracker compatible	0	127128	2b054766	f90dd99f	MOD/IN2NIGHT.MOD
b848063a7709f5ff0f89a51339c3c200	1	237312	player+silence	uade	Protracker compatible	0	52530	5b6ffe23	31b505e1	BIN/MIDI/LAPUTA.MOD
b883531d6c6ba544d1f4b48fd4b944ca	0	50404	player	libopenmpt	Generic ProTracker or compatible	4	55586	0ee54997	298bd187	BIN/MOD1/DIGDREAM.MOD
b8bca0e3adc0172587da7d96f6e09f0e	0	190257	player+silence	libopenmpt	Master Soundtracker 1.0	4	138702	a9a6db74	a28d66c3	BIN/MOD1/ELE.MOD
b8c023032577804626811b2f4a6bef8b	1	288171	player	uade	Protracker compatible	0	109936	ea80e35d	6e5900a8	MOD/KILLVIKT.MOD
b9829c543de56a652529ae8a9b507042	1	16437	player	uade	Protracker compatible	0	79342	5dda0c2d	a72a9fd6	MOD/TEASPOON.MOD
b9d52b084b67b2ea4f857a9c879e4260	1	161397	player	uade	Noisetracker 1.x	0	159026	c38a4f57	955f89cc	MOD/ELKON.MOD
b9e5c3356418115b030fd31d8fc9b9f4	1	192141	player	uade	Soundtracker II (15 instr.)	0	59320	1f9eaf0d	3bb28cc6	BIN/MOD1/CAMBOD.MOD
b9f0c6ba695dfa069e949ab973561e6b	0	153371	player	libopenmpt	Ultimate Soundtracker 1.0-1.21	4	51344	396a3263	36bae0ea	BIN/MOD1/PUSH.MOD
b9fbcbbffca1cff10ffd42f10a9693aa	0	30674	player	libopenmpt	Ultimate Soundtracker 1.0-1.21	4	30072	b02e6a54	74e441b2	BIN/MOD/GSA16.MOD
ba805b05e6b1254fe709e3c7321888f0	1	173051	player	uade	Protracker compatible	0	250081	2f7464a9	b80304c2	MOD/SWELLE.MOD
bab13af4794600ab3238a301750e016c	1	322693	player	uade	Protracker compatible	0	148440	32747939	9a25bc1e	MOD/OMEN.MOD
bb2432a9c29a57a2115fd755eabbc721	1	219509	player	uade	Protracker compatible	0	162356	feca62d0	63a64971	MOD/ONEONTWO.MOD
bb4681383f9184f096a7d74d1037eec3	1	172931	player	uade	Soundtracker II (15 instr.)	0	96936	014376a8	a298916b	BIN/MOD1/PARTYTIM.MOD
bbca8507ca64518f3742aa6889cc3f88	1	309337	player+volume	uade	Noisetracker 1.x	0	111868	07b10090	b561718b	MOD/MASTERMI.MOD
bbdd95963710615c31b7c329b233aa43	1	192020	player	uade	Protracker	0	50000	14c4ab58	90ecfd33	MOD/MAGICM.MOD
bc26f59253d33087831874851993af12	1	153721	player	uade	Noisetracker 1.x	0	89591	ce9960f8	e487db4a	MOD/RASTM.MOD
bc3b411f8d3fd1b475bc2fd61491b8b6	0	122506	player+silence	uade	Soundtracker II - V or compatible	0	40316	c475a557	1f5452e4	BIN/MOD/WIZ2.MOD
bc418a8c9184e12b4f396aa61619576c	1	252359	player+silence	uade	Soundtracker II (15 instr.)	0	131966	898861da	0420a53f	BIN/MOD1/HARD.MOD
bc4389dd686a7de9e429b63eba2b9aa7	1	76920	player	uade	Noisetracker 1.x	0	40924	70c6299c	0d9e9ba8	MOD/MYSONG2.MOD
bc52903bc143a222a150b0973c8d9fc3	1	153196	player+silence	uade	Soundtracker II (15 instr.)	0	155090	4c35d741	ab76281f	BIN/MOD1/TIED_UP.MOD
bcac6be5b0fa2dde3fdbe96d1835af8b	0	140519	player	uade	Ultimate-Soundtracker or compatible	0	62432	c29c487c	3857b97e	BIN/MOD1/JUMP.MOD
bcdfe7263f4c28aeb4b19a3e7f05feb0	1	185992	player	uade	Protracker compatible	0	107992	3fa04c44	b246b132	BIN/MOD1/FUNKEY.MOD
bd3a78eec67dc519f0f1ee2530ab9611	1	84616	player	uade	Protracker compatible	0	104562	60e113c3	262e28cf	MOD/PARASONG.MOD
bd3e2ddedfd0220a32072e5e956a1af0	1	199797	player	uade	Protracker	0	117468	dbf14bb7	43b39962	MOD/SYNOPSIS.MOD
bdd2b82733464513d8878c72b9328d02	1	146045	player	uade	Noisetracker 1.x	0	98338	0168189f	37e5d4e3	BIN/MOD1/STUDIO.MOD
be547cdeb88201cec30e6ae5ad1b88aa	1	138369	player	uade	Noisetracker 1.x	0	63952	c72d1f0e	561d2750	MOD/ULD1.MOD
bea314599b7d7e4ddf1eefbfb8c290ce	0	71573	player	libopenmpt	Master Soundtracker 1.0	4	296960	51f83c02	8295f6e6	BIN/MOD1/LAAAMER.MOD
bec2e02259a568c542faf494b3a9be5b	0	110920	player	uade	Ultimate-Soundtracker or compatible	0	60344	3b3a35c6	87c8fe2b	BIN/MOD1/SLL6.MOD
bee856e9cef4364473c0a4abaf3c5700	1	297716	player	uade	Protracker compatible	0	171168	c9cee3cc	59562287	MOD/SKIDS.MOD
befc6b4fccae40eac79dbe63a3b6ad67	1	415489	player	uade	Protracker compatible	0	166215	a5779670	23b3aaa0	MOD/Q2010.MOD
bf915c677c0f67534e825aa9a2f68cc5	1	329447	player+volume	uade	Noisetracker 1.x	0	266846	0362feec	bbfccffc	MOD/FLUTEPAN.MOD
bfbd6eb7f255c24cb6973349afc98f93	1	265702	player+silence	ft2play	Fasttracker (M.K.)	4	118331	940c12b5	b728903e	MOD/ICEMACH.MOD
c005ed82cb5fb5887c7490de2baa2ca4	1	107645	player	uade	Soundtracker II (31 instr.)	0	42776	6bb5f645	1c0e5916	MOD/NEWFRED.MOD
c025aee1f2b29fd077a62b8ff1e39f1d	1	224754	player	uade	Soundtracker II (15 instr.)	0	45392	b3472354	ee5de18c	BIN/MOD/NEC.MOD
c025aee1f2b29fd077a62b8ff1e39f1d	1	224754	player	uade	Soundtracker II (15 instr.)	0	45392	b3472354	ee5de18c	BIN/MOD/NECRON.MOD
c039dc04bfce2205186e8a50c0a90d69	0	230420	player	uade	Soundtracker II - V or compatible	0	74954	6d7e9aef	d12dbfa8	BIN/MOD1/WILDRAP.MOD
c13a01a6eef95e044016b3b080b676ea	1	229577	player	uade	Protracker compatible	0	115260	551fcd57	64bfa13c	MOD/UNVEILED.MOD
c1bb10058854f3a7a1f857107c884fab	1	46216	player	uade	Noisetracker 1.x	0	71552	606edcc1	f667715c	MOD/FUT.MOD
c24a60389b14ecfea13d00b820b160f1	1	159363	player+silence	ft2play	Fasttracker (M.K.)	4	66261	a35d3754	adb9405c	MOD/IGD.MOD
c26cb2f46c04afec3aa189ef9a5b64c0	0	40670	player	uade	Ultimate-Soundtracker or compatible	0	28272	de1bb426	209aa640	BIN/MOD/SONG.MOD
c2e9d3fb605afcf00018b8f2016a4134	1	143175	player+silence	uade	Protracker compatible	0	82004	9713511e	177965db	MOD/RAA.MOD
c3aa3a8229ca4cb498ed2c834c52de05	0	198109	player	uade	Ultimate-Soundtracker or compatible	0	53516	6728e3b2	9dac8b4f	BIN/MOD1/FINAL.MOD
c3aba40888a73a423be55b57c5150feb	1	169093	player	uade	Protracker compatible	0	59348	aa86d564	8fa3c4f5	MOD/JACKDANC.MOD
c3d8952ad561d3252efbb90235f94e43	1	138369	player	uade	Protracker compatible	0	150620	ef4162db	e82a4c56	BIN/MOD1/TOPLESS.MOD
c45dc89c4de7b4ff999571eb664852b7	1	188280	player+silence	uade	Protracker compatible	0	339182	5550e49b	d2215809	MOD/NEWACID.MOD
c4eec1587d4e1e0c08e7abba68cf2665	1	192141	player	uade	Noisetracker 1.x	0	47040	4c206352	a7e4870d	MOD/AMIGOESH.MOD
c5014de2c21cacaaede9645cb9de204c	1	245893	player	uade	Noisetracker 1.x	0	189181	2eec6b73	2614cc2f	MOD/THE_NEWS.MOD
c56b296458885494ab2ae332852cb75a	1	637350	player	uade	Protracker (vblank)	0	224122	ce5a7c1b	c323bc2f	MOD/KLISJEPA.MOD
c59b47157ffea1940fae23804feb4bc4	1	356141	player+silence	uade	Noisetracker 1.x	0	93972	4802617a	63591b86	MOD/POPCORN2.MOD
c5af5885713fac31804b0e73b053fd10	1	80758	player	uade	Protracker compatible	0	64203	19f540a8	4a86dfad	MOD/THEBEAT2.MOD
c5fafd97253c9ff07605d9a3f887e6cd	1	172931	player	uade	Protracker compatible	0	136373	63be3ee0	dc9ab97c	BIN/MOD1/GKOL.MOD
c647125ca56b360baa9f8fc44cf66560	1	202047	player	uade	Noisetracker 1.x	0	155478	b8c67672	e1426994	MOD/INYREYES.MOD
c6cb0970d3d4d7c0cd78ba9295174fa0	1	135797	player	uade	Protracker	0	45440	ebfc6789	9e22d2f5	MOD/ENTRTAIN.MOD
c736e6aceb56c9e5b714024b4c4d185b	1	196441	player	uade	Soundtracker II (15 instr.)	0	46788	232d9e46	56091c1b	BIN/MOD1/ONCEMORE.MOD
c744f9f7418759385b3f4abc324ac49d	1	253569	player	uade	Soundtracker II (15 instr.)	0	75908	cd58c32a	1959be5e	BIN/MOD1/TOPBOYS.MOD
c86732d7e7934dd91de710b91b8d36be	1	268446	player+silence	uade	Soundtracker II (15 instr.)	0	95824	95f51a14	3b2abe82	BIN/MOD1/ORION.MOD
c8b3252c20816b3aa02f78221cb730e8	1	233415	player	uade	Soundtracker II (15 instr.)	0	101424	d285ac6b	4668fe32	BIN/MOD1/MAPPI.MOD
c8ffe5cc17f1c922a3dc8d92aadee10d	1	172931	player	uade	Protracker compatible	0	81150	4ef4cab4	58d448fc	MOD/CLEARNIG.MOD
c98ef13718dc3679a265af00392f1c84	1	256563	player	uade	Protracker compatible	0	250038	cfa8134c	6229d7fd	MOD/ECSTASY.MOD
c999200f6db50d73a3d048ff7ee69b6b	1	122997	player	uade	Noisetracker 1.x	0	71282	fb29ff70	47be5d45	MOD/POPCORN.MOD
ca01dd9fd2b510df99f29be9662f855a	1	368770	player	uade	Noisetracker 1.x	0	52238	ed08dbf2	c1c749be	MOD/RAINERSR.MOD
ca45dc6b8591ad86365f24985ebcedf0	1	138369	player	uade	Soundtracker II (15 instr.)	0	109344	0b77672c	15c61a7d	BIN/MOD1/TRG.MOD
ca7a1de15beaced0c28fc006fa32b07a	1	176769	player	uade	Noisetracker 1.x	0	81444	369f05f0	846147be	MOD/NH.MOD
cabb92248416af1147f1ea2f7fb507ef	1	34962	player+silence	uade	Protracker	0	44774	2f8726a7	668c3618	MOD/FAN4.MOD
cb15c2ad7e17d913e2c9d1099b310404	1	169093	player	uade	Soundtracker II (15 instr.)	0	58174	4f5ec702	5396f90e	BIN/MOD1/DAS_OME1.MOD
cb40884272f207c852b860c9c365459d	1	160111	player	uade	Protracker compatible	0	28656	0b465e9a	3838b009	BIN/MIDI/CHEUNLAU.MOD
cc46a0352507970b49092257a1d556cb	1	161397	player	uade	Noisetracker 1.x	0	51176	cdcaa7f0	4e80921b	MOD/STR.MOD
ccbcfed0982eb10c7a9f3131dce8a2e2	1	171340	player+volume	uade	Protracker	0	270530	cf825fc0	6f29c331	MOD/XMAS.MOD
ccd4db1ce123d03191e458261e96076d	1	153721	player	uade	Soundtracker II (31 instr.)	0	97552	0a19107e	e4079a28	MOD/KAWAI_K1.MOD
ccf73568e9d4e28cd418b25f4e495dd4	1	86867	player+silence	uade	Protracker	0	212366	f1a0554a	177efaf0	BIN/MOD1/HARDCORE.MOD
cd00c3368b17ae9a791473cd51be3c4b	1	38520	player	uade	Soundtracker II (15 instr.)	0	182752	371f6124	355dbd01	BIN/MOD1/OUTRUN.MOD
ce40a702515002285eb307a3aaedf5b8	1	348320	player	ft2play	Fasttracker (M.K.)	4	340987	54fa1ce1	b5197208	MOD/JOKE.MOD
ce89e447cb5564e7eb2fe1d587fc3c39	1	17582	player	uade	Protracker	0	48268	04288fb9	ab2d06d7	MOD/FAN5.MOD
cebf04392dcbc502f396a07cf3eda3a3	1	98682	player	uade	Protracker compatible	0	297856	47685a1c	aa1b6382	MOD/JACK.MOD
ceffef4ebf8e2a5b8855ed576d7df736	1	286937	player+silence	uade	Protracker compatible	0	58752	0f5bb326	7b524cfb	MOD/PARTY.MOD
cf0e994fc4dd655abdba21ebf9df5484	1	135151	player+silence	uade	Protracker compatible	0	146538	58f708f6	125d69a8	MOD/HURRICAN.MOD
cf4cd640e9f83655396ebd3062ad7d10	1	181506	player+silence	uade	Startrekker (4ch)	0	272694	9a69be15	3e2de43c	MOD/STARTREK.MOD
cf549b627d1a976e54aae7b2b9fd1190	1	134531	player	uade	Noisetracker 1.x	0	69468	42b8cf33	901fb0b0	MOD/HUMANRAC.MOD
cf7c141aa91bd0b99e508c27dcd929cb	1	240724	player+silence	uade	Protracker compatible	0	226033	86992e35	2229c39e	BIN/MOD1/GB4EVER.MOD
d03174c2833d53a46e8fdfc363243162	1	314736	player	uade	Protracker compatible	0	129266	1be09960	6238dd08	MOD/KEFBEAST.MOD
d0561d1153ecf63fe0e68f1f6070bf64	1	197245	player	uade	Protracker compatible	0	872858	05ef6976	425b5b6b	BIN/MOD1/FISHHEAD.MOD
d09125bfba667978fc539784a7d6718f	1	309337	player+volume	uade	Noisetracker 1.x	0	111868	982b3859	8a58d468	MOD/FAC.MOD
d0f65e56fe4a5db325a084d7e95028a2	1	128764	player	uade	Protracker compatible	0	103628	aa25cfc2	8795f95b	BIN/MOD1/GOIRLE.MOD
d141bd272a7b7183d8be98438cc6abc0	1	107645	player	uade	Protracker compatible	0	139264	25b34841	9e6f99a5	MOD/SPAFLI.MOD
d1571f8a8b9fa64eaac71cad9423f32f	1	321873	player+silence	uade	Protracker compatible	0	127223	e580463a	53cc7ffe	BIN/MOD1/DAS_OMEN.MOD
d15bbb1fc244eb1a02c99f1240c0a1ea	1	175507	player+silence	ft2play	Fasttracker (M.K.)	4	92965	36d24238	476c93a8	LPGAME1/82/KUDEBALK.MOD
d1659225daac755aefaa346821438b50	1	245893	player	uade	Noisetracker 1.x	0	67448	116c1c00	d101ec68	MOD/BERRY.MOD
d18ff3fd5542f6daf7e3081b871cbb2a	1	328629	player+silence	uade	Protracker compatible	0	190988	b377d0e3	2dbc0b3f	MOD/DAISYCHA.MOD
d1cc0103db681ba20ad60057e60f957d	1	294413	player+silence	uade	Soundtracker II (31 instr.)	0	166996	6eb50933	226729f8	MOD/THEPALAC.MOD
d1ef258531ab85902baa1fd11edd5a94	1	64120	player	uade	Protracker compatible	0	42810	729fa152	e67f4163	MOD/ILLGALAL.MOD
d1fc7f56d6cb41f6344a50a663c5c296	1	76920	player	uade	Protracker compatible	0	46318	e321de8e	4eb93f58	BIN/MOD/BOURBON_.MOD
d21d1ddc9943de73412c8c00fe2b60f6	1	276436	player+silence	uade	Protracker compatible	0	232298	3702d5f1	a581ef3e	MOD/OCC_SAN_.MOD
d2404f6b7b2fe8611ebb112fdc668e99	1	199797	player	uade	Soundtracker II (31 instr.)	0	307562	ed0ae9f5	02dc547d	MOD/MYWY2HLL.MOD
d2506a1f55f6cd0cf1367606f44d7fec	1	448142	player	uade	Protracker compatible	0	51196	2300dae7	d9658592	MOD/VERTMAD.MOD
d26a7ae88207f45384eec7c79f2ded40	1	261081	player+silence	uade	Protracker compatible	0	114730	2011a2c1	421d30ae	MOD/STRESS.MOD
d2c24a7f6ddd6d94e87d0267ec6fc441	1	146045	player	uade	Protracker compatible	0	218112	984fcd81	32c318fd	MOD/COPCRAZY.MOD
d2d55958aa45a1288d5679a3dd987fe8	1	184445	player	uade	Soundtracker II (31 instr.)	0	117050	529abb25	b54bf82d	MOD/EPI.MOD
d3d7763fb8d4990b1c81156743d7241d	1	208136	player	uade	Protracker compatible	0	144026	948b918f	4776241e	MOD/ZINE_SFX.MOD
d3d7763fb8d4990b1c81156743d7241d	1	208136	player	uade	Protracker compatible	0	144026	948b918f	4776241e	MOD/ZINESFX.MOD
d47320346b53d6da3d7a099e08e3c728	1	279250	player	uade	Startrekker (4ch)	0	98524	456da8a8	69d29d0d	MOD/YOMAN.MOD
d507d8cc7f9905acfc51bce331817f8b	1	111006	player+silence	uade	Noisetracker 1.x	0	24304	a346d9ea	d033514a	MOD/ZOOLOOK.MOD
d5562e8303210eeff4c5c85a0b1a4f91	1	268921	player	uade	Noisetracker 1.x	0	83248	7246110c	6cf77429	MOD/TAN.MOD
d578acaac8784caed7923a2f68c712a4	1	345904	player	ft2play	Fasttracker (M.K.)	4	261901	5d48efce	57de7aae	BIN/MOD1/HEAVDOOR.MOD
d5e8696f0d0884298b295c2058dd7813	1	12920	player	uade	Protracker compatible	0	125525	366706bc	f28eb177	MOD/LEDZEP1.MOD
d662d20d587b2d591e92a1dc18b6785e	0	245394	player	libopenmpt	Defjam Soundtracker III / Alpha Flight SoundTracker IV / D.O.C. SoundTracker IV / VI	4	68736	b095c85b	c39767de	BIN/MOD1/I.MOD
d66ecb45bbf0a72bcc4788aae00255a2	1	492852	player	uade	Startrekker (4ch)	0	327928	1e38e9f3	e0ee2c75	MOD/RHAPSPRP.MOD
d6a0bbae2773db6b38e3794bb4aac680	0	253609	player	uade	Ultimate-Soundtracker or compatible	0	68940	59cd1c79	dcb9c1a0	BIN/MOD1/CRYSTHM.MOD
d6cc47df93508357b1a88ced1de9f56b	1	102520	player	uade	Protracker compatible	0	46308	d370eb84	a1a3fea4	MOD/PATZGA.MOD
d719589aab37d3d6b47d05b5febe987c	1	140921	player	uade	Protracker	0	106646	717b943c	2be97d0c	MOD/THE_LAST.MOD
d7a868c62003f7730700784340089178	1	161397	player	uade	Soundtracker II (15 instr.)	0	50340	04bce3fc	6a047b51	BIN/MOD1/IRON2.MOD
d820a58f90c35ff5aec7fc5df6d86160	1	239764	player	uade	Noisetracker 1.x	0	75108	07f24323	48b18fe1	MOD/ALPHAAND.MOD
d87b5b317b0220d19fefe5a16320d7de	1	103965	player+silence	uade	Protracker compatible	0	25584	1607d06b	4dbc3f16	BIN/MIDI/SIL-MOON.MOD
d8872c31de1e4640127b5d9aa6c46427	1	126835	player	uade	Protracker compatible	0	128839	e38bd3ed	65c391be	BIN/MOD1/GUITAR.MOD
d8872c31de1e4640127b5d9aa6c46427	2	98039	player
d8cb10d4bf2f8308ccff2976d2e19c4d	1	207493	player	uade	Protracker	0	100954	ce6317c8	9a1b2406	MOD/PEE.MOD
d926dc28e6acfa76b70f21c2f7819d4f	1	199797	player	uade	Protracker compatible	0	78758	2bfe68a6	56ce32a2	MOD/GOTTA_S.MOD
d926dc28e6acfa76b70f21c2f7819d4f	1	199797	player	uade	Protracker compatible	0	78758	2bfe68a6	56ce32a2	MOD/GOTTA-S.MOD
d9321fd05138e5f08b2666904fe3edb9	1	92272	player	uade	Noisetracker 1.x	0	65676	cd1ab7af	80a73ec6	MOD/HEAVY1.MOD
d93daab642822921f391596f1d33a587	1	184445	player	uade	Protracker	0	95530	8ca5854d	fc4c7590	MOD/UPRISING.MOD
d98a168f85fa7e224db0c489c42d4139	1	702857	player	uade	Protracker compatible	0	141118	735619cc	060c92ef	MOD/PROGRESS.MOD
d991059246efe234dd9a09ed4856bfa4	1	398686	player+silence	uade	Noisetracker 1.x	0	289626	40a04ac0	64cc7452	MOD/PINKPANT.MOD
da19193ab374c8225f7c6e20ef5e317e	1	224131	player	uade	Noisetracker 1.x	0	123304	59692ab9	7d31d827	BIN/MOD1/GALAC.MOD
da1e4a9926a1c709bb1462e398360d83	1	92272	player	uade	Soundtracker II (15 instr.)	0	184556	60f32870	fe5163cf	BIN/MOD1/FRENCHKI.MOD
da5ed7b6126483363b7467dc21087348	1	215149	player	uade	Protracker compatible	0	71526	9a662c68	a2d448f5	MOD/VOYAGER.MOD
da660d87397fad1cb0e2676a3dbf1f8b	1	38520	player	uade	Protracker compatible	0	136991	37bab35b	f34996e5	MOD/POWER.MOD
da987d949f6be8eff5641b44746e6f21	1	146045	player	uade	Soundtracker II (15 instr.)	0	109800	1f780b2d	2a4a7c99	BIN/MOD1/GNG31.MOD
dacda2dfa49f84bc1ecc59bbcee82a5e	1	207493	player	uade	Noisetracker 1.x	0	190464	1f7e0afc	998b12ba	MOD/COMA.MOD
dacda2dfa49f84bc1ecc59bbcee82a5e	2	146708	player
dacda2dfa49f84bc1ecc59bbcee82a5e	3	134531	player
dad3053c6f8114707c9a6df6cef28f6f	0	194318	player+silence	uade	Ultimate-Soundtracker or compatible	0	50440	f3a2af8a	b333932c	BIN/MOD1/V42.MOD
dae4ac9d246d8ea330ddae04bfac88f1	1	211331	player	uade	Protracker compatible	0	220012	d90d7f45	cce414ab	MOD/ZUKUNFT.MOD
daed32f53ec77dc638ee120105e0be85	0	145944	player	uade	Soundtracker II - V or compatible	0	72250	3255fe99	98827e91	BIN/MOD1/RONKEN.MOD
db2bcca4bd115c65045131a566096b59	1	98682	player	uade	Protracker compatible	0	61956	f75c2386	43d74438	BIN/MOD1/TUNE1.MOD
db64e76edc3e306d7851ec0f45b09b8e	1	107645	player	uade	Soundtracker II (31 instr.)	0	65676	9ca9474c	895440db	MOD/HEVYCOOL.MOD
db8f9d4213f8dc526297a30f8c50bd8f	1	92272	player	uade	Protracker compatible	0	122672	90b65d8a	fe44a25d	MOD/PUFF.MOD
dbce2d2a692c37d519bfa074e16430cb	1	635077	player+silence	uade	Protracker compatible	0	119956	ce6a435c	3241bea7	MOD/ZINE.MOD
dbe33830461f69a48256ddcfee3e4189	1	161397	player	uade	Protracker	0	75158	3e73c529	63d0dcfd	MOD/SHADOWS.MOD
dc0029a241ce14e7795d774a383aa945	1	125569	player	uade	Protracker	0	205194	5f203d44	37629e9b	BIN/MOD1/GBUSA.MOD
dc192a71efafa38a1dc774ff765cbb21	1	197245	player	uade	Soundtracker II (15 instr.)	0	72470	f5ba65e1	e7aa3de8	BIN/MOD1/SINTHIX.MOD
dc1fd4b54752e6762b760ad1d34d40cb	1	289739	player	uade	Protracker compatible	0	350706	f6883a25	b25a59fe	MOD/WHITE.MOD
dcb1fa306c95df2472935001da0e56db	1	276597	player	uade	Protracker compatible	0	122618	58fe1226	56fcd414	MOD/LASER_2.MOD
dd1dd81f67b36a35dcb204aad9c0d4eb	1	266630	player	uade	Protracker compatible	0	180048	972c00fc	29b756ee	MOD/BR_REMIX.MOD
dd52c73386b7f77e104e881f0837f6a2	1	92272	player	uade	Startrekker (4ch)	0	22004	47b69c66	49f852ac	MOD/SLX_AQUA.MOD
dd52c8e02ab6e9e289056ad2286dd358	1	112769	player	uade	Soundtracker II (15 instr.)	0	73722	ee8b06ad	4183f0a8	BIN/MOD1/DLT1.MOD
dd7e79a80026fc858bf25d3011f53517	1	146768	player	uade	Protracker compatible	0	293226	875984c4	461bcd7c	MOD/BE_FUNKY.MOD
dd800518bc922488aa49ba19a3c02282	1	254625	player+silence	uade	Protracker	0	91066	bc109ad6	3c2924b5	MOD/SHELLEY.MOD
dda7ee47c19f28b1918109db859e057c	1	295580	player+silence	uade	Protracker	0	240556	8f02a2b9	c189c7e9	MOD/RIDINGTH.MOD
ddb45c5b86feee61801ac83302d1acea	1	297133	player	uade	Noisetracker 1.x	0	206488	126ce0e3	544435dd	MOD/TAR.MOD
ddbe217c19a25070baa4b261d2795582	1	139097	player+silence	uade	Soundtracker II (31 instr.)	0	65752	700b0a7c	569090da	MOD/PAR.MOD
ddc05906adb5c96468fffb0e3934c9f9	1	176875	player+silence	uade	Protracker compatible	0	147818	75f55d0e	5178ab4c	MOD/RAG.MOD
ddc05906adb5c96468fffb0e3934c9f9	1	176875	player+silence	uade	Protracker compatible	0	147818	75f55d0e	5178ab4c	MOD/RAGTIME.MOD
de50693a4dbd1c74d10f948acb5e58a7	1	122997	player	uade	Protracker compatible	0	191824	63d257f6	07de1947	MOD/WHE.MOD
de6330bc4835fff829e59fc507f82dbb	1	138369	player	uade	Protracker compatible	0	26534	7ff28b63	7fada3ce	LPGAME1/54/SHORT.MOD
de6330bc4835fff829e59fc507f82dbb	1	138369	player	uade	Protracker compatible	0	26534	7ff28b63	7fada3ce	MOD/SHORT.MOD
ded71bca765f2ee83ebf5de69880ec64	0	268841	player	uade	Soundtracker II - V or compatible	0	150668	bea77c7c	6e03bba9	BIN/MOD1/JOHANSEN.MOD
df030625d17bd1e5c8b9dfceac0f98bd	1	146045	player	uade	Noisetracker 1.x	0	56772	ec9fd5c2	58fff981	MOD/QUANTUM.MOD
df136720eec085e4c19de36fad782811	1	261245	player	uade	Soundtracker II (15 instr.)	0	90826	2f6021a3	4a493eb1	BIN/MOD1/MEGAMIX.MOD
df2019707dadc276792a0296d63d8656	1	158642	player+silence	uade	Noisetracker 1.x	0	101368	5b59bd21	379ac292	MOD/RIFF2.MOD
df2388a7aa2d1e1f36792d57aa259611	1	61568	player	uade	Soundtracker II (15 instr.)	0	53520	023eb53b	089d09e5	BIN/MOD1/HYMN.MOD
e0622b626697e35fb293b3a09c8a05ec	1	226844	player	uade	Protracker compatible	0	125992	efe90483	ec322f42	MOD/MUSICX.MOD
e10f7c0262b680636e06b55261b24cf0	1	153712	player+silence	uade	Noisetracker 1.x	0	79267	6e86809f	bf4b72b1	MOD/BASS26.MOD
e18d9ce90d1ba94c22128e3f7897703b	1	242055	player	uade	Soundtracker II (15 instr.)	0	97146	b22ba35a	51b66d74	BIN/MOD1/NOMANDSL.MOD
e18ec7aa779844fa87c23e006bb48760	1	15472	player	uade	Startrekker (4ch)	0	32232	eb1d8bb3	48f2f354	MOD/CHRIST.MOD
e1e2a18ce7d94c73364eb6bc90a37da3	1	128563	player	uade	Protracker	0	110702	a8dc838f	e928008f	MOD/TOMSDINE.MOD
e1fa674528886baff19b4b36dad5f814	0	23751	player	uade	Ultimate-Soundtracker or compatible	0	12872	3a1e1e8b	c5a6098e	BIN/MOD1/BLUES.MOD
e24306aca2567206a848a6c45b65efe9	1	138369	player	uade	Soundtracker II (15 instr.)	0	67286	a29ca8d5	3b244043	BIN/MOD1/DEATHST.MOD
e27ebea6c98ebb738516a0d06bea3e0c	1	416132	player	uade	Protracker compatible	0	121390	9dcb3f4b	5987deb9	MOD/LAU_APOC.MOD
e297022e75d0f3ba3b0707d7f94ddd3a	1	235565	player	uade	Protracker compatible	0	127102	86af862a	88d8938d	MOD/SOFT_SYN.MOD
e2e8a96c8a9eb95158ea7268cf899677	0	123202	player+silence	libopenmpt	Ultimate Soundtracker 1.0-1.21	4	128384	16303260	c218e491	BIN/MOD1/JWS2.MOD
e2eb35def205ae3372b45a9247720fde	1	326531	player	uade	Protracker compatible	0	165888	26aa08f8	2b39b318	MOD/CRAZYTRN.MOD
e2f471a834bfcd94c39b68f0314dbacf	0	39605	player	uade	Ultimate-Soundtracker or compatible	0	27472	7c2470fb	0333d97e	BIN/MOD/TRISTAR.MOD
e356f99d7ffd173d4d418e2c7304d4aa	1	122997	player	uade	Soundtracker II (15 instr.)	0	52444	469f2e61	a6a0df58	BIN/MOD1/BIOSOUN.MOD
e36dbb6544a302d3cfe3dd64b01e3135	1	277903	player	uade	Noisetracker 1.x	0	78086	4ad77aef	144153a4	MOD/ROC.MOD
e39d01e914e43a9792d460b1651b5d64	1	115803	player	uade	Protracker compatible	0	73054	aea057e6	fbe9041a	MOD/LIVINGSK.MOD
e3b3cd81a2bbc175332b9e87d7cc8324	1	169736	player	uade	Protracker compatible	0	240256	b655b13a	181b590f	MOD/FLEEHEAR.MOD
e3b69ce908580e87a32d6bedf1e136cb	0	69017	player	libopenmpt	Ultimate Soundtracker 1.0-1.21	4	49792	697c300e	3ebbf6ea	BIN/MOD1/GIGA.MOD
e403b6ee4541c96681a53876472945b8	1	370233	player+silence	uade	Soundtracker II (31 instr.)	0	129732	7cfa0f72	42a99de5	MOD/MEM.MOD
e4407944252bec291b474854cd320980	1	355924	player+silence	uade	Protracker compatible	0	252282	be6533ee	94ddbf66	MOD/LIGHT2.MOD
e451e9cdf60b5327b0cdaee5d7fa6105	1	65406	player	uade	Soundtracker II (15 instr.)	0	74528	ddaf7171	6ddaf62b	BIN/MOD1/FINALM.MOD
e486d77aabc2a3555b947bae80cd24e2	1	234359	player	uade	Protracker compatible	0	72126	dfd1a1cb	2e62bb2d	MOD/LEAVE_TH.MOD
e4b393cd70f05a79b35789f7740189e2	1	179341	player	uade	Soundtracker II (31 instr.)	0	75648	0f55a852	edf9a605	MOD/THETORCH.MOD
e4cf66f1607743a1b47b2fd9bffaa7fa	1	199797	player	uade	Noisetracker 1.x	0	47320	5ad7f1a5	b2a2cf77	LPGAME1/31/DRMARIO.MOD
e4cf66f1607743a1b47b2fd9bffaa7fa	1	199797	player	uade	Noisetracker 1.x	0	47320	5ad7f1a5	b2a2cf77	MOD/AFL.MOD
e4de3e7f0f1c7c7ab2a43dc3859a9b1f	1	217741	player	uade	Soundtracker II (15 instr.)	0	77734	22d7e9f7	1c74a549	BIN/MOD1/HOT.MOD
e4fd94366dc7e587e2a619432d056290	0	188893	player+silence	libopenmpt	Ultimate Soundtracker 1.0-1.21	4	76916	2a1ba904	b424f969	BIN/MOD1/SLL2.MOD
e5c2d863a6c0fe9cf0555921e5a6b037	1	157559	player+silence	uade	Noisetracker 1.x	0	62000	ba2bf285	877e4879	MOD/RIFF1.MOD
e68da0e4a2f2f50d6ae3d8a5ab5e57a1	1	248414	player+silence	uade	Protracker	0	137064	23f79df9	dfafc785	BIN/MOD1/GUITAROU.MOD
e6a455a5ae6a4d43705125dd6ffbc28f	1	170379	player	uade	Protracker compatible	0	54408	1ff5fb00	1b4608bd	MOD/PRINCRAZ.MOD
e6b08eaf1113c927f629048bfdbf6150	1	80135	player	uade	Protracker	0	104814	210b7619	19098dbe	MOD/TEDDYB.MOD
e6b3031daa9ff83ffcd9bcbe0393d91c	1	161397	player	uade	Startrekker (4ch)	0	112960	8a68dd44	aef340fc	MOD/NO_COKE.MOD
e6c382d374cb9d2b156d20741b66abdb	1	194050	player	uade	Noisetracker 1.x	0	78928	874b1094	f9a8fdbd	MOD/LETSPRTY.MOD
e714c44a1e0a5d803b3392797db0de74	1	76920	player	uade	Soundtracker II (15 instr.)	0	85320	0297ad1d	88e48735	BIN/MOD1/PAT.MOD
e718e6ded2e889c56ade399cac359a9b	1	207493	player	uade	Protracker compatible	0	62966	46a153c3	69ab74de	LPGAME1/86/INTRO.DAT
e74ec63fa08349449296b0fbff9db036	1	175243	player+volume	uade	Protracker compatible	0	73462	51d895d0	5e45809f	MOD/RHYTHM.MOD
e7bb2e2ff476822ac5f0edcefe776ca6	1	220293	player	uade	Protracker compatible	0	126070	cfb8b4d5	ad5e3f25	MOD/CROCKETT.MOD
e866a5e563828ce6e45a13995b585882	1	515337	player	uade	Protracker compatible	0	131747	58726d27	625cc5b5	MOD/IBT93.MOD
e86a8ec4acd3baac8ead272a6e4b6e0e	1	303702	player+silence	uade	Protracker compatible	0	172398	11ec6494	67929e4f	MOD/CLOSETO.MOD
e88e64e3d2a947bf0657c41753ac9ce5	1	18044	player	uade	Startrekker (4ch)	0	49152	f2100adb	484210e8	BIN/MOD1/DELA.MOD
e8e4218be1dbb3ec6dceef9583086204	1	146045	player	uade	Noisetracker 1.x	0	94848	f055c435	3fbcad83	MOD/ALIEN.MOD
e92968aa2dfcfca4cb9b7ae0fbbd9117	1	631993	player+silence	uade	Noisetracker 1.x	0	116076	9540c580	3abcfe4f	MOD/AXELF.MOD
e939b2288454d6fd5b3b4a4ca2b41a83	1	362643	player+silence	uade	Noisetracker 1.x	0	138120	16a6bc2d	e3dd75fb	MOD/TET.MOD
e9456ada566a15190cc7ab3642cc7586	1	92272	player	uade	Noisetracker 1.x	0	65676	c0354544	5e17f76a	MOD/HEA.MOD
e95257f354d58bd38cf99467305ce952	1	100744	player+silence	uade	Protracker compatible	0	104588	e68f7677	4f818dd2	MOD/STEEL.MOD
e998012c700eb43af0321711305829b2	1	637350	player	uade	Protracker (vblank)	0	224288	947eb4e3	100c8746	MOD/KLISJE_P.MOD
e9b51af4e30eabfc9f94ce2eddcde4ae	0	161316	player	uade	Soundtracker II - V or compatible	0	95294	d83a7086	c9b339a3	BIN/MOD1/MEGAFCE2.MOD
e9f76f9755996e0451d8447babc31794	1	92272	player	uade	Noisetracker 1.x	0	79428	82ccdef9	c9d50c0d	MOD/INT1.MOD
e9f76f9755996e0451d8447babc31794	1	92272	player	uade	Noisetracker 1.x	0	79428	82ccdef9	c9d50c0d	MOD/INT2.MOD
ea1aa147ddd9747f27f35d12f675cdc4	1	208056	player	uade	Protracker	0	68882	12cdad26	d16cd978	MOD/MANDELFO.MOD
ea2142f7f4fe6b8cc711e9a0349b0130	1	138369	player	uade	Protracker	0	119156	762743a2	a6f3c81c	MOD/DARKDAN0.MOD
eaae22adf6732837d7db34ab71221626	1	309557	player+silence	uade	Protracker	0	184840	9de7f2eb	85cc1cec	MOD/TECNOLOG.MOD
eade9c7aa8b9958c5a69cd9034ea50fc	1	268921	player	uade	Noisetracker 1.x	0	107100	36aa68a2	9750e9ff	MOD/JET.MOD
eaf94e8c68e3c4911c9a537bfc6aa2a5	1	146045	player	uade	Protracker	0	150474	81e0e3a2	aa1051a6	MOD/KAOSMODU.MOD
eb50158509994cac9caed6b9c06fda25	1	430218	player	uade	Protracker compatible	0	105649	e4ec8821	d675ca9a	MOD/TITAN.MOD
eb537dfcede3477b78f8946299df2718	1	368770	player	uade	Protracker compatible	0	194726	2bdb4c76	3a9c9550	MOD/FROG.MOD
eb65ce85593dc709efd172ecf9883c77	1	303738	player+silence	uade	Noisetracker 1.x	0	70730	712f92a4	caa7522f	MOD/LOS.MOD
eba7b98c292a4a62b3dc32ed1470dd18	1	394310	player+silence	uade	Protracker compatible	0	161320	b0dcf2b7	8e568ec5	MOD/LUNAWAVE.MOD
ec16872d6aa3020b8fdf1278e618469e	1	146045	player	uade	Noisetracker 1.x	0	80796	bb32bfa9	b2cf0e04	MOD/UIT.MOD
ec3e90eace1c5bbd78eb4e257391fc3e	1	321307	player	uade	Protracker compatible	0	240925	eb6ac454	5b7f390c	BIN/MOD1/HASHROCK.MOD
eca083250da661dca8cee64537d1fbed	1	153419	player+silence	uade	Protracker compatible	0	100076	798549e4	a902e371	MOD/POINTSOF.MOD
ed5d6017f723edc3a7b021402505e05c	1	281239	player	uade	Protracker compatible	0	93516	f44fc248	8b32675f	MOD/INGMAETW.MOD
ed9a9fafa3ae3428d5e33a68fdbee996	1	129485	player+silence	uade	Protracker	0	119730	a16cfe45	a71f01cd	MOD/OHYEAH.MOD
edec1969c85febda667129fc84252bcc	1	142187	player	uade	Protracker compatible	0	76160	4d02835b	8ad40076	MOD/BIRDHOUS.MOD
ee30879c2d1df063c18ce1f1a2072474	1	456378	player+volume	uade	Protracker compatible	0	127173	5fd0f55d	b4708e03	MOD/BIGTIME2.MOD
ee61d01a2b2bea2b9e01a2a0ae6a16e7	0	198109	player	uade	Ultimate-Soundtracker or compatible	0	82008	dfcc7d78	7b6de4c8	BIN/MOD1/NOTHING.MOD
ee86fc9b00fa98fbf619383618e6c622	1	138369	player	uade	Protracker compatible	0	59062	6cc6d660	3506de56	MOD/HIT.MOD
ee86fc9b00fa98fbf619383618e6c622	1	138369	player	uade	Protracker compatible	0	59062	6cc6d660	3506de56	MOD/HITSQUAD.MOD
ee93d387eefa7d837dea0c68ef767c45	1	84616	player	uade	Noisetracker 1.x	0	57892	97c1cdee	68bc1389	MOD/TONALEC.MOD
eee2959666e68ddf0b05d6aaa0071d9d	1	238197	player	uade	Protracker compatible	0	109540	6d16cff7	e53218aa	MOD/ADORE_EM.MOD
ef5f613c039ddc1beaf644839f7f9ee1	1	148597	player	uade	Protracker compatible	0	60228	8aff8786	4cd0dd3a	MOD/MOVIETHE.MOD
efd419d8e64ed0b7ca457c22231fc3dd	1	141423	player	uade	Protracker compatible	0	244580	38404bd6	81d80645	MOD/T_STRUCK.MOD
efd419d8e64ed0b7ca457c22231fc3dd	1	141423	player	uade	Protracker compatible	0	244580	38404bd6	81d80645	MOD/THUNDER.MOD
efe521a580e325bd639dcd929e399f4c	1	335642	player+silence	uade	Protracker	0	139144	e39ff90a	07c53563	MOD/COLORIS.MOD
efe54dc1a0d224f3d4a638303a08d684	1	299993	player+silence	uade	Protracker	0	347582	5aa3a0b6	84b1f1ad	MOD/SPACE_DE.MOD
effb992014a55bafcd8f0191f1c85b37	1	247572	player+silence	uade	Protracker compatible	0	219210	640311e8	06ea1966	MOD/TMOT.MOD
f02bccaf6eaae7c478c5432a7135f18b	1	53872	player	uade	Noisetracker 1.x	0	36504	310caf1f	1eaf1c74	MOD/MIC.MOD
f02bccaf6eaae7c478c5432a7135f18b	1	53872	player	uade	Noisetracker 1.x	0	36504	310caf1f	1eaf1c74	MOD/MICHAEL.MOD
f03e62c11542d5b3bb814716b23161a2	1	120505	player	uade	Protracker	0	40430	aca2190a	1615acad	MOD/NECROSCO.MOD
f04e19322d8136d95857a95e4b21c1b3	1	236996	player+silence	uade	Noisetracker 1.x	0	86016	b08fe2c7	38722155	BIN/MOD1/TRILOGY.MOD
f08ed2169f0aac1f60bd37236cb286a7	1	164090	player+silence	uade	Noisetracker 1.x	0	94214	a6dbb134	315c8c9c	MOD/BUG.MOD
f107c3e7c940575235538e131353dad1	1	46216	player	uade	Soundtracker II (15 instr.)	0	45216	5749f3af	882f29fb	BIN/MOD/CRAZYGUI.MOD
f107c3e7c940575235538e131353dad1	1	46216	player	uade	Soundtracker II (15 instr.)	0	45216	5749f3af	882f29fb	LPGAME1/38/CRAZYGUI.MOD
f1138354caf3f350a5d3b172d22590c5	1	174554	player+silence	uade	Soundtracker II (15 instr.)	0	87412	94c5b087	0064ac78	BIN/MOD1/ANOTHERN.MOD
f1b887b3f607e02cd6825c319191b9aa	1	120123	player	uade	Protracker	0	136660	77db1344	a240b9b9	MOD/ODYSSEE3.MOD
f1e149536f0ac7943e7a34ae479d80e5	1	103163	player	uade	Soundtracker II (31 instr.)	0	84998	1e5d7a3a	833f24ec	MOD/JOE2.MOD
f21a6cefe7deaa014a8782d535d24765	1	44910	player	uade	Noisetracker 1.x	0	51320	41fcb360	7a7a5877	LPGAME1/83/FAIRLIGH.MOD
f2cbc4a6101c07f805a8c7398863b411	1	115039	player	uade	Protracker compatible	0	62029	e3403631	ff686b8d	MOD/PPG23.MOD
f308f9b7f4e47f7831963ad1006880fa	1	192141	player	uade	Soundtracker II (31 instr.)	0	63460	c9cf1298	f78e672e	MOD/INNERSPA.MOD
f33c7960c00bbd78c2ba926042f16a94	1	7796	player	uade	Protracker compatible	0	88734	2480a443	fd1182a7	MOD/UNNAMED.MOD
f34fd6960181b95030fe04238d7a5f91	1	180607	player	uade	Protracker compatible	0	80006	5ae4d503	c65618ff	MOD/PC90.MOD
f48201dd89819af3db1ead7ae1950e27	1	178668	player+silence	uade	Protracker compatible	0	43314	e11ab3d3	5d792e28	BIN/MIDI/DINGDONG.MOD
f49bd9c0a1164e17cdc2c890d240917c	1	253569	player	uade	Soundtracker II (15 instr.)	0	28648	2db62499	9e7c7a30	BIN/MOD/INGAME.MOD
f4b2dd331db3fbe3a663f34f0486bec2	1	122997	player	uade	Noisetracker 1.x	0	110660	71d37a72	220f6bae	MOD/THELEGEN.MOD
f4b900ca9356de1318a9c9dce5394596	1	82044	player	uade	Protracker compatible	0	85956	808ab65c	18f96a45	MOD/BALAD.MOD
f50f317e782710ac684678741903006c	1	194050	player	uade	Soundtracker II (15 instr.)	0	123988	e554f222	433051d7	BIN/MOD1/RAINYDAY.MOD
f562f2a48d612408857d0601c7786abe	1	220936	player	uade	Startrekker (4ch)	0	153102	c1d3fe2d	0e399cf9	MOD/SLX_BOOT.MOD
f6e56e29946b24adf0c3065be7d925fc	1	448142	player	uade	Protracker compatible	0	264855	226a16e3	2c115092	MOD/MADNESS.MOD
f6f9997f3b48ff24065906f677f6d49b	1	345561	player	uade	Protracker compatible	0	99798	49de7efb	6272437e	MOD/MONTYMOL.MOD
f700d19a7e5adee4d6ec5e6a39a45fbe	0	156172	player	uade	Soundtracker II - V or compatible	0	51040	af4ba758	bbeb1b8c	BIN/MOD1/BROS.MOD
f93536e7d17aea290366ab98e549cd11	0	15814	player	uade	Ultimate-Soundtracker or compatible	0	39672	0c804306	bf99fa12	BIN/MOD/PENNY.MOD
f98c0af7f769a5f882ef516a89bd0b5e	1	117872	player	uade	Protracker compatible	0	76780	d05e3359	03554ebc	MOD/K1.MOD
f99d49e0885b1170d932f59a7cd3387d	1	163969	player	uade	Protracker compatible	0	48710	6e330fbf	004b57cc	MOD/LAIDBCK3.MOD
f9dd80f3791f54a4aa13e7678a007bf3	1	222845	player	uade	Protracker	0	130048	ad2a0a24	aa3f8076	MOD/ELYSIUM.MOD
fa048c870ac8fedcf3983b49d3bde4dc	1	327971	player+volume	uade	Protracker compatible	0	137772	1df2acb0	75f7e3f4	MOD/MAGICBUS.MOD
fa22278a06ebe701649e8e9678a002b0	1	140278	player	uade	Soundtracker II (15 instr.)	0	47630	67655cdc	f8f05905	BIN/MOD1/ATO.MOD
fa89ff7bba27be8543fb8e49f8b43f81	1	223207	player	uade	Noisetracker 1.x	0	94966	5ffc4a65	c291077b	MOD/OXIGIN.MOD
fa93153094442abc1158030805e2d418	1	153721	player	uade	Soundtracker II (15 instr.)	0	84974	625208fe	03273978	BIN/MOD1/SPREAD.MOD
fa960e364ffdeae5c46baf75e77dff96	1	51172	player+silence	uade	Protracker	0	67250	74723b94	194c4e7c	MOD/STARSPAN.MOD
fb6619faef532d636fb406fe61a1841b	1	153721	player	uade	Protracker compatible	0	115050	54f95642	548dc93d	MOD/KILROY1.MOD
fb794de5b86750c9603d428e2c79da5f	1	15472	player	uade	Soundtracker II (31 instr.)	0	26232	2f0b5a6a	ae19c428	MOD/TRA.MOD
fba5f42461ddafc5ce74541a9281c8cc	1	76920	player	uade	Protracker compatible	0	176152	1a8a42ef	2d4ed069	MOD/INSANITY.MOD
fbae7e894cade34efac1c50dd5630186	1	102520	player	uade	Protracker compatible	0	79104	c69c689a	dc1c22f3	MOD/JOANNA.MOD
fc90c8d5b73d5c29c738d323b3eb5eec	1	134531	player	uade	Soundtracker II (15 instr.)	0	101036	f8529851	91b399db	BIN/MOD1/ONTHERUN.MOD
fcd9f123bf4b38203a75f57a9fe5b0b6	1	201726	player	uade	Soundtracker II (15 instr.)	0	105124	380beb50	9e22d316	BIN/MOD1/NIGHTMAR.MOD
fe1e311284a79183ac423bed54ce8a53	1	414866	player	uade	Startrekker (4ch)	0	214784	e7ead3d0	4dcb10fb	MOD/RAINYNIG.MOD
fe3e2b41fb4db6e1275f60425015362e	1	46216	player	uade	Noisetracker 1.x	0	60876	058bfc37	12fd64cf	MOD/STO.MOD
fe6d53c19401833665ff3a63d0c68733	1	380284	player	uade	Noisetracker 1.x	0	215298	bc1623f5	7db13a23	MOD/IVEFALL.MOD
feca19fdf3d4c738143254a847c398ce	1	96130	player	uade	Protracker compatible	0	136598	64e99b4c	5751092a	MOD/BLUEPRIN.MOD
fee62484187180ac9bc758fa9a27db4a	1	252652	player+silence	uade	Protracker compatible	0	123688	a93ec6ed	e69a7d6c	MOD/STARSCRL.MOD
ff019bbc2f92a517390a2b098bd9d4e8	1	192141	player	uade	Soundtracker II (15 instr.)	0	130708	cf503222	fe7637c6	BIN/MOD1/ELECRAM.MOD
ff2be2493f82149b4cabc2d7730934ec	1	169093	player	uade	Protracker	0	140514	72064cfa	42a8b3d4	MOD/WAIT4U.MOD
ff6f08bc19d6886590d4a41fb9a643d2	1	128121	player	uade	Protracker compatible	0	123742	be9524ae	69a8bfe4	MOD/FREEZING.MOD
ff78e74a73c3eeedd2a4f7b19bdcf2a2	1	144216	player	uade	Protracker compatible	0	303946	5e8665aa	7d0d881a	MOD/PUBLIC.MOD
ffb6e6c502ee60d4ff38e39e90d0d182	1	140338	player	uade	Protracker	0	319210	f562b6b4	50a839bc	BIN/MOD1/GIV.MOD
