000aa74bcbae5946e79f5ea414089287	1	266103	player+silence	uade	Protracker compatible	0	219499	ef0c0e37	2c342148	R/MusicFiles/Modules/welcome_klf.mod
0027ae65460d226b99f14942525bf72d	1	307321	player	uade	Protracker	0	44762	a7ab3869	ecbd31da	A/Leisure/DemoMakers/VTE-OBJECT.DMS/VideoTracker/Modules/mod.techno1
0027ae65460d226b99f14942525bf72d	1	307321	player	uade	Protracker	0	44762	a7ab3869	ecbd31da	A/Leisure/DemoMakers/VTE-SCROLL.DMS/VideoTracker/Modules/mod.techno1
0027ae65460d226b99f14942525bf72d	1	307321	player	uade	Protracker	0	44762	a7ab3869	ecbd31da	A/Leisure/DemoMakers/VTE-VECTOR.DMS/VideoTracker/Modules/mod.techno1
0027ae65460d226b99f14942525bf72d	1	307321	player	uade	Protracker	0	44762	a7ab3869	ecbd31da	A/Leisure/DemoMakers/VTV-TECHNO.DMS/VideoTracker/Modules/mod.techno1
004138e7e66b77649ae797642868428b	1	61588	player	uade	OctaMED MMD0	0	14290	3fe03c45	b25a5070	A/Leisure/Games/CannibalForFBI.DMS/Audio/title.mus
005ec976311913e8b38c8a0926cd7515	1	61789	player	uade	OctaMED MMD0	0	62340	db16b695	5c7095c2	A/Leisure/Games/StarWoidsB.DMS/data2/m04
006f868d3c81e77493dbf827844d57d0	1	96130	player	uade	Protracker	0	72154	7b268f76	a9567f02	R/MusicFiles/Modules/almost.mod
007359a619aec85b9ff3fe4827fcaf9b	1	395531	player+silence	uade	Protracker	0	212204	355f8080	5f55f044	A/Leisure/DiskDemos/DDI-F05.DMS/mod.2
0083708b253234ee2944098de31b364a	1	394249	player	uade	Protracker	0	228728	f29cc999	1db7591d	R/MusicFiles/Modules/vanish_monoxide.mod
00ec30e612042f254b0237a62fb673bb	1	297991	player+volume	uade	Protracker	0	108410	c547d714	110fa9b1	A/Leisure/DiskDemos/MLW-CR.DMS/mod.glue+huib=vaag2
014c0baa9bcbc16286a5818fe0e2d7b6	1	349908	player+silence	uade	Protracker	0	134536	96dd7d63	21288f68	R/MusicFiles/Modules/killer.mod
02162c6a6e31162a2513bfb4b44709e7	1	60202	player	uade	Protracker	0	13106	a4416d49	847d45a9	R/MusicFiles/ChipModules/1_minute_dead_waltz.mod
021bd0e278bf1c60ef90bade2d9270dc	1	385803	player+silence	uade	Protracker	0	237256	0132b89a	b9456d9f	R/MusicFiles/Modules/mnemo's_night_out.mod
027f788325a581a248a828eda5245113	1	69224	player	uade	Protracker	0	14732	d220c915	fdd4f143	R/MusicFiles/ChipModules/doomsday-hydra.mod
030bc6c37cd0801118a35345c3d6570a	1	220293	player	uade	Protracker compatible	0	232744	0e7f730a	a64eff85	A/Leisure/DiskDemos/DDI-F18.DMS/mod.3
033a94ef3ca94770200b15963facae7c	1	83330	player	uade	Protracker	0	45306	8638f091	1570175b	A/Leisure/DiskDemos/DDI-F14.DMS/mod.4
03435e005b58fcda85395d1e6f4bc0b5	1	126593	player	uade	Protracker	0	107874	68665459	db633b42	R/MusicFiles/Modules/distography.mod
0379a44027157aeea19db8a66e4a493b	1	14408	player+silence	uade	Protracker	0	31326	aae80b1c	6cdb9b31	A/Leisure/Games/DGALAGA23.DMS/GALAGA.JINGLE2
0387ec50f9b24406c38ec2c051c24ae8	1	160533	player	st3play	Scream Tracker 3.01 (SB)	16	206276	001fbec0	e97d5f40	R/MusicFiles/ScreamTracker/Ode_To_iNCaRNaTioN.S3M
038be55a37e4c6bb5e25b2c27ae36dd3	1	465101	player	uade	Protracker	0	301974	e151adab	c5fa7033	R/MusicFiles/Modules/justbreak'nout.mod
03a52aa60155ec6fd9e1b5420b5b1b0a	1	138369	player	uade	Noisetracker 1.x	0	55476	362c3eda	3eb6e849	R/MusicFiles/Modules/rocking.mod
04152474e2c684f14ec29f47ff1f056f	1	165235	player	uade	Protracker	0	102456	6c7e30c8	088a044c	R/MusicFiles/Modules/lee-banyard-music3.mod
045e4711ab2da8f16794ceb9f90c6e7c	1	131396	player	uade	Protracker	0	79774	27af083b	b649f392	R/MusicFiles/Modules/calm.mod
0462ef9f1aafcc8925ef2a89f29c102d	1	86546	player	uade	Protracker	0	179694	ea92807c	c9bdd99d	A/Leisure/DiskDemos/OLD-TD5.DMS/mod.mix00
04c01d83317ebfa5caf3b2d40cc741e1	1	70691	player	uade	Protracker	0	18578	b12d96c6	033c53f7	R/MusicFiles/ChipModules/ekimolla.mod
04c4894c4ec385acb12159e6f143b233	1	56505	player	uade	Protracker	0	14774	76b3f86a	eec0618c	R/MusicFiles/ChipModules/wave.mod
04e759dc011a0ff69e8160800b6a9018	1	221217	player	uade	Protracker	0	157768	22429e29	18562ce8	R/MusicFiles/Modules/indecent_loop.mod
05056e60d55fa2549cd020d0d7ab2e1e	1	176347	player	st3play	Scream Tracker 3.01 (GUS)	8	208256	4046b037	88186299	R/MusicFiles/ScreamTracker/Gorgology.S3M
054c40a6bf0e97eb4ba8dd046fbda699	1	181169	player	uade	Protracker	0	142276	4bbedbb5	e594ff39	R/MusicFiles/Modules/cycling_tour.mod
0584fd255492995680d28565971051c3	1	65527	player	uade	Protracker	0	60506	dccda245	a2062af7	A/Audio/ModuleManipulation/sp270b.lha/Sam-Pull/Mod.SPSong!
0584fd255492995680d28565971051c3	1	65527	player	uade	Protracker	0	60506	dccda245	a2062af7	R/MusicFiles/Modules/hueleena-ballad.mod
059b07e3b7c1373f9a3192dc8f14324d	1	119824	player+volume	uade	Protracker	0	295646	69eb2408	ce207457	R/MusicFiles/Modules/stop_the_press_3.mod
061decd17425f02a1926aab9fc37361d	1	122474	player	uade	Protracker	0	249520	491fae8f	17163a9b	R/MusicFiles/Modules/just_a_blues.mod
06841e4d554bfa0bb319308a105e60d0	1	179160	player	uade	Protracker	0	234574	e5ac3f06	70f5c9c5	R/MusicFiles/Modules/bag_rasta.mod
06b0dfec21966af516aaf80fde1db077	0	80698	player	uade	FutureComposer 1.3	0	6378	76ff1aff	278cc882	A/Programming/Assembly/angInt.S.lha/mod.tristar
06b0dfec21966af516aaf80fde1db077	0	80698	player	uade	FutureComposer 1.3	0	6378	76ff1aff	278cc882	A/Programming/Assembly/angInt4.s.lha/mod.tristar
06b0dfec21966af516aaf80fde1db077	0	80698	player	uade	FutureComposer 1.3	0	6378	76ff1aff	278cc882	A/Programming/Assembly/angInt6.s.lha/mod.tristar
06b0dfec21966af516aaf80fde1db077	0	80698	player	uade	FutureComposer 1.3	0	6378	76ff1aff	278cc882	A/Programming/Assembly/angInt8.s.lha/mod.tristar
06b0dfec21966af516aaf80fde1db077	0	80698	player	uade	FutureComposer 1.3	0	6378	76ff1aff	278cc882	A/Programming/Assembly/angInt9.s.lha/mod.tristar
06b0dfec21966af516aaf80fde1db077	0	80698	player	uade	FutureComposer 1.3	0	6378	76ff1aff	278cc882	A/Programming/Assembly/DemoSrc.lha/demo.module
0741e61a6451323c902fc4b7dc1bcafc	1	416574	player	uade	Protracker	0	160002	ba05b8e9	85c2e743	A/Leisure/DiskDemos/ddi-f13.DMS/mod.5
075453ee0b6212f2387b0b88d00d2cbc	1	149883	player	uade	Protracker	0	53082	4fb8a1a4	3211dc9f	R/MusicFiles/Modules/the-outcast.mod
076bd49b1028ff7657ae9ac04b036b00	1	208879	player	st3play	Scream Tracker 3.00 (GUS)	8	148034	d1ce755e	8399b5dd	R/MusicFiles/ScreamTracker/Purple_Sky_II.S3M
084e51be4e0d2a716cca274fe05765b4	1	117872	player	uade	Protracker compatible	0	107008	890751d8	1cacb868	R/MusicFiles/Modules/beat_me.mod
08d325de203028e4835edf5cd5472a61	1	270830	player	uade	OctaMED MMD1	0	103320	353fcfdf	bbc2f264	A/Leisure/DiskDemos/LFR-PAND.DMS/GOOG
09363810a6dc26ec9648ed7fe99ec77e	1	176588	player	uade	Protracker	0	30952	c1abb742	4657999e	R/MusicFiles/ChipModules/fairy_lights.mod
098496aab7772a9ba48b717d1d9012e3	1	231395	player+silence	uade	Protracker	0	121508	84c4712c	d16a3b46	A/Leisure/DiskDemos/MON-SYN2.DMS/MoN_Demo/MoN_Music/mod.Maximum_Drill
099880b7db37b4ec51f4a48498b87321	1	817495	player	uade	Protracker (vblank)	0	127844	48335abd	ec71e854	A/Leisure/DiskDemos/TSP-RM1.DMS/mod.nebulos
09a67eade44594889245d43479020b83	1	283630	player	uade	ProRunner 2.0	0	126976	79844793	90dd3d42	A/Audio/ModuleManipulation/prucon10.lha/Comms/lzh/PRU.INTERFERENCE
09ade8d67192fe9905e9acca9bd2b850	1	160096	player+silence	uade	Protracker	0	260540	17cc1b24	380cb522	A/Leisure/DiskDemos/DDI-F02.DMS/mod.6
09c02cf1add4931b50a2131ff8a5c1f9	0	15492	player	uade	Amos Music Bank	0	25082	d11ba8c1	076a659b	A/Leisure/Assassins/ASI-149G.DMS/ERICMUS.ABK
09f438bfc681296f85d9cc20a29995a8	1	97517	player	uade	Protracker	0	51432	3c8715fc	c394beca	A/Leisure/DiskDemos/DDI-F18.DMS/mod.4
0a6af5c267027b7483a1c17f2a6a128c	1	84315	player	st3play	Scream Tracker 3.00 (SB)	8	101992	e2e18281	76956d2f	R/MusicFiles/ScreamTracker/Lavender_Hill.S3M
0b18967cd64b0b4c1ac09055b870282e	1	282364	player	uade	Protracker compatible	0	140380	8ab96c98	af77fb82	A/Leisure/DiskDemos/DDI-F01.DMS/mod.9
0b226088ec0c6daa1f9aed9eb7cefdfa	1	188283	player	uade	Protracker	0	174262	469c6c0c	9f12097a	A/Leisure/DiskDemos/DDI-F14.DMS/mod.3
0b4765dc8a393801ae97dbc381f20ff8	1	206686	player+volume	st3play	Scream Tracker 3.01 (SB)	16	387591	da4492bf	b7c187c4	R/MusicFiles/ScreamTracker/V.I.P.S3M
0b6f932785ec0a6abadb509bc10e68aa	0	153727	player+silence	uade	FutureComposer 1.3	0	24674	a7ee127f	1e4b3767	A/Leisure/DemoMakers/FUTUREWRIT12.DMS/fcm.hippel
0b833618487dcc3aeee6b39cc9f8e7e8	1	266750	player+silence	uade	Protracker	0	117428	30c805de	3c41a53d	R/MusicFiles/Modules/digi-disk-menu.mod
0be99cb324931d0be3630e0557a71c41	1	169093	player	uade	Protracker	0	71542	a61e7c82	c58a9edf	R/MusicFiles/Modules/youareperfect2.mod
0c476a4a104332cbe92651053f8007f8	1	107323	player	st3play	Scream Tracker 3.00 (GUS)	6	67026	ef2b5829	e75c33c4	R/MusicFiles/ScreamTracker/Bussimatkailumusa.S3M
0c5aa18d623f5e68dbce5ea3ac3a010d	1	134531	player	uade	Protracker	0	55318	429d590a	ae224374	R/MusicFiles/Modules/menu-tune.mod
0c87963995126ada4cc850b903784140	1	202670	player	uade	Protracker	0	241946	fa7aabb4	4580d72b	A/Leisure/DiskDemos/DDI-F09.DMS/mod.3
0ca7b70b536d733421131d3912c9358f	1	122135	player+silence	uade	Protracker	0	114752	f1ba5a92	41f8e5c6	R/MusicFiles/Modules/natural_narcotic.mod
0d6decd86bd7a87eed963279805c4419	0	121952	player	uade	DeltaMusic 2.0	0	34864	44e3d65d	85e0b04c	A/Leisure/DemoMakers/RSI-HELP&UTIL.DMS/DeltaMusic-mods/SHOGUNMIX
0d99abad1d1db2b4274d8720773d0450	1	301118	player+silence	uade	Protracker	0	191726	45ca91da	1950b135	R/MusicFiles/Modules/motherearth2+.mod
0dae67337ef5f8fc04007289220e6fe5	1	361214	player	uade	Protracker	0	211706	97cfae7f	b75954b9	R/MusicFiles/Modules/ecstatic_conclusion.mod
0dee161cc267ae6d8a3939c49fec8959	1	120726	player	uade	OctaMED MMD0	0	49606	914c5566	6fbce809	A/Leisure/Games/MegaBall30.DMS/MB_Music/HighScore.tune
0dfe2bb4eb59a4acd265bd826b019767	0	145984	player	uade	FutureComposer 1.3	0	6756	9d4bc05b	122f2211	A/Leisure/DemoMakers/RSI-HELP&UTIL.DMS/future-comp-mods/mod.thalion
0dfe2bb4eb59a4acd265bd826b019767	0	145984	player	uade	FutureComposer 1.3	0	6756	9d4bc05b	122f2211	A/Programming/Assembly/angint5.s.lha/mod.thalion
0dfe2bb4eb59a4acd265bd826b019767	0	145984	player	uade	FutureComposer 1.3	0	6756	9d4bc05b	122f2211	A/Programming/Assembly/angTrain.lha/mod.thalion
0e6409978bca7ba177e0b5478f7f32c9	1	191982	player+silence	uade	Protracker	0	159038	54c98ba8	067dbded	R/MusicFiles/Modules/basic_instinct.mod
0ead81d005cd2fcf9bd4848640fefac0	1	192261	player	uade	Protracker	0	734224	8abd66bf	41a103a4	R/MusicFiles/BigModules/tribaldance.mod
0ecf8e1a282e78774360d6c35acdd366	1	122997	player	uade	Protracker	0	43856	8f71ba37	7c7f7314	A/Leisure/DemoMakers/VTV-ZAP.DMS/VideoTracker/Modules/mod.techno1test
0f15e3fa38b5577e5c2742081b09b3e2	1	89720	player	uade	Soundtracker II (31 instr.)	0	66369	b7865f1d	8952cd6c	A/Leisure/DiskDemos/DDI-F10.DMS/mod.7
0f29b9f892dd26129a6cbede7b4f2ec1	1	51320	player	uade	Protracker	0	7594	a335d6cb	e93adc01	R/MusicFiles/ChipModules/jump_and_run.mod
0f303fa75a815d54ca77c7f7f4210f3e	1	70530	player	uade	Protracker	0	5326	0c928bbf	165aed99	R/MusicFiles/ChipModules/shortstory.mod
0fc9b17354d4897ff1ca65bf424de427	1	153721	player	uade	Protracker compatible	0	93140	a6fcfc77	c932bedb	R/MusicFiles/Modules/mod.last_stand.mod
1046437bf36217ca0ba4cd2819a4ba79	1	203193	player	uade	Protracker	0	161086	de7fae74	9751adb3	R/MusicFiles/Modules/raw...mod
11cc487701054ee6a30aa2508cf85a7f	1	253480	player+silence	uade	Protracker compatible	0	123264	a85c02dc	59a9310b	A/Leisure/DiskDemos/DDI-F05.DMS/MOD.1
121a49d2a0d4f0a62716a14b774ca8a6	1	114597	player	uade	Protracker compatible	0	23198	01d3dd4b	73709e17	R/MusicFiles/ChipModules/mark_anal-seduction.mod
1256783f43cc1b3407d1dca7f024f46c	1	356854	player	uade	Protracker	0	336046	2f2f04a0	4fbb64de	R/MusicFiles/Modules/passion.mod
1261255c7f4130cbb4594a16d06c8767	1	81281	player	uade	Protracker	0	149822	e4638e5b	e9aed4e8	R/MusicFiles/Modules/gabb01.mod
12b80fefc83fe99e8a1eefde5c7fe6cc	1	76920	player	uade	Protracker compatible	0	76296	cbe277ce	0af59a85	R/MusicFiles/Modules/nirvana_____________.mod
12bfc6f022a9bf4c65bc8d0aa8be5096	1	237627	player+silence	uade	Protracker	0	477568	a535afe9	18cbab4e	R/MusicFiles/BigModules/there_were_shallows.mod
12fe682b86cb79c6bc295f17d25128a9	0	294072	player	libopenmpt	Symphonie	8	232938	cd3d4b20	5797352c	A/Audio/Trackers/symph.lha/Backstab III.SymMOD
13012d0e8194b075d519612e7f56ac8f	1	371369	player+volume	uade	Protracker	0	339546	424a62ab	05067f5d	R/MusicFiles/Modules/oro_incenso.mod
134cc5cd7df885be3315c94e531aafd0	1	82044	player	uade	Protracker	0	92966	b0e4e3b6	0b465872	R/MusicFiles/Modules/universal_dreams_ii.mod
138917b5f0634ec5de002d14e6474f73	1	356236	player+volume	uade	Protracker	0	498328	09b200c4	dec4da3c	R/MusicFiles/BigModules/visions.mod
138ea411d9bf4fb8675303c9685d335e	1	218967	player	uade	Protracker	0	221004	3177f185	ef031e97	R/MusicFiles/Modules/new-year-1994-hc.mod
13f0db2754b7ec029598aeced37983e8	1	206207	player	uade	Protracker	0	159160	b7cbf4fc	2db022ac	R/MusicFiles/Modules/pulse_of_the_rhyme.mod
145ecd5980650295b5cd19a4c64fcf1b	1	422564	player+silence	uade	Protracker	0	244294	b524e307	48e692ce	R/MusicFiles/Modules/radiorevolution.mod
158e4555bbc27babd49afd833f57bdf6	1	227125	player	uade	Protracker	0	185550	eb79690d	83084928	R/MusicFiles/Modules/know_what_to_say....mod
15a1c7e857388362a832a0348dcb4100	1	131037	player+silence	st3play	Scream Tracker 3.00 (GUS)	12	264066	2a8813c3	908d100a	R/MusicFiles/ScreamTracker/Crystal_Dragon.S3M
15a1c7e857388362a832a0348dcb4100	2	14864	player+silence
15fa2643f82155045205efe2e24bf5af	1	285619	player	st3play	Scream Tracker 3.00 (GUS)	8	179734	89594a5d	54c9335f	R/MusicFiles/ScreamTracker/Rama_Gardens_v1.1.S3M
161e88e47898f005389b6e37dfd461dd	1	171340	player+volume	uade	Protracker	0	270530	54af4ad0	8b5c5319	R/MusicFiles/Modules/xmas_pudding_mix.mod
162364f572e352fca77b66ce63989e00	1	224754	player	uade	Protracker	0	45876	bfb917ad	9bcd3e6f	R/MusicFiles/Modules/necronomicon.mod
163f69b3dcf8e4b967765149f3c93882	1	422522	player	uade	Protracker	0	106036	b6145a1c	2f474430	R/MusicFiles/Modules/digital_dreamer.mod
16ea1e43336ce14f2cb925365d295e04	1	81964	player	uade	Protracker compatible	0	89302	5f66f3dd	b8a2e2a6	R/MusicFiles/Modules/bassdrop.mod
177650e7abf953f28454b9295813d061	1	180089	player+volume	uade	Protracker compatible	0	123204	03d25a7a	48378fe0	R/MusicFiles/Modules/hell_runner.mod
17826cba0a3e77091254ab3e25adc14f	1	260177	player+silence	uade	Protracker compatible	0	119194	7a231990	1a12fdd8	A/Leisure/DiskDemos/DDI-F15.DMS/mod.4
1839e8cf1e3582ecac5775daa021f021	1	357151	player+silence	uade	Protracker	0	332208	739d8bc7	54a04cb1	R/MusicFiles/Modules/progress_the_house.mod
190fdd33f54728c1939a135ee3e25b83	1	288131	player	uade	Protracker	0	106766	4822c227	278a1e4c	A/Leisure/DiskDemos/ASC-CELL.DMS/mod.cell01
191ab0bf3e383d52f895ff17c1fb694a	1	188162	player	uade	Protracker	0	163582	cf0b6aa2	d543b847	R/MusicFiles/Modules/dione_iv.mod
19f0069b094a8195972e24af35ca87c4	1	234339	player	uade	OctaMED MMD1	0	137328	c8ab1974	56f24c19	A/Leisure/DiskDemos/LFR-PAND.DMS/CRASH
1a69a14cf1a0122b8dc8fd94696d16cd	1	53872	player	uade	Protracker	0	23276	07e316c5	cae62049	R/MusicFiles/ChipModules/doubt1991.mod
1a8fed4eb8b731e67a84b4e7b871e402	1	207493	player	uade	Protracker	0	68876	dee3f203	08a9b30f	R/MusicFiles/Modules/just_add_lsd.mod
1a952b61213dbdde71a95357258eb2b1	1	201887	player	uade	Protracker	0	248793	5008879e	26e0d6b9	R/MusicFiles/Modules/kaos_i_-felix_--.mod
1a9a8d4a0e31cb4e0f536b29d53d1950	1	210045	player	uade	Protracker	0	97840	6304b68c	526bc667	R/MusicFiles/Modules/duke's_place.mod
1a9c87165b8e390608495aa95d927cf8	1	199797	player	uade	Protracker	0	83358	c4900a34	c8c0d609	R/MusicFiles/Modules/the_sneaking_indian.mod
1aa333264c2ccf4093a2f010446a1012	1	159204	player+silence	uade	Noisetracker 1.x	0	155818	9d2f5138	bdb96a58	A/Leisure/DiskDemos/DDI-F05.DMS/MOD.3
1b26208957d6ec6d0849866204657559	1	127339	silence	uade	Protracker	0	82668	0f551813	7e9cdec6	R/MusicFiles/Modules/new_year's_day.mod
1b5004153bd157a3a02ef4674369957d	1	158563	player	st3play	Scream Tracker 3.00 (SB)	5	200503	8e1db830	09b9ab71	R/MusicFiles/ScreamTracker/Mangrove.S3M
1b5004153bd157a3a02ef4674369957d	2	17883	player
1bcf68613c42b80183f726c0f3eb932e	1	159248	player+silence	uade	Protracker	0	617524	7bbb1ddc	0dcd01f3	R/MusicFiles/BigModules/sexy_sinner_ii.mod
1cbad37de9611e5aa5793d033351dc64	1	71816	player	uade	Protracker	0	7634	cc60930e	7b9d5e47	R/MusicFiles/ChipModules/eighth.mod
1d5dd212a01a4e48f168e44ab1a4f5ec	1	53872	player	uade	Protracker	0	80664	40aa4968	b5ff0af7	R/MusicFiles/Modules/jamaica_fever.mod
1d7714e7732a3252acfaf226ab8f5740	1	25720	player	uade	Protracker	0	6084	b5c92e4f	2dba36a3	A/Leisure/DiskDemos/MUMU-MU1.DMS/gk/mod.miniscribe
1dcbdec760f4e77350781dfb741bc7ae	1	121885	player+silence	uade	Protracker	0	140736	c6c1c17e	dcaaaeda	R/MusicFiles/Modules/te_deum_organ.mod
1e28eefb2ff12c0a3bd529a7dc8bd328	1	92272	player	uade	Protracker	0	13054	aa12fcdb	9c87e1ad	A/Leisure/DiskMags/LSD-GV07.DMS/GRAPEVINE7/mod.bighippysmell.mub.pp
1e44cbf17a41e57eadd32d53fc4b963b	1	1331446	player	uade	Protracker	0	455094	b9c96fe3	9dccd194	R/MusicFiles/BigModules/face_another_day.mod
1e85af421f9148702549956a553af483	1	172248	player	uade	Protracker	0	312192	cb79e608	ec88beaa	R/MusicFiles/Modules/technicalboot.mod
1e8d0357ae6032a19d7ed0553ec7e2cb	1	207493	player	uade	Protracker	0	136050	c9568550	60b80e73	R/MusicFiles/Modules/dedicace.mod
1e911e666b40c56b24e720770ab3ad1c	1	252866	player	st3play	Scream Tracker 3.01 (SB)	16	176598	317817cf	b254e74d	R/MusicFiles/ScreamTracker/eXtreme_Prejudice_-FURY-.S3M
1ea7cf67692cfca0d8a1c3daa5adf76f	1	4652	player+silence	uade	Protracker	0	6108	b41c4cc9	33e89145	A/Leisure/Assassins/ASI-171G.DMS/deluxe_galaga/GALAGA.JINGLE2
1eb13e580d0d2bbbc19a4417141a7ee5	1	156862	player+silence	uade	Protracker compatible	0	327792	ec72e406	98d1f0da	R/MusicFiles/Modules/iltl_monty.mod
1efb1b96b57c4e610a223881ff384bac	1	975040	player+silence	uade	Protracker (vblank)	0	248166	07abeca9	a6c8dc6c	A/Leisure/DiskDemos/DDI-F06.DMS/MOD.6
1f04e7c405bd85a1bc4aa63d8a0653e2	0	92292	player	uade	Amos Music Bank	0	41820	84fea13e	5d63c7df	A/Leisure/Assassins/ASI-154G.DMS/music/tune1.ABK
1f0eaf9dc6b80fa25f6f4e1f8838da37	1	93980	player	uade	Protracker	0	75528	18a27655	12522b83	R/MusicFiles/Modules/yglabn.mod.mod
1f7196d6034da9fed24324572ce50e47	1	47603	player	uade	Protracker	0	38430	a129385b	a5fb59ef	R/MusicFiles/ChipModules/joint.mod
1f8f968bbf1fe5a7924f6eeac696d17f	1	247424	player+silence	uade	Protracker	0	123134	2fa4d23d	f926c4fd	R/MusicFiles/Modules/secrecy.mod
1fdb245e2cd94fe484e7441b8d1c5596	1	352870	player+silence	uade	Protracker	0	161716	c30e4b13	b141783c	R/MusicFiles/Modules/go_funk_yourself.mod
20fc3a1284ab3d4eeb197f0d3714975d	1	75011	player	uade	Protracker compatible	0	51326	13bc8672	36af88c5	R/MusicFiles/Modules/a_solid_breakfast.mod
20fd793e72c3145cbfc7fa67d342bbd9	1	109131	player	st3play	Scream Tracker 3.00 (SB)	8	133443	2f1016ef	1de654bc	R/MusicFiles/ScreamTracker/UnNamed.S3M
213f42445b8f7915c8dba9e78777c3a1	0	185195	player+silence	libopenmpt	Scream Tracker 3.00 (GUS)	25	333419	08b2d1a4	0c874456	R/MusicFiles/ScreamTracker/Day_of_the_lollipop.S3M
21411b5e3b6d946771203e6b4b1e54fe	1	261486	player	uade	Protracker	0	175140	0dfeb25f	af3daa1a	R/MusicFiles/Modules/motraction.mod
214b43735dc4eaa49f7f9a0cf4fdedb9	1	60383	player	uade	OctaMED MMD0	0	13210	a9c230bd	4627c607	A/LegalTools/LSDlt109.DMS/Music Box.pp
2156077b3a354d1e221c52e88a718af6	1	130693	player	uade	Protracker compatible	0	79316	35fb0921	8038c354	R/MusicFiles/Modules/asleep.mod
21ad39d5c90d27561ce918ebbddaa00e	1	306357	player+volume	uade	Protracker	0	88992	b667fb64	15ce5032	R/MusicFiles/Modules/autokill.mod
21d43e687bcaf821745e8a198fc2dac2	1	154283	player	uade	Protracker	0	219344	7e0a4da8	dd9d1a32	Sys/mod.pants_and_trousers
21e09dcc56993f4979de1e27713a222d	1	41072	player	uade	Protracker	0	8304	f7ff8f4d	6c7d081a	R/MusicFiles/ChipModules/wana_banana_07.mod
221d32de97ed6cad33063e3e735fb709	1	342526	player	uade	Protracker	0	154682	1755d005	4c69d011	A/Leisure/DiskDemos/DDI-F08.DMS/mod.2
222383c753a08b9e29f6d1def633f1e6	1	306718	player	st3play	Scream Tracker 3.01 (SB)	16	340053	e2620416	803df2d3	R/MusicFiles/ScreamTracker/Mossly's_Brother_Monty.S3M
225f191c8941ab5dbf24934797c379c4	1	174478	player+silence	uade	Protracker	0	131562	361574ae	751f0519	R/MusicFiles/Modules/next_way_to_future.mod
22e890b912fe311ac2574383eafa2efc	1	223789	player	uade	Protracker	0	214054	809c4e5f	505661d8	R/MusicFiles/Modules/blaster_agony.mod
22f57da298ee85dd0f69446e25d77f52	1	284293	player	uade	Protracker compatible	0	50688	daa16433	a3168005	R/MusicFiles/Modules/panic.mod
22f626716718065b28097e9886cc8143	1	251781	player	uade	Protracker	0	132376	223f5512	8a233ec5	R/MusicFiles/Modules/so_close_to_e.mod
233b455b63b38a2a6a9178e662788953	1	46216	player	uade	Noisetracker 1.x	0	13468	0f8e0f22	a186c821	R/MusicFiles/ChipModules/dosong.mod
2345a7f32e2dfa4fa8ec7723720609c8	1	126835	player	uade	Protracker	0	30268	1e4f1455	46d988fe	R/MusicFiles/ChipModules/shame.mod
234e04fac4fa3e8131147a694201fe84	0	349562	player	libopenmpt	Symphonie	8	579356	9fd52cdf	277ee867	A/Audio/Trackers/symph.lha/Deep Vale.SymMOD
23ca2839a7c839820bf7c94c6e3b6098	1	196477	player+silence	uade	Protracker	0	189908	9672ce6e	4a782f2c	R/MusicFiles/Modules/mama's_rage.mod
24097bd67342da741c5f4986633fb2cb	1	151169	player	uade	Protracker compatible	0	73828	b867cf2c	7fbb37db	A/Leisure/DemoMakers/FUTUREWRIT12.DMS/mod.nuke of anarchy
24097bd67342da741c5f4986633fb2cb	1	151169	player	uade	Protracker compatible	0	73828	b867cf2c	7fbb37db	R/MusicFiles/Modules/electroquest.mod
24753344182d3d80e476507ecaf78d50	1	223325	player+silence	uade	Protracker	0	187964	7e5e04aa	35769df4	R/MusicFiles/Modules/revelation_part_ii.mod
24ee0566b9377f4ffdcf28b7ed5520da	1	53872	player	uade	Protracker	0	22506	871398fa	4dce1b49	A/Leisure/DiskDemos/MUMU-MU1.DMS/gk/mod.lost wings of snail
250904ae6b8e9bf67809a593084f911c	1	173766	player+silence	uade	Protracker compatible	0	34688	418b4714	da679eb6	A/Leisure/Games/AmosPicturePuzzle.DMS/Modules/mod.emptyspace
250904ae6b8e9bf67809a593084f911c	1	173766	player+silence	uade	Protracker compatible	0	34688	418b4714	da679eb6	R/MusicFiles/ChipModules/empty_space.mod
258b277c47bcb6c5f6d56a8ebbcd8504	1	223974	player+silence	uade	Protracker	0	129158	be5c460b	7a94990b	A/Leisure/DiskDemos/DDI-F04.DMS/mod.3
25bf31a3a0073c7d08c5ab337f497318	1	133273	player+silence	uade	Protracker	0	253812	b8290fb8	a1ee1a85	R/MusicFiles/Modules/it's_so_cool-lzd.mod
25f43807429e4d4f83de8038c30a7cfd	1	200299	player	uade	Protracker	0	132718	d8b62c55	88271699	R/MusicFiles/Modules/blue_house_2-theme.mod
25f43807429e4d4f83de8038c30a7cfd	2	199837	player
263bcf08c23149335ab3a2792cb6cd7f	1	140921	player	uade	Protracker	0	102260	f887418e	803b5f67	R/MusicFiles/Modules/delta.mod
263d4254a6a4918d5f1def7c89a62de6	1	194050	player	uade	Noisetracker 1.x	0	112202	0cec2d65	8d8e2c23	R/MusicFiles/Modules/x.mod
265429c87fca35d3d426851645bdba2a	0	238217	player	uade	Amos Music Bank	0	50924	ae5980b5	48db4717	A/Leisure/Assassins/ASI-166G.DMS/Hyper/GAMEMUS.DAT
267416247eda641c7be4e09b1ae7ffa9	1	238318	player	st3play	Scream Tracker 3.01 (SB)	10	322828	9f3fbe01	69e0f831	R/MusicFiles/ScreamTracker/-Mysticism-_-_Necros-PM.S3M
26c73e63e4e301c693178abb8e01c143	1	201928	player+volume	uade	Protracker	0	110644	51ff2950	f0a453b6	R/MusicFiles/Modules/touch_this.mod
26ec4bee485f4db8849dcfd6b90be80e	1	47965	player	uade	Protracker	0	270032	01faf0f8	92b3a255	R/MusicFiles/Modules/u_fat_bastard.mod
2731e0e1134f7cdbcea6acd51740fca8	1	213088	player+silence	uade	Protracker compatible	0	213134	082d743d	7408b9db	R/MusicFiles/Modules/desolate_sanction.mod
27914767e5c9ecf6abfcdba4a1435e92	1	236191	player+silence	uade	Protracker	0	197096	b937b357	f671e45d	A/Leisure/DiskDemos/DDI-F05.DMS/mod.7
279b4f521551684c2f539c3fc48943da	1	147331	player	uade	Protracker	0	16280	b09d6020	4fd27dc0	R/MusicFiles/ChipModules/excitement1991.mod
285bf30301fdee2e8b7afaf21248d5fe	1	207493	player	uade	Protracker compatible	0	92601	be48668a	8da04ebf	R/MusicFiles/Modules/give_it_up_remix.mod
29820b6a5737bf00f8a0bf5ef33548ce	1	250032	player	uade	Protracker	0	102070	e15dd3d3	a25495ab	R/MusicFiles/Modules/feel_the_base.mod
2a4982e5a5b23501df1dcd8fc5610ddd	1	336926	player+silence	st3play	Scream Tracker 3.01 (SB)	16	71288	e45476ff	744b55f1	R/MusicFiles/ScreamTracker/+_Pacific_Ocean_+.S3M
2a4a72b165ee393ce8bb934103ece5cd	1	88851	player+silence	st3play	Scream Tracker 3.01 (SB)	8	56342	7f72bebf	076c6709	R/MusicFiles/ScreamTracker/Classic_Dreams.S3M
2a9823e91771d8709b1eb2623f9892a1	1	92112	player	st3play	Scream Tracker 3.01 (GUS)	6	46798	305b3cae	476d2f8f	R/MusicFiles/ScreamTracker/Space_Camel.S3M
2ada2a48a16b8333da5296810026e8a0	1	195661	player+silence	uade	Protracker compatible	0	202000	bbd9a885	172bd6e9	A/Leisure/DiskDemos/DDI-F07.DMS/mod.1
2b075d79fbad9eaa87d510ea5b0c70bc	1	388269	player+silence	uade	Protracker compatible	0	173410	85a8ef2d	53117330	R/MusicFiles/Modules/abacab.mod.mod
2b6f45bddd0883448b2819063110d82d	1	192141	player	uade	Protracker	0	102418	59c96dcb	20220a98	R/MusicFiles/Modules/cultoftecno.mod
2baa235a5a33f6b8e075e6e2abd32c9d	1	103847	player	uade	Protracker compatible	0	83830	5bfde6e8	728610fa	R/MusicFiles/Modules/zyx-tekknozid.mod
2c0e94cbe877d0afa5d819ab6de84445	1	7193	player	uade	OctaMED MMD0	0	73044	cdb573bc	5cc03d86	A/Leisure/Games/StarWoidsB.DMS/data2/m01
2c46b9de303654d0898c69465fcfff66	1	119179	player	uade	Protracker compatible	0	55912	e32be4b9	5c242ff6	R/MusicFiles/Modules/addiction.mod
2c7742cd0f1fe35fe7ad899cd19ff902	1	61568	player	uade	Protracker	0	8992	7747fb1c	7546024f	A/Leisure/DiskDemos/DDI-F06.DMS/mod.3
2c9ce3f679dc72cd637205b6e69e0fb8	1	25419	player	uade	Protracker	0	10896	7175dac0	cf7a3f25	R/MusicFiles/ChipModules/no_maths_land.mod
2d2da11d368c45c4d2e9e3cf2f8f47bc	0	107645	player	uade	Amos Music Bank	0	36786	6b76b61b	b4392c05	A/Leisure/Assassins/ASI-183G.DMS/title.abk
2d6076401109d0a2548ec4063b0997fe	1	175519	player+silence	uade	Protracker	0	139014	ff3c974c	6238c8c7	A/Leisure/DiskDemos/DDI-F03.DMS/mod.4
2d7a266add4da333db34dbf66b43ec7b	1	259336	player	uade	Protracker compatible	0	274116	0d3b6e79	e27b6176	R/MusicFiles/Modules/magnetic_robots.mod
2db5638485e02d6213793472f588125b	1	159288	player+volume	uade	OctaMED MMD1	0	169552	caf15d9d	68f592d7	A/Leisure/Games/ZombieApocal2.DMS/Zombie2.mod
2e3c04e1d0a5e17834d4005f573f205c	1	291369	player+volume	uade	Protracker	0	138142	e9c25502	430a65d8	R/MusicFiles/Modules/dope_for_your_mind.mod
2e3cc9aa580b870611b33368f3a9fa25	1	183480	player	uade	Protracker	0	29512	7878a5f5	0e7d6cf9	R/MusicFiles/ChipModules/turrigol.mod
2e7f614fa44b3a12ce9a7e415e18baeb	1	61568	player	uade	Protracker	0	11440	5c52ee91	9627824d	R/MusicFiles/ChipModules/a_hi_from_depth.mod
2ebf4da0df1e69d75b3ff206b8f71361	1	230541	player	uade	Protracker	0	99856	17b72629	142d9d72	A/Leisure/DiskDemos/DDI-F05.DMS/mod.6
2efc4a0eff872ea97868090ccf8eefbf	1	274929	player	uade	Noisetracker 1.x	0	110592	24a399d6	4f1f4d59	A/Leisure/DemoMakers/RSI-UTILS2.DMS/MUSIC/MUSIC4
2f248d81f724424585abc16db80a055e	1	313108	player	uade	Protracker	0	136322	764860c7	be3bae57	R/MusicFiles/Modules/mystikal-vibes.mod
2f5c093d5d289101077bac2c833a8d94	1	211673	player	uade	Protracker compatible	0	187482	8458a848	7d103583	R/MusicFiles/Modules/fut.mod
2f88fb03d059e8c94d919e950c9c8dd6	0	115341	player	uade	Amos Music Bank	0	31246	be6c4a95	541e6b89	A/Leisure/Games/MooseDrive.DMS/Shop.Mus
2f9985fc24df054bcf687ae92f528028	1	30824	player	uade	Protracker	0	35936	1498b358	8d919f3a	A/Leisure/DemoMakers/RSI-UTILS2.DMS/MUSIC/mod.rok n role
2f9ca56ede049f78902b179c4bc26090	0	147994	player	uade	FutureComposer 1.3	0	43792	ab0a4158	f4e749f3	A/Leisure/DemoMakers/FUTUREWRIT12.DMS/fcm.fraxion2
2fcfd8cac8e8a56389086a3ec18bb220	1	148220	player+silence	st3play	Scream Tracker 3.01 (GUS)	16	258074	6078cdf7	701dcee7	R/MusicFiles/ScreamTracker/Where's_The_Time.S3M
3008c8491a7d255a0feaba12595e2762	1	482885	player	st3play	Scream Tracker 3.00 (GUS)	8	391312	b725df1e	4a41df26	R/MusicFiles/ScreamTracker/UnreaL-The_2ND_Reality.S3M
3008c8491a7d255a0feaba12595e2762	2	328460	player
3008c8491a7d255a0feaba12595e2762	3	400940	player
309618efdb10065d4acacf80602db1c9	1	98039	player	uade	Protracker	0	13000	68d11308	2312e383	R/MusicFiles/ChipModules/jens-patrik.mod
30a73146f41513d15e4f6284cf0a2b6a	1	108931	player	uade	Protracker	0	68496	2cca2c3e	7b4c14f7	R/MusicFiles/Modules/module.mod
30ac20c3405dca26c776ba7adff92067	1	241533	player	st3play	Scream Tracker 3.01 (GUS)	8	157584	12529665	5b5ce68d	R/MusicFiles/ScreamTracker/Insideout.S3M
30bcaede9d9a2e6307a675cdaea9ab31	1	304207	player	uade	Protracker	0	189366	c7bc193b	5167bd36	R/MusicFiles/Modules/u4ic_nightmare_2.mod
30e61d4a21646e1aa912bd931b5a2e2b	1	153741	player	uade	Protracker	0	197552	6db61fef	2e816a0f	A/Leisure/DiskDemos/OLD-TD5.DMS/mod.mix01
31d3212a6d30c2f2a2bdd34f54329446	1	85360	player	uade	Protracker	0	101406	8c80f2b4	dae5936f	R/MusicFiles/Modules/feel_the_bit-beat.mod
320b0d7a372d76aea4e1e25e178d62f7	1	92272	player	uade	Protracker	0	80880	e2e89369	019af8e3	A/Leisure/DiskDemos/MUMU-MU1.DMS/gk/mod.heavy uggadunk!
32366d8bce88194c1326543bd2ca9412	1	30824	player	uade	Protracker	0	7550	f7c91f3f	a7753823	R/MusicFiles/ChipModules/intromuz-6.hb.mod
328bab1ed41a077427e85b917d63bd2a	1	338206	player	uade	Protracker compatible	0	98604	97d84a20	0f44ac73	R/MusicFiles/Modules/mod.toccata.mod
3295ceca53b91af666c5d967644cc54f	0	203764	player	libopenmpt	Symphonie	8	218242	dcde4492	9828a0a6	A/Audio/Trackers/symph.lha/Qaul III.SymMOD
329a5be4598f6819b2828841b0612762	1	142187	player	uade	Noisetracker 1.x	0	65352	5e915cbc	8269b354	R/MusicFiles/Modules/c_f_r_mus_4.mod
32b52f570d11f4b89913edc2817b7ffa	1	185613	player+silence	st3play	Scream Tracker 3.01 (GUS)	8	423596	c63062e6	758d3bd1	R/MusicFiles/ScreamTracker/BiLL_CLiNToN_iZ_a_WeeNiE.S3M
32ea205b1bc65cfab5155570cc4602cf	1	234033	player+silence	uade	Protracker	0	71190	c2c94ff0	a3286ffd	R/MusicFiles/Modules/locratiusa.mod
330886ede0b6fe460262ce8aa76c919a	1	251560	player	uade	Protracker	0	368840	4a01ee59	e30ee871	R/MusicFiles/Modules/groovy_feeling.mod
3343c14f6c4efd5e27c28fe59405f2b5	1	204479	player	uade	Protracker	0	110112	e704e367	f90d5e32	R/MusicFiles/Modules/trance8.mod
335383ecc3d5ba43b0e0e816e08ba2d9	1	262591	player	uade	Protracker	0	136416	c9c48f04	c3324bba	R/MusicFiles/Modules/party_invitation.mod
3365f9c982abc6ee8437b9f68a63f6d6	1	123834	player+volume	uade	Protracker	0	107770	ac0ff78e	e6724d33	R/MusicFiles/Modules/stormy&clever.mod
347483fd13d0cb30037ff499f5a758d0	1	225397	player	uade	Noisetracker 1.x	0	88284	55c9de2e	cc356837	A/Leisure/Games/DGALAGA23.DMS/GALAGA.MUSIC
348ffb112f6362f7a01fd90bb77cf56a	1	84174	player	uade	Protracker	0	127484	5a3793bb	d749b7de	R/MusicFiles/Modules/hp.technostyle.mod
34bac2e72f3c15d44e7e813dd585a427	0	22927	player	uade	Amos Music Bank	0	22928	fe2950dc	0c0767f6	A/Leisure/Games/CaveFlight.DMS/music/loadertune.abk
34bf146318f5387d691641eca1ced881	1	154890	player+silence	uade	Protracker	0	772140	190ef5d7	fb2879df	R/MusicFiles/BigModules/psychotic-dreams.mod
34c84a2eed4c71f13eb357053f2f669e	1	195679	player+silence	uade	Protracker	0	253188	14dc07c5	12d983f2	A/Leisure/DiskDemos/ddi-f11.DMS/mod.3
351a2226e6303bd079e4ed41449ae96f	1	319222	player+silence	uade	Protracker	0	366436	a395fda9	9a41b30c	R/MusicFiles/Modules/majestic_remix-orb.mod
35244fbc4c966bb9f7774bf065538375	1	53872	player	uade	Protracker	0	7866	5d8dcd5a	24c16690	R/MusicFiles/ChipModules/den_typiske_snack.mod
354480019aae5c113be14edcbee53890	1	868668	player+silence	uade	Protracker	0	158120	05cf2b8a	fd519e86	R/MusicFiles/Modules/soothsayer.mod
35554a76c7df45a04c10fd80a56cb387	1	264119	player	uade	Protracker	0	219799	90828908	553f86fd	R/MusicFiles/Modules/house_10-_horn_mix.mod
357b30f87bb0c826ea6c0b9251a32dbb	1	207642	player+volume	uade	Protracker	0	370342	dcdf1a40	13a9cbf1	R/MusicFiles/Modules/no_harm_done.mod
35de811e0b8251d6141cd425f647b020	1	72520	player	uade	Protracker	0	60936	105cfcc7	6d6d8439	R/MusicFiles/Modules/ocean_club.mod
35e671617f03669e56cb35c5629e47f5	1	377591	player	uade	Protracker	0	195456	e64a0a9f	070c6c2c	A/Leisure/DemoMakers/VTV-GARBERUH.DMS/VideoTracker/Modules/mod.gabberuh!.pp
35eb1552e06feeb66890b4c2df46a397	1	228532	player	uade	Protracker	0	157496	55ef0bda	feafe530	A/Leisure/DiskDemos/ddi-f13.DMS/mod.2
363b473957f577c8a2806cf13f462bd8	1	153721	player	uade	Protracker	0	173660	113bc7ad	2e72f9b1	R/MusicFiles/Modules/someren.mod.mod
366cc93ebd88d20841dfdc71c3ab35c1	1	273495	player+silence	uade	Noisetracker 1.x	0	52622	7b593f9d	22ec432c	A/Programming/Assembly/LSDjoke.lha/mod.jaunty1
36804e6a88a64391dd7cee7a00ff4f65	1	50637	player	uade	Protracker	0	16102	e608a66f	ccf86570	R/MusicFiles/ChipModules/mending.a.bike....mod
36e559b9b72ec934c5e6b1f8c1a68bef	1	61568	player	uade	Protracker	0	9232	3ff95e66	db511989	R/MusicFiles/ChipModules/chip_er_upopulaert.mod
3729a3cd0505779752839c9bf8535254	1	288912	player+silence	st3play	Scream Tracker 3.01 (GUS)	8	281890	98a78985	899b42f7	R/MusicFiles/ScreamTracker/Le_Neant.S3M
37984ea6fa002f0a5705e3288397895b	1	118656	player	uade	Protracker compatible	0	109658	06204c15	a3d0d36d	R/MusicFiles/Modules/a_new_day.mod
37dd08f6c904d0d4a356614510f2533f	1	279586	player+silence	st3play	Scream Tracker 3.00 (SB)	9	299411	193e7379	9877f6f3	R/MusicFiles/ScreamTracker/Starshine_-_PM.S3M
37f556ce6cd9e71aeb6c30366fd4041c	1	135873	player+silence	uade	Protracker compatible	0	42162	4b6bdd37	bdfe9fc4	A/Leisure/DemoMakers/RSI-UTILS1.DMS/songs/NoiseTracker/mod.thump
3806d9d576bad0f70655a93d969c0271	1	253368	player	uade	Protracker	0	146160	c25fe460	7f7439b4	R/MusicFiles/Modules/dirty_mary2_bf.mod
3899733caf786c798f7f0adb1008663d	1	124745	player	uade	Protracker	0	128850	29893dc1	58747d13	R/MusicFiles/Modules/isildur's_curse.mod
38becf91de512ef9e966147dcfe543fb	1	221619	player	uade	Protracker	0	43818	c106bc2e	82069210	R/MusicFiles/Modules/mellowing_out.mod
3959ad746efeb8d947ce86c9176d55c0	1	187117	player+silence	uade	Protracker compatible	0	71880	b32621a4	15ae1103	A/Leisure/DemoMakers/FUTUREWRIT12.DMS/mod.sonic
3959ad746efeb8d947ce86c9176d55c0	1	187117	player+silence	uade	Protracker compatible	0	71880	b32621a4	15ae1103	R/MusicFiles/Modules/hassua_vai_ei.mod
3970c71dfbcf225dd7852a7508d117c8	1	32574	player+silence	st3play	Scream Tracker 3.00 (SB)	16	245251	c48f0d16	2eedcedd	R/MusicFiles/ScreamTracker/Unamed2.S3M
3970c71dfbcf225dd7852a7508d117c8	2	56203	player
3970c71dfbcf225dd7852a7508d117c8	3	20474	player+volume
3970c71dfbcf225dd7852a7508d117c8	4	91991	player
3970c71dfbcf225dd7852a7508d117c8	5	133546	player
3970c71dfbcf225dd7852a7508d117c8	6	114999	player
3970c71dfbcf225dd7852a7508d117c8	7	115019	player
3973370e2330144855a4ec4d48485d88	1	128121	player	uade	Noisetracker 1.x	0	100606	6ea68cf0	edcefb06	R/MusicFiles/Modules/16_bit.mod
398ce5888e3e42f319e46602d3f874fe	1	227547	player	uade	Protracker	0	125266	b01a39d4	9dd01cb3	A/Leisure/DiskDemos/ASC-CELL.DMS/mod.cell03
3a0307b232f6deffb2a80eaa9026a15e	1	38520	player	uade	Protracker	0	12008	df832289	7940bc76	R/MusicFiles/ChipModules/dr._chip.mod
3a0307b232f6deffb2a80eaa9026a15e	2	38520	player
3a0307b232f6deffb2a80eaa9026a15e	3	38520	player
3ac6146099f4dd6a7158a38c460ac893	1	92031	player	uade	Protracker	0	293534	02ab0936	5e106882	R/MusicFiles/Modules/oldetciwonz.mod
3b4addfba21065695cd73bce9f595c8a	1	711618	player	uade	Protracker	0	136800	47b7990c	1e289288	A/Leisure/DiskDemos/DDI-F02.DMS/mod.4
3b59a7cbe0141aae3ad4ab9ee39d7506	1	209402	player	uade	Protracker	0	113276	9fece2b5	70a279a3	R/MusicFiles/Modules/tune_to_fx-dmx_2.6.mod
3b5a3d8730eadfd11e90042ba8f9ce62	1	217138	player	uade	Protracker compatible	0	108348	a871255e	41e7486c	A/Leisure/DiskDemos/TSP-RM1.DMS/mod.sonic
3b98df430448a8919ac0eaf79ba8ea17	1	80758	player	uade	Protracker	0	49352	5ee5ae15	42de422a	A/Leisure/DiskDemos/LSD-bigs.DMS/mod.im worried!!!!.pp
3bcc0c9017ec536cae051ea0383935c8	1	194566	player+silence	uade	Protracker	0	126574	74e97dd8	81c1579c	R/MusicFiles/Modules/new_title.mod
3c0ba1bb05ab11b87fe24f11d872222c	1	130632	player	uade	Protracker	0	136264	263139f3	c95beda1	R/MusicFiles/Modules/killing_floor2.1.mod
3c0ba1bb05ab11b87fe24f11d872222c	2	130632	player
3c488a6d3bbdf6fc95f428b4188eb0a2	1	196168	player+silence	uade	Protracker	0	220190	cba92505	ff64500c	A/Leisure/DiskDemos/MON-SYN2.DMS/MoN_Demo/MoN_Music/mod.Wild_on_Time
3c5fc052fae187c9b6b7da70f6b45ca6	1	341798	silence	uade	Protracker	0	214644	bfc570e5	0b82336f	R/MusicFiles/Modules/madster.mod
3d442cf11fd4f5796c359689709ef6b6	1	164687	player+silence	uade	Noisetracker 1.x	0	53980	2cf4bcc4	001a0315	A/Leisure/DiskDemos/TSP-RM1.DMS/mod.introbeat
3e261e10ecb5a19e1cc8cdd545bdceb8	1	159970	player	uade	Protracker	0	117184	9e5eb224	86021af7	R/MusicFiles/Modules/runaway_scales.mod
3e47f6cb3aa5316ad22d0c42d1d60abb	1	116406	player	uade	Protracker	0	91148	e97e761b	b6653b32	R/MusicFiles/Modules/^_rising_sun_^.mod
3e53322b7e6e47e3df7eb62a2f356fe4	1	182536	player	uade	Protracker	0	196268	df5b1aba	0caef668	R/MusicFiles/Modules/arkham_asylum.mod
3e5f1736dd0fba453133366924624e8b	1	42358	player	uade	Protracker	0	12558	05a41378	66a4a623	A/Leisure/DiskDemos/MUMU-MU1.DMS/ms/mod.inte equinox!
3e6703c24796d09e9fc646c2a5822889	1	285579	player	uade	Protracker	0	172768	9fdb26fa	1d8749b1	R/MusicFiles/Modules/101_percent_proof.mod
3e6f24f7db07dc9495af9f276da0e27f	1	41072	player	uade	Protracker compatible	0	22214	cd262700	dae074ee	R/MusicFiles/ChipModules/introgasm.mod
3e988f264908b37e28665108e515903b	1	107645	player	uade	Protracker	0	173920	e28acf3f	c47cf030	R/MusicFiles/Modules/mod.digi-mix1.mod
3eb189c2f92530aeb22f36e7b64f73c7	1	103806	player	uade	Protracker	0	14382	8b61f06d	f460cfeb	A/Leisure/DiskDemos/DDI-F06.DMS/mod.4
3eec5d8f6906cb3527d339597a444af1	1	297033	player	uade	Protracker	0	189586	2618a862	4794d013	R/MusicFiles/Modules/the_flashback.mod
3f5bb0edbb19540b031134c4d64b7bac	1	178818	player	uade	Protracker	0	400794	55deda8d	7bc11602	R/MusicFiles/Modules/cyberquote_9.mod
3fae30cb6fbcae582f754dea3ff10dad	1	80758	player	uade	Protracker compatible	0	42804	1ef09514	2de855ba	R/MusicFiles/Modules/acidbat2.mod
3fe281a5a9843a4ca851301bc6ba4edf	1	214840	player+silence	uade	Protracker	0	183170	f2bca2fc	bfcc5a95	R/MusicFiles/Modules/captain_spaceman_2b.mod
3ff5c05c8d8c5288c2194408379cb037	1	62834	player	uade	Protracker	0	84616	7edacbbe	0ff20f99	A/Leisure/DiskDemos/LSD-bigs.DMS/mod.full of surprise.pp
3ffc128a30b0bc5e578d3fa34063135c	1	204921	player	uade	Protracker	0	369022	fdb3cdb7	a8429d56	R/MusicFiles/Modules/runner.mod
400e2ae26125a665e626cf05022b1d71	1	153721	player	uade	Protracker	0	131162	95d707bb	fc63e053	A/Leisure/DiskDemos/DDI-F04.DMS/mod.2
40168947947c7814b00e148355526a12	1	98220	player	uade	Protracker compatible	0	22990	177a5e04	cbaa44d5	R/MusicFiles/ChipModules/passion_garden.mod
407840b9495eeab2c0e9d1c12f79e838	1	506733	player+silence	uade	Protracker compatible	0	116672	40b59993	a8dc3a41	R/MusicFiles/Modules/mindstorm.mod
40dd55fe717de217a0aba7addbfa8536	1	115321	player	uade	Protracker	0	306668	14074087	d9cdbcb5	A/Leisure/DiskDemos/DDI-F04.DMS/mod.6
418b6f51087846270fffa71fc5cb6ad2	1	166048	player+silence	uade	OctaMED MMD0	0	107826	556d4260	e4fc381b	A/Leisure/Assassins/ASI-159G.DMS/RACING MANIACS/intro.song
41f912dc583850eea089875b7cd8c285	1	239865	player	uade	Protracker	0	82548	7dddeb25	1d7134af	R/MusicFiles/Modules/kumla.mod
4207c8322805715b3dd12b2d4a035f1b	1	62834	player	uade	Protracker	0	4700	add94dd2	89d6b7fe	R/MusicFiles/ChipModules/chip's_chap.mod
42493b202d609551f74799cd8724488d	1	139329	player+silence	uade	Protracker	0	136440	5f44c685	ade6393c	A/Leisure/DiskDemos/DDI-F09.DMS/mod.2
43973db774c78c3e29bd1e7ee5317f8b	1	160131	player	uade	Protracker compatible	0	101666	badd92cf	dfd019fc	R/MusicFiles/Modules/presents.mod
43bbdd0ec3dc5777be28065ac0328b15	1	370286	player+silence	uade	Soundtracker II (31 instr.)	0	129732	0f575288	8c41f373	A/Leisure/DiskDemos/RAF-BT3.DMS/mod.3
43e7e8fe3981b2278c06b62e065110f1	1	222845	player	uade	Protracker	0	70698	35cb3d60	953057a3	R/MusicFiles/Modules/you_know_i'm_bad.mod
4413295a931c3f44d6eb9e196790fb6f	1	269866	player	uade	Protracker	0	156228	20ca998c	775cf1d5	A/Leisure/DiskDemos/DDI-F08.DMS/mod.7
4437e786bc2fc7b0e3ac97b3553c90d5	1	355764	silence	uade	Protracker	0	283550	b08e6078	4c1a9cc4	R/MusicFiles/Modules/_the_war_.mod
445458a0f110d7c1e72fc6c77b25c2d5	1	185334	player+silence	uade	OctaMED MMD0	0	283264	6b2c223d	000b915c	A/Leisure/Games/StarWoidsA.DMS/data2/m03
44b847b4dd65275c3a8ada579f1c9c24	1	111483	player	uade	Protracker	0	108234	ae450824	4e9d5ede	R/MusicFiles/Modules/tekno_from_mars.mod
44dee194529b098381684fdc176dfa0c	1	326310	player	uade	Protracker	0	123222	e08a261b	1f8d1f44	R/MusicFiles/Modules/desert_fox1.2.mod
4507e43c11aaf5dbbee15039a9eb0b11	1	320202	player	st3play	Scream Tracker 3.00 (GUS)	8	176360	2e6482ff	8344a4cf	R/MusicFiles/ScreamTracker/Turbulence.S3M
459f71938066229111b3b7be7147ca72	1	20797	player	uade	OctaMED MMD0	0	31234	e4a2de3c	04a4870f	A/Leisure/Games/CannibalForFBI.DMS/Audio/win.mus
464e1c89a829c53e1ff0a1e6d37cde49	1	186695	player	uade	Protracker	0	224342	9eeedaa5	38cfef0c	R/MusicFiles/Modules/elektrik_funk.mod
46748398a0f1ef97126a343d2bebd5ba	1	102520	player	uade	ProRunner 2.0	0	141786	8b58883f	153f2f63	A/Programming/Assembly/h2sacsou.lha/Binaries/dropofblue(pr2).crm
468611ca3fb4299232d01e2c8fa32351	1	348897	player+volume	st3play	Scream Tracker 3.01 (SB)	8	290344	e33fee92	bc0da9c1	R/MusicFiles/ScreamTracker/Somewhere_In_Time.S3M
46b521d430a933186c5229f180bbf8be	1	261426	player	uade	Protracker	0	83392	66ee5466	228d2e5d	R/MusicFiles/Modules/follow_you_....mod
46c25f122c258fd050d18d4825d95cc3	1	169093	player	uade	Protracker	0	98836	7c2b2fcf	148f75ab	R/MusicFiles/Modules/technopop.mod
46fd775db39088947ed236a4e7576698	1	105715	player	uade	Protracker	0	11682	118324bf	1a35d6ca	R/MusicFiles/ChipModules/after_midnight.mod
47516457516ebddfafca3564f3f35de0	1	50034	player	uade	Protracker	0	11486	a2142dd0	2b9dfd5c	R/MusicFiles/ChipModules/plastic_surgery.mod
47cc6a2b4a68e3c5c1b8299a76b56699	1	63377	player	uade	OctaMED MMD0	0	116090	148dee83	0d8aeaf5	A/LegalTools/LSDlt101.DMS/River.emod
488b8cde4b9d6fce5a21dbb29889c081	1	46216	player	uade	Protracker	0	4190	1374166f	26cc57ff	A/Programming/Assembly/KBMenu.lha/killerbytemenu/mod.chips and keyhole
48da4f1eb8f2e3d8608ed51f1b1d5cbb	1	309510	player+silence	ft2play	Fasttracker (M.K.)	4	252004	d2cd664d	06f9ef4c	R/MusicFiles/Modules/flip_house.mod
49574e3fde5964fa6995588b261f6eea	1	51320	player	uade	Protracker	0	33532	9633e7bc	9c834696	A/Leisure/DemoMakers/RSI-UTILS2.DMS/MUSIC/mod.bass
49899d9f2c069300f463e5acdd6c16a3	1	76920	player	uade	Protracker	0	13790	7dc024c1	27230143	R/MusicFiles/ChipModules/eight_wonder-hydra.mod
4993611aca1474535d6396e01f86cca8	1	107323	player	st3play	Scream Tracker 3.00 (GUS)	8	39778	1cf646d7	94dae863	R/MusicFiles/ScreamTracker/Satellite_one.S3M
49f06ee8c3a3f717af00f87a8b745284	1	51320	player	uade	Protracker	0	12870	ba2aebb2	ab6335d8	R/MusicFiles/ChipModules/mel_o'dee_i.mod
4ab98348a8bb5f92aba738e3b210d042	1	153721	player	uade	Protracker compatible	0	127172	467617a1	a7a2dd13	A/Leisure/DiskDemos/RAF-BT3.DMS/mod.2
4ad23f14debb84c01c0332afca6754ad	1	303866	player+volume	uade	Protracker compatible	0	293214	c978ba73	c081045b	R/MusicFiles/Modules/the_serpent's_call.mod
4ae02e91bb8cec8d58d24ab2ee4a204a	1	114215	player	uade	Protracker	0	184190	29dbf2b6	64f8b4e5	R/MusicFiles/Modules/its_all_in_the_mind.mod
4bae7ff6573820488e7b84e34402dda0	1	145650	player+silence	uade	Protracker compatible	0	51834	42bb5505	d430e7b2	R/MusicFiles/Modules/blue_rug.mod
4bfa7cac6008cc9611faac3223b630a9	1	184092	silence	uade	Protracker	0	266512	4d1cdc83	c500042f	R/MusicFiles/Modules/curiosity.mod
4c25cd8f1cf1ec60a3369360943c35e1	1	186876	player	uade	Protracker	0	141322	8d2d2fc3	d38deafa	R/MusicFiles/Modules/livin'_insanity.mod
4c3891a143b4b8c17c317a2412088b28	1	250265	player+silence	uade	Protracker	0	267012	835dd8ec	30a76ba3	R/MusicFiles/Modules/chronologic-part4.mod
4c882e5e97f53eacf9037d0e02c972f7	1	38520	player	uade	Protracker	0	33806	285aa5e3	1541fc4b	A/Leisure/Assassins/ASI-144G.DMS/mod.brainacid
4c8ea895df64d75dd6c3dd7c4e90ee50	0	46196	player	uade	Amos Music Bank	0	34796	5c77d06d	bc7d22a6	A/Leisure/Games/MooseDrive.DMS/Second.Mus
4cbc7d4300369718287d149a3845bc04	1	116586	player	uade	Protracker	0	71036	d207ff84	40df8e2c	A/Leisure/DiskDemos/DDI-F01.DMS/mod.5
4d1092ccf02ab2adb9583a8903d30eab	1	147974	player	uade	Protracker	0	99012	1f6841c3	4a393b65	R/MusicFiles/Modules/this_is_great.mod
4d457a56cbfb639fdfca66dfa96dd1a6	1	77222	player	uade	Protracker	0	66438	f6ff1080	eb4c3642	R/MusicFiles/Modules/lemmings2.mod.mod
4d485750921f6e25627ba05dc51ab843	1	131125	player+silence	uade	Protracker	0	169410	d9b39e57	26581cbb	R/MusicFiles/Modules/interceptia.mod
4d5fb7e0ef48444cc5bf5c76a32c30fc	1	242135	player	uade	Protracker	0	235368	073c66da	1d4a600c	R/MusicFiles/Modules/out_of_control.mod
4e4acf47c38d780bcd569ac739fb1a29	0	446008	player+silence	uade	FutureComposer 1.3	0	42196	9cd55486	894986cd	A/Leisure/DemoMakers/RSI-HELP&UTIL.DMS/future-comp-mods/mod.shaolin.2-4
4edc44a43855faeec69e1075998b40c1	1	151301	player+silence	uade	Protracker	0	193372	1643e2a8	31c6d5d4	R/MusicFiles/Modules/a_new_jack_thing_.mod
4f20348f641375de8850dd4dc29e6656	1	23168	player	uade	Protracker	0	8934	d961d7d0	d48c5ddb	R/MusicFiles/ChipModules/intromuz-5.hb.mod
4f2fa40a5891cc295006bd31bf34ba45	1	95327	player	uade	Protracker	0	143462	0bba20ad	f08eebbe	R/MusicFiles/Modules/dunk_fix.mod
4f4f2dd24f28103a91b7824899b8fd0d	1	253027	player	st3play	Scream Tracker 3.01 (SB)	12	479192	6292ccda	4c26fd3e	R/MusicFiles/ScreamTracker/Sentinel_Dreams_-Motiv_RMX.S3M
4f6e8af285b06795b1ba57dec9829a00	1	61568	player	uade	Protracker	0	7538	aec8945b	9de1742d	R/MusicFiles/ChipModules/contact.mod
4f702fb558b53bb5abc7c6ecd8919c6f	1	240829	player	uade	OctaMED MMD1	0	109446	eabd7994	2031c231	A/Leisure/DiskDemos/LFR-PAND.DMS/TANITH
4f8153477b1ee78a1b95c118aa387947	1	89846	silence	uade	Protracker	0	232906	854f1d3d	425dfe67	A/Leisure/Games/Asteriods2.DMS/c/data.bin
4f818721387164d18b2d9d84db6cfeb9	1	331093	player	uade	Noisetracker 1.x	0	188344	771f75eb	62d04462	R/MusicFiles/Modules/anything_-__cb.mod
4fbd0fba9d0cfb470a03d5cfe2dc8607	0	594046	player	uade	FutureComposer 1.3	0	25398	6bf40691	18ab6bb3	A/Leisure/DemoMakers/FUTUREWRIT12.DMS/fcm.oracle
4fbd0fba9d0cfb470a03d5cfe2dc8607	0	594046	player	uade	FutureComposer 1.3	0	25398	6bf40691	18ab6bb3	A/Leisure/DemoMakers/RSI-HELP&UTIL.DMS/future-comp-mods/mod.astaroth.2-4
4fdedc329171a25143139304cee2a484	1	194722	player+silence	st3play	Scream Tracker 3.01 (GUS)	8	317292	623171ff	f817a438	R/MusicFiles/ScreamTracker/The_Story_so_Far.S3M
5040da2bb9628a1374621d6e601051d2	1	198292	player+silence	uade	Protracker	0	208768	b2bd6fa7	93fc8386	R/MusicFiles/Modules/back_on_track.mod
50f1017b4bb1c5df0524dc50fe06d4a0	1	140949	player+volume	uade	Protracker	0	776080	39464fb9	75cd4c7a	R/MusicFiles/BigModules/bangin'_cindy.mod
510997bd46ecf36fb9aab183e7c90fac	1	91629	player	uade	Protracker	0	28558	89505723	45ca6abc	R/MusicFiles/ChipModules/sublime.mod
513f0f911f671c62c2b5134d48d41827	1	119279	player	uade	Protracker	0	199876	4aab244e	76db8b03	R/MusicFiles/Modules/funkanette.mod
515daec9f332381629623710dfaf614e	1	61568	player	uade	Protracker compatible	0	9800	2b7509b8	7367630b	R/MusicFiles/ChipModules/intromuz-4.hb.mod
5197af750bf79546e0e8e3198ceea629	1	166073	player+silence	uade	Protracker compatible	0	240230	5c6dfad4	b4537156	A/Leisure/DiskDemos/DDI-F03.DMS/mod.1
51e5c76643ff254ed105dee5cb9a22ba	1	119179	player	uade	Protracker compatible	0	42720	7d5786a2	07a7ff5a	A/Programming/Assembly/compsrc.lha/MOD.LBACK
5212c24bb70365aa9bbc4a31ada2f6f1	1	69224	player	uade	Protracker	0	9978	155568bb	637c3442	R/MusicFiles/ChipModules/rhythm_is_a_dancer.mod
53456248145b25e7637e3f54255dbaba	1	142044	player+silence	uade	Protracker compatible	0	106280	3922760d	5f7199be	R/MusicFiles/Modules/airwolf_theme.mod
54286e0ca13bacda5c9064d8f4a75856	1	172931	player	uade	Protracker	0	110532	fae9ac1f	850c3e78	A/Leisure/DiskDemos/DDI-F14.DMS/mod.1
543969ff9149cc91edfd9c7c705f3b9a	1	374275	player	uade	MED4 (4ch)	0	26357	7602d363	02c847c8	A/Leisure/Games/ReadyRobotDemo.DMS/320
54646988d1292afec4e94bc0e68b9d2a	1	124946	player	uade	Protracker	0	192040	f8b86554	6fc9068f	A/Leisure/DiskDemos/OLD-TD5.DMS/mod.mix04
54f8efdb1c099d52f8eee1291ce87402	1	261865	player+volume	uade	Protracker compatible	0	95061	c9623482	1990973f	A/Leisure/DiskDemos/DDI-F10.DMS/mod.6
550c42f076f779ec0f48e42025acf41e	1	277471	player+silence	uade	Protracker	0	276776	e9975895	7efb92d9	R/MusicFiles/Modules/step_it_up_again.mod
55723277df048c88204c79e3cd80a780	1	264163	player+volume	st3play	Scream Tracker 3.00 (GUS)	8	177828	7d472789	9744e6bb	R/MusicFiles/ScreamTracker/Mercury_Rain.S3M
55a40101fe9b14fa558a3154ba8e3875	1	220675	player	uade	Protracker	0	237972	f2bb1c6b	d3b53be4	R/MusicFiles/Modules/digital_insult.mod
55ad7633a30939a0d0a0a9630b3b0e28	1	173569	silence	uade	Protracker compatible	0	137125	5b7f2db5	3a5c6194	R/MusicFiles/Modules/vertical_guidance.mod
55bd4a2f908136b48d93191c6c4983d3	1	76920	player	uade	Protracker	0	16626	cd9951a5	963a2ba4	R/MusicFiles/ChipModules/escape.mod
564b5b6f57b45ad5a81c31ddc7b090a7	1	115033	player+silence	st3play	Scream Tracker 3.01 (SB)	16	449488	c417715f	6dc326b7	R/MusicFiles/ScreamTracker/Techno_in_D_minor.S3M
56d5bf8ed58549606700759f74e25281	1	87168	player	uade	Protracker	0	614902	1e717e5e	bf0b4bc2	R/MusicFiles/BigModules/ace_of_bass_megamix.mod
56e53782df2178420136a46d35b43c2f	1	22585	player	uade	Protracker	0	37566	45c17886	febc8d17	R/MusicFiles/ChipModules/mega_dunk.mod
57040985332af516e330b0a9d35a24bb	1	252243	player	st3play	Scream Tracker 3.00 (GUS)	4	185654	b41d65bc	0f41124b	R/MusicFiles/ScreamTracker/Not_For_Kids.S3M
5759edab9d957514d4f538489fb3907a	1	192141	player	uade	Protracker	0	156916	311217c3	06d60573	A/Leisure/DiskDemos/LSD-bigs.DMS/mod.summer time.pp
5771ae8ee17e722d034f8ce459f957d4	1	161397	player	uade	Protracker	0	73480	674bb338	16461470	R/MusicFiles/Modules/freefall.mod
57916e7c7f13365ebddb45a5c228be40	1	140157	player	st3play	Scream Tracker 3.00 (GUS)	2	54194	7025fee6	9f9b93eb	R/MusicFiles/ScreamTracker/Minimum_Velocity.S3M
57a51b8dc0585f68ec2584f26ce5f608	1	178417	player	uade	Protracker	0	170000	27a25eff	0da57dd1	R/MusicFiles/Modules/crystal_kaos.mod
57ba7511b236661203f249fa00ae6ed7	1	167164	player	uade	Protracker	0	120266	1ee7a8d9	0f9f8c8f	R/MusicFiles/Modules/bounga.mod
57dc503bd4b04a68716f3425b84345e9	1	180125	player	uade	Protracker compatible	0	106002	e3ff75a0	9faff2c8	R/MusicFiles/Modules/suitable_name.mod
58131338f938545ab3ca6d2ed58096b4	1	532598	player	uade	Protracker	0	105490	4a050328	c324eccb	R/MusicFiles/Modules/dreams_of_magic.4.mod
58cc39b14066216a9bbb3ca4d6932248	1	102762	player	uade	OctaMED MMD0	0	53178	9f018439	20d0bc26	A/Leisure/Games/MegaBall30.DMS/MB_Music/GameOver.tune
58fb69da371bd2c2035746559afe9652	1	192141	player	uade	Protracker	0	81794	229f1d90	a5a451f5	R/MusicFiles/Modules/our_spirit_soars.mod
5923bb1e6c438b1427bd72bc607c4615	1	30824	player	uade	Protracker	0	8524	dbd5a045	e4125905	R/MusicFiles/ChipModules/intromuz-7.hb.mod
59332d7d8dcfbbe092a1269a4d4488df	1	352815	player	uade	Protracker	0	231952	b284f7f0	1d32e0b7	R/MusicFiles/Modules/sweetsummertime.mod
59a4171a1284d6b21b0714a77ed31213	1	141925	player	uade	Protracker compatible	0	60465	3c1c6e20	9369b3dc	A/Leisure/DiskDemos/DDI-F10.DMS/mod.2
59a632523460ceea81af62fe190567b7	1	184445	player	uade	Protracker	0	122986	9d3d43c3	3591cb17	R/MusicFiles/Modules/odyssey-part2.mod
59bda889154490fc0bf185bd7fd01457	1	279852	player	uade	Protracker	0	138478	3c592a79	86b12826	R/MusicFiles/Modules/basic.mod
59f257c7dcb08f74b04ba19d3b218a16	1	187916	player+silence	uade	Protracker	0	236706	a8a30d6a	3698fa53	R/MusicFiles/Modules/_desperate_rock_.mod
5ac0c522fa72f8416c4569694b7b3001	1	227828	player	uade	Protracker	0	176586	47d57ad2	c95ee889	R/MusicFiles/Modules/varanen.mod
5adaaeea4afde5229aa418f25b4a0974	1	105072	player	uade	Protracker	0	87544	ec6eda6a	6179c8b4	A/LegalTools/LSDlt084.DMS/modules/mod.agony_end of game
5aebab8b5dc93c4897c9a202b57ffc9d	1	288296	player+volume	st3play	Scream Tracker 3.00 (GUS)	9	280694	0276f2b5	3675903f	R/MusicFiles/ScreamTracker/War_in_the_Middle_Earth_Rm.S3M
5b516a0d1b74048d5643483fe10c7bf2	1	137263	player	uade	Protracker	0	130666	ceffdf33	13395347	R/MusicFiles/Modules/spellcaster.mod
5b58cc64f865fc1e58e5d5ba4d514362	1	99968	player	uade	Protracker	0	89838	c53c0f39	2d69be81	R/MusicFiles/Modules/shadow2.dbl.mod
5b7760ad434ccb77bc23634b91ed2721	0	69104	player	libxmp	NoisePacker v3	4	163000	0ed262bb	e200cc1c	A/Leisure/Assassins/ASI-184G.DMS/unreg.dat
5b7760ad434ccb77bc23634b91ed2721	1	7676	player
5b8d59cfae174cdc16d520e3d9410dbe	1	80076	player+silence	ft2play	Fasttracker (M.K.)	4	62807	ac9db0a6	88dd9139	A/Leisure/DiskDemos/DDI-F10.DMS/mod.4
5b942cdcca0c52ce623b1d4898ab0d35	1	143606	player+silence	uade	Protracker	0	270466	92ab064a	ddaf1375	R/MusicFiles/Modules/fresh.mod
5bb7e5fed5faacf8a1da620fd8e9f0fd	1	252269	player+silence	uade	Protracker	0	223736	adef6664	d34775e3	A/Leisure/DemoMakers/VTV-CAOTIC.DMS/VideoTracker/Modules/mod.CAOTIC
5be963388648a9f8566b5a30dd25019a	1	50034	player	uade	Protracker	0	15918	469506b5	f76af659	A/Leisure/DiskDemos/MUMU-MU1.DMS/ms/mod.shuriken
5d1f7479f1198b0278bdd28643e71d37	1	350866	player	uade	Protracker	0	168744	5dae78cf	d8376931	A/Leisure/DiskDemos/DDI-F08.DMS/mod.6
5d267405884cc71bbc99c3aff7e8b191	1	122997	player	uade	Protracker	0	71730	f732eac2	bb7d605d	R/MusicFiles/Modules/made.mod
5d3a965a454b6e72944b5ece3850237c	1	67315	player	uade	Protracker	0	59136	95e76dd1	246b4e28	R/MusicFiles/Modules/flik_flak_tune_06.mod
5d581b292282d709caf40c9d35d0ef0f	1	312506	player	uade	Protracker	0	132818	4cf96b0e	716719e3	R/MusicFiles/Modules/klim's_theme.mod
5d58bf4fd3242cdd77c49d4a9d0861ed	1	248043	player	uade	Protracker	0	104428	f7b4481b	b7c22baf	R/MusicFiles/Modules/wttj.mod
5d820a19145791f7218defd6559c05b9	1	316102	player	uade	Protracker	0	675284	0f19084a	4b6a5c9c	R/MusicFiles/BigModules/rhelms.mod
5dcf5b7a899c2e49ea986c083744477f	1	175865	player	uade	Protracker	0	189306	58908edf	14ac469d	A/Leisure/DemoMakers/VTV-CAMEL.DMS/VideoTracker/Modules/mod.GO-FUCK-YOUR-CAMEL
5dede913c0b23d432e40d269b85fc16d	1	176769	player	uade	Startrekker (4ch)	0	89524	8987f647	fd962248	A/Leisure/Games/AmosPicturePuzzle.DMS/Modules/mod.estra
5e263ab74e9ab056db813be5f3c91add	1	36611	player	uade	Protracker	0	31864	339c40b1	e26a1e11	A/Leisure/DemoMakers/RSI-UTILS2.DMS/MUSIC/mod.freddy
5f216b6cb2d1c6e2a488776fa1b090e3	1	125227	player	st3play	Scream Tracker 3.00 (GUS)	8	90757	ab4bc46c	45c8587e	R/MusicFiles/ScreamTracker/World_of_plastic.S3M
5f4ea46db987ad24d851ef5535cfa21e	1	23168	player	uade	Protracker	0	5592	d2a5abef	f91007e9	R/MusicFiles/ChipModules/osakemies.mod
5ff8d3050e7f59d9f52e019c3103b4b1	1	43122	player	uade	Protracker	0	35116	78324116	9476c106	A/Leisure/DiskDemos/MUMU-MU1.DMS/gk/mod.what the fuck is 2u
600b569d7b12a92f3d93e85dc1983406	1	106861	player	uade	Protracker	0	95446	8f3eaf1f	d95257a9	R/MusicFiles/Modules/bass_in_your_face_.mod
601ed8094d8ae29592ff8f6c57cafc00	0	23148	player	uade	Amos Music Bank	0	36912	3362be07	5b4ca044	A/Leisure/Games/MooseDrive.DMS/Lost.Mus
604454fc59c5b2d884325eaf1fa5cb23	1	65406	player	uade	Protracker	0	17680	4038f8ae	2ce3dbec	R/MusicFiles/ChipModules/go_cryo_go_remix.mod
6048ec59cd0454b53be728df7ad72545	1	447112	player+volume	uade	Protracker	0	403218	2cfe91e0	188f23ad	R/MusicFiles/Modules/tribaltospace.mod
60515e368be15f2b302f8dff2e0a5519	1	269524	player	uade	Protracker	0	121094	580690a2	3b189be7	R/MusicFiles/Modules/drink_my_pain_away.mod
606fc1242e6b0ddf76940f8287956f15	1	177906	player+silence	uade	Protracker	0	173126	d66df8ea	7d178d63	R/MusicFiles/Modules/broken_joysticks.mod
60883a3229a428159ca589d1a0cdc3e9	1	285157	player	uade	Protracker	0	139086	4e09c7a0	97e2cbd2	A/Leisure/DiskDemos/TSP-RM1.DMS/mod.streetjungle
60b234fd669bf1975bd652033255a6e2	1	154424	player	uade	Protracker	0	270270	873e1b15	37418bc2	R/MusicFiles/Modules/cederroth_overdose.mod
6108622c284420b0efd05d49bb8d3ddf	1	273302	player	uade	Protracker	0	189366	a60dae72	c66d7d2e	A/Leisure/DiskDemos/DDI-F06.DMS/mod.2
61335e844b2f2530aaf9f752b51d8e5a	1	156237	player+silence	uade	Protracker	0	71522	27504618	55ae3b14	R/MusicFiles/Modules/oxygene2.mod
6180e4c98e9eef51943562430affa551	1	138590	player	uade	Soundtracker II (31 instr.)	0	131652	575c89bf	0f8d359f	A/Leisure/DiskDemos/RAF-BT3.DMS/mod.4
61f01cc9364df7c6c0e6ab0a7394c39a	1	96130	player	uade	Protracker	0	37486	94ad6d6f	03063f19	R/MusicFiles/ChipModules/smoke_the_dust_.mod
6233827784441e2dc4880dd2dfdb8e8f	1	153721	player	uade	Protracker compatible	0	138777	255d8d45	59304f7d	A/Leisure/DiskDemos/DDI-F10.DMS/mod.3
6260ad4df3ea4792f90e7397c5aefecb	1	197737	player+silence	uade	Protracker	0	268222	dd965c83	de6151bc	R/MusicFiles/Modules/no_limit.mod
627b58187d3331af7f370b6c3fd16b3a	1	173882	player+silence	uade	Protracker	0	551768	3bdaa80d	e538388d	R/MusicFiles/BigModules/open-ur-mind.mod
62d74f4d91d945ca2d55f8e4024d2f06	1	142267	player	uade	Protracker	0	127146	9848f904	87c0d27d	R/MusicFiles/Modules/det_ska'_nok_gaa.mod
6300f6c27f2d641f8a6152ffa0240973	1	478464	player	uade	Protracker	0	160218	9feffa10	bcd87991	R/MusicFiles/Modules/knulla_kuk.mod
6336a96116d05ec27e35fff84eb9d8b1	1	46216	player	uade	Protracker	0	17550	1dc10eda	b9b02f71	R/MusicFiles/ChipModules/fast.mod
636b4ba07fa78ae91a82bd3169d521ff	1	270210	player+volume	uade	Soundtracker II (31 instr.)	0	219738	8780232f	7836a777	A/Leisure/DiskDemos/HCD-HOLA.DMS/Trip To OutLand
636bfee7f28a850774f6f7b21a2e20a8	1	209322	player	uade	Protracker	0	271352	2f2d390d	6c671f19	R/MusicFiles/Modules/ari-sancrossroad.mod
63824ed59cfc0da3b502a3f2e19c0889	1	46216	player	uade	Protracker	0	54232	f91c13f4	cbecdbbf	A/Leisure/DemoMakers/VTV-ZAP.DMS/VideoTracker/Modules/Mod.Zap.pp
63a55ac196e5aa5fc2e6aa40eef700d5	1	271935	player	uade	Protracker	0	77182	ad37431d	1f88c0d5	R/MusicFiles/Modules/deviation_by_acid.mod
647be8ad81b064933a4785b57a9b34ec	1	42358	player	uade	Protracker	0	49698	baa051ae	30cd39e8	A/Leisure/DiskDemos/MUMU-MU1.DMS/gk/mod.control ur body
64d3092aa793b3caa1f0ebd8e91037d9	1	126835	player	uade	Protracker compatible	0	43160	3baa487d	ae4cfd24	A/Leisure/DemoMakers/FUTUREWRIT12.DMS/mod.jumpjack
64d3092aa793b3caa1f0ebd8e91037d9	1	126835	player	uade	Protracker compatible	0	43160	3baa487d	ae4cfd24	R/MusicFiles/Modules/jumpjack.mod
6519c9785c5bd465f64dd636d1433fe6	1	139541	player+silence	uade	Protracker	0	85162	109c9bed	2b314fc0	A/Leisure/DiskDemos/MUMU-MU1.DMS/gk/mod.no limit
65272342818f1687038932b53e33df49	1	84717	player	uade	OctaMED MMD1	0	261368	f1b6f0ad	1267ebe6	A/Leisure/Games/Klondike20B.DMS/MUSIC.LZH/Default.WINM
657b7263e0c84afa2336fe59919e3775	1	252062	player	uade	Protracker	0	173850	dd67484c	34e40b7f	R/MusicFiles/Modules/mandie.mod
65db4ec92b58aabc6261aa9b6eb839cf	1	208920	player	uade	Protracker	0	319242	52e8364a	bbc52584	R/MusicFiles/Modules/planetgroove.mod
665ef4c210fa48cfdcff4c3f719d0448	1	33738	player	uade	Protracker compatible	0	14226	3dc7b7a9	a48e3bc0	R/MusicFiles/ChipModules/unnamed.mod
66c1f7fbf0e2dd8eb4836497663c07e0	1	250820	player+silence	uade	Protracker	0	146336	99bca2dc	bd79c731	R/MusicFiles/Modules/the_charts_9a.mod
6712743de3b8ca0a76b43187450b741b	1	30824	player	uade	Protracker	0	7278	b07d5dad	73eddbd2	R/MusicFiles/ChipModules/soft.mod
672ac2ed59af3ad1d9be780ddc30b6af	1	379781	player	uade	Protracker	0	46200	94b44148	a0ffa8d0	R/MusicFiles/Modules/stupid_theme.mod
67465b1c946e0c61f4eb112fc3d3c1c9	1	134531	player	uade	Protracker	0	86322	c313cd0e	9f3deee9	A/Leisure/DiskDemos/DDI-F08.DMS/mod.3
67771dedb701511e5176eddc347214d6	1	159890	player	uade	Protracker	0	355818	b34e24d6	1c729fe5	R/MusicFiles/Modules/classix_on_the_friz.mod
67bc7f6bcf1fea092d5e48fb26ccb261	1	189280	player+silence	uade	Protracker	0	190644	87d694b3	43199aa8	A/Leisure/DiskDemos/DDI-F12.DMS/mod.4
67cb5606197988dd24f7a2145e2f62ae	1	299645	player	uade	Protracker	0	151702	1ff186d5	de3122b8	R/MusicFiles/Modules/the_final_frontier.mod
67e8642579bce61ee3c04b1333935349	1	155529	player	uade	Protracker	0	30396	a2871e97	9d9a73a9	R/MusicFiles/ChipModules/cytax.mod
68260b956b7851aadcf56cd2f8f9ce88	1	51320	player	uade	Protracker	0	13934	d88b8737	d26bfab4	R/MusicFiles/ChipModules/wana_banana_05.mod
68e1641ec068add335b1bbcd20c38ec3	1	207493	player	uade	Protracker	0	131620	b8512b72	7538e204	A/Leisure/MultitaskingGames/cheatList303A.DMS/c/mod.alahla.pp
68e1641ec068add335b1bbcd20c38ec3	1	207493	player	uade	Protracker	0	131620	b8512b72	7538e204	R/MusicFiles/Modules/alahla.mod
696e611679d37ca330a54f6cc166a279	1	462228	player	uade	Protracker	0	537216	73c6c66c	99281d42	R/MusicFiles/BigModules/littletoyworld.mod
69a8baf3de110345448f746f5b19c45a	1	165054	player	uade	Protracker	0	118748	175cf55b	e9e2384a	R/MusicFiles/Modules/funeral_reggae.mod
69b22693e3e49d8603bc818a512277c7	1	208457	player	uade	Protracker compatible	0	60492	55b4a6da	76884cc6	R/MusicFiles/Modules/gobbprew.mod
69e6e1020a0b87e82102c2e120facc1b	1	182006	player+silence	uade	Protracker	0	428340	94d72094	e4c0164c	R/MusicFiles/Modules/authority.mod
69fce3376d52b9c5933232d61a44a872	1	96130	player	uade	Protracker	0	142834	823bd875	9fcea0a4	R/MusicFiles/Modules/joes01.mod
6a949e0e3e1895e25aa8a94416ef628a	1	203635	player	uade	Protracker	0	180446	a861dfbb	c79cc37e	R/MusicFiles/Modules/madhouse_jazz.mod
6b3859f7f51942afcc13943fa82727c4	1	246878	player	uade	Protracker	0	221702	c98b7de2	0ab87730	R/MusicFiles/Modules/the_quickening.mod
6c128a11b02209f3e72425f245d87d50	1	257407	player	uade	Protracker	0	122550	45c41891	1e7ccff0	R/MusicFiles/Modules/my_dream.mod
6c45c4cfb8080bd7de9bc21e699523af	1	264882	player+silence	uade	Protracker	0	166178	47714f74	e9e35372	R/MusicFiles/Modules/magnetic_fieldsiiv2.mod
6cda4d8a2cda5d87424bc8c5572bedb1	1	325909	player+silence	uade	Protracker	0	401926	e3b7a935	5a2573cb	R/MusicFiles/Modules/tribaljustice.mod
6ce47503385f9e7e2c4f0be10aceaf28	1	30824	player	uade	Protracker	0	7168	94c139b1	c72279b7	R/MusicFiles/ChipModules/etyu.mod
6d0b811452f87c5fffd180b3697a3d7b	1	143963	player+silence	uade	Protracker	0	20590	7c9e1b8d	cc69618f	R/MusicFiles/ChipModules/oasis.mod
6d6f164d56c289da572af5f4e35ee2a9	1	560790	player	uade	Soundtracker II (31 instr.)	0	163874	1cf02cd2	91be6573	A/Leisure/DiskDemos/HCD-HOLA.DMS/Blue Vibrations
6d8f34a9887aa91811c05fafdc9f696d	1	247641	player	uade	OctaMED MMD1	0	103876	bad7c8d7	9a10e723	A/Leisure/Games/MegaBall30.DMS/MB_Music/Title.tune
6d98b62189d65e01b0ec7a3ff8bd2db5	1	134188	player+silence	uade	Protracker	0	141794	320c16f5	c0ae65e5	R/MusicFiles/Modules/i^d_do_anything....mod
6d9906af14c0f5d9848b39d14d2119c1	1	487828	player	uade	Protracker	0	264978	ecd60cf5	baa96d5c	R/MusicFiles/Modules/advent.mod
6dbc89a90787aac037459b8913bd0715	1	138690	player	uade	Protracker	0	430970	145cd7c3	c152936c	R/MusicFiles/Modules/tornado.mod
6e5212446857b9c71a41a1d52ba67f4b	1	41072	player	uade	Protracker	0	14902	70257019	0c9ed71e	R/MusicFiles/ChipModules/obscene_illusion.mod
6e5d276757bc4b4703bd93f6b96e9b54	1	191346	player+silence	uade	Protracker	0	118996	a7f6e396	1bf07e00	A/Leisure/DemoMakers/RSI-UTILS2.DMS/MUSIC/MUSIC3
6e5d276757bc4b4703bd93f6b96e9b54	1	191346	player+silence	uade	Protracker	0	118996	a7f6e396	1bf07e00	R/MusicFiles/Modules/fantasy.mod
6ecb0804fa96ae3621ceb221053fd4a0	0	188223	player	uade	FutureComposer 1.3	0	26194	3de4ae90	a8270326	A/Leisure/DemoMakers/FUTUREWRIT12.DMS/fcm.flash prod.
6ede543b210e050cfadda7c89637a149	1	452623	player	uade	Protracker	0	129656	92ee5034	10416af6	A/LegalTools/LSDlt056.DMS/modules/mod.gregorian3.pp
6f1356caedef253af22e2a7fe75bd35e	1	92272	player	uade	Protracker	0	15812	94130bca	5bfafa28	R/MusicFiles/ChipModules/drumbrains....mod
6f1c3226e61d5331c29b5350f62a9f39	1	139434	player	st3play	Scream Tracker 3.00 (SB)	16	120474	183eb81e	7dd4e0cc	R/MusicFiles/ScreamTracker/A_Touch_of_Spring.S3M
6f2f29fa99b1c56f8bb823a24fce221b	1	227100	player+silence	uade	Protracker	0	303744	dfcee3b0	63320de1	R/MusicFiles/Modules/anestesia.mod
6f882703979b5f49dd62c5d4ec5d7737	1	184445	player	uade	Protracker compatible	0	11216	e39ab758	b1ada46a	R/MusicFiles/ChipModules/logos_-_part_i.mod
6fcb959bd6b8a406a0227305b6513009	1	105862	player+silence	uade	Protracker	0	202674	71f72ba1	493bed57	R/MusicFiles/Modules/let's_get_wet...mod
6fe1751601b3a16057fcd1199d66a44c	1	3958	player	uade	Protracker	0	74280	5b355656	845662dc	R/MusicFiles/Modules/lowranger.pp.mod
7015041dfc60bb182a34b4b1d3f098ec	1	398509	player	uade	Protracker	0	831328	b476f374	08e30717	R/MusicFiles/BigModules/dont_be_proud.mod
701bb218e3f2ddf9156ccc5b44ee63f6	1	228351	player	uade	Protracker	0	315806	c0fc6d3d	c3819abe	R/MusicFiles/Modules/love_sucks.mod
703caa1ef0b334686ca3b40d1058e090	1	162728	player+silence	uade	Protracker	0	99768	a710ca0b	f496dca3	R/MusicFiles/Modules/dont_you_want_me.mod
70492a95ff7371ab805db2f1d74aa6eb	1	354683	player	uade	Protracker compatible	0	343770	8b28e70b	ecdae785	R/MusicFiles/Modules/scorpion.mod.mod
70ac99069d737e92ced3d8e462d78092	1	323035	player	uade	Protracker	0	153500	c4aea1be	9362d6c3	R/MusicFiles/Modules/helmet_shake.mod
70c70a71122e9cfc045f6a034865abbc	1	251198	player	uade	Protracker	0	91542	dab4d4c8	386cf4dc	A/Leisure/DiskDemos/ASC-CELL.DMS/mod.cell02
7149e5abd3fd22743014193eadc1d69c	1	191438	player	uade	Protracker	0	230460	6d433488	c8833d8d	A/Leisure/DiskDemos/DDI-F14.DMS/mod.5
71569f40fa3b97b11b70e6f1cfdd072f	0	123097	player	libxmp	MED 2.00 MED3	4	124164	b3a922c9	dd2b9d82	A/Leisure/Assassins/ASI-174G.DMS/Kasejagd/m2
71c7c27a1f722a8860cc51a03bae74c3	1	200621	player	st3play	Scream Tracker 3.01 (SB)	16	182945	bad0ef7f	e4c9aeda	R/MusicFiles/ScreamTracker/Quest.S3M
72410c8c5e4d64da4441f53b76622357	1	251720	player	uade	OctaMED MMD0	0	59330	96096771	508c3a51	A/Leisure/Games/MegaBall30.DMS/MB_Music/MBmus09
72cade9d022b1bff4dab4c4c19f0e55b	1	30824	player	uade	Protracker	0	4264	58d6baa5	43fc2320	R/MusicFiles/ChipModules/nightowl.mod
7311de6168c458ff8b028cefc4f1eb8a	1	181732	player	uade	Protracker compatible	0	66064	a65204ce	5db2bf96	R/MusicFiles/Modules/fugue_in_g-moll.mod
737c130037af679eaac8a38dc1220ff0	0	92292	player	uade	Amos Music Bank	0	29660	10bf6cc9	cdfd74d8	A/Leisure/Games/ShootEmBaddies.DMS/Digital Ninja-Music/Dinky Guns.Music
73ae606c840e00224a1ae33c68c78a44	1	250997	player	uade	Protracker	0	99304	20d68440	59657c99	R/MusicFiles/Modules/endless_worry.mod
73bca9f9b572de7be5f396809eb734bf	1	76920	player	uade	Protracker	0	215592	11efa155	d99ebd36	A/Leisure/DiskDemos/DDI-F17.DMS/mod.3
740dd01bbef5558fe880d3138ca74cbc	1	129678	player+volume	uade	Protracker	0	227916	9f685702	2003500c	R/MusicFiles/Modules/snowweird0-remix.mod
741ffa1c326cab7087c4a874598e7a53	1	409481	player	uade	Protracker	0	105328	0f0f401f	db6d3847	R/MusicFiles/Modules/grasshopper.mod
743a8ab9dde8ccc7579ea21713c3a260	1	137766	player	uade	Protracker	0	43236	7f28fe12	0b0050b5	R/MusicFiles/Modules/keltaiset_sivut.ha.mod
7469aefbb8fe5fe4dff99220a64f36af	1	155569	player	uade	Protracker	0	152946	022b9dfd	0e04196d	A/Leisure/DiskDemos/DDI-F02.DMS/mod.1
74e29e5c3a3cf034b7a9df2a85f8de57	1	345721	player	uade	Soundtracker II (31 instr.)	0	302610	41cea1e1	76fb60fb	A/Leisure/DiskDemos/HCD-HOLB.DMS/Popin' Up
74e7d0c40e0eae376e783c738d9bc56b	1	138369	player	uade	Protracker	0	15410	b4036794	6f0cac6b	R/MusicFiles/ChipModules/super_mario_land.mod
7545286dc3e8816c5f1bddd35f0cb216	1	198169	player	uade	Protracker	0	199192	549237dd	f35e50ee	R/MusicFiles/Modules/kirchhof's_revenge.mod
75510095c1cec1c94c75b3f2fef35a64	1	172931	player	uade	Protracker	0	251968	774d0cea	5dcf73fc	R/MusicFiles/Modules/soft_'n_heavy.mod
75965bfa9d2f985a0998f243650058b8	1	138992	player+silence	uade	Protracker	0	19848	3dbbbf08	aa98fcdf	R/MusicFiles/ChipModules/peasea.mod
75bee1eebb5984466fd30d7fddc01ca9	1	147717	player+silence	uade	Protracker	0	100660	c7a378b8	70735413	R/MusicFiles/Modules/dimples_rag.mod
75f3fdb30e20375c8ce5311e472fe5d9	0	158585	player+silence	uade	SIDMon 1.0	0	26230	9638e0ce	036f1a11	A/LegalTools/LSDlt038.DMS/rsi
76e0b7046b91860c7dbab7561bc89497	1	247660	player+silence	uade	Protracker	0	191134	547907ec	a6996dd9	A/Leisure/DiskDemos/DDI-F12.DMS/mod.1
7708cec5b14f4641a962a67774d01fa8	1	122997	player	uade	Protracker	0	124090	92311e29	2049264b	R/MusicFiles/Modules/oberheim_power.mod
77800d99edde22f3639859b08e3f27b4	1	201097	player+silence	uade	Protracker	0	231226	0b61a61d	18db0a49	R/MusicFiles/Modules/indomptable.mod
779f031f51302e2281cf61f6397fd2d6	1	194579	player+silence	uade	Protracker	0	50560	c9450408	aafb31f5	R/MusicFiles/Modules/popcorn.mod
77c521a482931ee800e71c3275f810e1	1	298172	player+silence	uade	Noisetracker 1.x	0	93458	34836269	bf7a30ce	R/MusicFiles/Modules/lets_hear_my_baby.mod
77fe92b72848f31cfb95e0a0f54fb118	1	130693	player	uade	Protracker	0	65822	1d7e52b3	7eb90da5	R/MusicFiles/Modules/re-call.mod
77feb726f3aa865224731505c081d53e	1	191095	player+silence	st3play	Scream Tracker 3.01 (GUS)	16	383509	a5d05913	1b6a2b86	R/MusicFiles/ScreamTracker/I_am_in_considerable_pain.S3M
782fba4eb3ba356a8a089712a89ddfa8	1	324375	player+silence	uade	Protracker	0	580062	5f655f2b	012819d5	R/MusicFiles/BigModules/power_of_american.mod
78470514b521472f96f0e0efb588f7c0	1	368770	player	uade	Protracker compatible	0	208576	8f1b649c	4ef491df	R/MusicFiles/Modules/dancing_flames....mod
78785fc04e0d13ee3110e40339797c30	1	62533	player	uade	Protracker	0	19886	8989a52a	0c6b2ba2	R/MusicFiles/ChipModules/pip_6.2.mod
7893b12eced051f0fb353cf176f98fad	1	132417	player+silence	uade	Protracker	0	213378	0d4ad478	1316b872	R/MusicFiles/Modules/live_power_3.mod
78b2db707192ef05bbb053792410deda	1	180869	player+silence	uade	OctaMED MMD0	0	261482	d5ddf81e	472144e0	A/Leisure/Games/StarWoidsB.DMS/data2/m02
78d9eed9a74efb12c3d332fad0585359	1	322332	player+volume	uade	Protracker	0	234694	3394f538	347610d0	R/MusicFiles/Modules/acid_flashback.mod
7933eaf86b08bd0d1feb9bdc50fe9e84	1	58836	player	st3play	Scream Tracker 3.01 (SB)	8	45702	c7dc9b73	1d6d8358	R/MusicFiles/ScreamTracker/Kasarmi_Polkka.S3M
797404c2293e7949c53754bcd2b58fac	1	177231	player	uade	Protracker	0	90096	b6a84881	ab01b6f4	R/MusicFiles/Modules/disco_pigon.mod
79f128ec53bfd7fd89f138b251198aec	1	138593	player	ft2play	Fasttracker (M.K.)	4	306974	a26e93fe	f4611f03	R/MusicFiles/Modules/sp_pt315.mod
7aad4d364d77a5a515b5bb16c447cc6c	1	172931	player	uade	Protracker	0	282912	0672fab3	125f313b	A/Leisure/DiskDemos/ddi-f11.DMS/mod.1
7acecfdd68b374a225971267c2b6d3b7	1	263121	silence	uade	Protracker	0	205980	bca6d91c	1f15046e	R/MusicFiles/Modules/eclipse.mod
7ae0ed25e0eccf1344d2de26e7f16c95	1	149472	player+silence	uade	Protracker	0	60714	6af7f07b	c4e92c2d	R/MusicFiles/Modules/5.mod
7b06143d7a99f323969c9ecb32f8e13c	1	167244	player	uade	Protracker	0	308666	1ff941cf	5bce159a	R/MusicFiles/Modules/millennium.mod
7b94df134643a62f172df33e31c65d8f	1	283630	player	uade	Protracker	0	132618	b9417924	40d29316	A/Audio/ModuleManipulation/prucon10.lha/Comms/lzh/MOD.INTERFERENCE
7beea39aae0ea257dc6953452c2a7c93	1	257065	player	uade	Protracker	0	296148	348f81ad	750595bb	R/MusicFiles/Modules/nothing_for_love.mod
7ca6e79be6599e7c42ab8648537d6606	1	182315	player	uade	Protracker	0	604676	ba09b36b	49bbd274	R/MusicFiles/BigModules/whats_up-dancemigs.mod
7d39b988eb0a9d2a8ef6b145e6d86a54	1	26202	player	uade	Protracker	0	11804	483e5e3d	708301b2	R/MusicFiles/ChipModules/orleans.mod
7d521bcf1cc3b7bd5d0abf39efd08797	1	111402	player	st3play	Scream Tracker 3.00 (SB)	5	90544	2f3f143c	8760360a	R/MusicFiles/ScreamTracker/IntroMusic_II.S3M
7d82edee16a6c7b70264f2461e85f56a	1	292277	player+silence	uade	Protracker	0	238716	db66cbc8	c7825e95	R/MusicFiles/Modules/guru-meditation.mod
7d9d6960509e144d8bd5ca29af27d754	1	30824	player	uade	Protracker	0	6550	3a94f8be	e62c9349	A/Leisure/DiskDemos/MUMU-MU1.DMS/gk/mod.zimzon
7e673a32022782cabb5f6b5232fb1cc9	1	30824	player	uade	Protracker	0	62654	9664012c	b58422a3	A/Leisure/Games/DGALAGA23.DMS/GALAGA.JINGLE1
7e9ac0bd17b2ae4f7ed8dec47d9de56d	1	321043	player+silence	uade	Protracker	0	182066	2f4c0f71	370ed2c0	A/Leisure/DiskDemos/DDI-F06.DMS/MOD.1
7edca0cf2fa3fc27f42b49a1900a5b12	1	199797	player	uade	Protracker	0	140508	93ac72ab	64749b88	R/MusicFiles/Modules/decided_mood.mod
7f343c0b21f2372574eb927e2df39723	1	144564	player+silence	uade	Protracker	0	961118	b2b44cf0	39fc6d8f	R/MusicFiles/BigModules/quiet_evening_-lzd.mod
7f41c99d93370062218b09e525573421	1	290000	player	uade	Protracker	0	253680	122505c7	3979a543	R/MusicFiles/Modules/revolution.mod
7f8cc0423b930e2081f2dd3976236df6	1	286865	player	uade	Protracker	0	161764	3ac4eee0	638acce7	A/Leisure/DiskDemos/DDI-F16.DMS/mod.2
8067af15e79a8431c6517c4c44592a1a	1	176769	player	uade	Soundtracker II (31 instr.)	0	78764	dec79b39	4e80b218	R/MusicFiles/Modules/fyc.mod
80ae62d6834eb7bc20271a6dcac2b11d	1	101315	player	uade	Protracker	0	54596	f6989434	29c2dc28	R/MusicFiles/Modules/s-kummelsuppe.mod
810688ec555aaeb06d91e1eff48af4d5	1	222845	player	uade	Protracker	0	201038	e60737f9	6a1e2115	A/Leisure/DiskDemos/MLW-CR.DMS/mod.back-on-track
811f8d208b649898e8bcb66569ca0e6a	1	269343	player	uade	Protracker	0	197854	520ba60b	2070c623	R/MusicFiles/Modules/nagual_dance2.mod
8147ecad1e404eda6d3813cf7cdf0604	1	193568	player	uade	Protracker compatible	0	425742	fe47ca8b	ee2f5469	R/MusicFiles/Modules/rian-s_kraftwerk_mix.mod
816df303475e46455ab1cca3c156360e	1	138369	player	uade	Protracker compatible	0	126436	6625c504	b3c442d7	A/Leisure/DiskDemos/RAF-BT3.DMS/mod.1
819288cbc273c5836ea312280f44c231	1	107645	player	uade	Protracker compatible	0	121736	b6b64cc9	64849bc4	A/Leisure/DemoMakers/FUTUREWRIT12.DMS/mod.darklight
819756005d24b8817740c5206d80cd8b	1	97417	player	uade	Protracker compatible	0	55816	53915957	b0592218	A/Leisure/DiskDemos/TSP-RM1.DMS/mod.rebels&india
819756005d24b8817740c5206d80cd8b	2	130693	player
81eee44d8635c27b4bce6493489c432b	1	134531	player	uade	Protracker	0	145652	b77ee403	ba2aad47	R/MusicFiles/Modules/terminal_fuckup.mod
820b7c9824d2c1ff40c77c6f6d327363	1	165878	player	uade	Protracker	0	93602	756ac568	172494e8	R/MusicFiles/Modules/crack_the_eggshell.mod
822eb81f1a665482b5ffef38396cdff6	1	194412	player	uade	Protracker	0	191966	59291600	bef3c2d8	A/Leisure/DiskDemos/DDI-F16.DMS/mod.4
82495fec4b2f007d98fb211db7e5d98b	1	273804	player+silence	uade	Protracker	0	128440	9044d2dd	1fddfdb9	R/MusicFiles/Modules/pd-remix.mod
82577d45b55e519ef412a3289a642366	1	121088	player	uade	Protracker	0	93570	face2d07	ae373df0	R/MusicFiles/Modules/shadow1.dbl.mod
829b9d2e93466a6f012503abb167a137	1	141845	player	st3play	Scream Tracker 3.01 (GUS)	4	415082	9628d64f	5314f663	R/MusicFiles/ScreamTracker/Jungle_Mist.S3M
830c47249304fb9385f69c50173b7c65	1	326531	player	uade	Protracker compatible	0	115088	ed341c72	ec08854e	R/MusicFiles/Modules/crazytrain.mod.mod
8351ee53754ff060b4997400cabe862a	0	15492	player	uade	Amos Music Bank	0	30228	9756a296	b6a6379d	A/Leisure/Games/MooseDrive.DMS/First.Mus
8367db6672c5b12cf8c19ba073ef3ef0	1	220836	player+silence	st3play	Scream Tracker 3.01 (SB)	12	440376	f9ecd33e	713ba4d1	R/MusicFiles/ScreamTracker/That's_What_Friends_R_4.S3M
8457f59a9d14e56b3762e6b9238d5c45	1	253569	player	uade	Noisetracker 1.x	0	112590	107e6675	913b5942	R/MusicFiles/Modules/aurora.mod
848daa6d59a9976b61569286389329b5	1	453246	player	uade	Protracker compatible	0	143136	40403801	2d62d572	R/MusicFiles/Modules/madness_took_me.mod
84f15a29d7207ac7c2b3815b276ea5d5	1	324442	player	uade	Protracker	0	570562	229143eb	4a374d87	R/MusicFiles/BigModules/jungle_bells_c'93.mod
851d82b44d92fc2ca69c3a034e9b5c43	1	238344	player	ft2play	Fasttracker (M.K.)	4	185383	aba0d941	dfe7964f	R/MusicFiles/Modules/modern_overture.mod
854b74865c5e49bde5aafc4459afad73	1	245809	player+silence	uade	Protracker	0	306528	1e0736d4	42134073	A/Leisure/DiskDemos/JB-MEL1.DMS/Modules/Mellow Mix II
85560fe2995446f4b7d7cfa60d729aac	1	185610	player	uade	Protracker	0	181886	4d0a9528	51b29e8d	R/MusicFiles/Modules/max_dream_xtc.mod
8572247b002ea08ede4e4a8cb6749269	1	152225	player+silence	uade	Protracker	0	93042	e50cf335	e48cef1f	R/MusicFiles/Modules/raw_life.mod
864a5edde4536fb8b9de26f6c6168c71	1	213240	player	uade	Protracker	0	142242	ce8397e9	48ed4890	R/MusicFiles/Modules/brain_specialist.mod
864b196e413aba1d68f132586e8b833e	1	105715	player	uade	Protracker compatible	0	100597	fb75c164	5d033b6c	R/MusicFiles/Modules/wanna_hold_your_hand.mod
869149bfe69d66131cfae81e3315c044	1	158504	player+silence	uade	Protracker compatible	0	120072	8409775e	3d1934ee	R/MusicFiles/Modules/mod.hiphouse.mod
86eacf6e82752f637454108d5f0ab03e	1	61568	player	uade	Protracker	0	9318	0bcc1dee	ae1266c1	R/MusicFiles/ChipModules/shot.mod
86efc504f3ff14f0279465e7643b0ee7	1	107645	player	uade	Protracker	0	39220	1c151db6	eadd4d91	A/Leisure/DiskDemos/MUMU-MU1.DMS/gk/mod.another day of rain
86f5ef93844f5ae5219199dcc1cb8007	1	249731	player	uade	Protracker	0	198780	eb890bd8	91d3d65a	A/Leisure/DiskDemos/DDI-F18.DMS/mod.5
87e9b9ee35c84f14fb5cbc61cef240d5	1	469668	player+volume	uade	Protracker	0	404556	60a4e2bc	d167bf73	A/Leisure/DiskDemos/UTD-RS2.DMS/mod.RaveOlympiamegamix
88082d878ef73317d3724ad32723c8bb	1	62533	player	uade	Protracker	0	54340	c1fe4fb0	1f9d9e1b	R/MusicFiles/Modules/flik_flak_tune_01.mod
88312d4ce6dcb224f8a5ba8498fdbbde	1	631993	player+silence	uade	Noisetracker 1.x	0	116076	bf5821f5	07805fad	R/MusicFiles/Modules/axel_f..mod
883702c2fcf464765ff6ee138caf9cb8	1	131677	player	uade	Protracker	0	208832	64c2b357	658593a1	A/Leisure/DiskDemos/DDI-F14.DMS/mod.7
885315af4a5cd1885e2c2349a273af59	1	355686	player+silence	uade	Protracker	0	180968	20017ed2	ba9235ff	R/MusicFiles/Modules/zapping_generation.mod
8869587cc1d555ddfc18af52833c9ab2	1	217741	player	uade	Protracker	0	200808	ce7106fe	25652315	R/MusicFiles/Modules/out_of_space_uraniu.mod
892c423dfd69d348e4dfaa7321aa2ce2	1	197084	player	uade	Protracker compatible	0	214266	5a4252d0	4ce1cbd1	A/Leisure/Assassins/ASI-161G.DMS/strange is my name
8981aa1cb4c5e7a5c83bbd45bb23b89e	1	216376	player+silence	uade	Protracker compatible	0	321924	b6c107dc	6373ec67	R/MusicFiles/Modules/sound_o'da_lunatic.mod
8a27e3cc5641ecf669c00037d76be053	1	145080	player	uade	Protracker	0	93470	bc95d0d5	cf315547	A/Leisure/DiskDemos/LSD-bigs.DMS/mod.time to try!!!.pp
8a69a3b4c1bebde17326c835af345c1c	1	144218	player+silence	uade	Protracker	0	154340	02e72f7e	a52e67a1	R/MusicFiles/Modules/eternity.mod
8ad231d82d8003650b65e2429d3e5769	1	18044	player	uade	Protracker	0	7404	bd0b1f11	9273a927	R/MusicFiles/ChipModules/en_ekorrehidden.mod
8adfa25a7f042b1df58f0be4b81cc06a	1	172629	player	uade	Protracker	0	264792	63f777c9	003f195a	R/MusicFiles/Modules/illegal_tendencies.mod
8aef6e9a2d5f54fbf54133349558c8e0	1	75072	player	uade	Protracker compatible	0	69145	fc76b5b6	b939927b	A/Leisure/DiskDemos/DDI-F10.DMS/mod.5
8b0cf605fabe0f828005853753b34b91	1	404919	player	uade	Protracker	0	179008	a9b6ece7	e087f4e0	R/MusicFiles/Modules/this_is_thrash.mod
8b7255dab4c2e5865bcca1b5d0831f12	1	207493	player	uade	Startrekker (4ch)	0	93938	e471e32b	2321e548	A/Leisure/DiskDemos/DDI-F15.DMS/mod.3
8bbfb904b6fc1f408405936d4dfb1389	0	0	nosound	libxmp	MED 2.00 MED3	4	1424	4f91d0d7	12cad931	A/Leisure/Assassins/ASI-174G.DMS/Kasejagd/m1
8c81f911a278bc03cb677f1ecaa2f728	1	219831	player	uade	Protracker	0	93972	140a9318	55b3772e	A/Leisure/DiskDemos/ASC-CELL.DMS/mod.cell00
8cba22055672a63568bf2003567d90a8	1	168490	player	uade	Protracker	0	106274	d354df96	7f22c79f	R/MusicFiles/Modules/the.sideshow.mod
8d4353e5b5a4e2e6757627fc33e6bb5b	1	230541	player	uade	Protracker	0	175276	c331f4cc	cc13769d	R/MusicFiles/Modules/spacious.mod
8d68f0c5c199bcb3825e3f66779d5e21	1	347932	player	st3play	Scream Tracker 3.00 (SB)	9	241088	7152d84d	9b3020ad	R/MusicFiles/ScreamTracker/Global_Motion_vol.1.S3M
8dac9f348f9039076f8e860b9ece9cca	1	233374	player	uade	Protracker	0	110828	29b8f8d8	f18c72e8	R/MusicFiles/Modules/drain_your_brain.mod
8e18ab7988999ef3fbb1d8aeb3033a62	1	70490	player	st3play	Scream Tracker 3.01 (SB)	8	120344	6b72d41b	7a11547e	R/MusicFiles/ScreamTracker/Dreaming_water_snail.S3M
8e2bb147263b1eb3ad78ba9eb587f127	1	51320	player	uade	Protracker	0	302300	3758c094	cd50a18a	R/MusicFiles/Modules/anarchy_for_the_uk4.mod
8eb87500982916094f9057e1deae5fc5	1	148315	player	uade	Protracker	0	83634	04dd2514	1144dbd3	A/Leisure/DiskDemos/LSD-bigs.DMS/mod.military.pp
8f52c89d5a1a31c58249b0ffdebc3b7f	1	153721	player	uade	Protracker	0	183874	e86c71f7	879a3efc	R/MusicFiles/Modules/somekraft-diablo.mod
8f57896d211df0496252e8fcdad0b791	1	15472	player	uade	Protracker	0	7424	faaa587c	b9dd6726	R/MusicFiles/ChipModules/kukko.mod
8f8ba9b958a2453c95c621cefaafb7ca	1	18506	player	uade	Protracker	0	18160	81b436af	b6a9f000	R/MusicFiles/ChipModules/_economy_5_.mod
8faff01d9339b8de48866390de7afd4f	1	82205	player	uade	Protracker	0	124866	facaee8a	8efb2967	R/MusicFiles/Modules/upstream6_intro.mod
90347a5703f6f2c277dfc9fbe6bab8e8	1	130693	player	uade	Protracker	0	16728	fcf5a2c7	942efd15	R/MusicFiles/ChipModules/digital_bass-line.mod
90449819879297f97172b766c191cc41	1	233796	player	uade	Protracker	0	112056	b7dc5cc3	3ea2d0d3	R/MusicFiles/Modules/pebbles.mod
906db018c6f5a4d3c0df2e43f90bdb3f	1	200869	player+silence	uade	Protracker	0	155310	a23078e0	93b3203e	A/Leisure/DiskDemos/DDI-F08.DMS/mod.5
90b476278b38a484d9474b20dcbb9530	1	30764	player	st3play	Scream Tracker 3.01 (GUS)	4	40682	652ee242	9aafa386	R/MusicFiles/ScreamTracker/PanSelect_Music.S3M
9118c4a7affbe56610c5e5a4069513d9	1	305131	player	uade	Protracker	0	129420	af3bc0cb	214d908a	A/Leisure/DiskDemos/DDI-F01.DMS/mod.4
921722bfdd34895c5b183e689fdc91b5	1	236087	player	uade	Protracker	0	244319	1bac7150	1426a5e9	R/MusicFiles/Modules/ravegeneratoriii.mod
923fef2ea67b0c4578ca7094f66e7062	1	245893	player	uade	Noisetracker 1.x	0	64318	64fff327	f17c6db5	A/Leisure/DemoMakers/RSI-HELP&UTIL.DMS/S-Tracker-mods/mod.steelmusic
923fef2ea67b0c4578ca7094f66e7062	1	245893	player	uade	Noisetracker 1.x	0	64318	64fff327	f17c6db5	R/MusicFiles/Modules/steelmusic.mod
9258cd840442bcf8eaa4676dc3162451	1	322693	player	uade	Protracker	0	351546	0516e8a3	b5c68434	R/MusicFiles/Modules/das_boot_tremors.mod
927668f9c1d48fa9171dc6d4abf45f0f	1	203635	player	uade	Soundtracker II (31 instr.)	0	79872	42ec6b0d	f390422f	R/MusicFiles/Modules/approach.mod
928236df69cf37e26a8f395d6674d799	0	314411	player	libopenmpt	Ultimate Soundtracker 1.0-1.21	4	77068	d0884242	51d12ac7	A/LegalTools/LSDlt074.DMS/mod.SpaceConsert
9288bbf1babd6d3c44c5d693aba8a45b	0	172911	player	uade	FutureComposer 1.3	0	16522	95050373	3c04d7b8	A/Leisure/DemoMakers/FUTUREWRIT12.DMS/fcm.arcane
930bc96b90d7add6146708503cf8a47a	0	61548	player	uade	Amos Music Bank	0	14626	75dbf760	63ccb28d	A/Leisure/Assassins/ASI-BTS01.DMS/Style/Music.Abk
933378f3f4409b76931ff673ad0e5c3e	1	593014	player+silence	uade	Protracker compatible	0	201656	9616e5d8	43c46906	R/MusicFiles/Modules/hysteresis.mod
937ad9e7a325e2956ed19a76d90bb7d3	1	236721	player+silence	uade	Startrekker (4ch)	0	100038	296a4e3f	28a9bf7c	A/Leisure/DiskDemos/DDI-F15.DMS/mod.5
94253cc87506054230ecc17eeeb030b6	1	312418	player+silence	st3play	Scream Tracker 3.01 (GUS)	16	355724	0aec5f3c	51edd3c2	R/MusicFiles/ScreamTracker/STAR_BRIGADE_by_Soundwave.S3M
94684313308ec78c7fc4786e92f8bbbb	0	115321	player	uade	Amos Music Bank	0	84626	97bdd736	c93a6172	A/Leisure/Games/MegaBlock2.DMS/Gamemusic
946c42a6f7d0c3a966ac1c4c511111e4	1	30824	player	uade	Protracker	0	32774	79b3d6e5	a023a866	A/Leisure/DiskDemos/MUMU-MU1.DMS/ms/mod.snigelgroove
956af30fea2e581c742bec42eb9e5973	1	126071	player	uade	Protracker	0	162094	b8045b5d	622b218e	R/MusicFiles/Modules/lemon'e_trippies.mod
95888017165e21527bdb470e34033df6	1	193889	player	uade	Protracker	0	393648	4bf461fb	51a1f419	R/MusicFiles/Modules/jasmine.mod
959730e9d67825409fe9892a03060220	1	98368	player+silence	uade	Protracker	0	306148	9018d8ce	84e7e2fb	R/MusicFiles/Modules/project_olavi.jol.mod
964a42bfd30a2d6388d21f05898cc943	1	235471	player+silence	uade	Protracker	0	124156	878bd5c5	d7d56667	R/MusicFiles/Modules/melancholy.mod
9671039aa68769fd1f9959ea2d7bb9c8	1	184977	player+silence	uade	Protracker	0	291864	cae2c61a	be4d8699	A/Leisure/DiskDemos/DDI-F03.DMS/mod.3
96b77e5a99e94d459b88bc346257dc1c	1	129125	player	uade	Protracker	0	160966	674a412a	d1b60bda	R/MusicFiles/Modules/ecstacy-tg'94.mod
97574351b33bd78a92f8c358e7cbef68	1	116185	player	uade	Protracker	0	102442	186695ce	5e3d43c1	R/MusicFiles/Modules/dippnentowich_2.05.mod
9795d5f3be5a6f8fb7228920d6b8893f	1	112063	player+silence	uade	Protracker	0	68438	84686940	290cbf85	R/MusicFiles/Modules/rent_day.mod
97d268680b1ac7c45bee19c2123b6ccd	1	80115	player	uade	Protracker	0	119138	a14b48ea	73c76692	R/MusicFiles/Modules/teddy_bear_boogie.mod
97d7319f1b2547b643de463f66446410	1	122575	player	uade	Protracker	0	156058	1ce6cb08	f42178be	R/MusicFiles/Modules/tech-metal.mod
97e797c720b3d7ca7392b9ea694a93b6	1	172951	player	uade	Protracker	0	189846	3c6f53ff	9bd06eb1	A/Leisure/DiskDemos/OLD-TD5.DMS/mod.mix03
97fe221205d524ab026c6492c1e2bd78	1	264466	player+silence	st3play	Scream Tracker 3.01 (GUS)	8	334430	95dd90ca	69a07bb4	R/MusicFiles/ScreamTracker/Temporal_Disturbance.S3M
982212de10a5ad114385b1292d8a2204	1	61568	player	uade	Noisetracker 1.x	0	12444	4fa4772d	da09c8f1	R/MusicFiles/ChipModules/dosongdeluxe2.mod
98416d40274ec0915dbda60ac6d2891d	1	189066	player	uade	OctaMED MMD1	0	142002	0411ba17	365d97fe	A/Leisure/DiskDemos/LFR-PAND.DMS/TORMENTURE
986b0d25a759ee4fee81adc7a7efa173	1	210374	player+silence	uade	Protracker	0	367502	f31b09cc	62499aff	R/MusicFiles/Modules/tribeofman.mod
98f67df7eeadb91e3da6ccc54620f6d6	1	298098	player	uade	OctaMED MMD1	0	144918	1afeb3d6	e131f563	A/Leisure/DemoMakers/VTV-TRACKDOWN.DMS/VideoTracker/modules/mod.TRACKDOWN
98fc7230ef8d34b2747b9b80bc0fd1a7	1	406647	player	uade	Protracker	0	724738	3f58e471	0985de82	R/MusicFiles/BigModules/akashafantasy.mod
9920022a89362237fd471c32caa4e933	1	353498	player	uade	Protracker	0	151950	5f8e1768	6634367d	R/MusicFiles/Modules/ai_oboeteimasuka.mod
9964104d201c39a72155819f929fb1df	1	84616	player	uade	Protracker	0	73442	656b8ff3	b510f340	A/Leisure/DiskDemos/MUMU-MU1.DMS/ms/mod.gate to heaven
99b80259036ba5e48492ac8db755b523	1	280385	player+silence	uade	Protracker	0	69998	72f9e320	6002410a	A/Leisure/DiskDemos/DDI-F01.DMS/mod.6
9a88d58be4273cee82a57215009b75a5	1	107645	player	uade	Protracker	0	281230	79c8de9e	503fbf30	R/MusicFiles/Modules/u4ia.mod
9b084466b4ee5e519ca28865ad25b12a	1	249731	player	uade	Protracker	0	95342	dc13e1bc	b520d92d	R/MusicFiles/Modules/mellow_roll.g-vine.mod
9b1df03dbd4220a2aaae4399924a002f	1	62533	player	uade	Protracker	0	125276	df1751b3	3a2a155a	A/Programming/Assembly/Ntro3.lha/mod.muzik_2_go_def_by!
9b1df03dbd4220a2aaae4399924a002f	2	76920	player
9b83e83791864910116d9b9d66cb87ec	1	318815	player	uade	Protracker	0	233322	4ef05240	e2a42cc9	R/MusicFiles/Modules/go-pher-it.mod
9bd864eecc2ce9b87645bfd06e18be51	1	491927	player	uade	Protracker	0	403450	0f916b15	004aab12	R/MusicFiles/Modules/alacazabra.mod
9c090223452f8b8d2f015c0366503278	1	116124	player	uade	Protracker	0	36432	2e039421	2e7a7e88	A/Leisure/Assassins/ASI-144G.DMS/mod.brainintro
9c332aa0cdf46a7c384ef7a160137254	1	345581	player	uade	Protracker	0	424538	81a1c7fb	036796b6	R/MusicFiles/Modules/pulse81994.mod
9c4b3a1cc49e22975d6ac605c383f193	1	112769	player	uade	Protracker	0	51032	f2d48011	84e556a4	R/MusicFiles/Modules/pastel_news.mod
9c4d7e94a462f95ec0dc5cba32f7c1e1	1	138007	player	st3play	Scream Tracker 3.00 (GUS)	16	221406	4182bc68	6f1e7465	R/MusicFiles/ScreamTracker/Exploration.S3M
9c4e9926b980ce170e4ed9b4998a5a6a	1	138369	player	uade	Protracker compatible	0	52884	c52a884e	2d31dc21	A/Leisure/DiskDemos/DDI-F10.DMS/mod.1
9cc41993cbee6da40fbcd5148be23fcf	1	96130	player	uade	Protracker	0	40860	c59a97e6	9b81eb62	R/MusicFiles/Modules/techno.mod
9d0545d26d34220b1e4841aa05859ca2	1	230541	player	uade	Noisetracker 1.x	0	243176	97838bf6	31d0bd76	R/MusicFiles/Modules/mod.unferdig.mod
9d0d76c57bccaa8f6c0b5fbd35f11d4c	0	138369	player	uade	Amos Music Bank	0	83028	323ee7c2	f99adfe5	A/Leisure/Games/MegaBlock2.DMS/Firemusic
9d218a700cca79799a6d61d8b68315da	1	375180	player	uade	Protracker compatible	0	364018	a42df1db	411ee29f	A/Leisure/DiskDemos/UTD-RS1.DMS/mod.GO!94'CLUB.vs.HC-M!X
9d475a6659be2b10ad3d50643c731b9a	1	163547	player	uade	Protracker	0	240242	0f7036da	6002ddab	R/MusicFiles/Modules/testlast.mod
9d8d9f74610095da2805bc67eb43707d	0	161417	player	uade	Amos Music Bank	0	43168	b4b0c523	bfb87b51	A/Leisure/Assassins/ASI-154G.DMS/music/tune6.ABK
9de60acda711db8389ba24d4a7a7488d	0	30844	player	uade	Amos Music Bank	0	21386	43e29f88	818aa5f5	A/Leisure/Assassins/ASI-178G.DMS/Tune2.ABK
9debde7d41193576f1a6712528642b6f	1	61568	player	uade	Protracker	0	18000	01ef2bd1	8af14111	R/MusicFiles/ChipModules/mad_donkey.mod
9e2af729211f2b1efc3feb64298d0f53	1	306075	player	uade	Protracker	0	186796	8faf72f4	acb435db	A/Leisure/DiskDemos/DDI-F12.DMS/mod.3
9e50d0191164aa51e2095383550b4e50	1	107323	player	st3play	Scream Tracker 3.00 (SB)	5	97332	8903009d	dca80670	R/MusicFiles/ScreamTracker/Party_1992_Intromusic.S3M
9e962e82d8cffade4522840d2916285d	1	86723	player+silence	uade	Noisetracker 1.x	0	133744	6b49cfda	4cb4236d	R/MusicFiles/Modules/just_a_bargain.mod
9edefceb2750f8ed908d6c3ecdf1f6c1	1	201887	player	uade	Protracker	0	166090	cacc78c9	b1b02467	R/MusicFiles/Modules/misuse_of_power.mod
9f5c7ab1598ae5c6b7042358415c16d5	1	389158	player+volume	uade	Protracker	0	199354	fb7e45d9	500b67a9	R/MusicFiles/Modules/full_moon_endpart.mod
9f977826837b6cd4a25a73aedfebc629	1	208799	player	uade	Protracker	0	112780	bf01c6a2	123cc1c4	R/MusicFiles/Modules/under_pressure.mod
a00eb1543dbe4ede04916fdb7aaf6612	1	172770	player	uade	Protracker	0	290450	22686e0c	4bf06857	R/MusicFiles/Modules/evolution_1yegger.mod
a022c3a070477fa117f5ba55e2cff24d	1	158989	player+silence	st3play	Scream Tracker 3.00 (GUS)	10	153648	196cf771	4f26bed1	R/MusicFiles/ScreamTracker/Amazonas.S3M
a0237a0620809c5f2add1533f929f10a	1	138369	player	uade	Protracker compatible	0	124998	6678542e	ee004039	R/MusicFiles/Modules/radiant_within.mod
a027166a31a97c6ece47087261a32bc7	0	155409	player	uade	Amos Music Bank	0	47270	a106ce8f	f7bc3ce3	A/Leisure/Assassins/ASI-189G.DMS/AMIGAWARS/AWT1.ABK
a03f891c889980d036f98c0dd17e3282	1	84616	player	uade	Protracker	0	15822	148cd247	594c984d	R/MusicFiles/ChipModules/taste.mod
a0c452e7bfdde2c337a6d7effd083248	1	61568	player	uade	Protracker compatible	0	50138	f4cb846b	8f63f643	R/MusicFiles/Modules/lemmings5.mod.mod
a0ef06b335106aba728feaffead57dcc	1	186924	silence	uade	Protracker	0	80830	21172101	e788042e	R/MusicFiles/Modules/houserave.mod
a1427da886e87caff6c882ba858a0850	1	264213	player+silence	uade	Noisetracker 1.x	0	112676	6b99729e	404574c2	R/MusicFiles/Modules/dns.mod
a142e48c89b8c6fdbe52990e00712eca	1	92272	player	uade	Protracker	0	111184	f4bdb2cb	335a26ac	A/Leisure/Assassins/ASI-146G.DMS/mod.bcarsong
a16675884913a12f4301d6001fa561bb	0	64323	player+silence	uade	Amos Music Bank	0	23670	101a803c	92a0690c	A/Leisure/Assassins/ASI-178G.DMS/Tune1.ABK
a1954595b625b4c5acecceb0faf9f01b	1	127678	player	uade	Protracker compatible	0	76406	9d91cc89	1f173492	R/MusicFiles/Modules/snow-runner.mod
a1a00b6a59d0275e3f0aeea1a87d32fc	1	121731	player	uade	Protracker	0	76214	3c17930b	53a79db1	R/MusicFiles/Modules/i'll_be_lucky.mod
a1e4bdfc9381c50ef1611e431b231e09	1	132541	player	uade	Protracker	0	157078	77201552	3a7538c5	R/MusicFiles/Modules/four_days_for_me.mod
a1f0faa673909de5664173e98ea1f804	1	57730	player	uade	Protracker	0	17722	e3b76ec5	028bebc7	R/MusicFiles/ChipModules/---_chipomax_---.mod
a206e6d507f6ad8098a8650433662998	1	115321	player	uade	Protracker	0	16402	7ee7a20f	e7c46912	R/MusicFiles/ChipModules/dl-zak00.mod
a2427f0dada53ba981b4dd434dd6396c	1	304066	player	uade	Protracker	0	206758	60f0a98b	8e64d59e	A/Leisure/DiskDemos/ddi-f13.DMS/mod.3
a266ded13a4681873d4f9aeae5862873	1	99968	player	uade	Protracker	0	48448	23416e83	bed7311a	A/Leisure/DiskDemos/MUMU-MU1.DMS/gk/mod.not yet dead
a2a861f4f46a295ec79685aaf2064c71	1	184023	player	st3play	Scream Tracker 3.01 (SB)	8	76550	3d589e89	2a59f7a8	R/MusicFiles/ScreamTracker/DiMENSiONS.S3M
a2c43ebf4bbb0c02dc21f8593097c420	1	84616	player	uade	Protracker	0	39954	c47bd7bc	82409c86	R/MusicFiles/ChipModules/tubularbells.mod
a33189ef991c248ce88590ed7c3e4509	1	273402	player	uade	Protracker	0	258184	334ac0ef	bd0c1a27	R/MusicFiles/Modules/odyssey-part6.mod
a35227e5a53d6e55f6fbc8485780ff7f	0	84616	player	uade	FutureComposer 1.3	0	13224	44de674e	f9a72eda	A/Leisure/DemoMakers/FUTUREWRIT12.DMS/fcm.spec bros.
a358fc2dc54ab59e1f58dd1eec03a0e8	1	61568	player	uade	Protracker	0	8140	440dc21e	f3a67dbd	R/MusicFiles/ChipModules/frantic.mod
a3794166a52bff23519ed9b6c4d53f61	1	130124	player+silence	uade	Protracker compatible	0	15330	9964b40d	e6fe0878	R/MusicFiles/ChipModules/melancholic.mod
a38e8ff155453f6586d299a0fe0b7587	1	219007	player	uade	Protracker	0	120176	eb6722f8	02aec201	A/Leisure/DiskDemos/DDI-F15.DMS/mod.2
a3c32a6b03e629ea37334ff4f2caad19	1	115321	player	uade	Protracker	0	137192	cb6e48af	925f1326	A/Leisure/DiskDemos/MLW-CR.DMS/mod.forgotten-times
a3c77070815f5474a9fc713cebf656e4	1	48768	player	uade	Protracker	0	18476	825acd77	3020a199	R/MusicFiles/ChipModules/_applebomb_.mod
a415d1a4904f540aa85258e74c9e45c6	1	189247	player	uade	Protracker	0	86224	7446a9b0	9e8cec05	A/Leisure/DiskDemos/LSD-bigs.DMS/mod.zzzz sleepy times.pp
a42f9f204bfbe5ea81d26d886e2d4c36	1	228829	player+silence	uade	Protracker	0	286620	0d05be3e	ae78c93c	R/MusicFiles/Modules/control_your_body.mod
a44f3950c5241ebaff774e8fec7a2e85	1	256161	player	uade	Protracker compatible	0	220924	e5a9c071	dc65d8c7	R/MusicFiles/Modules/mod.hp_infcon.mod
a455dbf0e528c4175254210b6e70d47a	1	126995	player	uade	Protracker compatible	0	233858	90bb67a3	69018a43	R/MusicFiles/Modules/gilligan.mod
a4cf0c7ec0707ff6d6a732a94d9b715c	1	84616	player	uade	Protracker compatible	0	30294	084305ec	11a3d402	A/Leisure/Games/SickBall2.DMS/walah
a527cf9970a9783d7d63996d540b600c	1	214363	player+silence	uade	Protracker	0	193876	a1801571	8c5d3218	R/MusicFiles/Modules/waterfall.mod
a55b3a3db9d99845e1ecdbe8c5e19b33	1	189549	player	uade	Protracker compatible	0	17396	3ffa371a	d38dafde	A/Leisure/DemoMakers/FUTUREWRIT12.DMS/mod.4-mat of anarchy
a5c71767d6416073a29fb1372d93e493	1	150003	player	uade	Protracker	0	233504	08f1aa6f	311ccdf8	R/MusicFiles/Modules/musiccrazy+.mod
a61408576ca18376b97f18ca4c37a8fc	1	34682	player	uade	Protracker	0	14768	338c1ecd	8d073ce4	A/Leisure/DiskDemos/MUMU-MU1.DMS/gk/mod.more enhanced
a63979d6ffd244d2c44c943777d23280	1	345721	player	uade	Protracker compatible	0	376352	83d82c33	2169a5ab	R/MusicFiles/Modules/dj-bobo_v1.01.mod
a65a4da672a49e2a56b64704b10edce0	1	41072	player	uade	Protracker	0	25016	b84c44a9	4c62e90c	A/Leisure/Assassins/ASI-156G.DMS/mod.cod_2_cod
a65a4da672a49e2a56b64704b10edce0	1	41072	player	uade	Protracker	0	25016	b84c44a9	4c62e90c	A/Leisure/DemoMakers/RSI-UTILS2.DMS/MUSIC/mod.cod 2 cod
a6ed5310c238bd34bf5279124ae20e60	0	32532	player	uade	Amos Music Bank	0	22936	181c1c93	0bcb5258	A/Leisure/Assassins/ASI-189G.DMS/AMIGAWARS/AWIT.ABK
a72e94da9d41318cc9127e4a9286eda0	1	155188	player	uade	Protracker	0	48028	234255b9	e591500b	R/MusicFiles/Modules/techno.trance.mod
a7453755a2c4d01e3c9885afc8e4a0a5	1	247802	player	uade	Protracker	0	63088	52bf0208	413afdc0	R/MusicFiles/Modules/raccoons_conundrum.mod
a7788c9770a79dfdce2557fc1e9f966c	1	114999	player	st3play	Scream Tracker 3.01 (SB)	8	176364	2c827167	287f3f5a	R/MusicFiles/ScreamTracker/MODUS_LUBITUS.S3M
a7a6904a820d4c07a2055224d025a5c3	1	61568	player	uade	Protracker	0	30682	f62dc6ee	5ae0a30e	A/Leisure/Assassins/ASI-180G.DMS/mod.ari-san<crossroad>
a7a6904a820d4c07a2055224d025a5c3	1	61568	player	uade	Protracker	0	30682	f62dc6ee	5ae0a30e	A/Leisure/Assassins/ASI-180G.DMS/mod.horizons'edge
a7becf7363d365bc49c11093f0b2f513	1	343953	player	st3play	Scream Tracker 3.01 (SB)	8	69585	c6a0f972	23bd2ac7	R/MusicFiles/ScreamTracker/Soft_Vision.S3M
a7e2bdf2b9a0436df9897b2ffbc1e2f2	1	182006	player+silence	uade	Noisetracker 1.x	0	91456	45632473	ea0eaead	R/MusicFiles/Modules/sØØØØØØØØØØØØØØØØØØØ.mod
a7ee1a90f6e454ae7d6b8e2b858fbb49	1	1808	player	uade	Protracker	0	7784	8e05b149	e2b6c9cb	A/Leisure/Assassins/ASI-171G.DMS/deluxe_galaga/GALAGA.JINGLE1
a808ad6f51c9ec3801f223611cc62fb9	1	183480	player	uade	Protracker	0	226810	b3ca6572	98826c78	R/MusicFiles/Modules/hardcore_hypno_4.mod
a83c56f7fd59ae814c670f3520461f72	1	483970	player	uade	Protracker	0	915216	1ca65a8e	a41f370e	R/MusicFiles/BigModules/rhythm_is_a_dancer.mod
a890a9abbdb18e4e612b5ea21dea7c4f	1	185834	player+silence	uade	Protracker	0	169164	ceae6613	40b59cbb	R/MusicFiles/Modules/lost_dreamsiv.mod
a8c18e0195e4ce287a51b0d12977c8de	1	61789	player	uade	Protracker	0	263072	ecb8e7c2	6be8f122	R/MusicFiles/Modules/fire.mod
a8cf5cbc22aa4c44df65febf6897ef6e	1	222845	player	uade	Protracker compatible	0	94730	152b5644	748ad305	R/MusicFiles/Modules/masqrade.mod
a9f32cc9ed717e01cd113d0693ba83a9	1	157579	player	uade	Protracker	0	87504	54b4fc27	7ee683de	R/MusicFiles/Modules/apocalypses_society.mod
aa11b65d14e9037256d4d1fd91df5d59	1	113220	player+silence	uade	Protracker	0	107052	deadea43	a808face	A/Leisure/DiskDemos/DDI-F04.DMS/mod.4
aa1ecdda352a25de768fe207f5f3042e	1	50034	player	uade	Protracker	0	27342	a8aed596	fd096f81	R/MusicFiles/ChipModules/blueoystersong.dbl.mod
aa281c583b03501cff1fb0950908761d	1	51320	player	uade	Protracker compatible	0	20900	06aa7667	0a9eaf7b	R/MusicFiles/ChipModules/introfronty.mod
aa8dec7297c426616335334b73d5e3e2	1	176440	player+silence	uade	Protracker	0	123778	cdef3c07	b89c3e70	A/Leisure/DiskDemos/DDI-F04.DMS/mod.5
aab46cdebe1bce841ed8ff36d7d76f45	1	93719	player	uade	Protracker	0	175264	b94ae4e5	d908ac05	R/MusicFiles/Modules/irreverence.mod
aae25dd9363228aafdcd18a9d6069bfb	1	65567	player	uade	Protracker	0	17884	e96f0236	a2ae01c3	R/MusicFiles/ChipModules/5_myror_ar_fler_an.mod
ab1a01cf0649b817b19191bd72da463c	1	606867	player	uade	Protracker	0	301254	e455c497	fd5be39b	R/MusicFiles/Modules/holocaust.mod
ab4debeb09e1bf7b63f634f006e77589	1	122997	player	uade	Protracker	0	31774	5daef85d	ff782db4	R/MusicFiles/ChipModules/bille.mod
ab5961cc67bc726a01ea5943396f1487	1	205363	player	uade	Protracker	0	198898	afef12f6	602903f2	A/Leisure/DiskDemos/DDI-F09.DMS/mod.5
abf17974afd5481710c52c5288a077df	1	80758	player	uade	Protracker	0	12096	675e0800	c89dcf28	R/MusicFiles/ChipModules/one.mod
ac08fc797dde6f7cb67ee83664c41db6	1	162054	player+silence	st3play	Scream Tracker 3.01 (GUS)	8	135198	d21b6e2b	3b7f509c	R/MusicFiles/ScreamTracker/After_sunset.S3M
ac1523f49f3b82b95241c647c8a523bc	1	253629	player	uade	Protracker	0	149156	e7cc2232	12e9231d	A/Leisure/DiskDemos/DDI-F16.DMS/mod.1
ac16cc5b3b4a32431345052fbcbd7d3f	1	259075	player	uade	Protracker	0	104666	c43ce2b4	fb6e87bc	A/Leisure/DiskDemos/DDI-F01.DMS/mod.1
ac5fbb8be8541d5be04cff549c40029f	1	408737	player	uade	Protracker compatible	0	257794	2e491af6	1d78c746	R/MusicFiles/Modules/rainyseptember.mod
ac97752494cfcda80b61ea602c37a539	1	160013	player+silence	uade	Protracker	0	143252	7004123d	4cc3ac71	R/MusicFiles/Modules/cyberdawn.mod
acaf13a693edf9b384e7ee0323c94f9d	1	46216	player	uade	Protracker	0	10492	b728e3d5	79301bec	A/Leisure/DiskDemos/MUMU-MU1.DMS/ms/mod.just4fun
accb4ddec309c146d89fa36b27b0091f	1	60122	player	st3play	Scream Tracker 3.01 (GUS)	3	15714	ac37c6d9	8a40b5bb	R/MusicFiles/ScreamTracker/64-Mania.S3M
accb4ddec309c146d89fa36b27b0091f	2	1888	player
ace23de805a21ae23e1763c37cef7527	1	139916	player	uade	Protracker	0	73944	a785c16a	5bfdacf4	A/Leisure/DiskDemos/LSD-bigs.DMS/mod.hello there.pp
ad12470344d0f98298d74fc6f01ae5e3	1	161397	player	uade	Protracker	0	66074	b597dc08	a6bf93e6	A/Leisure/DiskDemos/DDI-F05.DMS/mod.4
ad204a25192327db30a34d3c8055384b	0	76920	player	uade	Amos Music Bank	0	36420	c6df0e4e	811d6fcb	A/Leisure/Assassins/ASI-154G.DMS/music/tune3.ABK
ad2062874412b0c72acdb169f1e5271a	1	119992	player+silence	uade	Protracker	0	46648	007c3326	07711bdd	R/MusicFiles/Modules/gentle_winds.mod
ad66606427f11d5a35bf9a78cbb49dfa	1	287408	player	uade	Protracker compatible	0	207454	f263ed04	36059ada	R/MusicFiles/Modules/toms_diner.mod
ad78b0fdf59491f62626608ee5a49e53	1	378902	player+silence	uade	Protracker	0	177540	b51f0e35	4fd541e6	R/MusicFiles/Modules/pelforth_blues.mod
ad87a460474570675793f155753d18d8	1	92272	player	uade	Protracker compatible	0	89474	c62394db	4dcebf1e	R/MusicFiles/Modules/lemmings3.mod.mod
adf7393bd1b70a0d0957621a21cc47bf	1	65406	player	uade	Protracker	0	62428	b85b3a80	c8bedb3a	A/Leisure/DiskDemos/MUMU-MU1.DMS/ms/mod.mindtwister
ae1e987ef4168520ffbb81e4d5ff3ae7	1	394450	player	uade	Protracker	0	273860	5e197f96	a9fe0074	R/MusicFiles/Modules/ebeneezer.mod
ae3ee5904e0099d909eeaaffa5dd4a50	1	89741	player	uade	Protracker	0	16724	c694ff62	136f5117	R/MusicFiles/ChipModules/ecologic.mod
ae804d744084d937cdd61b7867956ff3	1	207493	player	uade	Protracker	0	89370	9c26f4f1	fa2df924	A/Leisure/DiskDemos/DDI-F17.DMS/mod.1
aeac56038c917d32d56f2df568930cf1	1	395877	player	uade	Protracker	0	208688	c7d50e99	ff9cb2a9	R/MusicFiles/Modules/orthanc.mod
af09e5e08422408c9b2b940fb5ab9958	0	518718	player+silence	uade	FutureComposer 1.3	0	25472	92ed5a72	0055c4dc	A/Leisure/DemoMakers/FUTUREWRIT12.DMS/fcm.fraxion1
af1e35985f67b6e42e256d612b085edb	1	65406	player	uade	Protracker	0	50266	2fe961cd	55f9eb13	R/MusicFiles/Modules/lemmings4.mod.mod
af4bb9d7182ccba8e94c51246ed8eb5f	1	176226	player	uade	Protracker	0	157054	c28eea6a	56d5c4c1	R/MusicFiles/Modules/pyrex.jupiter.mod
af9f4ce5556ea2486c336f51c7843ad6	0	340084	player	libopenmpt	Symphonie	8	490756	8d7f7ae3	3f00d91c	A/Audio/Trackers/symph.lha/Rainbow Run.SymMOD
afb6aa3e447cc327b021b77d4ed14a33	1	92407	player+silence	uade	Protracker compatible	0	186644	45656b9f	a2ea8766	R/MusicFiles/Modules/guitar_squeeze.mod
afdbde38558dc02f6471492c0e59ed4f	1	150186	player+silence	uade	Protracker	0	81004	9622d1cc	117ec50f	R/MusicFiles/Modules/dragonfire.mod
b064bf0107f2eb27ffdac93746474958	1	224386	player+silence	uade	Protracker	0	84988	e48c6418	697a25c9	R/MusicFiles/Modules/cluedo.mod
b0b74510e57ea1bd3db0ce8874cd2a65	1	111483	player	uade	Protracker	0	81188	96f4ec59	96503b0f	R/MusicFiles/Modules/.forever_young.mod
b0b9090e040a5e156a5f294a655223fb	1	146205	player	uade	Protracker	0	75408	73be65ea	f8c1d556	R/MusicFiles/Modules/sampo.mod
b101a6cef376be3c85b7c375282a614e	1	148080	player+silence	uade	Protracker	0	149732	41893467	8284603a	R/MusicFiles/Modules/2-part_piano_tune.mod
b11feedb4456a325448e72bd22ce8866	1	153078	player	uade	Protracker	0	140568	9ba21e3d	6b7f86c3	R/MusicFiles/Modules/midnight_at_noon.mod
b11feedb4456a325448e72bd22ce8866	2	115321	player
b11feedb4456a325448e72bd22ce8866	3	115321	player
b11feedb4456a325448e72bd22ce8866	4	115321	player
b11feedb4456a325448e72bd22ce8866	5	111483	player
b120b0d68f1c29f50756fefbea5ad6fd	1	234614	player+silence	uade	Protracker	0	265948	8a7940f0	25b1c7b6	R/MusicFiles/Modules/enter_our_world.mod
b19fd426ee3933f8dd491fde0ae021b1	1	261486	player	uade	Protracker	0	166344	ddba72e3	0a8dff0d	R/MusicFiles/Modules/doomed_1993.mod
b19fd426ee3933f8dd491fde0ae021b1	2	3160	player+silence
b19fd426ee3933f8dd491fde0ae021b1	3	9360	player+silence
b19fd426ee3933f8dd491fde0ae021b1	4	112769	player
b1eaf12a55956c017071ec0787013cd0	1	189408	player	uade	Protracker	0	66626	a420b784	86b1736c	R/MusicFiles/Modules/counter-measure.mod
b260f22799391eda7ad40c03611c688c	1	94543	player	uade	Protracker	0	34508	9167a23f	e85419fa	R/MusicFiles/ChipModules/arabia.mod
b260f22799391eda7ad40c03611c688c	2	95327	player
b260f22799391eda7ad40c03611c688c	3	7240	player+silence
b2bb2868953d31ff3e856aaf8965d41c	1	130954	player	uade	Protracker	0	202006	219dfd5f	fdfe5746	A/Leisure/DiskDemos/DDI-F02.DMS/mod.2
b2f01f5f3c2205aea92ec7c287d9de8f	1	169093	player	uade	Noisetracker 1.x	0	35528	2a1e7df6	af656222	R/MusicFiles/ChipModules/kextasy.mod
b315f6a263f9f1e576ba8ed01c26df94	1	512142	player	uade	Protracker compatible	0	537936	bdc61fe5	6aca8cdc	A/Leisure/DiskDemos/UTD-RS4.DMS/mod.Trancituation
b32308e8cb829a5160214dc6c1b2c56a	1	164500	player+silence	uade	Protracker	0	163654	c8d0e274	d5dde0f3	R/MusicFiles/Modules/action_for_you.mod
b362c8e46ef88506aa45e4359907e96a	1	159235	player+silence	uade	Protracker	0	178710	1c25afff	f1e15abf	R/MusicFiles/Modules/r3al.j0rdan.jazz.mod
b37392bbac491e9c1adc0bae0d463b5e	1	157579	player	uade	Protracker	0	138868	18014369	d5b6054e	A/Leisure/DiskDemos/DDI-F15.DMS/mod.1
b4363c93f9ff1c85e6cd32f8362f3c7e	1	12920	player	uade	Protracker	0	5842	a4071e2d	18249ed2	R/MusicFiles/ChipModules/ordinary.mod
b456b456c56d06e0dfd49b18c7bfb60b	1	268921	player	uade	Noisetracker 1.x	0	65984	fd4dd015	5508b2bc	R/MusicFiles/Modules/fletch.mod
b46d362c93b835b737d47fbf537bbf4c	1	157579	player	uade	Protracker compatible	0	105898	329d3e01	c7ba5bee	R/MusicFiles/Modules/smoke.mod.mod
b51da67dd25d08d40b7ade8c7b158c43	1	246628	player+silence	uade	Protracker compatible	0	217796	fce1611a	59b56c63	R/MusicFiles/Modules/without_buttocks.mod
b57e4522e0801cade063c89deb0dbd27	1	705610	player	uade	Protracker	0	291988	c3d047bc	7bde0345	R/MusicFiles/Modules/slow_motion.mod
b5be69fa7433b16e7fbc4822125db6ab	1	254694	player	uade	Protracker	0	138774	fc7915be	ec408fda	R/MusicFiles/Modules/odyssey-part1-test.mod
b5dcad38395f63c4a7a0c86cc75c1516	1	110277	player	uade	Protracker	0	208488	a554ba69	cf751324	R/MusicFiles/Modules/sampled_annie.mod
b63d787426fa5b15c4d48607353ef773	1	213832	player+silence	uade	Protracker	0	272562	12556104	40959dcc	R/MusicFiles/Modules/rainydecember.mod
b667369ace126c6ec2d03043604444a7	1	218987	player	uade	OctaMED MMD1	0	307918	14f9e126	df68d400	A/Leisure/Games/Klondike20B.DMS/MUSIC.LZH/Default.MUSX
b672319e9ebd89fb70691f532b6347da	1	192141	player	uade	Protracker	0	140900	f9ee311c	d82c3578	R/MusicFiles/Modules/a'93.mod
b6737705cabf15084e1f66ef41e9b65b	0	107645	player	uade	Amos Music Bank	0	43870	df75d04d	aae56d2a	A/Leisure/Games/WizardsDomain.DMS/M/t2
b68cdfbd5beb76cddd47964f258b08f0	1	147974	player	uade	Protracker	0	41534	963f5cbe	2bd755fa	R/MusicFiles/Modules/karry.ehh.mod
b6b16a276360158855acc747fe5de30a	1	170379	player	uade	Protracker	0	127840	759f4294	f66cc5f2	R/MusicFiles/Modules/darkside_o.the_moon.mod
b6c1e41efaa7b217c5b1adaed18cba71	1	176775	player+silence	uade	Protracker	0	147920	86be71de	55f04c30	R/MusicFiles/Modules/distant_call.mod
b71e7e72926ad09e5ea48271153d8420	1	79794	player	uade	Protracker	0	56454	c6f8d944	46c6bdd8	A/Leisure/DiskDemos/MLW-CR.DMS/mod.babillon
b768b050744a1ff8b2ae3e5f93d14030	1	122997	player	uade	Protracker	0	87426	4715952a	5fb15a9b	R/MusicFiles/Modules/shadow3.dbl.mod
b7c29ac34471d3bd55e75a15bdf40e02	1	76659	player	st3play	Scream Tracker 3.00 (SB)	16	141956	15e9b37f	ddfd7a56	R/MusicFiles/ScreamTracker/Near_Dark.S3M
b7c8b826bc8df6e16bfe3ba58afbdde1	1	161397	player	uade	Soundtracker II (31 instr.)	0	44410	f313c1ce	abbc3811	A/Leisure/Assassins/ASI-184G.DMS/Modules/Mod.Echoing
b7c8b826bc8df6e16bfe3ba58afbdde1	1	161397	player	uade	Soundtracker II (31 instr.)	0	44410	f313c1ce	abbc3811	A/Leisure/Games/AmosPicturePuzzle.DMS/Modules/Mod.Echoing
b7e680df358ffe479d297d7afd899fad	1	15472	player	uade	Protracker	0	390340	fe44f705	c39f1e7c	R/MusicFiles/Modules/the-farmers-dream.mod
b7e9f21aa91d1cacce733baac88aab66	1	168470	player	uade	Protracker (vblank)	0	159062	48a9903a	9b3a8136	R/MusicFiles/Modules/pianopub1.1.mod
b829ebc1e38b5e94b13ab2c6830b2468	1	128044	player+silence	uade	Protracker	0	256652	08985891	68dd20ac	R/MusicFiles/Modules/jimi_hendrix.mod
b848a394a9e95bb62b143d655989c0c5	0	364750	player+silence	libopenmpt	Scream Tracker 3.00 (GUS)	25	170332	215a4be5	54b55326	R/MusicFiles/ScreamTracker/Why_can't_you_remember_me.S3M
b8bb344a03f8c867b0cb84fe1de6948d	1	69646	player	uade	OctaMED MMD1	0	77600	8c5125e7	fac8343f	A/Leisure/Games/MegaBall30.DMS/MB_Music/ExtraLife.tune
b8e8c1d386a59f3846b5c6795e5f9481	1	365638	player+silence	uade	Protracker	0	166098	df745fd4	9af2db7c	A/Leisure/DiskDemos/DDI-F08.DMS/mod.4
b8eed0020a10494765b847ad7db411f5	0	181833	player	uade	Amos Music Bank	0	25796	1e5ee858	cbf44b21	A/Leisure/Games/WizardsDomain.DMS/M/t1
b8fe5cc6174a21454c2784d95d50ffd9	1	166521	player	uade	Protracker	0	108168	ec0693be	21b038c8	R/MusicFiles/Modules/theoretical.gvine12.mod
b94de5cb419135cb91ba28e65e5d7563	1	41715	player	uade	Protracker	0	35992	2b008b30	fc6a05d0	R/MusicFiles/ChipModules/benny_hill.mod
b9763e0b35d5cbf3f1d556806240ee87	1	199797	player	uade	Protracker	0	97618	2ed9b41a	6c095e90	A/Leisure/DiskDemos/CYS-LAST.DMS/mod
b9f0379949a0c71e9198932fa42c500b	1	141403	player	uade	Protracker compatible	0	234298	d3dc45cb	c44b92a0	R/MusicFiles/Modules/thunderstruck.mod
ba6c549b741336c7614aa3163b6f58e5	1	192121	player	uade	Protracker	0	386168	861124bb	20d1441b	R/MusicFiles/Modules/victoria_iv.mod
ba77cc4e046036a09c83e82470433ce3	0	393666	player	uade	FutureComposer 1.3	0	28098	bbb92ddb	1f551554	A/Leisure/DemoMakers/RSI-HELP&UTIL.DMS/future-comp-mods/mod.astaroth.1
ba94f452346b4ea437d0980f014228b6	1	169575	player	uade	OctaMED MMD1	0	61658	7a5c5c01	d2d98415	A/Leisure/Games/MegaBall30.DMS/MB_Music/MBmus06
babd95149418c2e4ab9c542f34fe0adf	1	151832	player	st3play	Scream Tracker 3.00 (GUS)	8	199962	09781a92	b62cd0fc	R/MusicFiles/ScreamTracker/Aquaphobia-1993-spring.S3M
baef3bcc547a31b8b8ee8bc37dd6fb68	1	151141	player+silence	uade	Protracker compatible	0	83700	772b8a66	4c72cfd7	A/Leisure/Assassins/ASI-156G.DMS/mod.sll1
bb27e559502550bac425e093c150c884	1	82366	player	uade	Protracker	0	9968	7f4b534a	4490991a	R/MusicFiles/ChipModules/mental_madness.mod
bb410e5898a5d45319165ed6863f0e3c	1	114901	player+silence	uade	Protracker	0	205464	d5fdfe72	7b175b96	R/MusicFiles/Modules/above_my_head.mod
bb4aa480856434595e1791f079dfa280	1	53390	player	uade	Soundtracker II (31 instr.)	0	297776	300c3525	162ae425	A/Leisure/DiskDemos/HCD-HOLB.DMS/Groove Yard
bb4aa480856434595e1791f079dfa280	2	83652	player
bb4aa480856434595e1791f079dfa280	3	68280	player
bb4aa480856434595e1791f079dfa280	4	152756	player
bb4aa480856434595e1791f079dfa280	5	75956	player
bb4aa480856434595e1791f079dfa280	6	114356	player
bb4aa480856434595e1791f079dfa280	7	68280	player
bb571d76e73a8ed05d82b0a8d2810ffe	0	115321	player	uade	Amos Music Bank	0	84626	76fd5a45	6a1441c8	A/Leisure/Assassins/ASI-155G.DMS/Gamemusic
bb79ee84f10ce28acfb3e4d547eb3c21	1	311159	player	uade	Protracker	0	133256	38ef3827	7c20b628	R/MusicFiles/Modules/melodic_sentiments.mod
bbe59067245f7d6ddfb065fd62772992	0	92152	player	libxmp	AMOS Music Bank	4	38042	2e322a66	b80a0e6f	A/Leisure/Assassins/ASI-154G.DMS/music/tune4.ABK
bc43b090c6288bce4e0e9c8959eb1862	1	122997	player	uade	Protracker	0	10710	5216306f	9433d3e5	R/MusicFiles/ChipModules/bemixremix.mod
bc4f7e184575df6c50f1cf0f79d9fe74	1	150434	player+silence	uade	Protracker	0	247466	a4a6cc8f	c16c0781	R/MusicFiles/Modules/streets_of_'cisco.mod
bc54be287afa4d59936e9d288d953e5b	1	61568	player	uade	Protracker	0	10246	dca1a0a2	9dacb481	A/LegalTools/LSDlt098.DMS/Module/mod.asylum-v1.0
bd73866b09d7ea94365f98ddd2eb34e5	1	266691	player	uade	Protracker	0	141450	7554bfb1	5c8ce361	R/MusicFiles/Modules/time's_the_remedy.mod
bd78540e20dfa4ead3ee49e88d0095a6	1	128121	player	uade	Protracker	0	98002	0596dbaf	d6a6835b	A/Leisure/DiskDemos/LSD-bigs.DMS/mod.miffy.pp
bd9041d30755534d0db403274fd1a1f3	0	38520	player	uade	Amos Music Bank	0	111864	b4bf628a	ae086c21	A/Leisure/Games/EarthInvader.DMS/sounds/song.abk
bdaa986e60da341f7727aa4d66a2e821	1	183681	player	uade	Protracker	0	272492	94862853	632b4a5c	R/MusicFiles/Modules/suckmykiss.mod
bdd758aae5ec29d086763a8fd0c7ce38	1	215189	player	uade	OctaMED MMD1	0	219792	7613853c	a4d99d77	A/Leisure/DemoMakers/VTV-FURY.DMS/VideoTracker/Modules/mod.MAKES-ME-FURIOUS
bde9a7a53144362ad9ebdcf2944a47a7	1	46216	player	uade	Protracker	0	37294	3c4726e1	97905e0f	A/Leisure/DiskDemos/MUMU-MU1.DMS/mod.sniglusion theme
be13ac703b3aac11019faa2286f6c488	0	61508	player	uade	FutureComposer 1.4	0	18064	10e3c4d3	42a2d4d7	A/Programming/Assembly/angInt2.s.lha/music
be13ac703b3aac11019faa2286f6c488	0	61508	player	uade	FutureComposer 1.4	0	18064	10e3c4d3	42a2d4d7	A/Programming/Assembly/angInt3.s.lha/music
be13ac703b3aac11019faa2286f6c488	0	61508	player	uade	FutureComposer 1.4	0	18064	10e3c4d3	42a2d4d7	A/Programming/Assembly/angInt7.s.lha/music
be220398839f46d3aee3a09ec57fbaec	1	329143	player+silence	uade	Protracker	0	178168	8e3c1590	9f86f749	R/MusicFiles/Modules/whack-bonk.mod
be3f10d8dfdf68382d464e8cd462ce43	1	112769	player	uade	Protracker	0	60858	d8903089	dc55962e	R/MusicFiles/Modules/hardwarefreek.mod
be4743067e1e85f32b0e326d4c24d4bd	1	316464	player	uade	Protracker	0	202726	24fd2fa2	28cbe7f1	R/MusicFiles/Modules/inconvex_tet_ii.mod
beb1dbb904ffc346678134826b2507d5	1	334328	player	uade	Protracker compatible	0	193002	a3b97d99	b056a88b	A/Leisure/Games/Reflection.DMS/GameData.dat
bfc001e30905f85be37839f8945ead24	1	134026	player+silence	uade	Protracker	0	331056	78c1458c	87058356	R/MusicFiles/Modules/funky_maaaan.mod
c0750a0006e957c32db83afc7c9a475a	1	250193	player	uade	Protracker	0	199574	bb119cbb	3bf29860	R/MusicFiles/Modules/stampede.mod
c0775043620b88a3424e788d5d62caa7	1	238197	player	uade	Protracker	0	73342	7ee1a44d	0c20529a	R/MusicFiles/Modules/the_warm_disease.mod
c0b9d2a39880440d6d2ae0d4f41e1101	1	121731	player	uade	Protracker	0	114790	418fa113	a0d7d67d	A/Leisure/DiskDemos/MLW-CR.DMS/mod.forgotten-times-II
c0f86fe28f99b9bd04622d8278cae4e7	1	266369	player	uade	Protracker	0	165380	4ea17d0f	e4b36109	R/MusicFiles/Modules/this_heartbeats_4_u.mod
c140da520b40cb3bb627498640d2c47c	1	187318	player	uade	Protracker	0	191058	cb40e670	70a491d2	R/MusicFiles/Modules/tranceformation.mod
c15de192cd7bb1cff7f98756ff70e26e	1	165355	player	uade	Protracker	0	113690	4dd6c1f2	d21e764a	A/Leisure/DiskDemos/LSD-bigs.DMS/mod.light of my life.pp
c1622796d642c2a4a88a6c8b59c7ba31	1	128121	player	uade	Protracker	0	48490	cec87b85	8d8ce901	R/MusicFiles/Modules/shaing.mod
c1c125ff5513e10cbbc0ae1be5393912	1	105836	player	uade	Protracker	0	273468	006b2045	7c2598cb	R/MusicFiles/Modules/trash2.mod
c1df0d23b8e30f28f52aa98f1759b052	1	207091	player	uade	Protracker compatible	0	235930	2777e4ef	e01719fc	A/Leisure/DiskDemos/DDI-F09.DMS/mod.4
c1e525fc3262cd6317f11fafa0c71257	0	138369	player	uade	Amos Music Bank	0	83028	a8bb1b81	f9166943	A/Leisure/Assassins/ASI-155G.DMS/Firemusic
c2252d1c392469b1215671af6d61c22a	1	307321	player	uade	Protracker	0	50206	b567b4a6	f524dfda	R/MusicFiles/Modules/techno1.mod
c2489fb4b985238fde3389fdf05a1eb8	1	322693	player	uade	Protracker	0	349938	ebc89aff	99fdf9b9	R/MusicFiles/Modules/das_boot.mod
c28f7ffcb1fbddfe2c2eb6b87ca4a423	1	163647	player	uade	Protracker	0	151800	bfdca7cd	c1c7396c	A/Leisure/DiskDemos/DDI-F02.DMS/mod.3
c2cf94f841863dc16ce10f3fabf7c91b	1	255317	player	uade	Noisetracker 1.x	0	143030	767d7518	731ac76d	A/Leisure/DiskDemos/DDI-F01.DMS/mod.2
c348f27a5dc96dfbd5280b416635aaf4	0	268881	player	uade	FutureComposer 1.3	0	32050	ef992474	bd406f2d	A/Leisure/DemoMakers/RSI-HELP&UTIL.DMS/future-comp-mods/mod.shaolin.7
c36d86fe0e81cd53b8ca48aeb628398e	1	169334	player	uade	Protracker	0	174384	44605567	d6b0d60b	R/MusicFiles/Modules/why.mod
c3de437ecd52e97ee31b5784aec248cd	1	266369	player	uade	Protracker	0	139026	a408a1ed	d6931c9b	R/MusicFiles/Modules/je_ne_sais_pas.mod
c44c162449754c3a65ec9623d9a51053	1	230541	player	uade	Protracker compatible	0	280044	f148651d	e346a168	R/MusicFiles/Modules/black_dawn.st.mod
c47ad1fc8d15d9faf93f971a780b0d0f	1	161397	player	uade	Protracker	0	98630	e1a87834	1b2620c7	R/MusicFiles/Modules/broken_heart.mod
c481059a3b2a0709943888edcf7e1d80	1	268165	player+silence	uade	Protracker	0	205816	cd88a8e7	c3240503	A/Leisure/Games/HighOctaneF.DMS/mod.The-Time
c481f5d38159db1100b87d65d9756db2	1	143042	player+silence	uade	Protracker	0	295908	9847d3ef	6b5d88dd	R/MusicFiles/Modules/chet_wax.mod
c4aa704fc6c9ef1396ff2f5f9e773979	1	245893	player	uade	Protracker	0	139544	b61e08b2	c1cf16a0	A/Leisure/DiskDemos/LSD-bigs.DMS/mod.trippin with rgb.pp
c4b0e357ca4e234bc731ca16edbd62b6	1	92272	player	uade	Protracker	0	111270	085d8a76	5fa7cec7	R/MusicFiles/Modules/beat_dis_paula.mod
c4b885cd49fc3ec1f6ec6b53f7350458	1	5867	player	uade	Protracker	0	103958	18402573	dc019ebf	R/MusicFiles/Modules/ultrasonic.pp.mod
c52150e23b5c8e79383c54230a14fb11	0	100893	player	uade	Oktalyzer	0	64804	18bab6e4	e37b651b	A/LegalTools/LSDlt008.dms/OK-songs/tar-grundlagen demo-song
c57967df41ba85b933edacbad6b68cab	1	225407	player+silence	uade	Protracker	0	112028	b46b4fe6	98261074	R/MusicFiles/Modules/red_planet_tale.ep.mod
c57f77c6f6f5a75b6c79ebe3efc913d6	1	207493	player	uade	Protracker	0	89370	d57bfea8	ccd0138d	R/MusicFiles/Modules/expressions.mod
c5a8d0786ac608bee740b04c40720e9c	1	146045	player	uade	Protracker	0	330216	6c80b70b	62070af2	A/Leisure/DiskDemos/ddi-f11.DMS/mod.2
c5ac3c834886c66c4ece7c9c048905c2	1	96291	player	uade	Protracker	0	17534	c27ac045	3fb1304c	R/MusicFiles/ChipModules/chipfunks.mod
c5db0ace9920b26645e815e418ec84e8	1	46216	player	uade	Protracker	0	9270	f0babccd	e30c1191	R/MusicFiles/ChipModules/se-chip0001.mod
c5f0f24fe9fdb15ba9683861ada4a5a9	0	128000	player	uade	SIDMon 2.0	0	5390	55be30c2	2ce6eee1	A/LegalTools/LSDlt072.DMS/modules/DemoSong.SidMonII
c619042a8c6fd13feda4d3d9bc863f4e	1	122997	player	uade	Protracker	0	38332	86132c45	04b0204a	A/Leisure/DemoMakers/VIDEOT199.DMS/VideoTracker/Modules/mod.techno2
c68fb3be089417742780e1db656484fc	1	100913	player	uade	Protracker	0	16256	49040d30	51555a9e	A/LegalTools/LSDlt030.dms/Modules/mod.equinoxe-4.Spirit.pp
c68fb3be089417742780e1db656484fc	1	100913	player	uade	Protracker	0	16256	49040d30	51555a9e	A/LegalTools/LSDlt031.dms/Modules/mod.equinoxe-4.Spirit.pp
c694c432d371dafd2691fcc4bcbd64a2	1	140519	player	uade	Protracker	0	114442	d4c4ad88	f58a295c	R/MusicFiles/Modules/sd10_gallery.mod
c6aa0d0f43b3d4c5b9d02c07d6de0746	1	126835	player	uade	Protracker	0	70800	92cb2d4f	ef0ef6a6	R/MusicFiles/Modules/wot,_no_amiga.mod
c6e01319cc6e01270a418f2368020fa4	1	271855	player	uade	Protracker	0	308210	07d8f0e9	5014653e	A/Leisure/DiskDemos/JB-MEL1.DMS/Modules/Mellow Mix III
c703356455ddac76623d7cd913870c3b	1	76981	player	uade	Protracker	0	21794	56d87bec	b7d2b960	A/Programming/Assembly/dcintro.lha/SA_Intro/Data/mod.shitty-beeper
c86714d99e56d22b257261991e2089b2	1	236690	player	uade	Protracker	0	243674	e299f555	f9a57637	R/MusicFiles/Modules/pink_wave.mod
c89a67628edaca1d9a2291e54d14401b	1	106700	player	uade	Protracker	0	68040	103a3002	a5d83055	R/MusicFiles/Modules/sleezy_bar_blues.mod
c92c0876a6abf92c4bae2f9ae8c32ac4	1	161397	player	uade	Protracker	0	164432	6dec233d	0708e96e	R/MusicFiles/Modules/salomon.mod
c97bde6b6dc1b0192e55848bc5b388a8	1	104148	player	uade	Protracker	0	302350	f1bfe34f	a0c86719	R/MusicFiles/Modules/trust_me.mod
c98fe3f3524a09cf92337ade43d67e59	0	180759	player	libopenmpt	Scream Tracker 3.00 (GUS)	25	257846	f311677d	1839206b	R/MusicFiles/ScreamTracker/Cool_City_-_volume_1.2.S3M
c9c2076c9200bfe2e8b5dd310e9a5e44	1	199656	player	uade	Protracker	0	192416	17a6f5c2	e233333c	R/MusicFiles/Modules/sonata_del_mbl.mod
c9d2ca4363ab225bab9854393b3bd83f	1	221474	player+silence	uade	Protracker	0	167974	466adedd	5b7421b8	A/Leisure/DiskDemos/DDI-F09.DMS/mod.1
c9f49b39862d80824b990967edf8bb88	1	169696	player	uade	Protracker compatible	0	106582	d3158c47	e4dc7371	R/MusicFiles/Modules/lemmings1.mod.mod
ca1fc35ff701f5eb93fbabdbcd3c124d	1	259959	player	uade	Protracker compatible	0	103202	2f084326	47d48c15	A/Leisure/DemoMakers/RSI-UTILS2.DMS/MUSIC/MUSIC1
caf751641979d1fb292c0b468c647f01	1	99968	player	uade	Protracker	0	58432	4a9d8215	6671f97a	R/MusicFiles/Modules/flik_flak_tune_09.mod
cb0df26c00c0fa144c5b16950ee09bd7	1	245893	player	uade	Protracker	0	92156	3f0cb93b	da807ae9	R/MusicFiles/Modules/alone_without_you.mod
cb5d1e1124c77a64a973c75786b9a009	1	180607	player	uade	Protracker	0	118364	01c304e1	525527e4	A/Leisure/DiskDemos/DDI-F14.DMS/mod.2
cb82ee98a01e53470e6d5c2e1ee6e279	1	147685	player+silence	uade	Protracker	0	142444	196a26d9	fe085ea2	R/MusicFiles/Modules/piece_of_spacefunk.mod
cb9e3cf7a2757d7aa0b913c3a5af5cd5	1	174197	player	uade	Protracker	0	73108	c74af334	580131d2	R/MusicFiles/Modules/delerius.mod
cbcce923c9396f9447ef0f5601b6b1c8	1	122534	player	uade	Protracker compatible	0	37928	098dd85d	caa30eb7	A/Leisure/Games/AmosPicturePuzzle.DMS/Modules/mod.SPRING IN LENINGRAD
ccc79cb2f9f50fcf321bb3661076a0a4	1	115381	player	uade	Protracker	0	111116	5d7b52a9	45c060b6	A/Leisure/DiskDemos/C&C-NEMW.DMS/mod.boom tschak boogie!
cd820e3cf8af19cd2f044e61b3eadd96	1	259668	player+silence	uade	Protracker compatible	0	51260	139988e7	3fa9cfdb	R/MusicFiles/Modules/bacardi.mod
ce4e7a0ec57cb7cc5572fcba50ee86d6	1	365132	player	uade	Protracker	0	263970	ee2c1905	34397dcf	R/MusicFiles/Modules/milano's_theme.mod
ce51615e41252fbece2d460c03766728	1	157740	player	uade	Protracker	0	146886	8485cbef	de2f6e3f	R/MusicFiles/Modules/mobyle.mod
ce798741e97d77af2db0b6bda0d77a21	1	321624	player+silence	uade	Protracker	0	154510	95b17952	6ee44681	R/MusicFiles/Modules/trance-universe.mod
cf1bf97531b325590aec6b94fc9c45c4	1	81140	player	uade	Protracker	0	99616	ef2c40c4	d69a1de7	A/Leisure/DiskDemos/DDI-F16.DMS/mod.3
cf1da69385d36bc97dd990600a283429	1	168249	player	uade	Protracker compatible	0	81808	654bdd78	5179c2f1	R/MusicFiles/Modules/instincts.mod
cfb61744c27da294bdaf9b8b44ae72b9	1	84616	player	uade	Protracker	0	25558	4a3a4559	4b09e895	A/Leisure/DiskDemos/MUMU-MU1.DMS/gk/mod.chip in motion
d027fa616af345e43d0592c2c252e2c0	0	156425	player+volume	libopenmpt	Scream Tracker 3.00 (GUS)	25	126076	b7af8c9b	ba4d39c5	R/MusicFiles/ScreamTracker/New_beginning.S3M
d035e6e79200ad54c1897445cb13cee3	1	116045	player+silence	st3play	Scream Tracker 3.00 (SB)	8	186633	ba84df4b	4b5e8e53	R/MusicFiles/ScreamTracker/The_White_Tiger.S3M
d08af38aab804cb9bf599810efe09e91	1	62573	player	uade	Protracker	0	56210	c85f225f	be0ec073	R/MusicFiles/Modules/flik_flak_tune_two.mod
d0e61283309c5d72a050d14fcb2e6704	1	299993	player+silence	uade	Protracker	0	347582	a5cbd2fd	8b8ac39f	R/MusicFiles/Modules/space_debris.mod
d116bd9f1515c29c84127ea05d78c7e5	1	179400	player+silence	uade	Protracker	0	213910	ef7c64b7	79ba0ef3	R/MusicFiles/Modules/daaamn.fine.acid.mod
d117b9f19d8f7b03443e12dabf8b9261	1	297133	player	uade	Noisetracker 1.x	0	184090	8df3120f	3143d767	R/MusicFiles/Modules/top20-2.mod
d14343e715ab353ea121497c05dc4c8d	1	107645	player	uade	Protracker compatible	0	12770	926ec40e	94bdfe2c	R/MusicFiles/ChipModules/it's_grim.mod
d16c4ecac0d98ad45db41b1aeabf61dc	1	152435	player	uade	Protracker	0	153584	775e2db4	9f43c448	R/MusicFiles/Modules/sonic_city.mod
d176bd2c4b24949c05b88d2f45904a95	1	317891	player	uade	Protracker	0	154468	fa5920c6	42d5ca4a	R/MusicFiles/Modules/extraction.mod
d1913634a8d827e768a52b41e1fcd366	1	350423	player+silence	uade	Protracker compatible	0	123768	f1f8a805	93eba829	R/MusicFiles/Modules/in_the_mix.mod
d1b83c9bcff980a913c35a8d00166e2f	1	23168	player	uade	Protracker	0	4590	72508285	94912eb7	R/MusicFiles/ChipModules/manhours.mod
d1c6e9340ba1dff24ba143d65f0bb31c	1	372617	player+volume	uade	Protracker	0	172426	4202521f	0a7ca68d	R/MusicFiles/Modules/spacedel.short.mod
d1cc6ccf28f426c74fc4ea2e4008a0ae	1	236569	player	uade	Protracker	0	345724	f5f29271	48afe8c6	R/MusicFiles/Modules/capricornmix.mod
d207fb646d205396fbf384e3318f0b4c	1	135334	player	uade	OctaMED MMD1	0	335074	2cda7177	acfac085	A/Leisure/Games/Klondike20B.DMS/MUSIC.LZH/Intro.MUSX
d20c08bc2cdf326a831273abd05a0b88	1	28996	player	uade	Protracker	0	72460	b9f47f78	adf3f1fa	R/MusicFiles/Modules/mod.beatsdemo.pp.mod
d21260938cbfc969483d089c6782fea0	1	363826	player	uade	Protracker compatible	0	156512	20bd27ab	54515798	R/MusicFiles/Modules/mind-distortion.mod
d29468e0e3c0d80fd2c1f62def6d1de0	1	48125	player	uade	Protracker	0	19602	befbab06	8441646b	R/MusicFiles/ChipModules/digital_pinkpanter.mod
d2c1fc6ff0a597b2c505ebcfb15e915c	1	167164	player	uade	Protracker	0	102560	8f91f545	35d8a471	R/MusicFiles/Modules/q-funk.mod
d2c419691ef226a22b510e6289a4dba6	1	330949	player+silence	st3play	Scream Tracker 3.00 (SB)	16	151034	e2de8a41	94f6db76	R/MusicFiles/ScreamTracker/Fishtro.S3M
d2c419691ef226a22b510e6289a4dba6	2	168691	player
d2c8bb747c4643a3a5b0a9411c28cfc9	1	311621	player	uade	Protracker compatible	0	151702	d19e79ee	2719a72b	A/Leisure/DiskDemos/DDI-F01.DMS/mod.3
d2d99cf44c01216cace7345264b7147e	1	73002	player	uade	Protracker	0	81228	fb658b55	53907543	R/MusicFiles/Modules/tuba_practise.mod
d2dec19ac20129c731ac13f0f1b0ef89	0	199797	player	uade	Amos Music Bank	0	94706	fd130d80	fed88e73	A/Leisure/Assassins/ASI-154G.DMS/music/tune2.ABK
d2e8276419812a809cafaddd41126d66	1	64120	player	uade	Protracker	0	17170	b6907ae9	500ea440	R/MusicFiles/ChipModules/intro_number_60.mod
d364bea8a673812b10890eaf10937688	1	230541	player	uade	Protracker compatible	0	69154	5951a623	071ae3ec	R/MusicFiles/Modules/64-amiga-song.mod
d3d3fbcfe7f3bb19b3cb254edc2f6bfe	1	388783	player	uade	Protracker	0	179532	2b847418	1d542ad6	R/MusicFiles/Modules/shamotronic.mod
d460b793624279c8c17f30c7e940f9f4	1	169365	player+volume	uade	Protracker	0	295408	67c03c98	0db71276	R/MusicFiles/Modules/wanderlust.mod
d4ccbe306749e7146b98fa0e04d6fa24	1	189388	player	uade	Protracker compatible	0	91794	492ec792	177c48a6	R/MusicFiles/Modules/against_all_nazis.mod
d6159443abec9a438ce919ae4a86f71f	1	165898	player	uade	Protracker	0	324094	02a6a905	a27903b0	R/MusicFiles/Modules/your_music.mod
d6199f1d4a58d3367a78d3d7cbedff64	1	203976	player	uade	Protracker	0	276506	0c9b8f5f	b0f73174	R/MusicFiles/Modules/hitfidoranmaremix.mod
d646faee89e3016048800ca1047abc99	1	208697	player+silence	uade	Protracker compatible	0	101100	485dc247	137d2d00	A/Leisure/DiskDemos/DDI-F01.DMS/mod.8
d6900a4f7b4b457b7adc0f1e9c55cb0e	1	59411	player	ft2play	Fasttracker (M.K.)	4	229592	12ffe475	c1e13c9e	R/MusicFiles/Modules/mod.k-rad.mod
d6c5a5b92b4b2e152fe50eb05a22c002	1	194693	player	uade	Protracker	0	60614	ec3946f0	8c0234c2	R/MusicFiles/Modules/fine_malt_lyrics.ep.mod
d6e8e811a51601cc8a156d2fe388acb0	1	213308	player+volume	uade	Protracker	0	211278	d6e4f20f	05edb652	R/MusicFiles/Modules/full_moon_rock.mod
d6eaec188478daf656029aead7e850d0	1	235786	player	uade	Protracker compatible	0	211634	7500ab99	3da8ae55	A/Leisure/DiskDemos/DDI-F07.DMS/mod.2
d70b4858380dc7b08c2cf277fe1cdba1	1	150775	player+silence	uade	Protracker	0	237306	8913fcfe	262b188f	R/MusicFiles/Modules/cannon_fodder.mod
d712b62b93f3ca52cb94846a1ad98a2a	1	152202	player+silence	uade	OctaMED MMD0	0	63016	36c02bb7	6057306b	A/Leisure/Assassins/ASI-157G.DMS/DRWHO/MOD.GAME.SONG
d71ced2037521c425999535896ea5653	1	138369	player	uade	Protracker compatible	0	76490	2c47f3ac	b3b28754	R/MusicFiles/Modules/piano_plinker_2.mod
d7768b357e996c5e9acb64c447ae4066	1	243944	player	uade	OctaMED MMD0	0	55926	b6580216	4614075f	A/LegalTools/LSDlt109.DMS/EdP.DemoSong3.pp
d7a9cd7ad0f8b21bcf4b63e183a97a29	1	405562	player	uade	Protracker	0	116818	aaeaa93e	3b031c72	R/MusicFiles/Modules/this_1's_for_abbie.mod
d83749dbff8adfe1e3f1f29fb6985b6b	1	250475	player+silence	uade	Protracker	0	191170	dc7c990d	d157fde7	R/MusicFiles/Modules/beneath_dignity.mod
d8422c613df5be9534f26a7a0bb30828	1	228110	player	uade	Protracker	0	176630	386d5bef	d5bedd63	A/Leisure/DiskDemos/DDI-F01.DMS/mod.7
d88c39a27f44f723866af77f49947ce4	1	207169	player+silence	uade	Protracker	0	230652	4d22af21	d3b29503	A/Leisure/DiskDemos/DDI-F03.DMS/mod.2
d8ed7c62ae336b9eb6acc3ad0d71dacc	1	172931	player	uade	Protracker	0	170648	f601c7f9	ef25ec25	A/Leisure/DiskDemos/MON-SYN2.DMS/MoN_Demo/MoN_Music/mod.Strategy
d926dc28e6acfa76b70f21c2f7819d4f	1	199797	player	uade	Protracker compatible	0	78758	2bfe68a6	56ce32a2	R/MusicFiles/Modules/gotta_swing.mod
d95e8daa21d3d97f8a1cc04bd6e18285	1	120715	player+silence	uade	Protracker	0	106202	9868114c	7b99d544	A/Leisure/DiskDemos/DDI-F14.DMS/mod.6
d97c931646d1aac08744cca4949a29bd	1	130693	player	uade	Protracker compatible	0	107476	9372c76d	56c271c9	A/Leisure/DiskDemos/TSP-RM1.DMS/mod.pitfighter
d9ff2fd6e47b477575545a79844f1a2b	1	30824	player	uade	Protracker	0	7962	6d56d676	3ff0f5f7	R/MusicFiles/ChipModules/enchantment4.mod
da1f73cd77e5f4117ca9580f6915594c	1	65406	player	uade	Protracker	0	187400	2448e1c3	61a46ff6	R/MusicFiles/Modules/cry_baby.mod
dad00cbe1755402ba4f87f3f39c3b262	1	6510	player	uade	Protracker	0	3952	a0db3e95	7d26d5cf	R/MusicFiles/ChipModules/4_iloista_veikkoa.mod
dae345bb7293a9273074b8050ac5bd84	1	185731	player	uade	Protracker	0	88962	92883e30	cce72487	R/MusicFiles/Modules/happy-answer.mod
db0c466b81b975b1d0f96ce4eacb2b98	1	46216	player	uade	Protracker	0	58080	345b9992	27d46a6c	R/MusicFiles/Modules/traveling.mod
db1de2457098e8e303b2d5047f755cbb	1	69224	player	uade	Protracker	0	71832	b525b08c	00ec75e3	R/MusicFiles/Modules/dumiskallo.mod
db25022152914a01ce9bead5311bf12f	1	122997	player	uade	Protracker	0	197126	2f38dfb2	4cd3da6e	R/MusicFiles/Modules/junc.mod
db529fde1d826c9d18e7e542c372bbef	1	76920	player	uade	Protracker	0	6514	efdc18cd	2c7044b4	R/MusicFiles/ChipModules/lamp_of_asharam.mod
dbd7e86809297035554cfae921073800	1	100933	player	uade	Protracker	0	148572	9bccb825	d7e9a8b5	A/Leisure/DiskDemos/OLD-TD5.DMS/mod.mix02
dbf0af8cf00f84556f1d182f5f2df30a	1	245893	player	uade	Protracker	0	184194	8edc3004	0cada8d7	R/MusicFiles/Modules/chronicle.mod
dca61ab200fcc156aa30f78a691d4365	1	192141	player	uade	Protracker	0	61188	2a3016e8	285b388a	R/MusicFiles/Modules/neological.mod
dd35515d85a6a7c6ec33489729b7b13c	1	34682	player	uade	Protracker	0	19520	3704d107	23b356ee	R/MusicFiles/ChipModules/_gaily_.mod
dd4dd7e545122b54337e3eb5dc422683	1	185731	player	uade	Protracker	0	101080	54e4570a	c4413c1d	R/MusicFiles/Modules/ska-ville_u.k..mod
dd729d73a9c2c6202b98a2484191f9b0	1	170560	player	uade	Protracker	0	197808	af01afb8	cdf304e5	R/MusicFiles/Modules/natty_dreddy.mod
ddb531247e19eab4f2a56cd2dd9aaf85	1	186650	player+silence	uade	Protracker compatible	0	231904	53f94faf	4a12680e	A/Leisure/DiskDemos/DDI-F07.DMS/mod.3
ddbb1969dcd7cf4c9c1c0acec2be59e6	1	45433	player	uade	Protracker	0	43176	09ba7331	019234a5	R/MusicFiles/Modules/atl_38.mod
ddbce30b80cfc18e63081d2d187e1b8e	1	69224	player	uade	Protracker	0	9308	65e11972	d0fe3fe8	R/MusicFiles/ChipModules/energy.mod
de76db1c5ef4c4ded4bc7ce152713a67	1	182918	player	uade	Protracker	0	542492	15a5100e	5706e41b	R/MusicFiles/BigModules/late_nights.mod
ded9de2076cb68e85f729921746cd53e	0	65306	player	uade	DeltaMusic 2.0	0	30470	47d54774	34ab433e	A/Leisure/DemoMakers/RSI-HELP&UTIL.DMS/DeltaMusic-mods/CHINA BOY
dedcec1a2a135aeb1a311841cea2c60c	1	258693	player	uade	Protracker	0	139008	759485b8	a9f0d56b	R/MusicFiles/Modules/-_look_at_me_-.mod
df1ecfc5130180acfd7ff92ecc4082f9	1	210097	player+silence	uade	Protracker	0	269300	d974f30e	45045d7b	A/Leisure/DiskDemos/DDI-F18.DMS/mod.2
df57b9d68aede338e2eae7b835831afc	1	211934	player	uade	OctaMED MMD1	0	105056	902b5af6	a9b3f747	A/Leisure/DiskDemos/LFR-PAND.DMS/THE-PROCESS
df5eb9e877c4e65325b0c788ff4d82c5	0	216608	player+silence	uade	Amos Music Bank	0	76526	b6f83bed	c621d302	A/Leisure/Assassins/ASI-142G.DMS/DATA/music.abk
df6c508faa78b08f7234d2151d5975ff	1	153721	player	uade	Protracker	0	72342	b1b77062	9f27b5fb	A/Leisure/DiskDemos/DDI-F09.DMS/mod.6
dfa42376c919f71ff0a5d9d2afdd8fb3	1	270288	player	uade	Protracker	0	194726	69ff70eb	d0705e80	R/MusicFiles/Modules/anarchy-flowerpower.mod
dffa0c912f30dbd72a78e4ea57bad26e	1	65125	player	uade	Protracker	0	14966	feb6a5a0	8cf60b82	R/MusicFiles/ChipModules/15k_boogie.mod
e0597bb0db35e9734cf6b6f5d262aa0a	1	125227	player	st3play	Scream Tracker 3.00 (GUS)	8	235521	91ad359d	c7ce05ba	R/MusicFiles/ScreamTracker/Ice_Frontier.S3M
e08b9fec13ffadde96dde5297af71404	1	184445	player	uade	Noisetracker 1.x	0	106240	e21ddb03	2e65c3ab	R/MusicFiles/Modules/space-journey.mod
e0a705a834a147c47e0c1050e3f86409	1	116110	player+volume	uade	Protracker	0	212644	a07bcd25	54fc767f	R/MusicFiles/Modules/dead_fish.mod
e0a9b84ded1f5ce7640ef7a619e946b8	1	177220	player+silence	uade	Protracker	0	206444	b8fda290	8f2b58b0	R/MusicFiles/Modules/essence_of_blues2.mod
e17068b56befbc90010aa5ba9645b1f5	1	50155	player	uade	Protracker	0	536638	25367ab6	8b725a3c	R/MusicFiles/BigModules/i_wanna_fuck_lisa.mod
e230f702f7da7400b367fcd505b020e8	1	224432	player	uade	Protracker	0	95776	c412a53c	6d3dda14	R/MusicFiles/Modules/paradise_dream.mod
e2f224fadebc72f9bae546afc2296102	1	64120	player	uade	Protracker	0	12782	d2e09730	537c2c06	R/MusicFiles/ChipModules/rainbow.mod
e2f3fa4d7d03291c307f95c90feb9459	1	250928	player+silence	uade	Protracker	0	162682	45a1d7f6	1d5daaec	A/Leisure/DiskDemos/DDI-F04.DMS/mod.1
e3172b9033a0db3566b1b079c8fb4ab6	1	30824	player	uade	Protracker	0	10928	a5a943cc	35685dcf	A/Leisure/DiskDemos/MUMU-MU1.DMS/ms/mod.kennelklubben
e33d511b3332c32edb9872f92728e099	1	239041	player	uade	Protracker	0	216614	e78a2def	45257709	R/MusicFiles/Modules/groove-theme.mod
e342e95983674427bf37dad459028058	1	29277	player	uade	Soundtracker II (31 instr.)	0	215892	03f215a0	25f958b4	A/Leisure/DiskDemos/HCD-HOLB.DMS/The Steel Dome
e37c0118eb144af49ddbce12698a5fea	1	276034	player	st3play	Scream Tracker 3.01 (GUS)	16	149794	57fc00ea	3dc997e2	R/MusicFiles/ScreamTracker/The_Stationary_Ark.S3M
e38922a04a45bf4f3ae8e73c8ad80130	1	222845	player	uade	Protracker compatible	0	130006	6dd63391	652070dc	R/MusicFiles/Modules/babyface's_song.mod
e41ede242a493c560cc8e6305a3bc0ab	1	262531	player	uade	Protracker	0	102464	3071a3ee	e513a209	R/MusicFiles/Modules/saxo_forever.mod
e5ff56c4ef59524417b85074c8c11689	1	271481	player+silence	uade	Protracker	0	288004	1abfa811	95afc33d	R/MusicFiles/Modules/spanish-armada.mod
e64e18761e4850c881c2dd298b462c60	1	62834	player	uade	Protracker	0	57324	95e56eb7	6e8fb153	R/MusicFiles/Modules/flik_flak_tune_08.mod
e6a15e2f70dc46e0d458cc088d0f2ccf	1	23168	player	uade	Protracker	0	7730	63a675af	366ec2db	R/MusicFiles/ChipModules/do_you_wanne...yep.mod
e73746299ab49fbf827f0119f8e6cd75	1	253548	player+silence	uade	Protracker	0	179712	2c0d39f7	b411c23b	R/MusicFiles/Modules/i_l_l_u_s_i_o_n_s.mod
e73abc1e4563f2b3c5b3cf4d84656008	0	192121	player	uade	Amos Music Bank	0	45200	c3781d51	e6fd3dba	A/Leisure/Assassins/ASI-183G.DMS/music.abk
e7df8651b00a4d0857ea36bd3e49ecd3	1	165637	player	uade	Protracker	0	158966	483837b0	8a157114	A/Leisure/DiskDemos/ddi-f13.DMS/mod.1
e7f6a887f5a676fa24bf68d7528a3403	1	159166	player	uade	Protracker compatible	0	131473	5d0691f3	6e2c4bab	A/Leisure/DiskDemos/DDI-F10.DMS/mod.8
e837997f5e954cbe260d6811bccaa82f	1	41072	player	uade	Protracker	0	6260	7f5ee449	976aff6c	R/MusicFiles/ChipModules/sixteenth.mod
e86a3cbda2ee37cdc64a89ddb28fcf8c	1	70209	player	uade	Protracker	0	16948	5fddf424	22038c69	R/MusicFiles/ChipModules/raw.mod
e8ccc8a54eebd29742d6040e0f846625	1	296872	player	uade	Protracker	0	96802	3716fc59	939fe015	R/MusicFiles/Modules/african-bush.mod
e8e4218be1dbb3ec6dceef9583086204	1	146045	player	uade	Noisetracker 1.x	0	94848	f055c435	3fbcad83	R/MusicFiles/Modules/aliens-on-earth.mod
e964f4d8b96bf6220a4bbb4fa079de4e	1	53872	player	uade	Protracker compatible	0	15912	21dc68a4	9791b852	R/MusicFiles/ChipModules/music.mod
e9897086ae9284487a41c3962c061adc	1	134531	player	uade	Protracker compatible	0	316066	6e3d09e2	1bdf4b1c	R/MusicFiles/Modules/simpsons2.mod
e9f68d5677c2cb90694a690fa1101dac	1	246375	player	uade	Protracker	0	125986	5252e5f1	92a57d1c	R/MusicFiles/Modules/digital_e-motions.mod
ea2fad2d493c7ca48fa88e6a2d2cb74b	1	139199	player+volume	uade	Protracker	0	120072	c5b7ebaa	0df2a8b8	R/MusicFiles/Modules/bring_me_back.mod
ea57d4d6f35951f6840489aee2c12940	1	62513	player	uade	Protracker compatible	0	17532	57691760	afd3ad5b	R/MusicFiles/ChipModules/kaukasus_karosseri.mod
ea9ae9303d368ecd555b3a27604e589f	1	193105	player	uade	Protracker	0	534088	71d9bf5a	8907794f	R/MusicFiles/BigModules/shock.mod
eaaa15d22ee5b0236efbfc50d708f922	1	239222	player	uade	Noisetracker 1.x	0	173528	2d54c37b	231082e8	A/Leisure/DiskDemos/RAF-BT3.DMS/mod.5
eaf1fced805b47580bfd3af04deb4177	1	115321	player	uade	Protracker	0	16782	ee955b61	c06376a8	R/MusicFiles/ChipModules/it's-ram-hot.mod
eb49bfcf0f5ae290f4b5da5712639fb3	1	38520	player	uade	Protracker	0	21080	40ccec0c	3ec463e6	R/MusicFiles/ChipModules/blizzard03.mod
eb76e4c36b78b1fb2382c1594e06b20c	1	224131	player	uade	Protracker	0	189568	0b36a646	c96b9951	A/Leisure/DiskDemos/DDI-F17.DMS/mod.2
eb810fab4e5e299308fcb46b3718cb36	1	188605	player+silence	uade	Protracker compatible	0	161044	6375acd7	a5840c60	A/Leisure/DiskDemos/DDI-F05.DMS/mod.5
ebbf6ffc142f1b57aa6b263f2b17f490	1	46216	player	uade	Noisetracker 1.x	0	13468	bf11444c	227dfa5a	R/MusicFiles/ChipModules/dosongdeluxe.mod
ebcfc454a5aab1118c9e7387269c2835	1	213461	player	uade	Protracker	0	251964	3b77addf	30a66bbc	A/Leisure/DemoMakers/VTV-BLERK.DMS/VideoTracker/Modules/mod.blerk
ec0f96d2f1f09417bd0f73952ecf0918	1	176528	player	uade	Protracker	0	40756	5b4e8a7b	adc94e58	R/MusicFiles/Modules/sight.mod
ec112c20a2ea59fbe8be23aeba1addac	1	51220	player	uade	Protracker	0	13204	afa78a99	b98c2d00	R/MusicFiles/ChipModules/chiptune_no._27.mod
ec2c97b333399e8e972849aeb2684043	1	61568	player	uade	Protracker	0	10448	8ce6b441	ccceca07	R/MusicFiles/ChipModules/-hanging_fire-.mod
ecc771ee2bfe1191dfd130da33833eb5	1	238498	player	uade	Protracker	0	125586	0cdd9644	97e94255	R/MusicFiles/Modules/easter_islands.mod
ed432f0570fe13797e148993ce7225b6	1	120967	player	uade	Protracker compatible	0	198290	447f9edf	dac90246	A/Leisure/DiskDemos/DDI-F07.DMS/mod.4
ed6cf3b36440c7848064bd9071785ed7	1	90283	player	uade	Protracker compatible	0	80644	93e4105f	7510e0c1	R/MusicFiles/Modules/breath.mod.mod
ed7dd6926dbbec9f4f6c761c9e6ad340	1	287533	player+volume	uade	Protracker	0	304082	6c9fab60	db88ed18	A/Leisure/DiskDemos/JB-MEL1.DMS/Modules/Mellow Mix I
ed92b7fc06e98fd0020589bca5145182	1	143231	player	uade	Protracker	0	46398	281aa71a	fbbb8837	R/MusicFiles/Modules/herald.mod
eda151f6c0e44ed0a6a645960569142e	1	94242	player	uade	Protracker	0	188866	4597d2b5	06a277a1	R/MusicFiles/Modules/laudamus_te.mod
eda4a4d3a8f1c135e99e403710a721da	1	53872	player	uade	Protracker	0	8626	2a0e23f5	dbbbb561	R/MusicFiles/ChipModules/chip-001.mod
edb6f6d46ae10fc41ead22cf1735060b	1	84616	player	uade	Protracker	0	93790	a1c9c97e	557f6f79	A/Leisure/DiskDemos/MLW-CR.DMS/mod.nonameyet!
edbe05b91788d583fabb2adef910733a	1	56424	player	uade	Protracker	0	17244	31d948b4	b52e1e5e	A/Leisure/DiskDemos/MUMU-MU1.DMS/gk/mod.leisa
edf58063dbcbe5cc63df7d03eec8ca38	1	328069	player+volume	uade	Protracker	0	359690	0e84272d	0a06b79b	R/MusicFiles/Modules/u_got_2_let_music.mod
ee0b4b0a8d7bd12d4aa8e14851403bbf	1	268564	player+volume	uade	Protracker	0	402166	b02688d3	da0d3f83	R/MusicFiles/Modules/beyond_music.mod
ee0f9412d82faef7a26844a4f2af545f	1	339814	player	uade	Protracker	0	184310	be733072	748f7f5d	R/MusicFiles/Modules/x_to_see_hardcore_2.mod
ee21dcacc2d2f1585a248ac6e454cc0a	1	184023	player	st3play	Scream Tracker 3.00 (SB)	16	155500	24b9e765	392ce243	R/MusicFiles/ScreamTracker/Pinball.S3M
ee21dcacc2d2f1585a248ac6e454cc0a	2	45392	player
ee49f708713c4b8e7c765bc6f3cf6ae7	1	108931	player	uade	Protracker	0	63518	8d71c0b5	5572818c	R/MusicFiles/Modules/adtrosity.mod
eed3162550be4224d9d12400cae1bde2	1	107297	player+silence	uade	Protracker compatible	0	92208	7467a459	2e1869f8	R/MusicFiles/Modules/noone_home.mod
ef20e56ba06b2d6de808af15ac83010f	1	245893	player	uade	Protracker	0	121058	e6ec620c	01196615	A/Leisure/DiskDemos/DDI-F08.DMS/mod.1
ef8b7c79307c977255c8f04a7fdb80e0	1	156112	player	uade	Protracker	0	139608	6a1b9fc7	1a9ad868	R/MusicFiles/Modules/mindriot-theme.mod
ef8b7c79307c977255c8f04a7fdb80e0	2	118194	player
ef8b7c79307c977255c8f04a7fdb80e0	3	159186	player
efd5806d0c55df3f9c59e74520b481e5	1	363199	player+volume	uade	Protracker compatible	0	439792	e69ca03d	36069640	R/MusicFiles/Modules/islandofspice.mod
efe8577c5cc49ece42b86047b4ba7f1f	1	185068	player	uade	Protracker	0	322354	2279d1ae	e60efbe2	R/MusicFiles/Modules/camp2.1.mod
f038c29b7f6e2798586c884a481834cc	1	200463	loop	uade	Soundtracker II (31 instr.)	0	172318	3320306c	40eb7d9b	A/Leisure/DiskDemos/HCD-HOLA.DMS/South Of Sense
f041e83802ae39c95f0018024b5ea800	1	188604	player	uade	Protracker	0	130140	a5e31b8b	9f2ad262	R/MusicFiles/Modules/pbcfhivshfacyt.mod
f04e60cd9a91ac4327329d267c1260b2	1	300150	player+silence	uade	Protracker compatible	0	107692	1c3c3da7	fb896dc1	R/MusicFiles/Modules/fctitletune.mod
f06b3744326ba0e57d48b70687e73d45	1	69224	player	uade	Protracker	0	15960	5b3e8e08	f8145254	R/MusicFiles/ChipModules/megaflipp'o'flopp.mod
f0804cf27b4cde42f0348771ed8597f8	1	306618	player	uade	Protracker	0	135752	9ed37f2f	7c647104	R/MusicFiles/Modules/foundations.mod
f0cd18378651e43c1599d366f058981e	1	134531	player	uade	Protracker	0	62810	8897400d	6f89c70c	A/Leisure/DiskDemos/DDI-F02.DMS/Mod.5
f118821b85e9f2390ffb46deff119c3c	0	7796	player	uade	Amos Music Bank	0	12244	6be3423e	8a39c77e	A/Leisure/Games/CaveFlight.DMS/music/gameover.abk
f1b887b3f607e02cd6825c319191b9aa	1	120123	player	uade	Protracker	0	136660	77db1344	a240b9b9	R/MusicFiles/Modules/odyssey-part3.mod
f203bae2f7baecac2f4997569f67904e	1	57730	player	uade	Protracker	0	13616	b58655ce	8b7904bf	R/MusicFiles/ChipModules/moonwithsun.mod
f21a6cefe7deaa014a8782d535d24765	1	44910	player	uade	Noisetracker 1.x	0	51320	41fcb360	7a7a5877	R/MusicFiles/Modules/fairlight.mod
f2450cb5761fa773464a91387e4161e4	1	229275	player	uade	OctaMED MMD0	0	68734	47a44778	795c62a4	A/Leisure/Assassins/ASI-147G.DMS/BackSong
f25ccfa9d28ab55a37a2f5722c706728	1	102520	player	uade	Protracker	0	196354	35c604f5	fb0de6ea	R/MusicFiles/Modules/by_the_coast.mod
f2686f824c0a5290246efdfcb4060d4c	1	319947	player+volume	uade	Protracker	0	144822	7cb7a167	d69d8f1b	R/MusicFiles/Modules/teknohaus_1.mod
f312377b3a2f6f794132bfce7aa655da	1	317208	player+silence	uade	Protracker	0	222922	38a5b5c0	be4ba262	R/MusicFiles/Modules/give_in_to_me.mod
f3255fa98ec9783f1d122456dfeac15e	1	175925	player	uade	Protracker	0	109050	628780bd	f94fd8a3	R/MusicFiles/Modules/lopp.mod
f337fe907f9fafc3d2f18639e6ccf70f	1	127678	player	uade	Protracker compatible	0	76406	d4336a12	3e799166	A/Leisure/DemoMakers/FUTUREWRIT12.DMS/mod.snow-runner
f34358bba7cadf258b13bd40ed970b00	1	230139	player	uade	Protracker	0	391668	28055817	8875d6dd	R/MusicFiles/Modules/hard_to_the_core.mod
f3e6443882f3a6f96a91a5e333e4932f	1	338789	player	uade	Protracker	0	414864	c1473d7a	ee0acabb	R/MusicFiles/Modules/ethnomagic_nhp.mod
f45782f71cb362d9d0e9c9be2e6c310b	1	92272	player	uade	Protracker compatible	0	42402	a8ce5773	0473d1ef	A/Leisure/DiskDemos/TSP-RM1.DMS/mod.branston
f49dd11da6e8938d4b1b903f79c7bbb1	1	84616	player	uade	Protracker compatible	0	12630	47556b20	c7f0abee	R/MusicFiles/ChipModules/mean_machine.mod
f4babcc46d79c391e5955cddc7b8759f	0	16890	player+silence	uade	Amos Music Bank	0	76116	751094af	a54499d4	A/Leisure/Games/ShootEmBaddies.DMS/Digital Ninja-Music/Digital Ninja Theme.Music
f4c598ffc2c4fbf570f74d4a979bd938	1	140096	player+silence	uade	Protracker	0	156768	1f7207e8	5ef2ce4b	R/MusicFiles/Modules/escapade.mod
f55d0d70e81387591e116c35441d3484	1	150646	player	uade	Protracker	0	236880	b38109a2	e59d2240	A/Leisure/DiskDemos/DDI-F06.DMS/mod.5
f5b81d38aaedb91aae76fdfe0af023f4	1	84616	player	uade	Noisetracker 1.x	0	22248	e2ffd8e4	616dc04f	R/MusicFiles/ChipModules/prelude.mod
f5bcfb3093d917e5330028ec39bad585	1	16659	player+silence	uade	Protracker compatible	0	125987	00159757	923c9962	R/MusicFiles/Modules/untitled_song.mod
f5d434dccdb60445674de6c89206920f	1	280134	player	uade	Protracker	0	114732	ffad5167	93e8cdaa	R/MusicFiles/Modules/trancelation_2.mod
f695bf3f4cff6e674b5e26e487c0f692	1	46216	player	uade	Protracker	0	25544	b51039b9	04182ab3	A/Leisure/DiskDemos/MUMU-MU1.DMS/ms/mod.snigeldreams
f6ae73d495ed2aa20fdf8ae1ff096f82	1	366238	player+silence	uade	Protracker	0	66356	3476d4da	0ff62d28	R/MusicFiles/Modules/i.bring.you.mod
f6c6a37f24aac8d7279767146bdc0194	1	257421	player+silence	st3play	Scream Tracker 3.01 (SB)	10	105076	b4a383e8	fb7148ef	R/MusicFiles/ScreamTracker/ABNORMAL_REFLECTiONS.S3M
f6cdf5da9df4ea9c5db14fac0f2c9c18	1	256965	player	uade	Protracker	0	276592	139353cb	869fd30e	R/MusicFiles/Modules/manic-minor.mod
f6f322acd656d62a04ba591d2d430ebf	1	32110	player	uade	Protracker	0	5848	e5fc3b1e	7da0ca4d	R/MusicFiles/ChipModules/abc_for_me.mod
f717ea7c673a1649bb7ced164411ad70	1	140338	player	uade	Protracker	0	319210	9a21f322	f7826441	R/MusicFiles/Modules/give_it_up_man.mod
f749b9c8801f733ce5cb15c60731429e	1	276115	player	uade	Protracker	0	365660	6e1c3bff	02627459	A/Leisure/DiskDemos/DDI-F17.DMS/mod.4
f75f3f9459aa45d584cdcf8692b60d52	1	327315	player	uade	Protracker compatible	0	154248	bfd15a8d	b0c5c3a1	R/MusicFiles/Modules/pleasant_variations.mod
f7a22a52fe29fcc3d8cd5c55137043a7	1	238197	player	uade	Protracker compatible	0	56644	8e11d35b	56f8b49d	R/MusicFiles/Modules/blue.monday.mod
f7c077882bec0d038f35bacdfb73581d	1	548312	player+volume	uade	Protracker	0	422916	af2f1947	9a356975	R/MusicFiles/Modules/the_garage_of_god.mod
f7d42fd41c5cbbb361f504f4a413b532	1	156293	player	uade	Protracker	0	335378	39c7d6b9	075e9096	R/MusicFiles/Modules/trinity_paradox.ep.mod
f7fa7177a491b22413266fd7577845de	0	161417	player	uade	Amos Music Bank	0	50072	9b83b4af	9b9f2913	A/Leisure/Assassins/ASI-149G.DMS/frozen_to_death.abk
f83cddb3d912d0444ca36670b5fb04ec	1	117872	player	uade	Protracker	0	68266	e7009d47	cc2b0172	R/MusicFiles/Modules/lioth's_theme.mod
f8400b5ff8fe43e2cf34b3db303ac71c	1	99968	player	uade	Noisetracker 1.x	0	139812	40e01465	d89797fb	R/MusicFiles/Modules/think.mod
f8a2d68674bffc95395f1b7050540df8	1	317851	player	uade	Protracker	0	123914	dacecf17	cd173466	R/MusicFiles/Modules/multica.mod
f99d9e8f718b3d29e01c63adb934ee99	0	199797	player	uade	Amos Music Bank	0	79970	d09fb14f	d5debb7c	A/Leisure/Games/MooseDrive.DMS/Title.mus
f9f2a060d80b6d6c3dad513cf9be803b	0	359767	player	uade	FutureComposer 1.3	0	23434	ed9acc28	e6f0b21b	A/Leisure/DemoMakers/RSI-HELP&UTIL.DMS/future-comp-mods/mod.shaolin.5-6
faf40f9b6f041329b560c7922d1fec59	1	552074	player+silence	uade	Protracker	0	301816	143050ed	231a4123	R/MusicFiles/Modules/==-_1994_-==.mod
fb53af53f0e23d69fa41b90ec2c7ad88	1	180887	player+silence	uade	Protracker compatible	0	65352	57b67fa9	2c7506b3	R/MusicFiles/Modules/mod.jaunn.mod
fb989f97ec448c6672a8a64e6c3739a9	1	173945	player+silence	uade	Soundtracker II (31 instr.)	0	128116	6727b81f	a6eafd85	R/MusicFiles/Modules/motivation.mod
fba374f0006c06be5e801ee25a8ea221	1	30824	player	uade	Protracker	0	43218	1429aebc	956f9750	R/MusicFiles/Modules/chip.1.mod
fba688563195812368df4867873d2d14	1	134531	player	uade	Protracker	0	136480	7436d2c0	69a139ce	A/Leisure/DiskDemos/ddi-f13.DMS/mod.6
fbb0e989cfa38fdf3d570ff4c208a523	1	100913	player	uade	Protracker	0	136706	d87e9e34	4288e56f	R/MusicFiles/Modules/dreamland.mod
fbcff3d9ea98e1f436cc83d81cc58658	0	61548	player	uade	Amos Music Bank	0	43560	12f7e592	ef6c3736	A/Leisure/Assassins/ASI-154G.DMS/music/tune5.ABK
fc120eaf0554de1454407fe4e18f0cc5	1	285157	player	uade	Protracker	0	302260	cec8e6a3	e93d3757	R/MusicFiles/Modules/frontline.mod
fc49e0c28b38527ffe350bf7842bd2e4	1	174961	silence	uade	Protracker	0	139286	68ef60f0	3d3f8a98	R/MusicFiles/Modules/elfmania.mod
fc631c396ce9c49a2f7b86d28308b7a1	1	428252	player+silence	uade	Protracker	0	189600	d3dc6e24	bd9bb0ef	R/MusicFiles/Modules/1992.mod
fcaecd51a32dc2da746774ad3dd4c1ab	1	442696	player	uade	Protracker	0	163246	fd109705	024cb1e9	A/Leisure/DiskDemos/DDI-F12.DMS/mod.2
fce2d917fff3b4430b5a6f9585846ea3	1	71173	player	uade	Protracker	0	16520	69e557eb	23b1373c	R/MusicFiles/ChipModules/explosion.mod
fd2e426344efc31fb8496331452c0b32	1	317569	player	uade	Protracker	0	265588	10828774	061e11a1	A/Leisure/DiskDemos/DDI-F18.DMS/mod.1
fd30e3935b9e3875f2547cf7d3469ac9	0	216375	player	uade	Amos Music Bank	0	126776	b03849de	f18abddd	A/Leisure/Games/SuperBattlezone.DMS/tunes/Intro tune
fd70a44571768613f5695deae47f0faa	1	122997	player	uade	Protracker compatible	0	11744	d9867c5b	80ed4a1c	A/Leisure/DiskDemos/TSP-RM1.DMS/mod.light
fdb29ff09d9b1e6c6c820811c6e90291	1	171921	player+silence	uade	Protracker	0	149744	319b5081	995d10b3	R/MusicFiles/Modules/rest_your_legs.mod
fe10e1e3836864a401b2a874decde661	1	171002	player	uade	Protracker compatible	0	33392	885be68c	8a430963	R/MusicFiles/ChipModules/-your-face-....mod
fe23e212b97e71bdfdf080d733a56ed1	1	33738	player	uade	Protracker	0	15280	eda1a32d	f8ad690b	A/LegalTools/LSDlt021.dms/mod.music
fe2e77cfbf8490022c428e2300a57039	1	267362	player+silence	uade	Protracker	0	131278	d8c4fbd9	8939fca3	R/MusicFiles/Modules/nancy_you're_so2.mod
fe3d22c9c0975cb2dd4e72ef6690a0a4	1	230059	player	uade	Protracker	0	123000	c4b4ba49	bad5771f	R/MusicFiles/Modules/the_christmas_music.mod
fe5b6f548deefb655fad2bff2b07b149	1	362279	player	st3play	Scream Tracker 3.00 (SB)	9	197290	0c45c9fd	f1581d6c	R/MusicFiles/ScreamTracker/Realm_of_Chaos.S3M
fe78ffe5b290b26ba13457442586f0eb	1	199092	player+volume	uade	Protracker	0	310520	611695ef	a2a2ae86	R/MusicFiles/Modules/marching_south.mod
fee1972899b4c5f893f4479071c75f7a	1	125488	player	uade	Protracker	0	134876	44b55383	197cc0a0	R/MusicFiles/Modules/banal.mod
ff2be2493f82149b4cabc2d7730934ec	1	169093	player	uade	Protracker	0	140514	72064cfa	42a8b3d4	R/MusicFiles/Modules/i'll_be_waiting_4_u.mod
ff4e8eee9c4ec3c22ed1018e8b8c13a0	0	145984	player	uade	FutureComposer 1.3	0	10148	1cd7b492	2b697ab6	A/Leisure/DemoMakers/FUTUREWRIT12.DMS/fcm.rebels
ff5beb204ca15b1caf7e12fe33c19804	1	44910	player	uade	Protracker	0	54250	ac43f151	7ae329eb	A/Leisure/DiskDemos/MUMU-MU1.DMS/gk/mod.show me your
ff6b053c5743a919d091818b93e210b0	1	178225	player+silence	uade	Protracker compatible	0	125818	17286243	bb48d70a	A/Leisure/DemoMakers/RSI-UTILS2.DMS/MUSIC/MUSIC2
ff6b053c5743a919d091818b93e210b0	1	178225	player+silence	uade	Protracker compatible	0	125818	17286243	bb48d70a	R/MusicFiles/Modules/serenade_to.......mod
ff7ca8aee91db3ec76a043b8cae45337	1	220775	player	uade	OctaMED MMD0	0	21070	94d94c4e	ae4c3efa	A/Leisure/Games/MegaBall30.DMS/MB_Music/MBmus04
ff90b08e26a82bef1b8b189ff5e04a91	1	230265	player+silence	uade	Protracker	0	197288	d1c991a8	0ca1abee	R/MusicFiles/Modules/decibel_overload.mod
ff96f908df812431b95091e2cf0278c8	1	217219	player	uade	Protracker	0	145042	51d86ec7	6fb8167f	R/MusicFiles/Modules/intruder.mod
