00363bc76b560591d2afadec00f84fef	0	153192	player	libopenmpt	MadTracker 2.0	15	92596	d5710d92	70e0c73c	2/songs/nt/kiss from a 303-3.mt2
004acbdc54d0a8a6b18a8c7932f86b8b	1	230466	player+silence	it2play	Impulse Tracker 2.14+	22	929568	0004873d	dc74792a	2/songs/Willbe/wb-shutd.it
00793e8cc5684573ed62008b13882cc4	1	179922	player+silence	ft2play	FastTracker v2.00	18	466882	2c63b37b	29fc0e1a	2/songs/Reptile_&_Sky/OUTRUN2K.XM
0080267716f3057a9b8d0ce90479ebeb	1	358647	player+silence	it2play	Impulse Tracker 2.15	36	5614711	80cc57b2	0c04b688	1/songs/Coocane/coc_rlf1.it
0089739913232ca6d7268b46a52eaeea	1	92007	player	ft2play	FastTracker v2.00	10	38053	650cbf01	e4e37ed3	2/songs/zipp/in2deep.xm
00b6ac427543aea22d4974caeec72c0f	1	268385	player	ft2play	FastTracker v2.00	18	4220522	f9ffc71c	74bf3a50	2/songs/Pitch'n'Sulphur/Al.breax(Albrecht N.) - leaden.xm
02326e2ad194ad96a371d80fdfb0da06	1	318673	player+silence	it2play	Impulse Tracker 2.15	30	679391	677b36e1	2901ca9e	2/songs/RS3/rs3-hass.it
0270492c9c8f40b8d202d83e0c7b5502	1	225818	player+silence	it2play	Impulse Tracker 2.14+	17	453308	b0cd60b8	d087a519	2/songs/RBi/jay/jy_hope.it
028014e40ae483ad0b22c38d3bf21ea1	0	316916	player+silence	libopenmpt	MadTracker 2	32	3651474	6e447a82	55319092	1/songs/_various/NexxeN - NEXXEN12.XM
02cc2eec5021b15ed81e4e71724d4c2a	1	264913	player+silence	ft2play	FastTracker v2.00	22	3123145	6e9d0d5f	dd424936	2/songs/Jerry/SUSIFIED.XM
0346d8e4aae70a4169f0d44f8072536a	1	202558	player+silence	it2play	Impulse Tracker 2.14+	16	231844	3aa2b16d	c97dd80d	1/songs/distance/NEARBY.IT
0346d8e4aae70a4169f0d44f8072536a	2	6651	player
042bb17416b5c1c8c916cc38eaf5966b	1	190674	player+silence	it2play	Impulse Tracker 2.14+	30	1034928	d389f09a	bf7d056e	2/songs/RBi/screes/scr!-inc.it
04908f020a7ffcfd10764a63fccecf1f	1	288447	player+silence	it2play	Impulse Tracker 2.14+	24	1088610	5563f1fb	580c3b99	2/songs/MW/mw-feel.it
0547c112f3a1e25aa70d6688aea3cc0f	1	298018	player+silence	it2play	Impulse Tracker 2.14+	24	173912	ff1647c6	26f59228	2/songs/xb/XB_PCM.IT
0574a6b4a0b415273052a6b10a2b5be9	1	232179	player+volume	it2play	Impulse Tracker 2.14+	10	342437	53203c7e	6eda4dfb	2/songs/Willbe/album 'Time Machine'/wb-time4.it
058f799eed48883dc50e9278c66a92e9	1	147592	player	st3play	Scream Tracker 3.01 (GUS)	16	194635	16734198	cb697363	1/songs/Force Ten/unknown.s3m
05af3818243edd41224018c0a69f60d4	0	209258	player+silence	libopenmpt	MadTracker 2.0	32	3580721	fb4b9138	91c1e29a	2/songs/ZetesisAA/Zet_PPOnTape.MT2
05e8de828875faff866b775597b75377	1	480192	player	it2play	Impulse Tracker 2.14+	17	674251	c8657ac0	edaf84f2	2/songs/Southwood/REMHUMAN.IT
063b3415ae86f2590e2683fcbcd1f26c	1	292626	player+silence	ft2play	FastTracker v2.00	32	2597463	2b32d471	8ce9d43b	1/songs/awesome/aws_inad.xm
06407e3422779901c940b8ccd3ce8fa4	1	374107	player+silence	it2play	Impulse Tracker 2.15	56	4100599	09d26ecd	a7b74ba2	1/songs/_various/DOBOMODE - Red.it
065eb992dd4babaf2fcd7dcc4df10129	1	187616	player+silence	ft2play	FastTracker v2.00	26	665673	48a8dc95	c21f85af	2/songs/zipp/coffee.xm
0662f4153e9b46c7997833bb32ff30c9	1	196831	player+silence	ft2play	FastTracker v2.00	20	800865	a8c1dc61	a3b082a0	2/songs/Rhino/NEXT.XM
071d856b61f91dfd8c9821c9de6a7d33	1	183393	player+silence	ft2play	FastTracker v2.00	32	1182550	cdb0818d	b1278a63	2/songs/Seko/8051-DigitalJam.xm
07ae07040ee53de1771d57d5099a4f7b	1	223431	player	ft2play	FastTracker v2.00	32	1711173	410a355b	885dbcc8	1/songs/Fusion Music Crew/FMC_MC.XM
07c4a46823700c4206f72309ab9de185	1	401701	player+silence	it2play	Impulse Tracker 2.15	26	862813	458cc12a	105f2928	2/songs/kolabore/mx-floa8.it
07cee3ba8e5b3a0a7404c27473f8230c	0	283686	player+silence	libopenmpt	MadTracker 2.0	9	1020196	3867dbab	a10b2aab	2/songs/tokyo2051/tokyo2051-looza-streets_of_crime.mt2
080ea7cc56afe967e485fcebad64bcba	1	265403	player+silence	it2play	Impulse Tracker 2.14+	31	442526	00401fc1	f3adf9aa	1/songs/_various/DOBOMODE - Con4.it
083d757a6fac6d4481df290932c58630	1	322251	player	it2play	Impulse Tracker 2.14+	22	293776	91e7d2b0	40fcfe86	2/songs/Willbe/wb-drktw.it
087a3f0aec0cc91238888c5279a116e7	1	358960	player+silence	ft2play	FastTracker v2.00	22	2607330	2d3a4583	e03dd6e6	1/songs/_various/canis - dyroid.xm
099a2c4084510a999bbe6e400c2eb78e	1	259083	player+volume	it2play	Impulse Tracker 2.15	19	1277931	dafdf24e	260611b2	1/songs/Coocane/coc_tin3.it
09f006b05916e692881346003917ee4c	1	206627	player+silence	it2play	Impulse Tracker 2.14+	27	635064	bd1edafd	91a0a1b7	2/songs/melcom/The Dark Trooper Symphony 4/dts4-s5.it
0a037f524a12993ad9b134ee383ef9ae	1	203893	player	ft2play	FastTracker v2.00	16	2226735	a71af734	05317b31	2/songs/X-Sample/PANDEMON.XM
0a701f218e1e80ccf11311a0e56d416b	1	220312	player+volume	it2play	Impulse Tracker 2.15	31	706570	fc75e973	31af22df	2/songs/Wayfinder/way-clon.it
0b1e2ce623a4f0fd2bb77a4709c8fd9e	1	91922	player	ft2play	FastTracker v2.00	6	24334	99dee707	f26a21d2	2/songs/lesnik/chips/karol.xm
0b22fccbad4caafca0d506f29ecd7a08	1	195250	player+silence	ft2play	FastTracker v2.00	32	1688997	fbca52f3	fd1d9158	2/songs/Psychedelic/PSY-FAIT.XM
0b235219ccb8ea89cd258f7ac373317e	1	278154	player+silence	it2play	Impulse Tracker 2.14+	46	2041976	62636a62	cc4ca36e	2/songs/spuho/NIGHT.IT
0b28871b4da5bc6333f749edebce52b5	1	239301	player+volume	ft2play	FastTracker v2.00	18	471354	385f07aa	1deae113	1/songs/_various/Gopher - RTTS.XM
0b56eced58950c9dc2d6ea8fa7747f68	1	460010	player+silence	it2play	Impulse Tracker 2.14+	16	298818	31a71edf	99d25bc6	2/songs/xb/XB_612.IT
0bfad3be022ed00172edb8d346a888f0	1	238813	player+silence	ft2play	FastTracker v2.00	22	1757877	fb575d18	57ed9988	2/songs/park.studios/melancholik ep/netpoet_-_i_didn't_mean_to.xm
0c0e03a94adc9c4b5ee8bd5ee53e2836	1	300771	player	it2play	Impulse Tracker 2.14+	19	486581	fbf17133	744d628f	2/songs/Willbe/wb-spark.it
0c447446d08aba8d5f5a4e7661078b1f	1	249968	player+silence	it2play	Impulse Tracker 2.14+	16	999988	5f508cd1	f374ff27	2/songs/Willbe/wb-2decd.it
0c56249f20d8d8b9a51adc6d8628d669	1	111440	player+silence	it2play	Impulse Tracker 2.14+	13	35354	585774dd	faf93632	2/songs/Wayfinder/way-ultr.it
0cb47413ace9043a650b9c11c9fc8719	1	432655	player+silence	it2play	Impulse Tracker 2.15	64	5951185	27de9f90	af8d3ae0	1/songs/genosha/GE-ANC.IT
0ce6f2d501a65803277c62d6bf083289	1	225538	player	it2play	Impulse Tracker 2.14+	32	1013539	07ebf268	5124dd55	2/songs/MW/mw-faci2.it
0d1d5013071b90c47821853a00eb0b57	1	163567	player+silence	it2play	Impulse Tracker 2.14+	20	152805	b814b7c8	3c0f26bc	1/songs/distance/CC14_DST.IT
0d1d66fe2e71242af3a4c86e1333145b	1	254420	player+volume	ft2play	FastTracker v2.00	32	1891128	87fcb161	3b4a9ecd	1/songs/Hunz/ptrigger.xm
0dd1ee4a6f2cf48375d69c3b1ad50b1d	1	221283	player+silence	it2play	Impulse Tracker 2.14+	18	1444093	48a01234	4f3de363	1/songs/_various/eratos - trinity_ft.it
0e850e2f2daa594bbbaf4b84e29e8d24	1	83215	player	ft2play	FastTracker v2.00	10	34159	2fa5ec98	d7afb415	2/songs/Jerry/MILLENNI.XM
0e8943796868382f3146320967654e4f	1	523790	player+silence	it2play	Impulse Tracker 2.14+	16	1322595	14250a5c	fb8ffbb6	2/songs/melvyl/mv-dream.it
0f79288f4fc1902d9395d1f915e99c01	1	156027	player	ft2play	FastTracker v2.00	10	62904	bb63bbe0	bd1e876b	2/songs/lesnik/chips/supercow.xm
0f9a2999cc34f8322d798c5e43935bc4	1	235375	player+silence	it2play	Impulse Tracker 2.14+	18	853594	5b8f7a7f	f8c9d33e	2/songs/kolabore/sl-w98mc.it
0f9a2999cc34f8322d798c5e43935bc4	2	26845	player
0fa26310018df4dc00ff18c3d9c97248	1	258321	player+silence	ft2play	FastTracker v2.00	26	1074204	f746ed9a	f3f8732c	2/songs/smash/there goes the neighbourhood/garbage.xm
1018d5440c290bb2a9f88ff6788c7d2d	1	133495	player+silence	ft2play	FastTracker v2.00	16	308637	eb3a58e4	ac2318f6	1/songs/CBR/cb-geena.xm
113bc0e1a1551af62ce654df71443ae5	1	184782	player	ft2play	FastTracker v2.00	28	983538	6567af6b	2a4ae7a5	1/songs/awesome/bcrystal.xm
116b2c4d363b6bfb671cc8df730a9fe4	1	196726	player	ft2play	FastTracker v2.00	32	1970971	59851717	16f9c68a	2/songs/zipp/WAYIFEE.XM
118730695330d9962f59be6f631eccd8	1	276763	player+volume	ft2play	FastTracker v2.00	30	3770744	ec54be12	577a9f3a	1/songs/Fusion Music Crew/FMC_SC.XM
11c5b90a89e6bc18d145a62803bf535a	1	273492	player	ft2play	FastTracker v2.00	26	257039	c4bc6eaf	887cac47	1/songs/_various/Qumran - mbo.xm
122602c543026886cbe7c65078e2fb01	1	199557	player+silence	ft2play	FastTracker v2.00	20	857643	dc3bbdad	91654911	2/songs/X-Sample/DREAM.XM
124d393ecd9859f7f12b66da4c2aacef	1	195802	player+silence	ft2play	FastTracker v2.00	14	1166821	47b38552	e826d89f	1/songs/_various/JUST SOMEONE - Scream out.xm
12c3138f5732581b7011a9c960fee926	1	290216	player+volume	it2play	Impulse Tracker 2.14+	25	1281991	16161338	2c2cdb4a	2/songs/RBi/screes/scr_im8b.it
12e4401e1d8a1ae98bf0c81be76177a4	1	228185	player+silence	it2play	Impulse Tracker 2.14+	46	930462	27fe4672	1ecc3ac3	2/songs/TNK/TNK_FFOR.IT
13ae6be11770b26b14437e73e89abe1d	1	242510	player+volume	it2play	Impulse Tracker 2.14+	16	312050	bd7c09f6	f0529567	2/songs/Willbe/wb-flash.it
13bb5602ff5a2b2fb4de5bc54c9fb23d	1	347146	player+volume	ft2play	FastTracker v2.00	14	629388	f101dabb	b7c246bf	2/songs/Vim/NORMAN.XM
13d657a52d9553ad8f5febfa8991b61c	1	252721	player+silence	it2play	Impulse Tracker 2.14+	32	632977	71ba5e75	c0f669a7	2/songs/RBi/jay/jy_funk2.it
13e733795f2b0dec629bc5719125e63f	1	258486	player+silence	ft2play	FastTracker v2.00	28	1003432	c1efa5ef	0cab135b	2/songs/Metal/MONOPOLE.XM
14043f2e37592f3874c283e644323fab	1	312082	player+silence	ft2play	FastTracker v2.00	24	1187292	7570fbbb	0cd5fd0b	2/songs/RBi/morphine/rbi-fltf.xm
14a7af8bba1dfa25743de3cbe23f1233	0	258985	player+silence	libopenmpt	MadTracker 2.0	17	479212	82fbae8d	491fff6a	1/songs/dMotion/dM_0023_The Virgin & The Beast.MT2
14d1bb84d9db2642c0d2b57aec61eebc	0	172955	player+silence	libopenmpt	MadTracker 2.0	28	7746967	4e9f8a59	99686db3	2/songs/ZetesisAA/Zet_MMemories.MT2
1525b6f0813967086f31ddc3808749ac	1	115008	player	ft2play	FastTracker v2.00	8	14291	f3dd569b	52da5f30	2/songs/Vim/52_QUID.XM
152988f7b66fa849e3112efb1c3bcf0b	1	471733	player	it2play	Impulse Tracker 2.15	21	1430982	6769b847	3709757b	1/songs/Coocane/coc_chil.it
155a31cf57dbc14caf6b89013fd6b1b6	0	240407	player+silence	libopenmpt	MadTracker 2.0	16	987112	88d3f718	b900f3bb	1/songs/_various/Tranzity - Silver.mt2
1594b82674bd657ad9664ef0d8c11889	1	124656	player+silence	ft2play	FastTracker v2.00	6	58206	303d2a8c	f739480c	2/songs/lesnik/chips/kenized.xm
161fd0bf9b02a8d52dbfbcaf6679b124	1	333634	player+silence	it2play	Impulse Tracker 2.15	28	1501659	7d502fe4	b62135a0	2/songs/Wayfinder/alaspin.it
1630a041d2ec03cf503d384504cef677	1	50485	player	ft2play	FastTracker v2.00	20	36373	5d54f4c3	eac21b09	2/songs/zipp/zipp_chipndale08.xm
16d909c2cfa945dcc1c74ea617fb776d	1	584904	player+silence	it2play	Impulse Tracker 2.14+	28	1150092	eb501de2	7fd4907b	2/songs/melvyl/mv-ccn.it
17166ff9c399b51c26bbbab92700ab5a	1	224995	player	it2play	Impulse Tracker 2.14+	7	815453	2aac0bb2	7fe1d687	1/songs/_various/nightech - a1313.it
171c19b58a0ced15875969c119b39c72	1	154450	player+silence	it2play	Impulse Tracker 2.14+	8	275476	eef3f349	db676dee	1/songs/Force Ten/ac_blues.s3m
1725b64285d4938267bb9fc0e364a677	0	209441	player+silence	libopenmpt	MadTracker 2.0	32	4972265	93346562	819c61de	2/songs/ZetesisAA/Zet_BBShuttle!.mt2
173bf1f4da9650cd2bc126df80cb9920	1	431452	player+silence	it2play	Impulse Tracker 2.14+	16	1943521	4721b407	61087722	2/songs/Reactor Grits/ZION.IT
175b83aca4867cbd0d28b9c7f1cafd7a	1	210467	player	ft2play	FastTracker v2.00	32	1670313	21174873	2b5ee3cf	2/songs/XenouX/[XenouX] - Nectronic Beat.xm
176ae7909cb61acd37b61d399e65101f	1	298631	player+silence	it2play	Impulse Tracker 2.14+	20	99970	14cd8395	aeb24ee5	1/songs/distance/lvd-package/MEMEMEME.IT
177186dfecc1d31b85e36f45688e1314	1	318984	player+silence	it2play	Impulse Tracker 2.15	28	4194761	755765cc	250b3673	2/songs/kolabore/mx-flesh.it
17746b187fb89040d87be95ddd6ae35e	1	91408	player	it2play	Impulse Tracker 2.14+	4	13730	cb21bdf5	80401a5c	2/songs/Wayfinder/gb01.it
178c317d92aa687b6f369168ef2bd9ca	1	13879	player	ft2play	FastTracker v2.00	2	33854	7f822ae2	c3dfdc95	2/songs/lesnik/chips/oko.xm
17a5064d83bb9f1db1e56d451144ef45	1	238532	player+silence	ft2play	FastTracker v2.00	18	1203243	a5d9e4c4	333c2568	1/songs/_various/Gimli  - oop.xm
17aca74e4cb3fca5e81577b4b46701af	0	214406	player+silence	libopenmpt	MadTracker 2.0	27	4358484	1433ab4b	b62bd544	2/songs/ZetesisAA/Zet_TunOfTime.MT2
17e543e2b21259b28565c164ac83f06f	1	178517	player	uade	Protracker	0	200168	85fa5003	fe3e91c0	1/songs/h0l aka hollywood/1993/ALL-STAR_P'FUNK.MOD
180527f0a0c44d42507e7b6dab80e646	1	147592	player	it2play	Impulse Tracker 2.14+	22	661903	47d578f1	17bd5df6	2/songs/melcom/The Dark Trooper Symphony 4/dts4-s4.it
180721476f86088908fad839b9d9fc80	1	45991	player	ft2play	FastTracker v2.00	6	9195	7d2645a1	d1e128cd	2/songs/Vim/PINKFLUF.XM
184e60b0d36f804235a62f650e61aad4	1	82097	player	ft2play	FastTracker v2.00	18	551692	d3bbde85	0168d3ce	2/songs/LS/VOLUME.XM
18d23c848cbeccd9db5450ea830e6ff1	1	171397	player	ft2play	FastTracker v2.00	18	771785	1f06254d	e830f77c	2/songs/nofuture music productions/War_Machine.xm
18f4c2a76d9fa503b46d18c09f67bd8a	1	208678	player	it2play	Impulse Tracker 2.14+	20	636269	81f2bfb2	d2698446	1/songs/_various/Multivac - ml-some.it
19263195e318665277d700d5f3e6945e	1	251281	player+silence	it2play	Impulse Tracker 2.15	38	914307	18d458d4	9590f97d	2/songs/Nebularia/Nebularia-Improvements.it
19749c7c7ad61bd3fc5a6b87b88d6978	1	104470	player	ft2play	FastTracker v2.00	32	2366829	be4b6875	04c3b9e8	1/songs/awesome/aws_tvsh.xm
197c88472aaf99329330d547e14108ac	0	243824	player+silence	libopenmpt	MadTracker 2.0	18	2563388	fb87ba87	ac82658c	2/songs/RBi/morphine/morphine - chronologia.MT2
19dde2939fd0e5d3078073236f714159	1	305206	player+silence	it2play	Impulse Tracker 2.14+	13	204641	869c2250	3fe974f8	1/songs/distance/lvd-package/20333.IT
1a50636840ed06da44525ad65430ef9b	1	324574	player+silence	it2play	Impulse Tracker 2.14+	24	1907989	82cf078e	416291ea	2/songs/Wizo/1145pm.it
1ab2b49d2bfcaa3e30c54cee7e5bf981	1	277795	player+silence	it2play	Impulse Tracker 2.15	64	592785	dcac970d	33d0f3af	2/songs/Torone/fire.it
1ad1c3363f223dfc0b541e883864ec58	1	244357	player+silence	ft2play	FastTracker v2.00	32	1019318	21dd27a4	a669b0b7	1/songs/distance/0kottih.xm
1ad628abf1bae1dc63ac0549dbfe7f17	1	42137	player	it2play	Impulse Tracker 2.14+	4	59880	344c5bda	716d7886	2/songs/Wayfinder/way-smw.it
1b489937bb600fb1d60d7b957b3aa7e3	1	220067	player+volume	it2play	Impulse Tracker 2.14+	25	448666	cc1cf18b	4bffad14	2/songs/Willbe/wb-match.it
1bac0a1775b0e6f531b3a76e333abaf0	1	138992	player	ft2play	FastTracker v2.00	30	486389	32a3d2ac	4394da31	2/songs/MW/mw-mista.xm
1c4b391cd48ece9a34398100942fa9f8	1	229293	player+silence	ft2play	FastTracker v2.00	14	144925	3694f661	15c3628d	2/songs/nt/happyrve.xm
1c59aca70e4f2747fb8bfefb6742f08a	1	295897	player+silence	ft2play	FastTracker v2.00	32	2029107	c50d7783	947c7e1e	1/songs/awesome/aws_spa2.xm
1c8ff1f9cf60f31b8b42fcd5f1b99850	1	157529	player	ft2play	FastTracker v2.00	14	23262	f597befa	cec3b150	2/songs/park.studios/morning star ep/o4_Netpoet_-_Mint_Moon.xm
1cb2f11662aa9a4c019913886544790a	1	406382	player+silence	it2play	Impulse Tracker 2.14+	24	3407727	aec2c4b4	b0bf874a	2/songs/NoManiac/internal_rmx.it
1cb4d03738a90407c2df1dd5fa3f5985	1	567538	player+silence	it2play	Impulse Tracker 2.15	38	1006254	5091497e	e48ec796	2/songs/tokyo dawn records/tokyodawn2k-krii-nothern_lights.it
1d31cd4eb8341afb84bb61ec1f0923d4	1	272595	player+volume	ft2play	FastTracker v2.00	32	5134512	989c579f	4647abbc	2/songs/zipp/mp8.xm
1e4c9399efdefadc16ccac49aaedbafe	1	77764	player	uade	Protracker	0	196788	9f90307b	f0651473	1/songs/h0l aka hollywood/1997/OLDSKOOL-UNFIN.MOD
1eb7dc2f47f8c1cb30e1a9ba47bfa1a4	0	294308	player+silence	libopenmpt	MadTracker 2.0	32	3997594	6f7f9690	65fef34f	1/songs/_various/Pysj - XeroNada.MT2
1f4a63199d274764d47a58108fe94390	1	341100	player	it2play	Impulse Tracker 2.15	22	939269	c01e4def	154b8cf5	1/songs/Coocane/coc_l2df.it
1f93bc7849d4eb976234c09d06f5659c	1	97952	player	ft2play	FastTracker v2.00	4	529305	b8e19537	d16fdb6c	1/songs/_various/KePpA - FROG.XM
1fc0731b9eed73fa8b85a7cb48f71177	1	308266	player	it2play	Impulse Tracker 2.15	21	915403	21fdc07d	a1ee22ac	1/songs/Coocane/coc_tin1.it
1fd8207a99aaaccf4354c13f7ac060dc	1	228288	player+silence	ft2play	FastTracker v2.00	32	1074310	0a893988	d5c7b068	2/songs/TbO & Vega/tbo_insp.xm
1ff762ac2c1255b46dced3939c152e0f	1	7648	player	ft2play	FastTracker v2.00	4	1774	631d2eef	975ea080	2/songs/lesnik/chips/pleasant.xm
20719ccedb6777fea4402e5986d6a1fe	1	374014	player	it2play	Impulse Tracker 2.14+	15	466805	808f64ad	a198d0b3	2/songs/Southwood/BYTEDUST.IT
20d8f411ec203544850c23f85716d5b8	1	25541	player	ft2play	FastTracker v2.00	6	2941	b9ef188f	95cb8376	2/songs/Vim/VIM4K-09.XM
211ee284d76205bcd943f3f51d7c22f0	1	189760	player	ft2play	FastTracker v2.00	18	1136892	35162f05	15868ccf	1/songs/_various/nmioaon - pleaseb.xm
213d247f30723e9ffc9fe9e93b2f7616	1	191337	player+silence	it2play	Impulse Tracker 2.15	64	1481810	52d7ea35	bfcc0cd5	2/songs/Torone/991021.it
2169debfaaa1d875933f16c388f95110	1	141551	player+silence	ft2play	FastTracker v2.00	32	3460525	9f9cc459	ba888298	1/songs/_various/FLORES - Inaw.xm
21888cbe128f6cf5ad5d690f0706348e	0	185488	player	libopenmpt	MadTracker 2.0	32	1703669	bb664d56	516c1235	2/songs/Reverie/Mylove.MT2
21a406fd7e6b80a8ccb9a81bd3b691a9	1	71173	player+volume	ft2play	FastTracker v2.00	22	254259	a7f87d31	fe1948d7	2/songs/zipp/zipp_30mincompo.xm
21a8886bcd3e733fe0a0490d35adb75c	0	364792	player+silence	libopenmpt	MadTracker 2.0	32	709787	0deecb74	421cb758	1/songs/Coretex/Coretex - Home (1998).mt2
21c47427bda454c95f4404a166c3eb0a	1	390062	player+silence	ft2play	FastTracker v2.00	32	2060909	d3753fa5	bea6902c	1/songs/_various/title - iinoy.xm
21e24c9209b1b383c725031a763fa875	1	185437	player	ft2play	FastTracker v2.00	32	2870241	f76c9b60	c44b7936	2/songs/zipp/SPL.XM
2210aa0cbfbb92df006fc921b5079444	1	240261	player	ft2play	FastTracker v2.00	18	2152197	a53b0b06	83be82af	1/songs/_various/Blackspawn - LIGHT.XM
2216a7f2f12bc6677f4bbb1b3ea90f44	1	151436	player+silence	ft2play	FastTracker v2.00	28	439655	7ee714a9	6295bfdd	1/songs/_various/Polac - funked.xm
222165f39c8c3955bffa487a50c36b37	1	304163	player+silence	it2play	Impulse Tracker 2.14+	37	995153	62d762c4	651b28b1	1/songs/_various/Sharas - wild.it
225c8422effc6214d0fe704a0dd1ce9a	1	372989	player	it2play	Impulse Tracker 2.14+	39	3920004	2eba9657	d5fd4259	2/songs/Larph/Larph - MoevenMetDieHap.it
22677d046d75541ba0c68f8915d29210	1	212979	player	st3play	Scream Tracker 3.01 (GUS)	11	302252	2ae8cb84	76666d0a	1/songs/Force Ten/god.s3m
2271de98ad635b5023271ec49480ae96	1	228150	player	uade	Protracker compatible	0	122414	38f10bff	8652087f	1/songs/CBR/cb-6581.mod
22aeabf34a1d5528065644d649a0e028	1	257239	player+silence	ft2play	FastTracker v2.00	24	841773	987300b4	6b1c2c05	2/songs/RBi/morphine/rbi-goa1.xm
22b5c606eb405a4e3c7af699966cfaa7	1	170466	player+silence	it2play	Impulse Tracker 2.14+	19	891171	bce2d7f3	f8b439b4	1/songs/_various/DrSonic - for2.it
22dd2c00fb0c9e75514597111a5bc1fc	1	360430	player+silence	it2play	Impulse Tracker 2.15	39	2606660	30609be2	ab5e4602	2/songs/Wayfinder/foobi.it
234b61d25218b38b939b3c60d94da6b1	0	753905	player+silence	libopenmpt	FastTracker 2 or compatible	20	1225925	7f0e79d1	d6d3ba7e	2/songs/tokyo2051/tokyo2051-keith303-analogue_hotsteps.xm
237eddd82e2d4b318ee10757e0cca4e4	0	418964	player+silence	libopenmpt	MadTracker 2	32	1259145	70d15c7e	ea436f25	1/songs/_various/NexxeN - NEXXEN10.XM
23e176a437a7e2c512f0cdf7714e80f3	1	250515	player	it2play	Impulse Tracker 2.14+	26	578693	1413fbee	18d66717	2/songs/RBi/neophite/nph-biz.it
23ecf4ae7f630bf86f47e1f27fa17656	1	209301	player+silence	ft2play	FastTracker v2.00	28	970876	c8b26ea9	9a2779d5	1/songs/CBR/type4.xm
2436c834c1777581dbd98cafbaeccfed	1	66249	player	ft2play	FastTracker v2.00	12	434743	f79b6320	9e574182	1/songs/Ciccilleju!/ccj-sita.xm
24de6cf41aeca21503b373668cb4fa5a	1	174581	player+silence	it2play	Impulse Tracker 2.14+	26	696302	bd811148	af3e9653	2/songs/melcom/The Dark Trooper Symphony 4/dts4-s3.it
254b988074818e4deb9d743847d966e8	1	348481	player+silence	ft2play	FastTracker v2.00	32	1440120	866c351a	b8c2ee39	2/songs/Larph/Larph - Phunsun.xm
25ccce36a1013c1b3b9c1b24121bae23	1	294239	player+silence	ft2play	FastTracker v2.00	32	2019857	51670215	759044dd	2/songs/Metal/LACKLUST.XM
265d23ba6b8ce9c10a36738b7eab1d75	1	150405	player	it2play	Impulse Tracker 2.14+	4	46962	11940158	1f288877	2/songs/Wayfinder/way-pebe.it
266bdb64e7fd5c2a285f5365e1a560fb	1	235062	player	it2play	Impulse Tracker 2.15	32	1433451	c4ba2714	007733cc	2/songs/Zets Exil/Z_born.it
272cc2b45da2787e97f1474b66f7e9a3	1	439001	player+volume	ft2play	FastTracker v2.00	26	8550958	7f4b5836	6d738a56	1/songs/Foo/HEHF.XM
27d7dd81b48b36e2e0662e48a685eb9b	0	232733	player+volume	libopenmpt	MadTracker 2.0	22	7012352	48d9b119	dec17d1c	1/songs/_various/Overdrive - Don's Song.mt2
28df382deb86542b088ae63e066c46c0	1	170882	player	ft2play	FastTracker v2.00	28	1003653	97a75c8b	71b36b53	1/songs/awesome/gen-rate.xm
28e18ea5889f9b86b004b2ebad60e81a	0	263738	player+silence	libopenmpt	MadTracker 2.0	12	751370	e59cb3d2	2860ef8d	2/songs/SZ1/0808_SZ1.MT2
28e98e411e28df839726a2ac1dd5bf34	1	344348	player+silence	it2play	Impulse Tracker 2.14+	23	523882	7fe3ae89	a37d85fd	2/songs/RBi/jay/jy_prog.it
29723dadac8adeb89de89bd4e307c428	1	257327	player+silence	it2play	Impulse Tracker 2.14+	25	1156616	01e35f00	d4d0ab40	1/songs/_various/Nino - ToSpaceAndBeyond.it
29b82c8b3c82ca2a17e90a776ecaee36	1	203431	player+silence	it2play	Impulse Tracker 2.14+	15	698692	47d2da4e	d5c88604	1/songs/DNA-Groove/macintos.it
29cab8906c0e095e229878c9e8313c4f	0	329208	player	libopenmpt	MadTracker 2.0	20	697606	2cba90d2	38c9311c	2/songs/Reverie/onlyadream.MT2
2a0b5c65540d1eae9f6323f0a1fb79bd	1	193251	player+silence	ft2play	FastTracker v2.00	14	190495	e439eea9	7db050ff	2/songs/tokyo2051/tokyo2051scifi/tokyo2051scifi-sandra&chantal-cyan.xm
2a181a99354a0765c01a228c0a98148f	1	203470	player+silence	it2play	Impulse Tracker 2.14+	21	254936	f1beb70f	55b7c56c	1/songs/_various/Louis - nost.it
2ac934110d8ca24b4a44d5c0da4d49be	1	72198	player	it2play	Impulse Tracker 2.14+	4	43806	5fe6e385	9e8f7779	2/songs/Wayfinder/way-uu.it
2b38cac7da38249298dec08b0bc092b0	1	236805	player+silence	it2play	Impulse Tracker 2.14+	21	998981	a6714a8c	fd57d5ed	2/songs/Wizo/Joygasm.it
2b46aafe8c6f3319b2f3b4dfc01b79ff	1	168688	player	ft2play	FastTracker v2.00	4	710726	168f02f8	bb9763a3	2/songs/lesnik/JAMBOREE.XM
2bb64862c83c86ca8f0be8eb302dfa63	1	430659	player+silence	it2play	Impulse Tracker 2.14+	10	3074485	bb1c5c8f	0a7d74b1	2/songs/Plan9.0/BAD.IT
2c739db2ab230b3d4741840287163704	0	293439	player+silence	libopenmpt	MadTracker 2.0	18	1490611	fe4eb445	15acccdd	1/songs/Coretex/Coretex - Crystal Eyes (Original Edit) (1999).mt2
2c9a70a0c48877d3851cbd8c7095789b	1	167360	player+silence	ft2play	FastTracker v2.00	20	354855	8f854719	08925c30	2/songs/Metal/CANDYBAR.XM
2cde0591e998d7405c8d53f77484b18d	1	183626	player	ft2play	FastTracker v2.00	32	1097031	a7e8a1a1	9788314e	1/songs/Fusion Music Crew/FMC_AF.XM
2e33b7917cb19152277d4d2d2d22112d	1	259104	player+silence	ft2play	FastTracker v2.00	28	2857638	5ce37055	ea98291c	2/songs/XenouX/[XenouX] - Tonight.xm
2ef0389531afde6223d53daa1c9a31df	1	165275	player	uade	Protracker compatible	0	371322	cc4205d0	48b525ef	2/songs/tokyo dawn records/tokyodawn99-optic-tgslide.mod
2f3872c44300803726d7e36cb52b9ac0	0	387057	player+silence	libopenmpt	MadTracker 2.0	17	5577678	6e08e6f7	fd8090cd	1/songs/Cools/Cools - Psychosis (Edit).MT2
2fa6c8704ae5b842b338087f1cd56cef	1	349723	player+silence	ft2play	FastTracker v2.00	22	4259055	11e57b7e	d8171f95	1/songs/Foo/STUX.XM
2fb427494c6a6c92f4fa95c4ae357803	1	131623	player	ft2play	FastTracker v2.00	18	894787	91126b1f	5291720d	2/songs/Reptile_&_Sky/POPCORN99.XM
30100ee7c6a09a68c1a039374af15269	1	302290	player+silence	it2play	Impulse Tracker 2.15	18	3529732	ae690d02	49ccc09f	1/songs/Coocane/Coc_rlf2.it
301221a1a606289261eb5977c2774917	1	172357	player+silence	it2play	Impulse Tracker 2.14+	25	647745	9191a771	d1bee213	2/songs/melcom/aworld.it
3065332c85741ac426e32e5e3a6e1146	1	279565	player+silence	ft2play	FastTracker v2.00	28	1805881	d543349b	8f895cb6	2/songs/smash/SPIDER.XM
307c14ae64ccbf73915699037694ba89	0	260668	player+silence	libopenmpt	MadTracker 2.0	32	838737	0e734a5b	74c6bc16	2/songs/Reverie/ArcticTribe.MT2
30c347bdb2acc33a592aad04cfe8ca64	1	54417	player+silence	ft2play	FastTracker v2.00	10	23465	eebb89c6	cd873289	2/songs/smash/there goes the neighbourhood/dwayne.xm
30eec639252f2bb5aa90116cf788df4e	1	201995	player+silence	st3play	Scream Tracker 3.01 (GUS)	16	216836	91b05e3b	347a0055	1/songs/Force Ten/limitles.s3m
322416ecfe3e3a8394cbeccc11fa7368	1	136407	player+silence	ft2play	FastTracker v2.00	30	764546	977e4222	6e8a8af3	1/songs/ArchAngel/AA_MDTN.XM
32611f7978b688b9d5464b17ebd0e4c4	0	212305	player	libopenmpt	MadTracker 2.0	17	1093867	4734a147	be07ad8f	2/songs/Vjung/keep.mt2
3262a88b778d79f3b4cd9b12a69bbd05	1	585430	player	ft2play	FastTracker v2.00	14	899504	50bab4ca	d200fbbf	2/songs/lesnik/OVERMIND.XM
3262a88b778d79f3b4cd9b12a69bbd05	2	14901	player
3267dc9debcdf56a66a74d82b360da96	1	349901	player	uade	Protracker	0	604030	78ddef5b	11c7ac47	2/songs/Subi/WYRCHYK.MOD
327ea7118f829d4640e9455579423e6a	1	84616	player	uade	Protracker	0	17224	2f9f4128	a126be42	1/songs/h0l aka hollywood/1992/EURO_GROOVE.MOD
331fdb4214b5c369591613d32bb27058	1	201621	player	ft2play	FastTracker v2.00	32	1575799	5abc7e08	414af530	1/songs/awesome/aws_bole.xm
332ead40918034ecf458b9f7e44e5472	1	566055	player	it2play	Impulse Tracker 2.15	42	10932742	32b4d270	1b9e6e7f	2/songs/Wayfinder/way-hwfm.it
3365e3608301b7330e67022fe94b8e13	1	117423	player+silence	ft2play	FastTracker v2.00	12	40190	ef91bc91	efdb262b	1/songs/distance/PARTIAL.XM
338d66dbf1f4f4b2db31af97456fa29d	1	232860	player	noisetrekker2	NoiseTrekker 2.x	11	1697638	7d5a7c68	ca51800c	2/songs/Rhino/Jameson.ntk
33a33273c21ec4ed3f73c5e763cb5967	1	376827	player	it2play	Impulse Tracker 2.15	17	757501	57eb3d70	e7c25910	1/songs/Coocane/coc_l1nl.it
33c2044ff4868aa65c62e8e03782a8e4	1	169481	player+silence	ft2play	Fasttracker (M.K.)	4	458692	4d6e8273	686aaf40	2/songs/RBi/bassie/nietnu.mod
33d3e939f5638ce2743b5bb66985e877	0	371849	player+volume	libopenmpt	ModPlug Tracker 1.0 - 1.11	17	1830017	6b56a56d	22488793	1/songs/_various/Johan Chressman - destination.xm
33e5c43712fed12d8bec0446831167f1	1	204634	player	ft2play	FastTracker v2.00	32	548716	7c6cbd80	635a1e50	2/songs/MW/mw-odyre.xm
345416261b88b72974db45161a586857	1	390997	player	ft2play	FastTracker v2.00	32	1578919	cdea61fe	3bb355f2	1/songs/awesome/aws_magi.xm
34d4b2c10f48b79fb7c1389d1660047d	1	303346	player+silence	it2play	Impulse Tracker 2.14+	11	652448	b0c0a8a0	9de85bde	2/songs/Willbe/wb-bsdor.it
34ed9ee6c01fed5b98b0fa1fc1778f41	1	96513	player	ft2play	FastTracker v2.00	30	2803371	d6cc27e2	a5fffaa9	1/songs/_various/FLORES - Unsober.xm
35379fcff7d96ea9593bedbed0901401	0	211067	player+silence	libopenmpt	MadTracker 2.0	30	908000	fc7aeb66	901cfafd	2/songs/SZ1/FreeFall_SZ1.mt2
3559d6645e4d93ebddf54b69d311d244	1	196608	player	ft2play	FastTracker v2.00	26	966313	058e3c2b	ecb9c31a	2/songs/TNK/TNK_LINA.XM
356ce1cc0e2077f29034606f8c321200	1	130733	player	uade	Protracker compatible	0	185510	58cc13c9	02a045d0	2/songs/tokyo dawn records/tokyodawn98-optic-xover.mod
356ecce9e9a6b467b7c386f35085b924	1	321503	player	ft2play	FastTracker v2.00	18	997791	47edc394	502acb45	2/songs/TNK/TNK_NCAE.XM
359ee5e470c3cacf2fb91b876da2cf7c	1	171439	player+silence	ft2play	FastTracker v2.00	18	565165	2a641685	924d750d	2/songs/tokyo dawn records/tokyodawn98-velvet-panorama.xm
35ccfafa1c224da356818d4003c6b01f	1	159628	player	it2play	Impulse Tracker 2.14+	4	349601	286c0569	79fc92d0	1/songs/avalanche/AVPIE.IT
370729ba366dffdb49dadafa20d8670f	1	133590	player+silence	it2play	Impulse Tracker 2.14+	29	2277736	565502db	5fa43b7a	2/songs/kolabore/sl-caps.it
371b0a93066b3de6612e7a31205a9a5b	0	324130	player+silence	libopenmpt	ModPlug Tracker 1.0 beta	32	983658	c695c7c7	cd171b0a	2/songs/TbO & Vega/digitaldream.xm
372b0e2e663470f025b925b94181aa1d	1	418684	player	it2play	Impulse Tracker 2.15	30	778307	bbabd752	8566c03a	2/songs/tokyo2051/tokyo2051-krii+distance-neo_tone_note.it
375135fc47ecf5d6b9eeb0836db25a56	1	219499	player+silence	ft2play	FastTracker v2.00	32	6030534	073ad5f7	64657831	2/songs/lesnik/HRZ_HIGH.XM
37c41bad77d630baf450c25cfe0030c6	1	147625	player+silence	it2play	Impulse Tracker 2.14+	25	195426	041c2994	170cc32d	2/songs/Wayfinder/way-pco.it
37f77dbb66a864ff605d1a4190898924	1	73415	player+silence	it2play	Impulse Tracker 2.14+	23	182468	e97832f4	26bf6b1b	2/songs/Wayfinder/wai-fu.it
3809271fc7ddf56da589be1c77c6b8f8	1	81778	player	ft2play	FastTracker v2.00	4	4016	3bb95a65	a1e9d4ae	2/songs/Vim/VIM4K-02.XM
382481282d33e6d78100248f9687673c	1	388514	player+silence	ft2play	FastTracker v2.00	20	735133	99b8bfb2	5122e613	2/songs/Vim/B20.XM
386d6f8a632a4f718a28adcef9042c39	1	273523	player	uade	Protracker	0	279428	7378643c	e337c9b4	2/songs/Subi/wannabe(spiceman_mix).mod
386fedeb801386abd0319a6cf87d0289	1	187134	player	ft2play	FastTracker v2.00	32	5078655	7dac6fb3	ae586980	1/songs/_various/Pitfall - 7.xm
38729133b48ec351556f9e54e9f560a5	0	310845	player+volume	libopenmpt	MadTracker 2.0	32	4275407	f4595249	e869dcf6	1/songs/_various/FUSION PROJECT - Falling Autumn (Fusion Project).MT2
3980f9b2619e98e31d64b2f0011e5cb5	0	320188	player+silence	libopenmpt	MadTracker 2.0	21	1710156	4c328ebe	7a4fd520	2/songs/Wizo/Nova.MT2
3984299ff7d3919be1811c2a2099d75e	1	317078	player+silence	ft2play	FastTracker v2.00	16	1022306	392b8b53	f0c8bb89	2/songs/Vim/V-NECK.XM
39885731e0394855f3ff2b4a8445997d	0	219404	player+volume	libopenmpt	ModPlug Tracker 1.09 - 1.16	15	22618	70cf785c	aff43755	2/songs/mori/dws.it
399944d2d88d44cf12f3c063e7635b53	1	309150	player	it2play	Impulse Tracker 2.15	25	952510	ace22b7d	c08d49f6	1/songs/_various/PhantomX - pixel_exe.it
39a0627623a0872ab33263f0db38a64a	1	187624	player+volume	it2play	Impulse Tracker 2.14+	24	102871	76c39bf6	0dedbf6d	2/songs/Willbe/wb-ch4tr.it
3a10da196462c47fbd246fd2d0abe829	1	229838	player	it2play	Impulse Tracker 2.14+	39	1818807	3f7e0e45	602895a4	2/songs/TNK/TNK_HS2K.IT
3a56204ad921915d368d46fc03ac68f2	1	195281	player+silence	it2play	Impulse Tracker 2.14+	20	872513	9415c674	35a818d0	2/songs/kolabore/sl-e98mc.it
3a73be3ae244d1b283ce31935b7b8423	1	172522	player	ft2play	FastTracker v2.00	14	161777	ce77ee2d	8cc4dcbe	2/songs/Vim/OOOGREEN.XM
3ab4e4940fc1bc8595b3977e20023f0e	1	392065	player+silence	ft2play	FastTracker v2.00	18	934415	78b1cf76	f1045efd	2/songs/Vim/VISUAL_R.XM
3add1279d455bf265e43e026791010a7	1	222933	player+silence	it2play	Impulse Tracker 2.15	25	1715711	6e8446c4	204e15af	2/songs/kolabore/mx-druck.it
3af549775cd531402c05e3590c54b2fa	1	446229	player+volume	it2play	Impulse Tracker 2.15	19	488350	819ceda7	5bcc0b9c	1/songs/Coocane/coc_kick.it
3b0e7de858ca020b15c94c82f26dbeaf	0	459534	player+silence	libopenmpt	MadTracker 2.0	26	2933566	73ced71d	dc1ed5fe	1/songs/dMotion/dM_0016_City Shadows.MT2
3b1a032418f17754bf638e22317af24c	1	269964	player+silence	ft2play	FastTracker v2.00	10	365948	7dc0fc06	44ee425d	2/songs/tokyo2051/tokyo2051scifi/tokyo2051scifi-sandra&chantal-cyanide.xm
3b29ea56a1f12a73423918f93e29f6c8	1	119794	player	ft2play	FastTracker v2.00	28	846613	d4516ec3	0ea80474	1/songs/awesome/aws_cave.xm
3b2a97f9d144678583f4cf86a2a9d185	1	323578	player	it2play	Impulse Tracker 2.14+	13	467591	0e7f9820	33c0d958	2/songs/Willbe/album 'Time Machine'/wb-time6.it
3b3e4a2d815bc917505c1730caaf3098	1	386071	player	it2play	Impulse Tracker 2.14+	21	648887	a83ecc22	4d1028a5	1/songs/_various/dj spec - mir.it
3b4251aca4548c9c871f0dde3317fb19	1	276791	player+silence	it2play	Impulse Tracker 2.14+	24	194338	3e68e908	926f8324	2/songs/Treks/YOU-USE.IT
3bed76dd06f05eafe52b2568fe475f49	1	133446	player+silence	ft2play	FastTracker v2.00	16	1983482	7c72976c	3cfe6073	1/songs/_various/the_ARCANE_one - the_SERPENT'S_tale.xm
3cbb1f91279da7f0cb6dfc3a2f135939	1	356297	player	ft2play	FastTracker v2.00	32	1000000	9263c414	f3af121b	1/songs/awesome/aws_fire.xm
3cf13432d26642b1bc073c7899c3ac9b	1	239356	player+volume	ft2play	FastTracker v2.00	8	885591	e1fa39b7	ec8f400d	2/songs/Spy-da/SPY_DPRJ.XM
3d1edbc4499a5b7a2d6c60a8067e2409	1	94878	player	ft2play	FastTracker v2.00	8	37684	a40c2e3f	0cff00f5	2/songs/lesnik/chips/hotdogs2.xm
3d429d2cbde995176599973684a216a3	1	283494	player+silence	it2play	Impulse Tracker 2.14+	23	2113239	dc78d936	baeb8613	2/songs/melcom/scream.it
3d6cc2fd2e69bee4d48619fdffa4de78	1	210343	player+silence	ft2play	Fasttracker (M.K.)	4	886022	1875ac84	91612e20	2/songs/zipp/dwn.mod
3df1fbec2fd3abd9652b8f422239f1cb	1	329475	player+silence	ft2play	FastTracker v2.00	18	921614	3f73a775	bdd43d19	2/songs/smash/KILLED.XM
3e5c64d3423c1878c69f87980946cc31	1	325184	player+silence	ft2play	FastTracker v2.00	22	1407425	80527223	4c3f5d8a	2/songs/SPOZ/d'o-nite.xm
3e63f4b7a97e9d061adad395d3d3e5d1	1	252725	player	it2play	Impulse Tracker 2.14+	31	635354	e04a0ee9	bd832a7e	2/songs/RBi/bassie/jb_check.it
3e9c48c7df7a5020d410365920378df2	1	333334	player+silence	ft2play	FastTracker v2.00	32	2317512	847f470b	1f0ac889	1/songs/_various/docteur - WEBLOGIC.XM
3ed23839af33fec0cc862b916c4e870e	1	278290	player+silence	it2play	Impulse Tracker 2.15	10	586740	d998f3b0	f0295f44	2/songs/tokyo dawn records/tokyodawn99-krii-the_blue_reflection.it
3ee0ac42b3f2515e47200b65ba152003	1	362865	player+volume	it2play	Impulse Tracker 2.14+	34	1116416	32ada71d	c490648b	2/songs/RBi/jay/jy_do.it
3f37f8eb81c5dced1e3666c4722051c6	1	81304	player	ft2play	FastTracker v2.00	14	65884	b0b9ac41	4c4ddb34	2/songs/lesnik/chips/90deg.xm
3f8a33bbe2579d5436efe59430bc4424	1	289601	player	ft2play	FastTracker v2.00	22	3216366	5309cab7	5d1fe273	2/songs/Misutka/CENTAUR.XM
4069cd32487a71b3f90bc1d0e9098411	1	23168	player	uade	Protracker	0	11820	b112b810	6b0302d0	1/songs/h0l aka hollywood/1993/JOLLYGOOD.MOD
406e14d7e70522b0905a1148f83cfdf6	1	257621	player+silence	it2play	Impulse Tracker 2.14+	30	682624	97b70368	94bf40f0	2/songs/RBi/neophite/nph-worl.it
40a014a6a158081cb573ed82815da1dc	1	162457	player+volume	it2play	Impulse Tracker 2.14+	22	721097	acd94f52	ab4c8d31	2/songs/MW/mw-relax.it
40da5fabc1cad295e53727924f56669f	1	291060	player+silence	it2play	Impulse Tracker 2.14+	32	1774170	70009970	caad650a	2/songs/melvyl/mv-desk.it
40f50250c8ad3a087583b179bf75b319	1	234866	player+silence	it2play	Impulse Tracker 2.14+	14	1031779	20ff3c51	9126cfea	1/songs/_various/nightech - noun.it
41bdb7a0957d85bd7fea361219f0de26	1	311651	player+silence	it2play	Impulse Tracker 2.14+	35	791851	d28e7fad	f39ea5ed	2/songs/tokyo dawn records/tokyodawn98-stereoman-keen_until.it
41fce3a3c14956a9a0018addffe8aff1	1	226677	player+silence	ft2play	FastTracker v2.00	32	1192232	e15e601d	f7a0c900	2/songs/TbO & Vega/iamready.xm
42166bf3333653f14c1876eab6a44396	1	379283	player+silence	st3play	Scream Tracker 3.2x (GUS)	16	745436	9025c487	2992615a	2/songs/necros/mech8.s3m
42166bf3333653f14c1876eab6a44396	2	28694	player
42b0386dbf6c7c433e54f52ec3f349e7	1	461366	player+silence	it2play	Impulse Tracker 2.14+	27	1612800	cf259165	0f087b5e	1/songs/_various/moses - smplx9.it
42cc9e52d5e0d774c6e56f2b3a628244	1	302293	player+silence	it2play	Impulse Tracker 2.14+	29	3327902	aa151056	4f9a85ed	2/songs/RBi/screes/scr-end.it
42cc9e52d5e0d774c6e56f2b3a628244	2	9926	player
42ea018c05bab2848600711da1956ac9	0	319512	player+silence	libopenmpt	MadTracker 2.0	25	5215230	b16e4809	0ebe3dce	1/songs/_various/CHaK - summer_is_over.mt2
4304dabe2b9e6faacd7273c172bac361	1	242182	player+volume	ft2play	FastTracker v2.00	22	1704751	993ac46b	a4985efa	2/songs/SPOZ/f-cheese.xm
4319805952b738392341f78ec7c7579c	1	333495	player+silence	it2play	Impulse Tracker 2.15	24	951346	6af0ffea	bf807d6f	2/songs/Skaven/cannona.it
4319805952b738392341f78ec7c7579c	2	52104	player
4319805952b738392341f78ec7c7579c	3	19632	player
4319805952b738392341f78ec7c7579c	4	23630	player
4319805952b738392341f78ec7c7579c	5	7876	player
4319805952b738392341f78ec7c7579c	6	7876	player
4319805952b738392341f78ec7c7579c	7	15151	player
4319805952b738392341f78ec7c7579c	8	13322	player
432b8bcad83647468063adba87879081	1	223990	player	it2play	Impulse Tracker 2.14+	24	913607	ee384ec0	57f635d3	2/songs/Wayfinder/swing.it
437efc7f1acbaf67102b2753e1aafa62	1	313804	player+volume	st3play	Scream Tracker 3.2x (GUS)	16	443136	8c379b98	85e93346	2/songs/necros/point.s3m
439065cdc6ce1dcb9d65e0491cb07692	1	327719	player+silence	ft2play	FastTracker v2.00	22	1308265	537d92a4	0280f72e	2/songs/tokyo dawn records/tokyodawn2k-smash-the_last_train.xm
43c2cfbc12a589f2899f8982c9d02312	1	342168	player+silence	it2play	Impulse Tracker 2.14+	14	666390	ddf2c9d7	69091207	1/songs/_various/BlueShadow - wwrld.it
43ccd6eabb99f5f82baab63d9ae487d1	1	243005	player+silence	it2play	Impulse Tracker 2.14+	31	2361232	3069fb10	a47757df	2/songs/melcom/mtf-16.it
43d1fa3040fbdf770dc0ae2177bcb5b2	1	263438	player+silence	it2play	Impulse Tracker 2.15	50	1403865	f3f8d63c	11d85467	2/songs/Wayfinder/way-ss16.it
43d90d0821e626bad69eaf43ba77f9ce	1	311133	player+silence	it2play	Impulse Tracker 2.14+	57	889094	8b3497b3	e68ffe38	2/songs/Wayfinder/k_onme.it
43d90d0821e626bad69eaf43ba77f9ce	2	221413	player+silence
44135b20df64e6a66431a2aa570a39fa	1	301273	player	it2play	Impulse Tracker 2.14+	32	2028147	7dc6884a	3a426266	1/songs/_various/A Life in Hell - MEANDYOU.IT
4422de9dc27885a1b6915c1ab1f4808c	1	112676	player	ft2play	FastTracker v2.00	26	703424	306d4145	434c528c	2/songs/lesnik/SUMMER.XM
443569528ddf430bc05ec0f2a8a909ae	1	170467	player+silence	ft2play	FastTracker v2.00	32	463266	89336153	8b534de1	1/songs/_various/Polac - totalcon.xm
443cdda94ce83993e7958ba05f95c891	1	272034	player+silence	ft2play	FastTracker v2.00	28	1020888	fc1ed3e3	48c1be0b	1/songs/awesome/aws_gali.xm
457df61d2d9e7ea50aab8fe86d520761	1	114456	player	it2play	Impulse Tracker 2.12	16	482099	20cbff60	39b4e1f9	2/songs/Skaven/ctgoblin.s3m
457df61d2d9e7ea50aab8fe86d520761	2	12779	player
457df61d2d9e7ea50aab8fe86d520761	3	23028	player
457df61d2d9e7ea50aab8fe86d520761	4	10227	player
45ffb94d67e38e650c715838e942ee65	1	375535	player+silence	ft2play	FastTracker v2.00	32	5391445	ba295d7c	44d95280	1/songs/_various/Blackspawn - gale.xm
461060d7b65911c8cbf0de13e0be6843	1	200039	player+silence	ft2play	FastTracker v2.00	8	647617	79fb7da9	25e04ecb	2/songs/Spy-da/SpY_cmdr.xm
46298363a19338f9a9636a6a018307f2	1	254472	player+silence	it2play	Impulse Tracker 2.14+	17	616546	70ecca19	0bf37ad6	2/songs/RBi/jay/jy_ms99.it
463e5bacfb90b6e89938460b55ec3960	1	264533	player+silence	ft2play	FastTracker v2.00	22	839827	a27096b0	01e98f11	2/songs/Metal/DISCJOHN.XM
46acd26bf29aa343112a981a535af76c	1	134515	player	ft2play	FastTracker v2.00	30	1102286	54824261	3a7ffe64	1/songs/_various/PiCoder - sed-hop8.xm
46e45f7642a6f40f0b6e06359d975799	1	14096	player	ft2play	FastTracker v2.00	10	14264	1e7e6e97	1abd8d6f	2/songs/lesnik/chips/4plums.xm
4753a0e04b71dab15e54428f7f0315c0	1	239222	player	it2play	Impulse Tracker 2.14+	28	994673	66e2030b	a19c51fe	2/songs/RBi/screes/scr_u8b.it
47d3b9d383e2f8e24c73fd7b6bbddabe	1	187091	player+silence	ft2play	FastTracker v2.00	28	869277	78303669	753369e7	1/songs/awesome/aws_adwh.xm
4801892b56392f88cbf629bc78047c99	1	224950	player+silence	ft2play	FastTracker v2.00	24	800238	df796e00	085b2d9a	1/songs/distance/BONUSTRK.XM
4816266dfcf872007650dcb62df227a3	1	290308	player+silence	ft2play	FastTracker v2.00	32	995644	3c2c6ac9	01afadc0	2/songs/RBi/neotraxx/ntx_x97.xm
485ada914ca604a59a3c7f9c71c6153a	1	337663	player+silence	it2play	Impulse Tracker 2.15	20	1050352	250350d7	e390b1b9	1/songs/Adnan/a-flow.it
490322e22dedcfda803a95763c801263	1	371510	player+silence	it2play	Impulse Tracker 2.15	32	1229635	82a62c26	032f2594	2/songs/kolabore/phoenix ep/mx-ljh.it
49ad94fa2c3cc08bb5bb9373dce2470a	1	240376	player	ft2play	FastTracker v2.00	32	2401832	f1ba3f03	b6a7fa78	1/songs/Ciccilleju!/ccj-&beh.xm
49b7308277db90e4eeff9a4d1a3e9bb4	1	1779749	player	it2play	Impulse Tracker 2.15	34	1731072	46b5162a	c6e6e1a0	2/songs/Willbe/WB-WAXXD.IT
49daf70e7f3ce1a38c8ddbfa5c014d8f	1	397788	player+silence	it2play	Impulse Tracker 2.14+	13	583987	add79699	57bdcc05	2/songs/xb/XB_SR4TX.IT
4a03e4be078c80599ceac34680181895	1	274220	player+silence	it2play	Impulse Tracker 2.14+	19	601491	c88fa292	3cc2b7a6	2/songs/Willbe/wb-1mnar.it
4a651fe26af7bc827851a0b494762529	1	300615	player+silence	ft2play	FastTracker v2.00	22	2607657	6b722adf	0215d53a	1/songs/Final Ignition/FIG_PEAC.XM
4a8d2aa1fdf8a802889feea6800ee791	1	230573	player+silence	it2play	Impulse Tracker 2.14+	20	368258	53371cc4	e91badd7	1/songs/distance/kosmos7.it
4ad0ca49bb3fdd85eb34e7c25ac7ce7a	1	231019	player+volume	it2play	Impulse Tracker 2.14+	19	465329	5fa4b5b8	eebe6732	2/songs/Willbe/wb-nrunr.it
4af0e20da78f556a678a59670bb2f06e	1	101510	player+silence	ft2play	FastTracker v2.00	10	109904	4f58449f	023841b0	2/songs/lesnik/chips/tapir1.xm
4b9c82476886dad257e77909305ae51e	0	214257	player+silence	libopenmpt	MadTracker 2.0	26	3349607	f5aaf9b1	2c3027f4	1/songs/_various/Xam - Rvl_tou.mt2
4c1bb8976d9ff9024a0fe866e4e929c9	1	247884	player+silence	it2play	Impulse Tracker 2.14+	21	669204	4bd4b7b6	722f9d34	2/songs/necros/m5v-mars.it
4c8b19ed904519ae430372529ebf7e50	1	6789	player	ft2play	FastTracker v2.00	6	1994	c4b7b293	79af1c1c	2/songs/lesnik/chips/one.xm
4e3e8cb14541b323023797dab79c1c51	1	121462	player+silence	ft2play	FastTracker v2.00	28	1277183	8138a0c0	bbb6d6e2	2/songs/LS/JAZZFISH.XM
4e7bdae1442f96a4bc5eb49031b069f2	1	233638	player+volume	ft2play	FastTracker v2.00	16	566975	3afe8d03	d3dc62b4	2/songs/nofuture music productions/All_My_Senses.xm
4ee5ea0b5e2c514f4dd9eca0df6c07b0	1	180102	player+silence	ft2play	FastTracker v2.00	18	41090	b455146e	55887e2f	1/songs/distance/DST_CLIN.XM
4efab2fb5a7fbb94164b72e085254e5e	1	281990	player+silence	ft2play	FastTracker v2.00	32	1250716	28e6ce68	fa7aa9e5	1/songs/awesome/aws_anew.xm
4ffc55f5b1cfff47e14ca3f16176317b	1	248538	player+silence	ft2play	FastTracker v2.00	32	5368865	8ea3a601	1f692a06	1/songs/awesome/aws_fan2.xm
5075ea93e31b9ad6df5e1f8ea1b2c69d	1	204151	player+silence	ft2play	FastTracker v2.00	32	1820560	98ff4fae	97ca2268	1/songs/_various/Caesar - Elem.Xm
50ee87a1aa2691ccf8e65155c7a8a16c	1	152970	player+silence	it2play	Impulse Tracker 2.14+	28	3338314	65fdefa2	68c97d1b	2/songs/melcom/gj2-16.it
510704468e5516076ba57d67401d4f03	1	233084	player+silence	it2play	Impulse Tracker 2.14+	25	1339399	57a4dffb	dce1976f	1/songs/_various/Daedalus (Brian C. Bennetts) - anvara.it
512f5e894bdb0a0102d62f987c313ddd	1	204120	player+silence	ft2play	FastTracker v2.00	20	608483	3f2d600f	ccc13f0d	2/songs/RBi/morphine/rbi-tdes.xm
517ae7e24e34d47b426de2ed7595e95c	1	165204	player+silence	ft2play	FastTracker v2.00	24	1418472	d3760266	03952b97	1/songs/CBR/cb-mehik.xm
52a021f59009619fd019ac15a19a1476	1	276581	player+silence	ft2play	FastTracker v2.00	26	1332693	0fc39ae7	9576fe9c	1/songs/CBR/cb-ants.xm
52ac7f76d0afe7bb52f40cb49a3210e3	1	247710	player+silence	ft2play	FastTracker v2.00	14	661658	974ba9ce	0f6a3643	1/songs/_various/Gimli  - synt.xm
531df2c517d3c6e96267c56e1c1897ac	1	511371	player+silence	it2play	Impulse Tracker 2.15	16	1166354	2599d428	827b46e3	1/songs/Adnan/a-moonl.it
534a07a74585a1e07293f002c63dce33	1	143352	player	it2play	Impulse Tracker 2.12	5	251086	ae3fbdb9	dd326af2	2/songs/Skaven/id.s3m
534a07a74585a1e07293f002c63dce33	2	4600	player+volume
53e23db6f2b9d3fa80ed68eddf17f912	1	183649	player+silence	ft2play	FastTracker v2.00	32	1041015	99b5cc51	06ca33ee	1/songs/awesome/aws_fanw.xm
5412ba2b4498793c4c6353cdb7879366	1	170605	player	ft2play	FastTracker v2.00	16	42202	1586dc9a	bed9f8b7	1/songs/distance/COSMETIC.XM
545e0c93ca932099ee8c8880c56bb772	1	178512	player+silence	it2play	Impulse Tracker 2.15	15	939583	0329316f	3a8072b0	2/songs/tokyo2051/tokyo2051-krii-disco2000.it
545e0c93ca932099ee8c8880c56bb772	2	7555	player
545e0c93ca932099ee8c8880c56bb772	3	45453	player
545e0c93ca932099ee8c8880c56bb772	4	7555	player
545e0c93ca932099ee8c8880c56bb772	5	7555	player
545e0c93ca932099ee8c8880c56bb772	6	60463	player
545e0c93ca932099ee8c8880c56bb772	7	15110	player
547e519b108f034255c874cad19fdb23	1	187278	player	it2play	Impulse Tracker 2.12	9	348523	3252e8a6	64fc18d8	2/songs/Skaven/hereyes.s3m
547e519b108f034255c874cad19fdb23	2	69104	player
548cefe03680fd4e27e6c897fd0feb1d	1	277748	player+silence	it2play	Impulse Tracker 2.14+	35	995341	7e073239	09494697	2/songs/RBi/screes/scr!-out.it
549dbefac837fffadbab58b1c79b7eba	1	178979	player	it2play	Impulse Tracker 2.14+	23	2644681	29bd4a29	23c4d599	2/songs/NoManiac/radio.it
549ec7b730137e9a96493f122f48caa9	1	155907	player	ft2play	FastTracker v2.00	22	55767	33e1f49a	ec733755	1/songs/distance/0SUISTO7.XM
54b71de5f255d473994c79792c71436a	1	115722	player	ft2play	FastTracker v2.00	26	995220	68e2bb2d	5f92e060	1/songs/awesome/tema1_2.xm
54d70d99124842e524772c1bd206d39a	1	141993	player+silence	ft2play	FastTracker v2.00	32	382682	467330ee	10ddb6b7	1/songs/Hunz/fm-icky.xm
55007c17e82e8d34a04c7ac8cf5d4094	1	285197	player+silence	ft2play	FastTracker v2.00	16	1110852	99d7a272	2bc5143d	2/songs/tokyo dawn records/tokyodawn99-mentz-keepin'_it_kool.xm
55038a3bbdba4bd91e1d13d93499a7fc	1	504253	player+volume	ft2play	FastTracker v2.00	28	3696252	a07ead2b	81ada785	1/songs/Foo/outrofonty.xm
55111824a6fc23adbf7e6f44ab45ddd7	1	172087	player+silence	ft2play	FastTracker v2.00	32	1487670	58c89d44	3af44559	1/songs/awesome/aws_seek.xm
556cc2b4d049a7cc122f7ff351a8235a	1	194170	player	it2play	Impulse Tracker 2.14+	17	465753	4225f3f9	e9c7a503	2/songs/Treks/machines.it
55d64100d59fe6df7ea38a5e5b95c6d3	1	319981	player	it2play	Impulse Tracker 2.14+	19	943371	ca74596f	944a08c2	2/songs/Southwood/Cool_air.it
56032bbe1d482d33490aeea77845b651	1	428619	player+silence	ft2play	FastTracker v2.00	32	1404310	8c75d741	86d17bd9	1/songs/_various/Dysmusax - GLOCKEN.XM
5622bd3762736f0ea79fa4334364ae83	1	215019	player	ft2play	FastTracker v2.00	18	598918	60815a7f	bf893b1e	2/songs/LS/PLAYBOYZ.XM
562bf4a375b960bcd4861596ac21ace4	1	347068	player	it2play	Impulse Tracker 2.14+	48	1345546	a4b75683	d1f859b2	1/songs/_various/MoveR - ss-vall8.it
569d455e08a0a6f02d90426cb514a9f0	0	517748	player+silence	libopenmpt	MadTracker 2.0	19	1774542	62d41ee2	e374aa2d	1/songs/Cools/Loukas & Cools - Whitefire.MT2
5726af02b93019396f3c0d5611fcb98b	1	81716	player	ft2play	FastTracker v2.00	8	21129	10713a12	7b5d4c4a	2/songs/zipp/sweet.xm
574260552858f41a4b6413e46c544006	1	296189	player	ft2play	FastTracker v2.00	30	1463837	2efdbbd6	0f8122f6	2/songs/nt/mt.xm
57786088744b16f2c6f352927b9990e4	1	227045	player	it2play	Impulse Tracker 2.14+	21	1370588	b8e8c1ce	780bf73f	2/songs/Willbe/wb-mrsla.it
57a4d8dd618bf8ee8254aaceb151de0c	1	213032	player+silence	st3play	Scream Tracker 3.2x (SB)	10	325508	aa62a433	3f263324	1/songs/Fencer/DARKNESS.S3M
57c8f7d5acae1415777d5bc3929d5b9d	1	274200	player+silence	noisetrekker2	NoiseTrekker 2.x	8	1187730	422e7440	eb819997	2/songs/Rhino/C-masters.ntk
585a178c8927b187fd2c87a530b069a6	1	160944	player+volume	ft2play	FastTracker v2.00	20	418125	9e6db268	ce7e5a1c	2/songs/Reptile_&_Sky/DARKENC.XM
586fd2a60356f85b181ea907315fd6d1	1	469682	player+silence	it2play	Impulse Tracker 2.14+	26	923908	da840897	210a0e99	2/songs/Reactor Grits/MOTION.IT
589937c115f384880525f69c29ccf1c4	1	213758	player+silence	ft2play	FastTracker v2.00	32	1666204	b0ff3a46	e79ce203	2/songs/TbO & Vega/tbo_iful.xm
58b6d6cba79d920069de563e03e28cdf	1	168762	player+silence	it2play	Impulse Tracker 2.14+	22	2994637	0e83ad9a	dd0b7281	1/songs/_various/Daedalus (Brian C. Bennetts) - cornered.it
590cf4960360812ccdab854174c6afc3	1	233144	player+silence	it2play	Impulse Tracker 2.14+	31	2554510	66da7bb0	f110ade7	2/songs/Wayfinder/k_return.it
591bdf3d427d4b5a3ca70e730053db30	1	214836	player+silence	it2play	Impulse Tracker 2.14+	15	1500145	3808511c	a7f692c1	2/songs/Willbe/WB-SOHTT.IT
59780c6f12bdc246a57482e2f6961429	1	182758	player+silence	ft2play	FastTracker v2.00	20	2448178	e7c01ea9	0ca18d2b	2/songs/Rhino/FASHION.XM
59c288560b99c80f2cc5b575ea79098e	1	143126	player	ft2play	FastTracker v2.00	14	1519751	b70167ac	19daae2b	2/songs/Vim/HOW_MANY.XM
59cf8e7271977246c731e85254dc5d82	1	226442	player	ft2play	FastTracker v2.00	20	68258	29a51158	451c631f	1/songs/distance/dst_hiat.xm
59eb82eaf63a336b1c38f0dbfc018bdc	1	241530	player+silence	it2play	Impulse Tracker 2.14+	33	366510	f8da2798	44aa1fe2	2/songs/Willbe/wb-orntn.it
59f6f3e86ef3d583e65b74d880296874	1	293520	player+silence	it2play	Impulse Tracker 2.15	64	3426034	adf163a9	847b08c2	2/songs/Wayfinder/w&p-hymn.it
5a224ff9a06a7501a7d5df49a710b887	1	45646	player+silence	ft2play	FastTracker v2.00	8	2129	1527b56d	8169d071	2/songs/Vim/VIM4K-10.XM
5a2da86fa88c5eb25d9eced69eeb261c	1	332499	player	it2play	Impulse Tracker 2.14+	15	644542	6f7e81d1	7e4a304c	1/songs/Adnan/a-loop.it
5a5ff6ec80361b7ca93b1283b8067bf7	1	132616	player+silence	it2play	Impulse Tracker 2.15	14	1605317	f86263a9	be494673	1/songs/Doc/SoftCore.it
5a63ab85500faf58015940f78ca06c1a	0	278164	player	libopenmpt	MadTracker 2	12	8723246	dc2b8451	2c69dbe7	1/songs/_various/gas anorex - flyaway.xm
5aa9b095caa1cb92be8fbc1fb1a8ceb9	1	109815	player	it2play	Impulse Tracker 2.14+	8	12666	81f53bf5	06c400c8	1/songs/_various/Multivac - flyfant.IT
5abbb98fc53f7aa1617e879e8c6fb98c	1	265274	player+silence	ft2play	FastTracker v2.00	28	3301813	3cb223af	72d1b6c4	1/songs/_various/S. von Berzerk - KHAOTIK.XM
5ad8cead7c22b0972a4ffa01a300dbe9	1	398634	player+silence	it2play	Impulse Tracker 2.15	38	1444992	103cc331	f6390ef6	1/songs/genosha/ge-ch-rr.it
5b5aad9103abb5b68b750d2d6ede9cbb	1	313742	player+silence	it2play	Impulse Tracker 2.14+	32	386842	c876a501	32271607	2/songs/Treks/ALTERN.IT
5b7348a4e8be1bb5baf15c5e671f8c69	1	358999	player	ft2play	FastTracker v2.00	32	1848824	748f801d	83ec5749	1/songs/awesome/aws_desp.xm
5b99b1146d1e089c446d78287602200b	1	183100	player	ft2play	FastTracker v2.00	28	924078	9289c3de	a31aa266	2/songs/TNK/AreYouLogarithmic.xm
5b9f4be7b01fcd2cef4d91f58f443b30	0	325086	player+silence	libopenmpt	MadTracker 2.0	28	1101643	30338469	f9ab7c0a	2/songs/Reverie/Ramaraed2.MT2
5c449352bbe99f107080fccb35a92316	0	485489	player+silence	libopenmpt	MadTracker 2.0	20	4161802	a7dc8a5f	fc170f83	1/songs/Cools/Cools - Entwine.MT2
5cd10f4af7f833a8af955ddaa97b0524	0	252822	player+silence	libopenmpt	MadTracker 2.0	12	208856	a5b799c7	781b6ade	1/songs/dMotion/dM_0019_Love Once.MT2
5d5893f9c05c296fe8b4cbca8aa76e3f	1	243563	player+silence	ft2play	FastTracker v2.00	32	2638863	efdfc9b9	d97d06f4	1/songs/High Tension/SNOWING.XM
5d96f0e34561cbc96721d422358dd360	1	318542	player+silence	it2play	Impulse Tracker 2.15	13	493714	eaf09e48	342bc465	1/songs/Adnan/a-merg.it
5d9f7991503c7bd250f59f167fb04971	1	446916	player	it2play	Impulse Tracker 2.15	47	1176378	8150bb5d	9c6c35ce	2/songs/Nebularia/Nebularia-T2Title.it
5dd5a578f99315498dca6adfc62a1214	1	162346	player+volume	it2play	Impulse Tracker 2.14+	23	167067	144c95cf	1318765b	1/songs/Aymes/AYM_UOFP.IT
5e24bbc3b686d29783e114fcc28e885e	1	185841	player	ft2play	FastTracker v2.00	10	47016	0f5a0aaf	b0f868ea	1/songs/distance/dst_vega.xm
5e5f8b867b43d98a27961c698b451c2a	1	170841	player+silence	it2play	Impulse Tracker 2.15	21	192168	176c5f13	09222da5	2/songs/Wayfinder/coca cobra.it
5ee5004f9ac419ba890fbb6e20f41c61	1	199998	player	it2play	Impulse Tracker 2.14+	14	1132123	bde68d51	4eec3dc2	2/songs/Larph/Larph - SuperMarioBreakThrough.it
5f23ed9be847bd6acf9623e7730b48c5	1	401465	player+silence	ft2play	FastTracker v2.00	14	762188	68be7068	0ebc2917	1/songs/CBR/cb-retur.xm
5f381ffb81416c0eb948ee5a8b412564	1	213240	player	uade	Protracker	0	241158	5bb4579e	31c9cc34	1/songs/h0l aka hollywood/1993/X-TERMINATE.MOD
5f381ffb81416c0eb948ee5a8b412564	2	248525	player
5f3d028ac72b5f0dcf56eedc10756d23	1	231307	player	ft2play	FastTracker v2.00	30	1052634	6876eeaf	75206296	1/songs/awesome/aws_nite.xm
5f5f8da81be402acb123151d7ddcb4d4	1	239660	player	ft2play	FastTracker v2.00	32	656557	66dbe4bc	49cd923f	1/songs/awesome/aws_oxy9.xm
5fa5dd528f2d82e574ccfca9ebf4a89a	1	130045	player	ft2play	FastTracker v2.00	32	1172197	5dedc92c	d145a6bb	1/songs/_various/PiCoder - sed-wak8.xm
5fd2fb03a9a4afff0aa82ed958d3f07e	1	286664	player	it2play	Impulse Tracker 2.14+	14	372892	6cd450bf	b07ff0a5	2/songs/Youp/SPACIAL.S3M
606f535d19b19fa2fceb1af9efb1431b	1	240608	player	it2play	Impulse Tracker 2.15	64	759801	d016d589	f345ecab	2/songs/Torone/rainning.it
60d1db322cee8f6d1dbf85e6d7722367	1	200537	player+silence	ft2play	FastTracker v2.00	28	986095	42ec60b8	69290990	2/songs/smash/there goes the neighbourhood/law.xm
60e8bc41440c917865cc9dbe4a6c3535	1	195582	player+volume	ft2play	FastTracker v2.00	30	741941	e1834b80	b22c39b1	1/songs/_various/Bigyo - winter4.xm
60f429d07529d6465142b10ffdcc175b	1	249248	player	ft2play	FastTracker v2.00	32	1906189	7877abde	4fc77ce2	1/songs/_various/yehar - tundra.xm
61cca8636d18ffee87b8d59814807b97	0	392019	player	libopenmpt	MadTracker 2.0	16	2417944	a7c254ed	799698a8	1/songs/_various/nurf - zero gravity.mt2
61e4432a7580c2b4bd27c78d20249b56	1	251470	player	ft2play	FastTracker v2.00	10	3325420	139f9e99	5be6dc9c	2/songs/nofuture music productions/Mountain_Of_Fools.xm
626a0564c3f36371ecdd69eccc446cd1	1	347099	player+silence	it2play	Impulse Tracker 2.14+	26	1342700	533d57f2	7da25a41	1/songs/CJ Imperium/Futus the Nymph/SMQCK.IT
63233ed9915965b3a37c2bf513a30b51	1	133124	player+silence	it2play	Impulse Tracker 2.15	16	1791754	107ab54e	cd996ed3	1/songs/Doc/tend.it
6390e032c7c3b3e44d1a55896782819c	1	176025	player+silence	ft2play	FastTracker v2.00	32	744456	b453d3b3	e96cffc5	1/songs/awesome/aws_deep.xm
643ed50e0facab991ef145471d780162	1	201417	player	ft2play	FastTracker v2.00	24	732415	d7bd9116	2a9dbe05	2/songs/SZ1/IWALIVSZ.XM
644acf7574d3a509a4efee40e71c6f3b	1	389698	player+volume	it2play	Impulse Tracker 2.14+	16	279354	8dcbd4c8	b1f976ca	2/songs/Youp/MIND98.S3M
64a1404017be41aeedfc06bb655a80f2	0	419913	player+volume	libopenmpt	MadTracker 2.0	14	1332608	b4e6cec1	8f895087	1/songs/_various/Tranzity - Sedation.mt2
64f1e7252d3674a20dbf88e2abaccc42	0	452794	player	libopenmpt	MadTracker 2.0	22	8523633	9d7644d9	0949de0f	1/songs/_various/CHaK - party on dudes [whitemix].mt2
64f6078936c6120a4edd38bd4a93cf9d	1	268559	player	it2play	Impulse Tracker 2.14+	6	671779	051a31a5	6a42720a	1/songs/_various/deviant - Dumps.it
6558f07e738e39cafd0c8e41fe43c7e2	1	213912	player+volume	ft2play	FastTracker v2.00	16	439123	b446f532	ecccbe49	2/songs/Vim/TDIDDUMS.XM
656b0f5e2242182b8bebb7de60e42e32	1	232852	player+silence	it2play	Impulse Tracker 2.14+	28	1739683	9f01705c	c053e5f0	2/songs/NoManiac/dramatic.it
65a9d14bb97674ad926b73f2e81976e1	1	224436	player+silence	it2play	Impulse Tracker 2.14+	20	1233840	7f1e4bc4	003fb231	2/songs/NoManiac/suddenly.it
6724f003f0faef4cbccc2e65c954c6bf	1	487788	player	it2play	Impulse Tracker 2.15	29	1671589	251ec052	7074bccb	1/songs/_various/moses - prmtftry.it
672ab184fcd8a01842937d0bc8b5a334	0	618271	player+silence	libopenmpt	MadTracker 2.0	22	10439074	ed118ea0	82c5272e	1/songs/Cools/Cools - Mercury (Edit).MT2
6774585252d01d35316784ebc13b122c	1	159595	player+silence	it2play	Impulse Tracker 2.14+	39	193775	c30b3012	3bd5faf1	2/songs/Wayfinder/dilettan.it
677b7102e88f2c8cdc3c4914626cddac	1	217340	player	noisetrekker2	NoiseTrekker 2.x	8	636216	d46300b8	9aaa2dca	2/songs/Rhino/Dream Weaver.ntk
67ad0906c96864c0b8646de6cacfb37e	1	204137	player	it2play	Impulse Tracker 2.15	36	514945	12329d40	8ec735eb	1/songs/avalanche/NAT10.IT
67dcd6106b9ac7a2ed6ccfd0660a387a	1	397719	player+silence	it2play	Impulse Tracker 2.14	18	349880	2a640c94	eee8459f	1/programs/editors/Impulse Tracker v2.14p5/ImpulseTracker214p5.rar/CHRIS31B.IT
687b67b3753f6162f3cd72c97a7091f7	1	325713	player+silence	ft2play	FastTracker v2.00	28	640034	18718006	6360ea25	2/songs/TNK/TNK_MMAS.XM
68ca127a403e1951bef9124087dd447c	1	47658	player+silence	ft2play	FastTracker v2.00	32	365321	92096cf1	319435da	2/songs/LS/SHORTY.XM
690b8a9bf027461e651ab3217adef106	1	471150	player	it2play	Impulse Tracker 2.15	12	436414	3ef53d53	543e7166	1/songs/Coocane/coc_next.it
696cd18d8ab819dc07747700e8e50ca0	1	311488	player+silence	it2play	Impulse Tracker 2.15	61	2994151	bc1e9117	15d927d1	2/songs/Nebularia/Nebularia-It_Begins_After_Silence.it
696f98713eff3e7584f8b67fd9cc3278	0	260726	player+silence	libopenmpt	MadTracker 2.0	29	761626	86c3fd9b	285a6e59	2/songs/Reverie/Dreambaseprmx.MT2
6980252c61406f5086664d34275ea625	0	318919	player+silence	libopenmpt	MadTracker 2.0	19	3551980	1845e84a	80397f96	1/songs/_various/xiphiuz - high-o trance-o.mt2
69807ed75b41917168d11a6cbba707de	1	254121	player+silence	it2play	Impulse Tracker 2.14+	16	113343	1ff89e8f	02468ecf	1/songs/distance/MARBLES_.IT
698ac801fbc1ad7455765dd42d0befd8	1	92574	player	ft2play	FastTracker v2.00	32	458839	26255e5d	19f11f03	2/songs/zipp/zipp_chillcompo19.xm
6a29f6adf769a281ff840b6c36e61f89	1	273498	player+silence	ft2play	FastTracker v2.00	32	3062625	bb172541	fdc53b32	1/songs/High Tension/3POWERS.XM
6a88926b0331678acc30e7ac1cfe21bb	1	66672	player	uade	Protracker	0	17492	c2217db3	8392e49f	1/songs/h0l aka hollywood/1994/KING_CHAOS.MOD
6a97f3eea03cec0ee30bd4d4180b2f77	1	102227	player	ft2play	FastTracker v2.00	4	86518	02172d79	e646798e	2/songs/Rhino/TOSE.XM
6aa63b418eeeb69476f6d2a763f6a42b	1	219861	player	ft2play	FastTracker v2.00	16	932361	57fe8325	2aad9387	1/songs/_various/daru - bp.xm
6aff26aa2731ef144289b3d1b0d16b62	1	319658	player+volume	it2play	Impulse Tracker 2.14+	24	2171423	bea2572d	ab042a40	2/songs/NoManiac/liquidcubes.it
6b51e1bd95ed4354f609800f322affe4	1	302599	player	it2play	Impulse Tracker 2.14+	18	2191244	5622b634	1247cb92	1/songs/_various/SMF Incorporated - NoMoreGames.IT
6bca60d504464863af3d9052f381d362	0	243429	player	libopenmpt	MadTracker 2.0	26	2321448	b3852808	14305fbb	1/songs/_various/CHaK - system error [ x-mage velocity remix ].mt2
6bd36eebf307f8b96eb0187980f35fcc	1	469864	player	it2play	Impulse Tracker 2.12	8	389616	df5eae8e	4008b215	2/songs/Skaven/2ndr-sk.s3m
6bd36eebf307f8b96eb0187980f35fcc	2	380344	player
6bd36eebf307f8b96eb0187980f35fcc	3	19672	player
6bd36eebf307f8b96eb0187980f35fcc	4	374034	player
6bde47539c96242162c70d377e5d1089	1	399437	player+silence	ft2play	FastTracker v2.00	32	1521325	3294ac7d	751a0fbb	2/songs/park.studios/melancholik ep/falcon_-_nicollete.xm
6c67d2f0c88bf36307a2a178bf63afcb	1	149351	player+silence	ft2play	FastTracker v2.00	16	504242	8b9a9de4	34558610	1/songs/ArchAngel/BeyondAtlantis.xm
6d10895906d7283c931ef9f70fae18d2	1	391255	player	it2play	Impulse Tracker 2.14+	13	9301703	982d316d	561b182b	1/songs/CJ Imperium/The Uniform Drug Called Music/DIBI.IT
6d4ea60606183b85786e6c3fb320ef93	1	90537	player+silence	ft2play	FastTracker v2.00	22	937552	e57fe4a6	e765460a	2/songs/Reptile_&_Sky/GOFH.XM
6d8b25393a438779e223cbd70e3a8db6	1	385979	player+silence	it2play	Impulse Tracker 2.14+	29	1636372	67a465f9	582de532	2/songs/NoManiac/horizon.it
6dbf79c9202a060514ccf40f244e6411	1	236797	player+silence	ft2play	FastTracker v2.00	22	409897	7ed98d2a	bbca8c03	2/songs/X-Sample/SOUL2.XM
6ddd1f3ad36f865a717de7f38413ea03	1	282065	player+silence	it2play	Impulse Tracker 2.15	22	704971	3e151b75	37aac3a8	2/songs/RS3/rs3-filt.it
6ee0506e5baa77586d179727bc6a74f3	0	189010	player	libopenmpt	MadTracker 2.0	32	963840	b0a83750	a4550f92	2/songs/Vjung/twilight.mt2
6ee63124c27a5ac8b956fb0b30be2715	1	254438	player+silence	ft2play	FastTracker v2.00	32	1120381	d5b3236d	f6b7aa95	1/songs/awesome/aws_auro.xm
6f3ebadb79857afdefd2edcfaec0c625	1	341998	player+silence	it2play	Impulse Tracker 2.14+	15	410834	3d1a3505	c1608009	1/songs/DNA-Groove/questing.it
6f3ebadb79857afdefd2edcfaec0c625	2	40952	player
6fcd959ab725309da899e4756f9fbb9d	1	497548	player+silence	it2play	Impulse Tracker 2.14+	17	816877	8e9a730f	102b0631	1/songs/_various/Gene J.B - msw_19r.it
7041e53b6d437c9a36bfa7163efd9400	1	338729	player+silence	it2play	Impulse Tracker 2.15	41	963807	f3c2b52f	9d8911ab	2/songs/Wayfinder/w&k-imdr.it
7099d7cd4985456a339d1c4697987954	1	250519	player+silence	st3play	Scream Tracker 3.2x (SB)	10	401382	a322dd20	a5c616b1	1/songs/Fencer/WHITE.S3M
71068d281eca30e21b4739040ed4e562	1	197545	player+silence	it2play	Impulse Tracker 2.14+	21	1028420	9527341b	8ac51963	1/songs/_various/DrSonic - for8.it
7158f1761268fbe1a09b81d50c039d15	1	434076	player+silence	it2play	Impulse Tracker 2.14+	18	513042	5ffcc4d4	99cc8041	1/songs/genosha/GE-LOGI.IT
71974485246585efe5f662156a2235e5	1	429290	player+silence	it2play	Impulse Tracker 2.15	35	573177	cbcc978c	008e24d1	2/songs/RS3/rs3-ray3.it
719d1f5a0e22a82976f27df0f9fa5f62	0	435112	player+volume	libopenmpt	MadTracker 2.0	23	1624528	f3f70227	32c560c7	1/songs/Coretex/Coretex - Shooting Star (12'' Edit) (2000).mt2
71a4cca032979b7863df98641158c067	1	102227	player	ft2play	Fasttracker (M.K.)	4	102178	c2fbc0ce	ca8ec766	2/songs/Metal/VOLAPYK.MOD
71b5979210d816b79eed960a85e5da0f	1	203941	player+volume	it2play	Impulse Tracker 2.14+	19	1284485	3771123f	4ed4c988	1/songs/DNA-Groove/raven.it
71b5979210d816b79eed960a85e5da0f	2	12779	player
71b5979210d816b79eed960a85e5da0f	3	25580	player
71b5979210d816b79eed960a85e5da0f	4	12779	player
71b5979210d816b79eed960a85e5da0f	5	12779	player
71b5979210d816b79eed960a85e5da0f	6	25580	player
71b5979210d816b79eed960a85e5da0f	7	25580	player
71bf868c58e4cb96ab4216bf5dc85054	1	30824	player	uade	Protracker	0	8694	eb3ab7d9	fe2207e6	1/songs/h0l aka hollywood/1993/KAPPAZZ!2!.MOD
71ec7e07ce239632f45896a03ca55221	1	252390	player+silence	ft2play	FastTracker v2.00	32	1949661	5952b829	f4f7e411	2/songs/Misutka/DOLPHIN.XM
73097a3817dc8ecc45384207b100be36	1	153821	player	it2play	Impulse Tracker 2.14+	13	209291	be987377	9cd14bbc	1/songs/distance/dst_miss.it
733f6b9f9612a0aab03ff1f1c3b248cf	1	184818	player+silence	ft2play	FastTracker v2.00	30	1008217	6e5e76cb	972d41dd	1/songs/awesome/aws_out.xm
7394dc0be2f57470df827097c9d2acf7	0	147601	player+silence	libopenmpt	ModPlug Tracker	10	187552	90f17d92	af130228	1/songs/Fencer/NETWORK.S3M
73c43b48a217f4c14fb05073685ec040	1	268600	player	it2play	Impulse Tracker 2.14+	29	1128848	9d09a695	99d18318	2/songs/spuho/TRANQ.IT
7460ea38f93f30742652398af3a97055	1	136178	player	ft2play	FastTracker v2.00	32	1333982	a360ba6a	339c1d73	1/songs/_various/PiCoder - sed-ydr8.xm
74635c0fe285e5c01b434952872d9ca8	1	206944	player	ft2play	FastTracker v2.00	16	934722	633b079f	5e1e8e9c	1/songs/_various/BloodSuckingConsultant - Lenka.xm
752ac8a3c3baf94e36ed08b26f647a47	1	249630	player+silence	ft2play	FastTracker v2.00	32	1124156	0963dcee	c1a303c2	1/songs/awesome/aws_hope.xm
75416186c40fabf07edbf93777b3e271	1	373839	player+silence	uade	Protracker	0	287496	f6220fd1	eb96ba33	2/songs/Subi/500dethztomp.mod
7554f699075f506b0f5a52e5ea0b9fa7	1	250604	player	ft2play	FastTracker v2.00	30	1823963	b50bacf5	4f72676a	1/songs/_various/The Depudee - rokyou.xm
75eda3073e7d5ec71d08e3ae19b2750e	1	567970	player+silence	it2play	Impulse Tracker 2.15	48	2306148	be1f5688	0cfb9808	2/songs/Wayfinder/k_trill.it
768241de55f10a359b7fa40eedfa6113	1	239332	player+silence	ft2play	FastTracker v2.00	32	1520847	dc46a37a	d56aecdc	2/songs/netpoet of park & 243/time2g.xm
76ff86142b99b094a5209bb2c3054a97	1	474824	player+silence	ft2play	FastTracker v2.00	32	2409920	c3263d35	ae617650	2/songs/tokyo dawn records/tokyodawn99-falcon-sofasurfin'.xm
771cb8dc8b354579cf37bbdc61a4e514	1	194977	player+silence	it2play	Impulse Tracker 2.14+	37	648599	6aaf0237	21842449	2/songs/Wayfinder/jetrider.it
77cce9cfdb5b408977375bb70f465d48	1	260513	player+silence	it2play	Impulse Tracker 2.14+	31	1097966	31dc853f	0a7226ba	1/songs/_various/Xam - RVL_TM.IT
77cce9cfdb5b408977375bb70f465d48	2	22847	player
77fc1cfdc4e981f96e1f57b0ff934ab3	1	329550	player+silence	it2play	Impulse Tracker 2.14+	31	1635491	8d9282a5	49ebb103	2/songs/kolabore/phoenix ep/mx-ptd.it
786b1a5a07c4425d90535644382ea526	1	312701	player+silence	it2play	Impulse Tracker 2.14+	25	433293	c14b5039	fdf166e8	2/songs/Wayfinder/k_wespen.it
78b2ae69fe320d2ff37274803047e3c5	1	188383	player+silence	it2play	Impulse Tracker 2.14	12	15940	2fe019c8	7711d487	1/songs/distance/MINASNEW.IT
78b2c1577700c35936c17059aff155a7	1	234860	player+silence	ft2play	FastTracker v2.00	16	1930257	f020d3db	597b0922	2/songs/netpoet of park & 243/monthsaw.xm
7913880fc4910f39a3dbec5242ae12ec	1	348494	player	it2play	Impulse Tracker 2.14+	16	566340	5363d06c	782ab7be	2/songs/Southwood/OUTHERE.IT
799df0c5c2055ba0bd1ea2e098247255	1	119120	player	ft2play	FastTracker v2.00	26	951677	5ebdce05	7862e51f	1/songs/awesome/tema1_3.xm
79a5f088c7e60167059483c271d1b94a	1	242449	player+silence	it2play	Impulse Tracker 2.14+	15	656269	086043ec	8be0d888	2/songs/kolabore/sl-hole.it
7a38c1f504fc4d07483714a6eb4f724f	1	480099	player+silence	it2play	Impulse Tracker 2.15	35	1436980	aab4e737	59b9e109	2/songs/Wayfinder/way-reme.it
7a8434a4f278618f7ecac7b9467f3c91	1	266148	player	it2play	Impulse Tracker 2.14+	28	611367	536680f3	a95202ad	2/songs/Willbe/wb-vnylx.it
7a8af356d4ba53ba1e61c76a7fdb8c4f	1	320662	player+silence	it2play	Impulse Tracker 2.14+	17	41356	ecea938d	afbba4e7	1/songs/distance/lvd-package/0TODAY8.IT
7b4ba283b60414e12fac43c9c1d2de52	1	390965	player+silence	uade	Protracker	0	334172	f4f52fe2	540f9f9a	2/songs/Subi/upw003-a.mod
7c1889397eb129dfc3a3b86ce8a49cbc	0	258365	player+silence	libopenmpt	MadTracker 2.0	23	2418183	447033b2	5ef77fcf	2/songs/RBi/screes/screes-transparant_signification.mt2
7c420d82e9eacdebaca0e5ec6514acfc	1	230414	player+silence	it2play	Impulse Tracker 2.14+	27	996408	7c5a80fe	d71d22d2	2/songs/RBi/screes/scr_hm8b.it
7cb7ed3a6e6efaa93ed0ec8fb2c1c936	1	256509	player+silence	it2play	Impulse Tracker 2.14+	17	212216	33c707f0	d0a77190	2/songs/RBi/jay/jy_jazz.it
7de7b3720e3bbcc4f03f6a9bcee1b1fd	1	130342	player	ft2play	FastTracker v2.00	24	2080468	ea7e11f6	fc6e58ea	1/songs/Fusion Music Crew/FMC_IE.XM
7e0ca39baab482e1a64731b048193c00	1	185590	player	it2play	Impulse Tracker 2.14+	24	720316	46c2fba3	caaf91bd	2/songs/WhiteEagle SkyProject/lw2p.it
7e35b0912e628c17ed97eaf55f04550f	1	275799	player+silence	it2play	Impulse Tracker 2.14+	33	4962815	146d68ff	d8a4e1db	1/songs/CJ Imperium/The Uniform Drug Called Music/SKATTE~1.IT
7e499a960ea9563b2057066040998322	1	119563	player+silence	it2play	Impulse Tracker 2.12	8	237089	117acec9	f810e141	2/songs/Skaven/icefront.s3m
7e69bc69172e69d36f5ec88b5573f86f	1	177538	player+silence	ft2play	FastTracker v2.00	22	866677	8e118fc0	9dc541df	2/songs/Metal/GUMMI.XM
7e89fdea58f59156d8a3d0b281d6f64d	1	140966	player+volume	ft2play	FastTracker v2.00	22	1353872	49e5222e	0c3e05d8	2/songs/Jerry/THEASSA2.XM
7ea188b560c4b8a5385bd3978ebfb40f	1	136413	player+silence	it2play	Impulse Tracker 2.14+	18	132073	ee95d64f	49559f20	2/songs/Wayfinder/uc01.it
7ea190908f00eb1a8683d66249d002e7	1	251465	player+silence	ft2play	FastTracker v2.00	24	1175348	7ed8b3de	7f658a61	2/songs/park.studios/morning star ep/o1_Velvet_-_Morning_Star.xm
7ef3111690ea3a9d71ccd256b6efc860	1	129526	player+silence	uade	Protracker	0	488488	e7edf8e3	653cfc5e	1/songs/h0l aka hollywood/1995/LONDON_CAIRO_FUJI.MOD
7f1930f7566cd12bb6622bfb04e0a3bb	1	614137	player+silence	it2play	Impulse Tracker 2.15	20	2769836	58d4c0e3	e0eb3d57	1/songs/Coocane/coc_dsky.it
7f26adcce9bbefb0156d1f708d39b601	0	201032	player+volume	libopenmpt	MadTracker 2	32	1365783	12f2c7c0	a802a9d0	2/songs/mr_ND/Jump!.xm
7f649c613b7eea489f333ef268ba5cd4	1	102869	player	ft2play	FastTracker v2.00	12	56376	549ebaa1	25da2079	2/songs/Metal/Mango.xm
7f71a6fefa50109faada49f7bdee98f5	0	261683	player	libopenmpt	MadTracker 2	32	1502049	1dd3c6ff	5a51fcbc	2/songs/Vjung/Ydouthin.xm
7fcff86957e452980355699151576c19	1	348122	player+silence	ft2play	FastTracker v2.00	26	876442	c7f1b8c5	2ee3893b	2/songs/RBi/neotraxx/nt_beat.xm
7fd0b2cbfe31236c159ad6b3cbfbacaa	1	167849	player	ft2play	FastTracker v2.00	20	841756	0e4d097a	cab09288	1/songs/CBR/cb-trbk.xm
7fd0b2cbfe31236c159ad6b3cbfbacaa	2	168499	player
8016b46556c58571636efe792b7b6e6a	1	51320	player	uade	Protracker	0	15200	493bae62	e15fdad8	1/songs/h0l aka hollywood/1993/NIGHT_IN_CAIRO.MOD
801f067dd810f71e1c4bdbd53f39d8e8	1	225113	player+silence	ft2play	FastTracker v2.00	30	1156649	4d33e3e7	88ca7cd8	1/songs/CBR/CB-AVANT.XM
8021d40b23a53526068984a84308c576	1	43986	player	ft2play	FastTracker v2.00	10	16843	393068f9	cb6a6057	2/songs/zipp/OUTRUN.XM
802cb331b7974c534f2d6ed15bf4255b	1	126920	player+silence	it2play	Impulse Tracker 2.14+	16	337942	e04c37fd	47b64211	2/songs/melcom/The Dark Trooper Symphony 4/dts4-s8.it
8038a8a812c44c0c6cbbe98a78c3be7c	1	117407	player+silence	it2play	Impulse Tracker 2.14+	14	19868	d9dd1fbc	3e1b19c5	1/songs/distance/CND05DST.IT
80a24f1c18a2263feee8b3c9847ecdb8	1	120641	player	ft2play	FastTracker v2.00	12	63720	4a810736	a46f849a	1/songs/Ciccilleju!/ccj-amtj.xm
80c2444150c8aefba708e605c12a8fcd	1	108579	player	ft2play	FastTracker v2.00	24	958263	3720d29f	26ddafdd	2/songs/Reptile_&_Sky/PAPPUS99.XM
81a2b6e71c71b90730af5869ca8a98cf	1	294934	player+silence	ft2play	FastTracker v2.00	16	550651	3f6f98fe	dab853fe	1/songs/_various/Qumran - cam.xm
81b22d6bf221db23d1c3f224f071e2ee	1	268065	player+silence	ft2play	FastTracker v2.00	18	737777	e5f2cf0e	4cf94cca	1/songs/CBR/Dustbin 'Back in time'/pieces.xm
8200c690377a3d2924383d82c2cb69ab	1	186334	player	uade	Protracker	0	172166	2207d8f7	9509785f	1/songs/h0l aka hollywood/1996/AKAI.MOD
8253d6a50d84bb53690614c4be0e9a96	1	212293	player+silence	it2play	Impulse Tracker 2.14+	49	771437	5fa10996	419b1430	1/songs/avalanche/AV-FWAT.IT
82b3cf692aa1ed8234145be9661d94f8	1	216112	player+silence	ft2play	FastTracker v2.00	16	759459	c7584361	3405c935	2/songs/tokyo dawn records/tokyodawn99-amove-life_after_midnight.xm
830d7a279cd414e296b13be03a97268d	1	239679	player+silence	it2play	Impulse Tracker 2.14+	12	791504	8c0ddc1b	0b6903d4	1/songs/_various/cardiac - lowdown.it
832a961cc9c7f928105432cea7b89f36	1	318206	player+silence	ft2play	FastTracker v2.00	30	1258050	127e1ba3	dd7af4cf	2/songs/smash/there goes the neighbourhood/died7th.xm
842fb100891cc0b87923d18bba24d233	1	128190	player+silence	it2play	Impulse Tracker 2.14+	38	429977	a50f5fd8	b870c281	2/songs/melcom/The Dark Trooper Symphony 4/dts4-s7.it
848234839b105243befa86bbd122dd24	1	318190	player+silence	ft2play	FastTracker v2.00	30	1167866	cf616252	a83fcb5c	2/songs/Seko/ve-futur.xm
84cdc10d99d8c7ae0d21485e3ae6b2db	1	387129	player+silence	it2play	Impulse Tracker 2.14+	24	1207157	333e3df7	8b54a6a9	1/songs/_various/Nino - ChantAtomique.it
8549bfb694bb5f04f8ef8e4c5f87abe7	1	82097	player	ft2play	FastTracker v2.00	12	355814	4ea8aa47	0c978e20	2/songs/lesnik/chips/tapir2.xm
8553e8eb73bd661accb3a377ae520223	1	242448	player+silence	ft2play	FastTracker v2.00	32	6447467	4e1d485c	d0db57c9	1/songs/Hunz/LA16B.XM
855a75e9a825a8a9b1e67a09385b5c06	1	187164	player	ft2play	FastTracker v2.00	20	467933	8a436ebd	a38d4e7b	1/songs/_various/Gopher - JTTS.XM
85e182fd1fe4efa6e8eb718c676a29a9	1	219936	player+silence	ft2play	FastTracker v2.00	30	997730	2390be92	4ca7fba0	2/songs/smash/there goes the neighbourhood/barbarel.xm
867cdb08184c71bdc1774e500a6c467b	1	277554	player+silence	st3play	Scream Tracker 3.2x (SB)	10	334164	0d4bd532	6d8733ad	1/songs/Fencer/DREAMING.S3M
8788a08fe37843882a72282ef5658cf1	0	289287	player+silence	libopenmpt	ModPlug Tracker 1.09 - 1.16	24	1322048	ea831561	6b963510	1/songs/_various/Sonus of The X Kraft - Never Again.it
881f624d6104c8418bd46b51a54bdd71	1	233622	player+silence	ft2play	FastTracker v2.00	32	2149859	b590db1b	d36c5994	1/songs/High Tension/EMOTIONS.XM
88631e5086090a7d0f5112a8c03d446f	1	239480	player+silence	ft2play	FastTracker v2.00	30	847641	649d85a8	7a12befa	2/songs/netpoet of park & 243/brighter.xm
888e196b92cd65830443d115e9693faf	1	245592	player	it2play	Impulse Tracker 2.14+	27	936755	32fb2a98	e3224f61	2/songs/RBi/jay/jy_inv.it
88dbdb4504e969f98daf46cd9934df0d	1	285339	player+silence	it2play	Impulse Tracker 2.15	22	985833	c8c6d1f0	603ce8f7	1/songs/Adnan/a-exitth.it
8926652f64e1585df63a6e925d26f983	1	215134	player+silence	ft2play	FastTracker v2.00	28	961456	c2cbaf24	e7812e45	2/songs/XenouX/[XenouX] - Blue.xm
89c0b0e60d1b31e9c9a3d25656fdc739	1	351877	player+silence	it2play	Impulse Tracker 2.14+	24	470789	f570395f	762bf417	2/songs/melvyl/mvsk-wof.it
89d6eef7e60299f2ac7324864e3f8ee0	1	292210	player	it2play	Impulse Tracker 2.14+	12	486470	61f061e0	818b3c91	2/songs/Skaven/revenge.it
89d6eef7e60299f2ac7324864e3f8ee0	2	63980	player
89d6eef7e60299f2ac7324864e3f8ee0	3	0	nosound
89d6eef7e60299f2ac7324864e3f8ee0	4	7133	player
89d6eef7e60299f2ac7324864e3f8ee0	5	3536	player
89d6eef7e60299f2ac7324864e3f8ee0	6	10649	player
8a00d71a779a9a04768ab6e2d7a1d223	1	115501	player	it2play	Impulse Tracker 2.12	8	29432	470debf3	75ee9e7f	2/songs/Skaven/mosquito.s3m
8a1ac3c65a87bf007fbf7328048d0c37	1	197604	player	ft2play	FastTracker v2.00	18	384297	ad8fcffb	26c296dc	1/songs/_various/Green - G_UWDRM.XM
8a2f8fdb3dd567ee15bb76310e85b6bc	0	669305	player+silence	libopenmpt	MadTracker 2 (registered)	30	950807	c983d075	6b6aadf8	1/songs/dMotion/EVOLUTIO.XM
8a625d7ea5dde0afa2798d104cfbe645	1	270383	player+silence	ft2play	FastTracker v2.00	30	1052498	7cb9a844	f23f74ae	1/songs/_various/andyk - Electric.xm
8ac3c6167f644db71c6c5970f65c671f	1	349480	player	ft2play	FastTracker v2.00	32	2003578	f81680db	ae2f0c6a	1/songs/awesome/aws_hop2.xm
8b4298321b3c0efff9b7b3a643e8cc31	1	301368	player+silence	ft2play	FastTracker v2.00	22	468098	f5c1c884	00430a18	1/songs/CBR/Dustbin 'Back in time'/DEADBRN.XM
8c15852ffcca4d47d5fc36fc58eb3544	1	275750	player+volume	it2play	Impulse Tracker 2.14+	4	101137	150856a4	99f7f3bc	2/songs/xb/XB_TXBTS.IT
8c1fe1433989e6f22ce10dde133e856c	1	118203	player+silence	it2play	Impulse Tracker 2.14+	16	143576	efd486ed	3f968749	1/songs/Aymes/GRITT.IT
8c3f040c4cce414a64ed08c9befb9d90	1	235768	player+silence	it2play	Impulse Tracker 2.15	20	278852	41866fb9	e5c02908	2/songs/mori/kmt.it
8cce172e3c9a8d9c3f031dfb420cdcee	1	266496	player+silence	ft2play	FastTracker v2.00	26	4230891	991440c1	93bdcc68	1/songs/Final Ignition/FIG_ILLU.XM
8cf0a984cc1b9f38950d0cb7d7fb88fc	1	211129	player	ft2play	FastTracker v2.00	32	1509012	3516e61a	c62411d1	1/songs/Ciccilleju!/ccj-lp!.xm
8cf68f90af84ba0ff53ed6cee83eb197	1	313444	player+volume	it2play	Impulse Tracker 2.14+	16	240037	62b38f93	843ed806	2/songs/mori/nuru.it
8d085c88f8782a5535c99d6eae863579	1	491367	player+silence	ft2play	FastTracker v2.00	32	2224840	03e7390a	08a2e820	2/songs/Seko/5832-InMyHead.xm
8d87b06ec960e878f65ec7b82b10da8f	1	276668	player+volume	ft2play	FastTracker v2.00	32	1300378	32fd4678	7097f732	1/songs/awesome/aws_fore.xm
8e7280e80e935c76b85afa06a1a43439	1	340955	player+volume	ft2play	FastTracker v2.00	26	8792905	dd08d23f	163e4d07	1/songs/Foo/IDEA.XM
8ec50fba112e856a0c365ea49a031fcd	1	235761	player+silence	it2play	Impulse Tracker 2.14+	24	843259	369093c4	fc5e2ddb	2/songs/RS3/3_black.it
8f13cb5977ce4454415d47a3d920c018	1	271392	player+silence	ft2play	FastTracker v2.00	32	1560062	42a76730	cef3f40e	2/songs/TbO & Vega/followme.xm
8f6ca5677c247cb2cf295ef32baccfe8	1	253964	player	ft2play	FastTracker v2.00	12	186062	5a33fc8f	705743f0	2/songs/ZiL/Energy.xm
8fc34c77e9e3a027eebabfa1045d7f9c	1	322265	player+silence	it2play	Impulse Tracker 2.14+	57	3787439	798c0351	be9e33e2	2/songs/Larph/Larph - AllFusesBlown.it
8fda574c03204f9ca9b2e685c6f8fbdf	1	189245	player+silence	it2play	Impulse Tracker 2.14+	22	602784	1da4a31a	ec0caa37	2/songs/melcom/bleach.it
8fddd07c6a32e3a24fd7ee52bd7f6b7b	1	245062	player+silence	it2play	Impulse Tracker 2.14+	26	880593	cd7885b2	1bd9dd5c	2/songs/Wizo/Naughty.it
8fe4fecef3c9db23d968d1305acb4c95	1	113154	player	ft2play	FastTracker v2.00	10	39761	d996fd25	a8b1a18d	2/songs/Vim/2-BIT.XM
902ef81892253beeb8ff302a97449a3a	1	257811	player+silence	ft2play	FastTracker v2.00	10	165127	adc6ca71	c321537f	1/songs/Ciccilleju!/ccj-ab&c.xm
905b4d2de20fb2ff8829758a79d27954	1	446695	player	it2play	Impulse Tracker 2.14+	15	4682598	bb658f0a	ad8332f6	2/songs/Plan9.0/timelock.it
9168fb38ac8c41289f4e7cb20ac53f11	0	386459	player+silence	libopenmpt	MadTracker 2.0	16	1284242	b8f2fcbd	1eecf26a	1/songs/dMotion/Whatever Happens.MT2
918464020ba3c889c3f0929a4572e24f	1	112332	player	ft2play	FastTracker v2.00	14	572891	0cedf12b	e5ffa7d5	1/songs/Jean Nine/J9_JAZZ.XM
91df32521144d9e50d8809a6eb18f2ab	1	176280	player+volume	it2play	Impulse Tracker 2.15	6	4061	b3278fa4	998e1f5d	1/songs/distance/micro'00 4k compo/ezisopth.it
91ed734113ab7b16361e17701273aa92	1	472741	player+silence	it2play	Impulse Tracker 2.14+	38	7936944	ad749afa	a9c852f1	2/songs/Larph/Larph - Groove3oo(16Bit).it
91fb0f7a1fac92497dcc8e90a24605d1	1	263733	player+volume	ft2play	FastTracker v2.00	30	1327890	d80bb768	884576ba	1/songs/ArchAngel/AA_SIREN.XM
92ff04def6d47a0abf7f82424836d4f9	1	241593	player	it2play	Impulse Tracker 2.15	18	940302	50d0a219	53f90d57	2/songs/Skaven/razorbck.it
92ff04def6d47a0abf7f82424836d4f9	2	6389	player
933932151cf58c96977574ba7aebd63f	1	291230	player+silence	ft2play	FastTracker v2.00	32	1066300	b759c352	c699c82b	2/songs/Metal/METAMORP.XM
939ff1ffc31345fd7ebb45dbb6b7bc15	0	191411	player+silence	libopenmpt	MadTracker 2.0	24	881332	8f1e72e6	fac010f3	2/songs/SZ1/Feeling_SZ1.mt2
94773edf42516b4ce991373355699e3f	1	237879	player+silence	it2play	Impulse Tracker 2.14+	12	1284682	9e758c6c	158ae2e2	1/songs/_various/deviant - Trippin.it
949d34fd6d81193033a79b1d62216783	1	129156	player+silence	uade	Protracker	0	333904	f3bed794	1f6fee52	2/songs/Jerry/BACK4GOD.MOD
94c0f90edd02a82d30fca4898d12c8a7	1	377129	player	it2play	Impulse Tracker 2.14+	35	1147908	134cf57c	16dd077c	1/songs/CJ Imperium/Futus the Nymph/MENTAL.IT
94e53959b800047754953f618583d3ff	1	307580	player+silence	ft2play	FastTracker v2.00	22	569527	a96268e7	418231df	2/songs/Psychedelic/PSY-DEEP.XM
94f1107b304a3ff67eb8a566707ea5c2	0	256016	player	libopenmpt	MadTracker 2.0	16	3313442	ad6a8be5	701d66c1	2/songs/nt/e-night.MT2
9514be8fb4e155fab1e7e5b935c8b583	1	53410	player	it2play	Impulse Tracker 2.14+	7	130399	17add6be	224df4da	2/songs/Willbe/album 'Time Machine'/wb-time8.it
95d5787447a477f3b065762aec303338	1	299351	player+volume	it2play	Impulse Tracker 2.14+	12	540932	0dd5735e	4d149183	2/songs/Willbe/wb-mrb.it
964cea8fb378055d6dafa812f461171b	1	179239	player+silence	it2play	Impulse Tracker 2.14+	13	1166447	0645cdb3	9f3d8e6d	1/songs/Doc/sib.it
966541f828a2c51ab802ab8d11129c19	1	115180	player	it2play	Impulse Tracker 2.13	14	57944	63cb6907	daebe3a4	2/songs/Skaven/autonom.s3m
97a2cd72a8d02a068492019759cd34ce	1	258686	player+silence	it2play	Impulse Tracker 2.15	28	8359282	b7424a1c	037eab83	2/songs/Wayfinder/way-k2.it
97fef6d81ed9f49cad8219958133d3c1	1	329979	player+silence	it2play	Impulse Tracker 2.14+	19	1886672	c17f4209	2f70d2cd	2/songs/xb/XB_HW303.IT
98bfa4c8c2cb8c884fa8d63e806af67e	1	228856	player+silence	st3play	Scream Tracker 3.2x (SB)	10	338552	88435acd	526b9aa9	1/songs/Fencer/YOUANDME.S3M
98fac96c4df52d26f17c0f2810a43965	1	333999	player	ft2play	FastTracker v2.00	12	697288	1ec52ddb	cec35f64	2/songs/Vim/CBUNCHES.XM
9910d2eadce5bb163c63d620b1b1a493	1	238890	player+silence	ft2play	FastTracker v2.00	26	965224	468a9e4d	dc44898d	2/songs/TNK/TNK_VWST.XM
99436b541c8da1dfbb11b5230c6ea7f4	1	280786	player+silence	it2play	Impulse Tracker 2.14+	32	1524276	7defe865	668b4053	1/songs/CJ Imperium/Futus the Nymph/FLORITE.IT
998976c716965f90ef51cff2d9a62a4e	1	130552	player	it2play	Impulse Tracker 2.14+	10	441582	32b37acc	121a2253	1/songs/DNA-Groove/rockbk.it
998976c716965f90ef51cff2d9a62a4e	2	3838	player
9a060790b50c9d42d8a5a7d03bdafccf	1	229510	player	ft2play	FastTracker v2.00	30	1396087	65905709	e07f890d	1/songs/awesome/aws_mac1.xm
9a188f69eb7750b114e754cff56eb8a8	1	90125	player+silence	it2play	Impulse Tracker 2.14+	29	352903	c5823cfc	1b175086	2/songs/melcom/The Dark Trooper Symphony 4/dts4-s1.it
9a4369cf51dec189bbd86235463bfbcf	1	126272	player	uade	OctaMED MMD3	0	299790	33061cb2	25bb027d	2/songs/Jurek Raben/End Of Amiga II.med
9addadd354b0d286bad26482642e69d4	1	84112	player	ft2play	FastTracker v2.00	16	295728	60d890f4	191e95e2	1/songs/_various/Bigyo - noise.xm
9afd98d16ac8e48a5d468a814868bb39	1	236059	player+silence	it2play	Impulse Tracker 2.14+	57	908411	3d117b35	6aa9fd94	1/songs/_various/Ljubo - DI.IT
9b271fe304a2fa3ca5fa4695abddae6b	1	136144	player	ft2play	FastTracker v2.00	12	50850	c67b5078	6fb569d3	2/songs/Vim/NO_MORE.XM
9b32973b831a10ef4835fb72eca6660b	0	326936	player	libopenmpt	MadTracker 2.0	32	775810	ce83ba7b	966a0488	2/songs/mr_ND/Fly_Away.MT2
9b974e2a3f489a2ce5eded6aa5cd321f	0	53759	player	libopenmpt	MadTracker 2.0	4	77588	e3c3be99	090724f1	1/songs/Coretex/Coretex - Psychosynth (1995).mt2
9b99be13bd775faa0cc28e549d8ac476	1	221568	player+silence	ft2play	FastTracker v2.00	26	1145330	412e7e13	0b8c4d3a	2/songs/smash/there goes the neighbourhood/stargirl.xm
9ba27115313c850c6ed186d7354b23a5	1	200121	player	ft2play	FastTracker v2.00	10	976396	4092373b	76979a34	2/songs/tokyo dawn records/tokyodawn2k-looza-noddin'.xm
9bf7a1ad1239e71bd8f13888b5d8e87f	1	183983	player	it2play	Impulse Tracker 2.14+	32	558544	af4db2e6	f0a743d5	1/songs/Aymes/MDSWING.IT
9c82698bbb7a78d786e1f0aef7b580ec	1	251594	player+silence	it2play	Impulse Tracker 2.15	32	1171806	256ee261	d88e5af0	2/songs/Wayfinder/journey.it
9c8657b469b1b3796a523c1439c60601	1	253189	player+silence	it2play	Impulse Tracker 2.14+	22	772389	7bd7594a	b769ac9f	1/songs/_various/BlueShadow - nedrm.it
9ca10fa1d0a4b876fc47a1f6d049da4c	1	259336	player	uade	Protracker	0	390250	e6e0f6ac	840035f5	2/songs/Subi/highonhate.mod
9cadeeed9bd87325b300d49365b89fc8	1	136923	player	ft2play	FastTracker v2.00	26	331987	13616319	198ea980	2/songs/Metal/STATUS_Q.XM
9d28674c9850cad5df0575b98071a71f	1	433572	player+silence	it2play	Impulse Tracker 2.14+	26	1254834	d1d6b192	b66d3bc8	2/songs/NoManiac/lost.it
9d5d8e1c85cec72d121cab7ed2007af0	1	418326	player+silence	it2play	Impulse Tracker 2.14+	16	895632	30317f43	4dad78e6	2/songs/Southwood/THETRANC.IT
9d60a1558a9a6743d5ce08ec884bab57	1	201173	player	ft2play	FastTracker v2.00	18	413812	54c5eff8	acb31c6c	2/songs/smash/HUGI11.XM
9df69f0d52d0c07fff6645ba02832f61	1	139956	player	ft2play	FastTracker v2.00	24	564965	0261297c	8b285305	1/songs/awesome/aws_fp2k.xm
9e9d449a50e0cb64b49dae38600b2446	1	178060	player	ft2play	FastTracker v2.00	30	574425	aaf5244e	ab6fa00e	1/songs/_various/Johan Chressman - esfe2.xm
9ed409559ff63f023b23fb7fcba72e91	1	407821	player+silence	it2play	Impulse Tracker 2.15	17	841185	4f2a850f	0b6ca4cc	1/songs/Adnan/a-vheart.it
9f59964779f23d60be4eeff094b295a6	1	327034	player	it2play	Impulse Tracker 2.14+	36	2398608	c68bd296	abbbbbd0	2/songs/melcom/exfist.it
9fadd28e7c5380d2d0eb3027ccc456d6	0	301919	player+silence	libopenmpt	ModPlug Tracker 1.09 - 1.16	22	270827	8d4ec6d6	e52a4ef8	2/songs/mori/sf.it
9fb0c4328a33f52b0fcabab225291f46	1	346244	player	it2play	Impulse Tracker 2.15	23	6586848	86a92571	e24a199c	1/songs/Coocane/Wayfinder + Coocane/wc_rock.it
a062d39efd23e89138879dde32696f1e	1	282846	player	it2play	Impulse Tracker 2.14+	45	1226709	bc45012d	a2c4993c	1/songs/_various/Sharas - frien.it
a086e2c02287068579a5b5835dddd20e	1	383960	player+silence	it2play	Impulse Tracker 2.14+	13	452525	22f245b4	ff8d9020	2/songs/xb/XB_ICSYM.IT
a09825c36909564161a1c1dfaba8b7ab	1	278418	player+silence	ft2play	FastTracker v2.00	22	431198	7f1e9647	36717b81	1/songs/_various/Gopher - TIMEB.XM
a0a58e3c48656e851fa9258e1dbdef84	0	136847	player	libopenmpt	MadTracker 2	16	1353067	2ee9d5cb	2474ae3c	1/songs/_various/Riffmaster - brain.xm
a0c007411e46fd6d5d582cb4ef36c091	1	279671	player+silence	it2play	Impulse Tracker 2.14+	30	305504	2173814e	ee9973a3	2/songs/Treks/SUNRISE.IT
a0d6ee5ff51821bc41c27279ef97822c	1	216786	player+silence	it2play	Impulse Tracker 2.14+	22	327380	24a2bdca	c2e26689	2/songs/Treks/MURDER.IT
a11e56b41e4cabcc465fb2a55edca989	1	312481	player+silence	it2play	Impulse Tracker 2.14+	32	942759	94bb16be	a2a7df8b	2/songs/tokyo2051/tokyo2051-db-nearly_sober.it
a12826f0d80cb7f4f8922b018c17bd97	1	218952	player+silence	ft2play	FastTracker v2.00	16	1444495	f081c8b7	d86133a6	2/songs/nofuture music productions/Eternal_Life.xm
a1e7e65aee0eb083e7503d3dab2619ad	1	161055	player	it2play	Impulse Tracker 2.15	16	1219885	faa7b2d3	8102ad0e	1/songs/_various/jjo3 - 149IDN.IT
a1fda06b1cb02075183f04a6c52f51e3	1	43096	player+volume	it2play	Impulse Tracker 2.14+	6	289085	d10fd6ef	476ceae7	2/songs/Willbe/album 'Time Machine'/wb-time1.it
a209c4f4f284e3ed5eedcccb6c5568cd	1	157130	player+volume	ft2play	FastTracker v2.00	30	1677006	33afe9a3	b87bee08	1/songs/ArchAngel/AA_CHERU.XM
a226a87fe454b7b6b083b56c10186761	1	420146	player+silence	it2play	Impulse Tracker 2.14+	24	1289220	871a4c88	31d3230e	2/songs/Zets Exil/Z_bpuls.it
a305f50b58a5cb1859a95bb6182fe8fe	1	319552	player+silence	ft2play	FastTracker v2.00	32	2060733	2e8c234c	8e6cbd40	1/songs/_various/Caesar - Mrw.xm
a38c4a131e09d8acde44935fc96a3e52	1	348560	player+silence	it2play	Impulse Tracker 2.15	22	344917	3b235010	68078b0c	2/songs/mori/ect.it
a3bcfb35e90b56187ac9ff6bb898b80c	1	269975	player+silence	it2play	Impulse Tracker 2.14+	16	226915	ad737442	a4c8255b	1/songs/avalanche/AV-SEC.IT
a408d568e59549d2a319d70e230b86d5	1	263811	player+silence	st3play	Scream Tracker 3.2x (GUS)	13	507384	dceb468c	0b7128ea	2/songs/necros/greynote.s3m
a461dda710d830d6e73b93d2547fdbfb	1	312055	player+silence	it2play	Impulse Tracker 2.14+	48	3594500	a5bfa71e	a2e89d63	2/songs/Larph/Larph - Dubbel Pt. 2 (Ohi E Oob Zih Gobzi).it
a48cf67b23de97d323fd0ec809d55921	1	561347	player+volume	ft2play	FastTracker v2.00	30	6529661	e7510b61	b218f42f	1/songs/_various/Green - G_shades.xm
a567ad5256857da6836ab4d46b6479a5	1	257084	player+silence	ft2play	FastTracker v2.00	22	1097083	511962c9	b3060472	2/songs/smash/SEPARATE.XM
a5c73eb8f533fb480e602ffc843e8e8c	1	144618	player	uade	Protracker compatible	0	87948	58e891be	45958a77	2/songs/tokyo dawn records/tokyodawn98-optic&dascon-the_missing_link.mod
a5d613c4ffe137554fe9827273443c64	1	283869	player+volume	it2play	Impulse Tracker 2.14+	36	1906767	dc6056ed	dae25f74	1/songs/_various/Gene J.B - msw_jl3.it
a5ea6e3a8a3ecfd08c30339fdbe50129	1	330910	player+silence	ft2play	FastTracker v2.00	26	706542	f30c090e	245462b9	2/songs/netpoet of park & 243/watchphn.xm
a65622b71e70a11a9610998a233361dd	1	157353	player+silence	ft2play	Fasttracker (M.K.)	4	336980	9aaff63c	219f5d3f	2/songs/zipp/groove.mod
a6bb318d5d1cdce3705be7329f6b98bf	0	272544	player	libopenmpt	MadTracker 2.0	32	999893	2755594b	765c9c57	2/songs/mr_ND/TechStepUp!.mt2
a70cb71e09983141fcc788caee69e5de	1	236338	player+silence	it2play	Impulse Tracker 2.15	37	1055442	9b174b68	51579dc3	2/songs/Wayfinder/way-cham.it
a75be52a2fc073cae71e560397e7be4c	1	412727	player+silence	ft2play	FastTracker v2.00	30	1320334	9db1eb5c	7f631cb9	2/songs/smash/there goes the neighbourhood/neighb.xm
a77d15e4e73d97cb7028c1e0c5561f42	1	275673	player	it2play	Impulse Tracker 2.14+	16	588121	c8604f22	4f0d6ad2	1/songs/DNA-Groove/miracle.it
a77d15e4e73d97cb7028c1e0c5561f42	2	58877	player+volume
a77d15e4e73d97cb7028c1e0c5561f42	3	9826	player
a77d15e4e73d97cb7028c1e0c5561f42	4	19672	player
a77d15e4e73d97cb7028c1e0c5561f42	5	9826	player
a77d15e4e73d97cb7028c1e0c5561f42	6	9826	player
a77d15e4e73d97cb7028c1e0c5561f42	7	0	nosound
a77eccafe12060a248c59ba87b82f35a	1	290523	player	ft2play	FastTracker v2.00	20	431535	96ed613a	468e5f88	2/songs/Pitch'n'Sulphur/Delay(Jakob T.) - c_o_s.xm
a7c5164a5100d327eaa5fbb5b05f6114	1	184554	player	ft2play	FastTracker v2.00	26	968974	5b300f80	880ca1da	2/songs/lesnik/PONDERIN.XM
a7cb8e756e11266bfabf127138f80442	1	299426	player+silence	it2play	Impulse Tracker 2.14+	58	4833888	d2f279e3	2e5dfd52	1/songs/CJ Imperium/The Uniform Drug Called Music/IFYACA~1.IT
a8af55e36ec5952af8105ca3f58f8eb1	1	318450	player+silence	it2play	Impulse Tracker 2.15	10	1492055	3db035c5	c41999b5	2/songs/tokyo dawn records/tokyodawn99-krii-dzaes_manouverz.it
a95df170a149bbf98258aee2e36c7da3	1	83519	player	ft2play	FastTracker v2.00	10	25744	8572487e	fe93033e	2/songs/lesnik/chips/hotdogs.xm
a9fae61f74518fccc520bd123974ab1c	1	271054	player+silence	it2play	Impulse Tracker 2.14+	13	986296	c2499a94	9830fca1	1/songs/DNA-Groove/lonely.it
a9fae61f74518fccc520bd123974ab1c	2	9826	player
a9fae61f74518fccc520bd123974ab1c	3	14749	player
a9fae61f74518fccc520bd123974ab1c	4	4903	player
a9fae61f74518fccc520bd123974ab1c	5	11071	player
aa282cfdf6e6b04226038904453e3279	1	267482	player	ft2play	FastTracker v2.00	32	2679780	2011d051	cc584778	1/songs/High Tension/INTRODUC.XM
aa39ccc118a3549e3da3c36894a6fe7d	1	126833	player	ft2play	FastTracker v2.00	4	19507	5dfced87	e7c2c4f4	1/songs/Ciccilleju!/ccj-10x.xm
aa4d10bb3c86d470bd998fa58790fb7c	1	202884	player+silence	it2play	Impulse Tracker 2.14+	24	798198	8254ae25	48e966e1	2/songs/kolabore/mx-3korn.it
aa9166ae881fe72e0fb0a4c886466331	1	259919	player+silence	it2play	Impulse Tracker 2.15	24	619193	d4c3c8df	f8d9893a	1/songs/Adnan/a-drilin.it
aa9d52298adb49051ebb832e903484c7	1	278697	player+volume	ft2play	FastTracker v2.00	24	1139341	bf7b382b	b4a770ac	2/songs/park.studios/melancholik ep/a-move&velvet_-_splinter.xm
aacaa6b16132e4685e5634250ee24f87	1	208480	player	ft2play	FastTracker v2.00	26	990169	39902296	eaf6ca89	1/songs/CBR/Cb-usels.xm
ab028533d7dad4ded9c3467450b3433c	1	408889	player	ft2play	FastTracker v2.00	22	1427759	98861572	634c4483	2/songs/Seko/11031-Anonymous.xm
ab263eca154b13796be98c32a932564c	1	241637	player	ft2play	FastTracker v2.00	32	2091545	92c40d51	58dc1a5f	1/songs/Fusion Music Crew/FMC_TLS.XM
abab893c383155b23d34da74bcf50a7b	1	338218	player+silence	ft2play	FastTracker v2.00	32	3326167	f4c4c960	cad12a71	1/songs/High Tension/DESPERAT.XM
abd03b75afcbaf0d822e2c4ab14e9476	1	49834	player	ft2play	FastTracker v2.00	10	4971	12d086b1	681d870b	2/songs/park.studios/morning star ep/o3_Velvet_&_A-Move_-_Lupo.xm
abd20289d0c2581bb9303e569211184b	1	212078	player+silence	ft2play	FastTracker v2.00	22	3145205	53327e27	16acd45f	2/songs/tokyo dawn records/tokyodawn2k-mentz-dusty_rhodes.xm
abd8f3416c924d329f457d20afa4fd3c	1	782123	player+silence	it2play	Impulse Tracker 2.15	63	3590779	2ed2ec3d	351a982b	1/songs/genosha/GE-BR.IT
ace8e2f4f5aa55c19b72030dca1903aa	0	288820	player+silence	libopenmpt	MadTracker 2.0	28	727727	59b161a4	430d6f57	2/songs/Reverie/myangel2.MT2
acfcfa425483335da589b3b2091b54d0	1	209863	player+silence	it2play	Impulse Tracker 2.14+	64	9178826	b0561e19	b25ef6f1	2/songs/Wayfinder/dial01.it
adecaa63e12da63f274e957fb36c4a70	0	178933	player	libopenmpt	MadTracker 2	32	1274253	54e76ca1	3bae5679	2/songs/mr_ND/tears.XM
ae0339d9fc5cfd08d62bea3653902915	1	217967	player+silence	st3play	Scream Tracker 3.2x (GUS)	16	259917	138bf8c7	bb27ea9b	1/songs/Force Ten/unforg10.s3m
aea8c2abef824ace0c214ba9b708c5ef	1	320195	player+silence	uade	Protracker	0	366124	9f27853f	e42ca9e2	2/songs/Subi/THYDUNT.MOD
aeace3e0807afeda402fe34271b9d2f0	1	242394	player+silence	ft2play	FastTracker v2.00	24	968428	26817641	9cd29f0b	2/songs/smash/there goes the neighbourhood/jive.xm
af74b2a539f48650ed392ade11f3ef40	1	397082	player	it2play	Impulse Tracker 2.14+	18	1060336	ff5876f9	b1b1d6fb	2/songs/Reactor Grits/BLUE.IT
afd978d4946b59b294a08c927439ca87	1	183809	player	ft2play	FastTracker v2.00	32	1209987	a679a1d0	838906e9	1/songs/_various/daner - tormx.xm
b081ccdaf9fa25b0fa9231aa68e4f15a	1	207668	player+silence	st3play	Scream Tracker 3.2x (GUS)	12	256449	98dea48a	287906de	1/songs/Force Ten/undestht.s3m
b0a122c2c903b5cf07e3e1b48918d57e	1	343029	player	it2play	Impulse Tracker 2.14+	22	145006	5036a8b9	c91b9f9b	1/songs/distance/DST_HI.IT
b0db41fdbef85f50053b25b79169d697	1	219177	player+silence	it2play	Impulse Tracker 2.14+	16	1178645	7b8b1916	294f6f08	2/songs/kolabore/sl-mca.it
b0eb86f76198208d30cb889410682d67	1	208163	player	ft2play	FastTracker v2.00	32	1640285	c59b2746	65da471f	1/songs/_various/zantac - zan_thv.xm
b1cf25250f45a33195095a54aab90eb3	1	168860	player+silence	ft2play	FastTracker v2.00	22	1173821	c0d2717a	58eaeb55	1/songs/_various/daner - star.xm
b2095ebcbe66522298094233fdcdc8d6	1	250082	player+silence	it2play	Impulse Tracker 2.15	36	2468342	09186469	a436e994	2/songs/Wayfinder/way-trap.it
b20fd2834e8c811ff3f7a2b44af89254	1	169934	player+silence	ft2play	FastTracker v2.00	12	321999	d8900029	7cc862dc	2/songs/ZiL/Centauri.xm
b296006ac0008eb5029d08b6e98452bb	1	69224	player	uade	Protracker	0	10394	cc42d081	0a33f671	1/songs/h0l aka hollywood/1995/LOPED.MOD
b2ba6e2597a5c75e859284b2bd7fa1a0	1	155650	player	uade	Protracker	0	29178	9bf9b2c8	b5fca6b1	1/songs/h0l aka hollywood/1995/TAKE_ON_ME.MOD
b32d8fe7732aca7b5e55198de4d2e304	1	337101	player	it2play	Impulse Tracker 2.14+	13	2311162	0c673c13	8cdcf78a	2/songs/Plan9.0/JUSTICE.IT
b3cb799b5e3390313d8c2980b7677e19	1	333322	player+silence	it2play	Impulse Tracker 2.14+	27	239200	b0553070	3161942b	1/songs/distance/DISTANCE-Somber.it
b3f2aa0f4a8c94bdaca17b8659bbe58d	1	339421	player+silence	it2play	Impulse Tracker 2.14+	17	294586	a6bba8ba	845c5797	1/songs/distance/starc16b.it
b431024c2922775a61606fe037ddc0ee	1	376988	player	it2play	Impulse Tracker 2.15	60	2518706	a84fd0b1	d5c2d5b3	2/songs/Torone/6bill_l.it
b47c94cc8950aca4ed2bc289a60f2b15	1	319516	player+silence	ft2play	FastTracker v2.00	24	1061171	f43f3d18	f6d5e506	2/songs/netpoet of park & 243/morn_rmx.xm
b501cbc71102b77da77c66649285cbf4	0	344494	player+silence	libopenmpt	MadTracker 2.0	22	1814380	1a23611a	24647983	1/songs/_various/xiphiuz - punk in motion-8bit.MT2
b51f0ef92719a6ba20fac4f859e29d97	1	61328	player	ft2play	FastTracker v2.00	14	43218	001e93ce	69084d6a	2/songs/Vim/2KCHIPPY.XM
b559057553c415fbbaf4c8247fd243ca	1	245419	player+silence	ft2play	FastTracker v2.00	32	4366392	138888c2	efc2f7b2	1/songs/Hunz/am16b.xm
b5aca21cd2bae029e20013edb5e767ab	0	666426	player+silence	libopenmpt	ModPlug Tracker 1.09 - 1.16	32	5880108	ac080131	734668e1	2/songs/Zets Exil/Z_Sp3.it
b5dfba73388317d4d0ddf497303f7ed9	1	125340	player	ft2play	FastTracker v2.00	24	242904	8b37c0fa	80f540f4	2/songs/lesnik/chips/bom-wom.xm
b5e149873ebae9c0c0ca8f2a747f2911	0	300727	player+silence	libopenmpt	MadTracker 2.0	21	4222818	c9debdb5	dfced59c	1/songs/_various/NexxeN - NEX16.MT2
b63ff0fa0f8eada524bd0380aeda8e70	1	89572	player+silence	it2play	Impulse Tracker 2.15	26	44389	91aa8558	4e71bdbf	2/songs/Wayfinder/klein.it
b6684c8e98c8d64cad05a4636168df51	1	299054	player	ft2play	FastTracker v2.00	14	300203	fce35bf6	e871eacc	1/songs/_various/yehar - mp3-2.xm
b73378cfa24fd9669b66c621e1cbda61	1	230003	player	ft2play	FastTracker v2.00	8	271687	f850ef07	cbb3e6c6	2/songs/tokyo2051/tokyo2051scifi/tokyo2051scifi-zyad-in_vestigator.xm
b7b084bc1917d9d3bf668c26e0e94f77	1	366539	player	it2play	Impulse Tracker 2.14+	32	1009812	78ab7afe	b544cd44	2/songs/Wayfinder/way-liao.it
b7d50ced31b11afae6a152087de8c5f9	1	239815	player+silence	ft2play	FastTracker v2.00	32	865592	a9ab7957	eb9793d8	1/songs/awesome/aws_hard.xm
b80b295a5e222d013b4fbca97f89ae1b	1	253958	player+silence	ft2play	FastTracker v2.00	32	1275862	7f1f3b75	195f5307	1/songs/_various/Axe - invite.xm
b8abfe46d2e7475d927abe2192c98d72	1	149943	player	it2play	Impulse Tracker 2.14+	22	1080066	75a3e26d	ae29f3a9	2/songs/kolabore/sl-rbff.it
b8b9f502a080e990c5b215ae71157f5c	1	283140	player	ft2play	FastTracker v2.00	20	104252	510382cf	1ef9d10d	2/songs/netpoet of park & 243/radicted.xm
b965bef170b2b069ac4c90dca43fb3a7	1	243172	player+volume	it2play	Impulse Tracker 2.15	30	678315	6360b4ad	737a5248	1/songs/avalanche/NAT08.IT
b97cf636a569885275e9872c425b6b88	1	285961	player	it2play	Impulse Tracker 2.15	27	2477090	51d9b685	47640043	1/songs/Coocane/coc_tin2.it
b9aef75431eb2c39f9184b2f2beb8ce4	1	179538	player	ft2play	FastTracker v2.00	32	1042528	80571925	0cd39f3a	1/songs/Ciccilleju!/ccj-chil.xm
ba11fd058bdc2fd0e455c193880d500a	1	302136	player+silence	ft2play	FastTracker v2.00	12	443071	689a3d01	a5fdf6b5	2/songs/Vim/CALLME_P.XM
ba2174b2edb0cba02e9badd351e58c4b	1	265847	player	it2play	Impulse Tracker 2.15	44	5209835	c85ad34e	65f23383	1/songs/Coocane/Wayfinder + Coocane/wc_drop.it
ba2e7390acb40acd9c2ef9084f698357	1	240687	player+volume	it2play	Impulse Tracker 2.15	36	630512	8807d4ad	073abeee	2/songs/Nebularia/Nebularia-Fresh_Air.it
ba30a6dd7c547c8d0375fc6322eb8958	1	233822	player+volume	it2play	Impulse Tracker 2.14+	41	1725634	4efcf5d4	96ced9e9	2/songs/TNK/TNK_DCOR.IT
baa2c0d01405fddebb92162a4eb2c0a8	1	115832	player	ft2play	FastTracker v2.00	16	517437	9ac70fcb	81be9ece	2/songs/LS/CHEESE.XM
baca027ea4631a869bca64cdef778d71	0	252519	player	libopenmpt	MadTracker 2.0	16	2931498	7562b3e3	9c9815ed	2/songs/nt/Somewhere else...mt2
bb0991161fd477dcabe10d506cd0beb0	1	327899	player+silence	it2play	Impulse Tracker 2.14+	34	10453639	dbdff97b	ba5bdbe0	2/songs/NoManiac/silver.it
bb5ea140a800a53caf4ff7973d3e4449	1	174289	player+silence	ft2play	FastTracker v2.00	14	982565	bde9e061	cda20184	2/songs/Jerry/DISTORTD.XM
bb62dc73eb242dc2d62090f04db6ddea	1	230632	player+silence	it2play	Impulse Tracker 2.14+	21	213617	20b0bf75	ce164417	2/songs/Willbe/wb-club.it
bb735ef7f7514e4e29b1789d649812a2	1	244990	player+silence	it2play	Impulse Tracker 2.14+	52	1718581	a8a56d97	2e2e5a9d	1/songs/_various/Sharas - digit.it
bb88c36bc72ece5960ee17ad2dd3c0bb	1	786747	player+silence	it2play	Impulse Tracker 2.14+	29	1715618	5b6ca265	43c9b7e2	2/songs/Reactor Grits/PHAINOMA.IT
bb89f490ea9c7a5a714db0aee19a4a51	1	412822	player+volume	ft2play	FastTracker v2.00	32	1221882	f2e09dbf	aeabced5	2/songs/Pitch'n'Sulphur/Delay(Jakob T.) - arktica.xm
bbb578cfcd0fcf411b72b2227a79748d	1	424161	player+silence	it2play	Impulse Tracker 2.14+	33	7452000	c25702fa	5a8b0689	1/songs/CJ Imperium/The Uniform Drug Called Music/PUX'NW~1.IT
bc03aab19ff00b66c21f4d5ddeef3326	1	345002	player+silence	ft2play	FastTracker v2.00	18	1029705	0d514baa	1a047d7f	2/songs/tokyo dawn records/tokyodawn99-muffler-lia.xm
bc1099598ba5709d0a43b26d38d1b703	1	485826	player+silence	ft2play	FastTracker v2.00	18	1296003	dc1df8e8	1cb887b1	2/songs/netpoet of park & 243/Better forget you.xm
bc5be74970e3ef68b879e76a0d2bcb26	1	154082	player	it2play	Impulse Tracker 2.14+	4	44024	7f9fbad2	67b5a836	2/songs/Wayfinder/mario.it
bc76b7fed9a7394742c5f07f6d33a76d	1	260586	player+silence	ft2play	FastTracker v2.00	32	1178196	4785b9d0	6b21a579	1/songs/awesome/just_two.xm
bce290c7ddbb138daf20d3463dc63c75	1	338921	player+silence	it2play	Impulse Tracker 2.14+	17	1497215	3da7ca6d	ce11ddea	2/songs/xb/XB_FIPSP.IT
bd13f8fd93158f09a1c3d02c2031f3ad	1	267334	player	uade	Protracker	0	339598	55107c3e	e4677f5d	2/songs/Subi/nuurswaashoo.mod
bd2567bd22b9c7a4f0ed3a10481fe629	1	372143	player+volume	it2play	Impulse Tracker 2.15	29	4405363	278cb32b	77f26d7b	1/songs/Coocane/coc_l3die.it
bd49004a7e80575d7c75e7a70c0a627e	1	207006	player+silence	ft2play	FastTracker v2.00	10	1989639	19e4ea84	241801e0	1/songs/Final Ignition/FIG_JAM.XM
bd9e2235f1d28e1e87698bed4b0a9221	1	306364	player+silence	ft2play	FastTracker v2.00	18	942918	5886ce1c	4043bbf1	2/songs/Vim/XTRATHIK.XM
be7a68ebbf6f7beb8defd48955e2e727	1	207795	player+silence	ft2play	FastTracker v2.00	26	983325	015f19cf	8e193656	1/songs/_various/Caesar - AManOutOfAge.xm
be9f6835fc6788a1cc831d72778ac3b6	1	258899	player+volume	ft2play	FastTracker v2.00	14	665699	280ca393	b08ce6c7	2/songs/ZiL/LifeForms.xm
bec0c72c88055e3055e6188ba86455b5	1	228930	player+silence	st3play	Scream Tracker 3.2x (SB)	10	333510	ac71ae60	a43f207b	1/songs/Fencer/FIVEWOND.S3M
bec9734c98bbd1b2cae93fa081d77c7d	0	343005	player+silence	libopenmpt	MadTracker 2.0	16	2793552	1dc3c213	47a1a417	2/songs/Vjung/exacttime.MT2
bf0c05a6c8721fac968422b8e108e533	0	241401	player	libopenmpt	MadTracker 2.0	22	971467	e9dcc8b6	2ead7bb6	2/songs/mr_ND/dream.MT2
bf3bfc9db210610a45967b3097ab8d45	1	299707	player+silence	ft2play	FastTracker v2.00	32	1336808	ea7d4d14	91823312	1/songs/awesome/aws_futu.xm
bf427df387eb92652ae818159920e2ae	1	233036	player+silence	it2play	Impulse Tracker 2.14+	4	305360	9f7ad1f3	667d7014	2/songs/Willbe/WB-AFACE.IT
bf9bf350062ed982e1daf7fa65eaa676	1	253393	player+silence	it2play	Impulse Tracker 2.14+	34	2968140	ea6aae3a	011a88d0	2/songs/Larph/Larph - Dubbel Pt. 1 (Boi E Oob Zih Gobzi).it
bffdce611ef30ffa5fcf894589799735	1	168728	player	ft2play	FastTracker v2.00	28	1049078	606aaea9	43a11912	2/songs/Metal/5_MUGS.XM
c061e8253afad6587d348adbd71af237	1	125758	player+volume	ft2play	FastTracker v2.00	20	64954	55552287	8643361b	2/songs/lesnik/chips/lickme.xm
c0958dce0f06096e353792048e815e84	1	305971	player+silence	it2play	Impulse Tracker 2.14+	25	380449	5b4569d5	e43521cd	2/songs/weegie/FUNTIME.IT
c0ae6f3dcdc51e424ab5e8b222f4f5e8	1	240789	player	it2play	Impulse Tracker 2.14+	27	931216	4c84f68d	035e980c	1/songs/_various/cantaloup - phremix.it
c0af15563e330066d8ec2bd874fc2ff1	1	220677	player+silence	ft2play	FastTracker v2.00	32	3693162	9f168c77	aa03e180	2/songs/TbO & Vega/tbo_feel.xm
c1f0e27d6cc39e2b138d2c58b31d1c2b	1	287046	player	it2play	Impulse Tracker 2.15	64	3275812	84336af7	13c4c892	2/songs/Torone/shared.it
c2052fd76752271a389d9927080a5ec9	1	164592	player	it2play	Impulse Tracker 2.14+	18	716013	4e464ea3	0253a6f5	1/songs/_various/Multivac - fstrght.it
c24cccaed75bd7cd4798e25d9fc9efda	1	194287	player+silence	ft2play	FastTracker v2.00	12	380983	3b66d5d4	4f4d5eba	2/songs/Vim/0PERCENT.XM
c256bca0e6a6930dbf42d15a30baa6b8	1	295520	player+silence	it2play	Impulse Tracker 2.14+	39	1093169	802384cf	2f92961b	2/songs/TNK/TNK_INCA.IT
c2796f7027bdbe8c0eb85c4d7d0b2799	1	163726	player+silence	ft2play	FastTracker v2.00	24	1022474	d2f7f51e	ce200eeb	2/songs/Psychedelic/PSY-KATA.XM
c477ddc4aa0f0966bafe51bba540ee1d	1	200118	player	it2play	Impulse Tracker 2.15	5	3907	602e3470	11ea7e6b	1/songs/distance/micro'00 4k compo/sizehoay.it
c4b32f9c5c6fc78528971722ce1fa3fc	1	219708	player+silence	ft2play	FastTracker v2.00	32	5181213	39273597	3980c9c2	1/songs/Hunz/om16b.xm
c4f0877c6af05ce4d86434306321cdbd	1	187860	player+silence	it2play	Impulse Tracker 2.15	31	510694	22d299e1	e2a9776e	1/songs/genosha/GE-YMI.IT
c5386bbe2e5ac9efaae2065ca66f5dee	1	628799	player+silence	it2play	Impulse Tracker 2.15	23	482010	066630de	ed0b8bc1	2/songs/RS3/3_beam.it
c5444f7ed97f91b0acb7b36a91025378	1	153977	player+silence	ft2play	FastTracker v2.00	10	475034	064c5c67	a06fa0c7	1/songs/_various/KePpA - Classic.xm
c5739eebea2d1b909981a5248102552b	1	149517	player	ft2play	FastTracker v2.00	10	39258	e6dedc4f	234f0a61	2/songs/Vim/FULED.XM
c5a374f05bd503b55ce5daee357a0819	1	140034	player+silence	ft2play	FastTracker v2.00	24	190705	38b40823	e1efcd4f	1/songs/distance/BOLLOCKS.XM
c5cd8e474656294702f20f1bc79f52ef	1	242517	player	it2play	Impulse Tracker 2.14+	14	461485	5d0782f4	87381451	2/songs/Willbe/album 'Time Machine'/wb-time5.it
c5d33741fe29e34d774a5ceb939e8d8c	1	195241	player+volume	it2play	Impulse Tracker 2.14+	13	900940	61fdd77f	3a2b22ae	2/songs/Willbe/wb-buzz.it
c63c2791f89cf1bb1d00e77431832bdd	1	228811	player+silence	ft2play	FastTracker v2.00	32	1124904	2ef24813	53475423	2/songs/TbO & Vega/tbo_afte.xm
c6473e8922a5172ea5f38135f46cc48d	1	156954	player+volume	ft2play	Fasttracker (M.K.)	4	634220	fec9afbe	efd2e009	2/songs/zipp/blue.mod
c669cc38b024b25afd2bf308c0724c4d	1	208242	player+silence	it2play	Impulse Tracker 2.14+	34	509168	7140f3ce	e71fc94f	2/songs/WhiteEagle SkyProject/NW.IT
c6ace002545c880f78567ed736adff7b	1	188053	player+silence	ft2play	FastTracker v2.00	14	953563	c65835c5	7b277161	1/songs/_various/B.White - SHCITY.XM
c7482cf28f9ffa530e7ac6fafa8acbff	1	140239	player+silence	ft2play	FastTracker v2.00	32	6793408	398e03d4	02331ed3	1/songs/_various/Monster - orbit.xm
c7cf886b6c31bd5a7bc5f56512a5f00a	1	394430	player	it2play	Impulse Tracker 2.15	23	802881	f03fb4ab	ac78772d	1/songs/Coocane/cic_ice.it
c8d7727ff88a5e49e2907b00f1cb8d2c	1	387349	player+silence	it2play	Impulse Tracker 2.14+	25	140351	0ecd92fe	9f65b3b3	1/songs/distance/TERAMUT_.IT
c921198f3074038a636619517374d5ac	1	206612	player+silence	it2play	Impulse Tracker 2.14+	13	1140608	d4cb4833	bf0dcaa9	2/songs/kolabore/sl-agony.it
c92526448d6378d929e7dc5f2e0e9b9e	1	342962	player+silence	it2play	Impulse Tracker 2.14+	30	267456	98bc356b	58c07c28	2/songs/Willbe/wb-wash.it
c926b80ff5de7c9b20fbd22bc3db7027	1	81778	player	ft2play	FastTracker v2.00	20	66754	36fef6a8	06b8c329	2/songs/Vim/CHANCER.XM
c952802d4475aaa5ee41e915012cb0f3	1	231252	player+volume	it2play	Impulse Tracker 2.15	20	966702	7747621e	0b428dba	2/songs/Wayfinder/mark-sub.it
c99dd37076cc70421ada5bbc6ade62ff	1	212682	player+silence	it2play	Impulse Tracker 2.14+	13	178987	2baf661a	fdf01d2c	2/songs/Wayfinder/way-jean.it
c9a2680e427aae196bad1b84f35dd1cb	1	290660	player+volume	it2play	Impulse Tracker 2.15	20	3973600	4794e40c	21fee2f5	1/songs/Coocane/coc_rlf3.it
c9c1e482e0f6d995ffa95911fcdbdc63	1	236457	player+silence	it2play	Impulse Tracker 2.14+	29	1236663	5d50b619	5eeddd1d	2/songs/melcom/The Dark Trooper Symphony 4/dts4-s2.it
caaabba5b3c6c6cf3e33d93f8db4fda5	0	274146	player+silence	libopenmpt	MadTracker 2.0	32	7267596	2bb2c34c	00f886bb	2/songs/ZetesisAA/Zet_Ang&Hope.mt2
cac27f775e7bce52eb37a265ac28df89	1	220511	player+silence	it2play	Impulse Tracker 2.14+	33	1026084	02ecddef	7f8d513f	2/songs/RBi/neophite/jn_dark.it
cad7df3cbc109204402903d227584e56	1	83612	player	uade	Protracker	0	501798	f11fa36f	8717abf5	1/songs/h0l aka hollywood/1996/KRAZED-UNFIN.MOD
cae6e9302cb4052733e5854a78325625	1	118617	player+volume	ft2play	FastTracker v2.00	18	1689392	45a25296	46a9e965	2/songs/MW/mw-thoug.xm
cb18463565f602b995523372ec6b825a	1	238910	player+silence	it2play	Impulse Tracker 2.14+	27	1865792	54f79f08	82c35bcd	1/songs/_various/Nino - enemy.it
cb1bb8628244b29684abe0e77a1b1bfb	1	138014	player	ft2play	FastTracker v2.00	10	33008	86504e2c	39f45088	1/songs/_various/waKa x - Pinkninja3.xm
cb55c03b6ab1302ac9a20dbf103c58fb	0	330332	player+silence	libopenmpt	MadTracker 2.0	16	1212552	1d7814b5	999e2a28	1/songs/_various/xiphiuz - reakt or ( trance mix )-8bit.mt2
cba888321a74ffbf714a1b1ee957e7bb	1	290622	player+silence	ft2play	FastTracker v2.00	28	571159	ddf70c5f	df723aad	2/songs/park.studios/melancholik ep/velvet&a-move_-_sparkling champagne.xm
cbffd6ef1043301a563699cbad7890ec	1	631120	player	it2play	Impulse Tracker 2.15	64	2356072	338d1f3d	055d2769	1/songs/_various/devic - tf.it
cc3ca0bce0064ce32843f12e35c547eb	1	143845	player	ft2play	FastTracker v2.00	4	22087	ddd3bc17	16300f3b	1/songs/Ciccilleju!/ccj-stat.xm
cc6c42ccfcb946ce4da2b67b2f38ba86	1	475174	player+silence	it2play	Impulse Tracker 2.14+	32	751653	7d2b0b35	9fb398ec	2/songs/Reactor Grits/STAIRWAY.IT
cc89e19bb3191e963f65d40ce9abe51a	0	216810	player+silence	libopenmpt	MadTracker 2.0	30	1092489	6681d3a7	6dbaea99	2/songs/SZ1/LivingForTrance-2000_SZ1.mt2
cd9f77ba05caa0da231f694d069fc42f	1	322622	player+silence	ft2play	FastTracker v2.00	30	1207649	06c0ff69	28bcb2c6	1/songs/awesome/aws_dawn.xm
cddacc1316f618655f18ea5b885a44ae	1	286664	player	it2play	Impulse Tracker 2.14+	20	1359464	3e3b7011	a86ed3cb	1/songs/_various/DrSonic - for5.it
cde3ea3b2935ba228df8ac8f3d53fb12	0	238162	player+silence	libopenmpt	MadTracker 2.0	18	779170	091b48b1	7e9fb965	2/songs/Vjung/dancehypnosis.mt2
ce0c118d131e9f8fdbe215303c9f6902	1	85363	player	ft2play	FastTracker v2.00	24	3303243	60a97aa0	a466b021	1/songs/_various/FLORES - Deus.xm
ce0daa6a44a79803b4e8b8a1ba4f1745	0	211178	player+silence	libopenmpt	MadTracker 2.0	16	1928701	e35d95ea	8c6ec8e3	2/songs/RBi/morphine/morphine - no more sleep.mt2
ce214a16105571f9cb297e3ae957166c	0	186922	player+volume	libopenmpt	MadTracker 2.0	32	845241	850aebc2	2d3424a4	2/songs/Reverie/ArcticTribe2.MT2
ce3a0bd04f4ff0ae838acef2bb7e92a9	1	186249	player+silence	ft2play	FastTracker v2.00	32	1800168	3abb3367	533716c5	1/songs/_various/ESP - aurora_borealis.xm
ce731e569a317307676f487d1c6d262a	1	171963	player+silence	ft2play	FastTracker v2.00	16	80621	74f30503	d6310182	1/songs/_various/ESP - captain_portal.xm
ce8661d7dc47885a7900d62621ce693c	1	177443	player+volume	ft2play	FastTracker v2.00	30	1328020	a25aee19	d17a05f7	1/songs/awesome/aws_chas.xm
ce9c22575cd56ba38376d11f97cff366	1	147039	player+volume	it2play	Impulse Tracker 2.15	16	276085	391a9a6d	a35d1a5e	1/programs/editors/Impulse Tracker v2.14p5/ImpulseTracker214p5.rar/JEFF93.IT
cee106254dd9017bab74156c69b10396	1	328698	player+silence	ft2play	FastTracker v2.00	20	1056736	f5918b7b	ef90c970	2/songs/tokyo2051/tokyo2051scifi/tokyo2051scifi-prymer-meanwhile.xm
cf31aa0eed6987ae555e034628faa55a	1	131742	player+silence	it2play	Impulse Tracker 2.14+	10	537683	d5f3d597	1227db32	2/songs/kolabore/sl-codi.it
cf883c70a3ae136380ad019d39f3eb17	1	727545	player+silence	it2play	Impulse Tracker 2.15	64	2334537	b9905050	8d76dff8	2/songs/Nebularia/Nebularia-Ultima_Ratio.it
d02e1f47aa83c3fe439f2f4b4e25feed	1	291094	player+silence	ft2play	FastTracker v2.00	14	3292856	f72001a4	dafa4a9c	1/songs/Jean Nine/J9_TIME.XM
d0de3d167c55c5c07f0ecd746681a8e3	1	322343	player+silence	it2play	Impulse Tracker 2.14+	15	868543	9a00fc26	0011c421	2/songs/Plan9.0/TRACER.IT
d0ff2d8ff21b40e019d95a3eddbc1b5f	1	143431	player	ft2play	FastTracker v2.00	8	34152	5124daa3	5de79e16	2/songs/Vim/LEFTBLND.XM
d159216bd6678be266a5d1d8cf58dc6e	1	223659	player+silence	ft2play	FastTracker v2.00	32	3180621	a19104d2	009058bd	2/songs/Misutka/SUNCOL.XM
d1602c189b35c99d06acd246ec454011	1	426942	player	it2play	Impulse Tracker 2.14+	20	5558453	05bf518e	7fe4d2a6	2/songs/Plan9.0/FORM84.it
d1d3ad7ed68847537e455122b248bcfa	1	258934	player	uade	Protracker	0	49496	7127f181	61eb3b33	1/songs/h0l aka hollywood/1995/BELIEVE.MOD
d1d52953a22a79154af5eed079cce574	1	327921	player	ft2play	FastTracker v2.00	28	838452	5f6048be	ebe2a107	1/songs/_various/Axe - gate4g.xm
d21f585ef77f7166de0fcf2cc9791f33	1	266967	player+silence	it2play	Impulse Tracker 2.14+	22	1709210	e8373413	626cce01	1/songs/CJ Imperium/The Uniform Drug Called Music/GANGSTA.IT
d259b7c82394652ef2caa1792ae3a713	1	199998	player	it2play	Impulse Tracker 2.14+	28	1547628	4d867cfc	6b67add7	2/songs/Wizo/Magestic.it
d26edb881c7e024fb1e104a3ff3cb162	1	247523	player+silence	it2play	Impulse Tracker 2.15	56	1464424	09d47cd3	d2f5232a	2/songs/Wayfinder/way-morn.it
d291561e9496599fb1d9cb838fff71a3	0	400944	player+silence	libopenmpt	MadTracker 2.0	22	4755800	87a0e5f7	b9b6f33e	1/songs/Cools/Cools - Descend.MT2
d2dd7a671419b74d35c7da6697abbc9e	1	288478	player+silence	ft2play	FastTracker v2.00	32	3053145	9f38053f	2dbc530c	2/songs/RBi/morphine/mph-yctn.xm
d2e8163ca2b57f2c7feb2252ff1f38fd	1	271725	player+volume	it2play	Impulse Tracker 2.14+	16	256845	721a1972	2828ab60	2/songs/Willbe/album 'Time Machine'/wb-time2.it
d2f10c5c25c915946303d73c11d0d8fb	1	339552	player	uade	Protracker	0	580756	b74d36fb	1ae8ec16	1/songs/h0l aka hollywood/1995/ETHNIK-PLUS.MOD
d2f940fad7a2e3465a2c1385221ba1da	1	187532	player+silence	ft2play	FastTracker v2.00	30	1270338	17cd4a56	4020afc1	1/songs/awesome/aws_anc2.xm
d330ff314592083a408097f495916015	1	186998	player+silence	it2play	Impulse Tracker 2.14+	22	410076	f9d6622c	e50086c5	1/songs/Aymes/PIZZ.IT
d383904ce0fe623bff0b560b85a8e8bd	1	371239	player+silence	ft2play	FastTracker v2.00	32	2389745	5f8f5eb3	72b5aaed	2/songs/Misutka/LIGHT.XM
d3f38bbc99304b83699baef431008919	0	321940	player	libopenmpt	MadTracker 2.0	30	540596	b64e3e3f	b43ea4df	1/songs/Coretex/Coretex - Orbitality (1997).mt2
d44432b22d8657fe0f0d339c7a5ff1ae	1	139691	player	ft2play	FastTracker v2.00	24	1288779	242a1f73	168195de	2/songs/MW/mw-hesit.xm
d451eb2ffcbe2cdc87ee4d130588c498	1	182388	player	ft2play	FastTracker v2.00	20	5530815	283ee230	193869fe	2/songs/Pitch'n'Sulphur/Al.breax(Albrecht N.) - breakdow.xm
d46f059422cd095ea30fa2fd325d3072	1	225184	player+silence	it2play	Impulse Tracker 2.14+	18	639590	49f0bfe7	435fb383	1/songs/Force Ten/explorer.it
d47bb523a578ce8adefa577132da0615	1	361749	player+silence	it2play	Impulse Tracker 2.14+	28	865345	bcd3c2bf	ae57272f	2/songs/RBi/jay/jy_atmo.it
d4bf4dbfd1a6404aaee14a675bd68bc4	1	328916	player+silence	it2play	Impulse Tracker 2.14+	17	128942	e97dd887	e0149bcc	1/songs/distance/TRULLCKS.IT
d4d6463b70ec192f00c1fbce6b0853b2	1	162275	player+silence	ft2play	FastTracker v2.00	4	913709	6299007d	e81bf9b4	2/songs/smash/there goes the neighbourhood/michelle.xm
d511afb4afd083b0b245b7551858e844	1	178525	player+silence	it2play	Impulse Tracker 2.14+	21	250090	1280bc65	39989aa4	2/songs/WhiteEagle SkyProject/woh.it
d550412e2f2127b060051f83e2492b20	1	382233	player	uade	Protracker	0	350666	4569ac53	f27409a7	2/songs/Subi/GRAVITY.MOD
d56f5abfa77a8de63f7df41de8adb3a0	1	671094	player+silence	ft2play	FastTracker v2.00	32	2984915	72f5de49	c3ebfa51	2/songs/tokyo dawn records/tokyodawn98-keith303-into_the_unknown.xm
d5990356480c5ca71574a501fe00bfcf	0	174366	player+silence	libopenmpt	MadTracker 2.0	22	837312	68cb8f5b	d7dec810	1/songs/_various/Xam - Stx_what.MT2
d5b0d797614604667be25dae98336e04	1	196312	player+silence	ft2play	FastTracker v2.00	32	6880994	5cd1412a	e332d62c	1/songs/Ciccilleju!/ccj-deep.xm
d603ea48cec7734cf27cbf4bc2a059d5	1	374376	player+silence	it2play	Impulse Tracker 2.14+	26	4218125	de15d0ef	90eac043	2/songs/NoManiac/internal.it
d60908704e473b5fb279bb5a290ca7ff	1	209634	player+volume	it2play	Impulse Tracker 2.14+	22	1925209	48d7fb52	1723e2bd	2/songs/NoManiac/rainracers.it
d6d86fab4ee7d429cfca62a7dd4da528	1	229415	player+silence	it2play	Impulse Tracker 2.14+	22	882767	be53c0bc	81c8745b	2/songs/kolabore/sl-hex.it
d731a480eda90e70b2a7a54927987dc3	1	223454	player+silence	it2play	Impulse Tracker 2.14+	24	687119	8dea03ec	fbf32c59	2/songs/RBi/bassie/jb_labo.it
d750d93a82489544afe5c73c2e0413fe	1	320287	player+volume	it2play	Impulse Tracker 2.14+	17	454757	f3929366	6ef6374d	2/songs/Willbe/album 'Time Machine'/wb-time7.it
d7c2fac9d386ade1d33b98a00f93c5c3	1	209627	player	ft2play	FastTracker v2.00	32	1401611	8e92f676	5440280e	1/songs/Fusion Music Crew/FMC_2NDW.XM
d7c38a87af3091bb65cde8436c90b328	1	233669	player	ft2play	FastTracker v2.00	26	1755782	aa95ffb8	3bab44d4	2/songs/XenouX/[XenouX] - Springtime 2000.xm
d7f8007e90f5bddff8e773c74924510d	1	201788	player+silence	it2play	Impulse Tracker 2.14+	18	601781	f296b243	62cdf5c3	2/songs/melcom/The Dark Trooper Symphony 4/dts4-s6.it
d81b6c31b4e1a41ea03a4f7618c01bc5	1	250054	player+silence	ft2play	Fasttracker (M.K.)	4	291640	d9f63154	6dfb92f4	2/songs/RBi/bassie/jb_grol.mod
d8c0fed1a6a37715056b4975520c4fc7	1	233997	player+silence	ft2play	FastTracker v2.00	30	1762517	6648cea2	da36f3ab	1/songs/awesome/aws_insd.xm
d8fc1f02f1882303bba16d8b7a2de633	1	222886	player+silence	ft2play	FastTracker v2.00	32	1849885	2e067e1e	c818c822	2/songs/TbO & Vega/tbo_ikno.xm
d907b181247a095963ca14627a849fd7	1	177145	player+silence	it2play	Impulse Tracker 2.15	16	1969316	e137d270	120c1dcb	2/songs/kolabore/mx-kick.it
d9fdfd47af3df117db1ab271e039b3c6	1	194407	player+silence	it2play	Impulse Tracker 2.14+	20	1482353	268b92af	6b0ad87b	1/songs/_various/BlueShadow - alone.it
dadba82a9fd04c3b15af344663bece6d	1	388366	player+silence	it2play	Impulse Tracker 2.15	18	870078	84a29bc6	69cab7a5	1/songs/Adnan/a-diadaw.it
daecf8468a5f0751e5a764d3798aba39	1	248952	player	ft2play	FastTracker v2.00	32	1195445	bb3a7b58	e9e86dcd	1/songs/_various/zantac - zan_oc.xm
db02193d0f4428eb31194ab6d2a297bf	1	192442	player+silence	ft2play	FastTracker v2.00	14	2382370	0e74d607	c887445a	1/songs/_various/S. von Berzerk - CLAWS.XM
db60dbdd1d9ecc39132dda640585bede	1	189308	player+silence	ft2play	FastTracker v2.00	10	66503	c46a2df7	928222f9	2/songs/smash/there goes the neighbourhood/endtheme.xm
db6e88882c45a53528d9d94e25b82cc6	1	479236	player+silence	ft2play	FastTracker v2.00	28	1433187	c9c3b4b8	355a7733	2/songs/Seko/5837-LostInThisWorld.xm
db8ff12cbf05959fadded00727bd050b	1	246554	player+silence	it2play	Impulse Tracker 2.14+	28	427046	495831ce	28cd1b95	2/songs/spuho/TIME.IT
db91dece3b16bda05f970f4cacd07c8f	1	193326	player	it2play	Impulse Tracker 2.14+	40	448723	5e45cbf4	e8c5eccf	2/songs/WhiteEagle SkyProject/road.it
dbd3d7bf5f0820af168c752f2df90a86	1	409862	player	it2play	Impulse Tracker 2.15	27	2755419	36e1af6e	c7de247e	1/songs/_various/moses - rjjhppt.it
dbd64663a3fcadfb1ad8e72888c39e98	1	191498	player+volume	it2play	Impulse Tracker 2.14+	14	109786	a7afd2d7	16536677	2/songs/Treks/monamour.it
dbeaf12ecc8b354733c243a73aa5d1a8	1	169755	player	ft2play	FastTracker v2.00	24	531923	aa7133ac	338eeb15	2/songs/LS/IMAGES.XM
dc04a1e6b2ce3aa26b9312e2f74fc85b	1	302012	player+silence	ft2play	FastTracker v2.00	30	679979	17c9c9be	05d6f32e	1/songs/_various/nmioaon - dohelix.xm
dc72d88b9fe30c133d9fdce0db9ae70f	1	172612	player+silence	ft2play	FastTracker v2.00	22	698081	ff7c72ba	e5004d1a	2/songs/Reptile_&_Sky/NWHERE.XM
dc7ae31e7c1bb07c3424d825a4b9bc1e	1	125649	player	uade	Protracker	0	361454	41757874	94fe6305	1/songs/distance/excuseme.mod
dc84b459616cb4c95032f19943e5215c	1	184029	player+silence	ft2play	FastTracker v2.00	32	1687401	42a90541	36de3285	2/songs/Psychedelic/PSY-DIVE.XM
dcaddfe3e22e4018bfcb243eb38b581d	1	58474	player+volume	ft2play	FastTracker v2.00	22	35394	73d00e16	7b6ac535	2/songs/lesnik/chips/crackme4.xm
dcb0bff09768f4fa0c1a0e9f5e8e923d	1	462308	player	uade	Protracker	0	377986	afe0576d	2ed5df9d	1/songs/h0l aka hollywood/1995/STINGRAY.MOD
dcb7baffe8f6232fc26903e43a7de311	1	73886	player	ft2play	FastTracker v2.00	24	2678854	0575c4c4	b1c0a960	1/songs/Ciccilleju!/ccj-stic.xm
dd3fba263139c8c7f9d24adf1e86d956	1	94983	player+silence	ft2play	FastTracker v2.00	18	435398	2e603412	218e0803	2/songs/X-Sample/DRUM.XM
dd5944412d17e4a8306af10394e5ae19	1	356640	player	ft2play	FastTracker v2.00	22	1555209	ec3df149	2b6f1948	2/songs/tokyo2051/tokyo2051-mefis-aural_excitement.xm
ddd609b3d2f94504593799036e126e88	1	234884	player+silence	ft2play	FastTracker v2.00	32	2505449	018e84b3	bae05008	1/songs/_various/manx - dark.xm
ddef5d877598bb290372183de691b342	1	152563	player+silence	it2play	Impulse Tracker 2.14+	16	464074	0f7dd4d9	2859d8d5	2/songs/Willbe/wb-pyhtr.it
de3d19d2f9f84f9e5a515121fbff2eb8	1	428532	player+silence	ft2play	FastTracker v2.00	30	1133797	c2c18ce8	1c91f78d	2/songs/RBi/neotraxx/ntrx_r1bt.xm
de46914309370a9b4f527961ee8f16ab	1	143157	player	ft2play	FastTracker v2.00	32	849346	52f3d89e	412169c6	2/songs/LS/MADEIRA.XM
de47bfaf10788b35442d55801a82f006	1	247773	player+silence	it2play	Impulse Tracker 2.14+	15	749499	cc231b35	d73e93d6	2/songs/kolabore/mx-gelb8.it
de68dc8cc9dd7f7fec53d360f2c9a2ad	1	124222	player	it2play	Impulse Tracker 2.14+	31	6868346	0983d018	0c4a0031	2/songs/NoManiac/spooky.it
de93b671c7478740a3a20742e494bada	1	20030	player	ft2play	FastTracker v2.00	6	181447	ac7e4166	35e4a3dc	2/songs/lesnik/chips/lostlife.xm
dea7285b619120b498792791d231ab3b	0	439196	player	libopenmpt	MadTracker 2.0	16	991340	cd5e8d30	d76e8cb0	1/songs/_various/Tranzity - Identified.mt2
deb0dd94dca112fa78ec4891a4368543	1	627182	player	it2play	Impulse Tracker 2.14+	15	769428	7761e21c	0ae562b9	1/songs/Adnan/a-wstory.it
df09123c8f3e09d5b0baf90337624016	1	270650	player+volume	it2play	Impulse Tracker 2.15	32	1174713	225c3315	02106b23	2/songs/Wayfinder/k_pearl.it
df57d53d8f429be86d036736c2e60d2b	1	346674	player+volume	ft2play	FastTracker v2.00	26	185191	75eae123	1748694e	1/songs/Foo/PAZAZ.XM
df789b7665c51537593d06fd07304c2a	1	180297	player+silence	it2play	Impulse Tracker 2.14+	16	947736	e43378db	28fd53c1	2/songs/spuho/DARK.IT
dfb29be9b1793eed199f49a1f08905df	1	179140	player+silence	ft2play	FastTracker v2.00	32	4598618	8a1650e1	65d6b26c	1/songs/_various/Monster - parnass.xm
e02b22b13cb22ba3c8f4174ddb0e0a21	1	205913	player	ft2play	FastTracker v2.00	32	1892152	a51e8cc9	602126ea	2/songs/zipp/deliflat.xm
e04b89ac02a4248aba27c86ab508a093	1	335172	player+silence	it2play	Impulse Tracker 2.15	18	564592	87b2f7f8	e2558369	2/songs/kolabore/mx-symph.it
e06094299ef6d769824aa4d24f0c8ce5	1	329515	player+silence	it2play	Impulse Tracker 2.14+	32	696711	e94c8443	ddc3ee40	2/songs/kolabore/sl-schrf.it
e0a550f5333a7e11068e951bdfb96f3b	1	272736	player	ft2play	FastTracker v2.00	32	2342147	28150c54	3f2f5e72	1/songs/_various/yehar - swalk.xm
e0b27de8e62cd2af2784d839241f65f8	1	210610	player+silence	ft2play	FastTracker v2.00	16	632864	6650b527	f40cf65a	2/songs/lesnik/WATERH.XM
e0ea362c7047c9cff891cfbe2221fdb0	1	148804	player+silence	ft2play	FastTracker v2.00	14	599524	5bc42af7	9505f329	2/songs/X-Sample/DESEASE.XM
e1c78c41a8b84304c8f2dd83117b3fec	1	311105	player+volume	it2play	Impulse Tracker 2.15	64	5002435	d2ceed5b	3c786eb0	2/songs/Torone/991107.it
e1d20cb7765396c1f9e7608359651cb6	1	294903	player	it2play	Impulse Tracker 2.15	64	1355278	aac69d84	8a2571d1	2/songs/Torone/000501_l.it
e20f123b9007c75aca73782f6112c7e0	1	365529	player	ft2play	FastTracker v2.00	10	725044	4f544ba1	e56e0f03	2/songs/Spy-da/SPY_DINA.XM
e214b5f322fba125215d99b31ab42a11	1	404228	player+silence	ft2play	FastTracker v2.00	32	4198083	b02727a7	5c5b39b8	2/songs/Seko/CK_DEAD8.XM
e24ebf458353d917ad280e20945383f0	1	26223	player	uade	Protracker	0	9958	90093d7f	8fb06af9	1/songs/h0l aka hollywood/1993/ROBOT_CONTROLLED.MOD
e289f505146d61c8e7c89646b91a3209	1	240387	player	it2play	Impulse Tracker 2.15	21	693917	953b759a	69769603	2/songs/kolabore/mx-dryvf.it
e2a82f9335d6777881d714ce27d81e66	1	250926	player+silence	ft2play	FastTracker v2.00	18	1607800	41d453d3	63b2b6a8	2/songs/nofuture music productions/Trip_Into_Drum-n-Bass.xm
e3382659463ef853dce7c21f31c9b12a	1	349096	player+silence	ft2play	FastTracker v2.00	10	1000726	d7b6fae0	6ca7cd70	1/songs/_various/KePpA - GIGI.XM
e35b506bdf97b9a0d72b9184f1303cb0	1	7532	player	ft2play	FastTracker v2.00	4	4504	2f8e8c3b	e51e198f	2/songs/lesnik/chips/8_a_m.xm
e37c0118eb144af49ddbce12698a5fea	1	276034	player	st3play	Scream Tracker 3.01 (GUS)	16	149794	57fc00ea	3dc997e2	1/songs/Force Ten/stat_ark.s3m
e38eb6aed5da67611b24eb14a478c9e5	1	159562	player+silence	it2play	Impulse Tracker 2.14+	18	369058	e6d4f5cd	cf5e1511	2/songs/spuho/Groovy.it
e3fde6636fac608bfe52a59ed813ae1d	1	235557	player+silence	ft2play	FastTracker v2.00	24	539493	7f3c8859	ef20978f	1/songs/_various/Axe - city.xm
e4756d723d7a9cdd167bf0f1c5cce2a1	1	172151	player+silence	it2play	Impulse Tracker 2.14+	32	3445510	8eec05ea	fe4401ba	2/songs/Wayfinder/wil.it
e47af85f4cbfe550d50c70d89ece2dd4	1	368071	player	ft2play	FastTracker v2.00	22	883216	d2c17c46	9ee7d361	1/songs/_various/Teknostep - Oreo_88.xm
e5097cd7a3e0c38e847cfd87f9c1ef9f	1	319516	player+silence	ft2play	FastTracker v2.00	24	1061171	f43f3d18	71cad438	2/songs/park.studios/morning star ep/o2_Netpoet_-_Morning_Star_(Remix).xm
e51feec00cd6e9518957a19327ac71b1	1	536816	player+silence	ft2play	FastTracker v2.00	24	1313365	a917fad4	22111f18	2/songs/Psychedelic/PSY-LIVE.XM
e581ec15f3fb054d35625e5605972845	1	116745	player+silence	ft2play	FastTracker v2.00	16	191810	9e20c705	4b3e3d26	2/songs/smash/there goes the neighbourhood/away.xm
e5af7885d653a8cba2807e72cc1dd72e	1	228042	player	ft2play	FastTracker v2.00	14	1597653	1d608c48	dc1ed41a	2/songs/Pitch'n'Sulphur/Al.breax(Albrecht N.) - plugfade.xm
e5bc015394e27b6fe5143cb1edadc58e	1	268780	player	it2play	Impulse Tracker 2.14+	13	202838	b5ada11c	ee2b5e81	1/songs/_various/deviant - Chill.it
e665b72d73bc39ca273036146a24e269	1	243073	player+silence	it2play	Impulse Tracker 2.15	42	399278	4ebae975	ef264b1c	2/songs/Wayfinder/mark-pm.it
e66669715b61d51d44190813b31bd612	1	519203	player+silence	it2play	Impulse Tracker 2.15	32	1584038	8542357b	e77de003	1/songs/Aymes/Nomix.it
e66f1c3acded7e24336c697f504a667a	1	40429	player	uade	Protracker	0	10796	d1b58fa0	67948b4f	1/songs/h0l aka hollywood/1993/2_CUTE_4_U.MOD
e6c45d59fab3e98a807359e5dbcbda44	1	356863	player+silence	ft2play	FastTracker v2.00	28	3143451	a6a40cff	3c2df55c	2/songs/RBi/morphine/mph-slff.xm
e75ad886b28d83eed0aadd3558a91829	1	227694	player+volume	it2play	Impulse Tracker 2.14+	14	459570	a6a2c060	5a9002e8	2/songs/Willbe/album 'Time Machine'/wb-time3.it
e7c4f6a8526210151853efc71ea419c3	1	341321	player	it2play	Impulse Tracker 2.14+	16	1112316	5bd4812d	2f13e097	1/songs/_various/feilei - Feilei.s3m
e80da5ab34886e25972ccc257b3b77fa	1	222761	player+silence	it2play	Impulse Tracker 2.14+	16	116729	d62228f4	b0e4c8c9	2/songs/Willbe/wb-fnkst.it
e81ef2f7d226623ab609dc216bd70d11	1	10204	player	ft2play	FastTracker v2.00	8	1984	d6aabf68	b2b98e38	2/songs/lesnik/chips/impatien.xm
e83ea7af5ef1d7860a362cf74cc5ea77	1	248370	player+silence	it2play	Impulse Tracker 2.14+	26	259589	9a4e2b7b	3a5e4f72	1/songs/Aymes/THNK_NPT.IT
e919006034d86e35bc6a70565753857f	1	117044	player+silence	it2play	Impulse Tracker 2.14+	26	131157	e99e3a4e	d8e5b850	2/songs/WhiteEagle SkyProject/asotd.it
e99e7727d88f3f99ccd6875e87124108	1	172439	player+silence	it2play	Impulse Tracker 2.14+	13	194814	1d78f8e3	940cb7db	1/songs/distance/CLUSTER.IT
e9b9e5889353929efb1708b52085c97d	1	351991	player	it2play	Impulse Tracker 2.14+	16	614754	ab490372	af3e73f6	2/songs/Youp/LIVE97.S3M
e9c4cee0cd2f1bd109147f7d8c308b68	0	240469	player+silence	libopenmpt	MadTracker 2.0	12	1014068	adef52f3	134d3b13	2/songs/tokyo2051/tokyo2051-looza-lastloop.mt2
eab549eecc05bc692adada85b12be1ba	1	296392	player+silence	ft2play	FastTracker v2.00	32	1778127	bfed36c2	4681fc7f	1/songs/awesome/aws_aqua.xm
eb10d515435d00b6923f51fc833dae04	1	158439	player+silence	it2play	Impulse Tracker 2.14+	11	536968	98bdea31	2c694b3d	2/songs/Willbe/wb-wbird.it
eb44f8aaeb583b570f302b1e2281942f	1	220394	player+silence	ft2play	FastTracker v2.00	14	88294	0a133ba1	3bd6802c	1/songs/_various/waKa x - Mrfizik.xm
eb5f7486516ebd35190977b80ce08f9b	1	217609	player+silence	it2play	Impulse Tracker 2.14+	8	1607851	b3ce18fd	6531140b	1/songs/_various/Gestalt - LOW.IT
eb783b8bbb3b0d4a3065ac26f203fe38	1	351103	player+silence	ft2play	FastTracker v2.00	16	691171	dca0c147	8217b54e	2/songs/tokyo dawn records/tokyodawn99-falcon-ma'eyez_wide_open.xm
eb8745d307a660fb1bfcad4a4e71779a	1	216247	player+silence	ft2play	FastTracker v2.00	12	474616	8da9a0d8	116f9d4e	1/songs/_various/Kaparo - code22_mixC.xm
ebc6ab17d38febbe5cdc4cb33bf5c4b4	1	469955	player	ft2play	FastTracker v2.00	22	1837686	75401208	6666a6a2	1/songs/_various/Green - G_liquid.xm
ec02ca47739925db048c86bda268fb74	0	160615	player+volume	libopenmpt	MadTracker 2.0	9	2124774	4182019d	2f913e43	2/songs/LS/Pulse.mt2
ec3f0d6696f489c17137e7c409a1d279	1	331809	player	ft2play	FastTracker v2.00	28	912694	57675e91	dd1081a6	2/songs/MW/mw-letsu.xm
ecb151ddd6862a647c163c7b1b3af3cb	1	190794	player+silence	it2play	Impulse Tracker 2.14+	39	1028415	40a6d201	d7336e03	2/songs/melvyl/mv-moods.it
ed1fcc45c66d979c12a573eeddc7a3a3	1	490988	player+silence	it2play	Impulse Tracker 2.14+	64	655743	9f65423f	196d8352	1/songs/CBR/cb-Lumbr.it
ed3f576458b01f186c2e802d788f18f6	1	178830	player+silence	it2play	Impulse Tracker 2.14+	32	281179	d7ae5513	e9f152fa	2/songs/Wayfinder/waygc28.it
ed6c590b2b5c00b2e607be6e2e6c0105	1	199027	player+silence	it2play	Impulse Tracker 2.15	26	358405	24c17004	6e3f7a8c	2/songs/melvyl/mv-fresh.it
ed8d1a78928844db75caf1a89fb67102	1	234928	player	ft2play	FastTracker v2.00	8	448417	1d969123	43491195	2/songs/ZiL/Plasmatron.xm
eda40b57d8c9c4bc3b78e74f1a55cabe	1	250752	player+silence	ft2play	FastTracker v2.00	14	2409132	90307121	b362e677	2/songs/Metal/DOMPUTER.XM
edcf8cda7c729a9a3dbcd3d0443a916d	1	152254	player	it2play	Impulse Tracker 2.14+	21	1127095	b98494a5	36f20566	2/songs/Willbe/willbe_thisis.it
edf887aa6fac8ecc50fd8932c490bb92	1	278234	player+silence	ft2play	FastTracker v2.00	32	3380550	b8ab8130	4aff0fa6	2/songs/XenouX/[XenouX] - Phantasy.xm
ee04042b7a3e4c48de855cb4923116d7	1	188136	player	ft2play	FastTracker v2.00	30	813221	d2ba2c40	14396507	1/songs/awesome/aws_news.xm
eebe4c8b3251053799d7329512c609eb	1	83056	player	ft2play	FastTracker v2.00	10	1537129	fb4105ae	12f432a1	1/songs/_various/ZeroZone - TheElevator.xm
eee454e4fd329a64abbcd85744f3069d	1	86436	player+volume	ft2play	FastTracker v2.00	28	1705600	1dac55f7	1facc0f0	1/songs/awesome/aws_fast.xm
ef2582457e1abb23904f968123eaac6f	1	256307	player+silence	ft2play	FastTracker v2.00	30	74084	5d6ab734	8fd7ecd6	1/songs/distance/CATCH22.XM
ef6838cf5a3559c8325306b22a6bdbed	0	235952	player+silence	libopenmpt	MadTracker 2.0	22	3372814	77742adf	01952173	1/songs/_various/BeatBoostie - Golden Sunlight (the whole day).MT2
ef6c7eff7cef7f77145890a56081d618	1	265138	player+silence	it2play	Impulse Tracker 2.14+	20	1334067	7cf7e947	c1beab6e	1/songs/CJ Imperium/Futus the Nymph/POCKET.IT
ef88754f993ce5607b14144b065d4734	1	330657	player+volume	ft2play	MOD Plugin packed	20	2499150	829039d5	1e45ea30	2/songs/SPOZ/spz-sgrv.xm
ef8ab27b09c6f6652896a71ce6589f39	1	402928	player+volume	it2play	Impulse Tracker 2.15	17	541788	1e7d45f6	e1866ee8	1/songs/Coocane/cic_hous.it
efad7d9e5777569dbbac421ba967bd96	1	521420	player	ft2play	FastTracker v2.00	32	5091518	a923891f	f5e427de	1/songs/Final Ignition/FIG_ELMA.XM
f05d930dabb1adafc02d4a76f6926a37	1	229170	player+silence	it2play	Impulse Tracker 2.15	13	521568	67014630	4f1c35a5	2/songs/kolabore/mx-hexp.it
f085156ea1467e81aeaf2de7a02459ee	1	455670	player+silence	it2play	Impulse Tracker 2.14+	33	1322153	e9c2f419	f8112005	1/songs/CJ Imperium/The Uniform Drug Called Music/THRGME.IT
f0956356ebc7f8c50aa3b8796c98db16	1	259266	player	ft2play	FastTracker v2.00	32	2470647	2e60a262	1a81d017	1/songs/awesome/tema1_1.xm
f0a7cad1b630fadd48157d864e09efe1	1	292473	player+silence	it2play	Impulse Tracker 2.15	25	908740	f87e721e	d90f4237	2/songs/RS3/3_virtue.it
f1413d0ab31773b6707f714f62b3bdb1	1	400415	player+silence	it2play	Impulse Tracker 2.14+	28	154068	1eb18c4c	194ae0af	2/songs/tokyo2051/tokyo2051scifi/tokyo2051scifi-distance-doused.it
f147608eb7604f0194a57146a26311bd	1	167456	player+silence	it2play	Impulse Tracker 2.15	33	506711	a33d38d8	8f034f62	2/songs/kolabore/sl-wantn.it
f17ba685fbbdaa0b8fa19d84c5c347b4	1	200402	player+volume	it2play	Impulse Tracker 2.14+	19	150311	f79a70c3	c3c2afb7	2/songs/Willbe/wb-vault.it
f17c268052b579d6c4325285452f4b69	1	277059	player	ft2play	FastTracker v2.00	28	2748507	5d14ed08	596d7c51	2/songs/Reverie/ANDRODM2.XM
f19ec52e6ca420392f4b8e00832a8b59	0	235519	player	libopenmpt	MadTracker 2.0	32	2553496	bae16694	4df1ef99	2/songs/Vjung/epidemia.MT2
f1a9f0c8faa9fec3803586fab91c4c44	1	504519	player+silence	ft2play	FastTracker v2.00	16	1416789	e97c3a3b	3f178635	2/songs/ZiL/Matter.xm
f1b2103d5d30043e786a640f9ca409d2	1	242749	player+silence	ft2play	FastTracker v2.00	32	2815148	af59a875	04498fb2	1/songs/ArchAngel/AA_HAVEN.XM
f1b640733a5397c5c4d39f0c03806d31	1	246338	player+silence	ft2play	FastTracker v2.00	22	5658696	58498a36	a10e3d62	1/songs/Final Ignition/FIG_ELST.XM
f1be7ef3446d0a58a70627dc1092af65	1	328447	player+silence	it2play	Impulse Tracker 2.14+	32	1172838	a9ef5030	12bd7371	2/songs/NoManiac/engelstanz.it
f2a30cbff03d67c7c5a58951275ecaaa	1	310526	player+silence	ft2play	FastTracker v2.00	24	1166181	b277f21e	725ba7da	1/songs/awesome/tunnel.xm
f2b8d0fb3df10aa2b97e578bb0d55335	1	406190	player+silence	it2play	Impulse Tracker 2.15	21	1292948	bd4910c4	32cda379	2/songs/tokyo2051/tokyo2051-krii+wesi-only_for_you(friday_mix).it
f2cba3d6dbc87297bc1aa5902bb1f66c	1	242498	player+silence	it2play	Impulse Tracker 2.14+	18	200633	18baf2f4	c8ed4985	1/songs/distance/SPOO.IT
f2f4799f20a915c616b52d6e942087c6	1	286900	player+silence	it2play	Impulse Tracker 2.14+	14	295995	7955879d	c2f1e96d	1/songs/Force Ten/zap_ssi.it
f390a4600725c3445582d9e6b2c44bd1	1	395907	player+silence	ft2play	FastTracker v2.00	30	7675244	b7c81358	3ca6cc88	2/songs/SPOZ/swf-nabm.xm
f393480ec20acfec0216db2e99eca5e9	1	115008	player	ft2play	FastTracker v2.00	12	20784	3cc0f499	84877a36	2/songs/Vim/ROCKWELL.XM
f3deda3df2ee4118b9a04665ef7ebaf5	1	167729	player	ft2play	FastTracker v2.00	20	786113	afde163d	f6f66375	2/songs/Misutka/DREAM.XM
f40dafd2de5f423bdcaa260c6a8aeb4b	0	390617	player+silence	libopenmpt	MadTracker 2.0	16	5453658	fd3eeaa8	3a7f819b	1/songs/_various/Lutzko - Inhale-Exhale.MT2
f43ff3b290fc7373b2668c0bf751a433	1	327136	player+volume	ft2play	FastTracker v2.00	26	1857262	5c59f784	9d755f5f	1/songs/_various/canis - ingenius.xm
f4dd394edaeffdbd1a5da181166dc56c	1	256528	player+silence	ft2play	FastTracker v2.00	32	5962983	c48db319	a6790cfc	1/songs/awesome/aws_cyb.xm
f52a9d5819f95797bb2373e811ea2c2c	1	331231	player+silence	ft2play	FastTracker v2.00	22	837782	4c8f9d54	1366377f	1/songs/Jean Nine/J9_SHINA.XM
f53d8c6f664cf12b66bcea921eca02b9	1	430680	player	uade	Protracker	0	368044	0b545737	d929b3af	2/songs/Subi/RECIPROC.MOD
f583ac71217953ca73670136406deeb0	1	340294	player+silence	ft2play	FastTracker v2.00	22	3108411	243bee98	ab225362	2/songs/SPOZ/swf-sbol.xm
f59ccb08ab38a153f9e672471791e266	1	100792	player	uade	Protracker compatible	0	53608	31e15bf9	c7871468	2/songs/tokyo dawn records/tokyodawn98-optic&tecon-pjski.mod
f5bd135f2b4f85bf9397bc0fbb1afda3	1	490675	player+silence	it2play	Impulse Tracker 2.14+	27	1479071	0bcb92e9	f7d97d3e	2/songs/NoManiac/weightless.it
f5fdaa5cf0bef6a7e3a18c3d32f807e1	1	157222	player+silence	ft2play	FastTracker v2.00	14	971974	95a9ff61	cd1eef31	2/songs/tokyo dawn records/tokyodawn99-optic-removal_syndrome.xm
f648ebd97ab147a7dfd9e9c003312527	1	345104	player+silence	it2play	Impulse Tracker 2.14+	58	2717172	0aa3db13	edfe6791	1/songs/_various/DOBOMODE - Hyper.it
f66e571f1865ded2d74affc57c562313	1	377205	player+volume	it2play	Impulse Tracker 2.14+	15	1137642	a7a0af2c	8154bfcd	1/songs/Jean Nine/j9_flove.it
f69f132a6388f05b36679a1e53b22cf6	1	41193	player	it2play	Impulse Tracker 2.14+	11	14569	d942b0d7	f510a804	2/songs/Wayfinder/way-abba.it
f6a7c161d25f418286ac1e7ba8d8a587	1	460661	player	it2play	Impulse Tracker 2.12	8	171524	e325179e	3b879637	2/songs/Skaven/symphony.s3m
f6b22c0a98caf2e695243a7bd6e18c50	1	199872	player	ft2play	FastTracker v2.00	20	978106	f8f49be8	8cf8b965	1/songs/_various/daru - res.xm
f6f613ba9a2e71bd44f26f0ebd513ff0	1	51679	player	ft2play	FastTracker v2.00	6	7900	36b4986b	0740d81e	2/songs/lesnik/chips/kukurydz.xm
f6f700ca1f07a73bcbedfb4945bc7b32	1	56364	player	uade	Protracker	0	14990	b0afedeb	54912d84	1/songs/h0l aka hollywood/1992/FJORDED.MOD
f7103d90e645571c4c4e24acdcd96a30	1	298611	player+volume	ft2play	FastTracker v2.00	24	3412615	8c38f62d	7ffbbaea	1/songs/_various/CORE - Futile Resistance.xm
f71becf1b6c7ccfb1532e8c489fc141d	1	250460	player+silence	noisetrekker2	NoiseTrekker 2.x	16	2620588	6901c2c3	cc5e288b	1/songs/_various/Pysj - Ag.ntk
f74b78428f7b1b542fcd94897c99775d	1	259992	player+silence	ft2play	FastTracker v2.00	32	3701611	6251270b	b9e04acf	2/songs/Metal/NYMPHO.XM
f79e12dd91483064f764f0bd8167e5b1	1	256570	player+silence	it2play	Impulse Tracker 2.14+	20	905410	ae040427	1100d19d	1/songs/DNA-Groove/dragon.it
f7c0025e059bf1ee8fe27212a6188408	1	142327	player	ft2play	FastTracker v2.00	32	767165	1de8b91e	95c60a2b	2/songs/MW/mw-havew.xm
f803b9d8a5907779bb75aba4f006bbbe	1	207284	player+silence	it2play	Impulse Tracker 2.15	32	317010	379d0f53	f4692c6b	1/songs/avalanche/NAT09.IT
f81929befef79e8daadf024bab7333a1	1	279228	player+silence	ft2play	FastTracker v2.00	32	3215613	28c65f98	21ec9a8e	2/songs/XenouX/[XenouX] - House Time.xm
f8192bcd1ffbecc3022048aa1727e129	1	178776	player	ft2play	FastTracker v2.00	18	76185	e3e6ab73	857c5c36	1/songs/distance/jstip.xm
f8368877dbc27698c3effe0fc5b24ade	1	182607	player	ft2play	FastTracker v2.00	32	670837	d45fb532	d5111e37	2/songs/MW/mw-meadw.xm
f84ae0504252918cd8b22fed4077b263	1	174745	player+volume	it2play	Impulse Tracker 2.14+	31	792283	84903274	65477712	1/songs/_various/LittleElk - Act4.it
f852a1c4c58eb115adfa6efe727e293b	1	117330	player+silence	ft2play	FastTracker v2.00	22	3476400	3b16de11	207e486b	2/songs/Jerry/DARKMIND.XM
f88a2aec559c81739d29e2066e2e67cc	1	277328	player+silence	ft2play	FastTracker v2.00	26	1450009	78318675	c9973e8c	1/songs/awesome/aurora.xm
f89773dde4be558d095ac92f7eb00b06	1	191127	player+volume	it2play	Impulse Tracker 2.14+	17	499484	84ab247d	2d34185b	1/songs/Doc/TakeNote.it
f8d0ee0c4e7a20c7057a0881ec5061cf	1	381369	player	it2play	Impulse Tracker 2.14	24	1344084	d8d04890	a873b783	1/songs/CJ Imperium/Futus the Nymph/HYPERCPT.IT
f91258983677adb81571b2a19a356157	0	225497	player	libopenmpt	MadTracker 2.0	18	1636970	7fd2da7b	d0b4182f	2/songs/Reverie/What_are_dreams_made_of.MT2
f9386d5c41f700ae9fbc9723f9e9b3b6	1	126881	player+silence	ft2play	FastTracker v2.00	22	556706	71e8dd30	fae2ed20	2/songs/Reptile_&_Sky/FARMOR8.XM
f943f6110010b3e5492ad25b153e9dda	0	328961	player+silence	libopenmpt	MadTracker 2.0	10	1555939	78167da6	ce18948c	2/songs/Spy-da/Spy_goback.MT2
f94ef357cea48c3f1384a59a324b3ae5	1	71021	player	ft2play	FastTracker v2.00	12	51149	46594877	c8cf03e0	1/songs/_various/zantac - zan(df).xm
f99bf0d0c0ffc4c5ec1c75d715573bab	1	353277	player	it2play	Impulse Tracker 2.14+	2	9938	235714b8	5f640831	1/songs/_various/Louis - 2chbop.it
f9e688446c5afd1264d6e4d1aabd22da	1	10941	player	ft2play	FastTracker v2.00	2	1614	d246d01f	d5308037	2/songs/lesnik/chips/pin.xm
fa2eeab8decbe5423fa51dab9d383a42	1	422381	player	it2play	Impulse Tracker 2.14+	23	1451234	6aab4d40	ed311f79	1/songs/CJ Imperium/Futus the Nymph/FATALISD.IT
fa75883a7d32b9b7b65355cba9b10fed	1	113351	player	ft2play	FastTracker v2.00	32	2196021	3a4e3119	4012be8b	1/songs/awesome/aws_bea1.xm
fa75883a7d32b9b7b65355cba9b10fed	2	23065	player
fa75883a7d32b9b7b65355cba9b10fed	3	10284	player
fa8809bc61b70a3491f2c98f8ef22f53	1	277099	player	it2play	Impulse Tracker 2.14+	14	875775	4991c637	2b904e88	2/songs/Willbe/wb-vbfrx.it
face5f84cd7687f81d32bb84171db005	1	263354	player+silence	it2play	Impulse Tracker 2.14+	23	2760086	55e79246	b3a673f1	1/songs/Doc/Ritd.it
fad6678ba96217f869ee3e4eb1ed9114	1	239166	player+silence	it2play	Impulse Tracker 2.14+	22	690770	66cd3a6e	9a7c8eba	2/songs/RBi/bassie/jb_down.it
fb397d1afd1b25e3814532488c9d2ffd	1	332043	player+silence	it2play	Impulse Tracker 2.14+	15	1227305	555093fd	e0d77ee1	1/songs/Jean Nine/j9_saxch.it
fb5e36caa2e269d23fb71298c1959ecc	1	502216	player	it2play	Impulse Tracker 2.14+	29	967607	9929f3de	f6540405	2/songs/Reactor Grits/Susanvip.it
fc3dae4ee160e2afbe26407fa6cbabc1	1	424780	player+silence	ft2play	FastTracker v2.00	32	1110477	6b162f22	32a0d838	2/songs/netpoet of park & 243/If I only could.xm
fc5d6024feef4d1aac8ecd2aaac69271	1	262773	player+silence	it2play	Impulse Tracker 2.14+	19	1143434	a9f6476a	289a3784	2/songs/NoManiac/fluid_rmx.it
fc8c4e12f61f158fc1e2ce23a9408354	1	111583	player	it2play	Impulse Tracker 2.12	5	84516	21074e26	10b36a19	2/songs/Skaven/intro93.s3m
fd1ebf740d51da95dd98501abb692fe7	1	237101	player+silence	ft2play	FastTracker v2.00	20	457309	eade807a	4a2e3f25	2/songs/RBi/morphine/rbi-lgnd.xm
fd930cf844a766e5f4a5cad408732162	1	305105	player	ft2play	FastTracker v2.00	24	955674	a1f91a3f	7573c9fc	2/songs/lesnik/FATE.XM
fd930cf844a766e5f4a5cad408732162	2	19151	player
fde3f3dc8ac06fe6402fc8769443abc4	1	342559	player+silence	ft2play	FastTracker v2.00	14	377767	1295a786	8f073339	2/songs/Vim/POO.XM
fef365660a39c96e12f471f55315ee79	1	186694	player	ft2play	FastTracker v2.00	12	32604	68d1f76b	8afbd7b6	2/songs/smash/there goes the neighbourhood/fudge.xm
ff268b4dba9e0223b35b99b080dfd4cb	1	267072	player+volume	it2play	Impulse Tracker 2.14+	34	998483	66b5be7c	1e891108	1/songs/CJ Imperium/Futus the Nymph/GRANE.IT
ff37642dc319c31b64d5b19a65dfe6b2	1	195249	player+silence	ft2play	FastTracker v2.00	18	591372	e4c8bc7f	249f2e24	2/songs/Reptile_&_Sky/7THSTAR.XM
ff949eebab46edc22de2a054ec304ac7	1	122677	player	ft2play	FastTracker v2.00	10	46543	3a6351e9	504df47b	2/songs/Vim/NEWCPU.XM
ff997d4a386c79d1303e435b30732cb8	1	206030	player+silence	ft2play	FastTracker v2.00	22	1367614	21dfbdce	239506ae	2/songs/RBi/method/kennylaw.xm
