00dcb5c616156781df539dd1a597c4a4	1	138369	player	uade	Noisetracker 1.x	0	62464	bd01b439	fcae0f3c	1/German_ungepackt/091_120/GERM_091/NoisePlayer+Modules/MOD.4
00dcb5c616156781df539dd1a597c4a4	1	138369	player	uade	Noisetracker 1.x	0	62464	bd01b439	fcae0f3c	2/German_gepackt/GERMAN_091_120/Germ091.DMS/NoisePlayer+Modules/MOD.4
00dcb5c616156781df539dd1a597c4a4	1	138369	player	uade	Noisetracker 1.x	0	62464	bd01b439	fcae0f3c	2/Time_gepackt/Time001_030/Time014.DMS/MOD.4
01c132ca4148b5f619a41aa866ee634a	0	0	nosound	libxmp	MED 1.12 MED2	4	8770	08783a05	98105a6b	1/Time_ungepackt/001_030/Time005/Musik/Samples/Song3
01c132ca4148b5f619a41aa866ee634a	0	0	nosound	libxmp	MED 1.12 MED2	4	8770	08783a05	98105a6b	2/Time_gepackt/Time001_030/Time005.DMS/Musik/Samples/Song3
0379a44027157aeea19db8a66e4a493b	1	14408	player+silence	uade	Protracker	0	31326	aae80b1c	6cdb9b31	1/German_ungepackt/331_360/German331/GALAGA.JINGLE2
0379a44027157aeea19db8a66e4a493b	1	14408	player+silence	uade	Protracker	0	31326	aae80b1c	6cdb9b31	1/German_ungepackt/361_390/GERMAN_384/Deluxe_Galaga_24/GALAGA.JINGLE2
0379a44027157aeea19db8a66e4a493b	1	14408	player+silence	uade	Protracker	0	31326	aae80b1c	6cdb9b31	1/German_ungepackt/391_420/GERMAN_416/GALAGA.JINGLE2
0379a44027157aeea19db8a66e4a493b	1	14408	player+silence	uade	Protracker	0	31326	aae80b1c	6cdb9b31	2/GERMAN_Games/German_Games_014.dms/GALAGA.JINGLE2
0379a44027157aeea19db8a66e4a493b	1	14408	player+silence	uade	Protracker	0	31326	aae80b1c	6cdb9b31	2/German_gepackt/GERMAN_331_360/Germ331.DMS/GALAGA.JINGLE2
0379a44027157aeea19db8a66e4a493b	1	14408	player+silence	uade	Protracker	0	31326	aae80b1c	6cdb9b31	2/German_gepackt/GERMAN_361_390/GERMAN_384.DMS/Deluxe_Galaga_24/GALAGA.JINGLE2
0379a44027157aeea19db8a66e4a493b	1	14408	player+silence	uade	Protracker	0	31326	aae80b1c	6cdb9b31	2/German_gepackt/GERMAN_391_420/GERMAN_416.DMS/GALAGA.JINGLE2
0379a44027157aeea19db8a66e4a493b	1	14408	player+silence	uade	Protracker	0	31326	aae80b1c	6cdb9b31	2/Time_gepackt/Time301_330/Time327.DMS/Deluxe_Galaga23/GALAGA.JINGLE2
0379a44027157aeea19db8a66e4a493b	1	14408	player+silence	uade	Protracker	0	31326	aae80b1c	6cdb9b31	2/Time_gepackt/Time331_360/Time354.DMS/Galaga/GALAGA.JINGLE2
0379a44027157aeea19db8a66e4a493b	1	14408	player+silence	uade	Protracker	0	31326	aae80b1c	6cdb9b31	2/Time_gepackt/Time361_390/Time_390.DMS/Galaga/GALAGA.JINGLE2
0379a44027157aeea19db8a66e4a493b	1	14408	player+silence	uade	Protracker	0	31326	aae80b1c	6cdb9b31	2/Time_ungepackt/Time_301_330/Time327/Deluxe_Galaga23/GALAGA.JINGLE2
0379a44027157aeea19db8a66e4a493b	1	14408	player+silence	uade	Protracker	0	31326	aae80b1c	6cdb9b31	2/Time_ungepackt/Time_331_360/Time354/Galaga/GALAGA.JINGLE2
0379a44027157aeea19db8a66e4a493b	1	14408	player+silence	uade	Protracker	0	31326	aae80b1c	6cdb9b31	2/Time_ungepackt/Time_361_390/Time_390/Galaga/GALAGA.JINGLE2
037d67870ed151c47c1473d06439bc16	0	138349	player	uade	Amos Music Bank	0	22512	46f073ad	04f6ea4d	2/Time_gepackt/Time061_090/Time079a.DMS/intromusic.abk
03969427147abe250118f8f7617ef971	1	299962	player+silence	uade	MED4 (4ch)	0	57121	03d1e57b	f1b6a7bc	1/Time_ungepackt/001_030/Time019/Med/DEMOS/Song24
03969427147abe250118f8f7617ef971	1	299962	player+silence	uade	MED4 (4ch)	0	57121	03d1e57b	f1b6a7bc	2/Time_gepackt/Time001_030/Time019.DMS/Med/DEMOS/Song24
041ba461651658f135bc517a075a87f9	1	274449	player+silence	uade	Protracker	0	103826	61a6a98e	8c51ba9c	2/Time_gepackt/Time031_060/Time041.DMS/Musik
042be011bafcac9e840535ed91dc6775	1	130693	player	uade	Protracker compatible	0	73466	b39b4971	89d83bec	1/Time_ungepackt/061_090/Time077/mod.musik
042be011bafcac9e840535ed91dc6775	1	130693	player	uade	Protracker compatible	0	73466	b39b4971	89d83bec	2/Time_gepackt/Time061_090/Time077.DMS/mod.musik
0576976d529ede8c61c2450c8e733c1c	1	118013	player	uade	OctaMED MMD0	0	81758	cf448f3c	ae1df9f0	1/German_ungepackt/151_180/GERM_164/intruder/Kresreb
0576976d529ede8c61c2450c8e733c1c	1	118013	player	uade	OctaMED MMD0	0	81758	cf448f3c	ae1df9f0	1/Time_ungepackt/061_090/Time061/intruder/Kresreb
0576976d529ede8c61c2450c8e733c1c	1	118013	player	uade	OctaMED MMD0	0	81758	cf448f3c	ae1df9f0	2/German_gepackt/GERMAN_151_180/Germ164.DMS/intruder/Kresreb
0576976d529ede8c61c2450c8e733c1c	1	118013	player	uade	OctaMED MMD0	0	81758	cf448f3c	ae1df9f0	2/Time_gepackt/Time061_090/Time061.DMS/intruder/Kresreb
05a1867cbdc7a08ce73f043d50bf658c	1	192141	player	uade	Noisetracker 1.x	0	59804	ab388fbb	4d6cc798	2/Time_gepackt/Time391_418/Time_408.DMS/mod.musik
05a1867cbdc7a08ce73f043d50bf658c	1	192141	player	uade	Noisetracker 1.x	0	59804	ab388fbb	4d6cc798	2/Time_ungepackt/Time_391_418/Time_408/mod.musik
05fb2e047378f7cd9d053b06634d2291	1	156293	player	uade	Protracker	0	98214	b4b11d17	9f8269d1	2/Time_gepackt/Time271_300/Time292.DMS/mod.musik
05fb2e047378f7cd9d053b06634d2291	1	156293	player	uade	Protracker	0	98214	b4b11d17	9f8269d1	2/Time_ungepackt/Time_271_300/Time292/mod.musik
0656af76679323d92d07e1c7c0a1cbe9	1	88326	player+silence	uade	Protracker	0	42684	77ac59f9	68673e3e	1/Time_ungepackt/061_090/Time072/mod.musik
0656af76679323d92d07e1c7c0a1cbe9	1	88326	player+silence	uade	Protracker	0	42684	77ac59f9	68673e3e	1/Time_ungepackt/091_120/Time110/mod.musik
0656af76679323d92d07e1c7c0a1cbe9	1	88326	player+silence	uade	Protracker	0	42684	77ac59f9	68673e3e	2/Time_gepackt/Time061_090/Time072.DMS/mod.musik
0656af76679323d92d07e1c7c0a1cbe9	1	88326	player+silence	uade	Protracker	0	42684	77ac59f9	68673e3e	2/Time_gepackt/Time091_120/Time110.DMS/mod.musik
06dc129353f2a1bb12e92fc5ce0374b8	1	211331	player	uade	Noisetracker 1.x	0	110588	8d66312e	5d741e74	1/Time_ungepackt/211_240/Time224/mod.musik
06dc129353f2a1bb12e92fc5ce0374b8	1	211331	player	uade	Noisetracker 1.x	0	110588	8d66312e	5d741e74	2/Time_gepackt/Time211_240/Time224.DMS/mod.musik
07196fa1a959ac5270df31ebe007568e	1	350620	player+silence	uade	Startrekker (4ch)	0	120086	1a5d5201	a5eb5b8d	2/Time_gepackt/Time001_030/Time017.DMS/MODULES/mod.out run
0741e61a6451323c902fc4b7dc1bcafc	1	416574	player	uade	Protracker	0	160002	ba05b8e9	85c2e743	1/Time_ungepackt/181_210/Time194/mod.musik
0741e61a6451323c902fc4b7dc1bcafc	1	416574	player	uade	Protracker	0	160002	ba05b8e9	85c2e743	2/Time_gepackt/Time181_210/Time194.DMS/mod.musik
079e3a3440110eb6414c413712d95329	1	153160	player+silence	uade	Noisetracker 1.x	0	71522	cdf9313c	4f8193b5	1/German_ungepackt/091_120/GERM_091/NoisePlayer+Modules/MOD.7
079e3a3440110eb6414c413712d95329	1	153160	player+silence	uade	Noisetracker 1.x	0	71522	cdf9313c	4f8193b5	2/German_gepackt/GERMAN_091_120/Germ091.DMS/NoisePlayer+Modules/MOD.7
079e3a3440110eb6414c413712d95329	1	153160	player+silence	uade	Noisetracker 1.x	0	71522	cdf9313c	4f8193b5	2/Time_gepackt/Time001_030/Time014.DMS/MOD.7
08289ae28590413a052bb6174b5bd9db	0	278768	player+silence	uade	NoiseTracker	0	52174	7be57eea	258c7155	1/German_ungepackt/451_470/GERMAN_452/mod.nt1
08289ae28590413a052bb6174b5bd9db	0	278768	player+silence	uade	NoiseTracker	0	52174	7be57eea	258c7155	2/German_gepackt/GERMAN_451_480/German_452.DMS/mod.nt1
08289ae28590413a052bb6174b5bd9db	0	278768	player+silence	uade	NoiseTracker	0	52174	7be57eea	258c7155	2/Time_gepackt/Time391_418/Time_415.DMS/Legend_of_Falconia/Legend.lzx/Legend_of_Falconia/mod.nt1
08289ae28590413a052bb6174b5bd9db	0	278768	player+silence	uade	NoiseTracker	0	52174	7be57eea	258c7155	2/Time_ungepackt/Time_391_418/Time_415/Legend_of_Falconia/Legend.lzx/Legend_of_Falconia/mod.nt1
08728598a494dba8614696ff4b371113	1	71977	player	uade	OctaMED MMD1	0	62208	39325c57	36c2f926	1/German_ungepackt/211_240/GERM_236/ExitMusic
08728598a494dba8614696ff4b371113	1	71977	player	uade	OctaMED MMD1	0	62208	39325c57	36c2f926	1/Time_ungepackt/241_270/Time265/ExitMusic
08728598a494dba8614696ff4b371113	1	71977	player	uade	OctaMED MMD1	0	62208	39325c57	36c2f926	2/German_gepackt/GERMAN_211_240/Germ236.DMS/ExitMusic
08728598a494dba8614696ff4b371113	1	71977	player	uade	OctaMED MMD1	0	62208	39325c57	36c2f926	2/Time_gepackt/Time241_270/Time265.DMS/ExitMusic
08954221d107075221fab78873982b83	1	210909	player+silence	uade	Protracker	0	152416	7d452a7f	6941b0e0	1/Time_ungepackt/091_120/Time111/mod.musik
08954221d107075221fab78873982b83	1	210909	player+silence	uade	Protracker	0	152416	7d452a7f	6941b0e0	2/Time_gepackt/Time091_120/Time111.DMS/mod.musik
09362ecdda2d99a18818b9ed11fe2857	1	62834	player	uade	Protracker compatible	0	18486	f2b941b3	e1df00ac	1/Time_ungepackt/091_120/Time106/mod.musik
09362ecdda2d99a18818b9ed11fe2857	1	62834	player	uade	Protracker compatible	0	18486	f2b941b3	e1df00ac	2/Time_gepackt/Time091_120/Time106.DMS/mod.musik
09363810a6dc26ec9648ed7fe99ec77e	1	176588	player	uade	Protracker	0	30952	c1abb742	4657999e	2/Time_gepackt/Time391_418/Time_410.DMS/mod.musik
09363810a6dc26ec9648ed7fe99ec77e	1	176588	player	uade	Protracker	0	30952	c1abb742	4657999e	2/Time_ungepackt/Time_391_418/Time_410/mod.musik
0970def21245fa4d221895b010f6a203	1	84616	player	uade	ProRunner 2.0	0	40818	96434a90	77e615cf	2/GERMAN_Games/German_Games_003.dms/ACM
0970def21245fa4d221895b010f6a203	1	84616	player	uade	ProRunner 2.0	0	40818	96434a90	77e615cf	2/Time_gepackt/Time361_390/Time_379.DMS/Reporter/ACM
0970def21245fa4d221895b010f6a203	1	84616	player	uade	ProRunner 2.0	0	40818	96434a90	77e615cf	2/Time_ungepackt/Time_361_390/Time_379/Reporter/ACM
09d2d8c93857f4a94a4a59208ab98628	1	130693	player	uade	Protracker compatible	0	40164	40ec7ebe	7ba87112	1/German_ungepackt/181_210/GERM_207/Mods/bladerun.mod
09d2d8c93857f4a94a4a59208ab98628	1	130693	player	uade	Protracker compatible	0	40164	40ec7ebe	7ba87112	2/German_gepackt/GERMAN_181_210/Germ207.DMS/Mods/bladerun.mod
0a44cf39243daf5deb479496665b624b	1	172931	player	uade	Startrekker (4ch)	0	71778	14232628	5b477e33	1/Time_ungepackt/151_180/Time163/mod.musik
0a44cf39243daf5deb479496665b624b	1	172931	player	uade	Startrekker (4ch)	0	71778	14232628	5b477e33	2/Time_gepackt/Time151_180/Time163.DMS/mod.musik
0a4e1ad99b2b8bbeb4fde1e1542d394b	1	82165	player	uade	Noisetracker 1.x	0	47648	d60da1b0	bc017341	1/Time_ungepackt/241_270/Time241/mod.musik
0a4e1ad99b2b8bbeb4fde1e1542d394b	1	82165	player	uade	Noisetracker 1.x	0	47648	d60da1b0	bc017341	2/Time_gepackt/Time241_270/Time241.DMS/mod.musik
0b39ac144ea7478f7517e1ac5cb62b22	1	5141	player+silence	uade	Protracker	0	22372	41d2ed60	7604e066	1/German_ungepackt/471_488/GERMAN_483/BreakinBriks.lha/Break_Music7
0b39ac144ea7478f7517e1ac5cb62b22	1	5141	player+silence	uade	Protracker	0	22372	41d2ed60	7604e066	2/German_gepackt/GERMAN_481_508/German_483.DMS/BreakinBriks.lha/Break_Music7
0b70232d4138cc3eb1d4cb396c81bfd3	1	192820	player+silence	uade	OctaMED MMD0	0	87550	45bf92bf	ba54fa58	1/Time_ungepackt/061_090/Time063/Technoban/TECHNOBAN.SOUND_
0b70232d4138cc3eb1d4cb396c81bfd3	1	192820	player+silence	uade	OctaMED MMD0	0	87550	45bf92bf	ba54fa58	2/Time_gepackt/Time061_090/Time063.DMS/Technoban/TECHNOBAN.SOUND_
0c069d87fa2a3acb14ea3268b76695c1	1	122997	player	uade	Protracker	0	40178	468bd7f3	67da6855	2/Time_gepackt/Time361_390/Time_362.DMS/mod.musik
0c069d87fa2a3acb14ea3268b76695c1	1	122997	player	uade	Protracker	0	40178	468bd7f3	67da6855	2/Time_ungepackt/Time_361_390/Time_362/mod.musik
0cbfa24454eb142def2ad55c14017832	1	119018	player	uade	Startrekker (4ch)	0	140630	444fa741	7433ec73	1/Time_ungepackt/031_060/Time043/mod.musik
0cbfa24454eb142def2ad55c14017832	1	119018	player	uade	Startrekker (4ch)	0	140630	444fa741	7433ec73	2/Time_gepackt/Time031_060/Time043.DMS/mod.musik
0cd8812a3e3d86ba02681f8045034195	1	82044	player	uade	Protracker	0	30078	b9dd3258	cc681385	2/Time_gepackt/Time331_360/Time352a.DMS/mod.musik
0cd8812a3e3d86ba02681f8045034195	1	82044	player	uade	Protracker	0	30078	b9dd3258	cc681385	2/Time_ungepackt/Time_331_360/Time352a/mod.musik
0d04f458e60a30fd1df86a6091bde51f	0	107482	player+volume	uade	Amos Music Bank	0	55522	5a3c460b	400c9c4d	2/GERMAN_Games/German_Games_024.dms/sonido/chaneques.abk
0d04f458e60a30fd1df86a6091bde51f	0	107482	player+volume	uade	Amos Music Bank	0	55522	5a3c460b	400c9c4d	2/Time_gepackt/Time331_360/Time352a.DMS/sonido/chaneques.abk
0d04f458e60a30fd1df86a6091bde51f	0	107482	player+volume	uade	Amos Music Bank	0	55522	5a3c460b	400c9c4d	2/Time_ungepackt/Time_331_360/Time352a/sonido/chaneques.abk
0d7b2d83ee47d01015285d2df8f8f287	1	475835	player+silence	uade	Soundtracker II (15 instr.)	0	64608	b755eae3	c559ff07	2/Time_gepackt/Time001_030/Time016.DMS/MODULES/MOD.titlemusic
0dee161cc267ae6d8a3939c49fec8959	1	120726	player	uade	OctaMED MMD0	0	49606	914c5566	6fbce809	1/German_ungepackt/241_270/Germ260/MegaBallAGA/MB_Music/HighScore.tune
0dee161cc267ae6d8a3939c49fec8959	1	120726	player	uade	OctaMED MMD0	0	49606	914c5566	6fbce809	2/German_gepackt/GERMAN_241_270/Germ260.DMS/MegaBallAGA/MB_Music/HighScore.tune
0e2279d87b1e39f1a904b2f598e18a32	1	191982	player+silence	uade	Protracker compatible	0	112668	f81f5c83	4281db19	2/GERMAN_Games/German_Games_020.dms/norris/mod.norris-title
10997047bddbc40e5aee08d7dc322731	1	61568	player	uade	Protracker compatible	0	98776	60f44a20	0f62a82f	1/Time_ungepackt/031_060/Time036/mod.musik
10997047bddbc40e5aee08d7dc322731	1	61568	player	uade	Protracker compatible	0	98776	60f44a20	0f62a82f	1/Time_ungepackt/031_060/Time042/mod.ussr
10997047bddbc40e5aee08d7dc322731	1	61568	player	uade	Protracker compatible	0	98776	60f44a20	0f62a82f	1/Time_ungepackt/091_120/Time108/mod.musik
10997047bddbc40e5aee08d7dc322731	1	61568	player	uade	Protracker compatible	0	98776	60f44a20	0f62a82f	2/Time_gepackt/Time031_060/Time036.DMS/mod.musik
10997047bddbc40e5aee08d7dc322731	1	61568	player	uade	Protracker compatible	0	98776	60f44a20	0f62a82f	2/Time_gepackt/Time031_060/Time042.DMS/mod.ussr
10997047bddbc40e5aee08d7dc322731	1	61568	player	uade	Protracker compatible	0	98776	60f44a20	0f62a82f	2/Time_gepackt/Time091_120/Time108.DMS/mod.musik
10ec4fa6b5a7aa3f401e9bcee205ae71	1	340597	player	uade	Soundtracker II (31 instr.)	0	101862	525f7f44	dabda49f	2/Time_gepackt/Time271_300/Time271.DMS/mod.musik
10ec4fa6b5a7aa3f401e9bcee205ae71	1	340597	player	uade	Soundtracker II (31 instr.)	0	101862	525f7f44	dabda49f	2/Time_ungepackt/Time_271_300/Time271/mod.musik
116d08682b8356bba3bdacb580803559	1	176769	player	uade	Protracker	0	83850	67c59fd9	a41af190	1/Time_ungepackt/151_180/Time169/mod.musik
116d08682b8356bba3bdacb580803559	1	176769	player	uade	Protracker	0	83850	67c59fd9	a41af190	2/Time_gepackt/Time151_180/Time169.DMS/mod.musik
124c0678f15289b81667503c220e7b55	1	476294	player	uade	Protracker	0	135678	7bdb773c	decdef71	1/Time_ungepackt/001_030/Time030/Modules/mod.dec
124c0678f15289b81667503c220e7b55	1	476294	player	uade	Protracker	0	135678	7bdb773c	decdef71	2/Time_gepackt/Time001_030/Time030.DMS/Modules/mod.dec
127da892b7a23f4279d0b9309a10fb24	1	73223	player	uade	OctaMED MMD0	0	44420	76498a1c	16e3a160	1/German_ungepackt/451_470/GERMAN_457/Wachhund_V1.0/mod.happy
127da892b7a23f4279d0b9309a10fb24	1	73223	player	uade	OctaMED MMD0	0	44420	76498a1c	16e3a160	2/German_gepackt/GERMAN_451_480/German_457.DMS/Wachhund_V1.0/mod.happy
12c193176c3457952099c102d8c86c83	0	15492	player	uade	Amos Music Bank	0	30358	5362d499	7e11ec90	2/Time_gepackt/Time061_090/Time079a.DMS/wind.abk
12c193176c3457952099c102d8c86c83	0	15492	player	uade	Amos Music Bank	0	30358	5362d499	7e11ec90	2/Time_gepackt/Time061_090/Time079b.DMS/wind.abk
13a4ad680e7fe9b511b2d9af01516496	1	136887	player+silence	uade	Startrekker (4ch)	0	127708	9553f2aa	bc01e43d	1/Time_ungepackt/181_210/Time192/Crux_2.0/mod.titletune
13a4ad680e7fe9b511b2d9af01516496	1	136887	player+silence	uade	Startrekker (4ch)	0	127708	9553f2aa	bc01e43d	2/Time_gepackt/Time181_210/Time192.DMS/Crux_2.0/mod.titletune
13aa3aa8d06f41e56e6227b685eee19d	1	107645	player	uade	Soundtracker II (31 instr.)	0	75978	e19f3575	0239754b	1/Time_ungepackt/031_060/Time035/mod.musik
13aa3aa8d06f41e56e6227b685eee19d	1	107645	player	uade	Soundtracker II (31 instr.)	0	75978	e19f3575	0239754b	1/Time_ungepackt/031_060/Time038/mod.musik
13aa3aa8d06f41e56e6227b685eee19d	1	107645	player	uade	Soundtracker II (31 instr.)	0	75978	e19f3575	0239754b	2/Time_gepackt/Time031_060/Time035.DMS/mod.musik
13aa3aa8d06f41e56e6227b685eee19d	1	107645	player	uade	Soundtracker II (31 instr.)	0	75978	e19f3575	0239754b	2/Time_gepackt/Time031_060/Time038.DMS/mod.musik
14408340806571c6a2004f8fe6a84459	1	153721	player	uade	Soundtracker II (15 instr.)	0	56184	3348875a	62a42c85	2/Time_gepackt/Time391_418/Time_406.DMS/mod.musik
14408340806571c6a2004f8fe6a84459	1	153721	player	uade	Soundtracker II (15 instr.)	0	56184	3348875a	62a42c85	2/Time_ungepackt/Time_391_418/Time_406/mod.musik
1471e298648340596f219ed612bf353e	1	100913	player	uade	Protracker compatible	0	88430	59f58d3b	e107fccf	1/German_ungepackt/451_470/GERMAN_460/ITP_Demo/Demo1_Data/Music/MOD.Tunnel_Chase
1471e298648340596f219ed612bf353e	1	100913	player	uade	Protracker compatible	0	88430	59f58d3b	e107fccf	2/German_gepackt/GERMAN_451_480/German_460.DMS/ITP_Demo/Demo1_Data/Music/MOD.Tunnel_Chase
14a135dc3206c92218915cf624975af7	1	107645	player	uade	Soundtracker II (15 instr.)	0	45244	1ee25305	09026756	1/Time_ungepackt/001_030/Time021/Modules/MOD.the song
14a135dc3206c92218915cf624975af7	1	107645	player	uade	Soundtracker II (15 instr.)	0	45244	1ee25305	09026756	2/Time_gepackt/Time001_030/Time018.DMS/MOD.the song
14a135dc3206c92218915cf624975af7	1	107645	player	uade	Soundtracker II (15 instr.)	0	45244	1ee25305	09026756	2/Time_gepackt/Time001_030/Time021.DMS/Modules/MOD.the song
1515996fd68717bcc12ce2114197519b	1	192220	player+silence	uade	Soundtracker II (31 instr.)	0	85432	0dbd41ac	cb864f06	1/Time_ungepackt/001_030/Time030/Modules/mod.gametitle
1515996fd68717bcc12ce2114197519b	1	192220	player+silence	uade	Soundtracker II (31 instr.)	0	85432	0dbd41ac	cb864f06	2/Time_gepackt/Time001_030/Time030.DMS/Modules/mod.gametitle
15a60b582841723ea20f5266de823971	1	215149	player	uade	Noisetracker 1.x	0	101306	da369e63	230e913c	2/Time_gepackt/Time361_390/Time_369.DMS/mod.musik
15a60b582841723ea20f5266de823971	1	215149	player	uade	Noisetracker 1.x	0	101306	da369e63	230e913c	2/Time_ungepackt/Time_361_390/Time_369/mod.musik
163034b4a7c98ffb4107d5d66d76e9c0	1	57730	player	uade	ProRunner 2.0	0	34716	d3895831	07583d0c	2/GERMAN_Games/German_Games_003.dms/TIM
163034b4a7c98ffb4107d5d66d76e9c0	1	57730	player	uade	ProRunner 2.0	0	34716	d3895831	07583d0c	2/Time_gepackt/Time361_390/Time_379.DMS/Reporter/TIM
163034b4a7c98ffb4107d5d66d76e9c0	1	57730	player	uade	ProRunner 2.0	0	34716	d3895831	07583d0c	2/Time_ungepackt/Time_361_390/Time_379/Reporter/TIM
1685ef9613ea3b290cf5a5b75549dfe6	1	174197	player	uade	Noisetracker 1.x	0	81480	83b0d5f0	77001654	1/Time_ungepackt/211_240/Time229/Modules/MOD.MUSIK
1685ef9613ea3b290cf5a5b75549dfe6	1	174197	player	uade	Noisetracker 1.x	0	81480	83b0d5f0	77001654	2/Time_gepackt/Time211_240/Time229.DMS/Modules/MOD.MUSIK
171a535842982a205200d07ed7fe87ff	1	475835	player+silence	uade	Protracker compatible	0	65092	afd048af	cfa2a57b	2/Time_gepackt/Time001_030/Time018.DMS/MOD.titlemusic1
17bc2c7dd29ada280920350663b97bab	0	149080	volume	uade	Soundtracker II - V or compatible	0	95044	189624b5	86a9fdc2	2/Time_gepackt/Time001_030/Time008.DMS/Modules/mod.toccata
17db49cfb2b12b01a91b6f39e9d76b00	1	99968	player	uade	Soundtracker II (31 instr.)	0	88036	8ab1f824	80411123	1/German_ungepackt/091_120/GERM_108/Modules/mod.china
17db49cfb2b12b01a91b6f39e9d76b00	1	99968	player	uade	Soundtracker II (31 instr.)	0	88036	8ab1f824	80411123	2/German_gepackt/GERMAN_091_120/Germ108.DMS/Modules/mod.china
180131d43badf2850e08c15ff7019d74	0	57514	player	libopenmpt	Startrekker	4	121630	642035a5	11c254f9	1/German_ungepackt/331_360/German341/Germ341.DMS/sound.fx/1
180131d43badf2850e08c15ff7019d74	0	57514	player	libopenmpt	Startrekker	4	121630	642035a5	11c254f9	1/German_ungepackt/331_360/German341/sound.fx/1
180131d43badf2850e08c15ff7019d74	0	57514	player	libopenmpt	Startrekker	4	121630	642035a5	11c254f9	2/German_gepackt/GERMAN_331_360/Germ341.DMS/sound.fx/1
198367cb133540eb7db3f5dcbb50b77a	0	2230	player	uade	David Whittaker	0	27856	2edd0a81	848d7826	1/German_ungepackt/421_450/GERMAN_430/Whittaker/DW.Sentinel
198367cb133540eb7db3f5dcbb50b77a	0	2230	player	uade	David Whittaker	0	27856	2edd0a81	848d7826	2/German_gepackt/GERMAN_421_450/GERMAN_430.DMS/Whittaker/DW.Sentinel
198367cb133540eb7db3f5dcbb50b77a	1	3536	player
198367cb133540eb7db3f5dcbb50b77a	10	227225	player
198367cb133540eb7db3f5dcbb50b77a	11	227225	player
198367cb133540eb7db3f5dcbb50b77a	2	3536	player
198367cb133540eb7db3f5dcbb50b77a	3	5525	player
198367cb133540eb7db3f5dcbb50b77a	4	4420	player
198367cb133540eb7db3f5dcbb50b77a	5	226264	player+volume
198367cb133540eb7db3f5dcbb50b77a	6	227225	player
198367cb133540eb7db3f5dcbb50b77a	7	227225	player
198367cb133540eb7db3f5dcbb50b77a	8	227225	player
198367cb133540eb7db3f5dcbb50b77a	9	227225	player
1a318c76566e32a763daf4c1f30ad628	0	39465	player	uade	Amos Music Bank	0	32284	eaa22210	7305cd99	1/German_ungepackt/421_450/GERMAN_423/Dark-Castle/Sounds/TotSong.abk
1a318c76566e32a763daf4c1f30ad628	0	39465	player	uade	Amos Music Bank	0	32284	eaa22210	7305cd99	2/German_gepackt/GERMAN_421_450/GERMAN_423.DMS/Dark-Castle/Sounds/TotSong.abk
1a3d9341d8da55651f686f618ebcbba2	1	146045	player	uade	Noisetracker 1.x	0	55862	808c9793	af6dc66f	1/German_ungepackt/181_210/GERM_188/MODULES/mod.tennis_by_scoopex
1a3d9341d8da55651f686f618ebcbba2	1	146045	player	uade	Noisetracker 1.x	0	55862	808c9793	af6dc66f	2/German_gepackt/GERMAN_181_210/Germ188.DMS/MODULES/mod.tennis_by_scoopex
1abc71fa0ed7f2a9d5defc2bcb8ea03a	1	73123	player	uade	OctaMED MMD1	0	45818	1dc0d393	1c63809b	1/German_ungepackt/421_450/GERMAN_421/Songs/SKY03.MED
1abc71fa0ed7f2a9d5defc2bcb8ea03a	1	73123	player	uade	OctaMED MMD1	0	45818	1dc0d393	1c63809b	2/GERMAN_Games/German_Games_015.dms/Songs/SKY03.MED
1abc71fa0ed7f2a9d5defc2bcb8ea03a	1	73123	player	uade	OctaMED MMD1	0	45818	1dc0d393	1c63809b	2/German_gepackt/GERMAN_421_450/GERMAN_421.DMS/Songs/SKY03.MED
1b26cd78c8554d0b0211bf4198a700a0	1	200400	player	uade	Protracker compatible	0	107622	b6f3b812	5fe537fd	1/German_ungepackt/181_210/GERM_188/MODULES/mod.layla.pp
1b26cd78c8554d0b0211bf4198a700a0	1	200400	player	uade	Protracker compatible	0	107622	b6f3b812	5fe537fd	2/German_gepackt/GERMAN_181_210/Germ188.DMS/MODULES/mod.layla.pp
1b48ea19b5f6e2c09ec0efd8d3ea248e	1	595754	player	uade	Protracker compatible	0	186524	7d7875b6	4c56933a	1/German_ungepackt/181_210/GERM_188/MODULES/mod.grapevine10
1b48ea19b5f6e2c09ec0efd8d3ea248e	1	595754	player	uade	Protracker compatible	0	186524	7d7875b6	4c56933a	1/Time_ungepackt/091_120/Time117/mod.musik
1b48ea19b5f6e2c09ec0efd8d3ea248e	1	595754	player	uade	Protracker compatible	0	186524	7d7875b6	4c56933a	1/Time_ungepackt/121_150/Time150/MODULES/mod.grapevine10
1b48ea19b5f6e2c09ec0efd8d3ea248e	1	595754	player	uade	Protracker compatible	0	186524	7d7875b6	4c56933a	2/German_gepackt/GERMAN_181_210/Germ188.DMS/MODULES/mod.grapevine10
1b48ea19b5f6e2c09ec0efd8d3ea248e	1	595754	player	uade	Protracker compatible	0	186524	7d7875b6	4c56933a	2/Time_gepackt/Time091_120/Time117.DMS/mod.musik
1b48ea19b5f6e2c09ec0efd8d3ea248e	1	595754	player	uade	Protracker compatible	0	186524	7d7875b6	4c56933a	2/Time_gepackt/Time121_150/Time150.DMS/MODULES/mod.grapevine10
1b58b3f98c5a0abaca02ba042ded8a1e	1	91763	player+silence	uade	Protracker compatible	0	66208	3b639c9d	7c89fa04	1/German_ungepackt/331_360/German349/Symphonie13a/Short_Rock.MOD
1b58b3f98c5a0abaca02ba042ded8a1e	1	91763	player+silence	uade	Protracker compatible	0	66208	3b639c9d	7c89fa04	2/German_gepackt/GERMAN_331_360/Germ349.DMS/Symphonie13a/Short_Rock.MOD
1cace50bea7264182c13c0940e21b7c6	0	70590	silence	uade	Amos Music Bank	0	30288	15f05016	06d47617	1/German_ungepackt/391_420/GERMAN_408/Pucmans_Worlds/Mus2.Abk
1cace50bea7264182c13c0940e21b7c6	0	70590	silence	uade	Amos Music Bank	0	30288	15f05016	06d47617	2/GERMAN_Games/German_Games_012.dms/Pucmans_Worlds/Mus2.Abk
1cace50bea7264182c13c0940e21b7c6	0	70590	silence	uade	Amos Music Bank	0	30288	15f05016	06d47617	2/German_gepackt/GERMAN_391_420/GERMAN_408.DMS/Pucmans_Worlds/Mus2.Abk
1cda6e9f2539e3fe16a2def1d2e719ec	1	249410	player	uade	Protracker compatible	0	102288	6f931a31	c576257a	1/Time_ungepackt/241_270/Time251/mod.musik
1cda6e9f2539e3fe16a2def1d2e719ec	1	249410	player	uade	Protracker compatible	0	102288	6f931a31	c576257a	2/Time_gepackt/Time241_270/Time251.DMS/mod.musik
1ce328bcdebc2b8dc0532edfe46b64e5	0	126835	player	uade	Amos Music Bank	0	105406	cb1972c7	bfe3fa31	2/Time_gepackt/Time061_090/Time079b.DMS/Title.abk
1eb54fa7d5f5d17ca0b2049100238bc4	1	204736	player+silence	uade	Protracker	0	120000	7db1a591	b960e953	1/Time_ungepackt/241_270/Time266/mod.musik
1eb54fa7d5f5d17ca0b2049100238bc4	1	204736	player+silence	uade	Protracker	0	120000	7db1a591	b960e953	2/Time_gepackt/Time241_270/Time266.DMS/mod.musik
1f323f0e3fb3459aab13f24452b9b10e	1	122997	player	uade	Soundtracker II (15 instr.)	0	72064	0c6679a1	84e671a8	1/German_ungepackt/061_090/GERM_76/PipeLine/data/Pipesong.MUS
1f323f0e3fb3459aab13f24452b9b10e	1	122997	player	uade	Soundtracker II (15 instr.)	0	72064	0c6679a1	84e671a8	2/German_gepackt/GERMAN_061_090/Germ076.DMS/PipeLine/data/Pipesong.MUS
1f6f29bc076b74382feee10358e86c3d	1	105340	player+silence	uade	Protracker	0	125564	86109b5b	1a05789b	1/Time_ungepackt/241_270/Time249/mod.musik
1f6f29bc076b74382feee10358e86c3d	1	105340	player+silence	uade	Protracker	0	125564	86109b5b	1a05789b	2/Time_gepackt/Time241_270/Time249.DMS/mod.musik
1f79305a4d3bb8e8fa956ed982edb2ec	1	169093	player	uade	Protracker	0	46120	5479150d	fba40f50	1/German_ungepackt/181_210/GERM_202/EaglePlayer/Mods/mod.Thom_Test
1f79305a4d3bb8e8fa956ed982edb2ec	1	169093	player	uade	Protracker	0	46120	5479150d	fba40f50	2/German_gepackt/GERMAN_181_210/Germ202.DMS/EaglePlayer/Mods/mod.Thom_Test
202562beb869c8bea33ffe96cd5f54e6	1	268921	player	uade	Startrekker (4ch)	0	65984	1b23b66a	7774eea4	1/Time_ungepackt/001_030/Time027/mod.fletch
202562beb869c8bea33ffe96cd5f54e6	1	268921	player	uade	Startrekker (4ch)	0	65984	1b23b66a	7774eea4	2/Time_gepackt/Time001_030/Time027.DMS/mod.fletch
2244160437c11e6995c837f2d7dfa519	1	180607	player	uade	Protracker	0	80476	7a594f28	5bb281e9	1/Time_ungepackt/211_240/Time240/mod.musik
2244160437c11e6995c837f2d7dfa519	1	180607	player	uade	Protracker	0	80476	7a594f28	5bb281e9	2/Time_gepackt/Time211_240/Time240.DMS/mod.musik
22fbec27f7d1f8c8217cad0503ea6bba	0	9846	player	uade	Amos Music Bank	0	44476	7f7ae12b	d1a5af62	2/GERMAN_Games/German_Games_025.dms/Dominique.abk
22fbec27f7d1f8c8217cad0503ea6bba	0	9846	player	uade	Amos Music Bank	0	44476	7f7ae12b	d1a5af62	2/Time_gepackt/Time331_360/Time352b.DMS/Dominique.abk
22fbec27f7d1f8c8217cad0503ea6bba	0	9846	player	uade	Amos Music Bank	0	44476	7f7ae12b	d1a5af62	2/Time_ungepackt/Time_331_360/Time352b/Dominique.abk
230679b63cc2044aa4584600fc380ce1	1	115321	player	uade	Protracker	0	71398	6030a373	2e469e55	1/Time_ungepackt/151_180/Time179/mod.musik
230679b63cc2044aa4584600fc380ce1	1	115321	player	uade	Protracker	0	71398	6030a373	2e469e55	2/Time_gepackt/Time151_180/Time179.DMS/mod.musik
23a25df79ac06246b869db91eb88c165	1	278737	player+volume	uade	Soundtracker II (31 instr.)	0	89860	2819e33f	a9d79f35	2/Time_gepackt/Time001_030/Time017.DMS/APS/APS_MUZAK
2422fec18e492abbd36d4f22c3b54094	1	61568	player	uade	Soundtracker II (31 instr.)	0	52246	3d5c5f41	4757eae7	2/Time_gepackt/Time271_300/Time286.DMS/mod.musik
2422fec18e492abbd36d4f22c3b54094	1	61568	player	uade	Soundtracker II (31 instr.)	0	52246	3d5c5f41	4757eae7	2/Time_ungepackt/Time_271_300/Time286/mod.musik
243b8f99fb2938edc794db841bd01219	1	232169	player	uade	OctaMED MMD0	0	57442	4de86d7d	580fea06	1/Time_ungepackt/061_090/Time063/Technoban/TECHNOBAN.SOUND0
243b8f99fb2938edc794db841bd01219	1	232169	player	uade	OctaMED MMD0	0	57442	4de86d7d	580fea06	2/Time_gepackt/Time061_090/Time063.DMS/Technoban/TECHNOBAN.SOUND0
2490453436501e26a5c6f73336a30a88	1	256884	player+silence	uade	Protracker	0	51512	8c495a3a	4153e9ae	2/Time_ungepackt/Time_271_300/Time299/mod.musik
24ada4fd626ad3a3753957dd23a88d55	1	192141	player	uade	Protracker	0	78350	463ef4f9	33e93cd6	1/Time_ungepackt/061_090/Time070/mod.musik
24ada4fd626ad3a3753957dd23a88d55	1	192141	player	uade	Protracker	0	78350	463ef4f9	33e93cd6	2/Time_gepackt/Time061_090/Time070.DMS/mod.musik
25a0c7e2ebccd4a06ea644da4159631a	0	46196	player	uade	Amos Music Bank	0	14076	93e74672	467dcce5	1/German_ungepackt/391_420/GERMAN_408/Pucmans_Worlds/Mus1.Abk
25a0c7e2ebccd4a06ea644da4159631a	0	46196	player	uade	Amos Music Bank	0	14076	93e74672	467dcce5	2/GERMAN_Games/German_Games_012.dms/Pucmans_Worlds/Mus1.Abk
25a0c7e2ebccd4a06ea644da4159631a	0	46196	player	uade	Amos Music Bank	0	14076	93e74672	467dcce5	2/German_gepackt/GERMAN_391_420/GERMAN_408.DMS/Pucmans_Worlds/Mus1.Abk
2677e9614ee68910a3dd3370efa0f2b7	1	215149	player	uade	Soundtracker II (31 instr.)	0	99400	a8337dff	4ca4e260	2/Time_gepackt/Time001_030/Time009.DMS/Musik
2677e9614ee68910a3dd3370efa0f2b7	1	215149	player	uade	Soundtracker II (31 instr.)	0	99400	a8337dff	4ca4e260	2/Time_gepackt/Time391_418/Time_395.DMS/mod.musik
2677e9614ee68910a3dd3370efa0f2b7	1	215149	player	uade	Soundtracker II (31 instr.)	0	99400	a8337dff	4ca4e260	2/Time_ungepackt/Time_391_418/Time_395/mod.musik
26b3d0a25fca5f1b6eed14ac0bf5a7bd	1	61568	player	uade	Protracker compatible	0	45430	eb2ea87d	a5419e56	2/Time_gepackt/Time331_360/Time333.DMS/mod.musik
26b3d0a25fca5f1b6eed14ac0bf5a7bd	1	61568	player	uade	Protracker compatible	0	45430	eb2ea87d	a5419e56	2/Time_ungepackt/Time_331_360/Time333/mod.musik
27821175929f08f2fda3cf6638267b01	1	69161	player+silence	uade	Protracker	0	62368	7179f30f	0f4b1068	1/German_ungepackt/361_390/GERMAN_387/Midnight208.lha/Midnight/Blankers/.MAN/mod.RideOfValkyries
27821175929f08f2fda3cf6638267b01	1	69161	player+silence	uade	Protracker	0	62368	7179f30f	0f4b1068	2/German_gepackt/GERMAN_361_390/GERMAN_387.DMS/Midnight208.lha/Midnight/Blankers/.MAN/mod.RideOfValkyries
27d37a3c39c057ff22d40704e8a1f43a	1	357256	player	uade	Protracker	0	117478	778ed76a	d49c6c02	1/Time_ungepackt/211_240/Time220/mod.musik
27d37a3c39c057ff22d40704e8a1f43a	1	357256	player	uade	Protracker	0	117478	778ed76a	d49c6c02	2/Time_gepackt/Time211_240/Time220.DMS/mod.musik
281e02bd84d1c09f863b2922cb79f67e	1	426380	player	uade	Protracker	0	85004	37e1c341	013ecf8c	2/Time_gepackt/Time271_300/Time275.DMS/mod.musik
281e02bd84d1c09f863b2922cb79f67e	1	426380	player	uade	Protracker	0	85004	37e1c341	013ecf8c	2/Time_ungepackt/Time_271_300/Time275/mod.musik
2841eb87134612124b2b7d1525645741	1	76920	player	uade	Protracker	0	61936	87dc9893	43fcad52	2/Time_gepackt/Time361_390/Time_382.DMS/mod.musik
2841eb87134612124b2b7d1525645741	1	76920	player	uade	Protracker	0	61936	87dc9893	43fcad52	2/Time_ungepackt/Time_361_390/Time_382/mod.musik
287ea6b623a9e18dcfdf792fb5b04853	1	184445	player	uade	Soundtracker II (15 instr.)	0	56964	d11d8bdd	6aef7856	1/German_ungepackt/061_090/GERM_67/MUSIC1
287ea6b623a9e18dcfdf792fb5b04853	1	184445	player	uade	Soundtracker II (15 instr.)	0	56964	d11d8bdd	6aef7856	2/German_gepackt/GERMAN_061_090/Germ067.DMS/MUSIC1
29e5656a83bf36896bc3e75c7a643448	0	127776	silence	uade	Soundtracker II - V or compatible	0	47426	f412f031	521595e4	1/German_ungepackt/489_508/GERMAN_498/SimpsonGuide.LHA/SimpsonGuide_v1.31/Samples/911C2.SPL
29e5656a83bf36896bc3e75c7a643448	0	127776	silence	uade	Soundtracker II - V or compatible	0	47426	f412f031	521595e4	2/German_gepackt/GERMAN_481_508/German_498.DMS/SimpsonGuide.LHA/SimpsonGuide_v1.31/Samples/911C2.SPL
29eef076168794abbfe23d7009dbce13	1	115843	player	uade	Startrekker (4ch)	0	188874	fa9bd00b	d8063d80	1/Time_ungepackt/181_210/Time193/mod.musik
29eef076168794abbfe23d7009dbce13	1	115843	player	uade	Startrekker (4ch)	0	188874	fa9bd00b	d8063d80	2/Time_gepackt/Time181_210/Time193.DMS/mod.musik
2a236f3ced2d281f7b3baaeb82f40a8d	1	245893	player	uade	Noisetracker 1.x	0	46800	46aae285	625bac00	1/Time_ungepackt/061_090/Time068/mod.musik
2a236f3ced2d281f7b3baaeb82f40a8d	1	245893	player	uade	Noisetracker 1.x	0	46800	46aae285	625bac00	2/Time_gepackt/Time061_090/Time068.DMS/mod.musik
2ab2d7504695ebcbe1454014d9613f24	1	142609	player	uade	Protracker	0	111070	40d0704a	12645302	1/Time_ungepackt/151_180/Time168/Modules/mod.speedball_ii_remix
2ab2d7504695ebcbe1454014d9613f24	1	142609	player	uade	Protracker	0	111070	40d0704a	12645302	1/Time_ungepackt/211_240/Time214/mod.musik
2ab2d7504695ebcbe1454014d9613f24	1	142609	player	uade	Protracker	0	111070	40d0704a	12645302	2/Time_gepackt/Time151_180/Time168.DMS/Modules/mod.speedball_ii_remix
2ab2d7504695ebcbe1454014d9613f24	1	142609	player	uade	Protracker	0	111070	40d0704a	12645302	2/Time_gepackt/Time211_240/Time214.DMS/mod.musik
2c0ad7d7aa83d1cf7f0627431f7e0da1	1	153721	player	uade	Noisetracker 1.x	0	56590	2a5a192c	9ec8402f	1/Time_ungepackt/211_240/Time217/mod.musik
2c0ad7d7aa83d1cf7f0627431f7e0da1	1	153721	player	uade	Noisetracker 1.x	0	56590	2a5a192c	9ec8402f	2/Time_gepackt/Time211_240/Time217.DMS/mod.musik
2c20589236d46b8ce562dca5f29ebaa2	1	127050	player+silence	uade	Protracker	0	77464	e833326e	94fa6256	1/German_ungepackt/361_390/GERMAN_387/Midnight208.lha/Midnight/Blankers/.MAN/mod.DanceOfReedPipes
2c20589236d46b8ce562dca5f29ebaa2	1	127050	player+silence	uade	Protracker	0	77464	e833326e	94fa6256	2/German_gepackt/GERMAN_361_390/GERMAN_387.DMS/Midnight208.lha/Midnight/Blankers/.MAN/mod.DanceOfReedPipes
2ccbc48747327c7c092ee56fa3c9b998	1	253569	player	uade	Noisetracker 1.x	0	56506	1eaa5b83	e4a6f60e	1/Time_ungepackt/121_150/Time141/mod.musik
2ccbc48747327c7c092ee56fa3c9b998	1	253569	player	uade	Noisetracker 1.x	0	56506	1eaa5b83	e4a6f60e	2/Time_gepackt/Time121_150/Time141.DMS/mod.musik
2d09f4bfe0e3e25ea1e46ff10211d903	1	6659	player+silence	uade	Protracker	0	18826	520cef9d	e46f0473	2/GERMAN_Games/German_Games_030.dms/Music/mod.m8
2d17c60e24fde853cf5b60f075678783	1	164953	player	uade	Protracker	0	126708	d563630d	e6005a3a	1/Time_ungepackt/181_210/Time202/mod.musik
2d17c60e24fde853cf5b60f075678783	1	164953	player	uade	Protracker	0	126708	d563630d	e6005a3a	2/Time_gepackt/Time181_210/Time202.DMS/mod.musik
2e645cac9c54d60a94f80a78605a85cf	1	329447	player+volume	uade	Soundtracker II (15 instr.)	0	266362	dcbeb6b3	afcace54	2/Time_gepackt/Time001_030/Time008.DMS/Modules/mod.Song
2f1a276978bb487e057c133dbded92d5	1	107645	player	uade	Protracker compatible	0	179298	e36a10a2	99dbd0d5	1/German_ungepackt/091_120/GERM_091/NoisePlayer+Modules/MOD.3
2f1a276978bb487e057c133dbded92d5	1	107645	player	uade	Protracker compatible	0	179298	e36a10a2	99dbd0d5	2/German_gepackt/GERMAN_091_120/Germ091.DMS/NoisePlayer+Modules/MOD.3
2f1a276978bb487e057c133dbded92d5	1	107645	player	uade	Protracker compatible	0	179298	e36a10a2	99dbd0d5	2/Time_gepackt/Time001_030/Time014.DMS/MOD.3
2f1c5b364a904762056b02e4cf2140f7	1	176126	player	uade	Protracker	0	81296	4d64db19	65bb3a08	1/Time_ungepackt/241_270/Time267/mod.musik
2f1c5b364a904762056b02e4cf2140f7	1	176126	player	uade	Protracker	0	81296	4d64db19	65bb3a08	2/Time_gepackt/Time241_270/Time267.DMS/mod.musik
2fec244338a8c22c5f3aaff2b9d8e5d1	1	38520	player	uade	Protracker	0	25704	2e59789a	6504add0	2/Time_gepackt/Time271_300/Time273.DMS/mod.musik
2fec244338a8c22c5f3aaff2b9d8e5d1	1	38520	player	uade	Protracker	0	25704	2e59789a	6504add0	2/Time_ungepackt/Time_271_300/Time273/mod.musik
306f2f621a652d150d98f97029cd6a66	1	74047	player	uade	Protracker	0	35840	842a1e9e	f10b3c1c	1/Time_ungepackt/091_120/Time093/mod.musik
306f2f621a652d150d98f97029cd6a66	1	74047	player	uade	Protracker	0	35840	842a1e9e	f10b3c1c	2/Time_gepackt/Time091_120/Time093.DMS/mod.musik
3081be2f1d84ee4eaaf2e1ab4afa5666	1	191133	player+volume	uade	Startrekker (4ch)	0	120414	a289df86	900d2999	1/Time_ungepackt/181_210/Time201/mod.musik
3081be2f1d84ee4eaaf2e1ab4afa5666	1	191133	player+volume	uade	Startrekker (4ch)	0	120414	a289df86	900d2999	2/Time_gepackt/Time181_210/Time201.DMS/mod.musik
316852934287f91adb863355bdd6d4e7	1	156936	player	uade	Protracker compatible	0	79452	722b70b7	f5337e54	1/Time_ungepackt/031_060/Time039/Modules/mod.newstyle-intro
316852934287f91adb863355bdd6d4e7	1	156936	player	uade	Protracker compatible	0	79452	722b70b7	f5337e54	1/Time_ungepackt/061_090/Time084/mod.musik
316852934287f91adb863355bdd6d4e7	1	156936	player	uade	Protracker compatible	0	79452	722b70b7	f5337e54	2/Time_gepackt/Time031_060/Time039.DMS/Modules/mod.newstyle-intro
316852934287f91adb863355bdd6d4e7	1	156936	player	uade	Protracker compatible	0	79452	722b70b7	f5337e54	2/Time_gepackt/Time061_090/Time084.DMS/mod.musik
31c125d570c5cc3d953c74bc9b39e5f5	1	92272	player	uade	Protracker	0	62668	40e34df1	ead6295c	1/German_ungepackt/361_390/German_367/Modules/MOD.Mastermix
31c125d570c5cc3d953c74bc9b39e5f5	1	92272	player	uade	Protracker	0	62668	40e34df1	ead6295c	2/German_gepackt/GERMAN_361_390/German_367.DMS/Modules/MOD.Mastermix
327eeacc825942b9aa57a007d83e926f	1	186052	player	uade	OctaMED MMD0	0	65090	d7a5f23a	16da4a6e	1/German_ungepackt/391_420/GERMAN_397/SG1
327eeacc825942b9aa57a007d83e926f	1	186052	player	uade	OctaMED MMD0	0	65090	d7a5f23a	16da4a6e	2/GERMAN_Games/German_Games_009.dms/SG1
327eeacc825942b9aa57a007d83e926f	1	186052	player	uade	OctaMED MMD0	0	65090	d7a5f23a	16da4a6e	2/German_gepackt/GERMAN_391_420/GERMAN_397.DMS/SG1
327eeacc825942b9aa57a007d83e926f	1	186052	player	uade	OctaMED MMD0	0	65090	d7a5f23a	16da4a6e	2/Time_gepackt/Time361_390/Time_383.DMS/Sneer/SG1
327eeacc825942b9aa57a007d83e926f	1	186052	player	uade	OctaMED MMD0	0	65090	d7a5f23a	16da4a6e	2/Time_ungepackt/Time_361_390/Time_383/Sneer/SG1
328404b96de6b6311cd0e823d508db87	1	4414	player+silence	uade	Protracker	0	9544	e3cb5837	a46fb44c	2/GERMAN_Games/German_Games_030.dms/Music/mod.m9
32fcd6a682935c3215cea874a83a05ac	0	1313863	player	uade	Amos Music Bank	0	77690	e2801351	8a9dd6ba	1/Time_ungepackt/001_030/Time029/mod/es.mod
32fcd6a682935c3215cea874a83a05ac	0	1313863	player	uade	Amos Music Bank	0	77690	e2801351	8a9dd6ba	2/Time_gepackt/Time001_030/Time029.DMS/mod/es.mod
3358503cabb1f63e31853d0c57db3234	1	196358	player+silence	uade	Protracker	0	69014	2305d22f	45e77f41	1/Time_ungepackt/211_240/Time215/mod.musik
3358503cabb1f63e31853d0c57db3234	1	196358	player+silence	uade	Protracker	0	69014	2305d22f	45e77f41	2/Time_gepackt/Time211_240/Time215.DMS/mod.musik
33d6b32e88300d74483da1ed85e5d444	1	169093	player	uade	Startrekker (4ch)	0	66920	c87cf0e3	dbf24d2f	1/Time_ungepackt/061_090/Time062/mod.musik
33d6b32e88300d74483da1ed85e5d444	1	169093	player	uade	Startrekker (4ch)	0	66920	c87cf0e3	dbf24d2f	2/Time_gepackt/Time061_090/Time062.DMS/mod.musik
347483fd13d0cb30037ff499f5a758d0	1	225397	player	uade	Noisetracker 1.x	0	88284	55c9de2e	cc356837	1/German_ungepackt/331_360/German331/GALAGA.MUSIC
347483fd13d0cb30037ff499f5a758d0	1	225397	player	uade	Noisetracker 1.x	0	88284	55c9de2e	cc356837	2/German_gepackt/GERMAN_331_360/Germ331.DMS/GALAGA.MUSIC
347483fd13d0cb30037ff499f5a758d0	1	225397	player	uade	Noisetracker 1.x	0	88284	55c9de2e	cc356837	2/Time_gepackt/Time301_330/Time327.DMS/Deluxe_Galaga23/GALAGA.MUSIC
347483fd13d0cb30037ff499f5a758d0	1	225397	player	uade	Noisetracker 1.x	0	88284	55c9de2e	cc356837	2/Time_ungepackt/Time_301_330/Time327/Deluxe_Galaga23/GALAGA.MUSIC
347ad1ee4abaeac4dd0915baed0ecbee	1	38520	player	uade	Startrekker (4ch)	0	33226	62c7fe30	fdd27f4f	1/Time_ungepackt/001_030/Time030/Modules/mod.dottyflowers
347ad1ee4abaeac4dd0915baed0ecbee	1	38520	player	uade	Startrekker (4ch)	0	33226	62c7fe30	fdd27f4f	2/Time_gepackt/Time001_030/Time030.DMS/Modules/mod.dottyflowers
34804a736c6e33cfaad8d0c2c112179d	0	102420	player	uade	David Whittaker	0	41162	7d7da844	42eab498	1/German_ungepackt/421_450/GERMAN_430/Whittaker/DWOLD.Leviathan-DeAbs
34804a736c6e33cfaad8d0c2c112179d	0	102420	player	uade	David Whittaker	0	41162	7d7da844	42eab498	2/German_gepackt/GERMAN_421_450/GERMAN_430.DMS/Whittaker/DWOLD.Leviathan-DeAbs
34804a736c6e33cfaad8d0c2c112179d	1	823	player
35fefb1e354d92df5eb05c05c6197f86	1	188283	player	uade	Soundtracker II (15 instr.)	0	110388	d194e79f	a8c396bb	2/Time_gepackt/Time001_030/Time011.DMS/APS/APS_MUZAK
36888cc042f6459b277ea159d0820775	1	46216	player	uade	Protracker	0	25874	a14950b4	4b5d8724	2/Time_gepackt/Time361_390/Time_377.DMS/mod.musik
36888cc042f6459b277ea159d0820775	1	46216	player	uade	Protracker	0	25874	a14950b4	4b5d8724	2/Time_ungepackt/Time_361_390/Time_377/mod.musik
369c6096fd25e3123f67de7ad35e647f	1	53872	player	uade	Noisetracker 1.x	0	60272	99c2dd96	e1f8c1ad	1/Time_ungepackt/121_150/Time143b/MOD.musik
369c6096fd25e3123f67de7ad35e647f	1	53872	player	uade	Noisetracker 1.x	0	60272	99c2dd96	e1f8c1ad	2/Time_gepackt/Time121_150/Time143b.DMS/MOD.musik
387c1ffca73e5234aa75c69fe8a61045	1	138369	player	uade	Protracker compatible	0	28740	c7753fa8	8aef6bbb	1/Time_ungepackt/241_270/Time263/mod.musik
387c1ffca73e5234aa75c69fe8a61045	1	138369	player	uade	Protracker compatible	0	28740	c7753fa8	8aef6bbb	2/Time_gepackt/Time241_270/Time263.DMS/mod.musik
3887876a03293b05fb9b855d024c3acf	1	105474	player	uade	Startrekker (4ch)	0	20306	01a81b5c	6fc1149a	1/Time_ungepackt/091_120/Time096/mod.musik
3887876a03293b05fb9b855d024c3acf	1	105474	player	uade	Startrekker (4ch)	0	20306	01a81b5c	6fc1149a	2/Time_gepackt/Time031_060/Time047.DMS/MOD.MUSIK
3887876a03293b05fb9b855d024c3acf	1	105474	player	uade	Startrekker (4ch)	0	20306	01a81b5c	6fc1149a	2/Time_gepackt/Time091_120/Time096.DMS/mod.musik
38b17b75034ba2bcfc8ed94e25962d62	1	215149	player	uade	Protracker compatible	0	56790	d7d62d06	f42a3317	2/GERMAN_Games/German_Games_020.dms/norris/mod.norristheme
3a0ed46cde438c994b06641d48ca8bdc	1	322693	player	uade	Startrekker (4ch)	0	351546	b36006f2	6abeaca8	1/Time_ungepackt/031_060/Time057/mod.musik
3a0ed46cde438c994b06641d48ca8bdc	1	322693	player	uade	Startrekker (4ch)	0	351546	b36006f2	6abeaca8	2/Time_gepackt/Time031_060/Time057.DMS/mod.musik
3a4e8e4254d25d330dbbbcad35810378	1	44910	player	uade	Protracker	0	32322	db299261	7a404f90	2/Time_gepackt/Time271_300/Time295.DMS/mod.musik
3a4e8e4254d25d330dbbbcad35810378	1	44910	player	uade	Protracker	0	32322	db299261	7a404f90	2/Time_ungepackt/Time_271_300/Time295/mod.musik
3ae5b0ae9c79ddfdaa918eda507c716f	1	9082	player	uade	Protracker compatible	0	31426	5a61e494	b863162e	2/GERMAN_Games/German_Games_020.dms/norris/mod.highscore
3b00358eb5f96ce66ae15e9441c87465	1	66994	player	uade	OctaMED MMD1	0	37344	f9d349b0	b5597fd9	1/German_ungepackt/421_450/GERMAN_421/Songs/SKY04.MED
3b00358eb5f96ce66ae15e9441c87465	1	66994	player	uade	OctaMED MMD1	0	37344	f9d349b0	b5597fd9	2/GERMAN_Games/German_Games_015.dms/Songs/SKY04.MED
3b00358eb5f96ce66ae15e9441c87465	1	66994	player	uade	OctaMED MMD1	0	37344	f9d349b0	b5597fd9	2/German_gepackt/GERMAN_421_450/GERMAN_421.DMS/Songs/SKY04.MED
3c213cda7c5643d4b3cc346fb4b2026a	1	163789	player+silence	uade	Protracker	0	136282	23aa6230	ce664055	2/Time_gepackt/Time301_330/Time309.DMS/mod.musik
3c213cda7c5643d4b3cc346fb4b2026a	1	163789	player+silence	uade	Protracker	0	136282	23aa6230	ce664055	2/Time_ungepackt/Time_301_330/Time309/mod.musik
3cd27b9549989f5cf6644515dfa1b01a	0	222388	player	libopenmpt	SoundTracker 2.0 / D.O.C. SoundTracker II	4	364928	69354bd1	87dcb9ae	1/German_ungepackt/001_030/German_22/HoeHoe
3cd27b9549989f5cf6644515dfa1b01a	0	222388	player	libopenmpt	SoundTracker 2.0 / D.O.C. SoundTracker II	4	364928	69354bd1	87dcb9ae	2/German_gepackt/GERMAN_001_030/Germ022.DMS/HoeHoe
3db2c9a61f107b17eff60143e7b51d91	1	128352	player+silence	uade	Protracker	0	108858	1058f3df	b5a38f3c	2/Time_gepackt/Time271_300/Time296.DMS/mod.musik
3db2c9a61f107b17eff60143e7b51d91	1	128352	player+silence	uade	Protracker	0	108858	1058f3df	b5a38f3c	2/Time_ungepackt/Time_271_300/Time296/mod.musik
3db5a14d9441ab0888e1a363d73cebab	0	66592	player	uade	Amos Music Bank	0	39306	e854c737	09e9d299	1/German_ungepackt/421_450/GERMAN_423/Dark-Castle/Sounds/TitelSong.abk
3db5a14d9441ab0888e1a363d73cebab	0	66592	player	uade	Amos Music Bank	0	39306	e854c737	09e9d299	2/German_gepackt/GERMAN_421_450/GERMAN_423.DMS/Dark-Castle/Sounds/TitelSong.abk
3e5ac6d98616938997c596ce2bd67802	0	30844	player	uade	Amos Music Bank	0	8742	fe9f10f4	e65757e2	1/German_ungepackt/331_360/German341/Germ341.DMS/sound.fx/crowd.abk
3e5ac6d98616938997c596ce2bd67802	0	30844	player	uade	Amos Music Bank	0	8742	fe9f10f4	e65757e2	1/German_ungepackt/331_360/German341/sound.fx/crowd.abk
3e5ac6d98616938997c596ce2bd67802	0	30844	player	uade	Amos Music Bank	0	8742	fe9f10f4	e65757e2	2/German_gepackt/GERMAN_331_360/Germ341.DMS/sound.fx/crowd.abk
3f211ef186f8bb10142b6050c61f8716	1	107645	player	uade	Protracker	0	23020	abfd2ef6	5794d5ae	1/RMS_Katalog/mod.arnesune
3f211ef186f8bb10142b6050c61f8716	1	107645	player	uade	Protracker	0	23020	abfd2ef6	5794d5ae	2/RMS_Katalog/mod.arnesune
3f2f690bef548a7ca31cead737cdc841	1	75092	player	uade	OctaMED MMD0	0	45828	5a90dabe	b8443d61	1/Time_ungepackt/061_090/Time063/Technoban/TECHNOBAN.SOUND4
3f2f690bef548a7ca31cead737cdc841	1	75092	player	uade	OctaMED MMD0	0	45828	5a90dabe	b8443d61	2/Time_gepackt/Time061_090/Time063.DMS/Technoban/TECHNOBAN.SOUND4
3f31d4f56e70a570ac9f7f87b5aed879	0	63377	player	uade	Ultimate-Soundtracker or compatible	0	53520	8a96af5b	3c48d51e	1/Time_ungepackt/121_150/Time127/mod.musik
3f31d4f56e70a570ac9f7f87b5aed879	0	63377	player	uade	Ultimate-Soundtracker or compatible	0	53520	8a96af5b	3c48d51e	2/Time_gepackt/Time121_150/Time127.DMS/mod.musik
4009cb4980114c088b42cc06c3151de8	1	387980	player	uade	Protracker	0	115464	e679d31b	a70b0e6d	1/Time_ungepackt/181_210/Time188/mod.musik
4009cb4980114c088b42cc06c3151de8	1	387980	player	uade	Protracker	0	115464	e679d31b	a70b0e6d	2/Time_gepackt/Time181_210/Time188.DMS/mod.musik
4018e6bc7122e28f77ca410aff4a70d4	1	121731	player	uade	Protracker compatible	0	56596	10f74174	9bde212a	2/Time_gepackt/Time361_390/Time_373.DMS/mod.musik
4018e6bc7122e28f77ca410aff4a70d4	1	121731	player	uade	Protracker compatible	0	56596	10f74174	9bde212a	2/Time_ungepackt/Time_361_390/Time_373/mod.musik
404c48f25a0eddd75a81f7343f01d3e8	1	30824	player	uade	Protracker	0	20674	49375a51	b403bd72	2/Time_gepackt/Time301_330/Time305.DMS/mod.CU
404c48f25a0eddd75a81f7343f01d3e8	1	30824	player	uade	Protracker	0	20674	49375a51	b403bd72	2/Time_gepackt/Time331_360/Time342.DMS/mod.musik
404c48f25a0eddd75a81f7343f01d3e8	1	30824	player	uade	Protracker	0	20674	49375a51	b403bd72	2/Time_ungepackt/Time_301_330/Time305/mod.CU
404c48f25a0eddd75a81f7343f01d3e8	1	30824	player	uade	Protracker	0	20674	49375a51	b403bd72	2/Time_ungepackt/Time_331_360/Time342/mod.musik
40b677bd5d10015cd12d4d342a993b80	1	176769	player	uade	Noisetracker 1.x	0	103438	1065501d	88943ea2	1/Time_ungepackt/211_240/Time233/mod.musik
40b677bd5d10015cd12d4d342a993b80	1	176769	player	uade	Noisetracker 1.x	0	103438	1065501d	88943ea2	2/Time_gepackt/Time211_240/Time233.DMS/mod.musik
40e93b725cde1089a20604e81f86bd8b	1	28915	player	uade	Startrekker (4ch)	0	56386	8a50586b	7df696c3	1/Time_ungepackt/151_180/Time159/mod.musik
40e93b725cde1089a20604e81f86bd8b	1	28915	player	uade	Startrekker (4ch)	0	56386	8a50586b	7df696c3	2/Time_gepackt/Time151_180/Time159.DMS/mod.musik
410a52ccb67432fdca68dde74123d7a7	1	138369	player	uade	Protracker	0	90646	b523bc92	31cea338	2/Time_gepackt/Time361_390/Time_380.DMS/mod.musik
410a52ccb67432fdca68dde74123d7a7	1	138369	player	uade	Protracker	0	90646	b523bc92	31cea338	2/Time_gepackt/Time391_418/Time_396.DMS/mod.musik
410a52ccb67432fdca68dde74123d7a7	1	138369	player	uade	Protracker	0	90646	b523bc92	31cea338	2/Time_ungepackt/Time_361_390/Time_380/mod.musik
410a52ccb67432fdca68dde74123d7a7	1	138369	player	uade	Protracker	0	90646	b523bc92	31cea338	2/Time_ungepackt/Time_391_418/Time_396/mod.musik
41e9909c48f4fe234d4506341c7281df	0	0	error	uade	TFMX	0	4608	b5a04a55	6773e824	1/Time_ungepackt/001_030/Time025/mdat.Alcatraz1-2
41e9909c48f4fe234d4506341c7281df	0	0	error	uade	TFMX	0	4608	b5a04a55	6773e824	1/Time_ungepackt/031_060/Time036/Multi_Player/modules/mdat.Alcatraz1-2
41e9909c48f4fe234d4506341c7281df	0	0	error	uade	TFMX	0	4608	b5a04a55	6773e824	2/Time_gepackt/Time001_030/Time025.DMS/mdat.Alcatraz1-2
41e9909c48f4fe234d4506341c7281df	0	0	error	uade	TFMX	0	4608	b5a04a55	6773e824	2/Time_gepackt/Time031_060/Time036.DMS/Multi_Player/modules/mdat.Alcatraz1-2
41e9909c48f4fe234d4506341c7281df	1	0	error
42579f33b259cbbf66d82f44f099e274	1	169093	player	uade	Noisetracker 1.x	0	28728	c939b8a6	ede8f56b	2/Time_gepackt/Time271_300/Time289.DMS/mod.musik
42579f33b259cbbf66d82f44f099e274	1	169093	player	uade	Noisetracker 1.x	0	28728	c939b8a6	ede8f56b	2/Time_ungepackt/Time_271_300/Time289/mod.musik
4373f3d75792f529dbcf3f92768d5b0d	1	61568	player	uade	Protracker compatible	0	27862	28f123fc	56889dac	1/German_ungepackt/091_120/GERM_091/NoisePlayer+Modules/mod.9
4373f3d75792f529dbcf3f92768d5b0d	1	61568	player	uade	Protracker compatible	0	27862	28f123fc	56889dac	2/German_gepackt/GERMAN_091_120/Germ091.DMS/NoisePlayer+Modules/mod.9
4390bc9960518c6b93cc50d6df0a6da7	1	184445	player	uade	Protracker	0	63370	e449fd3a	dadec180	1/German_ungepackt/471_488/GERMAN_483/BreakinBriks.lha/Break_Music2
4390bc9960518c6b93cc50d6df0a6da7	1	184445	player	uade	Protracker	0	63370	e449fd3a	dadec180	2/German_gepackt/GERMAN_481_508/German_483.DMS/BreakinBriks.lha/Break_Music2
43a003dee124c9ae9affc49ecd723421	1	138369	player	uade	Protracker compatible	0	38384	5b38f820	c94c6377	1/Time_ungepackt/091_120/Time120/mod.musik
43a003dee124c9ae9affc49ecd723421	1	138369	player	uade	Protracker compatible	0	38384	5b38f820	c94c6377	2/Time_gepackt/Time091_120/Time120.DMS/mod.musik
4424b8af0b7396678f10c902eec0fce8	1	61588	player	uade	OctaMED MMD0	0	39820	3c04aecd	49379396	1/Time_ungepackt/061_090/Time063/Technoban/TECHNOBAN.SOUND2
4424b8af0b7396678f10c902eec0fce8	1	61588	player	uade	OctaMED MMD0	0	39820	3c04aecd	49379396	2/Time_gepackt/Time061_090/Time063.DMS/Technoban/TECHNOBAN.SOUND2
455de207af68b2736f9dd36b368d4326	1	251126	player+silence	uade	Protracker	0	48916	31f7846c	b9879ee3	2/Time_gepackt/Time391_418/Time_404.DMS/mod.musik
455de207af68b2736f9dd36b368d4326	1	251126	player+silence	uade	Protracker	0	48916	31f7846c	b9879ee3	2/Time_ungepackt/Time_391_418/Time_404/mod.musik
4568c50310768779c3fed19447af2f9b	1	162683	player	uade	Noisetracker 1.x	0	61040	009f72ad	728249d1	1/German_ungepackt/091_120/GERM_108/Modules/mod.silverparttwo
4568c50310768779c3fed19447af2f9b	1	162683	player	uade	Noisetracker 1.x	0	61040	009f72ad	728249d1	2/German_gepackt/GERMAN_091_120/Germ108.DMS/Modules/mod.silverparttwo
45b69e5330b64f341fd8bd5bab14f955	1	111101	player	uade	Protracker	0	56658	b0fa1aa3	fecb69e6	1/Time_ungepackt/031_060/Time055/mod.musik
45b69e5330b64f341fd8bd5bab14f955	1	111101	player	uade	Protracker	0	56658	b0fa1aa3	fecb69e6	1/Time_ungepackt/121_150/Time134/mod.musik
45b69e5330b64f341fd8bd5bab14f955	1	111101	player	uade	Protracker	0	56658	b0fa1aa3	fecb69e6	2/Time_gepackt/Time031_060/TIME055.DMS/mod.musik
45b69e5330b64f341fd8bd5bab14f955	1	111101	player	uade	Protracker	0	56658	b0fa1aa3	fecb69e6	2/Time_gepackt/Time121_150/Time134.DMS/mod.musik
45e3e5d002b7b350d318dc06106d664d	1	232932	player	uade	Startrekker (4ch)	0	130874	bb990671	665dd08f	1/Time_ungepackt/181_210/Time189/mod.musik
45e3e5d002b7b350d318dc06106d664d	1	232932	player	uade	Startrekker (4ch)	0	130874	bb990671	665dd08f	2/Time_gepackt/Time181_210/Time189.DMS/mod.musik
4604a21fdb5aaa6993ffa05915abdb4b	1	137167	player+silence	uade	Protracker compatible	0	220878	1273a987	a592da53	1/Time_ungepackt/151_180/Time152/mod.musik
4604a21fdb5aaa6993ffa05915abdb4b	1	137167	player+silence	uade	Protracker compatible	0	220878	1273a987	a592da53	2/Time_gepackt/Time151_180/Time152.DMS/mod.musik
461ba3c4b0f1f1482356c227c0b4e45d	1	48125	player	uade	Protracker compatible	0	109194	26e93305	eff411e7	1/Time_ungepackt/211_240/Time225/mod.musik
461ba3c4b0f1f1482356c227c0b4e45d	1	48125	player	uade	Protracker compatible	0	109194	26e93305	eff411e7	2/Time_gepackt/Time211_240/Time225.DMS/mod.musik
46dd44fbb3543617399ea3932d5a1a7f	1	82044	player	uade	Protracker	0	53856	f75a84f9	aee0c50d	2/Time_gepackt/Time391_418/Time_398.DMS/mod.musik
46dd44fbb3543617399ea3932d5a1a7f	1	82044	player	uade	Protracker	0	53856	f75a84f9	aee0c50d	2/Time_ungepackt/Time_391_418/Time_398/mod.musik
46df4dea8bcc2be2e16c88b2ce55da7b	1	102520	player	uade	Startrekker (4ch)	0	73772	ccf2039b	1119e3d2	1/Time_ungepackt/151_180/Time166/mod.musik
46df4dea8bcc2be2e16c88b2ce55da7b	1	102520	player	uade	Startrekker (4ch)	0	73772	ccf2039b	1119e3d2	2/Time_gepackt/Time151_180/Time166.DMS/mod.musik
4753222d3cfe5dd2b03e4660b5c4d22b	1	53872	player	uade	Startrekker (4ch)	0	70708	b19f2ea9	25cc8e1f	1/Time_ungepackt/091_120/Time101/mod.musik
4753222d3cfe5dd2b03e4660b5c4d22b	1	53872	player	uade	Startrekker (4ch)	0	70708	b19f2ea9	25cc8e1f	2/Time_gepackt/Time091_120/Time101.DMS/mod.musik
4842928ad9e1251169f79597ead5bfce	0	245672	player	uade	SoundMon 2.0	0	19130	d3133cff	358b7d06	1/Time_ungepackt/001_030/Time025/SDM.Commando
4842928ad9e1251169f79597ead5bfce	0	245672	player	uade	SoundMon 2.0	0	19130	d3133cff	358b7d06	2/Time_gepackt/Time001_030/Time025.DMS/SDM.Commando
4898b2ffab4a4f91bd92e5a7f7688f57	1	195959	player	uade	Startrekker (4ch)	0	173034	51642217	20f8c304	2/Time_gepackt/Time301_330/Time326.DMS/mod.musik
4898b2ffab4a4f91bd92e5a7f7688f57	1	195959	player	uade	Startrekker (4ch)	0	173034	51642217	20f8c304	2/Time_ungepackt/Time_301_330/Time326/mod.musik
48b13699276bb14eed25964f02e7a861	1	167807	player	uade	Noisetracker 1.x	0	98668	c119dbc5	de6e2c47	1/Time_ungepackt/121_150/Time133a/mod.musik
48b13699276bb14eed25964f02e7a861	1	167807	player	uade	Noisetracker 1.x	0	98668	c119dbc5	de6e2c47	2/Time_gepackt/Time121_150/Time133a.DMS/mod.musik
4938e5f3564fe6a575421e007de61a18	1	265726	player	uade	Protracker	0	108074	e39aa714	c04274dc	2/Time_gepackt/Time331_360/Time336.DMS/mod.musik
4938e5f3564fe6a575421e007de61a18	1	265726	player	uade	Protracker	0	108074	e39aa714	c04274dc	2/Time_ungepackt/Time_331_360/Time336/mod.musik
49530727a02bf935ee4438cbe66662af	1	166030	player+volume	uade	Protracker compatible	0	87580	659df7c1	2a5655d2	1/Time_ungepackt/121_150/Time128/mod.musik
49530727a02bf935ee4438cbe66662af	1	166030	player+volume	uade	Protracker compatible	0	87580	659df7c1	2a5655d2	2/Time_gepackt/Time001_030/Time018.DMS/MOD.equinoxe2
49530727a02bf935ee4438cbe66662af	1	166030	player+volume	uade	Protracker compatible	0	87580	659df7c1	2a5655d2	2/Time_gepackt/Time121_150/Time128.DMS/mod.musik
496c272d803eeb88a78481a847643a35	0	244607	player	uade	Amos Music Bank	0	80076	f774c71e	d5442810	2/GERMAN_Games/German_Games_021.dms/GameMusic
49b6ff98afa409491a9fcb23b61d9ca2	1	161397	player	uade	Noisetracker 1.x	0	27622	ece00549	9687d432	1/Time_ungepackt/151_180/Time160/mod.musik
49b6ff98afa409491a9fcb23b61d9ca2	1	161397	player	uade	Noisetracker 1.x	0	27622	ece00549	9687d432	2/Time_gepackt/Time151_180/Time160.DMS/mod.musik
4a4bedd6813b99ed9a6618532a90c152	1	370233	player+silence	uade	Soundtracker II (31 instr.)	0	129728	ea837673	647a582f	2/Time_gepackt/Time001_030/Time018.DMS/MOD.memorydust
4ab71db7e9168bd3d9d4a424f1e173ca	0	5710	player+silence	uade	Amos Music Bank	0	5098	9cffee07	0d355c52	1/German_ungepackt/211_240/GERM_216/Data20
4ab71db7e9168bd3d9d4a424f1e173ca	0	5710	player+silence	uade	Amos Music Bank	0	5098	9cffee07	0d355c52	2/German_gepackt/GERMAN_211_240/Germ216.DMS/Data20
4b2003a21f3813bb99a55f4a379a8329	1	225070	player+silence	uade	Soundtracker II (15 instr.)	0	131152	ada224c7	02233eb8	2/Time_gepackt/Time001_030/Time016.DMS/MODULES/MOD.waiting game
4b2003a21f3813bb99a55f4a379a8329	1	225070	player+silence	uade	Soundtracker II (15 instr.)	0	131152	ada224c7	02233eb8	2/Time_gepackt/Time001_030/Time018.DMS/MOD.waiting game
4b512b45e987d61b8a6dd88a629adb69	1	195677	player	uade	OctaMED MMD1	0	79482	98cdc78d	708bb141	2/German_gepackt/GERMAN_361_390/GERMan_370.DMS/Mod.Music2
4b6d93f479ad83591b539f0e6dd604a6	0	15492	player	uade	Amos Music Bank	0	64620	11520cec	53188e2d	2/GERMAN_Games/German_Games_026.dms/enm
4c13981e3e361639453f0ac9de42239e	0	143111	player	uade	FaceTheMusic	0	172640	465e241d	9175f8e3	1/German_ungepackt/181_210/GERM_210/ftm-songs/Innocence
4c13981e3e361639453f0ac9de42239e	0	143111	player	uade	FaceTheMusic	0	172640	465e241d	9175f8e3	2/German_gepackt/GERMAN_181_210/Germ210.DMS/ftm-songs/Innocence
4c25cd8f1cf1ec60a3369360943c35e1	1	186876	player	uade	Protracker	0	141322	8d2d2fc3	d38deafa	2/Time_gepackt/Time271_300/Time290.DMS/mod.musik
4c25cd8f1cf1ec60a3369360943c35e1	1	186876	player	uade	Protracker	0	141322	8d2d2fc3	d38deafa	2/Time_ungepackt/Time_271_300/Time290/mod.musik
4cc4bc1a9fd197735d539dce4aac3c24	1	8262	player+silence	uade	Protracker	0	18914	d3a2c8ff	cbd2139b	1/German_ungepackt/271_300/German284/muzak/hiscore.mod
4cc4bc1a9fd197735d539dce4aac3c24	1	8262	player+silence	uade	Protracker	0	18914	d3a2c8ff	cbd2139b	2/German_gepackt/GERMAN_271_300/Germ284.DMS/muzak/hiscore.mod
4d2965b894140a5cd9ae296f25e79bc7	1	71816	player	uade	Protracker	0	39372	4c0544a7	34a2bcd6	1/Time_ungepackt/091_120/Time100/mod.musik
4d2965b894140a5cd9ae296f25e79bc7	1	71816	player	uade	Protracker	0	39372	4c0544a7	34a2bcd6	2/Time_gepackt/Time091_120/Time100.DMS/mod.musik
4e33aacff14e48ed933bd88455ca7de4	1	199797	player	uade	Protracker compatible	0	144030	e0262310	f64be7bc	1/Time_ungepackt/031_060/Time052/mod.musik
4e33aacff14e48ed933bd88455ca7de4	1	199797	player	uade	Protracker compatible	0	144030	e0262310	f64be7bc	1/Time_ungepackt/061_090/Time073/mod.musik
4e33aacff14e48ed933bd88455ca7de4	1	199797	player	uade	Protracker compatible	0	144030	e0262310	f64be7bc	2/Time_gepackt/Time031_060/Time052.DMS/mod.musik
4e33aacff14e48ed933bd88455ca7de4	1	199797	player	uade	Protracker compatible	0	144030	e0262310	f64be7bc	2/Time_gepackt/Time061_090/Time073.DMS/mod.musik
4ed40c607722b41abe0adce6f98fc239	1	252646	player+silence	uade	Noisetracker 1.x	0	81818	add71986	a0792564	1/Time_ungepackt/241_270/Time252/mod.musik
4ed40c607722b41abe0adce6f98fc239	1	252646	player+silence	uade	Noisetracker 1.x	0	81818	add71986	a0792564	2/Time_gepackt/Time241_270/Time252.DMS/mod.musik
4f3d63360d228b8d2bf2f266cfa1392a	1	253569	player	uade	Noisetracker 1.x	0	29132	167a1ec0	70f53d23	2/Time_gepackt/Time271_300/Time280.DMS/mod.musik
4f3d63360d228b8d2bf2f266cfa1392a	1	253569	player	uade	Noisetracker 1.x	0	29132	167a1ec0	70f53d23	2/Time_ungepackt/Time_271_300/Time280/mod.musik
50268a3a8b68d18559845e122913171e	1	84616	player	uade	Noisetracker 1.x	0	35128	aee0c39b	78984445	2/Time_gepackt/Time391_418/Time_397.DMS/mod.musik
50268a3a8b68d18559845e122913171e	1	84616	player	uade	Noisetracker 1.x	0	35128	aee0c39b	78984445	2/Time_ungepackt/Time_391_418/Time_397/mod.musik
5028d270ed876b13d9e19c80efe8e4aa	1	61568	player	uade	Protracker compatible	0	10578	c463b199	841df3de	1/Time_ungepackt/001_030/Time030/Modules/mod.Fireworks
5028d270ed876b13d9e19c80efe8e4aa	1	61568	player	uade	Protracker compatible	0	10578	c463b199	841df3de	1/Time_ungepackt/031_060/Time031/Musik
5028d270ed876b13d9e19c80efe8e4aa	1	61568	player	uade	Protracker compatible	0	10578	c463b199	841df3de	2/Time_gepackt/Time001_030/Time030.DMS/Modules/mod.Fireworks
5028d270ed876b13d9e19c80efe8e4aa	1	61568	player	uade	Protracker compatible	0	10578	c463b199	841df3de	2/Time_gepackt/Time031_060/Time031.DMS/Musik
505042685a243ae13167d13a7016f1b6	1	171122	player	uade	Protracker compatible	0	95160	a848cfb1	93b6785e	2/Time_gepackt/Time271_300/Time288.DMS/mod.musik
505042685a243ae13167d13a7016f1b6	1	171122	player	uade	Protracker compatible	0	95160	a848cfb1	93b6785e	2/Time_ungepackt/Time_271_300/Time288/mod.musik
52be60c3e79f800226ccb497d3b7d6e6	0	378998	player	uade	Amos Music Bank	0	84078	0e85ba14	83d4dad8	1/Time_ungepackt/121_150/Time149/TriMory/AMOS_Sound/Lalala.abk
52be60c3e79f800226ccb497d3b7d6e6	0	378998	player	uade	Amos Music Bank	0	84078	0e85ba14	83d4dad8	2/Time_gepackt/Time121_150/Time149.DMS/TriMory/AMOS_Sound/Lalala.abk
52fe9129b3323c20dd92fce4d036445b	1	121088	player	uade	Soundtracker II (31 instr.)	0	59850	7e9503d6	8cf7078c	1/German_ungepackt/211_240/GERM_238/Modules/mod.musik
52fe9129b3323c20dd92fce4d036445b	1	121088	player	uade	Soundtracker II (31 instr.)	0	59850	7e9503d6	8cf7078c	1/Time_ungepackt/241_270/Time250/Modules/mod.musik
52fe9129b3323c20dd92fce4d036445b	1	121088	player	uade	Soundtracker II (31 instr.)	0	59850	7e9503d6	8cf7078c	2/German_gepackt/GERMAN_211_240/Germ238.DMS/Modules/mod.musik
52fe9129b3323c20dd92fce4d036445b	1	121088	player	uade	Soundtracker II (31 instr.)	0	59850	7e9503d6	8cf7078c	2/Time_gepackt/Time241_270/Time250.DMS/Modules/mod.musik
53a4da39cef551002e715654f49c19e4	1	279008	player	uade	Startrekker (4ch)	0	156056	cba91be4	47225a8d	1/Time_ungepackt/001_030/Time028/st-musik
53a4da39cef551002e715654f49c19e4	1	279008	player	uade	Startrekker (4ch)	0	156056	cba91be4	47225a8d	2/Time_gepackt/Time001_030/Time028.DMS/st-musik
53fe966e73280fe3a4b40f46e95bba68	1	107645	player	uade	Noisetracker 1.x	0	63456	daf71313	98e7fbb4	2/Time_gepackt/Time331_360/Time358.DMS/mod.musik
53fe966e73280fe3a4b40f46e95bba68	1	107645	player	uade	Noisetracker 1.x	0	63456	daf71313	98e7fbb4	2/Time_ungepackt/Time_331_360/Time358/mod.musik
543969ff9149cc91edfd9c7c705f3b9a	1	374275	player	uade	MED4 (4ch)	0	26357	7602d363	02c847c8	2/GERMAN_Games/German_Games_004.dms/ReadyRobot/320
54ad48bd0016b14360f8972d730115c2	1	192141	player	uade	Protracker compatible	0	56646	1f379399	afb0c2a5	2/Time_gepackt/Time361_390/Time_378.DMS/mod.musik
54ad48bd0016b14360f8972d730115c2	1	192141	player	uade	Protracker compatible	0	56646	1f379399	afb0c2a5	2/Time_ungepackt/Time_361_390/Time_378/mod.musik
54ec55b8927d6588f4ab87b1545c3fba	0	138208	player	uade	Amos Music Bank	0	34272	78d2a03b	12a9f416	1/Time_ungepackt/001_030/Time029/mod/pr.mod
54ec55b8927d6588f4ab87b1545c3fba	0	138208	player	uade	Amos Music Bank	0	34272	78d2a03b	12a9f416	2/Time_gepackt/Time001_030/Time029.DMS/mod/pr.mod
5508ae2d93ce908629aa7b79238afebd	0	40449	player	uade	Amos Music Bank	0	33470	b411e17b	f09322f9	1/German_ungepackt/421_450/GERMAN_423/Dark-Castle/Sounds/EndSong.abk
5508ae2d93ce908629aa7b79238afebd	0	40449	player	uade	Amos Music Bank	0	33470	b411e17b	f09322f9	2/German_gepackt/GERMAN_421_450/GERMAN_423.DMS/Dark-Castle/Sounds/EndSong.abk
5543ad12f82d820591751ce43f070542	0	149601	player	uade	Sonix Music Driver	0	1140	0dfa3ec1	162c4a61	1/German_ungepackt/001_030/German_19/Scores/PumpEm'Up.smus
5543ad12f82d820591751ce43f070542	0	149601	player	uade	Sonix Music Driver	0	1140	0dfa3ec1	162c4a61	2/German_gepackt/GERMAN_001_030/Germ019.DMS/Scores/PumpEm'Up.smus
5571c2c6665657e19704b8c9c185ead1	1	71917	player	uade	OctaMED MMD1	0	52768	581d93c5	53becb7a	1/German_ungepackt/211_240/GERM_236/TitelMusic
5571c2c6665657e19704b8c9c185ead1	1	71917	player	uade	OctaMED MMD1	0	52768	581d93c5	53becb7a	1/Time_ungepackt/241_270/Time265/TitelMusic
5571c2c6665657e19704b8c9c185ead1	1	71917	player	uade	OctaMED MMD1	0	52768	581d93c5	53becb7a	2/German_gepackt/GERMAN_211_240/Germ236.DMS/TitelMusic
5571c2c6665657e19704b8c9c185ead1	1	71917	player	uade	OctaMED MMD1	0	52768	581d93c5	53becb7a	2/Time_gepackt/Time241_270/Time265.DMS/TitelMusic
55b35151aae9ac5b5b3676b5b79bd20c	1	214640	player+silence	uade	Protracker	0	191488	4dda5e9d	61c8b9de	1/Time_ungepackt/181_210/Time210/mod.musik
55b35151aae9ac5b5b3676b5b79bd20c	1	214640	player+silence	uade	Protracker	0	191488	4dda5e9d	61c8b9de	2/Time_gepackt/Time181_210/Time210.DMS/mod.musik
561e6de4c609d3ea7d340b063d9d06fb	1	204941	player	uade	Soundtracker II (31 instr.)	0	77444	af8b805f	111a76ae	1/Time_ungepackt/001_030/Time013/APS/APS_MUZAK
561e6de4c609d3ea7d340b063d9d06fb	1	204941	player	uade	Soundtracker II (31 instr.)	0	77444	af8b805f	111a76ae	2/Time_gepackt/Time001_030/Time013.DMS/APS/APS_MUZAK
565728c135e7ae3bf697dabdbfd0ffd7	1	208759	player	uade	Protracker compatible	0	124046	d0996df3	bd5c8df8	1/Time_ungepackt/121_150/Time140/TECC/data/mod.the-need-love
565728c135e7ae3bf697dabdbfd0ffd7	1	208759	player	uade	Protracker compatible	0	124046	d0996df3	bd5c8df8	2/Time_gepackt/Time121_150/Time140.DMS/TECC/data/mod.the-need-love
565871fe42c1edb6f0e6fef944e0874c	1	238197	player	uade	Noisetracker 1.x	0	102346	e679cfd4	ca026dc8	1/German_ungepackt/091_120/GERM_091/NoisePlayer+Modules/MOD.6
565871fe42c1edb6f0e6fef944e0874c	1	238197	player	uade	Noisetracker 1.x	0	102346	e679cfd4	ca026dc8	2/German_gepackt/GERMAN_091_120/Germ091.DMS/NoisePlayer+Modules/MOD.6
565871fe42c1edb6f0e6fef944e0874c	1	238197	player	uade	Noisetracker 1.x	0	102346	e679cfd4	ca026dc8	2/Time_gepackt/Time001_030/Time014.DMS/MOD.6
56d0595c2a04035314059aadf29282a2	1	134812	player	uade	Protracker compatible	0	65468	bcab693c	993e6c01	1/Time_ungepackt/031_060/Time051/mod.musik
56d0595c2a04035314059aadf29282a2	1	134812	player	uade	Protracker compatible	0	65468	bcab693c	993e6c01	2/Time_gepackt/Time031_060/Time051.DMS/mod.musik
56db2fcca5cfc546c9435b856f739bfb	1	149956	player+silence	uade	Protracker compatible	0	158478	4903a98b	70a03275	1/Time_ungepackt/121_150/Time146/MODULES/mod.b.s.t
56db2fcca5cfc546c9435b856f739bfb	1	149956	player+silence	uade	Protracker compatible	0	158478	4903a98b	70a03275	2/Time_gepackt/Time121_150/Time146.DMS/MODULES/mod.b.s.t
574ecd854a5bbc48623451f94d052c97	1	94282	player	uade	Protracker compatible	0	83984	93a58063	9f30e33d	2/Time_gepackt/Time331_360/Time348.DMS/mod.musik
574ecd854a5bbc48623451f94d052c97	1	94282	player	uade	Protracker compatible	0	83984	93a58063	9f30e33d	2/Time_ungepackt/Time_331_360/Time348/mod.musik
5817f89e3d0b4e3b21e694f25b2f44ac	1	277903	player	uade	Protracker	0	106024	b76cca6f	c548a47e	2/Time_gepackt/Time271_300/Time297.DMS/mod.musik
5817f89e3d0b4e3b21e694f25b2f44ac	1	277903	player	uade	Protracker	0	106024	b76cca6f	c548a47e	2/Time_ungepackt/Time_271_300/Time297/mod.musik
58cc39b14066216a9bbb3ca4d6932248	1	102762	player	uade	OctaMED MMD0	0	53178	9f018439	20d0bc26	1/German_ungepackt/241_270/Germ260/MegaBallAGA/MB_Music/GameOver.tune
58cc39b14066216a9bbb3ca4d6932248	1	102762	player	uade	OctaMED MMD0	0	53178	9f018439	20d0bc26	2/German_gepackt/GERMAN_241_270/Germ260.DMS/MegaBallAGA/MB_Music/GameOver.tune
5914d82baccdb3a2dda5cd80e19fe52d	1	53872	player	uade	Protracker compatible	0	185736	5f03018c	036cd5a7	1/Time_ungepackt/001_030/Time023/Musik
5914d82baccdb3a2dda5cd80e19fe52d	1	53872	player	uade	Protracker compatible	0	185736	5f03018c	036cd5a7	2/Time_gepackt/Time001_030/Time023.DMS/Musik
59a632523460ceea81af62fe190567b7	1	184445	player	uade	Protracker	0	122986	9d3d43c3	3591cb17	1/Time_ungepackt/121_150/Time124/mod.musik
59a632523460ceea81af62fe190567b7	1	184445	player	uade	Protracker	0	122986	9d3d43c3	3591cb17	2/Time_gepackt/Time121_150/Time124.DMS/mod.musik
5a57fb3c7ccebdfc2fce173aa02fa41c	1	84616	player	uade	Protracker	0	31834	3c813da8	bbb5b8ae	1/Time_ungepackt/241_270/Time262/mod.musik
5abf29a339a58770b5d9e07e153a2c4c	1	270850	player	uade	Protracker	0	129404	ebef6a80	f346b803	1/German_ungepackt/471_488/GERMAN_475/Modules/mod.limited electronic.pp
5abf29a339a58770b5d9e07e153a2c4c	1	270850	player	uade	Protracker	0	129404	ebef6a80	f346b803	2/German_gepackt/GERMAN_451_480/Germ_475.DMS/Modules/mod.limited electronic.pp
5aee13bc0b828bab76fc08f2666d067a	1	119179	player	uade	Protracker compatible	0	42720	81cd73c9	b8a31d18	1/Time_ungepackt/211_240/Time211/mod.musik
5aee13bc0b828bab76fc08f2666d067a	1	119179	player	uade	Protracker compatible	0	42720	81cd73c9	b8a31d18	2/Time_gepackt/Time211_240/Time211.DMS/mod.musik
5b8d1c470aac156ae1975521e044b8b4	1	271553	player	uade	OctaMED MMD0	0	74466	d9d5ac6c	97260d72	1/Time_ungepackt/091_120/Time104/EDPlay/DemoSongs/EdP.DemoSong4.pp
5b8d1c470aac156ae1975521e044b8b4	1	271553	player	uade	OctaMED MMD0	0	74466	d9d5ac6c	97260d72	2/Time_gepackt/Time091_120/Time104.DMS/EDPlay/DemoSongs/EdP.DemoSong4.pp
5c519498975de0ba70c340a3bc9d0398	1	220183	player+silence	uade	Protracker	0	110442	8d0953c1	0490db06	2/Time_gepackt/Time271_300/Time298.DMS/mod.average_beverage
5c519498975de0ba70c340a3bc9d0398	1	220183	player+silence	uade	Protracker	0	110442	8d0953c1	0490db06	2/Time_ungepackt/Time_271_300/Time298/mod.average_beverage
5d28cab49142fe6f44b1d351f34c5881	1	429595	player	uade	Protracker	0	170788	8357499f	4401dad1	1/Time_ungepackt/121_150/Time147/mod.musik
5d28cab49142fe6f44b1d351f34c5881	1	429595	player	uade	Protracker	0	170788	8357499f	4401dad1	1/Time_ungepackt/151_180/Time174/Modules/mod.musik
5d28cab49142fe6f44b1d351f34c5881	1	429595	player	uade	Protracker	0	170788	8357499f	4401dad1	2/Time_gepackt/Time121_150/Time147.DMS/mod.musik
5d28cab49142fe6f44b1d351f34c5881	1	429595	player	uade	Protracker	0	170788	8357499f	4401dad1	2/Time_gepackt/Time151_180/Time174.DMS/Modules/mod.musik
5d38a4d4bdb55c8f8b396b7f9073d7e1	0	14407	player	uade	Amos Music Bank	0	6596	9a617f3d	40e695ef	1/German_ungepackt/211_240/GERM_216/Data8
5d38a4d4bdb55c8f8b396b7f9073d7e1	0	14407	player	uade	Amos Music Bank	0	6596	9a617f3d	40e695ef	2/German_gepackt/GERMAN_211_240/Germ216.DMS/Data8
5d7eaea100c4c1c6734444e05b02bcc7	1	161638	player	uade	Protracker	0	139512	e1e575f8	ad99e2c7	1/Time_ungepackt/211_240/Time231/mod.musik
5d7eaea100c4c1c6734444e05b02bcc7	1	161638	player	uade	Protracker	0	139512	e1e575f8	ad99e2c7	2/Time_gepackt/Time211_240/Time231.DMS/mod.musik
5e129e1762cd86525ab3cef12a8f33a4	1	207493	player	uade	Protracker	0	93914	3341c5c7	5044fdfa	1/Time_ungepackt/091_120/Time107/mod.musik
5e129e1762cd86525ab3cef12a8f33a4	1	207493	player	uade	Protracker	0	93914	3341c5c7	5044fdfa	2/Time_gepackt/Time091_120/Time107.DMS/mod.musik
5eedd8c4c9267f3c4a50bf1487490326	1	233656	player	uade	Protracker compatible	0	126134	61cbb145	c5db4bd9	1/Time_ungepackt/211_240/Time230/mod.musik
5eedd8c4c9267f3c4a50bf1487490326	1	233656	player	uade	Protracker compatible	0	126134	61cbb145	c5db4bd9	2/Time_gepackt/Time211_240/Time230.DMS/mod.musik
5ef4a8ebd509ae0ce31367ec233232ee	1	375668	player+silence	uade	Soundtracker II (15 instr.)	0	205924	8ab709ae	59e90a81	1/Time_ungepackt/151_180/Time154/mod.musik
5ef4a8ebd509ae0ce31367ec233232ee	1	375668	player+silence	uade	Soundtracker II (15 instr.)	0	205924	8ab709ae	59e90a81	2/Time_gepackt/Time151_180/Time154.DMS/mod.musik
5ef9bb84923ce73ff638824add253043	1	64804	player	uade	Startrekker (4ch)	0	50784	bd47a37b	2bd9c989	1/Time_ungepackt/031_060/Time050/mod.musik2
5ef9bb84923ce73ff638824add253043	1	64804	player	uade	Startrekker (4ch)	0	50784	bd47a37b	2bd9c989	1/Time_ungepackt/091_120/Time095/mod.musik
5ef9bb84923ce73ff638824add253043	1	64804	player	uade	Startrekker (4ch)	0	50784	bd47a37b	2bd9c989	2/Time_gepackt/Time031_060/Time050.DMS/mod.musik2
5ef9bb84923ce73ff638824add253043	1	64804	player	uade	Startrekker (4ch)	0	50784	bd47a37b	2bd9c989	2/Time_gepackt/Time091_120/Time095.DMS/mod.musik
60168d9a590e7d438d734b6b02fb8cb6	1	135776	player	uade	Startrekker (4ch)	0	129130	d81e98f9	7c2b2810	1/Time_ungepackt/091_120/Time092/mod.musik
60168d9a590e7d438d734b6b02fb8cb6	1	135776	player	uade	Startrekker (4ch)	0	129130	d81e98f9	7c2b2810	2/Time_gepackt/Time091_120/Time092.DMS/mod.musik
60909ec57764d433a1eb268c8e4bbcf1	1	207734	player	uade	Protracker	0	81356	a01da2c6	fdb7104c	1/Time_ungepackt/241_270/Time243/mod.musik
60909ec57764d433a1eb268c8e4bbcf1	1	207734	player	uade	Protracker	0	81356	a01da2c6	fdb7104c	2/Time_gepackt/Time241_270/Time243.DMS/mod.musik
60992cea26b680b0165914f40be27cba	1	160064	player+silence	uade	Noisetracker 1.x	0	95778	e6bba970	ef15b4b3	2/Time_gepackt/Time331_360/Time346.DMS/mod.musik
60992cea26b680b0165914f40be27cba	1	160064	player+silence	uade	Noisetracker 1.x	0	95778	e6bba970	ef15b4b3	2/Time_ungepackt/Time_331_360/Time346/mod.musik
60cfc1efacb7a1ddccfa723bc4b11f02	0	161417	player	uade	Amos Music Bank	0	63240	86c67b1d	53c31b6d	2/Time_gepackt/Time061_090/Time079b.DMS/HighScore.abk
6127226b32111d8084ccf626e864529b	1	212794	player+silence	uade	Protracker	0	84348	6bcc89c9	f4e86fd3	2/Time_gepackt/Time301_330/Time306.DMS/mod.musik
6127226b32111d8084ccf626e864529b	1	212794	player+silence	uade	Protracker	0	84348	6bcc89c9	f4e86fd3	2/Time_ungepackt/Time_301_330/Time306/mod.musik
625cb8f07b38e35c03cc3e2043eb5d3d	0	7796	player	uade	Amos Music Bank	0	21420	319f2ca3	d3816e2f	1/German_ungepackt/091_120/GERM_115/music/snakesound.abk
625cb8f07b38e35c03cc3e2043eb5d3d	0	7796	player	uade	Amos Music Bank	0	21420	319f2ca3	d3816e2f	2/German_gepackt/GERMAN_091_120/Germ115.DMS/music/snakesound.abk
6389e6f1104e900b01e91a1b95c76702	1	46216	player	uade	Protracker	0	55376	f7811bb5	b227d30f	1/Time_ungepackt/211_240/Time235/mod.musik
6389e6f1104e900b01e91a1b95c76702	1	46216	player	uade	Protracker	0	55376	f7811bb5	b227d30f	2/Time_gepackt/Time211_240/Time235.DMS/mod.musik
64a94472290d7e6079b677fc5819a042	1	86284	player	uade	OctaMED MMD1	0	41804	88df654a	80918912	1/German_ungepackt/451_470/GERMAN_466/BOB_LEMON/BTAL_Music
64a94472290d7e6079b677fc5819a042	1	86284	player	uade	OctaMED MMD1	0	41804	88df654a	80918912	2/German_gepackt/GERMAN_451_480/Germ_466.DMS/BOB_LEMON/BTAL_Music
64d0c4e52412c3f60746fb4529bd737d	1	199797	player	uade	Noisetracker 1.x	0	67250	cafd088f	6637d637	2/Time_gepackt/Time331_360/Time353.DMS/mod.musik
64d0c4e52412c3f60746fb4529bd737d	1	199797	player	uade	Noisetracker 1.x	0	67250	cafd088f	6637d637	2/Time_ungepackt/Time_331_360/Time353/mod.musik
650720858e72737e13e408b4f93fa1ac	1	117872	player	uade	Protracker	0	87490	ef7884f8	ee5b2bee	1/Time_ungepackt/241_270/Time264/mod.musik
650720858e72737e13e408b4f93fa1ac	1	117872	player	uade	Protracker	0	87490	ef7884f8	ee5b2bee	2/Time_gepackt/Time241_270/Time264.DMS/mod.musik
651ebca8ae0652e3100c320d26259e54	1	289498	player	uade	Protracker	0	183054	72a8cb96	59b77184	1/Time_ungepackt/181_210/Time207/mod.musik
651ebca8ae0652e3100c320d26259e54	1	289498	player	uade	Protracker	0	183054	72a8cb96	59b77184	2/Time_gepackt/Time181_210/Time207.DMS/mod.musik
656cc018cda58a3cc7b796322e0a2632	1	92272	player	uade	Protracker compatible	0	46040	23a89261	22a43695	2/Time_gepackt/Time361_390/Time_375.DMS/mod.musik
656cc018cda58a3cc7b796322e0a2632	1	92272	player	uade	Protracker compatible	0	46040	23a89261	22a43695	2/Time_ungepackt/Time_361_390/Time_375/mod.musik
6771fa1396f838b8fdd54e0973160c0a	1	130693	player	uade	Noisetracker 1.x	0	53248	21d535e9	1a0ced76	2/Time_gepackt/Time361_390/Time_371.DMS/mod.musik
6771fa1396f838b8fdd54e0973160c0a	1	130693	player	uade	Noisetracker 1.x	0	53248	21d535e9	1a0ced76	2/Time_ungepackt/Time_361_390/Time_371/mod.musik
67b46246251e63131a19ababc61308e0	1	224131	player	uade	Soundtracker II (31 instr.)	0	69716	6cd5b719	7d523d2b	2/Time_gepackt/Time391_418/Time_407.DMS/mod.musik
67b46246251e63131a19ababc61308e0	1	224131	player	uade	Soundtracker II (31 instr.)	0	69716	6cd5b719	7d523d2b	2/Time_ungepackt/Time_391_418/Time_407/mod.musik
680025900573737adb935b61fd681372	1	122997	player	uade	Startrekker (4ch)	0	54998	99245057	5119d938	2/Time_gepackt/Time271_300/Time283.DMS/mod.musik
680025900573737adb935b61fd681372	1	122997	player	uade	Startrekker (4ch)	0	54998	99245057	5119d938	2/Time_ungepackt/Time_271_300/Time283/mod.musik
68fd96a9d0ee8f4d41c452c5d38ff6cb	1	299645	player	uade	Protracker	0	205000	cf44e1a3	06926788	1/Time_ungepackt/241_270/Time259/mod.musik
68fd96a9d0ee8f4d41c452c5d38ff6cb	1	299645	player	uade	Protracker	0	205000	cf44e1a3	06926788	2/Time_gepackt/Time241_270/Time259.DMS/mod.musik
6a0f372312a8644964409d32fb19fd40	1	76920	player	uade	Protracker compatible	0	35226	6cad7153	c4928af2	2/Time_gepackt/Time331_360/Time349.DMS/mod.musik
6a0f372312a8644964409d32fb19fd40	1	76920	player	uade	Protracker compatible	0	35226	6cad7153	c4928af2	2/Time_ungepackt/Time_331_360/Time349/mod.musik
6a178f67f2f2a42598f9f833c572a683	0	29880	player	uade	Amos Music Bank	0	22342	034f9082	d3e8b852	2/GERMAN_Games/German_Games_025.dms/LaCucaracha.abk
6a178f67f2f2a42598f9f833c572a683	0	29880	player	uade	Amos Music Bank	0	22342	034f9082	d3e8b852	2/Time_gepackt/Time331_360/Time352b.DMS/LaCucaracha.abk
6a178f67f2f2a42598f9f833c572a683	0	29880	player	uade	Amos Music Bank	0	22342	034f9082	d3e8b852	2/Time_ungepackt/Time_331_360/Time352b/LaCucaracha.abk
6ad6af31bd1f432cd571ba917d8ede17	1	506898	player	uade	OctaMED MMD0	0	65252	3abbfffa	ebada833	1/German_ungepackt/391_420/GERMAN_397/SG2
6ad6af31bd1f432cd571ba917d8ede17	1	506898	player	uade	OctaMED MMD0	0	65252	3abbfffa	ebada833	2/GERMAN_Games/German_Games_009.dms/SG2
6ad6af31bd1f432cd571ba917d8ede17	1	506898	player	uade	OctaMED MMD0	0	65252	3abbfffa	ebada833	2/German_gepackt/GERMAN_391_420/GERMAN_397.DMS/SG2
6ad6af31bd1f432cd571ba917d8ede17	1	506898	player	uade	OctaMED MMD0	0	65252	3abbfffa	ebada833	2/Time_gepackt/Time361_390/Time_383.DMS/Sneer/SG2
6ad6af31bd1f432cd571ba917d8ede17	1	506898	player	uade	OctaMED MMD0	0	65252	3abbfffa	ebada833	2/Time_ungepackt/Time_361_390/Time_383/Sneer/SG2
6adffcb7cafd023b4fe4c48aba338c9b	1	197807	player	uade	Startrekker (4ch)	0	179760	82d8e255	09d29522	1/Time_ungepackt/031_060/Time039/Modules/mod.panic.pp
6adffcb7cafd023b4fe4c48aba338c9b	1	197807	player	uade	Startrekker (4ch)	0	179760	82d8e255	09d29522	2/Time_gepackt/Time031_060/Time039.DMS/Modules/mod.panic.pp
6b18cfb358a1841b32ad97b23c734998	1	230541	player	uade	Noisetracker 1.x	0	123842	92aa01aa	ec47a688	2/Time_gepackt/Time271_300/Time272.DMS/mod.musik
6b18cfb358a1841b32ad97b23c734998	1	230541	player	uade	Noisetracker 1.x	0	123842	92aa01aa	ec47a688	2/Time_ungepackt/Time_271_300/Time272/mod.musik
6bef4fa471915e022334d7f25e6a77e8	1	169093	player	uade	Protracker compatible	0	74952	91fb6a69	ceb5d5bc	2/Time_gepackt/Time301_330/Time321.DMS/Mod.musik
6bef4fa471915e022334d7f25e6a77e8	1	169093	player	uade	Protracker compatible	0	74952	91fb6a69	ceb5d5bc	2/Time_ungepackt/Time_301_330/Time321/Mod.musik
6c31400cd563e0d1a8dd895b55236d13	1	57730	player	uade	Protracker compatible	0	34242	3bd2cabc	2d8d455b	1/Time_ungepackt/121_150/Time131/mod.musik
6c31400cd563e0d1a8dd895b55236d13	1	57730	player	uade	Protracker compatible	0	34242	3bd2cabc	2d8d455b	2/Time_gepackt/Time121_150/Time131.DMS/mod.musik
6c96e9ac91a817adc0c7ed963907aa56	1	251037	player	uade	Protracker	0	176070	386b24e8	31947027	1/Time_ungepackt/031_060/Time059/mod.musik
6c96e9ac91a817adc0c7ed963907aa56	1	251037	player	uade	Protracker	0	176070	386b24e8	31947027	1/Time_ungepackt/061_090/Time065/mod.musik
6c96e9ac91a817adc0c7ed963907aa56	1	251037	player	uade	Protracker	0	176070	386b24e8	31947027	2/Time_gepackt/Time031_060/Time059.DMS/mod.musik
6c96e9ac91a817adc0c7ed963907aa56	1	251037	player	uade	Protracker	0	176070	386b24e8	31947027	2/Time_gepackt/Time061_090/Time065.DMS/mod.musik
6d8f34a9887aa91811c05fafdc9f696d	1	247641	player	uade	OctaMED MMD1	0	103876	bad7c8d7	9a10e723	1/German_ungepackt/241_270/Germ260/MegaBallAGA/MB_Music/Title.tune
6d8f34a9887aa91811c05fafdc9f696d	1	247641	player	uade	OctaMED MMD1	0	103876	bad7c8d7	9a10e723	1/Time_ungepackt/241_270/Time257/MegaBallAGA/MB_Music/Title.tune
6d8f34a9887aa91811c05fafdc9f696d	1	247641	player	uade	OctaMED MMD1	0	103876	bad7c8d7	9a10e723	2/German_gepackt/GERMAN_241_270/Germ260.DMS/MegaBallAGA/MB_Music/Title.tune
6d8f34a9887aa91811c05fafdc9f696d	1	247641	player	uade	OctaMED MMD1	0	103876	bad7c8d7	9a10e723	2/Time_gepackt/Time241_270/Time257.DMS/MegaBallAGA/MB_Music/Title.tune
6d925dbcd5ea74483a4f3a59484cd4fd	0	464720	player	uade	FutureComposer 1.4	0	89862	5aa3b324	73c31b80	1/Time_ungepackt/001_030/Time025/FC4.Gates_Of_Jambala.1-2
6d925dbcd5ea74483a4f3a59484cd4fd	0	464720	player	uade	FutureComposer 1.4	0	89862	5aa3b324	73c31b80	2/Time_gepackt/Time001_030/Time025.DMS/FC4.Gates_Of_Jambala.1-2
6dca0eb436cc38e26512a8182cc8c07e	0	188062	player	uade	SoundMon 2.0	0	7840	ec77d528	cee95928	2/Time_gepackt/Time001_030/Time018.DMS/BP.Green Beret.pp
6e290b4f4c3d07b09caa6e34ad45aa28	0	654229	player	uade	Amos Music Bank	0	62744	de3c3a82	862870c2	1/German_ungepackt/181_210/GERM_185/AMOS_Sound/Kinderspiel.abk
6e290b4f4c3d07b09caa6e34ad45aa28	0	654229	player	uade	Amos Music Bank	0	62744	de3c3a82	862870c2	1/Time_ungepackt/061_090/Time088/AMOS_Sound/Kinderspiel.abk
6e290b4f4c3d07b09caa6e34ad45aa28	0	654229	player	uade	Amos Music Bank	0	62744	de3c3a82	862870c2	2/German_gepackt/GERMAN_181_210/Germ185.DMS/AMOS_Sound/Kinderspiel.abk
6e290b4f4c3d07b09caa6e34ad45aa28	0	654229	player	uade	Amos Music Bank	0	62744	de3c3a82	862870c2	2/Time_gepackt/Time061_090/Time088.DMS/AMOS_Sound/Kinderspiel.abk
6e2afd82f626a29cf08550a3ed133455	1	272759	player	uade	Noisetracker 1.x	0	97472	b219c59b	1f1c9d9a	1/German_ungepackt/471_488/GERMAN_475/Modules/mod.crazycomets.pp
6e2afd82f626a29cf08550a3ed133455	1	272759	player	uade	Noisetracker 1.x	0	97472	b219c59b	1f1c9d9a	2/German_gepackt/GERMAN_451_480/Germ_475.DMS/Modules/mod.crazycomets.pp
6ecfd1fbcfc9327456a00e0e99ace655	1	147323	player+silence	uade	Protracker	0	64884	6869e3f6	c907adb9	1/Time_ungepackt/091_120/Time114/MOD.musik
6ecfd1fbcfc9327456a00e0e99ace655	1	147323	player+silence	uade	Protracker	0	64884	6869e3f6	c907adb9	2/Time_gepackt/Time091_120/Time114.DMS/MOD.musik
6efe89bcd8619102515b1a4cb4dca1fb	1	165456	player	uade	Startrekker (4ch)	0	179854	9e0e617c	8862ea9c	1/Time_ungepackt/181_210/Time198/EaglePlayer/mod.musik
6efe89bcd8619102515b1a4cb4dca1fb	1	165456	player	uade	Startrekker (4ch)	0	179854	9e0e617c	8862ea9c	2/Time_gepackt/Time181_210/Time198.DMS/EaglePlayer/mod.musik
6f988cfdb859a8317ae06a8dfd44b3b8	0	253282	player+silence	uade	Amos Music Bank	0	30142	2734ec14	18472dc6	1/German_ungepackt/121_150/GERM_131/lade_musik.Abk
6f988cfdb859a8317ae06a8dfd44b3b8	0	253282	player+silence	uade	Amos Music Bank	0	30142	2734ec14	18472dc6	2/German_gepackt/GERMAN_121_150/Germ131.DMS/lade_musik.Abk
6f9b183c672da75e6993bf6e76a2cd05	1	6232	player+silence	uade	Protracker	0	29066	4169de6a	670c2eb8	2/GERMAN_Games/German_Games_030.dms/Music/mod.m11
6ffc155726d914dd9d72c7c8049338bd	1	5244	player	uade	Protracker	0	19284	90ec33aa	d83717bd	2/GERMAN_Games/German_Games_030.dms/Music/mod.m7
702cec05c4471ae5e1b1229543b987e9	1	478464	player	uade	Protracker	0	160218	66a02d1e	116f1666	1/Time_ungepackt/121_150/Time136/mod.musik
702cec05c4471ae5e1b1229543b987e9	1	478464	player	uade	Protracker	0	160218	66a02d1e	116f1666	2/Time_gepackt/Time121_150/Time136.DMS/mod.musik
70998caad558b62f3afc8cbc0d7699e9	1	99325	player	uade	Protracker compatible	0	131368	ee6787d9	916e3259	1/German_ungepackt/121_150/GERM_126/IntuiTracker/mod.Breeze-Diablo
70998caad558b62f3afc8cbc0d7699e9	1	99325	player	uade	Protracker compatible	0	131368	ee6787d9	916e3259	1/Time_ungepackt/001_030/Time025/mod.Breeze-Diablo
70998caad558b62f3afc8cbc0d7699e9	1	99325	player	uade	Protracker compatible	0	131368	ee6787d9	916e3259	2/German_gepackt/GERMAN_121_150/Germ126.DMS/IntuiTracker/mod.Breeze-Diablo
70998caad558b62f3afc8cbc0d7699e9	1	99325	player	uade	Protracker compatible	0	131368	ee6787d9	916e3259	2/Time_gepackt/Time001_030/Time025.DMS/mod.Breeze-Diablo
70cc8897dcb956528add3de11deca632	1	314219	player+silence	uade	Startrekker (4ch)	0	228354	8187a43b	921cb33c	1/Time_ungepackt/121_150/Time146/MODULES/mod.wizardry
70cc8897dcb956528add3de11deca632	1	314219	player+silence	uade	Startrekker (4ch)	0	228354	8187a43b	921cb33c	2/Time_gepackt/Time121_150/Time146.DMS/MODULES/mod.wizardry
71c3d54055e62bea49899bca84d77423	1	84616	player	uade	Startrekker (4ch)	0	44962	7dd3daaf	4ea2d392	1/Time_ungepackt/031_060/Time048/mod.musik
71c3d54055e62bea49899bca84d77423	1	84616	player	uade	Startrekker (4ch)	0	44962	7dd3daaf	4ea2d392	1/Time_ungepackt/031_060/Time050/mod.musik
71c3d54055e62bea49899bca84d77423	1	84616	player	uade	Startrekker (4ch)	0	44962	7dd3daaf	4ea2d392	2/Time_gepackt/Time031_060/Time048.DMS/mod.musik
71c3d54055e62bea49899bca84d77423	1	84616	player	uade	Startrekker (4ch)	0	44962	7dd3daaf	4ea2d392	2/Time_gepackt/Time031_060/Time050.DMS/mod.musik
7201793122d18535e1ac366a6dbf232e	1	291969	player	uade	Protracker	0	80918	a8f1ca88	7c07d898	1/Time_ungepackt/031_060/Time058/Mod.Musik
7201793122d18535e1ac366a6dbf232e	1	291969	player	uade	Protracker	0	80918	a8f1ca88	7c07d898	1/Time_ungepackt/091_120/Time115/mod.musik
7201793122d18535e1ac366a6dbf232e	1	291969	player	uade	Protracker	0	80918	a8f1ca88	7c07d898	2/Time_gepackt/Time031_060/Time058.DMS/Mod.Musik
7201793122d18535e1ac366a6dbf232e	1	291969	player	uade	Protracker	0	80918	a8f1ca88	7c07d898	2/Time_gepackt/Time091_120/Time115.DMS/mod.musik
7221f5f1e9007af4958fbdf61851341c	1	107645	player	uade	Protracker	0	50702	a1b12739	09cda268	1/German_ungepackt/471_488/GERMAN_475/Modules/mod.airline.2.pp
7221f5f1e9007af4958fbdf61851341c	1	107645	player	uade	Protracker	0	50702	a1b12739	09cda268	2/German_gepackt/GERMAN_451_480/Germ_475.DMS/Modules/mod.airline.2.pp
7232033f31eda3915f26c83f1eec4015	0	53591	player	uade	Amos Music Bank	0	33356	95163e74	bd2e67e1	1/German_ungepackt/391_420/GERMAN_408/Pucmans_Worlds/Mus4.Abk
7232033f31eda3915f26c83f1eec4015	0	53591	player	uade	Amos Music Bank	0	33356	95163e74	bd2e67e1	2/GERMAN_Games/German_Games_012.dms/Pucmans_Worlds/Mus4.Abk
7232033f31eda3915f26c83f1eec4015	0	53591	player	uade	Amos Music Bank	0	33356	95163e74	bd2e67e1	2/German_gepackt/GERMAN_391_420/GERMAN_408.DMS/Pucmans_Worlds/Mus4.Abk
728ad730c670ee37675a80725afba3a1	1	452623	player	uade	Protracker	0	129656	d607f45e	160f8903	1/Time_ungepackt/151_180/Time158/mod.musik
728ad730c670ee37675a80725afba3a1	1	452623	player	uade	Protracker	0	129656	d607f45e	160f8903	2/Time_gepackt/Time151_180/Time158.DMS/mod.musik
72db208d922116f9edf551093fbba962	0	0	error	uade	UADE	0	137136	9d5adab9	990c65ad	1/Time_ungepackt/001_030/Time028/Turrican_II-Intro(7V).cust
72db208d922116f9edf551093fbba962	0	0	error	uade	UADE	0	137136	9d5adab9	990c65ad	2/Time_gepackt/Time001_030/Time028.DMS/Turrican_II-Intro(7V).cust
7342016d927e788c4191b94ca3337cc1	1	138369	player	uade	Protracker	0	87828	c4c567b7	3b09f76e	1/Time_ungepackt/241_270/Time245/mod.musik
7342016d927e788c4191b94ca3337cc1	1	138369	player	uade	Protracker	0	87828	c4c567b7	3b09f76e	2/Time_gepackt/Time241_270/Time245.DMS/mod.musik
7481a038441928026dd0fad69846d1bc	1	174217	player	uade	Protracker compatible	0	64512	a8f62669	8b80d5ad	2/Time_gepackt/Time271_300/Time294.DMS/mod.musik
7481a038441928026dd0fad69846d1bc	1	174217	player	uade	Protracker compatible	0	64512	a8f62669	8b80d5ad	2/Time_ungepackt/Time_271_300/Time294/mod.musik
74843cdf9221215a5a012c7ebf458627	1	180999	player+silence	uade	Protracker	0	124866	4be4bb9f	9b98bea6	2/Time_gepackt/Time301_330/Time311.DMS/mod.musik
74843cdf9221215a5a012c7ebf458627	1	180999	player+silence	uade	Protracker	0	124866	4be4bb9f	9b98bea6	2/Time_ungepackt/Time_301_330/Time311/mod.musik
748f3eddbff37a1c1b7c98466f46d577	1	169093	player	uade	Soundtracker II (15 instr.)	0	47060	3563f522	011e8a91	1/German_ungepackt/181_210/GERM_207/Mods/mod.Ghostbusters
748f3eddbff37a1c1b7c98466f46d577	1	169093	player	uade	Soundtracker II (15 instr.)	0	47060	3563f522	011e8a91	2/German_gepackt/GERMAN_181_210/Germ207.DMS/Mods/mod.Ghostbusters
749cf931eac44c68e044143565db1878	1	404236	player	uade	Protracker	0	192374	309ed063	ebe6fdb8	1/Time_ungepackt/151_180/Time168/Modules/mod.wig-l_d-sign
749cf931eac44c68e044143565db1878	1	404236	player	uade	Protracker	0	192374	309ed063	ebe6fdb8	2/Time_gepackt/Time151_180/Time168.DMS/Modules/mod.wig-l_d-sign
750fb0fa0cdf4c9242bba22ffe408cd6	1	376330	player+silence	uade	OctaMED MMD1	0	246510	e4478dc7	b1b0b46c	1/German_ungepackt/181_210/GERM_207/Mods/Money
750fb0fa0cdf4c9242bba22ffe408cd6	1	376330	player+silence	uade	OctaMED MMD1	0	246510	e4478dc7	b1b0b46c	2/German_gepackt/GERMAN_181_210/Germ207.DMS/Mods/Money
7521dbe0fe627dfa3b15adfe4277d40f	1	105977	player	uade	OctaMED MMD0	0	127464	e808daea	189b4937	1/German_ungepackt/391_420/GERMAN_403/Charr1.0/charr.med
7521dbe0fe627dfa3b15adfe4277d40f	1	105977	player	uade	OctaMED MMD0	0	127464	e808daea	189b4937	2/German_gepackt/GERMAN_391_420/GERMAN_403.DMS/Charr1.0/charr.med
752af1d32c66f4d0a9f8e42818ccdbba	1	158211	player+volume	uade	Soundtracker II (15 instr.)	0	121904	847606e3	c9867e26	1/Time_ungepackt/031_060/Time031/chopper
752af1d32c66f4d0a9f8e42818ccdbba	1	158211	player+volume	uade	Soundtracker II (15 instr.)	0	121904	847606e3	c9867e26	2/Time_gepackt/Time001_030/Time018.DMS/MOD.chopper 1
752af1d32c66f4d0a9f8e42818ccdbba	1	158211	player+volume	uade	Soundtracker II (15 instr.)	0	121904	847606e3	c9867e26	2/Time_gepackt/Time031_060/Time031.DMS/chopper
758719a7a7a9c22b7cebb1b36a457d24	1	96130	player	uade	Soundtracker II (15 instr.)	0	56592	4640acc6	9976d567	2/Time_gepackt/Time391_418/Time_411.DMS/mod.musik
758719a7a7a9c22b7cebb1b36a457d24	1	96130	player	uade	Soundtracker II (15 instr.)	0	56592	4640acc6	9976d567	2/Time_ungepackt/Time_391_418/Time_411/mod.musik
76bfea0b15aa0a32b385a021a3b49166	1	173200	player+silence	uade	Protracker compatible	0	159072	c4dfbb90	3174e431	2/Time_gepackt/Time001_030/Time018.DMS/MOD.acoustic
76d15bc5cb466ddbf39818f5d0d684a0	1	161397	player	uade	Soundtracker II (31 instr.)	0	47306	4d67cdb7	1f947c34	2/Time_gepackt/Time361_390/Time_361.DMS/mod.musik
76d15bc5cb466ddbf39818f5d0d684a0	1	161397	player	uade	Soundtracker II (31 instr.)	0	47306	4d67cdb7	1f947c34	2/Time_ungepackt/Time_361_390/Time_361/mod.musik
7757e24eabc789dae6dceb8e1d7e3585	1	11654	player	uade	Protracker	0	19554	d0671e57	4f472ca8	1/German_ungepackt/451_470/GERMAN_455/SOUNDS.lha/SOUNDS/Now.mod
7757e24eabc789dae6dceb8e1d7e3585	1	11654	player	uade	Protracker	0	19554	d0671e57	4f472ca8	2/German_gepackt/GERMAN_451_480/German_455.DMS/SOUNDS.lha/SOUNDS/Now.mod
777917ceadca6ded36e74b57278d609d	1	245893	player	uade	Protracker	0	60002	d8425bde	f5845032	1/RMS_Katalog/mod.zoolrave
777917ceadca6ded36e74b57278d609d	1	245893	player	uade	Protracker	0	60002	d8425bde	f5845032	2/RMS_Katalog/mod.zoolrave
7835110deb60ccebf0e7c4efc91cdc31	1	99285	player	uade	OctaMED MMD1	0	35568	1c218993	ea398515	1/German_ungepackt/421_450/GERMAN_421/Songs/SKY01.MED
7835110deb60ccebf0e7c4efc91cdc31	1	99285	player	uade	OctaMED MMD1	0	35568	1c218993	ea398515	2/GERMAN_Games/German_Games_015.dms/Songs/SKY01.MED
7835110deb60ccebf0e7c4efc91cdc31	1	99285	player	uade	OctaMED MMD1	0	35568	1c218993	ea398515	2/German_gepackt/GERMAN_421_450/GERMAN_421.DMS/Songs/SKY01.MED
78ca52235a37d33f3c55af8c05e819c7	1	261245	player	uade	Startrekker (4ch)	0	68668	2419e05a	864675fd	1/Time_ungepackt/091_120/Time094/mod.musik
78ca52235a37d33f3c55af8c05e819c7	1	261245	player	uade	Startrekker (4ch)	0	68668	2419e05a	864675fd	2/Time_gepackt/Time091_120/Time094.DMS/mod.musik
79182e6a6b8957ab2eac909926a1c526	1	188283	player	uade	Protracker	0	116040	7a45a094	c5513b78	2/Time_gepackt/Time301_330/Time325.DMS/mod.musik
79182e6a6b8957ab2eac909926a1c526	1	188283	player	uade	Protracker	0	116040	7a45a094	c5513b78	2/Time_ungepackt/Time_301_330/Time325/mod.musik
795e37259f15606c86343a002e429de3	1	202396	player+silence	uade	Protracker compatible	0	135136	f02bdf20	572345cd	2/Time_gepackt/Time001_030/Time018.DMS/MOD.yello
79bd4e770a72f4965a2599c3113b9f8d	1	115321	player	uade	Protracker	0	49518	f646b95a	ff1cce2e	1/Time_ungepackt/031_060/Time056/mod.musik
79bd4e770a72f4965a2599c3113b9f8d	1	115321	player	uade	Protracker	0	49518	f646b95a	ff1cce2e	1/Time_ungepackt/061_090/Time069/mod.musik
79bd4e770a72f4965a2599c3113b9f8d	1	115321	player	uade	Protracker	0	49518	f646b95a	ff1cce2e	2/Time_gepackt/Time031_060/Time056.DMS/mod.musik
79bd4e770a72f4965a2599c3113b9f8d	1	115321	player	uade	Protracker	0	49518	f646b95a	ff1cce2e	2/Time_gepackt/Time061_090/Time069.DMS/mod.musik
79d0bf659514baa980e91adba4dbfde9	0	242013	loop	uade	FredMonitor	0	19784	ca121b33	891a39ab	1/Time_ungepackt/001_030/Time025/FRD.muzax
79d0bf659514baa980e91adba4dbfde9	0	242013	loop	uade	FredMonitor	0	19784	ca121b33	891a39ab	2/Time_gepackt/Time001_030/Time025.DMS/FRD.muzax
79d0bf659514baa980e91adba4dbfde9	1	82310	loop
79d0bf659514baa980e91adba4dbfde9	2	64298	loop
79d0bf659514baa980e91adba4dbfde9	3	33004	loop
79d0bf659514baa980e91adba4dbfde9	4	7461	silence
79d0bf659514baa980e91adba4dbfde9	5	9064	silence
79d0bf659514baa980e91adba4dbfde9	6	4397	silence
7a275d1ac83672f08352139bc469cb14	1	198531	player	uade	Protracker compatible	0	75404	9e6f7baf	1b6f7268	1/Time_ungepackt/181_210/Time184/mod.musik
7a275d1ac83672f08352139bc469cb14	1	198531	player	uade	Protracker compatible	0	75404	9e6f7baf	1b6f7268	2/Time_gepackt/Time181_210/Time184.DMS/mod.musik
7a682a5b9d2ba04db8ce191b577ea139	1	219649	player+silence	uade	Protracker	0	100202	8dea8859	400362cf	1/Time_ungepackt/121_150/Time125/mod.musik
7a682a5b9d2ba04db8ce191b577ea139	1	219649	player+silence	uade	Protracker	0	100202	8dea8859	400362cf	2/Time_gepackt/Time121_150/Time125.DMS/mod.musik
7c6bd68d755cc9bb261330dd4b2c25d4	1	115321	player	uade	Startrekker (4ch)	0	24620	980e681f	dfe6f74f	1/German_ungepackt/091_120/GERM_108/Modules/mod.i.c-tune2
7c6bd68d755cc9bb261330dd4b2c25d4	1	115321	player	uade	Startrekker (4ch)	0	24620	980e681f	dfe6f74f	1/Time_ungepackt/001_030/Time021/Modules/mod.i.c-tune2
7c6bd68d755cc9bb261330dd4b2c25d4	1	115321	player	uade	Startrekker (4ch)	0	24620	980e681f	dfe6f74f	2/German_gepackt/GERMAN_091_120/Germ108.DMS/Modules/mod.i.c-tune2
7c6bd68d755cc9bb261330dd4b2c25d4	1	115321	player	uade	Startrekker (4ch)	0	24620	980e681f	dfe6f74f	2/Time_gepackt/Time001_030/Time021.DMS/Modules/mod.i.c-tune2
7c84cf4be2f8909b83af41e2e2d279c1	0	120123	player	uade	Amos Music Bank	0	115296	3cb2ee1d	be770d5f	2/Time_gepackt/Time061_090/Time079b.DMS/Level5.abk
7caf7860454babcb12486fa456634cce	1	84717	player	uade	OctaMED MMD0	0	27850	579ef6dc	5275e2af	1/Time_ungepackt/061_090/Time063/Technoban/TECHNOBAN.SOUND3
7caf7860454babcb12486fa456634cce	1	84717	player	uade	OctaMED MMD0	0	27850	579ef6dc	5275e2af	2/Time_gepackt/Time061_090/Time063.DMS/Technoban/TECHNOBAN.SOUND3
7d5b27bea60716bf2aabfebff92c8f45	1	249372	player+silence	uade	Protracker	0	67098	357bd3c3	e7c7b0ef	2/Time_gepackt/Time271_300/Time298.DMS/mod.floating_by
7d5b27bea60716bf2aabfebff92c8f45	1	249372	player+silence	uade	Protracker	0	67098	357bd3c3	e7c7b0ef	2/Time_ungepackt/Time_271_300/Time298/mod.floating_by
7d98df3e8aa86348bc51423bfd15005b	1	159453	player+silence	uade	OctaMED MMD0	0	62540	9d46c959	6e07d051	1/German_ungepackt/241_270/Germ257/Songs/MED.Song
7d98df3e8aa86348bc51423bfd15005b	1	159453	player+silence	uade	OctaMED MMD0	0	62540	9d46c959	6e07d051	1/Time_ungepackt/241_270/Time248/Songs/MED.Song
7d98df3e8aa86348bc51423bfd15005b	1	159453	player+silence	uade	OctaMED MMD0	0	62540	9d46c959	6e07d051	2/German_gepackt/GERMAN_241_270/Germ257.DMS/Songs/MED.Song
7d98df3e8aa86348bc51423bfd15005b	1	159453	player+silence	uade	OctaMED MMD0	0	62540	9d46c959	6e07d051	2/Time_gepackt/Time241_270/Time248.DMS/Songs/MED.Song
7da1c1993d01d7c6008e93ee9a60f1f8	1	265701	player+silence	uade	Protracker	0	95884	db6ba577	aca34064	1/Time_ungepackt/061_090/Time075/mod.musik
7da1c1993d01d7c6008e93ee9a60f1f8	1	265701	player+silence	uade	Protracker	0	95884	db6ba577	aca34064	2/Time_gepackt/Time061_090/Time075.DMS/mod.musik
7db40eeacefac2ff24c6f9c1427ab88b	1	167184	player	uade	Protracker	0	79752	68a99b4a	d6740bc6	1/Time_ungepackt/151_180/Time164/mod.musik
7db40eeacefac2ff24c6f9c1427ab88b	1	167184	player	uade	Protracker	0	79752	68a99b4a	d6740bc6	2/Time_gepackt/Time151_180/Time164.DMS/mod.musik
7e55878903175ab7c0a0d126c4386bbf	1	105916	player	uade	OctaMED MMD0	0	40154	710b6f02	7a64675a	1/German_ungepackt/121_150/GERM_132/Peter's_Quest/Sounds/game_play.song
7e55878903175ab7c0a0d126c4386bbf	1	105916	player	uade	OctaMED MMD0	0	40154	710b6f02	7a64675a	2/German_gepackt/GERMAN_121_150/Germ132.DMS/Peter's_Quest/Sounds/game_play.song
7e673a32022782cabb5f6b5232fb1cc9	1	30824	player	uade	Protracker	0	62654	9664012c	b58422a3	1/German_ungepackt/331_360/German331/GALAGA.JINGLE1
7e673a32022782cabb5f6b5232fb1cc9	1	30824	player	uade	Protracker	0	62654	9664012c	b58422a3	1/German_ungepackt/361_390/GERMAN_384/Deluxe_Galaga_24/GALAGA.JINGLE1
7e673a32022782cabb5f6b5232fb1cc9	1	30824	player	uade	Protracker	0	62654	9664012c	b58422a3	1/German_ungepackt/391_420/GERMAN_416/GALAGA.JINGLE1
7e673a32022782cabb5f6b5232fb1cc9	1	30824	player	uade	Protracker	0	62654	9664012c	b58422a3	2/GERMAN_Games/German_Games_014.dms/GALAGA.JINGLE1
7e673a32022782cabb5f6b5232fb1cc9	1	30824	player	uade	Protracker	0	62654	9664012c	b58422a3	2/German_gepackt/GERMAN_331_360/Germ331.DMS/GALAGA.JINGLE1
7e673a32022782cabb5f6b5232fb1cc9	1	30824	player	uade	Protracker	0	62654	9664012c	b58422a3	2/German_gepackt/GERMAN_361_390/GERMAN_384.DMS/Deluxe_Galaga_24/GALAGA.JINGLE1
7e673a32022782cabb5f6b5232fb1cc9	1	30824	player	uade	Protracker	0	62654	9664012c	b58422a3	2/German_gepackt/GERMAN_391_420/GERMAN_416.DMS/GALAGA.JINGLE1
7e673a32022782cabb5f6b5232fb1cc9	1	30824	player	uade	Protracker	0	62654	9664012c	b58422a3	2/Time_gepackt/Time301_330/Time327.DMS/Deluxe_Galaga23/GALAGA.JINGLE1
7e673a32022782cabb5f6b5232fb1cc9	1	30824	player	uade	Protracker	0	62654	9664012c	b58422a3	2/Time_gepackt/Time331_360/Time354.DMS/Galaga/GALAGA.JINGLE1
7e673a32022782cabb5f6b5232fb1cc9	1	30824	player	uade	Protracker	0	62654	9664012c	b58422a3	2/Time_gepackt/Time361_390/Time_390.DMS/Galaga/GALAGA.JINGLE1
7e673a32022782cabb5f6b5232fb1cc9	1	30824	player	uade	Protracker	0	62654	9664012c	b58422a3	2/Time_ungepackt/Time_301_330/Time327/Deluxe_Galaga23/GALAGA.JINGLE1
7e673a32022782cabb5f6b5232fb1cc9	1	30824	player	uade	Protracker	0	62654	9664012c	b58422a3	2/Time_ungepackt/Time_331_360/Time354/Galaga/GALAGA.JINGLE1
7e673a32022782cabb5f6b5232fb1cc9	1	30824	player	uade	Protracker	0	62654	9664012c	b58422a3	2/Time_ungepackt/Time_361_390/Time_390/Galaga/GALAGA.JINGLE1
7ea38f2d2a18a147b1df0bacf9f854d4	1	191558	player	uade	Protracker	0	89190	d7ff3858	1863796f	1/Time_ungepackt/031_060/Time054/mod.musik
7ea38f2d2a18a147b1df0bacf9f854d4	1	191558	player	uade	Protracker	0	89190	d7ff3858	1863796f	1/Time_ungepackt/091_120/Time113/mod.musik
7ea38f2d2a18a147b1df0bacf9f854d4	1	191558	player	uade	Protracker	0	89190	d7ff3858	1863796f	2/Time_gepackt/Time031_060/Time054.DMS/mod.musik
7ea38f2d2a18a147b1df0bacf9f854d4	1	191558	player	uade	Protracker	0	89190	d7ff3858	1863796f	2/Time_gepackt/Time091_120/Time113.DMS/mod.musik
7eca881146793403e76f7a02df895566	1	243824	player+silence	uade	Protracker	0	77394	f3c1552e	bbe36449	1/Time_ungepackt/091_120/Time098/mod.musik
7eca881146793403e76f7a02df895566	1	243824	player+silence	uade	Protracker	0	77394	f3c1552e	bbe36449	2/Time_gepackt/Time091_120/Time098.DMS/mod.musik
7ee77a3de810e8de5b38987e3f6dfbee	0	168771	player	uade	FaceTheMusic	0	218956	e08015e0	aad30d42	1/German_ungepackt/181_210/GERM_210/ftm-songs/Englishman In New York
7ee77a3de810e8de5b38987e3f6dfbee	0	168771	player	uade	FaceTheMusic	0	218956	e08015e0	aad30d42	2/German_gepackt/GERMAN_181_210/Germ210.DMS/ftm-songs/Englishman In New York
7efcd793f3bf650308c387a7d035a972	0	11534	player	uade	Amos Music Bank	0	6162	72771b6d	aa382aea	1/German_ungepackt/211_240/GERM_216/Data4
7efcd793f3bf650308c387a7d035a972	0	11534	player	uade	Amos Music Bank	0	6162	72771b6d	aa382aea	2/German_gepackt/GERMAN_211_240/Germ216.DMS/Data4
7f1510f24996cf990fa93e1dafda96dc	0	184445	player	uade	SIDMon 1.0	0	53324	1df8af63	54aacc29	1/German_ungepackt/091_120/GERM_092/PublicIntro/PIntro.SNG
7f1510f24996cf990fa93e1dafda96dc	0	184445	player	uade	SIDMon 1.0	0	53324	1df8af63	54aacc29	2/German_gepackt/GERMAN_091_120/Germ092.DMS/PublicIntro/PIntro.SNG
7f3472cb93708eb3f1c7fde880942eaa	1	6427	player+silence	uade	Protracker	0	28502	7230b1ae	fbb48b76	1/German_ungepackt/471_488/GERMAN_483/BreakinBriks.lha/Break_Music5
7f3472cb93708eb3f1c7fde880942eaa	1	6427	player+silence	uade	Protracker	0	28502	7230b1ae	fbb48b76	2/German_gepackt/GERMAN_481_508/German_483.DMS/BreakinBriks.lha/Break_Music5
8043eee7d936c2076b3802efcbdd1bc6	1	74368	player	uade	Protracker compatible	0	34392	27d3ae5e	d1f05f59	2/Time_gepackt/Time271_300/Time277.DMS/mod.musik
8043eee7d936c2076b3802efcbdd1bc6	1	74368	player	uade	Protracker compatible	0	34392	27d3ae5e	d1f05f59	2/Time_ungepackt/Time_271_300/Time277/mod.musik
8086b979e76ba30bd9dbc3aa4b67b4eb	1	176769	player	uade	Protracker compatible	0	75712	14944153	286ca9ca	1/German_ungepackt/091_120/GERM_108/Modules/MOD.TAR-SUNRISE
8086b979e76ba30bd9dbc3aa4b67b4eb	1	176769	player	uade	Protracker compatible	0	75712	14944153	286ca9ca	2/German_gepackt/GERMAN_091_120/Germ108.DMS/Modules/MOD.TAR-SUNRISE
80a7ef1eff2b2f637c895f46599e2522	1	242055	player	uade	Protracker compatible	0	130382	fd3fa5cd	38231a1f	2/Time_gepackt/Time001_030/Time016.DMS/APS/APS_MUZAK
80c4737b8821c22f80453ce75278a012	0	29156	player	uade	Amos Music Bank	0	9404	1f1c03f1	886a6aa6	2/GERMAN_Games/German_Games_025.dms/AlmaLlanera.abk
80c4737b8821c22f80453ce75278a012	0	29156	player	uade	Amos Music Bank	0	9404	1f1c03f1	886a6aa6	2/Time_gepackt/Time331_360/Time352b.DMS/AlmaLlanera.abk
80c4737b8821c22f80453ce75278a012	0	29156	player	uade	Amos Music Bank	0	9404	1f1c03f1	886a6aa6	2/Time_ungepackt/Time_331_360/Time352b/AlmaLlanera.abk
81b31ea66095c1fb945b35227cc9b27a	1	146045	player	uade	Protracker	0	73530	cc27fb41	8357dc31	2/Time_gepackt/Time301_330/Time322.DMS/mod.musik
81b31ea66095c1fb945b35227cc9b27a	1	146045	player	uade	Protracker	0	73530	cc27fb41	8357dc31	2/Time_ungepackt/Time_301_330/Time322/mod.musik
821ec7090d48896f158e23c3c96bf6c6	0	22324	player	uade	Amos Music Bank	0	15332	f6459fec	7ba6d708	2/GERMAN_Games/German_Games_025.dms/LaFeriaDeLasFlores.abk
821ec7090d48896f158e23c3c96bf6c6	0	22324	player	uade	Amos Music Bank	0	15332	f6459fec	7ba6d708	2/Time_gepackt/Time331_360/Time352b.DMS/LaFeriaDeLasFlores.abk
821ec7090d48896f158e23c3c96bf6c6	0	22324	player	uade	Amos Music Bank	0	15332	f6459fec	7ba6d708	2/Time_ungepackt/Time_331_360/Time352b/LaFeriaDeLasFlores.abk
82a22cd0bccf3dd9fbc915adbb0fa433	1	127940	player	uade	OctaMED MMD1	0	86846	77693ace	e014fb21	1/German_ungepackt/451_470/GERMAN_466/BOB_LEMON/BOBLD_Music
82a22cd0bccf3dd9fbc915adbb0fa433	1	127940	player	uade	OctaMED MMD1	0	86846	77693ace	e014fb21	2/German_gepackt/GERMAN_451_480/Germ_466.DMS/BOB_LEMON/BOBLD_Music
82d96e55271db61a6d7cc757e40cf0d3	1	242055	player	uade	Protracker compatible	0	130382	c4649b8f	c0ac8a62	1/German_ungepackt/181_210/GERM_189/Modules/mod.cream_of_the_earth.pp
82d96e55271db61a6d7cc757e40cf0d3	1	242055	player	uade	Protracker compatible	0	130382	c4649b8f	c0ac8a62	2/German_gepackt/GERMAN_181_210/Germ189.DMS/Modules/mod.cream_of_the_earth.pp
82fa17e62faeb19b217503a39176a07d	1	324760	player+silence	uade	Protracker compatible	0	160982	6a0e09ba	e9631182	1/Time_ungepackt/031_060/Time060/mod.musik
82fa17e62faeb19b217503a39176a07d	1	324760	player+silence	uade	Protracker compatible	0	160982	6a0e09ba	e9631182	1/Time_ungepackt/061_090/Time085/mod.musik
82fa17e62faeb19b217503a39176a07d	1	324760	player+silence	uade	Protracker compatible	0	160982	6a0e09ba	e9631182	2/Time_gepackt/Time031_060/Time060.DMS/mod.musik
82fa17e62faeb19b217503a39176a07d	1	324760	player+silence	uade	Protracker compatible	0	160982	6a0e09ba	e9631182	2/Time_gepackt/Time061_090/Time085.DMS/mod.musik
836ad33ab3844703c8d5e1b61671a6b4	1	122997	player	uade	Protracker compatible	0	39064	101618ff	f1155120	1/German_ungepackt/091_120/GERM_091/NoisePlayer+Modules/MOD.5
836ad33ab3844703c8d5e1b61671a6b4	1	122997	player	uade	Protracker compatible	0	39064	101618ff	f1155120	1/German_ungepackt/091_120/GERM_108/Modules/MOD.illumination
836ad33ab3844703c8d5e1b61671a6b4	1	122997	player	uade	Protracker compatible	0	39064	101618ff	f1155120	1/Time_ungepackt/001_030/Time021/Modules/MOD.illumination
836ad33ab3844703c8d5e1b61671a6b4	1	122997	player	uade	Protracker compatible	0	39064	101618ff	f1155120	2/German_gepackt/GERMAN_091_120/Germ091.DMS/NoisePlayer+Modules/MOD.5
836ad33ab3844703c8d5e1b61671a6b4	1	122997	player	uade	Protracker compatible	0	39064	101618ff	f1155120	2/German_gepackt/GERMAN_091_120/Germ108.DMS/Modules/MOD.illumination
836ad33ab3844703c8d5e1b61671a6b4	1	122997	player	uade	Protracker compatible	0	39064	101618ff	f1155120	2/Time_gepackt/Time001_030/Time014.DMS/MOD.5
836ad33ab3844703c8d5e1b61671a6b4	1	122997	player	uade	Protracker compatible	0	39064	101618ff	f1155120	2/Time_gepackt/Time001_030/Time020.DMS/APS/APS_MUZAK
836ad33ab3844703c8d5e1b61671a6b4	1	122997	player	uade	Protracker compatible	0	39064	101618ff	f1155120	2/Time_gepackt/Time001_030/Time021.DMS/Modules/MOD.illumination
836d221d720c05040bf70677af3a54c9	0	222845	player	uade	Amos Music Bank	0	36352	f9a032e4	83a99728	1/German_ungepackt/151_180/GERM_152/Build_the_way/4.btw
84206e907c4f6c01e099a0a46b1b50d0	1	198893	player	uade	Startrekker (4ch)	0	198936	79b361c9	dd5dba19	1/Time_ungepackt/151_180/Time168/Modules/mod.Pan-Optikum
84206e907c4f6c01e099a0a46b1b50d0	1	198893	player	uade	Startrekker (4ch)	0	198936	79b361c9	dd5dba19	2/Time_gepackt/Time151_180/Time168.DMS/Modules/mod.Pan-Optikum
84a890faacd52a8f1aae98d34e7c2754	0	122796	player	uade	JamCracker	0	33736	5333ede5	6dc95a50	1/Time_ungepackt/031_060/Time036/Multi_Player/modules/DemoSong1
84a890faacd52a8f1aae98d34e7c2754	0	122796	player	uade	JamCracker	0	33736	5333ede5	6dc95a50	2/Time_gepackt/Time031_060/Time036.DMS/Multi_Player/modules/DemoSong1
851f7efa2ddebcfd9bbc36b9066e5c12	1	34682	player	uade	Protracker	0	39552	dd04b484	af35113b	2/Time_gepackt/Time361_390/Time_364.DMS/mod.musik
851f7efa2ddebcfd9bbc36b9066e5c12	1	34682	player	uade	Protracker	0	39552	dd04b484	af35113b	2/Time_ungepackt/Time_361_390/Time_364/mod.musik
8728ea110a5a8588bce3eb84e85c3e42	1	192141	player	uade	Protracker compatible	0	82996	9705f91d	be78f655	2/Time_gepackt/Time361_390/Time_385.DMS/SiegfriedAWAC/Modules/mod.dr.snodgrass
8728ea110a5a8588bce3eb84e85c3e42	1	192141	player	uade	Protracker compatible	0	82996	9705f91d	be78f655	2/Time_ungepackt/Time_361_390/Time_385/SiegfriedAWAC/Modules/mod.dr.snodgrass
87e2be9f241120113ebb89747dbc4577	0	338045	player	uade	Amos Music Bank	0	70294	e72c8034	e1949946	1/Time_ungepackt/091_120/Time114/Grau_oder_Grün/AMOS_SOUND/Flutsauger.abk
87e2be9f241120113ebb89747dbc4577	0	338045	player	uade	Amos Music Bank	0	70294	e72c8034	e1949946	1/Time_ungepackt/121_150/Time129/Grau_oder_Grün/AMOS_SOUND/Flutsauger.abk
87e2be9f241120113ebb89747dbc4577	0	338045	player	uade	Amos Music Bank	0	70294	e72c8034	e1949946	1/Time_ungepackt/151_180/Time154/AMOS_SOUND/Flutsauger.abk
87e2be9f241120113ebb89747dbc4577	0	338045	player	uade	Amos Music Bank	0	70294	e72c8034	e1949946	1/Time_ungepackt/181_210/Time196/gog.dms/AMOS_SOUND/Flutsauger.abk
87e2be9f241120113ebb89747dbc4577	0	338045	player	uade	Amos Music Bank	0	70294	e72c8034	e1949946	1/Time_ungepackt/241_270/Time253/Grau_o_Grün/GOG.DMS/AMOS_SOUND/Flutsauger.abk
87e2be9f241120113ebb89747dbc4577	0	338045	player	uade	Amos Music Bank	0	70294	e72c8034	e1949946	2/Time_gepackt/Time151_180/Time154.DMS/AMOS_SOUND/Flutsauger.abk
87e2be9f241120113ebb89747dbc4577	0	338045	player	uade	Amos Music Bank	0	70294	e72c8034	e1949946	2/Time_gepackt/Time181_210/Time196.DMS/gog.dms/AMOS_SOUND/Flutsauger.abk
882fafffb84694ae1c7b6f3a7a503307	1	123076	player+silence	uade	Protracker compatible	0	78136	753824c3	a29b2836	2/Time_gepackt/Time271_300/Time282.DMS/mod.musik
882fafffb84694ae1c7b6f3a7a503307	1	123076	player+silence	uade	Protracker compatible	0	78136	753824c3	a29b2836	2/Time_ungepackt/Time_271_300/Time282/mod.musik
88940ce7e9253e0d79384482d40254cf	1	200225	player+silence	uade	Protracker	0	216890	f9ed499e	d8467392	1/German_ungepackt/181_210/GERM_189/Modules/mod.boesendorfer
88940ce7e9253e0d79384482d40254cf	1	200225	player+silence	uade	Protracker	0	216890	f9ed499e	d8467392	1/Time_ungepackt/121_150/Time150/MODULES/mod.boesendorfer
88940ce7e9253e0d79384482d40254cf	1	200225	player+silence	uade	Protracker	0	216890	f9ed499e	d8467392	2/German_gepackt/GERMAN_181_210/Germ189.DMS/Modules/mod.boesendorfer
88940ce7e9253e0d79384482d40254cf	1	200225	player+silence	uade	Protracker	0	216890	f9ed499e	d8467392	2/Time_gepackt/Time121_150/Time150.DMS/MODULES/mod.boesendorfer
894513cc329d2cda9ea87aec7cb79820	0	101656	player	uade	SoundMon 2.0	0	38536	75189b1c	0faf45b6	1/German_ungepackt/091_120/GERM_111/SDM.DoubleDisk
894513cc329d2cda9ea87aec7cb79820	0	101656	player	uade	SoundMon 2.0	0	38536	75189b1c	0faf45b6	1/Time_ungepackt/001_030/Time021/SDM.DoubleDisk
894513cc329d2cda9ea87aec7cb79820	0	101656	player	uade	SoundMon 2.0	0	38536	75189b1c	0faf45b6	2/German_gepackt/GERMAN_091_120/Germ111.DMS/SDM.DoubleDisk
894513cc329d2cda9ea87aec7cb79820	0	101656	player	uade	SoundMon 2.0	0	38536	75189b1c	0faf45b6	2/Time_gepackt/Time001_030/Time021.DMS/SDM.DoubleDisk
8980ab4d05ae510dc9016e5b3335fd3e	0	24527	player+silence	uade	Amos Music Bank	0	44676	3c1974e6	5065c7a5	2/GERMAN_Games/German_Games_026.dms/sem
89819272a8c487b3a253cd1683476f1f	1	84616	player	uade	Noisetracker 1.x	0	133456	8b2e26b9	dab40305	2/Time_gepackt/Time331_360/Time360.DMS/mod.musik
89819272a8c487b3a253cd1683476f1f	1	84616	player	uade	Noisetracker 1.x	0	133456	8b2e26b9	dab40305	2/Time_ungepackt/Time_331_360/Time360/mod.musik
89a8c557f92c0416540cfce1ac94d98e	0	15492	player	uade	Amos Music Bank	0	29736	39907a13	1d3ab1e0	1/German_ungepackt/151_180/GERM_166/AMOS-SOURCE/inmus.abk
89a8c557f92c0416540cfce1ac94d98e	0	15492	player	uade	Amos Music Bank	0	29736	39907a13	1d3ab1e0	2/German_gepackt/GERMAN_151_180/Germ166.DMS/AMOS-SOURCE/inmus.abk
89dfb7e4de60121f2216d8467369a78a	0	210068	player+silence	uade	Amos Music Bank	0	120698	62b35acb	d18333dd	2/Time_gepackt/Time061_090/Time079b.DMS/Level1.abk
8a1902fe9aa253bfd95494654841a254	1	38520	player	uade	Protracker	0	45814	0df7ab65	bf1aac64	1/German_ungepackt/471_488/GERMAN_483/BreakinBriks.lha/Break_Music4
8a1902fe9aa253bfd95494654841a254	1	38520	player	uade	Protracker	0	45814	0df7ab65	bf1aac64	2/German_gepackt/GERMAN_481_508/German_483.DMS/BreakinBriks.lha/Break_Music4
8a9089a0b1731f56dbbe8e819382e4a8	1	57730	player	uade	OctaMED MMD0	0	60642	66e183dc	3055e624	1/Time_ungepackt/061_090/Time063/Technoban/TECHNOBAN.SOUND1
8a9089a0b1731f56dbbe8e819382e4a8	1	57730	player	uade	OctaMED MMD0	0	60642	66e183dc	3055e624	2/Time_gepackt/Time061_090/Time063.DMS/Technoban/TECHNOBAN.SOUND1
8b545338bd19fde680b94f1af80040fe	1	330369	player	uade	Protracker	0	191894	db240c70	1723a8e7	1/Time_ungepackt/181_210/Time197/mod.musik
8b545338bd19fde680b94f1af80040fe	1	330369	player	uade	Protracker	0	191894	db240c70	1723a8e7	2/Time_gepackt/Time181_210/Time197.DMS/mod.musik
8ba3af5e165070bdf8b459b75dc850ea	0	99948	player	uade	Amos Music Bank	0	42444	29f8d5d4	3ae2d0d0	2/Time_gepackt/Time061_090/Time079b.DMS/Level3.abk
8bac50d366a8a1fefadbdde36adb2991	1	130693	player	uade	Protracker	0	93694	88bc7147	b4fca415	1/Time_ungepackt/211_240/Time232/mod.musik
8bac50d366a8a1fefadbdde36adb2991	1	130693	player	uade	Protracker	0	93694	88bc7147	b4fca415	2/Time_gepackt/Time211_240/Time232.DMS/mod.musik
8bc1d00a4c117eb389ba08ae99faabc9	1	138369	player	uade	Protracker	0	88606	c84e1ad9	e92fad59	1/Time_ungepackt/181_210/Time196/mod.musik
8bc1d00a4c117eb389ba08ae99faabc9	1	138369	player	uade	Protracker	0	88606	c84e1ad9	e92fad59	2/Time_gepackt/Time181_210/Time196.DMS/mod.musik
8c003107b0ecce7d4049c277930aacc1	1	351793	player+silence	uade	Protracker	0	387298	7658e41a	e0032f77	1/Time_ungepackt/031_060/Time039/Modules/mod.therealat&Tmix.pp
8c003107b0ecce7d4049c277930aacc1	1	351793	player+silence	uade	Protracker	0	387298	7658e41a	e0032f77	2/Time_gepackt/Time031_060/Time039.DMS/Modules/mod.therealat&Tmix.pp
8c3059a2fc7ac8d4c991e0d563e0f468	0	0	nosound	libxmp	MED 1.12 MED2	4	26246	c8a01bed	70123920	1/Time_ungepackt/001_030/Time005/Musik/Samples/Song2
8c3059a2fc7ac8d4c991e0d563e0f468	0	0	nosound	libxmp	MED 1.12 MED2	4	26246	c8a01bed	70123920	2/Time_gepackt/Time001_030/Time005.DMS/Musik/Samples/Song2
8c438c89e18eafe647716296b9c1afb8	1	3816	player+silence	uade	Protracker	0	5934	63e8b7c6	a2c0d7fa	2/GERMAN_Games/German_Games_030.dms/Music/mod.m12
8c438c89e18eafe647716296b9c1afb8	10	11497	player+silence
8c438c89e18eafe647716296b9c1afb8	11	0	nosound
8c438c89e18eafe647716296b9c1afb8	12	1085	player
8c438c89e18eafe647716296b9c1afb8	13	1085	player
8c438c89e18eafe647716296b9c1afb8	14	11497	player+silence
8c438c89e18eafe647716296b9c1afb8	15	1085	player
8c438c89e18eafe647716296b9c1afb8	16	11497	player+silence
8c438c89e18eafe647716296b9c1afb8	17	11497	player+silence
8c438c89e18eafe647716296b9c1afb8	18	1085	player
8c438c89e18eafe647716296b9c1afb8	19	1085	player
8c438c89e18eafe647716296b9c1afb8	2	0	nosound
8c438c89e18eafe647716296b9c1afb8	20	1085	player
8c438c89e18eafe647716296b9c1afb8	21	0	nosound
8c438c89e18eafe647716296b9c1afb8	22	964	player
8c438c89e18eafe647716296b9c1afb8	23	0	nosound
8c438c89e18eafe647716296b9c1afb8	24	11497	player+silence
8c438c89e18eafe647716296b9c1afb8	25	11497	player+silence
8c438c89e18eafe647716296b9c1afb8	26	11497	player+silence
8c438c89e18eafe647716296b9c1afb8	27	11497	player+silence
8c438c89e18eafe647716296b9c1afb8	28	11497	player+silence
8c438c89e18eafe647716296b9c1afb8	29	11497	player+silence
8c438c89e18eafe647716296b9c1afb8	3	0	nosound
8c438c89e18eafe647716296b9c1afb8	30	11497	player+silence
8c438c89e18eafe647716296b9c1afb8	31	11497	player+silence
8c438c89e18eafe647716296b9c1afb8	32	11497	player+silence
8c438c89e18eafe647716296b9c1afb8	33	843	player
8c438c89e18eafe647716296b9c1afb8	34	964	player
8c438c89e18eafe647716296b9c1afb8	35	964	player
8c438c89e18eafe647716296b9c1afb8	36	1085	player
8c438c89e18eafe647716296b9c1afb8	37	11497	player+silence
8c438c89e18eafe647716296b9c1afb8	38	11497	player+silence
8c438c89e18eafe647716296b9c1afb8	39	11497	player+silence
8c438c89e18eafe647716296b9c1afb8	4	0	nosound
8c438c89e18eafe647716296b9c1afb8	40	1085	player
8c438c89e18eafe647716296b9c1afb8	41	843	player
8c438c89e18eafe647716296b9c1afb8	42	843	player
8c438c89e18eafe647716296b9c1afb8	43	843	player
8c438c89e18eafe647716296b9c1afb8	44	964	player
8c438c89e18eafe647716296b9c1afb8	45	964	player
8c438c89e18eafe647716296b9c1afb8	46	11497	player+silence
8c438c89e18eafe647716296b9c1afb8	47	11497	player+silence
8c438c89e18eafe647716296b9c1afb8	48	11497	player+silence
8c438c89e18eafe647716296b9c1afb8	5	0	nosound
8c438c89e18eafe647716296b9c1afb8	6	843	player
8c438c89e18eafe647716296b9c1afb8	7	843	player
8c438c89e18eafe647716296b9c1afb8	8	843	player
8c438c89e18eafe647716296b9c1afb8	9	1085	player
8c75f657f500f255e411d7589b55eba4	0	298747	player+silence	uade	Amos Music Bank	0	81706	de614874	2a7f9477	1/German_ungepackt/181_210/GERM_185/AMOS_Sound/Bob`o`Glup-Remix1.abk
8c75f657f500f255e411d7589b55eba4	0	298747	player+silence	uade	Amos Music Bank	0	81706	de614874	2a7f9477	1/Time_ungepackt/031_060/Time057/AMOS_Sound/Bob`o`Glup-Remix1.abk
8c75f657f500f255e411d7589b55eba4	0	298747	player+silence	uade	Amos Music Bank	0	81706	de614874	2a7f9477	1/Time_ungepackt/121_150/Time138/AMOS_Sound/Bob`o`Glup-Remix1.abk
8c75f657f500f255e411d7589b55eba4	0	298747	player+silence	uade	Amos Music Bank	0	81706	de614874	2a7f9477	2/German_gepackt/GERMAN_181_210/Germ185.DMS/AMOS_Sound/Bob`o`Glup-Remix1.abk
8c75f657f500f255e411d7589b55eba4	0	298747	player+silence	uade	Amos Music Bank	0	81706	de614874	2a7f9477	2/Time_gepackt/Time031_060/Time057.DMS/AMOS_Sound/Bob`o`Glup-Remix1.abk
8c75f657f500f255e411d7589b55eba4	0	298747	player+silence	uade	Amos Music Bank	0	81706	de614874	2a7f9477	2/Time_gepackt/Time121_150/Time138.DMS/AMOS_Sound/Bob`o`Glup-Remix1.abk
8cf7bb7888a2e6c8325fe94c5aa3d8be	0	203494	player	uade	Amos Music Bank	0	110756	5a04e8d1	96b8f60d	2/Time_gepackt/Time061_090/Time079b.DMS/Level2.abk
8d04d87e29a0f7a639d2adcf405523ed	1	184445	player	uade	Protracker compatible	0	47848	0d566b05	c0b8c36c	1/Time_ungepackt/121_150/Time142/mod.musik
8d04d87e29a0f7a639d2adcf405523ed	1	184445	player	uade	Protracker compatible	0	47848	0d566b05	c0b8c36c	2/Time_gepackt/Time121_150/Time142.DMS/mod.musik
8d46f75c27d3e8088be26d3c628d3049	0	435844	player	uade	SIDMon 2.0	0	145636	ed17f9c0	125eaab0	2/German_gepackt/GERMAN_091_120/Germ117.DMS/songs
8d5ed1645fcc81ae9fce7c1e26cae454	1	138369	player	uade	Protracker compatible	0	54346	273acb36	9232f25f	2/Time_gepackt/Time361_390/Time_383.DMS/mod.musik
8d5ed1645fcc81ae9fce7c1e26cae454	1	138369	player	uade	Protracker compatible	0	54346	273acb36	9232f25f	2/Time_ungepackt/Time_361_390/Time_383/mod.musik
8e418838016a10202b1995107c1ef85f	1	220936	player	uade	Protracker	0	221064	6bd48268	768e9b80	1/Time_ungepackt/121_150/Time146/MODULES/MOD.obj<ttz>e
8e418838016a10202b1995107c1ef85f	1	220936	player	uade	Protracker	0	221064	6bd48268	768e9b80	2/Time_gepackt/Time121_150/Time146.DMS/MODULES/MOD.obj<ttz>e
8e5038a7297a0d11025d2bddad585024	1	30824	player	uade	Noisetracker 1.x	0	42056	31a02984	cc43bc80	2/Time_gepackt/Time331_360/Time334.DMS/mod.musik
8f07c2bd9c0c9d0af7e8327cd55a2568	1	182765	player+silence	uade	Startrekker (4ch)	0	163492	499f9705	8cb2e650	1/Time_ungepackt/181_210/Time209/mod.musik
8f07c2bd9c0c9d0af7e8327cd55a2568	1	182765	player+silence	uade	Startrekker (4ch)	0	163492	499f9705	8cb2e650	2/Time_gepackt/Time181_210/Time209.DMS/mod.musik
8f4a9063e709a333bccb309249d0185d	1	170941	player	uade	Protracker	0	364598	4c3d0be7	d66bbe28	1/German_ungepackt/271_300/German291/Modules/mod.believe in me.pp
8f4a9063e709a333bccb309249d0185d	1	170941	player	uade	Protracker	0	364598	4c3d0be7	d66bbe28	2/German_gepackt/GERMAN_271_300/Germ291.DMS/Modules/mod.believe in me.pp
8fea8cfb7188b2cb962a0dac36045879	1	7796	player	uade	Protracker	0	39850	ae80625d	cfff5563	2/GERMAN_Games/German_Games_030.dms/Music/mod.m10
9109f735be86e9a2cbf254d5a2f6a7ec	0	0	nosound	uade	Amos Music Bank	0	59390	c3e0b4de	01731f34	1/German_ungepackt/421_450/GERMAN_449/DBgame.amu
9109f735be86e9a2cbf254d5a2f6a7ec	0	0	nosound	uade	Amos Music Bank	0	59390	c3e0b4de	01731f34	1/German_ungepackt/451_470/GERMAN_467/DBgame.amu
9109f735be86e9a2cbf254d5a2f6a7ec	0	0	nosound	uade	Amos Music Bank	0	59390	c3e0b4de	01731f34	2/German_gepackt/GERMAN_421_450/German_449.DMS/DBgame.amu
9109f735be86e9a2cbf254d5a2f6a7ec	0	0	nosound	uade	Amos Music Bank	0	59390	c3e0b4de	01731f34	2/German_gepackt/GERMAN_451_480/Germ_467.DMS/DBgame.amu
910a5005209458d780a909f31202d084	1	63477	player	uade	Startrekker (4ch)	0	46282	cdb910c5	131fabeb	1/Time_ungepackt/031_060/Time050/mod.musik1
910a5005209458d780a909f31202d084	1	63477	player	uade	Startrekker (4ch)	0	46282	cdb910c5	131fabeb	2/Time_gepackt/Time031_060/Time050.DMS/mod.musik1
92bcc0b8a3ddaaefa185f2a8f140bde6	1	96130	player	uade	Protracker	0	66168	d6afd509	90ec9406	1/German_ungepackt/451_470/GERMAN_452/mod.nt2
92bcc0b8a3ddaaefa185f2a8f140bde6	1	96130	player	uade	Protracker	0	66168	d6afd509	90ec9406	2/German_gepackt/GERMAN_451_480/German_452.DMS/mod.nt2
92bcc0b8a3ddaaefa185f2a8f140bde6	1	96130	player	uade	Protracker	0	66168	d6afd509	90ec9406	2/Time_gepackt/Time391_418/Time_415.DMS/Legend_of_Falconia/Legend.lzx/Legend_of_Falconia/mod.nt2
92bcc0b8a3ddaaefa185f2a8f140bde6	1	96130	player	uade	Protracker	0	66168	d6afd509	90ec9406	2/Time_ungepackt/Time_391_418/Time_415/Legend_of_Falconia/Legend.lzx/Legend_of_Falconia/mod.nt2
92c84bf0e1b2867217b2e18f0dbe4259	1	215149	player	uade	Protracker compatible	0	93012	223970f6	98d56da5	1/German_ungepackt/121_150/GERM_126/IntuiTracker/MOD.Resonance
92c84bf0e1b2867217b2e18f0dbe4259	1	215149	player	uade	Protracker compatible	0	93012	223970f6	98d56da5	1/Time_ungepackt/001_030/Time025/MOD.Resonance
92c84bf0e1b2867217b2e18f0dbe4259	1	215149	player	uade	Protracker compatible	0	93012	223970f6	98d56da5	1/Time_ungepackt/061_090/Time078/MOD.musik
92c84bf0e1b2867217b2e18f0dbe4259	1	215149	player	uade	Protracker compatible	0	93012	223970f6	98d56da5	2/German_gepackt/GERMAN_121_150/Germ126.DMS/IntuiTracker/MOD.Resonance
92c84bf0e1b2867217b2e18f0dbe4259	1	215149	player	uade	Protracker compatible	0	93012	223970f6	98d56da5	2/Time_gepackt/Time001_030/Time025.DMS/MOD.Resonance
92c84bf0e1b2867217b2e18f0dbe4259	1	215149	player	uade	Protracker compatible	0	93012	223970f6	98d56da5	2/Time_gepackt/Time061_090/Time078.DMS/MOD.musik
92e9cf0dfcd991833ad92240d2afbd06	1	251779	player+silence	uade	Protracker	0	63836	301e9d16	389f2cde	2/Time_gepackt/Time301_330/Time308.DMS/mod.musik
92e9cf0dfcd991833ad92240d2afbd06	1	251779	player+silence	uade	Protracker	0	63836	301e9d16	389f2cde	2/Time_ungepackt/Time_301_330/Time308/mod.musik
9381a392ee7b4ae2a7bb587d9165e2e4	0	222865	player	uade	Amos Music Bank	0	36424	932cffac	733f7a61	2/German_gepackt/GERMAN_151_180/Germ152.DMS/Build_the_way/4.btw
9381a392ee7b4ae2a7bb587d9165e2e4	0	222865	player	uade	Amos Music Bank	0	36424	932cffac	733f7a61	2/Time_gepackt/Time031_060/Time047.DMS/Build_the_way/4.btw
940fe1d626d7ee6adda31b2304c5e02b	1	130693	player	uade	Protracker compatible	0	71050	46030838	03c5fa7c	1/Time_ungepackt/001_030/Time022/Musik
940fe1d626d7ee6adda31b2304c5e02b	1	130693	player	uade	Protracker compatible	0	71050	46030838	03c5fa7c	2/Time_gepackt/Time001_030/Time020.DMS/MODULES/COMPLICATIONS
940fe1d626d7ee6adda31b2304c5e02b	1	130693	player	uade	Protracker compatible	0	71050	46030838	03c5fa7c	2/Time_gepackt/Time001_030/Time022.DMS/Musik
94684313308ec78c7fc4786e92f8bbbb	0	115321	player	uade	Amos Music Bank	0	84626	97bdd736	c93a6172	1/German_ungepackt/421_450/GERMAN_432/Gamemusic
94684313308ec78c7fc4786e92f8bbbb	0	115321	player	uade	Amos Music Bank	0	84626	97bdd736	c93a6172	2/GERMAN_Games/German_Games_018.dms/Gamemusic
94684313308ec78c7fc4786e92f8bbbb	0	115321	player	uade	Amos Music Bank	0	84626	97bdd736	c93a6172	2/German_gepackt/GERMAN_421_450/German_432.DMS/Gamemusic
94f689bfaa7bd06ae70630b68bf0b2cc	1	53872	player	uade	Soundtracker II (15 instr.)	0	49938	7b671753	db004b55	1/German_ungepackt/061_090/GERM_67/MUSIC2
94f689bfaa7bd06ae70630b68bf0b2cc	1	53872	player	uade	Soundtracker II (15 instr.)	0	49938	7b671753	db004b55	2/German_gepackt/GERMAN_061_090/Germ067.DMS/MUSIC2
956e604b43fd19950a486789dbbef12a	1	297093	player	uade	Protracker	0	87586	a12504e5	1bc675c0	2/Time_gepackt/Time301_330/Time303.DMS/mod.musik
956e604b43fd19950a486789dbbef12a	1	297093	player	uade	Protracker	0	87586	a12504e5	1bc675c0	2/Time_ungepackt/Time_301_330/Time303/mod.musik
95f54745e00516abe71ac012ed6d2b21	1	188283	player	uade	Protracker compatible	0	170959	882e4964	19377da7	1/Time_ungepackt/151_180/Time168/Modules/mod.Ines
95f54745e00516abe71ac012ed6d2b21	1	188283	player	uade	Protracker compatible	0	170959	882e4964	19377da7	1/Time_ungepackt/181_210/Time208/mod.musik
95f54745e00516abe71ac012ed6d2b21	1	188283	player	uade	Protracker compatible	0	170959	882e4964	19377da7	2/Time_gepackt/Time151_180/Time168.DMS/Modules/mod.Ines
95f54745e00516abe71ac012ed6d2b21	1	188283	player	uade	Protracker compatible	0	170959	882e4964	19377da7	2/Time_gepackt/Time181_210/Time208.DMS/mod.musik
9634595ed9ce61fb5f1f74a272316c79	1	164345	player+silence	uade	Protracker	0	120042	c6749e00	226100f1	1/Time_ungepackt/001_030/Time030/Modules/mod.polypherie2
9634595ed9ce61fb5f1f74a272316c79	1	164345	player+silence	uade	Protracker	0	120042	c6749e00	226100f1	2/Time_gepackt/Time001_030/Time030.DMS/Modules/mod.polypherie2
96d139b85a5382266af96a0c7782d8bf	0	61568	player	uade	Amos Music Bank	0	34760	2e05a767	5830f9f3	1/German_ungepackt/091_120/GERM_115/Dynamite_Dick/Music.ABK
96d139b85a5382266af96a0c7782d8bf	0	61568	player	uade	Amos Music Bank	0	34760	2e05a767	5830f9f3	2/German_gepackt/GERMAN_091_120/Germ115.DMS/Dynamite_Dick/Music.ABK
96f35d6afb96054bc7e575f2de91912a	1	396962	player	uade	OctaMED MMD0	0	83798	eff4142c	4b0b1541	1/German_ungepackt/391_420/GERMAN_397/SG3
96f35d6afb96054bc7e575f2de91912a	1	396962	player	uade	OctaMED MMD0	0	83798	eff4142c	4b0b1541	2/GERMAN_Games/German_Games_009.dms/SG3
96f35d6afb96054bc7e575f2de91912a	1	396962	player	uade	OctaMED MMD0	0	83798	eff4142c	4b0b1541	2/German_gepackt/GERMAN_391_420/GERMAN_397.DMS/SG3
96f35d6afb96054bc7e575f2de91912a	1	396962	player	uade	OctaMED MMD0	0	83798	eff4142c	4b0b1541	2/Time_gepackt/Time361_390/Time_383.DMS/Sneer/SG3
96f35d6afb96054bc7e575f2de91912a	1	396962	player	uade	OctaMED MMD0	0	83798	eff4142c	4b0b1541	2/Time_ungepackt/Time_361_390/Time_383/Sneer/SG3
9869bf46be9c82453924115ff73058d3	1	99968	player	uade	Soundtracker II (31 instr.)	0	88032	d0ac0775	ac9b6a6d	1/Time_ungepackt/001_030/Time012/APS/APS_MUZAK
9869bf46be9c82453924115ff73058d3	1	99968	player	uade	Soundtracker II (31 instr.)	0	88032	d0ac0775	ac9b6a6d	2/Time_gepackt/Time001_030/Time012.DMS/APS/APS_MUZAK
9873aea10ed79fa6fb84787335f6483d	1	238900	player	uade	OctaMED MMD0	0	70846	81598c11	e0071cb7	1/German_ungepackt/391_420/GERMAN_396/Knallfrosch_V1.3/MOD.Background
9873aea10ed79fa6fb84787335f6483d	1	238900	player	uade	OctaMED MMD0	0	70846	81598c11	e0071cb7	2/German_gepackt/GERMAN_391_420/GERMAN_396.DMS/Knallfrosch_V1.3/MOD.Background
98e0a04bc40e336603c5d4d7bd29c215	1	75268	player+silence	uade	Protracker	0	78630	7074b04a	eb70b309	1/German_ungepackt/361_390/GERMAN_387/Midnight208.lha/Midnight/Blankers/.MAN/mod.DanceOfSwans
98e0a04bc40e336603c5d4d7bd29c215	1	75268	player+silence	uade	Protracker	0	78630	7074b04a	eb70b309	2/German_gepackt/GERMAN_361_390/GERMAN_387.DMS/Midnight208.lha/Midnight/Blankers/.MAN/mod.DanceOfSwans
99de7aa931fa2f57004960ef282df5b3	1	8241	player+silence	uade	Protracker	0	18580	9ddc664e	58a80b5d	1/German_ungepackt/271_300/German284/muzak/misscomp.mod
99de7aa931fa2f57004960ef282df5b3	1	8241	player+silence	uade	Protracker	0	18580	9ddc664e	58a80b5d	2/German_gepackt/GERMAN_271_300/Germ284.DMS/muzak/misscomp.mod
9a9ccca9db976c0059250123b43e0075	1	273384	player+silence	uade	Soundtracker II (31 instr.)	0	52130	90f627f2	d6a66c2f	1/Time_ungepackt/121_150/Time140/mod.musik
9a9ccca9db976c0059250123b43e0075	1	273384	player+silence	uade	Soundtracker II (31 instr.)	0	52130	90f627f2	d6a66c2f	2/Time_gepackt/Time121_150/Time140.DMS/mod.musik
9afa261682cd289960f6665909b9517f	1	8379	player	uade	OctaMED MMD1	0	63892	3dede9b5	02a29edd	1/German_ungepackt/211_240/GERM_236/StarMusic
9afa261682cd289960f6665909b9517f	1	8379	player	uade	OctaMED MMD1	0	63892	3dede9b5	02a29edd	1/Time_ungepackt/241_270/Time265/StarMusic
9afa261682cd289960f6665909b9517f	1	8379	player	uade	OctaMED MMD1	0	63892	3dede9b5	02a29edd	2/German_gepackt/GERMAN_211_240/Germ236.DMS/StarMusic
9afa261682cd289960f6665909b9517f	1	8379	player	uade	OctaMED MMD1	0	63892	3dede9b5	02a29edd	2/Time_gepackt/Time241_270/Time265.DMS/StarMusic
9b47441fb79d037da12adb446c50bb27	1	433955	player	uade	Protracker compatible	0	167006	5eb841b6	c29fff03	1/Time_ungepackt/091_120/Time116/mod.musik
9b47441fb79d037da12adb446c50bb27	1	433955	player	uade	Protracker compatible	0	167006	5eb841b6	c29fff03	2/Time_gepackt/Time091_120/Time116.DMS/mod.musik
9bf21c9e3ed3e62d987082f87380cce1	1	215149	player	uade	Protracker compatible	0	49846	3baae1c0	47f3bac6	1/Time_ungepackt/151_180/Time172/mod.musik
9bf21c9e3ed3e62d987082f87380cce1	1	215149	player	uade	Protracker compatible	0	49846	3baae1c0	47f3bac6	2/Time_gepackt/Time151_180/Time172.DMS/mod.musik
9cd15c02863362b1bc9cf387af1d441b	1	190835	player	uade	Protracker compatible	0	111886	e701263d	29a6c478	1/Time_ungepackt/211_240/Time218/mod.musik
9cd15c02863362b1bc9cf387af1d441b	1	190835	player	uade	Protracker compatible	0	111886	e701263d	29a6c478	2/Time_gepackt/Time211_240/Time218.DMS/mod.musik
9d0d76c57bccaa8f6c0b5fbd35f11d4c	0	138369	player	uade	Amos Music Bank	0	83028	323ee7c2	f99adfe5	1/German_ungepackt/421_450/GERMAN_432/Firemusic
9d0d76c57bccaa8f6c0b5fbd35f11d4c	0	138369	player	uade	Amos Music Bank	0	83028	323ee7c2	f99adfe5	2/GERMAN_Games/German_Games_018.dms/Firemusic
9d0d76c57bccaa8f6c0b5fbd35f11d4c	0	138369	player	uade	Amos Music Bank	0	83028	323ee7c2	f99adfe5	2/German_gepackt/GERMAN_421_450/German_432.DMS/Firemusic
9d991c5a74e7e209548c95e30bea15aa	1	80758	player	uade	Protracker	0	300000	0d527bb5	e81e84e2	1/German_ungepackt/471_488/GERMAN_478/BattleDuel.lha/Mods.lha/mod.BattleDuel
9d991c5a74e7e209548c95e30bea15aa	1	80758	player	uade	Protracker	0	300000	0d527bb5	e81e84e2	2/German_gepackt/GERMAN_451_480/Germ_478.DMS/BattleDuel.lha/Mods.lha/mod.BattleDuel
9d991c5a74e7e209548c95e30bea15aa	2	9122	player
9d991c5a74e7e209548c95e30bea15aa	3	53872	player
9dbdc81daaf24d98a6919909d10c6801	0	82679	loop	uade	Sonic Arranger	0	83377	6ba2f11b	d05ccf56	1/German_ungepackt/211_240/GERM_235/Musik
9dbdc81daaf24d98a6919909d10c6801	0	82679	loop	uade	Sonic Arranger	0	83377	6ba2f11b	d05ccf56	2/German_gepackt/GERMAN_211_240/Germ235.DMS/Musik
9dc09bcece1151b917f8b6eb9bad90ca	1	67315	player	uade	Soundtracker II (15 instr.)	0	37846	f2e6399e	1473c795	1/German_ungepackt/181_210/GERM_207/Mods/DONTWORR.MOD
9dc09bcece1151b917f8b6eb9bad90ca	1	67315	player	uade	Soundtracker II (15 instr.)	0	37846	f2e6399e	1473c795	2/German_gepackt/GERMAN_181_210/Germ207.DMS/Mods/DONTWORR.MOD
9f026cfa1f855d9338372719bf208162	1	276065	player+silence	uade	Protracker compatible	0	139836	e206a359	a80b1122	2/Time_ungepackt/Time_331_360/Time334/mod.musik
9f026cfa1f855d9338372719bf208162	1	276065	player+silence	uade	Protracker compatible	0	139836	e206a359	a80b1122	2/Time_ungepackt/Time_331_360/Time335/mod.musik
9fc9e2ba5c0e42a60a3598b1d9a96d36	1	122997	player	uade	Protracker compatible	0	67638	b2183a84	38a2f062	1/Time_ungepackt/151_180/Time175/mod.musik
9fc9e2ba5c0e42a60a3598b1d9a96d36	1	122997	player	uade	Protracker compatible	0	67638	b2183a84	38a2f062	2/Time_gepackt/Time151_180/Time175.DMS/mod.musik
9fd352d12562e2f6d37ae373dd543bed	1	60986	player	uade	OctaMED MMD0	0	32438	7843a3b0	4dcea48e	1/Time_ungepackt/091_120/Time104/EDPlay/DemoSongs/MusicBox2.pp
9fd352d12562e2f6d37ae373dd543bed	1	60986	player	uade	OctaMED MMD0	0	32438	7843a3b0	4dcea48e	2/Time_gepackt/Time091_120/Time104.DMS/EDPlay/DemoSongs/MusicBox2.pp
a0888808ad1cba2ca09b994721f49559	0	15552	player	uade	Amos Music Bank	0	5786	ba947c30	5095ae1c	1/German_ungepackt/211_240/GERM_216/Data7
a0888808ad1cba2ca09b994721f49559	0	15552	player	uade	Amos Music Bank	0	5786	ba947c30	5095ae1c	2/German_gepackt/GERMAN_211_240/Germ216.DMS/Data7
a10a77cd92eea5967e5e411327d09ce4	1	257232	player+silence	uade	Noisetracker 1.x	0	41848	31b1b314	44baae8b	2/Time_gepackt/Time301_330/Time329.DMS/mod.musik
a10a77cd92eea5967e5e411327d09ce4	1	257232	player+silence	uade	Noisetracker 1.x	0	41848	31b1b314	44baae8b	2/Time_ungepackt/Time_301_330/Time329/mod.musik
a1389382a197d038400d80a9b76c525d	0	172830	player	uade	TFMX Pro	0	15196	2a822775	428b288e	1/German_ungepackt/181_210/GERM_198/Songs/mdat.Erbe2
a1389382a197d038400d80a9b76c525d	0	172830	player	uade	TFMX Pro	0	15196	2a822775	428b288e	1/Time_ungepackt/151_180/Time177/Songs/mdat.Erbe2
a1389382a197d038400d80a9b76c525d	0	172830	player	uade	TFMX Pro	0	15196	2a822775	428b288e	2/German_gepackt/GERMAN_181_210/Germ198.DMS/Songs/mdat.Erbe2
a1389382a197d038400d80a9b76c525d	0	172830	player	uade	TFMX Pro	0	15196	2a822775	428b288e	2/Time_gepackt/Time151_180/Time177.DMS/Songs/mdat.Erbe2
a1389382a197d038400d80a9b76c525d	1	81924	player
a1389382a197d038400d80a9b76c525d	2	61468	player
a1389382a197d038400d80a9b76c525d	3	176668	player
a1a566aa1ba8126caa6d248f73abe3c5	0	13081	player	uade	Amos Music Bank	0	6058	62fa4fa0	8a3d3fe0	1/German_ungepackt/211_240/GERM_216/Data10
a1a566aa1ba8126caa6d248f73abe3c5	0	13081	player	uade	Amos Music Bank	0	6058	62fa4fa0	8a3d3fe0	2/German_gepackt/GERMAN_211_240/Germ216.DMS/Data10
a20a45703d7c7abbfd9d1282f14b9358	1	233839	player+silence	uade	Protracker	0	153676	36622b04	8b5fb185	1/Time_ungepackt/151_180/Time157/MOD.musik
a20a45703d7c7abbfd9d1282f14b9358	1	233839	player+silence	uade	Protracker	0	153676	36622b04	8b5fb185	2/Time_gepackt/Time151_180/Time157.DMS/MOD.musik
a3947cbc441f7f8a1110601c6725488e	1	161397	player	uade	Protracker	0	56592	1becbc71	2ae6c103	2/Time_gepackt/Time271_300/Time291.DMS/mod.musik
a3947cbc441f7f8a1110601c6725488e	1	161397	player	uade	Protracker	0	56592	1becbc71	2ae6c103	2/Time_ungepackt/Time_271_300/Time291/mod.musik
a49b785580d34aad75ecf5e1166b6997	1	47482	player	uade	Protracker compatible	0	44480	892a6551	fcc84532	2/Time_gepackt/Time391_418/Time_403.DMS/mod.musik
a49b785580d34aad75ecf5e1166b6997	1	47482	player	uade	Protracker compatible	0	44480	892a6551	fcc84532	2/Time_ungepackt/Time_391_418/Time_403/mod.musik
a53f5027b19669402fb830c5deaf6d44	1	246961	player+silence	uade	Protracker	0	148428	393e082c	05e12327	2/Time_gepackt/Time391_418/Time_407.DMS/JingleMachine/Jingle.lha/mod.rainbow
a53f5027b19669402fb830c5deaf6d44	1	246961	player+silence	uade	Protracker	0	148428	393e082c	05e12327	2/Time_ungepackt/Time_391_418/Time_407/JingleMachine/Jingle.lha/mod.rainbow
a5a273e1716ad5c8fe7bd2d573414fd0	1	22525	player	uade	Protracker	0	39662	8bf5776e	4149c289	1/Time_ungepackt/151_180/Time173/mod.musik
a5a273e1716ad5c8fe7bd2d573414fd0	1	22525	player	uade	Protracker	0	39662	8bf5776e	4149c289	2/Time_gepackt/Time151_180/Time173.DMS/mod.musik
a5e06b5c4101a79fc32d6408b53fe187	1	202510	player	uade	Protracker compatible	0	132956	b452a15c	d290f19f	1/Time_ungepackt/031_060/Time053/mod.musik
a5e06b5c4101a79fc32d6408b53fe187	1	202510	player	uade	Protracker compatible	0	132956	b452a15c	d290f19f	1/Time_ungepackt/061_090/Time088/mod.musik
a5e06b5c4101a79fc32d6408b53fe187	1	202510	player	uade	Protracker compatible	0	132956	b452a15c	d290f19f	2/Time_gepackt/Time031_060/Time053.DMS/mod.musik
a5e06b5c4101a79fc32d6408b53fe187	1	202510	player	uade	Protracker compatible	0	132956	b452a15c	d290f19f	2/Time_gepackt/Time061_090/Time088.DMS/mod.musik
a686f505d61615cfd9f608a1eda1795a	1	159589	player+silence	uade	Protracker	0	89444	ffaad3e0	630999ae	1/German_ungepackt/241_270/Germ267/mods/mod.copy-c_song.pp
a686f505d61615cfd9f608a1eda1795a	1	159589	player+silence	uade	Protracker	0	89444	ffaad3e0	630999ae	2/German_gepackt/GERMAN_241_270/Germ267.DMS/mods/mod.copy-c_song.pp
a711ef24c8e9b208b0fda52709abc3aa	1	80839	player	uade	OctaMED MMD0	0	41502	69f1de23	cb29eb37	1/German_ungepackt/121_150/GERM_132/Peter's_Quest/Sounds/menu.song
a711ef24c8e9b208b0fda52709abc3aa	1	80839	player	uade	OctaMED MMD0	0	41502	69f1de23	cb29eb37	2/German_gepackt/GERMAN_121_150/Germ132.DMS/Peter's_Quest/Sounds/menu.song
a756ee623c44664846d04c71cac99cbb	1	206127	player+silence	uade	Protracker compatible	0	182598	4e685498	469c5847	1/German_ungepackt/361_390/German_367/Modules/MOD.Siegfried_Weihnacht
a756ee623c44664846d04c71cac99cbb	1	206127	player+silence	uade	Protracker compatible	0	182598	4e685498	469c5847	2/German_gepackt/GERMAN_361_390/German_367.DMS/Modules/MOD.Siegfried_Weihnacht
a7a6904a820d4c07a2055224d025a5c3	1	61568	player	uade	Protracker	0	30682	f62dc6ee	5ae0a30e	2/Time_gepackt/Time331_360/Time355.DMS/Tanks/mod.horizons'edge
a7a6904a820d4c07a2055224d025a5c3	1	61568	player	uade	Protracker	0	30682	f62dc6ee	5ae0a30e	2/Time_ungepackt/Time_331_360/Time355/Tanks/mod.horizons'edge
a7cbcf362557376e5a561566fb294898	1	89881	player	uade	Protracker	0	64544	499a1cc7	e39d0d6c	2/Time_gepackt/Time301_330/Time307.DMS/MOD.musik
a7cbcf362557376e5a561566fb294898	1	89881	player	uade	Protracker	0	64544	499a1cc7	e39d0d6c	2/Time_ungepackt/Time_301_330/Time307/MOD.musik
a888b7684dc6a8f38d17e29d3dba8584	1	77041	player	uade	Protracker compatible	0	67482	82ddaf2d	25713e73	2/Time_gepackt/Time391_418/Time_409.DMS/mod.musik
a888b7684dc6a8f38d17e29d3dba8584	1	77041	player	uade	Protracker compatible	0	67482	82ddaf2d	25713e73	2/Time_ungepackt/Time_391_418/Time_409/mod.musik
a9175e9a12de59ee5b34637a2e45271b	0	0	nosound	libxmp	MED 1.12 MED2	4	16994	6fc7ba95	63db857f	1/Time_ungepackt/001_030/Time005/Musik/Samples/Song1
a9175e9a12de59ee5b34637a2e45271b	0	0	nosound	libxmp	MED 1.12 MED2	4	16994	6fc7ba95	63db857f	2/Time_gepackt/Time001_030/Time005.DMS/Musik/Samples/Song1
a955d5a3d72f4b0d541e18585266fb42	1	284293	player	uade	Protracker	0	50688	2cbb002a	d3f97daf	1/German_ungepackt/211_240/GERM_214/Modules/mod.panic
a955d5a3d72f4b0d541e18585266fb42	1	284293	player	uade	Protracker	0	50688	2cbb002a	d3f97daf	1/Time_ungepackt/121_150/Time145/mod.musik
a955d5a3d72f4b0d541e18585266fb42	1	284293	player	uade	Protracker	0	50688	2cbb002a	d3f97daf	2/German_gepackt/GERMAN_211_240/Germ214.DMS/Modules/mod.panic
a955d5a3d72f4b0d541e18585266fb42	1	284293	player	uade	Protracker	0	50688	2cbb002a	d3f97daf	2/Time_gepackt/Time121_150/Time145.DMS/mod.musik
a9684fddd04f2fdafdc35ee6294930c0	0	200159	player	uade	Sonix Music Driver	0	1268	a34d8519	dc0736c1	1/German_ungepackt/001_030/German_19/Scores/PumpEm'Up3.smus
a9684fddd04f2fdafdc35ee6294930c0	0	200159	player	uade	Sonix Music Driver	0	1268	a34d8519	dc0736c1	2/German_gepackt/GERMAN_001_030/Germ019.DMS/Scores/PumpEm'Up3.smus
a96af198addb3be1a662261f1de0b998	0	11829	player+silence	uade	Amos Music Bank	0	8688	bdfaa4c5	ebb86b43	1/German_ungepackt/151_180/GERM_163/over.snd
a96af198addb3be1a662261f1de0b998	0	11829	player+silence	uade	Amos Music Bank	0	8688	bdfaa4c5	ebb86b43	2/German_gepackt/GERMAN_151_180/Germ163.DMS/over.snd
a96c8653b52130d1267582f87da850ad	1	44910	player	uade	Noisetracker 1.x	0	51320	1a91d49d	db7bbdbf	1/Time_ungepackt/121_150/Time122/mod.musik
a96c8653b52130d1267582f87da850ad	1	44910	player	uade	Noisetracker 1.x	0	51320	1a91d49d	db7bbdbf	2/Time_gepackt/Time121_150/Time122.DMS/mod.musik
a9a8b317f5f3ef7e36f25e98b308b400	1	462449	player	uade	OctaMED MMD0	0	53124	c698e055	d01fdab2	1/Time_ungepackt/211_240/Time234/KniffelV3/Songs/MED.song
a9a8b317f5f3ef7e36f25e98b308b400	1	462449	player	uade	OctaMED MMD0	0	53124	c698e055	d01fdab2	2/Time_gepackt/Time211_240/Time234.DMS/KniffelV3/Songs/MED.song
a9ad4749d1222ff08c2049993dbfd75e	1	277461	player	uade	OctaMED MMD0	0	78410	9c6c2e37	f25abd72	1/German_ungepackt/391_420/GERMAN_397/SG4
a9ad4749d1222ff08c2049993dbfd75e	1	277461	player	uade	OctaMED MMD0	0	78410	9c6c2e37	f25abd72	2/GERMAN_Games/German_Games_009.dms/SG4
a9ad4749d1222ff08c2049993dbfd75e	1	277461	player	uade	OctaMED MMD0	0	78410	9c6c2e37	f25abd72	2/German_gepackt/GERMAN_391_420/GERMAN_397.DMS/SG4
a9ad4749d1222ff08c2049993dbfd75e	1	277461	player	uade	OctaMED MMD0	0	78410	9c6c2e37	f25abd72	2/Time_gepackt/Time361_390/Time_383.DMS/Sneer/SG4
a9ad4749d1222ff08c2049993dbfd75e	1	277461	player	uade	OctaMED MMD0	0	78410	9c6c2e37	f25abd72	2/Time_ungepackt/Time_361_390/Time_383/Sneer/SG4
a9db9b2f1cb4c339df2e7e1e87e8fad2	1	181893	player	uade	Protracker	0	91456	07f19290	24a753da	1/Time_ungepackt/091_120/Time119/mod.musik
a9db9b2f1cb4c339df2e7e1e87e8fad2	1	181893	player	uade	Protracker	0	91456	07f19290	24a753da	1/Time_ungepackt/121_150/Time129/mod.musik
a9db9b2f1cb4c339df2e7e1e87e8fad2	1	181893	player	uade	Protracker	0	91456	07f19290	24a753da	2/Time_gepackt/Time091_120/Time119.DMS/mod.musik
a9db9b2f1cb4c339df2e7e1e87e8fad2	1	181893	player	uade	Protracker	0	91456	07f19290	24a753da	2/Time_gepackt/Time121_150/Time129.DMS/mod.musik
aadbb2bc594653545838563c64fe67f4	1	298783	player+silence	uade	Protracker	0	131002	da37101e	68b9fe0d	1/German_ungepackt/181_210/GERM_188/MODULES/mod.musik
aadbb2bc594653545838563c64fe67f4	1	298783	player+silence	uade	Protracker	0	131002	da37101e	68b9fe0d	1/Time_ungepackt/151_180/Time153/mod.musik
aadbb2bc594653545838563c64fe67f4	1	298783	player+silence	uade	Protracker	0	131002	da37101e	68b9fe0d	2/German_gepackt/GERMAN_181_210/Germ188.DMS/MODULES/mod.musik
aadbb2bc594653545838563c64fe67f4	1	298783	player+silence	uade	Protracker	0	131002	da37101e	68b9fe0d	2/Time_gepackt/Time151_180/Time153.DMS/mod.musik
abb6899394fb1134938eeb894521a9b2	1	184445	player	uade	Protracker compatible	0	118032	dfac5d2b	8fcddb65	2/Time_gepackt/Time331_360/Time339.DMS/mod.musik
abb6899394fb1134938eeb894521a9b2	1	184445	player	uade	Protracker compatible	0	118032	dfac5d2b	8fcddb65	2/Time_ungepackt/Time_331_360/Time339/mod.musik
ac97752494cfcda80b61ea602c37a539	1	160013	player+silence	uade	Protracker	0	143252	7004123d	4cc3ac71	1/Time_ungepackt/181_210/Time187/mod.musik
ac97752494cfcda80b61ea602c37a539	1	160013	player+silence	uade	Protracker	0	143252	7004123d	4cc3ac71	2/Time_gepackt/Time181_210/Time187.DMS/mod.musik
acf95abc630417df664b995500c0b034	1	277903	player	uade	Protracker	0	119844	02979e33	10adda90	1/Time_ungepackt/061_090/Time071/mod.musik
acf95abc630417df664b995500c0b034	1	277903	player	uade	Protracker	0	119844	02979e33	10adda90	2/Time_gepackt/Time061_090/Time071.DMS/mod.musik
ad076958e3254154329e527265110fea	0	168952	player	uade	Mark_II	0	117076	55c183a8	917f6169	1/German_ungepackt/211_240/GERM_225/AMIOXYD.SMP
ad076958e3254154329e527265110fea	0	168952	player	uade	Mark_II	0	117076	55c183a8	917f6169	2/German_gepackt/GERMAN_211_240/Germ225.DMS/AMIOXYD.SMP
ad2062874412b0c72acdb169f1e5271a	1	119992	player+silence	uade	Protracker	0	46648	007c3326	07711bdd	1/German_ungepackt/471_488/GERMAN_479/DPacManAGA.lha/deluxe_pacman_aga/PacMan.MUSIC_HALL
ad2062874412b0c72acdb169f1e5271a	1	119992	player+silence	uade	Protracker	0	46648	007c3326	07711bdd	2/German_gepackt/GERMAN_451_480/Germ_479.DMS/DPacManAGA.lha/deluxe_pacman_aga/PacMan.MUSIC_HALL
ad2062874412b0c72acdb169f1e5271a	1	119992	player+silence	uade	Protracker	0	46648	007c3326	07711bdd	2/Time_gepackt/Time391_418/Time_413.DMS/DPacMan/DPacMan.lha/deluxe_pacman_ecs/PacMan.MUSIC_HALL
ad2062874412b0c72acdb169f1e5271a	1	119992	player+silence	uade	Protracker	0	46648	007c3326	07711bdd	2/Time_gepackt/Time391_418/Time_413.DMS/DPacManAGA/DPacManAGA.lha/deluxe_pacman_aga/PacMan.MUSIC_HALL
ad2062874412b0c72acdb169f1e5271a	1	119992	player+silence	uade	Protracker	0	46648	007c3326	07711bdd	2/Time_ungepackt/Time_391_418/Time_413/DPacMan/DPacMan.lha/deluxe_pacman_ecs/PacMan.MUSIC_HALL
ad2062874412b0c72acdb169f1e5271a	1	119992	player+silence	uade	Protracker	0	46648	007c3326	07711bdd	2/Time_ungepackt/Time_391_418/Time_413/DPacManAGA/DPacManAGA.lha/deluxe_pacman_aga/PacMan.MUSIC_HALL
ad34f66cce18e1388e110e7eb1370a78	1	243222	player+silence	uade	Protracker	0	63972	6f75d63d	b4919725	2/Time_gepackt/Time391_418/Time_407.DMS/JingleMachine/Jingle.lha/mod.wonderer
ad34f66cce18e1388e110e7eb1370a78	1	243222	player+silence	uade	Protracker	0	63972	6f75d63d	b4919725	2/Time_ungepackt/Time_391_418/Time_407/JingleMachine/Jingle.lha/mod.wonderer
ae3db13a755db589ffa1a296f6f86068	1	107645	player	uade	Noisetracker 1.x	0	77042	a199468f	b958ccc4	1/Time_ungepackt/211_240/Time222/mod.musik
ae3db13a755db589ffa1a296f6f86068	1	107645	player	uade	Noisetracker 1.x	0	77042	a199468f	b958ccc4	2/Time_gepackt/Time211_240/Time222.DMS/mod.musik
ae451c79c87c42abfa90a0028f79b534	1	292552	player	uade	OctaMED MMD0	0	109692	2fb5fe45	edd230a1	1/Time_ungepackt/151_180/Time178/ABoulderDash/abd.mod
ae451c79c87c42abfa90a0028f79b534	1	292552	player	uade	OctaMED MMD0	0	109692	2fb5fe45	edd230a1	2/Time_gepackt/Time151_180/Time178.DMS/ABoulderDash/abd.mod
af93db9d5733092f5bbf64a232dd08a1	1	170580	player	uade	Protracker compatible	0	197674	4afca2d4	e909042f	1/Time_ungepackt/061_090/Time064/mod.musik
af93db9d5733092f5bbf64a232dd08a1	1	170580	player	uade	Protracker compatible	0	197674	4afca2d4	e909042f	2/Time_gepackt/Time061_090/Time064.DMS/mod.musik
af94ccce85dc52be2062c2202308c7b9	1	112769	player	uade	Protracker compatible	0	25858	5fd936ab	74052b65	2/Time_gepackt/Time361_390/Time_390.DMS/mod.musik
af94ccce85dc52be2062c2202308c7b9	1	112769	player	uade	Protracker compatible	0	25858	5fd936ab	74052b65	2/Time_ungepackt/Time_361_390/Time_390/mod.musik
afdb2d08506be38ec004defe45c827b2	1	122997	player	uade	Noisetracker 1.x	0	69288	9bae40a6	63875d92	1/Time_ungepackt/151_180/Time176/mod.musik
afdb2d08506be38ec004defe45c827b2	1	122997	player	uade	Noisetracker 1.x	0	69288	9bae40a6	63875d92	2/Time_gepackt/Time151_180/Time176.DMS/mod.musik
b08ab48cecb7e92762ccfcc678a27b4a	1	120324	player	uade	Protracker	0	27410	4204f939	d2e99542	1/Time_ungepackt/241_270/Time253/mod.musik
b08ab48cecb7e92762ccfcc678a27b4a	1	120324	player	uade	Protracker	0	27410	4204f939	d2e99542	1/Time_ungepackt/241_270/Time258/mod.musik
b08ab48cecb7e92762ccfcc678a27b4a	1	120324	player	uade	Protracker	0	27410	4204f939	d2e99542	2/Time_gepackt/Time241_270/Time253.DMS/mod.musik
b08ab48cecb7e92762ccfcc678a27b4a	1	120324	player	uade	Protracker	0	27410	4204f939	d2e99542	2/Time_gepackt/Time241_270/Time258.DMS/mod.musik
b0b67ca4bbef069241be97f3feb23c7b	1	258205	player+silence	uade	Protracker compatible	0	116594	3f78ef1a	b7898e03	2/Time_gepackt/Time001_030/Time018.DMS/MOD.magic tubes
b0eaf884103f46f1c362577a4366aa9f	1	388277	player+silence	uade	Protracker compatible	0	160920	caa5752d	4905bccc	1/Time_ungepackt/091_120/Time112/mod.musik
b0eaf884103f46f1c362577a4366aa9f	1	388277	player+silence	uade	Protracker compatible	0	160920	caa5752d	4905bccc	1/Time_ungepackt/121_150/Time123/mod.musik
b0eaf884103f46f1c362577a4366aa9f	1	388277	player+silence	uade	Protracker compatible	0	160920	caa5752d	4905bccc	2/Time_gepackt/Time091_120/Time112.DMS/mod.musik
b0eaf884103f46f1c362577a4366aa9f	1	388277	player+silence	uade	Protracker compatible	0	160920	caa5752d	4905bccc	2/Time_gepackt/Time121_150/Time123.DMS/mod.musik
b131caf02f82cd9b41176544ba4a7956	1	194050	player	uade	Noisetracker 1.x	0	112202	3e659545	18a52cf8	1/German_ungepackt/181_210/GERM_189/Modules/mod.musik_go
b131caf02f82cd9b41176544ba4a7956	1	194050	player	uade	Noisetracker 1.x	0	112202	3e659545	18a52cf8	1/Time_ungepackt/121_150/Time150/MODULES/mod.musik
b131caf02f82cd9b41176544ba4a7956	1	194050	player	uade	Noisetracker 1.x	0	112202	3e659545	18a52cf8	2/German_gepackt/GERMAN_181_210/Germ189.DMS/Modules/mod.musik_go
b131caf02f82cd9b41176544ba4a7956	1	194050	player	uade	Noisetracker 1.x	0	112202	3e659545	18a52cf8	2/Time_gepackt/Time121_150/Time150.DMS/MODULES/mod.musik
b169746071a63aff7fd15408dbfc046a	1	291969	player	uade	Protracker compatible	0	108860	cfa4c7d6	1fa1cd76	1/Time_ungepackt/061_090/Time074/mod.musik
b169746071a63aff7fd15408dbfc046a	1	291969	player	uade	Protracker compatible	0	108860	cfa4c7d6	1fa1cd76	2/Time_gepackt/Time061_090/Time074.DMS/mod.musik
b19c9dc75ad6c1bc37d43fa087d7e62f	1	121148	player	uade	MED4 (4ch)	0	2012	16a2c43d	5cd923ca	1/Time_ungepackt/001_030/Time019/Med/DEMOS/Tanko2
b19c9dc75ad6c1bc37d43fa087d7e62f	1	121148	player	uade	MED4 (4ch)	0	2012	16a2c43d	5cd923ca	2/Time_gepackt/Time001_030/Time019.DMS/Med/DEMOS/Tanko2
b1b8decfa3c25eb8a1d2114c61e22702	1	84616	player	uade	Noisetracker 1.x	0	30744	e38d43ad	8a792e87	2/Time_gepackt/Time301_330/Time328.DMS/mod.musik
b1b8decfa3c25eb8a1d2114c61e22702	1	84616	player	uade	Noisetracker 1.x	0	30744	e38d43ad	8a792e87	2/Time_ungepackt/Time_301_330/Time328/mod.musik
b2644d60dee0bdab3aa3d802c268b1b0	1	222845	player	uade	Protracker	0	130006	23939102	987611a9	1/Time_ungepackt/211_240/Time226/mod.musik
b2644d60dee0bdab3aa3d802c268b1b0	1	222845	player	uade	Protracker	0	130006	23939102	987611a9	2/Time_gepackt/Time211_240/Time226.DMS/mod.musik
b3105ad1e034e86360d5b62a7f770a77	1	111218	player+silence	uade	Protracker compatible	0	54618	c1dd96be	7c85b4d0	1/German_ungepackt/361_390/German_367/Modules/MOD.ITSALRIGHT
b3105ad1e034e86360d5b62a7f770a77	1	111218	player+silence	uade	Protracker compatible	0	54618	c1dd96be	7c85b4d0	1/Time_ungepackt/241_270/Time254/mod.musik
b3105ad1e034e86360d5b62a7f770a77	1	111218	player+silence	uade	Protracker compatible	0	54618	c1dd96be	7c85b4d0	2/German_gepackt/GERMAN_361_390/German_367.DMS/Modules/MOD.ITSALRIGHT
b3105ad1e034e86360d5b62a7f770a77	1	111218	player+silence	uade	Protracker compatible	0	54618	c1dd96be	7c85b4d0	2/Time_gepackt/Time241_270/Time254.DMS/mod.musik
b32223d53e1d58c9aa40ddd99f8d1871	0	81944	player	uade	TFMX Pro	0	3660	6277cb5e	677fa152	1/German_ungepackt/181_210/GERM_197/SONGS/mdat.Titel
b32223d53e1d58c9aa40ddd99f8d1871	0	81944	player	uade	TFMX Pro	0	3660	6277cb5e	677fa152	1/Time_ungepackt/151_180/Time165/Elefanten!/SONGS/mdat.Titel
b32223d53e1d58c9aa40ddd99f8d1871	0	81944	player	uade	TFMX Pro	0	3660	6277cb5e	677fa152	2/German_gepackt/GERMAN_181_210/Germ197.DMS/SONGS/mdat.Titel
b32223d53e1d58c9aa40ddd99f8d1871	0	81944	player	uade	TFMX Pro	0	3660	6277cb5e	677fa152	2/Time_gepackt/Time151_180/Time165.DMS/Elefanten!/SONGS/mdat.Titel
b32223d53e1d58c9aa40ddd99f8d1871	1	76820	player
b3582bd24cddc02ec215a212519a427a	1	230842	player	uade	Protracker	0	119250	5f8ec081	cac6010f	1/Time_ungepackt/061_090/Time066/mod.musik
b3582bd24cddc02ec215a212519a427a	1	230842	player	uade	Protracker	0	119250	5f8ec081	cac6010f	2/Time_gepackt/Time061_090/Time066.DMS/mod.musik
b3698a92baf759d581065c35c2cc0140	1	88113	player	uade	Protracker	0	43774	9eb38510	12d992f8	1/German_ungepackt/471_488/GERMAN_483/BreakinBriks.lha/Break_Music3
b3698a92baf759d581065c35c2cc0140	1	88113	player	uade	Protracker	0	43774	9eb38510	12d992f8	2/German_gepackt/GERMAN_481_508/German_483.DMS/BreakinBriks.lha/Break_Music3
b37d6ddd2d16d1a75549c0ce2dfb8dfd	1	221298	player	uade	Protracker	0	182266	e85b1b39	b9d99dd6	1/German_ungepackt/181_210/GERM_189/Modules/mod.musik
b37d6ddd2d16d1a75549c0ce2dfb8dfd	1	221298	player	uade	Protracker	0	182266	e85b1b39	b9d99dd6	1/Time_ungepackt/151_180/Time151/mod.musik
b37d6ddd2d16d1a75549c0ce2dfb8dfd	1	221298	player	uade	Protracker	0	182266	e85b1b39	b9d99dd6	2/German_gepackt/GERMAN_181_210/Germ189.DMS/Modules/mod.musik
b37d6ddd2d16d1a75549c0ce2dfb8dfd	1	221298	player	uade	Protracker	0	182266	e85b1b39	b9d99dd6	2/Time_gepackt/Time151_180/Time151.DMS/mod.musik
b4097b744546e9e091b967a69729f06d	1	153721	player	uade	Soundtracker II (31 instr.)	0	90026	e43d4d76	2bd868bf	2/Time_gepackt/Time001_030/Time016.DMS/MODULES/MOD.zarch theme
b45fae3fffa3c163151f2ac5457f9e86	0	123559	player	uade	FaceTheMusic	0	94682	fd583030	602dae51	1/German_ungepackt/181_210/GERM_210/ftm-songs/Song Without Name
b45fae3fffa3c163151f2ac5457f9e86	0	123559	player	uade	FaceTheMusic	0	94682	fd583030	602dae51	2/German_gepackt/GERMAN_181_210/Germ210.DMS/ftm-songs/Song Without Name
b4a0903b84d18aaa7770b4644de4be4b	1	169093	player	uade	Protracker compatible	0	30454	d2d1cd5d	2ae4e30c	1/German_ungepackt/181_210/GERM_188/MODULES/Mod.ToLittleToIgnore.pp
b4a0903b84d18aaa7770b4644de4be4b	1	169093	player	uade	Protracker compatible	0	30454	d2d1cd5d	2ae4e30c	2/German_gepackt/GERMAN_181_210/Germ188.DMS/MODULES/Mod.ToLittleToIgnore.pp
b5be69fa7433b16e7fbc4822125db6ab	1	254694	player	uade	Protracker	0	138774	fc7915be	ec408fda	1/Time_ungepackt/121_150/Time148/mod.musik
b5be69fa7433b16e7fbc4822125db6ab	1	254694	player	uade	Protracker	0	138774	fc7915be	ec408fda	2/Time_gepackt/Time121_150/Time148.DMS/mod.musik
b707b4cb6b21fac7bb94269068ce21e9	1	238197	player	uade	Protracker compatible	0	42654	16fb0f88	0e9a39e4	2/Time_gepackt/Time301_330/Time316.DMS/mod.musik
b707b4cb6b21fac7bb94269068ce21e9	1	238197	player	uade	Protracker compatible	0	42654	16fb0f88	0e9a39e4	2/Time_ungepackt/Time_301_330/Time316/mod.musik
b72e31c55c6ca6b1c9c9479979243f2d	1	161397	player	uade	Protracker	0	80204	9e62d88e	3dfde324	2/Time_gepackt/Time331_360/Time337.DMS/mod.musik
b72e31c55c6ca6b1c9c9479979243f2d	1	161397	player	uade	Protracker	0	80204	9e62d88e	3dfde324	2/Time_ungepackt/Time_331_360/Time337/mod.musik
b77e3fc48b1828c73e2e9483db311f4e	1	215149	player	uade	Startrekker (4ch)	0	53216	d50b00d0	40eea029	1/Time_ungepackt/151_180/Time156/mod.musik
b77e3fc48b1828c73e2e9483db311f4e	1	215149	player	uade	Startrekker (4ch)	0	53216	d50b00d0	40eea029	2/Time_gepackt/Time151_180/Time156.DMS/mod.musik
b7b3af89f8eaaa13cff244f9eca97342	1	176126	player	uade	Protracker	0	111364	ed063e95	d02b64d6	1/Time_ungepackt/181_210/Time190/QuadraComposer/Modules/mod.musik
b7b3af89f8eaaa13cff244f9eca97342	1	176126	player	uade	Protracker	0	111364	ed063e95	d02b64d6	2/Time_gepackt/Time181_210/Time190.DMS/QuadraComposer/Modules/mod.musik
b888f739e8cc5ee4aaed7635eb2faa55	1	103806	player	uade	Protracker	0	123972	b00f387e	6dade571	1/Time_ungepackt/151_180/Time180/mod.musik
b888f739e8cc5ee4aaed7635eb2faa55	1	103806	player	uade	Protracker	0	123972	b00f387e	6dade571	2/Time_gepackt/Time151_180/Time180.DMS/mod.musik
b8bb344a03f8c867b0cb84fe1de6948d	1	69646	player	uade	OctaMED MMD1	0	77600	8c5125e7	fac8343f	1/German_ungepackt/241_270/Germ260/MegaBallAGA/MB_Music/ExtraLife.tune
b8bb344a03f8c867b0cb84fe1de6948d	1	69646	player	uade	OctaMED MMD1	0	77600	8c5125e7	fac8343f	2/German_gepackt/GERMAN_241_270/Germ260.DMS/MegaBallAGA/MB_Music/ExtraLife.tune
ba1976b2fa9f40275f00452b8605f2c6	0	315017	player	uade	Amos Music Bank	0	76666	25f7aa9c	1edbd052	1/Time_ungepackt/121_150/Time138/AMOS_Sound/Herbst.abk
ba1976b2fa9f40275f00452b8605f2c6	0	315017	player	uade	Amos Music Bank	0	76666	25f7aa9c	1edbd052	2/Time_gepackt/Time121_150/Time138.DMS/AMOS_Sound/Herbst.abk
bab3477a8a88cc165f9ddcf4e73897b5	1	6979	player+silence	uade	Protracker	0	32314	3495eb73	000059ec	1/German_ungepackt/471_488/GERMAN_483/BreakinBriks.lha/Break_Music6
bab3477a8a88cc165f9ddcf4e73897b5	1	6979	player+silence	uade	Protracker	0	32314	3495eb73	000059ec	2/German_gepackt/GERMAN_481_508/German_483.DMS/BreakinBriks.lha/Break_Music6
bada6f1bc91d0fa6d53f4edb43dfaa2b	1	122997	player	uade	Noisetracker 1.x	0	42402	06312a92	d2a850ad	2/Time_gepackt/Time331_360/Time345.DMS/mod.musik
bada6f1bc91d0fa6d53f4edb43dfaa2b	1	122997	player	uade	Noisetracker 1.x	0	42402	06312a92	d2a850ad	2/Time_ungepackt/Time_331_360/Time345/mod.musik
baf5780a51cf7200a77025a3868c5832	1	561574	player	uade	Protracker	0	170002	e3bae604	43415c65	1/German_ungepackt/271_300/German291/Modules/mod.future-rebellion.md.pp
baf5780a51cf7200a77025a3868c5832	1	561574	player	uade	Protracker	0	170002	e3bae604	43415c65	2/German_gepackt/GERMAN_271_300/Germ291.DMS/Modules/mod.future-rebellion.md.pp
bca5718f3f38ea29348d072a5ecfddf7	1	214345	player	uade	Protracker compatible	0	140154	40da3acc	d98e7bd1	1/Time_ungepackt/061_090/Time087/mod.musik
bca5718f3f38ea29348d072a5ecfddf7	1	214345	player	uade	Protracker compatible	0	140154	40da3acc	d98e7bd1	2/Time_gepackt/Time061_090/Time087.DMS/mod.musik
bd3f8c8bec7073e8f05939a102ee7976	1	63980	player	uade	OctaMED MMD1	0	22404	7d49df98	9c2087b0	1/German_ungepackt/421_450/GERMAN_421/Songs/SKY02.MED
bd3f8c8bec7073e8f05939a102ee7976	1	63980	player	uade	OctaMED MMD1	0	22404	7d49df98	9c2087b0	2/GERMAN_Games/German_Games_015.dms/Songs/SKY02.MED
bd3f8c8bec7073e8f05939a102ee7976	1	63980	player	uade	OctaMED MMD1	0	22404	7d49df98	9c2087b0	2/German_gepackt/GERMAN_421_450/GERMAN_421.DMS/Songs/SKY02.MED
bd560e2bc9fb123e9334e4e324c0b0de	1	230541	player	uade	Protracker	0	76326	e9fd2c39	49718eda	1/RMS_Katalog/mod.flash
bd560e2bc9fb123e9334e4e324c0b0de	1	230541	player	uade	Protracker	0	76326	e9fd2c39	49718eda	2/RMS_Katalog/mod.flash
be5a20ea1576596846c6b8a90b56a234	1	216435	player	uade	Soundtracker II (31 instr.)	0	60060	f678adcb	1a6b0936	1/German_ungepackt/091_120/GERM_091/NoisePlayer+Modules/mod.1
be5a20ea1576596846c6b8a90b56a234	1	216435	player	uade	Soundtracker II (31 instr.)	0	60060	f678adcb	1a6b0936	2/German_gepackt/GERMAN_091_120/Germ091.DMS/NoisePlayer+Modules/mod.1
be5a20ea1576596846c6b8a90b56a234	1	216435	player	uade	Soundtracker II (31 instr.)	0	60060	f678adcb	1a6b0936	2/Time_gepackt/Time001_030/Time014.DMS/mod.1
bead61619ee6b8cebe27cb632439e708	1	149019	player	uade	Protracker compatible	0	51522	e6f99fa4	1a1f7484	1/Time_ungepackt/241_270/Time246/mod.musik
bead61619ee6b8cebe27cb632439e708	1	149019	player	uade	Protracker compatible	0	51522	e6f99fa4	1a1f7484	2/Time_gepackt/Time241_270/Time246.DMS/mod.musik
bee5a50492745b33b459f922fa4a27da	1	81723	player	uade	Noisetracker 1.x	0	55934	75469ab9	2c1ca5be	1/Time_ungepackt/241_270/Time244/mod.musik
bee5a50492745b33b459f922fa4a27da	1	81723	player	uade	Noisetracker 1.x	0	55934	75469ab9	2c1ca5be	2/Time_gepackt/Time241_270/Time244.DMS/mod.musik
bfce45ef0cd9068c831c926640a03abc	1	169977	player	uade	Protracker	0	88474	c14fb65b	073c7a76	1/German_ungepackt/361_390/German_367/Modules/MOD.Princess_of_dawn
bfce45ef0cd9068c831c926640a03abc	1	169977	player	uade	Protracker	0	88474	c14fb65b	073c7a76	2/German_gepackt/GERMAN_361_390/German_367.DMS/Modules/MOD.Princess_of_dawn
bfce45ef0cd9068c831c926640a03abc	1	169977	player	uade	Protracker	0	88474	c14fb65b	073c7a76	2/Time_gepackt/Time331_360/Time343.DMS/SiegfriedCopy/Modules/MOD.Princess_of_dawn
bfce45ef0cd9068c831c926640a03abc	1	169977	player	uade	Protracker	0	88474	c14fb65b	073c7a76	2/Time_ungepackt/Time_331_360/Time343/SiegfriedCopy/Modules/MOD.Princess_of_dawn
bfdc08257a129b5ccc3fcdd77ac82f4e	1	245893	player	uade	Noisetracker 1.x	0	77170	6c1370aa	e265f4db	1/Time_ungepackt/211_240/Time223/mod.musik
bfdc08257a129b5ccc3fcdd77ac82f4e	1	245893	player	uade	Noisetracker 1.x	0	77170	6c1370aa	e265f4db	2/Time_gepackt/Time211_240/Time223.DMS/mod.musik
bfff15fbe3bea6add1b11fb2091876ac	1	115321	player	uade	Protracker	0	54988	9382d6a8	8b4324d4	1/Time_ungepackt/121_150/Time137/mod.musik
bfff15fbe3bea6add1b11fb2091876ac	1	115321	player	uade	Protracker	0	54988	9382d6a8	8b4324d4	2/Time_gepackt/Time121_150/Time137.DMS/mod.musik
c02db84639a19d4a384b1c4c61aa7b74	1	147230	player	uade	Protracker	0	114544	4c254923	09df8e60	2/Time_gepackt/Time301_330/Time312.DMS/mod.musik
c02db84639a19d4a384b1c4c61aa7b74	1	147230	player	uade	Protracker	0	114544	4c254923	09df8e60	2/Time_ungepackt/Time_301_330/Time312/mod.musik
c0b54063b1f2c934d1ae234cb18dcf06	1	235434	player+silence	uade	Protracker	0	166682	1bc57713	bffa6378	2/Time_gepackt/Time361_390/Time_385.DMS/SiegfriedAWAC/Modules/mod.macrocosm
c0b54063b1f2c934d1ae234cb18dcf06	1	235434	player+silence	uade	Protracker	0	166682	1bc57713	bffa6378	2/Time_ungepackt/Time_361_390/Time_385/SiegfriedAWAC/Modules/mod.macrocosm
c1622c56ca4a64f544b6fcf60b7f9fca	0	23630	player	uade	Amos Music Bank	0	8052	1d8d4812	4b528bd6	1/German_ungepackt/211_240/GERM_216/Data21
c1622c56ca4a64f544b6fcf60b7f9fca	0	23630	player	uade	Amos Music Bank	0	8052	1d8d4812	4b528bd6	2/German_gepackt/GERMAN_211_240/Germ216.DMS/Data21
c1d075561f9becfb2cec6fc4fce1e2f6	1	102520	player	uade	Startrekker (4ch)	0	99786	d446d897	cbfccdb8	1/Time_ungepackt/031_060/Time049/mod.musik
c1d075561f9becfb2cec6fc4fce1e2f6	1	102520	player	uade	Startrekker (4ch)	0	99786	d446d897	cbfccdb8	1/Time_ungepackt/151_180/Time171/mod.musik
c1d075561f9becfb2cec6fc4fce1e2f6	1	102520	player	uade	Startrekker (4ch)	0	99786	d446d897	cbfccdb8	2/Time_gepackt/Time031_060/Time049.DMS/mod.musik
c1d075561f9becfb2cec6fc4fce1e2f6	1	102520	player	uade	Startrekker (4ch)	0	99786	d446d897	cbfccdb8	2/Time_gepackt/Time151_180/Time171.DMS/mod.musik
c21febbd4856d09b7fa6150b3858bbbf	1	136520	player	uade	Protracker compatible	0	213800	92ce9f12	94e608a6	1/Time_ungepackt/121_150/Time149/mod.musik
c21febbd4856d09b7fa6150b3858bbbf	1	136520	player	uade	Protracker compatible	0	213800	92ce9f12	94e608a6	2/Time_gepackt/Time121_150/Time149.DMS/mod.musik
c3290b74673ca0f57c1a72a7c5a46b54	1	73082	player	uade	Noisetracker 1.x	0	55800	83c2048d	1d723b98	1/Time_ungepackt/001_030/Time024/MOD.Piano
c3290b74673ca0f57c1a72a7c5a46b54	1	73082	player	uade	Noisetracker 1.x	0	55800	83c2048d	1d723b98	1/Time_ungepackt/061_090/Time082/MOD.musik
c3290b74673ca0f57c1a72a7c5a46b54	1	73082	player	uade	Noisetracker 1.x	0	55800	83c2048d	1d723b98	2/Time_gepackt/Time001_030/Time024.DMS/MOD.Piano
c3290b74673ca0f57c1a72a7c5a46b54	1	73082	player	uade	Noisetracker 1.x	0	55800	83c2048d	1d723b98	2/Time_gepackt/Time061_090/Time082.DMS/MOD.musik
c3af9fb8fcb8985001f1153f67826c92	1	61568	player	uade	Protracker	0	19306	accaffb1	6d0dfa3e	2/Time_gepackt/Time271_300/Time300.DMS/mod.musik
c3af9fb8fcb8985001f1153f67826c92	1	61568	player	uade	Protracker	0	19306	accaffb1	6d0dfa3e	2/Time_gepackt/Time331_360/Time347.DMS/Mod.musik
c3af9fb8fcb8985001f1153f67826c92	1	61568	player	uade	Protracker	0	19306	accaffb1	6d0dfa3e	2/Time_ungepackt/Time_271_300/Time300/mod.musik
c3af9fb8fcb8985001f1153f67826c92	1	61568	player	uade	Protracker	0	19306	accaffb1	6d0dfa3e	2/Time_ungepackt/Time_331_360/Time347/Mod.musik
c3eaf2441956724585c1e0b97d2d056d	1	61568	player	uade	Protracker compatible	0	46804	b818704a	251325cb	1/German_ungepackt/061_090/GERM_78/Jumpy/jumpysong01
c3eaf2441956724585c1e0b97d2d056d	1	61568	player	uade	Protracker compatible	0	46804	b818704a	251325cb	2/German_gepackt/GERMAN_061_090/Germ078.DMS/Jumpy/jumpysong01
c529a54f0db6dd82f286754b19602462	1	209322	player	uade	Protracker	0	271352	b907a187	4857bc33	2/Time_gepackt/Time331_360/Time355.DMS/Tanks/mod.ari-san<crossroad>
c529a54f0db6dd82f286754b19602462	1	209322	player	uade	Protracker	0	271352	b907a187	4857bc33	2/Time_ungepackt/Time_331_360/Time355/Tanks/mod.ari-san<crossroad>
c5b62b78c1e56f74b49c553d9f4ee80b	1	268921	player	uade	Protracker compatible	0	107100	c5a642fa	6b6bea16	2/Time_gepackt/Time001_030/Time015.DMS/APS/APS_MUZAK
c5d8a81eace98f72e473ae5c3ff4b3dd	1	230541	player	uade	Protracker compatible	0	59716	e7ea8ee1	0c98f72b	2/Time_gepackt/Time361_390/Time_388.DMS/mod.musik
c5d8a81eace98f72e473ae5c3ff4b3dd	1	230541	player	uade	Protracker compatible	0	59716	e7ea8ee1	0c98f72b	2/Time_ungepackt/Time_361_390/Time_388/mod.musik
c64adf4541aec525e4542b227439b9dd	0	5565	player+silence	uade	Amos Music Bank	0	4946	efc4f5d4	2a769d58	1/German_ungepackt/211_240/GERM_216/Data5
c64adf4541aec525e4542b227439b9dd	0	5565	player+silence	uade	Amos Music Bank	0	4946	efc4f5d4	2a769d58	2/German_gepackt/GERMAN_211_240/Germ216.DMS/Data5
c6a4454c345607b469f7c7f4f7084253	1	224051	player	uade	Protracker compatible	0	159530	38a6d870	0a329355	1/Time_ungepackt/151_180/Time170/mod.musik
c6a4454c345607b469f7c7f4f7084253	1	224051	player	uade	Protracker compatible	0	159530	38a6d870	0a329355	2/Time_gepackt/Time151_180/Time170.DMS/mod.musik
c6edc7d85d603fb498696084b8851a18	1	161397	player	uade	Protracker compatible	0	55552	be5cb236	e3279a72	2/Time_gepackt/Time361_390/Time_381.DMS/mod.musik
c6edc7d85d603fb498696084b8851a18	1	161397	player	uade	Protracker compatible	0	55552	be5cb236	e3279a72	2/Time_ungepackt/Time_361_390/Time_381/mod.musik
c74bb671cacfffd0c4bf30e64d228436	0	31648	player	uade	Amos Music Bank	0	15670	3fe6b3a8	0c3edb3c	2/GERMAN_Games/German_Games_026.dms/msx
c76c0036c681c480c2c26111deeaf6c1	1	94543	player	uade	Protracker compatible	0	34508	5cc2f3c8	7e11efe6	2/Time_gepackt/Time301_330/Time317.DMS/mod.musik
c76c0036c681c480c2c26111deeaf6c1	1	94543	player	uade	Protracker compatible	0	34508	5cc2f3c8	7e11efe6	2/Time_ungepackt/Time_301_330/Time317/mod.musik
c76c0036c681c480c2c26111deeaf6c1	2	95327	player
c76c0036c681c480c2c26111deeaf6c1	3	7240	player+silence
c76eede393e141ccd3967b3158a7017c	1	73725	player	uade	Startrekker (4ch)	0	65910	1d64af08	2af7ea6d	1/Time_ungepackt/031_060/Time046/mod.musik
c76eede393e141ccd3967b3158a7017c	1	73725	player	uade	Startrekker (4ch)	0	65910	1d64af08	2af7ea6d	1/Time_ungepackt/061_090/Time080/mod.musik
c76eede393e141ccd3967b3158a7017c	1	73725	player	uade	Startrekker (4ch)	0	65910	1d64af08	2af7ea6d	2/Time_gepackt/Time031_060/Time046.DMS/mod.musik
c76eede393e141ccd3967b3158a7017c	1	73725	player	uade	Startrekker (4ch)	0	65910	1d64af08	2af7ea6d	2/Time_gepackt/Time061_090/Time080.DMS/mod.musik
c81fd454190f41def49198717ea0aea9	1	258613	player	uade	Protracker	0	139772	b9b3be6f	faa3c322	1/German_ungepackt/471_488/GERMAN_475/Modules/mod.darksun's number 3.pp
c81fd454190f41def49198717ea0aea9	1	258613	player	uade	Protracker	0	139772	b9b3be6f	faa3c322	2/German_gepackt/GERMAN_451_480/Germ_475.DMS/Modules/mod.darksun's number 3.pp
c8c2e7908c7610cf14fddb71f24a78b4	1	504594	player+silence	uade	Protracker	0	99426	a6efbc2e	2f63fb5e	1/Time_ungepackt/121_150/Time132/mod.musik
c8c2e7908c7610cf14fddb71f24a78b4	1	504594	player+silence	uade	Protracker	0	99426	a6efbc2e	2f63fb5e	2/Time_gepackt/Time121_150/TIME132.DMS/mod.musik
c912be24d94c33237d87773d6377e861	0	182329	player+silence	uade	Amos Music Bank	0	75024	b5657fef	953513ea	2/GERMAN_Games/German_Games_002.dms/Brainy/sounddaten/Brainmusic
ca8db081975e404462259aa3de5e7c1f	1	631993	player+silence	uade	Soundtracker II (15 instr.)	0	105692	9a3f8133	d1bd5ebe	2/Time_gepackt/Time001_030/Time011.DMS/SpaceWriter/Axel F.
cbf4bf40daf731590a03b875a77ba05b	1	61568	player	uade	Startrekker (4ch)	0	99850	373292ee	b298dfe6	1/Time_ungepackt/091_120/Time099/mod.musik
cbf4bf40daf731590a03b875a77ba05b	1	61568	player	uade	Startrekker (4ch)	0	99850	373292ee	b298dfe6	2/Time_gepackt/Time091_120/Time099.DMS/mod.musik
ccc4d8bfc5108ef0c86b465a8758fb4f	1	195959	player	uade	Protracker	0	86564	f80270b0	b5ff9e1b	1/Time_ungepackt/241_270/Time269/mod.musik
ccc4d8bfc5108ef0c86b465a8758fb4f	1	195959	player	uade	Protracker	0	86564	f80270b0	b5ff9e1b	2/Time_gepackt/Time241_270/Time269.DMS/mod.musik
cced7ddaa24f4f3a125ad60dbb610bf7	1	631993	player+silence	uade	Soundtracker II (15 instr.)	0	105692	95ace650	6b76cb1e	1/German_ungepackt/061_090/GERM_72/Space_Writer/AxelF
cced7ddaa24f4f3a125ad60dbb610bf7	1	631993	player+silence	uade	Soundtracker II (15 instr.)	0	105692	95ace650	6b76cb1e	2/German_gepackt/GERMAN_061_090/Germ072.DMS/Space_Writer/AxelF.
cced8811c7b8e85fafe349c9e0f965d7	0	161397	player	uade	Amos Music Bank	0	65540	31ded5ca	407ca850	1/German_ungepackt/421_450/GERMAN_449/DBtitle.amu
cced8811c7b8e85fafe349c9e0f965d7	0	161397	player	uade	Amos Music Bank	0	65540	31ded5ca	407ca850	1/German_ungepackt/451_470/GERMAN_467/DBtitle.amu
cced8811c7b8e85fafe349c9e0f965d7	0	161397	player	uade	Amos Music Bank	0	65540	31ded5ca	407ca850	2/German_gepackt/GERMAN_421_450/German_449.DMS/DBtitle.amu
cced8811c7b8e85fafe349c9e0f965d7	0	161397	player	uade	Amos Music Bank	0	65540	31ded5ca	407ca850	2/German_gepackt/GERMAN_451_480/Germ_467.DMS/DBtitle.amu
cd0d195d7b0d396625ebbcd10bd604d5	1	325406	player	uade	Protracker	0	151084	554205bf	42dc74f7	1/Time_ungepackt/031_060/Time040/mod.musik
cd0d195d7b0d396625ebbcd10bd604d5	1	325406	player	uade	Protracker	0	151084	554205bf	42dc74f7	2/Time_gepackt/Time031_060/Time040.DMS/mod.musik
cd8650533ec2fb7091e2e1789873756e	0	178356	player	uade	Amos Music Bank	0	57610	83599fac	5b76f4bc	2/Time_gepackt/Time061_090/Time079b.DMS/Level4.abk
cdda324ef7163e67a15cb45d494e2ad3	1	219489	player	uade	Protracker	0	99006	a5ac2fa8	9e0efa08	2/Time_gepackt/Time331_360/Time351.DMS/mod.musik
cdda324ef7163e67a15cb45d494e2ad3	1	219489	player	uade	Protracker	0	99006	a5ac2fa8	9e0efa08	2/Time_gepackt/Time361_390/Time_385.DMS/SiegfriedAWAC/Modules/mod.daytime
cdda324ef7163e67a15cb45d494e2ad3	1	219489	player	uade	Protracker	0	99006	a5ac2fa8	9e0efa08	2/Time_ungepackt/Time_331_360/Time351/mod.musik
cdda324ef7163e67a15cb45d494e2ad3	1	219489	player	uade	Protracker	0	99006	a5ac2fa8	9e0efa08	2/Time_ungepackt/Time_361_390/Time_385/SiegfriedAWAC/Modules/mod.daytime
cec7fc5452cc83169eeedbdb4bc23c32	1	43082	player	uade	Protracker	0	34248	43caddad	012caaea	2/Time_gepackt/Time271_300/Time287.DMS/mod.musik
cec7fc5452cc83169eeedbdb4bc23c32	1	43082	player	uade	Protracker	0	34248	43caddad	012caaea	2/Time_ungepackt/Time_271_300/Time287/mod.musik
cec8630d206b2db0b02e85d3e63fa1e6	0	7113	player	uade	Amos Music Bank	0	3528	b0325b39	b1c49623	1/German_ungepackt/211_240/GERM_216/Data9
cec8630d206b2db0b02e85d3e63fa1e6	0	7113	player	uade	Amos Music Bank	0	3528	b0325b39	b1c49623	2/German_gepackt/GERMAN_211_240/Germ216.DMS/Data9
cf20d446befdc996b80c737971485de3	0	176668	player	uade	David Whittaker	0	29136	0d8a489a	6af5fc3d	1/German_ungepackt/421_450/GERMAN_430/Whittaker/DW.WeirdDreams
cf20d446befdc996b80c737971485de3	0	176668	player	uade	David Whittaker	0	29136	0d8a489a	6af5fc3d	2/German_gepackt/GERMAN_421_450/GERMAN_430.DMS/Whittaker/DW.WeirdDreams
cf20d446befdc996b80c737971485de3	1	86023	player
cf20d446befdc996b80c737971485de3	2	56505	player
cf20d446befdc996b80c737971485de3	3	36430	player
cf20d446befdc996b80c737971485de3	4	99104	player
cf20d446befdc996b80c737971485de3	5	76820	player
cf20d446befdc996b80c737971485de3	6	61468	player
cf20d446befdc996b80c737971485de3	7	51220	player
cf6be577f3efec4c31f8ecebf54157c1	1	339271	player	uade	OctaMED MMD1	0	443866	c9f889d2	8c81559f	2/Time_gepackt/Time361_390/Time_370.DMS/OctaMEDV5.04/Module/3kings
cf6be577f3efec4c31f8ecebf54157c1	1	339271	player	uade	OctaMED MMD1	0	443866	c9f889d2	8c81559f	2/Time_ungepackt/Time_361_390/Time_370/OctaMEDV5.04/Module/3kings
cf6be577f3efec4c31f8ecebf54157c1	2	221458	player
cf6be577f3efec4c31f8ecebf54157c1	3	236099	player+silence
cfec0cb8304cbe1f4b20358095e32929	1	99968	player	uade	Protracker compatible	0	61538	6f9bc999	2040bb92	1/Time_ungepackt/121_150/Time144/mod.musik
cfec0cb8304cbe1f4b20358095e32929	1	99968	player	uade	Protracker compatible	0	61538	6f9bc999	2040bb92	2/Time_gepackt/Time121_150/Time144.DMS/mod.musik
d03e8122df68997ac2d8bdc76c234d25	0	69023	player	uade	JamCracker	0	28250	1f595e5e	6e7e4040	1/Time_ungepackt/001_030/Time025/JAM.Xag-Living_On_Video
d03e8122df68997ac2d8bdc76c234d25	0	69023	player	uade	JamCracker	0	28250	1f595e5e	6e7e4040	1/Time_ungepackt/121_150/Time122/Audio/mod.2
d03e8122df68997ac2d8bdc76c234d25	0	69023	player	uade	JamCracker	0	28250	1f595e5e	6e7e4040	2/Time_gepackt/Time001_030/Time025.DMS/JAM.Xag-Living_On_Video
d03e8122df68997ac2d8bdc76c234d25	0	69023	player	uade	JamCracker	0	28250	1f595e5e	6e7e4040	2/Time_gepackt/Time121_150/Time122.DMS/Audio/mod.2
d0a0c4a7c888b1a9e1af83f7dca07b81	1	129444	player+volume	uade	Protracker compatible	0	65536	e6e33c5d	17ead181	1/Time_ungepackt/061_090/Time076/mod.musik
d0a0c4a7c888b1a9e1af83f7dca07b81	1	129444	player+volume	uade	Protracker compatible	0	65536	e6e33c5d	17ead181	2/Time_gepackt/Time061_090/Time076.DMS/mod.musik
d0abb444aafe9166ace77dcd9e7d7114	0	53832	player	uade	David Whittaker	0	15370	91f23b87	3c323016	1/German_ungepackt/421_450/GERMAN_430/Whittaker/DW.ChipsChallenge
d0abb444aafe9166ace77dcd9e7d7114	0	53832	player	uade	David Whittaker	0	15370	91f23b87	3c323016	2/German_gepackt/GERMAN_421_450/GERMAN_430.DMS/Whittaker/DW.ChipsChallenge
d0abb444aafe9166ace77dcd9e7d7114	1	49994	player
d0abb444aafe9166ace77dcd9e7d7114	10	14005	player
d0abb444aafe9166ace77dcd9e7d7114	11	26825	player
d0abb444aafe9166ace77dcd9e7d7114	2	48070	loop
d0abb444aafe9166ace77dcd9e7d7114	3	29418	player
d0abb444aafe9166ace77dcd9e7d7114	4	99968	player
d0abb444aafe9166ace77dcd9e7d7114	5	16698	player
d0abb444aafe9166ace77dcd9e7d7114	6	27790	player
d0abb444aafe9166ace77dcd9e7d7114	7	16698	player
d0abb444aafe9166ace77dcd9e7d7114	8	27790	player
d0abb444aafe9166ace77dcd9e7d7114	9	31266	player
d2573c7b507ae64159b29b42e90e03d9	1	112769	player	uade	Startrekker (4ch)	0	111378	579e02ae	06c1d540	1/Time_ungepackt/181_210/Time181/mod.musik
d2573c7b507ae64159b29b42e90e03d9	1	112769	player	uade	Startrekker (4ch)	0	111378	579e02ae	06c1d540	2/Time_gepackt/Time181_210/Time181.DMS/mod.musik
d289d57aba8801d5ed47ebfc0760d928	1	123720	player	uade	Protracker	0	74590	b27a6363	0ccde452	1/Time_ungepackt/091_120/Time097/mod.musik
d289d57aba8801d5ed47ebfc0760d928	1	123720	player	uade	Protracker	0	74590	b27a6363	0ccde452	2/Time_gepackt/Time091_120/Time097.DMS/mod.musik
d3165942d72de2dece51abdd74a6c4f4	1	138630	player	uade	OctaMED MMD0	0	53534	649ed56a	a1bdf75a	1/German_ungepackt/391_420/GERMAN_397/SG5
d3165942d72de2dece51abdd74a6c4f4	1	138630	player	uade	OctaMED MMD0	0	53534	649ed56a	a1bdf75a	2/GERMAN_Games/German_Games_009.dms/SG5
d3165942d72de2dece51abdd74a6c4f4	1	138630	player	uade	OctaMED MMD0	0	53534	649ed56a	a1bdf75a	2/German_gepackt/GERMAN_391_420/GERMAN_397.DMS/SG5
d3165942d72de2dece51abdd74a6c4f4	1	138630	player	uade	OctaMED MMD0	0	53534	649ed56a	a1bdf75a	2/Time_gepackt/Time361_390/Time_383.DMS/Sneer/SG5
d3165942d72de2dece51abdd74a6c4f4	1	138630	player	uade	OctaMED MMD0	0	53534	649ed56a	a1bdf75a	2/Time_ungepackt/Time_361_390/Time_383/Sneer/SG5
d330b1d964828bdb657e1e3bc70751e5	1	199797	player	uade	Noisetracker 1.x	0	46240	2adac3e1	c3cfa32e	1/Time_ungepackt/241_270/Time242/MOD.musik
d330b1d964828bdb657e1e3bc70751e5	1	199797	player	uade	Noisetracker 1.x	0	46240	2adac3e1	c3cfa32e	2/Time_gepackt/Time241_270/Time242.DMS/MOD.musik
d3d3fbcfe7f3bb19b3cb254edc2f6bfe	1	388783	player	uade	Protracker	0	179532	2b847418	1d542ad6	1/Time_ungepackt/181_210/Time182/mod.musik
d3d3fbcfe7f3bb19b3cb254edc2f6bfe	1	388783	player	uade	Protracker	0	179532	2b847418	1d542ad6	2/Time_gepackt/Time181_210/Time182.DMS/mod.musik
d4145ebd5a1f0fb3424144a144708e51	1	322693	player	uade	Noisetracker 1.x	0	85024	9b4b8a98	6d419877	2/Time_gepackt/Time301_330/Time330.DMS/mod.musik
d4145ebd5a1f0fb3424144a144708e51	1	322693	player	uade	Noisetracker 1.x	0	85024	9b4b8a98	6d419877	2/Time_ungepackt/Time_301_330/Time330/mod.musik
d637809f9cdd25cffe37291dbd40136d	1	276597	player	uade	Protracker	0	85190	7389cbba	fff0e4aa	1/Time_ungepackt/001_030/Time019/PERFORMED_SOUNDS
d637809f9cdd25cffe37291dbd40136d	1	276597	player	uade	Protracker	0	85190	7389cbba	fff0e4aa	2/Time_gepackt/Time001_030/Time019.DMS/PERFORMED_SOUNDS
d79375359e3f59a564492d45c13d41ab	1	130693	player	uade	Noisetracker 1.x	0	153724	7f8ee043	f009db1c	1/Time_ungepackt/001_030/Time030/Modules/mod.ura
d79375359e3f59a564492d45c13d41ab	1	130693	player	uade	Noisetracker 1.x	0	153724	7f8ee043	f009db1c	2/Time_gepackt/Time001_030/Time030.DMS/Modules/mod.ura
d8cbf20ffc38d6c61bde447a0e0d66cd	1	143493	player	uade	Soundtracker II (31 instr.)	0	79484	debeda67	0889d1d6	1/Time_ungepackt/091_120/Time105/mod.musik
d8cbf20ffc38d6c61bde447a0e0d66cd	1	143493	player	uade	Soundtracker II (31 instr.)	0	79484	debeda67	0889d1d6	2/Time_gepackt/Time091_120/Time105.DMS/mod.musik
d968fc9c6ebaab6bbe905b7775333d8d	0	67577	player	uade	Sonix Music Driver	0	3618	3bf40df3	0b5c9223	1/German_ungepackt/001_030/German_19/Scores/InTheMixPart1.smus
d968fc9c6ebaab6bbe905b7775333d8d	0	67577	player	uade	Sonix Music Driver	0	3618	3bf40df3	0b5c9223	2/German_gepackt/GERMAN_001_030/Germ019.DMS/Scores/InTheMixPart1.smus
d995971719d9a04c299b73dfeedb2577	1	204459	player	uade	OctaMED MMD0	0	56136	66eb3236	dedf2a80	2/Time_gepackt/Time391_418/Time_397.DMS/VAttack/med.song
d995971719d9a04c299b73dfeedb2577	1	204459	player	uade	OctaMED MMD0	0	56136	66eb3236	dedf2a80	2/Time_ungepackt/Time_391_418/Time_397/VAttack/med.song
d9f5dda84952652ab862631ad14da290	1	249731	player	uade	Protracker	0	133326	ab82bc24	e646be1a	2/GERMAN_Games/German_Games_028.dms/modules/music
da3646b18ab00c084b98b288135fb35f	1	230541	player	uade	Noisetracker 1.x	0	108916	2c3ba077	ef517317	2/Time_gepackt/Time001_030/Time017.DMS/MODULES/MOD.axk22
dab10fd464ee5ceeeee20604dcddd489	1	57730	player	uade	Protracker	0	12562	6c73b600	0faf4702	1/RMS_Katalog/mod.x
dab10fd464ee5ceeeee20604dcddd489	1	57730	player	uade	Protracker	0	12562	6c73b600	0faf4702	2/RMS_Katalog/mod.x
dad0c200ab08cfc487a6a9ff5cc94c25	1	96171	player	uade	Protracker compatible	0	58778	cf6be44c	0d6e7a2c	2/Time_gepackt/Time361_390/Time_368.DMS/mod.musik
dad0c200ab08cfc487a6a9ff5cc94c25	1	96171	player	uade	Protracker compatible	0	58778	cf6be44c	0d6e7a2c	2/Time_ungepackt/Time_361_390/Time_368/mod.musik
dad57bf89526f75174d5b0e80978e026	1	141771	player+silence	uade	Protracker compatible	0	67274	ba22deeb	f67df254	1/RMS_Katalog/mod.air
dad57bf89526f75174d5b0e80978e026	1	141771	player+silence	uade	Protracker compatible	0	67274	ba22deeb	f67df254	2/RMS_Katalog/mod.air
db25022152914a01ce9bead5311bf12f	1	122997	player	uade	Protracker	0	197126	2f38dfb2	4cd3da6e	1/Time_ungepackt/181_210/Time191/Modules/mod.junc
db25022152914a01ce9bead5311bf12f	1	122997	player	uade	Protracker	0	197126	2f38dfb2	4cd3da6e	2/Time_gepackt/Time181_210/Time191.DMS/Modules/mod.junc
db5525af9defa1515f65e129b5cd110f	1	153417	player+silence	uade	Startrekker (4ch)	0	44410	0ef96093	b724f551	1/German_ungepackt/091_120/GERM_108/Modules/mod.echoing
db5525af9defa1515f65e129b5cd110f	1	153417	player+silence	uade	Startrekker (4ch)	0	44410	0ef96093	b724f551	1/Time_ungepackt/001_030/Time021/Modules/mod.echoing
db5525af9defa1515f65e129b5cd110f	1	153417	player+silence	uade	Startrekker (4ch)	0	44410	0ef96093	b724f551	2/German_gepackt/GERMAN_091_120/Germ108.DMS/Modules/mod.echoing
db5525af9defa1515f65e129b5cd110f	1	153417	player+silence	uade	Startrekker (4ch)	0	44410	0ef96093	b724f551	2/Time_gepackt/Time001_030/Time017.DMS/MODULES/mod.echoing
db5525af9defa1515f65e129b5cd110f	1	153417	player+silence	uade	Startrekker (4ch)	0	44410	0ef96093	b724f551	2/Time_gepackt/Time001_030/Time021.DMS/Modules/mod.echoing
dbf5b06c098d5fa64c75f4627084f974	1	219007	player	uade	Protracker compatible	0	110366	7fc899ce	0839ce4f	1/Time_ungepackt/091_120/Time109/mod.musik
dbf5b06c098d5fa64c75f4627084f974	1	219007	player	uade	Protracker compatible	0	110366	7fc899ce	0839ce4f	2/Time_gepackt/Time091_120/Time109.DMS/mod.musik
dbf99fd2c620e396a2f8f3727a8df190	1	89720	player	uade	Protracker compatible	0	108190	3dd0d240	84efdb6c	1/German_ungepackt/451_470/GERMAN_460/ITP_Demo/Demo1_Data/Music/MOD.Alien_Fortress
dbf99fd2c620e396a2f8f3727a8df190	1	89720	player	uade	Protracker compatible	0	108190	3dd0d240	84efdb6c	2/German_gepackt/GERMAN_451_480/German_460.DMS/ITP_Demo/Demo1_Data/Music/MOD.Alien_Fortress
dc27e09e3b040cbb9a7837e591b58950	1	284293	player	uade	Noisetracker 1.x	0	123924	898a5d44	70d52057	1/Time_ungepackt/181_210/Time204/mod.musik
dc27e09e3b040cbb9a7837e591b58950	1	284293	player	uade	Noisetracker 1.x	0	123924	898a5d44	70d52057	2/Time_gepackt/Time181_210/Time204.DMS/mod.musik
dc84656ac641e5f0c4268a1cfa4eaadf	1	184445	player	uade	Protracker	0	82216	c7844fd5	f0c93c98	1/Time_ungepackt/211_240/Time228/mod.musik
dc84656ac641e5f0c4268a1cfa4eaadf	1	184445	player	uade	Protracker	0	82216	c7844fd5	f0c93c98	2/Time_gepackt/Time211_240/Time228.DMS/mod.musik
dc89d8ab8a7a9974200fde7e63524cea	1	437894	player	uade	Noisetracker 1.x	0	76256	ff6a3375	8722e60f	1/Time_ungepackt/211_240/Time221/mod.musik
dc89d8ab8a7a9974200fde7e63524cea	1	437894	player	uade	Noisetracker 1.x	0	76256	ff6a3375	8722e60f	2/Time_gepackt/Time211_240/Time221.DMS/mod.musik
dcb3362443fce1f0147b433d0d1dccfc	1	115321	player	uade	Protracker compatible	0	55448	42cb835e	f59689e6	1/Time_ungepackt/211_240/Time238/mod.musik
dcb3362443fce1f0147b433d0d1dccfc	1	115321	player	uade	Protracker compatible	0	55448	42cb835e	f59689e6	2/Time_gepackt/Time211_240/Time238.DMS/mod.musik
dd03c259e8c23993add5a6db4765730f	1	84616	player	uade	Noisetracker 1.x	0	22248	3ed15bd5	e36cd47d	1/Time_ungepackt/241_270/Time247/mod.musik
dd03c259e8c23993add5a6db4765730f	1	84616	player	uade	Noisetracker 1.x	0	22248	3ed15bd5	e36cd47d	2/Time_gepackt/Time241_270/Time247.DMS/mod.musik
dd348d01d6124ee840e601b58866fe57	0	76531	loop	uade	David Whittaker	0	33826	1b823b90	d9d8b2a4	1/German_ungepackt/421_450/GERMAN_430/Whittaker/DW.Buffalo
dd348d01d6124ee840e601b58866fe57	0	76531	loop	uade	David Whittaker	0	33826	1b823b90	d9d8b2a4	2/German_gepackt/GERMAN_421_450/GERMAN_430.DMS/Whittaker/DW.Buffalo
dd348d01d6124ee840e601b58866fe57	1	99958	loop
dd348d01d6124ee840e601b58866fe57	2	96921	loop
dd348d01d6124ee840e601b58866fe57	3	65480	loop
dd348d01d6124ee840e601b58866fe57	4	44739	loop
dd348d01d6124ee840e601b58866fe57	5	36944	loop
dd348d01d6124ee840e601b58866fe57	6	81884	loop
dd348d01d6124ee840e601b58866fe57	7	59545	loop
dd348d01d6124ee840e601b58866fe57	8	48834	loop
dde0b74175c3f404927077850be5a327	0	31206	player	uade	Amos Music Bank	0	13458	3b9b00d0	5eeaba43	2/GERMAN_Games/German_Games_025.dms/CielitoLindo.abk
dde0b74175c3f404927077850be5a327	0	31206	player	uade	Amos Music Bank	0	13458	3b9b00d0	5eeaba43	2/Time_gepackt/Time331_360/Time352b.DMS/CielitoLindo.abk
dde0b74175c3f404927077850be5a327	0	31206	player	uade	Amos Music Bank	0	13458	3b9b00d0	5eeaba43	2/Time_ungepackt/Time_331_360/Time352b/CielitoLindo.abk
de63344eac92924b499b3ac88109408c	1	98682	player	uade	Protracker	0	25968	67e26cb7	f7d0052b	1/Time_ungepackt/241_270/Time256/mod.musik
de63344eac92924b499b3ac88109408c	1	98682	player	uade	Protracker	0	25968	67e26cb7	f7d0052b	2/Time_gepackt/Time241_270/Time256.DMS/mod.musik
de6d2926957105d13f3f68cb7bf21130	1	224754	player	uade	Protracker compatible	0	95606	c9bb55b9	4e3a63c7	1/Time_ungepackt/001_030/Time026/sound-cult
de6d2926957105d13f3f68cb7bf21130	1	224754	player	uade	Protracker compatible	0	95606	c9bb55b9	4e3a63c7	2/Time_gepackt/Time001_030/Time026.DMS/sound-cult
dea2879bb270ebebdcd2f97e43021d9a	1	85882	player	uade	Protracker	0	49746	edd28eea	373223a6	1/Time_ungepackt/211_240/Time239/mod.musik
dea2879bb270ebebdcd2f97e43021d9a	1	85882	player	uade	Protracker	0	49746	edd28eea	373223a6	2/Time_gepackt/Time211_240/Time239.DMS/mod.musik
deba82392e63da8f5350c45f9b688576	1	48125	player	uade	Protracker	0	53064	2da0a13e	ac289a40	1/Time_ungepackt/241_270/Time255/mod.musik
deba82392e63da8f5350c45f9b688576	1	48125	player	uade	Protracker	0	53064	2da0a13e	ac289a40	2/Time_gepackt/Time241_270/Time255.DMS/mod.musik
deba82392e63da8f5350c45f9b688576	1	48125	player	uade	Protracker	0	53064	2da0a13e	ac289a40	2/Time_gepackt/Time271_300/Time284.DMS/mod.musik
deba82392e63da8f5350c45f9b688576	1	48125	player	uade	Protracker	0	53064	2da0a13e	ac289a40	2/Time_ungepackt/Time_271_300/Time284/mod.musik
df006f0a3147d9dc8c809153fce38d1d	1	391818	player	uade	Protracker	0	113928	ee054615	18a24157	1/German_ungepackt/391_420/GERMAN_416/GALAGA.MUSIC
df006f0a3147d9dc8c809153fce38d1d	1	391818	player	uade	Protracker	0	113928	ee054615	18a24157	2/GERMAN_Games/German_Games_014.dms/GALAGA.MUSIC
df006f0a3147d9dc8c809153fce38d1d	1	391818	player	uade	Protracker	0	113928	ee054615	18a24157	2/German_gepackt/GERMAN_391_420/GERMAN_416.DMS/GALAGA.MUSIC
df006f0a3147d9dc8c809153fce38d1d	1	391818	player	uade	Protracker	0	113928	ee054615	18a24157	2/Time_gepackt/Time361_390/Time_390.DMS/Galaga/GALAGA.MUSIC
df006f0a3147d9dc8c809153fce38d1d	1	391818	player	uade	Protracker	0	113928	ee054615	18a24157	2/Time_ungepackt/Time_361_390/Time_390/Galaga/GALAGA.MUSIC
df952d8aabb5cd51aa02a6648d1a75f5	1	171002	player	uade	Protracker	0	177564	1b8614c9	f5f3daaf	1/Time_ungepackt/211_240/Time212/Mod.musik
df952d8aabb5cd51aa02a6648d1a75f5	1	171002	player	uade	Protracker	0	177564	1b8614c9	f5f3daaf	2/Time_gepackt/Time211_240/Time212.DMS/Mod.musik
dfdff6e3419e838d81ec665c351f824a	1	215370	player	uade	OctaMED MMD0	0	76390	be47e872	fd59c52d	1/German_ungepackt/451_470/GERMAN_464/Knallfrosch_V2.0/MEDley.med
dfdff6e3419e838d81ec665c351f824a	1	215370	player	uade	OctaMED MMD0	0	76390	be47e872	fd59c52d	2/German_gepackt/GERMAN_451_480/Germ_464.DMS/Knallfrosch_V2.0/MEDley.med
dfe2484621477d716183e7c7d64d32e3	1	84616	player	uade	Protracker	0	78426	a41ba25e	20c28c92	1/German_ungepackt/181_210/GERM_189/Modules/mod.flipping_dildo.pp
dfe2484621477d716183e7c7d64d32e3	1	84616	player	uade	Protracker	0	78426	a41ba25e	20c28c92	2/German_gepackt/GERMAN_181_210/Germ189.DMS/Modules/mod.flipping_dildo.pp
e11a1e3f1a03a4c3b1a16907953cb904	1	161397	player	uade	Noisetracker 1.x	0	82460	a3364787	59d36a48	1/Time_ungepackt/241_270/Time257/mod.musik
e11a1e3f1a03a4c3b1a16907953cb904	1	161397	player	uade	Noisetracker 1.x	0	82460	a3364787	59d36a48	2/Time_gepackt/Time241_270/Time257.DMS/mod.musik
e15280ade158db4f5a86c4463e8e90df	1	134531	player	uade	Protracker	0	51530	dc1e999b	68a0fdf8	1/German_ungepackt/471_488/GERMAN_483/BreakinBriks.lha/Break_Music1
e15280ade158db4f5a86c4463e8e90df	1	134531	player	uade	Protracker	0	51530	dc1e999b	68a0fdf8	2/German_gepackt/GERMAN_481_508/German_483.DMS/BreakinBriks.lha/Break_Music1
e1bd1653d6553ced22758a74599fee86	1	291969	player	uade	Protracker compatible	0	157398	9eadb561	bcfdebe5	1/Time_ungepackt/241_270/Time250/Modules/mod.blues by esp.pp
e1bd1653d6553ced22758a74599fee86	1	291969	player	uade	Protracker compatible	0	157398	9eadb561	bcfdebe5	2/Time_gepackt/Time241_270/Time250.DMS/Modules/mod.blues by esp.pp
e2435922a8094f6f71fa48c7064bd5f3	1	51320	player	uade	Protracker compatible	0	20900	6b82f020	86db86fb	1/Time_ungepackt/061_090/Time081/mod.musik
e2435922a8094f6f71fa48c7064bd5f3	1	51320	player	uade	Protracker compatible	0	20900	6b82f020	86db86fb	2/Time_gepackt/Time061_090/Time081.DMS/mod.musik
e253f38d917ffe5fbf912970402ab069	0	214928	player	uade	SoundMon 2.0	0	10388	5466316a	f9b7f6da	1/Time_ungepackt/001_030/Time027/SMP/SDM.ZZZAX QUME
e253f38d917ffe5fbf912970402ab069	0	214928	player	uade	SoundMon 2.0	0	10388	5466316a	f9b7f6da	2/Time_gepackt/Time001_030/Time027.DMS/SMP/SDM.ZZZAX QUME
e255582355061f9f002ca61cf0f49ccf	1	120138	player+volume	uade	Protracker	0	118706	42dbf8c9	3c201044	1/Time_ungepackt/181_210/Time185/mod.musik
e255582355061f9f002ca61cf0f49ccf	1	120138	player+volume	uade	Protracker	0	118706	42dbf8c9	3c201044	2/Time_gepackt/Time181_210/Time185.DMS/mod.musik
e3834e52b2ee0b25ebf30d60db752795	1	138369	player	uade	Protracker	0	84288	d809dc2a	4c08c045	1/Time_ungepackt/211_240/Time237/mod.musik
e3834e52b2ee0b25ebf30d60db752795	1	138369	player	uade	Protracker	0	84288	d809dc2a	4c08c045	2/Time_gepackt/Time211_240/Time237.DMS/mod.musik
e38d92f04de5162cdff3c9f5a6ddb658	0	75474	player	uade	Amos Music Bank	0	128198	4a126b58	00383c5f	2/GERMAN_Games/German_Games_024.dms/sonido/Musica_final.abk
e38d92f04de5162cdff3c9f5a6ddb658	0	75474	player	uade	Amos Music Bank	0	128198	4a126b58	00383c5f	2/Time_gepackt/Time331_360/Time352a.DMS/sonido/Musica_final.abk
e38d92f04de5162cdff3c9f5a6ddb658	0	75474	player	uade	Amos Music Bank	0	128198	4a126b58	00383c5f	2/Time_ungepackt/Time_331_360/Time352a/sonido/Musica_final.abk
e4bf7fbe64e4be2600d154c34c6d494b	0	11895	player+silence	uade	Amos Music Bank	0	16418	3e7e1447	7640f9fb	1/German_ungepackt/151_180/GERM_163/compl.snd
e4bf7fbe64e4be2600d154c34c6d494b	0	11895	player+silence	uade	Amos Music Bank	0	16418	3e7e1447	7640f9fb	2/German_gepackt/GERMAN_151_180/Germ163.DMS/compl.snd
e4cea02602d9143983bb1bfa34671401	1	61568	player	uade	Protracker	0	27844	6ebdcead	ff1cb27e	2/Time_gepackt/Time271_300/Time293.DMS/mod.musik
e4cea02602d9143983bb1bfa34671401	1	61568	player	uade	Protracker	0	27844	6ebdcead	ff1cb27e	2/Time_ungepackt/Time_271_300/Time293/mod.musik
e6024b5f989f8965f6a87e4cbbf011f1	1	161397	player	uade	Noisetracker 1.x	0	49590	07a5d460	0a182ef5	1/Time_ungepackt/001_030/Time024/MOD.white_song
e6024b5f989f8965f6a87e4cbbf011f1	1	161397	player	uade	Noisetracker 1.x	0	49590	07a5d460	0a182ef5	1/Time_ungepackt/091_120/Time118/MOD.musik
e6024b5f989f8965f6a87e4cbbf011f1	1	161397	player	uade	Noisetracker 1.x	0	49590	07a5d460	0a182ef5	2/Time_gepackt/Time001_030/Time024.DMS/MOD.white_song
e6024b5f989f8965f6a87e4cbbf011f1	1	161397	player	uade	Noisetracker 1.x	0	49590	07a5d460	0a182ef5	2/Time_gepackt/Time091_120/Time118.DMS/MOD.musik
e648ea47f4912399fc3a75f199cb00aa	0	77885	player	uade	David Whittaker	0	48402	5ddb3090	942ca560	1/German_ungepackt/421_450/GERMAN_430/Whittaker/DW.Wreckers
e648ea47f4912399fc3a75f199cb00aa	0	77885	player	uade	David Whittaker	0	48402	5ddb3090	942ca560	2/German_gepackt/GERMAN_421_450/GERMAN_430.DMS/Whittaker/DW.Wreckers
e6f3dc1e735101ddf4b7b4976364ed20	1	181606	player+silence	uade	Protracker	0	342904	eadebd6f	102e1de3	1/German_ungepackt/271_300/German291/Modules/mod.judgement_day.pp
e6f3dc1e735101ddf4b7b4976364ed20	1	181606	player+silence	uade	Protracker	0	342904	eadebd6f	102e1de3	2/German_gepackt/GERMAN_271_300/Germ291.DMS/Modules/mod.judgement_day.pp
e7a34eb22daca8089677cc10b28aff7b	1	91629	player	uade	Startrekker (4ch)	0	124704	c84b1920	e0d748aa	1/Time_ungepackt/181_210/Time206/mod.musik
e7a34eb22daca8089677cc10b28aff7b	1	91629	player	uade	Startrekker (4ch)	0	124704	c84b1920	e0d748aa	2/Time_gepackt/Time181_210/Time206.DMS/mod.musik
e7b46a4a4963bf7bc31d66d25b49740c	0	214908	player	uade	Sonix Music Driver	0	1712	bd69e85e	25ddc625	1/German_ungepackt/001_030/German_19/Scores/PumpEm'Up2.smus
e7b46a4a4963bf7bc31d66d25b49740c	0	214908	player	uade	Sonix Music Driver	0	1712	bd69e85e	25ddc625	2/German_gepackt/GERMAN_001_030/Germ019.DMS/Scores/PumpEm'Up2.smus
e7bb2e2ff476822ac5f0edcefe776ca6	1	220293	player	uade	Protracker compatible	0	126070	cfb8b4d5	ad5e3f25	1/German_ungepackt/091_120/GERM_091/NoisePlayer+Modules/mod.2
e7bb2e2ff476822ac5f0edcefe776ca6	1	220293	player	uade	Protracker compatible	0	126070	cfb8b4d5	ad5e3f25	2/German_gepackt/GERMAN_091_120/Germ091.DMS/NoisePlayer+Modules/mod.2
e7bb2e2ff476822ac5f0edcefe776ca6	1	220293	player	uade	Protracker compatible	0	126070	cfb8b4d5	ad5e3f25	2/Time_gepackt/Time001_030/Time014.DMS/APS/APS_MUZAK
e7bb2e2ff476822ac5f0edcefe776ca6	1	220293	player	uade	Protracker compatible	0	126070	cfb8b4d5	ad5e3f25	2/Time_gepackt/Time001_030/Time014.DMS/mod.2
e83bebc349bb5f9f925489d2f5aad1de	1	212082	player+silence	uade	Protracker compatible	0	80850	ac92cfa5	6ab5bc29	2/Time_ungepackt/Time_271_300/Time278/mod.musik
e8530d90739105a5a078a00f1adcc3b3	1	65406	player	uade	Protracker compatible	0	37798	d78fd672	d39300f7	1/German_ungepackt/091_120/GERM_091/NoisePlayer+Modules/mod.8
e8530d90739105a5a078a00f1adcc3b3	1	65406	player	uade	Protracker compatible	0	37798	d78fd672	d39300f7	2/German_gepackt/GERMAN_091_120/Germ091.DMS/NoisePlayer+Modules/mod.8
e9220267729b5464a3801dc38df9f9a3	0	180486	player	uade	Amos Music Bank	0	42360	dd01fc63	09749e63	1/German_ungepackt/151_180/GERM_152/Build_the_way/6.btw
e9220267729b5464a3801dc38df9f9a3	0	180486	player	uade	Amos Music Bank	0	42360	dd01fc63	09749e63	2/German_gepackt/GERMAN_151_180/Germ152.DMS/Build_the_way/6.btw
e9220267729b5464a3801dc38df9f9a3	0	180486	player	uade	Amos Music Bank	0	42360	dd01fc63	09749e63	2/Time_gepackt/Time031_060/Time047.DMS/Build_the_way/6.btw
e93c2e851b87f85a6a72e0ee4e4d1b64	1	223327	player	uade	Startrekker (4ch)	0	140454	462b6cdd	ea32ec6a	1/Time_ungepackt/181_210/Time191/Modules/mod.compact_resolut
e93c2e851b87f85a6a72e0ee4e4d1b64	1	223327	player	uade	Startrekker (4ch)	0	140454	462b6cdd	ea32ec6a	2/Time_gepackt/Time181_210/Time191.DMS/Modules/mod.compact_resolut
e96a4e0ba0a011bc23c368302254af60	1	82044	player	uade	Protracker	0	41464	19cb8d2c	4510f0cb	1/Time_ungepackt/091_120/Time091/mod.musik
e96a4e0ba0a011bc23c368302254af60	1	82044	player	uade	Protracker	0	41464	19cb8d2c	4510f0cb	2/Time_gepackt/Time091_120/Time091.DMS/mod.musik
ea119ef12f7cad9ff6108a16135617cb	1	142604	player+silence	uade	Protracker compatible	0	40504	77e906ea	ce754549	2/Time_gepackt/Time301_330/Time319.DMS/mod.musik
ea119ef12f7cad9ff6108a16135617cb	1	142604	player+silence	uade	Protracker compatible	0	40504	77e906ea	ce754549	2/Time_ungepackt/Time_301_330/Time319/mod.musik
eb3aa546c08bfcdd7f500ac1ca6bd3be	1	344129	player+silence	uade	Protracker compatible	0	171738	4b4f0b0e	271cfc88	1/Time_ungepackt/211_240/Time213/mod.musik
eb3aa546c08bfcdd7f500ac1ca6bd3be	1	344129	player+silence	uade	Protracker compatible	0	171738	4b4f0b0e	271cfc88	2/Time_gepackt/Time211_240/Time213.DMS/mod.musik
ed4fc3983d998b28c2fa2987e058ef7d	0	66692	player	uade	Amos Music Bank	0	31200	51d1310c	613c81cc	1/German_ungepackt/391_420/GERMAN_408/Pucmans_Worlds/Mus3.Abk
ed4fc3983d998b28c2fa2987e058ef7d	0	66692	player	uade	Amos Music Bank	0	31200	51d1310c	613c81cc	2/GERMAN_Games/German_Games_012.dms/Pucmans_Worlds/Mus3.Abk
ed4fc3983d998b28c2fa2987e058ef7d	0	66692	player	uade	Amos Music Bank	0	31200	51d1310c	613c81cc	2/German_gepackt/GERMAN_391_420/GERMAN_408.DMS/Pucmans_Worlds/Mus3.Abk
ed633b29211f8eb948327734d25d922f	1	53872	player	uade	Protracker	0	26000	1abd84e2	1ab68f7e	1/Time_ungepackt/211_240/Time229/Modules/MOD.MUSIK1
ed633b29211f8eb948327734d25d922f	1	53872	player	uade	Protracker	0	26000	1abd84e2	1ab68f7e	2/Time_gepackt/Time211_240/Time229.DMS/Modules/MOD.MUSIK1
ed655fd21117544a4e2f3237162232bb	0	99948	player	uade	Amos Music Bank	0	47196	386334d7	f4a1611c	1/German_ungepackt/151_180/GERM_163/title.snd
ed655fd21117544a4e2f3237162232bb	0	99948	player	uade	Amos Music Bank	0	47196	386334d7	f4a1611c	2/German_gepackt/GERMAN_151_180/Germ163.DMS/title.snd
ee86fc9b00fa98fbf619383618e6c622	1	138369	player	uade	Protracker compatible	0	59062	6cc6d660	3506de56	2/Time_gepackt/Time361_390/Time_384.DMS/mod.musik
ee86fc9b00fa98fbf619383618e6c622	1	138369	player	uade	Protracker compatible	0	59062	6cc6d660	3506de56	2/Time_ungepackt/Time_361_390/Time_384/mod.musik
eefe642b116a922f605ba132a9da308f	1	207493	player	uade	Soundtracker II (15 instr.)	0	104980	5f82930f	b9e31fa4	1/Time_ungepackt/001_030/Time010/ST-Musik
eefe642b116a922f605ba132a9da308f	1	207493	player	uade	Soundtracker II (15 instr.)	0	104980	5f82930f	b9e31fa4	2/Time_gepackt/Time001_030/Time010.DMS/ST-Musik
ef858e0e18a7e6b58766088d538c27fd	1	245371	player	uade	Protracker compatible	0	106500	f7a9808d	c969b616	1/Time_ungepackt/211_240/Time236/mod.musik
ef858e0e18a7e6b58766088d538c27fd	1	245371	player	uade	Protracker compatible	0	106500	f7a9808d	c969b616	2/Time_gepackt/Time211_240/Time236.DMS/mod.musik
ef8a459bc3b918cf2057ddc13b08cd8c	1	143493	player	uade	Protracker	0	59904	69874676	a090f69e	1/German_ungepackt/271_300/German284/muzak/title.mod
ef8a459bc3b918cf2057ddc13b08cd8c	1	143493	player	uade	Protracker	0	59904	69874676	a090f69e	2/German_gepackt/GERMAN_271_300/Germ284.DMS/muzak/title.mod
f0c275d22c0674cb721d0036f852cd05	1	51320	player	uade	OctaMED MMD0	0	11288	6342b672	f641b077	1/German_ungepackt/391_420/GERMAN_403/Charr1.0/VIOLENT.MED
f0c275d22c0674cb721d0036f852cd05	1	51320	player	uade	OctaMED MMD0	0	11288	6342b672	f641b077	2/German_gepackt/GERMAN_391_420/GERMAN_403.DMS/Charr1.0/VIOLENT.MED
f18da9b4035077fc708df382e4109863	1	199797	player	uade	Protracker	0	141884	17064607	8d3dec4e	2/Time_gepackt/Time301_330/Time305.DMS/mod.HyggeMusik
f18da9b4035077fc708df382e4109863	1	199797	player	uade	Protracker	0	141884	17064607	8d3dec4e	2/Time_ungepackt/Time_301_330/Time305/mod.HyggeMusik
f1b887b3f607e02cd6825c319191b9aa	1	120123	player	uade	Protracker	0	136660	77db1344	a240b9b9	1/Time_ungepackt/151_180/Time162/mod.musik
f1b887b3f607e02cd6825c319191b9aa	1	120123	player	uade	Protracker	0	136660	77db1344	a240b9b9	2/Time_gepackt/Time151_180/Time162.DMS/mod.musik
f1d4e49ac04c328f10c1297cc330cfee	1	114376	player	uade	Protracker compatible	0	42728	8bbbbac2	aac08cfc	1/Time_ungepackt/061_090/Time083/mod.musik
f1d4e49ac04c328f10c1297cc330cfee	1	114376	player	uade	Protracker compatible	0	42728	8bbbbac2	aac08cfc	2/Time_gepackt/Time061_090/Time083.DMS/mod.musik
f21a6cefe7deaa014a8782d535d24765	1	44910	player	uade	Noisetracker 1.x	0	51320	41fcb360	7a7a5877	2/Time_gepackt/Time361_390/Time_366.DMS/mod.musik
f21a6cefe7deaa014a8782d535d24765	1	44910	player	uade	Noisetracker 1.x	0	51320	41fcb360	7a7a5877	2/Time_ungepackt/Time_361_390/Time_366/mod.musik
f268660f6b6f12ae4e214f2a0b4bbb3d	1	249731	player	uade	Protracker compatible	0	50052	8c384b25	01d1cdb5	1/Time_ungepackt/121_150/Time121/mod.musik
f268660f6b6f12ae4e214f2a0b4bbb3d	1	249731	player	uade	Protracker compatible	0	50052	8c384b25	01d1cdb5	2/Time_gepackt/Time121_150/Time121.DMS/mod.musik
f327d1b78a6d5fad983929b5e8cdc3eb	1	132185	player+silence	uade	Protracker	0	112880	9cc3fe3e	0ad81c43	1/Time_ungepackt/181_210/Time183/mod.musik
f327d1b78a6d5fad983929b5e8cdc3eb	1	132185	player+silence	uade	Protracker	0	112880	9cc3fe3e	0ad81c43	2/Time_gepackt/Time181_210/Time183.DMS/mod.musik
f37e5ff67cb0f8c2a5f73c355f19375f	1	242055	player	uade	Protracker compatible	0	106026	009731bd	34eae915	1/RMS_Katalog/mod.ChicagoSong
f37e5ff67cb0f8c2a5f73c355f19375f	1	242055	player	uade	Protracker compatible	0	106026	009731bd	34eae915	2/RMS_Katalog/mod.ChicagoSong
f404fec580cddc8bb2d9da6e14e173a1	1	15472	player	uade	Protracker	0	53622	e3ce33e2	f428943e	1/Time_ungepackt/001_030/Time030/Modules/mod.old'n'good
f404fec580cddc8bb2d9da6e14e173a1	1	15472	player	uade	Protracker	0	53622	e3ce33e2	f428943e	1/Time_ungepackt/061_090/Time089/mod.musik
f404fec580cddc8bb2d9da6e14e173a1	1	15472	player	uade	Protracker	0	53622	e3ce33e2	f428943e	2/Time_gepackt/Time001_030/Time030.DMS/Modules/mod.old'n'good
f404fec580cddc8bb2d9da6e14e173a1	1	15472	player	uade	Protracker	0	53622	e3ce33e2	f428943e	2/Time_gepackt/Time061_090/Time089.DMS/mod.musik
f431e75fe7b150aea804b4411ebf6afc	1	76920	player	uade	Protracker	0	22002	0dcc85f7	c1e53e9d	1/German_ungepackt/361_390/GERMAN_384/Deluxe_Galaga_24/GALAGA.MUSIC
f431e75fe7b150aea804b4411ebf6afc	1	76920	player	uade	Protracker	0	22002	0dcc85f7	c1e53e9d	2/German_gepackt/GERMAN_361_390/GERMAN_384.DMS/Deluxe_Galaga_24/GALAGA.MUSIC
f431e75fe7b150aea804b4411ebf6afc	1	76920	player	uade	Protracker	0	22002	0dcc85f7	c1e53e9d	2/Time_gepackt/Time331_360/Time354.DMS/Galaga/GALAGA.MUSIC
f431e75fe7b150aea804b4411ebf6afc	1	76920	player	uade	Protracker	0	22002	0dcc85f7	c1e53e9d	2/Time_ungepackt/Time_331_360/Time354/Galaga/GALAGA.MUSIC
f5b159f5068b118d5c42dd0b59dd37fc	0	184445	player	uade	Amos Music Bank	0	52790	9b74025b	6f5889a7	1/German_ungepackt/091_120/GERM_115/music.abk
f5b159f5068b118d5c42dd0b59dd37fc	0	184445	player	uade	Amos Music Bank	0	52790	9b74025b	6f5889a7	2/German_gepackt/GERMAN_091_120/Germ115.DMS/music.abk
f5c3c9ccfa11baa58fed79f1d52242df	1	208697	player+silence	uade	Protracker	0	101100	bb148470	2a2a59e0	1/Time_ungepackt/241_270/Time260/mod.musik
f5c3c9ccfa11baa58fed79f1d52242df	1	208697	player+silence	uade	Protracker	0	101100	bb148470	2a2a59e0	2/Time_gepackt/Time241_270/Time260.DMS/mod.musik
f616cf36318201d82426cbf738b8497a	1	230903	player	uade	Protracker	0	184942	17555a63	82b30bbe	1/Time_ungepackt/121_150/Time146/MODULES/mod.nassum_pelmiti
f616cf36318201d82426cbf738b8497a	1	230903	player	uade	Protracker	0	184942	17555a63	82b30bbe	2/Time_gepackt/Time121_150/Time146.DMS/MODULES/mod.nassum_pelmiti
f6c6909fd061ceaa4bb95b98fd3c0a22	1	199797	player	uade	Protracker	0	58220	5a7dfb5f	56ab72d9	1/Time_ungepackt/211_240/Time227/mod.musik
f6c6909fd061ceaa4bb95b98fd3c0a22	1	199797	player	uade	Protracker	0	58220	5a7dfb5f	56ab72d9	2/Time_gepackt/Time211_240/Time227.DMS/mod.musik
f70a5581aa6dce912e9c6b9fc2442b70	1	55962	player	uade	Noisetracker 1.x	0	52004	a30c4109	b6ccf480	1/Time_ungepackt/121_150/Time143a/mod.musik
f70a5581aa6dce912e9c6b9fc2442b70	1	55962	player	uade	Noisetracker 1.x	0	52004	a30c4109	b6ccf480	2/Time_gepackt/Time121_150/Time143a.DMS/mod.musik
f76c70842be5e6b8cc601efdfa7abeaa	1	250519	player+silence	uade	Noisetracker 1.x	0	77794	e274f9e8	bf11afc6	1/German_ungepackt/181_210/GERM_189/Modules/mod.dark-water
f76c70842be5e6b8cc601efdfa7abeaa	1	250519	player+silence	uade	Noisetracker 1.x	0	77794	e274f9e8	bf11afc6	1/German_ungepackt/211_240/GERM_214/Modules/mod.dark-water
f76c70842be5e6b8cc601efdfa7abeaa	1	250519	player+silence	uade	Noisetracker 1.x	0	77794	e274f9e8	bf11afc6	1/Time_ungepackt/121_150/Time139/Modules/mod.dark-water
f76c70842be5e6b8cc601efdfa7abeaa	1	250519	player+silence	uade	Noisetracker 1.x	0	77794	e274f9e8	bf11afc6	2/German_gepackt/GERMAN_181_210/Germ189.DMS/Modules/mod.dark-water
f76c70842be5e6b8cc601efdfa7abeaa	1	250519	player+silence	uade	Noisetracker 1.x	0	77794	e274f9e8	bf11afc6	2/German_gepackt/GERMAN_211_240/Germ214.DMS/Modules/mod.dark-water
f76c70842be5e6b8cc601efdfa7abeaa	1	250519	player+silence	uade	Noisetracker 1.x	0	77794	e274f9e8	bf11afc6	2/Time_gepackt/Time121_150/Time139.DMS/Modules/mod.dark-water
f7f9eb66145aef351ba081c1c1d54472	1	32110	player	uade	Protracker compatible	0	36248	b01de4f4	bda00ad0	2/Time_gepackt/Time331_360/Time338.DMS/mod.musik
f7f9eb66145aef351ba081c1c1d54472	1	32110	player	uade	Protracker compatible	0	36248	b01de4f4	bda00ad0	2/Time_ungepackt/Time_331_360/Time338/mod.musik
f9b99cb65802a3247f71b54d06cc3f21	1	143175	player+silence	uade	Protracker compatible	0	82004	5070a902	84320d00	2/Time_gepackt/Time271_300/Time274.DMS/mod.musik
f9b99cb65802a3247f71b54d06cc3f21	1	143175	player+silence	uade	Protracker compatible	0	82004	5070a902	84320d00	2/Time_ungepackt/Time_271_300/Time274/mod.musik
fa048e025f64cace92bb8dc95c8514bf	1	334047	player	uade	OctaMED MMD1	0	147392	4dbde94c	ccdf7ccb	1/German_ungepackt/489_508/GERMAN_493/gloomdemo/sfxs/med1
fa048e025f64cace92bb8dc95c8514bf	1	334047	player	uade	OctaMED MMD1	0	147392	4dbde94c	ccdf7ccb	2/German_gepackt/GERMAN_481_508/German_493.DMS/gloomdemo/sfxs/med1
fa295d72725b25f9a328cb7ad2790f24	0	120043	player	libxmp	MED 2.00 MED3	4	84788	15a7c3ae	6ae2df02	1/German_ungepackt/061_090/GERM_74/WQ2
fa295d72725b25f9a328cb7ad2790f24	0	120043	player	libxmp	MED 2.00 MED3	4	84788	15a7c3ae	6ae2df02	2/German_gepackt/GERMAN_061_090/Germ074.DMS/WQ2
fa38f907cd2a68f90a417f5220ad5dea	1	80758	player	uade	Soundtracker II (15 instr.)	0	42320	c5d2e835	77a7a395	2/Time_gepackt/Time331_360/Time335.DMS/mod.musik
fa449cabc2c0f7794d8cf2fe2c2f7ed4	1	189908	player+silence	uade	Protracker	0	118776	eb176071	e567adc3	1/Time_ungepackt/181_210/Time203/mod.musik
fa449cabc2c0f7794d8cf2fe2c2f7ed4	1	189908	player+silence	uade	Protracker	0	118776	eb176071	e567adc3	2/Time_gepackt/Time181_210/Time203.DMS/mod.musik
fa5304d2479754b7d6508825b1923975	1	353418	player	uade	Protracker compatible	0	135768	2b193d3b	e78f7f6c	1/Time_ungepackt/061_090/Time061/mod.musik
fa5304d2479754b7d6508825b1923975	1	353418	player	uade	Protracker compatible	0	135768	2b193d3b	e78f7f6c	2/Time_gepackt/Time061_090/Time061.DMS/mod.musik
fbec55bf10cef7c42e023d71b1799492	1	269410	player+silence	uade	Protracker	0	151698	d54717b7	434a588d	1/German_ungepackt/471_488/GERMAN_479/DPacManAGA.lha/deluxe_pacman_aga/PacMan.MUSIC_MAIN
fbec55bf10cef7c42e023d71b1799492	1	269410	player+silence	uade	Protracker	0	151698	d54717b7	434a588d	2/German_gepackt/GERMAN_451_480/Germ_479.DMS/DPacManAGA.lha/deluxe_pacman_aga/PacMan.MUSIC_MAIN
fbec55bf10cef7c42e023d71b1799492	1	269410	player+silence	uade	Protracker	0	151698	d54717b7	434a588d	2/Time_gepackt/Time391_418/Time_413.DMS/DPacMan/DPacMan.lha/deluxe_pacman_ecs/PacMan.MUSIC_MAIN
fbec55bf10cef7c42e023d71b1799492	1	269410	player+silence	uade	Protracker	0	151698	d54717b7	434a588d	2/Time_gepackt/Time391_418/Time_413.DMS/DPacManAGA/DPacManAGA.lha/deluxe_pacman_aga/PacMan.MUSIC_MAIN
fbec55bf10cef7c42e023d71b1799492	1	269410	player+silence	uade	Protracker	0	151698	d54717b7	434a588d	2/Time_ungepackt/Time_391_418/Time_413/DPacMan/DPacMan.lha/deluxe_pacman_ecs/PacMan.MUSIC_MAIN
fbec55bf10cef7c42e023d71b1799492	1	269410	player+silence	uade	Protracker	0	151698	d54717b7	434a588d	2/Time_ungepackt/Time_391_418/Time_413/DPacManAGA/DPacManAGA.lha/deluxe_pacman_aga/PacMan.MUSIC_MAIN
fc38a7faef2c21ae072fe18e86ca170d	1	160718	player+silence	uade	Protracker	0	22134	be935cfe	93c8470e	1/Time_ungepackt/121_150/Time138/mod.musik
fc38a7faef2c21ae072fe18e86ca170d	1	160718	player+silence	uade	Protracker	0	22134	be935cfe	93c8470e	2/Time_gepackt/Time121_150/Time138.DMS/mod.musik
fc570f77e440786fe7a14a9f51f6b854	1	161397	player	uade	Soundtracker II (15 instr.)	0	43926	7d5d5201	bc752047	1/German_ungepackt/061_090/GERM_68/Rainbow_Writer/mod.003
fc570f77e440786fe7a14a9f51f6b854	1	161397	player	uade	Soundtracker II (15 instr.)	0	43926	7d5d5201	bc752047	2/German_gepackt/GERMAN_061_090/Germ068.DMS/Rainbow_Writer/mod.003
fc986d52540f0830161400dff03ae233	1	130693	player	uade	Protracker compatible	0	77676	c56764a4	bfe4ba15	2/Time_gepackt/Time001_030/Time018.DMS/MOD.gatemeeting
fcaa74f8c59addfb8fb27757e79d55fc	1	210058	player+silence	uade	Protracker	0	117788	d311844c	e09f65f9	1/German_ungepackt/211_240/GERM_214/Modules/mod.whisk
fcaa74f8c59addfb8fb27757e79d55fc	1	210058	player+silence	uade	Protracker	0	117788	d311844c	e09f65f9	1/Time_ungepackt/121_150/Time139/Modules/mod.whisk
fcaa74f8c59addfb8fb27757e79d55fc	1	210058	player+silence	uade	Protracker	0	117788	d311844c	e09f65f9	2/German_gepackt/GERMAN_211_240/Germ214.DMS/Modules/mod.whisk
fcaa74f8c59addfb8fb27757e79d55fc	1	210058	player+silence	uade	Protracker	0	117788	d311844c	e09f65f9	2/Time_gepackt/Time121_150/Time139.DMS/Modules/mod.whisk
fcaa74f8c59addfb8fb27757e79d55fc	1	210058	player+silence	uade	Protracker	0	117788	d311844c	e09f65f9	2/Time_gepackt/Time271_300/Time281.DMS/Modules/mod.whisk
fcaa74f8c59addfb8fb27757e79d55fc	1	210058	player+silence	uade	Protracker	0	117788	d311844c	e09f65f9	2/Time_ungepackt/Time_271_300/Time281/Modules/mod.whisk
fcb519de47c5370b3f4a71d9a36d7e7e	0	122956	player	uade	SIDMon 1.0	0	11036	c6c3ac38	f47d6b95	1/Time_ungepackt/001_030/Time025/SID.NoName
fcb519de47c5370b3f4a71d9a36d7e7e	0	122956	player	uade	SIDMon 1.0	0	11036	c6c3ac38	f47d6b95	2/Time_gepackt/Time001_030/Time025.DMS/SID.NoName
fd83a879b87f24cf30d98333c7fe5de9	1	145964	player	uade	Protracker	0	177556	3b3d0945	d8726faa	1/Time_ungepackt/181_210/Time200/mod.musik
fd83a879b87f24cf30d98333c7fe5de9	1	145964	player	uade	Protracker	0	177556	3b3d0945	d8726faa	2/Time_gepackt/Time181_210/Time200.DMS/mod.musik
ff7ca8aee91db3ec76a043b8cae45337	1	220775	player	uade	OctaMED MMD0	0	21070	94d94c4e	ae4c3efa	1/German_ungepackt/241_270/Germ260/MegaBallAGA/MB_Music/MBmus04
ff7ca8aee91db3ec76a043b8cae45337	1	220775	player	uade	OctaMED MMD0	0	21070	94d94c4e	ae4c3efa	2/German_gepackt/GERMAN_241_270/Germ260.DMS/MegaBallAGA/MB_Music/MBmus04
