001997cae2256e61abdcd8fff956c482	0	115667	player	libopenmpt	Game Music Creator	4	32100	ed844ae7	3b2e03d8	Nordlicht_SPIELE/Serie_29/Disk02/Music/Level2Music.DAT
001997cae2256e61abdcd8fff956c482	0	115667	player	libopenmpt	Game Music Creator	4	32100	ed844ae7	3b2e03d8	Nordlicht_SPIELE/Serie_29/Disk02/Spiele_29_02.DMS/Music/Level2Music.DAT
005ec976311913e8b38c8a0926cd7515	1	61789	player	uade	OctaMED MMD0	0	62340	db16b695	5c7095c2	Archive/Verschiedenes/StarWoids2.lha/data2/m04
005ec976311913e8b38c8a0926cd7515	1	61789	player	uade	OctaMED MMD0	0	62340	db16b695	5c7095c2	Nordlicht_SPIELE/Serie_30/Disk05b/NL_Spiele_30_05b.DMS/data2/m04
011a6e10799e4dc14c7b783088de66cc	0	122997	player	uade	Amos Music Bank	0	9870	7de1d773	9e7616c4	Archive/Verschiedenes/GYPSY-11.lha/GYPSY_CARDS/BRISCAS.MUS
01326bbe6b8e03994c6132f4a4fdcd3e	1	184445	player	uade	Protracker	0	123802	98653ade	d74bd302	Module/MoreMods/DENSITY2.MOD
01a80b3d7399fcf891623d54abd27fe6	1	197640	player+silence	uade	Protracker	0	183406	aaa3b0c8	7c4a22e7	Module/Module1/mod.Drudge_Intro
01f0dac9e02682d94fbdd953f6e4c697	1	53872	player	uade	Protracker	0	48722	256b33ca	7a6207de	Module/MuchMods/MONEY.MOD
02adce4a9a09998db337b5cb2b9bdb12	0	291969	player	uade	Amos Music Bank	0	64956	734894e7	e23c8759	Archive/Action/AndroidArena.lha/Anardati02
037007ebc600f4a2e99525de45aee4bb	1	99968	player	uade	P40A - P40B - P41A	0	22764	efc34d43	e8c4573f	Module/Utilities/DELIPLAYERS/P4XX/MODULES/P40A.GIFTOFGODS
0379a44027157aeea19db8a66e4a493b	1	14408	player+silence	uade	Protracker	0	31326	aae80b1c	6cdb9b31	Action/Deluxe_Galaga/GALAGA.JINGLE2
0379a44027157aeea19db8a66e4a493b	1	14408	player+silence	uade	Protracker	0	31326	aae80b1c	6cdb9b31	Archive/Action/D_galaga19.lha/Deluxe_Galaga/GALAGA.JINGLE2
0379a44027157aeea19db8a66e4a493b	1	14408	player+silence	uade	Protracker	0	31326	aae80b1c	6cdb9b31	Archive/Action/D_Galaga23.lha/Deluxe_Galaga23/GALAGA.JINGLE2
0379a44027157aeea19db8a66e4a493b	1	14408	player+silence	uade	Protracker	0	31326	aae80b1c	6cdb9b31	Nordlicht_SPIELE/Serie_19/Disk03c/DeluxeGalaga/GALAGA.JINGLE2
0379a44027157aeea19db8a66e4a493b	1	14408	player+silence	uade	Protracker	0	31326	aae80b1c	6cdb9b31	Nordlicht_SPIELE/Serie_19/Disk03c/NLSpiele_19_03c.DMS/DeluxeGalaga/GALAGA.JINGLE2
0379a44027157aeea19db8a66e4a493b	1	14408	player+silence	uade	Protracker	0	31326	aae80b1c	6cdb9b31	Nordlicht_SPIELE/Serie_19/Disk03d/Deluxe_Galaga/GALAGA.JINGLE2
0379a44027157aeea19db8a66e4a493b	1	14408	player+silence	uade	Protracker	0	31326	aae80b1c	6cdb9b31	Nordlicht_SPIELE/Serie_19/Disk03d/NLSpiele_19_03d.DMS/Deluxe_Galaga/GALAGA.JINGLE2
037d67870ed151c47c1473d06439bc16	0	138349	player	uade	Amos Music Bank	0	22512	46f073ad	04f6ea4d	Nordlicht_SPIELE/Serie_20/Disk01a/intromusic.abk
037d67870ed151c47c1473d06439bc16	0	138349	player	uade	Amos Music Bank	0	22512	46f073ad	04f6ea4d	Nordlicht_SPIELE/Serie_20/Disk01a/SPIELE_20_01a.DMS/intromusic.abk
038be55a37e4c6bb5e25b2c27ae36dd3	1	465101	player	uade	Protracker	0	301974	e151adab	c5fa7033	Module/Module1/JustBreaknOut.mod
041df7efbc92659b998a57dcd4170738	1	151952	player	uade	Protracker	0	49028	23af5919	21db7a0f	Module/Module1/mod.fury.metro
041df7efbc92659b998a57dcd4170738	2	118696	player
048e9714ff0f6f03d811428d144cdd84	1	118857	player	uade	Soundtracker II (31 instr.)	0	100938	f40cc4a4	3c463372	Module/MoreMods/002.MOD
04d22239083f769a94ca3ee06ced95dd	1	709308	player+silence	uade	Protracker	0	199998	24c60f05	adde7410	Module/MuchMods/NOWWHAT3.MOD
05a8c0e461f7ccf423c3151453d26889	1	206207	player	uade	Noisetracker 1.x	0	64258	099e599c	daeb9e03	Module/MuchMods/MOBFERS.MOD
05e141c402087027c4a0c53e42f28e11	1	48768	player	uade	Protracker	0	89866	d88fb137	f470284e	Nordlicht_SPIELE/Serie_22/Disk01/Spiele_22_01.DMS/TUNE.TRON
05e141c402087027c4a0c53e42f28e11	1	48768	player	uade	Protracker	0	89866	d88fb137	f470284e	Nordlicht_SPIELE/Serie_22/Disk01/TUNE.TRON
05e141c402087027c4a0c53e42f28e11	1	48768	player	uade	Protracker	0	89866	d88fb137	f470284e	Nordlicht_SPIELE/Serie_24/Disk09/Spiele_24_09.DMS/TUNE.TRON
05e141c402087027c4a0c53e42f28e11	1	48768	player	uade	Protracker	0	89866	d88fb137	f470284e	Nordlicht_SPIELE/Serie_24/Disk09/TUNE.TRON
0656af76679323d92d07e1c7c0a1cbe9	1	88326	player+silence	uade	Protracker	0	42684	77ac59f9	68673e3e	Nordlicht_SPIELE/Serie_04/Disk01/SPIELE_04_01.DMS/mod.musik
07196fa1a959ac5270df31ebe007568e	1	350620	player+silence	uade	Startrekker (4ch)	0	120086	1a5d5201	a5eb5b8d	Archive/Strategie/ThePicsII.DMS/Sound
07196fa1a959ac5270df31ebe007568e	1	350620	player+silence	uade	Startrekker (4ch)	0	120086	1a5d5201	a5eb5b8d	Strategie/ThePigsII/Sound
073739eb765966cb8030b2d2f2ab6417	0	84596	player	uade	Amos Music Bank	0	37328	edb0038a	ca36571e	Nordlicht_SPIELE/Serie_18/Disk07/SPIELE_18_07.DMS/PowerBall/Daten/Data3
0796dc9a0d6716ecd8e9c8fb83a235f0	1	149672	player+silence	ft2play	Fasttracker (M.K.)	4	79335	1914dee0	e0399f9b	Module/MuchMods/SHOCKOUT.MOD
07a08f81bcce4ec48dc8594fab21f94d	1	197507	player+silence	uade	Soundtracker II (15 instr.)	0	60096	53f367dc	67fdab1d	Module/MoreMods/DEADLOCK.MOD
07bfde8e6ed96ca10cad6636d8468a61	1	15472	player	uade	Protracker	0	5106	dffde4bc	c98a6933	Module/Utilities/ARCHIVES/amos_modplay3.lha/modules/mod.blowmanblow
07f6c9c3bf8964c35537f2bd55085146	1	169093	player	uade	Protracker compatible	0	161372	0a4c06da	0c7d1955	Module/MoreMods/DAWN.MOD
08728598a494dba8614696ff4b371113	1	71977	player	uade	OctaMED MMD1	0	62208	39325c57	36c2f926	Nordlicht_SPIELE/Serie_18/Disk09/ExitMusic
08728598a494dba8614696ff4b371113	1	71977	player	uade	OctaMED MMD1	0	62208	39325c57	36c2f926	Nordlicht_SPIELE/Serie_18/Disk09/SPIELE_18_09.DMS/ExitMusic
08728598a494dba8614696ff4b371113	1	71977	player	uade	OctaMED MMD1	0	62208	39325c57	36c2f926	Werbespiele/Backstage.DMS/ExitMusic
08ca18d505585d54c7f02b428af25d81	1	9544	player	uade	OctaMED MMD0	0	66886	6207dd8c	9bf63903	Archive/Denkspiele/Teil_1/Boomfield.lha/BF_Win_M
099880b7db37b4ec51f4a48498b87321	1	817495	player	uade	Protracker (vblank)	0	127844	48335abd	ec71e854	Module/MuchMods/NEBULOS.MOD
09ad7aed28ec0043e232060546259767	0	120129	loop	uade	UADE	0	21856	09eb0a48	10437342	Module/Utilities/ARCHIVES/bubbly.lha/CUSTOM.BubbleBobble
09ad7aed28ec0043e232060546259767	1	48328	loop
09ad7aed28ec0043e232060546259767	2	276498	loop
0a2bb73015665e4afba29e96be6eab3d	1	242698	player	uade	Noisetracker 1.x	0	121844	c8f59521	4ca41bc8	Module/MoreMods/DEADCOP.MOD
0a67beaeb76f62839fbdbed9aeabafaa	1	265206	player+silence	uade	Protracker	0	399278	2f422384	fcadfd0a	Module/MoreMods/2UNLIMIT.MOD
0ac963417d4a81bb14879a207d6d60ba	1	212217	player+silence	uade	Protracker compatible	0	149786	89c0b040	6ccf60a1	Module/MoreMods/DEFCON.MOD
0ad473071ab5732683005e5ae2b29e8d	1	17401	player	uade	Protracker compatible	0	17306	ccd9c72f	099ede85	Klassiker/Diverses/SONOFBLAGGER.LHA/Son_Of_Blagger/mod.akes-gris
0afa8d21912424a971fab2f200898e78	1	237634	player	uade	OctaMED MMD0	0	52642	060cb5ca	071aa234	Archive/Denkspiele/Teil_5/Technoban.lha/technoban/Technoban.sound3
0afa8d21912424a971fab2f200898e78	1	237634	player	uade	OctaMED MMD0	0	52642	060cb5ca	071aa234	Denkspiele/Technoban/Technoban.sound3
0ba1c5171818908dcb3e2719d7082608	0	92292	player	uade	Amos Music Bank	0	30712	b88eb8d4	e4159b05	Nordlicht_SPIELE/Serie_06/Disk08/SPIELE_06_08.DMS/Sound/Rock`n'blow.Abk
0ba1c5171818908dcb3e2719d7082608	0	92292	player	uade	Amos Music Bank	0	30712	b88eb8d4	e4159b05	Nordlicht_SPIELE/Serie_07/Disk05/SPIELE_07_05.DMS/Sound/Rock`n'blow.Abk
0ba1c5171818908dcb3e2719d7082608	0	92292	player	uade	Amos Music Bank	0	30712	b88eb8d4	e4159b05	Nordlicht_SPIELE/Serie_08/Disk07/SPIELE_08_07.DMS/Sound/Rock`n'blow.Abk
0bdb674acc406f96dba657f91fabc0d3	1	270288	player	uade	Protracker	0	195750	b6282c97	e202d1ab	Module/MoreMods/DCMAIN.MOD
0c634970a70e45bc708aa03c6942a03a	1	122997	player	uade	Protracker	0	114958	4794cac5	c41fbb1c	Module/MoreMods/DEADANDB.MOD
0cc40a9e62ac08d7bbd3d172930a3a61	1	96130	player	uade	Protracker	0	142834	552860f3	c4aff105	Module/MuchMods/JESUS1.MOD
0cd7fcbfa6e13866e90c09ba27ebbc4e	1	301599	player+silence	uade	OctaMED MMD1	0	456582	72204500	4f0b224b	Module/Module1/Collision_Course
0d04f458e60a30fd1df86a6091bde51f	0	107482	player+volume	uade	Amos Music Bank	0	55522	5a3c460b	400c9c4d	Archive/Denkspiele/Teil_6/chaneques_1.lha/sonido/chaneques.abk
0d14f017b82bc608ff8edcc6ac5201d3	1	57730	player	uade	Protracker compatible	0	62990	2a9964da	22cbd4fe	Module/Module1/TinkerBells.Mod
0d2d706d8196853bb83401fec2032775	1	138369	player	uade	Noisetracker 1.x	0	263305	90bae647	10c22522	Module/VARIOUS/MANX.MOD
0d9c96f9f580e9c3ef2a89b0ce9a141c	1	161397	player	uade	Protracker	0	46872	73d0b445	3a20a5e3	Module/Module1/mod.fury.mountains
0dee161cc267ae6d8a3939c49fec8959	1	120726	player	uade	OctaMED MMD0	0	49606	914c5566	6fbce809	Action/MegaBall3/MB_Music/HighScore.tune
0ea6b5b4aba6a6a876ad44e13f4d6809	0	82044	player	uade	Amos Music Bank	0	27840	147b9052	d1be218e	Nordlicht_SPIELE/Serie_23/Disk04/Spiele_23_04.DMS/titlemusic.abk
0ea6b5b4aba6a6a876ad44e13f4d6809	0	82044	player	uade	Amos Music Bank	0	27840	147b9052	d1be218e	Nordlicht_SPIELE/Serie_23/Disk04/titlemusic.abk
0ebfcc369162663bbf7734bc75d492e7	1	172589	player	uade	OctaMED MMD0	0	52182	c6ca7f22	b7ff9f8b	Nordlicht_SPIELE/Serie_30/Disk09a/NL_Spiele_30_09a.DMS/Init/BUND.BWSND
0f5dcdff53a8b73372cce603817de278	1	253629	player	uade	Protracker	0	149156	fd304168	2d9fefe1	Module/MoreMods/DESDREAM.MOD
0fa192e39b326f740154822eadd40068	1	234359	player	uade	Noisetracker 1.x	0	127400	51b2d7a0	060f4a22	Module/MuchMods/STARTER.MOD
101465fde58bf92f28b4e78c379f8221	1	67152	player+silence	uade	MED4 (4ch)	0	85402	8208d0dc	e4906f07	Module/Module1/Funk Patrol
110075e69b831f50e2ba3bd5ad08c6a1	1	315017	player	uade	Soundtracker II (15 instr.)	0	89580	4d7ecd18	cd710d24	Action/Rescue/Rescue.Song1
110075e69b831f50e2ba3bd5ad08c6a1	1	315017	player	uade	Soundtracker II (15 instr.)	0	89580	4d7ecd18	cd710d24	Archive/Action/Rescue.lha/rescue/Rescue.Song1
115f46140241596e375e88f7540bb553	1	256824	player	uade	Protracker compatible	0	198662	278e772c	6078e763	Module/MuchMods/EPSONIC.MOD
1256783f43cc1b3407d1dca7f024f46c	1	356854	player	uade	Protracker	0	336046	2f2f04a0	4fbb64de	Module/Module1/mod.passion
12c193176c3457952099c102d8c86c83	0	15492	player	uade	Amos Music Bank	0	30358	5362d499	7e11ec90	Nordlicht_SPIELE/Serie_20/Disk01a/SPIELE_20_01a.DMS/wind.abk
12c193176c3457952099c102d8c86c83	0	15492	player	uade	Amos Music Bank	0	30358	5362d499	7e11ec90	Nordlicht_SPIELE/Serie_20/Disk01a/wind.abk
12c193176c3457952099c102d8c86c83	0	15492	player	uade	Amos Music Bank	0	30358	5362d499	7e11ec90	Nordlicht_SPIELE/Serie_20/Disk01b/Spiele_20_01b.DMS/wind.abk
12c193176c3457952099c102d8c86c83	0	15492	player	uade	Amos Music Bank	0	30358	5362d499	7e11ec90	Nordlicht_SPIELE/Serie_20/Disk01b/wind.abk
1344c20ae6ea175de8c2c03858158823	0	76920	player	uade	Amos Music Bank	0	50134	e3fd8f25	440d741a	Nordlicht_SPIELE/Serie_15/Disk04b/music/m4.abk
1344c20ae6ea175de8c2c03858158823	0	76920	player	uade	Amos Music Bank	0	50134	e3fd8f25	440d741a	Nordlicht_SPIELE/Serie_15/Disk04b/SPIELE_15_04b.DMS/music/m4.abk
13732f154a072d341b7829a925d4b616	1	101877	player	uade	Protracker	0	185728	008c8422	4e1957a6	Nordlicht_SPIELE/Serie_17/Disk04/SPIELE_17_04.DMS/TetrisPro/Data Tetris2
13732f154a072d341b7829a925d4b616	1	101877	player	uade	Protracker	0	185728	008c8422	4e1957a6	Nordlicht_SPIELE/Serie_17/Disk04/TetrisPro/Data Tetris2
137838ebb68d2d1ea7b4743303530ee5	1	23168	player	uade	Protracker	0	8500	66c31334	874eb3b5	Module/Utilities/ARCHIVES/amos_modplay3.lha/modules/MOD.SANXION
13bed632eec8b0b10b50f15f8d3cc83a	0	99948	player	uade	Amos Music Bank	0	61170	f9f07e6b	b7f7c54d	Nordlicht_SPIELE/Serie_27/Disk03/heralding.ABK
13bed632eec8b0b10b50f15f8d3cc83a	0	99948	player	uade	Amos Music Bank	0	61170	f9f07e6b	b7f7c54d	Nordlicht_SPIELE/Serie_27/Disk03/Spiele_27_03.DMS/heralding.ABK
13e5cbe072a960a138854a2e0e48d522	1	128815	player+silence	uade	OctaMED MMD0	0	59486	f3de23df	f66c5322	Nordlicht_SPIELE/Serie_24/Disk03/Musik/mod.musik.Landschaft
13e5cbe072a960a138854a2e0e48d522	1	128815	player+silence	uade	OctaMED MMD0	0	59486	f3de23df	f66c5322	Nordlicht_SPIELE/Serie_24/Disk03/Spiele_24_03.DMS/Musik/mod.musik.Landschaft
14257744abce489c5b58707eac8b1b5d	1	12920	player	uade	Protracker compatible	0	88420	a09f1d85	6e105b3f	Module/MoreMods/DENINTRO.MOD
142f9a2489c8ba687e2617cb9d2fc58d	1	86365	player	uade	Protracker	0	148454	1bafa06f	b346fc4c	Module/Module1/mod.DrSnuggles-remix
1435b4bd9bc546702a943932c7fd020d	1	53872	player	uade	Protracker	0	7284	7a3da3e6	05c17384	Module/MoreMods/DELAY14.MOD
145ecd5980650295b5cd19a4c64fcf1b	1	422564	player+silence	uade	Protracker	0	244294	b524e307	48e692ce	Module/Module1/RadioRevolution.mod
14664bd338280bb184c3ac7fa99edb61	1	298942	player	uade	Protracker	0	137538	4e178c93	77d9bc20	Module/MoreMods/DATE2016.MOD
15056a5c1a3766df2cadbdf52b107108	0	99948	player	uade	Amos Music Bank	0	42054	7ec7dbc6	e52d2fc3	Nordlicht_SPIELE/Serie_15/Disk04a/music/m1.abk
15056a5c1a3766df2cadbdf52b107108	0	99948	player	uade	Amos Music Bank	0	42054	7ec7dbc6	e52d2fc3	Nordlicht_SPIELE/Serie_15/Disk04a/SPIELE_15_04a.DMS/music/m1.abk
1571050e44a2c13b0894f89a583f500c	1	224131	player	uade	Noisetracker 1.x	0	109134	6a415a23	580c8379	Module/MuchMods/NOVA.MOD
15fa93b88a8c644e4d224de0e322ec7b	1	249731	player	uade	Protracker compatible	0	110610	00a64008	d0db174b	Module/MoreMods/DEMONOLO.MOD
15fd49d0e3057d5d14b24531e4aa1465	1	64120	player	uade	Protracker compatible	0	30362	42d421e5	f4889a1a	Action/Zon/zonfile.10
15fd49d0e3057d5d14b24531e4aa1465	1	64120	player	uade	Protracker compatible	0	30362	42d421e5	f4889a1a	Archive/Action/Zon.lha/zon/zonfile.10
16fc16fb9c5670a8bfee0c30a1e1c3ab	1	262210	player	uade	Protracker	0	239238	4b7c69b1	1b14cdde	Klassiker/Diverses/SNACKSRC.LZH/mod.swa-snackman_music
175892014471934543cee530e7edf86a	1	111483	player	uade	Protracker compatible	0	222564	6a586603	183dc81e	Module/MoreMods/DANSETRA.MOD
179fe25e8b60261a69ed80fe7a4c37b5	1	76920	player	uade	Protracker	0	93934	b0328d12	32687731	Module/MuchMods/WHERENOW.MOD
17bab573f08f6383310f203c060b78c8	0	46196	player	uade	Amos Music Bank	0	68090	5ddd6fe8	20dd605c	Nordlicht_SPIELE/Serie_13/Disk03/Music.abk
17bab573f08f6383310f203c060b78c8	0	46196	player	uade	Amos Music Bank	0	68090	5ddd6fe8	20dd605c	Nordlicht_SPIELE/Serie_13/Disk03/SPIELE_13_03.DMS/Music.abk
17e2acee71156af0f5bdea7361206126	1	46216	player	uade	P40A - P40B - P41A	0	4704	c279a4f5	5506604d	Module/Utilities/DELIPLAYERS/P4XX/MODULES/P40B.YELA
180131d43badf2850e08c15ff7019d74	0	57514	player	libopenmpt	Startrekker	4	121630	642035a5	11c254f9	Nordlicht_SPIELE/Serie_25/Disk05a/sound.fx/1
180131d43badf2850e08c15ff7019d74	0	57514	player	libopenmpt	Startrekker	4	121630	642035a5	11c254f9	Nordlicht_SPIELE/Serie_25/Disk05a/Spiele_25_05a.DMS/sound.fx/1
187b435ac165a8a92116c72ca26dfab9	1	47924	player	uade	OctaMED MMD0	0	121574	0d83d939	fa9ac0fe	Archive/Denkspiele/Teil_4/Matix.lha/Start_M
187b435ac165a8a92116c72ca26dfab9	1	47924	player	uade	OctaMED MMD0	0	121574	0d83d939	fa9ac0fe	Nordlicht_SPIELE/Serie_19/Disk01/SPIELE_19_01.DMS/Start_M
187b435ac165a8a92116c72ca26dfab9	1	47924	player	uade	OctaMED MMD0	0	121574	0d83d939	fa9ac0fe	Nordlicht_SPIELE/Serie_19/Disk01/Start_M
18a02222afe26cd9025e8c877be09523	0	69244	player	uade	Amos Music Bank	0	58192	6136b3b0	cfeb16d6	Nordlicht_SPIELE/Serie_15/Disk04b/music/m3.abk
18a02222afe26cd9025e8c877be09523	0	69244	player	uade	Amos Music Bank	0	58192	6136b3b0	cfeb16d6	Nordlicht_SPIELE/Serie_15/Disk04b/SPIELE_15_04b.DMS/music/m3.abk
1918cfec3f885d1dad41eca6b030a2b0	1	96814	player	uade	OctaMED MMD1	0	592256	8bd8ed9f	d06ff258	Module/Module1/PlasticDreams
1b320129abae2ff58a70cc5102a44098	1	74328	player	uade	Protracker compatible	0	82640	1236739b	5a1fbe3c	Nordlicht_SPIELE/Serie_21/Disk05/Sound_Data/Intro
1b320129abae2ff58a70cc5102a44098	1	74328	player	uade	Protracker compatible	0	82640	1236739b	5a1fbe3c	Nordlicht_SPIELE/Serie_21/Disk05/Spiele_21_05.DMS/Sound_Data/Intro
1b58b3f98c5a0abaca02ba042ded8a1e	1	91763	player+silence	uade	Protracker compatible	0	66208	3b639c9d	7c89fa04	Module/Module1/Short_Rock.MOD
1b58b3f98c5a0abaca02ba042ded8a1e	1	91763	player+silence	uade	Protracker compatible	0	66208	3b639c9d	7c89fa04	Module/Module1/ShortRock.MOD
1bb6dc2e8a3a03b20a3bc21fba4e3d06	0	115341	player	uade	Amos Music Bank	0	14244	dbf56775	ec39836a	Nordlicht_SPIELE/Serie_06/Disk08/SPIELE_06_08.DMS/Sound/Piano-Piece.Abk
1bb6dc2e8a3a03b20a3bc21fba4e3d06	0	115341	player	uade	Amos Music Bank	0	14244	dbf56775	ec39836a	Nordlicht_SPIELE/Serie_07/Disk05/SPIELE_07_05.DMS/Sound/Piano-Piece.Abk
1bb6dc2e8a3a03b20a3bc21fba4e3d06	0	115341	player	uade	Amos Music Bank	0	14244	dbf56775	ec39836a	Nordlicht_SPIELE/Serie_08/Disk07/SPIELE_08_07.DMS/Sound/Piano-Piece.Abk
1bd4e1431897883bab268129344f41f0	1	286865	player	uade	Protracker	0	161764	c3c9207c	d8171f9f	Module/MoreMods/DEMOMO.MOD
1bfc2eba2c562741b8b0973de0bb83d5	1	199258	player+silence	uade	Noisetracker 1.x	0	162014	5a496eb3	557bce74	Module/METAL/MOD.4
1c158303d73a69986609dac169ae477d	1	212935	player+silence	uade	Noisetracker 1.x	0	75772	8fb87aed	f3c1ce18	Module/METAL/MOD.7
1c4d8867775434fff36290f3d8922b3e	1	138369	player	uade	Protracker compatible	0	127010	ba62d610	30ab3e45	Module/MoreMods/DAN.MOD
1cc6d311f20f18dedd57ba689963db2c	1	860054	player+silence	uade	Protracker	0	267880	83496406	c9e72210	Module/Module1/mod.learning to live
1ce328bcdebc2b8dc0532edfe46b64e5	0	126835	player	uade	Amos Music Bank	0	105406	cb1972c7	bfe3fa31	Nordlicht_SPIELE/Serie_20/Disk01b/Spiele_20_01b.DMS/Title.abk
1ce328bcdebc2b8dc0532edfe46b64e5	0	126835	player	uade	Amos Music Bank	0	105406	cb1972c7	bfe3fa31	Nordlicht_SPIELE/Serie_20/Disk01b/Title.abk
1d58933b5c4c898ea630f16e99057a16	0	134531	player	uade	Amos Music Bank	0	41154	10d9c139	bae64572	Nordlicht_SPIELE/Serie_27/Disk06/music/Zombie.abk
1d58933b5c4c898ea630f16e99057a16	0	134531	player	uade	Amos Music Bank	0	41154	10d9c139	bae64572	Nordlicht_SPIELE/Serie_27/Disk06/Spiele_27_06.DMS/music/Zombie.abk
1e2c288b91fe50ed0db250d3d862a2f0	1	122997	player	uade	Protracker compatible	0	47408	be0be829	0aa8cc6f	Archive/Verschiedenes/overlander.lha/OL-Tune3.mod
1e2c288b91fe50ed0db250d3d862a2f0	1	122997	player	uade	Protracker compatible	0	47408	be0be829	0aa8cc6f	Nordlicht_SPIELE/Serie_27/Disk02/OL-Tune3.mod
1e2c288b91fe50ed0db250d3d862a2f0	1	122997	player	uade	Protracker compatible	0	47408	be0be829	0aa8cc6f	Nordlicht_SPIELE/Serie_27/Disk02/Spiele_27_02.DMS/OL-Tune3.mod
1e8d0357ae6032a19d7ed0553ec7e2cb	1	207493	player	uade	Protracker	0	136050	c9568550	60b80e73	Module/MoreMods/DEDICACE.MOD
1e988f6ce4c18268f3ef326370ed4c8b	1	122997	player	uade	Protracker	0	74018	7cca6368	fb36f010	Module/Module1/mod.Incognito
1ea7cf67692cfca0d8a1c3daa5adf76f	1	4652	player+silence	uade	Protracker	0	6108	b41c4cc9	33e89145	Action/DeluxeGalaga/GALAGA.JINGLE2
1ea7cf67692cfca0d8a1c3daa5adf76f	1	4652	player+silence	uade	Protracker	0	6108	b41c4cc9	33e89145	Nordlicht_SPIELE/Serie_19/Disk03a/DlxGalaga/GALAGA.JINGLE2
1ea7cf67692cfca0d8a1c3daa5adf76f	1	4652	player+silence	uade	Protracker	0	6108	b41c4cc9	33e89145	Nordlicht_SPIELE/Serie_19/Disk03a/SPIELE_19_03a.DMS/DlxGalaga/GALAGA.JINGLE2
1ea7cf67692cfca0d8a1c3daa5adf76f	1	4652	player+silence	uade	Protracker	0	6108	b41c4cc9	33e89145	Nordlicht_SPIELE/Serie_19/Disk03b/DeluxeGalaga/GALAGA.JINGLE2
1ea7cf67692cfca0d8a1c3daa5adf76f	1	4652	player+silence	uade	Protracker	0	6108	b41c4cc9	33e89145	Nordlicht_SPIELE/Serie_19/Disk03b/SPIELE_19_03b.DMS/DeluxeGalaga/GALAGA.JINGLE2
1ee7745a4d8ada1df4fb5e7e58a9e6de	0	51320	player	uade	Amos Music Bank	0	95724	efd7a3c7	3cfd5a61	Klassiker/Diverses/FIREBALL.DMS/Music/Rock.Abk
1f0eaf9dc6b80fa25f6f4e1f8838da37	1	93980	player	uade	Protracker	0	75528	18a27655	12522b83	Module/Module1/YGLABN.MOD
1f2b32c1bec93d46a569994669c91d2f	0	61548	player	uade	Amos Music Bank	0	68892	ffcf84ea	b99448fd	Nordlicht_SPIELE/Serie_15/Disk04b/music/m5.abk
1f2b32c1bec93d46a569994669c91d2f	0	61548	player	uade	Amos Music Bank	0	68892	ffcf84ea	b99448fd	Nordlicht_SPIELE/Serie_15/Disk04b/SPIELE_15_04b.DMS/music/m5.abk
1f323f0e3fb3459aab13f24452b9b10e	1	122997	player	uade	Soundtracker II (15 instr.)	0	72064	0c6679a1	84e671a8	Action/Pipeline/Data/Pipesong.MUS
1f323f0e3fb3459aab13f24452b9b10e	1	122997	player	uade	Soundtracker II (15 instr.)	0	72064	0c6679a1	84e671a8	Archive/Action/Pipeline.lha/pipeline/data/Pipesong.MUS
1f69036438625592b135cf361aa4eb52	1	126835	player	uade	Noisetracker 1.x	0	126188	a3230a61	4bc48360	Module/MoreMods/DELLDEMO.MOD
1f77a1056a6d6f5e830fd5f7086a56ac	1	161836	player+silence	uade	Protracker	0	68358	b5a135a1	95c4fa00	Module/Module1/mod.walking disco
1fbcf7df2a9232a40aa822b1eddb0922	1	335292	player	uade	OctaMED MMD0	0	191724	c68a9a64	07679447	Module/Module1/Runaway.mod
1fd8598b8f426f883630572af7fd191e	1	103686	player	uade	Protracker	0	210760	41b73376	e018f3b6	Nordlicht_SPIELE/Serie_12/Disk01a/SPIELE_12_01a.DMS/titelsong.mod
2078fcac7cabe651dfd115f6faf10832	1	61568	player	uade	Protracker	0	9456	87bfe30a	d0b468c7	Module/Utilities/ARCHIVES/amos_modplay3.lha/modules/mod.matkanies
2200886d42fbd8b3e51c3369a375c42e	1	254292	player	uade	Protracker	0	152512	845f796b	3fb3adb6	Module/MuchMods/UNDERSEA.MOD
220c53f87e355bd9d984e04b8641bb09	0	99948	player	uade	Amos Music Bank	0	28634	5065f9ed	3f89a470	Archive/Jump&Run/TV121.lha/Music.abk
220c53f87e355bd9d984e04b8641bb09	0	99948	player	uade	Amos Music Bank	0	28634	5065f9ed	3f89a470	Archive/Jump&Run/TV125b.lha/Music.abk
220c53f87e355bd9d984e04b8641bb09	0	99948	player	uade	Amos Music Bank	0	28634	5065f9ed	3f89a470	Nordlicht_SPIELE/Serie_30/Disk03/Music.abk
220c53f87e355bd9d984e04b8641bb09	0	99948	player	uade	Amos Music Bank	0	28634	5065f9ed	3f89a470	Nordlicht_SPIELE/Serie_30/Disk03/NL_Spiele_30_03.DMS/Music.abk
22fbec27f7d1f8c8217cad0503ea6bba	0	9846	player	uade	Amos Music Bank	0	44476	7f7ae12b	d1a5af62	Archive/Denkspiele/Teil_6/chaneques_2.lha/Dominique.abk
2350bf2e845edc248230621252222d68	1	356103	player+silence	uade	MED4 (4ch)	0	226664	9d071079	6bea0e59	Module/Module1/HotMix
2418a4673e87088cabe06a80efcc4cac	1	146045	player	uade	OctaMED MMD0	0	85164	aadfe49c	c932f91a	Archive/Denkspiele/Teil_5/Technoban.lha/technoban/Technoban.sound1
2418a4673e87088cabe06a80efcc4cac	1	146045	player	uade	OctaMED MMD0	0	85164	aadfe49c	c932f91a	Denkspiele/Technoban/Technoban.sound1
250904ae6b8e9bf67809a593084f911c	1	173766	player+silence	uade	Protracker compatible	0	34688	418b4714	da679eb6	Nordlicht_SPIELE/Serie_23/Disk01/Spiele_23_01.DMS/Modules/mod.emptyspace
250904ae6b8e9bf67809a593084f911c	1	173766	player+silence	uade	Protracker compatible	0	34688	418b4714	da679eb6	Nordlicht_SPIELE/Serie_23/Disk02/Spiele_23_02.DMS/Modules/mod.emptyspace
2548141e63b22085bf258a10d1c2fb74	1	116687	player	uade	Protracker	0	141438	5f654ff8	d90ff7bf	Module/MuchMods/JESUS9.MOD
26533b1207802615f155d0debae17c09	1	115944	player+silence	uade	Protracker	0	158438	bb76310a	d498f49b	Module/MuchMods/DOEATI.MOD
2676076ad8e4db2756a3b37637f732ee	1	167065	player+silence	uade	Protracker	0	389772	39f8c18c	702ed1e1	Module/MuchMods/JAPTIQUE.MOD
26a6d51e9c8d8d4118bbd0493509b1a5	1	315017	player	uade	Soundtracker II (31 instr.)	0	78216	d0f5f07a	dd50ba29	Module/MoreMods/DESERT.MOD
2704c1d4272f87e36034169719e1c284	1	199797	player	uade	Noisetracker 1.x	0	117562	da9be24a	f8280a85	Module/MoreMods/DEMONSNT.MOD
27821175929f08f2fda3cf6638267b01	1	69161	player+silence	uade	Protracker	0	62368	7179f30f	0f4b1068	Module/CLASSICS/RIDERS.MOD
2978359471a73fcca23825898e9e10b7	1	179543	player+silence	uade	Protracker	0	140706	d578e6dd	544efb9e	Module/MoreMods/DEKKDANC.MOD
2a45600df174dfd16f5a3b6655c370b8	1	233744	player+silence	uade	Noisetracker 1.x	0	114824	59b124c7	1340c77b	Module/METAL/MOD.2
2af09eafd7d00c7f71d8392855d04e0b	1	16195	player	uade	Protracker	0	12394	4f1f9526	b4f1f58d	Module/MoreMods/DESDREM5.MOD
2af09eafd7d00c7f71d8392855d04e0b	1	16195	player	uade	Protracker	0	12394	4f1f9526	b4f1f58d	Module/MoreMods/DESE.MOD
2b4479186e754b27a141a0aee0cde634	1	213240	player	uade	Protracker	0	116852	61a0d497	a420727d	Module/Module1/mod.good_nihtgmare!
2b4eeff56fdc76795681f729645e41b2	1	41072	player	uade	Soundtracker II (31 instr.)	0	51566	72210234	0aa2db03	Module/VARIOUS/RUSTIG.MOD
2bd9e873204f61688abda503599152c8	1	190668	player+volume	uade	Protracker	0	241702	0e736478	ab96a85c	Module/MoreMods/DEEPACID.MOD
2c0e94cbe877d0afa5d819ab6de84445	1	7193	player	uade	OctaMED MMD0	0	73044	cdb573bc	5cc03d86	Archive/Verschiedenes/StarWoids2.lha/data2/m01
2c0e94cbe877d0afa5d819ab6de84445	1	7193	player	uade	OctaMED MMD0	0	73044	cdb573bc	5cc03d86	Nordlicht_SPIELE/Serie_30/Disk05b/NL_Spiele_30_05b.DMS/data2/m01
2c20589236d46b8ce562dca5f29ebaa2	1	127050	player+silence	uade	Protracker	0	77464	e833326e	94fa6256	Module/CLASSICS/DAN-REED.MOD
2c20589236d46b8ce562dca5f29ebaa2	1	127050	player+silence	uade	Protracker	0	77464	e833326e	94fa6256	Module/MoreMods/DANCEOFR.MOD
2d6896bca014476dd5d05eaed967e66a	1	347430	player+volume	uade	Protracker	0	180724	5e5e5013	e324ac17	Module/Module1/mod.back
2db0fb9a37f7b103bc8f41319e520c73	1	0	nosound	ft2play	Fasttracker (M.K.)	4	258472	74f4aafc	15f67c36	Module/MoreMods/7RSIRISE.MOD
2e1d3780ec3fda69c247de80089c667b	1	213622	player+silence	uade	Protracker compatible	0	129218	71ef6c99	98acb586	Module/MuchMods/EXCTASY.MOD
2e3c04e1d0a5e17834d4005f573f205c	1	291369	player+volume	uade	Protracker	0	138142	e9c25502	430a65d8	Module/Module1/mod.dope_for_your_mind
2e51af32916bf908f76e4ec3df1288ab	0	7816	player	uade	Amos Music Bank	0	33666	4d2e3784	61f01c62	Nordlicht_SPIELE/Serie_27/Disk06/DUEL-MUS.ABK
2e51af32916bf908f76e4ec3df1288ab	0	7816	player	uade	Amos Music Bank	0	33666	4d2e3784	61f01c62	Nordlicht_SPIELE/Serie_27/Disk06/Spiele_27_06.DMS/DUEL-MUS.ABK
2edafa90fe7465e5f98a574ca31595e1	1	67958	player	uade	Protracker	0	49754	f5cf712f	c87a6823	Module/MoreMods/DEMNCAVE.MOD
2ee8a371843bf0d41a6807a2632ae552	1	61568	player	uade	Protracker compatible	0	36736	7da7d5f9	cfa276ff	Module/Module1/DUNE-Remix.Mod
2ef086633ecf39cc87ce6be4f0f71ed8	1	92272	player	uade	Noisetracker 1.x	0	51200	193a4f14	b196e73e	Module/MoreMods/DELTA.MOD
2f03257e2efb0dd842cccc9af2c1ae22	0	97608	player+volume	uade	Amos Music Bank	0	133872	e61ca0b8	12959aa2	Nordlicht_SPIELE/Serie_23/Disk07/music/magiciansquarter.abk
2f03257e2efb0dd842cccc9af2c1ae22	0	97608	player+volume	uade	Amos Music Bank	0	133872	e61ca0b8	12959aa2	Nordlicht_SPIELE/Serie_23/Disk07/SPIELE_23_07.DMS/music/magiciansquarter.abk
2f2e1026c84783cc1652d785abb51cc8	1	155107	player	uade	OctaMED MMD1	0	85318	f8e6c686	874d708b	Module/Module1/NoSecondPrize.med
2f52dffa29d7652fb7854ab2b1d3b63c	1	160251	player	uade	Protracker	0	342200	057faccd	a130fa9c	Module/Module1/mod.199timesfuck
2f590eece79239ec77e299bb3a4b5815	1	313924	player+silence	uade	OctaMED MMD1	0	319472	5fa3d8de	97a9a857	Module/Module1/CylonTribute.8MED
2f88fb03d059e8c94d919e950c9c8dd6	0	115341	player	uade	Amos Music Bank	0	31246	be6c4a95	541e6b89	Archive/Demos/MooseDriveDemoB.lha/Shop.Mus
2f88fb03d059e8c94d919e950c9c8dd6	0	115341	player	uade	Amos Music Bank	0	31246	be6c4a95	541e6b89	Nordlicht_SPIELE/Serie_29/Disk07/Shop.Mus
2f88fb03d059e8c94d919e950c9c8dd6	0	115341	player	uade	Amos Music Bank	0	31246	be6c4a95	541e6b89	Nordlicht_SPIELE/Serie_29/Disk07/Spiele_29_07.DMS/Shop.Mus
2fbf72a013219cd68ce8487ef5673404	1	103352	player+silence	ft2play	Fasttracker (M.K.)	4	83257	3c98ccdc	881faf06	Module/MoreMods/DAMDADEE.MOD
30728ff44b63482f1b53947f79229708	1	284246	player+silence	uade	Protracker	0	99178	ab337821	a827798d	Nordlicht_SPIELE/Serie_22/Disk09/Spiele_22_09.DMS/Trax/DATA/SNG1
30728ff44b63482f1b53947f79229708	1	284246	player+silence	uade	Protracker	0	99178	ab337821	a827798d	Nordlicht_SPIELE/Serie_22/Disk09/Trax/DATA/SNG1
30bb6d2fc8f3ea5ba0daffda7f72398d	1	192141	player	uade	Startrekker (4ch)	0	194316	06b49a01	7a09ae4d	Module/MoreMods/DCXMAS.MOD
3137b052f4473d0800df2f16587a2b4b	1	388277	player+silence	uade	Protracker compatible	0	182594	a4776a3c	6c853057	Module/MuchMods/ABACAB.MOD
31dd5dda08e212558936f41e2c7244f4	1	38078	player	uade	OctaMED MMD0	0	23330	4eb30032	696b8741	Archive/Demos/MOONROCKS6.lha/MoonRocks/mod.MoonRocks
31e2e0cba5eea9973e10bcb9f05dbf1f	1	70530	player	uade	Protracker	0	38596	7783db0a	32608e8c	Denkspiele/KlakTris/modules/mod.twin2
31e2e0cba5eea9973e10bcb9f05dbf1f	1	70530	player	uade	Protracker	0	38596	7783db0a	32608e8c	Einzel_Disk/KlakTris.DMS/modules/mod.twin2
31e2e0cba5eea9973e10bcb9f05dbf1f	1	70530	player	uade	Protracker	0	38596	7783db0a	32608e8c	Nordlicht_SPIELE/Serie_18/Disk10/modules/mod.twin2
31e2e0cba5eea9973e10bcb9f05dbf1f	1	70530	player	uade	Protracker	0	38596	7783db0a	32608e8c	Nordlicht_SPIELE/Serie_18/Disk10/SPIELE_18_10.DMS/modules/mod.twin2
3215785b17cdfcb5ede1c45be83d0043	1	175378	player+silence	uade	Protracker	0	155284	2e5d146b	72f91b58	Module/Module1/Baze.Mod
32b58f64dc83ed3d64cbef6f646d2062	1	199857	player	uade	Protracker	0	284890	03c9e869	c8c7c9f6	Module/Module1/Mod.Revolution
32fcd6a682935c3215cea874a83a05ac	0	1313863	player	uade	Amos Music Bank	0	77690	e2801351	8a9dd6ba	Nordlicht_SPIELE/Serie_01/Disk06/mod/es.mod
32fcd6a682935c3215cea874a83a05ac	0	1313863	player	uade	Amos Music Bank	0	77690	e2801351	8a9dd6ba	Nordlicht_SPIELE/Serie_01/Disk06/SPIELE_01_06.DMS/mod/es.mod
330c82f5f803acc52f26da091f36c132	0	115028	player	libopenmpt	Game Music Creator	4	72832	333a4515	f6c50dae	Nordlicht_SPIELE/Serie_29/Disk02/Music/Level1Music.DAT
330c82f5f803acc52f26da091f36c132	0	115028	player	libopenmpt	Game Music Creator	4	72832	333a4515	f6c50dae	Nordlicht_SPIELE/Serie_29/Disk02/Spiele_29_02.DMS/Music/Level1Music.DAT
335cf0de08662fb9fc98c8a425e98354	1	157639	player	uade	Protracker	0	337134	e6bb5a76	600d7e4a	Module/MoreMods/DELIANCE.MOD
33e426b4957f01a8458fefa58a986ead	1	76920	player	uade	Protracker	0	215308	a554e4e9	f47f17eb	Module/MuchMods/YEO.MOD
33f63f40c41f0056121e93efbdf1bc73	0	230541	player	uade	Amos Music Bank	0	97442	faf331ab	48b781e9	Archive/Kartenspiele/JollyRoyal.lha/jollyroyal/JR_Theme.abk
33f63f40c41f0056121e93efbdf1bc73	0	230541	player	uade	Amos Music Bank	0	97442	faf331ab	48b781e9	Kartenspiele/JollyRoyal/JR_Theme.abk
33f63f40c41f0056121e93efbdf1bc73	0	230541	player	uade	Amos Music Bank	0	97442	faf331ab	48b781e9	Nordlicht_SPIELE/Serie_19/Disk02/SPIELE_19_02.DMS/JR_Theme.abk
344c887648dc9e4befc9fa27345e903d	1	176060	player+silence	uade	Protracker compatible	0	62732	3f7bdba1	e24d2eea	Module/CLASSICS/CANON-D.MOD
344c887648dc9e4befc9fa27345e903d	1	176060	player+silence	uade	Protracker compatible	0	62732	3f7bdba1	e24d2eea	Module/CLASSICS/CANON.MOD
347483fd13d0cb30037ff499f5a758d0	1	225397	player	uade	Noisetracker 1.x	0	88284	55c9de2e	cc356837	Action/Deluxe_Galaga/GALAGA.MUSIC
347483fd13d0cb30037ff499f5a758d0	1	225397	player	uade	Noisetracker 1.x	0	88284	55c9de2e	cc356837	Archive/Action/D_galaga19.lha/Deluxe_Galaga/GALAGA.MUSIC
347483fd13d0cb30037ff499f5a758d0	1	225397	player	uade	Noisetracker 1.x	0	88284	55c9de2e	cc356837	Archive/Action/D_Galaga23.lha/Deluxe_Galaga23/GALAGA.MUSIC
347483fd13d0cb30037ff499f5a758d0	1	225397	player	uade	Noisetracker 1.x	0	88284	55c9de2e	cc356837	Nordlicht_SPIELE/Serie_19/Disk03c/DeluxeGalaga/GALAGA.MUSIC
347483fd13d0cb30037ff499f5a758d0	1	225397	player	uade	Noisetracker 1.x	0	88284	55c9de2e	cc356837	Nordlicht_SPIELE/Serie_19/Disk03c/NLSpiele_19_03c.DMS/DeluxeGalaga/GALAGA.MUSIC
347483fd13d0cb30037ff499f5a758d0	1	225397	player	uade	Noisetracker 1.x	0	88284	55c9de2e	cc356837	Nordlicht_SPIELE/Serie_19/Disk03d/Deluxe_Galaga/GALAGA.MUSIC
347483fd13d0cb30037ff499f5a758d0	1	225397	player	uade	Noisetracker 1.x	0	88284	55c9de2e	cc356837	Nordlicht_SPIELE/Serie_19/Disk03d/NLSpiele_19_03d.DMS/Deluxe_Galaga/GALAGA.MUSIC
3479895055c4a93d856319d69047d020	0	84616	player	uade	Amos Music Bank	0	53800	69717574	f386ff0a	Nordlicht_SPIELE/Serie_12/Disk04/bonus.abk
3479895055c4a93d856319d69047d020	0	84616	player	uade	Amos Music Bank	0	53800	69717574	f386ff0a	Nordlicht_SPIELE/Serie_12/Disk04/SPIELE_12_04.DMS/bonus.abk
34a4bd87cb1802c029ff11dfd7056dc5	1	321588	player	uade	Protracker	0	375580	e2051ff0	89d4fd3a	Module/Module1/mod.mr keel theme
352d3f5c7a7254c7b522dc3c41b89a7c	1	130693	player	uade	Protracker	0	31842	dba14224	1bb64d6e	Nordlicht_SPIELE/Serie_12/Disk03/SPIELE_12_03.DMS/Quiz.Mod
352d3f5c7a7254c7b522dc3c41b89a7c	1	130693	player	uade	Protracker	0	31842	dba14224	1bb64d6e	Nordlicht_SPIELE/Serie_24/Disk06a/Spiele_24_06a.DMS/MOD.Amiga
35ad9851194f8a653ca18819d830e4a0	1	180607	player	uade	Startrekker (4ch)	0	80476	ab13f624	b737fb4b	Module/MoreMods/2NDELEGY.MOD
35ef1e852817b93eadff5790dcb5a558	0	23168	player	uade	Amos Music Bank	0	24354	43da140e	535dd6e3	Nordlicht_SPIELE/Serie_23/Disk06/music/slime_music4.abk
35ef1e852817b93eadff5790dcb5a558	0	23168	player	uade	Amos Music Bank	0	24354	43da140e	535dd6e3	Nordlicht_SPIELE/Serie_23/Disk06/Spiele_23_06.DMS/music/slime_music4.abk
3630432714927127e5058a88cbf92dd6	1	172407	player+silence	uade	Protracker	0	135342	52e3e7bd	bbcd2700	Module/MoreMods/DARKCLOU.MOD
36a31fa9a9da228dd34153e5721bef49	1	89921	player	uade	Protracker compatible	0	60538	125d3acd	931f7959	Action/CommandoRaid/CR.M2
36a31fa9a9da228dd34153e5721bef49	1	89921	player	uade	Protracker compatible	0	60538	125d3acd	931f7959	Nordlicht_SPIELE/Serie_29/Disk01/CommandoRaid/CR.M2
36a31fa9a9da228dd34153e5721bef49	1	89921	player	uade	Protracker compatible	0	60538	125d3acd	931f7959	Nordlicht_SPIELE/Serie_29/Disk01/Spiele_29_01.DMS/CommandoRaid/CR.M2
36b9c90a2845b824d8c52e6a2b2b8e35	1	57730	player	uade	Protracker	0	74594	26f830e5	1f91200d	Nordlicht_SPIELE/Serie_12/Disk01a/SPIELE_12_01a.DMS/endsong.mod
372cc38f467e152cca215f30ec880325	1	273904	player	uade	Protracker	0	224300	4070f211	64656a96	Module/Module1/mod.gottahave
37f5d02a838248046b2fced41c75021b	1	164131	player+silence	uade	Noisetracker 1.x	0	46752	90e0a7ab	d6c7583c	Module/MuchMods/REGATTA.MOD
37fe5d0df590b66936cc168f0fdddf91	1	169093	player	uade	Noisetracker 1.x	0	148075	6d56a41f	d94429be	Module/VARIOUS/FALLOUT.MOD
3967691891607f6be7a6b697f3294d7c	1	86525	player	uade	P40A - P40B - P41A	0	10764	5a002d3e	aa5b4ff8	Module/Utilities/DELIPLAYERS/P4XX/MODULES/P40A.STELLAR10
3b1df0afa8509b6659b9d3d24a5cf8cd	1	246074	player	uade	Protracker compatible	0	343564	945daaa5	45fea682	Module/Module1/SPECTRUM.MOD
3b57db1472df8f224c0d9cc440db1d9b	1	197968	player	uade	Protracker	0	87628	54d35f8a	0184feb0	Module/Module1/mod.t.g.m
3ba1e2de4b15470d67ba2a21761b30ac	1	228893	player	uade	Protracker	0	154150	27b48d87	00182bee	Module/Module1/mod.want-yah-babe
3c89ffd5b3dabea84d4616d52504a996	1	506797	player	uade	OctaMED MMD1	0	274116	28d63f49	2c08143a	Nordlicht_SPIELE/Serie_21/Disk09/Spiele_21_09.DMS/A12
3cd27b9549989f5cf6644515dfa1b01a	0	222388	player	libopenmpt	SoundTracker 2.0 / D.O.C. SoundTracker II	4	364928	69354bd1	87dcb9ae	Nordlicht_SPIELE/Serie_02/Disk02/SPIELE_02_02.DMS/HoeHoe
3d614b1c13add3d7501b3494ccf58fd6	1	61990	player	uade	OctaMED MMD0	0	113274	07d6b085	c7ff0834	Archive/Denkspiele/Teil_1/Boomfield.lha/BF_Start_M
3da33fcd05bd3a303a41d53798847310	1	121731	player	uade	Protracker compatible	0	84332	6d06cc59	68645c9b	Module/Module1/MyLove.MOD
3e5ac6d98616938997c596ce2bd67802	0	30844	player	uade	Amos Music Bank	0	8742	fe9f10f4	e65757e2	Nordlicht_SPIELE/Serie_25/Disk05a/sound.fx/crowd.abk
3e5ac6d98616938997c596ce2bd67802	0	30844	player	uade	Amos Music Bank	0	8742	fe9f10f4	e65757e2	Nordlicht_SPIELE/Serie_25/Disk05a/Spiele_25_05a.DMS/sound.fx/crowd.abk
3ec5533ebde11113acc5b301f7947a38	1	46216	player	uade	Protracker compatible	0	57068	61f589f8	411217bc	Action/CommandoRaid/CR.M1
3ec5533ebde11113acc5b301f7947a38	1	46216	player	uade	Protracker compatible	0	57068	61f589f8	411217bc	Nordlicht_SPIELE/Serie_29/Disk01/CommandoRaid/CR.M1
3ec5533ebde11113acc5b301f7947a38	1	46216	player	uade	Protracker compatible	0	57068	61f589f8	411217bc	Nordlicht_SPIELE/Serie_29/Disk01/Spiele_29_01.DMS/CommandoRaid/CR.M1
3fccc2c9d7e1254b72469ee985fbad24	1	184947	player	uade	OctaMED MMD0	0	102674	7800d373	7062c981	Action/MegaBall3/MB_Music/MBmus22
4047b5d0c4238b185ab81ebbdaf3f055	1	117350	player	uade	Noisetracker 1.x	0	71472	43775d66	b5d14b4b	Module/MoreMods/3D.MOD
4086a1a6fe393c340e4e9bcc7b0bc9fc	1	119498	player+silence	uade	Protracker	0	99006	671e74cb	fcbeb196	Module/MuchMods/HOTBITS2.MOD
40bc5b29f2d52c7005d3107faa54d6c6	1	171464	player+silence	uade	Protracker	0	249680	acb3fecf	8502825a	Module/MuchMods/RHETORIC.MOD
41bab09f7e14b82f8096404b9f7d7b15	1	205039	player+silence	uade	Protracker	0	198911	15d17c89	988c120a	Module/MoreMods/2NYTLIVE.MOD
431bf30fbf21e34a6ee9fe2817ed6b50	1	422240	player	uade	Soundtracker II (31 instr.)	0	129732	370a5c45	617527a3	Module/VARIOUS/EARTHQUA.MOD
434c0a2d09b7725936179a0cc3aaed2c	1	242055	player	uade	Protracker compatible	0	54322	3225bc09	57b167ae	Klassiker/Diverses/SONOFBLAGGER.LHA/Son_Of_Blagger/jomus
435133e6ac134fb324f437593c27be9d	1	232450	player	uade	Protracker	0	141252	1934955f	01e5df21	Module/Module1/mod.timepressure
435b640a5fe62c80be018aed0e8fe813	1	231164	player	uade	Protracker	0	156076	6ee7520f	d021e558	Module/MuchMods/JOYRIDE.MOD
43a8c191bf12fbf6cff4ba5b35d471a0	1	184405	player	uade	OctaMED MMD0	0	48496	f0bd127d	9bec38f7	Archive/Verschiedenes/FarWest3.lha/DM
43a8c191bf12fbf6cff4ba5b35d471a0	1	184405	player	uade	OctaMED MMD0	0	48496	f0bd127d	9bec38f7	Nordlicht_SPIELE/Serie_27/Disk10c/DM
43a8c191bf12fbf6cff4ba5b35d471a0	1	184405	player	uade	OctaMED MMD0	0	48496	f0bd127d	9bec38f7	Nordlicht_SPIELE/Serie_27/Disk10c/Spiele_27_10c.DMS/DM
4415d10858dedbfa22480b68428be03f	0	168972	player	uade	Soundtracker II - V or compatible	0	83318	dd92c103	64d1c871	Module/VARIOUS/74E.MOD
444492d5a86d98363be27ff7b99a8010	0	153721	player	uade	Amos Music Bank	0	40746	f21e213b	33050b82	Nordlicht_SPIELE/Serie_01/Disk08/SPIELE_01_08.DMS/MUSIC3.Abk
445458a0f110d7c1e72fc6c77b25c2d5	1	185334	player+silence	uade	OctaMED MMD0	0	283264	6b2c223d	000b915c	Archive/Verschiedenes/StarWoids1.lha/data2/m03
445458a0f110d7c1e72fc6c77b25c2d5	1	185334	player+silence	uade	OctaMED MMD0	0	283264	6b2c223d	000b915c	Nordlicht_SPIELE/Serie_30/Disk05a/NL_Spiele_30_05a.DMS/data2/m03
44850d953dfa22ea3daedc889294c9b3	1	476294	player	uade	Protracker	0	135678	32405138	5a6a933c	Module/MuchMods/DECORE.MOD
4553e13d6a8a17e81d57354f0865d743	1	266369	player	uade	Protracker	0	137016	36f6d2cc	9d82d330	Module/Module1/Turican2.MOD
4611f466da38c86dc4270a847454cd14	1	111438	player+volume	uade	Protracker compatible	0	77767	73328035	8bfbb3e9	Module/MuchMods/GETZZ.MOD
46452ea34bd2d16f91af86e9bbe339c7	1	92272	player	uade	Protracker	0	77047	b1fc7580	2d3d2c2b	Module/Module1/mod.FunkyThing
46dd44fbb3543617399ea3932d5a1a7f	1	82044	player	uade	Protracker	0	53856	f75a84f9	aee0c50d	Module/MuchMods/INTRO.MOD
471ecaed1a4be7b033c8d792552105b6	1	266369	player	uade	Protracker	0	151708	0f45c8f3	48d335dd	Module/Module1/Turican2-Remix.mod
47708df03f5c5b548d445b88af23c765	1	157579	player	uade	Noisetracker 1.x	0	91034	e98d9fb1	77ef30f9	Module/MuchMods/SMOKE.MOD
481aff76072c4849c997a705b0a31820	1	169028	player+silence	uade	Protracker	0	199738	e05fbc68	ea77e607	Module/MoreMods/D0HNITZK.MOD
4892deb034d8e4b2d688565cc831ba05	1	109855	player	uade	Protracker	0	168754	44abee09	8d3cfdff	Module/MuchMods/JESUS12.MOD
489fb977fd138f3fa8ee332f9fbfdd76	1	169716	player	uade	Protracker	0	100566	657b9389	b6eff9c5	Module/MoreMods/DELERIUM.MOD
489fb977fd138f3fa8ee332f9fbfdd76	1	169716	player	uade	Protracker	0	100566	657b9389	b6eff9c5	Module/MoreMods/DELIRIUM.MOD
496c272d803eeb88a78481a847643a35	0	244607	player	uade	Amos Music Bank	0	80076	f774c71e	d5442810	Archive/Denkspiele/Teil_6/ColConquestII.lha/Music.lha/GameMusic
49aa1a547c59d0abddb619039e731677	1	138369	player	uade	P40A - P40B - P41A	0	7554	6fbab4b0	d0033282	Module/Utilities/DELIPLAYERS/P4XX/MODULES/P40B.DIGITALGRIM
49ff0a41606ec4f1888d79fab63a7028	1	169093	player	uade	Protracker compatible	0	83811	59f6f647	02cfc92b	Module/MoreMods/74EASY.MOD
4a4db28daeb81f3eb207f892b70a1e54	0	46196	player	uade	Amos Music Bank	0	70042	bc145269	899794af	Archive/Jump&Run/Bucktoot.lzh/BucktoothEndMus.abk
4a4db28daeb81f3eb207f892b70a1e54	0	46196	player	uade	Amos Music Bank	0	70042	bc145269	899794af	Nordlicht_SPIELE/Serie_28/Disk03/BucktoothEndMus.abk
4a4db28daeb81f3eb207f892b70a1e54	0	46196	player	uade	Amos Music Bank	0	70042	bc145269	899794af	Nordlicht_SPIELE/Serie_28/Disk03/Spiele_28_03.DMS/BucktoothEndMus.abk
4ab71db7e9168bd3d9d4a424f1e173ca	0	5710	player+silence	uade	Amos Music Bank	0	5098	9cffee07	0d355c52	Nordlicht_SPIELE/Serie_11/Disk10/SPIELE_11_10.DMS/Data20
4ab71db7e9168bd3d9d4a424f1e173ca	0	5710	player+silence	uade	Amos Music Bank	0	5098	9cffee07	0d355c52	Werbespiele/Punica.DMS/Data20
4b680cb12d805a9b2749e23fd5bb5a8d	1	207493	player	uade	Noisetracker 1.x	0	138942	88ad9795	15596fa3	Module/MoreMods/DEATHSTA.MOD
4ba7aa8ef6d6d3ae845700ae3f66a7c6	1	106821	player	uade	Protracker	0	72734	30a22642	366f19d8	Nordlicht_SPIELE/Serie_19/Disk03b/DeluxeGalaga/GALAGA.MUSIC
4ba7aa8ef6d6d3ae845700ae3f66a7c6	1	106821	player	uade	Protracker	0	72734	30a22642	366f19d8	Nordlicht_SPIELE/Serie_19/Disk03b/SPIELE_19_03b.DMS/DeluxeGalaga/GALAGA.MUSIC
4be5f1f9629b749864809326aa960667	1	169093	player	uade	Noisetracker 1.x	0	175103	35411188	415a5be5	Module/MoreMods/DELTA116.MOD
4be9fd4da439deea320acdfb18f759e7	1	386546	player+silence	ft2play	Fasttracker (M.K.)	4	441413	1b0bf529	a44a525a	Module/MoreMods/DEPECHEM.MOD
4c582fe6fd68e243b8212269d3617d25	1	121329	player	uade	OctaMED MMD0	0	57556	4e555cb3	6c16a8a7	Archive/Strategie/DualMaze13.lzh/DualMaze/dualmaze.med
4c8ea895df64d75dd6c3dd7c4e90ee50	0	46196	player	uade	Amos Music Bank	0	34796	5c77d06d	bc7d22a6	Archive/Demos/MooseDriveDemoB.lha/Second.Mus
4c8ea895df64d75dd6c3dd7c4e90ee50	0	46196	player	uade	Amos Music Bank	0	34796	5c77d06d	bc7d22a6	Nordlicht_SPIELE/Serie_29/Disk07/Second.Mus
4c8ea895df64d75dd6c3dd7c4e90ee50	0	46196	player	uade	Amos Music Bank	0	34796	5c77d06d	bc7d22a6	Nordlicht_SPIELE/Serie_29/Disk07/Spiele_29_07.DMS/Second.Mus
4cc4bc1a9fd197735d539dce4aac3c24	1	8262	player+silence	uade	Protracker	0	18914	d3a2c8ff	cbd2139b	Nordlicht_SPIELE/Serie_19/Disk05/muzak/hiscore.mod
4cc4bc1a9fd197735d539dce4aac3c24	1	8262	player+silence	uade	Protracker	0	18914	d3a2c8ff	cbd2139b	Nordlicht_SPIELE/Serie_19/Disk05/SPIELE_19_05.DMS/muzak/hiscore.mod
4cc4bc1a9fd197735d539dce4aac3c24	1	8262	player+silence	uade	Protracker	0	18914	d3a2c8ff	cbd2139b	Werbespiele/HeliMission.DMS/muzak/hiscore.mod
4ce7387cf12b44ab01c23ef32274eb85	1	182006	player+silence	uade	Noisetracker 1.x	0	91456	949ddd55	4bc78d80	Module/MuchMods/SAHARA.MOD
4d3cb0ba6c7734396157a4fc2bd8b836	1	142187	player	uade	Noisetracker 1.x	0	160450	0f75cbc8	dd7fd11d	Module/METAL/MOD.3
4d3e1d8d501d72fa46d680531e430c9e	1	153721	player	uade	Noisetracker 1.x	0	89582	60809da4	82ebcb40	Module/MoreMods/16RASTER.MOD
4d457a56cbfb639fdfca66dfa96dd1a6	1	77222	player	uade	Protracker	0	66438	f6ff1080	eb4c3642	Module/Module1/Lemmings2.MOD
4d7bef1eb6419fc9968285396261e3a3	1	62834	player	uade	Protracker compatible	0	9764	7fffdcc8	743d660a	Module/Utilities/ARCHIVES/amos_modplay3.lha/modules/Mod.Big-numbers
4db7dcf25fec85948bde398ae7851fbc	1	299645	player	uade	Protracker	0	114552	87c364c8	eae1a86d	Module/MoreMods/DATATRAN.MOD
4dea3289b726938ce9e071e0f23be6d8	1	162683	player	uade	Soundtracker II (15 instr.)	0	105164	3d11cb19	247bf4c7	Module/MoreMods/11-1.MOD
4e4867b20fa0780640c6785c15cb3e6a	1	258194	player+silence	uade	Protracker	0	76050	c7a0596a	84b14344	Archive/Verschiedenes/GYPSY-11.lha/GYPSY_CARDS/BRISCAS.MOD
4e5172730ed96ad8ba0064a7b4a8067a	1	53872	player	uade	Soundtracker II (31 instr.)	0	50700	2a86a9f3	5bc1c998	Module/MoreMods/DEPP.MOD
4e81cfa7ea31fe62ac6929b5074c6822	1	121849	player+silence	uade	Protracker	0	124126	70893874	f7190eb7	Nordlicht_SPIELE/Serie_25/Disk09/MUSIC/mod.titles
4e81cfa7ea31fe62ac6929b5074c6822	1	121849	player+silence	uade	Protracker	0	124126	70893874	f7190eb7	Nordlicht_SPIELE/Serie_25/Disk09/Spiele_25_09.DMS/MUSIC/mod.titles
4ec6de35d7ef574bebae2a43bf92bcc6	1	146045	player	uade	Soundtracker II (15 instr.)	0	84864	2ba324aa	db7f447a	Action/Rescue/Rescue.Song3
4ec6de35d7ef574bebae2a43bf92bcc6	1	146045	player	uade	Soundtracker II (15 instr.)	0	84864	2ba324aa	db7f447a	Archive/Action/Rescue.lha/rescue/Rescue.Song3
4ee1760f498c6582c01ceb1c7cb08e7d	1	430218	player	uade	Protracker	0	100368	6aae4db8	dd4479ec	Module/MoreMods/007.MOD
4ee75edce734e176f7273fbea4c67bf4	1	152435	player	uade	Protracker compatible	0	123950	6f07f9bb	5ed26108	Module/MoreMods/DEEPINMI.MOD
4fed11322d529bd16f4a413b1dea5afb	1	109855	player	uade	Protracker	0	165392	6771763a	90f7c8c8	Module/MuchMods/JESUS4.MOD
5041c11f8519b9e3f6ac114d2f6f72dd	1	308048	player+silence	uade	OctaMED MMD1	0	348806	0685f019	1269ba6e	Module/Module1/Walk_The_Earth
50450fd7a531964932187282814235a6	1	61588	player	uade	OctaMED MMD0	0	46032	5937efbc	5e210063	Nordlicht_SPIELE/Serie_08/Disk02/SPIELE_08_02.DMS/8694/471.sb
505a2deefb049ebc2af69c9a046bd5ea	0	61548	player	uade	Amos Music Bank	0	29978	9d3359dc	9428263a	Nordlicht_SPIELE/Serie_23/Disk06/music/slime_music1.abk
505a2deefb049ebc2af69c9a046bd5ea	0	61548	player	uade	Amos Music Bank	0	29978	9d3359dc	9428263a	Nordlicht_SPIELE/Serie_23/Disk06/Spiele_23_06.DMS/music/slime_music1.abk
505e292b1918f76562fb68f36b334b92	1	305474	player+silence	uade	Protracker	0	148628	0dbed070	ce11624a	Module/Module1/mod.mellowmania
50e61ea69618b6de88493a51639241cb	1	243421	player	uade	OctaMED MMD0	0	103832	51e1efb7	1e8f0f90	Archive/Denkspiele/Teil_5/Technoban.lha/technoban/Technoban.sound_
50e61ea69618b6de88493a51639241cb	1	243421	player	uade	OctaMED MMD0	0	103832	51e1efb7	1e8f0f90	Denkspiele/Technoban/Technoban.sound_
51e2436b0b4ddef4e5f48de066083e8c	1	318878	player+silence	uade	Protracker	0	143238	6f9dbc70	d5a8dd58	Module/Module1/mod.you_must_remember!
526fab01a18720ba990b0fa6d86144fe	1	231124	player+silence	uade	Protracker	0	98864	78dd35ff	d681cf8e	Archive/Verschiedenes/overlander.lha/OL-Title.mod
526fab01a18720ba990b0fa6d86144fe	1	231124	player+silence	uade	Protracker	0	98864	78dd35ff	d681cf8e	Nordlicht_SPIELE/Serie_27/Disk02/OL-Title.mod
526fab01a18720ba990b0fa6d86144fe	1	231124	player+silence	uade	Protracker	0	98864	78dd35ff	d681cf8e	Nordlicht_SPIELE/Serie_27/Disk02/Spiele_27_02.DMS/OL-Title.mod
52f66d2b1d3bcf416495f5b3b6984d89	1	245893	player	uade	Protracker compatible	0	53886	dd896a11	99ee04dd	Action/Zon/zonfile.09
52f66d2b1d3bcf416495f5b3b6984d89	1	245893	player	uade	Protracker compatible	0	53886	dd896a11	99ee04dd	Archive/Action/Zon.lha/zon/zonfile.09
5353428690ccce029b47aca3fe920b9f	1	199797	player	uade	Soundtracker II (31 instr.)	0	78120	d4f4ae47	ed3e12b3	Module/MoreMods/DDD3.MOD
5384dc6e6ac1a96fe239f7914d5efcd1	0	30674	player	libopenmpt	Defjam Soundtracker III / Alpha Flight SoundTracker IV / D.O.C. SoundTracker IV / VI	4	39872	094321d6	c2b03978	Module/MoreMods/DEMO2.MOD
53f834916a325c38568d15bbbd073d20	1	152234	player	uade	Protracker compatible	0	104806	da733579	ba1ccb2f	Module/MuchMods/DENIAL.MOD
548292cdcec3603967e4ff9c44e6f785	1	220139	player+silence	uade	Protracker compatible	0	138148	1a9ec93a	797ddd81	Module/MoreMods/DAWNCHOR.MOD
54942d21406c91d5b10d3f4864ee895d	1	192141	player	uade	Soundtracker II (15 instr.)	0	54840	9bd7da91	298dd5d7	Nordlicht_SPIELE/Serie_20/Disk03/SPIELE_20_03.DMS/m0
54942d21406c91d5b10d3f4864ee895d	1	192141	player	uade	Soundtracker II (15 instr.)	0	54840	9bd7da91	298dd5d7	Nordlicht_SPIELE/Serie_20/Disk03/Trashcan/m0
54a6033af515eb1be2c3d7a1023baa54	1	163969	player	uade	Protracker	0	27598	40f86780	bc7456f4	Module/MoreMods/4MA.MOD
54a6033af515eb1be2c3d7a1023baa54	1	163969	player	uade	Protracker	0	27598	40f86780	bc7456f4	Module/MuchMods/4MAT.MOD
54ec55b8927d6588f4ab87b1545c3fba	0	138208	player	uade	Amos Music Bank	0	34272	78d2a03b	12a9f416	Nordlicht_SPIELE/Serie_01/Disk06/mod/pr.mod
54ec55b8927d6588f4ab87b1545c3fba	0	138208	player	uade	Amos Music Bank	0	34272	78d2a03b	12a9f416	Nordlicht_SPIELE/Serie_01/Disk06/SPIELE_01_06.DMS/mod/pr.mod
551f04e1169625ff002733a68d670d71	1	108931	player	uade	Soundtracker II (15 instr.)	0	111052	593c9cc9	c0dc151c	Module/MuchMods/AWESOME1.MOD
555d4f4665b2b331b14f24add417f4bb	1	71816	player	uade	Protracker	0	16218	cdd69d2c	b43c1056	Module/MoreMods/DELRIOS.MOD
556af9a963e3c8a30f383448537d5177	1	48125	player	uade	Protracker	0	23324	64b303ab	4b6f0ea5	Module/MoreMods/10MINUTE.MOD
5571c2c6665657e19704b8c9c185ead1	1	71917	player	uade	OctaMED MMD1	0	52768	581d93c5	53becb7a	Nordlicht_SPIELE/Serie_18/Disk09/SPIELE_18_09.DMS/TitelMusic
5571c2c6665657e19704b8c9c185ead1	1	71917	player	uade	OctaMED MMD1	0	52768	581d93c5	53becb7a	Nordlicht_SPIELE/Serie_18/Disk09/TitelMusic
5571c2c6665657e19704b8c9c185ead1	1	71917	player	uade	OctaMED MMD1	0	52768	581d93c5	53becb7a	Werbespiele/Backstage.DMS/TitelMusic
5612d5612006272ebdee724b73f2b670	1	7796	player	uade	Protracker compatible	0	38276	6141c1c6	005a9478	Action/Zon/zonfile.03
5612d5612006272ebdee724b73f2b670	1	7796	player	uade	Protracker compatible	0	38276	6141c1c6	005a9478	Archive/Action/Zon.lha/zon/zonfile.03
565728c135e7ae3bf697dabdbfd0ffd7	1	208759	player	uade	Protracker compatible	0	124046	d0996df3	bd5c8df8	Nordlicht_SPIELE/Serie_09/Disk02/data/mod.the-need-love
565728c135e7ae3bf697dabdbfd0ffd7	1	208759	player	uade	Protracker compatible	0	124046	d0996df3	bd5c8df8	Nordlicht_SPIELE/Serie_09/Disk02/SPIELE_09_02.DMS/data/mod.the-need-love
56837ae2e6af870394bbe5fa89db1cb7	0	117471	player	uade	FaceTheMusic	0	73934	a223bda1	bb944bbb	Nordlicht_SPIELE/Serie_04/Disk05/SPIELE_04_05.DMS/datas/ending.mod
57dc77423e48e59b2f1661399e7c954c	0	261245	player	uade	Amos Music Bank	0	58424	dfbe5f25	3e1a395b	Nordlicht_SPIELE/Serie_03/Disk02/Gun_Slinger/music1
57dc77423e48e59b2f1661399e7c954c	0	261245	player	uade	Amos Music Bank	0	58424	dfbe5f25	3e1a395b	Nordlicht_SPIELE/Serie_03/Disk02/SPIELE_03_02.DMS/Gun_Slinger/music1
57dc77423e48e59b2f1661399e7c954c	0	261245	player	uade	Amos Music Bank	0	58424	dfbe5f25	3e1a395b	Nordlicht_SPIELE/Serie_08/Disk01/music1
57dc77423e48e59b2f1661399e7c954c	0	261245	player	uade	Amos Music Bank	0	58424	dfbe5f25	3e1a395b	Nordlicht_SPIELE/Serie_08/Disk01/SPIELE_08_01.DMS/music1
57e069d9cd4d284a03a1b9337dce4ec8	1	30824	player	uade	Protracker	0	9312	d1ea808b	c5d0099b	Module/MoreMods/10KBLU.MOD
57e069d9cd4d284a03a1b9337dce4ec8	1	30824	player	uade	Protracker	0	9312	d1ea808b	c5d0099b	Module/MoreMods/10KBLUR.MOD
57f342b4032c1ff9524dea9ddea161c1	1	198209	player	uade	Protracker	0	185282	61bed263	a0021351	Module/Module1/mod.Sex'n'drugs
5871e1e2e1c529cda326de01fcef5107	0	164572	player	uade	MusicMaker4	0	2636	0460789d	95bb8885	Archive/Strategie/Phone.lha/phone/Phones.sdata
5871e1e2e1c529cda326de01fcef5107	0	164572	player	uade	MusicMaker4	0	2636	0460789d	95bb8885	Strategie/Phone/Phones.sdata
58cc39b14066216a9bbb3ca4d6932248	1	102762	player	uade	OctaMED MMD0	0	53178	9f018439	20d0bc26	Action/MegaBall3/MB_Music/GameOver.tune
59332d7d8dcfbbe092a1269a4d4488df	1	352815	player	uade	Protracker	0	231952	b284f7f0	1d32e0b7	Module/Module1/SweetSummertime.mod
59a632523460ceea81af62fe190567b7	1	184445	player	uade	Protracker	0	122986	9d3d43c3	3591cb17	Module/MuchMods/ODYSSEY2.MOD
5ae4ba937196e6f9f5c39f0ac3527497	0	69017	player	libopenmpt	Game Music Creator	4	16566	d0988d7c	8bbe2716	Nordlicht_SPIELE/Serie_29/Disk02/Music/Level6Music.DAT
5ae4ba937196e6f9f5c39f0ac3527497	0	69017	player	libopenmpt	Game Music Creator	4	16566	d0988d7c	8bbe2716	Nordlicht_SPIELE/Serie_29/Disk02/Spiele_29_02.DMS/Music/Level6Music.DAT
5b14a2b98a2e52f90aba3a34c9361572	1	331917	player	uade	Protracker	0	282768	318436a6	6b204ea0	Module/Module1/mod.VDLove1
5b7760ad434ccb77bc23634b91ed2721	0	69104	player	libxmp	NoisePacker v3	4	163000	0ed262bb	e200cc1c	Archive/Demos/TanxNstuff.lha/unreg.dat
5b7760ad434ccb77bc23634b91ed2721	0	69104	player	libxmp	NoisePacker v3	4	163000	0ed262bb	e200cc1c	Nordlicht_SPIELE/Serie_29/Disk06/Spiele_29_06.DMS/unreg.dat
5b7760ad434ccb77bc23634b91ed2721	0	69104	player	libxmp	NoisePacker v3	4	163000	0ed262bb	e200cc1c	Nordlicht_SPIELE/Serie_29/Disk06/unreg.dat
5b7760ad434ccb77bc23634b91ed2721	1	7676	player
5b8d1c470aac156ae1975521e044b8b4	1	271553	player	uade	OctaMED MMD0	0	74466	d9d5ac6c	97260d72	Module/Utilities/PLAYERS/EDPLAYER/DEMOSONGS/EDP.DEMOSONG4.PP
5be80b1006b972cf899c7bf152d58166	1	161397	player	uade	Protracker	0	48170	d9931ef8	b2f5b0af	Module/Module1/mod.fury.desert
5c6149dc77730c04c3c2a34f393dfbfe	1	152272	player+silence	uade	OctaMED MMD1	0	231886	49faa88d	55d676b4	Module/Module1/CannFodd.mod
5c677dd1ccb2f081709fd8e25851094a	0	161397	player	uade	Amos Music Bank	0	53532	86098cf9	52be0fa3	Nordlicht_SPIELE/Serie_12/Disk04/real.abk
5c677dd1ccb2f081709fd8e25851094a	0	161397	player	uade	Amos Music Bank	0	53532	86098cf9	52be0fa3	Nordlicht_SPIELE/Serie_12/Disk04/SPIELE_12_04.DMS/real.abk
5c8005d0c0322161f6c594736b498335	1	248809	player+silence	uade	Protracker	0	349956	14874a21	5ea51a78	Module/Module1/mod.micky sm00th hcmix
5cc617271dee2a1ef1da6dbe3e907c47	1	241906	silence	uade	Protracker compatible	0	88882	1d226260	04ff3409	Module/MoreMods/1081.MOD
5cc96b2b4bfa43322a60572bf3e2c37a	1	200038	player	uade	Protracker compatible	0	65972	be0ffb73	efcbd826	Module/MoreMods/DAIMONDD.MOD
5d38a4d4bdb55c8f8b396b7f9073d7e1	0	14407	player	uade	Amos Music Bank	0	6596	9a617f3d	40e695ef	Nordlicht_SPIELE/Serie_11/Disk10/SPIELE_11_10.DMS/Data8
5d38a4d4bdb55c8f8b396b7f9073d7e1	0	14407	player	uade	Amos Music Bank	0	6596	9a617f3d	40e695ef	Werbespiele/Punica.DMS/Data8
5d58bf4fd3242cdd77c49d4a9d0861ed	1	248043	player	uade	Protracker	0	104428	f7b4481b	b7c22baf	Module/Module1/mod.WTTJ
5d5a82ee426737678e56378e4e46b5f3	0	7816	player	uade	Amos Music Bank	0	19182	afe39789	39265408	Nordlicht_SPIELE/Serie_26/Disk07b/Birdsong.abk
5d5a82ee426737678e56378e4e46b5f3	0	7816	player	uade	Amos Music Bank	0	19182	afe39789	39265408	Nordlicht_SPIELE/Serie_26/Disk07b/Spiele_26_07b.DMS/Birdsong.abk
5d72d0acbdf4a3334950126a1d286258	1	238482	player+silence	uade	Protracker compatible	0	341540	73c95e5b	e97f4ecd	Module/MoreMods/911.MOD
5d7e04221d24ef35461aacdc7943853c	0	138034	player	libopenmpt	Ultimate Soundtracker 1.0-1.21	4	119384	5ba00cc6	ff4d8e99	Module/MoreMods/777TEAM1.MOD
5d7eaea100c4c1c6734444e05b02bcc7	1	161638	player	uade	Protracker	0	139512	e1e575f8	ad99e2c7	Module/MoreMods/DEMOSOND.MOD
5d820a19145791f7218defd6559c05b9	1	316102	player	uade	Protracker	0	675284	0f19084a	4b6a5c9c	Module/Module1/mod.Rhelms
5dd6b95e166a172d25f867570f981f04	1	145363	player	ft2play	Fasttracker (M.K.)	4	73063	415fbf94	7081463e	Module/MoreMods/DAN3.MOD
5dede913c0b23d432e40d269b85fc16d	1	176769	player	uade	Startrekker (4ch)	0	89524	8987f647	fd962248	Nordlicht_SPIELE/Serie_23/Disk01/Spiele_23_01.DMS/Modules/mod.estra
5dede913c0b23d432e40d269b85fc16d	1	176769	player	uade	Startrekker (4ch)	0	89524	8987f647	fd962248	Nordlicht_SPIELE/Serie_23/Disk02/Spiele_23_02.DMS/Modules/mod.estra
5e2e88fc55b9b583ab3691c445e16f4b	0	444997	player+silence	uade	Oktalyzer	0	150548	3d7f9e96	a0585164	Module/Module1/WODAHS EHT
5e3b7068724dc280d6dd25b8fa813493	1	138369	player	uade	Protracker	0	52290	68d93774	ece9def8	Nordlicht_SPIELE/Serie_22/Disk08/FF-Ingame2
5e3b7068724dc280d6dd25b8fa813493	1	138369	player	uade	Protracker	0	52290	68d93774	ece9def8	Nordlicht_SPIELE/Serie_22/Disk08/Spiele_22_08.DMS/FF-Ingame2
5eadd59a51db1b1871fc1bef286cf36b	1	208697	player+silence	uade	Protracker compatible	0	101376	f8ae4e5c	9d90a371	Module/MuchMods/NIAGARA.MOD
5f5044927a6fe2bd0cdd2d4cc03668fd	1	133245	player	uade	Protracker compatible	0	118829	c930c0b7	1867bc8e	Module/MuchMods/RAIPPA.MOD
5f6d16056aad36efc14cfd91f6b8ada4	1	344556	player	uade	Protracker	0	205488	9bb59616	d46dfa24	Module/Module1/MOD.RUSH
5fd0ea3d107b98f92aead42fa4dc4be8	1	164632	player	uade	Protracker	0	162784	8c069c1e	548b4d4b	Module/Module1/mod.Ancient_Times
601ed8094d8ae29592ff8f6c57cafc00	0	23148	player	uade	Amos Music Bank	0	36912	3362be07	5b4ca044	Archive/Demos/MooseDriveDemoB.lha/Lost.Mus
601ed8094d8ae29592ff8f6c57cafc00	0	23148	player	uade	Amos Music Bank	0	36912	3362be07	5b4ca044	Nordlicht_SPIELE/Serie_29/Disk07/Lost.Mus
601ed8094d8ae29592ff8f6c57cafc00	0	23148	player	uade	Amos Music Bank	0	36912	3362be07	5b4ca044	Nordlicht_SPIELE/Serie_29/Disk07/Spiele_29_07.DMS/Lost.Mus
608b009cf56db66ecc63a2242f86e546	1	243639	player+silence	uade	Protracker	0	416000	37a53c6a	d22be2f7	Module/MoreMods/DEEPDOWN.MOD
60b40d5fe936613c365c6dd0b94aaa23	1	218910	player+silence	uade	Protracker compatible	0	182383	2bc50db7	ecdebf82	Module/MuchMods/UBOAT.MOD
60cfc1efacb7a1ddccfa723bc4b11f02	0	161417	player	uade	Amos Music Bank	0	63240	86c67b1d	53c31b6d	Nordlicht_SPIELE/Serie_20/Disk01b/HighScore.abk
60cfc1efacb7a1ddccfa723bc4b11f02	0	161417	player	uade	Amos Music Bank	0	63240	86c67b1d	53c31b6d	Nordlicht_SPIELE/Serie_20/Disk01b/Spiele_20_01b.DMS/HighScore.abk
61165396cf48bd751d209132fdbd46a4	1	97695	player+silence	uade	P40A - P40B - P41A	0	82536	17ffbe93	9d5d825d	Module/Utilities/DELIPLAYERS/P4XX/MODULES/P41A.TOPAZZ&HAWK
614a8c9781daae06cfcb3d5248445f32	1	82973	player+silence	uade	Protracker compatible	0	60038	891a0c0b	793e64a8	Module/MuchMods/GUITARZ.MOD
61891ad2d56530e5ce8842c0422da7bc	1	213860	player+silence	uade	Protracker compatible	0	130066	7005bf2a	3712da32	Module/MuchMods/GATEWAY.MOD
61c173cf5676c4db149021efecdbbc35	1	146045	player	uade	Protracker compatible	0	150474	20b64fa0	c841bd82	Denkspiele/KlakTris/modules/mod.kaos
61c173cf5676c4db149021efecdbbc35	1	146045	player	uade	Protracker compatible	0	150474	20b64fa0	c841bd82	Einzel_Disk/KlakTris.DMS/modules/mod.kaos
61c173cf5676c4db149021efecdbbc35	1	146045	player	uade	Protracker compatible	0	150474	20b64fa0	c841bd82	Nordlicht_SPIELE/Serie_18/Disk10/modules/mod.kaos
61c173cf5676c4db149021efecdbbc35	1	146045	player	uade	Protracker compatible	0	150474	20b64fa0	c841bd82	Nordlicht_SPIELE/Serie_18/Disk10/SPIELE_18_10.DMS/modules/mod.kaos
627a2b338a5c222cc0a4e50dcb416372	1	54977	player	uade	Protracker	0	36112	4c631491	fa6fae18	Module/MuchMods/CATSEYE.MOD
6299c93397ff841463f5c522bd63f800	1	257588	player	uade	OctaMED MMD0	0	350276	edd4cb43	91321f9c	Module/Utilities/ARCHIVES/OctaMEDPlayer.lzh/OctaMEDPlayer/E-T-S-BY-ROBNOB
636337bb545959d4a64d19cfef1a5183	1	283449	player	uade	Protracker	0	101568	005f10ce	79d31b7a	Module/Module1/mod.memory
636337bb545959d4a64d19cfef1a5183	2	245551	player
636337bb545959d4a64d19cfef1a5183	3	247400	player
636ce74c76ede4f39556fc09fbe798d9	1	207493	player	uade	Noisetracker 1.x	0	99280	f1bb013c	fc4c5d5a	Module/VARIOUS/BA1-RSI.MOD
63d263dcdbb601295c995c6a5dc8e5e2	1	153721	player	uade	Protracker	0	128892	7e818549	11c63ea4	Nordlicht_SPIELE/Serie_10/Disk08/SPIELE_10_08.DMS/mod.end-theme
641c033249756636e7fc735273b3a6e4	0	7816	player	uade	Amos Music Bank	0	20902	fa278013	0ac4c875	Nordlicht_SPIELE/Serie_26/Disk07b/fountsong.abk
641c033249756636e7fc735273b3a6e4	0	7816	player	uade	Amos Music Bank	0	20902	fa278013	0ac4c875	Nordlicht_SPIELE/Serie_26/Disk07b/Spiele_26_07b.DMS/fountsong.abk
649705108de4e6c856505b74f6fcd4d2	1	46216	player	uade	Noisetracker 1.x	0	9760	84133b1e	7691194b	Module/MuchMods/LEMON.MOD
64c8bb39a60dc8fc20e0bc82aade9d29	1	30824	player	uade	Soundtracker II (15 instr.)	0	55472	54374c3b	30a5def7	Module/MoreMods/DATA.MOD
65272342818f1687038932b53e33df49	1	84717	player	uade	OctaMED MMD1	0	261368	f1b6f0ad	1267ebe6	Archive/Denkspiele/Teil_3/Klond3_3.lha/Default.WINM
65272342818f1687038932b53e33df49	1	84717	player	uade	OctaMED MMD1	0	261368	f1b6f0ad	1267ebe6	Archive/Denkspiele/Teil_6/Klondike-II-AGA2.lha/MUSIC.LZH/Default.WINM
66c35f85008f562a0ff216e3551c2ef4	1	391134	player	uade	Protracker	0	139000	17848dcc	455245d6	Module/MuchMods/LK.MOD
66d273adc43e56fd69e12966abc617ee	1	187190	player+silence	uade	OctaMED MMD0	0	145268	1724e1c7	7bdc4cc1	Archive/Verschiedenes/FarWest3.lha/FA
66d273adc43e56fd69e12966abc617ee	1	187190	player+silence	uade	OctaMED MMD0	0	145268	1724e1c7	7bdc4cc1	Nordlicht_SPIELE/Serie_27/Disk10c/FA
66d273adc43e56fd69e12966abc617ee	1	187190	player+silence	uade	OctaMED MMD0	0	145268	1724e1c7	7bdc4cc1	Nordlicht_SPIELE/Serie_27/Disk10c/Spiele_27_10c.DMS/FA
67095c262f93c03c3ba703362ba6c356	1	184445	player	uade	Protracker	0	78446	5a270bc4	4dd3d6f0	Module/VARIOUS/HORIZ36.MOD
67630b0450809fd646c58ac90d3d9670	0	107544	player	uade	Soundtracker II - V or compatible	0	69186	a1aecc83	a1b285de	Module/METAL/MOD.1
6787a71cb2d96ae6a6b4b7a9d0c09388	1	15452	player	uade	OctaMED MMD0	0	210864	6fefe243	433f664f	Archive/Denkspiele/Teil_4/Matix.lha/End_Melody
6787a71cb2d96ae6a6b4b7a9d0c09388	1	15452	player	uade	OctaMED MMD0	0	210864	6fefe243	433f664f	Nordlicht_SPIELE/Serie_19/Disk01/End_Melody
6787a71cb2d96ae6a6b4b7a9d0c09388	1	15452	player	uade	OctaMED MMD0	0	210864	6fefe243	433f664f	Nordlicht_SPIELE/Serie_19/Disk01/SPIELE_19_01.DMS/End_Melody
678f6361f8fd482dec1f5fc10cfa7fa6	1	85239	player	uade	Protracker compatible	0	67696	cbeee45a	929949e6	Module/Module1/Broken_Heart.mod
67cb1ec879ccb9e33aa7d209358cff74	1	186695	player	uade	Protracker	0	185436	a5afcb7c	fef3223f	Module/Module1/mod.Elef_On_The_Olef
68a9726b9b6be19097ef6ac13aaa6003	1	169093	player	uade	Protracker compatible	0	87328	1f90b8fe	f2940b0c	Module/MoreMods/4EVER.MOD
68fa5c05952c57ac02ffceaa90f28ccb	1	121088	player	uade	Protracker	0	121230	e5ca4573	14510c2e	Module/Module1/mod.The Facet
690241701d15a5647cdbab28be5e3f5c	0	23168	player	uade	Amos Music Bank	0	10730	4ed23498	be59f108	Nordlicht_SPIELE/Serie_02/Disk06/F1.ABK
690241701d15a5647cdbab28be5e3f5c	0	23168	player	uade	Amos Music Bank	0	10730	4ed23498	be59f108	Nordlicht_SPIELE/Serie_02/Disk06/SPIELE_02_06.DMS/F1.ABK
69364da944ecadc663ac3cd25f64ffc3	1	152234	player	uade	Protracker	0	104806	cf2ec9bc	bc706805	Module/MoreMods/DENIAL.MOD
695c22f1650a7fafa800bb89acf9d960	1	174734	player+silence	uade	Protracker	0	112140	34ff8752	29902ac7	Module/Module1/mod.mad_gun_kill_again
696e611679d37ca330a54f6cc166a279	1	462228	player	uade	Protracker	0	537216	73c6c66c	99281d42	Module/Module1/Littletoyworld.mod
696ec05babef8d7091723a21c9f4639b	0	7668	player	libopenmpt	Ultimate Soundtracker 1.0-1.21	4	25624	be6d5571	da41a9bb	Module/MoreMods/DEMO1.MOD
69802282014175a6e53b4a48fd59786d	1	178678	player	uade	Startrekker (4ch)	0	72616	0cc98e1f	23703c07	Module/MoreMods/DEATHRUN.MOD
6a178f67f2f2a42598f9f833c572a683	0	29880	player	uade	Amos Music Bank	0	22342	034f9082	d3e8b852	Archive/Denkspiele/Teil_6/chaneques_2.lha/LaCucaracha.abk
6a6f4a523e1bf8c63b9cf94be9dcb58e	1	176769	player	uade	Protracker compatible	0	66778	0d3a23e7	0c9fc71e	Module/MoreMods/DATASMUF.MOD
6a7b3ab2f24099d4ebcbbd8506e76d07	1	128082	player+silence	uade	Protracker	0	301304	85f85e2b	ab3ecdca	Module/MuchMods/ANETTE.MOD
6ba65801c817435ed584c317de48c616	1	192141	player	uade	Protracker compatible	0	88480	89d1e536	843334ad	Module/MoreMods/6BEAT.MOD
6c7106cc7488f4448abd6ada0085c49e	1	102983	player	uade	Protracker	0	170412	2c0bad98	21a1a7cb	Module/MoreMods/00.MOD
6c7106cc7488f4448abd6ada0085c49e	1	102983	player	uade	Protracker	0	170412	2c0bad98	21a1a7cb	Module/MuchMods/JESUS5.MOD
6cc1794f6315cd8fde449e298a3a792f	1	241091	player	uade	Protracker	0	139452	edb5e729	f28c2694	Module/MuchMods/ODYSSEY5.MOD
6cda4d8a2cda5d87424bc8c5572bedb1	1	325909	player+silence	uade	Protracker	0	401926	e3b7a935	5a2573cb	Module/Module1/TribalJustice.mod
6cfa77b5ae09f24667b9a31ee0e51543	0	169093	player	uade	Amos Music Bank	0	66180	29a8a0f8	b204e030	Nordlicht_SPIELE/Serie_21/Disk04/music.abk
6cfa77b5ae09f24667b9a31ee0e51543	0	169093	player	uade	Amos Music Bank	0	66180	29a8a0f8	b204e030	Nordlicht_SPIELE/Serie_21/Disk04/Spiele_21_04.DMS/music.abk
6d646b579486a75399d810c368c758b4	1	335642	player+silence	uade	Protracker compatible	0	139144	12c76582	9ddd0ff3	Module/VARIOUS/COLORIS.MOD
6d6cb5f5b539d93903b405359c4e1fae	1	166521	player	uade	Protracker	0	93796	8cded47f	364d6372	Module/MoreMods/DANCEDIE.MOD
6d8f34a9887aa91811c05fafdc9f696d	1	247641	player	uade	OctaMED MMD1	0	103876	bad7c8d7	9a10e723	Action/MegaBall3/MB_Music/Title.tune
6d8f34a9887aa91811c05fafdc9f696d	1	247641	player	uade	OctaMED MMD1	0	103876	bad7c8d7	9a10e723	Archive/Verschiedenes/MBallAGA.lha/MegaBallAGA/MB_Music/Title.tune
6d8f34a9887aa91811c05fafdc9f696d	1	247641	player	uade	OctaMED MMD1	0	103876	bad7c8d7	9a10e723	Nordlicht_SPIELE/Serie_17/Disk09/MegaBall_AGA/MB_Music/Title.tune
6d8f34a9887aa91811c05fafdc9f696d	1	247641	player	uade	OctaMED MMD1	0	103876	bad7c8d7	9a10e723	Nordlicht_SPIELE/Serie_17/Disk09/SPIELE_17_09.DMS/MegaBall_AGA/MB_Music/Title.tune
6d9906af14c0f5d9848b39d14d2119c1	1	487828	player	uade	Protracker	0	264978	ecd60cf5	baa96d5c	Module/Module1/Advent.mod
6dbc89a90787aac037459b8913bd0715	1	138690	player	uade	Protracker	0	430970	145cd7c3	c152936c	Module/Module1/tornado.mod
6ddd5636d4e4ee7a132fed9db51234b4	1	15922	player+silence	uade	Protracker	0	64638	d59023b1	1f7d36cd	Nordlicht_SPIELE/Serie_25/Disk09/MUSIC/mod.congrat
6ddd5636d4e4ee7a132fed9db51234b4	1	15922	player+silence	uade	Protracker	0	64638	d59023b1	1f7d36cd	Nordlicht_SPIELE/Serie_25/Disk09/Spiele_25_09.DMS/MUSIC/mod.congrat
6deba258ef18724cf33b9c76f5421c1a	1	184445	player	uade	Protracker	0	49186	41492a51	c7814911	Module/Module1/mod.fury.forest
6df0e90dab3dc9cd6352a814f6496dad	1	89439	player	uade	Protracker	0	168806	58df82f7	2d8ddcfb	Module/MuchMods/JESUS7.MOD
6e06f430283913512b6b05178e88986a	0	20476	player	libxmp	NoisePacker v3	4	22730	bf9a8886	40c4c401	Nordlicht_SPIELE/Serie_13/Disk07/bbnp
6e06f430283913512b6b05178e88986a	0	20476	player	libxmp	NoisePacker v3	4	22730	bf9a8886	40c4c401	Nordlicht_SPIELE/Serie_13/Disk07/SPIELE_13_07.DMS/bbnp
6e3cef8bba74015c2fdd2df7ddc273e4	1	220484	player+silence	uade	Protracker	0	255854	94355456	5382a45e	Module/MuchMods/VOICES.MOD
6eae2a08428f26d725031b984db56a57	0	353418	player	uade	Amos Music Bank	0	78472	4b7e0da4	70f36132	Nordlicht_SPIELE/Serie_14/Disk03/SPIELE_14_03.DMS/The_Worker/Popkorn.Abk
6eae2a08428f26d725031b984db56a57	0	353418	player	uade	Amos Music Bank	0	78472	4b7e0da4	70f36132	Nordlicht_SPIELE/Serie_14/Disk03/The_Worker/Popkorn.Abk
6f32f1c71045f6cb72138aafadbb06ea	1	414807	player+silence	uade	Protracker compatible	0	165182	39b17d5d	2f77a5cf	Module/MoreMods/2010.MOD
6f3f89d55ff68c99be608d61237fa7b6	1	154082	player	uade	Protracker	0	155022	2596fa2e	929bc95b	Module/MoreMods/DEJAVU.MOD
700b861d5d88aeb6a1fbf8c757e8a165	1	159066	player	uade	Protracker	0	114564	af81079c	c9b20a1f	Module/MoreMods/DASDELIR.MOD
701bb218e3f2ddf9156ccc5b44ee63f6	1	228351	player	uade	Protracker	0	315806	c0fc6d3d	c3819abe	Module/Module1/Mod.LoveSucks
702401e42333f9a63917ba2a9e082dca	0	384142	player	uade	Amos Music Bank	0	22146	9fb24d24	bb68647d	Archive/Rollenspiele/Knights2_4.lha/Data/KIM
702401e42333f9a63917ba2a9e082dca	0	384142	player	uade	Amos Music Bank	0	22146	9fb24d24	bb68647d	Nordlicht_SPIELE/Serie_29/Disk05/data/KIM
702401e42333f9a63917ba2a9e082dca	0	384142	player	uade	Amos Music Bank	0	22146	9fb24d24	bb68647d	Nordlicht_SPIELE/Serie_29/Disk05/Spiele_29_05.DMS/data/KIM
70943986f206cb90406492e3a86faed7	0	69244	player	uade	Amos Music Bank	0	57224	44a93250	e878fc2a	Nordlicht_SPIELE/Serie_01/Disk08/SPIELE_01_08.DMS/MUSIC2.Abk
70c5214f62441f711027a1792dce597d	0	325085	player	uade	Amos Music Bank	0	85388	99fa8dd6	29ad32ff	Nordlicht_SPIELE/Serie_04/Disk06/Music.abk
70c5214f62441f711027a1792dce597d	0	325085	player	uade	Amos Music Bank	0	85388	99fa8dd6	29ad32ff	Nordlicht_SPIELE/Serie_04/Disk06/SPIELE_04_06.DMS/Music.abk
71569f40fa3b97b11b70e6f1cfdd072f	0	123097	player	libxmp	MED 2.00 MED3	4	124164	b3a922c9	dd2b9d82	Archive/Verschiedenes/Cheese.lha/Käsejagd/m2
71c121f6bd7b0f292736c8f95c2a419c	0	146045	player	uade	Amos Music Bank	0	53242	18af3125	bfc9e4d2	Nordlicht_SPIELE/Serie_06/Disk06/hanmus
71c121f6bd7b0f292736c8f95c2a419c	0	146045	player	uade	Amos Music Bank	0	53242	18af3125	bfc9e4d2	Nordlicht_SPIELE/Serie_06/Disk06/SPIELE_06_06.DMS/hanmus
71d1637e0a742261fafe5620367e1e49	1	160775	player+volume	uade	Protracker	0	250388	80d5420d	a2b797a0	Module/MuchMods/NIGHTWAY.MOD
72410c8c5e4d64da4441f53b76622357	1	251720	player	uade	OctaMED MMD0	0	59330	96096771	508c3a51	Action/MegaBall3/MB_Music/MBmus09
72b011cb9f39c6e93543dbd0a3755280	1	238197	player	uade	Noisetracker 1.x	0	78748	d7a7993d	22f6d73d	Denkspiele/KlakTris/modules/mod.tune1
72b011cb9f39c6e93543dbd0a3755280	1	238197	player	uade	Noisetracker 1.x	0	78748	d7a7993d	22f6d73d	Einzel_Disk/KlakTris.DMS/modules/mod.tune1
72b011cb9f39c6e93543dbd0a3755280	1	238197	player	uade	Noisetracker 1.x	0	78748	d7a7993d	22f6d73d	Nordlicht_SPIELE/Serie_18/Disk10/modules/mod.tune1
72b011cb9f39c6e93543dbd0a3755280	1	238197	player	uade	Noisetracker 1.x	0	78748	d7a7993d	22f6d73d	Nordlicht_SPIELE/Serie_18/Disk10/SPIELE_18_10.DMS/modules/mod.tune1
731f8a3be716e40707dce4898f149161	1	316792	player+silence	ft2play	Fasttracker (M.K.)	4	101622	0539b33c	b43f9a14	Nordlicht_SPIELE/Serie_27/Disk07/mod.sandman
731f8a3be716e40707dce4898f149161	1	316792	player+silence	ft2play	Fasttracker (M.K.)	4	101622	0539b33c	b43f9a14	Nordlicht_SPIELE/Serie_27/Disk07/Spiele_27_07.DMS/mod.sandman
7342016d927e788c4191b94ca3337cc1	1	138369	player	uade	Protracker	0	87828	c4c567b7	3b09f76e	Module/MoreMods/DEATHBOX.MOD
73b15fc4c3098b3bfe435919d79b2112	1	184445	player	uade	Protracker	0	55512	8efc48f8	8edaa5dc	Denkspiele/KlakTris/modules/mod.tune2
73b15fc4c3098b3bfe435919d79b2112	1	184445	player	uade	Protracker	0	55512	8efc48f8	8edaa5dc	Einzel_Disk/KlakTris.DMS/modules/mod.tune2
73b15fc4c3098b3bfe435919d79b2112	1	184445	player	uade	Protracker	0	55512	8efc48f8	8edaa5dc	Nordlicht_SPIELE/Serie_18/Disk10/modules/mod.tune2
73b15fc4c3098b3bfe435919d79b2112	1	184445	player	uade	Protracker	0	55512	8efc48f8	8edaa5dc	Nordlicht_SPIELE/Serie_18/Disk10/SPIELE_18_10.DMS/modules/mod.tune2
73d7271852da27056022292ddc971efb	1	271500	player+volume	uade	Protracker	0	294330	3079ffa5	fafee9ce	Module/MoreMods/DEATH.MOD
7467ca93bc56f25580ca04ebcff121c3	1	92272	player	uade	Protracker	0	124578	cf04a9f0	856152a4	Module/MoreMods/16BEATBO.MOD
74993b3c87672e367bb40b37871b1010	1	128121	player	uade	Protracker	0	137078	19062d2f	8c1542a0	Module/Module1/mod.alternando
749ee6a50a3e2199353cc1ffd04be1f9	1	240714	player+silence	uade	Protracker	0	107870	8c5bd67c	9c20a76c	Module/MoreMods/DAYSFURY.MOD
7502e4c194d6fb20eaf8c92fa6bdc333	1	32934	player	uade	Protracker	0	63688	97fe56f0	e1f7029e	Module/Module1/mod.nuls-theme biales   
75d8d3e6ef7292a2aa3290b8086d2bb2	1	146386	player	uade	OctaMED MMD0	0	53542	64946023	01ad30b0	Archive/Denkspiele/Teil_5/Technoban.lha/technoban/Technoban.sound4
75d8d3e6ef7292a2aa3290b8086d2bb2	1	146386	player	uade	OctaMED MMD0	0	53542	64946023	01ad30b0	Denkspiele/Technoban/Technoban.sound4
760198003c8c152468fb86e534f87c06	1	106700	player	uade	Protracker	0	154368	f9e67671	1d8d044c	Module/MuchMods/BRUISER.MOD
76625db7546b0fdd2c5e65ca8434db3a	0	46216	player	uade	Amos Music Bank	0	57916	6936a3b6	92b81510	Archive/Demos/Rubber.lha/5
76625db7546b0fdd2c5e65ca8434db3a	0	46216	player	uade	Amos Music Bank	0	57916	6936a3b6	92b81510	Archive/Rollenspiele/Rubber.lha/m/5
76625db7546b0fdd2c5e65ca8434db3a	0	46216	player	uade	Amos Music Bank	0	57916	6936a3b6	92b81510	Archive/Verschiedenes/rubber.lha/m/5
76625db7546b0fdd2c5e65ca8434db3a	0	46216	player	uade	Amos Music Bank	0	57916	6936a3b6	92b81510	Nordlicht_SPIELE/Serie_26/Disk09/m/5
76625db7546b0fdd2c5e65ca8434db3a	0	46216	player	uade	Amos Music Bank	0	57916	6936a3b6	92b81510	Nordlicht_SPIELE/Serie_26/Disk09/Spiele_26_09.DMS/m/5
7702ac47177386af9c324c92de77b331	1	115923	player	uade	Protracker compatible	0	150860	4bff9f3f	71d32e05	Nordlicht_SPIELE/Serie_21/Disk05/Sound_Data/Ingame
7702ac47177386af9c324c92de77b331	1	115923	player	uade	Protracker compatible	0	150860	4bff9f3f	71d32e05	Nordlicht_SPIELE/Serie_21/Disk05/Spiele_21_05.DMS/Sound_Data/Ingame
776d5043e10d941ba05996a7cef42f92	1	150526	player	uade	Protracker	0	49962	25f11063	cae4d7ae	Module/Module1/mod.fury.tekno
777917ceadca6ded36e74b57278d609d	1	245893	player	uade	Protracker	0	60002	d8425bde	f5845032	RMS_Katalog/mod.zoolrave
77d171df7f0bdb33a339db33dbb07175	1	130693	player	uade	Protracker compatible	0	179412	8fc430ab	37124330	Module/MoreMods/DEEPWATE.MOD
77d1ac185442a3dfe1a0ae9db60960a9	1	271929	player+silence	uade	Protracker	0	168310	d17724b9	a9ea6297	Module/MuchMods/KARAWANE.MOD
77ed53e6bf0e9bdd857985e7774cd144	1	12920	player	uade	Protracker	0	47416	120fb826	9ed92748	Module/MoreMods/DCLOADER.MOD
7804dcc759658c4c6b6ee75f09508c63	1	99084	player	uade	OctaMED MMD0	0	68866	cc1ac72c	fb1800d3	Archive/Verschiedenes/FarWest3.lha/EB
7804dcc759658c4c6b6ee75f09508c63	1	99084	player	uade	OctaMED MMD0	0	68866	cc1ac72c	fb1800d3	Nordlicht_SPIELE/Serie_27/Disk10c/EB
7804dcc759658c4c6b6ee75f09508c63	1	99084	player	uade	OctaMED MMD0	0	68866	cc1ac72c	fb1800d3	Nordlicht_SPIELE/Serie_27/Disk10c/Spiele_27_10c.DMS/EB
781b9fcd238e7e49be7badd2ce335197	1	74931	player	uade	Protracker	0	386246	56094170	0861e716	Module/Module1/mod.come.from.childhood
7825da0bdc31950982abd5d2a0593efb	1	128121	player	uade	Soundtracker II (15 instr.)	0	64628	1be1423d	5da08af8	Module/MuchMods/AWESOME2.MOD
783d4f537e382a2c3da616da112a147b	1	115180	player	uade	OctaMED MMD0	0	155108	e0f18e66	f3d757bf	Module/Utilities/ARCHIVES/OctaMEDPlayer.lzh/OctaMEDPlayer/AMIGANUTS
787653e2415226b2916280fd67151e82	1	98682	player	uade	Protracker	0	91558	cedf1ca7	d71d1bfa	Module/Module1/Cornyest.MOD
78add34307f42849239032ebd4a0186f	0	115321	player	uade	Amos Music Bank	0	69878	6980e202	1c1e07c3	Nordlicht_SPIELE/Serie_03/Disk02/Gun_Slinger/music2
78add34307f42849239032ebd4a0186f	0	115321	player	uade	Amos Music Bank	0	69878	6980e202	1c1e07c3	Nordlicht_SPIELE/Serie_03/Disk02/SPIELE_03_02.DMS/Gun_Slinger/music2
78add34307f42849239032ebd4a0186f	0	115321	player	uade	Amos Music Bank	0	69878	6980e202	1c1e07c3	Nordlicht_SPIELE/Serie_08/Disk01/music2
78add34307f42849239032ebd4a0186f	0	115321	player	uade	Amos Music Bank	0	69878	6980e202	1c1e07c3	Nordlicht_SPIELE/Serie_08/Disk01/SPIELE_08_01.DMS/music2
78b2db707192ef05bbb053792410deda	1	180869	player+silence	uade	OctaMED MMD0	0	261482	d5ddf81e	472144e0	Archive/Verschiedenes/StarWoids2.lha/data2/m02
78b2db707192ef05bbb053792410deda	1	180869	player+silence	uade	OctaMED MMD0	0	261482	d5ddf81e	472144e0	Nordlicht_SPIELE/Serie_30/Disk05b/NL_Spiele_30_05b.DMS/data2/m02
795f258852e4ade4d974ca31eb6a64d6	1	142187	player	uade	Soundtracker II (15 instr.)	0	65964	734025b8	0078403d	Module/MoreMods/1STAMIGA.MOD
7965a9c9dbde3dca5095fd00c899a6b8	1	245672	player	uade	Protracker	0	242206	c1d2ac70	c7123428	Module/MoreMods/DESDEAM.MOD
797dd0c5a24c5f7dab48fbcd3fb79014	1	115773	player+silence	uade	MED4 (4ch)	0	81490	38d5f899	6cc60adb	Module/Module1/Drum Solo
79be9a1ecfbdd890aebc1110827a6e45	0	107645	player	uade	Amos Music Bank	0	46204	e4aeab03	33bd2ca7	Nordlicht_SPIELE/Serie_15/Disk04b/music/m2.abk
79be9a1ecfbdd890aebc1110827a6e45	0	107645	player	uade	Amos Music Bank	0	46204	e4aeab03	33bd2ca7	Nordlicht_SPIELE/Serie_15/Disk04b/SPIELE_15_04b.DMS/music/m2.abk
79e2d9cdc69b9ddefdd012f5b51d648a	0	54957	player	uade	Amos Music Bank	0	60832	7559370a	a3d3a6a8	Archive/Demos/Rubber.lha/4
79e2d9cdc69b9ddefdd012f5b51d648a	0	54957	player	uade	Amos Music Bank	0	60832	7559370a	a3d3a6a8	Archive/Rollenspiele/Rubber.lha/m/4
79e2d9cdc69b9ddefdd012f5b51d648a	0	54957	player	uade	Amos Music Bank	0	60832	7559370a	a3d3a6a8	Archive/Verschiedenes/rubber.lha/m/4
79e2d9cdc69b9ddefdd012f5b51d648a	0	54957	player	uade	Amos Music Bank	0	60832	7559370a	a3d3a6a8	Nordlicht_SPIELE/Serie_26/Disk09/m/4
79e2d9cdc69b9ddefdd012f5b51d648a	0	54957	player	uade	Amos Music Bank	0	60832	7559370a	a3d3a6a8	Nordlicht_SPIELE/Serie_26/Disk09/Spiele_26_09.DMS/m/4
79faa24dc8b008478988bd4ce8ade171	1	304007	player+silence	uade	Protracker	0	202054	c30485b4	293e43da	Module/Module1/mod.Luzifer
79fd9e234ff41cef7183f5c7936c9825	1	286845	player	uade	Protracker	0	145320	2affca27	fc5724dd	Module/MuchMods/ODYSSEY4.MOD
7a190290ce41cda3ede1d71b29b6b62c	1	130693	player	uade	Soundtracker II (15 instr.)	0	71544	86ab8b0a	85c71989	Module/MoreMods/DENSITY.MOD
7a933e2f91af2ed55e14dcdee61dd711	1	234359	player	uade	Protracker	0	68150	ec012745	2043534a	Nordlicht_SPIELE/Serie_22/Disk08/FF-Ingame1
7a933e2f91af2ed55e14dcdee61dd711	1	234359	player	uade	Protracker	0	68150	ec012745	2043534a	Nordlicht_SPIELE/Serie_22/Disk08/Spiele_22_08.DMS/FF-Ingame1
7bae1e7bc8e8300ac74c5117b2b485a6	1	259316	player	uade	Protracker	0	103700	d18f825f	ff94cf7c	Module/MoreMods/DELITED3.MOD
7be726dd01ffa142456aa6367cf91293	1	110518	player	uade	Protracker compatible	0	56844	99793748	03557664	Module/MoreMods/DATSWHAP.MOD
7be726dd01ffa142456aa6367cf91293	2	116586	player
7bf2dbc1d1111b4625c6eb2c4519b802	0	46196	player	uade	Amos Music Bank	0	8856	ace5cb62	f3adc69b	Nordlicht_SPIELE/Serie_23/Disk06/music/slime_music3.abk
7bf2dbc1d1111b4625c6eb2c4519b802	0	46196	player	uade	Amos Music Bank	0	8856	ace5cb62	f3adc69b	Nordlicht_SPIELE/Serie_23/Disk06/Spiele_23_06.DMS/music/slime_music3.abk
7c84cf4be2f8909b83af41e2e2d279c1	0	120123	player	uade	Amos Music Bank	0	115296	3cb2ee1d	be770d5f	Nordlicht_SPIELE/Serie_20/Disk01b/Level5.abk
7c84cf4be2f8909b83af41e2e2d279c1	0	120123	player	uade	Amos Music Bank	0	115296	3cb2ee1d	be770d5f	Nordlicht_SPIELE/Serie_20/Disk01b/Spiele_20_01b.DMS/Level5.abk
7cc0a2bc2688a117114992df66a35bd9	1	176769	player	uade	Noisetracker 1.x	0	86164	6d61e4e3	a1882d1c	Module/MoreMods/DARKNESS.MOD
7d229dabf909b3d51875ce0efab3281d	1	261245	player	uade	Protracker compatible	0	49988	95a23057	f66583b9	Archive/Verschiedenes/overlander.lha/OL-Tune1.mod
7d229dabf909b3d51875ce0efab3281d	1	261245	player	uade	Protracker compatible	0	49988	95a23057	f66583b9	Nordlicht_SPIELE/Serie_27/Disk02/OL-Tune1.mod
7d229dabf909b3d51875ce0efab3281d	1	261245	player	uade	Protracker compatible	0	49988	95a23057	f66583b9	Nordlicht_SPIELE/Serie_27/Disk02/Spiele_27_02.DMS/OL-Tune1.mod
7d3e5aa9b557dead12adc44eb1eb8fe8	1	238197	player	uade	Noisetracker 1.x	0	23476	1d6e9ab9	c5005093	Module/VARIOUS/SONG42.MOD
7d82edee16a6c7b70264f2461e85f56a	1	292277	player+silence	uade	Protracker	0	238716	db66cbc8	c7825e95	Module/Module1/mod.guru-meditation
7d98df3e8aa86348bc51423bfd15005b	1	159453	player+silence	uade	OctaMED MMD0	0	62540	9d46c959	6e07d051	Nordlicht_SPIELE/Serie_14/Disk09/Songs/MED.Song
7d98df3e8aa86348bc51423bfd15005b	1	159453	player+silence	uade	OctaMED MMD0	0	62540	9d46c959	6e07d051	Nordlicht_SPIELE/Serie_14/Disk09/SPIELE_14_09.DMS/Songs/MED.Song
7dcf3fbf7c9b284cb3454ab7dbe1d1ab	1	34682	player	uade	Protracker	0	211918	5ac6220c	04d18437	Module/MoreMods/70SHAK.MOD
7e55878903175ab7c0a0d126c4386bbf	1	105916	player	uade	OctaMED MMD0	0	40154	710b6f02	7a64675a	Archive/Jump&Run/Peter's_Quest.lha/peter's_quest/sounds/game_play.song
7e55878903175ab7c0a0d126c4386bbf	1	105916	player	uade	OctaMED MMD0	0	40154	710b6f02	7a64675a	Jump&Run/Peter's_Quest/Sounds/game_play.song
7e55878903175ab7c0a0d126c4386bbf	1	105916	player	uade	OctaMED MMD0	0	40154	710b6f02	7a64675a	Klassiker/JUMP_N_RUN/PETERSQUEST12.LZH/Peter's_Quest/Sounds/game_play.song
7e673a32022782cabb5f6b5232fb1cc9	1	30824	player	uade	Protracker	0	62654	9664012c	b58422a3	Action/Deluxe_Galaga/GALAGA.JINGLE1
7e673a32022782cabb5f6b5232fb1cc9	1	30824	player	uade	Protracker	0	62654	9664012c	b58422a3	Archive/Action/D_galaga19.lha/Deluxe_Galaga/GALAGA.JINGLE1
7e673a32022782cabb5f6b5232fb1cc9	1	30824	player	uade	Protracker	0	62654	9664012c	b58422a3	Archive/Action/D_Galaga23.lha/Deluxe_Galaga23/GALAGA.JINGLE1
7e673a32022782cabb5f6b5232fb1cc9	1	30824	player	uade	Protracker	0	62654	9664012c	b58422a3	Nordlicht_SPIELE/Serie_19/Disk03c/DeluxeGalaga/GALAGA.JINGLE1
7e673a32022782cabb5f6b5232fb1cc9	1	30824	player	uade	Protracker	0	62654	9664012c	b58422a3	Nordlicht_SPIELE/Serie_19/Disk03c/NLSpiele_19_03c.DMS/DeluxeGalaga/GALAGA.JINGLE1
7e673a32022782cabb5f6b5232fb1cc9	1	30824	player	uade	Protracker	0	62654	9664012c	b58422a3	Nordlicht_SPIELE/Serie_19/Disk03d/Deluxe_Galaga/GALAGA.JINGLE1
7e673a32022782cabb5f6b5232fb1cc9	1	30824	player	uade	Protracker	0	62654	9664012c	b58422a3	Nordlicht_SPIELE/Serie_19/Disk03d/NLSpiele_19_03d.DMS/Deluxe_Galaga/GALAGA.JINGLE1
7efcd793f3bf650308c387a7d035a972	0	11534	player	uade	Amos Music Bank	0	6162	72771b6d	aa382aea	Nordlicht_SPIELE/Serie_11/Disk10/SPIELE_11_10.DMS/Data4
7efcd793f3bf650308c387a7d035a972	0	11534	player	uade	Amos Music Bank	0	6162	72771b6d	aa382aea	Werbespiele/Punica.DMS/Data4
7f2efd003ebd53f65beb92f5b5044793	1	180607	player	uade	ProRunner 2.0	0	195218	ed0b97ff	7feacd3b	Module/Module1/KRAFTWERK.prorunner
7f3014922162d2995a4699692bd5fb28	1	225397	player	uade	Soundtracker II (31 instr.)	0	57416	ccec3dec	7f90f55e	Module/MoreMods/1_MOMENT.MOD
7f9f5dda02461241dae9c2249eb02970	1	310042	player+silence	uade	Protracker	0	79140	901d924d	90fd2cad	Action/DeluxeGalaga/GALAGA.MUSIC
7f9f5dda02461241dae9c2249eb02970	1	310042	player+silence	uade	Protracker	0	79140	901d924d	90fd2cad	Nordlicht_SPIELE/Serie_19/Disk03a/DlxGalaga/GALAGA.MUSIC
7f9f5dda02461241dae9c2249eb02970	1	310042	player+silence	uade	Protracker	0	79140	901d924d	90fd2cad	Nordlicht_SPIELE/Serie_19/Disk03a/SPIELE_19_03a.DMS/DlxGalaga/GALAGA.MUSIC
80101d8aa62c9e2c2af8203468055b58	1	30523	player	uade	OctaMED MMD0	0	46266	11c2f9cd	dadcf05a	Archive/Verschiedenes/BaldersGrove1_20.lha/Balder'sGrove/Title.mod
809ad1b5517da4cbe63a5ea596d6f8b3	1	921606	player+silence	uade	Protracker	0	148490	3864b38e	11d5f193	Module/MuchMods/NEODRINK.MOD
80c4737b8821c22f80453ce75278a012	0	29156	player	uade	Amos Music Bank	0	9404	1f1c03f1	886a6aa6	Archive/Denkspiele/Teil_6/chaneques_2.lha/AlmaLlanera.abk
80ce3def85741723b4ca3bcfa722da27	1	47000	player	uade	OctaMED MMD1	0	124658	c62b45ff	01214252	Archive/Denkspiele/Teil_3/Mastermind14.lha/data
80ce3def85741723b4ca3bcfa722da27	2	5525	player
8104fc1baeb03fe18f29b90327a7e5b9	1	335051	player	uade	Soundtracker II (31 instr.)	0	95528	8f198fa6	42596d68	Module/VARIOUS/HUNTER.MOD
813b69c320ab041f588dc012d1e69d0d	1	311247	player+silence	uade	Protracker	0	255290	8b8e9988	db872927	Module/Module1/Mod.JAZZ_X-perience.PP
81a5bcae904b5f18e2ff26e517288bf5	1	289517	player+silence	uade	Protracker	0	165742	6e8d23ed	95e137cb	Module/MoreMods/DEADEAR.MOD
821ec7090d48896f158e23c3c96bf6c6	0	22324	player	uade	Amos Music Bank	0	15332	f6459fec	7ba6d708	Archive/Denkspiele/Teil_6/chaneques_2.lha/LaFeriaDeLasFlores.abk
823584ec67678fcb6e35cd51dd00319f	1	146045	player	uade	Protracker	0	123372	94bd19ea	4889306c	Module/Module1/DrumSolo.mod
8260f189c93a486fb04907c9401635cc	0	122997	player	uade	Amos Music Bank	0	92296	ad9395b9	497749c8	Nordlicht_SPIELE/Serie_13/Disk08/Ghost_Data/Ghost.SND
8260f189c93a486fb04907c9401635cc	0	122997	player	uade	Amos Music Bank	0	92296	ad9395b9	497749c8	Nordlicht_SPIELE/Serie_13/Disk08/SPIELE_13_08.DMS/Ghost_Data/Ghost.SND
8351ee53754ff060b4997400cabe862a	0	15492	player	uade	Amos Music Bank	0	30228	9756a296	b6a6379d	Archive/Demos/MooseDriveDemoB.lha/First.Mus
8351ee53754ff060b4997400cabe862a	0	15492	player	uade	Amos Music Bank	0	30228	9756a296	b6a6379d	Nordlicht_SPIELE/Serie_29/Disk07/First.Mus
8351ee53754ff060b4997400cabe862a	0	15492	player	uade	Amos Music Bank	0	30228	9756a296	b6a6379d	Nordlicht_SPIELE/Serie_29/Disk07/Spiele_29_07.DMS/First.Mus
8354ba4995f6989e8f68179646877d5c	1	156883	player+volume	uade	Protracker	0	218406	e66fa959	3c7db23a	Module/Module1/mod.Legoukon_painajainen
838c719609a6133624e1d39b7ed8ee64	1	62856	player+silence	ft2play	Fasttracker (M.K.)	4	21319	79f296fa	58e18741	Module/CLASSICS/BEE-EQU.MOD
83ae60ac396b36a914be9aa048caed61	1	140047	player+silence	uade	Protracker	0	73522	ded6fa7c	94718371	Module/MuchMods/LEDSTORM.MOD
83e3d9bb05ea4fc283dec4b9478f11eb	0	51320	player	uade	Amos Music Bank	0	95724	7e038116	6e7b84e1	Klassiker/Diverses/FIREBALL.LHA/Rock.Abk
83e3d9bb05ea4fc283dec4b9478f11eb	0	51320	player	uade	Amos Music Bank	0	95724	7e038116	6e7b84e1	Nordlicht_SPIELE/Serie_25/Disk08/music/Rock.Abk
83e3d9bb05ea4fc283dec4b9478f11eb	0	51320	player	uade	Amos Music Bank	0	95724	7e038116	6e7b84e1	Nordlicht_SPIELE/Serie_25/Disk08/Spiele_25_08.DMS/music/Rock.Abk
842e2bbf5a86d09b403078b13d1843f3	0	258575	player+silence	uade	Oktalyzer	0	206572	e01085ce	cedb6179	Module/Module1/YTIMROFNOC
8478e58d177a94383277eb4822982f2b	1	144950	player+silence	uade	Protracker	0	129892	c0270a3f	5c7e9d89	Module/MuchMods/SKOFFEE.MOD
8552d68fc49ee928c66d68a5f6bbd5c6	1	158845	player	uade	Protracker	0	88814	9e05a100	5bc42efa	Module/MoreMods/DARKFIR.MOD
8552d68fc49ee928c66d68a5f6bbd5c6	1	158845	player	uade	Protracker	0	88814	9e05a100	5bc42efa	Module/MoreMods/DARKFIRE.MOD
85560fe2995446f4b7d7cfa60d729aac	1	185610	player	uade	Protracker	0	181886	4d0a9528	51b29e8d	Module/Module1/mod.max dream xtc
855663304502cfedc347b946bb809d89	1	30824	player	uade	P40A - P40B - P41A	0	5198	faf1d097	b2544924	Module/Utilities/DELIPLAYERS/P4XX/MODULES/P40A.METR0MIX
855f4d19d4e8c9e41333a1d098e508c8	1	265585	player	uade	Protracker	0	165772	f6b8146b	6f5d3ce7	Module/MuchMods/JAMBOREE.MOD
85ba66670f84d4529bbfb45746520795	1	116687	player	uade	Protracker	0	145350	8fc7f163	10d3a9b5	Module/MuchMods/JESUS8.MOD
8604c10f7101101c0da90992fd16b3da	1	82044	player	uade	P40A - P40B - P41A	0	5224	f38076b7	a3b17a44	Module/Utilities/DELIPLAYERS/P4XX/MODULES/P41A.FAIRLIGHT
862b343dc5460ebb6de233a497efb2d2	1	101938	player	uade	OctaMED MMD0	0	36202	9df9d37f	0476a40f	Action/Fleuch/Data/med.sng
862b343dc5460ebb6de233a497efb2d2	1	101938	player	uade	OctaMED MMD0	0	36202	9df9d37f	0476a40f	Archive/Action/Fleuch.lha/Fleuch/Data/med.sng
862b343dc5460ebb6de233a497efb2d2	1	101938	player	uade	OctaMED MMD0	0	36202	9df9d37f	0476a40f	Data/med.sng
862b343dc5460ebb6de233a497efb2d2	2	92413	player
862b343dc5460ebb6de233a497efb2d2	3	42278	player
862b343dc5460ebb6de233a497efb2d2	4	41052	player
86a1a614876acfbd27cf00ce747eccc7	1	3435	player+silence	uade	OctaMED MMD0	0	6278	b15b64ee	a8722e6d	Archive/Denkspiele/Teil_1/Boomfield.lha/BF_move_M
86a1a614876acfbd27cf00ce747eccc7	1	3435	player+silence	uade	OctaMED MMD0	0	6278	b15b64ee	a8722e6d	Archive/Denkspiele/Teil_4/Matix.lha/move_melody
86a1a614876acfbd27cf00ce747eccc7	1	3435	player+silence	uade	OctaMED MMD0	0	6278	b15b64ee	a8722e6d	Nordlicht_SPIELE/Serie_19/Disk01/move_melody
86a1a614876acfbd27cf00ce747eccc7	1	3435	player+silence	uade	OctaMED MMD0	0	6278	b15b64ee	a8722e6d	Nordlicht_SPIELE/Serie_19/Disk01/SPIELE_19_01.DMS/move_melody
86a9f6d3b4b77b5191df46e9a88528ab	1	121088	player	uade	Protracker	0	127350	d5338dce	66708802	Module/Module1/mod.artic blues
86bab6d0fd648df18e2aa162c8b37812	0	41092	player	uade	Amos Music Bank	0	13612	405aafdc	4cd1e7f4	Nordlicht_SPIELE/Serie_02/Disk06/GOGO.ABK
86bab6d0fd648df18e2aa162c8b37812	0	41092	player	uade	Amos Music Bank	0	13612	405aafdc	4cd1e7f4	Nordlicht_SPIELE/Serie_02/Disk06/SPIELE_02_06.DMS/GOGO.ABK
86bc156f7c6ae8276d82431a61f96a0f	1	103003	player	uade	Protracker	0	244542	67bf4743	603922c7	Module/MuchMods/BLOWUP.MOD
86eba4190c26331d8fbf837949056eea	1	355616	player+silence	uade	Protracker	0	84158	359d07fd	d1268fb9	Module/MuchMods/HYSTERIA.MOD
87e2be9f241120113ebb89747dbc4577	0	338045	player	uade	Amos Music Bank	0	70294	e72c8034	e1949946	Nordlicht_SPIELE/Serie_11/Disk05/AMOS_SOUND/Flutsauger.abk
87e2be9f241120113ebb89747dbc4577	0	338045	player	uade	Amos Music Bank	0	70294	e72c8034	e1949946	Nordlicht_SPIELE/Serie_11/Disk05/SPIELE_11_05.DMS/AMOS_SOUND/Flutsauger.abk
8806a93c69f5b066f7183e190ed9a99e	1	127317	player	uade	Protracker	0	138374	f96a5584	b7310a5c	Module/Module1/mod.Golliwogg
887a4df9b6c8d366d6baf312475fe53f	1	271426	player+silence	uade	MED4 (4ch)	0	218886	5006b0a2	f204ac8d	Module/Module1/PYRO!
892c423dfd69d348e4dfaa7321aa2ce2	1	197084	player	uade	Protracker compatible	0	214266	5a4252d0	4ce1cbd1	Klassiker/SHOOT_EM_UP/SUPER.DMS/strange is my name
892c423dfd69d348e4dfaa7321aa2ce2	1	197084	player	uade	Protracker compatible	0	214266	5a4252d0	4ce1cbd1	Nordlicht_SPIELE/Serie_17/Disk10/SPIELE_17_10.DMS/strange is my name
892c423dfd69d348e4dfaa7321aa2ce2	1	197084	player	uade	Protracker compatible	0	214266	5a4252d0	4ce1cbd1	Nordlicht_SPIELE/Serie_17/Disk10/strange is my name
892fb85a5ae9d5ed734edd09786cf121	1	5504	silence	uade	OctaMED MMD1	0	10636	7f491bed	76a4c8ae	Archive/Denkspiele/Teil_4/Oozeaga.lha/Ooze/Sound/OozeEnd.mod
892fb85a5ae9d5ed734edd09786cf121	1	5504	silence	uade	OctaMED MMD1	0	10636	7f491bed	76a4c8ae	Archive/Denkspiele/Teil_4/Oozeecs.lha/Ooze/Sound/OozeEnd.mod
892fb85a5ae9d5ed734edd09786cf121	1	5504	silence	uade	OctaMED MMD1	0	10636	7f491bed	76a4c8ae	Nordlicht_SPIELE/Serie_30/Disk08/NL_Spiele_30_08.DMS/Ooze/Sound/OozeEnd.mod
892fb85a5ae9d5ed734edd09786cf121	1	5504	silence	uade	OctaMED MMD1	0	10636	7f491bed	76a4c8ae	Nordlicht_SPIELE/Serie_30/Disk08/Ooze/Sound/OozeEnd.mod
89dfb7e4de60121f2216d8467369a78a	0	210068	player+silence	uade	Amos Music Bank	0	120698	62b35acb	d18333dd	Nordlicht_SPIELE/Serie_20/Disk01b/Level1.abk
89dfb7e4de60121f2216d8467369a78a	0	210068	player+silence	uade	Amos Music Bank	0	120698	62b35acb	d18333dd	Nordlicht_SPIELE/Serie_20/Disk01b/Spiele_20_01b.DMS/Level1.abk
8a25c842b1f7d8cc6aea79b442af9a19	0	102520	player	uade	Amos Music Bank	0	113584	0d0f67a2	32252a69	Nordlicht_SPIELE/Serie_19/Disk08/mu.two
8a25c842b1f7d8cc6aea79b442af9a19	0	102520	player	uade	Amos Music Bank	0	113584	0d0f67a2	32252a69	Nordlicht_SPIELE/Serie_19/Disk08/SPIELE_19_08.DMS/mu.two
8a69a3b4c1bebde17326c835af345c1c	1	144218	player+silence	uade	Protracker	0	154340	02e72f7e	a52e67a1	Module/Module1/mod.eternity
8a72c711d507c1bdec8cf8e00936b84a	1	155396	player+silence	uade	Noisetracker 1.x	0	106386	40d73451	be80b328	Module/MoreMods/DEFJAM.MOD
8a7bb28fcb3842a3090cb765305b8d04	1	247424	player+silence	uade	Protracker	0	123134	69e1292c	3c234a5e	Module/MuchMods/SECRECY.MOD
8a8b6e33ab3968efc540bcf7291decc9	1	77001	player	uade	OctaMED MMD0	0	23432	0ed78da4	811436de	Archive/Verschiedenes/FarWest1.lha/BL
8a8b6e33ab3968efc540bcf7291decc9	1	77001	player	uade	OctaMED MMD0	0	23432	0ed78da4	811436de	Nordlicht_SPIELE/Serie_27/Disk10a/BL
8a8b6e33ab3968efc540bcf7291decc9	1	77001	player	uade	OctaMED MMD0	0	23432	0ed78da4	811436de	Nordlicht_SPIELE/Serie_27/Disk10a/Spiele_27_10a.DMS/BL
8aa37bb354e7feb6a84c6db03e32ecb1	1	169093	player	uade	Protracker	0	49152	b62199c7	6ea2518f	Module/Module1/mod.fury.village
8abfea66f77c0dcd6515e3b434bbf871	1	490199	player	uade	Protracker	0	138396	3c9a38bc	c05ed392	Module/Module1/mod.Trafalgamar
8adfa25a7f042b1df58f0be4b81cc06a	1	172629	player	uade	Protracker	0	264792	63f777c9	003f195a	Module/Module1/Mod.IllegalTendencies
8b816306ee676b57bda5a758a05373db	1	226556	player+silence	uade	Soundtracker II (31 instr.)	0	109706	dec6b5b4	21935891	Module/VARIOUS/THELASTS.MOD
8ba3af5e165070bdf8b459b75dc850ea	0	99948	player	uade	Amos Music Bank	0	42444	29f8d5d4	3ae2d0d0	Nordlicht_SPIELE/Serie_20/Disk01b/Level3.abk
8ba3af5e165070bdf8b459b75dc850ea	0	99948	player	uade	Amos Music Bank	0	42444	29f8d5d4	3ae2d0d0	Nordlicht_SPIELE/Serie_20/Disk01b/Spiele_20_01b.DMS/Level3.abk
8bbc599fd5abccd20ae6b5c7388a3cee	0	41072	player	uade	Amos Music Bank	0	19224	0367bb15	ce197f67	Nordlicht_SPIELE/Serie_04/Disk02/SPIELE_04_02.DMS/gamemus.ABK
8bbfb904b6fc1f408405936d4dfb1389	0	0	nosound	libxmp	MED 2.00 MED3	4	1424	4f91d0d7	12cad931	Archive/Verschiedenes/Cheese.lha/Käsejagd/m1
8c74589363f7c6dca0d5d61083af009e	1	116687	player	uade	Protracker	0	167360	1b2516e4	5b2eca63	Module/MuchMods/JESUS6.MOD
8ca4c76108c0041d41d4ba0a8ac41395	1	947202	player+silence	uade	MED4 (4ch)	0	198673	92b97ef6	e113e653	Module/Module1/Rainscape
8cb83773047c1d8769d4a40b0a7ba2fb	1	207493	player	uade	Protracker	0	212944	e315d3f2	20d53dc3	Module/Module1/mod.Rofo's Theme I
8cf7bb7888a2e6c8325fe94c5aa3d8be	0	203494	player	uade	Amos Music Bank	0	110756	5a04e8d1	96b8f60d	Nordlicht_SPIELE/Serie_20/Disk01b/Level2.abk
8cf7bb7888a2e6c8325fe94c5aa3d8be	0	203494	player	uade	Amos Music Bank	0	110756	5a04e8d1	96b8f60d	Nordlicht_SPIELE/Serie_20/Disk01b/Spiele_20_01b.DMS/Level2.abk
8d04d87e29a0f7a639d2adcf405523ed	1	184445	player	uade	Protracker compatible	0	47848	0d566b05	c0b8c36c	Nordlicht_SPIELE/Serie_09/Disk02/mod.insect
8d04d87e29a0f7a639d2adcf405523ed	1	184445	player	uade	Protracker compatible	0	47848	0d566b05	c0b8c36c	Nordlicht_SPIELE/Serie_09/Disk02/SPIELE_09_02.DMS/mod.insect
8d24b1d9c785edfd4bdaaef7ab51fd52	1	166159	player	uade	Protracker	0	223986	aa0c80c7	b33b78c6	Module/MoreMods/3DDEMOII.MOD
8d46f75c27d3e8088be26d3c628d3049	0	435844	player	uade	SIDMon 2.0	0	145636	ed17f9c0	125eaab0	Nordlicht_SPIELE/Serie_10/Disk03a/SPIELE_10_03a.DMS/songs
8d46f75c27d3e8088be26d3c628d3049	0	435844	player	uade	SIDMon 2.0	0	145636	ed17f9c0	125eaab0	Werbespiele/Das_Erbe.DMS/songs
8ded299c6fbb7331f5e073a97416a7ab	0	115321	player	uade	Amos Music Bank	0	33396	98334ea3	7369c60a	Archive/Verschiedenes/Rueda13e.lha/Rueda/DATA/music1.abk
8e05d7651f72f0988a635eafac09892a	0	5331	player+volume	libxmp	NoisePacker v3	4	19060	06003903	8ce9170c	Nordlicht_SPIELE/Serie_13/Disk07/bgnp
8e05d7651f72f0988a635eafac09892a	0	5331	player+volume	libxmp	NoisePacker v3	4	19060	06003903	8ce9170c	Nordlicht_SPIELE/Serie_13/Disk07/SPIELE_13_07.DMS/bgnp
8e0fa8b4ca29e62a161ad638eb5ca3ce	0	81944	player	uade	Jason C. Brooke	0	38378	5b593427	85f1f5b8	Module/Utilities/ARCHIVES/ExoticRipper223A.lha/ExoticRipper/BONUS/J.C.Brooke/JCB.SpaceHarrier
8e0fa8b4ca29e62a161ad638eb5ca3ce	1	27328	player
8e0fa8b4ca29e62a161ad638eb5ca3ce	10	6832	player
8e0fa8b4ca29e62a161ad638eb5ca3ce	11	25218	player
8e0fa8b4ca29e62a161ad638eb5ca3ce	12	50416	player
8e0fa8b4ca29e62a161ad638eb5ca3ce	2	21520	player
8e0fa8b4ca29e62a161ad638eb5ca3ce	3	34341	player
8e0fa8b4ca29e62a161ad638eb5ca3ce	4	14889	player
8e0fa8b4ca29e62a161ad638eb5ca3ce	5	14427	player
8e0fa8b4ca29e62a161ad638eb5ca3ce	6	81944	player
8e0fa8b4ca29e62a161ad638eb5ca3ce	7	26082	player
8e0fa8b4ca29e62a161ad638eb5ca3ce	8	54616	player
8e0fa8b4ca29e62a161ad638eb5ca3ce	9	76820	player
8e84052b2902d9bbeaa4925332a5abc1	1	115321	player	uade	Protracker	0	124088	64074552	5d522f23	Module/Module1/I_Feel_It.Mod
8ed6ca0c28ba54091f48675a8a96e129	1	355764	silence	uade	Protracker	0	283550	745dac99	f09a7cef	Module/MuchMods/THEWAR.MOD
8f6abb72bc8340a109dc71dfcfc16ce5	1	7314	player	uade	Protracker	0	19810	cd1b2efe	0d4cf305	Module/Module1/mod.Itchy&Scratchy-Show
8ff5d677de8c2002f5ce888c64185080	1	377310	player	uade	Protracker	0	194244	99c5343f	a13134e8	Module/MoreMods/DEPRESED.MOD
8ffa113b1d7e84025746c9a2eea0a60b	1	135375	player	uade	Soundtracker II (15 instr.)	0	58526	6ebd1d31	1fa4cd2d	Module/MoreMods/4_ACES.MOD
8ffa113b1d7e84025746c9a2eea0a60b	2	143493	player
903cfc01c5d84f8392a1d4d3dd675e67	1	152435	player	uade	Protracker compatible	0	42629	2eb71b15	287e6917	Module/CLASSICS/BACHFU-G.MOD
9066e9bde6b4995b8d8d275deeae332e	1	188283	player	uade	Noisetracker 1.x	0	110872	94ef987f	4772e12c	Module/MoreMods/DEMOSMAS.MOD
907e1754b4dec6fb4b8bd908487e0bd3	1	384122	player	uade	Soundtracker II (15 instr.)	0	116528	fb4f31b2	582c1e38	Module/MoreMods/DATAMUS.MOD
9110018c251059065cb336887d8abb89	1	140847	player+silence	uade	Protracker compatible	0	163270	79eccf64	45af7d02	Module/MoreMods/DECASTAN.MOD
9199514ffc045961d11cb19f9f8334e7	0	169093	player	uade	Amos Music Bank	0	26072	c605ba1f	096b71a6	Nordlicht_SPIELE/Serie_27/Disk03/Spiele_27_03.DMS/trundle.ABK
9199514ffc045961d11cb19f9f8334e7	0	169093	player	uade	Amos Music Bank	0	26072	c605ba1f	096b71a6	Nordlicht_SPIELE/Serie_27/Disk03/trundle.ABK
9258cd840442bcf8eaa4676dc3162451	1	322693	player	uade	Protracker	0	351546	0516e8a3	b5c68434	Module/MoreMods/DASBOO.MOD
9258cd840442bcf8eaa4676dc3162451	1	322693	player	uade	Protracker	0	351546	0516e8a3	b5c68434	Module/MoreMods/DASBOOT.MOD
9258cd840442bcf8eaa4676dc3162451	1	322693	player	uade	Protracker	0	351546	0516e8a3	b5c68434	Module/MuchMods/DASBOOT.MOD
926210e8757c61046fd2fc2c303b999b	1	253569	player	uade	Noisetracker 1.x	0	62376	f850b793	28db7010	Module/MoreMods/DEDICATE.MOD
92a39e6c9e6b0a3491f6b37ce846a960	1	247271	player+silence	uade	Protracker	0	209828	c4811027	ad0e16e1	Module/MoreMods/DAYLIGHT.MOD
930bc96b90d7add6146708503cf8a47a	0	61548	player	uade	Amos Music Bank	0	14626	75dbf760	63ccb28d	Nordlicht_SPIELE/Serie_23/Disk04/Spiele_23_04.DMS/Style/Music.Abk
930bc96b90d7add6146708503cf8a47a	0	61548	player	uade	Amos Music Bank	0	14626	75dbf760	63ccb28d	Nordlicht_SPIELE/Serie_23/Disk04/Style/Music.Abk
93f91cd3460e2e7866e951906f11d5fa	0	76920	player	uade	Amos Music Bank	0	76192	150c9faf	b8ec1f16	Archive/Demos/Rubber.lha/1
93f91cd3460e2e7866e951906f11d5fa	0	76920	player	uade	Amos Music Bank	0	76192	150c9faf	b8ec1f16	Archive/Rollenspiele/Rubber.lha/m/1
93f91cd3460e2e7866e951906f11d5fa	0	76920	player	uade	Amos Music Bank	0	76192	150c9faf	b8ec1f16	Archive/Verschiedenes/rubber.lha/m/1
93f91cd3460e2e7866e951906f11d5fa	0	76920	player	uade	Amos Music Bank	0	76192	150c9faf	b8ec1f16	Nordlicht_SPIELE/Serie_26/Disk09/m/1
93f91cd3460e2e7866e951906f11d5fa	0	76920	player	uade	Amos Music Bank	0	76192	150c9faf	b8ec1f16	Nordlicht_SPIELE/Serie_26/Disk09/Spiele_26_09.DMS/m/1
9420a3c4b116f3627ded85f6d3fabfa9	1	140643	player+volume	uade	Soundtracker II (15 instr.)	0	64618	43ba7c16	c69aa43a	Module/MoreMods/DEMON.MOD
9420a3c4b116f3627ded85f6d3fabfa9	1	140643	player+volume	uade	Soundtracker II (15 instr.)	0	64618	43ba7c16	c69aa43a	Module/MoreMods/DER1.MOD
94684313308ec78c7fc4786e92f8bbbb	0	115321	player	uade	Amos Music Bank	0	84626	97bdd736	c93a6172	Nordlicht_SPIELE/Serie_24/Disk04/Gamemusic
94684313308ec78c7fc4786e92f8bbbb	0	115321	player	uade	Amos Music Bank	0	84626	97bdd736	c93a6172	Nordlicht_SPIELE/Serie_24/Disk04/Spiele_24_04.DMS/Gamemusic
94e46081430dcd8be876bf78704c53e9	1	46839	player	uade	Protracker	0	57252	7b2da720	14f9a0fd	Module/MoreMods/DESDREM4.MOD
94e46081430dcd8be876bf78704c53e9	1	46839	player	uade	Protracker	0	57252	7b2da720	14f9a0fd	Module/MoreMods/DESER.MOD
94ff1472966aba1b04231dadcafdea9f	1	199735	player+silence	uade	OctaMED MMD1	0	103332	17989fb2	9890c29c	Module/Module1/DOPE4-II.med
952abbdf7426cdfbf5df083513226734	1	159653	player+silence	uade	MED4 (4ch)	0	107525	f42ed7a3	b3f724d7	Module/Module1/No Tomorrow
95b6c914384dded28e7db2781121a3d5	1	249285	player+silence	uade	Protracker	0	218778	186e4e09	b0b257a5	Module/MoreMods/DARKANGL.MOD
960f14da4298d3d1ae0c563d22a4440f	1	141383	player	uade	Protracker compatible	0	48202	3c0e892a	2818ad5b	Module/CLASSICS/ADAGIO.MOD
965d169f0c12806f586173ff8e5ef58b	1	251642	player+silence	uade	Protracker	0	74052	a80179b0	00144a4e	Module/Module1/mod.Lightyear
96d139b85a5382266af96a0c7782d8bf	0	61568	player	uade	Amos Music Bank	0	34760	2e05a767	5830f9f3	Nordlicht_SPIELE/Serie_04/Disk02/SPIELE_04_02.DMS/titmus.ABK
96e67261933d814036f59917c511ba18	1	253670	player	uade	Protracker	0	169044	875582fb	44e860f3	Module/Module1/mod.chimera_remix
96ee764325abdbfb9b2ce8fa75272130	1	80758	player	uade	Protracker compatible	0	72344	3fc44501	576286c9	Nordlicht_SPIELE/Serie_21/Disk05/Sound_Data/Finishing
96ee764325abdbfb9b2ce8fa75272130	1	80758	player	uade	Protracker compatible	0	72344	3fc44501	576286c9	Nordlicht_SPIELE/Serie_21/Disk05/Spiele_21_05.DMS/Sound_Data/Finishing
96fa7f58f68fd7eb98668eeb0841fc46	1	238197	player	uade	Protracker	0	221980	d7516db3	a3bc7d05	Module/Module1/mod.Back_To_My_Roots
977fd90067f3d2795c90702d332661a8	1	149400	player	uade	Protracker	0	188890	c4b28168	2482ca74	Module/Module1/mod.FunkyThing2
97b4ec5cec51afb5be0a785221200c83	1	463494	player	uade	Protracker	0	753170	ff66d378	76e851b0	Module/Module1/mod.ORbitalDreams
97e49032d90e05abaffc9b6dd15b8d3b	1	82406	player	uade	Protracker	0	156028	facb1da5	669660b4	Module/MuchMods/JESUS11.MOD
98c69e63e32cb8a9497abc2eca4a86d1	1	276597	player	uade	Protracker compatible	0	109398	1ae2ca3f	48bebc13	Nordlicht_SPIELE/Serie_30/Disk04/NL_Spiele_30_04.DMS/ORdatas/ORm1.DAT
98c69e63e32cb8a9497abc2eca4a86d1	1	276597	player	uade	Protracker compatible	0	109398	1ae2ca3f	48bebc13	Nordlicht_SPIELE/Serie_30/Disk04/ORdatas/ORm1.DAT
98e0a04bc40e336603c5d4d7bd29c215	1	75268	player+silence	uade	Protracker	0	78630	7074b04a	eb70b309	Module/CLASSICS/DAN-SWAN.MOD
98e0a04bc40e336603c5d4d7bd29c215	1	75268	player+silence	uade	Protracker	0	78630	7074b04a	eb70b309	Module/MoreMods/DANCEOFS.MOD
98fc7230ef8d34b2747b9b80bc0fd1a7	1	406647	player	uade	Protracker	0	724738	3f58e471	0985de82	Module/Module1/mod.Akasha<Fantasy>
99d9ab25e178711ca4c44b9e0b97a7f5	1	84616	player	uade	Protracker compatible	0	82106	22badac6	1fce7351	Module/MoreMods/047.MOD
99de7aa931fa2f57004960ef282df5b3	1	8241	player+silence	uade	Protracker	0	18580	9ddc664e	58a80b5d	Nordlicht_SPIELE/Serie_19/Disk05/muzak/misscomp.mod
99de7aa931fa2f57004960ef282df5b3	1	8241	player+silence	uade	Protracker	0	18580	9ddc664e	58a80b5d	Nordlicht_SPIELE/Serie_19/Disk05/SPIELE_19_05.DMS/muzak/misscomp.mod
99de7aa931fa2f57004960ef282df5b3	1	8241	player+silence	uade	Protracker	0	18580	9ddc664e	58a80b5d	Werbespiele/HeliMission.DMS/muzak/misscomp.mod
99e3b2c3102f77788c6009e272cfb504	1	421144	player+silence	uade	Protracker	0	213988	a25981ac	eb165cd9	Module/Module1/mod.trancefinite
9a3b73e0a1a630a49fc3de25187804ba	1	469763	player	uade	Protracker	0	250110	cd12c953	0783b981	Module/Module1/mod.the_feeling
9a58a61b42c722df24b9ebf5375efeaf	1	230541	player	uade	Soundtracker II (15 instr.)	0	67152	83cb6fc0	3457788c	Module/MoreMods/DEARROB.MOD
9a6211670b9ba7cecfd166e7bec9a730	0	7796	player	uade	Amos Music Bank	0	13664	56449827	73191e0f	Nordlicht_SPIELE/Serie_19/Disk08/mu.three
9a6211670b9ba7cecfd166e7bec9a730	0	7796	player	uade	Amos Music Bank	0	13664	56449827	73191e0f	Nordlicht_SPIELE/Serie_19/Disk08/SPIELE_19_08.DMS/mu.three
9a84144508499feff3a5f61c8d1a182e	1	449287	player	uade	Protracker	0	168144	fa03fbbb	d1aa5c72	Module/MoreMods/DELIVER.MOD
9af7df46eb8e17c2ddbcfbca852f7446	1	476294	player	uade	Protracker	0	135678	a96d62bb	9937bc16	Module/MoreMods/DECORE.MOD
9afa261682cd289960f6665909b9517f	1	8379	player	uade	OctaMED MMD1	0	63892	3dede9b5	02a29edd	Nordlicht_SPIELE/Serie_18/Disk09/SPIELE_18_09.DMS/StarMusic
9afa261682cd289960f6665909b9517f	1	8379	player	uade	OctaMED MMD1	0	63892	3dede9b5	02a29edd	Nordlicht_SPIELE/Serie_18/Disk09/StarMusic
9afa261682cd289960f6665909b9517f	1	8379	player	uade	OctaMED MMD1	0	63892	3dede9b5	02a29edd	Werbespiele/Backstage.DMS/StarMusic
9b4cf40044eee0b9ff7e128c0f3b17fa	1	76920	player	uade	Protracker	0	42312	4179733a	0cecf955	Module/MoreMods/DELTAMIX.MOD
9b7e50f6245078d9d52d3f1b823d5635	1	226557	player+silence	uade	Soundtracker II (31 instr.)	0	109710	831c63b0	76a76658	Module/MoreMods/DEEPRED.MOD
9bd864eecc2ce9b87645bfd06e18be51	1	491927	player	uade	Protracker	0	403450	0f916b15	004aab12	Module/Module1/Alacazabra.mod
9bed02435abaaa58f3bf08d82b847d0b	1	118194	player	uade	Protracker	0	162448	4499919c	e9ac5311	Module/MuchMods/JESUS13.MOD
9c1ff865d457589b3c00bcb5f9fe10fe	1	71696	player	uade	Protracker	0	160166	63715c3b	50320f47	Module/MuchMods/JESUS0.MOD
9c36f0025ca691f98a64d8da7aa9e202	1	7796	player	uade	Noisetracker 1.x	0	21748	eff9c614	34f56a50	Action/Zon/zonfile.04
9c36f0025ca691f98a64d8da7aa9e202	1	7796	player	uade	Noisetracker 1.x	0	21748	eff9c614	34f56a50	Archive/Action/Zon.lha/zon/zonfile.04
9cb24879c95cbd28eb0ec4e33f5365f2	1	87088	player	uade	OctaMED MMD1	0	59720	260ac365	36a8ce69	Archive/Denkspiele/Teil_4/Oozeaga.lha/Ooze/Sound/OozeTheme.mod
9cb24879c95cbd28eb0ec4e33f5365f2	1	87088	player	uade	OctaMED MMD1	0	59720	260ac365	36a8ce69	Archive/Denkspiele/Teil_4/Oozeecs.lha/Ooze/Sound/OozeTheme.mod
9cb24879c95cbd28eb0ec4e33f5365f2	1	87088	player	uade	OctaMED MMD1	0	59720	260ac365	36a8ce69	Nordlicht_SPIELE/Serie_30/Disk08/NL_Spiele_30_08.DMS/Ooze/Sound/OozeTheme.mod
9cb24879c95cbd28eb0ec4e33f5365f2	1	87088	player	uade	OctaMED MMD1	0	59720	260ac365	36a8ce69	Nordlicht_SPIELE/Serie_30/Disk08/Ooze/Sound/OozeTheme.mod
9d0d76c57bccaa8f6c0b5fbd35f11d4c	0	138369	player	uade	Amos Music Bank	0	83028	323ee7c2	f99adfe5	Nordlicht_SPIELE/Serie_24/Disk04/Firemusic
9d0d76c57bccaa8f6c0b5fbd35f11d4c	0	138369	player	uade	Amos Music Bank	0	83028	323ee7c2	f99adfe5	Nordlicht_SPIELE/Serie_24/Disk04/Spiele_24_04.DMS/Firemusic
9d60c59fefbdbcf631a3a767ef6486ef	1	179482	player	uade	Protracker	0	104706	38bd8e32	5b20520b	Module/Module1/mod.bad_words
9d98aeceb181845eb62e41625f85672f	0	25720	player	uade	Amos Music Bank	0	73494	82806c65	9f0a727a	Nordlicht_SPIELE/Serie_19/Disk08/mu.four
9d98aeceb181845eb62e41625f85672f	0	25720	player	uade	Amos Music Bank	0	73494	82806c65	9f0a727a	Nordlicht_SPIELE/Serie_19/Disk08/SPIELE_19_08.DMS/mu.four
9dbdc81daaf24d98a6919909d10c6801	0	82679	loop	uade	Sonic Arranger	0	83377	6ba2f11b	d05ccf56	Nordlicht_SPIELE/Serie_14/Disk01/Musik
9dbdc81daaf24d98a6919909d10c6801	0	82679	loop	uade	Sonic Arranger	0	83377	6ba2f11b	d05ccf56	Nordlicht_SPIELE/Serie_14/Disk01/SPIELE_14_01.DMS/Musik
9dbdc81daaf24d98a6919909d10c6801	0	82679	loop	uade	Sonic Arranger	0	83377	6ba2f11b	d05ccf56	Werbespiele/Energiemanager.DMS/Musik
9dc4b912a8a60a82596327a83e4aeb6a	0	153721	player	uade	Amos Music Bank	0	40106	0f8eac23	d77bdeb3	Nordlicht_SPIELE/Serie_14/Disk06/FITWATZD/fitwatz.abk
9dc4b912a8a60a82596327a83e4aeb6a	0	153721	player	uade	Amos Music Bank	0	40106	0f8eac23	d77bdeb3	Nordlicht_SPIELE/Serie_14/Disk06/SPIELE_14_06.DMS/FITWATZD/fitwatz.abk
9de32e4644b5775b6134b6773f0bab2e	1	328629	player+silence	uade	Protracker compatible	0	188416	a37aa2e3	847899d2	Module/MoreMods/DAISY.MOD
9de60acda711db8389ba24d4a7a7488d	0	30844	player	uade	Amos Music Bank	0	21386	43e29f88	818aa5f5	Nordlicht_SPIELE/Serie_24/Disk05/Spiele_24_05.DMS/Tune2.ABK
9de60acda711db8389ba24d4a7a7488d	0	30844	player	uade	Amos Music Bank	0	21386	43e29f88	818aa5f5	Nordlicht_SPIELE/Serie_24/Disk05/Tune2.ABK
9e12e397935b9b26b5651bb3df7ac0b7	0	7816	player	uade	Amos Music Bank	0	39732	c59e9bf8	1a9bd82c	Nordlicht_SPIELE/Serie_26/Disk07b/Spiele_26_07b.DMS/tuneSample3.Abk
9e12e397935b9b26b5651bb3df7ac0b7	0	7816	player	uade	Amos Music Bank	0	39732	c59e9bf8	1a9bd82c	Nordlicht_SPIELE/Serie_26/Disk07b/tuneSample3.Abk
9e5559dd5d406b0e4d5275f83b31fa24	1	51320	player	uade	Protracker	0	11600	9e374b89	d9e46825	Module/Utilities/ARCHIVES/amos_modplay3.lha/modules/MOD.lost
9e9d4b58ea4b2922834a7d8e4eaefd9d	1	61568	player	uade	Protracker compatible	0	99733	c286e117	37c4ac1e	Module/MuchMods/PELLOSA.MOD
9ed5b7b4ba9b7e78e1aa4027257e441b	1	63477	player	uade	P40A - P40B - P41A	0	18180	d223d776	6246838b	Module/Utilities/DELIPLAYERS/P4XX/MODULES/P40A.STELLAR8
9fd352d12562e2f6d37ae373dd543bed	1	60986	player	uade	OctaMED MMD0	0	32438	7843a3b0	4dcea48e	Module/Utilities/PLAYERS/EDPLAYER/DEMOSONGS/MUSICBOX2.PP
a0888808ad1cba2ca09b994721f49559	0	15552	player	uade	Amos Music Bank	0	5786	ba947c30	5095ae1c	Nordlicht_SPIELE/Serie_11/Disk10/SPIELE_11_10.DMS/Data7
a0888808ad1cba2ca09b994721f49559	0	15552	player	uade	Amos Music Bank	0	5786	ba947c30	5095ae1c	Werbespiele/Punica.DMS/Data7
a0c452e7bfdde2c337a6d7effd083248	1	61568	player	uade	Protracker compatible	0	50138	f4cb846b	8f63f643	Module/Module1/Lemmings5.MOD
a1389382a197d038400d80a9b76c525d	0	172830	player	uade	TFMX Pro	0	15196	2a822775	428b288e	Nordlicht_SPIELE/Serie_10/Disk03b/Songs/mdat.Erbe2
a1389382a197d038400d80a9b76c525d	0	172830	player	uade	TFMX Pro	0	15196	2a822775	428b288e	Nordlicht_SPIELE/Serie_10/Disk03b/SPIELE_10_03b.DMS/Songs/mdat.Erbe2
a1389382a197d038400d80a9b76c525d	0	172830	player	uade	TFMX Pro	0	15196	2a822775	428b288e	Werbespiele/Das_Erbe2.DMS/Songs/mdat.Erbe2
a1389382a197d038400d80a9b76c525d	1	81924	player
a1389382a197d038400d80a9b76c525d	2	61468	player
a1389382a197d038400d80a9b76c525d	3	176668	player
a142e48c89b8c6fdbe52990e00712eca	1	92272	player	uade	Protracker	0	111184	f4bdb2cb	335a26ac	Nordlicht_SPIELE/Serie_10/Disk04/SPIELE_10_04.DMS/mod.bcarsong
a16675884913a12f4301d6001fa561bb	0	64323	player+silence	uade	Amos Music Bank	0	23670	101a803c	92a0690c	Nordlicht_SPIELE/Serie_24/Disk05/Spiele_24_05.DMS/Tune1.ABK
a16675884913a12f4301d6001fa561bb	0	64323	player+silence	uade	Amos Music Bank	0	23670	101a803c	92a0690c	Nordlicht_SPIELE/Serie_24/Disk05/Tune1.ABK
a1910bf21153a19830e84e6b74db0c61	1	199797	player	uade	Noisetracker 1.x	0	117760	e84baa27	3a367277	Module/MoreMods/DEMONS.MOD
a1a566aa1ba8126caa6d248f73abe3c5	0	13081	player	uade	Amos Music Bank	0	6058	62fa4fa0	8a3d3fe0	Nordlicht_SPIELE/Serie_11/Disk10/SPIELE_11_10.DMS/Data10
a1a566aa1ba8126caa6d248f73abe3c5	0	13081	player	uade	Amos Music Bank	0	6058	62fa4fa0	8a3d3fe0	Werbespiele/Punica.DMS/Data10
a1a804e10d786193f7f97e7357bc316a	1	180607	player	uade	Protracker	0	43638	e716cb53	b56495c2	Module/Module1/mod.fury.castle
a2b80d5d3cc39b9e793de5b63cd2ff5b	1	69285	player	uade	OctaMED MMD1	0	62028	54b77f59	a407d102	Archive/Gag/DBTest.lha/med.db
a2b8f369ce48eb3cf8eb2f1c47852dd9	1	1828	player	uade	OctaMED MMD0	0	17878	00a5c03d	289e7629	Archive/Denkspiele/Teil_1/Boomfield.lha/BF_Wow_M
a33189ef991c248ce88590ed7c3e4509	1	273402	player	uade	Protracker	0	258184	334ac0ef	bd0c1a27	Module/MuchMods/ODYSSEY6.MOD
a38387d5a4f1e9217994c8d304ba2d76	1	119621	player	uade	Protracker	0	119627	d0d30c60	965f23a0	Module/MoreMods/DEMO.MOD
a3da60e24acef64e846e54d14dd1cf65	1	41112	player	uade	Protracker	0	9550	281f30e8	63675454	Module/Utilities/ARCHIVES/amos_modplay3.lha/modules/mod.antipasti
a42af41df7ea3517b7dc0186554f3978	1	346092	player	ft2play	Fasttracker (M.K.)	4	196191	bef9ae95	605b19e6	Module/CLASSICS/CHOPIN.MOD
a43738650924133aa6f5fb34c8f1813b	1	137083	player	uade	Protracker compatible	0	69430	8fcbb0e9	85b32737	Module/METAL/MOD.5
a47cc0ee95bb1ce0a96e315431d0aa37	1	92044	player+silence	uade	Noisetracker 1.x	0	28414	4a41eb1b	774f4aec	Nordlicht_SPIELE/Serie_25/Disk09/MUSIC/mod.dead
a47cc0ee95bb1ce0a96e315431d0aa37	1	92044	player+silence	uade	Noisetracker 1.x	0	28414	4a41eb1b	774f4aec	Nordlicht_SPIELE/Serie_25/Disk09/Spiele_25_09.DMS/MUSIC/mod.dead
a4c7d0695254cbaef1b0c047e925eddc	1	107645	player	uade	Protracker	0	76470	56e3f0eb	ee2a21ca	Nordlicht_SPIELE/Serie_10/Disk02/MostaresII/mod.4
a4c7d0695254cbaef1b0c047e925eddc	1	107645	player	uade	Protracker	0	76470	56e3f0eb	ee2a21ca	Nordlicht_SPIELE/Serie_10/Disk02/SPIELE_10_02.DMS/MostaresII/mod.4
a5032f4c00b113be7bd719cf6e7f67a3	1	304336	player+volume	uade	OctaMED MMD0	0	87634	51e9cfe5	2e4fdbef	Archive/Denkspiele/Teil_5/Technoban.lha/technoban/Technoban.sound0
a5032f4c00b113be7bd719cf6e7f67a3	1	304336	player+volume	uade	OctaMED MMD0	0	87634	51e9cfe5	2e4fdbef	Denkspiele/Technoban/Technoban.sound0
a5226e06399ac1837c7eeed4bfdbe0e6	1	64120	player	uade	Protracker	0	45382	dc0a84a0	fac51d03	Denkspiele/KlakTris/modules/mod.twin1
a5226e06399ac1837c7eeed4bfdbe0e6	1	64120	player	uade	Protracker	0	45382	dc0a84a0	fac51d03	Einzel_Disk/KlakTris.DMS/modules/mod.twin1
a5226e06399ac1837c7eeed4bfdbe0e6	1	64120	player	uade	Protracker	0	45382	dc0a84a0	fac51d03	Nordlicht_SPIELE/Serie_18/Disk10/modules/mod.twin1
a5226e06399ac1837c7eeed4bfdbe0e6	1	64120	player	uade	Protracker	0	45382	dc0a84a0	fac51d03	Nordlicht_SPIELE/Serie_18/Disk10/SPIELE_18_10.DMS/modules/mod.twin1
a54dad5c465950ad3ef4c213d8bb18ab	0	38520	player	uade	Amos Music Bank	0	69266	79b4a7f8	e1c9ec3b	Archive/Demos/Rubber.lha/2
a54dad5c465950ad3ef4c213d8bb18ab	0	38520	player	uade	Amos Music Bank	0	69266	79b4a7f8	e1c9ec3b	Archive/Rollenspiele/Rubber.lha/m/2
a54dad5c465950ad3ef4c213d8bb18ab	0	38520	player	uade	Amos Music Bank	0	69266	79b4a7f8	e1c9ec3b	Archive/Verschiedenes/rubber.lha/m/2
a54dad5c465950ad3ef4c213d8bb18ab	0	38520	player	uade	Amos Music Bank	0	69266	79b4a7f8	e1c9ec3b	Nordlicht_SPIELE/Serie_26/Disk09/m/2
a54dad5c465950ad3ef4c213d8bb18ab	0	38520	player	uade	Amos Music Bank	0	69266	79b4a7f8	e1c9ec3b	Nordlicht_SPIELE/Serie_26/Disk09/Spiele_26_09.DMS/m/2
a5a6070baea048d837097baa001dc44b	1	37728	player+volume	uade	Soundtracker II (15 instr.)	0	207492	563b1ba8	2030487f	Module/VARIOUS/BEAST2EN.MOD
a5aac4179225a4736b9d05364c071c89	1	130693	player	uade	Protracker compatible	0	108056	00167f9f	8ce7bc1f	Module/MoreMods/DANGER_S.MOD
a711ef24c8e9b208b0fda52709abc3aa	1	80839	player	uade	OctaMED MMD0	0	41502	69f1de23	cb29eb37	Archive/Jump&Run/Peter's_Quest.lha/peter's_quest/sounds/menu.song
a711ef24c8e9b208b0fda52709abc3aa	1	80839	player	uade	OctaMED MMD0	0	41502	69f1de23	cb29eb37	Jump&Run/Peter's_Quest/Sounds/menu.song
a711ef24c8e9b208b0fda52709abc3aa	1	80839	player	uade	OctaMED MMD0	0	41502	69f1de23	cb29eb37	Klassiker/JUMP_N_RUN/PETERSQUEST12.LZH/Peter's_Quest/Sounds/menu.song
a76fb9ce389c765d4fef619f419240d7	0	122697	player	libopenmpt	Game Music Creator	4	36822	e44bb644	b94bd520	Nordlicht_SPIELE/Serie_29/Disk02/Music/EtherReal.DAT
a76fb9ce389c765d4fef619f419240d7	0	122697	player	libopenmpt	Game Music Creator	4	36822	e44bb644	b94bd520	Nordlicht_SPIELE/Serie_29/Disk02/Spiele_29_02.DMS/Music/EtherReal.DAT
a7a6904a820d4c07a2055224d025a5c3	1	61568	player	uade	Protracker	0	30682	f62dc6ee	5ae0a30e	Archive/Action/Scorch177.lha/S_Tanks_V1.77/mod.horizons'edge
a7a6904a820d4c07a2055224d025a5c3	1	61568	player	uade	Protracker	0	30682	f62dc6ee	5ae0a30e	Nordlicht_SPIELE/Serie_30/Disk06/NL_Spiele_30_06.DMS/Tanks/mod.horizons'edge
a7a6904a820d4c07a2055224d025a5c3	1	61568	player	uade	Protracker	0	30682	f62dc6ee	5ae0a30e	Nordlicht_SPIELE/Serie_30/Disk06/Tanks/mod.horizons'edge
a7ee1a90f6e454ae7d6b8e2b858fbb49	1	1808	player	uade	Protracker	0	7784	8e05b149	e2b6c9cb	Action/DeluxeGalaga/GALAGA.JINGLE1
a7ee1a90f6e454ae7d6b8e2b858fbb49	1	1808	player	uade	Protracker	0	7784	8e05b149	e2b6c9cb	Nordlicht_SPIELE/Serie_19/Disk03a/DlxGalaga/GALAGA.JINGLE1
a7ee1a90f6e454ae7d6b8e2b858fbb49	1	1808	player	uade	Protracker	0	7784	8e05b149	e2b6c9cb	Nordlicht_SPIELE/Serie_19/Disk03a/SPIELE_19_03a.DMS/DlxGalaga/GALAGA.JINGLE1
a7ee1a90f6e454ae7d6b8e2b858fbb49	1	1808	player	uade	Protracker	0	7784	8e05b149	e2b6c9cb	Nordlicht_SPIELE/Serie_19/Disk03b/DeluxeGalaga/GALAGA.JINGLE1
a7ee1a90f6e454ae7d6b8e2b858fbb49	1	1808	player	uade	Protracker	0	7784	8e05b149	e2b6c9cb	Nordlicht_SPIELE/Serie_19/Disk03b/SPIELE_19_03b.DMS/DeluxeGalaga/GALAGA.JINGLE1
a8612d452b56b92f996f4d8aae0eaac0	1	250671	player+volume	uade	Protracker	0	197038	479acfcd	1c3438ea	Module/MoreMods/DESERTD.MOD
a9405964cc276b316bba6976f7539f38	1	374275	player	uade	OctaMED MMD0	0	48406	ddaa2cba	8bba9a69	Module/Utilities/TRACKERS/MED_3_22/DEMOS/SYNTH-A-SYSMIC
a9a014a46b035fc598418b37bf249587	1	316223	player	uade	Noisetracker 1.x	0	167936	7e6d4723	b4920da5	Module/MoreMods/3.MOD
a9a8b317f5f3ef7e36f25e98b308b400	1	462449	player	uade	OctaMED MMD0	0	53124	c698e055	d01fdab2	Module/Utilities/TRACKERS/MED_3_22/DEMOS/STäRKELSESIRAP
a9a8b317f5f3ef7e36f25e98b308b400	1	462449	player	uade	OctaMED MMD0	0	53124	c698e055	d01fdab2	Nordlicht_SPIELE/Serie_14/Disk10/Songs/MED.song
a9a8b317f5f3ef7e36f25e98b308b400	1	462449	player	uade	OctaMED MMD0	0	53124	c698e055	d01fdab2	Nordlicht_SPIELE/Serie_14/Disk10/SPIELE_14_10.DMS/Songs/MED.song
aa04807a13b890e6f413323d21adccd0	0	190683	player+silence	uade	Oktalyzer	0	100328	cf3aca27	5ec5d708	Module/Module1/TNERAPSNART
aab46cdebe1bce841ed8ff36d7d76f45	1	93719	player	uade	Protracker	0	175264	b94ae4e5	d908ac05	Module/Module1/mod.irreverence
ab03fc83d14b1a3ae676dda15882fb8d	1	300549	player	uade	OctaMED MMD1	0	202278	b03bcef3	87060838	Module/Module1/Cardiac2.8MED
ac5db86e2d0d48fd6d1c41df1ab4b546	1	288392	player	uade	Protracker compatible	0	210714	00fa9d08	da3b7491	Module/MoreMods/DAISYCHM.MOD
ac8c3cd5032311813162f5f421020eb9	1	158596	player+silence	uade	OctaMED MMD0	0	88064	5d07ae30	ad11f9af	Archive/Verschiedenes/lords.lha/Solar1
ac8c3cd5032311813162f5f421020eb9	1	158596	player+silence	uade	OctaMED MMD0	0	88064	5d07ae30	ad11f9af	Nordlicht_SPIELE/Serie_28/Disk08/Solar1
ac8c3cd5032311813162f5f421020eb9	1	158596	player+silence	uade	OctaMED MMD0	0	88064	5d07ae30	ad11f9af	Nordlicht_SPIELE/Serie_28/Disk08/Spiele_28_08.DMS/Solar1
aca3012045240d31c04ee7d935d0b038	1	81542	player	uade	OctaMED MMD0	0	9956	e7cc5dec	efbc2511	Archive/Verschiedenes/FarWest2.lha/BY
aca3012045240d31c04ee7d935d0b038	1	81542	player	uade	OctaMED MMD0	0	9956	e7cc5dec	efbc2511	Nordlicht_SPIELE/Serie_27/Disk10b/BY
aca3012045240d31c04ee7d935d0b038	1	81542	player	uade	OctaMED MMD0	0	9956	e7cc5dec	efbc2511	Nordlicht_SPIELE/Serie_27/Disk10b/Spiele_27_10b.DMS/BY
ad076958e3254154329e527265110fea	0	168952	player	uade	Mark_II	0	117076	55c183a8	917f6169	Archive/Denkspiele/Teil_4/Oxyd.lha/AMIOXYD.SMP
ad076958e3254154329e527265110fea	0	168952	player	uade	Mark_II	0	117076	55c183a8	917f6169	Klassiker/Denkspiele/OXYD.LHA/AMIOXYD.SMP
ad87a460474570675793f155753d18d8	1	92272	player	uade	Protracker compatible	0	89474	c62394db	4dcebf1e	Module/Module1/Lemmings3.MOD
ada23825b4b66413684ed12ee4b8ec88	1	1828	player	uade	OctaMED MMD0	0	18802	7f7436a1	49b2ce59	Archive/Denkspiele/Teil_1/Boomfield.lha/BF_bom_M
ae3db13a755db589ffa1a296f6f86068	1	107645	player	uade	Noisetracker 1.x	0	77042	a199468f	b958ccc4	Module/MoreMods/DEEPSTRE.MOD
ae451c79c87c42abfa90a0028f79b534	1	292552	player	uade	OctaMED MMD0	0	109692	2fb5fe45	edd230a1	Klassiker/Diverses/ABDASH1809.LHA/abd/abd.mod
ae451c79c87c42abfa90a0028f79b534	1	292552	player	uade	OctaMED MMD0	0	109692	2fb5fe45	edd230a1	Klassiker/Diverses/ABDASH1909.LHA/abd/abd.mod
aeac56038c917d32d56f2df568930cf1	1	395877	player	uade	Protracker	0	208688	c7d50e99	ff9cb2a9	Module/MuchMods/ORTHANC.MOD
af1e35985f67b6e42e256d612b085edb	1	65406	player	uade	Protracker	0	50266	2fe961cd	55f9eb13	Module/Module1/Lemmings4.MOD
af7a19fa704f5247e597b93bf75d8525	1	32110	player	uade	Protracker compatible	0	81438	d6994c08	162ad385	Module/Module1/HeavyDuty.mod
af93db9d5733092f5bbf64a232dd08a1	1	170580	player	uade	Protracker compatible	0	197674	4afca2d4	e909042f	Denkspiele/KlakTris/modules/mod.africa
af93db9d5733092f5bbf64a232dd08a1	1	170580	player	uade	Protracker compatible	0	197674	4afca2d4	e909042f	Einzel_Disk/KlakTris.DMS/modules/mod.africa
af93db9d5733092f5bbf64a232dd08a1	1	170580	player	uade	Protracker compatible	0	197674	4afca2d4	e909042f	Nordlicht_SPIELE/Serie_18/Disk10/modules/mod.africa
af93db9d5733092f5bbf64a232dd08a1	1	170580	player	uade	Protracker compatible	0	197674	4afca2d4	e909042f	Nordlicht_SPIELE/Serie_18/Disk10/SPIELE_18_10.DMS/modules/mod.africa
afc6fcabfd7fa741df49f6c416589cc0	1	315017	player	uade	Noisetracker 1.x	0	62976	2a6baca0	3f56cdb9	Module/MoreMods/2.MOD
afc6fcabfd7fa741df49f6c416589cc0	1	315017	player	uade	Noisetracker 1.x	0	62976	2a6baca0	3f56cdb9	Module/MoreMods/DARKNITE.MOD
afdee3902674c5810fadf2932d0d4c09	0	92022	player	libopenmpt	Game Music Creator	4	42446	aa88b9a0	6e5ebc62	Nordlicht_SPIELE/Serie_29/Disk02/Music/Level4Music.DAT
afdee3902674c5810fadf2932d0d4c09	0	92022	player	libopenmpt	Game Music Creator	4	42446	aa88b9a0	6e5ebc62	Nordlicht_SPIELE/Serie_29/Disk02/Spiele_29_02.DMS/Music/Level4Music.DAT
aff15197826f0ed5ec56b46a6f297e19	1	231867	player	uade	Protracker	0	344332	ae990ece	60f29196	Module/MuchMods/CALIBRA.MOD
b0a2dba8a5e420e76d9a00325e517240	1	78829	player	uade	MED4 (4ch)	0	14118	2d8e368b	e1e732bb	Module/Module1/Jimbo Shake
b14b843425259cdaa9effa6abbdd0a3e	1	439361	player	uade	Protracker	0	199936	1cf762e6	0fff16de	Module/MuchMods/OVERLOAD.MOD
b1605cffcd07d8b7bf50046fd327a5fb	1	248890	player+silence	uade	OctaMED MMD1	0	140870	d17d1fe9	45a0a55d	Module/Module1/CANAL GREEN.med
b16df09040df10c81624dd6375958d5c	1	436748	player	uade	Protracker	0	90446	815d9d82	b612ec1a	Module/Module1/Escape_From_Reality.mod
b1e34ed7be66a161edac619c92ee3265	1	227326	player	uade	Noisetracker 1.x	0	78438	6180c474	f67f80f4	Module/MoreMods/2BEPLAYE.MOD
b2323def110494202de11d0598dbbb7c	1	399842	player+silence	uade	Protracker compatible	0	117664	ffff29ce	23fccad0	Module/MoreMods/4MAT'SMA.MOD
b32223d53e1d58c9aa40ddd99f8d1871	0	81944	player	uade	TFMX Pro	0	3660	6277cb5e	677fa152	Klassiker/Diverses/ELEFANT.LHA/elefant.dms/SONGS/mdat.Titel
b32223d53e1d58c9aa40ddd99f8d1871	0	81944	player	uade	TFMX Pro	0	3660	6277cb5e	677fa152	Nordlicht_SPIELE/Serie_09/Disk03/SPIELE_09_03.DMS/SONGS/mdat.Titel
b32223d53e1d58c9aa40ddd99f8d1871	0	81944	player	uade	TFMX Pro	0	3660	6277cb5e	677fa152	Werbespiele/Elefanten.DMS/SONGS/mdat.Titel
b32223d53e1d58c9aa40ddd99f8d1871	1	76820	player
b32308e8cb829a5160214dc6c1b2c56a	1	164500	player+silence	uade	Protracker	0	163654	c8d0e274	d5dde0f3	Module/Module1/Mod.ActionForYou
b3c9764d779fc5cfead696a7aa8e0d36	1	192141	player	uade	Protracker	0	250432	7a706bcf	43280f75	Module/MuchMods/ANNA.MOD
b3db54fb9d46e3f7c6c8cbce0499fe1c	1	530468	player	uade	Protracker	0	192194	4425c8f9	ba20ce85	Module/MoreMods/1993.MOD
b45d5dcc2aefd52d92bb1f903185c310	1	245150	player	uade	Protracker	0	440006	826b3e78	56faf253	Module/Module1/mod.it's okay - mix club
b4d2252cb961e4f6ec7d0eb1c939aa84	0	7816	player	uade	Amos Music Bank	0	13142	d9ada728	65cef6d0	Archive/Jump&Run/Bucktoot.lzh/BucktoothIntroMus.abk
b4d2252cb961e4f6ec7d0eb1c939aa84	0	7816	player	uade	Amos Music Bank	0	13142	d9ada728	65cef6d0	Nordlicht_SPIELE/Serie_28/Disk03/BucktoothIntroMus.abk
b4d2252cb961e4f6ec7d0eb1c939aa84	0	7816	player	uade	Amos Music Bank	0	13142	d9ada728	65cef6d0	Nordlicht_SPIELE/Serie_28/Disk03/Spiele_28_03.DMS/BucktoothIntroMus.abk
b5be69fa7433b16e7fbc4822125db6ab	1	254694	player	uade	Protracker	0	138774	fc7915be	ec408fda	Module/MuchMods/ODYSSEY1.MOD
b5d0f0d2067433d633fe0489f86fc9d8	1	370678	player	uade	Protracker compatible	0	186182	64b09649	e7799d64	Module/MoreMods/DENSE.MOD
b5e66ea21a31602d80a98a15f1f032f3	0	125598	player+silence	uade	Amos Music Bank	0	59206	4e8f7e22	14f90d79	Nordlicht_SPIELE/Serie_23/Disk07/music/mod.feel the atmosphere
b5e66ea21a31602d80a98a15f1f032f3	0	125598	player+silence	uade	Amos Music Bank	0	59206	4e8f7e22	14f90d79	Nordlicht_SPIELE/Serie_23/Disk07/SPIELE_23_07.DMS/music/mod.feel the atmosphere
b605402f18b8964e139152a7c9942d31	1	8459	player	uade	OctaMED MMD0	0	22348	0e5d4bcc	8d26c9c4	Nordlicht_SPIELE/Serie_08/Disk02/SPIELE_08_02.DMS/8694/369.sb
b60b02b074264d2a104dc4ea625876ed	1	61568	player	uade	Protracker	0	167638	ec7689da	41c7a723	Archive/Verschiedenes/L-Game.lha/L-Game/MainTune
b64f84f78b1489b5877f8d221c3c6edb	1	240126	player	uade	Protracker	0	111714	ea5c1557	fde29405	Module/MuchMods/CHANT.MOD
b667369ace126c6ec2d03043604444a7	1	218987	player	uade	OctaMED MMD1	0	307918	14f9e126	df68d400	Archive/Denkspiele/Teil_3/Klond3_3.lha/Default.MUSX
b667369ace126c6ec2d03043604444a7	1	218987	player	uade	OctaMED MMD1	0	307918	14f9e126	df68d400	Archive/Denkspiele/Teil_6/Klondike-II-AGA2.lha/MUSIC.LZH/Default.MUSX
b6843cf84981e1b051f045a742163b10	1	7655	player	uade	OctaMED MMD0	0	7046	64b755f6	66b7ecb1	Archive/Denkspiele/Teil_1/Boomfield.lha/BF_ScoreEnter_M
b6b16a276360158855acc747fe5de30a	1	170379	player	uade	Protracker	0	127840	759f4294	f66cc5f2	Module/MoreMods/DARKSIDE.MOD
b6d0aabbc4eeac27631dfbe2606a408f	1	146045	player	uade	Soundtracker II (15 instr.)	0	84202	c24b0204	aa4dc827	Module/MuchMods/AWESOME5.MOD
b7531ec82ee274606fdc6032128b346d	1	197014	player+silence	uade	Protracker compatible	0	155714	97ce36b0	8cb92955	Module/MuchMods/YUMMYGAP.MOD
b79e2aad920f620248987ebfbd9ff463	1	121610	player	uade	OctaMED MMD0	0	33808	fe92d32b	0c832d88	Archive/Verschiedenes/SpaceTaxi.lha/SpaceTaxi/Data/spt.sng
b79e2aad920f620248987ebfbd9ff463	1	121610	player	uade	OctaMED MMD0	0	33808	fe92d32b	0c832d88	Nordlicht_SPIELE/Serie_26/Disk04/SpaceTaxi/Data/spt.sng
b79e2aad920f620248987ebfbd9ff463	1	121610	player	uade	OctaMED MMD0	0	33808	fe92d32b	0c832d88	Nordlicht_SPIELE/Serie_26/Disk04/Spiele_26_04.DMS/SpaceTaxi/Data/spt.sng
b79e2aad920f620248987ebfbd9ff463	2	39023	player
b79e2aad920f620248987ebfbd9ff463	3	7615	player
b79e2aad920f620248987ebfbd9ff463	4	3757	player
b79e2aad920f620248987ebfbd9ff463	5	25057	player
b7c8b826bc8df6e16bfe3ba58afbdde1	1	161397	player	uade	Soundtracker II (31 instr.)	0	44410	f313c1ce	abbc3811	Nordlicht_SPIELE/Serie_23/Disk01/Spiele_23_01.DMS/Modules/Mod.Echoing
b7c8b826bc8df6e16bfe3ba58afbdde1	1	161397	player	uade	Soundtracker II (31 instr.)	0	44410	f313c1ce	abbc3811	Nordlicht_SPIELE/Serie_23/Disk02/Spiele_23_02.DMS/Modules/Mod.Echoing
b8500401d2b64f616a06ebee96f847dd	1	211331	player	uade	Protracker	0	148476	b9db02f4	a370f1a7	Module/Module1/mod.VDLove2
b869f63869f7f48e25e774e4b2a8aaef	1	143332	player	uade	Protracker	0	145970	a7217cf3	d3f4019b	Module/Module1/What_time_is_it.Mod
b89c38edb46c7b879576db2ef64e5c3b	1	95588	player	uade	OctaMED MMD0	0	9332	b1c4e6f4	2ac3bb48	Archive/Denkspiele/Teil_3/Ishid-o-matic.lha/ishid-o-matic/mod.praeludium
b89c38edb46c7b879576db2ef64e5c3b	1	95588	player	uade	OctaMED MMD0	0	9332	b1c4e6f4	2ac3bb48	Denkspiele/Ishid_o_matic/mod.praeludium
b89c38edb46c7b879576db2ef64e5c3b	1	95588	player	uade	OctaMED MMD0	0	9332	b1c4e6f4	2ac3bb48	Nordlicht_SPIELE/Serie_02/Disk05/mod.praeludium
b89c38edb46c7b879576db2ef64e5c3b	1	95588	player	uade	OctaMED MMD0	0	9332	b1c4e6f4	2ac3bb48	Nordlicht_SPIELE/Serie_02/Disk05/Spiele_02_05.DMS/mod.praeludium
b89c38edb46c7b879576db2ef64e5c3b	1	95588	player	uade	OctaMED MMD0	0	9332	b1c4e6f4	2ac3bb48	Nordlicht_SPIELE/Serie_05/Disk05/SPIELE_05_05a.DMS/mod.praeludium
b89c38edb46c7b879576db2ef64e5c3b	1	95588	player	uade	OctaMED MMD0	0	9332	b1c4e6f4	2ac3bb48	Nordlicht_SPIELE/Serie_22/Disk04/mod.praeludium
b89c38edb46c7b879576db2ef64e5c3b	1	95588	player	uade	OctaMED MMD0	0	9332	b1c4e6f4	2ac3bb48	Nordlicht_SPIELE/Serie_22/Disk04/Spiele_22_04.DMS/mod.praeludium
b8bb344a03f8c867b0cb84fe1de6948d	1	69646	player	uade	OctaMED MMD1	0	77600	8c5125e7	fac8343f	Action/MegaBall3/MB_Music/ExtraLife.tune
b8e6cbeb765a64b2c81dd27a18455f3a	1	864	player	uade	OctaMED MMD0	0	1998	3e961145	8f0357cc	Archive/Denkspiele/Teil_1/Boomfield.lha/BF_mark_M
b959648c8fc056fc06dad6174da9ded1	1	123770	player+silence	uade	Protracker	0	197854	e849a556	1d98af11	Module/Module1/mod.Save_My_Dick
b9f0379949a0c71e9198932fa42c500b	1	141403	player	uade	Protracker compatible	0	234298	d3dc45cb	c44b92a0	Module/Module1/ThunderStruck.mod
ba0182fb4a5aba9fc807137c15b54de6	0	123961	player	uade	Amos Music Bank	0	262684	5c777bfb	431b4643	Nordlicht_SPIELE/Serie_07/Disk09/skilltune.abk
ba0182fb4a5aba9fc807137c15b54de6	0	123961	player	uade	Amos Music Bank	0	262684	5c777bfb	431b4643	Nordlicht_SPIELE/Serie_07/Disk09/SPIELE_07_09.DMS/skilltune.abk
ba94f452346b4ea437d0980f014228b6	1	169575	player	uade	OctaMED MMD1	0	61658	7a5c5c01	d2d98415	Action/MegaBall3/MB_Music/MBmus06
bb5bf575ed603f42d217544efcd916a0	1	107645	player	uade	Soundtracker II (15 instr.)	0	109006	9147a09a	33d9ac79	Action/Rescue/Rescue.Song2
bb5bf575ed603f42d217544efcd916a0	1	107645	player	uade	Soundtracker II (15 instr.)	0	109006	9147a09a	33d9ac79	Archive/Action/Rescue.lha/rescue/Rescue.Song2
bb802889bc45ec2741aff1c55078c1f4	1	27408	player	uade	Protracker	0	16942	0f64d28f	76236ab1	Module/Module1/mod.nuls-la veuve       
bbbaafc6d6a01ec4e4b3f08cef048256	1	138690	player	uade	OctaMED MMD0	0	56522	3ddc63f1	8bad371f	Archive/Denkspiele/Teil_5/Technoban.lha/technoban/Technoban.sound2
bbbaafc6d6a01ec4e4b3f08cef048256	1	138690	player	uade	OctaMED MMD0	0	56522	3ddc63f1	8bad371f	Denkspiele/Technoban/Technoban.sound2
bd560e2bc9fb123e9334e4e324c0b0de	1	230541	player	uade	Protracker	0	76326	e9fd2c39	49718eda	RMS_Katalog/mod.flash
be3245fdeb851115ad72a896ba307f50	0	61428	player	libxmp	NoisePacker v3	4	26956	5a6872bf	5924bd16	Nordlicht_SPIELE/Serie_13/Disk07/b1np
be3245fdeb851115ad72a896ba307f50	0	61428	player	libxmp	NoisePacker v3	4	26956	5a6872bf	5924bd16	Nordlicht_SPIELE/Serie_13/Disk07/SPIELE_13_07.DMS/b1np
beb1dbb904ffc346678134826b2507d5	1	334328	player	uade	Protracker compatible	0	193002	a3b97d99	b056a88b	Archive/Verschiedenes/reflection.lha/GameData.dat
beb1dbb904ffc346678134826b2507d5	1	334328	player	uade	Protracker compatible	0	193002	a3b97d99	b056a88b	Nordlicht_SPIELE/Serie_29/Disk08/Spiele_29_08.DMS/GameData.dat
bf19eef3b674b175536b2f2088748b8c	1	245672	player	uade	Protracker	0	242206	c9aecb58	99796b4e	Module/MoreMods/DEMOMOD.MOD
bf323af31118a8158f43136cd22eeebb	1	307321	player	uade	Protracker	0	239966	13f542fc	b66f16d2	Module/MoreMods/DARK.MOD
bfec68b8fc01a68365cd76939a5dd695	1	348173	player	uade	Protracker	0	171804	b269bf44	d27a1881	Module/Module1/mod.sven
c026fd8343770d12cf2c523ff6f47eeb	0	135044	player+silence	libopenmpt	Game Music Creator	4	72510	92645abe	e2de633e	Nordlicht_SPIELE/Serie_29/Disk02/Music/Level3Music.DAT
c026fd8343770d12cf2c523ff6f47eeb	0	135044	player+silence	libopenmpt	Game Music Creator	4	72510	92645abe	e2de633e	Nordlicht_SPIELE/Serie_29/Disk02/Spiele_29_02.DMS/Music/Level3Music.DAT
c08306ceac4b5bda5067209fb90f13c9	1	179160	player	uade	Protracker	0	234578	0117d668	74cb4509	Module/MuchMods/BAGRASTA.MOD
c1271283fd0128e1870e841e153df650	1	126311	player+silence	uade	Protracker	0	310022	f7414f57	43f8b581	Module/MoreMods/DEFINEDA.MOD
c14c4cbb1c4247bd68f04fc19a687a18	1	161397	player	uade	Protracker compatible	0	204488	d96da480	760b2528	Module/MoreMods/DEFEAT.MOD
c1622c56ca4a64f544b6fcf60b7f9fca	0	23630	player	uade	Amos Music Bank	0	8052	1d8d4812	4b528bd6	Nordlicht_SPIELE/Serie_11/Disk10/SPIELE_11_10.DMS/Data21
c1622c56ca4a64f544b6fcf60b7f9fca	0	23630	player	uade	Amos Music Bank	0	8052	1d8d4812	4b528bd6	Werbespiele/Punica.DMS/Data21
c1c4c9587101b972997e09ade25f3587	0	238217	player	uade	Amos Music Bank	0	63740	b5d734f7	43e118ca	Nordlicht_SPIELE/Serie_24/Disk08/Spiele_24_08.DMS/Banks/music
c2c462527ad0d22f117a07533574be7f	1	180607	player	uade	Protracker	0	128178	370a8928	005077d2	Module/Module1/mod.axeb
c2cf94f841863dc16ce10f3fabf7c91b	1	255317	player	uade	Noisetracker 1.x	0	143030	767d7518	731ac76d	Module/MoreMods/12WAR.MOD
c2d864e628141c8fcee5e7ee772b1bf1	1	184445	player	uade	Protracker	0	186692	5c59c4f0	ffcea582	Module/MuchMods/VISITORS.MOD
c481059a3b2a0709943888edcf7e1d80	1	268165	player+silence	uade	Protracker	0	205816	cd88a8e7	c3240503	Archive/Action/Octane_new.lha/mod.The-Time
c481059a3b2a0709943888edcf7e1d80	1	268165	player+silence	uade	Protracker	0	205816	cd88a8e7	c3240503	Nordlicht_SPIELE/Serie_26/Disk03/mod.The-Time
c481059a3b2a0709943888edcf7e1d80	1	268165	player+silence	uade	Protracker	0	205816	cd88a8e7	c3240503	Nordlicht_SPIELE/Serie_26/Disk03/Spiele_26_03.DMS/mod.The-Time
c4b0e357ca4e234bc731ca16edbd62b6	1	92272	player	uade	Protracker	0	111270	085d8a76	5fa7cec7	Module/MoreMods/DANCEDAY.MOD
c4d7a8ca8f52dc711826d130a39923b5	1	206850	player	uade	Protracker	0	228030	2e078451	73e8f580	Module/MoreMods/0000.MOD
c5115eac5dd3b17bbc4ed107e4509fba	1	203715	player	uade	P40A - P40B - P41A	0	54192	b9ea2a80	9098a3d1	Module/Utilities/DELIPLAYERS/P4XX/MODULES/P40A.STELLA
c529a54f0db6dd82f286754b19602462	1	209322	player	uade	Protracker	0	271352	b907a187	4857bc33	Archive/Action/Scorch177.lha/S_Tanks_V1.77/mod.ari-san<crossroad>
c529a54f0db6dd82f286754b19602462	1	209322	player	uade	Protracker	0	271352	b907a187	4857bc33	Nordlicht_SPIELE/Serie_30/Disk06/NL_Spiele_30_06.DMS/Tanks/mod.ari-san<crossroad>
c529a54f0db6dd82f286754b19602462	1	209322	player	uade	Protracker	0	271352	b907a187	4857bc33	Nordlicht_SPIELE/Serie_30/Disk06/Tanks/mod.ari-san<crossroad>
c5567e2e0b89796a3a0f9bacc276f0fb	1	97417	player	uade	Protracker	0	76874	4b4368f2	a76a256a	Module/Module1/mod.Shareem
c64adf4541aec525e4542b227439b9dd	0	5565	player+silence	uade	Amos Music Bank	0	4946	efc4f5d4	2a769d58	Nordlicht_SPIELE/Serie_11/Disk10/SPIELE_11_10.DMS/Data5
c64adf4541aec525e4542b227439b9dd	0	5565	player+silence	uade	Amos Music Bank	0	4946	efc4f5d4	2a769d58	Werbespiele/Punica.DMS/Data5
c6b809ad0b21746b483239b035b23488	1	286865	player	uade	Protracker	0	160220	b7e57bb3	086c827f	Module/MoreMods/DESDREM3.MOD
c77963d98ce7a7799d7c82fd4cae2285	1	151370	player+silence	uade	MED4 (8ch)	0	115316	0c722244	d19860be	Module/Utilities/ARCHIVES/OctaMED.lzh/OctaMED/Demos/Esc2Heaven
c77963d98ce7a7799d7c82fd4cae2285	1	151370	player+silence	uade	MED4 (8ch)	0	115316	0c722244	d19860be	Module/Utilities/OCTAMED/DEMOS/ESC2HEAVEN
c7ccb25f91acac034ed1b7566a8a569f	0	76920	player	uade	Amos Music Bank	0	117366	b4f3fb96	f293a0c2	Nordlicht_SPIELE/Serie_27/Disk05/Spiele_27_05.DMS/Wrap.Music
c7ccb25f91acac034ed1b7566a8a569f	0	76920	player	uade	Amos Music Bank	0	117366	b4f3fb96	f293a0c2	Nordlicht_SPIELE/Serie_27/Disk05/Wrap.Music
c8ed838b34fffdbb02ce0e1978538716	0	218911	loop	uade	UADE	0	173576	afd6948b	e97b9904	Module/Module1/AnUnbiddenEye.custom
c91157fa74b8bb2dd3a54485f7049621	1	246826	player+silence	uade	Protracker	0	158614	48bf9fe5	6eb9b0b0	Module/MoreMods/DANCEFEV.MOD
c912be24d94c33237d87773d6377e861	0	182329	player+silence	uade	Amos Music Bank	0	75024	b5657fef	953513ea	Nordlicht_SPIELE/Serie_12/Disk10/sounddaten/Brainmusic
c912be24d94c33237d87773d6377e861	0	182329	player+silence	uade	Amos Music Bank	0	75024	b5657fef	953513ea	Nordlicht_SPIELE/Serie_12/Disk10/SPIELE_12_10.DMS/sounddaten/Brainmusic
c97bde6b6dc1b0192e55848bc5b388a8	1	104148	player	uade	Protracker	0	302350	f1bfe34f	a0c86719	Module/Module1/mod.Pandora
ca48d0fa1a3a039b073c5abd92d5827a	1	12825	player+silence	uade	Protracker	0	104486	63fc2142	7a1b2d27	Nordlicht_SPIELE/Serie_25/Disk09/MUSIC/mod.pumping classic
ca48d0fa1a3a039b073c5abd92d5827a	1	12825	player+silence	uade	Protracker	0	104486	63fc2142	7a1b2d27	Nordlicht_SPIELE/Serie_25/Disk09/Spiele_25_09.DMS/MUSIC/mod.pumping classic
cae02a62e4d883c497b95d41232fcffa	1	99097	player+silence	uade	MED4 (4ch)	0	235960	dadaf4b0	28dcdd3a	Module/Module1/Myself
cb15c2ad7e17d913e2c9d1099b310404	1	169093	player	uade	Soundtracker II (15 instr.)	0	58174	4f5ec702	5396f90e	Module/MoreMods/DAS_OME1.MOD
cb7a4a5a483b1a1fbe42a990c80bb6d7	1	195981	player+volume	uade	Protracker compatible	0	119808	4c2c4c78	ba67d1d6	Module/MoreMods/120BPM.MOD
cbcce923c9396f9447ef0f5601b6b1c8	1	122534	player	uade	Protracker compatible	0	37928	098dd85d	caa30eb7	Nordlicht_SPIELE/Serie_23/Disk01/Spiele_23_01.DMS/Modules/mod.SPRING IN LENINGRAD
cbcce923c9396f9447ef0f5601b6b1c8	1	122534	player	uade	Protracker compatible	0	37928	098dd85d	caa30eb7	Nordlicht_SPIELE/Serie_23/Disk02/Spiele_23_02.DMS/Modules/mod.SPRING IN LENINGRAD
cbdedd0d6d21e219649bf6e45e80f8fc	1	82044	player	uade	Protracker	0	159060	98b5f1e4	d66967ba	Module/MuchMods/THISHERE.MOD
cc44b090603a13c9bff262fec1f5c338	0	191980	player	libxmp	AMOS Music Bank	4	79522	7dec92c6	36b3ba20	Nordlicht_SPIELE/Serie_03/Disk02/Gun_Slinger/music
cc44b090603a13c9bff262fec1f5c338	0	191980	player	libxmp	AMOS Music Bank	4	79522	7dec92c6	36b3ba20	Nordlicht_SPIELE/Serie_03/Disk02/SPIELE_03_02.DMS/Gun_Slinger/music
cc44b090603a13c9bff262fec1f5c338	0	191980	player	libxmp	AMOS Music Bank	4	79522	7dec92c6	36b3ba20	Nordlicht_SPIELE/Serie_08/Disk01/music
cc44b090603a13c9bff262fec1f5c338	0	191980	player	libxmp	AMOS Music Bank	4	79522	7dec92c6	36b3ba20	Nordlicht_SPIELE/Serie_08/Disk01/SPIELE_08_01.DMS/music
cc4878d8f102cc739a29badaf4f171fc	1	84616	player	uade	Protracker compatible	0	106485	d96f14aa	d39ab5bb	Module/MuchMods/GLUE.MOD
ccf54c3a04a7f6978afead5bfe5345fd	1	102983	player	uade	Protracker	0	169966	eb17cbb0	786737a4	Module/MuchMods/JESUS2.MOD
cd8650533ec2fb7091e2e1789873756e	0	178356	player	uade	Amos Music Bank	0	57610	83599fac	5b76f4bc	Nordlicht_SPIELE/Serie_20/Disk01b/Level4.abk
cd8650533ec2fb7091e2e1789873756e	0	178356	player	uade	Amos Music Bank	0	57610	83599fac	5b76f4bc	Nordlicht_SPIELE/Serie_20/Disk01b/Spiele_20_01b.DMS/Level4.abk
cdda324ef7163e67a15cb45d494e2ad3	1	219489	player	uade	Protracker	0	99006	a5ac2fa8	9e0efa08	Module/MoreMods/DAYTIME.MOD
cde81f43a53c885150f4e72ad46aad8d	1	169696	player	uade	Protracker compatible	0	138628	83f0b3b2	836e1a9e	Module/Module1/Lemmings1.MOD
ce816893236cfd543263f2e843d29825	1	222845	player	uade	Protracker	0	130006	a947d435	f49edaf0	Module/MuchMods/ELYSIUM.MOD
ceba5817c00d9a8a68c7657c226287c0	1	211331	player	uade	Protracker	0	211712	e73c237f	1932ce59	Module/Module1/mod.shadow
cec073eefa88b4441ddc063fdc21c31a	1	253569	player	uade	Protracker compatible	0	210304	c8b28adb	de737e81	Module/MoreMods/1989.MOD
cec8630d206b2db0b02e85d3e63fa1e6	0	7113	player	uade	Amos Music Bank	0	3528	b0325b39	b1c49623	Nordlicht_SPIELE/Serie_11/Disk10/SPIELE_11_10.DMS/Data9
cec8630d206b2db0b02e85d3e63fa1e6	0	7113	player	uade	Amos Music Bank	0	3528	b0325b39	b1c49623	Werbespiele/Punica.DMS/Data9
ceea1e3875d5774ff0f4fef76476ba5a	1	16879	player	uade	OctaMED MMD0	0	194752	fbd41928	c3f304b2	Archive/Rollenspiele/Drink_drown.lha/Music
ceeb60833c07ba1d6dc5e41952f23a56	0	107645	player	uade	Amos Music Bank	0	34958	b0b166a4	fea17432	Nordlicht_SPIELE/Serie_27/Disk03/Spiele_27_03.DMS/wonmus.ABK
ceeb60833c07ba1d6dc5e41952f23a56	0	107645	player	uade	Amos Music Bank	0	34958	b0b166a4	fea17432	Nordlicht_SPIELE/Serie_27/Disk03/wonmus.ABK
d0735ec3c34fdb0e4156c0eb1a3a8eb0	1	5083	player	uade	OctaMED MMD0	0	6502	59f2b4eb	7101bc04	Archive/Verschiedenes/FarWest3.lha/sound
d0735ec3c34fdb0e4156c0eb1a3a8eb0	1	5083	player	uade	OctaMED MMD0	0	6502	59f2b4eb	7101bc04	Nordlicht_SPIELE/Serie_27/Disk10c/sound
d0735ec3c34fdb0e4156c0eb1a3a8eb0	1	5083	player	uade	OctaMED MMD0	0	6502	59f2b4eb	7101bc04	Nordlicht_SPIELE/Serie_27/Disk10c/Spiele_27_10c.DMS/sound
d08014cfb9074eb26b69cf7233ff4b31	0	115321	player	uade	Amos Music Bank	0	61132	9097c6ca	bbd219f0	Archive/Demos/Rubber.lha/6
d08014cfb9074eb26b69cf7233ff4b31	0	115321	player	uade	Amos Music Bank	0	61132	9097c6ca	bbd219f0	Archive/Rollenspiele/Rubber.lha/m/6
d08014cfb9074eb26b69cf7233ff4b31	0	115321	player	uade	Amos Music Bank	0	61132	9097c6ca	bbd219f0	Archive/Verschiedenes/rubber.lha/m/6
d08014cfb9074eb26b69cf7233ff4b31	0	115321	player	uade	Amos Music Bank	0	61132	9097c6ca	bbd219f0	Nordlicht_SPIELE/Serie_26/Disk09/m/6
d08014cfb9074eb26b69cf7233ff4b31	0	115321	player	uade	Amos Music Bank	0	61132	9097c6ca	bbd219f0	Nordlicht_SPIELE/Serie_26/Disk09/Spiele_26_09.DMS/m/6
d0b18ef2242901b49e4f7d6a50df2038	1	188605	player+silence	uade	Protracker compatible	0	162918	ce71527c	f682a6ba	Module/MuchMods/MOVE.MOD
d1571f8a8b9fa64eaac71cad9423f32f	1	321873	player+silence	uade	Protracker compatible	0	127223	e580463a	53cc7ffe	Module/MoreMods/DAS_OMEN.MOD
d18ff3fd5542f6daf7e3081b871cbb2a	1	328629	player+silence	uade	Protracker compatible	0	190988	b377d0e3	2dbc0b3f	Module/MoreMods/DAISYCHA.MOD
d207fb646d205396fbf384e3318f0b4c	1	135334	player	uade	OctaMED MMD1	0	335074	2cda7177	acfac085	Archive/Denkspiele/Teil_3/Klond1_3.lha/Intro.MUSX
d207fb646d205396fbf384e3318f0b4c	1	135334	player	uade	OctaMED MMD1	0	335074	2cda7177	acfac085	Archive/Denkspiele/Teil_6/Klondike-II-AGA2.lha/MUSIC.LZH/Intro.MUSX
d2a32492d3af5a60a711591414a893a9	0	92272	player	uade	Amos Music Bank	0	22232	dd07914f	4191dea3	Archive/Demos/Rubber.lha/3
d2a32492d3af5a60a711591414a893a9	0	92272	player	uade	Amos Music Bank	0	22232	dd07914f	4191dea3	Archive/Rollenspiele/Rubber.lha/m/3
d2a32492d3af5a60a711591414a893a9	0	92272	player	uade	Amos Music Bank	0	22232	dd07914f	4191dea3	Archive/Verschiedenes/rubber.lha/m/3
d2a32492d3af5a60a711591414a893a9	0	92272	player	uade	Amos Music Bank	0	22232	dd07914f	4191dea3	Nordlicht_SPIELE/Serie_26/Disk09/m/3
d2a32492d3af5a60a711591414a893a9	0	92272	player	uade	Amos Music Bank	0	22232	dd07914f	4191dea3	Nordlicht_SPIELE/Serie_26/Disk09/Spiele_26_09.DMS/m/3
d2c30084c9b49fd605249e6c83a4783c	1	53872	player	uade	Startrekker (4ch)	0	87938	edb2fdae	657ac329	Module/MoreMods/DEELITE.MOD
d3421beb53a7b603ffd2c4f612461c94	1	210533	player+silence	uade	Protracker	0	100330	8dffb41e	44dca1e9	Module/Module1/mod.Reanimation
d34d621dd9cd4b4bffec9fda8728c71b	0	66672	player	uade	Amos Music Bank	0	16862	8db2f12d	19f185b3	Nordlicht_SPIELE/Serie_21/Disk04/music2.abk
d34d621dd9cd4b4bffec9fda8728c71b	0	66672	player	uade	Amos Music Bank	0	16862	8db2f12d	19f185b3	Nordlicht_SPIELE/Serie_21/Disk04/Spiele_21_04.DMS/music2.abk
d3fe4866b80b2bcb233f58fdf981c3d1	1	92272	player	uade	Soundtracker II (31 instr.)	0	61880	fb1ebb36	03e8ccf7	Module/MoreMods/DELTA2.MOD
d42d2b53c113ba8ea00b6ff255728f66	0	315017	player	uade	Amos Music Bank	0	53844	e2016c5b	636680fd	Nordlicht_SPIELE/Serie_02/Disk04/SPIELE_02_04.DMS/Music.ABK
d5441129895fc8e7f8b7848745c9e69f	1	245893	player	uade	Noisetracker 1.x	0	189181	b7da1dce	1eaabc1b	Module/VARIOUS/THE_NEWS.MOD
d56c1b8e9a19ef8b5bff6521e9efc04f	1	180607	player	uade	Protracker compatible	0	49994	1a295511	2f4d057a	Archive/Verschiedenes/overlander.lha/OL-Tune2.mod
d56c1b8e9a19ef8b5bff6521e9efc04f	1	180607	player	uade	Protracker compatible	0	49994	1a295511	2f4d057a	Nordlicht_SPIELE/Serie_27/Disk02/OL-Tune2.mod
d56c1b8e9a19ef8b5bff6521e9efc04f	1	180607	player	uade	Protracker compatible	0	49994	1a295511	2f4d057a	Nordlicht_SPIELE/Serie_27/Disk02/Spiele_27_02.DMS/OL-Tune2.mod
d582092027cfdcfe3f5a2cc9a5d577fe	1	194678	silence	uade	Protracker	0	318218	639c3f6c	c322bab5	Module/MoreMods/DEFLORA.MOD
d68ae6788dd7dce975525d419537f48d	0	92272	player	uade	Amos Music Bank	0	18002	d009f497	07a47561	Archive/Action/AndroidArena.lha/Anardati03
d712b62b93f3ca52cb94846a1ad98a2a	1	152202	player+silence	uade	OctaMED MMD0	0	63016	36c02bb7	6057306b	Klassiker/Diverses/DRWHO.LHA/mod.game.song
d71aff3caa7ef153d5dba062ed4435e9	1	337833	player+silence	uade	Protracker	0	194732	962fc691	f54422f5	Module/Module1/mod.happyhouseanthem
d74919c2f2e776197734154ac47bdb67	0	112748	player	uade	Amos Music Bank	0	11400	9ea563b7	29760276	Nordlicht_SPIELE/Serie_23/Disk03/Music1
d74919c2f2e776197734154ac47bdb67	0	112748	player	uade	Amos Music Bank	0	11400	9ea563b7	29760276	Nordlicht_SPIELE/Serie_23/Disk03/Spiele_23_03.DMS/Music1
d7a625d58c05c7ca54108fadd19f9b91	1	38520	player	uade	P40A - P40B - P41A	0	46640	ab29571b	e842dd61	Module/Utilities/DELIPLAYERS/P4XX/MODULES/P40B.CIPHER
d83d80974ab3d17aad6f201b97b2b55a	1	246375	player	uade	Protracker	0	201236	d158e389	0b219c88	Nordlicht_SPIELE/Serie_17/Disk04/SPIELE_17_04.DMS/TetrisPro/Data Tetris
d83d80974ab3d17aad6f201b97b2b55a	1	246375	player	uade	Protracker	0	201236	d158e389	0b219c88	Nordlicht_SPIELE/Serie_17/Disk04/TetrisPro/Data Tetris
d8e36c581d7040a08d0ef82e9d552dc3	1	6952	player	uade	Protracker compatible	0	10984	8a431967	aa4e25f7	Nordlicht_SPIELE/Serie_22/Disk09/Spiele_22_09.DMS/Trax/DATA/SNG2
d8e36c581d7040a08d0ef82e9d552dc3	1	6952	player	uade	Protracker compatible	0	10984	8a431967	aa4e25f7	Nordlicht_SPIELE/Serie_22/Disk09/Trax/DATA/SNG2
d8f73c001b81566b2d17485afc2741e5	1	126004	player+silence	uade	Noisetracker 1.x	0	50816	7672d565	00d25556	Module/MoreMods/6.MOD
d94485a1ce9a1b58380c7e37215269f7	0	61568	player	uade	Amos Music Bank	0	27558	41ee4825	baec08f8	Archive/Jump&Run/Bucktoot.lzh/Bucktoothtitlemus.abk
d94485a1ce9a1b58380c7e37215269f7	0	61568	player	uade	Amos Music Bank	0	27558	41ee4825	baec08f8	Nordlicht_SPIELE/Serie_28/Disk03/Bucktoothtitlemus.abk
d94485a1ce9a1b58380c7e37215269f7	0	61568	player	uade	Amos Music Bank	0	27558	41ee4825	baec08f8	Nordlicht_SPIELE/Serie_28/Disk03/Spiele_28_03.DMS/Bucktoothtitlemus.abk
d99fa9b4d562b03f18cb04e47f235faf	1	127437	player	uade	Protracker	0	75446	66d2b389	49c55bd3	Module/MuchMods/ICEFLOW.MOD
dad57bf89526f75174d5b0e80978e026	1	141771	player+silence	uade	Protracker compatible	0	67274	ba22deeb	f67df254	RMS_Katalog/mod.air
dae9353b34426e3e9fe8e933038f814d	1	284052	player	uade	Protracker	0	340000	f9cee65b	a5eb6dce	Module/MoreMods/DASVIKIN.MOD
db18eb4a2354a253dbf718549f74872c	1	268921	player	uade	Protracker	0	123430	7e8c5c7f	12a3f047	Module/MoreMods/DASULTIM.MOD
db5fe470056ee366a5a0137f88b3ca64	1	161397	player	uade	Noisetracker 1.x	0	96520	63d804f6	0704dfc8	Module/MoreMods/DEFENDER.MOD
dbed93d88a325377e6a42332adc2168b	1	112769	player	uade	Soundtracker II (15 instr.)	0	25374	23ff64a7	37ff0114	Module/MuchMods/AWESOME4.MOD
dc5967177af039d716243a9a906c78d3	1	139571	player	ft2play	Fasttracker (M.K.)	4	91696	dde3a989	bb1fb444	Module/MoreMods/1STONEDN.MOD
dd5f0fe33dc04412cbbfbeb09e9789b6	1	103806	player	uade	Protracker compatible	0	110627	5c079d57	8847976d	Module/MuchMods/DREAM.MOD
dd99c576249dcb862de88cd8b6d21f40	1	241527	player+silence	uade	Protracker compatible	0	205088	1e86cad6	fb15aba9	Module/MoreMods/2ACID.MOD
ddb3b3251aa1940d761cefbc251d9f87	0	15492	player	uade	Amos Music Bank	0	25480	f79bea98	68b621a4	Nordlicht_SPIELE/Serie_12/Disk04/himusic.abk
ddb3b3251aa1940d761cefbc251d9f87	0	15492	player	uade	Amos Music Bank	0	25480	f79bea98	68b621a4	Nordlicht_SPIELE/Serie_12/Disk04/SPIELE_12_04.DMS/himusic.abk
ddba6606404f75e62947ca355ecb1d69	1	253480	player+silence	uade	Protracker compatible	0	123264	b84af2e3	c16378a1	Module/CLASSICS/ANDANTE.MOD
dddd2313813a80f70c9ced0efba56f6f	1	130974	player	uade	OctaMED MMD1	0	67226	2f5f3df8	7b987324	Klassiker/Denkspiele/BABYLON.LHA/Babylon/intro.med
dde0b74175c3f404927077850be5a327	0	31206	player	uade	Amos Music Bank	0	13458	3b9b00d0	5eeaba43	Archive/Denkspiele/Teil_6/chaneques_2.lha/CielitoLindo.abk
de9dd21343f82553ea9b22c43d4d2cde	1	153721	player	uade	Protracker	0	48552	cf072996	84c56e4e	Module/Module1/mod.fury.pyramid
dec66af8ec242c636d06e3c70778b54d	1	2511	player	uade	OctaMED MMD0	0	19552	8e8ddd9d	f82d14e8	Klassiker/JUMP_N_RUN/FRUITPANIC101.LHA/Fruit Panic/FPSongs
dec66af8ec242c636d06e3c70778b54d	1	2511	player	uade	OctaMED MMD0	0	19552	8e8ddd9d	f82d14e8	Nordlicht_SPIELE/Serie_17/Disk08/FruitPanic/FPSongs
dec66af8ec242c636d06e3c70778b54d	1	2511	player	uade	OctaMED MMD0	0	19552	8e8ddd9d	f82d14e8	Nordlicht_SPIELE/Serie_17/Disk08/SPIELE_17_08.DMS/FruitPanic/FPSongs
dec66af8ec242c636d06e3c70778b54d	2	5144	player
dec66af8ec242c636d06e3c70778b54d	3	7173	player
dfb79cf056bed643485d66c0245ede84	1	224139	player+silence	uade	Protracker	0	278436	afc42768	36bfcc34	Module/MoreMods/DATAERRO.MOD
e00913ca62f038bd74592838ee3c734e	0	23168	player	uade	Amos Music Bank	0	24134	659f99e8	31703fef	Archive/Verschiedenes/Rueda13e.lha/Rueda/DATA/music2.abk
e0622b626697e35fb293b3a09c8a05ec	1	226844	player	uade	Protracker compatible	0	125992	efe90483	ec322f42	Module/METAL/MOD.6
e10f70ca7d919804507294228c337546	1	81133	player+silence	uade	OctaMED MMD0	0	32390	0d4c3de0	cccaed00	Archive/Denkspiele/Teil_1/Boomfield.lha/BF_melody_M
e12300db6a8af23d6de68ceadb195e27	1	3355	player	uade	OctaMED MMD0	0	194752	d8569c9c	d68d78e7	Nordlicht_SPIELE/Serie_26/Disk10/Music
e12300db6a8af23d6de68ceadb195e27	1	3355	player	uade	OctaMED MMD0	0	194752	d8569c9c	d68d78e7	Nordlicht_SPIELE/Serie_26/Disk10/Spiele_26_10.DMS/Music
e136e58710e276dab5bd765f787a80c1	1	157217	player	uade	Protracker compatible	0	132650	8027fe96	e2d9e6b8	Module/MuchMods/LISTEN.MOD
e138931b4ff0543d2425ce788955076b	1	205624	player	uade	Protracker	0	408034	b6a5cf3a	ce7d85c7	Module/MoreMods/DEFLORAT.MOD
e186b706b1666fdec9a76aae0f61f456	0	174105	player+silence	libopenmpt	Game Music Creator	4	57746	305a44db	52943563	Nordlicht_SPIELE/Serie_29/Disk02/Music/Level5Music.DAT
e186b706b1666fdec9a76aae0f61f456	0	174105	player+silence	libopenmpt	Game Music Creator	4	57746	305a44db	52943563	Nordlicht_SPIELE/Serie_29/Disk02/Spiele_29_02.DMS/Music/Level5Music.DAT
e188b33630c2bb55bcd14742fbe649ff	1	204941	player	uade	Protracker compatible	0	126910	5085494c	d411441e	Module/MoreMods/DEMO_A.MOD
e1a14534daf8e1c364a2f4516538d2e3	0	141742	loop	uade	UADE	0	9736	31c2969c	09d9b627	Module/Utilities/ARCHIVES/Exotic214Intro.lha/Exotic214Intro/CUST.Exotic214Intro
e1cf6c324d429217241e9f3abd8dc44b	1	69224	player	uade	Protracker	0	37652	71b462e5	7cef12d7	Nordlicht_SPIELE/Serie_24/Disk06a/Spiele_24_06a.DMS/MOD.QuiZ
e24306aca2567206a848a6c45b65efe9	1	138369	player	uade	Soundtracker II (15 instr.)	0	67286	a29ca8d5	3b244043	Module/MoreMods/DEATHST.MOD
e25a72f974211162ecfde6c1fb79ad39	0	92272	player	uade	Amos Music Bank	0	21104	17dcf0bc	b9063a4b	Nordlicht_SPIELE/Serie_12/Disk04/music.abk
e25a72f974211162ecfde6c1fb79ad39	0	92272	player	uade	Amos Music Bank	0	21104	17dcf0bc	b9063a4b	Nordlicht_SPIELE/Serie_12/Disk04/SPIELE_12_04.DMS/music.abk
e29409d9faf92a112d2afc07414993c7	1	254232	player	uade	OctaMED MMD0	0	190842	bcd4b812	69675496	Archive/Denkspiele/Teil_4/Matix.lha/Melody1
e29409d9faf92a112d2afc07414993c7	1	254232	player	uade	OctaMED MMD0	0	190842	bcd4b812	69675496	Nordlicht_SPIELE/Serie_19/Disk01/Melody1
e29409d9faf92a112d2afc07414993c7	1	254232	player	uade	OctaMED MMD0	0	190842	bcd4b812	69675496	Nordlicht_SPIELE/Serie_19/Disk01/SPIELE_19_01.DMS/Melody1
e2ffc2d6e71c16a13a3dc03c995a1736	1	111483	player	uade	P40A - P40B - P41A	0	89646	1f0e28a6	36889d66	Module/Utilities/DELIPLAYERS/P4XX/MODULES/P40B.WDI.PP
e38898063f8edbed08999df7d86cad23	1	224674	player	uade	Protracker	0	222350	51c760f5	8b4a7461	Module/Module1/LIZARDKING's.mod
e38d92f04de5162cdff3c9f5a6ddb658	0	75474	player	uade	Amos Music Bank	0	128198	4a126b58	00383c5f	Archive/Denkspiele/Teil_6/chaneques_1.lha/sonido/Musica_final.abk
e3e6834638f4bccf7db4d457beacc551	1	61568	player	uade	Protracker compatible	0	94756	a2844cfa	7ee4908b	Module/MoreMods/DEEPSTOR.MOD
e3f56974dfd93e6bd2e660ee7dd7a5d2	0	7816	player	uade	Amos Music Bank	0	40064	7393fb7a	fd7006c7	Nordlicht_SPIELE/Serie_26/Disk07b/Spiele_26_07b.DMS/tuneSample2.Abk
e3f56974dfd93e6bd2e660ee7dd7a5d2	0	7816	player	uade	Amos Music Bank	0	40064	7393fb7a	fd7006c7	Nordlicht_SPIELE/Serie_26/Disk07b/tuneSample2.Abk
e4174cb9b8c46b40acd4f3c84076273e	1	122677	player	ft2play	Fasttracker (M.K.)	4	111700	74047250	fcf377d1	Module/MoreMods/7.MOD
e4e10ce7bda8f3dbafe0bf9571a4ed92	1	114316	player	uade	Protracker	0	56216	27303d87	8dd613f8	Module/Module1/mod.gedeon et barnabe
e5d22de54b684e5070bcaaf043082843	1	86525	player	uade	Protracker	0	139924	0a0a7863	579366e1	Module/MuchMods/FUCKITUP.MOD
e5ff56c4ef59524417b85074c8c11689	1	271481	player+silence	uade	Protracker	0	288004	1abfa811	95afc33d	Module/Module1/SpanishArmada.mod
e61dbac0f8ed7f571f3f0a58af2b261e	1	179272	player+silence	uade	MED4 (4ch)	0	71004	2958005f	25b5842b	Module/Module1/Mu?
e6f1aa6a455a68f04e756d2a0217b4c3	1	253569	player	uade	Protracker compatible	0	178776	f1bfd40a	7dae9379	Module/MoreMods/1989ANUM.MOD
e719605ba0d6d75a8d53bab4d206fbb1	1	84616	player	uade	Protracker	0	65008	817fd836	bc7d9ec0	Nordlicht_SPIELE/Serie_10/Disk02/MostaresII/mod.3
e719605ba0d6d75a8d53bab4d206fbb1	1	84616	player	uade	Protracker	0	65008	817fd836	bc7d9ec0	Nordlicht_SPIELE/Serie_10/Disk02/SPIELE_10_02.DMS/MostaresII/mod.3
e72b50f677a2d6bb57e61604a3845550	1	161397	player	uade	Protracker	0	164366	74ea4896	60c4f18c	Nordlicht_SPIELE/Serie_10/Disk04/SPIELE_10_04.DMS/mod.bass_2.mod
e84c22e0b600c3c2e6456a2e13f5c268	1	215981	player+silence	uade	Protracker	0	166470	4f866d25	3e60ff91	Module/Module1/mod.nasty funk
e853c818559f0faaac1e4ed8381887a8	1	122997	player	uade	Protracker	0	181196	96694e5c	ac933712	Module/MuchMods/EMOTIONS.MOD
e88e64e3d2a947bf0657c41753ac9ce5	1	18044	player	uade	Startrekker (4ch)	0	49152	f2100adb	484210e8	Module/MoreMods/DELA.MOD
e97571601d29fd5931c246346d8ee537	1	96435	player+silence	uade	OctaMED MMD0	0	75134	b06eaffc	239bcb70	Archive/Verschiedenes/FarWest2.lha/DC
e97571601d29fd5931c246346d8ee537	1	96435	player+silence	uade	OctaMED MMD0	0	75134	b06eaffc	239bcb70	Nordlicht_SPIELE/Serie_27/Disk10b/DC
e97571601d29fd5931c246346d8ee537	1	96435	player+silence	uade	OctaMED MMD0	0	75134	b06eaffc	239bcb70	Nordlicht_SPIELE/Serie_27/Disk10b/Spiele_27_10b.DMS/DC
ea2142f7f4fe6b8cc711e9a0349b0130	1	138369	player	uade	Protracker	0	119156	762743a2	a6f3c81c	Module/MoreMods/DARKDAN.MOD
ea665ac842ed72124a61f01e38727943	1	115321	player	uade	Protracker	0	126566	1104daca	3d8665bc	Module/MoreMods/DANCELSD.MOD
ea952cabf8afe5d82e16f30f782d2ff5	1	161397	player	uade	Protracker compatible	0	284728	aa1cdc17	f31cd863	Action/MegaBall/MegaBall.Music
ea952cabf8afe5d82e16f30f782d2ff5	1	161397	player	uade	Protracker compatible	0	284728	aa1cdc17	f31cd863	Archive/Action/MegaBall.lha/megaball/MegaBall.Music
ea952cabf8afe5d82e16f30f782d2ff5	1	161397	player	uade	Protracker compatible	0	284728	aa1cdc17	f31cd863	Archive/Verschiedenes/MBall21.lha/MegaBall/MegaBall.Music
ea952cabf8afe5d82e16f30f782d2ff5	1	161397	player	uade	Protracker compatible	0	284728	aa1cdc17	f31cd863	Klassiker/Diverses/MBALL21.LHA/MegaBall/MegaBall.Music
ea9ae9303d368ecd555b3a27604e589f	1	193105	player	uade	Protracker	0	534088	71d9bf5a	8907794f	Module/MuchMods/SHOCK.MOD
eb08fbe7431030953222da0ab3b563e6	1	297093	player+volume	uade	Protracker	0	341918	7b01de94	ffcd27db	Module/MoreMods/50FTDRUM.MOD
eb1706a9c1f944196b3c9644172fd21e	1	247407	player+volume	uade	OctaMED MMD1	0	445172	2f891f6e	76b9711f	Module/MoreMods/DAWNTODU.MOD
eb5f36b4f10aa1f91a2e657a3f8875f7	1	276116	silence	uade	Protracker compatible	0	176900	c8a8edde	fc16d531	Module/MoreMods/DEMOCOMP.MOD
eb7b2da10c3450746c3a75a701b1165c	1	119179	player	uade	Protracker	0	114752	685a02d9	e16fb659	Module/MuchMods/NATURAL.MOD
ebf443eb1c6209ca08a5aad623e43868	0	76920	player	uade	Amos Music Bank	0	22104	6a4391be	f6c6b29b	Klassiker/Diverses/FIREBALL.DMS/Music/Rock2.Abk
ebf443eb1c6209ca08a5aad623e43868	0	76920	player	uade	Amos Music Bank	0	22104	6a4391be	f6c6b29b	Klassiker/Diverses/FIREBALL.LHA/Rock2.Abk
ebf443eb1c6209ca08a5aad623e43868	0	76920	player	uade	Amos Music Bank	0	22104	6a4391be	f6c6b29b	Nordlicht_SPIELE/Serie_25/Disk08/music/Rock2.Abk
ebf443eb1c6209ca08a5aad623e43868	0	76920	player	uade	Amos Music Bank	0	22104	6a4391be	f6c6b29b	Nordlicht_SPIELE/Serie_25/Disk08/Spiele_25_08.DMS/music/Rock2.Abk
ec8f59a0e9ec4b5c4bed2caa281373d5	1	184445	player	uade	Noisetracker 1.x	0	392656	fa3ca7a4	17165e1d	Module/MoreMods/DDR.MOD
ed02b2d61559abd7e225cfbc22f91c50	1	99968	player	uade	Soundtracker II (31 instr.)	0	61952	1c42e558	b099e973	Module/CLASSICS/FLANDIA.MOD
ed1dc2a08d78e2bbe193d1881392b1bb	0	168708	player	libopenmpt	SoundTracker 2.0 / D.O.C. SoundTracker II	4	18692	00b931e7	647826ff	Archive/Verschiedenes/FarWest1.lha/AH
ed1dc2a08d78e2bbe193d1881392b1bb	0	168708	player	libopenmpt	SoundTracker 2.0 / D.O.C. SoundTracker II	4	18692	00b931e7	647826ff	Archive/Verschiedenes/FarWest2.lha/AH
ed1dc2a08d78e2bbe193d1881392b1bb	0	168708	player	libopenmpt	SoundTracker 2.0 / D.O.C. SoundTracker II	4	18692	00b931e7	647826ff	Nordlicht_SPIELE/Serie_27/Disk10a/AH
ed1dc2a08d78e2bbe193d1881392b1bb	0	168708	player	libopenmpt	SoundTracker 2.0 / D.O.C. SoundTracker II	4	18692	00b931e7	647826ff	Nordlicht_SPIELE/Serie_27/Disk10a/Spiele_27_10a.DMS/AH
ed1dc2a08d78e2bbe193d1881392b1bb	0	168708	player	libopenmpt	SoundTracker 2.0 / D.O.C. SoundTracker II	4	18692	00b931e7	647826ff	Nordlicht_SPIELE/Serie_27/Disk10b/AH
ed1dc2a08d78e2bbe193d1881392b1bb	0	168708	player	libopenmpt	SoundTracker 2.0 / D.O.C. SoundTracker II	4	18692	00b931e7	647826ff	Nordlicht_SPIELE/Serie_27/Disk10b/Spiele_27_10b.DMS/AH
ed2beaee258e54016bbca725c1d05847	1	198993	player	uade	Protracker	0	150744	80a0ef92	31be1252	Module/MuchMods/JESUS10.MOD
ed4a7cda6b8be6666e625b4e8bb2a090	1	229420	player+silence	uade	Protracker	0	709832	edb4a09c	4592cfd8	Module/Module1/Dance_now.pt
ee0c1a309c1a5d12369ad502294ce463	1	122997	player	uade	Protracker	0	139338	647273a8	8cf3c3dc	Nordlicht_SPIELE/Serie_10/Disk02/MostaresII/mod.1
ee0c1a309c1a5d12369ad502294ce463	1	122997	player	uade	Protracker	0	139338	647273a8	8cf3c3dc	Nordlicht_SPIELE/Serie_10/Disk02/SPIELE_10_02.DMS/MostaresII/mod.1
ee1bcd004b4e94a47e4ef0c343bee6bf	1	76920	player	uade	Noisetracker 1.x	0	22100	3ca594ef	5c747bac	Module/MoreMods/808.MOD
eec0680cc6e07d0a5979da8449edcbb4	1	141162	player	uade	Protracker compatible	0	65112	da61a95c	66013d13	Module/MuchMods/AWESOME3.MOD
eedd62cf2dde268042f192d1f3897fb5	1	172931	player	uade	Protracker compatible	0	87444	1b0cd5b1	2ddd8781	Module/MoreMods/2NDDESER.MOD
ef7473e92ac44e20962c35ff76b5bc10	1	170379	player	uade	Protracker	0	127840	1f94e8fd	a0a56df1	Module/MoreMods/DARKMOON.MOD
ef8a459bc3b918cf2057ddc13b08cd8c	1	143493	player	uade	Protracker	0	59904	69874676	a090f69e	Nordlicht_SPIELE/Serie_19/Disk05/muzak/title.mod
ef8a459bc3b918cf2057ddc13b08cd8c	1	143493	player	uade	Protracker	0	59904	69874676	a090f69e	Nordlicht_SPIELE/Serie_19/Disk05/SPIELE_19_05.DMS/muzak/title.mod
ef8a459bc3b918cf2057ddc13b08cd8c	1	143493	player	uade	Protracker	0	59904	69874676	a090f69e	Werbespiele/HeliMission.DMS/muzak/title.mod
ef9255bf522bc46be2aa10000b29149d	1	0	error	uade	Protracker	0	17960	770dad74	3893d282	Module/Utilities/OPTIMOD/OPTIMOD
ef9255bf522bc46be2aa10000b29149d	10	0	error
ef9255bf522bc46be2aa10000b29149d	100	0	error
ef9255bf522bc46be2aa10000b29149d	101	0	error
ef9255bf522bc46be2aa10000b29149d	102	0	error
ef9255bf522bc46be2aa10000b29149d	103	0	error
ef9255bf522bc46be2aa10000b29149d	104	0	error
ef9255bf522bc46be2aa10000b29149d	105	0	error
ef9255bf522bc46be2aa10000b29149d	106	0	error
ef9255bf522bc46be2aa10000b29149d	107	0	error
ef9255bf522bc46be2aa10000b29149d	108	0	error
ef9255bf522bc46be2aa10000b29149d	109	0	error
ef9255bf522bc46be2aa10000b29149d	11	0	error
ef9255bf522bc46be2aa10000b29149d	110	0	error
ef9255bf522bc46be2aa10000b29149d	111	0	error
ef9255bf522bc46be2aa10000b29149d	112	0	error
ef9255bf522bc46be2aa10000b29149d	113	0	error
ef9255bf522bc46be2aa10000b29149d	114	0	error
ef9255bf522bc46be2aa10000b29149d	115	0	error
ef9255bf522bc46be2aa10000b29149d	116	0	error
ef9255bf522bc46be2aa10000b29149d	117	0	error
ef9255bf522bc46be2aa10000b29149d	118	0	error
ef9255bf522bc46be2aa10000b29149d	119	0	error
ef9255bf522bc46be2aa10000b29149d	12	0	error
ef9255bf522bc46be2aa10000b29149d	120	0	error
ef9255bf522bc46be2aa10000b29149d	121	0	error
ef9255bf522bc46be2aa10000b29149d	122	0	error
ef9255bf522bc46be2aa10000b29149d	123	0	error
ef9255bf522bc46be2aa10000b29149d	124	0	error
ef9255bf522bc46be2aa10000b29149d	125	0	error
ef9255bf522bc46be2aa10000b29149d	126	0	error
ef9255bf522bc46be2aa10000b29149d	127	0	error
ef9255bf522bc46be2aa10000b29149d	128	0	error
ef9255bf522bc46be2aa10000b29149d	129	0	error
ef9255bf522bc46be2aa10000b29149d	13	0	error
ef9255bf522bc46be2aa10000b29149d	130	0	error
ef9255bf522bc46be2aa10000b29149d	131	0	error
ef9255bf522bc46be2aa10000b29149d	132	0	error
ef9255bf522bc46be2aa10000b29149d	133	0	error
ef9255bf522bc46be2aa10000b29149d	134	0	error
ef9255bf522bc46be2aa10000b29149d	135	0	error
ef9255bf522bc46be2aa10000b29149d	136	0	error
ef9255bf522bc46be2aa10000b29149d	137	0	error
ef9255bf522bc46be2aa10000b29149d	138	0	error
ef9255bf522bc46be2aa10000b29149d	139	0	error
ef9255bf522bc46be2aa10000b29149d	14	0	error
ef9255bf522bc46be2aa10000b29149d	140	0	error
ef9255bf522bc46be2aa10000b29149d	141	0	error
ef9255bf522bc46be2aa10000b29149d	142	0	error
ef9255bf522bc46be2aa10000b29149d	143	0	error
ef9255bf522bc46be2aa10000b29149d	144	0	error
ef9255bf522bc46be2aa10000b29149d	145	0	error
ef9255bf522bc46be2aa10000b29149d	146	0	error
ef9255bf522bc46be2aa10000b29149d	147	0	error
ef9255bf522bc46be2aa10000b29149d	148	0	error
ef9255bf522bc46be2aa10000b29149d	149	0	error
ef9255bf522bc46be2aa10000b29149d	15	0	error
ef9255bf522bc46be2aa10000b29149d	150	0	error
ef9255bf522bc46be2aa10000b29149d	151	0	error
ef9255bf522bc46be2aa10000b29149d	152	0	error
ef9255bf522bc46be2aa10000b29149d	153	0	error
ef9255bf522bc46be2aa10000b29149d	154	0	error
ef9255bf522bc46be2aa10000b29149d	155	0	error
ef9255bf522bc46be2aa10000b29149d	156	0	error
ef9255bf522bc46be2aa10000b29149d	157	0	error
ef9255bf522bc46be2aa10000b29149d	158	0	error
ef9255bf522bc46be2aa10000b29149d	159	0	error
ef9255bf522bc46be2aa10000b29149d	16	0	error
ef9255bf522bc46be2aa10000b29149d	160	0	error
ef9255bf522bc46be2aa10000b29149d	161	0	error
ef9255bf522bc46be2aa10000b29149d	162	0	error
ef9255bf522bc46be2aa10000b29149d	163	0	error
ef9255bf522bc46be2aa10000b29149d	164	0	error
ef9255bf522bc46be2aa10000b29149d	165	0	error
ef9255bf522bc46be2aa10000b29149d	166	0	error
ef9255bf522bc46be2aa10000b29149d	167	0	error
ef9255bf522bc46be2aa10000b29149d	168	0	error
ef9255bf522bc46be2aa10000b29149d	169	0	error
ef9255bf522bc46be2aa10000b29149d	17	0	error
ef9255bf522bc46be2aa10000b29149d	170	0	error
ef9255bf522bc46be2aa10000b29149d	171	0	error
ef9255bf522bc46be2aa10000b29149d	172	0	error
ef9255bf522bc46be2aa10000b29149d	173	0	error
ef9255bf522bc46be2aa10000b29149d	174	0	error
ef9255bf522bc46be2aa10000b29149d	175	0	error
ef9255bf522bc46be2aa10000b29149d	176	0	error
ef9255bf522bc46be2aa10000b29149d	177	0	error
ef9255bf522bc46be2aa10000b29149d	178	0	error
ef9255bf522bc46be2aa10000b29149d	179	0	error
ef9255bf522bc46be2aa10000b29149d	18	0	error
ef9255bf522bc46be2aa10000b29149d	180	0	error
ef9255bf522bc46be2aa10000b29149d	181	0	error
ef9255bf522bc46be2aa10000b29149d	182	0	error
ef9255bf522bc46be2aa10000b29149d	183	0	error
ef9255bf522bc46be2aa10000b29149d	184	0	error
ef9255bf522bc46be2aa10000b29149d	185	0	error
ef9255bf522bc46be2aa10000b29149d	186	0	error
ef9255bf522bc46be2aa10000b29149d	187	0	error
ef9255bf522bc46be2aa10000b29149d	188	0	error
ef9255bf522bc46be2aa10000b29149d	189	0	error
ef9255bf522bc46be2aa10000b29149d	19	0	error
ef9255bf522bc46be2aa10000b29149d	190	0	error
ef9255bf522bc46be2aa10000b29149d	191	0	error
ef9255bf522bc46be2aa10000b29149d	192	0	error
ef9255bf522bc46be2aa10000b29149d	193	0	error
ef9255bf522bc46be2aa10000b29149d	194	0	error
ef9255bf522bc46be2aa10000b29149d	195	0	error
ef9255bf522bc46be2aa10000b29149d	196	0	error
ef9255bf522bc46be2aa10000b29149d	197	0	error
ef9255bf522bc46be2aa10000b29149d	198	0	error
ef9255bf522bc46be2aa10000b29149d	199	0	error
ef9255bf522bc46be2aa10000b29149d	2	0	error
ef9255bf522bc46be2aa10000b29149d	20	0	error
ef9255bf522bc46be2aa10000b29149d	200	0	error
ef9255bf522bc46be2aa10000b29149d	201	0	error
ef9255bf522bc46be2aa10000b29149d	202	0	error
ef9255bf522bc46be2aa10000b29149d	203	0	error
ef9255bf522bc46be2aa10000b29149d	204	0	error
ef9255bf522bc46be2aa10000b29149d	205	0	error
ef9255bf522bc46be2aa10000b29149d	206	0	error
ef9255bf522bc46be2aa10000b29149d	207	0	error
ef9255bf522bc46be2aa10000b29149d	208	0	error
ef9255bf522bc46be2aa10000b29149d	209	0	error
ef9255bf522bc46be2aa10000b29149d	21	0	error
ef9255bf522bc46be2aa10000b29149d	210	0	error
ef9255bf522bc46be2aa10000b29149d	211	0	error
ef9255bf522bc46be2aa10000b29149d	212	0	error
ef9255bf522bc46be2aa10000b29149d	213	0	error
ef9255bf522bc46be2aa10000b29149d	214	0	error
ef9255bf522bc46be2aa10000b29149d	215	0	error
ef9255bf522bc46be2aa10000b29149d	216	0	error
ef9255bf522bc46be2aa10000b29149d	217	0	error
ef9255bf522bc46be2aa10000b29149d	218	0	error
ef9255bf522bc46be2aa10000b29149d	219	0	error
ef9255bf522bc46be2aa10000b29149d	22	0	error
ef9255bf522bc46be2aa10000b29149d	220	0	error
ef9255bf522bc46be2aa10000b29149d	221	0	error
ef9255bf522bc46be2aa10000b29149d	222	0	error
ef9255bf522bc46be2aa10000b29149d	223	0	error
ef9255bf522bc46be2aa10000b29149d	224	0	error
ef9255bf522bc46be2aa10000b29149d	225	0	error
ef9255bf522bc46be2aa10000b29149d	226	0	error
ef9255bf522bc46be2aa10000b29149d	227	0	error
ef9255bf522bc46be2aa10000b29149d	228	0	error
ef9255bf522bc46be2aa10000b29149d	229	0	error
ef9255bf522bc46be2aa10000b29149d	23	0	error
ef9255bf522bc46be2aa10000b29149d	230	0	error
ef9255bf522bc46be2aa10000b29149d	231	0	error
ef9255bf522bc46be2aa10000b29149d	232	0	error
ef9255bf522bc46be2aa10000b29149d	233	0	error
ef9255bf522bc46be2aa10000b29149d	234	0	error
ef9255bf522bc46be2aa10000b29149d	235	0	error
ef9255bf522bc46be2aa10000b29149d	236	0	error
ef9255bf522bc46be2aa10000b29149d	237	0	error
ef9255bf522bc46be2aa10000b29149d	238	0	error
ef9255bf522bc46be2aa10000b29149d	239	0	error
ef9255bf522bc46be2aa10000b29149d	24	0	error
ef9255bf522bc46be2aa10000b29149d	240	0	error
ef9255bf522bc46be2aa10000b29149d	241	0	error
ef9255bf522bc46be2aa10000b29149d	242	0	error
ef9255bf522bc46be2aa10000b29149d	243	0	error
ef9255bf522bc46be2aa10000b29149d	244	0	error
ef9255bf522bc46be2aa10000b29149d	245	0	error
ef9255bf522bc46be2aa10000b29149d	246	0	error
ef9255bf522bc46be2aa10000b29149d	247	0	error
ef9255bf522bc46be2aa10000b29149d	248	0	error
ef9255bf522bc46be2aa10000b29149d	249	0	error
ef9255bf522bc46be2aa10000b29149d	25	0	error
ef9255bf522bc46be2aa10000b29149d	250	0	error
ef9255bf522bc46be2aa10000b29149d	251	0	error
ef9255bf522bc46be2aa10000b29149d	252	0	error
ef9255bf522bc46be2aa10000b29149d	253	0	error
ef9255bf522bc46be2aa10000b29149d	254	0	error
ef9255bf522bc46be2aa10000b29149d	255	0	error
ef9255bf522bc46be2aa10000b29149d	26	0	error
ef9255bf522bc46be2aa10000b29149d	27	0	error
ef9255bf522bc46be2aa10000b29149d	28	0	error
ef9255bf522bc46be2aa10000b29149d	29	0	error
ef9255bf522bc46be2aa10000b29149d	3	0	error
ef9255bf522bc46be2aa10000b29149d	30	0	error
ef9255bf522bc46be2aa10000b29149d	31	0	error
ef9255bf522bc46be2aa10000b29149d	32	0	error
ef9255bf522bc46be2aa10000b29149d	33	0	error
ef9255bf522bc46be2aa10000b29149d	34	0	error
ef9255bf522bc46be2aa10000b29149d	35	0	error
ef9255bf522bc46be2aa10000b29149d	36	0	error
ef9255bf522bc46be2aa10000b29149d	37	0	error
ef9255bf522bc46be2aa10000b29149d	38	0	error
ef9255bf522bc46be2aa10000b29149d	39	0	error
ef9255bf522bc46be2aa10000b29149d	4	0	error
ef9255bf522bc46be2aa10000b29149d	40	0	error
ef9255bf522bc46be2aa10000b29149d	41	0	error
ef9255bf522bc46be2aa10000b29149d	42	0	error
ef9255bf522bc46be2aa10000b29149d	43	0	error
ef9255bf522bc46be2aa10000b29149d	44	0	error
ef9255bf522bc46be2aa10000b29149d	45	0	error
ef9255bf522bc46be2aa10000b29149d	46	0	error
ef9255bf522bc46be2aa10000b29149d	47	0	error
ef9255bf522bc46be2aa10000b29149d	48	0	error
ef9255bf522bc46be2aa10000b29149d	49	0	error
ef9255bf522bc46be2aa10000b29149d	5	0	error
ef9255bf522bc46be2aa10000b29149d	50	0	error
ef9255bf522bc46be2aa10000b29149d	51	0	error
ef9255bf522bc46be2aa10000b29149d	52	0	error
ef9255bf522bc46be2aa10000b29149d	53	0	error
ef9255bf522bc46be2aa10000b29149d	54	0	error
ef9255bf522bc46be2aa10000b29149d	55	0	error
ef9255bf522bc46be2aa10000b29149d	56	0	error
ef9255bf522bc46be2aa10000b29149d	57	0	error
ef9255bf522bc46be2aa10000b29149d	58	0	error
ef9255bf522bc46be2aa10000b29149d	59	0	error
ef9255bf522bc46be2aa10000b29149d	6	0	error
ef9255bf522bc46be2aa10000b29149d	60	0	error
ef9255bf522bc46be2aa10000b29149d	61	0	error
ef9255bf522bc46be2aa10000b29149d	62	0	error
ef9255bf522bc46be2aa10000b29149d	63	0	error
ef9255bf522bc46be2aa10000b29149d	64	0	error
ef9255bf522bc46be2aa10000b29149d	65	0	error
ef9255bf522bc46be2aa10000b29149d	66	0	error
ef9255bf522bc46be2aa10000b29149d	67	0	error
ef9255bf522bc46be2aa10000b29149d	68	0	error
ef9255bf522bc46be2aa10000b29149d	69	0	error
ef9255bf522bc46be2aa10000b29149d	7	0	error
ef9255bf522bc46be2aa10000b29149d	70	0	error
ef9255bf522bc46be2aa10000b29149d	71	0	error
ef9255bf522bc46be2aa10000b29149d	72	0	error
ef9255bf522bc46be2aa10000b29149d	73	0	error
ef9255bf522bc46be2aa10000b29149d	74	0	error
ef9255bf522bc46be2aa10000b29149d	75	0	error
ef9255bf522bc46be2aa10000b29149d	76	0	error
ef9255bf522bc46be2aa10000b29149d	77	0	error
ef9255bf522bc46be2aa10000b29149d	78	0	error
ef9255bf522bc46be2aa10000b29149d	79	0	error
ef9255bf522bc46be2aa10000b29149d	8	0	error
ef9255bf522bc46be2aa10000b29149d	80	0	error
ef9255bf522bc46be2aa10000b29149d	81	0	error
ef9255bf522bc46be2aa10000b29149d	82	0	error
ef9255bf522bc46be2aa10000b29149d	83	0	error
ef9255bf522bc46be2aa10000b29149d	84	0	error
ef9255bf522bc46be2aa10000b29149d	85	0	error
ef9255bf522bc46be2aa10000b29149d	86	0	error
ef9255bf522bc46be2aa10000b29149d	87	0	error
ef9255bf522bc46be2aa10000b29149d	88	0	error
ef9255bf522bc46be2aa10000b29149d	89	0	error
ef9255bf522bc46be2aa10000b29149d	9	0	error
ef9255bf522bc46be2aa10000b29149d	90	0	error
ef9255bf522bc46be2aa10000b29149d	91	0	error
ef9255bf522bc46be2aa10000b29149d	92	0	error
ef9255bf522bc46be2aa10000b29149d	93	0	error
ef9255bf522bc46be2aa10000b29149d	94	0	error
ef9255bf522bc46be2aa10000b29149d	95	0	error
ef9255bf522bc46be2aa10000b29149d	96	0	error
ef9255bf522bc46be2aa10000b29149d	97	0	error
ef9255bf522bc46be2aa10000b29149d	98	0	error
ef9255bf522bc46be2aa10000b29149d	99	0	error
f051713232f45e29f82ae77729b91479	1	69064	player	uade	Protracker compatible	0	106660	f5f5f1d8	72dbf4d6	Module/MoreMods/DALEY.MOD
f0d43d274d446e56d17994f04d77dd34	0	46196	player	uade	Amos Music Bank	0	68306	84c59f78	0c1dccaf	Nordlicht_SPIELE/Serie_27/Disk07/music.abk
f0d43d274d446e56d17994f04d77dd34	0	46196	player	uade	Amos Music Bank	0	68306	84c59f78	0c1dccaf	Nordlicht_SPIELE/Serie_27/Disk07/Spiele_27_07.DMS/music.abk
f168a9edf3fd7708fb359fa1d5b904d4	1	226020	player	uade	STK_2.6 - IceTracker	0	76910	c413a1f6	6af0a299	Module/MuchMods/RAINBOW.MOD
f1944d8affe8a58311d703057b59bcd7	0	61830	player	uade	IFF EMOD	0	39490	c569abf2	63beffd6	Module/Utilities/ARCHIVES/QuadraComp.lha/QuadraComp/QuadraComp.lha/QuadraComp/Modules/SynthCorn.EMOD
f1b887b3f607e02cd6825c319191b9aa	1	120123	player	uade	Protracker	0	136660	77db1344	a240b9b9	Module/MuchMods/ODYSSEY3.MOD
f1d6e71fe5f2acf77f8b2a3f3ad013f8	1	47000	player	uade	OctaMED MMD1	0	123834	04080278	06ccede9	Archive/Denkspiele/Teil_3/MasterMind.lha/mastermind/data
f1d6e71fe5f2acf77f8b2a3f3ad013f8	1	47000	player	uade	OctaMED MMD1	0	123834	04080278	06ccede9	Denkspiele/MasterMind/data
f1d6e71fe5f2acf77f8b2a3f3ad013f8	2	5525	player
f1fbc2e4003737727460cf799da4deb8	1	9424	player	uade	OctaMED MMD1	0	92112	0f2246da	fd99c272	Action/MegaBall3/MB_Music/YourGameIsPaused
f208542f22d64b3bc35d63d73ef057a1	0	7816	player	uade	Amos Music Bank	0	82934	0f18c8b3	c34957f7	Nordlicht_SPIELE/Serie_26/Disk07a/Neighsong.abk
f208542f22d64b3bc35d63d73ef057a1	0	7816	player	uade	Amos Music Bank	0	82934	0f18c8b3	c34957f7	Nordlicht_SPIELE/Serie_26/Disk07a/Spiele_26_07a.DMS/Neighsong.abk
f29568d887825bad5f13bba3e5b89ab7	1	61568	player	uade	Protracker	0	64620	1333bb67	4681b238	Nordlicht_SPIELE/Serie_03/Disk19/Kutesy
f29568d887825bad5f13bba3e5b89ab7	1	61568	player	uade	Protracker	0	64620	1333bb67	4681b238	Nordlicht_SPIELE/Serie_03/Disk19/SPIELE_03_19.DMS/Kutesy
f2c95158e64b97943df2a4e91c1a675d	0	45955	player	uade	MusicMaker4	0	665	b0a16def	7e45d3fb	Archive/Strategie/Phone.lha/phone/Guitars.sdata
f2c95158e64b97943df2a4e91c1a675d	0	45955	player	uade	MusicMaker4	0	665	b0a16def	7e45d3fb	Strategie/Phone/Guitars.sdata
f2e11720fc1f4b4dc42bf5ae16d3f817	1	130693	player	uade	Soundtracker II (15 instr.)	0	62160	cfa8978e	8648b9b1	Action/Rescue/Rescue.Song4
f2e11720fc1f4b4dc42bf5ae16d3f817	1	130693	player	uade	Soundtracker II (15 instr.)	0	62160	cfa8978e	8648b9b1	Archive/Action/Rescue.lha/rescue/Rescue.Song4
f306f247f9d6c27bdd4f7f97fed6dcf6	1	145244	player+silence	uade	Protracker	0	155640	1ff0598c	935a2c1f	Module/MoreMods/DATONICS.MOD
f334788625060a24228b64b7b1f4b4d4	0	130673	player	uade	Amos Music Bank	0	59676	cd8093bb	6d123f47	Nordlicht_SPIELE/Serie_01/Disk08/SPIELE_01_08.DMS/MUSIC1.Abk
f39180d7f9b35b7eaa42d8eb8b68d87b	1	30824	player	uade	Protracker	0	17290	7e797076	2b6ee63c	Nordlicht_SPIELE/Serie_30/Disk04/NL_Spiele_30_04.DMS/ORdatas/MUX2.DAT
f39180d7f9b35b7eaa42d8eb8b68d87b	1	30824	player	uade	Protracker	0	17290	7e797076	2b6ee63c	Nordlicht_SPIELE/Serie_30/Disk04/ORdatas/MUX2.DAT
f3b1b5ae2c4872b3e4dd65af5d725323	1	7796	player	uade	Protracker	0	2140	0157e57c	771e995d	Module/Utilities/ARCHIVES/amos_modplay3.lha/modules/mod.micro
f3c55081bcfa5762233154adff1d4c84	1	224674	player	uade	Protracker	0	222350	e2272fbf	9cb68f2c	Module/MuchMods/VARANEN.MOD
f4158cd8552eeb657ee3b0ab162330c5	0	167807	player	uade	Amos Music Bank	0	86754	04357188	5a043624	Denkspiele/Scrabble/sound/tune
f446a3f000a99269aca4466d83ccaff4	0	76920	player	uade	Amos Music Bank	0	23974	51746b12	f3525d94	Nordlicht_SPIELE/Serie_23/Disk06/music/slime_music2.abk
f446a3f000a99269aca4466d83ccaff4	0	76920	player	uade	Amos Music Bank	0	23974	51746b12	f3525d94	Nordlicht_SPIELE/Serie_23/Disk06/Spiele_23_06.DMS/music/slime_music2.abk
f454e3e35a7bdeddc36278bff298059a	1	403734	player	uade	Protracker	0	831328	be0a6b22	41d2a4fd	Module/Module1/mod.Don't Be Proud
f472d4dbda8982748c486dbb28e3f87a	1	342856	player+silence	uade	OctaMED MMD0	0	186932	8265d741	d0cc0ee5	Archive/Denkspiele/Teil_5/ShuffleRun.DMS/Underground.song
f472d4dbda8982748c486dbb28e3f87a	1	342856	player+silence	uade	OctaMED MMD0	0	186932	8265d741	d0cc0ee5	Denkspiele/ShuffleRun/Underground.song
f580d2eae8b9b023eed59c0b945f44c6	1	276597	player	uade	Protracker compatible	0	100576	6032f06f	369738fa	Nordlicht_SPIELE/Serie_28/Disk05/AdvMD/Snds/mod.AdvMDintro
f580d2eae8b9b023eed59c0b945f44c6	1	276597	player	uade	Protracker compatible	0	100576	6032f06f	369738fa	Nordlicht_SPIELE/Serie_28/Disk05/Spiele_28_05.DMS/AdvMD/Snds/mod.AdvMDintro
f580d2eae8b9b023eed59c0b945f44c6	1	276597	player	uade	Protracker compatible	0	100576	6032f06f	369738fa	Strategie/AdventureMiniDash/Snds/mod.AdvMDintro
f591d1eb7a46aefbc17bff5daa5e4aba	1	224101	player+volume	uade	Protracker	0	166100	2a30e2fe	adb475d3	Module/Module1/mod.GryFunk_is_a_Fact
f5b042a20bec1227a03df94b4b7f4c81	0	61568	player	uade	Amos Music Bank	0	151244	72b4fe62	5fba4d1e	Nordlicht_SPIELE/Serie_04/Disk08/SPIELE_04_08.DMS/music.abk
f5ba16647a6fb04ec72b35010c2dd590	1	333966	player	uade	Protracker	0	187012	95b086c2	67af2689	Module/MuchMods/ENIGMA.MOD
f5e31cd5f14f303391f98a541bb02539	1	153721	player	uade	Protracker compatible	0	130089	ce91fc7b	0da8e891	Module/MoreMods/DARK1.MOD
f637d43efec6d6f14cd44fadb227f327	1	115321	player	uade	Protracker compatible	0	63078	8b46a24a	b6f28383	Module/Module1/TechnoBable.mod
f671933048f32ce08628fb02e6bfcc22	0	123017	player	uade	Amos Music Bank	0	44642	82667955	18465008	Nordlicht_SPIELE/Serie_21/Disk02/megamusic.abk
f671933048f32ce08628fb02e6bfcc22	0	123017	player	uade	Amos Music Bank	0	44642	82667955	18465008	Nordlicht_SPIELE/Serie_21/Disk02/Spiele_21_02.DMS/megamusic.abk
f671933048f32ce08628fb02e6bfcc22	0	123017	player	uade	Amos Music Bank	0	44642	82667955	18465008	Nordlicht_SPIELE/Serie_25/Disk10/Megamusic.abk
f671933048f32ce08628fb02e6bfcc22	0	123017	player	uade	Amos Music Bank	0	44642	82667955	18465008	Nordlicht_SPIELE/Serie_25/Disk10/Spiele_25_10.DMS/Megamusic.abk
f71bed9d52d3f90b5042b877858e43f8	1	53872	player	uade	Protracker compatible	0	62990	1c2d22e7	d366f433	Module/Module1/Bass_it_up.mod
f73def5bea3c79e41c499507771770e5	1	169093	player	uade	Protracker	0	92592	e38519b4	5be98af9	Module/MuchMods/JESUSEND.MOD
f754064c4b3ad856d2a0280f354f56da	1	213481	player	uade	Protracker	0	132236	81fbee59	cecdf90d	Module/Module1/mod.messe_nere
f7af01dc64e16e9d6967843d3f13e07d	1	46216	player	uade	Protracker compatible	0	66336	d8494583	9b45509c	Module/MoreMods/DEFFGAM.MOD
f7b0f21326a1ec8e74f01ed8176643f6	1	169093	player	uade	Noisetracker 1.x	0	67080	a889e602	ed9f494b	Module/MoreMods/DEMO1_RE.MOD
f7fa7177a491b22413266fd7577845de	0	161417	player	uade	Amos Music Bank	0	50072	9b83b4af	9b9f2913	Nordlicht_SPIELE/Serie_23/Disk04/glodmusic.abk
f7fa7177a491b22413266fd7577845de	0	161417	player	uade	Amos Music Bank	0	50072	9b83b4af	9b9f2913	Nordlicht_SPIELE/Serie_23/Disk04/Spiele_23_04.DMS/glodmusic.abk
f81c04d6780ce9f2f7ce9424b9190510	1	171544	player	uade	Protracker	0	174798	1c40c47d	745277a8	Module/MuchMods/JESUS3.MOD
f9383262031a9c639a86726906f54092	1	169093	player	uade	Protracker	0	47112	064b1b75	e3208165	Module/Module1/mod.fury.lagon
f96028edfab016b31069fd0cf36956af	1	242011	player+silence	uade	OctaMED MMD0	0	67476	7fc0fa87	89b5d191	Archive/Action/TankHunter.lzh/TankHunter/TankHunter.lha/TankHunter.song
f99d9e8f718b3d29e01c63adb934ee99	0	199797	player	uade	Amos Music Bank	0	79970	d09fb14f	d5debb7c	Archive/Demos/MooseDriveDemoB.lha/Title.mus
f99d9e8f718b3d29e01c63adb934ee99	0	199797	player	uade	Amos Music Bank	0	79970	d09fb14f	d5debb7c	Nordlicht_SPIELE/Serie_29/Disk07/Spiele_29_07.DMS/Title.mus
f99d9e8f718b3d29e01c63adb934ee99	0	199797	player	uade	Amos Music Bank	0	79970	d09fb14f	d5debb7c	Nordlicht_SPIELE/Serie_29/Disk07/Title.mus
f9e65cc548d2ad769d72d7789e3259b3	0	128129	player	libopenmpt	Game Music Creator	4	39828	eca0ec89	3631db1e	Nordlicht_SPIELE/Serie_29/Disk02/Music/FM2Funky1.DAT
f9e65cc548d2ad769d72d7789e3259b3	0	128129	player	libopenmpt	Game Music Creator	4	39828	eca0ec89	3631db1e	Nordlicht_SPIELE/Serie_29/Disk02/Spiele_29_02.DMS/Music/FM2Funky1.DAT
f9e65cc548d2ad769d72d7789e3259b3	1	15337	player
fa492ef28929191f7151af6c578e44bb	1	323638	player+silence	uade	Protracker	0	278306	54f690f1	28af8ee0	Module/Module1/Solx1mustdie.mod
fb1b24d55d1bbbed266fac75d9e1da40	1	219345	player+silence	uade	Noisetracker 1.x	0	62154	b9b4362e	37b4c2e7	Module/MuchMods/TERRANO.MOD
fc0f11ed3d8aeb1df99edf0c1a16559a	1	184445	player	uade	Protracker	0	234622	c6401f87	ee71fa00	Module/MoreMods/DEMOSAUS.MOD
fc78b8123347171bdfbc74ee80380398	0	92292	player	uade	Amos Music Bank	0	45266	cc8bad55	9c02fe49	Nordlicht_SPIELE/Serie_23/Disk03/Music2
fc78b8123347171bdfbc74ee80380398	0	92292	player	uade	Amos Music Bank	0	45266	cc8bad55	9c02fe49	Nordlicht_SPIELE/Serie_23/Disk03/Spiele_23_03.DMS/Music2
fcb83158f577d095337b7cf766d706ed	1	161397	player	uade	Noisetracker 1.x	0	145269	257d8528	702f8569	Module/MoreMods/DARK1-R.MOD
fd30e3935b9e3875f2547cf7d3469ac9	0	216375	player	uade	Amos Music Bank	0	126776	b03849de	f18abddd	Archive/Verschiedenes/sbz.lha/tunes/Intro tune
fdf8164642029e9c91c91bcf166454d2	1	140643	player+volume	uade	Noisetracker 1.x	0	65102	31b7ca31	d5cf9d27	Module/MoreMods/DEMONSRE.MOD
fe062a264132716b195cbded5eaf167d	1	204941	player	uade	Protracker	0	108456	4e3449c3	b146119c	Module/Module1/mod.violent_death
fe3fa379ab66708ef7438ac824739d3b	1	292310	player+silence	uade	Protracker	0	641758	850c83a1	e5fde929	Module/Module1/Illbethere.mod
feac804945591de316da8de7aa0d45b3	1	116044	player	uade	Protracker	0	28708	996c71d9	9229c4b5	Module/MuchMods/CCSHOP.MOD
ff0be026c631b59b948394997e247cdd	1	432681	player+silence	uade	Protracker compatible	0	62932	fa5bb646	5db1c2f2	Module/MuchMods/AQUAPOOL.MOD
ff69fe7b9a0fd806a9bf0f95518a3684	1	119179	player	uade	Protracker	0	43230	a6fea9d9	e122b419	Nordlicht_SPIELE/Serie_22/Disk08/FF-Ingame3
ff69fe7b9a0fd806a9bf0f95518a3684	1	119179	player	uade	Protracker	0	43230	a6fea9d9	e122b419	Nordlicht_SPIELE/Serie_22/Disk08/Spiele_22_08.DMS/FF-Ingame3
ff7ca8aee91db3ec76a043b8cae45337	1	220775	player	uade	OctaMED MMD0	0	21070	94d94c4e	ae4c3efa	Action/MegaBall3/MB_Music/MBmus04
ff90b08e26a82bef1b8b189ff5e04a91	1	230265	player+silence	uade	Protracker	0	197288	d1c991a8	0ca1abee	Module/MoreMods/DECIBELO.MOD
ff9c4f94e9109c401459a5391b0bda99	1	193005	player	uade	OctaMED MMD0	0	119428	cb909221	a2f22255	Nordlicht_SPIELE/Serie_08/Disk02/SPIELE_08_02.DMS/8694/298.sb
ffb980fce5b1143dd45e2b145a741f25	1	256322	player	uade	Protracker	0	140248	db2f0ba6	7484db16	Module/MuchMods/PHANTASY.MOD
