00216f70b537babb031ae3a75f8698c9	1	416654	player	uade	OctaMED MMD1	0	275382	7824ae6b	7aa1fb5b	Soundstudio V1/MODULES/MUG-MEMBERS/James Drabble/Exile-(ManWithTheMask)
002858698163a6afad5e97fd98eea2bc	1	149633	player+volume	uade	Noisetracker 1.x	0	163394	b6883ccc	85e70892	Soundstudio V1/MODULES/VARIOUS/F/flashcondom
00364239a3e2a4e0d0b169b63bcf7758	1	148954	player+silence	uade	OctaMED MMD1	0	215134	e60543e0	d25b00de	Soundstudio V1/MODULES/MUG-MEMBERS/Rune Tlyden and Tom Cozzolino/Trashcan3
00966683984839f7110a8f96dcfaaf71	1	188625	player+silence	uade	Protracker	0	100984	61f68c27	87102db8	Soundstudio V1/MODULES/VARIOUS/E/extreme unction
00bd16c6c0bdafc8403b9f0551ca628e	1	229296	player+silence	uade	Protracker	0	193088	4ef5f24e	a200bf26	Soundstudio V1/MODULES/VARIOUS/E/empiror
011395ce9900058cec9c85caac5562ca	1	222765	player	uade	OctaMED MMD2	0	81062	a72c956b	6bb60c52	Soundstudio V1/MODULES/MUG-MEMBERS/THT/Summertime-Remix
011e13de99cee6a52d63f856b86fcc24	0	207051	player	libopenmpt	Ultimate Soundtracker 1.0-1.21	4	73216	9c599317	c3d4009f	Soundstudio V1/MODULES/VARIOUS/V/virgin
013097c6d0baa28ad1791102d314f8f9	1	296197	player+volume	uade	OctaMED MMD1	0	178380	49448500	bbf4e72f	Soundstudio V1/MODULES/MUG-MEMBERS/Tony Horgan/Spangle
01337ef27a2d8f29be8a7e9396e2d203	1	44830	player	uade	OctaMED MMD0	0	13046	08d36dc7	b0dcd860	Soundstudio V1/MODULES/MED-4ch/G/Goodoldtimes!
014d557f5997628d981bd66fd00129a0	1	170399	player	uade	OctaMED MMD1	0	394590	3754652a	0823a49d	Soundstudio V1/MODULES/MED-4ch/I/I_ascend
018cd688702caeef36a240977c8f7629	1	208076	player	uade	OctaMED MMD1	0	119126	f10e85dc	42f74b37	Soundstudio V1/MODULES/MUG-MEMBERS/Dean Murray/BG-Vice
01a536659cadf5846f2f8e0822117bfd	1	339729	player+silence	uade	OctaMED MMD2	0	144036	ce9d55eb	637d505b	Soundstudio V1/MODULES/MUG-MEMBERS/Carl Barry/JustAnotherKiss?
020e0a2616788ba8f8d4f1073db5ce57	1	211652	player	uade	OctaMED MMD0	0	194013	15ba9294	6bf15002	Soundstudio V1/MODULES/MED-4ch/H/Hellojean-michele!
0231394849d81640993e65a793ee14cd	1	301600	player+silence	uade	OctaMED MMD1	0	457314	c286ddea	a18e8810	Soundstudio V1/MODULES/MUG-MEMBERS/Paul Spark/Collision_Course
02504da9dc9e04249000f51be3a03cca	0	313847	player+silence	uade	Oktalyzer	0	722452	7967f4b4	fff33368	Soundstudio V1/MODULES/VARIOUS/O/Orbit
02579bbe5e5a6951e20f46c0eba16b6a	1	272418	player	uade	OctaMED MMD1	0	764438	782a00e1	f3fee883	Soundstudio V1/MODULES/MUG-MEMBERS/Sean O' Farrel/They Came & Ate Us!
025e954be89a261993042c3f0908edd9	1	330519	player+silence	uade	OctaMED MMD1	0	191572	6b55a5ca	b2fc64bd	Soundstudio V1/MODULES/MUG-MEMBERS/William Quinn/SLucidity (Multi)
025e954be89a261993042c3f0908edd9	2	330519	player+silence
025e954be89a261993042c3f0908edd9	3	0	nosound
02b35e985179404837f6f39f0b61f7b5	1	221981	player	uade	OctaMED MMD0	0	335214	5786daae	ade5478e	Soundstudio V1/MODULES/MED-4ch/T/Trance
02b9d4a4630ecfe10d365e4f1ac2b12d	1	189498	player+silence	uade	OctaMED MMD2	0	170704	6220fe29	2da7d46a	Soundstudio V1/MODULES/MUG-MEMBERS/Trank Mast/NegativeIons
02e358e9d49225733794dc410aaee378	1	46216	player	uade	Protracker compatible	0	22166	6df4b089	5b2aa70b	Soundstudio V1/MODULES/MED-4ch/T/The_voice
02f22bf1ca0b8e93b4a970b964a5e236	1	311179	player	uade	OctaMED MMD1	0	158182	a9909750	956194a4	Soundstudio V1/MODULES/MED-4ch/S/Street-Sneak
0304f3050401cd541b681ef31eee6560	1	317569	player	uade	Protracker	0	254026	41314cc6	67e5d506	Soundstudio V1/MODULES/MUG-MEMBERS/Fabio Barzagli/DiscoCrazy
03095c62ae4be8e67b52f63452e2d7a7	1	606867	player	uade	Protracker	0	159972	94934fef	db6f72d1	Soundstudio V1/MODULES/VARIOUS/T/tstone
030e9ca8a721847c9391bf80ddd8c98a	1	75433	player	uade	OctaMED MMD1	0	127658	c2ff8cd0	7a4db72b	Soundstudio V1/MODULES/MUG-MEMBERS/Reg Simpson/Have_a_Nice_Day
0317684bee38265ae2721b3fd0d8920f	1	358713	player+silence	uade	Protracker	0	346174	89217d27	8ac76fc8	Soundstudio V1/MODULES/VARIOUS/I/ifeelmuchbetter
0319187403d4d1f78555839ef28c8eb6	1	256865	player	uade	OctaMED MMD1	0	83582	78f16f5f	c22a8d9c	Soundstudio V1/MODULES/MUG-MEMBERS/The Sidewalk/Perfect_Stranger
032a2d9120d6bb3d4cd094fae292f614	1	43926	player	uade	OctaMED MMD0	0	121884	53adaafc	24f53bbd	Soundstudio V1/MODULES/MED-4ch/H/Highspeed
032fe1bdad53eb88a318dd4b4e567a2b	1	408335	player	uade	OctaMED MMD3	0	468792	682fd1d3	e8090dd4	Soundstudio V1/MODULES/S3M/C/cb-hawk.s3m
0373f5c78638e5600aa80018f2f4fed6	1	474124	player	uade	OctaMED MMD1	0	269306	ddbfbb1f	0cb5f19d	Soundstudio V1/MODULES/MUG-MEMBERS/William Quinn/SCRAP_OF_LIFE
037493adf7935f83eb521b9452e360e4	1	229436	player	uade	OctaMED MMD3	0	131068	7df9d95c	15b76952	Soundstudio V1/MODULES/MED-4ch/I/Instantly_Magic
038ce7fd7543b1211a1d3aae60c40d9e	1	542648	player+silence	st3play	Scream Tracker 3.01 (GUS)	16	416328	b8caab1c	6e5071b3	Soundstudio V1/MODULES/S3M/B/birthday.s3m
039016e4c9620ba7bd329a48a716f8c7	1	202228	player	uade	Protracker	0	194134	69a76d10	cdcdab6e	Soundstudio V1/MODULES/VARIOUS/H/hard&short
03f65a190833d3de602d3ef5b968e950	1	108971	player	uade	OctaMED MMD1	0	268676	2a20e3ae	68518fbb	Soundstudio V1/MODULES/MUG-MEMBERS/Andy Baxter/I_HAVE_A_DREAM
0423ee8dcb9cc13127928f3a5e0ca241	1	88555	player	uade	OctaMED MMD1	0	85276	f59d7438	4bc5e796	Soundstudio V1/MODULES/MUG-MEMBERS/Andy Baxter/Stina
042c8e962f4799b3a64b4b453041a01c	1	107845	player	uade	OctaMED MMD1	0	93046	836b9c86	1e671631	Soundstudio V1/MODULES/MUG-MEMBERS/Trank Mast/Smashing_Blouse
0430d768c1e9d7cd31497ad9773d5029	1	241527	player+silence	uade	Protracker compatible	0	205088	f89fa037	12d76e20	Soundstudio V1/MODULES/VARIOUS/A/acidofil
04912802c8bdc359764fa145919eb383	1	185882	player+silence	st3play	Scream Tracker 3.01 (GUS)	15	309030	b7f43b6e	0e008614	Soundstudio V1/MODULES/S3M/D/darktime.s3m
04d97822bee6d4ddda68ce99d47ed5a7	1	84616	player	uade	Protracker	0	79996	849d65bf	5fa45400	Soundstudio V1/MODULES/VARIOUS/B/blue-mood
051ca1bb4f57f0f381754d6347e8e247	1	138690	player	uade	OctaMED MMD1	0	250216	d0f33a27	6acb4d1b	Soundstudio V1/MODULES/MUG-MEMBERS/Andy Baxter/LULLABY
0527ee0473f8a0a8c7d47aac2e125ac0	1	26444	player	uade	OctaMED MMD1	0	183096	27f78a02	ae9d1dbf	Soundstudio V1/MODULES/MUG-MEMBERS/Dave Sullivan/B-Rave
057598529e6a3f9c5e3a0541bdf8f62f	1	211083	player+silence	st3play	Scream Tracker 3.01 (SB)	9	303602	1619e239	7afff717	Soundstudio V1/MODULES/S3M/R/realize.s3m
05a8ad3eadbea7cd44cf0ac939229fb9	1	112368	player+silence	uade	OctaMED MMD1	0	118458	b9b2d897	d556f8cb	Soundstudio V1/MODULES/MUG-MEMBERS/George MacDonald/SadFacade
05c3bed1ba3358f58d4e158f0d255c31	1	103933	player+silence	st3play	Scream Tracker 3.01 (SB)	8	51354	94444b33	ff15cf82	Soundstudio V1/MODULES/S3M/S/summrain.s3m
05ceb843d6b27fc5963b3e04d087e148	1	166521	player	uade	Protracker	0	181056	3aa37ceb	f64f283d	Soundstudio V1/MODULES/VARIOUS/B/beyond cyberspace
05da766cb61061470a5633056e50ccd6	1	593860	player+silence	uade	OctaMED MMD0	0	472798	4b9793ec	574ec34d	Soundstudio V1/MODULES/MED-4ch/N/Nospeed4xtasy
05f4c6159ef162cb59ffcb0f05517fd0	1	80839	player	uade	OctaMED MMD1	0	68488	5f4eb78e	1ba8439b	Soundstudio V1/MODULES/MUG-MEMBERS/Andy Baxter/Interlude
0606961810c6be26f7b0b77035f24b4a	1	245853	player	uade	Protracker	0	150498	971c1072	bb3f623d	Soundstudio V1/MODULES/VARIOUS/X/xtatik (1-2-3-4)
060fc840138700572b5685dbda1976ff	1	15814	player	uade	OctaMED MMD1	0	83442	c8a72286	3c19ac1b	Soundstudio V1/MODULES/MUG-MEMBERS/Dave Sullivan/Funky Girlie
068670bea8ebb537aa4d0ea4a0fad094	1	254155	player+volume	uade	OctaMED MMD1	0	297204	cd9a0b41	3801fcc4	Soundstudio V1/MODULES/MUG-MEMBERS/Ben Thomas/HongKongHarbour
06cc173681d5a68a76e915c75da6ee21	0	207197	player+silence	uade	Soundtracker II - V or compatible	0	74688	28624073	f0ddccb0	Soundstudio V1/MODULES/VARIOUS/L/locomotion
070b77c46a1d34c1139967656c5e0cd1	1	301554	player	uade	OctaMED MMD2	0	241912	3209399a	fc259fd9	Soundstudio V1/MODULES/MUG-MEMBERS/Steven Gane/AnotherGoneBlues
070b77c46a1d34c1139967656c5e0cd1	2	124136	player+volume
0714660fc2386880279313ded8808f03	1	371942	player+silence	uade	OctaMED MMD3	0	225374	63a97034	042f1a5f	Soundstudio V1/MODULES/MED-4ch/X/X-FilesMix
07185f7f417740446ba10e9e75a3363d	1	266616	player+silence	uade	OctaMED MMD1	0	220176	223609dc	b76b5920	UTILITIES/AMFC/Example/flight.md1
0720c055decb9c1461edcbc08a7fa6b8	1	83217	player+silence	uade	OctaMED MMD1	0	38496	4ef71883	3ee8b322	Soundstudio V1/MODULES/MUG-MEMBERS/Tom Cozzolino/Tom's piano
07430376635d1a1adfa0ab52f065b18a	1	195775	player+silence	uade	OctaMED MMD1	0	83906	1c216f91	205915db	Soundstudio V1/MODULES/MUG-MEMBERS/Ross Couch/Xtatic
07644baa95e424e4ab328c5360e60a18	1	118274	player	uade	OctaMED MMD1	0	229660	5e09168b	e83bb578	Soundstudio V1/MODULES/MUG-MEMBERS/Chris Mocock/Relijun
076bd49b1028ff7657ae9ac04b036b00	1	208879	player	st3play	Scream Tracker 3.00 (GUS)	8	148034	d1ce755e	8399b5dd	Soundstudio V1/MODULES/S3M/P/PRPLSKY2.S3M
0780a29fff0bc7df4fdf372a319e1abd	1	202731	player	uade	Protracker	0	129656	dd3363b9	c29dabe5	Soundstudio V1/MODULES/VARIOUS/B/behind_the_mirror
078d2161d25bd24ddec47293d402a0ed	1	275407	player+volume	uade	Protracker	0	138786	61707241	f5f6d8dc	Soundstudio V1/MODULES/VARIOUS/T/trenzneeschen
07a045a19fee33d49b40287cdf26e464	1	205122	player	uade	Protracker compatible	0	57034	577e5393	e40ba0fd	Soundstudio V1/MODULES/MUG-MEMBERS/Michael Ward/Love-and-Romance
07b41ed1f699139cf6f7336c41232ec9	1	241490	player+silence	uade	Protracker	0	99512	7d665c85	18bc165c	Soundstudio V1/MODULES/VARIOUS/T/tbc-intro
07b97b2d527b26e6965dd52606e0a4b5	1	250637	player+silence	uade	OctaMED MMD1	0	190116	ff44dd9f	9d485659	Soundstudio V1/MODULES/MED-4ch/R/Really_A_Dream
07d6cd5333540cffb063648a98c86a7f	1	212938	player	uade	OctaMED MMD1	0	84496	ca4e17e6	02a95519	Soundstudio V1/MODULES/MUG-MEMBERS/Ross Couch/Hyper
08028aab167e41236d413280d845f58c	1	195256	player	uade	OctaMED MMD1	0	228468	99b251e1	000c861b	Soundstudio V1/MODULES/MUG-MEMBERS/Ben Thomas/Saxuality
08137710862d3c0dffef89e81d2f27e9	1	307516	player+silence	uade	Protracker	0	224508	49aa998d	87136b0a	Soundstudio V1/MODULES/VARIOUS/N/noizegate
0859d5211f3362702849a9c58df8c8b2	1	270779	player+silence	uade	OctaMED MMD1	0	339588	fec1c208	b89aac3f	Soundstudio V1/MODULES/MUG-MEMBERS/James Drabble/Gothic
08a67d324c4c284596c921b207e5a453	1	176769	player	uade	Soundtracker II (15 instr.)	0	69124	b900426b	0f74f6cc	Soundstudio V1/MODULES/VARIOUS/T/thorax
08cf9f5bb10a4bfc9fa6aa73764fd3a3	1	121329	player	uade	OctaMED MMD1	0	168416	b1f8498b	964717b3	Soundstudio V1/MODULES/MUG-MEMBERS/Steffan Jordan/Rock
090aae91c7f50082b11b440a087cadb1	1	87429	player+silence	uade	OctaMED MMD1	0	97588	7a23a141	613a8429	Soundstudio V1/MODULES/MUG-MEMBERS/Daniel Funnel/Lemmings
0935cdc2fec459e8a4ed51f8d46d77f8	1	166448	player+silence	uade	Protracker compatible	0	256636	9b37bc53	63af74ad	Soundstudio V1/MODULES/VARIOUS/B/B-death
093f721edfbd31ac0cd32fc342899912	1	124383	player	uade	OctaMED MMD1	0	317432	c8e9cb10	68547cd8	Soundstudio V1/MODULES/MUG-MEMBERS/Reg Simpson/Bossa_Nova_Frantic
09550430b3d53107a0a04e5b3b7b4652	1	0	nosound	uade	OctaMED MMD1	0	60168	a3034185	14196db6	Soundstudio V1/MODULES/MIDI/Asif Ali/MMD1/WhenTheSunExplodes.MMD1
09ac5a8c1667317516fa4c1233af92d0	1	615266	player+silence	uade	OctaMED MMD1	0	205206	06020177	64c52ce4	Soundstudio V1/MODULES/MUG-MEMBERS/Fabio Barzagli/July
09ddef2bffa669b67085f3bb32cceb5f	1	0	nosound	uade	OctaMED MMD1	0	88074	2148a778	e71423d1	Soundstudio V1/MODULES/MIDI/PKavonen/OrientExpress.MED
09e7582455da985617e71ae91032afba	1	0	nosound	uade	OctaMED MMD2	0	124986	727159cb	3597baf7	Soundstudio V1/MODULES/MIDI/Asif Ali/MMD2/INTERSTE.MMD2
09f15c2498b67ffc300365e390dfb602	1	41052	player	uade	OctaMED MMD1	0	261036	bff7d748	b95b8d9d	Soundstudio V1/MODULES/MUG-MEMBERS/Ben Thomas/Angkor-Game-Over
09f668a155b0dd0b5acff786564f8319	1	97376	player	uade	OctaMED MMD1	0	61526	56782c9a	c44c9d2c	Soundstudio V1/MODULES/MUG-MEMBERS/George MacDonald/Trancedance
09f8de613757d32717960eef5cbd25e6	1	98769	player+silence	uade	OctaMED MMD0	0	114690	cff0fed5	9bfa82ae	Soundstudio V1/MODULES/MUG-MEMBERS/Daniel Funnel/Softly
0a030a4f8e76527b68f21755992aecfc	1	92413	player	uade	OctaMED MMD1	0	30768	55c29428	2f01b4fb	Soundstudio V1/MODULES/MUG-MEMBERS/Trank Mast/MART_STANK
0a0b6e0a83f424b73e14e164c8ad5a17	1	167183	player+silence	uade	OctaMED MMD1	0	199614	6b3f8350	e460a4bc	Soundstudio V1/MODULES/MED-4ch/D/deathcore
0a205cb85c7dcb3a675a442fd23ae5aa	1	59820	player	uade	OctaMED MMD1	0	43728	b29d8756	bc9b5b0a	Soundstudio V1/MODULES/MUG-MEMBERS/Ben Thomas/TheRoundCube
0a205cb85c7dcb3a675a442fd23ae5aa	1	59820	player	uade	OctaMED MMD1	0	43728	b29d8756	bc9b5b0a	Soundstudio V1/MODULES/VARIOUS/T/TheRoundCube
0a4247ff526ac24d3cc30c8041c69afa	1	437894	player	uade	Protracker	0	131028	86cc1d77	67e570b5	Soundstudio V1/MODULES/VARIOUS/A/algorhythmic
0a48f51e46928ca5c1ac70d536441807	1	352774	player	uade	OctaMED MMD1	0	654272	e8db0abe	584d0e4b	Soundstudio V1/MODULES/MUG-MEMBERS/William Quinn/The_Last_Dance(1.5Megs)
0a591ca3b9f25e4c271e3d9fa3adf00a	1	231184	player	uade	OctaMED MMD1	0	64758	4db69222	cc835439	Soundstudio V1/MODULES/MUG-MEMBERS/Michael Richmond/Freedom
0a6af5c267027b7483a1c17f2a6a128c	1	84315	player	st3play	Scream Tracker 3.00 (SB)	8	101992	e2e18281	76956d2f	Soundstudio V1/MODULES/S3M/L/lave2.s3m
0a6dd7124e15e18102330bd847a9e2b8	1	92272	player	uade	Protracker	0	18874	b65800b5	a214ab3e	Soundstudio V1/MODULES/MUG-MEMBERS/Fabio Barzagli/Ch3-Away
0a775f063fa6a54ebb5ef860a803caa9	1	119179	player	uade	Noisetracker 1.x	0	99948	19f883d3	525b721f	Soundstudio V1/MODULES/VARIOUS/L/lifestyle.rules.1
0a819127de454030f74d62839bda5d92	1	65768	player	uade	OctaMED MMD0	0	313180	2f792809	0b650910	Soundstudio V1/MODULES/MED-4ch/E/Eveninggroove!
0a8955628c7001d1ae693df1b7eb8932	1	249293	player+silence	uade	OctaMED MMD1	0	200616	bc2f49f7	9f9c25c8	Soundstudio V1/MODULES/MUG-MEMBERS/Matt Mclellan/TheBigCity
0b18a25bb99bf9594ec630d2f9964d25	1	281888	player+volume	uade	OctaMED MMD1	0	150300	11a1a1dd	8dbbbd30	Soundstudio V1/MODULES/MUG-MEMBERS/Mark Nottingham/TheChristmas`I Want'
0b384e444e29319b91bb4223e6cb47a5	1	298327	player+silence	uade	OctaMED MMD1	0	124682	b1025167	05d94af8	Soundstudio V1/MODULES/MUG-MEMBERS/Andy Baxter/Faraway
0b4765dc8a393801ae97dbc381f20ff8	1	206686	player+volume	st3play	Scream Tracker 3.01 (SB)	16	387591	da4492bf	b7c187c4	Soundstudio V1/MODULES/S3M/V/VANILLA.S3M
0b5040b750f26a50509279c55d285521	1	95206	player	uade	OctaMED MMD1	0	217410	1cec2e5c	92c86181	Soundstudio V1/MODULES/MUG-MEMBERS/Dave Sullivan/OctaMED_V6
0b528cd4495014dc7cdf8fc990c9c821	1	105493	player+silence	uade	OctaMED MMD1	0	100902	126c4ea3	7f2c27ad	Soundstudio V1/MODULES/MUG-MEMBERS/Mark Humphrey/INCA-DANCE
0b6fa782897dc23c3987b8d2e334ad62	1	26323	player	uade	Protracker compatible	0	21848	5399a1f1	7f8d0c52	Soundstudio V1/MODULES/VARIOUS/E/exceedingly.silly
0baca77174ffb9552e4ac8e21e55a4e0	1	171524	player	uade	Protracker	0	72780	f38ac47d	d97eb2aa	Soundstudio V1/MODULES/VARIOUS/F/future
0bbd63821606f629345f3c4b308b1e08	1	125207	player	uade	OctaMED MMD1	0	52652	f5401571	0169a0fb	Soundstudio V1/MODULES/MUG-MEMBERS/Tom Cozzolino/Left alone
0bbf1609947835b05eca166081260481	1	138369	player	uade	Noisetracker 1.x	0	55476	510b6141	6902971a	Soundstudio V1/MODULES/VARIOUS/R/rocking1
0be91ffe83cf7ddf95f22e079266bd78	1	230541	player	uade	Protracker compatible	0	70388	105b38f9	215de516	Soundstudio V1/MODULES/VARIOUS/I/intheair
0beda41d1de2c9c7865e6aa63059a896	1	128804	player	uade	Protracker	0	199926	562839a5	b183c0ac	Soundstudio V1/MODULES/VARIOUS/B/bajki o samochodach
0bf72377c581374231f99827785f0970	1	135013	player	uade	Protracker	0	171636	4ef186ff	c7a47f9d	Soundstudio V1/MODULES/VARIOUS/F/Funkyfetus
0c0c15bf28aea56dcc3bfaae5dcad3b3	1	136178	player	uade	OctaMED MMD1	0	48258	f25ff790	7801625a	Soundstudio V1/MODULES/MUG-MEMBERS/Michael Richmond/SpringtimeMemories
0c2bdb7fa411fb8378a0a6f99a7df37c	1	249731	player	uade	Protracker	0	139286	bce46538	14d6d9b2	Soundstudio V1/MODULES/VARIOUS/R/reachtec
0c2ea70d4f51b0a1aa7eaa8ad6f6b2f6	1	145804	player	uade	OctaMED MMD1	0	47292	5e401859	fbb82a2c	Soundstudio V1/MODULES/MUG-MEMBERS/Michael Richmond/WAC-Theme
0c476a4a104332cbe92651053f8007f8	1	107323	player	st3play	Scream Tracker 3.00 (GUS)	6	67026	ef2b5829	e75c33c4	Soundstudio V1/MODULES/S3M/B/bussi.s3m
0cf45861e2b57effc79a2baaa808b689	1	367423	silence	uade	Protracker	0	319212	b06bd85a	cca0c364	Soundstudio V1/MODULES/VARIOUS/H/hot trigger-dwmix
0d04324eada5fd8fb3660a15b4d664eb	1	168671	player	st3play	Scream Tracker 3.01 (SB)	16	287777	7e64c5de	955ccbb6	Soundstudio V1/MODULES/S3M/P/power.s3m
0d14f017b82bc608ff8edcc6ac5201d3	1	57730	player	uade	Protracker compatible	0	62990	2a9964da	22cbd4fe	Soundstudio V1/MODULES/VARIOUS/T/Tinkerbells
0d28d09189ed42797f73e560fbcf0d38	1	206307	player	uade	OctaMED MMD1	0	130982	bc9b5487	a0898fb5	Soundstudio V1/MODULES/MUG-MEMBERS/Paul Monahan/sddd2
0d3633f4fafae7a4e87458a37400ef1a	1	204649	player+silence	uade	Protracker	0	276044	4db5639d	035feb9d	Soundstudio V1/MODULES/VARIOUS/G/gryfunk is da vox
0d393f5bfad3c428a4d8d26f423bec5a	1	182094	player	uade	OctaMED MMD1	0	135832	dd640fe9	3e1546c7	Soundstudio V1/MODULES/MUG-MEMBERS/Rob Moseley/NewLife
0d729f9c1c78288041ce1bd298d7f622	1	287518	player+silence	uade	OctaMED MMD2	0	312130	761003c1	1b5a72c6	Soundstudio V1/MODULES/MUG-MEMBERS/Derek Heasley/Cowboy's
0d8c122821dd150e6bf40fb2e75e9c5c	1	428938	player+silence	uade	Protracker	0	191722	8d06cdc7	de5c45ea	Soundstudio V1/MODULES/VARIOUS/R/real-power
0d8eba7d42a6fa465af42d20a05fcdd6	1	146595	player+silence	uade	OctaMED MMD3	0	246328	e93db14d	57550614	Soundstudio V1/MODULES/S3M/F/Fifteen.s3m
0d8f1e5ffff92b155a7f50443408f072	1	134792	player	uade	OctaMED MMD1	0	66564	30c20798	2d133976	Soundstudio V1/MODULES/MUG-MEMBERS/William Quinn/TENAJ_RISING
0d9cfb420d0acba281ae5dd5ad65b9b8	1	79513	player	uade	Protracker compatible	0	45922	c4b0e9e2	41482e79	Soundstudio V1/MODULES/VARIOUS/H/house
0da47a712a735b1932aa84cefc21ec25	1	38460	player	uade	OctaMED MMD1	0	16814	0d2b761f	9d9b2a0f	Soundstudio V1/MODULES/MUG-MEMBERS/Tom Cozzolino/Fff før eg savar
0dcbd0f2500f20e5c4f7ea44f218f83b	1	173001	player+silence	uade	Protracker	0	222900	b75e7fc8	613d7424	Soundstudio V1/MODULES/VARIOUS/D/december rain
0de2e396350a55ba85becaf15b126310	1	163507	player	uade	OctaMED MMD1	0	275048	eb9b5a24	6165bee1	Soundstudio V1/MODULES/VARIOUS/I/invasion
0de9955ee96bb2eecb22d788832baef8	1	110232	player+silence	st3play	Scream Tracker 3.01 (GUS)	16	183808	4c50fd4c	12443fa0	Soundstudio V1/MODULES/S3M/S/suicide.s3m
0e148e50cecf4e3315fc7e5774c5ae31	1	107645	player	uade	Protracker	0	121018	6f61da91	b9d7b0b2	Soundstudio V1/MODULES/VARIOUS/W/wrapit
0e322e823b28adad8ea9b7e9b2cef7ba	1	160814	player	uade	OctaMED MMD1	0	42526	3a322cba	bdc2716f	Soundstudio V1/MODULES/MUG-MEMBERS/David Evans/30thAvenueMalibu
0e38274511912f3a666a5bc11c527765	1	191618	player	uade	OctaMED MMD1	0	152194	31f77077	777c20fb	Soundstudio V1/MODULES/MED-4ch/F/Fear-Or_The_Worm
0e3f9f80dda7300fb33babc8d564cdfe	1	258456	player+silence	uade	OctaMED MMD1	0	331928	5be76b5e	b0c63b91	Soundstudio V1/MODULES/MUG-MEMBERS/Rob Moseley/Disbelief
0e4750a2e09b6dd56a9b660859977a56	1	86184	player	uade	OctaMED MMD1	0	89714	4ffcf36b	ed9ae426	Soundstudio V1/MODULES/MED-4ch/T/The_Tick
0e806aba431190a3d29c406f722a9f47	1	188263	player	uade	OctaMED MMD1	0	18978	1b4f64b0	afbabf1d	TI-MAGAZINES/Modules/SynthSong
0e8e5ef1457acda6c60cc2d8c40def95	1	168972	player	uade	OctaMED MMD2	0	96580	a267d382	1e5a26ed	Soundstudio V1/MODULES/MUG-MEMBERS/Michael Richmond/SamuraiSunset
0edd90b951dc400c7a6611fae58f59a4	1	200225	player+silence	uade	Protracker	0	216890	084ce6d4	db7372bc	Soundstudio V1/MODULES/VARIOUS/B/boesendo
0f64a5e2f7ce1f59c7bafb121b329b1a	1	303664	player	uade	OctaMED MMD1	0	155562	c3496d3c	67477047	Soundstudio V1/MODULES/MUG-MEMBERS/Trank Mast/Internal resistance
0f8a54f11cb0806f0a4b0c8c15e75057	1	46156	player	uade	OctaMED MMD1	0	67992	d31aea2e	a01cc5cc	Soundstudio V1/MODULES/MUG-MEMBERS/Andy Baxter/Larvlee
0f940ead5c30b1c49bce4bd19c05c622	1	0	nosound	uade	OctaMED MMD1	0	106146	a03e6f4f	2a417a09	Soundstudio V1/MODULES/MIDI/Darren Muir/TechnicsMedley
0f940ead5c30b1c49bce4bd19c05c622	1	0	nosound	uade	OctaMED MMD1	0	106146	a03e6f4f	2a417a09	Soundstudio V1/MODULES/MUG-MEMBERS/Darren D Muir/Technics_Medley
0f940ead5c30b1c49bce4bd19c05c622	10	0	nosound
0f940ead5c30b1c49bce4bd19c05c622	11	0	nosound
0f940ead5c30b1c49bce4bd19c05c622	12	0	nosound
0f940ead5c30b1c49bce4bd19c05c622	13	0	nosound
0f940ead5c30b1c49bce4bd19c05c622	2	0	nosound
0f940ead5c30b1c49bce4bd19c05c622	3	0	nosound
0f940ead5c30b1c49bce4bd19c05c622	4	0	nosound
0f940ead5c30b1c49bce4bd19c05c622	5	0	nosound
0f940ead5c30b1c49bce4bd19c05c622	6	0	nosound
0f940ead5c30b1c49bce4bd19c05c622	7	0	nosound
0f940ead5c30b1c49bce4bd19c05c622	8	0	nosound
0f940ead5c30b1c49bce4bd19c05c622	9	0	nosound
0fd142141e2b22a5f5ca93f9ace30be6	1	162366	player+silence	uade	Protracker compatible	0	107285	bde27cc1	00b34371	Soundstudio V1/MODULES/VARIOUS/S/Sunset
0fe080857a237ffd0f1bd78f8c6f9542	1	134368	player+silence	uade	OctaMED MMD1	0	399030	d0685ba5	19e85c9b	Soundstudio V1/MODULES/VARIOUS/A/A_bold_rave
1050fc4eee95e13d97f5abb3d69e7ca7	1	111065	player+silence	uade	Protracker	0	229498	e2ca7f65	f247d57c	Soundstudio V1/MODULES/MUG-MEMBERS/Fabio Barzagli/BladeRunner
105cf565a8a8c91849672b479052b95f	1	87616	player+silence	uade	Protracker	0	92936	6dc6184a	d9bffd5a	Soundstudio V1/MODULES/MUG-MEMBERS/Fabio Barzagli/HNK-SoftArp
10600732d8fabf5ee1b5f41606ddec3c	1	138369	player	uade	Protracker	0	176450	8620e0ab	5d7e0386	Soundstudio V1/MODULES/VARIOUS/P/phase_the_musix
1062dfb8221e0e70fb71e08fe164a277	1	15311	player	uade	OctaMED MMD1	0	37866	c9b25795	07cbc39f	Soundstudio V1/MODULES/MUG-MEMBERS/Tom Cozzolino/Da-da-ddda,dada,da-da-ddda
1077d9085dd13a870abb3a15cd716c3d	1	253817	player+volume	uade	OctaMED MMD1	0	291410	d201c094	b3ed474d	Soundstudio V1/MODULES/MUG-MEMBERS/Tony Horgan/Deep Space Trance
10b17adc1a5719d206e240e16a11115d	1	252303	player	uade	OctaMED MMD1	0	106374	6f41d33e	d034d499	Soundstudio V1/MODULES/MUG-MEMBERS/Ben Thomas/A-To-B
10b634230d4dd18980e032aa60df2ddd	1	144176	player	uade	OctaMED MMD3	0	45478	8ce4e253	ff4087a9	Soundstudio V1/MODULES/MUG-MEMBERS/Fabio Barzagli/LuckyDay
10dd5600990194dedcec7248524cb1c8	1	220434	player	uade	OctaMED MMD0	0	452774	29745532	f160e8cb	Soundstudio V1/MODULES/MED-4ch/M/Melodymeddlingmetal
10eaa2488fe03a58983ac15f5a545199	1	308065	player	st3play	Scream Tracker 3.01 (SB)	16	755621	d01c09ab	2a1320c9	Soundstudio V1/MODULES/S3M/J/jj.s3m
10f9fae459b8c5b0d057e291875a816b	1	363987	player	uade	Protracker compatible	0	238570	1131d2fa	8214b0dc	Soundstudio V1/MODULES/VARIOUS/R/red_sector_theme
114da0e7e0490cb091a74b2dd4072dc7	1	241957	silence	uade	OctaMED MMD2	0	275620	91bc58eb	8d232424	Soundstudio V1/MODULES/MUG-MEMBERS/Reg Simpson/Busy_Day_At_The_Office
115725c48be50173eca05dcd025ac7ba	1	169575	player	uade	OctaMED MMD1	0	60918	b4d4e10d	f2360d4a	Soundstudio V1/MODULES/MUG-MEMBERS/William Quinn/Nightflight
1162874bf14457dc943ad8d1cbcf0611	1	273965	player	uade	OctaMED MMD0	0	527513	ae829076	d1f641a8	Soundstudio V1/MODULES/MED-4ch/I/Itsfantastic!
119c68cd826ea3207ca08c0bb1b29bff	1	216616	player	uade	OctaMED MMD2	0	159064	8f9d1a0b	a64479ee	Soundstudio V1/MODULES/MUG-MEMBERS/Reg Simpson/Compendium
11a3d2813f5177744201fdb653866042	1	155747	player	ft2play	Fasttracker	6	263232	fb83d2ca	25736e03	Soundstudio V1/MODULES/VARIOUS/F/Fast.bud
11d10c4fcba0f305a014cfee4e7eed56	1	295540	player+silence	uade	OctaMED MMD1	0	183738	55bb70f8	6d6df1bf	Soundstudio V1/MODULES/MUG-MEMBERS/William Quinn/A_Scrap_Of_Metal
11edb3c6d898893b83220ca7ff64d151	1	327446	player+silence	st3play	Scream Tracker 3.01 (SB)	8	449700	f15c2850	30f4007d	Soundstudio V1/MODULES/S3M/F/flair.s3m
1203c3712bd745cb7a77fccfc6ab8409	1	200257	player+silence	uade	OctaMED MMD1	0	235856	1fbf5552	f471725a	Soundstudio V1/MODULES/MUG-MEMBERS/Rob Moseley/TeslaGirls
122bcfa2fe530014b81ced4a90de0237	1	222877	player+silence	uade	Protracker	0	151724	aec1315a	1b6cea54	Soundstudio V1/MODULES/VARIOUS/S/smooth funk
1243bafb204d1a64708dd433e9446811	1	152816	player	uade	OctaMED MMD0	0	85674	bbd8f3d8	8f22c4f6	Soundstudio V1/MODULES/MED-4ch/N/No_Vision
12825d10c7b7e561308111db8b3f9bbe	1	232289	player	uade	OctaMED MMD1	0	696606	1eaa5303	0fbf2c12	Soundstudio V1/MODULES/MUG-MEMBERS/William Quinn/Dreamscapes
128b2f7c5367c3ad45a1a24723716a34	1	255457	player+silence	uade	OctaMED MMD1	0	288986	0b949fc5	e8b5405e	Soundstudio V1/MODULES/MUG-MEMBERS/Andy Baxter/Keep Breathing In
128f173ab172a5b781afc53bd35e7bc4	1	245893	player	uade	Protracker	0	150310	1f2f5232	bc9b471d	Soundstudio V1/MODULES/VARIOUS/B/blueboxing
12ad57c2de8e7252e4e799d651f5f5d9	1	227426	player	st3play	Scream Tracker 3.01 (SB)	10	539025	420b61c5	1cded583	Soundstudio V1/MODULES/S3M/K/kicksand.s3m
12b37d5a4231014bcae43eddd028c69d	1	122534	player	uade	OctaMED MMD1	0	35620	f11c1649	5f289751	Soundstudio V1/MODULES/MED-4ch/W/Wybierak
12e800f1a26f38ba82c5792bfc302298	1	282593	player+silence	uade	Protracker	0	363028	e9a47c87	99d82e5b	Soundstudio V1/MODULES/VARIOUS/T/the vortex
130e6855d996291b19c2af4b0d1f9ca8	1	189774	player+silence	uade	OctaMED MMD1	0	339900	8a34ae12	a9126a54	Soundstudio V1/MODULES/MED-4ch/A/Alien_Zone
1311f651fa0f4df4152369706cb8a046	1	235411	player+volume	uade	Noisetracker 1.x	0	222058	4a76122e	83e9e6c7	Soundstudio V1/MODULES/VARIOUS/A/aziedrevolution
1333eb68eb9421c8284e4905b77a200a	1	313716	player+silence	uade	OctaMED MMD1	0	450324	905267e0	9aec8918	Soundstudio V1/MODULES/MUG-MEMBERS/Ben Thomas/King-For-A-Day
1337ec78a123dee5c69c18b9da59da5c	1	160091	player	uade	OctaMED MMD2	0	68042	54d6c868	e47d3911	Soundstudio V1/MODULES/MUG-MEMBERS/Reg Simpson/Aquarius
136f3525deb8f8a12321283c9ce1904e	1	442205	player+silence	uade	Protracker	0	213148	db440132	db6dcb56	Soundstudio V1/MODULES/MUG-MEMBERS/Fabio Barzagli/CheGuevara
1397a9d013fbb85c481f849f1628f024	1	295876	silence	uade	OctaMED MMD2	0	149778	82d8b5c7	b490a74f	Soundstudio V1/MODULES/MUG-MEMBERS/Greg McLaughlin/Elusive
13b3aafbccd4eaad568f36caf2d93181	1	129403	player+silence	uade	OctaMED MMD1	0	121216	6fe932d8	3781da50	Soundstudio V1/MODULES/MUG-MEMBERS/Andy O'Brien/oh_yeah
13b515dda517cf0a06d2735b2422b480	1	328722	player	uade	OctaMED MMD1	0	432858	525ec0a7	5332eebc	Soundstudio V1/MODULES/MUG-MEMBERS/Jimmy Geatches/RaidoverMoscow
13c462bb0c2b67e02bb195110e7dd278	1	143392	player	uade	Protracker	0	199366	eac7dc5a	ddc023aa	Soundstudio V1/MODULES/VARIOUS/R/raising_hell
13e9aa230c72e9c64cd99b034a47eb08	1	31708	player	uade	OctaMED MMD1	0	31254	37410a57	e8584a76	Soundstudio V1/MODULES/MUG-MEMBERS/Rudi Samborski/The_ELEVEN
143338de864516a3fd9b432665654f0c	1	121088	player	uade	Protracker	0	322626	8c0a7ee4	8960cce1	Soundstudio V1/MODULES/MUG-MEMBERS/Fabio Barzagli/dalDentista
14578a9b9cc897e166e98cc1d0991084	1	103907	player	uade	Protracker	0	163066	354378b5	5a1b1f1d	Soundstudio V1/MODULES/VARIOUS/D/Destruct
14664bd338280bb184c3ac7fa99edb61	1	298942	player	uade	Protracker	0	137538	4e178c93	77d9bc20	Soundstudio V1/MODULES/VARIOUS/G/galactosidate
14695e4305a883c0d9785dd80077507f	1	265152	player+silence	uade	OctaMED MMD1	0	434572	d44acf22	43f78f4f	Soundstudio V1/MODULES/MUG-MEMBERS/Fabio Barzagli/Evocation-FBY
149b1858eb4f488d94d1d9dab2800f97	1	235998	player+silence	uade	OctaMED MMD1	0	230840	67e33071	b58fb66b	Soundstudio V1/MODULES/MUG-MEMBERS/William Quinn/On the Ropes
14abd4f93a1e83e024a4b521eec598c1	1	412274	player	uade	Protracker	0	151544	9cd71981	4316ac25	Soundstudio V1/MODULES/VARIOUS/H/houseii
14e85880236b0d0afc00db45268f2fc7	1	221559	player	uade	OctaMED MMD1	0	151680	ae264e70	29da3d86	Soundstudio V1/MODULES/MUG-MEMBERS/Tom Cozzolino/Amiga
1505e92af634fe0275263128afc8bf69	1	428128	player	uade	Protracker compatible	0	175962	02afe75b	f24860d7	Soundstudio V1/MODULES/VARIOUS/A/armada
1505e92af634fe0275263128afc8bf69	2	381570	player
1505e92af634fe0275263128afc8bf69	3	381570	player
1553c22974c13e7fbc1be67710934eae	1	146045	player	uade	Protracker	0	61744	88c5e8ac	7106fc2f	Soundstudio V1/MODULES/VARIOUS/C/croool
15547b71cd011a5ce5b72fc2a5159fa0	1	554380	player+silence	uade	OctaMED MMD1	0	337018	0a363044	afe3698d	Soundstudio V1/MODULES/MUG-MEMBERS/Michael Hunt/Shadowdance
155db96601a5e181be4afb62a145c270	1	46156	player	uade	OctaMED MMD1	0	56134	2d8d4d4f	a39b52f9	Soundstudio V1/MODULES/MED-4ch/B/Busy-Body
1564cc60557f5671553b5983f730c8da	1	719274	player	uade	OctaMED MMD2	0	630722	99764a7d	697f5658	Soundstudio V1/MODULES/MUG-MEMBERS/William Quinn/StrangerThanLife(1Meg)
1571050e44a2c13b0894f89a583f500c	1	224131	player	uade	Noisetracker 1.x	0	109134	6a415a23	580c8379	Soundstudio V1/MODULES/VARIOUS/C/cm1-nova
1571f7022c927141dbfc4150980269e0	1	296631	player	uade	OctaMED MMD1	0	84884	eee86b04	bf8663f5	Soundstudio V1/MODULES/MUG-MEMBERS/Trank Mast/Bogus_Brugtake
158e4555bbc27babd49afd833f57bdf6	1	227125	player	uade	Protracker	0	185550	eb79690d	83084928	Soundstudio V1/MODULES/VARIOUS/K/know-wot
15a1c7e857388362a832a0348dcb4100	1	131037	player+silence	st3play	Scream Tracker 3.00 (GUS)	12	264066	2a8813c3	908d100a	Soundstudio V1/MODULES/S3M/C/Crystal Dragon
15a1c7e857388362a832a0348dcb4100	2	14864	player+silence
15b5a8b087167aab173a460f6ddf479a	1	33858	player	uade	OctaMED MMD1	0	178206	62e305fc	abc2926a	Soundstudio V1/MODULES/MUG-MEMBERS/Ben Thomas/Airwolf
15b7c300602e5de045ea65833b73051e	1	140052	player+silence	uade	OctaMED MMD1	0	60474	96a79ff2	4ef57001	Soundstudio V1/MODULES/MUG-MEMBERS/William Quinn/TENAJ_8
15fa2643f82155045205efe2e24bf5af	1	285619	player	st3play	Scream Tracker 3.00 (GUS)	8	179734	89594a5d	54c9335f	Soundstudio V1/MODULES/S3M/R/Rama Gardens
1600531eb3723caa20491d77f50107b5	1	173373	player	uade	OctaMED MMD1	0	150682	757bb0fc	cee33dcc	Soundstudio V1/MODULES/MUG-MEMBERS/Michael Richmond/Techno-Comets
1607bcc18ba43a71223752bf8daddefa	1	272108	player+silence	uade	OctaMED MMD1	0	577412	68a1934e	6c17b8c8	Soundstudio V1/MODULES/MED-4ch/I/IchHabeHass
161a632879851d8b421f57974bed6fad	1	207493	player	uade	Protracker compatible	0	57624	8963c147	75335487	Soundstudio V1/MODULES/MUG-MEMBERS/Michael Ward/Breath-Of-Fresh-Air
163e304454b9d074636de1dc84cbb6a3	1	48125	player	uade	Protracker	0	98412	ecb5650d	1388a0c0	Soundstudio V1/MODULES/VARIOUS/M/midnight express slow
1686a59972acbcd66fe4ca10e9c60a7b	1	26745	player	uade	OctaMED MMD1	0	122758	9255111f	93b641f2	Soundstudio V1/MODULES/MED-4ch/P/Play-Daze
16948fa8ac51e8456ed26fbafcdb67cc	1	331908	player+silence	uade	OctaMED MMD2	0	250708	8c9b6990	23941ac4	Soundstudio V1/MODULES/MUG-MEMBERS/Carl Barry/Exasperation
16991e74abf39582d166ac8eb210be40	1	268620	player	uade	OctaMED MMD1	0	193884	aba348bd	e199092c	Soundstudio V1/MODULES/MED-4ch/A/Asia-sgn
16bc8e17ab130ef6038c563e7984df41	1	142809	player	uade	Protracker compatible	0	119477	72a4b66f	b02d76ef	Soundstudio V1/MODULES/VARIOUS/N/Noname2
16dbeb74f1c10881e9a7852cc602ef04	1	12622	silence	uade	OctaMED MMD1	0	156392	481dfdbb	1f816938	Soundstudio V1/MODULES/MIDI/Asif Ali/MMD1/Churchyard.MMD1
16e9d4d5d3e7f3f5d850a427f424ae8d	1	162984	player	uade	OctaMED MMD1	0	143766	2e397875	321c6a20	Soundstudio V1/MODULES/MUG-MEMBERS/William Quinn/TENAJ_2
177525b0e2644d3895061f4fa5356bb0	1	169555	player	uade	OctaMED MMD1	0	76342	0e826fed	4ea60ca0	Soundstudio V1/MODULES/MUG-MEMBERS/Johs Ringheim/CornFlakes
177650e7abf953f28454b9295813d061	1	180089	player+volume	uade	Protracker compatible	0	123204	03d25a7a	48378fe0	Soundstudio V1/MODULES/VARIOUS/H/hellrunner
17769e8cf72624c28bd5f85caaf59e7a	1	200159	player	uade	OctaMED MMD1	0	229688	d4c69b1f	ca60ab9a	Soundstudio V1/MODULES/MUG-MEMBERS/Tom Cozzolino/MetallCreepinDeath
17850089c3ef2dae50a33e974dd519db	1	173910	player+volume	uade	OctaMED MMD1	0	153696	d11bd2f7	10ce4e3d	Soundstudio V1/MODULES/MUG-MEMBERS/William Quinn/Axel-F
1791e46b73eb0809217e1c492f9202cf	1	218444	player+silence	uade	OctaMED MMD2	0	109164	95c35360	a27229af	Soundstudio V1/MODULES/MUG-MEMBERS/Michael Richmond/SamuraiSunrise
17abf7b15d591a8afda7764d99f1db6b	1	147793	player	uade	OctaMED MMD1	0	101332	248a4482	b6e9badb	Soundstudio V1/MODULES/MED-4ch/D/Deuteronomy
17b76210188f5d1bdbc5eb5cf46ed3b2	1	356462	player+silence	uade	OctaMED MMD2	0	190282	3432c482	3e85db35	Soundstudio V1/MODULES/MUG-MEMBERS/Carl Barry/MusicIsOurFuture
17c2b299f5a524ceb2d5488780049a72	1	267776	player	uade	OctaMED MMD1	0	114652	cdba736d	3d7c046e	Soundstudio V1/MODULES/MUG-MEMBERS/William Quinn/Overloaded II
17dd120ef98678ef69051aac2020a1d9	1	203635	player	uade	Soundtracker II (31 instr.)	0	79750	1858171e	4acbf2c2	Soundstudio V1/MODULES/VARIOUS/A/approach
17eda6027dfa58a3c86433ab2787bf5f	1	146045	player	uade	Noisetracker 1.x	0	95268	0091128e	4ec8db2a	Soundstudio V1/MODULES/VARIOUS/Q/quantum6
182bcd29b1dcbdc262dcfe96672a5c62	1	181920	player+silence	uade	OctaMED MMD0	0	292092	0e76f882	bf4877a2	Soundstudio V1/MODULES/MED-4ch/A/Act-t-vate
1839e8cf1e3582ecac5775daa021f021	1	357151	player+silence	uade	Protracker	0	332208	739d8bc7	54a04cb1	Soundstudio V1/MODULES/VARIOUS/P/Progress
186e1850d513952fe781efaec4fed3b5	1	175302	player	uade	OctaMED MMD1	0	51074	f865e3a2	44199286	Soundstudio V1/MODULES/MUG-MEMBERS/Trank Mast/Grime
1879f19e8e3ce27ad2f0507d17896dab	1	270267	player	uade	OctaMED MMD2	0	145820	cf9fdb4b	19488533	Soundstudio V1/MODULES/MUG-MEMBERS/Paul Monahan/M101
18a6b3f1e923226ccde0c9527c165b3b	1	288099	player+silence	uade	OctaMED MMD1	0	155350	5625484e	638ad8ce	Soundstudio V1/MODULES/VARIOUS/L/lsd-user
18f3b604310bff0413fdc0631787e7ff	1	199315	player	uade	OctaMED MMD1	0	227082	1a528fc5	b021eeff	Soundstudio V1/MODULES/MUG-MEMBERS/Paul Arp/THEM
195ca0c95b072d7dde2e8dd6cdef3d13	1	195723	player+silence	st3play	Scream Tracker 3.01 (SB)	16	127728	d78e2b07	d5fde0fd	Soundstudio V1/MODULES/S3M/S/sndstrm.s3m
19768ad7a76d98a385342121b5d21a68	1	270810	player	uade	OctaMED MMD1	0	284804	c4868217	85e29aaf	Soundstudio V1/MODULES/MUG-MEMBERS/Paul Spark/Fuzzy Business
1995e746df21261de5e1299092d08532	1	235572	player+silence	st3play	Scream Tracker 3.01 (SB)	9	1023746	cf85c194	d954fcdc	Soundstudio V1/MODULES/S3M/P/possess.s3m
19a824ec122162fccab311bc26575f17	1	130974	player	uade	OctaMED MMD1	0	58946	1c556aa1	994d3681	Soundstudio V1/MODULES/MUG-MEMBERS/Roger O'Farel/Rooster-Of-Arabia
19b0bf516cfdc55321c65e323226a624	1	249787	player+silence	uade	OctaMED MMD1	0	188030	89f5df7c	a51a0a81	Soundstudio V1/MODULES/MUG-MEMBERS/Dean Murray/The Darkling Lords
19cf99539d9e2e85f56577896547ea55	1	314857	player+silence	uade	OctaMED MMD2	0	126956	ea2efee7	c8d7cfba	Soundstudio V1/MODULES/MUG-MEMBERS/Les Hodson/Radar
1a08f3b9c0095be28be784a3d5052ad0	1	248164	player	uade	OctaMED MMD3	0	830768	8642a1a4	97aa207b	Soundstudio V1/MODULES/S3M/S/SHESPEAK.S3M
1a37bbde599308d497e834a910bfc36d	1	117631	player	uade	OctaMED MMD1	0	66870	56f323cf	cdba99dc	Soundstudio V1/MODULES/MUG-MEMBERS/Steven Gane/ContentedBlues
1a41a1eaefb16fab2e034521152dabef	1	136620	player	uade	Protracker	0	669340	fad6895e	25d78905	Soundstudio V1/MODULES/MED-4ch/S/Spaceman-Remix
1a59bb680bf34524b09e029efada2707	1	498920	player	uade	Protracker	0	138946	b15ff2df	fcc00559	Soundstudio V1/MODULES/VARIOUS/J/just freedom
1a7f6b034233bd0c489144abad4ffcdb	1	281199	player	uade	OctaMED MMD1	0	245824	7e4794dc	2e9a7df1	Soundstudio V1/MODULES/MUG-MEMBERS/Steven Gane/LivingInPain
1a7f6b034233bd0c489144abad4ffcdb	2	6751	player
1a91edbb6052117e09b90c7db41c1650	1	325181	player+silence	uade	OctaMED MMD1	0	701286	74271839	1bf1876d	Soundstudio V1/MODULES/MUG-MEMBERS/Sean O' Farrel/Angel
1ad6cebcd89cdd87aa7c84f65f2a2597	1	296129	player	uade	Protracker compatible	0	96956	9ae49a90	79c7f66a	Soundstudio V1/MODULES/VARIOUS/S/slappy
1b213edc188908be6f5df6b25004f54d	1	85481	player	uade	OctaMED MMD1	0	69460	a22abecb	b239fcc2	Soundstudio V1/MODULES/MED-4ch/V/Vertigo
1b22c022216fe8f30019de184f86030e	1	515701	player+silence	uade	OctaMED MMD1	0	267636	2a0094d6	60d9cdac	Soundstudio V1/MODULES/MUG-MEMBERS/Michael Hunt/NoComebacks
1b452f6741901471c728c9b9e58efc67	1	292526	player+silence	uade	OctaMED MMD2	0	247474	2a4cfa82	4cdcae5c	Soundstudio V1/MODULES/MUG-MEMBERS/Chris Cousins/NewProj2
1b455192174667943a3264e63d9518d4	1	138750	player	uade	OctaMED MMD1	0	24606	a92c0ec2	138498dd	Soundstudio V1/MODULES/MUG-MEMBERS/Ben Thomas/Twinkle
1b455192174667943a3264e63d9518d4	1	138750	player	uade	OctaMED MMD1	0	24606	a92c0ec2	138498dd	Soundstudio V1/MODULES/VARIOUS/T/Twinkle
1b4c123e540976a585883c6f70e1bce7	1	155650	player	uade	Protracker	0	91096	df00aba3	1647581b	Soundstudio V1/MODULES/MUG-MEMBERS/Fabio Barzagli/Brasileiro
1b5004153bd157a3a02ef4674369957d	1	158563	player	st3play	Scream Tracker 3.00 (SB)	5	200503	8e1db830	09b9ab71	Soundstudio V1/MODULES/S3M/M/Mangrove
1b5004153bd157a3a02ef4674369957d	2	17883	player
1be67ece23c08c315af701a9aa22303b	1	177231	player	uade	Protracker	0	277280	fc9d0f29	0fe3774c	Soundstudio V1/MODULES/VARIOUS/O/orgasmod
1bfc2eba2c562741b8b0973de0bb83d5	1	199258	player+silence	uade	Noisetracker 1.x	0	162014	5a496eb3	557bce74	Soundstudio V1/MODULES/VARIOUS/B/blackmoremore
1c0ad7509983ac13c9c7e1743491e5c1	1	259457	player	uade	OctaMED MMD2	0	231274	c81f8398	085cf878	Soundstudio V1/MODULES/MUG-MEMBERS/Michael Duncombe/StormBeforeTheLull
1c4210dadce046fdd7feb0a326aa7e73	1	161156	player	uade	OctaMED MMD1	0	44886	0206e6b5	69f5dc22	Soundstudio V1/MODULES/MUG-MEMBERS/Paul Spark/Echoing
1c8e7fd890a209fd27ddbb1efcefce97	1	230282	player+silence	uade	Protracker	0	105054	10802edf	9191b58c	Soundstudio V1/MODULES/MUG-MEMBERS/Fabio Barzagli/Chord
1cc6d311f20f18dedd57ba689963db2c	1	860054	player+silence	uade	Protracker	0	267880	83496406	c9e72210	Soundstudio V1/MODULES/VARIOUS/L/learning to live
1cda6e9f2539e3fe16a2def1d2e719ec	1	249410	player	uade	Protracker compatible	0	102288	6f931a31	c576257a	Soundstudio V1/MODULES/VARIOUS/I/imponert.3
1ce8d2ab9a72c3f44c64f87baf26f50b	1	178055	player	uade	OctaMED MMD1	0	153798	03cfbe06	0b93da8f	Soundstudio V1/MODULES/MUG-MEMBERS/Reg Simpson/Blues_Dans_Le_Blues
1d232c1699e1f1430e1e0ab51331bca1	1	30824	player	uade	Protracker compatible	0	28480	c3c85c2a	9aa63bd6	Soundstudio V1/MODULES/VARIOUS/P/prettyflowers
1d76cff6d1e962ca0e829f912485da99	1	227461	player+silence	uade	Protracker	0	264102	2f04c06f	1c56b826	Soundstudio V1/MODULES/VARIOUS/G/gryfunk is back
1d811ac5212127ae9195d188f39f3d31	1	528017	player	uade	Protracker	0	523874	062a8b1b	f697f879	Soundstudio V1/MODULES/VARIOUS/G/geyers_module_95
1d870447fd67382883385fdc2b12d1f1	1	92413	player	uade	OctaMED MMD1	0	60938	74653504	333be44e	Soundstudio V1/MODULES/MUG-MEMBERS/Roger O'Farel/Comb-Dancing
1d9a33ea68dca532c9ad187420c17618	1	75501	player+silence	uade	OctaMED MMD2	0	228316	84932eef	60fddba5	Soundstudio V1/MODULES/MED-4ch/W/When_she_talks
1dc7e7b86126615e763e64c914104e0b	1	214959	player+silence	uade	MED4 (4ch)	0	265838	86a787d4	4f18934a	Soundstudio V1/MODULES/MUG-MEMBERS/Tony Horgan/Charly
1dcb3e10c70395cf935fa66f0955ab00	1	287307	player	uade	OctaMED MMD1	0	131034	ec35d909	045fd3d4	Soundstudio V1/MODULES/MUG-MEMBERS/Trank Mast/Crimson_Shellsuit
1e2aeacbf572126485ddc637dfacfba2	1	303021	player	st3play	Scream Tracker 3.01 (SB)	8	349878	18e93faf	d192849c	Soundstudio V1/MODULES/S3M/H/highway.s3m
1e2d530ea13dab7ec3c5e9a7433370fa	1	225116	player	uade	Protracker	0	498626	d4e9c047	76cf718d	Soundstudio V1/MODULES/VARIOUS/A/ah-ah
1e3f8023c4433d105f05857e941823ca	1	146386	player	uade	OctaMED MMD1	0	162806	b76a02b2	f8faf2cb	Soundstudio V1/MODULES/MUG-MEMBERS/Les Hodson/PanPipeQuickie
1e61cc69a877ab9640ed57f64db54800	1	142487	player+silence	uade	Protracker	0	342300	94a14cea	f0c84f99	Soundstudio V1/MODULES/VARIOUS/U/unbored fantasies
1e7d19bd07c32070de2793a3e18d9125	1	335448	player+silence	uade	OctaMED MMD1	0	522784	ef490e84	c81519b7	Soundstudio V1/MODULES/MED-4ch/R/Rock-It-Up
1e7d19bd07c32070de2793a3e18d9125	1	335448	player+silence	uade	OctaMED MMD1	0	522784	ef490e84	c81519b7	Soundstudio V1/MODULES/MUG-MEMBERS/Matt Mclellan/Rock-It-Up
1e9c33c32eaa60550097b673d32b6f56	1	237052	player	uade	OctaMED MMD1	0	154428	4e1ebfae	325aacfa	Soundstudio V1/MODULES/MUG-MEMBERS/Ben Thomas/Roulette
1e9ca112e29ed2cb0bba0f0d34d457c7	1	215933	player	uade	OctaMED MMD1	0	192360	12d920bf	d76d25ae	Soundstudio V1/MODULES/MUG-MEMBERS/Ben Thomas/A-Call-To-Arms
1ec3b6e5cfd02b4fab4ea39c3b2bafa7	1	210233	player+silence	uade	OctaMED MMD2	0	153522	e6969276	dbbb179e	Soundstudio V1/MODULES/MUG-MEMBERS/Phill Morris/TrekIII
1ed0628007d3291d6f7c29b50aed39c6	1	324268	player+silence	uade	OctaMED MMD2	0	119098	3ebe2efb	c70996a1	Soundstudio V1/MODULES/MUG-MEMBERS/Dave Sullivan/The Fugitives
1f1bfd2774639920da763c52717c7e38	1	288071	player	uade	OctaMED MMD0	0	294400	c3330d48	544bf65f	Soundstudio V1/MODULES/MED-4ch/L/Leimleitmedvielenkoiken
1f3a7417f4f7468594f83fa71348f49a	1	222845	player	uade	Protracker compatible	0	94734	b5cea569	c81f355d	Soundstudio V1/MODULES/VARIOUS/M/masqrade
1f5e8a5b7f95a68c95fbfcae59e4222d	1	213481	player	uade	OctaMED MMD1	0	57160	0f7b155d	84b5b66b	Soundstudio V1/MODULES/MUG-MEMBERS/Rob Moseley/Somebody
1f61a4f010d9b2ee45025dd9c02c8d6f	1	254453	player	uade	OctaMED MMD1	0	192662	372561bb	3cd50e74	Soundstudio V1/MODULES/MUG-MEMBERS/Jason Mitchell/ThisISTerrible!
1f7196d6034da9fed24324572ce50e47	1	47603	player	uade	Protracker	0	38430	a129385b	a5fb59ef	Soundstudio V1/MODULES/VARIOUS/J/joint
1f96141c6f2ab9e0ab877bd5b76265cd	1	115763	player	uade	Protracker	0	30528	eb6accba	63687f6c	Soundstudio V1/MODULES/VARIOUS/M/menu-zik-tcp
1fdf039b5611b080bac18a6bd6e70e50	1	209904	player	uade	OctaMED MMD1	0	191370	596fc0ac	076e9490	Soundstudio V1/MODULES/MUG-MEMBERS/Dave Sullivan/Astradine
1fdfbec8b23f3c99c54d04f4424a6040	1	106267	player+silence	uade	OctaMED MMD0	0	75064	95f9c30d	697b3187	Soundstudio V1/MODULES/MUG-MEMBERS/John Nasilo/Londons_Burning
2002f0026075cc07445c905069dab50f	1	147827	player+silence	st3play	Scream Tracker 3.01 (SB)	8	180468	4c40174b	317b0fbf	Soundstudio V1/MODULES/S3M/E/elderly.s3m
20488095297fcef28a0c6dbc1d9acf1c	1	0	nosound	uade	OctaMED MMD1	0	87100	7232a5c7	82856050	Soundstudio V1/MODULES/MIDI/Asif Ali/MMD1/Dream.MMD1
207826ac00cc4b49092405089cdf4889	1	0	nosound	uade	OctaMED MMD2	0	86372	d460e891	ffa7dbe1	Soundstudio V1/MODULES/MIDI/Asif Ali/MMD2/HAWK.MMD2
2084df07508590218046cc3e44f2f9b2	1	77001	player	uade	OctaMED MMD1	0	211870	6297a6e2	fd62558b	Soundstudio V1/MODULES/MUG-MEMBERS/Rudi Samborski/YoYo
208b4edb59e4b28cf1f6fba90bebec1a	1	138570	player	uade	Protracker	0	438056	f1dc2965	e9511fa0	Soundstudio V1/MODULES/VARIOUS/B/breakdown
20b945f14e79b11ca7a7a680095fc74b	1	117471	player	uade	OctaMED MMD1	0	55486	e575f1e0	31929bbd	Soundstudio V1/MODULES/MUG-MEMBERS/Ben Thomas/MegaBall-GameOver
20c581ab7b18a02b103474a19c77e26e	1	229179	player+silence	uade	OctaMED MMD2	0	364612	c6385296	283f1029	Soundstudio V1/MODULES/MUG-MEMBERS/Ian Chisholm/Cabani
20d3f151b304d15ac85be48c06db4926	1	177231	player	uade	OctaMED MMD0	0	282018	716b9bed	7140cd42	Soundstudio V1/MODULES/MED-4ch/V/Verarscht!
20e3ae7aaae437ff5780bc67237c6173	1	146045	player	uade	Protracker	0	153412	df524f9b	022e3979	Soundstudio V1/MODULES/VARIOUS/I/industry2
20fd793e72c3145cbfc7fa67d342bbd9	1	109131	player	st3play	Scream Tracker 3.00 (SB)	8	133443	2f1016ef	1de654bc	Soundstudio V1/MODULES/S3M/S/Symphony.S3M
21066b17541ebaa24549021a22f0e438	1	236895	player+volume	uade	OctaMED MMD1	0	409474	0bde7c32	3abad59d	Soundstudio V1/MODULES/MUG-MEMBERS/Rob Moseley/Master+Servant
211c32d4c6286ddd4aab01377dc7a58a	1	244386	player	uade	OctaMED MMD1	0	128666	8fa45db4	97e7c355	Soundstudio V1/MODULES/MUG-MEMBERS/Les Hodson/AmiganVegan
2124f03ac3b1cf3a939dbe1c9ed3b542	1	16678	player	uade	Protracker	0	27532	965e0742	f0b28487	Soundstudio V1/MODULES/MUG-MEMBERS/Fabio Barzagli/HNK-Desert
213f42445b8f7915c8dba9e78777c3a1	0	185195	player+silence	libopenmpt	Scream Tracker 3.00 (GUS)	25	333419	08b2d1a4	0c874456	Soundstudio V1/MODULES/S3M/L/LOLLIPOP.S3M
218fe81d1ac192e0cd49f28feec4a9e3	1	102692	player+silence	st3play	Scream Tracker 3.01 (GUS)	8	149296	f12c0322	506f5e59	Soundstudio V1/MODULES/S3M/G/gnaw.s3m
21dd33905346dd7fe8cf8b7d4146735a	1	203956	player	uade	OctaMED MMD1	0	75932	eea81f29	a6e2df77	Soundstudio V1/MODULES/MED-4ch/L/LastFrontier
220237509cade92bdefa2fb39618cfc6	1	179043	player+silence	uade	Protracker compatible	0	137148	9b89fede	12f67d20	Soundstudio V1/MODULES/VARIOUS/X/xenophobe-title
2205aec025b069b763e0922177b123f5	1	375579	player+silence	st3play	Scream Tracker 3.01 (GUS)	6	218027	f439bef2	13e0d593	Soundstudio V1/MODULES/S3M/S/slfinsol.s3m
2215d7c0e7182c2688943bd396778815	1	350213	player+silence	st3play	Scream Tracker 3.01 (GUS)	16	373024	31f3c996	80b8dd3f	Soundstudio V1/MODULES/S3M/G/genplasm.s3m
222383c753a08b9e29f6d1def633f1e6	1	306718	player	st3play	Scream Tracker 3.01 (SB)	16	340053	e2620416	803df2d3	Soundstudio V1/MODULES/S3M/M/MBM.S3M
2246f68cb2be2885ce33164e2fa0a595	1	184947	player	uade	OctaMED MMD1	0	64920	e128e9b2	053b2246	Soundstudio V1/MODULES/MUG-MEMBERS/Trank Mast/Sex,Booze_and_Video_Games
22489262c9df69ee554d658e4f4c3d72	1	234950	player+silence	uade	OctaMED MMD1	0	102406	96b7e672	78b613c5	Soundstudio V1/MODULES/MUG-MEMBERS/William Quinn/Pleasure_Principle_Mix
2264d66baa917abd1fd18d507520e750	1	152515	player	uade	OctaMED MMD2	0	156626	e0aeb9d2	df4a8a44	Soundstudio V1/MODULES/MUG-MEMBERS/Dean Murray/Drum_Song
22677d046d75541ba0c68f8915d29210	1	212979	player	st3play	Scream Tracker 3.01 (GUS)	11	302252	2ae8cb84	76666d0a	Soundstudio V1/MODULES/S3M/G/god.s3m
22ad2e835bed4a0f7b21e74886caaca8	1	285519	player	uade	OctaMED MMD1	0	214378	04507e35	b974d32a	Soundstudio V1/MODULES/MUG-MEMBERS/Mark Nottingham/DoYouFeelAlright?
22d766ddffab9cee6d9cf30b57578975	1	80437	player	uade	Protracker	0	71096	11a03a93	1eaef6ea	Soundstudio V1/MODULES/MUG-MEMBERS/Fabio Barzagli/RockingCheap
22e674b992d37a6fb71b3cdf4e194376	1	183159	player	uade	OctaMED MMD2	0	309270	474fd69f	94f045f8	Soundstudio V1/MODULES/MUG-MEMBERS/Steven Gane/Glow
22e890b912fe311ac2574383eafa2efc	1	223789	player	uade	Protracker	0	214054	809c4e5f	505661d8	Soundstudio V1/MODULES/VARIOUS/B/blaster_agony
230a4f5dcbd17218ac10f2862071d339	1	383398	player+silence	uade	OctaMED MMD1	0	405760	abdb0413	110b4412	Soundstudio V1/MODULES/MED-4ch/F/FollowtheWaves
230d47127e65d2470ba7ea1816233b1d	1	123258	player	uade	OctaMED MMD1	0	44874	0efa1f97	b4550dc2	Soundstudio V1/MODULES/MUG-MEMBERS/Trank Mast/MuchNicerThan
23322433cdbf96a55ab8835ffd6a3de1	1	162060	player	st3play	Scream Tracker 3.01 (SB)	16	213944	8aac2fd0	46bbc1a4	Soundstudio V1/MODULES/S3M/B/bedlam3.s3m
234cd375dc222a176e322ced52da2761	1	170231	player+silence	uade	OctaMED MMD1	0	169080	e3898bb9	fec80df8	Soundstudio V1/MODULES/MUG-MEMBERS/Reg Simpson/AutomaticLover
2361e4d4d10d7be5e04609359936cde3	1	194170	player	uade	OctaMED MMD1	0	86768	d652713c	17a24828	Soundstudio V1/MODULES/MED-4ch/D/DontBe
23764ee90d0476135158a5c518f7e67f	1	242055	player	uade	Protracker compatible	0	130382	7ab534f4	45ea99ca	Soundstudio V1/MODULES/VARIOUS/C/creamoftheearth
2384f0f52f0b9fc9110301156930fe77	1	61588	player	uade	MED4 (4ch)	0	38650	4c874e6d	fdd2f232	Soundstudio V1/MODULES/MUG-MEMBERS/Martin Ayers/SHIVERS
238caa1b8c0de63b0763fa648fff23ec	1	155409	player	uade	OctaMED MMD1	0	129764	039c5037	cd39908e	Soundstudio V1/MODULES/MUG-MEMBERS/Ben Thomas/Wild-World
238caa1b8c0de63b0763fa648fff23ec	1	155409	player	uade	OctaMED MMD1	0	129764	039c5037	cd39908e	Soundstudio V1/MODULES/VARIOUS/W/Wild-World
239549b05ec865471c39badf8cb2c82d	1	219217	player+silence	uade	OctaMED MMD1	0	241694	0ae19127	f83c46e9	Soundstudio V1/MODULES/MUG-MEMBERS/Paul Spark/NeverAgain8ch
239adb4923f5885111cb98c62cea7a4e	1	69224	player	uade	Protracker compatible	0	75688	f1083a6b	6cfa640b	Soundstudio V1/MODULES/VARIOUS/T/travellin' mind 3
240fef8b55f2e78ba17822d1647b3c84	1	214984	player+silence	uade	Protracker	0	173022	0d4368d4	68a6e67d	Soundstudio V1/MODULES/VARIOUS/I/imposssible
241059996518294beecaa0bb10e65631	1	140435	player+silence	uade	MED4 (4ch)	0	151319	92ad9dda	03864976	Soundstudio V1/MODULES/MED-4ch/L/Lightsong
241a6308d19f9ed544046f5afb3da425	1	255498	player	uade	Protracker compatible	0	105104	f670e40b	ff1d5d03	Soundstudio V1/MODULES/VARIOUS/J/jamboree
243ccae8111ba968578fb6d7ca61ce07	1	154102	player	uade	OctaMED MMD1	0	63824	5918b7b0	8db0438c	Soundstudio V1/MODULES/MUG-MEMBERS/M.Richmond and J.Paddison/At_The_Moment
2444cb1cd5c66c89b61ee6db558f7519	1	118048	player+silence	st3play	Scream Tracker 3.01 (SB)	16	118933	5c76d439	4333b4a6	Soundstudio V1/MODULES/S3M/B/bday.s3m
245efde1fa4b408a4482ce6156d5da03	1	182978	player+silence	uade	OctaMED MMD1	0	832112	318eef4f	00b26548	Soundstudio V1/MODULES/MUG-MEMBERS/ABC - Vocal Mods/Find-The-Time-94
246664f44e4c39e62c5968cf534f52c0	1	141142	player	uade	OctaMED MMD1	0	48604	b9fd8699	21d4d75c	Soundstudio V1/MODULES/MED-4ch/A/AdagioCantabile
24dec3c80ad9bf5105c7c9aa161bfe34	1	202623	player+silence	st3play	Scream Tracker 3.01 (GUS)	8	219644	cd8ca21f	c2f8401b	Soundstudio V1/MODULES/S3M/I/infinityc.s3m
24ff089f82e4bb8a3d337a8e3fc840ea	1	255733	player+volume	uade	Protracker	0	250318	48928e98	9148d98f	Soundstudio V1/MODULES/MED-4ch/D/DreamingOfAliensII
250690b31100834cbddf37412b5095a9	1	127116	player	uade	OctaMED MMD1	0	61542	2540202a	5b2897bd	Soundstudio V1/MODULES/MUG-MEMBERS/Les Hodson/CandyFloss
250ce6df47850a39553ef31240d565b0	1	214003	player	uade	Protracker	0	97492	c35e3418	2b76cbd8	Soundstudio V1/MODULES/MUG-MEMBERS/Fabio Barzagli/Hard-Rock
2513097c37e853fc7a7bc48d04f8129a	1	238377	player+silence	uade	OctaMED MMD2	0	591284	49bc7901	8a62149e	Soundstudio V1/MODULES/MUG-MEMBERS/Matt Mclellan/Idol
25274d10e4696057e398c8b34d9e60c9	1	401206	player+volume	uade	OctaMED MMD1	0	292722	2ab6d2dc	576a47e8	Soundstudio V1/MODULES/MED-4ch/G/Gimme-A-Jungle
256e792da0719bf62664b9a4b22fd1f8	1	66512	player	uade	Protracker	0	83814	7a289f6d	ee2fb2d6	Soundstudio V1/MODULES/VARIOUS/R/running
2574e9625b53927a6341de25209db04e	1	347372	player+silence	uade	Protracker compatible	0	598476	223d8e8d	009d83b5	Soundstudio V1/MODULES/VARIOUS/S/Slaminparty
25bde28feffc0eee4ee58bba2e3ab061	1	228372	player+silence	uade	OctaMED MMD1	0	126688	5fe07e25	6edc0e53	Soundstudio V1/MODULES/MUG-MEMBERS/Ross Couch/Gonna_Kick_It
25be5c2b7e9eeacd24ffd2819cad0898	1	143857	player+silence	uade	OctaMED MMD1	0	293144	61b5c4d4	1dd38ca9	Soundstudio V1/MODULES/VARIOUS/T/Tribute to kurt cobain
25d27078ae55be4d4d4056544b213588	1	234713	player+silence	uade	Protracker	0	345504	17f321c3	db63ec6c	Soundstudio V1/MODULES/VARIOUS/C/cm3-theseed
25d56ee74bd996ab3d7abc9ce8a6b6d7	1	205545	player+silence	uade	OctaMED MMD1	0	348856	d30be0c7	75bcf044	Soundstudio V1/MODULES/MUG-MEMBERS/Rob Moseley/St.Jarna
25eca11600612fc627abc94855767b8b	1	138248	player	uade	OctaMED MMD1	0	86966	d88cbe05	30e7f8ea	Soundstudio V1/MODULES/MUG-MEMBERS/Michael Richmond/DarkFiction
263df875956eeab813e05ab46c0031da	1	225259	player+silence	uade	OctaMED MMD1	0	288250	923ec539	477ee31b	Soundstudio V1/MODULES/MUG-MEMBERS/Rob Moseley/SadMan
266011dd423db964aeb92e97da6f88ad	1	80156	player	uade	OctaMED MMD1	0	404452	8290e7ee	be447914	Soundstudio V1/MODULES/MED-4ch/K/Kantri_Federica
2667071ee9c070bb6d8792f8c749ebd3	1	146386	player	uade	OctaMED MMD1	0	150712	80c0c6ad	864bc0ea	Soundstudio V1/MODULES/MED-4ch/B/Big-Tony
266ca3de2e94828bc3d3e25f355943e2	1	194826	player+silence	st3play	Scream Tracker 3.01 (SB)	7	201938	681a248f	474a2ebd	Soundstudio V1/MODULES/S3M/D/disco.s3m
267416247eda641c7be4e09b1ae7ffa9	1	238318	player	st3play	Scream Tracker 3.01 (SB)	10	322828	9f3fbe01	69e0f831	Soundstudio V1/MODULES/S3M/M/mystic.s3m
2677e9614ee68910a3dd3370efa0f2b7	1	215149	player	uade	Soundtracker II (31 instr.)	0	99400	a8337dff	4ca4e260	Soundstudio V1/MODULES/VARIOUS/R/robotron.2
268b3742b8006ddf417ecf04db15b2e7	1	108147	player	uade	OctaMED MMD1	0	30814	da6379f4	9b1c873a	Soundstudio V1/MODULES/MUG-MEMBERS/Tom Cozzolino/I'mTheWorld..
268fbda630d8cb7f648f2a6e40534593	1	15171	player	uade	OctaMED MMD1	0	73748	0eb03d65	d79dc76e	Soundstudio V1/MODULES/MUG-MEMBERS/Dave Sullivan/Guitar-Tune
268feb71a291c15f3079761b5395a193	1	320572	player+silence	st3play	Scream Tracker 3.03 (GUS)	13	846302	c4af6f8c	a5e1d4c8	Soundstudio V1/MODULES/S3M/W/when
268feb71a291c15f3079761b5395a193	2	36893	player
268feb71a291c15f3079761b5395a193	3	22143	player
268feb71a291c15f3079761b5395a193	4	22204	player
2695c832e1c18374cced818fad0f661e	1	52136	player+silence	uade	Protracker	0	50810	42c202e9	dde6e53f	Soundstudio V1/MODULES/MUG-MEMBERS/Fabio Barzagli/HNK-RaulArmy
26db41854d98b331f135ae3947c0b45f	0	307120	player+volume	uade	IFF EMOD	0	901564	972e5bd6	e33da01e	Soundstudio V1/MODULES/VARIOUS/A/Ambient_mellow
26e3447f92c364cfe791aa295f7ae112	1	204419	player	uade	OctaMED MMD2	0	132922	58ec7b66	eb7f5957	Soundstudio V1/MODULES/MUG-MEMBERS/Phill Morris/Dreamer
26eb79416770659e7774bbe2d11a9241	1	77001	player	uade	OctaMED MMD1	0	25694	c7e5e5b4	a99944eb	Soundstudio V1/MODULES/MUG-MEMBERS/Kevin Jones/NewMode
270e961d2d897e57298cbcbe0358163d	1	315102	player+silence	uade	OctaMED MMD2	0	483396	1171b29e	a22d3092	Soundstudio V1/MODULES/MUG-MEMBERS/Ian Chisholm/Day
274273bd5cb1ee6382e69e5b88e05b9e	1	245793	player	uade	OctaMED MMD1	0	175908	49d41cb1	ac891872	Soundstudio V1/MODULES/MED-4ch/F/Fluid
2776174d113cd00dc0b9273db7f84418	1	244848	player	uade	OctaMED MMD1	0	79118	b9be2137	ffe76cd4	Soundstudio V1/MODULES/MUG-MEMBERS/William Quinn/Anthrax_Cut+Mix
278402bb099dd2156bac23397e5825d9	1	137484	player	uade	OctaMED MMD1	0	110080	b0dbaa56	1faf03e7	Soundstudio V1/MODULES/MUG-MEMBERS/William Quinn/THEME_FROM_TENAJ
279b46d86c1e6eb466423dc41680d340	1	309250	player	uade	OctaMED MMD1	0	263464	9ab970ea	3809d90b	Soundstudio V1/MODULES/MUG-MEMBERS/Jason Mitchell/UnsuccessfulParadise
27ab0ccea194d412c5724e21a0596466	1	329900	player+silence	uade	OctaMED MMD1	0	544804	0a4de0f1	1b33f75b	Soundstudio V1/MODULES/MED-4ch/V/VermilionMushroom
27b0de22cf29619b9d68cced9e5f8e25	1	269745	player	uade	OctaMED MMD1	0	81932	0d481a3c	d0402ac2	Soundstudio V1/MODULES/MUG-MEMBERS/Michael Richmond/1992
27b0f9ca3d0464e071a1af7781c7f7ee	1	262109	player	uade	OctaMED MMD3	0	298666	99f22b6f	bbd75b40	Soundstudio V1/MODULES/S3M/R/Resolute.s3m
27b3268249ebbc41f7903709a41ab2f1	1	124544	player	uade	OctaMED MMD1	0	86038	329f838f	e3af0a44	Soundstudio V1/MODULES/MUG-MEMBERS/Dave Sullivan/Funky-Sax
27bc9e0f20fe81e4004e6c1b03d1c8d2	1	111704	player	uade	OctaMED MMD1	0	46860	de9fe13c	436e5d71	Soundstudio V1/MODULES/MUG-MEMBERS/Trank Mast/12"_Inches_Constable_Treltz
27d80f860ca66693addd2af844f80897	1	209669	player+volume	uade	OctaMED MMD1	0	339116	57872e4f	38ce167c	Soundstudio V1/MODULES/MED-4ch/P/PhoneTap
27e424670c99f1606c87d54c9a3c5345	1	134772	player	uade	OctaMED MMD1	0	249468	deab1369	01a3ab8e	Soundstudio V1/MODULES/MUG-MEMBERS/Peter Kwann/Otherday
2826c2eeb4855b309582d3819c525c11	1	237892	player+silence	uade	OctaMED MMD1	0	178556	5755d850	e27b8ef4	Soundstudio V1/MODULES/MUG-MEMBERS/Ben Thomas/Mind-Ambience
282f783161f8f1159933c5acf7ef26c7	1	32432	player	uade	OctaMED MMD0	0	47642	c44ebbed	34109200	Soundstudio V1/MODULES/MED-4ch/B/Baseit
2860e9b8b3d1b175ec59d1e56ba6c045	1	210205	player+silence	uade	Noisetracker 1.x	0	93588	86aef072	71de0ba2	Soundstudio V1/MODULES/VARIOUS/A/arcane
28620a2586b4160447e86252e8e12320	1	121690	player	uade	OctaMED MMD1	0	57618	a6632167	6a70394c	Soundstudio V1/MODULES/MUG-MEMBERS/James Crockett/MidnightMantra
286ece8ebf3e43d22414916ae72ab459	1	425185	player+silence	uade	Protracker	0	546956	753139fa	e2c53fb6	Soundstudio V1/MODULES/VARIOUS/C/cry for bass
288b23395e45ff6183cf2bb987b9e6b6	1	313703	player+silence	uade	OctaMED MMD1	0	178956	6a322555	814ebd8f	Soundstudio V1/MODULES/MUG-MEMBERS/Andy Baxter/BEAUTIFUL_VOICE
289114848bf1ac7a0f0f6ad525fea29a	1	686450	player+volume	uade	OctaMED MMD1	0	272510	dd53b900	02a51a74	Soundstudio V1/MODULES/MUG-MEMBERS/Michael Hunt/Skinless
28dff79c1af9fe88c5197cbd991951b8	1	198879	player+volume	uade	OctaMED MMD1	0	294076	f88192bb	be7dfe46	Soundstudio V1/MODULES/MUG-MEMBERS/Mark Humphrey/CHILDMARE
2904bfebcb49efd687732639ae76d9db	1	99727	player	uade	OctaMED MMD1	0	62448	476015c1	e1fa25a9	Soundstudio V1/MODULES/MED-CLASSICS/Flandia
2908ff4a95e446fd0a667d3c40364335	1	205147	player+silence	st3play	Scream Tracker 3.01 (GUS)	16	220522	2d530558	fa2c438b	Soundstudio V1/MODULES/S3M/A/awake.s3m
29164a38105f4dee22bf7793dc0f649a	1	142578	player+silence	uade	OctaMED MMD1	0	95402	10e6b867	03c7cd2f	Soundstudio V1/MODULES/MUG-MEMBERS/Paul Spark/BASSBUSTER2
2966c13426da398d60fbeb65807f4242	1	252042	player	st3play	Scream Tracker 3.01 (SB)	14	159298	403c8c56	266d7b0d	Soundstudio V1/MODULES/S3M/V/vision.s3m
29733f0e8d6794cadb9d70256a074ed4	1	439863	player	uade	Protracker	0	170714	6867c2d6	a8f4b93a	Soundstudio V1/MODULES/VARIOUS/F/future remembered
29a514dfccbff398a1179bb4054bb531	1	252934	player+silence	uade	OctaMED MMD1	0	161634	011bc145	2c59fe39	Soundstudio V1/MODULES/MED-4ch/A/As_These_Lights_Glow
29a604e20821e76659d195654c734d1e	1	252803	player+silence	uade	OctaMED MMD1	0	168534	08a232f6	453fe6da	Soundstudio V1/MODULES/MUG-MEMBERS/Andy Baxter/SixtyFourReasons
29b1af22de75fd68626c16fa27462727	1	496098	player+silence	uade	OctaMED MMD1	0	966984	d5e72d0b	0541ff84	Soundstudio V1/MODULES/MUG-MEMBERS/Matt Mclellan/Fantasy
29e0b73eb45170e2f59f177d764972ea	1	88475	player	uade	Protracker compatible	0	97424	9e186b3b	524075e9	Soundstudio V1/MODULES/VARIOUS/L/let'sswingit
29e337e1a52862123f9f99c962fa7f0a	1	77782	player+volume	uade	OctaMED MMD1	0	42116	0c9040fc	b251e727	Soundstudio V1/MODULES/MUG-MEMBERS/James Paddison/ClothesShow
2a0e66439d988c6cf3bb01695542fc4c	1	241533	player	st3play	Scream Tracker 3.00 (GUS)	8	157584	6ec60b47	05dc3711	Soundstudio V1/MODULES/S3M/I/INSIDE.S3M
2a3bfef04de02cf188b2f3ac177aa655	1	194503	player+silence	uade	OctaMED MMD2	0	99662	6c3c469f	c39b2a1d	Soundstudio V1/MODULES/MUG-MEMBERS/Andy O'Brien/Simple Riff
2a5ceb70133e9ae29c7aa3f4b25192c0	1	173393	player	uade	OctaMED MMD1	0	120040	b23ed1e0	12b3d1d1	Soundstudio V1/MODULES/MUG-MEMBERS/Roger O'Farel/Here-Comes-Cl-Saunders
2a637e55c684a40a07ba3dd0e4cba3ee	1	261414	player+silence	uade	OctaMED MMD1	0	91926	b364f885	5fa2d3b1	Soundstudio V1/MODULES/MED-4ch/A/A_Silent_Prayer
2ab5b3ab8c5a9517894083110a89a186	1	230541	player	uade	Protracker	0	183808	3568a789	d3c806a9	Soundstudio V1/MODULES/VARIOUS/W/wurlitzer_remix
2ac5a9b552adb2dc001751b95a00ec8c	1	83451	player	uade	OctaMED MMD1	0	280154	fdd233a3	aa544cab	Soundstudio V1/MODULES/MUG-MEMBERS/Dave Sullivan/SH2-plus-Friends
2ac81f8e7ceac239bb2a6b866fa2bc7e	1	131838	player	uade	Protracker	0	197186	cfd5d15d	3ef73a06	Soundstudio V1/MODULES/VARIOUS/S/smile
2ad2f459efb84958c927226f019fe338	1	244667	player	uade	OctaMED MMD1	0	174340	d0c7bb9e	4b5d0f07	Soundstudio V1/MODULES/MED-4ch/S/StinkMeat
2af29d578fa334553ee24792fa654c26	1	268821	player	uade	OctaMED MMD1	0	185276	fd4ae462	c6f69187	Soundstudio V1/MODULES/MUG-MEMBERS/THT/InnisAndJamesBrownGetDown
2af82df5889c568439f04e720897538a	1	161799	player	uade	MED4 (4ch)	0	63299	764e53b3	e3e35790	Soundstudio V1/MODULES/MED-4ch/W/World_surreal
2b4479186e754b27a141a0aee0cde634	1	213240	player	uade	Protracker	0	116852	61a0d497	a420727d	Soundstudio V1/MODULES/VARIOUS/G/good_nihtgmare!
2b88985f631cae966cc1233bb0db31ed	1	354563	player	uade	OctaMED MMD0	0	104056	847eeb77	38edfb59	Soundstudio V1/MODULES/MUG-MEMBERS/Michael Ward/FromNottmToScarbor
2bb0c67c6df6229bdc4c56b384514d00	1	298049	player+silence	uade	OctaMED MMD1	0	339318	0e96fef2	45dcccea	Soundstudio V1/MODULES/MUG-MEMBERS/Rob Moseley/NowhereToHide
2bc34fa9992747a0abcf043e8bd9c88e	1	333114	player+volume	uade	Protracker	0	404942	6d777d47	3ac94974	Soundstudio V1/MODULES/VARIOUS/T/thetasteofrave
2bf80e1d6dae61ce3687632398bef73b	1	263536	player	uade	Protracker compatible	0	336074	edeff5b2	3751783b	Soundstudio V1/MODULES/VARIOUS/L/Last_dance
2c33e01e0be2d8af2e292d46069b3cd5	1	106933	player+volume	uade	OctaMED MMD1	0	58138	e7496ad5	74ceda28	Soundstudio V1/MODULES/MUG-MEMBERS/Bruce Cowie/Phantasm
2c79567763ac3716dc5416a230abca89	1	313752	player+silence	uade	OctaMED MMD0	0	292430	0c3c8eca	13f0c471	Soundstudio V1/MODULES/MED-4ch/A/Anothertrip
2c933d5dc631216d4143d3abd34baad7	1	171775	player+silence	uade	OctaMED MMD1	0	53110	e62b2971	4f9893fb	Soundstudio V1/MODULES/MUG-MEMBERS/Ross Couch/Relax
2c9e79fba8e3d97d62d4573a1ebbd17f	1	212688	player+silence	uade	Protracker	0	101744	5249c659	0607f253	Soundstudio V1/MODULES/VARIOUS/T/three hours
2ca9d2cde8d9a237cc51a099caf08768	1	101323	player+silence	uade	Protracker	0	114854	9ef8ae7a	afb6d385	Soundstudio V1/MODULES/MUG-MEMBERS/Fabio Barzagli/Xerex-Revenge
2cb4c022be342f986b9d33dac21c2313	1	133708	player+silence	uade	Protracker	0	72592	9ee5954e	f54385de	Soundstudio V1/MODULES/VARIOUS/B/bushy face
2cbc0688a9ca6839f4db324d0e3282be	1	188745	player	uade	OctaMED MMD1	0	217122	5dbf7629	c8fab19d	Soundstudio V1/MODULES/MUG-MEMBERS/William Quinn/Destroyer
2cd3f7f15a4efc591cae54393463874b	1	213461	player	uade	OctaMED MMD1	0	364022	9c9d2630	d171483a	Soundstudio V1/MODULES/MUG-MEMBERS/Rob Moseley/DON'T_YOU_WANT_ME?
2cdd254d9fc0a005d1ef1986ed33ae2a	1	269082	player	uade	OctaMED MMD1	0	89486	bab349b9	5a3f3c6f	Soundstudio V1/MODULES/MUG-MEMBERS/THT/Chuffed
2cec2a091acce7d97d82f2ca5dc073ad	1	261503	player+silence	uade	Protracker	0	78818	ed88de26	3a3be8dc	Soundstudio V1/MODULES/VARIOUS/F/fellow4-casuality
2cece3f1fedb0dc9a5d16c67eecd6e3a	1	324544	player+silence	uade	OctaMED MMD1	0	670468	54eb93a4	4b9d8934	Soundstudio V1/MODULES/MUG-MEMBERS/Fabio Barzagli/Zenith
2cedbb7f71538a1ebc2e812c36e434da	1	257652	player+silence	uade	OctaMED MMD1	0	142498	b7b64816	94f8ecf6	Soundstudio V1/MODULES/MUG-MEMBERS/William Quinn/Such a shame (Remix)
2d0363f532df364e1456a65358fed93f	1	7615	player	uade	OctaMED MMD1	0	40764	1901d74f	2e443cd8	Soundstudio V1/MODULES/MUG-MEMBERS/Darren D Muir/WellFresh
2d17713331c7fcdbc3e8326724821a38	1	277058	player+silence	uade	OctaMED MMD2	0	352996	491e02d4	2f25aad5	Soundstudio V1/MODULES/MUG-MEMBERS/Carl Barry/Frantic
2d256d97996c80430f04084e60c670e2	1	141828	player+volume	uade	Protracker	0	355976	230ec6b2	7f6978e1	Soundstudio V1/MODULES/VARIOUS/T/turnpike
2d49a2b389f3fb0da7d32ecfb55ee501	1	199233	player+silence	uade	OctaMED MMD2	0	331786	6800ec18	62d93708	Soundstudio V1/MODULES/MED-4ch/J/JustForTheLadies
2d5cdb2072d3ca4c5bff945ce742a033	1	130394	player+silence	uade	OctaMED MMD1	0	157580	ab3687f3	10d8e053	Soundstudio V1/MODULES/MUG-MEMBERS/Andy O'Brien/stormbringer
2d627fb28e2c5245de930f440d3f8ac4	1	418992	player+silence	uade	Protracker	0	297694	f8881acb	d3e5ef84	Soundstudio V1/MODULES/MUG-MEMBERS/Fabio Barzagli/TooFar
2db889c3e2b10c52b4a8193ac422626e	1	228539	player+silence	uade	OctaMED MMD1	0	77264	41fa57bc	4ef688e1	Soundstudio V1/MODULES/MED-4ch/S/SimpleMon
2dd014d8894001d229d074089d3a0fed	1	273061	player	uade	OctaMED MMD2	0	191540	1050887a	73daf33b	Soundstudio V1/MODULES/MUG-MEMBERS/Mark Knight/Kojak_sucks_lollies
2e159dc9addc86679053de8cf6227d80	1	121329	player	uade	OctaMED MMD1	0	218714	948065f8	ff654fe1	Soundstudio V1/MODULES/MUG-MEMBERS/THT/SwampJam 
2e1d3780ec3fda69c247de80089c667b	1	213622	player+silence	uade	Protracker compatible	0	129218	71ef6c99	98acb586	Soundstudio V1/MODULES/VARIOUS/E/exctasy
2e237a9a1c7f794bd1a0cc57929a9c44	1	195396	player	st3play	Scream Tracker 3.01 (GUS)	10	142714	e34bdfc4	9cbd2dec	Soundstudio V1/MODULES/S3M/W/wicked.s3m
2e2a150907cdb00ba77af7834632e00e	1	205654	player+silence	uade	OctaMED MMD1	0	131844	20155f56	30fc0af6	Soundstudio V1/MODULES/MED-4ch/H/Hangover
2e807dc773be531db60b57aaaa02617c	1	92915	player	uade	Protracker compatible	0	104666	d2eb9bf2	81966ebb	Soundstudio V1/MODULES/VARIOUS/C/consummation
2e9ab96cab36cce62ff762c3cbeb79f2	1	30824	player	uade	Protracker	0	6500	93925328	5437da62	Soundstudio V1/MODULES/VARIOUS/N/neutronicpart3
2ef3c4044f18d88115f8aca70dc09cbc	1	230420	player	uade	Protracker compatible	0	91504	d251db83	541fc673	Soundstudio V1/MODULES/VARIOUS/T/trainbeat2
2ef93f8de32bff095dd56e0d28932e53	1	266786	player+silence	uade	OctaMED MMD1	0	341294	cec4d58d	f2572670	Soundstudio V1/MODULES/VARIOUS/S/signs of live
2f0961cd6c2a77d67c8a7547b2f27f56	1	193909	player	uade	MED4 (4ch)	0	137916	a38cab64	dc8a4eed	Soundstudio V1/MODULES/MUG-MEMBERS/Steffan Jordan/Modern_China
2f12e33b0a816a909c47357ad4fcd94a	1	245853	player	uade	OctaMED MMD1	0	66016	38ec9a42	c7ab39ba	Soundstudio V1/MODULES/MED-4ch/M/Meltdown_II
2f3278306546f02c5c7955437114e6f5	1	164793	player	uade	OctaMED MMD1	0	156448	13fcfb48	6c3101f8	Soundstudio V1/MODULES/MUG-MEMBERS/William Quinn/TENAJ_ORIGINAL
2f6a5b422d926be3d6510653db9dc7f9	1	288803	player+silence	uade	OctaMED MMD1	0	213880	2ea55f10	dc3ed9d0	Soundstudio V1/MODULES/MUG-MEMBERS/Fabio Barzagli/Theme
2f97ad8645c4c84dd8e34da3531c08b7	1	219198	player+volume	uade	Protracker	0	95658	4130c257	39f6b6d6	Soundstudio V1/MODULES/VARIOUS/L/lektrophile
2fb5f22a484dcbdf39f70b07dea494f0	1	149099	player	uade	OctaMED MMD1	0	110806	c5b9a230	1ebbf937	Soundstudio V1/MODULES/MUG-MEMBERS/William Quinn/FAZE
2fb5f22a484dcbdf39f70b07dea494f0	1	149099	player	uade	OctaMED MMD1	0	110806	c5b9a230	1ebbf937	Soundstudio V1/MODULES/MUG-MEMBERS/William Quinn/Quinn-Faze
2fcfd8cac8e8a56389086a3ec18bb220	1	148220	player+silence	st3play	Scream Tracker 3.01 (GUS)	16	258074	6078cdf7	701dcee7	Soundstudio V1/MODULES/S3M/W/whertime.s3m
3008c8491a7d255a0feaba12595e2762	1	482885	player	st3play	Scream Tracker 3.00 (GUS)	8	391312	b725df1e	4a41df26	Soundstudio V1/MODULES/S3M/S/Second_SKAV.S3M
3008c8491a7d255a0feaba12595e2762	2	328460	player
3008c8491a7d255a0feaba12595e2762	3	400940	player
3057b1b3a1b13292c10de0ab2af97beb	1	98321	player	uade	Protracker	0	157024	5c5c66d4	cbac3dda	Soundstudio V1/MODULES/VARIOUS/D/defilady march
307099bf2e34e3ad454bf52073e41229	1	388796	player+silence	uade	OctaMED MMD1	0	389120	c6c7298c	0de9da44	Soundstudio V1/MODULES/MUG-MEMBERS/Rob Moseley/THE CRYSTAL OCEAN
307099bf2e34e3ad454bf52073e41229	1	388796	player+silence	uade	OctaMED MMD1	0	389120	c6c7298c	0de9da44	Soundstudio V1/MODULES/MUG-MEMBERS/Rob Moseley/TheCrystalOcean
307b7ff815409919ece1a9285eb20bfd	1	130391	player	uade	OctaMED MMD1	0	150458	d37b1ac9	304e9877	Soundstudio V1/MODULES/MUG-MEMBERS/Fabio Barzagli/SuperJazz
308f1b9d7e4c7885bab3d85ee11625bb	1	321769	player	uade	OctaMED MMD1	0	160712	00cd3543	66fcede8	Soundstudio V1/MODULES/MUG-MEMBERS/Steven Gane/Peaved
308f1b9d7e4c7885bab3d85ee11625bb	2	243964	player
30961e5b4fbba69bcba626918513c41e	1	200645	player+silence	uade	Protracker	0	119746	b5298318	0e3e994e	Soundstudio V1/MODULES/VARIOUS/M/mandeldust
30c2d4976386c356fbcf7c252087b432	1	116586	player	uade	Protracker compatible	0	31734	2fd19ed8	102e2eb0	Soundstudio V1/MODULES/VARIOUS/M/middlealta
30de61066103021083770a1ab394c19d	1	117706	player+silence	uade	OctaMED MMD1	0	76676	5cdde861	77c585ce	Soundstudio V1/MODULES/MUG-MEMBERS/Tom Cozzolino/Guitarro
30fb8d77dedf6e5bc1ada4d8c7bd9154	1	126458	player+silence	uade	OctaMED MMD1	0	83650	0a9584e8	75c9f291	Soundstudio V1/MODULES/MUG-MEMBERS/William Quinn/Piano.Arran
310761e5e500f5f8f7cbdf28b4f6522d	1	289847	player+silence	uade	Protracker	0	406354	9c93ee19	b82f129e	Soundstudio V1/MODULES/VARIOUS/G/guitarslinger
31090309db80d967ac8785fcd9224d62	1	456939	player+silence	uade	OctaMED MMD1	0	224268	2c30b5e4	e6f780f9	Soundstudio V1/MODULES/MED-4ch/M/Move-it
3151631c14250e9b5b2032aaf5b984ce	1	157056	player	uade	OctaMED MMD1	0	69278	9f558d26	08a4c4e0	Soundstudio V1/MODULES/MUG-MEMBERS/James Paddison/Anything
3159632eca58c2054ce88c38973de211	1	272036	player	uade	OctaMED MMD1	0	181702	b23c8f22	012311c0	Soundstudio V1/MODULES/MUG-MEMBERS/Neil Christie/Powerbase
3159632eca58c2054ce88c38973de211	1	272036	player	uade	OctaMED MMD1	0	181702	b23c8f22	012311c0	Soundstudio V1/MODULES/MUG-MEMBERS/Neil Murray/Powerbase
3162dc566ebe822c9c597baf9617c19e	1	112608	player	uade	OctaMED MMD1	0	128284	3288c252	ed9e33eb	Soundstudio V1/MODULES/MED-4ch/K/King_Of_The_Blues
316ff51922b18b27997ebbeca9b5de88	1	591646	player+silence	uade	OctaMED MMD1	0	311546	c3a2dc1b	1daf957a	Soundstudio V1/MODULES/MUG-MEMBERS/Ben Thomas/Liquid-Abduction
31817713dbce88ed3b564381f717a8d4	1	255940	player+silence	uade	Protracker	0	213656	5df48be2	4aa1fb06	Soundstudio V1/MODULES/VARIOUS/C/cm2-midnightsun
318e226618e4157826970338c3fbf16a	1	285881	player	uade	OctaMED MMD1	0	242866	0268d001	8d69f37d	Soundstudio V1/MODULES/MUG-MEMBERS/THT/OneHourFromDestiny
319aec5a07cd688f45a728a4cf65756f	1	237338	player+silence	uade	Protracker	0	216994	c50beaea	54607e75	Soundstudio V1/MODULES/VARIOUS/C/cordial
31b04f60521897d43ad59299e70e794f	1	169575	player	uade	Protracker	0	145182	0e32b4aa	38f4fe7f	Soundstudio V1/MODULES/VARIOUS/U/unusually bright
31b06d267ef492daa0dadc332cd8ee80	1	146688	player	uade	OctaMED MMD1	0	217896	7f056f71	603f161a	Soundstudio V1/MODULES/MUG-MEMBERS/Ben Thomas/Monday-Morning-Fever
31f5230f40745fd5ecdbec23b055e617	1	332226	player+volume	uade	OctaMED MMD1	0	141338	9a971578	a7a308c5	Soundstudio V1/MODULES/MED-4ch/A/ASFU
31ff9f261b88d4229e5c75087dfc90db	1	459917	player	uade	OctaMED MMD2	0	763228	c56e872f	07f76cc6	Soundstudio V1/MODULES/MUG-MEMBERS/Dave Sullivan/Ethereal
320c5a9c983d93becc94f822c797d32f	1	235739	player+silence	uade	OctaMED MMD3	0	568760	b6fc5b66	432641b5	Soundstudio V1/MODULES/S3M/T/tales03.s3m
3215785b17cdfcb5ede1c45be83d0043	1	175378	player+silence	uade	Protracker	0	155284	2e5d146b	72f91b58	Soundstudio V1/MODULES/VARIOUS/B/Baze
321ca2f95326c798d3e5725bd3f06c9d	1	223488	player	uade	OctaMED MMD1	0	160910	1ed0b985	039cc8e0	Soundstudio V1/MODULES/MED-4ch/M/MilesAwayFromHome
321e37862fd97f6447bd4eaedf61c7ec	1	299062	player+silence	uade	Protracker	0	447208	c7c6d9dd	0a29375c	Soundstudio V1/MODULES/MUG-MEMBERS/Fabio Barzagli/Ironwall
321f9802628b739075bebb8a62efa054	1	617080	player+silence	uade	OctaMED MMD1	0	919408	9d2e655b	54a764e0	Soundstudio V1/MODULES/MUG-MEMBERS/Sam Gilbert/IntoPersona
322f75eb0b542a18bbf7a5ba55c831c8	1	371601	player+silence	uade	OctaMED MMD2	0	223340	96fe1336	8da5188b	Soundstudio V1/MODULES/MUG-MEMBERS/Carl Barry/JokersWild
324b39a7eecb5887f19c83d3fec50993	1	208325	player+volume	uade	OctaMED MMD1	0	51836	8dca0396	47de89b2	Soundstudio V1/MODULES/MUG-MEMBERS/Tim Davis/Walk_Of_Life
327b6b86832124479e77ef0a13c0a22e	1	719274	player	uade	OctaMED MMD1	0	630190	bfabb2a6	1b0516f5	Soundstudio V1/MODULES/MUG-MEMBERS/William Quinn/StrangerThanLife
329ddc0980ccda19c57c2509612c807e	1	1464377	player+silence	uade	OctaMED MMD2	0	269314	61226390	63ed0549	Soundstudio V1/MODULES/MED-4ch/A/Alien Rebellion
32b52f570d11f4b89913edc2817b7ffa	1	185613	player+silence	st3play	Scream Tracker 3.01 (GUS)	8	423596	c63062e6	758d3bd1	Soundstudio V1/MODULES/S3M/W/weenie.s3m
32cc0d93be08329ec41231e8b5e46983	1	123167	player+silence	uade	OctaMED MMD1	0	94148	8db0f33b	f6044007	Soundstudio V1/MODULES/MED-4ch/R/Robertospalace
32f139e83bf8a15d1d76ee6bac311133	1	83692	player	uade	OctaMED MMD1	0	88936	98288d9d	865f90e3	Soundstudio V1/MODULES/MUG-MEMBERS/Steven Gane/Cyber2
331be6dc5a595d0a1e0e91a356d8bf3f	1	307201	player	uade	OctaMED MMD1	0	147994	30b5e078	c57e19c0	Soundstudio V1/MODULES/MUG-MEMBERS/Steven Gane/Soft
331be6dc5a595d0a1e0e91a356d8bf3f	1	307201	player	uade	OctaMED MMD1	0	147994	30b5e078	c57e19c0	Soundstudio V1/MODULES/MUG-MEMBERS/Steven Gane/Soft2
332542a8d185635767169e982077e8ba	1	269725	player	uade	OctaMED MMD1	0	112818	19ef4ae1	92e2fd7c	Soundstudio V1/MODULES/MED-4ch/P/PlayTime
334b24df69496da40c306aed0684a97d	1	105290	player+silence	uade	OctaMED MMD1	0	85120	92dc6c3d	dee68c6e	Soundstudio V1/MODULES/MED-4ch/Z/Xeneoquar
3354022776674ec75469918203d2f509	1	177977	player+silence	uade	Protracker	0	195242	5d8f2ab1	a83993c3	Soundstudio V1/MODULES/MUG-MEMBERS/Fabio Barzagli/PuroAcid5
336827b2460465c9e19c2f4e4130762c	1	191257	player	uade	OctaMED MMD1	0	101180	0bd5052e	017d82d6	Soundstudio V1/MODULES/MUG-MEMBERS/Ben Thomas/Axel-F
3373bef926a1981b734cbed88a5ea440	1	113211	player	uade	OctaMED MMD1	0	110790	0d13fe43	2b2f0415	Soundstudio V1/MODULES/MUG-MEMBERS/William Quinn/TENAJISTIC
3395b2657c07d86b04411b39f188b612	1	191618	player	uade	OctaMED MMD1	0	257536	dbf33739	735f0b51	Soundstudio V1/MODULES/MUG-MEMBERS/Dave Sullivan/Orgasmic!8-Chan
339d29db54a40eb0f6f8333d92a6c283	1	305714	player	uade	OctaMED MMD1	0	242998	3572dfec	de3842b1	Soundstudio V1/MODULES/MUG-MEMBERS/THT/Midnight-FastEddieMix
33e3da68257d6663109e754f1b70dd98	1	176548	player	uade	OctaMED MMD1	0	161854	6710303e	107aceb7	Soundstudio V1/MODULES/MUG-MEMBERS/Michael Richmond/DarkFiction2
3449bf7c4bf412ff50c552f0d55397ea	1	341026	player+silence	st3play	Scream Tracker 3.00 (GUS)	8	651563	c28fed0e	e20920a4	Soundstudio V1/MODULES/S3M/C/cafemix.s3m
345d24ab50fda713813d9997a2ffae32	1	80919	player	uade	OctaMED MMD1	0	118990	160efcda	69b00b1e	Soundstudio V1/MODULES/MUG-MEMBERS/Tom Cozzolino/Techno-cop
34a4bd87cb1802c029ff11dfd7056dc5	1	321588	player	uade	Protracker	0	375580	e2051ff0	89d4fd3a	Soundstudio V1/MODULES/VARIOUS/M/mr keel theme
34b22426152690cee1556577674f7d75	1	155388	player	uade	OctaMED MMD1	0	93500	fe76e239	193ff54b	Soundstudio V1/MODULES/MUG-MEMBERS/THT/Nice&Easy
34bfd3fd232e8d6b26a9c4bbfc9be0b8	1	54246	player+volume	uade	Protracker	0	119826	a0776667	87564eeb	Soundstudio V1/MODULES/MUG-MEMBERS/Fabio Barzagli/HNK-TokiDeath
34c728755168f820165c2ac790c4fd3a	1	175118	player	ft2play	Fasttracker (M.K.)	4	141937	354602d7	9b39a59c	Soundstudio V1/MODULES/VARIOUS/S/Seeya
34e9cc73aaafc6cc2e4535bc18003e81	1	131577	player	uade	OctaMED MMD1	0	322380	92aa2e20	0993fa12	Soundstudio V1/MODULES/MED-4ch/T/Trance Wigan X-Press
35372771bd63fc9aa87ec67aa447d310	1	271544	player+silence	uade	OctaMED MMD1	0	278806	c779744d	a22f70a8	Soundstudio V1/MODULES/MED-4ch/T/Thoughts
35414ce9c6822a5eed558f79b621f327	1	181210	player	uade	OctaMED MMD2	0	165034	7177f075	b6297ad3	Soundstudio V1/MODULES/MUG-MEMBERS/Michael Duncombe/XmasMEDley
354729d7bbc41f69db0edf88dcfdaa9a	1	181559	player+silence	uade	OctaMED MMD1	0	52680	85299947	eb346ad1	Soundstudio V1/MODULES/MUG-MEMBERS/Ross Couch/Piano_Rave
3552073a72d2163b506e4665803c9432	1	241141	player+silence	uade	OctaMED MMD1	0	189518	b60739ad	07aaf1b4	Soundstudio V1/MODULES/MUG-MEMBERS/Steven Gane/Anything
355bbd37037dc1101f68032eacff4a81	1	238237	player	uade	OctaMED MMD1	0	111866	edbe69da	11278297	Soundstudio V1/MODULES/MED-4ch/E/Everybody
355ff2eda97d95eb5a8b9611caaf192f	1	185526	player+silence	st3play	Scream Tracker 3.01 (GUS)	7	244224	0965914d	236f8efd	Soundstudio V1/MODULES/S3M/M/metamrph.s3m
3560ed0bb9ea55a6fe7331263c8992dd	1	476597	player+silence	uade	OctaMED MMD1	0	266278	d5613fac	874cb202	Soundstudio V1/MODULES/MUG-MEMBERS/Ben Thomas/NaturalBeauty
359ad87cd9a0326754591dae4cc4de70	1	244245	player+silence	uade	OctaMED MMD1	0	450624	023ff85b	431f6721	Soundstudio V1/MODULES/MUG-MEMBERS/William Quinn/Overloaded IIIRemix
35cdcb06ce6a8b520f4369d7e68fc65b	1	148073	player+silence	uade	Protracker	0	390866	ea63c77d	cc8bc25a	Soundstudio V1/MODULES/VARIOUS/F/flicked soul
35de36597b400cdb9a7ee108fd180f46	1	26283	player	uade	OctaMED MMD1	0	62056	bd94cf2c	df12e0e5	Soundstudio V1/MODULES/MUG-MEMBERS/Ben Thomas/Star-Wars-Ending
35de36597b400cdb9a7ee108fd180f46	1	26283	player	uade	OctaMED MMD1	0	62056	bd94cf2c	df12e0e5	Soundstudio V1/MODULES/VARIOUS/S/Star-Wars-Ending
35e169d61fe77e3deff6c21e251096bd	1	95681	player+silence	uade	OctaMED MMD1	0	72256	0c753442	27e40782	Soundstudio V1/MODULES/MUG-MEMBERS/William Quinn/YESTERDAYS
35e75ef4250fff6678b29649e8f18c0d	1	351446	player+silence	uade	OctaMED MMD0	0	143196	3cc0aed1	1eefe758	Soundstudio V1/MODULES/MED-4ch/F/First_strike
367663105ab8c53477d3e36301bece43	1	231244	player	uade	OctaMED MMD1	0	173096	ad54d640	74232225	Soundstudio V1/MODULES/MUG-MEMBERS/William Quinn/Helichase
36c345d642aff93486a697ceb2de8b8a	1	288703	player+silence	uade	OctaMED MMD1	0	109706	6909e9e9	ea4ceb06	Soundstudio V1/MODULES/MUG-MEMBERS/Ben Thomas/Escape-95
36d40d2e572d573eec6f7dfa816783a9	1	662985	player+silence	ft2play	Fasttracker (M.K.)	4	422040	a45253a7	8fa07e28	Soundstudio V1/MODULES/VARIOUS/A/At
3703fbc00be1c857eeef664dd4718de1	1	16396	player	uade	OctaMED MMD0	0	52209	6a1cf547	92e2ddd4	Soundstudio V1/MODULES/MED-4ch/C/Chronologie5
37054e11fbcd45b4e370ef6479ab218d	1	376330	player+silence	uade	OctaMED MMD2	0	247374	bd5f8f04	2a1c9cda	Soundstudio V1/MODULES/MED-4ch/M/Money
37188fb045fd1caadc18486042b2cf0e	1	262049	player	uade	OctaMED MMD1	0	86838	8fc5ba65	a65eb67e	Soundstudio V1/MODULES/MUG-MEMBERS/Ross Couch/Move_Machine
371bc9846656186e9e31e272f285ca03	1	84998	player	uade	OctaMED MMD3	0	158202	d92e893f	2d899196	Soundstudio V1/MODULES/MED-4ch/E/EgonTheTurkey
37214aea83cd7571eeba36ec4afe3d31	1	220674	player+silence	uade	OctaMED MMD0	0	124706	6e10dd33	4a15068a	Soundstudio V1/MODULES/MUG-MEMBERS/Alex Jones/Acsride
3729a3cd0505779752839c9bf8535254	1	288912	player+silence	st3play	Scream Tracker 3.01 (GUS)	8	281890	98a78985	899b42f7	Soundstudio V1/MODULES/S3M/N/neant.s3m
373ce3dc8559ce2df02098f0188f24c1	1	241658	player+silence	st3play	Scream Tracker 3.01 (GUS)	12	253472	2139561b	d2a4cfce	Soundstudio V1/MODULES/S3M/A/antholog.s3m
3740052c8690b1cc26521430eb1dc6d7	1	123539	player	uade	OctaMED MMD1	0	117264	d070c640	4808af20	Soundstudio V1/MODULES/MUG-MEMBERS/William Quinn/TENAJISM
3748618fe7ab2d50a34ac631ac31bd77	1	276614	player+silence	uade	OctaMED MMD1	0	662364	22939150	18bedc82	Soundstudio V1/MODULES/MUG-MEMBERS/William Quinn/Good,Bad_and_Crispy
376bb4758e68fcf488001ea78bfd8b20	1	110726	player+silence	st3play	Scream Tracker 3.01 (GUS)	16	79482	e29a6776	35aa5553	Soundstudio V1/MODULES/S3M/R/randolf.s3m
376f03defcb97512b2f57b6cfb0984fb	1	244839	player+silence	uade	OctaMED MMD1	0	428696	7aea7628	f2afc5c9	Soundstudio V1/MODULES/MUG-MEMBERS/Reg Simpson/Xmas Medley
376f03defcb97512b2f57b6cfb0984fb	1	244839	player+silence	uade	OctaMED MMD1	0	428696	7aea7628	f2afc5c9	Soundstudio V1/MODULES/VARIOUS/X/Xmas Medley
3774102f5f384c14b5656d8a76859bb8	1	182606	player+silence	uade	OctaMED MMD1	0	154272	bfa1a9f3	ba7cae7b	Soundstudio V1/MODULES/MED-4ch/A/Alien-Breed-3D
377941ce7234f473f9986fb3282cbc45	1	257749	player	uade	OctaMED MMD1	0	364176	37b42f7f	a1e762f4	Soundstudio V1/MODULES/MUG-MEMBERS/Rob Moseley/EnjoyTheSilence
377ef405aa4c79e2ff1ddf435d684d32	1	70510	player	uade	OctaMED MMD0	0	66869	060bb7f0	2b71060b	Soundstudio V1/MODULES/MED-4ch/T/Thefunkydancedrummer
3780b1936d48357e162a916ba78bb43b	1	271192	player	uade	OctaMED MMD2	0	271158	1920785f	9ad00225	Soundstudio V1/MODULES/MUG-MEMBERS/Peter Grant/BREAK IT DOWN
379ed29cfe2da754a7fb094aae3770c8	1	253569	player	uade	Protracker	0	129962	b828fd98	f645d64c	Soundstudio V1/MODULES/VARIOUS/M/massive ash
37b8afe62ec42a47b1237b794193e785	1	126493	player	st3play	Scream Tracker 3.00 (GUS)	4	14176	2b926b5d	40bc88a0	Soundstudio V1/MODULES/S3M/I/inspirat.s3m
37c368c3a1b3cb39d87ba914a2bde379	1	236851	player	uade	Protracker	0	110080	fc9d3220	4ee1fc44	Soundstudio V1/MODULES/VARIOUS/W/world beyond
37dd08f6c904d0d4a356614510f2533f	1	279586	player+silence	st3play	Scream Tracker 3.00 (SB)	9	299411	193e7379	9877f6f3	Soundstudio V1/MODULES/S3M/S/STRSHINE.S3M
37f5d02a838248046b2fced41c75021b	1	164131	player+silence	uade	Noisetracker 1.x	0	46752	90e0a7ab	d6c7583c	Soundstudio V1/MODULES/VARIOUS/C/cm1-regatta
3820068f13387514366467c657f1b1df	1	363543	player+silence	st3play	Scream Tracker 3.01 (GUS)	16	410424	5e5af556	619c6729	Soundstudio V1/MODULES/S3M/N/nightfic.s3m
38651f0c49312491be609e7c7bdcd786	1	7173	player	uade	OctaMED MMD1	0	32050	5971d922	d2b3912a	Soundstudio V1/MODULES/MUG-MEMBERS/Peter Kwann/Saskatchewan
387b6b3907a613d48e55feb5c4ff86d7	1	154190	player+silence	uade	OctaMED MMD0	0	154958	429b630b	df843a61	Soundstudio V1/MODULES/MUG-MEMBERS/Daniel Funnel/Pissed
38a496871073ddcaf33654d6a2ac61ed	1	298936	player+silence	uade	OctaMED MMD1	0	402314	f98facbf	9dcdfabc	Soundstudio V1/MODULES/MED-4ch/I/Ironwall
38de9836e84fb1814c79c3ec672e73e0	1	149540	player+silence	uade	Protracker	0	188138	c6c3bc95	9095016a	Soundstudio V1/MODULES/MUG-MEMBERS/Fabio Barzagli/RollingJazz
392e7ea18e5b277cd58235b773bab03e	1	107524	player	uade	OctaMED MMD1	0	12330	1bd54f1e	bc221666	Soundstudio V1/MODULES/MUG-MEMBERS/Michael Richmond/Synthetic-Dance
39463cbac7db86266d8a6e162cf4a0d4	1	322050	player	st3play	Scream Tracker 3.01 (SB)	16	127330	93d23838	8b54166f	Soundstudio V1/MODULES/S3M/P/pn-sipho.s3m
396970f8621732c0c5d0a2aba189fa28	1	264520	player	uade	OctaMED MMD0	0	70542	46d199dd	d5a04b60	Soundstudio V1/MODULES/MED-4ch/T/The pianoman
396a024983b613f0f738e3ea6c6905f2	1	261651	player+silence	uade	OctaMED MMD1	0	145116	c3e23662	4ca18b62	Soundstudio V1/MODULES/MED-4ch/T/Tranceposition
3970c71dfbcf225dd7852a7508d117c8	1	32574	player+silence	st3play	Scream Tracker 3.00 (SB)	16	245251	c48f0d16	2eedcedd	Soundstudio V1/MODULES/S3M/T/TMP.S3M
3970c71dfbcf225dd7852a7508d117c8	2	56203	player
3970c71dfbcf225dd7852a7508d117c8	3	20474	player+volume
3970c71dfbcf225dd7852a7508d117c8	4	91991	player
3970c71dfbcf225dd7852a7508d117c8	5	133546	player
3970c71dfbcf225dd7852a7508d117c8	6	114999	player
3970c71dfbcf225dd7852a7508d117c8	7	115019	player
3972d68297417e3cd5c76bbfcf448caa	1	216354	player	uade	OctaMED MMD1	0	316780	760cd2b3	34453254	Soundstudio V1/MODULES/MUG-MEMBERS/Phill Morris/Regrets_pt2-Crying_Heart
39b819a6a245888260cb8c9852a5407d	1	346066	player+silence	uade	OctaMED MMD2	0	114354	233b6402	4b1f7325	Soundstudio V1/MODULES/MUG-MEMBERS/Carl Barry/TimeForLife3
39c97ad1052c5893c82d1cfb3d6c16ed	1	76920	player	uade	Protracker compatible	0	24832	08111d05	d2093cf1	Soundstudio V1/MODULES/VARIOUS/L/littlechina
39cc962055f39bce24d5b02737efd342	1	290482	player	uade	OctaMED MMD2	0	168926	90ff2a9b	ef6a1281	Soundstudio V1/MODULES/MUG-MEMBERS/Peter Grant/TheLongestGoodbye
39db49a7322ad5012e965b46b4a1f3bb	1	192663	player	uade	OctaMED MMD1	0	80628	70050227	ff46743d	Soundstudio V1/MODULES/MED-4ch/D/Demo.med
39e6a1b18b3ba50e5ae05ff48de088cc	1	163969	player	uade	Protracker compatible	0	146166	414f8dde	5ee00338	Soundstudio V1/MODULES/VARIOUS/L/longslide
3a11637cf1aba1be7555e305efc7beb9	1	63172	player+silence	uade	OctaMED MMD1	0	21798	a1f117f5	3b01f802	Soundstudio V1/MODULES/MED-CLASSICS/Bee-equ
3a4042901082b67a95c9e58e5eca18ea	1	235575	player+silence	uade	OctaMED MMD1	0	217066	fb1d5eec	5790f9c1	Soundstudio V1/MODULES/MUG-MEMBERS/Ian Chisholm+Marcus Donachie/Anyone_Can
3a650dc32d1e2d042a23f6fb9f392bac	1	191558	player	uade	OctaMED MMD1	0	86512	e47396ce	7cfa8b85	Soundstudio V1/MODULES/MED-4ch/B/Blue_Tune
3a746b8dcc9a8233e0434079d47c9ecb	1	153721	player	uade	Protracker	0	164018	6bca58f9	bfbaca90	Soundstudio V1/MODULES/MED-4ch/A/Acid-Pop
3aa32c14b537a6f3718320da0d40c6d2	1	326175	player+volume	uade	OctaMED MMD1	0	67370	9bb37ad6	30044d5f	Soundstudio V1/MODULES/MED-4ch/A/Anytime
3ad12f148005ac381c9ef39ba77c1aec	1	143126	player	ft2play	Fasttracker (M.K.)	4	123506	9f07e11d	018abf80	Soundstudio V1/MODULES/VARIOUS/S/stylee
3ae5cba4c5838d32242e5b806c9fffab	1	332178	player	uade	OctaMED MMD2	0	103254	7b94a55d	8f52d794	Soundstudio V1/MODULES/MUG-MEMBERS/Michael Richmond/BurningRubber
3b06d00e2b9e91824993fccda08f5ffa	1	293316	player	uade	Protracker	0	209048	fb61a656	ae5ebc1b	Soundstudio V1/MODULES/VARIOUS/F/futuretraveller
3b15d75c81aba6a8ecee1a59a5039fb8	1	246677	player	uade	OctaMED MMD1	0	160040	acaf64bd	fda9dcb5	Soundstudio V1/MODULES/MUG-MEMBERS/N Barnes/Zorbosion_Sunset
3b15d75c81aba6a8ecee1a59a5039fb8	1	246677	player	uade	OctaMED MMD1	0	160040	acaf64bd	fda9dcb5	Soundstudio V1/MODULES/MUG-MEMBERS/N Barnes/Zorbosion_Sunset2
3b15d75c81aba6a8ecee1a59a5039fb8	1	246677	player	uade	OctaMED MMD1	0	160040	acaf64bd	fda9dcb5	Soundstudio V1/MODULES/MUG-MEMBERS/Nick Barnes/ZORBOSIAN SUNSET2
3b15d75c81aba6a8ecee1a59a5039fb8	1	246677	player	uade	OctaMED MMD1	0	160040	acaf64bd	fda9dcb5	Soundstudio V1/MODULES/MUG-MEMBERS/Nick Barnes/ZORBOSION SUNSET
3b5ebe0430033fff9997e6c99db36055	1	135998	player	uade	OctaMED MMD2	0	99070	25314f77	149d4ce4	Soundstudio V1/MODULES/MUG-MEMBERS/H.E Moncur/TritschTratschPolka
3b5ebe0430033fff9997e6c99db36055	2	0	nosound
3b7edc7c05d87cc4512be8ce3679e06a	1	388207	player+silence	uade	Protracker	0	227176	e7fdfb3f	dee68c55	Soundstudio V1/MODULES/MUG-MEMBERS/Fabio Barzagli/Experiment
3b816d5e11afdb58bc6d9cb56bd2d3b6	1	108046	player	uade	Protracker	0	142348	5c5169f1	ab4079d5	Soundstudio V1/MODULES/VARIOUS/N/ninties
3b8a1979c4ea4abf8a69bd6be07930cf	1	146045	player	uade	Protracker	0	156220	80fcdc87	f3c98036	Soundstudio V1/MODULES/VARIOUS/I/industry
3b8b9e74a73aaa871ef4b63333276014	1	215149	player	uade	Soundtracker II (15 instr.)	0	56446	7ed5c6a1	d7ff533e	Soundstudio V1/MODULES/VARIOUS/N/noname
3bd63088ffc4777cc669c6898aece4e4	1	96010	player	uade	Protracker	0	149092	2a93565f	b1782d9d	Soundstudio V1/MODULES/MUG-MEMBERS/Fabio Barzagli/HNK-DontCry
3c0e911b6578314fe8b9e7de6615e34c	1	324020	player	uade	OctaMED MMD1	0	384822	73bd18b5	70c4c041	Soundstudio V1/MODULES/MED-4ch/W/Who-Needs-A-Tune
3c2bb5db804e85c673f6bffa0bb8a152	1	144680	player+silence	uade	OctaMED MMD1	0	46308	c26061a7	08298fe0	Soundstudio V1/MODULES/MUG-MEMBERS/Steven Gane/Craving
3c7053312a2b0b1d0559b73a8bf52e64	1	123258	player	uade	OctaMED MMD1	0	70122	b61a075d	3f40b0fd	Soundstudio V1/MODULES/MUG-MEMBERS/Andy Baxter/Halligan`s Lament
3c7f69f2d912d3f865f2dc08451f4e53	1	301551	player+silence	uade	OctaMED MMD1	0	191498	ea097196	092e4bb8	Soundstudio V1/MODULES/MUG-MEMBERS/Paul Spark/WhiteNight
3c88a56b462b94981890bc823ae61859	1	266389	player	uade	OctaMED MMD1	0	246768	dcee399e	60d9419d	Soundstudio V1/MODULES/MED-4ch/I/Isymp
3c8b81ce59264057dc030f17accb7177	1	158845	player	uade	Protracker compatible	0	120558	8238cad4	91d2bd52	Soundstudio V1/MODULES/VARIOUS/S/special
3c94999a3e9889228cc31f3c5e4df269	1	0	nosound	uade	OctaMED MMD1	0	12418	5b62c845	85033891	Soundstudio V1/MODULES/MIDI/David Evans/MagFields(MIDI-AnyInst)
3ccbd52a605916a51e7562ad202c412b	1	266787	player+volume	st3play	Scream Tracker 3.01 (GUS)	10	365012	3ad94173	8ec6e4ec	Soundstudio V1/MODULES/S3M/B/beyond.s3m
3d50f082eccd6ca2f4c7f4335b6988fe	1	208947	player+silence	uade	OctaMED MMD2	0	95580	449b0d6a	baf030e3	Soundstudio V1/MODULES/MUG-MEMBERS/Greg McLaughlin/Dejected
3d5a851290dfd9c21a194115e31cccf5	1	258974	player	uade	OctaMED MMD0	0	172904	3ccf218b	f4061c41	Soundstudio V1/MODULES/MUG-MEMBERS/Michael Ward/Goodbye`n'Farewell
3e0648b19fb3cbbb68100acde0acc7d6	1	141366	player+silence	uade	OctaMED MMD1	0	59730	a35af79b	f5c17ef9	Soundstudio V1/MODULES/MUG-MEMBERS/Michael Richmond/Short`n'Sweet
3e0a9fef2838074a5908e9f6060fa59a	1	131034	player	uade	OctaMED MMD1	0	64350	1292f043	875deadd	Soundstudio V1/MODULES/MUG-MEMBERS/William Quinn/SPIRITUAL
3e1696c2b1aad1e8a64606ea0e9d988b	1	206603	player+silence	uade	OctaMED MMD2	0	111568	99894673	4a0f2a0c	Soundstudio V1/MODULES/MUG-MEMBERS/Reg Simpson/Feelings
3e26b5dc82010427d8c796448a131189	1	191900	player	uade	OctaMED MMD1	0	165604	ec327226	13e7ddef	Soundstudio V1/MODULES/MED-4ch/A/AllaTurca
3e37938d58517c057421c9bbe5a5f273	1	202409	player	uade	OctaMED MMD0	0	70100	e63505c5	c2ecc67d	Soundstudio V1/MODULES/MUG-MEMBERS/Michael Ward/SweetMelody
3e53c96f2dd60bbcab660435715046a9	1	181411	player	uade	OctaMED MMD1	0	192264	b2692d40	8d50b13a	Soundstudio V1/MODULES/MUG-MEMBERS/Simon Ouzman/Hipno
3e7421fd7cabf38825a9bca23e22fa06	1	73192	player+volume	uade	OctaMED MMD1	0	85458	eab22d76	61f3f54c	Soundstudio V1/MODULES/MED-4ch/K/Kevorkian
3eb87229f6a30f047c1881054fa2e341	1	323738	silence	uade	Protracker	0	263872	f10f7d23	b7c034f1	Soundstudio V1/MODULES/VARIOUS/M/monstro
3ec4255937a435a5482aba305b6f0694	1	177633	player+silence	uade	OctaMED MMD0	0	113364	7a982fe1	9c4a45cb	Soundstudio V1/MODULES/MED-4ch/M/Military
3eee2c64a7b0a8e5532125db7f84df7f	1	315258	player	uade	Protracker compatible	0	128020	431f4d1b	c7a4ad63	Soundstudio V1/MODULES/VARIOUS/H/hallucinations
3f149e8ac252c4bec49b692cbe84774e	1	245398	player+volume	uade	OctaMED MMD1	0	97952	283c226a	cbc29b3b	Soundstudio V1/MODULES/MUG-MEMBERS/Trank Mast/DARK_ART
3f34ef8656de12a8b80bc540538bfa49	1	207684	player+silence	uade	OctaMED MMD1	0	437822	efaa7f46	32faf5d4	Soundstudio V1/MODULES/MED-4ch/C/Crazy-Sexy-Cool
3f50d66ae00b2cca938fa42661632961	1	197285	player	uade	Protracker	0	74784	a79b30bc	5b5898c2	Soundstudio V1/MODULES/VARIOUS/R/redemption
3f7958d46ff813e82e1a7d3e1ed0ba0d	1	196121	player+volume	uade	OctaMED MMD1	0	444030	be4acea8	653a1576	Soundstudio V1/MODULES/MUG-MEMBERS/Neil Murray/Brain-drain
3f864b9e8c672fc321f3f22632255031	1	326654	player+silence	uade	OctaMED MMD1	0	396184	3eb9b66e	607b5463	Soundstudio V1/MODULES/MED-4ch/S/Skylantern
3f8dd589c360b795111acbae4901276d	1	135113	player	uade	OctaMED MMD1	0	84510	a6be5b10	45261e59	Soundstudio V1/MODULES/MISERY
3f8dd589c360b795111acbae4901276d	1	135113	player	uade	OctaMED MMD1	0	84510	a6be5b10	45261e59	Soundstudio V1/MODULES/MUG-MEMBERS/Dave Sullivan/Misery
3f9917c065544bcb4a14a7c8067f961d	1	226241	player	uade	OctaMED MMD2	0	199872	13ed0ad9	15709715	Soundstudio V1/MODULES/MUG-MEMBERS/Trank Mast/AcrossAlienTerritory
3fae30cb6fbcae582f754dea3ff10dad	1	80758	player	uade	Protracker compatible	0	42804	1ef09514	2de855ba	Soundstudio V1/MODULES/VARIOUS/A/acidbat2
3fbfa60bc9a24496b42a38d7cf9f418a	1	177231	player	uade	OctaMED MMD1	0	43094	fba1a483	5964aa73	Soundstudio V1/MODULES/MUG-MEMBERS/Ben Thomas/Escape-92
3fdf457e13409acb958599d1410d81f6	1	83109	player	uade	OctaMED MMD1	0	67036	56520204	7fcaed00	Soundstudio V1/MODULES/MED-4ch/C/Carion
3fe43ba4b710aa4d06f6fb9a51aac538	1	333190	player+silence	uade	OctaMED MMD1	0	566372	a3e98399	bc51d650	Soundstudio V1/MODULES/MUG-MEMBERS/Matt Mclellan/Effigy
3fe81ab375f7bcdd16ec6c3a22805336	1	57730	player	uade	OctaMED MMD1	0	87728	25c1675c	76349442	Soundstudio V1/MODULES/MUG-MEMBERS/Bruce Cowie/First_Encounter
400972a4c102be2615f62221e274e382	1	601763	player	uade	OctaMED MMD1	0	248646	66b49ade	d9bf898c	Soundstudio V1/MODULES/MUG-MEMBERS/THT/InnisDeluxe
40219100c6744f2f6c72107e94cc45a8	1	163998	player+silence	uade	OctaMED MMD3	0	310256	ada1fa95	88f4941b	Soundstudio V1/MODULES/S3M/D/devil.s3m
40be06f22b4d572601aac5d2abe54426	1	92272	player	uade	Protracker	0	48000	c1c41636	52f5c8c5	Soundstudio V1/MODULES/VARIOUS/F/fre
40c89e916bdefa301b29570c497b5540	1	209955	player+silence	uade	Protracker compatible	0	45306	1fdf8658	6c4f180e	Soundstudio V1/MODULES/MUG-MEMBERS/Michael Ward/Rainbow-Blues
40db8e2bf6014fd08ad34a1dfe39a477	1	203626	player+silence	uade	Protracker	0	203372	08077f4c	a98ed3f6	Soundstudio V1/MODULES/VARIOUS/B/boxhead
4103431e8aa8515af5a1cb94d6c8a711	1	90384	player	uade	OctaMED MMD1	0	68802	6eb5a598	dd9f7690	Soundstudio V1/MODULES/MUG-MEMBERS/William Quinn/Exit_To_Heaven
411a18b1ce4cf45ae70e99510e310906	1	123258	player	uade	OctaMED MMD1	0	48838	0efdeb89	6c1d7089	Soundstudio V1/MODULES/MUG-MEMBERS/Tom Cozzolino/Free
414aeb9334366147a60f6cb404059b30	1	96693	player	uade	Protracker compatible	0	55586	cc531df1	7c637d45	Soundstudio V1/MODULES/VARIOUS/H/Hypnaut
416b17454bb3422a2d3b8f9a791f4471	1	235752	player+silence	uade	OctaMED MMD2	0	142672	2752c59b	1f0f45b1	Soundstudio V1/MODULES/MUG-MEMBERS/Rudi Samborski/Airmans_Jig
4172b6c60a5b39e6ddf221f96f716892	1	281400	player	uade	OctaMED MMD1	0	173974	4f2e407b	20cdc80b	Soundstudio V1/MODULES/MUG-MEMBERS/Dave Sullivan/Opus
4174004cf91a3ab5c086d730609e0fec	1	395808	player+silence	uade	Protracker	0	320604	b6f4d92b	8d2fe6d2	Soundstudio V1/MODULES/MUG-MEMBERS/Fabio Barzagli/XereX
4184e2e0af56c5f7c9fabf848e238025	1	249335	player+silence	uade	OctaMED MMD2	0	91062	8fcecad1	fb024810	Soundstudio V1/MODULES/MUG-MEMBERS/Carl Barry/Cuku'sDead
41884e36e7ac35b32c677fd50d5506fe	1	205383	player	uade	OctaMED MMD1	0	122090	bde29bd1	6be80c96	Soundstudio V1/MODULES/MUG-MEMBERS/George MacDonald/House(BunGlow)
419a554adfa62536086432c7bd6ca50b	1	146045	player	uade	Protracker	0	171916	61577a44	979536a6	Soundstudio V1/MODULES/VARIOUS/T/Techmani
419cc50df52da3a298105c17c471da2c	1	7615	player	uade	OctaMED MMD1	0	27122	361f7eb4	ed225b8c	Soundstudio V1/MODULES/MUG-MEMBERS/Darren D Muir/New492
41bf869696b9ec1656a995a36d7d7a5e	1	559002	player+silence	uade	OctaMED MMD1	0	229752	f5dd643e	b1098f52	Soundstudio V1/MODULES/MUG-MEMBERS/Andy Baxter/Unplugged
423951c6677138f47bcfbebec1c1e926	1	275461	player+silence	uade	Protracker	0	163738	d2103f5e	4e631db3	Soundstudio V1/MODULES/VARIOUS/S/scrambled_mind
4244000d89b1b07749f16e5e715d9f8d	1	24957	player	uade	OctaMED MMD1	0	140416	6a1fa1e3	f2dd3033	Soundstudio V1/MODULES/MED-4ch/R/RUGCUT
42791b2d5f5add7fcb6f58f29782fed4	1	352585	player+silence	uade	OctaMED MMD1	0	391216	600d8906	f36a382b	Soundstudio V1/MODULES/MUG-MEMBERS/Rob Moseley/Mission-TheCrystalOcean
428982e8180394736e76242eccab0623	1	239905	player	uade	OctaMED MMD1	0	312724	7a7b6412	78e08002	Soundstudio V1/MODULES/MED-4ch/A/Armonauthic
429e68d5e27d5ee9f7c9176e6d99a61a	1	368408	player	uade	OctaMED MMD1	0	110896	454dbc5e	539ceb0a	Soundstudio V1/MODULES/MUG-MEMBERS/Richard Bannister/TheLastSong
42b990b61ecd4ea8b912daefee7b811f	1	138421	player+silence	uade	Protracker	0	26248	738b7fd6	4a27c9a8	Soundstudio V1/MODULES/VARIOUS/N/neutronicpart1
42caaee783c5249e9146d97f0f665015	1	35868	player	uade	OctaMED MMD1	0	47624	aa727161	d99e3791	Soundstudio V1/MODULES/MUG-MEMBERS/Darren D Muir/Visions2
42dd6caeaacf6fd5d14cd648d4377447	1	96271	player	uade	OctaMED MMD1	0	114302	276a3a4c	8f1e929e	Soundstudio V1/MODULES/MUG-MEMBERS/David Evans/Sodium
43156243d596ad53186a3cc2981a1972	1	203714	player+silence	uade	OctaMED MMD1	0	170828	844df4e3	3498d380	Soundstudio V1/MODULES/MUG-MEMBERS/Martin Redden/Moonlight_Shadow
431e2accbba8512a1459ecc88a508f33	1	101737	player	uade	OctaMED MMD1	0	108756	30a6d01b	669c200b	Soundstudio V1/MODULES/MED-4ch/N/Nightstar
434651073da520f43f7c0437b6d012bd	1	161799	player	uade	OctaMED MMD1	0	214634	a459db02	ad16847b	Soundstudio V1/MODULES/MUG-MEMBERS/N Barnes/Droids
434651073da520f43f7c0437b6d012bd	1	161799	player	uade	OctaMED MMD1	0	214634	a459db02	ad16847b	Soundstudio V1/MODULES/MUG-MEMBERS/Nick Barnes/DROIDS
43b2afd11f6c257a794f1886d12db5b4	1	173514	player	uade	OctaMED MMD1	0	31844	7ab029c7	6cdc3709	Soundstudio V1/MODULES/MUG-MEMBERS/Steven Gane/C65MI4b1a
43bda5616319b0356dfba76c950f8af9	1	211283	player+silence	uade	OctaMED MMD1	0	187952	217eb3ff	29b173ff	Soundstudio V1/MODULES/MUG-MEMBERS/William Quinn/TENAJ_6
43c151f3ede1ba43776f9fa71c98858f	1	291302	player+silence	uade	OctaMED MMD0	0	163462	5e21ba10	b3f8c505	Soundstudio V1/MODULES/MED-4ch/A/Above&Beyond
43e321eff69602fc6332c32ac96c3fd5	1	327395	player	uade	OctaMED MMD1	0	134538	f6155990	511f5b2b	Soundstudio V1/MODULES/MUG-MEMBERS/Steffan Jordan/Midnight_Breath
43e3aa38b7560de2a4a76efc98f88837	1	361568	player+silence	uade	OctaMED MMD1	0	257148	e09f3025	8983b625	Soundstudio V1/MODULES/MUG-MEMBERS/Les Hodson/HEAVY-BASS-ATTACK-2
43e4b639a0b2f47c5defb01d021c47be	1	183802	player	uade	OctaMED MMD1	0	659442	87418856	c61b984a	Soundstudio V1/MODULES/MUG-MEMBERS/William Quinn/MariahCarey-MultiMod
43e4b639a0b2f47c5defb01d021c47be	2	150325	player
43e4b639a0b2f47c5defb01d021c47be	3	276657	player
43f1166365ce82be90dc96b5c3b24546	1	145411	player+silence	uade	OctaMED MMD1	0	66460	d7724689	b0dfb983	Soundstudio V1/MODULES/MUG-MEMBERS/Fabio Barzagli/Tillimaby
44146ca2e4485c93142b0a6a803529f8	1	181732	player	uade	Protracker	0	105168	0ec5867a	5d84032e	Soundstudio V1/MODULES/VARIOUS/D/djxmas
442a04dae1b9ffe10c2a5cf57086b81b	1	201102	player+silence	uade	OctaMED MMD1	0	181226	16192f3b	baabaca3	Soundstudio V1/MODULES/MUG-MEMBERS/William Quinn/TENAJ_3
443f54cb944064febbb5a262d10f475e	1	279132	player+silence	uade	OctaMED MMD1	0	341168	2bf8832f	c398844d	Soundstudio V1/MODULES/MUG-MEMBERS/Rhys`n'Rob/CryNoMore(MultiMod)
443f54cb944064febbb5a262d10f475e	2	293978	player+silence
445721132cb223ff6e0c53b850924194	1	127811	player+silence	uade	OctaMED MMD1	0	25980	2f456417	ddc265d2	Soundstudio V1/MODULES/MUG-MEMBERS/Michael Richmond/Synthetic-Reggae
4480e976514158ab1289a18d277f707c	1	127156	player	uade	OctaMED MMD1	0	85856	5a0bf8c8	327ac242	Soundstudio V1/MODULES/MED-4ch/D/Drokk
44df708162c515916f2eb802bfb551e4	1	212557	player	uade	Protracker	0	146770	296b7560	b214512b	Soundstudio V1/MODULES/VARIOUS/L/learningtofly
4507e43c11aaf5dbbee15039a9eb0b11	1	320202	player	st3play	Scream Tracker 3.00 (GUS)	8	176360	2e6482ff	8344a4cf	Soundstudio V1/MODULES/S3M/T/turbulen.s3m
451f2abfb03d7de40ae3b7df3c61a44d	1	246838	player	uade	Noisetracker 1.x	0	78188	ff35ee33	882ddfe0	Soundstudio V1/MODULES/VARIOUS/L/lowaltitude
452fd67514e8bb750b40ebbe37d39919	1	240133	player+silence	uade	OctaMED MMD1	0	196440	7d60cb13	08bf19c3	Soundstudio V1/MODULES/MUG-MEMBERS/Tim Davis/Incubus
4543a3c37f40cb8da6e1913184dfce71	1	211451	player	uade	OctaMED MMD1	0	470014	80e8ada9	ddf666c1	Soundstudio V1/MODULES/MUG-MEMBERS/Ben Thomas/Instinctive
45718e6eb0968bd48b7a337c17a3d2b5	1	44709	player	uade	OctaMED MMD1	0	93686	6ee062ce	7b6aa6cc	Soundstudio V1/MODULES/MUG-MEMBERS/George MacDonald/Sweety
4596c7b856139589bbc3846bb7b4638c	1	211753	player	uade	OctaMED MMD1	0	108140	7991be7e	b28f4bb0	Soundstudio V1/MODULES/MUG-MEMBERS/Steven Gane/Spookier
459801d69ce5709c6e9d93889b1c446e	1	246576	player	uade	OctaMED MMD1	0	622234	ec3e23b9	3e479386	Soundstudio V1/MODULES/MUG-MEMBERS/William Quinn/TheFiveFiftySeven
45f5bf5a66789525d59c08e403b8e5ca	1	207493	player	uade	Protracker compatible	0	139428	50b209ed	e3aad5d5	Soundstudio V1/MODULES/VARIOUS/E/electricdrug
4623d90e4909ef88f47e752d48ecfd94	1	162341	player	uade	OctaMED MMD1	0	135964	e71685a8	9981fb1a	Soundstudio V1/MODULES/MUG-MEMBERS/William Quinn/Scrap_Of_Metal2
46440cc0d02e9514b57000eb91c0d0ba	1	102600	player+silence	uade	Protracker	0	122710	9bd69b4a	f272891f	Soundstudio V1/MODULES/MUG-MEMBERS/Roger Sandwik/Hardcore
464ac8a2b5bb8806a34288d89da2acd8	1	329380	player+silence	uade	OctaMED MMD1	0	410082	f8bc60ca	e99c5dd6	Soundstudio V1/MODULES/MUG-MEMBERS/Matt Mclellan/Emotional_Storm
4665458b878fd475e162afe3646bf399	1	208076	player	uade	OctaMED MMD1	0	86192	f9549eb2	8fbf405b	Soundstudio V1/MODULES/MUG-MEMBERS/Richard Bannister/Lotus
4684331640c4bbb16d8f445b4672fbd6	1	140192	player+silence	uade	OctaMED MMD1	0	182992	202704ea	6741eea4	Soundstudio V1/MODULES/MUG-MEMBERS/Rhys`n'Rob/LookInMyDirection
468611ca3fb4299232d01e2c8fa32351	1	348897	player+volume	st3play	Scream Tracker 3.01 (SB)	8	290344	e33fee92	bc0da9c1	Soundstudio V1/MODULES/S3M/S/sometime.s3m
46f30fd8a86665a4e9c1722b0b065b43	1	69050	player+silence	uade	OctaMED MMD1	0	63408	1044cd21	96af92e9	Soundstudio V1/MODULES/MED-CLASSICS/Riders
4711502bd06c4c27b5cb01053226f7f8	1	155971	player	uade	OctaMED MMD2	0	306262	535bac9b	d7c01d63	Soundstudio V1/MODULES/MUG-MEMBERS/Reg Simpson/Tango_Argentina
4711502bd06c4c27b5cb01053226f7f8	1	155971	player	uade	OctaMED MMD2	0	306262	535bac9b	d7c01d63	Soundstudio V1/MODULES/VARIOUS/T/Tango_Argentina
472b81732e2c73f1f62bb5d277e5ce7f	1	217460	player	uade	OctaMED MMD1	0	201208	b3538d33	ec998df3	Soundstudio V1/MODULES/MUG-MEMBERS/Martin Redden/Rough_Boy
47673741c76ff115d15893ebe3d3fa54	1	244527	player	uade	OctaMED MMD2	0	421284	1f2ddae1	f731c0e4	Soundstudio V1/MODULES/MUG-MEMBERS/Michael Duncombe/12BarNightTimeBlues
47708df03f5c5b548d445b88af23c765	1	157579	player	uade	Noisetracker 1.x	0	91034	e98d9fb1	77ef30f9	Soundstudio V1/MODULES/VARIOUS/S/smoke
4774fb677418086e5db997ad27bca791	1	95990	player	uade	OctaMED MMD1	0	298664	52f5f24b	55bcb15d	Soundstudio V1/MODULES/MUG-MEMBERS/Dave Sullivan/Monism
478bc580dcf813424eca62cffc93054d	1	230394	player+silence	st3play	Scream Tracker 3.01 (GUS)	16	151696	89c06c70	360c1f1e	Soundstudio V1/MODULES/S3M/R/remember.s3m
47b24e0d690e18056a730601cd4fe246	1	156514	player	uade	OctaMED MMD1	0	138010	c656112a	751ba185	Soundstudio V1/MODULES/MUG-MEMBERS/Les Hodson/Koto
47b2c6338873c7b21797e4d990ed5cb8	1	6470	player	uade	OctaMED MMD1	0	86722	6782db00	69ab72ff	Soundstudio V1/MODULES/MUG-MEMBERS/Darren D Muir/VideoLife
47dd4e2db66091aea199da7ef21e8a05	1	250897	player	uade	OctaMED MMD2	0	74672	2428d493	559a2368	Soundstudio V1/MODULES/MUG-MEMBERS/THT/MacBarfSummertime
481aff76072c4849c997a705b0a31820	1	169028	player+silence	uade	Protracker	0	199738	e05fbc68	ea77e607	Soundstudio V1/MODULES/VARIOUS/D/dohnitz-kebab
4823144d61b1bc263ee142caeda50e07	1	122032	player	st3play	Scream Tracker 3.01 (SB)	6	198917	fefbd22a	faa37a9e	Soundstudio V1/MODULES/S3M/H/hunt.s3m
48413300628dbc0e8eef6df1ff0fb38b	1	263757	player	uade	OctaMED MMD1	0	741100	9c207a5d	8ff56ed2	Soundstudio V1/MODULES/MUG-MEMBERS/Dave Sullivan/Watch Me Dance
485040259b7a1cecbb964e5e1df4ccf9	1	201768	player+silence	uade	OctaMED MMD1	0	198612	f6039ca4	f27d001c	Soundstudio V1/MODULES/MED-4ch/G/Guitara
485040259b7a1cecbb964e5e1df4ccf9	1	201768	player+silence	uade	OctaMED MMD1	0	198612	f6039ca4	f27d001c	Soundstudio V1/MODULES/MUG-MEMBERS/Fabio Barzagli/Guitara
485a72cb1632bec92e4c62bef00f30da	1	230292	player+silence	uade	OctaMED MMD1	0	244276	03fd8a46	eaff807f	Soundstudio V1/MODULES/MED-4ch/R/Raggae
4879d9ebd9b332e5bd31384f35c06c54	1	237976	player	uade	OctaMED MMD2	0	279092	419393e8	f02b12a4	Soundstudio V1/MODULES/MUG-MEMBERS/Phill Morris/SYNOPSIS2b
48a66c04bc13838034fcf49fb612f1d6	1	166159	player	st3play	Scream Tracker 3.01 (SB)	10	162614	df3e1795	8a1030ea	Soundstudio V1/MODULES/S3M/I/iacidi.s3m
48a6f0fe95419efb12876f12095ec8b7	1	411148	player	uade	Protracker	0	128246	6a782a0d	a15adac0	Soundstudio V1/MODULES/VARIOUS/P/panic-demostyle
490c1b9c5bcc337c454e8755684b45c4	1	280455	player	uade	Protracker	0	331264	0c6552e7	3c392343	Soundstudio V1/MODULES/VARIOUS/G/give peace
49199af8c39eb1042237fc40ca4bce12	1	84616	player	uade	Noisetracker 1.x	0	22248	e2b2019b	0f67c1e6	Soundstudio V1/MODULES/VARIOUS/P/prelude
496809f032bd3472883447a745dff376	1	452060	player	uade	OctaMED MMD2	0	95860	240f95e3	2381bd38	Soundstudio V1/MODULES/MUG-MEMBERS/Peter Wright/Prelude_&_Fugue-2
49873b0f00fe20911a8c5659ed7dc449	1	295524	player+silence	uade	OctaMED MMD1	0	208498	97f79148	482043df	Soundstudio V1/MODULES/MUG-MEMBERS/Mark Nottingham/Sundance
4993611aca1474535d6396e01f86cca8	1	107323	player	st3play	Scream Tracker 3.00 (GUS)	8	39778	1cf646d7	94dae863	Soundstudio V1/MODULES/S3M/S/satell.s3m
4a17b11ec33b1fb11b11f28bdca22295	1	153721	player	uade	Protracker	0	74880	67705c52	8d4c0daf	Soundstudio V1/MODULES/VARIOUS/M/mystique
4a1d1bf781e1612634b03540b0348c38	1	101415	player	uade	Protracker	0	69242	1916c482	07af6661	Soundstudio V1/MODULES/VARIOUS/L/lochdetros
4a3754f416abb34907a84d33b5e5fc4a	1	149039	player	uade	MED4 (4ch)	0	85899	045bcd94	fc6a717b	Soundstudio V1/MODULES/MED-4ch/T/Tarkus06
4a6620d02650641d557b9e47be434431	1	178055	player	uade	OctaMED MMD1	0	284846	257c180b	fe95efd9	Soundstudio V1/MODULES/MUG-MEMBERS/Ben Thomas/Living-On-My-Own
4a6fe9a1974f150b486f71c4d0d0ac80	1	106900	player+silence	uade	OctaMED MMD1	0	304274	bd53d8a6	556eac63	Soundstudio V1/MODULES/MUG-MEMBERS/TonyShepherd+RalphFinlay/Scratch-It!
4a993985d482be2f571752d7a1f3cbdf	1	146386	player	uade	OctaMED MMD2	0	49696	91087d84	28fdbb88	Soundstudio V1/MODULES/MUG-MEMBERS/Michael Richmond/Forever
4aa02d7fe2da34deeddb80bd61a3964f	1	183205	player+silence	uade	OctaMED MMD0	0	98742	ce1c1fbf	63dbe8c4	Soundstudio V1/MODULES/MUG-MEMBERS/Alex Jones/Technitsa
4aa63858e59ba46883e067c59868fdd0	1	173373	player	uade	OctaMED MMD1	0	92736	f4f8bfad	1db21ff2	Soundstudio V1/MODULES/MED-4ch/D/Distant_Walker
4ad7b7e7d1990d7018a74b15e17545ed	1	207252	player	uade	OctaMED MMD1	0	21016	cef428d6	06ff1a12	Soundstudio V1/MODULES/MUG-MEMBERS/Michael Richmond/Melancholy
4ae46296dd3771ab011e6f75c8439946	1	172589	player	uade	OctaMED MMD1	0	77338	ebd6bc53	df29ca34	Soundstudio V1/MODULES/MUG-MEMBERS/Trank Mast/450_Moulded_Tablets
4af8615968bf3b3365415bf509e28863	1	243139	player+silence	st3play	Scream Tracker 3.01 (SB)	10	237974	b4e4daf7	c0b42acc	Soundstudio V1/MODULES/S3M/D/distance.s3m
4afe57351f3f57ae87a1dfa2c5553182	1	259497	player	uade	OctaMED MMD1	0	138842	cecd18fb	153b1b14	Soundstudio V1/MODULES/MUG-MEMBERS/Steven Gane/ChristmasMugs
4afe57351f3f57ae87a1dfa2c5553182	1	259497	player	uade	OctaMED MMD1	0	138842	cecd18fb	153b1b14	TI-MAGAZINES/Modules/Mod.ChristmasMUGS
4b333d94a7ff5ceea1f49a2f2443080c	1	210725	player+silence	uade	OctaMED MMD1	0	118534	5fa623f2	0052237a	Soundstudio V1/MODULES/MED-4ch/A/BACH-AIR
4b75c3ec72c5920f549c7c22b0856391	1	154102	player	uade	OctaMED MMD1	0	52684	170c1130	ab4264c7	Soundstudio V1/MODULES/MUG-MEMBERS/Michael Richmond/Total_Irrelevance
4b84916698aa78471010526c7fc290b0	1	215772	player	uade	OctaMED MMD1	0	235404	6c126eb7	259a3cd9	Soundstudio V1/MODULES/MUG-MEMBERS/THT/DreamingOfDune
4b96611523c00ba2986834bacfa2b094	1	210608	player	uade	MED4 (4ch)	0	165492	30357195	b537544c	Soundstudio V1/MODULES/MUG-MEMBERS/Rob Moseley/TellItToMyHeart
4ba3913330d6a33656afb12a3e121161	1	120139	player+silence	uade	Protracker	0	396308	2caf87bb	a9860fc9	Soundstudio V1/MODULES/VARIOUS/H/humpty dumpty
4bb4aaa6323e5306abeafd7652d5199e	1	70510	player	uade	OctaMED MMD0	0	89851	4833cfa3	443d8a4a	Soundstudio V1/MODULES/MED-4ch/T/Thefunkydrummer
4bbb6af698b92cd731dafbf060e37f26	1	147526	player+silence	uade	OctaMED MMD2	0	140856	81b3f386	cc452aa2	Soundstudio V1/MODULES/MED-4ch/P/Paranoid
4c08fdf8108247e00114e4b0d37172b0	1	268443	player+silence	uade	OctaMED MMD1	0	281622	d7aeb5d2	decce090	Soundstudio V1/MODULES/MED-4ch/O/Obsession
4c4e5d998355f07ebaffb647167052b6	1	56444	player	uade	OctaMED MMD0	0	307430	adf129e1	fdea723b	Soundstudio V1/MODULES/MED-4ch/D/Discograffity
4c5c49dda1f4de3259562f7f51560454	1	311955	player+silence	uade	Protracker	0	522908	0e1c7458	da7b35c9	Soundstudio V1/MODULES/VARIOUS/R/respectisdue
4c76d2aff4a233039c873a90387b880b	1	191418	player	uade	Protracker	0	108540	d1a4ad39	3aeeb14c	Soundstudio V1/MODULES/VARIOUS/V/vectordreams
4c8f05e45b96faa3a77b8f2b34876554	1	326147	player+silence	uade	OctaMED MMD1	0	353898	e4dfb475	d7ff7a31	Soundstudio V1/MODULES/MUG-MEMBERS/Ian Chisholm+Marcus Donachie/Millenium
4ca41c34713d9265b19e0f3a275d7120	1	86043	player	uade	OctaMED MMD0	0	142260	782345c5	fc3e33a6	Soundstudio V1/MODULES/MED-4ch/A/Agressive2
4cd5aeb5a6a613e09dfaf69d4bb617ea	1	332640	player	uade	OctaMED MMD1	0	120988	40935ba2	e6e342f9	Soundstudio V1/MODULES/MUG-MEMBERS/Ben Thomas/Nomad-(94)
4ce0fd459f54b74cb3a4ac4b5c453583	1	57509	player	uade	OctaMED MMD1	0	83430	87da5577	1ff817ea	Soundstudio V1/MODULES/MED-4ch/M/Movement77
4ce7387cf12b44ab01c23ef32274eb85	1	182006	player+silence	uade	Noisetracker 1.x	0	91456	949ddd55	4bc78d80	Soundstudio V1/MODULES/VARIOUS/S/sahara
4cf200fe0af3b6220c3f95a3ab7c393f	1	214325	player	uade	Protracker compatible	0	114112	aeeba95e	e02ac73c	Soundstudio V1/MODULES/VARIOUS/F/freaked out
4d1fef680ecf678b4e754dafee33e13c	1	123358	player	uade	Protracker	0	174816	9c55f4b8	d9de47de	Soundstudio V1/MODULES/MUG-MEMBERS/Fabio Barzagli/Paesaggi
4d22f77c6be0fa4ea467c17c6c613bf1	1	189026	player	uade	OctaMED MMD1	0	88136	69e2174e	5a97ffc5	Soundstudio V1/MODULES/MUG-MEMBERS/THT/OutToShock
4d349a6b77f02a7568b0946858b891b8	1	190930	player+silence	uade	OctaMED MMD1	0	115204	c1e65229	ef6cd2ef	Soundstudio V1/MODULES/MUG-MEMBERS/Ian Chisholm+Marcus Donachie/Far_Too_Limited
4d46e83b7f5f87ab7986757a570726d3	1	210596	player+silence	uade	Noisetracker 1.x	0	70978	f7c438dc	30bc46af	Soundstudio V1/MODULES/VARIOUS/C/cm1-sternentanz
4d64bb3634e4aa734611725b198e4421	1	327425	player+silence	uade	OctaMED MMD2	0	148312	b067ba84	87c53b83	Soundstudio V1/MODULES/MUG-MEMBERS/Carl Barry/HerosAndCowards
4d72648d0851ded9c312fb5dec43bf12	1	325081	player+silence	uade	OctaMED MMD1	0	88730	803256c0	3b39a9ac	Soundstudio V1/MODULES/MED-4ch/N/NewDimension
4d79c139e59441c36f32d10aa34bc1b3	1	184740	player+silence	uade	OctaMED MMD1	0	126078	3946bd7c	467de42a	Soundstudio V1/MODULES/MUG-MEMBERS/William Quinn/Just_Like_Heaven
4d9e94c1bf85a231186b9ded5374b4d5	1	206749	player	uade	OctaMED MMD1	0	237964	52161cb9	0442a80a	Soundstudio V1/MODULES/MED-4ch/M/MurderInGray
4dabdb3c3fa75ed351236d3615eb2c77	1	186796	player	uade	Protracker	0	205936	20b39638	176f92f2	Soundstudio V1/MODULES/VARIOUS/E/electric-church.hit
4dba557dacc92f35689ea0f52e90d6c3	1	47482	player	uade	OctaMED MMD1	0	102780	607ee65a	44671f95	Soundstudio V1/MODULES/MUG-MEMBERS/Kevin Jones/OldStyleRevisited
4e064cc5b9da2b5a0ddeff5e61d2deb3	1	239523	player	uade	OctaMED MMD0	0	266364	6bd67200	a5a9d464	Soundstudio V1/MODULES/MED-4ch/B/Berlin_London_Mix
4e0813f670c1f88138d9691a52d572e8	1	176327	player	uade	OctaMED MMD1	0	33280	4b2f6abb	9f72ad2e	Soundstudio V1/MODULES/MUG-MEMBERS/Rudi Samborski/Sublim.J
4e1f06700ff569bbb0f72ff5db2392c6	1	130693	player	uade	Protracker compatible	0	73216	9db0476c	23fb7e97	Soundstudio V1/MODULES/VARIOUS/V/visions
4e391e99adf3d3bb1b07215d34933b3f	1	111946	player+silence	uade	OctaMED MMD1	0	80610	9b7984be	6ed7d2de	Soundstudio V1/MODULES/MUG-MEMBERS/Tom Cozzolino/It has been many before
4e554bb9250dda8f0d8b2b957d378348	1	311059	player	uade	Protracker	0	613898	0ecebf0f	b3025684	Soundstudio V1/MODULES/VARIOUS/I/it'sbrutal
4e610d14155b8ac43f60c446337a5293	1	325562	player+silence	uade	OctaMED MMD3	0	440066	12c845d2	8bd54212	Soundstudio V1/MODULES/MUG-MEMBERS/Matt Mclellan/ChronologicFoundations
4e610d14155b8ac43f60c446337a5293	2	50738	player
4e6c99845699710802055d3a8f5912c7	1	213558	player+silence	uade	OctaMED MMD2	0	164040	551ba7c2	54704b14	Soundstudio V1/MODULES/MUG-MEMBERS/Greg McLaughlin/Delayed
4e80d7402a8c6d43f6617a815ad84e65	1	3797	player	st3play	Scream Tracker 3.01 (GUS)	16	44232	9d55b3ce	3c5094a4	Soundstudio V1/MODULES/S3M/M/MAXTEST.S3M
4eb19cab8eb52a6e175ee7a3c57ee49a	1	138369	player	uade	Protracker compatible	0	84210	f027f63b	44628f75	Soundstudio V1/MODULES/VARIOUS/S/salute
4eb6b896232322899cf870eca3a4e9cf	1	403693	player	st3play	Scream Tracker 3.01 (SB)	16	982016	4c540514	f58ba565	Soundstudio V1/MODULES/S3M/S/sunshine.s3m
4f2c51f48f39c3ff3a8bea0181d67dc7	1	323618	player	uade	OctaMED MMD2	0	354606	36ba5a0b	e13c7b09	Soundstudio V1/MODULES/MUG-MEMBERS/Ilkka Riihimaa/RealSide
4f3048c2f901a99d35effc4d0664e8dc	1	507663	player+silence	uade	OctaMED MMD1	0	501290	3960895a	955c3391	Soundstudio V1/MODULES/MUG-MEMBERS/Fabio Barzagli/Infinity
4f4372abb36f8e34776bbb745dc5709d	1	176668	player	uade	OctaMED MMD1	0	85052	d90c2df7	8ddf90e9	Soundstudio V1/MODULES/MUG-MEMBERS/Ben Thomas/SphericalCosmos
4f4372abb36f8e34776bbb745dc5709d	1	176668	player	uade	OctaMED MMD1	0	85052	d90c2df7	8ddf90e9	Soundstudio V1/MODULES/VARIOUS/S/SphericalCosmos
4f527ff2938e2c0006c278366ee8da95	1	253670	player	uade	OctaMED MMD1	0	347936	550e5b01	52e85b52	Soundstudio V1/MODULES/MUG-MEMBERS/Ben Thomas/Spectral-Motion
4f7276312518fcfabb17d4417c2697d8	1	192141	player	uade	Protracker compatible	0	108310	779a391a	6db23704	Soundstudio V1/MODULES/VARIOUS/N/nightlights
4f748a5cd6a60dfb89d78cdf118c0159	1	91167	player	uade	OctaMED MMD2	0	135514	857adfc9	9f6500df	Soundstudio V1/MODULES/MUG-MEMBERS/Jimmy Geatches/Chord
4f848cc27dcd6c7133b711c5e5c6e5cc	1	168547	player+silence	uade	OctaMED MMD1	0	54046	368abf26	dc696c52	Soundstudio V1/MODULES/MUG-MEMBERS/The Sidewalk/Love_To_Hate_You
4f899b4a614f962d64c6d9b51ee12d0d	1	315047	player+silence	st3play	Scream Tracker 3.01 (SB)	12	360448	400334fd	c6f4caa3	Soundstudio V1/MODULES/S3M/S/SUNRISE.S3M
4f9fdc3690674eda9e5222079c633d26	1	278138	player+silence	uade	OctaMED MMD1	0	234450	9a549e6a	69d3d176	Soundstudio V1/MODULES/MUG-MEMBERS/Phill Morris/JN_Moonlit
4fa47cb6f959cf3c9280111b305063e5	1	324166	player+silence	uade	OctaMED MMD1	0	118934	f8375c1e	4293584d	Soundstudio V1/MODULES/MUG-MEMBERS/Andy O'Brien/The Fugitives
4fef44ceb4901380d777c32e64878971	1	263672	player+silence	uade	OctaMED MMD1	0	267418	832e8044	bf5f5ee3	Soundstudio V1/MODULES/MUG-MEMBERS/Paul Spark/SRM
4ff51466180bb652309f1ebf0603168b	1	88682	player+silence	uade	OctaMED MMD2	0	390988	fe8e1df1	2e7f50d5	Soundstudio V1/MODULES/MUG-MEMBERS/Matt Mclellan/Nymph
5041c11f8519b9e3f6ac114d2f6f72dd	1	308048	player+silence	uade	OctaMED MMD1	0	348806	0685f019	1269ba6e	Soundstudio V1/MODULES/MUG-MEMBERS/Paul Spark/Walk_The_Earth
50466ac66691776f589c8443a0488e1c	1	252926	player	uade	OctaMED MMD3	0	261496	3892d6a0	367d47e2	Soundstudio V1/MODULES/MED-4ch/T/TheM-House
509a295d1c8ee385acfeabed89500fd3	1	203514	player	uade	OctaMED MMD2	0	142916	953c42ee	d2ed1e28	Soundstudio V1/MODULES/MUG-MEMBERS/Phill Morris/Reddwarf(re-mixed)
50cadcd1963563097c56f813bffc62fe	1	132360	player	uade	Protracker compatible	0	263744	859800cc	ea0f4d53	Soundstudio V1/MODULES/VARIOUS/B/bat-dance
50d9f8b2f26ff40052e810ae3ee8aae6	1	365956	player	uade	OctaMED MMD1	0	166426	14e76b24	2fa6336c	Soundstudio V1/MODULES/MUG-MEMBERS/Andy Baxter/NIGHTMARE_REVISITED
50db9b1c3484e7871dabc57aeb53f9bf	1	109152	player	uade	OctaMED MMD1	0	112022	e47ee334	e8a56640	Soundstudio V1/MODULES/MUG-MEMBERS/William Quinn/DRUMTRACKER
514a78d88370b94cd9385d1a9edaf04d	1	185289	player	uade	Protracker	0	90202	8e195524	57978b39	Soundstudio V1/MODULES/VARIOUS/F/flow
51a3e5357162e79b0bf4ea2dd7e83113	1	71816	player	uade	Protracker	0	70706	743fccaf	2f506dfc	Soundstudio V1/Samples/_JAZZIES_Samples/Misc4/harlequin
51c6cc084bb863270c414ea963a0a1a8	1	51501	player	uade	OctaMED MMD1	0	60032	5328e2eb	394699a4	Soundstudio V1/MODULES/MED-4ch/S/Shit
51e2436b0b4ddef4e5f48de066083e8c	1	318878	player+silence	uade	Protracker	0	143238	6f9dbc70	d5a8dd58	Soundstudio V1/MODULES/VARIOUS/Y/you_must_remember!
51e365d0b5006c3796b59375db7f9dea	1	255357	player	uade	OctaMED MMD1	0	192816	48c0816f	af7ea673	Soundstudio V1/MODULES/MUG-MEMBERS/Phill Morris/ComingBack
5203bba994587c399deada00f3c89fe1	1	86847	player	uade	OctaMED MMD1	0	97416	9f26a9df	75ec32aa	Soundstudio V1/MODULES/MUG-MEMBERS/William Quinn/PIANO_SONG_UNFINISHED?
5203bba994587c399deada00f3c89fe1	1	86847	player	uade	OctaMED MMD1	0	97416	9f26a9df	75ec32aa	Soundstudio V1/MODULES/MUG-MEMBERS/William Quinn/UnfinishedPianoSong
520652b6d4dd8010e548f8ac87a4875e	1	172743	player+volume	uade	OctaMED MMD1	0	172324	009e7483	b48986a6	Soundstudio V1/MODULES/MUG-MEMBERS/Dean Murray/Meanwhile
521557bc489a29c348acee5b2e4012a0	1	188405	player+silence	st3play	Scream Tracker 3.01 (GUS)	16	191708	3e2fd402	399719eb	Soundstudio V1/MODULES/S3M/S/solomech.s3m
5264b8068313e9e888b2159cc7291246	1	231988	player	uade	OctaMED MMD1	0	781446	fe1e564e	22cbac34	Soundstudio V1/MODULES/MUG-MEMBERS/ABC - Vocal Mods/Together-Forever
52658899f23ecdc1b541b325687d62e4	1	135133	player	uade	Protracker	0	526414	647c4883	cb29d569	Soundstudio V1/MODULES/VARIOUS/T/t.w.m-35
5269c262520a2be7c3ab28a04efe018a	1	72741	player	uade	OctaMED MMD1	0	252918	be5e7300	850c1dba	Soundstudio V1/MODULES/MED-4ch/H/Horizons
527bdcfacbd617c33abb1b8263bfc15b	1	133486	player	uade	OctaMED MMD2	0	154902	d2f79cf2	dc654959	Soundstudio V1/MODULES/MUG-MEMBERS/THT/Delta
5280125497279c4bee78231bd7c2655b	1	221905	player+silence	uade	OctaMED MMD1	0	92122	3bb52d92	8c86de20	Soundstudio V1/MODULES/MUG-MEMBERS/Andy O'Brien/brianboru
528f3eecffecaa9041f5ce2d2044ea09	1	123539	player	uade	OctaMED MMD3	0	261194	f729f8f4	78669ec3	Soundstudio V1/MODULES/S3M/H/hitdeck.s3m
529831e8fc5258ead231c09ef8a9906c	1	366387	player+silence	uade	Protracker	0	254966	367984c6	86f508e4	Soundstudio V1/MODULES/VARIOUS/F/funkybeat ii
52ed9c6ea35720e8c101bef4088652c0	1	46116	player	uade	OctaMED MMD1	0	62746	ec19e6ef	b96355b1	Soundstudio V1/MODULES/MUG-MEMBERS/Tom Cozzolino/The Beast
52f47764c1baf7cc74e8b81a12749ba5	1	304142	player+silence	uade	OctaMED MMD3	0	717498	404e685d	719fb959	Soundstudio V1/MODULES/MUG-MEMBERS/Cottage Publishing/Devils Woman
52fcfcc351e5e2362e74fc31f584237a	1	166748	player+silence	uade	OctaMED MMD1	0	1904712	9c4561e6	a1204ee8	Soundstudio V1/MODULES/VARIOUS/I/Inmypower
5303f6c0698f99ec6d410e993237ec64	1	120326	player+silence	uade	OctaMED MMD1	0	230386	df8bed93	cd15d2fc	Soundstudio V1/MODULES/MED-4ch/S/slodkie-Sny
5318427b22c4e10c8a2288abd4a3d6c9	1	176304	player+silence	uade	OctaMED MMD3	0	485022	86aeb28c	8e002b5f	Soundstudio V1/MODULES/S3M/A/AutumnsDawning.s3m
53651d82844d856bf42ee55fe7cddf45	1	191127	player+volume	uade	Protracker compatible	0	194122	065b5e96	bfe542e1	Soundstudio V1/MODULES/VARIOUS/I/Insofar
5367a08b747e92deb463518bea3dd79e	1	139843	player+silence	uade	OctaMED MMD3	0	447184	4fe86da2	286d6657	Soundstudio V1/MODULES/S3M/S/Sofaw
53a2d0f765eb7d06452595e8698c744a	1	192493	player+silence	uade	OctaMED MMD1	0	297648	6c8ffa1a	6cb84216	Soundstudio V1/MODULES/MUG-MEMBERS/Rob Moseley/Cars
53acff622dc67015bf757adff6da13fc	1	460363	player+volume	uade	OctaMED MMD1	0	343956	b9d496b8	6276709c	Soundstudio V1/MODULES/MUG-MEMBERS/Johan Van Mensel/SoftMetalBlues
53ae380c134a8bb054c19b90f960fd3d	1	169575	player	uade	OctaMED MMD1	0	130200	b7ddc70c	87a4e9ad	Soundstudio V1/MODULES/MUG-MEMBERS/William Quinn/Overloaded III
53c05d68d7175e530760d3fd60b5ec4d	1	237253	player	uade	OctaMED MMD1	0	143908	a0e996ef	bd748678	Soundstudio V1/MODULES/MUG-MEMBERS/William Quinn/Howard Jones1
5434a3ac52b5293a74e537b5503ac02b	1	45975	player	uade	OctaMED MMD1	0	87008	eb3a5f72	ba4654c3	Soundstudio V1/MODULES/MUG-MEMBERS/Ben Thomas/Mad-Mice
545ee422a15045fa371daf38255aa67e	1	58574	player	uade	OctaMED MMD1	0	84376	3dafbc19	8bcdd37c	Soundstudio V1/MODULES/MED-4ch/B/Bongo-Boo
54a9b81f3d537a6a21be11938cd0f6c3	1	226623	player	uade	OctaMED MMD0	0	148150	98f352ca	06642950	Soundstudio V1/MODULES/MUG-MEMBERS/Michael Ward/SexualIncantation
54d44e1260c8035793bc60fc2c66fe77	1	218910	player+silence	st3play	Scream Tracker 3.01 (GUS)	8	345654	c9f4a630	98fe108e	Soundstudio V1/MODULES/S3M/S/solar.s3m
551df9c16309f3dbb0b00995c3dcfae6	1	276456	player	uade	MED4 (4ch)	0	118523	4feb5a17	a7e12646	Soundstudio V1/MODULES/MUG-MEMBERS/Jon Marsden/I'm_Not_A_Bimbo
551f04e1169625ff002733a68d670d71	1	108931	player	uade	Soundtracker II (15 instr.)	0	111052	593c9cc9	c0dc151c	Soundstudio V1/MODULES/VARIOUS/A/awesome1
551f2673dfdd0d2c388230d0e48a0a61	1	321729	player	uade	OctaMED MMD2	0	398342	df33c843	33e2d000	Soundstudio V1/MODULES/MUG-MEMBERS/Rudi Samborski/After Hours
55296b2604b3515a37994b32e84346e3	1	239423	player	uade	OctaMED MMD1	0	438178	d993db17	52a259ae	Soundstudio V1/MODULES/MED-4ch/A/Andyoudontstop
553c2819d3df222e24bde7f936b3fdb6	1	631993	player+silence	uade	Noisetracker 1.x	0	116076	0e82706a	61967f76	Soundstudio V1/MODULES/VARIOUS/A/axelf
5555eecc5ff5ddbfaaf2545390143e96	1	134812	player	uade	Protracker compatible	0	65464	80da390e	e515e897	Soundstudio V1/MODULES/VARIOUS/H/hurricane
55723277df048c88204c79e3cd80a780	1	264163	player+volume	st3play	Scream Tracker 3.00 (GUS)	8	177828	7d472789	9744e6bb	Soundstudio V1/MODULES/S3M/M/Mercury Rain
558a2d56bfd7eef5237e36caa5bbaf74	1	188986	player	uade	OctaMED MMD1	0	28724	b23455d7	3df73dab	Soundstudio V1/MODULES/MUG-MEMBERS/Richard Bannister/SynthSong
5595320a788bbe281ab7f0ea566a9aa4	1	296330	player+silence	uade	OctaMED MMD1	0	1046464	be4a3913	dbb79b4f	Soundstudio V1/MODULES/MUG-MEMBERS/Sam Gilbert/Hypnotised
55a93712f364b9627505ca38742570d1	1	169848	player+silence	uade	OctaMED MMD1	0	386146	29d04139	3bbe426c	Soundstudio V1/MODULES/MUG-MEMBERS/Holger Bahr/Chaos
55c3802b97fdc8c6e7da6924752389c6	1	181370	player	uade	OctaMED MMD1	0	56878	f2e737de	663310d7	Soundstudio V1/MODULES/MUG-MEMBERS/Steven Gane/JazzPart1
55c6c59e10daaab8f2f1356dfbd78942	1	154946	player	uade	OctaMED MMD1	0	341118	85f66ee7	7f1ee051	Soundstudio V1/MODULES/MUG-MEMBERS/Reg Simpson/KickStart
55e4a7abf636bda66679f3a327da2812	1	268881	player	uade	Protracker	0	170821	ddb493c8	2253be3a	Soundstudio V1/MODULES/VARIOUS/J/jmu-joe!
562dce350fd7b18853d9d1c36989283e	1	107645	player	uade	Protracker	0	125054	47f8c731	5991a432	Soundstudio V1/MODULES/VARIOUS/S/sunwind
5639b626039c284f42c831795ee37df3	1	348951	silence	uade	OctaMED MMD1	0	654232	0839747b	9c9e3e0b	Soundstudio V1/MODULES/MUG-MEMBERS/Sam Gilbert/IntoPersona3
56457286e8b825abd55526da246eb870	1	38520	player	uade	Protracker	0	18312	33765791	bade5458	Soundstudio V1/MODULES/MUG-MEMBERS/Fabio Barzagli/Ch3-Labirinth
564b5b6f57b45ad5a81c31ddc7b090a7	1	115033	player+silence	st3play	Scream Tracker 3.01 (SB)	16	449488	c417715f	6dc326b7	Soundstudio V1/MODULES/S3M/T/techno.s3m
5667733b5db6c4ec06c00952f711b172	1	269745	player	uade	OctaMED MMD2	0	94492	8bc05de5	424ffe5d	Soundstudio V1/MODULES/MUG-MEMBERS/THT/Midnight
566810b20aa2e62eaa636de40d906f16	1	159837	player+silence	uade	OctaMED MMD1	0	85804	c40abde8	de8ba487	Soundstudio V1/MODULES/MUG-MEMBERS/Andy Baxter/I THINK I WILL
56757c80809c95fc5aa84f27c0e32bcb	1	199355	player	st3play	Scream Tracker 3.01 (GUS)	16	76652	f8f4b179	b3676cb9	Soundstudio V1/MODULES/S3M/R/reality.s3m
56983b783ed742c4d3b3be7a497484b4	1	298737	player+silence	uade	Protracker	0	233016	83036c62	4e5393a1	Soundstudio V1/MODULES/VARIOUS/A/Anthem
56cd09f789a8fa5d961b9f9018bd6e9c	1	156951	player+silence	uade	Protracker	0	104638	91429348	b21c1ed9	Soundstudio V1/MODULES/VARIOUS/F/Fearexam
56f2715f041549078e9af94deb6fedd9	1	253027	player	st3play	Scream Tracker 3.01 (SB)	16	161970	894ab2e7	af38156d	Soundstudio V1/MODULES/S3M/T/THEBLADE.S3M
56f6f54eda0a96e65a92d24485aeb334	1	110618	player	uade	OctaMED MMD1	0	539282	53f46069	2d5a2f4d	Soundstudio V1/MODULES/MUG-MEMBERS/Reg Simpson/Gracie-2
57040985332af516e330b0a9d35a24bb	1	252243	player	st3play	Scream Tracker 3.00 (GUS)	4	185654	b41d65bc	0f41124b	Soundstudio V1/MODULES/S3M/N/notfkids.s3m
570811fec46f1a9f77c8a253a6a8623c	1	349057	player	uade	OctaMED MMD2	0	437866	df7af4ad	4dc3ac1a	Soundstudio V1/MODULES/MED-4ch/D/DontMove
570845b71610d3773b0ba79fbc1a2aad	1	138369	player	uade	Protracker	0	147788	bd1a4eef	40d86409	Soundstudio V1/MODULES/VARIOUS/D/darkmights.jk
5738e479532b87cee222d8260677ae52	1	178940	player+silence	uade	OctaMED MMD1	0	141462	74243892	6ac3ffe2	Soundstudio V1/MODULES/MUG-MEMBERS/Reg Simpson/Money_Money_Money
5738e479532b87cee222d8260677ae52	1	178940	player+silence	uade	OctaMED MMD1	0	141462	74243892	6ac3ffe2	Soundstudio V1/MODULES/VARIOUS/M/Money_Money_Money
575b1d1849c421b38f2011114f04e45a	1	307321	player	uade	Protracker compatible	0	107992	de660412	4f69502c	Soundstudio V1/MODULES/VARIOUS/A/anotherface
57916e7c7f13365ebddb45a5c228be40	1	140157	player	st3play	Scream Tracker 3.00 (GUS)	2	54194	7025fee6	9f9b93eb	Soundstudio V1/MODULES/S3M/M/MINIMUM.S3M
57aafb4aa11a080c2debfaae10e980d4	1	148412	player+volume	st3play	Scream Tracker 3.01 (GUS)	8	515553	ea840f37	1c8f18d2	Soundstudio V1/MODULES/S3M/K/kh-evol.s3m
57f43c052f4117b5e4c645e332388926	1	130693	player	uade	Protracker compatible	0	71054	d1a24fc3	7144cd4d	Soundstudio V1/MODULES/VARIOUS/C/complications
582f8f8e6cf152eed247d948b621cfe2	1	208076	player	uade	OctaMED MMD1	0	65182	b5b2dabe	5518ff23	Soundstudio V1/MODULES/MUG-MEMBERS/Bruce Cowie/Blabarrave
58601bd419b4f753480d8286014ce663	1	309270	player	uade	OctaMED MMD1	0	161338	b44eed8f	92816667	Soundstudio V1/MODULES/MUG-MEMBERS/THT/ThursdayAfternoon
587d5d66f67ace43193480126372cc3f	1	248170	player+silence	uade	OctaMED MMD2	0	330140	ed738aa2	ac1b6ffa	Soundstudio V1/MODULES/MUG-MEMBERS/Les Hodson/Microteric
5889aad9e8ea1d8e9d0754f4cf99ef42	1	261808	player	uade	OctaMED MMD1	0	163050	3009ff24	2a0190e8	Soundstudio V1/MODULES/MUG-MEMBERS/Neil Christie/ComeOutOfTheDark
58b9769dde8c2e273878eecb04a834e1	1	339693	player	st3play	Scream Tracker 3.01 (GUS)	16	266149	199491d9	e8054a40	Soundstudio V1/MODULES/S3M/J/jupiter.s3m
591177bb518c3675ed48eb3c8da67ffb	1	375154	player+silence	uade	Protracker	0	365334	cca7966e	ef00af31	Soundstudio V1/MODULES/MUG-MEMBERS/Fabio Barzagli/ITR-SourceOfMusic
5911fac8204b026d4d28275870555c74	1	181531	player+silence	st3play	Scream Tracker 3.01 (GUS)	16	285972	843111a0	c8a39d2b	Soundstudio V1/MODULES/S3M/S/somerie.s3m
59183c71401b3f72825b826c4611fd8d	1	184491	player+silence	uade	OctaMED MMD2	0	127500	8f189003	58015f35	Soundstudio V1/MODULES/MUG-MEMBERS/Phill Morris/Deep_Space9
591aaad0ac3f155f077c6ded491652ed	1	291849	player+silence	uade	OctaMED MMD1	0	644400	6d7e37a3	d10321bf	Soundstudio V1/MODULES/MED-4ch/F/Fountain-Of-Sighs
592281a2ac5312f38df55573da991162	1	115883	player	uade	OctaMED MMD1	0	120280	a0d471e0	112773d8	Soundstudio V1/MODULES/MUG-MEMBERS/Tom Cozzolino/Spaceship remix '93
5973a57a7d4e24798be8ff90ef3b143d	1	183734	player+silence	uade	OctaMED MMD1	0	333508	193230d2	404abac1	Soundstudio V1/MODULES/MUG-MEMBERS/Rob Moseley/NeverEndingStory
598a9976c299f173a0c54f54baf1a3a6	1	226716	player+silence	uade	OctaMED MMD1	0	261888	113866bb	9373f583	Soundstudio V1/MODULES/MUG-MEMBERS/Rob Moseley/CAME_FROM_HEAVEN
598a9c47134152127dee8af60c398b45	1	284775	player	st3play	Scream Tracker 3.00 (GUS)	8	141577	b5e52f7b	b41206e1	Soundstudio V1/MODULES/S3M/O/omniphil.s3m
598f8eab3283b2f06b378c20be2c23be	1	0	nosound	uade	OctaMED MMD1	0	146944	7f87d6ad	a33b58a1	Soundstudio V1/MODULES/MIDI/MKarlson/ORGANIC.MED
5993dc7f0353eb63f8eae63957cdc2a0	1	137906	player	uade	OctaMED MMD1	0	322830	928c0c8c	80aa6d5a	Soundstudio V1/MODULES/MUG-MEMBERS/William Blake/S.L.I.G.Psycho!!
5a3f5b540e828a11efc7f055ab9c762c	1	295162	player+silence	uade	OctaMED MMD1	0	547204	6d9acaab	aa41348c	Soundstudio V1/MODULES/MUG-MEMBERS/Sam Gilbert/YourUnderworld
5a4860c5f756038c5e7273c90f622b4b	1	238197	player	uade	Protracker compatible	0	115724	3eaf0534	e9c21562	Soundstudio V1/MODULES/VARIOUS/I/irontear
5a66154aa02f8a8e6799d2011beae77d	1	457084	player	uade	Soundtracker II (31 instr.)	0	74304	d8697a76	3c5d45d0	Soundstudio V1/MODULES/VARIOUS/C/cyber
5a720e449b16a68e02f472e71b040831	1	184023	player	st3play	Scream Tracker 3.00 (SB)	16	154376	c854dae4	081650a9	Soundstudio V1/MODULES/S3M/D/darkness.s3m
5a720e449b16a68e02f472e71b040831	2	45392	player
5a7b277772e94e2bfa65d223d3c558a3	1	420653	player	uade	OctaMED MMD1	0	447202	e58f86c8	cb7c5757	Soundstudio V1/MODULES/MUG-MEMBERS/James Drabble/Boreal
5a7db16f491bdfc208b1100432bb3e21	1	146587	player	st3play	Scream Tracker 3.01 (SB)	9	320528	eff20504	a94f87bf	Soundstudio V1/MODULES/S3M/L/light.s3m
5a8f4fd4bd035a81bd392f7b137de7c8	1	390813	player	uade	OctaMED MMD2	0	146598	aca80975	839ec5e6	Soundstudio V1/MODULES/MUG-MEMBERS/Peter Grant/LostInIndiana
5aebab8b5dc93c4897c9a202b57ffc9d	1	288296	player+volume	st3play	Scream Tracker 3.00 (GUS)	9	280694	0276f2b5	3675903f	Soundstudio V1/MODULES/S3M/W/war-rem.s3m
5af92e5dedb7305579ab5d43e559508b	1	174880	player	uade	OctaMED MMD1	0	116896	6d367e65	2ad76704	Soundstudio V1/MODULES/MUG-MEMBERS/William Quinn/TheJackThatHouseBuilt
5af92e5dedb7305579ab5d43e559508b	1	174880	player	uade	OctaMED MMD1	0	116896	6d367e65	2ad76704	TI-MAGAZINES/Modules/Jack_That_House_Built
5b13288659096f3dd1c461f51fd2e14f	1	288171	player	uade	Protracker compatible	0	109936	82c77295	206b2596	Soundstudio V1/MODULES/VARIOUS/K/kefrensvector
5b14a2b98a2e52f90aba3a34c9361572	1	331917	player	uade	Protracker	0	282768	318436a6	6b204ea0	Soundstudio V1/MODULES/VARIOUS/V/vdlove1
5b27c481cea81746160b9e017264da3d	1	233475	player	uade	OctaMED MMD1	0	361870	44b01e4c	039b489d	Soundstudio V1/MODULES/MED-4ch/S/Stormcaster
5b393326240dfc31ef206f4f75890735	1	217138	player	uade	OctaMED MMD1	0	38906	70b9bca2	65afec81	Soundstudio V1/MODULES/MUG-MEMBERS/William Quinn/808_BEDAZZLED_MIX
5b7c31c6db3fdb846e02709de4ef0cfa	1	200400	player	uade	OctaMED MMD1	0	295286	6ecdff5e	71bf9ce1	Soundstudio V1/MODULES/MUG-MEMBERS/William Quinn/Scrap_Of_Metal3
5b8b5c89c376cd70ac6f94c9556cdd0f	1	387558	player	uade	OctaMED MMD1	0	223334	148b3fca	2c4545ab	Soundstudio V1/MODULES/MED-4ch/U/Unearthly_descent
5bd8cd019dda436bf44614b463f98443	1	267253	player	uade	OctaMED MMD2	0	235890	382f69a2	f72a075d	Soundstudio V1/MODULES/MUG-MEMBERS/Mark Nottingham/HeavyAtHorseheads
5bf48cef065dbac5788c96589cb56030	1	143111	player	st3play	Scream Tracker 3.00 (SB)	5	250974	7941e1e5	701c00f1	Soundstudio V1/MODULES/S3M/I/id.s3m
5bf48cef065dbac5788c96589cb56030	2	10200	player+volume
5c22fce9acb51f785508b5d7393542e5	1	123519	player	uade	OctaMED MMD1	0	191424	d1850c93	bade54d2	Soundstudio V1/MODULES/MED-4ch/T/tesselation_1
5c22fce9acb51f785508b5d7393542e5	2	0	nosound
5c23f61d4206e1ffd5e7eb926d6b2e6b	0	251385	player	libopenmpt	SoundTracker 2.0 / 2.1 / 2.2	4	146944	a1ea3b33	68760c4f	Soundstudio V1/MODULES/VARIOUS/G/greensleeves
5c45ef8f70604a6055d450f4fd0f3baa	1	527595	player	uade	OctaMED MMD2	0	146168	b35a1ddd	18b930e3	Soundstudio V1/MODULES/MUG-MEMBERS/THT/TheChase-M25-Mix
5c5ede685e354abb831302384896af8f	1	318801	silence	uade	OctaMED MMD1	0	300160	7a32223e	cfdb35fd	Soundstudio V1/MODULES/VARIOUS/T/Tour of destiny
5c605f0f0a128a09c47a19daf9d75157	1	172108	player+silence	uade	OctaMED MMD1	0	219122	e2537281	16a7404c	Soundstudio V1/MODULES/MUG-MEMBERS/Paul Spark/ComeOnIn
5cadd755edd6fc62aa6ffe1b1553e0cc	1	256714	player+volume	uade	Protracker	0	398798	e24ed2ac	96bf6eb3	Soundstudio V1/MODULES/VARIOUS/N/nundm
5cbf9dbf8b62cc00bbb43b301b867255	1	315962	player	uade	OctaMED MMD1	0	211464	88fdd930	06de67b7	Soundstudio V1/MODULES/MUG-MEMBERS/Steven Gane/ManufacturedLove
5cc5a991543938b1f547ac89c3c3b8d7	1	194490	player+silence	uade	Protracker compatible	0	43216	946f52fe	3396d556	Soundstudio V1/MODULES/MUG-MEMBERS/Michael Ward/Shalamars-Dream
5cdc6e2ab1842742f6f21ccf1cb4519d	1	113030	player	uade	OctaMED MMD1	0	256890	2658f35e	4986234c	Soundstudio V1/MODULES/MUG-MEMBERS/Ben Thomas/Rico's-Blues
5cdf30fc8343464ec32b5a178c180f3c	1	244858	player+silence	ft2play	Fasttracker	8	468078	206577b2	6ebab23c	Soundstudio V1/MODULES/MUG-MEMBERS/Fabio Barzagli/StarMoon
5ce16ef0d02cee85d70cd657256c6b59	1	181451	player+silence	uade	Protracker compatible	0	116882	94cf0fe2	a3d9550b	Soundstudio V1/MODULES/VARIOUS/F/firstshot
5cfa17e2a01efdf024ec489bd0beea4b	1	75253	player	uade	OctaMED MMD1	0	190958	1c9ef551	6313696e	Soundstudio V1/MODULES/MUG-MEMBERS/Dave Sullivan/Dreamscape
5d03b98678d82d1cbb8cfd05a97f79d2	1	211090	player	uade	OctaMED MMD1	0	57992	468a907f	50fefab9	Soundstudio V1/MODULES/MED-4ch/S/Super-frog
5d140d554aa3ad637d752887a5fad2db	1	204820	player	uade	OctaMED MMD1	0	55334	30d5ff18	8d02c830	Soundstudio V1/MODULES/MUG-MEMBERS/Trank Mast/Gary's_Amazing_Gravity_Satchel
5d1b30462c55ea28532190b3fe1e258e	1	352714	player	st3play	Scream Tracker 3.01 (GUS)	16	185618	e794fab8	b6f41db3	Soundstudio V1/MODULES/S3M/H/house2.s3m
5d359a33e3a2d2aa215f10493f2e06c0	1	174197	player	uade	Protracker	0	200802	ad96c784	f4df1089	Soundstudio V1/MODULES/VARIOUS/C/chocolate_pie
5d3a965a454b6e72944b5ece3850237c	1	67315	player	uade	Protracker	0	59136	95e76dd1	246b4e28	Soundstudio V1/MODULES/VARIOUS/F/flik_flak_tune_06
5d581b292282d709caf40c9d35d0ef0f	1	312506	player	uade	Protracker	0	132818	4cf96b0e	716719e3	Soundstudio V1/MODULES/VARIOUS/K/Klim
5d9dbb7a3341bca69ad52858bfe7f25b	1	192663	player	uade	OctaMED MMD1	0	72664	a3034920	4a95a924	Soundstudio V1/MODULES/MUG-MEMBERS/Trank Mast/Through_The_Wormhole
5da76b48edf0b0d67548cd2dd46e079e	1	139373	player	uade	Protracker compatible	0	130749	c84e5568	5fb9a3db	Soundstudio V1/MODULES/VARIOUS/R/Rotame
5de1609a77d92782f20b53ea08a956fb	1	141079	player+silence	uade	OctaMED MMD2	0	251670	3d73c4a3	6f845831	Soundstudio V1/MODULES/MED-4ch/T/Trip_To_A_Forest
5e1886045c18508f7769dd5df6700231	1	393854	player+silence	uade	OctaMED MMD1	0	846376	37980d5f	35b9093f	Soundstudio V1/MODULES/MUG-MEMBERS/Matt Mclellan/Standing_Close
5e2c7e5c438381308cb3dd22f7e030b7	1	269745	player	uade	OctaMED MMD1	0	115494	dc862bc6	61e5125a	Soundstudio V1/MODULES/MED-4ch/F/Freedom
5e2e88fc55b9b583ab3691c445e16f4b	0	444997	player+silence	uade	Oktalyzer	0	150548	3d7f9e96	a0585164	Soundstudio V1/MODULES/VARIOUS/W/Wodahs eht
5e3a10f067172608e338c04681e84cff	1	280348	player+silence	st3play	Scream Tracker 3.01 (GUS)	16	200140	f1eb1ce1	4e9fe8aa	Soundstudio V1/MODULES/S3M/P/piano.s3m
5e4ea220e7462b1a6e5f20a5f1469bfa	1	270971	player	uade	OctaMED MMD1	0	326952	93d777e9	6f4f6fb8	Soundstudio V1/MODULES/MED-4ch/F/Flying-Rhythm
5e6ad7c4e0aaecfce24eae145907746a	1	353819	player	uade	Protracker	0	593438	12f9d3ea	f291982d	Soundstudio V1/MODULES/VARIOUS/H/hollandse nieuwe
5e79f37b3f934e353407c9c202646770	1	291282	player+silence	uade	OctaMED MMD1	0	276970	55d8d224	a27b65dc	Soundstudio V1/MODULES/MUG-MEMBERS/Rob Moseley/Why?
5e7a719cb49015750e537b3997b9ac11	1	254534	player	uade	Protracker	0	196682	338d845e	95e36e19	Soundstudio V1/MODULES/MUG-MEMBERS/Fabio Barzagli/Bethos
5e859cd9f144b10a9fb4dff695281dc7	1	85320	player	uade	OctaMED MMD1	0	132976	33cd4943	f940c04c	Soundstudio V1/MODULES/MUG-MEMBERS/Matt Mclellan/Adventure
5f1b6fdc09f1c7d1319660cadc6857ab	1	218754	player+silence	uade	OctaMED MMD2	0	85414	cc2283f5	7f28e245	Soundstudio V1/MODULES/MUG-MEMBERS/Andy O'Brien/Hometown
5f216b6cb2d1c6e2a488776fa1b090e3	1	125227	player	st3play	Scream Tracker 3.00 (GUS)	8	90757	ab4bc46c	45c8587e	Soundstudio V1/MODULES/S3M/W/WORLDOFP.S3M
5f2c66d10af4659fd3dea0e8781fa47c	1	129186	player	uade	OctaMED MMD1	0	55468	dbe6d081	69c69274	Soundstudio V1/MODULES/MUG-MEMBERS/Steven Gane/CircusMusique
5f2cc20cc173c8e4782470832b0fb5ab	1	139822	player+silence	uade	Protracker compatible	0	128630	a8eedeb0	48418d3b	Soundstudio V1/MODULES/VARIOUS/D/day_by_day
5f35c9a51d2f880fbba793b3bd01080d	1	313389	player+silence	st3play	Scream Tracker 3.01 (SB)	8	191930	fba25dba	56b3c544	Soundstudio V1/MODULES/S3M/E/ETERNITY.S3M
5f3ec4673ad9c416fd3bcf83f808420a	1	294509	player+silence	uade	OctaMED MMD1	0	220392	c4645054	9d4fd49c	Soundstudio V1/MODULES/MUG-MEMBERS/Ian Chisholm+Marcus Donachie/Fluid
5f43b29e9151ffb60a7b240e2ff8eeff	1	99285	player	uade	OctaMED MMD1	0	57140	45119fb5	f3337249	Soundstudio V1/MODULES/MUG-MEMBERS/William Quinn/TENAJ_1
5f7a6a4fb16078269f2ca6f4c9d4dca7	1	194536	player+silence	uade	OctaMED MMD2	0	143690	5fd78739	8ae6a3e8	Soundstudio V1/MODULES/MUG-MEMBERS/Greg McLaughlin/GangsterMoll
5f9434a99eb39ea2f8d4da75c1ca59b1	1	259899	player	uade	OctaMED MMD1	0	345012	aefc5c2e	cd07a1c7	Soundstudio V1/MODULES/MUG-MEMBERS/Reg Simpson/Gracie
5fcd42fe2a692a34997bda46f4e1ffe9	1	135334	player	uade	Protracker	0	140704	13ab7f64	7e551be5	Soundstudio V1/MODULES/MUG-MEMBERS/Fabio Barzagli/EndingOpera
5feb1efbe728b8762f109826ee275572	1	257266	player	uade	OctaMED MMD1	0	105550	b5d3dd6f	642e5d83	Soundstudio V1/MODULES/MUG-MEMBERS/Mark Nottingham/GreaseMonkey
600b569d7b12a92f3d93e85dc1983406	1	106861	player	uade	Protracker	0	95446	8f3eaf1f	d95257a9	Soundstudio V1/MODULES/VARIOUS/B/b_y_f_1
6033694983974a14f5b5be8e9db1260b	1	177486	player+silence	uade	OctaMED MMD0	0	91900	3b12e927	b2fa290c	Soundstudio V1/MODULES/MUG-MEMBERS/John Nasilo/Time
607026d53a6092771f3273e54070e9f2	1	69285	player	uade	OctaMED MMD1	0	16678	d9c6234c	76be6525	Soundstudio V1/MODULES/MUG-MEMBERS/Tom Cozzolino/NoBathing!
6099327606b8f7a52d5d467623701be4	1	106620	player	uade	OctaMED MMD1	0	73904	6c36fc56	ae1979f3	Soundstudio V1/MODULES/MED-4ch/A/Anaconda_Pizza
609d6933bf28d1886ec8fcb76b86dd4e	1	124805	player	uade	Protracker	0	76770	5e314d37	546fc339	Soundstudio V1/MODULES/VARIOUS/U/underground
60b2acc75c65b39322bc388778ae5d4e	1	278988	player	uade	OctaMED MMD1	0	112874	28700eba	6d7ebd37	Soundstudio V1/MODULES/MUG-MEMBERS/Gareth Evans/History_Repeats
60b2acc75c65b39322bc388778ae5d4e	1	278988	player	uade	OctaMED MMD1	0	112874	28700eba	6d7ebd37	Soundstudio V1/MODULES/MUG-MEMBERS/Gareth Evans/History_Repeats_Itself
6156cdf79ac0f439557cbe8e94f58623	1	154625	player	uade	OctaMED MMD1	0	136864	b7c73558	45e1a648	Soundstudio V1/MODULES/MUG-MEMBERS/Andy Baxter/SeriousBeatage
6159b0f099d77f69ac8adf9dd61d45af	1	395093	player	uade	OctaMED MMD0	0	86024	fa3b8ff3	cc0c3568	Soundstudio V1/MODULES/MED-CLASSICS/Classical-Songs/Liszt/H_Rhapsody_2
616084a2e5839b098b09c8b29969fea7	1	54857	player	uade	OctaMED MMD1	0	130364	bc8a8942	eca6cad3	Soundstudio V1/MODULES/MUG-MEMBERS/Trevor Williams/RememberMe
618a6ed059d315915e884a03a53a77e7	1	568426	player	uade	OctaMED MMD1	0	200462	81851108	979d3633	Soundstudio V1/MODULES/MED-4ch/M/Make-A-List
61cfda598c47ed65bd90ae3f0a923493	1	89941	player	uade	OctaMED MMD1	0	239498	7ac1806f	07eb9ced	Soundstudio V1/MODULES/MED-4ch/S/Sad-Song
61f1a7dae636f6d85526555ad42e4f62	1	193969	player	uade	OctaMED MMD2	0	324662	d83e58be	e1c0de1c	Soundstudio V1/MODULES/MUG-MEMBERS/Reg Simpson/CastilianSpree
61f77ac25e7c579f3836fea48e6b01ed	1	169535	player	uade	OctaMED MMD1	0	98022	39f53819	97f3e72e	Soundstudio V1/MODULES/MUG-MEMBERS/Michael Richmond/RED5
623b4793f26ce72808fa30f1ea4d59ff	1	346066	player+silence	uade	OctaMED MMD2	0	125456	2c51caec	dadb95b0	Soundstudio V1/MODULES/MUG-MEMBERS/Carl Barry/TimeForLife
625f1061f429311e77abce2a0e83200b	1	186856	player	uade	OctaMED MMD1	0	67272	9f959656	eebc6c2f	Soundstudio V1/MODULES/MED-4ch/F/Fly-Away
6276ad5e6a108f0a7a45549bf53ddd9f	1	200359	player	uade	OctaMED MMD1	0	87118	e3f4f97f	ddf020a7	Soundstudio V1/MODULES/MUG-MEMBERS/Roger O'Farel/18-With-A-Pullet
6281571250c8f2c62cbd587f2d947460	1	158845	player	uade	Protracker	0	89574	df9c1e17	fe5e1d3b	Soundstudio V1/MODULES/VARIOUS/M/magical slide
628262a4eb43c7e01f1d57e729972bfc	1	483628	player	uade	OctaMED MMD1	0	134014	307baeb2	84fd580c	Soundstudio V1/MODULES/MUG-MEMBERS/Steven Gane/Baby
62a127755419f09797e775c065baf230	1	380773	player+silence	st3play	Scream Tracker 3.01 (GUS)	16	129830	8ab41e35	3a50951e	Soundstudio V1/MODULES/S3M/A/acloud.s3m
62e5889862b4060a2e1f5f91639cf6a0	1	152429	player+volume	uade	Protracker compatible	0	144204	8c2227a7	1bedd91f	Soundstudio V1/MODULES/VARIOUS/A/asphyxiated
630fe8c4eb2c178f0ce0f51b75d4be54	1	263886	player+silence	st3play	Scream Tracker 3.01 (SB)	16	437100	72098200	86e4885e	Soundstudio V1/MODULES/S3M/I/ilwu.s3m
6328cc961b9bde0d5b57217e8c6f2f3f	1	138489	player	uade	OctaMED MMD2	0	433318	61adf468	0ed1d6fa	Soundstudio V1/MODULES/MUG-MEMBERS/Matt Mclellan/Tornado
6353d0f8de80c74315590fb16c3b72fe	1	77061	player	uade	OctaMED MMD1	0	105124	b10ac7a7	16af1adc	Soundstudio V1/MODULES/MUG-MEMBERS/William Quinn/UNPLUGGED
637c961bb770b5fb84df1173919a0da2	1	178979	player	uade	OctaMED MMD1	0	286118	37a1a214	da105cd3	Soundstudio V1/MODULES/MUG-MEMBERS/Ben Thomas/One-More-Kiss,Dear
638535235fcd2f55361adcde6f2d36a7	1	211090	player	uade	OctaMED MMD1	0	82824	7e26fa74	7e1feb1f	Soundstudio V1/MODULES/MED-4ch/S/SAD-FROG
638e8a75848262d7ab23f1b039c8d674	1	250495	player	uade	OctaMED MMD1	0	151716	23c5f82e	fe3bd1d9	Soundstudio V1/MODULES/MUG-MEMBERS/Neil Christie/RiseFromTheAshes
638e8a75848262d7ab23f1b039c8d674	1	250495	player	uade	OctaMED MMD1	0	151716	23c5f82e	fe3bd1d9	Soundstudio V1/MODULES/MUG-MEMBERS/Neil Murray/RiseFromTheAshes
6397d69a7d03c8b31060832b089a3bed	1	226522	player	st3play	Scream Tracker 3.01 (SB)	14	293586	80166dfe	f3b34f3c	Soundstudio V1/MODULES/S3M/S/SECSIGHT.S3M
63aac71e52e272750bf264677c73f76e	1	160601	player+volume	uade	Protracker compatible	0	191323	b286644c	9fb5dc89	Soundstudio V1/MODULES/VARIOUS/T/Thebend
6425070b0198cd06c5b548e08b02e142	1	166923	player	uade	OctaMED MMD1	0	169468	79484198	aa2adb8f	Soundstudio V1/MODULES/MUG-MEMBERS/Dave Sullivan/Returned
642e939c381286d85f9c15f5d2f1cca5	1	255498	player	uade	Protracker compatible	0	84090	7fda0b6f	16c8ddf3	Soundstudio V1/MODULES/VARIOUS/S/storm.
64426b2ba3eb86053bf28823fb957550	1	161916	player+silence	uade	Protracker	0	107504	b24169cb	c3d408ae	Soundstudio V1/MODULES/VARIOUS/O/obsessed by you
6448cca5f837161cfc6307055944e2de	1	219325	silence	uade	OctaMED MMD1	0	452144	0b5be209	d4e6a11a	Soundstudio V1/MODULES/MUG-MEMBERS/William Quinn/it's my life MULTIMODMIX
6448cca5f837161cfc6307055944e2de	2	150244	player
6448cca5f837161cfc6307055944e2de	3	181913	player
6448cca5f837161cfc6307055944e2de	4	215531	player
644b1d04fdc17981b390a159b6958bf5	1	216294	player	st3play	Scream Tracker 3.00 (GUS)	8	289886	e3bfd9dc	efc23167	Soundstudio V1/MODULES/S3M/C/Captured Sun
644b1d04fdc17981b390a159b6958bf5	2	15311	player
64588e734f0c4c6215cfe157f39c07b5	1	364720	player+silence	uade	OctaMED MMD2	0	207586	91525183	6458ea0b	Soundstudio V1/MODULES/MUG-MEMBERS/Carl Barry/GreatestShowOnEarth
647fd41fe9707b109b309196ca23d816	1	195959	player	uade	Protracker compatible	0	86564	bbe0fb64	660057fc	Soundstudio V1/MODULES/VARIOUS/F/funk'n jam
6484d81f6701fd4c5e5f56b854009b12	1	157277	player	uade	OctaMED MMD3	0	266052	dde936f4	c59bfd0e	Soundstudio V1/MODULES/MODS-FST1/FAST.Bud Rap
6491187292f197cd574018a2aed25dc4	1	59358	player	uade	Protracker	0	111288	80ffdbc7	e7777df4	Soundstudio V1/MODULES/VARIOUS/T/technomania
64a5373f161fc6b27189d5a2d163c6f3	1	107825	player	uade	OctaMED MMD1	0	116794	a103cf24	3297e1bd	Soundstudio V1/MODULES/MUG-MEMBERS/N Barnes/Alien_Fleet
64a5373f161fc6b27189d5a2d163c6f3	1	107825	player	uade	OctaMED MMD1	0	116794	a103cf24	3297e1bd	Soundstudio V1/MODULES/MUG-MEMBERS/Nick Barnes/ALIEN FLEET
64eab3b91abd57a0097b4487dcbd30c2	1	129005	player	uade	OctaMED MMD1	0	98692	bef3dedf	1d3b0334	Soundstudio V1/MODULES/MUG-MEMBERS/Michael Lovering/SwingYo'Mama
64fad6c5eaa0ec178bf051e63a413a21	1	77061	player	uade	OctaMED MMD1	0	137758	950f212a	1a0f85d2	Soundstudio V1/MODULES/VARIOUS/M/Manicmurphy
651fb6da0956f038b10c7ea3cf0dc0a9	1	542193	player+silence	uade	Protracker compatible	0	107346	2bdb22a8	6d923ae0	Soundstudio V1/MODULES/VARIOUS/N/negligent
655263193282b7f30f17e6da4bc93e8b	1	114999	player	st3play	Scream Tracker 3.01 (SB)	16	248108	aafc7977	72092f7b	Soundstudio V1/MODULES/S3M/J/juice.s3m
655263193282b7f30f17e6da4bc93e8b	2	46116	player
656442671b3c8e704545458437303162	1	119842	player	uade	OctaMED MMD1	0	69636	7d7cc6ff	39913a7c	Soundstudio V1/MODULES/MUG-MEMBERS/William Quinn/TENAJ_9
65a09ad6d0b86fddca6cd38fe5419bba	1	301154	player+silence	uade	OctaMED MMD2	0	627192	82ac0b9b	fdce993c	Soundstudio V1/MODULES/MUG-MEMBERS/Matt Mclellan/F_O_C
65a2ab3815e3db5ec926467ed6fa4052	1	116787	player	uade	OctaMED MMD1	0	735854	b4b09d9e	8c9e0937	Soundstudio V1/MODULES/MUG-MEMBERS/Ben Thomas/Descendants
65a6b575e91e2e72df93059467279a66	1	296311	player+silence	uade	OctaMED MMD1	0	99654	3d1c0ce0	c115f46a	Soundstudio V1/MODULES/MUG-MEMBERS/William Quinn/Lullabye
65f93302cfe5af95f6f1d5fb986cb1d5	1	237329	player+silence	uade	OctaMED MMD2	0	233928	afea1a17	09d9fed1	Soundstudio V1/MODULES/MUG-MEMBERS/Dean Murray/SongofFreinds
661568786cbbf4ae3be1bf55c40aba9d	1	192048	player+silence	uade	OctaMED MMD2	0	307874	f7377985	b280d924	Soundstudio V1/MODULES/MUG-MEMBERS/Reg Simpson/Frantic
663e27704b2fd58f7029c80becb97245	1	299645	player	uade	Protracker compatible	0	96220	c58eaf59	6a3bae7d	Soundstudio V1/MODULES/VARIOUS/A/a2
6649f288f37a0d2a1ce4c6470aa3df8a	1	200359	player	uade	OctaMED MMD1	0	149068	5fc44afd	662ec4d2	Soundstudio V1/MODULES/MUG-MEMBERS/Tom Cozzolino/Don't give up
664f4faa942970e818bb7c30f7128065	1	152173	player	uade	OctaMED MMD1	0	118566	0ad127b0	7ddab8c4	Soundstudio V1/MODULES/MED-4ch/L/Lucky
66619e0edc017842b29f3f8d07fbca7f	1	146587	player	uade	OctaMED MMD2	0	139566	3d36eb3d	f738d128	Soundstudio V1/MODULES/MED-4ch/E/Energy_Primer
669227889ad0cfaab130b2f85d8f684d	1	226603	player	uade	Protracker	0	178016	0a1d35e7	cb5e5d1b	Soundstudio V1/MODULES/MED-4ch/S/sadness.mod
669cf14b0bad3b75abcb566b0753d3f6	1	168852	player	uade	OctaMED MMD1	0	175032	e3aded0e	94707045	Soundstudio V1/MODULES/MUG-MEMBERS/Michael Richmond/SomebodyElse
66c7f6cb6204ca2fc2b8e6f995df8eec	1	127960	player	uade	OctaMED MMD2	0	123864	bf57b494	276d1dff	Soundstudio V1/MODULES/MUG-MEMBERS/Steven Gane/Household
672850448ea6a77d81e28a9ca86b4d13	1	180348	player+silence	uade	Protracker compatible	0	49716	0210eb1f	884514b0	Soundstudio V1/MODULES/MUG-MEMBERS/Michael Ward/One-Short-Hour
67895b3e1f4204cc94bdab45f614b897	1	154163	player	uade	OctaMED MMD2	0	257166	5347a917	3029dcdd	Soundstudio V1/MODULES/MUG-MEMBERS/Jimmy Geatches/Respect
679ce40c23b9fee14689b285564b1f62	1	161913	player+silence	uade	Protracker compatible	0	116230	6a71f9c3	617146a2	Soundstudio V1/MODULES/VARIOUS/R/runthegauntlet
67e303fbb46bd6c170c72a5a871f8898	1	215772	player	uade	OctaMED MMD0	0	88270	7307929d	18610482	Soundstudio V1/MODULES/MED-4ch/S/SpyRing
67e316d4b20481759baceec739eb2049	1	121851	player	uade	OctaMED MMD0	0	82756	dd4b5946	30da1460	Soundstudio V1/MODULES/MED-4ch/I/Insaneoid
67eae4b0bf3f1f49e0b7e77b9b0f28ed	1	167425	player	uade	OctaMED MMD1	0	142600	04f5bcfa	cff59f5c	Soundstudio V1/MODULES/MED-4ch/L/Loving_Freedom
67ef4b6a4ed4af2e33f21edc18f0ac81	1	433975	player	uade	Protracker	0	211748	b4324dfb	54a42e57	Soundstudio V1/MODULES/MUG-MEMBERS/Fabio Barzagli/ItsDead
6827f45c04ada44a034e349b72f0e06f	1	176183	silence	uade	OctaMED MMD1	0	643266	2f3d7332	0e1378d6	Soundstudio V1/MODULES/MED-4ch/U/Underworld-Dreams
6830b7a977260cf3715183447c963971	1	324324	player+silence	uade	OctaMED MMD1	0	275376	c117a5f8	ee08201d	Soundstudio V1/MODULES/MED-4ch/H/Hope
68316e3a30fbdf9849387e028b853209	1	81427	player+silence	uade	Protracker compatible	0	70890	5afeb12f	9a21850a	Soundstudio V1/MODULES/VARIOUS/A/austexcd1menu
68377fa7e6681642e8bffa05725b8b41	1	149340	player	uade	OctaMED MMD1	0	53306	60afad8f	16e39cc0	Soundstudio V1/MODULES/MUG-MEMBERS/Tom Cozzolino/Strange
6861124c0956c6b1907b0609c5ec0fff	1	425898	player	uade	OctaMED MMD1	0	210536	4a67b8b0	80d257d8	Soundstudio V1/MODULES/MUG-MEMBERS/Michael Lovering/Skylines
686955f300826b40546aa107de1880b6	1	159930	player+silence	st3play	Scream Tracker 3.01 (GUS)	8	97960	97253485	265afed5	Soundstudio V1/MODULES/S3M/R/reflex.s3m
689287adab248b91a737cdc2fb9919dd	1	176668	player	uade	OctaMED MMD1	0	79808	878256e0	216c9b26	Soundstudio V1/MODULES/MUG-MEMBERS/Michael Richmond/Black-Dawn
6898401923268cdce8302a0b8bed9db3	1	62734	player	uade	OctaMED MMD1	0	33882	0a89e121	1ebb3522	Soundstudio V1/MODULES/MUG-MEMBERS/Tom Cozzolino/Tom's second piano
68c285f4108c69ba1a3f8d40aa643419	1	125689	player	uade	OctaMED MMD1	0	234238	e72fa65a	0705892d	Soundstudio V1/MODULES/MUG-MEMBERS/William Quinn/STRANDED
68c82cfbf6f3b8f6ceec7437edb14057	1	238016	player	uade	OctaMED MMD2	0	251360	ac4978b8	ce08d2fd	Soundstudio V1/MODULES/MUG-MEMBERS/Phill Morris/sparklefest
68cdd504f50a3b2ce408cbc85ad0cbd8	1	309701	player+volume	uade	Protracker compatible	0	252004	93092abe	8e0d98e0	Soundstudio V1/MODULES/VARIOUS/F/fliphouse
6903231b27a7f7b9e4ad2965c528ac4f	1	226020	player	uade	OctaMED MMD0	0	66840	e25a7bd1	8a6286d4	Soundstudio V1/MODULES/MED-4ch/S/Slowbeat
69331820c3bafe7df7031df41997a9db	1	134611	player	uade	OctaMED MMD1	0	114542	2815d726	5c584b6c	Soundstudio V1/MODULES/MUG-MEMBERS/Trank Mast/MindProbeExtension
69584ba4521116f5aa58fbce1b6d0c8d	1	157940	player	uade	OctaMED MMD1	0	26148	359545e0	3a1ff804	Soundstudio V1/MODULES/MUG-MEMBERS/Trank Mast/NestEgg
695c22f1650a7fafa800bb89acf9d960	1	174734	player+silence	uade	Protracker	0	112140	34ff8752	29902ac7	Soundstudio V1/MODULES/VARIOUS/M/mad_gun_kill_again
6983ca7b58ffd3871b4ddb030edddac2	1	37958	player	uade	OctaMED MMD1	0	122560	006b7605	c9d7bb9c	Soundstudio V1/MODULES/MUG-MEMBERS/Tom Cozzolino/Fight fire with fire
69c19cdd5a75dafa5ffec01d9afb824e	1	252404	player	uade	OctaMED MMD1	0	185080	d9b5f7be	5165b618	Soundstudio V1/MODULES/MED-4ch/S/Snow_Train
69e7374315a4986a69e23dec68cf8340	1	286383	player	uade	OctaMED MMD1	0	365832	463def7f	bff7c59c	Soundstudio V1/MODULES/MUG-MEMBERS/THT/HouseOfAngels
6a24959a62695b3d0b746c34466517ee	1	211251	player	uade	OctaMED MMD2	0	169642	6508f750	dfdc21a1	Soundstudio V1/MODULES/MUG-MEMBERS/THT/GetDownJimmyBrown
6a7a9e632f500ef7e663f78716239e28	1	177995	player	uade	OctaMED MMD1	0	65870	710608fe	cad6aee4	Soundstudio V1/MODULES/MUG-MEMBERS/Trank Mast/Inertial_Dampening
6a9d2a914c6d013fcd17eab0d893e842	1	483213	silence	uade	OctaMED MMD2	0	650496	450bc407	63c2b1bb	Soundstudio V1/MODULES/MED-4ch/B/Berlin
6a9da42b4c02fbb35560ded970d8c1a8	1	343169	player	uade	OctaMED MMD1	0	373296	38f47149	cd7ca2bb	Soundstudio V1/MODULES/VARIOUS/N/Neverborn
6aac0965614662c3b2fd81d29a05f9ea	1	76431	player+volume	st3play	Scream Tracker 3.01 (GUS)	16	133272	70b3f249	eb99de84	Soundstudio V1/MODULES/S3M/A/alum.s3m
6aac1191279a3c53f19ad4ed16c87f4e	1	160553	player	uade	OctaMED MMD1	0	85344	06f7faa7	34ec6595	Soundstudio V1/MODULES/MUG-MEMBERS/William Quinn/Slightly_Metal
6aae5a00ac73cb86b18c1d5f4c6655cf	1	169515	player	uade	OctaMED MMD1	0	43056	c9cafe95	d5607ab6	Soundstudio V1/MODULES/MUG-MEMBERS/William Quinn/NIGHTSWIMMING
6add7af531ccb96d84fc8bea8c36ae6e	1	161397	player	uade	Protracker	0	114584	83990da8	bed01a8c	Soundstudio V1/MODULES/VARIOUS/K/kewltune!
6af99bf895a4643ed6262417920fa58c	1	147712	player	uade	OctaMED MMD1	0	57672	712970b3	2ad17e93	Soundstudio V1/MODULES/MUG-MEMBERS/Tom Cozzolino/Fresh4Ever
6afc8f107a218a7b65f888277c4e170f	1	182174	player	uade	Protracker	0	142446	bfd58826	2b4796c9	Soundstudio V1/MODULES/VARIOUS/G/glamourous
6b10a62d72c2a209263bfd5839028da8	1	270488	player	uade	OctaMED MMD0	0	83038	e850739a	7d38c2b2	Soundstudio V1/MODULES/MUG-MEMBERS/Michael Ward/Soft`n'Gentle
6b35e29262ab84f2589667407187eb0a	1	159913	player+silence	uade	OctaMED MMD1	0	341928	f72ba0c1	78257008	Soundstudio V1/MODULES/MUG-MEMBERS/Andy Baxter/Beethoven_Birthday
6b591bee9086c7c9441c3eb23a4b52be	1	184907	player	uade	OctaMED MMD1	0	124874	4e7542c8	a3e708ad	Soundstudio V1/MODULES/MUG-MEMBERS/Steffan Jordan/Reggie
6b7c29c345f366773a7de2c7f54e85df	1	197524	player+silence	uade	Protracker	0	116870	8c9949c8	85c0fe31	Soundstudio V1/MODULES/VARIOUS/R/remembering..
6ba0b12bf68e1a50f04b909d783687c3	1	156996	player	uade	OctaMED MMD1	0	55866	6166fd50	88c5a670	Soundstudio V1/MODULES/MUG-MEMBERS/Ben Thomas/Doom-(NewMusic)
6baa7a497caa43a005c153f3e8c368b0	1	188175	player+silence	uade	OctaMED MMD1	0	776170	385dbdb5	b3b88b84	Soundstudio V1/MODULES/MED-4ch/R/Rave-heart
6bbf00befe04060376f9816089ca067e	1	210005	player	uade	OctaMED MMD1	0	82266	db1a7d41	85fa22fb	Soundstudio V1/MODULES/MUG-MEMBERS/Ben Thomas/The-Simple-Things
6bbf00befe04060376f9816089ca067e	1	210005	player	uade	OctaMED MMD1	0	82266	db1a7d41	85fa22fb	Soundstudio V1/MODULES/VARIOUS/S/The-Simple-Things
6bd5da6adb6e090127d8abd9a3bc3a4e	1	110659	player	uade	OctaMED MMD1	0	96910	ab0f9cb2	f5b6f143	Soundstudio V1/MODULES/MUG-MEMBERS/Tom Cozzolino/Puking
6bd9ba4c345144ea9fe83f2e4ef9222d	1	132501	player	uade	Protracker	0	181634	53fbe165	9408d795	Soundstudio V1/MODULES/VARIOUS/T/truefeelings
6be99f958fed3f79f0c8b200e11e8387	1	268700	player	uade	OctaMED MMD1	0	666656	132d28c5	99e79471	Soundstudio V1/MODULES/MED-4ch/S/Sentinel
6bea56ae412761cf6dc241049af1b951	1	144417	player	uade	OctaMED MMD1	0	128568	728f33f1	c61bf66c	Soundstudio V1/MODULES/MUG-MEMBERS/Michael Richmond/UFO
6c1708c4d61854cd60a2a48878c3e7da	1	192704	player	uade	OctaMED MMD1	0	80980	35493ec8	5ea9c62b	Soundstudio V1/MODULES/MUG-MEMBERS/Ben Thomas/Where-Sanity-Survives
6c1708c4d61854cd60a2a48878c3e7da	1	192704	player	uade	OctaMED MMD1	0	80980	35493ec8	5ea9c62b	Soundstudio V1/MODULES/VARIOUS/W/Where-Sanity-Survives
6c1d427705e033a56301ae444479d358	1	271312	player	uade	OctaMED MMD2	0	232470	9460054a	66f3840f	Soundstudio V1/MODULES/MUG-MEMBERS/Peter Grant/PETE FUNK
6c374f1174287e2c594f51ffa34f7804	1	170952	player+silence	uade	OctaMED MMD1	0	59526	09764a6d	f83ce128	Soundstudio V1/MODULES/MUG-MEMBERS/Tom Cozzolino/Techno_Train
6c66315a65de21e0e2ab6955668834b6	1	191659	player	uade	OctaMED MMD1	0	65470	de1c025f	31e94cb1	Soundstudio V1/MODULES/MUG-MEMBERS/Trank Mast/Then_Twas_It_always,Sometimes
6ca5a596fbb78e928cc7e290d1bbe364	1	221616	player+silence	uade	Protracker	0	279568	1875e5ce	a7a04734	Soundstudio V1/MODULES/VARIOUS/U/under the blue sky
6cb60ec9f16c37d6ffcf1480ed0a22aa	1	396086	player+silence	uade	Protracker	0	334826	bf57ccf9	e7288311	Soundstudio V1/MODULES/VARIOUS/T/terminator-sadeness
6d12ed0b3c73190b6b0a4e31fe190bf2	1	214847	player	uade	OctaMED MMD1	0	121030	3fbb63ed	0e8e6695	Soundstudio V1/MODULES/MUG-MEMBERS/Fabio Barzagli/Winning
6d1632ce0efba56c21429f7658494956	1	36229	player	uade	OctaMED MMD1	0	44694	e8c03b64	922574c4	Soundstudio V1/MODULES/MUG-MEMBERS/Rudi Samborski/Stringy
6d47dee7f5f4b1c1a898028215f2f453	1	230943	player	uade	OctaMED MMD1	0	113964	aeee8834	8d6c2cbf	Soundstudio V1/MODULES/MUG-MEMBERS/William Quinn/It`s my life (V2)
6d8585d111396f5d6e04ca6ed41fcedd	1	166320	player	uade	OctaMED MMD1	0	68020	6d834424	fc11cdbc	Soundstudio V1/MODULES/MUG-MEMBERS/Michael Lovering/PLAY IT LOUD!
6d90e1fcf8d03177abef9fadd1b4df6f	1	221760	player	uade	OctaMED MMD0	0	60146	df45d0a2	ddced739	Soundstudio V1/MODULES/MED-CLASSICS/Classical-Songs/Liszt/P_Etyde_3
6daa2a4a39d1ebc3b0fb22a49061a448	1	3938	player	uade	OctaMED MMD0	0	6708	552ffc7d	2171fb86	Soundstudio V1/MODULES/MED-4ch/V/Veryshort!
6dd276e0f9d8712f18152ded9b754c16	1	207385	player+silence	uade	Protracker	0	327256	a8811e60	0089bce3	Soundstudio V1/MODULES/VARIOUS/C/cm3-nightingalesdream
6dd70f1be1449c3e2f4557a743a2ede4	1	174277	player	uade	OctaMED MMD1	0	132764	2ef2aaa9	a5106b06	Soundstudio V1/MODULES/MUG-MEMBERS/Trank Mast/Magik_Sword
6ddd21ef2324ec66100a924c7563e248	1	174067	player+silence	uade	OctaMED MMD1	0	52298	fa0b64a7	f4b66c84	Soundstudio V1/MODULES/MUG-MEMBERS/Steven Gane/AskMe
6e42eb0c6c49ece90aae8b193a7f3e9e	1	184947	player	uade	OctaMED MMD1	0	24176	c220f997	7b60c6c2	Soundstudio V1/MODULES/MUG-MEMBERS/Michael Richmond/SyntheticKarate
6e4c2036a65a8f055466eca98a0c4ce9	1	95387	player	uade	OctaMED MMD1	0	73216	9687a192	b7987dca	Soundstudio V1/MODULES/MUG-MEMBERS/William Quinn/Train_Kept_A_Rollin'
6e7aa35f09adea2d63646262393ca3b8	1	344025	player+silence	uade	OctaMED MMD1	0	100536	ef2e36b0	c1bcb415	Soundstudio V1/MODULES/MUG-MEMBERS/Rudi Samborski/Joggle_Variations
6e8ad9571b61607c3f836928d3df115f	1	262591	player	uade	OctaMED MMD1	0	768556	f76eba5d	d4d9f961	Soundstudio V1/MODULES/MED-4ch/T/Trip-Hop-Gangsta
6eb21e30e10b877547900e4afab5b98d	1	328944	player+silence	uade	MED4 (4ch)	0	89816	5aff581a	1fe0f018	Soundstudio V1/MODULES/MED-4ch/C/Composition
6edcc3ca2c2dce8cf99bfcc9b1c6d79b	1	225256	player	uade	OctaMED MMD1	0	171682	a3118dd0	ea48923b	Soundstudio V1/MODULES/MUG-MEMBERS/Tony Horgan/IFeelIt
6efc100e2bddad14ea03b4da1043c71b	1	256945	player	uade	OctaMED MMD1	0	201046	8549b8fc	775779a2	Soundstudio V1/MODULES/MUG-MEMBERS/Trank Mast/AnalBlister
6f1c3226e61d5331c29b5350f62a9f39	1	139434	player	st3play	Scream Tracker 3.00 (SB)	16	120474	183eb81e	7dd4e0cc	Soundstudio V1/MODULES/S3M/S/SPRING.S3M
6f335617d1182290c54ef4f037ee0e0b	1	239620	player+silence	uade	OctaMED MMD1	0	67328	9914ec6b	0d0270ca	Soundstudio V1/MODULES/MUG-MEMBERS/Michael Richmond/Synthetic-Dreams
6f6023a8433b9d4e4b9df45443101642	1	138369	player	uade	Protracker compatible	0	90642	683264b5	a0b934c7	Soundstudio V1/MODULES/VARIOUS/S/steam
6f8d8ec49cd86198b2f4077df581153c	1	76760	player	uade	OctaMED MMD2	0	68272	a78a0707	47424cfe	Soundstudio V1/MODULES/MED-4ch/A/Affair
6f9c47bebf8e00abd6ebe6775ff45c74	1	177954	player	uade	OctaMED MMD1	0	28382	8bdd603a	66b610d4	Soundstudio V1/MODULES/MUG-MEMBERS/David Evans/GMan 
6fb6acd7df4f0717c92e9d168535c0e8	1	354826	player+silence	uade	Protracker compatible	0	184430	51b9135b	5db4800c	Soundstudio V1/MODULES/VARIOUS/L/live_jam
6fc563319cff7392a39c617ba729286a	1	252283	player	uade	Protracker	0	151170	ebc448bb	3c8c847f	Soundstudio V1/MODULES/VARIOUS/L/loud+clear
703098345b252474e5c588a0507ce552	1	163748	player	uade	OctaMED MMD1	0	162410	f9c9cc5b	7f5945b2	Soundstudio V1/MODULES/MED-4ch/D/DeRange-Rider
703ba67c998e3d8d75c2f733382a4539	1	148737	player	uade	OctaMED MMD1	0	309580	dd4ee290	cb4acf78	Soundstudio V1/MODULES/MUG-MEMBERS/Dave Sullivan/Overlord
7045be2423721eca7ef7f3d949a8e99d	1	264520	player	uade	Protracker	0	201492	6f4b834d	3767c463	Soundstudio V1/MODULES/VARIOUS/R/rave-the-brain
7071dbf116ee40ed8dca79ba7a77f9a4	1	143412	player	uade	Protracker	0	350964	aa4237d9	3d6acf2f	Soundstudio V1/MODULES/MUG-MEMBERS/Fabio Barzagli/AtomHeartMother
7086d05a340114b203098887f0d542f4	1	325989	player+volume	uade	Protracker	0	341298	7284e865	0eb3affa	Soundstudio V1/MODULES/VARIOUS/M/morepowerful
70af8bae1279de4a3cab7586dfc9c49a	1	465162	player	uade	OctaMED MMD1	0	589766	8d6653cf	66b8714a	Soundstudio V1/MODULES/MED-4ch/B/Blurred
70e462b1dfb3dac1cc8a2eb616c43a98	1	130693	player	uade	Protracker	0	60500	9a31fec0	5d0dbada	Soundstudio V1/MODULES/VARIOUS/T/traxonic
70f9235171872fa5736954e9d764cdd1	1	161015	player	st3play	Scream Tracker 3.01 (SB)	8	108186	f5903f0e	b5864c02	Soundstudio V1/MODULES/S3M/L/lupis.s3m
711a769ad7a8826956ab141878b4ecb7	1	203401	player+silence	uade	OctaMED MMD1	0	84876	cad1c017	ba3d37d0	Soundstudio V1/MODULES/MUG-MEMBERS/Ross Couch/enTrance
71343b892a0a86e6cd6ff8a2b5999c8c	1	142128	player+silence	uade	OctaMED MMD1	0	113000	11f01b9d	7c7fa08f	Soundstudio V1/MODULES/MUG-MEMBERS/William Quinn/MyFoolishHeart
71343b892a0a86e6cd6ff8a2b5999c8c	1	142128	player+silence	uade	OctaMED MMD1	0	113000	11f01b9d	7c7fa08f	Soundstudio V1/MODULES/MUG-MEMBERS/William Quinn/TalkTalk-MyFoolishHeart
71350670df72ce8de1f794adb039ae8a	1	215532	player+silence	uade	Protracker	0	214508	1161306f	29ea3475	Soundstudio V1/MODULES/VARIOUS/S/space maiden
7166d55f305e3841cdae8b8419daedb3	1	344938	player	uade	OctaMED MMD1	0	164830	fac1b8c2	f15a3a2b	Soundstudio V1/MODULES/MED-4ch/H/Hit-Man
7177d6cfe2bae0fb840472c63feb750e	1	249909	player+silence	uade	OctaMED MMD1	0	57392	4aa82166	6367b746	Soundstudio V1/MODULES/MUG-MEMBERS/William Quinn/True Faith (V2)
718019d9ee7ef593c115e2b70360e88b	1	1110485	player+silence	st3play	Scream Tracker 3.01 (SB)	16	769034	4857281d	b8425042	Soundstudio V1/MODULES/S3M/N/night2.s3m
71a44aea236b791fccf4bf96884e7de5	1	13684	player	uade	OctaMED MMD1	0	85316	2a309c42	4973fbe6	Soundstudio V1/MODULES/MUG-MEMBERS/Ben Thomas/Amiga-Digital-Stereo
71c7c27a1f722a8860cc51a03bae74c3	1	200621	player	st3play	Scream Tracker 3.01 (SB)	16	182945	bad0ef7f	e4c9aeda	Soundstudio V1/MODULES/S3M/Q/quest.s3m
71ca6f9b1d03b47ac994c411ee3d1ea1	1	399795	player	uade	OctaMED MMD0	0	74660	e9f250f6	1f31dbde	Soundstudio V1/MODULES/MED-CLASSICS/Classical-Songs/Liszt/H_Rhapsody_15
71d1637e0a742261fafe5620367e1e49	1	160775	player+volume	uade	Protracker	0	250388	80d5420d	a2b797a0	Soundstudio V1/MODULES/VARIOUS/C/cm2-nightway
71d8f97fd3b1706dc00fc68ce62b0eb0	1	604549	player+silence	uade	OctaMED MMD0	0	292882	ff1d05b6	9a2751ac	Soundstudio V1/MODULES/MED-4ch/K/Kane-Ai
71e21de39b85676c2a7e92adccc18079	1	276677	player	uade	OctaMED MMD0	0	118362	b80aa4f7	f6c97c22	Soundstudio V1/MODULES/MED-4ch/O/Orangedawn
71ea1388f7ab7aadf949aeb0ef5ecca2	1	221000	player+silence	uade	OctaMED MMD1	0	325048	b72ee152	5cce5a4c	Soundstudio V1/MODULES/VARIOUS/H/haeudideldo
71eafc4232dbe39a8413dacab0872366	1	121088	player	uade	Soundtracker II (31 instr.)	0	55752	471d4c65	aea7134e	Soundstudio V1/MODULES/VARIOUS/U/upfronttune3
7209aa639acb5aab033e4273429f7771	1	115079	player	uade	OctaMED MMD1	0	67530	9fd765db	456a04ce	Soundstudio V1/MODULES/MUG-MEMBERS/Michael Richmond/Dark-Portal-2
721f1923eececb0b806cc4f3c3c68107	1	193229	player+silence	uade	OctaMED MMD3	0	447320	892620a5	0cce67be	Soundstudio V1/MODULES/S3M/F/finbell.s3m
72309767558012211ce02d16fa3a7386	1	192800	player+silence	uade	OctaMED MMD1	0	52850	2865511d	eab7899c	Soundstudio V1/MODULES/MUG-MEMBERS/Kevin Jones/Chaz_Messabout
723d1d0d1e041f5f5b43be37a7e171be	1	246416	player	uade	OctaMED MMD1	0	143726	0e8e624f	d4d23d4c	Soundstudio V1/MODULES/MUG-MEMBERS/Chris Mocock/G-ForceII
723f0a13cd397ea97c3a9f3fe70b7a0d	1	139936	player	uade	OctaMED MMD3	0	666894	e446c7cc	f2e4e8a4	Soundstudio V1/MODULES/MED-4ch/B/BangbangLulu
727e163c7fa09041d4c83b27ce5166d1	1	395437	player+silence	uade	Protracker	0	267752	fdf33e5d	24c6a7bb	Soundstudio V1/MODULES/VARIOUS/X/xs in ternet
729c75d17839d88d11b4cfb09fc52eef	1	152937	player	uade	OctaMED MMD0	0	138064	cb4fd62c	92d31510	Soundstudio V1/MODULES/MED-4ch/M/Mule
72a2282fcdefaa325600b9c3fa18e209	1	243221	player	uade	OctaMED MMD3	0	251964	976d6d0d	9164dcd2	Soundstudio V1/MODULES/S3M/L/lonely.s3m
72b380ecc201fa5078144ade0a932162	1	294099	player	uade	OctaMED MMD1	0	170112	25d5b211	637563cc	Soundstudio V1/MODULES/MED-4ch/I/InterTwine
72b9411a15eb8d6f93223c5767da46a0	1	226636	player+silence	uade	MED4 (4ch)	0	123859	9b728bc2	36c39371	Soundstudio V1/MODULES/MED-4ch/P/Pulsepounding
72f30fd0c22f360e49eaa3a0b6bd5dea	1	104570	player	uade	OctaMED MMD1	0	69812	e14e9cde	5e1438c4	Soundstudio V1/MODULES/MUG-MEMBERS/Ben Thomas/SelectFew
72f8369bcbb7093002adb3ba4f19bbfe	1	112065	player	uade	OctaMED MMD1	0	92624	8fb66704	007214a1	Soundstudio V1/MODULES/MUG-MEMBERS/Dean Murray/OctaMED-Funk!
72f8369bcbb7093002adb3ba4f19bbfe	1	112065	player	uade	OctaMED MMD1	0	92624	8fb66704	007214a1	TI-MAGAZINES/Modules/MOD.OctaMED-Funk!
7347b7f94b818b405ebabc5921f99cd8	1	23369	player	uade	OctaMED MMD1	0	56772	b847fadf	a134a91e	Soundstudio V1/MODULES/MUG-MEMBERS/Ben Thomas/AirPlane-French-Mix
734d55ada9c9131fff65bc5ea0035433	1	314539	player+silence	uade	OctaMED MMD1	0	277430	ed68b4ef	66166930	Soundstudio V1/MODULES/MED-4ch/S/Syranslasher
7354c69ba464049968ba7ac21eb73ce8	1	151711	player	uade	OctaMED MMD1	0	80054	94ca7529	5c76fc30	Soundstudio V1/MODULES/MUG-MEMBERS/Johs Ringheim/Weetabix
735c678485fcfb03e1af6ef9a99575ee	1	321790	player+silence	uade	OctaMED MMD1	0	196736	22cff599	9fccd554	Soundstudio V1/MODULES/MUG-MEMBERS/Ben Thomas/Yo-Yo-Kid
735c678485fcfb03e1af6ef9a99575ee	1	321790	player+silence	uade	OctaMED MMD1	0	196736	22cff599	9fccd554	Soundstudio V1/MODULES/VARIOUS/Y/Yo-Yo-Kid
73a8ca8e27d36d7ca6afb4f283048ced	1	312445	player	uade	Protracker	0	141070	7eb0dedf	94afb756	Soundstudio V1/MODULES/VARIOUS/T/the only one
73d342c6cc43661ff793da0bf9fabd17	1	217511	player+volume	uade	OctaMED MMD1	0	155714	cbcda4e9	1dd384ee	Soundstudio V1/MODULES/MED-4ch/L/LayDownTheRock
741d73c34969dd195139fb82549f9c75	1	215812	player	uade	OctaMED MMD1	0	179410	dfba6f3d	c89f505b	Soundstudio V1/MODULES/MUG-MEMBERS/Chris Mocock/Harmony
742eda398cbfa38e3de5e04abbe506c1	1	205725	player	uade	OctaMED MMD1	0	579458	8a534729	f8f3fcdd	Soundstudio V1/MODULES/MUG-MEMBERS/Ben Thomas/Belief
7452907612445a3f141d6265cd6a7e18	1	135194	player	uade	OctaMED MMD1	0	289720	b59ebc64	13d96910	Soundstudio V1/MODULES/MED-4ch/F/Funny_Bastard
7460739749c6fd49ea85d03d0619ef6c	1	268158	player	uade	OctaMED MMD1	0	266278	f10f5132	356a97f0	Soundstudio V1/MODULES/MUG-MEMBERS/Paul Spark/New Beginning
748f2f0c7d02afdad00aa0bc0e4c300e	1	167603	player+silence	uade	Protracker	0	135954	fdd3d4e6	363d0273	Soundstudio V1/MODULES/MUG-MEMBERS/Fabio Barzagli/HNK-Winning
74993b3c87672e367bb40b37871b1010	1	128121	player	uade	Protracker	0	137078	19062d2f	8c1542a0	Soundstudio V1/MODULES/VARIOUS/A/alternando
74b5394deb69ebf0e56512bc5a8b0432	1	139032	player	uade	OctaMED MMD0	0	27606	3c0b9318	1d3b4925	Soundstudio V1/MODULES/MED-4ch/N/Nomemory2
74bb6a01e12813f8942e8ea75183e6e2	1	250489	player+silence	uade	OctaMED MMD1	0	162240	0c4fad33	196543a6	Soundstudio V1/MODULES/MED-4ch/B/Beatem
74c315586b1e6a3f697b7b83530b5887	1	284637	player+silence	uade	OctaMED MMD1	0	185526	6c3e2fd0	11f5ebf9	Soundstudio V1/MODULES/MED-4ch/N/NOMOREREST
74cbcbcc71473044b1dbc29019c392ab	1	60403	player	uade	OctaMED MMD0	0	271661	6945407c	43fd48ae	Soundstudio V1/MODULES/MED-4ch/I/Ianbaddy
750060729147c32d6c67170506cb8063	1	269745	player	uade	OctaMED MMD1	0	168038	0b8e00d5	4b99785d	Soundstudio V1/MODULES/MUG-MEMBERS/William Quinn/L.M.Religion_Unplg
750060729147c32d6c67170506cb8063	1	269745	player	uade	OctaMED MMD1	0	168038	0b8e00d5	4b99785d	Soundstudio V1/MODULES/MUG-MEMBERS/William Quinn/Religion(Unplugged)
7502e4c194d6fb20eaf8c92fa6bdc333	1	32934	player	uade	Protracker	0	63688	97fe56f0	e1f7029e	Soundstudio V1/MODULES/VARIOUS/N/nuls-theme biales
7509d6008693d857f8a713a00f5fa455	1	201413	player+silence	uade	OctaMED MMD1	0	385000	74b3c50b	58c6eae2	Soundstudio V1/MODULES/MED-4ch/H/Harder-faster
752af1d32c66f4d0a9f8e42818ccdbba	1	158211	player+volume	uade	Soundtracker II (15 instr.)	0	121904	847606e3	c9867e26	Soundstudio V1/MODULES/VARIOUS/C/chopper1
7548dbc4444d00a465cc43d7f975839e	1	232775	player+silence	uade	Protracker compatible	0	133978	100763ec	deff77b0	Soundstudio V1/MODULES/VARIOUS/N/novic
755ababdd4ab8f222b01cfcda5c1f8e4	1	233676	player	uade	OctaMED MMD3	0	1002762	3c5b4451	d6580439	Soundstudio V1/MODULES/MUG-MEMBERS/ABC - Vocal Mods/Straight-Into-My-Soul
755b8750a455a7cb2cd2de065329eb9b	1	302217	player	uade	Protracker	0	169874	4415911a	a7cd9df4	Soundstudio V1/MODULES/MED-4ch/F/FirstLove
757fd031fdd67378841e770731ac442e	1	252866	player	uade	OctaMED MMD1	0	164400	230c289e	feaadeae	Soundstudio V1/MODULES/MUG-MEMBERS/THT/Motion-SotaMix
758719a7a7a9c22b7cebb1b36a457d24	1	96130	player	uade	Soundtracker II (15 instr.)	0	56592	4640acc6	9976d567	Soundstudio V1/MODULES/VARIOUS/A/alive
75ce231e068018295a76bab84468deee	1	66819	player+silence	uade	OctaMED MMD1	0	120400	9f4eefef	c395db95	Soundstudio V1/MODULES/MED-4ch/C/ClockWise
75d247a50780fdfce561c579220a7595	1	191222	player+silence	uade	OctaMED MMD1	0	353794	bb083aac	e7fa3241	Soundstudio V1/MODULES/MUG-MEMBERS/Reg Simpson/Solace
75d247a50780fdfce561c579220a7595	1	191222	player+silence	uade	OctaMED MMD1	0	353794	bb083aac	e7fa3241	Soundstudio V1/MODULES/VARIOUS/S/Solace
75e3b4af7be4f515f075be205a9bc61a	1	126937	player+silence	uade	OctaMED MMD1	0	78554	483f6de0	a2ed43e1	Soundstudio V1/MODULES/MED-CLASSICS/Dan-reed
762c9af292a85b39d12c10ecd92c349c	1	147230	player	uade	OctaMED MMD1	0	50714	e26114ab	4596be21	Soundstudio V1/MODULES/MUG-MEMBERS/Michael Lovering/I'mHappyBouncing
767e0669a1cbea0761821502d85b5b7e	0	95065	player	uade	Ultimate-Soundtracker or compatible	0	59392	d0a0ac3b	1738ddcf	Soundstudio V1/MODULES/VARIOUS/D/delta
769211422fa798f706770d32437b9608	1	414866	player	uade	Noisetracker 1.x	0	214704	9a468fed	ffca1006	Soundstudio V1/MODULES/VARIOUS/R/rainynight
769641679984349f02f771d40efa74da	1	330082	player+silence	uade	Protracker	0	299572	b5715ff2	a7fd7d53	Soundstudio V1/MODULES/VARIOUS/J/Jungletothecore
76dac2546ff62985c40a19bf274e6db8	1	75293	player	uade	OctaMED MMD1	0	59716	e597ec0b	06cbb918	Soundstudio V1/MODULES/MUG-MEMBERS/Tom Cozzolino/Dep2
76e8ee1603608fef36cd6f5560f3e3f3	1	390605	player+volume	ft2play	Fasttracker	8	457498	28f94dcb	100c685f	Soundstudio V1/MODULES/MUG-MEMBERS/Fabio Barzagli/Virtuos
7728ea632abbca09f5c831571e47f767	1	402817	player+silence	uade	OctaMED MMD1	0	148182	71b4f7ef	fb70c133	Soundstudio V1/MODULES/MED-4ch/E/Essence
77328bd23ebf13ae44a273d48ab60014	1	38520	player	uade	Protracker	0	77206	15d040dd	3c57c473	Soundstudio V1/MODULES/MUG-MEMBERS/Roger Sandwik/Intromusic(?)
7732e232f128b88c5c3825521c66b1ea	1	171323	player	uade	Protracker	0	97214	a7a814d8	4992e7e1	Soundstudio V1/MODULES/VARIOUS/M/manzaro
774d627e4f450d8d8d375cfe78b15705	1	176439	player+silence	uade	OctaMED MMD1	0	106648	9798c20c	1b0978d5	Soundstudio V1/MODULES/MED-4ch/T/The_Stone
7775f61e8c7f95a9c4c487858e6d47f1	1	387497	player	uade	OctaMED MMD2	0	163872	9024c892	e373dfbe	Soundstudio V1/MODULES/MED-4ch/F/Flying_Colours
77a4383eea181a5d7c935c771869cbd6	1	221310	player+silence	uade	OctaMED MMD2	0	207152	b3b9cfc3	12dd83b8	Soundstudio V1/MODULES/MUG-MEMBERS/Derek Heasley/Inject-MoreBass
77ac272ac564317d518aecb428373542	1	184445	player	uade	Protracker compatible	0	108299	f5da5feb	7ab4dd5c	Soundstudio V1/MODULES/VARIOUS/F/Fool4
77d1ac185442a3dfe1a0ae9db60960a9	1	271929	player+silence	uade	Protracker	0	168310	d17724b9	a9ea6297	Soundstudio V1/MODULES/VARIOUS/C/cm1-karawane
77d86c25be97aaf132c634b3dcd819d8	1	336104	player+silence	uade	OctaMED MMD1	0	740826	81a06084	dafed092	Soundstudio V1/MODULES/MED-4ch/S/SELF_IX
77edf1b288057dcc2e9a0bd32071839d	1	305305	player+silence	uade	OctaMED MMD1	0	377662	93d2e8b8	c5f30555	Soundstudio V1/MODULES/MUG-MEMBERS/Fabio Barzagli/Nadir
77effa3fbc82d39ff33beeaeb40263f1	1	210608	player	uade	OctaMED MMD1	0	208470	34663b41	059863c6	Soundstudio V1/MODULES/MUG-MEMBERS/Rob Moseley/JustCan'tGetEnough
77f4e0524f7bfc74a49720486bb3c49c	1	132722	player	uade	Protracker compatible	0	104813	13866171	ed2055ef	Soundstudio V1/MODULES/VARIOUS/Z/Zimbalza
77fe92b72848f31cfb95e0a0f54fb118	1	130693	player	uade	Protracker	0	65822	1d7e52b3	7eb90da5	Soundstudio V1/MODULES/VARIOUS/R/Re-call
77feb726f3aa865224731505c081d53e	1	191095	player+silence	st3play	Scream Tracker 3.01 (GUS)	16	383509	a5d05913	1b6a2b86	Soundstudio V1/MODULES/S3M/P/pain.s3m
77ff8d46c0a8dc8305aed05907901552	1	247099	player	uade	OctaMED MMD1	0	85284	d82cd5d3	3e115751	Soundstudio V1/MODULES/MUG-MEMBERS/Richard Bannister/WeirdCousin
7808b0430e9e49e58714c74719878e9c	1	194472	player	uade	Protracker	0	180340	2015d569	7151c62f	Soundstudio V1/MODULES/VARIOUS/A/after-hours
78104779fd05bbcd3940e2c9d2b0683a	1	315608	player+volume	uade	OctaMED MMD1	0	352696	4c8493ab	c35ff2c7	Soundstudio V1/MODULES/MUG-MEMBERS/William Quinn/Life-and-Times
781b9fcd238e7e49be7badd2ce335197	1	74931	player	uade	Protracker	0	386246	56094170	0861e716	Soundstudio V1/MODULES/VARIOUS/C/come.from.childhood
7825da0bdc31950982abd5d2a0593efb	1	128121	player	uade	Soundtracker II (15 instr.)	0	64628	1be1423d	5da08af8	Soundstudio V1/MODULES/VARIOUS/A/awesome2
78475233b3e7bc14f6df44fa381e8c33	1	173915	player	uade	OctaMED MMD1	0	58882	76f4e172	32fefd49	Soundstudio V1/MODULES/MUG-MEMBERS/Reg Simpson/Just_The_Way_You_Are
78475233b3e7bc14f6df44fa381e8c33	1	173915	player	uade	OctaMED MMD1	0	58882	76f4e172	32fefd49	Soundstudio V1/MODULES/VARIOUS/J/Just_The_Way_You_Are
78c82540b716e34063780dc396bcd06f	1	75011	player	uade	Protracker	0	187120	3ae16f49	f71dc4ec	Soundstudio V1/MODULES/MUG-MEMBERS/Roger Sandwik/RogerIsHome
78d17d1876156b2e351cddfeb2254b46	1	302416	player+silence	uade	OctaMED MMD1	0	131808	139e0aa9	4488bce0	Soundstudio V1/MODULES/MUG-MEMBERS/Ben Thomas/Coincidental
79017ab3b66aa8bf54d3e727441d43b4	1	192141	player	uade	Protracker compatible	0	51652	b1401d66	bc2503d0	Soundstudio V1/MODULES/MUG-MEMBERS/Michael Ward/The-Whistler
7902d3faf762f951c6bfefdfed9e13d7	1	267124	player+silence	uade	OctaMED MMD1	0	397242	c74cb238	33246e75	Soundstudio V1/MODULES/MUG-MEMBERS/Nemesis/TheThinLine(Remix)
791fd8a0969543e03547423aa575f949	1	255538	player	uade	Protracker	0	198510	b2644eb1	e5660eb1	Soundstudio V1/MODULES/VARIOUS/W/Wurlitzr
792ec2a7c400384652609ab56045a4d6	1	111789	player+silence	uade	OctaMED MMD1	0	210050	79f02b0e	cdcc6728	Soundstudio V1/MODULES/MED-4ch/M/Maple_Leaf_Rag
7942e6e77076e66da7403f33772a1332	1	217460	player	uade	OctaMED MMD1	0	260538	358cea00	8a905b6b	Soundstudio V1/MODULES/MUG-MEMBERS/Ben Thomas/MindSurfing
795803f663dc769d6fbf81972fde89c1	1	96432	player	uade	OctaMED MMD1	0	135450	cb724229	91ea9e83	Soundstudio V1/MODULES/MED-4ch/T/Three_Views_Of_A_Secret
796ea421b684b1011237576ef99387c9	1	191913	player+silence	uade	OctaMED MMD1	0	90754	14bb5aff	3cacd3e5	Soundstudio V1/MODULES/MUG-MEMBERS/C-Rad/DistantStar2
7989bf118d3662bdb7e911f3fa92d61f	1	289209	player+volume	uade	Protracker	0	240458	34b1c793	accab9a1	Soundstudio V1/MODULES/VARIOUS/A/asyxtasyn
798c54462e49848c359b4e2f770bb661	1	405091	player+volume	uade	OctaMED MMD1	0	142378	53da4989	d5cba949	Soundstudio V1/MODULES/MED-4ch/L/Loose-Lips
79968e1c6954390d997ef0f51e155255	1	136630	player+silence	uade	Protracker	0	56550	d6d34b07	49531a64	Soundstudio V1/MODULES/MUG-MEMBERS/Fabio Barzagli/PianoClassico
7997a4a5cd3da261fdf951f414e2da40	1	135254	player	uade	Protracker	0	82634	39561824	34a1af24	Soundstudio V1/MODULES/VARIOUS/S/sex-a-phone
799b09019e9135d79c104750c7d06bd4	1	964223	player	uade	OctaMED MMD2	0	250770	f9832b5a	591fb0e9	Soundstudio V1/MODULES/MUG-MEMBERS/Mark Knight/TuBellsPt1
79b0a0c1a74ec13d99b312ad4c28c61b	1	120806	player	uade	OctaMED MMD1	0	563200	92118886	4dfa847e	Soundstudio V1/MODULES/MED-4ch/E/Ethnik
79d8e400ea0832bae5fa22701367f57f	1	332399	player	uade	OctaMED MMD1	0	167914	e5b30292	6ba3cdf8	Soundstudio V1/MODULES/MUG-MEMBERS/THT/Beat
79e04642d1d6eb03d07bb24ff4f2b57a	1	161859	player	uade	OctaMED MMD1	0	63638	c07de065	aa4dafeb	Soundstudio V1/MODULES/MUG-MEMBERS/Tom Cozzolino/Technoship
79e83551234c07af192101a4f69c9622	1	51320	player	uade	OctaMED MMD1	0	79740	205670fd	53ae66cf	Soundstudio V1/MODULES/MUG-MEMBERS/Ben Thomas/With-Fries
79e83551234c07af192101a4f69c9622	1	51320	player	uade	OctaMED MMD1	0	79740	205670fd	53ae66cf	Soundstudio V1/MODULES/VARIOUS/W/With-Fries
7a13b2d8d3648344c91471103535f8df	1	56464	player	uade	OctaMED MMD1	0	94924	85af0462	24bae00b	Soundstudio V1/MODULES/MUG-MEMBERS/William Quinn/Funky Short
7a1cca6d68031e68075205a592486d4c	1	182033	player	uade	OctaMED MMD1	0	114908	0ff1d9e9	b729a630	Soundstudio V1/MODULES/MED-4ch/S/So_High
7a1f4418d01560ae1b4ebc5021b5c7ac	1	382233	player	uade	OctaMED MMD1	0	483664	523b09ff	aea0beb3	Soundstudio V1/MODULES/MED-4ch/H/HandsUp
7a4e3dacf5d80400030467c7adc643c2	1	192523	player	uade	OctaMED MMD1	0	556270	372be2bf	81f0223b	Soundstudio V1/MODULES/MUG-MEMBERS/William Quinn/LOADEDIIIMIX2
7a699080f9d56f2e22f4a4e856674086	1	153721	player	uade	Soundtracker II (31 instr.)	0	97552	59c848f3	9a28b669	Soundstudio V1/MODULES/VARIOUS/K/kawai-k1
7a6bb3829c506a6f7ae20c8640de31ae	1	200842	player	uade	OctaMED MMD2	0	193714	47a8ae4d	996a252e	Soundstudio V1/MODULES/MUG-MEMBERS/THT/DiscoFantasy
7a6c6cfe06eb5bd8d3194167e0efde7f	1	344187	player+silence	uade	OctaMED MMD0	0	86910	d65853cb	9188763f	Soundstudio V1/MODULES/MED-4ch/A/Alien_Source
7a86078b91ddce5ea233c52992331f35	1	263070	player+silence	uade	OctaMED MMD3	0	107944	8115a366	5cda5795	Soundstudio V1/MODULES/MED-4ch/N/Night_Predator
7a87c211c21a45892f14065963ffd839	1	357838	player	uade	OctaMED MMD1	0	304862	42d6a5cb	61846315	Soundstudio V1/MODULES/MUG-MEMBERS/THT/FeelIt
7a9e9e255d68274c8c878fe4bfb3dc81	1	442477	player+silence	uade	OctaMED MMD1	0	276296	ce2f770d	2bb4009d	Soundstudio V1/MODULES/MED-4ch/Y/You
7ab50e74c10928e8b7f174576b27b8b2	1	361234	player	uade	OctaMED MMD1	0	397576	91dccda1	78149174	Soundstudio V1/MODULES/MUG-MEMBERS/Simon Ouzman/DwarfEsque
7aba391d52beb037d62cf82dd10d6867	1	326110	player+silence	uade	Protracker	0	214418	7bff9034	883b4975	Soundstudio V1/MODULES/MUG-MEMBERS/Fabio Barzagli/NewlandsII
7abb918e4a57a2f2f72989bfaefce140	1	265967	player	uade	Protracker	0	461122	34a8f63b	9fece12f	Soundstudio V1/MODULES/VARIOUS/N/nightbird
7ac2bb805220ac6a74717cb31c1e9c44	1	260906	player+silence	uade	OctaMED MMD1	0	232314	84235da0	5e7ee0b8	Soundstudio V1/MODULES/MED-4ch/D/Demonenclosure
7ac6f761d0e7df60046ed20bae72b6c6	1	124242	player	uade	OctaMED MMD2	0	106908	b1d784d2	68c0e1e9	Soundstudio V1/MODULES/MED-4ch/A/Armageddon
7afb9fc7c970c7f0121ab3130d1c58c5	1	183874	player+silence	uade	OctaMED MMD2	0	710690	8d680b8a	c243f8af	Soundstudio V1/MODULES/MUG-MEMBERS/Phill Morris/batbaddies
7bbc235d1932a7fd84fa804d84d73e96	1	199386	player+silence	uade	OctaMED MMD1	0	135494	73b96234	f54db9e0	Soundstudio V1/MODULES/MUG-MEMBERS/Michael Lovering/Viper Dance
7bd004c767a3b100349f8a466cc6d74b	1	201083	player	uade	OctaMED MMD0	0	88982	1123d636	850468a6	Soundstudio V1/MODULES/MED-4ch/C/Cold_nights_alone_v2
7bd0059e6d741627332fcab68917da17	1	301253	player	uade	OctaMED MMD1	0	170726	31fd7b28	a701272e	Soundstudio V1/MODULES/MUG-MEMBERS/Neil Christie/Onward
7bd0059e6d741627332fcab68917da17	1	301253	player	uade	OctaMED MMD1	0	170726	31fd7b28	a701272e	Soundstudio V1/MODULES/MUG-MEMBERS/Neil Murray/Onward...
7bd4143d4b1e8941dfe16cfb1400347c	1	309552	player	uade	Protracker	0	216768	ba542cfe	35326aa5	Soundstudio V1/MODULES/VARIOUS/D/don't throw it
7bd9e78c9007dfcd0709ee4b67c40bda	1	331614	player+volume	uade	OctaMED MMD2	0	387204	fadb7984	efc96044	Soundstudio V1/MODULES/MUG-MEMBERS/William Kolln/YearOfTheDog
7bf820acd91aefddf8bfa8905cf23437	1	180142	player+silence	uade	Protracker compatible	0	187734	6ba9a7b6	be43c0a7	Soundstudio V1/MODULES/VARIOUS/H/housejourney
7c3b81818e70322ebaef9fb5586f6fe8	1	30744	player	uade	OctaMED MMD1	0	7032	459c45fd	62ce860f	Soundstudio V1/MODULES/MUG-MEMBERS/Daniel Funnel/StarWars1
7c3f91038f65f819843e8d9a10b877e5	1	168168	player	uade	OctaMED MMD1	0	217518	b5403c12	c42df8c6	Soundstudio V1/MODULES/MUG-MEMBERS/Dean Murray/NBFM
7c7990ceeabefa74bacc8c1c83b8ecda	1	356110	player	uade	OctaMED MMD2	0	385514	c9e1e7ec	5a594946	Soundstudio V1/MODULES/MED-4ch/F/Flatlands
7c952998c88b2e838416173eb6d7077a	1	250943	player+silence	uade	OctaMED MMD1	0	323902	fe7b6dbf	f81f2df4	Soundstudio V1/MODULES/MUG-MEMBERS/Ian Chisholm+Marcus Donachie/Rainy_Day2
7c973abd72659a559258f2b62d8d79d9	1	140438	player	uade	OctaMED MMD1	0	99594	04f87725	cb3f6e4d	Soundstudio V1/MODULES/MED-4ch/G/Glow
7cbed457b077eb6cffad07213bde22e3	1	39960	player+silence	uade	OctaMED MMD1	0	95960	bae3e939	adadf5b2	Soundstudio V1/MODULES/MED-4ch/C/Coconuts
7ccd7a3006942f01d3546a0122774e67	1	143854	player	uade	OctaMED MMD1	0	48328	d7cb6430	d91c2e5c	Soundstudio V1/MODULES/MUG-MEMBERS/William Quinn/TENAJ_4
7ccf1b7287b2c40381b4f82a8636d736	1	297977	player	uade	OctaMED MMD1	0	72898	6d37324e	2809ae1e	Soundstudio V1/MODULES/MED-4ch/I/InTheMOOG
7cee46b65d29e3f1c304c9c3c5179082	1	222785	player+silence	uade	OctaMED MMD1	0	164420	91d95f51	5e3420dc	Soundstudio V1/MODULES/MUG-MEMBERS/Ben Thomas/Compressed-Intelect
7d09ca75aba803b5a04e00394014512a	1	176030	player+volume	uade	Protracker	0	129600	e0c25b14	a2ab6de3	Soundstudio V1/MODULES/MUG-MEMBERS/Fabio Barzagli/FbyThriller
7d0ddb3534f1b911a9aa7248fcf842ce	1	256141	player	uade	Protracker compatible	0	105336	4f7a996b	7b629ae1	Soundstudio V1/MODULES/VARIOUS/B/beat
7d521bcf1cc3b7bd5d0abf39efd08797	1	111402	player	st3play	Scream Tracker 3.00 (SB)	5	90544	2f3f143c	8760360a	Soundstudio V1/MODULES/S3M/I/Intro.S3M
7d8b68f5317d5d4cb25a8646b8404c03	1	154102	player	uade	OctaMED MMD1	0	62020	16554fda	758f8f88	Soundstudio V1/MODULES/MUG-MEMBERS/N Barnes/Space_Cowboy
7d8b68f5317d5d4cb25a8646b8404c03	1	154102	player	uade	OctaMED MMD1	0	62020	16554fda	758f8f88	Soundstudio V1/MODULES/MUG-MEMBERS/Nick Barnes/SPACE COWBOY
7d9d8eb1fb50a424801ea41baafc2258	1	300104	player+silence	uade	OctaMED MMD1	0	255682	bdd0aa89	4fbcf32f	Soundstudio V1/MODULES/MUG-MEMBERS/Rob Moseley/We'llLiveForever
7da2706cf0e35057ac1d50056b100223	1	225497	player	st3play	Scream Tracker 3.01 (SB)	6	185088	b5ea2d02	66a0cf3e	Soundstudio V1/MODULES/S3M/S/SHATDELU.S3M
7dc550165882f042faf153985e028daa	1	184270	player+silence	uade	OctaMED MMD1	0	112180	e4815a8a	214b38c6	Soundstudio V1/MODULES/MUG-MEMBERS/Ben Thomas/10-To-Midnight
7ee1f5f8a46441f061de137e39fb70da	1	247660	player+silence	uade	Protracker	0	191134	af1b84dd	fb7779b4	Soundstudio V1/MODULES/VARIOUS/D/dragon jive
7efa697af653f1d4eed27db691f72f93	1	168655	player+silence	uade	OctaMED MMD1	0	106360	052cb787	1452ebc1	Soundstudio V1/MODULES/MED-4ch/M/MontySong
7efbb224822a5598a042506062c018bc	1	83712	player	uade	Protracker compatible	0	146148	04b8c242	db43b52c	Soundstudio V1/MODULES/VARIOUS/S/Spedhead
7f37b71b29828f814c404c2f18daf82d	1	294160	player	uade	OctaMED MMD1	0	155240	4958a160	5add2e8e	Soundstudio V1/MODULES/MUG-MEMBERS/Ben Thomas/BillyJean
7f3b42084129e1d4a6777fabe1fe33d3	1	209451	player+silence	uade	Protracker	0	242182	83fd16af	d89abafc	Soundstudio V1/MODULES/VARIOUS/A/acidjaz1
7f5e1ad5e5ec4ac5a9f6b9b37295c571	1	391166	player+silence	uade	OctaMED MMD2	0	252946	144524df	61f8a86f	Soundstudio V1/MODULES/MUG-MEMBERS/Andy O'Brien/Radio wars
7f987cd91c6c6d7390d9640020228dc4	1	201344	player	uade	OctaMED MMD1	0	186020	83d9ff61	766ef1dd	Soundstudio V1/MODULES/MED-4ch/M/MONOTONY
7f98fddcc6a0103dd4dc5166ba6504c6	1	218444	player	uade	OctaMED MMD1	0	200206	41e5fe95	42ad646f	Soundstudio V1/MODULES/MUG-MEMBERS/Martin Redden/Human_Nature
7f9a7cf94b0779d40869d7b778aaba4d	1	83835	player+silence	uade	OctaMED MMD1	0	62106	c79fbdc1	39680b77	Soundstudio V1/MODULES/MED-4ch/L/La-Chip
7f9d7fccf9c25ebf0a90193ca49a487c	1	175081	player	uade	Protracker	0	194926	91c3d619	2746d339	Soundstudio V1/MODULES/VARIOUS/I/island of sadness
7fb3fe0210ff0009541f71cdb0d911a8	1	207169	player+silence	uade	OctaMED MMD2	0	91490	cb9e5a50	85d8e8cc	Soundstudio V1/MODULES/MED-4ch/D/Dead at Last
7fcb98b365d911aaff2b15d5de5027bb	1	222544	player	uade	OctaMED MMD0	0	67190	46c7cecb	d2fa3f0e	Soundstudio V1/MODULES/MED-4ch/P/Poison_Ambience
7fe69ea4e33493796b2267bb005fce26	1	265968	player+silence	uade	Protracker compatible	0	98750	070e7f78	9573f86d	Soundstudio V1/MODULES/VARIOUS/P/poormouth
7fe91864d72e4527e770ee453e5d4f53	1	228029	player	uade	OctaMED MMD1	0	144726	c85feaaf	e45e3eb2	Soundstudio V1/MODULES/MED-4ch/P/Piglet
800759488701f6e33b4a711ccf05a919	1	68822	player	uade	OctaMED MMD1	0	21916	bbd6be7a	54fb6b3c	TI-MAGAZINES/Modules/MOD.L'amour
8016e241c2a4cd605423acc0b898f79e	1	159263	player+silence	uade	OctaMED MMD1	0	75902	2714644e	7ed8a77d	Soundstudio V1/MODULES/MUG-MEMBERS/Michael Lovering/Celtic Sunrise
8023e70f01db51481b33a6e3a3cf264e	1	187366	player+volume	uade	OctaMED MMD1	0	162906	094e2833	93e59dc2	Soundstudio V1/MODULES/MUG-MEMBERS/Andy O'Brien/myth
80a4f16048d97568101c6badd0488939	1	88555	player	uade	OctaMED MMD1	0	72926	2f4bcba2	683c0ba2	Soundstudio V1/MODULES/MUG-MEMBERS/Andy Baxter/Stina-TCWTMix
80ac63a97c51e35e6196f21d4be52ae3	1	205604	player	uade	OctaMED MMD2	0	166166	6c9029d3	8cb5d3a7	Soundstudio V1/MODULES/MUG-MEMBERS/Les Hodson/LimboLo
80af7adfa293cec57fe2a25063a1092b	1	375160	player	uade	OctaMED MMD1	0	104722	45a3e474	4317f6fa	Soundstudio V1/MODULES/MUG-MEMBERS/Ian Chisholm+Marcus Donachie/FM
80b3481e08fad785f36ceefd70e39263	1	266771	player	uade	MED4 (4ch)	0	182705	4c68e5ca	5b1f2a20	Soundstudio V1/MODULES/MED-4ch/B/babe
80e451e9fabf0ddc24ab330a1d60e457	1	3797	player	st3play	Scream Tracker 3.01 (GUS)	4	15651	dfc38ba5	c3e4b89b	Soundstudio V1/MODULES/S3M/C/CHIPS.S3M
80e451e9fabf0ddc24ab330a1d60e457	2	7655	player
80e451e9fabf0ddc24ab330a1d60e457	3	9564	player
8102da73da481a487b427de7729edbac	1	76659	player	st3play	Scream Tracker 3.01 (SB)	8	75558	e8d2b390	e23b2139	Soundstudio V1/MODULES/S3M/H/HALLOWEE.S3M
812081fd6860c13d4348badccb21ee03	1	348595	player	uade	OctaMED MMD1	0	259454	43358786	e995254b	TI-MAGAZINES/Modules/Mod.Lager
812319fb4a64549c5f36c814ec356462	1	202690	player	uade	OctaMED MMD1	0	111224	d5ba192d	d44f597d	Soundstudio V1/MODULES/MUG-MEMBERS/William Quinn/Domino_Dancing_FUMIX
8134aa41e87a60dd7123c00741af2259	0	283214	player+silence	uade	Oktalyzer	0	363450	7e935ca9	1364ddc3	Soundstudio V1/MODULES/VARIOUS/O/Ok.wind-theme_china
8155a2f3840c923c48917b65093212d3	1	399494	player	uade	Protracker	0	186566	a58fde38	a4e3df20	Soundstudio V1/MODULES/VARIOUS/C/cm3-dreamings
815bd1ae558d4673787b89eb239d051c	1	230934	player+silence	uade	Protracker	0	1059074	a6d0a0aa	f76fa066	Soundstudio V1/MODULES/VARIOUS/S/sandrize
818efcb8a0fea7c1bfc33a497180f7df	1	163004	player	st3play	Scream Tracker 3.01 (SB)	12	113264	a44747ae	2be41264	Soundstudio V1/MODULES/S3M/N/nightdnc.s3m
8198a394795a012a9efa29c28e33ed38	1	294521	player	uade	Protracker compatible	0	300356	834e7e4b	359cc2ac	Soundstudio V1/MODULES/VARIOUS/H/houseuhhh2
819d24739e977095cd7e974e7a8df05d	1	73082	player	uade	Noisetracker 1.x	0	57128	d94be46b	71566739	Soundstudio V1/MODULES/VARIOUS/P/pianoplinker
81a5bcae904b5f18e2ff26e517288bf5	1	289517	player+silence	uade	Protracker	0	165742	6e8d23ed	95e137cb	Soundstudio V1/MODULES/VARIOUS/D/deadears
81a6862db3a52554f91fe10ee3d254ad	1	127900	player	uade	OctaMED MMD1	0	217336	17d92d63	f55b0673	Soundstudio V1/MODULES/MUG-MEMBERS/Andy Baxter/Tuneless
81aec9cd1e27fedb1319e574103c5b6e	1	138518	player+silence	uade	OctaMED MMD1	0	407474	9d9f5cc3	ba87879e	Soundstudio V1/MODULES/MUG-MEMBERS/Reg Simpson/HOPELESSLY_DEVOTED
81d008e99f7859ad7792b51d6ef19ef2	1	353839	player	uade	MED4 (4ch)	0	91075	43290341	eee3e760	Soundstudio V1/MODULES/MED-4ch/T/Takenenough3
81d7e54c52f9b76c0d51b6236050d304	1	556543	player+silence	st3play	Scream Tracker 3.01 (SB)	16	194266	75c98f58	10f541b0	Soundstudio V1/MODULES/S3M/C/collapse.s3m
81ef7af007f7eae98c38a28ad9c427e0	1	8097	player	uade	OctaMED MMD1	0	56050	a2036859	17ef618e	Soundstudio V1/MODULES/MUG-MEMBERS/Darren D Muir/SynthJam
81f1a2b824b31a01d9e569a19d6fefcb	1	268238	player	uade	OctaMED MMD1	0	195306	45925afa	c53f8a37	Soundstudio V1/MODULES/MUG-MEMBERS/Mark Nottingham/RainWatching
8236a29aef11243be5b05b9b1b1d8f77	1	204358	player	uade	OctaMED MMD1	0	102076	81ab8e3d	69d5a0be	Soundstudio V1/MODULES/MUG-MEMBERS/William Quinn/Smalltown Boy
8236a29aef11243be5b05b9b1b1d8f77	1	204358	player	uade	OctaMED MMD1	0	102076	81ab8e3d	69d5a0be	Soundstudio V1/MODULES/MUG-MEMBERS/William Quinn/SmalltownBoy
82563c86601a53f6e3113869179d3ef3	1	25117	player	uade	OctaMED MMD1	0	471790	49776e17	37b5a5ee	Soundstudio V1/MODULES/MUG-MEMBERS/Ben Thomas/Basketball-Title
82914d8aefb37d7ec226f90b5834a871	1	123258	player	uade	OctaMED MMD1	0	190174	8e065d55	9f0be611	Soundstudio V1/MODULES/MUG-MEMBERS/Reg Simpson/ASlowHotWind
829a8ee539f15149ba8103dd316b0dcd	1	128789	player+silence	uade	OctaMED MMD3	0	493958	1e15719f	c42d91b7	Soundstudio V1/MODULES/S3M/T/tales05.s3m
829b9d2e93466a6f012503abb167a137	1	141845	player	st3play	Scream Tracker 3.01 (GUS)	4	415082	9628d64f	5314f663	Soundstudio V1/MODULES/S3M/M/mist.s3m
829e29a322d6ead21881deb428592d3e	1	305870	player+silence	uade	OctaMED MMD1	0	339766	b392b795	abd9b0f8	Soundstudio V1/MODULES/MUG-MEMBERS/Rob Moseley/JOURNEY-SeparateWays
82a40cd5c8178b1a3c3750cfb1b8fce4	1	283811	player	uade	OctaMED MMD1	0	242868	21187d82	1d5e2bd2	Soundstudio V1/MODULES/MED-4ch/S/SixSidedCoin
82b0be936ec646bd2f8681d19176936e	1	310016	player+silence	uade	Soundtracker II (31 instr.)	0	78742	53c7718c	52cf2bb8	Soundstudio V1/MODULES/VARIOUS/M/magneticfieldsiv
82c9f5d9d8e63d17005da3210d8127e2	1	221206	player+volume	st3play	Scream Tracker 3.01 (GUS)	7	101744	700d16cd	dfdc5f9d	Soundstudio V1/MODULES/S3M/F/freedom.s3m
82d9862e085f37ad084b27cdbe61d5c3	1	122495	player+volume	uade	OctaMED MMD1	0	79984	56afa3fd	84045da0	Soundstudio V1/MODULES/MED-4ch/C/Close_To_Midnight
82e89f083b0cc9e0cc5f2d391f6a6729	1	253027	player	st3play	Scream Tracker 3.01 (SB)	12	478720	6292ccda	425674b0	Soundstudio V1/MODULES/S3M/S/SENTINEL.S3M
82f9cc6ee8fbe3d9ed54fb25689cb4e6	1	143091	player	uade	OctaMED MMD1	0	261912	afb0ec5e	c7d6ff63	Soundstudio V1/MODULES/MUG-MEMBERS/William Quinn/Phobia
8301f13c03a053cc1c878767111f5518	1	295627	player+silence	uade	OctaMED MMD1	0	237224	497d806a	2525387c	Soundstudio V1/MODULES/MUG-MEMBERS/Steven Gane/BadLove
830ad5578fdd2a3b02a0fae3234d0eae	1	176548	player	uade	OctaMED MMD1	0	76528	f159517d	059779ac	Soundstudio V1/MODULES/MUG-MEMBERS/C-Rad/HypnoTransition
83260d3d56fa68509a0b6491d0f04136	1	245413	player+silence	uade	OctaMED MMD2	0	167966	430ea1cd	fc29a6cd	Soundstudio V1/MODULES/MED-4ch/W/When_Will_I_Sleep
832ae54a5f52be2b202adaec76a36cd4	1	223689	player	uade	OctaMED MMD1	0	417406	5e936c80	97d587d7	Soundstudio V1/MODULES/MUG-MEMBERS/Phill Morris/KissFromARose
832c20af810fd1ad048fdf1bea2d2973	1	96331	player	uade	OctaMED MMD1	0	48578	4daffa0e	aa00271b	Soundstudio V1/MODULES/MUG-MEMBERS/Ben Thomas/Spinsmith
832c20af810fd1ad048fdf1bea2d2973	1	96331	player	uade	OctaMED MMD1	0	48578	4daffa0e	aa00271b	Soundstudio V1/MODULES/VARIOUS/S/Spinsmith
8333a35f7c8a142e47445ebde897ee77	1	231184	player	uade	OctaMED MMD1	0	53886	2c88404d	a7168709	Soundstudio V1/MODULES/MUG-MEMBERS/The Sidewalk/Home
83432b249bf6ae8dad9087a74b929324	1	225377	player	uade	OctaMED MMD2	0	122424	e5aca95c	b56af043	Soundstudio V1/MODULES/MUG-MEMBERS/THT/Bedtime
834c95009cb8c99a5fa8001cec173530	1	209965	player	uade	OctaMED MMD1	0	551128	71ed2040	e5c5da8e	Soundstudio V1/MODULES/MUG-MEMBERS/William Quinn/TOTAL_CONTROL
8367db6672c5b12cf8c19ba073ef3ef0	1	220836	player+silence	st3play	Scream Tracker 3.01 (SB)	12	440376	f9ecd33e	713ba4d1	Soundstudio V1/MODULES/S3M/T/twfr4.s3m
83737643debc8c47cabfab58cd5c01ff	1	221479	player	uade	OctaMED MMD1	0	50282	c3749c23	6c941a85	Soundstudio V1/MODULES/MUG-MEMBERS/The Sidewalk/Am I Right?
83ececd3594faebd9759fbf9bb543a78	1	230883	player	uade	OctaMED MMD1	0	142876	3996d411	f751e7cb	Soundstudio V1/MODULES/MUG-MEMBERS/William Quinn/THE_CHASE
83fb3dbda92a95d3b75780e8e7723ca1	1	182697	player	uade	OctaMED MMD0	0	147832	acdac879	7546de25	Soundstudio V1/MODULES/MED-4ch/C/Cares
8404ae7425eafabf374ba8cca71293bd	1	297314	player+silence	uade	Protracker	0	230068	e4a5afdc	013791db	Soundstudio V1/MODULES/MUG-MEMBERS/Fabio Barzagli/ChordOfViolin
84153e9db7e4f693d14a82853942bcf0	1	285386	player+silence	uade	OctaMED MMD1	0	138302	7a692eea	4e89c1c4	Soundstudio V1/MODULES/MUG-MEMBERS/Richard Bannister/IT
842e2bbf5a86d09b403078b13d1843f3	0	258575	player+silence	uade	Oktalyzer	0	206572	e01085ce	cedb6179	Soundstudio V1/MODULES/VARIOUS/Y/Ytimrofnoc
8460e98b4267064649adb50a4fbe9ab0	1	341602	player	uade	Protracker	0	340202	ce8a8982	49d17969	Soundstudio V1/MODULES/VARIOUS/E/extremia
8478e58d177a94383277eb4822982f2b	1	144950	player+silence	uade	Protracker	0	129892	c0270a3f	5c7e9d89	Soundstudio V1/MODULES/VARIOUS/C/cm1-skoffee
847c99a46bf5635242caa2eb8cc525f9	1	342850	player+silence	uade	OctaMED MMD2	0	307546	24074f1b	5f2328c6	Soundstudio V1/MODULES/MUG-MEMBERS/Carl Barry/Hinterlands
8486803fa29ef3b150abf1523659d7ef	1	341496	player+silence	uade	OctaMED MMD1	0	703294	83fca2d0	870ac64e	Soundstudio V1/MODULES/MUG-MEMBERS/Sam Gilbert/DepthsOfYourDreams
84a8d3408a98ef456762c357efb411f9	1	237694	player+silence	uade	OctaMED MMD1	0	270176	ee7cd87f	ab185ace	Soundstudio V1/MODULES/MUG-MEMBERS/Rob Moseley/DOUBT
84a9bd25d6f5cd7312c1eb267b42a162	1	193668	player	uade	OctaMED MMD2	0	117562	30c31609	1e67d1d7	Soundstudio V1/MODULES/MUG-MEMBERS/Reg Simpson/Brasilia
84db78ebfb636e920160c69f40fd0af4	1	184585	player	uade	OctaMED MMD0	0	224962	cf227aa3	ea5b6845	Soundstudio V1/MODULES/MUG-MEMBERS/Daniel Funnel/Spluurdge!
84f71cc359ee6772aaa1141010f1e059	1	160565	player+silence	uade	OctaMED MMD1	0	283536	894df2ba	fbd0c2e9	Soundstudio V1/MODULES/MUG-MEMBERS/Tim Davis/Ohberand
84fd10d991a37c3bb7a1f8947687665e	1	61588	player	uade	OctaMED MMD1	0	64978	92c32adf	33328872	Soundstudio V1/MODULES/MUG-MEMBERS/Reg Simpson/Hop_It
8552d68fc49ee928c66d68a5f6bbd5c6	1	158845	player	uade	Protracker	0	88814	9e05a100	5bc42efa	Soundstudio V1/MODULES/VARIOUS/D/darkfire
85532f974415904de380fc4a38c75d66	1	198807	player+silence	st3play	Scream Tracker 3.01 (GUS)	16	318896	821a01ca	dcabbe68	Soundstudio V1/MODULES/S3M/S/spacecow.s3m
855b64a07edfa118632671e93e8fcdfa	1	161095	player	uade	OctaMED MMD1	0	169692	f4d661cb	7d74b46c	Soundstudio V1/MODULES/MUG-MEMBERS/Fabio Barzagli/Melody
85612ddf8935aa413a926675aa1f55be	1	0	nosound	uade	OctaMED MMD2	0	65244	2a6d94e1	6c041e53	Soundstudio V1/MODULES/MIDI/Asif Ali/MMD2/LOVELIKE.MMD2
85e699d1969df450186b885ef7a5b489	1	248947	player	uade	OctaMED MMD1	0	357244	dcd82251	52c235fd	Soundstudio V1/MODULES/MED-4ch/T/THUNDER-Into_thA_jUngle
85ecc1d470fea41cf6b1d1958a7741d9	1	306109	player+silence	uade	OctaMED MMD1	0	124672	a1bd1fa4	f4dcb38b	Soundstudio V1/MODULES/MIDI/Asif Ali/MMD1/InterStellar.MMD1
861484074f5e7b804db4a296080ee1d4	1	307402	player	uade	OctaMED MMD1	0	531974	b3ce1113	2bb2b28c	Soundstudio V1/MODULES/MUG-MEMBERS/Michael Duncombe/August
861dfadd1e1ddbb9ef863b0c0ad3f90c	1	223488	player	uade	OctaMED MMD1	0	62914	6b05185b	43c77909	Soundstudio V1/MODULES/MUG-MEMBERS/Richard Bannister/5th_Song
8670bab3ef400c0520f0ed1a5dce9e01	1	207493	player	uade	Protracker	0	79022	79528af4	86ef3a7f	Soundstudio V1/MODULES/VARIOUS/C/cm2-cycloneii
86aa56bdc9023d795b6c2580e4f9ad75	1	0	nosound	uade	OctaMED MMD2	0	41788	a60596e3	d67e58f3	Soundstudio V1/MODULES/MIDI/Asif Ali/MMD2/NEVER.MMD2
86b4cbe12eccc99f05b7924bc8ce2d9b	1	333881	player+volume	uade	OctaMED MMD1	0	364462	938b866b	46b4a8b6	Soundstudio V1/MODULES/MED-4ch/R/ruffness
86ca03dad696a9813eefb0abf4ff5733	1	161557	player	uade	OctaMED MMD1	0	42782	cfad366c	d34d1a4c	Soundstudio V1/MODULES/MUG-MEMBERS/Trank Mast/The_way_to_Felchud
86d2e4faed7d189331770f5ebd1fe6f1	1	46176	player	uade	MED4 (4ch)	0	20908	05a4ac1b	5a6bf951	Soundstudio V1/MODULES/MUG-MEMBERS/Martin Ayers/WeirdMan!
86f6eefb36633516525e1f71f67a66a3	1	137223	player	uade	OctaMED MMD3	0	226978	7f29c78d	5638735d	Soundstudio V1/MODULES/S3M/B/bedlam2.s3m
86fe9ff5598b1f4305293dcfc0122988	1	450901	player+silence	uade	MED4 (4ch)	0	164824	c3673fdc	e60f44d6	Soundstudio V1/MODULES/MED-4ch/W/Waverider
87065ae6c87a107bfa41681ee8c48d7f	1	254755	player	uade	OctaMED MMD1	0	318524	782a9a18	11101734	Soundstudio V1/MODULES/MUG-MEMBERS/Simon Ouzman/Morph
8726fe58e8fe3ce8513223ca2576aca7	1	297593	player+volume	uade	OctaMED MMD1	0	354230	f1f5c773	53f6e8ff	Soundstudio V1/MODULES/MED-4ch/D/DrugWars
872c493054d06db80b991899d8380d35	1	119957	player+silence	uade	OctaMED MMD0	0	195585	735d4918	af31e864	Soundstudio V1/MODULES/MED-4ch/H/Hohoho!
877219abffb6ebfd6a9140278e465759	1	430278	player	uade	Protracker compatible	0	163570	44a29add	787d21e3	Soundstudio V1/MODULES/VARIOUS/I/imaginary-woman
879615221582b4a91bebf03be095af34	1	161256	player	uade	OctaMED MMD1	0	129892	2fe393fa	ed675b01	Soundstudio V1/MODULES/MUG-MEMBERS/Tom Cozzolino/Puff,TheMagicTom
87ad35de20269eb1821ad37e83399f8d	1	15311	player	uade	OctaMED MMD1	0	24866	c43bbf70	2b536529	Soundstudio V1/MODULES/MUG-MEMBERS/James Paddison/PianoMESS!!
87b9fcf41ad247ec3c6e337ede03cdce	1	133586	player	uade	OctaMED MMD1	0	104270	7b9fc3c5	abb76eab	Soundstudio V1/MODULES/MUG-MEMBERS/Ben Thomas/Money-For-Old-Rope
87c7747fa94cfc9d263e579cac173e3a	1	122775	player	uade	OctaMED MMD2	0	184460	5ac66b23	cf9c30a9	Soundstudio V1/MODULES/MUG-MEMBERS/Michael Richmond/Riders-of-Doom
87d430ca234c369058af167667a5c7b3	1	301092	player	uade	Protracker	0	377540	6c705838	ac14880e	Soundstudio V1/MODULES/VARIOUS/P/peace and chaos
87fdcf13e27dbd0059d9e4c028ceec81	1	406721	player+silence	uade	OctaMED MMD1	0	887004	554cf847	ce3bf053	Soundstudio V1/MODULES/MUG-MEMBERS/Sam Gilbert/StarBurst
87ff20d4bbaa8bcafda7706ccda8984b	1	73766	player	uade	OctaMED MMD1	0	132112	f5cb4ae7	f6d1ee05	Soundstudio V1/MODULES/MUG-MEMBERS/George MacDonald/Erynn
880ef67980d65936cf72a51d37485b4d	1	178597	player	uade	Protracker	0	388536	7ebad3ed	d6d5841c	Soundstudio V1/MODULES/VARIOUS/M/memberment_<cia>
881a502e86238e3c4f02f5bed39d4622	1	216133	player	uade	OctaMED MMD1	0	37236	de7b6ceb	16f7da3c	Soundstudio V1/MODULES/MUG-MEMBERS/Ben Thomas/Mr.Fiddlestick
884eb4d99d1ba16bfb40295790b73e0b	1	134169	player	st3play	Scream Tracker 3.01 (GUS)	10	264372	b68c01ae	a476ec0b	Soundstudio V1/MODULES/S3M/F/fusion.s3m
885490dc14a713a316352e8e9294727a	1	136057	player+volume	uade	Protracker	0	286212	2f00bddc	8cf75389	Soundstudio V1/MODULES/VARIOUS/J/jazzy byld
885cfda015db972a2b2ba87bbd726819	1	176508	player	uade	OctaMED MMD1	0	46496	ea45a611	4ef98c47	Soundstudio V1/MODULES/MUG-MEMBERS/James Crockett/Round&Round
889ebd3147a6da30ee8fbe7122a3d0bc	1	286725	player	uade	OctaMED MMD1	0	291646	3b894d5e	ea17c5cf	Soundstudio V1/MODULES/MUG-MEMBERS/William Quinn/Way it goes...3in1 Mix
88f396516c293fc31f918e0f60ae83c3	1	244406	player	uade	Protracker	0	344874	117460ea	6a9c68c7	Soundstudio V1/MODULES/VARIOUS/I/in_orbit
890b687be0cced04a544dae8fe4f2fce	1	136681	player	uade	OctaMED MMD3	0	75456	b79f05fb	ae3f2e00	Soundstudio V1/MODULES/S3M/I/invtro94.s3m
8918b0766fa1a99fef18acb68b33d1e5	1	229275	player	uade	OctaMED MMD1	0	139954	e353a615	2efc853e	Soundstudio V1/MODULES/MUG-MEMBERS/Neil Christie/ManualTransmission
8918b0766fa1a99fef18acb68b33d1e5	1	229275	player	uade	OctaMED MMD1	0	139954	e353a615	2efc853e	Soundstudio V1/MODULES/MUG-MEMBERS/Neil Murray/ManualTransmission
8922d40ef6a657c1d145a0f538130ca1	1	126392	player	uade	OctaMED MMD1	0	118100	aedbad1e	5c656039	Soundstudio V1/MODULES/MUG-MEMBERS/Rudi Samborski/16drop
8925744aa4b28347a0436aa9a932059f	1	30824	player	uade	Protracker compatible	0	6400	1f339fab	821e73c7	Soundstudio V1/MODULES/VARIOUS/S/sowhat..
89528df4541f07f2984b5e08eaa52f5f	1	198879	player+volume	uade	OctaMED MMD1	0	294106	81738ee8	33477a36	TI-MAGAZINES/Modules/Childmare
8972de639f2d0c74c3092f4a92f924e9	1	259322	player+volume	uade	OctaMED MMD1	0	236212	431d1947	3a848cb5	Soundstudio V1/MODULES/MUG-MEMBERS/Fabio Barzagli/Andalusia
89785d7cb7f72ef6e30d531661007acf	1	148606	player+silence	uade	Protracker compatible	0	31526	e68e7f14	d9f2cab2	Soundstudio V1/MODULES/MUG-MEMBERS/Michael Ward/Relax-Mode
89819272a8c487b3a253cd1683476f1f	1	84616	player	uade	Noisetracker 1.x	0	133456	8b2e26b9	dab40305	Soundstudio V1/MODULES/VARIOUS/S/spikemix1989
898c53b323dd50c1cf7ff0baee6a8001	1	240948	player+volume	uade	OctaMED MMD1	0	68874	1936233f	c9ea52b1	Soundstudio V1/MODULES/MUG-MEMBERS/Ben Thomas/Fletch
899669bda131404e68e12be86b8cb0ae	1	259716	player+silence	uade	OctaMED MMD1	0	97702	d8f153d6	725e057d	Soundstudio V1/MODULES/MUG-MEMBERS/Richard Bannister/D.I.D
89ddf648ff43c7efaba8db1594a3fb47	1	0	nosound	uade	OctaMED MMD2	0	228804	8d7f89d5	b6cef0c3	Soundstudio V1/MODULES/MIDI/Asif Ali/MMD2/CHURCYRD.MMD2
89e14264ddbe59445a8d9648bcfac11a	1	7615	player	uade	OctaMED MMD1	0	22812	2142a9b1	22dbc502	Soundstudio V1/MODULES/MUG-MEMBERS/Kevin Jones/Song01
8a19a2cebf0e7ae3dcae38a6633bebb6	1	368940	player+silence	st3play	Scream Tracker 3.00 (GUS)	8	600860	195aa76a	d01ff28f	Soundstudio V1/MODULES/S3M/S/Second_PM.S3M
8a5a27c49eba9a4039c0e8927064eaae	1	143493	player	uade	Protracker compatible	0	92480	c3b70695	626f4fe1	Soundstudio V1/MODULES/VARIOUS/S/shadowfire
8a7e7757db7198a8c77609866bbcbeec	1	159026	player	uade	OctaMED MMD1	0	78744	ad6804ef	68f569d6	Soundstudio V1/MODULES/MUG-MEMBERS/Trank Mast/Bastard_On_Stilts
8acd25020e5560aad9fccd1575abeb65	1	44910	player	uade	Protracker compatible	0	39210	77003471	4c3a25f4	Soundstudio V1/MODULES/VARIOUS/M/munk-jams
8ad29522efeac6526f93a809456733b5	1	242055	player	uade	Protracker compatible	0	106026	e4ee9063	456aae5c	Soundstudio V1/MODULES/VARIOUS/C/chicagosong
8b419930ad35f1fc79d173a2a9925605	1	318574	player	uade	Protracker	0	212584	039268f3	c4880ba2	Soundstudio V1/MODULES/VARIOUS/E/ex-dream
8b5a490fa380979d2d0fc53e4f29b871	1	171444	player	uade	OctaMED MMD1	0	55474	b7e3eafa	a9e6301a	Soundstudio V1/MODULES/MUG-MEMBERS/Michael Richmond/BrightEyes
8b96f76a9de21f04f5aca033e31e8990	1	67355	player	uade	OctaMED MMD1	0	46254	ce225cfe	7ad125a1	Soundstudio V1/MODULES/MUG-MEMBERS/Tom Cozzolino/Feeling good
8b9b9202ba5dd855fa73334860b4879e	1	201639	player+silence	uade	OctaMED MMD1	0	91994	0448a0d9	13912694	Soundstudio V1/MODULES/MUG-MEMBERS/Ross Couch/Out_There
8bd61f63e68b172d14bbded34750ec41	1	301414	player	uade	OctaMED MMD2	0	206476	320355c5	41723bb9	Soundstudio V1/MODULES/MUG-MEMBERS/Paul Spark/OnlyAMemory
8bfd908199f81925221c628f130f7132	1	119179	player	uade	Protracker	0	63510	3170a5d3	bf39da68	Soundstudio V1/MODULES/VARIOUS/H/high score
8bfeeb82f2d7c716ca1af24aab9a2e21	1	97718	player	uade	Protracker	0	111462	45947eac	88126a2d	Soundstudio V1/MODULES/VARIOUS/I/innerspace
8c01a2f97262467ef20e047365d28b7c	1	266871	player	uade	OctaMED MMD1	0	122278	75e6d42a	9e59d233	Soundstudio V1/MODULES/MUG-MEMBERS/Neil Christie/TheThatcherYears
8c01a2f97262467ef20e047365d28b7c	1	266871	player	uade	OctaMED MMD1	0	122278	75e6d42a	9e59d233	Soundstudio V1/MODULES/MUG-MEMBERS/Neil Murray/TheThatcherYears
8c382fec0d1d6e7166d99a3a27643542	1	58976	player	uade	OctaMED MMD1	0	118370	9f0ba322	abe09beb	Soundstudio V1/MODULES/MUG-MEMBERS/Andy Baxter/Stomping
8c3e853c225d241b297c3255d01e789a	1	127176	player	uade	OctaMED MMD1	0	148516	3cf780b2	980f7471	Soundstudio V1/MODULES/MUG-MEMBERS/William Quinn/METAL_SHORT
8c54283bcacfb1c4b46a2362b86bb202	1	183581	player	uade	OctaMED MMD1	0	79294	5a4d10d8	047e1b72	Soundstudio V1/MODULES/MUG-MEMBERS/Michael Richmond/EatYerGranny!
8c7aaef3029d095163f5094f603a262a	1	208414	player+silence	uade	OctaMED MMD1	0	204688	1d8a543d	cb2899c0	Soundstudio V1/MODULES/MUG-MEMBERS/Rob Moseley/YouDon'tHaveTo
8c7f35dcd86e8033ce6c6d73fb787113	1	268298	player	uade	OctaMED MMD1	0	163328	a18a453e	6e4fed9c	Soundstudio V1/MODULES/MED-4ch/B/Balade
8cabe74107d30a64efbe3fe1a5d2e1e8	1	141282	player	uade	OctaMED MMD1	0	156082	331373f1	d4ef0f31	Soundstudio V1/MODULES/MUG-MEMBERS/THT/FeelingGood
8cb50f1ac19241fd2594e363314f5e3b	1	188562	player+silence	uade	Protracker compatible	0	115272	c8f95924	132517ed	Soundstudio V1/MODULES/VARIOUS/R/rhythmmaster
8cb5f40409158d6e8bf8dba05ce22e38	1	93177	player	uade	OctaMED MMD1	0	176062	bb02f7a3	db2da5c1	Soundstudio V1/MODULES/VARIOUS/P/princes of darkness
8cf8239358a70a74fb82b7014abcbe5b	1	58454	player	uade	OctaMED MMD1	0	17764	c2f4a698	a2589a1e	Soundstudio V1/MODULES/MUG-MEMBERS/Tom Cozzolino/Red,White & Blue
8cf999367d59f2ea85083b5551fe015e	1	224106	player+silence	uade	OctaMED MMD1	0	243558	7749cc6e	63e96f87	Soundstudio V1/MODULES/MUG-MEMBERS/William Quinn/DumDumGirl
8cf999367d59f2ea85083b5551fe015e	1	224106	player+silence	uade	OctaMED MMD1	0	243558	7749cc6e	63e96f87	Soundstudio V1/MODULES/MUG-MEMBERS/William Quinn/TalkTalk-DumDumGirl
8cfaa731f513fe73054f94306f84ec45	1	288195	player+silence	uade	Protracker compatible	0	71714	fc28251b	08033b46	Soundstudio V1/MODULES/VARIOUS/S/song1
8d37dabbb653fd512f6efe30b6f4f41a	1	61448	player	uade	OctaMED MMD1	0	16270	7c00580d	405a295d	Soundstudio V1/MODULES/MUG-MEMBERS/Michael Richmond/ChipChoon
8d5d8703d2c6ce1d5184105d5c2e78dd	1	166782	player	uade	OctaMED MMD1	0	507466	d686ba64	7a1b3cb6	Soundstudio V1/MODULES/MED-4ch/S/Smoke-The-Night-Away
8d68f0c5c199bcb3825e3f66779d5e21	1	347932	player	st3play	Scream Tracker 3.00 (SB)	9	241088	7152d84d	9b3020ad	Soundstudio V1/MODULES/S3M/G/gmotion.s3m
8d7f3a49c02a0e27f70d3f86118e56f5	1	316022	player	uade	OctaMED MMD1	0	151790	b236ff45	54b04eb6	Soundstudio V1/MODULES/MUG-MEMBERS/Mark Nottingham/MarkingTime
8dc3a8578a75c06b38a2447765d2eb37	1	171859	player+silence	uade	MED4 (4ch)	0	249899	f2709658	000ad682	Soundstudio V1/MODULES/MUG-MEMBERS/Jon Marsden/Jim'll_Fix_it_for_You
8de510dd86f53730824802e96687822e	1	91543	player+silence	uade	OctaMED MMD1	0	143596	15d3c4f3	c64a88b1	Soundstudio V1/MODULES/MUG-MEMBERS/Reg Simpson/Happy
8e18ab7988999ef3fbb1d8aeb3033a62	1	70490	player	st3play	Scream Tracker 3.01 (SB)	8	120344	6b72d41b	7a11547e	Soundstudio V1/MODULES/S3M/S/snail.s3m
8e1b3bd07042999f80cc90b35a59fe56	1	281226	player+silence	uade	OctaMED MMD1	0	372784	65833867	02f542b0	Soundstudio V1/MODULES/MED-4ch/N/Next-Space
8e50b945f60e72130535c1f25b87bf5b	1	123981	player	uade	Protracker	0	71614	b5b63281	27a1bd3b	Soundstudio V1/MODULES/VARIOUS/S/spirituallegacy
8e84052b2902d9bbeaa4925332a5abc1	1	115321	player	uade	Protracker	0	124088	64074552	5d522f23	Soundstudio V1/MODULES/VARIOUS/I/I_feel_it
8e8823807a56832738238440001c5277	1	45171	player	uade	OctaMED MMD1	0	26240	3478e5b4	850ec97a	Soundstudio V1/MODULES/MUG-MEMBERS/Kevin Jones/PooHouse
8e8f10127bc12dacacc7d2fb70145467	1	90323	player	uade	OctaMED MMD1	0	5710	68764ba6	da54d7a9	Soundstudio V1/MODULES/MUG-MEMBERS/Peter Kwann/Jill+TheCruiseMissiles
8ec5b7ba3562174d5fe361992ab7d842	1	255491	player+silence	uade	OctaMED MMD2	0	209970	245ddbf2	f4e95372	Soundstudio V1/MODULES/MED-4ch/T/The-Sated-Plimsole
8ef9e694334f275c5627a4b4fd5ecbe0	1	344757	player	uade	OctaMED MMD1	0	410470	123b94fb	4d74a21f	Soundstudio V1/MODULES/MUG-MEMBERS/Johan Van Mensel/DoYourStuff
8f18ef817fa82282d91b100b23e13ce7	1	138690	player	uade	OctaMED MMD1	0	89666	98eb0c4b	2bfe009e	Soundstudio V1/MODULES/MUG-MEMBERS/XTD/IDEA_2
8f18ef817fa82282d91b100b23e13ce7	1	138690	player	uade	OctaMED MMD1	0	89666	98eb0c4b	2bfe009e	TI-MAGAZINES/Modules/Idea_2
8f223769a4d69c5fab4332c2fa204b80	1	89178	player	st3play	Scream Tracker 3.01 (SB)	16	252151	aafc714b	59f76465	Soundstudio V1/MODULES/S3M/F/fuck8bit.s3m
8f223769a4d69c5fab4332c2fa204b80	2	129567	player
8f2fa431fd892bd5bef807830c1e18af	1	85059	player	uade	OctaMED MMD1	0	25694	f6b3f0df	985ea961	Soundstudio V1/MODULES/MUG-MEMBERS/Kevin Jones/NewMode2
8f35b22c05073d07fd8664331af7416f	1	148684	player+silence	uade	OctaMED MMD1	0	203788	2998ebe4	ee42a149	Soundstudio V1/MODULES/MUG-MEMBERS/Fabio Barzagli/Massello-Mix
8f45d64f86e5e9840f4a3bfc9a889540	1	529819	silence	uade	Protracker	0	89976	14704632	5c042e05	Soundstudio V1/MODULES/VARIOUS/H/hormi v2
8f52b0d2969a4aa867419604ee040fbc	1	285881	player	uade	OctaMED MMD1	0	247620	a441e44e	14f4ce6b	Soundstudio V1/MODULES/MUG-MEMBERS/THT/O-H-F-D
8f66ec0344ec326489a94b2ee919e342	1	254333	player	uade	OctaMED MMD1	0	87684	ca67d59f	828c6a9d	Soundstudio V1/MODULES/MED-4ch/C/Cyberfunkin'
8f723f7d8c376af9e3c69acd0cdc2ea6	1	99727	player	uade	OctaMED MMD1	0	81952	a6dc1ab9	7a986659	Soundstudio V1/MODULES/MUG-MEMBERS/David Evans/SoulSearchin'
8f75cbad45246e373e861890b0c2ba0d	1	66853	player	uade	OctaMED MMD1	0	95594	c75e19b1	7f07643d	Soundstudio V1/MODULES/MUG-MEMBERS/Tom Cozzolino/Jammin'
8fb26d58824b39fc9b720c676f7896ee	1	281350	player+silence	uade	OctaMED MMD1	0	221538	ce477746	4dd1a2ec	Soundstudio V1/MODULES/MUG-MEMBERS/Ian Chisholm+Marcus Donachie/Nova_Dracona
8ff9d2f7fbb6bfdf34a30fa11154b57d	1	100129	player	uade	OctaMED MMD1	0	69320	47b321ea	e5fc1999	Soundstudio V1/MODULES/MUG-MEMBERS/Rudi Samborski/Leadhead
900429bd53aaaf8f7740963b24ec3cbd	1	223006	player	uade	OctaMED MMD1	0	83942	13ce6e47	67f780de	Soundstudio V1/MODULES/MUG-MEMBERS/Trank Mast/Somethin'in_the_chair_tonight
90333485470a640769d0539903b86d68	1	346585	player	uade	OctaMED MMD1	0	198534	1792d9bc	53e42f6e	Soundstudio V1/MODULES/MED-4ch/C/Chopin
90b5b290f0b5c8fdf8b52ff7b39024a6	1	157197	player	uade	OctaMED MMD1	0	256214	ee42ed02	99cd312b	Soundstudio V1/MODULES/MED-4ch/W/Wolves
90b720d72e320c2b848206ec3bb21502	1	366933	player+silence	uade	OctaMED MMD1	0	292758	82db87f6	e41e7d90	Soundstudio V1/MODULES/MUG-MEMBERS/Rob Moseley/BIRD OF PASSAGE
90cc1e8d04a0c7adaf93bbfce955aaba	1	103364	player	uade	OctaMED MMD1	0	145106	6b9372e2	1fb4f88e	Soundstudio V1/MODULES/MED-4ch/T/thinkofyou
90da68d6a11bfdf22fa081a7650837a5	1	298560	player	uade	OctaMED MMD1	0	183570	f9c58d46	71200af8	Soundstudio V1/MODULES/MED-4ch/D/Dance
917f7a290c363df0feb60ef95889e5b9	1	46156	player	uade	OctaMED MMD1	0	51758	3466b49f	654edae2	Soundstudio V1/MODULES/MUG-MEMBERS/James Paddison/BassLine(Expanded)
919733b5d17686123687abb8e086cda6	1	286451	player+silence	uade	OctaMED MMD1	0	261944	309e3024	0b7f7452	Soundstudio V1/MODULES/MUG-MEMBERS/Paul Spark/Eternally
91b94ff7e34a08796e7026ca630c2377	1	32821	silence	uade	OctaMED MMD1	0	46088	7fbf98ba	0864803c	Soundstudio V1/MODULES/MIDI/Asif Ali/MMD1/SaddestGirl.MMD1
91d7f15a1bcc7c93109221d8a63f47c0	1	239066	silence	uade	OctaMED MMD1	0	270746	91bf56d3	0a19f5da	Soundstudio V1/MODULES/MUG-MEMBERS/Rob Moseley/StrangeWorld  
91ee4dbe8a40e41b97903d14770ee472	1	238900	player	uade	OctaMED MMD1	0	58642	8c0488f9	5f6035c4	Soundstudio V1/MODULES/MUG-MEMBERS/Michael Ward/WhenTheFlowersDance
92117c5c4559e3ca34f2ac9d4682afe5	1	176769	player	uade	Protracker compatible	0	56626	384ad9ba	e917268e	Soundstudio V1/MODULES/VARIOUS/D/dots
9227a37abff46d76d5a7ee5876474c1c	1	33215	player	uade	OctaMED MMD1	0	20374	8a4ac448	c14aaecd	Soundstudio V1/MODULES/MUG-MEMBERS/Paul Spark/CircusInTown
926307452faad38d1255aa0e8c4f7dec	1	107138	player+silence	st3play	Scream Tracker 3.01 (GUS)	16	146697	1e982d9c	0241bc81	Soundstudio V1/MODULES/S3M/H/hell.s3m
92708fb5977e51b8840e550281951f50	1	193688	player	uade	Protracker	0	102798	b0b5df63	d3c6b014	Soundstudio V1/MODULES/MUG-MEMBERS/Fabio Barzagli/HNK-Fight
92a7cfb824f9016d54256af4f6ec2b54	1	177472	player	uade	OctaMED MMD1	0	83642	81725a91	f0878320	Soundstudio V1/MODULES/MUG-MEMBERS/Trank Mast/Stay_Up_`til_Bedtime
930e5b2dd362579ddfbad67840731be1	1	183326	player+silence	uade	OctaMED MMD1	0	133528	acb9d69c	8b7dd551	Soundstudio V1/MODULES/MUG-MEMBERS/Dean Murray/BonesSwing
9328aed663ea603dfd2b186c4eb60151	1	209261	player	uade	OctaMED MMD2	0	288382	53cc6407	84b6d9c5	Soundstudio V1/MODULES/MUG-MEMBERS/Les Hodson/AmazingGroce
9328e613f193083763e904c428a86780	1	276396	player	uade	OctaMED MMD1	0	210696	7630ddbe	198de20f	Soundstudio V1/MODULES/MED-4ch/L/Liquid-Evil
935ca65fceab213424ef2aa0da790e4d	1	238237	player	uade	OctaMED MMD0	0	104438	1fb26a9f	8bd64718	Soundstudio V1/MODULES/MED-4ch/E/EverybodyWannaDoIt
936c36f57c7c1e98a1f03487b6fe419b	1	358626	player+silence	uade	OctaMED MMD1	0	466554	dd30f78d	13275806	Soundstudio V1/MODULES/MUG-MEMBERS/Rob Moseley/DELIVERANCE
9382736051f659746d80602f77a31ae2	1	266932	player	uade	OctaMED MMD1	0	379260	37ce5d82	20c54698	Soundstudio V1/MODULES/MUG-MEMBERS/Trank Mast/BiochemicRemedy
93a220d0017eeb45ea127ab5725416d0	1	290922	player+volume	uade	Protracker	0	388178	c47e8c28	25b0ea5e	Soundstudio V1/MODULES/VARIOUS/I/its_statement_<cia>
93afd847a7f447f5135ab2313776b477	1	341461	player	uade	Protracker	0	276732	52606285	29e37095	Soundstudio V1/MODULES/VARIOUS/R/red_dog_deep_mix
9420a3c4b116f3627ded85f6d3fabfa9	1	140643	player+volume	uade	Soundtracker II (15 instr.)	0	64618	43ba7c16	c69aa43a	Soundstudio V1/MODULES/VARIOUS/D/demonsrevenge
94236eba0346c2dd903a4780871d5bb3	1	280819	player+silence	uade	OctaMED MMD1	0	663040	32b1e027	0ab2a92c	Soundstudio V1/MODULES/MUG-MEMBERS/Sam Gilbert/FieldsOfPower
94253cc87506054230ecc17eeeb030b6	1	312418	player+silence	st3play	Scream Tracker 3.01 (GUS)	16	355724	0aec5f3c	51edd3c2	Soundstudio V1/MODULES/S3M/S/sbrigade.s3m
944f734772c54115a2dd45f4dcf6ac75	1	127116	player	uade	OctaMED MMD1	0	73910	0f65eb69	804a53f2	Soundstudio V1/MODULES/MUG-MEMBERS/Trank Mast/Filthy Sparrow Injection
94ae0f3bebf12a414b70f0ef01a6d86b	1	229850	player+silence	uade	Protracker	0	259000	74f66485	90758d31	Soundstudio V1/MODULES/VARIOUS/F/falconeer
94b710ce9e879014bbc8a6c2a54ce76e	1	190410	player+silence	uade	OctaMED MMD2	0	999452	7fcc841b	62ea6b1f	Soundstudio V1/MODULES/MUG-MEMBERS/Robert John/MortalModuleII.8
94b88a5ad8b5cf37ec8f76ee22c74911	1	107845	player	uade	OctaMED MMD1	0	75308	6631f6a8	f2d4caa3	Soundstudio V1/MODULES/MUG-MEMBERS/William Quinn/TEKNOLOGY_SHORT
94f3bd32289ab1144c28e8698ea56d93	1	126995	player	uade	Protracker compatible	0	233858	aadcdba1	d94c945d	Soundstudio V1/MODULES/VARIOUS/G/gilligan
951de0a5038c1e79c674dcb62f442859	1	105494	player+silence	uade	OctaMED MMD1	0	100978	e48705f0	6694ee02	TI-MAGAZINES/Modules/Inca-dance
95238b655783c2e4828d8ea63d2359ad	1	83131	player+silence	uade	OctaMED MMD1	0	49746	74ede0a3	71087351	Soundstudio V1/MODULES/MUG-MEMBERS/Fabio Barzagli/Marcetta
953af52722def1d5087e8f2c38c0de97	1	426701	player	uade	OctaMED MMD1	0	570354	2a48a30f	3b0162c5	Soundstudio V1/MODULES/MED-4ch/G/Go_Movin
953af52722def1d5087e8f2c38c0de97	1	426701	player	uade	OctaMED MMD1	0	570354	2a48a30f	3b0162c5	Soundstudio V1/MODULES/MED-4ch/G/Go_Movin-0
953de254c2990d09ffd3dcff8968a2e5	1	390009	player	uade	OctaMED MMD2	0	386740	8eb4aeb7	9efdeb3c	Soundstudio V1/MODULES/MUG-MEMBERS/Les Hodson/Electroteric
95564379c23e5d61b73ccce6ba3c928e	1	165797	player	uade	OctaMED MMD1	0	224926	92444d2b	b079ac12	Soundstudio V1/MODULES/MED-4ch/L/Lagoon
956ec818d983ad525544b75d49b64746	1	187379	player	uade	OctaMED MMD1	0	77000	428f86a5	ad42a569	Soundstudio V1/MODULES/MUG-MEMBERS/Trank Mast/Something_Wonderfull
95704d9a28293e38a41341eaa1fdb61a	1	232502	player+silence	uade	OctaMED MMD1	0	506712	64447067	30ed1160	Soundstudio V1/MODULES/MUG-MEMBERS/Sean O' Farrel/Ultra-Sand
95b6c914384dded28e7db2781121a3d5	1	249285	player+silence	uade	Protracker	0	218778	186e4e09	b0b257a5	Soundstudio V1/MODULES/VARIOUS/D/Darkangl
95c1c1146f65f9dcad20addebcb35713	1	219831	player	uade	OctaMED MMD1	0	108732	17281bf9	dddf0b14	Soundstudio V1/MODULES/MUG-MEMBERS/Ben Thomas/Gradius-Tribute
95c2baed765f02240b8564d1b6114364	1	97638	player	uade	Protracker compatible	0	213472	a1c94489	94012f0a	Soundstudio V1/MODULES/VARIOUS/C/Cuidado
95f855ba7524edcda304f26f5eee7299	1	154102	player	uade	OctaMED MMD1	0	154820	8103a644	70adad3e	Soundstudio V1/MODULES/MUG-MEMBERS/Paul Arp/CLOSE
961318bf75e58cd1a4e38ef7430ca2e4	1	336120	player+silence	uade	OctaMED MMD1	0	291252	dae7c732	c654512f	Soundstudio V1/MODULES/MUG-MEMBERS/Rob Moseley/MISSION-BirdOfPassage
964262b0adc9afc3df0ca404ab5ec6a8	1	321635	player+silence	uade	OctaMED MMD2	0	110824	7123d25a	5f5e95e5	Soundstudio V1/MODULES/MUG-MEMBERS/Andy O'Brien/The Underworld
9656fa5461cbfbb2212668f7134f4487	1	651797	player+volume	uade	OctaMED MMD1	0	246996	281e5fce	1859bf3a	Soundstudio V1/MODULES/MUG-MEMBERS/Michael Hunt/TheGreatDebate!
965a39e4b4183e6049786c3165c6b5d7	1	77021	player	uade	OctaMED MMD1	0	124958	8cdd2023	86a691f5	Soundstudio V1/MODULES/VARIOUS/T/twelve-pints
9662d9114b81d5870a91f018d979ea79	1	276119	player+silence	uade	OctaMED MMD1	0	235598	d94964d0	19b12650	Soundstudio V1/MODULES/VARIOUS/P/Psi_clone
9662d9114b81d5870a91f018d979ea79	2	0	nosound
96dc3d64a7bd4b1d957aae9b01b85692	1	181089	player	uade	Protracker	0	177992	3b91a5e0	b4c5930f	Soundstudio V1/MODULES/VARIOUS/M/mental motion
96e4d1a0afe44e4cf5a42061b7deb3e3	1	163567	player	uade	OctaMED MMD1	0	135846	c41f5719	1e658df9	Soundstudio V1/MODULES/MED-4ch/M/Moondance
96f467b526a3dc62c7721db486a07258	1	109915	player	uade	OctaMED MMD1	0	84924	f3b93b6e	45bb0b01	Soundstudio V1/MODULES/MUG-MEMBERS/Ben Thomas/Secret-Of-My-Success
970e59cb185497fe7d548ed47464fc23	1	902453	player	uade	OctaMED MMD1	0	555342	92153bc8	0f9bb4b5	Soundstudio V1/MODULES/MUG-MEMBERS/Martin Buckley/kick'emWhooosh!
971ea701da4b293513b01ba285c9870f	1	123258	player	uade	OctaMED MMD1	0	100540	16957cda	57161c92	Soundstudio V1/MODULES/MED-4ch/D/Dirty-Dealer
97785d673639448e04ba065fe8785e11	1	92172	player	uade	OctaMED MMD1	0	8420	ea858a58	ae82acc3	Soundstudio V1/MODULES/MUG-MEMBERS/Michael Richmond/ChipChoon2
97b4ec5cec51afb5be0a785221200c83	1	463494	player	uade	Protracker	0	753170	ff66d378	76e851b0	Soundstudio V1/MODULES/VARIOUS/O/orbitaldreams
97d65556b57746f26074b0b0041580ed	1	156453	player	uade	OctaMED MMD2	0	240444	7cae1912	1e2586ea	Soundstudio V1/MODULES/MUG-MEMBERS/C-Rad/B-BoyRave
97fe221205d524ab026c6492c1e2bd78	1	264466	player+silence	st3play	Scream Tracker 3.01 (GUS)	8	334430	95dd90ca	69a07bb4	Soundstudio V1/MODULES/S3M/T/temporal.s3m
985ef73fe2ba970a5fb14641a28b04da	1	658207	player	uade	OctaMED MMD2	0	196630	b4d118d8	df39695e	Soundstudio V1/MODULES/MUG-MEMBERS/Michael Richmond/Sadness
9866641d3d70b3e3e045aa5fea3d849b	1	256865	player	uade	OctaMED MMD0	0	110506	4d8a3a27	139dc16a	Soundstudio V1/MODULES/MUG-MEMBERS/Alex Jones/GhostsofChornobyl
986ec92ca660d75f95f35235b490c633	1	166043	player+silence	uade	OctaMED MMD0	0	139802	484574ef	70beaf30	Soundstudio V1/MODULES/MED-4ch/B/Born_To_Be_Alive
98ca116846b1001bd1a249b3eba1f70f	1	3094	player	uade	OctaMED MMD1	0	65888	13e235d1	285601f5	Soundstudio V1/MODULES/MUG-MEMBERS/Kevin Jones/Song02
98d09dcd795f2f242946cb57b8b59521	1	379661	player	uade	Noisetracker 1.x	0	163319	cc5df0c6	b19761f8	Soundstudio V1/MODULES/VARIOUS/W/wecouldbetogether
98fcde367870cbf48511ba12b5fbcb56	1	257467	player	uade	OctaMED MMD1	0	123978	369d27dc	eedcb00e	Soundstudio V1/MODULES/MUG-MEMBERS/Neil Christie/Widget
98fcde367870cbf48511ba12b5fbcb56	1	257467	player	uade	OctaMED MMD1	0	123978	369d27dc	eedcb00e	Soundstudio V1/MODULES/MUG-MEMBERS/Neil Murray/Widget
9900cec1a1d073d5d4aef7d1178b5e05	1	149059	player	uade	OctaMED MMD1	0	321740	dac96492	ba7b0faa	Soundstudio V1/MODULES/MED-4ch/B/Breakdown
990d4783f951773fc47f62a913ce0d2a	1	147712	player	st3play	Scream Tracker 3.01 (SB)	16	170108	635a791e	bcfe1084	Soundstudio V1/MODULES/S3M/L/liquid.s3m
990eb7f2fcc39924227b9ee390e751f9	1	161799	player	uade	OctaMED MMD1	0	96568	70af3d72	c217dd63	Soundstudio V1/MODULES/MUG-MEMBERS/N Barnes/PhasersAtTheReady
990eb7f2fcc39924227b9ee390e751f9	1	161799	player	uade	OctaMED MMD1	0	96568	70af3d72	c217dd63	Soundstudio V1/MODULES/MUG-MEMBERS/Nick Barnes/PHASERS AT THE READY
99115272b2c2c9f6b783b3e42e6a788e	1	121088	player	uade	OctaMED MMD1	0	15032	6437a169	f7347db8	Soundstudio V1/MODULES/MUG-MEMBERS/Johs Ringheim/We_Want_A_DSP_Chip!
99197db4bae341b75f275926469359c9	1	354563	player	uade	OctaMED MMD1	0	143638	879b5ce2	5f9c1869	TI-MAGAZINES/Modules/Zynex3
99232b901595d537427c0b69def65d53	1	210312	player+silence	uade	OctaMED MMD1	0	165362	62b1ecaa	996edebb	Soundstudio V1/MODULES/MUG-MEMBERS/Ben Thomas/CalioSantos
9947e1dea6e1d530315fb8ee903b019d	1	274102	player+silence	uade	OctaMED MMD1	0	676238	86978ee5	a6383c4a	Soundstudio V1/MODULES/MUG-MEMBERS/Cottage Publishing/Who Is It
9967170198fd7840ca0059bbeb87e467	1	121561	player+silence	uade	Protracker	0	118654	e73e2a61	8901b86f	Soundstudio V1/MODULES/VARIOUS/P/proud_hero
99886c5394a11f9290998a572c520b08	1	214385	player	uade	OctaMED MMD1	0	236564	2403c5c2	a7e509ab	Soundstudio V1/MODULES/MUG-MEMBERS/Michael Lovering/DoYou?
99cbb3564a73333fb88970d4b4e9da69	1	213360	player	uade	OctaMED MMD1	0	374602	7c6e9c8f	e741c107	Soundstudio V1/MODULES/MED-4ch/C/Children
99ce2bc14e75608e85b2c4bd5e42a8d5	1	123740	player	uade	OctaMED MMD1	0	41140	1a7018b2	4acfac87	Soundstudio V1/MODULES/MUG-MEMBERS/David Evans/Testarozzi
9a1a52807ff1dba9e07f8a21b89c2543	1	101877	player	uade	Protracker	0	131462	87ae016b	c5a34054	Soundstudio V1/MODULES/MED-4ch/M/mod.gunmen
9a48dfb506be3a44b2a18b95a68bfd19	1	202207	player+silence	uade	Protracker	0	64380	1c592572	edbcd32b	Soundstudio V1/MODULES/MUG-MEMBERS/Michael Ward/Gentle-Sleeping-Giant
9a4bd9c0fb7a232e7b632151407aef04	1	129206	player	uade	OctaMED MMD1	0	33402	25711a2d	a29b8d27	Soundstudio V1/MODULES/MED-4ch/E/Earth_Pig
9a8ead130f44e78006033d65e3ee9521	1	61006	player	uade	OctaMED MMD1	0	29774	2ea93b17	914eabde	Soundstudio V1/MODULES/MUG-MEMBERS/Michael Richmond/Compo
9aa08e864b08a5367388c7f18c7f8c26	1	164225	player+silence	uade	Protracker	0	234198	88dbecb3	1cd47111	Soundstudio V1/MODULES/VARIOUS/C/cm3-theseed-voicemix
9aab544e383f3deffd5ebe3e42effc4f	1	133405	player	uade	OctaMED MMD1	0	102004	efaef046	6b27b15a	Soundstudio V1/MODULES/MUG-MEMBERS/William Quinn/UTAHSTRANGE
9ab28b25a09206d00a05b60f879d40f1	1	280103	player+silence	uade	Protracker	0	199118	9184afcc	dae06276	Soundstudio V1/MODULES/VARIOUS/C/cyber_ride
9aecb32ef9c2a4a9531a4bb50fd256af	1	224051	player	uade	Protracker	0	413544	dd43d9d1	c39d97ad	Soundstudio V1/MODULES/VARIOUS/W/wearefuture2-live
9aef30bb637ad87d893bfaa7d15e4088	1	147733	player	uade	OctaMED MMD1	0	174764	36442207	c6397e70	Soundstudio V1/MODULES/MUG-MEMBERS/Reg Simpson/KnowingMe
9aef30bb637ad87d893bfaa7d15e4088	1	147733	player	uade	OctaMED MMD1	0	174764	36442207	c6397e70	Soundstudio V1/MODULES/VARIOUS/K/KnowingMe
9afb4770b56bb3fdbc9f4da21bee8dc5	1	135596	player	uade	OctaMED MMD1	0	142770	7d2a1539	c53e0c31	Soundstudio V1/MODULES/MED-4ch/A/AReasonToLove
9b18d7737156f534da770d485098fc32	1	362716	player+silence	uade	Protracker	0	139572	a8e0656c	34f4839c	Soundstudio V1/MODULES/VARIOUS/C/cosmic trip ii
9b27f3dcd81e2eb167bbf920241c0da6	1	117471	player	uade	OctaMED MMD1	0	52566	3f5425c9	6d11e1a7	Soundstudio V1/MODULES/MUG-MEMBERS/Trank Mast/Trelb_Fanta
9b7dbcbc2e72b8ae58f217675c780ff9	1	259877	player+silence	uade	OctaMED MMD1	0	215618	3f0bd0ab	c9e27e73	Soundstudio V1/MODULES/MUG-MEMBERS/Ben Thomas/VanillaDeLaFunk
9b8377b6397ca9ac5bcf5df506b23c42	1	92413	player	uade	OctaMED MMD2	0	103140	789f0281	d6c7aa5e	Soundstudio V1/MODULES/MUG-MEMBERS/Les Hodson/BUZZZZ!!
9bb8742c85ef2b300e9531dea12b2fe0	1	115099	player	uade	OctaMED MMD1	0	69128	6c853750	4fcc1bb1	Soundstudio V1/MODULES/MED-4ch/P/Paralive
9bba2e3665e96339aaee6afffcb75b23	1	388241	player	uade	OctaMED MMD1	0	410208	b26eb09d	99912388	Soundstudio V1/MODULES/MED-4ch/M/Magnesiu
9c14901be9e13bcec3f7e9894d21de6a	1	199355	player	st3play	Scream Tracker 3.01 (SB)	16	133026	8ee75386	fa86eda6	Soundstudio V1/MODULES/S3M/P/premonit.s3m
9c37d11ff0b660876081ba7c7e3ab871	1	225879	player	uade	OctaMED MMD1	0	90132	77e58259	6d484d9a	Soundstudio V1/MODULES/MUG-MEMBERS/Neil Christie/TheBeast
9c37d11ff0b660876081ba7c7e3ab871	1	225879	player	uade	OctaMED MMD1	0	90132	77e58259	6d484d9a	Soundstudio V1/MODULES/MUG-MEMBERS/Neil Murray/The Beast
9c4d7e94a462f95ec0dc5cba32f7c1e1	1	138007	player	st3play	Scream Tracker 3.00 (GUS)	16	221406	4182bc68	6f1e7465	Soundstudio V1/MODULES/S3M/E/EXPLORAT.S3M
9c76f8b4641fa8fc4ea3d32a83cdaafc	1	269745	player	uade	OctaMED MMD1	0	102212	997cb0da	7a6d8030	Soundstudio V1/MODULES/MUG-MEMBERS/William Quinn/L.M.Religion_Drums
9c76f8b4641fa8fc4ea3d32a83cdaafc	1	269745	player	uade	OctaMED MMD1	0	102212	997cb0da	7a6d8030	Soundstudio V1/MODULES/MUG-MEMBERS/William Quinn/Religion(Plugged)
9c8244170e0906fc9b9bb8b5cc708962	1	123258	player	uade	OctaMED MMD1	0	93182	ef6c896e	396e19d8	Soundstudio V1/MODULES/MUG-MEMBERS/William Quinn/STAKKER_TRAK_2
9c8ededfa823334c993218bcb6935d0a	1	446052	player	uade	Protracker	0	450458	e93bd0e9	926b47a4	Soundstudio V1/MODULES/VARIOUS/T/traveler
9c94ff6686e37942923cd9313ab15314	1	314227	player+silence	uade	OctaMED MMD1	0	278020	851075d8	b1daddb2	Soundstudio V1/MODULES/MUG-MEMBERS/Rob Moseley/SPARE A THOUGHT
9ca11be0e5c0c522d10f0e3bd60d2629	1	146567	player	uade	OctaMED MMD2	0	186330	4cc68e99	c8916449	Soundstudio V1/MODULES/MUG-MEMBERS/Andy Baxter/The Mirror
9d50612d18c22d2d1f59ace447bf0133	1	310054	player+silence	uade	OctaMED MMD1	0	160058	c6a4dc69	59429d55	Soundstudio V1/MODULES/MUG-MEMBERS/Fabio Barzagli/PianoSound5
9d60c59fefbdbcf631a3a767ef6486ef	1	179482	player	uade	Protracker	0	104706	38bd8e32	5b20520b	Soundstudio V1/MODULES/VARIOUS/B/bad_words
9e15597922e74fc6552cc5ed204d11d0	1	51340	player	uade	OctaMED MMD1	0	14432	7181afa1	6eea354f	Soundstudio V1/MODULES/MUG-MEMBERS/Ben Thomas/MinuettoForOne
9e3a610c6c22794b6be432585e974adc	1	176849	player	uade	OctaMED MMD1	0	386080	86a9f944	44d94baf	Soundstudio V1/MODULES/MUG-MEMBERS/Dave Sullivan/Night-Moods(8-Chan)
9e43174ca0e6662b862b29472b2bee45	1	230451	player+volume	uade	Protracker	0	327752	bb40c610	e47f62a2	Soundstudio V1/MODULES/VARIOUS/S/secret kind of love
9e4efd9df2ccf301c68fc59b68677f41	1	425134	player	uade	OctaMED MMD1	0	371772	de76c336	4fc7d993	Soundstudio V1/MODULES/MUG-MEMBERS/THT/TechnoBoogie
9e50d0191164aa51e2095383550b4e50	1	107323	player	st3play	Scream Tracker 3.00 (SB)	5	97332	8903009d	dca80670	Soundstudio V1/MODULES/S3M/T/THEPARTY.S3M
9e63479ac8f4c67f9c3ce42396efa350	1	174197	player	uade	Noisetracker 1.x	0	81480	12449a89	dff3cf6c	Soundstudio V1/MODULES/MED-4ch/M/mod.artemis
9e6d36119725314a13a9f675917ef5dd	1	229476	player	uade	Protracker	0	149668	efeaff65	4f0b871e	Soundstudio V1/MODULES/VARIOUS/D/data overflow
9e83f6670f748a4a0f00ba4b083299ad	1	288232	player	uade	OctaMED MMD1	0	226624	29e764c3	1b9f45fb	Soundstudio V1/MODULES/MUG-MEMBERS/Rob Moseley/ShakeTheDisease
9ea6ad97da7c4dc37e6e8fecf304cdb8	1	150787	player+silence	uade	Protracker compatible	0	122104	b7468a6b	54681f80	Soundstudio V1/MODULES/VARIOUS/N/namewasbad
9eab56409b7140d035ec96ad5e82d72a	1	401302	player	uade	OctaMED MMD1	0	158284	823c4ad3	ccb0aa13	Soundstudio V1/MODULES/MUG-MEMBERS/Michael Hunt/DownTheLine
9ecb4bb388510318065dd78054d898c5	1	172030	player+silence	uade	Protracker	0	455038	99b8231f	0229e642	Soundstudio V1/MODULES/VARIOUS/I/inside
9ee73b777bbaf47dc1939483caad5e35	1	266320	player+silence	uade	OctaMED MMD1	0	346574	2f2eb31c	be3c4e73	Soundstudio V1/MODULES/MUG-MEMBERS/Rob Moseley/Happy
9ee89b6919c7514e32586bed8f21860d	1	220856	player	uade	OctaMED MMD1	0	194484	b4218f9f	09d5465a	Soundstudio V1/MODULES/MUG-MEMBERS/Innis Barford/Disco1
9f136d042b5c88d6a5c9ee66b42f26c2	1	81723	player	uade	Soundtracker II (15 instr.)	0	55450	bc510fae	6f3738df	Soundstudio V1/MODULES/VARIOUS/A/airborne rabbit
9f1b5122363f3436ff1d3d971d41a442	1	197787	player	uade	OctaMED MMD1	0	126880	99d03cf4	ff77537c	Soundstudio V1/MODULES/MUG-MEMBERS/James Crockett/TheNextLevel
9f49e0454ca8c0e1731b08653c5def10	1	303503	player	uade	Protracker	0	380288	6c44fbad	e5ab5ab8	Soundstudio V1/MODULES/VARIOUS/K/kamp-jungle-kaya
9f805f03e7acd619dcf8118dec092d40	1	84737	player	uade	OctaMED MMD1	0	116132	8de2ac73	2a474c71	Soundstudio V1/MODULES/MUG-MEMBERS/William Quinn/Remote_Control
9f84307b7628e9a0d1e1d9d40cdba97d	1	262551	player+volume	uade	OctaMED MMD1	0	102398	107c515c	01186e83	Soundstudio V1/MODULES/MED-4ch/I/In_The_Wintertime
9facbc331cd80ad94273837ae9c49e14	1	61588	player	uade	OctaMED MMD1	0	29454	3590c41f	cef6f89e	Soundstudio V1/MODULES/MUG-MEMBERS/Ben Thomas/Slip-Stream
9fc778c121babdf21ed6e1fcd82b19ac	1	477962	player	uade	OctaMED MMD2	0	667294	2bb00346	37f51b4a	Soundstudio V1/MODULES/MED-4ch/U/Ultimate_Feeling
a00bc454d064d7463c017f632a54a722	1	137525	player+silence	uade	Protracker	0	63548	2f3914fa	81545542	Soundstudio V1/MODULES/MUG-MEMBERS/XTD/BALLADA
a014c09af321d08c67b2aa9a5f69fdb4	1	211940	player+silence	uade	Protracker	0	138338	faf59b22	eff5605e	Soundstudio V1/MODULES/VARIOUS/I/its_movement_<cia>
a022c3a070477fa117f5ba55e2cff24d	1	158989	player+silence	st3play	Scream Tracker 3.00 (GUS)	10	153648	196cf771	4f26bed1	Soundstudio V1/MODULES/S3M/A/Amazonas
a02f4a0b62de3691461464229be0189b	1	143493	player	uade	Soundtracker II (15 instr.)	0	59844	87040e43	94d5df3f	Soundstudio V1/MODULES/VARIOUS/W/wotrock
a03a38f37db4041e56744a6bb5e78838	1	198655	player+silence	uade	OctaMED MMD1	0	90122	ece84bfc	b15fcfb0	Soundstudio V1/MODULES/MED-4ch/P/POOT
a04b053dd77bcabbc5bea3c666668636	1	176769	player	uade	Soundtracker II (31 instr.)	0	154140	a90e93ee	55be53ed	Soundstudio V1/MODULES/VARIOUS/J/jarre
a0bdbf588853fb1c16cba7fadb798b9f	1	285157	player	uade	Protracker	0	139086	a9a75f68	dcda61f3	Soundstudio V1/MODULES/VARIOUS/S/street_jungle
a0db4c54e8120e1339ebba8a4e244b56	1	231241	player+silence	uade	Protracker	0	206438	eef77486	66e11fec	Soundstudio V1/MODULES/VARIOUS/E/eternity
a113e409d207f75ab7d0f00ecc37876e	1	98160	player	uade	OctaMED MMD1	0	43172	bf682f77	cf652b04	Soundstudio V1/MODULES/MUG-MEMBERS/Steven Gane/The`B`Group
a117cc3329b6edfa2d105c88e21846ae	1	185815	player+silence	uade	OctaMED MMD1	0	382768	978452d8	fe5f358f	Soundstudio V1/MODULES/MUG-MEMBERS/Rob Moseley/LOVESONG
a12cc38a5b737b7185c53773d1dde461	1	238920	player	uade	OctaMED MMD1	0	95230	1a730e06	5a7ac490	Soundstudio V1/MODULES/MUG-MEMBERS/Richard Bannister/D.I.D._Remix
a14f86e78c369b764f9639cb4af57e11	1	236089	player+silence	uade	OctaMED MMD3	0	600054	86cd9c02	b8966d82	Soundstudio V1/MODULES/S3M/T/tales01.s3m
a16b6ecbbb6b2763b4baab86dd23e5fc	1	586350	player	uade	OctaMED MMD1	0	243772	ae9da16c	b59adaaf	Soundstudio V1/MODULES/MUG-MEMBERS/THT/Supafly
a1aa937dc654296111cedfdb7ed72e57	1	454610	player+silence	uade	OctaMED MMD1	0	187348	9cadb4b0	de942f24	Soundstudio V1/MODULES/MUG-MEMBERS/Michael Hunt/TheAgeOfReason
a2214ca6eefc463be86282b79222ad18	1	6470	player	uade	OctaMED MMD1	0	110080	b0750602	64ca3c78	Soundstudio V1/MODULES/MUG-MEMBERS/Darren D Muir/Caribbean_Games
a22ed9e2338e361bd9101514c6a94f18	1	203132	player+silence	uade	OctaMED MMD1	0	89290	047dee9f	d0e39cfd	Soundstudio V1/MODULES/MUG-MEMBERS/Michael Richmond/RED5'93
a278dc7e03ad478fd1ccc5ce6ec8e802	1	343230	player	uade	OctaMED MMD1	0	137784	98af014d	35c45d38	Soundstudio V1/MODULES/MED-4ch/P/Phasing
a2a9ad763933b11f49e0eebcef6bddcc	1	331555	player	uade	OctaMED MMD1	0	271730	0d0fa954	df7502de	Soundstudio V1/MODULES/MED-4ch/T/The_Loon
a2acda4b67811a1c5e539f8e2c291aef	1	84375	player	st3play	Scream Tracker 3.01 (GUS)	6	175836	aa4f52a8	7fab0787	Soundstudio V1/MODULES/S3M/F/fear.s3m
a2f0b84ec4b27527fad3df5f16b4cf8d	1	234620	player	uade	OctaMED MMD1	0	198512	2d8f03b5	a53362e5	Soundstudio V1/MODULES/MED-4ch/D/Deeper
a327bfbd732cc809c4dfbbc4336892c0	1	114175	player	st3play	Scream Tracker 3.01 (SB)	9	74448	d8bcfadc	5a505708	Soundstudio V1/MODULES/S3M/G/GROOVE.S3M
a3400affe4e65223dd528861b886e12e	1	129355	player+silence	uade	OctaMED MMD1	0	97626	1021b020	d28afb29	Soundstudio V1/MODULES/MED-4ch/L/Latish
a35b807cbf98886223da5362f036e38d	1	156534	player	uade	OctaMED MMD2	0	350758	988ab864	05abf14b	Soundstudio V1/MODULES/MUG-MEMBERS/Reg Simpson/Cavatina
a38cd10247b62cfa31461bd349b0adca	1	267082	player+silence	uade	OctaMED MMD3	0	747278	fd546794	1408f3ab	Soundstudio V1/MODULES/S3M/T/tales04.s3m
a396bdad2b614d1644bb07ecfda109f5	1	115622	player	uade	OctaMED MMD1	0	175412	90def1a2	03ff52ea	Soundstudio V1/MODULES/MUG-MEMBERS/Ben Thomas/Anniversary
a3bced355b3ba93e638fb7a1af01bf3c	1	291796	player+silence	uade	OctaMED MMD1	0	234364	c274684b	627cd471	Soundstudio V1/MODULES/MUG-MEMBERS/Andy Baxter/OpenMyEyes
a418a10eb5632b585bd296906c7af48d	1	200621	player	st3play	Scream Tracker 3.01 (GUS)	6	308005	ab7c71e1	0777a5ce	Soundstudio V1/MODULES/S3M/A/angels.s3m
a4236e69db3805c5b2836f5e5139384c	1	294963	player	uade	OctaMED MMD1	0	176144	96cd09fd	989797b2	Soundstudio V1/MODULES/MUG-MEMBERS/Ben Thomas/Eldissyma
a42af41df7ea3517b7dc0186554f3978	1	346092	player	ft2play	Fasttracker (M.K.)	4	196191	bef9ae95	605b19e6	Soundstudio V1/MODULES/VARIOUS/I/ilikechopin
a450f35f4657faf3f320272f889ff7f5	1	99761	player+silence	uade	OctaMED MMD1	0	42738	da7a120a	670f19ce	Soundstudio V1/MODULES/MED-4ch/F/Fairytale
a47e3428164b5623936b1b804491b7ca	1	474609	player+silence	uade	OctaMED MMD2	0	521920	8b70222c	ce4d0ec3	Soundstudio V1/MODULES/MUG-MEMBERS/Matt Mclellan/countertpoint
a4b5213abcb2fc8df5e8ec5789284834	1	211532	player+silence	uade	OctaMED MMD1	0	239202	d16ab5c1	1b596019	Soundstudio V1/MODULES/MUG-MEMBERS/Rob Moseley/MariaRemix
a4cb7f0571ac47a1b62f634849d6542a	1	173011	player	uade	OctaMED MMD0	0	401381	a9db1e09	198789cc	Soundstudio V1/MODULES/MED-4ch/F/Fareast
a5402e64cc1f3ada47d275c816eadbaf	1	122997	player	uade	Protracker compatible	0	136000	bafea637	45c29611	Soundstudio V1/MODULES/VARIOUS/H/housemetdrumsolo
a566272fce20d2361fe32f54d5e92f93	1	184585	player	uade	OctaMED MMD1	0	51638	d060e4e9	7f7411de	Soundstudio V1/MODULES/MUG-MEMBERS/Michael Ward/BongoBillie
a56c683613a801e4cb6bd807da63f686	1	192663	player	uade	OctaMED MMD1	0	59084	addcc4a9	6dcd5f9f	Soundstudio V1/MODULES/MUG-MEMBERS/Neil Christie/MetalUpYourAmiga
a56c683613a801e4cb6bd807da63f686	1	192663	player	uade	OctaMED MMD1	0	59084	addcc4a9	6dcd5f9f	Soundstudio V1/MODULES/MUG-MEMBERS/Neil Murray/Metal Up Your Amiga
a56e3c7ad6824198d95f3d116053b54a	1	135133	player	uade	Protracker	0	437726	05a41f79	b7e6ccd3	Soundstudio V1/MODULES/MUG-MEMBERS/Fabio Barzagli/Jazzin
a573d18a14bf875acab6ddcaf8d31cfc	1	130693	player	uade	Noisetracker 1.x	0	103506	9d2a709b	34e945be	Soundstudio V1/MODULES/VARIOUS/W/wasteland
a5b3616f8eb0fa1bfde43ac4a0f928fa	1	393385	player	uade	OctaMED MMD1	0	205164	476e7881	58a5acec	Soundstudio V1/MODULES/MUG-MEMBERS/Ben Thomas/Eklipse
a5bf56e26c1bdf0c9a846e0dadce9efd	1	162703	player	uade	OctaMED MMD1	0	70794	3c711316	8f0c90ea	Soundstudio V1/MODULES/MUG-MEMBERS/Michael Richmond/Monty_Hiscore
a61a2a5f4cc7ca30fce1d3c8d4599cb9	1	204292	player+silence	st3play	Scream Tracker 3.01 (GUS)	16	111829	d4c6200b	8ce97e1b	Soundstudio V1/MODULES/S3M/F/FivThousandmhz.s3m
a62570b196df40d0ccd9b8aa3add53d7	1	252357	player+silence	st3play	Scream Tracker 3.01 (SB)	16	119668	ed287485	d9d259b0	Soundstudio V1/MODULES/S3M/T/tropical.s3m
a652a78cfc2a1787ec8ad613430f8419	1	100129	player	uade	OctaMED MMD1	0	172556	0b11897f	967edc2a	Soundstudio V1/MODULES/MUG-MEMBERS/Les Hodson/GuitarQuickie
a65915b97b8deaf3ebcae16fd4e79526	1	53872	player	uade	OctaMED MMD1	0	80912	b583ff24	68e5142e	Soundstudio V1/MODULES/MUG-MEMBERS/Tom Cozzolino/Technoslam
a65c4434c9523e1c541657a947a26c74	1	231988	player	uade	OctaMED MMD1	0	836158	aa935e6e	5894a393	Soundstudio V1/MODULES/MUG-MEMBERS/Ben Thomas/Together-Forever
a65c4434c9523e1c541657a947a26c74	1	231988	player	uade	OctaMED MMD1	0	836158	aa935e6e	5894a393	Soundstudio V1/MODULES/VARIOUS/T/Together-Forever
a662f743a76545bd2e334fe2f259852c	1	146447	player	uade	OctaMED MMD1	0	134166	2f850b75	68e718aa	Soundstudio V1/MODULES/MUG-MEMBERS/William Quinn/Mirage
a66ca001d74a887b4dc092aa69fef01c	1	212785	player+volume	uade	OctaMED MMD1	0	82804	da05541f	e71d3ee9	Soundstudio V1/MODULES/MUG-MEMBERS/Ian Chisholm+Marcus Donachie/Liquid
a6ba0bf18c1be5d760ea38e41b53647a	1	94222	player	uade	Protracker compatible	0	86876	921bb667	31cedb05	Soundstudio V1/MODULES/VARIOUS/D/dt-dmsoundmachine
a7061e79739545dbaecd9b76238481f1	1	61588	player	uade	OctaMED MMD1	0	30992	7f66f042	f9c8a3c5	Soundstudio V1/MODULES/MUG-MEMBERS/Trank Mast/Breath_Of_A_Politician
a72895205b8bf265429d7dbde2aba2cf	1	371904	player	uade	OctaMED MMD1	0	157142	4873ed98	9bd25fa6	Soundstudio V1/MODULES/MED-4ch/H/Hat-Band
a72b66735ef97cf2da2605fe357276a9	1	57730	player	uade	Protracker	0	80834	171fa970	d333c3a0	Soundstudio V1/MODULES/MUG-MEMBERS/Fabio Barzagli/Vienavanti..cretino
a777504dcb56e1fb18698a162bae5273	1	14528	player	uade	Protracker	0	6470	c400b568	706bd813	Soundstudio V1/MODULES/VARIOUS/C/capicarouette
a796f840966058e92d2fa985db608798	1	192784	player	uade	OctaMED MMD1	0	51262	3031fba3	81dc1eb8	Soundstudio V1/MODULES/MUG-MEMBERS/Dean Murray/Song For Janet C
a7afd18282c4bec92baa87aa97a20564	1	194412	player	uade	OctaMED MMD1	0	82864	3bf5690e	bcb32d0d	Soundstudio V1/MODULES/MUG-MEMBERS/C-Rad/Lonesome
a7b39e389e45be4da69f10fe50c485a4	1	268921	player	uade	Protracker	0	297164	1dfe54d7	40d30736	Soundstudio V1/MODULES/VARIOUS/C/comingtotheboil
a7becf7363d365bc49c11093f0b2f513	1	343953	player	st3play	Scream Tracker 3.01 (SB)	8	69585	c6a0f972	23bd2ac7	Soundstudio V1/MODULES/S3M/S/soft2.s3m
a7f413eb106469be9c009eea89d178ad	1	317805	player+silence	uade	OctaMED MMD1	0	60678	a77184c2	208a5341	Soundstudio V1/MODULES/MED-4ch/C/Commercialbreak
a7fe5ea602e058f052bfff93d68a29e5	1	379966	player+silence	uade	Protracker	0	811992	46d81959	2d1d46be	Soundstudio V1/MODULES/VARIOUS/P/pulp_fiction
a827f2656f5ddbc260d926f0e9ffbb9a	1	210155	player+silence	uade	OctaMED MMD1	0	150662	5448b2f0	6ea71196	Soundstudio V1/MODULES/MUG-MEMBERS/Paul Spark/Line Of Fire
a829a681bb5eeb40ab671529a265076b	1	55801	player	uade	OctaMED MMD1	0	152314	e45b35b4	4a0afcdb	Soundstudio V1/MODULES/MUG-MEMBERS/Tom Cozzolino/Tom er best !
a867fac4e8a79ec3527cdec0c103b262	1	335947	player+silence	uade	OctaMED MMD1	0	467270	ef263787	dffb4850	Soundstudio V1/MODULES/MUG-MEMBERS/Rob Moseley/MISSION-Deliverance
a8689484b8d2a5115b7048a8dd66b602	1	195042	player+silence	uade	OctaMED MMD1	0	265410	585a2ec3	f349affc	Soundstudio V1/MODULES/MUG-MEMBERS/Rob Moseley/SadManRemix
a88fd87de172ab03b4e302061259738f	1	94041	player	uade	OctaMED MMD0	0	225513	5f8aafdf	695f1a60	Soundstudio V1/MODULES/MED-4ch/B/Breakbeatsong
a89fb2fba600ce795e3c1f555ac9b1ad	1	215772	player	uade	OctaMED MMD1	0	116938	b03c8cb9	bc887871	Soundstudio V1/MODULES/MUG-MEMBERS/David Evans/Metrodade
a8a1b931223d36c9a13d9c2f58c263f4	1	479652	player+silence	st3play	Scream Tracker 3.01 (GUS)	10	234706	9d68bc17	0fa89ee6	Soundstudio V1/MODULES/S3M/E/exiles.s3m
a8bc6bea2fd10b31c67f2de569328adf	1	267655	player	uade	OctaMED MMD1	0	152508	8a0b068c	f2c41711	Soundstudio V1/MODULES/MUG-MEMBERS/Jason Mitchell/TheSavageGarden
a90ff4449f92e92d25c38b08d11a9b52	1	183993	player+silence	uade	Protracker	0	81582	e6df6315	ad2bb2cb	Soundstudio V1/MODULES/VARIOUS/T/tribal
a923366efa8f61edebdf5b471dd1c992	1	69224	player	uade	Protracker	0	79758	3e5ce544	42b5cdc1	Soundstudio V1/MODULES/VARIOUS/S/sheiscoming
a93b7109447979fd2051d735f9b0db42	1	225185	player+silence	uade	OctaMED MMD1	0	382170	b4e2c2ef	1500aa55	Soundstudio V1/MODULES/MUG-MEMBERS/Fabio Barzagli/GameOver
a9405964cc276b316bba6976f7539f38	1	374275	player	uade	OctaMED MMD0	0	48406	ddaa2cba	8bba9a69	Soundstudio V1/MODULES/MED-4ch/S/Synth-a-sysmic
a962d836d552253f917a83bca4e74708	1	344600	player+silence	uade	OctaMED MMD1	0	58420	b4d43830	86d8fe6a	Soundstudio V1/MODULES/MIDI/Asif Ali/MMD1/Cyberspace.MMD1
a993ce1979ba17f3578d5b8819a7ef67	1	133325	player	uade	OctaMED MMD1	0	99966	496c8348	7d3f0f34	Soundstudio V1/MODULES/MUG-MEMBERS/Ben Thomas/Video
a993ce1979ba17f3578d5b8819a7ef67	1	133325	player	uade	OctaMED MMD1	0	99966	496c8348	7d3f0f34	Soundstudio V1/MODULES/VARIOUS/V/Video
a9e04ccdef5167d66ad73aac5894b103	1	123258	player	uade	OctaMED MMD2	0	55454	fe2e9991	9c440974	Soundstudio V1/MODULES/MUG-MEMBERS/Phill Morris/Cantina
aa04807a13b890e6f413323d21adccd0	0	190683	player+silence	uade	Oktalyzer	0	100328	cf3aca27	5ec5d708	Soundstudio V1/MODULES/VARIOUS/T/Tnerapsnart
aa22dcf02595a767fd0f70c34cb8de1a	1	150246	player+silence	uade	OctaMED MMD1	0	241464	97ba85dd	4de13d7a	Soundstudio V1/MODULES/MUG-MEMBERS/Matt Mclellan/G_o_T_A
aa281c583b03501cff1fb0950908761d	1	51320	player	uade	Protracker compatible	0	20900	06aa7667	0a9eaf7b	Soundstudio V1/MODULES/VARIOUS/I/introfronty
aa4b74af4e6c1f939ebc2f3b7c17162a	1	162522	player	uade	OctaMED MMD1	0	190204	7cc890e0	a9be3efb	Soundstudio V1/MODULES/MUG-MEMBERS/Trank Mast/KissMySonicStarfish
aa5a2a9e22fd3d5f24ec375d8e85c33f	1	122997	player	uade	Protracker	0	329648	8aaad0e6	dae08c6d	Soundstudio V1/MODULES/VARIOUS/E/extermi
aa843aea0522672b4fd1a6d092368c30	1	146949	player	st3play	Scream Tracker 3.01 (GUS)	8	348168	3c224427	a2c22e36	Soundstudio V1/MODULES/S3M/K/kh-bleed.s3m
aab0519833d00b2483a74ac6ed2688aa	1	204037	player	uade	OctaMED MMD1	0	102378	2b18afe9	9529c0fd	Soundstudio V1/MODULES/MUG-MEMBERS/William Quinn/TENAJ_5
aaff750bcead61a465b6ed6054043f7b	1	207493	player	uade	Soundtracker II (31 instr.)	0	75972	b8b43d43	408d9054	Soundstudio V1/MODULES/VARIOUS/P/power
ab159c74ebc792c7ead8068d11f72e09	1	322633	player	uade	OctaMED MMD2	0	383892	68263d90	2f3f2b6d	Soundstudio V1/MODULES/MUG-MEMBERS/Les Hodson/Kojekoo
ab170a4deacb328f15053c37ed9654be	1	261185	player+silence	uade	OctaMED MMD1	0	93582	5f12408e	caca7671	Soundstudio V1/MODULES/MED-4ch/E/Elusive
ab1a01cf0649b817b19191bd72da463c	1	606867	player	uade	Protracker	0	301254	e455c497	fd5be39b	Soundstudio V1/MODULES/VARIOUS/H/holocaust
ab5d8b107a2adcf4c2cf11b2c3bb933e	1	429615	player	uade	OctaMED MMD2	0	152790	f991144c	13b57a51	Soundstudio V1/MODULES/MUG-MEMBERS/Peter Grant/GottaMoveIt
ab69e73c9f77a147a2bb277137bd5571	1	346364	player	uade	OctaMED MMD2	0	214456	93a81a3c	794bdfe4	Soundstudio V1/MODULES/MUG-MEMBERS/Peter Grant/WOODEN EYE
ab789b69ebd1fc77f2cd4119b2b609a5	1	231707	player	uade	OctaMED MMD1	0	369386	1d3a0f61	fa933963	Soundstudio V1/MODULES/MUG-MEMBERS/Rob Moseley/EverythingCounts
ab887d1d81b996428470e8e35d8e7309	1	307588	player+volume	uade	OctaMED MMD1	0	95974	10630c0c	af03fb59	Soundstudio V1/MODULES/MUG-MEMBERS/Trank Mast/Hybrid
ab8afdb5f3df3ff086e05c68293f6bb2	1	104952	player	uade	OctaMED MMD1	0	51010	641670fd	7a9693c7	Soundstudio V1/MODULES/MUG-MEMBERS/Ben Thomas/Goeman-Warrior
abe4b50b4388cdcd9bdf3b85dfd0b218	1	307543	player+silence	uade	Protracker	0	241332	5b26e889	60d1156b	Soundstudio V1/MODULES/VARIOUS/I/insane
ac08fc797dde6f7cb67ee83664c41db6	1	162054	player+silence	st3play	Scream Tracker 3.01 (GUS)	8	135198	d21b6e2b	3b7f509c	Soundstudio V1/MODULES/S3M/S/sunset.s3m
ac30a21bd83f46cafe7f462c7fe95b52	1	119179	player	uade	Protracker compatible	0	70504	ec8bda92	f3b4b2bb	Soundstudio V1/MODULES/VARIOUS/K/kefrens.tune.2
ac34af5f6232145f15ac07bddd154402	1	200159	player	uade	OctaMED MMD1	0	229816	c6be3408	50d957be	Soundstudio V1/MODULES/MUG-MEMBERS/Tom Cozzolino/Creeping_Death
ac5db86e2d0d48fd6d1c41df1ab4b546	1	288392	player	uade	Protracker compatible	0	210714	00fa9d08	da3b7491	Soundstudio V1/MODULES/VARIOUS/D/daisychain
ac828389d646dabd65b6ef9908372473	1	76840	player	uade	OctaMED MMD1	0	84278	6894ab23	6507834a	Soundstudio V1/MODULES/MUG-MEMBERS/Gareth Evans/History
acb70a7c8cd1da5c6f4be28c3773d8b0	1	184947	player	uade	OctaMED MMD1	0	154796	48b6b327	5d2d47d7	Soundstudio V1/MODULES/MUG-MEMBERS/Paul Arp/TRAFIC
aceee30c6f407f3991512b74320a09a4	1	214265	player	uade	OctaMED MMD1	0	115908	cfea6bb1	df9dcdf6	Soundstudio V1/MODULES/MUG-MEMBERS/William Quinn/XMAS-OVERLOADED_IV
acfdf9631bac229791ecf92e9add5e0a	1	138128	player	uade	OctaMED MMD1	0	109736	524c5219	c14ebb1c	Soundstudio V1/MODULES/VARIOUS/C/Claves
ad23ac5768343dd172385d38917111b1	1	0	nosound	uade	OctaMED MMD2	0	290898	d52d2cb6	794eee96	Soundstudio V1/MODULES/MIDI/MIDICraft/MMD1/CreamOfTheEarth.MED
ad2eb1fba628348fb7c7548737b95fdb	1	162713	player+silence	uade	OctaMED MMD1	0	64700	e6fa6386	0429cca7	Soundstudio V1/MODULES/MUG-MEMBERS/Bruce Cowie/They-Gott`a
ad45eeeae0301026c1fac9170539770b	1	139283	player+silence	uade	OctaMED MMD1	0	255860	604a920b	2a45fe6f	Soundstudio V1/MODULES/MUG-MEMBERS/Reg Simpson/Marika
ad45eeeae0301026c1fac9170539770b	1	139283	player+silence	uade	OctaMED MMD1	0	255860	604a920b	2a45fe6f	Soundstudio V1/MODULES/VARIOUS/M/Marika
ad5751125abca2a79f65ddf11e86fd53	1	169515	player	uade	OctaMED MMD1	0	67990	5fc00f01	8e0a9cd9	Soundstudio V1/MODULES/MUG-MEMBERS/Steven Gane/Nostalgia2
adb84243edd0c557937bc82c5bc614b3	1	301635	player	uade	OctaMED MMD1	0	90366	aaaa899c	abbf2c3e	Soundstudio V1/MODULES/MUG-MEMBERS/James Crockett/BigBrassGenerator
addd424b050c72d307bfa60822c0a324	1	189488	player	uade	OctaMED MMD2	0	124208	0a2b199a	737de0e0	Soundstudio V1/MODULES/MUG-MEMBERS/Steven Gane/Securyti
ae58534145f17bf593f2c498dee6fd8c	1	218525	player	uade	OctaMED MMD1	0	226212	73e0156c	211a2084	Soundstudio V1/MODULES/MED-4ch/G/Good-Vibrations
ae5c2296e3fb4e4be81899f9f2ecf135	1	137585	player	uade	OctaMED MMD1	0	174982	949e6a6a	0f94208b	Soundstudio V1/MODULES/MUG-MEMBERS/Steven Gane/JazzFunk
ae5c2296e3fb4e4be81899f9f2ecf135	2	160874	player
ae6225175debf8f1771700a51402b815	1	210487	player	uade	Protracker	0	164018	997d971c	03f2d6f2	Soundstudio V1/MODULES/VARIOUS/B/bladeraver
ae761ae03c928591fa117cb35137ad3f	1	198672	player+silence	st3play	Scream Tracker 3.00 (GUS)	8	204282	ec77cdf3	603be39e	Soundstudio V1/MODULES/S3M/S/SKYRIDER.S3M
ae8de1fa9a502f6c19948c47b3dfd5ac	1	329445	player	uade	OctaMED MMD0	0	752926	5a36696b	f29918a8	Soundstudio V1/MODULES/VARIOUS/A/Amputatedlip
aea5e751733a0306140493bac0ce689a	1	220868	player+silence	uade	OctaMED MMD3	0	1235544	d055fa27	3cb33f37	Soundstudio V1/MODULES/S3M/D/destruct.s3m
aeece48bd98c501484db685aaaafef64	1	249086	player+silence	uade	Protracker	0	638942	74d38832	0f183a95	Soundstudio V1/MODULES/MUG-MEMBERS/Matt Mclellan/SeenSomethin
af028eb369138d3b7ec3076b40251eb5	1	232571	player	uade	OctaMED MMD0	0	91694	1d132b1a	ebbe5022	Soundstudio V1/MODULES/MUG-MEMBERS/Michael Ward/EasyComeEasyGo
af0e746da4b5de4c3031990db9122976	1	149340	player	uade	OctaMED MMD1	0	72040	c99c8bc7	7edb5726	Soundstudio V1/MODULES/MUG-MEMBERS/Rudi Samborski/Pat
af3e7f0cb6f18976b154ee770acb5348	1	31407	player	uade	OctaMED MMD1	0	73106	79fb6143	b5c7df2a	Soundstudio V1/MODULES/MUG-MEMBERS/Rob Moseley/Repetition
af5dd0e62ce96af52b276f86c09491e8	1	480039	player+volume	uade	OctaMED MMD1	0	418948	28cb0081	16d51472	Soundstudio V1/MODULES/MUG-MEMBERS/Michael Hunt/TheOldRoutine
af624924c0e1629c6c93fb6c1cf92fce	1	244446	player	uade	OctaMED MMD0	0	256266	d3dfc692	d176bee0	Soundstudio V1/MODULES/MED-4ch/P/Partytune
af6dd1e493ba66c644de66c4c0387604	1	202972	player	uade	OctaMED MMD2	0	77648	e19597bd	e517ba22	Soundstudio V1/MODULES/MUG-MEMBERS/Paul Arp/OhWhat
af9837c5d35ccfc32d8f1a89a751d675	1	131637	player	uade	OctaMED MMD1	0	284610	db0e8073	e0c230fa	Soundstudio V1/MODULES/MUG-MEMBERS/Simon Ouzman/WhatIsLove?(Remix)
afb06addef683964ad40d9e5430b807d	1	7615	player	uade	OctaMED MMD1	0	107274	f1ed48a8	202022e6	Soundstudio V1/MODULES/MUG-MEMBERS/Darren D Muir/Riff
afbf69c565c7a0f86296046e072801ff	1	247130	player+silence	uade	OctaMED MMD1	0	135524	efdc4b4d	b58fd793	Soundstudio V1/MODULES/MUG-MEMBERS/Ian Chisholm+Marcus Donachie/Dooo_It
aff09a9651c63ad300492469f99ca7be	1	332861	player	uade	OctaMED MMD1	0	190244	6122f147	560a499b	Soundstudio V1/MODULES/MED-4ch/F/From_A_Looking_Glass
b061813642481a94669b69774fa76a50	1	370872	silence	uade	OctaMED MMD1	0	133040	24127ba7	f8701600	Soundstudio V1/MODULES/MUG-MEMBERS/Michael Richmond/HighwayToHeaven
b0681a62bce1b74a4c513ea27b62ae50	1	162657	player+silence	uade	OctaMED MMD3	0	1070752	2f0b6480	c3a46b30	Soundstudio V1/MODULES/S3M/W/Walkaway
b096ac0313c7da91ce942dc239a66293	1	104429	player	uade	OctaMED MMD1	0	52124	74f77031	88dfc9cf	Soundstudio V1/MODULES/MUG-MEMBERS/Reg Simpson/Lullaby of Birdland
b096ac0313c7da91ce942dc239a66293	1	104429	player	uade	OctaMED MMD1	0	52124	74f77031	88dfc9cf	Soundstudio V1/MODULES/VARIOUS/L/Lullaby of Birdland
b0fb2759f94ecc32c7f54c842229f21d	1	280276	player+silence	uade	Protracker	0	90148	9473aa11	83c45475	Soundstudio V1/MODULES/VARIOUS/P/prejudice
b10c362736308b59055e782b33bac0b9	1	152756	player	uade	OctaMED MMD2	0	151680	b249f5c9	9cd3feda	Soundstudio V1/MODULES/MUG-MEMBERS/Les Hodson/ColderThanIceTwo
b10e43644ce627908a606833ab9b095d	1	175400	player+silence	uade	OctaMED MMD1	0	118148	26d276b5	ab0b1a85	Soundstudio V1/MODULES/MUG-MEMBERS/Les Hodson/Les'GuitarSong
b10e43644ce627908a606833ab9b095d	1	175400	player+silence	uade	OctaMED MMD1	0	118148	26d276b5	ab0b1a85	Soundstudio V1/MODULES/MUG-MEMBERS/Les Hodson/MY-GUITAR-SONG
b11d1a7acf2ff8f74f5ad1ed75bd2b8f	1	135334	player	uade	OctaMED MMD1	0	83210	bc79fc37	c16aea3f	Soundstudio V1/MODULES/MUG-MEMBERS/Rudi Samborski/RadioGaGa
b14ea95b2a3c8f9daa39808d35268f1d	1	328581	player	uade	OctaMED MMD0	0	71948	1ecfb5b5	a69043f9	Soundstudio V1/MODULES/MED-CLASSICS/Classical-Songs/Liszt/H_Rhapsody_13
b166a0df3de5a164d0ba41e35552a0cc	1	135494	player+silence	uade	OctaMED MMD1	0	106138	a3aa77c3	3b13fab8	Soundstudio V1/MODULES/MUG-MEMBERS/Paul Monahan/Toc1
b1850d8caf73e7624c21e6d4270f6eaf	1	121911	player	uade	Protracker	0	232610	9e36dd08	d2178c45	Soundstudio V1/MODULES/VARIOUS/R/riviera
b1a332b60affafb79bf13793602bde51	1	62151	player	uade	OctaMED MMD1	0	27262	6fdb4cb2	684e0821	Soundstudio V1/MODULES/MUG-MEMBERS/James Paddison/Theme
b1ec8ed259d8570a161737ea39cc885c	1	70309	player	uade	OctaMED MMD1	0	244902	238dbbef	afa56dcb	Soundstudio V1/MODULES/MUG-MEMBERS/Ben Thomas/Basketball-Slow
b2081c418ca4f16fc1d25f82de7b609a	1	189971	player	st3play	Scream Tracker 3.01 (GUS)	8	279374	f56f2299	ef1156ea	Soundstudio V1/MODULES/S3M/S/snowdor.s3m
b25bbaa7b6eca9b5651407d427329865	1	441852	player+silence	uade	Protracker	0	123152	0eca5cbc	cc667296	Soundstudio V1/MODULES/VARIOUS/O/One-day
b266feb55f8afa1364037d7fe4c7f30b	1	196160	player	uade	OctaMED MMD1	0	81238	a7b8abc6	3df0c29e	Soundstudio V1/MODULES/MUG-MEMBERS/Steven Gane/Orchestral
b289eb1f6d6f262477b2f596ad561d37	1	75373	player	uade	OctaMED MMD2	0	203736	d2d3b57e	f3f60e36	Soundstudio V1/MODULES/MUG-MEMBERS/Les Hodson/Microteric-PartII
b28a18321aab58aed68440e7c7f1c254	1	107825	player	uade	OctaMED MMD1	0	90896	f6ff0635	2b1289be	Soundstudio V1/MODULES/MUG-MEMBERS/Andy Baxter/FAREWELL
b29cca063ddcda32f8fdf7c83e792dd4	1	269504	player	uade	OctaMED MMD1	0	295830	d6025efd	7de1eda5	Soundstudio V1/MODULES/MUG-MEMBERS/THT/Hydra
b29d0793da47b6ed185af63de5f690de	1	276964	player+silence	uade	OctaMED MMD2	0	207836	f85e711f	02e82442	Soundstudio V1/MODULES/MUG-MEMBERS/Carl Barry/TechnoGod
b2babd7c8ff28b488a1dbd0154642242	1	91268	player	uade	OctaMED MMD1	0	87720	817df915	5bb9fc0c	Soundstudio V1/MODULES/MED-4ch/M/Microbe
b2dc3c9430120e837a2833f8520771ff	1	324100	player	uade	Protracker	0	250156	ca8ecafc	f90f1b60	Soundstudio V1/MODULES/VARIOUS/A/aevias
b2e0307168ae0d33136b030f3f6ba484	1	197142	player+silence	st3play	Scream Tracker 3.01 (GUS)	16	353434	131eb598	b81099bf	Soundstudio V1/MODULES/S3M/S/stones94.s3m
b2e4e04bf3d4fb585ddb64823d71252b	1	353418	player	uade	Soundtracker II (31 instr.)	0	81704	b2b7a454	34f5774f	Soundstudio V1/MODULES/VARIOUS/A/aces
b2f6cb37155e43cce992959efe4df0e4	1	339543	player+silence	uade	Protracker	0	230180	71bb6bde	07a94fb5	Soundstudio V1/MODULES/VARIOUS/F/funkybeat
b32308e8cb829a5160214dc6c1b2c56a	1	164500	player+silence	uade	Protracker	0	163654	c8d0e274	d5dde0f3	Soundstudio V1/MODULES/VARIOUS/A/actionforyou
b347b8feae529a78f012d049c6316f0e	1	277318	player+silence	uade	Protracker	0	91380	f8105505	7900da9a	Soundstudio V1/MODULES/VARIOUS/S/st connexion
b350fb98a15c95c450a6dc93ee5e4eab	1	28574	player	uade	Protracker	0	8518	7c1fcbaf	46015caf	Soundstudio V1/MODULES/VARIOUS/P/provok d maladies
b36184574fe2cbccd31640035de65142	1	193548	player	uade	Protracker	0	395470	33e100b5	ff90b0d4	Soundstudio V1/MODULES/VARIOUS/J/jasmine
b3754ce4068bc050ef409a0a23bd8edd	1	254011	player	uade	OctaMED MMD1	0	161830	2e1d606c	e658644c	Soundstudio V1/MODULES/MUG-MEMBERS/Mark Nottingham/DreamsOfFlying
b37ef95bf0750e666f1a6354cd95d4d6	1	183802	player	uade	OctaMED MMD1	0	131272	7f0b244d	68995348	Soundstudio V1/MODULES/VARIOUS/A/arligentia2
b380bd70a4946e8a2b0a678b3ccb809e	1	97477	player	uade	OctaMED MMD1	0	171236	5a01125b	5f0235dd	Soundstudio V1/MODULES/MUG-MEMBERS/Dave Sullivan/Ascender
b3acf6d55a81d2bbd442ff4ccd8ff983	1	437779	player+silence	uade	OctaMED MMD1	0	261928	74483695	6430c8b5	Soundstudio V1/MODULES/MED-4ch/A/Atmosphere
b3ea8a41713bf34b0b8eee0e29b490a1	1	74449	player	uade	Protracker	0	102968	25cc8c5a	50b2468e	Soundstudio V1/MODULES/MUG-MEMBERS/Fabio Barzagli/HNK-Thriller
b40abb6f58352a79df693534b9137a48	1	173815	player	uade	OctaMED MMD1	0	146512	a12c9f62	65dc198d	Soundstudio V1/MODULES/MUG-MEMBERS/Johan Van Mensel/AThingByItself
b41fde9e4628f2885f8c4d5dbb0a9802	1	198451	player	uade	OctaMED MMD1	0	243058	32d988f1	d3d4bbbf	Soundstudio V1/MODULES/MUG-MEMBERS/Sean O' Farrel/Kinetic
b42f0af9582dcf03a240773e8e5d97b8	1	317387	player+silence	uade	Protracker	0	194304	5cc8f1bb	d9789011	Soundstudio V1/MODULES/VARIOUS/V/victory
b4401ad2b7303ed1e90cee7938a09f93	1	199218	player+silence	uade	OctaMED MMD1	0	260952	aeba1174	8a4e77cf	Soundstudio V1/MODULES/MUG-MEMBERS/Rob Moseley/MyOwnSelfishWay
b44791e9158837cac42d0677579eec0d	1	161397	player	uade	Soundtracker II (15 instr.)	0	43926	efd4dfc9	7229c14b	Soundstudio V1/MODULES/VARIOUS/E/echoing
b44feb8c43a59b0a6a33c77eb38dbe84	1	207192	player	uade	OctaMED MMD1	0	79150	8dafc7f9	2ce3a811	Soundstudio V1/MODULES/MUG-MEMBERS/William Quinn/Overloaded
b456b456c56d06e0dfd49b18c7bfb60b	1	268921	player	uade	Noisetracker 1.x	0	65984	fd4dd015	5508b2bc	Soundstudio V1/MODULES/VARIOUS/F/fletch
b45d5dcc2aefd52d92bb1f903185c310	1	245150	player	uade	Protracker	0	440006	826b3e78	56faf253	Soundstudio V1/MODULES/VARIOUS/I/it's okay - mix club
b45fe62987391e9713306086e2ccbed7	1	122112	player	uade	OctaMED MMD1	0	139842	7609508b	6b36bd49	Soundstudio V1/MODULES/MUG-MEMBERS/Andy Baxter/TRIED_TO_TELL_ME
b4635c59eee07ef69689e66aa5b3fa66	1	161276	player	uade	OctaMED MMD2	0	68690	8e92e62e	dcaa36dc	Soundstudio V1/MODULES/MUG-MEMBERS/Michael Richmond/Victory
b46c3487ad4db97a420e3332393fbd84	1	204381	player+silence	st3play	Scream Tracker 3.01 (SB)	4	247766	ba1bc21f	52d428c2	Soundstudio V1/MODULES/S3M/L/lost.s3m
b46f40d537a7bf7549a56760996d143a	1	300590	player	uade	OctaMED MMD1	0	116550	b24053a6	8774ea45	Soundstudio V1/MODULES/MED-4ch/H/HeavyOnTheBeat
b47abd47114c26d6aeb6deccc5baa75c	1	253367	player+silence	uade	OctaMED MMD1	0	124606	9c6c8de8	3cd593dd	Soundstudio V1/MODULES/MED-CLASSICS/Andante
b47fbd22860ec566831d0ea9fa6d3747	1	162567	player+silence	uade	OctaMED MMD1	0	170450	bfdaa1d0	7ef62bf6	Soundstudio V1/MODULES/MED-4ch/C/Complex
b48b7ff8cbd001fa94254962352f7856	1	120605	player	uade	OctaMED MMD1	0	133332	8995dee5	34667c81	Soundstudio V1/MODULES/MED-4ch/S/SAD-TECH
b490db68246950460ab73cc05b248646	1	204218	player	uade	OctaMED MMD1	0	63592	edfeb96b	0a2be37f	Soundstudio V1/MODULES/MUG-MEMBERS/Ross Couch/The_Enchanting
b4b2b823b35512ce239a60242a5f7beb	1	288171	player	uade	Protracker compatible	0	109936	2d684029	b156012c	Soundstudio V1/MODULES/VARIOUS/D/dirt
b4c90876a352676ba0f9ca66c0d5ac96	1	176769	player	uade	Protracker	0	112360	c90a8ba3	71c07878	Soundstudio V1/MODULES/VARIOUS/E/entity
b4e1a2fd00e1380d0150968f2326b856	1	256925	player	uade	OctaMED MMD1	0	58648	9d5a5df2	7be3c08f	Soundstudio V1/MODULES/MED-4ch/H/HyperDance
b508bdc8f9ce9a3f8a7c03964bd890e8	1	314736	player	uade	Protracker compatible	0	129266	f4f87b8e	b5874949	Soundstudio V1/MODULES/VARIOUS/N/nightfall
b50d0980757f1a341aa7d42e96a9bc7c	1	292632	player	uade	OctaMED MMD2	0	571330	34521bee	7bbf50f4	UTILITIES/MENY/Trekrap
b586269b6540d19d6dce5aebfcffc163	1	134651	player	uade	Protracker compatible	0	52968	79325ddc	6abff8b1	Soundstudio V1/MODULES/VARIOUS/A/albert-solo
b5b4a28530fc5b562cb4b44a2d4efe17	1	262169	player	uade	OctaMED MMD1	0	124266	5ebebcbd	2449e6d5	Soundstudio V1/MODULES/MUG-MEMBERS/THT/ComeFlyWithMe-Remix
b60b29c6756619f335e5461fce0ab0e5	1	174056	player	uade	OctaMED MMD1	0	327052	ae85a060	d124ffb5	Soundstudio V1/MODULES/MUG-MEMBERS/Ben Thomas/Phreak-Of-Nature
b62a023106f6a8c94dea0a8e2f396ddb	1	319217	player	uade	OctaMED MMD1	0	108218	526ad23e	4fadf605	Soundstudio V1/MODULES/MED-4ch/U/Uh-Huh!
b63f63cd37c0e1598f2c5ef972f56d9c	1	245230	player	uade	OctaMED MMD1	0	296166	cd6f53bf	30ed63e8	Soundstudio V1/MODULES/MED-4ch/D/Dont-Forget
b6500b190923e5bd4f21b714dc1866e4	1	181350	player	uade	OctaMED MMD1	0	68366	3e758abe	3033c9c4	Soundstudio V1/MODULES/MUG-MEMBERS/James Crockett/BigBassGenerator
b6798685dd30cca65ec69169da8fc92d	1	135113	player	uade	OctaMED MMD1	0	84452	2fb89ef6	a2cac66d	TI-MAGAZINES/Modules/Misery
b6a3a1af94af7b0a5096ca403780eaab	1	199548	player+silence	uade	Protracker compatible	0	621238	0cd71e35	39a3c1a3	Soundstudio V1/MODULES/VARIOUS/W/Withme
b6a7053ca316ecf9bc1b4f3d4506b61d	1	288995	player	uade	OctaMED MMD1	0	315228	a5cf1f37	846d0aee	Soundstudio V1/MODULES/MUG-MEMBERS/Nemesis/TheThinLine
b6b553138052d7a917e59a6fd3ccba2e	1	99848	player	uade	OctaMED MMD1	0	111350	ac83ff42	884f2503	Soundstudio V1/MODULES/MUG-MEMBERS/Michael Richmond/Eight
b6c0db6e8c3cba3acd24e00de197f42a	1	279069	player	uade	Protracker compatible	0	148908	798a9396	7858c366	Soundstudio V1/MODULES/VARIOUS/B/bridge
b6d0aabbc4eeac27631dfbe2606a408f	1	146045	player	uade	Soundtracker II (15 instr.)	0	84202	c24b0204	aa4dc827	Soundstudio V1/MODULES/VARIOUS/A/awesome5
b6d3d245d42547c8eba333279b2bcf68	1	219449	player	uade	OctaMED MMD1	0	132180	b3ffe90d	f8d1203c	Soundstudio V1/MODULES/MUG-MEMBERS/Chris Mocock/U-Phoria
b6db9acd81e8d7190362f6db8185f90e	1	221771	player+silence	uade	OctaMED MMD1	0	156946	4297572b	eebdc96e	Soundstudio V1/MODULES/MUG-MEMBERS/Paul Spark/Michael
b7092249ba4b8cc5a573adfd08b159d0	1	321407	player	uade	Protracker	0	279190	b4b6513f	384ae4f5	Soundstudio V1/MODULES/VARIOUS/H/hardcore
b736ec6e78388b856eddfe8ac7bd7b9f	1	219007	player	uade	OctaMED MMD1	0	107770	2e72b682	3a149aae	Soundstudio V1/MODULES/MUG-MEMBERS/Trank Mast/Fountain of Fire
b775d44b0722efc9c04eab2816206936	1	52526	player	uade	OctaMED MMD1	0	75588	b01e23ea	ce75e9c0	Soundstudio V1/MODULES/MUG-MEMBERS/Rudi Samborski/Test1
b79c35bfc984cc2d918d79e47383b61f	1	77081	player	uade	OctaMED MMD1	0	62398	25073178	d6938214	Soundstudio V1/MODULES/MED-4ch/N/Neptune
b79f6f8b2371723702d980211849e167	1	303503	player	uade	Protracker	0	215440	6febe89c	5fcd07ff	Soundstudio V1/MODULES/VARIOUS/A/adrenochrome
b7b3333eb8d1d2db18f68925cf07dc95	1	302479	player	uade	OctaMED MMD0	0	634580	325dc383	8bf3144f	Soundstudio V1/MODULES/MUG-MEMBERS/Alex Jones/Ethnotek
b7b9762c0b204e885574bd27d07f8cc5	1	238579	silence	uade	OctaMED MMD1	0	114340	bdd9871c	d928f598	Soundstudio V1/MODULES/MUG-MEMBERS/Paul Spark/Sunshine Forever
b7baac14ff9f30ef0a348d401634df28	1	142578	player+silence	uade	OctaMED MMD1	0	94806	00eebdd5	00432886	Soundstudio V1/MODULES/MED-4ch/B/Bassbuster2
b7c29ac34471d3bd55e75a15bdf40e02	1	76659	player	st3play	Scream Tracker 3.00 (SB)	16	141956	15e9b37f	ddfd7a56	Soundstudio V1/MODULES/S3M/N/near dark.s3m
b80a107acbaad32ebb8047587e3edb5e	1	0	nosound	uade	OctaMED MMD2	0	490118	14ae775a	c6872268	Soundstudio V1/MODULES/MIDI/Holger Bahr/MIDI2.MIDI
b810595e846f062b296f56bca3ffbf47	1	185385	player+silence	uade	OctaMED MMD1	0	98276	02311531	088ba5a3	Soundstudio V1/MODULES/MUG-MEMBERS/Michael Richmond/PumpUpTheBass
b811a5ec9a555d2ec96315a626e46d31	1	213682	player	uade	OctaMED MMD1	0	308310	1f3a4195	1b1d554b	Soundstudio V1/MODULES/MUG-MEMBERS/Andy Baxter/GettingCloser
b817d410c2c3d569d98f6d1c21bcff7f	1	287729	player	uade	OctaMED MMD1	0	116050	5795ca93	6fc20cd5	Soundstudio V1/MODULES/MED-4ch/F/ForSummer
b820929fc8146609f08a23292fd6df31	1	212576	player+silence	uade	OctaMED MMD1	0	288752	0b965107	e0f7a5a6	Soundstudio V1/MODULES/MUG-MEMBERS/Paul Spark/Patience&Denial
b8272bba85723a52c672635afdeba68e	1	119540	player	uade	OctaMED MMD0	0	85744	f06ef5bd	7ed63606	Soundstudio V1/MODULES/MED-4ch/T/Trashtest
b837c4ff3ca1a4e058439b0ba5387c59	1	61588	player	uade	OctaMED MMD1	0	86496	063e6c9c	4a1c30b1	Soundstudio V1/MODULES/MUG-MEMBERS/Ben Thomas/This-Way-Remix
b837c4ff3ca1a4e058439b0ba5387c59	1	61588	player	uade	OctaMED MMD1	0	86496	063e6c9c	4a1c30b1	Soundstudio V1/MODULES/VARIOUS/T/This-Way-Remix
b844ce3b678932862a90d0182a818497	1	304976	silence	uade	MED4 (4ch)	0	80099	4d853657	2c7e1edd	Soundstudio V1/MODULES/MED-4ch/M/Marchofwonders
b848a394a9e95bb62b143d655989c0c5	0	364750	player+silence	libopenmpt	Scream Tracker 3.00 (GUS)	25	170332	215a4be5	54b55326	Soundstudio V1/MODULES/S3M/C/CANT.S3M
b84ff380bb6c94a577becd9dfe3aab84	1	242547	player+silence	uade	OctaMED MMD2	0	193056	4ce835f4	ee99e5c7	Soundstudio V1/MODULES/MUG-MEMBERS/Phill Morris/amphyll
b8500401d2b64f616a06ebee96f847dd	1	211331	player	uade	Protracker	0	148476	b9db02f4	a370f1a7	Soundstudio V1/MODULES/VARIOUS/V/vdlove2
b869f63869f7f48e25e774e4b2a8aaef	1	143332	player	uade	Protracker	0	145970	a7217cf3	d3f4019b	Soundstudio V1/MODULES/VARIOUS/W/What_time_is_it
b886432db00074d0a85011ded0585e77	1	158450	player+silence	uade	OctaMED MMD2	0	120188	765149b1	5e0201f2	Soundstudio V1/MODULES/MED-4ch/P/Psychopath
b8bc7564e7a2b5c25f20b6e9e1d618ae	1	92413	player	uade	OctaMED MMD1	0	172892	164f6125	562a0abe	Soundstudio V1/MODULES/MED-4ch/P/Pure-Perfection
b8d5c3efe3bcd0a957dc98dca529b68e	1	233013	player	uade	OctaMED MMD1	0	147958	dc4e39fa	8639552b	Soundstudio V1/MODULES/MUG-MEMBERS/Michael Lovering/TheFactory
b930e56c73c31baaef037be264ed8b51	1	99145	player	uade	OctaMED MMD2	0	159972	5e9f19fe	309226be	Soundstudio V1/MODULES/MUG-MEMBERS/Andy Baxter/U2-October
b945dc0b0f9d56193e996d995c934839	1	231444	player+volume	uade	OctaMED MMD1	0	52434	b6a1da56	64aac582	Soundstudio V1/MODULES/MED-4ch/P/Pleasures
b97218860206122bb4f168cd1e9f9369	1	278164	player	uade	OctaMED MMD1	0	293156	7b3583d2	53a335af	Soundstudio V1/MODULES/MUG-MEMBERS/Johan Van Mensel/LetItAllOut
b9c2f5ebc0662583780678a6b0ec9870	1	239805	player	uade	OctaMED MMD1	0	236886	14675906	3b33c217	Soundstudio V1/MODULES/MUG-MEMBERS/THT/TheChase
b9ddd832f89bd5b77a3fa0fe373cfc26	1	200480	player	uade	OctaMED MMD0	0	70208	fa4c22fd	90d608ac	Soundstudio V1/MODULES/MUG-MEMBERS/Michael Richmond/Synthetic-Disco
ba61ff67a72cae8f3cb03ae9cb771ba7	1	714888	player+silence	st3play	Scream Tracker 3.01 (SB)	8	344380	fbacc3f1	03bd9ec9	Soundstudio V1/MODULES/S3M/S/ssi.s3m
ba693338545b848e058b178516c4a2ff	1	189026	player	uade	OctaMED MMD3	0	432058	4c1f6c71	365d624b	Soundstudio V1/MODULES/S3M/A/a94final.s3m
ba69bee5f586e82d331fa32c60f948a7	1	61850	player	uade	OctaMED MMD1	0	191324	d2fefb06	ffa82585	Soundstudio V1/MODULES/MUG-MEMBERS/Michael Richmond/Star_Wars
ba6debe515d3e8c8ea9934f50c144b06	1	153339	player	st3play	Scream Tracker 3.01 (SB)	8	187556	f935346a	ba21032f	Soundstudio V1/MODULES/S3M/W/water.s3m
ba732d33f52bbc5aeb1ce0c41a240972	1	390391	player	uade	OctaMED MMD2	0	227148	6be41215	8e8d06ed	Soundstudio V1/MODULES/MED-4ch/D/Dolphin_Dream
ba7cff6710a48d77a996214aa816495f	1	257849	player	uade	OctaMED MMD2	0	257352	deb09acf	50cb9429	Soundstudio V1/MODULES/MUG-MEMBERS/Rudi Samborski/Average_Shoe_Life
ba9cd7ebe9653b44bd1ee9f934459208	1	286865	player	uade	Protracker	0	144876	57cc4228	49acf59b	Soundstudio V1/MODULES/VARIOUS/D/desertdream-end
babd95149418c2e4ab9c542f34fe0adf	1	151832	player	st3play	Scream Tracker 3.00 (GUS)	8	199962	09781a92	b62cd0fc	Soundstudio V1/MODULES/S3M/A/aqua.s3m
badbd640bb6616cf72271665a4c686dd	1	131115	player	uade	OctaMED MMD1	0	64092	a4550996	34fc4e03	Soundstudio V1/MODULES/MUG-MEMBERS/Rune Tlyden and Tom Cozzolino/Piano_Madness
bb1a571f74fe698888f26d01a2ee2b40	1	144859	player	uade	OctaMED MMD1	0	122680	8e43bbaa	a18d4a4c	Soundstudio V1/MODULES/MUG-MEMBERS/Tom Cozzolino/LostInTheWoods
bb212d4fd65f31d31271aa22865313cd	1	207493	player	uade	Protracker compatible	0	43694	202bdeb6	0e2618a1	Soundstudio V1/MODULES/MUG-MEMBERS/Michael Ward/Fantasy-Brainwave
bb31b4eaf19b52c5baa2f162a5742ee1	1	285386	player+silence	uade	OctaMED MMD1	0	138302	397060b8	135720c0	TI-MAGAZINES/Modules/BarneyIT
bb3c482dfa20ca50511d10b39db4c2f0	1	306015	player	uade	OctaMED MMD1	0	230600	bc7af969	08a8a03b	Soundstudio V1/MODULES/MED-4ch/T/Time-Slip
bb410e5898a5d45319165ed6863f0e3c	1	114901	player+silence	uade	Protracker	0	205464	d5fdfe72	7b175b96	Soundstudio V1/MODULES/VARIOUS/A/above_my_head
bb52fb7f5cc0b887d3c77f3ecbabee62	1	460917	player+silence	uade	OctaMED MMD0	0	83882	f4de3d51	45e83a26	Soundstudio V1/MODULES/MED-CLASSICS/Classical-Songs/Liszt/H_Rhapsody_1
bb613556e423653ca1a090b10b158f3d	1	135735	player+silence	uade	OctaMED MMD3	0	240648	0e2757d0	9d09e6a9	Soundstudio V1/MODULES/S3M/T/tales06.s3m
bb69cf0c131e1c341314db78682ccbbc	1	201061	player+silence	uade	OctaMED MMD1	0	290052	cae67168	d8f4f4b8	Soundstudio V1/MODULES/MUG-MEMBERS/Rob Moseley/ALICE
bb75f6d710ebba0d1d4e7012e8169672	1	127557	player+silence	uade	Protracker	0	94364	6c1cfb79	ad24c0dd	Soundstudio V1/MODULES/VARIOUS/C/cutanddried
bb802889bc45ec2741aff1c55078c1f4	1	27408	player	uade	Protracker	0	16942	0f64d28f	76236ab1	Soundstudio V1/MODULES/VARIOUS/N/nuls-la veuve
bb8464dc6c83ad81ac3e993631637d2e	1	474687	player+silence	uade	Protracker	0	519000	3c22d20e	048558f1	Soundstudio V1/MODULES/VARIOUS/C/ctpoint
bb91b16915abeeaf4cc3bb3dc027e0d8	1	206589	player	uade	OctaMED MMD1	0	164824	3703219c	e3556844	Soundstudio V1/MODULES/MUG-MEMBERS/Trank Mast/IrritationForTheMasses
bb93a5ee35acd17fb18d0157e8f4a35b	1	323718	player	uade	OctaMED MMD1	0	195882	6c8a5d28	a72cfa33	Soundstudio V1/MODULES/MUG-MEMBERS/THT/FlyOnTheRun
bb9dde0265bb686765babbbf0811dc90	1	200420	player	uade	OctaMED MMD1	0	133382	03084432	dec0822f	Soundstudio V1/MODULES/MUG-MEMBERS/Dave Sullivan/Funky-5th
bbbf9e7dfc7a6499a75da4b0a865e2d1	1	185068	player	uade	Protracker	0	148342	9dc87f53	01285687	Soundstudio V1/MODULES/VARIOUS/E/emily
bbd3525fa8292662144ad60cb292b2c0	1	61568	player	uade	Protracker	0	46152	d9fb42c9	ede58e2b	Soundstudio V1/MODULES/VARIOUS/T/trance alf
bbdb88dc2e8901fecfd25e73f310c194	1	103766	player	uade	OctaMED MMD1	0	29062	5e488899	83331605	Soundstudio V1/MODULES/MUG-MEMBERS/James Paddison/Flashdance
bbdc2bd810d1d87510c3994b3355ad81	1	192141	player	uade	Protracker	0	114866	59281806	3d078219	Soundstudio V1/MODULES/VARIOUS/T/tbc-endpart
bbe833492943baf4028cc292f2cd9548	1	107665	player+silence	uade	OctaMED MMD1	0	308684	e6e11aa5	f6cfcdff	Soundstudio V1/MODULES/MUG-MEMBERS/TonyShepherd+RalphFinlay/BOS-JingleOne
bbebcee7e7f437a3556269d7d4e6a00b	1	182797	player	uade	OctaMED MMD1	0	132532	7697c437	6226062d	Soundstudio V1/MODULES/MUG-MEMBERS/Rob Moseley/TheMeaningOfLove
bc1730ea913aa79f726b28f1a5b7ac4a	1	129005	player	uade	OctaMED MMD3	0	253842	8b73cd99	c0d2e0a0	Soundstudio V1/MODULES/S3M/A/acting.s3m
bc1961d44094ca73e99e97e28c805956	1	219636	player+silence	uade	Protracker	0	348420	fc2cdd38	9faed1cf	Soundstudio V1/MODULES/VARIOUS/I/illusions
bc1ecd3a03a1617e9ef2660175a436f1	1	198732	player	uade	OctaMED MMD1	0	258740	d84fb926	4fa9a400	Soundstudio V1/MODULES/MUG-MEMBERS/William Quinn/Breakdance2
bc1ecd3a03a1617e9ef2660175a436f1	1	198732	player	uade	OctaMED MMD1	0	258740	d84fb926	4fa9a400	Soundstudio V1/MODULES/MUG-MEMBERS/William Quinn/OST-BreakdanceII
bc24a4b6e1f0bb05fd0bcfd0f008264f	1	111997	player+silence	uade	OctaMED MMD1	0	284428	144eddec	10798644	Soundstudio V1/MODULES/MUG-MEMBERS/Rob Moseley/PSB-YourFunnyUncle
bc5f7ce0e4d23090ee3e649cbb4f8bf4	1	342627	player	uade	OctaMED MMD2	0	163716	3e0e3181	c0adc3f2	Soundstudio V1/MODULES/MUG-MEMBERS/Steven Gane/CureCover
bc809bdac3ca5f5611399a3b4849817a	1	75155	player+silence	uade	OctaMED MMD1	0	79728	45d06878	3f78962e	Soundstudio V1/MODULES/MED-CLASSICS/Dan-swan
bc9f2fcbc19327bbddc67af87dbd1c75	1	307725	player+silence	uade	Protracker	0	244282	9957a576	8904527e	Soundstudio V1/MODULES/MUG-MEMBERS/Fabio Barzagli/FromTheDeep
bca71590ad2805fb7c87825937def538	1	107906	player	uade	OctaMED MMD2	0	185752	7fc6dac0	3af65333	Soundstudio V1/MODULES/MUG-MEMBERS/Jimmy Geatches/Fiisc2
bcd71c5adb58d2092c198698a7023a2f	1	134189	player	uade	OctaMED MMD1	0	32350	9f6898dc	124300f9	Soundstudio V1/MODULES/MED-4ch/T/The_Corny_Days
bcdfe7263f4c28aeb4b19a3e7f05feb0	1	185992	player	uade	Protracker compatible	0	107992	3fa04c44	b246b132	Soundstudio V1/MODULES/VARIOUS/F/funkybusiness
bce40cb6d3aa20223d28d7580dd97fef	1	138630	player	uade	OctaMED MMD1	0	70340	816a1200	8bf4eb35	Soundstudio V1/MODULES/MUG-MEMBERS/Tom Cozzolino/Spaceship
bced1c36a5216b2818ccbbfb03c5c43f	1	8861	player	uade	OctaMED MMD1	0	56118	987e2367	c7fe2804	Soundstudio V1/MODULES/MUG-MEMBERS/Darren D Muir/RockHard
bd0dc05b07f503144db2bfc983e5a37c	1	83330	player	uade	Protracker	0	90874	81019e0a	89d59fae	Soundstudio V1/MODULES/VARIOUS/F/firebird
bd26add6c853987975712487dd207a34	1	138799	player+silence	st3play	Scream Tracker 3.01 (GUS)	8	309938	86bb23d7	96c59d21	Soundstudio V1/MODULES/S3M/I/inspired.s3m
bd6005057bcb75cddbdb4f78f82560be	1	283606	player+silence	uade	Protracker	0	169754	cce635ff	ef35c935	Soundstudio V1/MODULES/MUG-MEMBERS/Fabio Barzagli/AcidoPuro
bd6446003df9e80d894cbb92e9ebd855	1	115622	player	uade	OctaMED MMD1	0	304908	b4247a0a	92ff77b2	Soundstudio V1/MODULES/MUG-MEMBERS/Ben Thomas/Basketball-Four
bd680bf9d31f3e06ae9718d6184a6012	1	218223	player	uade	OctaMED MMD1	0	374668	69e2fd98	3c35f0aa	Soundstudio V1/MODULES/MUG-MEMBERS/THT/ApacheBass
bd8d9b41b79a610d3c8d084b003a2fbd	1	140358	player	uade	OctaMED MMD0	0	50312	b030f47c	1eb2e356	Soundstudio V1/MODULES/MED-4ch/S/Sadnik
bdad7c7ccef4cb703dee3208bebad595	1	162160	player	uade	OctaMED MMD2	0	192510	49d13738	b88990ae	Soundstudio V1/MODULES/MUG-MEMBERS/Phill Morris/CHUG_CHUG
bdc030c6c71cc9e210e42bc01dcef2b5	1	241472	player	uade	OctaMED MMD1	0	452844	fe31779a	0c8837dc	Soundstudio V1/MODULES/MUG-MEMBERS/Sean O' Farrel/Dr_Feynman
bdd105a95848807150bed6e75409dac3	1	165777	player	uade	OctaMED MMD1	0	333238	6a805de1	fc2b68e1	Soundstudio V1/MODULES/MUG-MEMBERS/William Quinn/Bitin`
bdd2b82733464513d8878c72b9328d02	1	146045	player	uade	Noisetracker 1.x	0	98338	0168189f	37e5d4e3	Soundstudio V1/MODULES/VARIOUS/S/studiosound
bde9f8f0500ea3735020e17b00317fe6	1	162812	player+silence	uade	Protracker	0	95326	5dc4b5e3	a4797a67	Soundstudio V1/MODULES/MUG-MEMBERS/Fabio Barzagli/FBYWinning2
be494c869f0434fdf58d2cbef42a8dd6	1	177976	player+silence	uade	OctaMED MMD1	0	191352	895c8230	fae7df9e	Soundstudio V1/MODULES/MUG-MEMBERS/Ian Chisholm+Marcus Donachie/Sedative
be548581024e78a4ba47134c1b13d31b	1	145822	player+silence	uade	Protracker	0	150620	5f44b5e7	2d1b136e	Soundstudio V1/MODULES/VARIOUS/N/nappyzapiib
be9e51757d37806c2885c369a20958d1	1	107082	player	uade	OctaMED MMD1	0	200700	1f75d173	39d77728	Soundstudio V1/MODULES/MUG-MEMBERS/William Quinn/Overloaded VI
beb6df0ff140bfec83b44758c0402cf4	1	98823	player	uade	OctaMED MMD0	0	106408	a6236a80	1d19086b	Soundstudio V1/MODULES/MUG-MEMBERS/Daniel Funnel/Softly2
bee49033d42486bd87083dd3d4a29c1f	1	156333	player	uade	OctaMED MMD1	0	195370	d04a5c2c	5aee5e7d	Soundstudio V1/MODULES/MUG-MEMBERS/William Quinn/Strict Mover
bf0222a39d9d5362a762a20bf6ff6a3d	1	229219	player+silence	st3play	Scream Tracker 3.01 (SB)	16	111213	f0cf68b2	d5758f66	Soundstudio V1/MODULES/S3M/S/sphinx.s3m
bf3845a108cc2ce84015fa2b889e9ef6	1	123479	player	uade	OctaMED MMD1	0	32246	d9018808	b1bf8873	Soundstudio V1/MODULES/MUG-MEMBERS/Michael Lovering/FRED'S DREADS
bf61aae904879c5f632d9d23d313db6a	1	0	nosound	uade	OctaMED MMD2	0	99430	9ac3bb7f	e1bc09de	Soundstudio V1/MODULES/MIDI/Asif Ali/MMD2/DREAM.MMD2
bf69a73bcc6c7c87a003dab947ed763a	1	174846	player+silence	st3play	Scream Tracker 3.01 (GUS)	16	247332	8464145a	7339b690	Soundstudio V1/MODULES/S3M/P/panic.s3m
bf7f7040546c0af17ff11225d21111d0	1	385241	player+silence	uade	OctaMED MMD1	0	77280	e7bfa4c2	051c8fdd	Soundstudio V1/MODULES/MUG-MEMBERS/Steffan Jordan/AngelEyes
bf9b067cd94e176a0aded9f79e851fe2	1	291186	player	uade	OctaMED MMD2	0	161640	998e3cbb	7bbdd072	Soundstudio V1/MODULES/MUG-MEMBERS/THT/Rockit
bfa18ce10b4d26594f420eac5ded8e4e	1	264199	player	uade	OctaMED MMD1	0	248278	9cbda1d3	d9c9e746	Soundstudio V1/MODULES/MUG-MEMBERS/Michael Hunt/TheWalkToTheWall
c0145f2e58f63f34632830cabb16a65c	1	119480	player	uade	OctaMED MMD1	0	129770	8b6729d8	9fbc9717	Soundstudio V1/MODULES/MUG-MEMBERS/William Quinn/T6_Original_Mix
c056c439e2b8668858b087a1aa09e097	1	439138	player+silence	uade	Protracker	0	269774	130b0456	4dcffb18	Soundstudio V1/MODULES/VARIOUS/C/cameldnc
c06cf4cc6c2627c2f117ee7335308699	1	310496	player	uade	OctaMED MMD1	0	512354	26e6883c	c8110040	Soundstudio V1/MODULES/VARIOUS/W/want your love 
c0991185b9f5e60e2b86f5e63123a540	1	121478	player+silence	uade	OctaMED MMD1	0	53560	1016b963	9840c341	Soundstudio V1/MODULES/MUG-MEMBERS/Steven Gane/DiddleyStyle
c0b603a948df4b8a26811ca5b370d719	1	200018	player	uade	OctaMED MMD1	0	128410	2eb4a364	43e16959	Soundstudio V1/MODULES/MUG-MEMBERS/The Sidewalk/Joan
c0fbcc646f03bde4ad6a97a7b1baab16	1	229179	player+silence	uade	OctaMED MMD1	0	363002	c0f2e36a	5ab1b3f4	Soundstudio V1/MODULES/MUG-MEMBERS/Ian Chisholm+Marcus Donachie/Cabani
c104b5702c057cd10e14471733161f69	1	243321	player+silence	uade	OctaMED MMD1	0	288508	4850cf57	1726747b	Soundstudio V1/MODULES/MUG-MEMBERS/Ian Chisholm+Marcus Donachie/Appalachian
c1130b25528b566d356166893914dd77	1	245301	player+silence	uade	OctaMED MMD1	0	98450	1b004dac	3431d241	Soundstudio V1/MODULES/MUG-MEMBERS/Ross Couch/Digital
c126f858e3c62c42938da7bf6be7157b	1	115120	player	uade	OctaMED MMD1	0	140218	0173648d	a82609dc	Soundstudio V1/MODULES/MUG-MEMBERS/Fabio Barzagli/Medieval
c136d506bbc32b7f7a444324e0c83399	1	548292	player	uade	Protracker	0	146228	39b20638	a3d1d24d	Soundstudio V1/MODULES/VARIOUS/S/so emotive..
c138bbaddef052b2c89c1cd60ba1b7ef	1	325543	player+volume	uade	OctaMED MMD1	0	118528	51297783	faab7aeb	Soundstudio V1/MODULES/MUG-MEMBERS/THT/InnisLive
c14eea82b87553d5bb3050450604cfca	1	279973	player	uade	OctaMED MMD1	0	190574	183006cb	cbb617fb	Soundstudio V1/MODULES/MUG-MEMBERS/Dave Sullivan/Project_T
c14eea82b87553d5bb3050450604cfca	1	279973	player	uade	OctaMED MMD1	0	190574	183006cb	cbb617fb	Soundstudio V1/MODULES/MUG-MEMBERS/Dave Sullivan/Project-T_V1.2
c14eea82b87553d5bb3050450604cfca	1	279973	player	uade	OctaMED MMD1	0	190574	183006cb	cbb617fb	TI-MAGAZINES/Modules/MOD.ProjectT
c151cc5d946058333632e78733198ad2	1	130451	player	uade	OctaMED MMD1	0	119192	7fe50848	6504a332	Soundstudio V1/MODULES/MUG-MEMBERS/Paul Spark/Drums&Pipes
c16eda8bb30fb59212dc6fe3ece2bcb1	1	218352	player+silence	uade	OctaMED MMD3	0	446282	71a1d71c	cf82a6b3	Soundstudio V1/MODULES/S3M/T/tales02.s3m
c1b2343798ff4dee317b5db5b7567598	1	161799	player	uade	OctaMED MMD1	0	81172	98df9492	5f132a1e	Soundstudio V1/MODULES/MUG-MEMBERS/Andy Baxter/AChipOffTheOldBlock
c1b6a4ffb893d6e9c5e2c1a37f373eff	1	5666	player	uade	OctaMED MMD1	0	18104	04e83b42	1386dca1	Soundstudio V1/MODULES/MUG-MEMBERS/Kevin Jones/DrumOrg
c1b908b5e5576659f6fea956a8d3e191	1	156700	player+silence	uade	OctaMED MMD3	0	317906	b37d62c0	f6735f07	Soundstudio V1/MODULES/S3M/A/ac_blues.s3m
c1ec54e0dc421a9664095537c391b874	1	159227	player+silence	uade	OctaMED MMD1	0	180548	01c8efcb	7bf80175	Soundstudio V1/MODULES/MUG-MEMBERS/William Quinn/TalkTalk-Today
c1ec54e0dc421a9664095537c391b874	1	159227	player+silence	uade	OctaMED MMD1	0	180548	01c8efcb	7bf80175	Soundstudio V1/MODULES/MUG-MEMBERS/William Quinn/Today
c1f3e730ea7cfd54da0f39abdec060bb	1	222584	player	uade	OctaMED MMD1	0	116158	556af1e8	efa5ac1c	Soundstudio V1/MODULES/MED-4ch/D/Disintegration
c243be937e6597973b0f051ebd84bdf6	1	268443	player+silence	uade	OctaMED MMD1	0	282278	b3610268	f87cc3aa	Soundstudio V1/MODULES/MUG-MEMBERS/Paul Spark/Obsession
c255204e77b1137d5d5f60dcbd06eec6	1	140939	player+silence	uade	OctaMED MMD1	0	456914	322ee0e7	759b6d13	Soundstudio V1/MODULES/MUG-MEMBERS/Cottage Publishing/Bimbo In Limbo
c28d914aa186b8c787815c95c1eda74c	1	146386	player	uade	OctaMED MMD1	0	148576	a666464d	ad31a330	Soundstudio V1/MODULES/MUG-MEMBERS/William Quinn/Life_After_Death
c291ebdd82721e577edfebdcedf39a6f	1	185350	player+silence	uade	OctaMED MMD2	0	289330	04265941	9075f911	Soundstudio V1/MODULES/MED-4ch/S/StarWa.sRe
c2a25afc0dbbb7a87d957f83ee42f062	1	305852	player+silence	uade	OctaMED MMD1	0	339576	481ca304	a813fb21	Soundstudio V1/MODULES/MUG-MEMBERS/Rob Moseley/SeparateWays
c2a6500d5e6643522ecc03d227c47a8f	1	315102	player+silence	uade	OctaMED MMD1	0	481896	d7c28365	c8e90bfa	Soundstudio V1/MODULES/MUG-MEMBERS/Ian Chisholm+Marcus Donachie/Day
c2b4c26036d3e98e030547693bda305c	1	105675	player	uade	OctaMED MMD1	0	186630	edd654bd	f553e0b3	Soundstudio V1/MODULES/MUG-MEMBERS/Dave Sullivan/Another-World
c2fa502d5576e17ef9f70ee27a35fd93	1	192454	player+silence	uade	OctaMED MMD1	0	105688	2ba78535	15988ea8	Soundstudio V1/MODULES/MUG-MEMBERS/Dean Murray/SummerDaze
c30a55464b85288d109456e7733aea2e	1	149521	player	uade	OctaMED MMD1	0	326608	92fb8038	c64a7305	Soundstudio V1/MODULES/MUG-MEMBERS/William Quinn/Evolution
c343155225a2079cc4e84737200ca869	1	193628	player	uade	OctaMED MMD1	0	111158	4bd7bc73	18455563	Soundstudio V1/MODULES/MUG-MEMBERS/William Quinn/Overloaded IV (V2)
c379c4d1d5472984fee160299e158630	1	177231	player	uade	OctaMED MMD1	0	120806	69046a75	19e5887f	Soundstudio V1/MODULES/MED-4ch/B/BartmanFunk
c3a5194802fda43195635265f6c518a4	1	299685	player	uade	OctaMED MMD2	0	142668	dc7313f9	be308e02	Soundstudio V1/MODULES/MUG-MEMBERS/Steven Gane/TheImmortalBreath
c3b930636bd8200dc62bcbee190446a7	1	441933	player	uade	OctaMED MMD1	0	1524070	73c6990a	5e8a7f39	Soundstudio V1/MODULES/MED-4ch/S/Space-Mix
c3c1360ef22fe43e5d49f9040d04f12c	1	275901	player+silence	uade	OctaMED MMD1	0	241928	7aa357fd	80ce0c82	Soundstudio V1/MODULES/MUG-MEMBERS/Rob Moseley/It'sOverNow
c40106d4253d0b48619b9a37d4bc542c	1	171986	player	uade	OctaMED MMD1	0	333340	74d43e0c	f01142bd	Soundstudio V1/MODULES/MUG-MEMBERS/Ben Thomas/Union
c40106d4253d0b48619b9a37d4bc542c	1	171986	player	uade	OctaMED MMD1	0	333340	74d43e0c	f01142bd	Soundstudio V1/MODULES/VARIOUS/U/Union
c41794acde164847012032307d6c0c74	1	148999	player	uade	OctaMED MMD1	0	218368	b0289f73	b60b93e7	Soundstudio V1/MODULES/MUG-MEMBERS/William Quinn/SUGAR_MICE
c41e44dbfdbd7cf23aaf15434b0e2a98	1	114999	player	st3play	Scream Tracker 3.01 (GUS)	5	92206	fb00ae29	1a2513a9	Soundstudio V1/MODULES/S3M/L/lishend.s3m
c424ec2c533617b5ac8c8e7f7566bc38	1	169785	player+silence	uade	Protracker	0	272746	9dd20bbb	74b0fac3	Soundstudio V1/MODULES/VARIOUS/L/love drugs
c4441c36474045b0b59b02fc0c3b5fb2	1	219630	player	uade	OctaMED MMD1	0	53676	7c21efb2	aae7f468	Soundstudio V1/MODULES/MUG-MEMBERS/Trank Mast/Swift
c44f2b5b2ea9d0b61e12746545de649c	1	7615	player	uade	OctaMED MMD1	0	50078	afa2015d	ba6a07fb	Soundstudio V1/MODULES/MUG-MEMBERS/Darren D Muir/Smash
c46ebeb4bddda3478566d20a4b7399e4	1	79432	player	uade	OctaMED MMD1	0	153192	ee5ea921	3a401d58	Soundstudio V1/MODULES/MUG-MEMBERS/Reg Simpson/Take_Five
c46ebeb4bddda3478566d20a4b7399e4	1	79432	player	uade	OctaMED MMD1	0	153192	ee5ea921	3a401d58	Soundstudio V1/MODULES/VARIOUS/T/Take_Five
c4e066f767d4a46f1151e95dcf3090dc	1	208455	player+silence	uade	OctaMED MMD1	0	95916	269dea4c	4d2444ef	Soundstudio V1/MODULES/MED-4ch/D/DarkCityStreets
c4fc3d39a036d0bf5b6e05b07a2eb8e4	1	129355	player+silence	uade	OctaMED MMD1	0	98220	33d7c636	df33b1ac	Soundstudio V1/MODULES/MUG-MEMBERS/Paul Spark/Latish
c51c4443c0bf6108e168be61f1ecb157	1	230078	silence	uade	OctaMED MMD2	0	206072	9bb7c4cc	94892d66	Soundstudio V1/MODULES/MUG-MEMBERS/Greg McLaughlin/Underdog
c534af2fe18ca36d41092922f27f6997	1	229332	player+silence	uade	OctaMED MMD1	0	211648	bde30b5f	83fd3f5d	Soundstudio V1/MODULES/MED-4ch/H/Hold_it
c5452b6d39a30107cfa110da9ff83457	1	130451	player	uade	OctaMED MMD1	0	162712	7283a695	ea2cac1e	Soundstudio V1/MODULES/MUG-MEMBERS/William Quinn/Howard Jones2
c594f7a1f8b86fcbbc828c46cc6117f0	1	369272	player	uade	OctaMED MMD1	0	301486	32c6ac66	6937a681	Soundstudio V1/MODULES/MED-4ch/H/Happy-Breaks
c5ea913c6999f47950048dbf5ea8fd66	1	99727	player	uade	OctaMED MMD1	0	82756	ca2e8efd	1437def4	Soundstudio V1/MODULES/MUG-MEMBERS/Bruce Cowie/MAIN-TITLE
c5f962d83e63af8b9cc9853c27eb30c6	1	308306	player	uade	OctaMED MMD1	0	217258	5c75cd2d	ef9c8ae0	Soundstudio V1/MODULES/MED-4ch/S/Summer_In_San_Diego
c5fa18d13de40115202c63e2c3a6700b	1	80758	player	uade	Protracker	0	26216	a5017277	d6cd0863	Soundstudio V1/MODULES/VARIOUS/T/the lion is dead
c606f2c60b106d6682c7073cab457d6c	1	388634	player+silence	uade	OctaMED MMD1	0	580828	07990eb4	7767dcc0	Soundstudio V1/MODULES/MUG-MEMBERS/Matt Mclellan/Atrocitation
c6191a5bb87990b25a811afb10120d22	1	302519	player	uade	OctaMED MMD2	0	77828	4c6e8c07	493e7891	Soundstudio V1/MODULES/MED-4ch/T/The_Hunter
c66595a7467e5da4fe24c900188c99b4	1	153500	player	uade	OctaMED MMD1	0	81602	a347223e	3f419f81	Soundstudio V1/MODULES/MUG-MEMBERS/Michael Richmond/Dark-Portal-3
c678e1a86725e0b9b5e2220cb2330718	1	265646	player	uade	Protracker	0	170896	abde4f89	ab607ae0	Soundstudio V1/MODULES/VARIOUS/L/love time..
c6d04bd5ab5f432463c19545a4246c24	1	68983	player	st3play	Scream Tracker 3.01 (GUS)	16	118611	2e18f9b6	f21adce0	Soundstudio V1/MODULES/S3M/K/kdt.s3m
c6e5e8b756f826aad6aaae0c38d8149f	1	201641	player+silence	uade	OctaMED MMD1	0	99758	751c1a49	432a2b2f	TI-MAGAZINES/Modules/MOD.DriveMeBaby
c71a489a3e3120304b47fa5b7dee6e5a	1	188484	player	st3play	Scream Tracker 3.01 (SB)	16	143060	4e1e4784	8612c300	Soundstudio V1/MODULES/S3M/S/stereo.s3m
c72b44d84bc185d5d90c0c173615e6e0	1	75554	player	uade	Protracker	0	678960	58eab586	473ce2a0	Soundstudio V1/MODULES/MUG-MEMBERS/Fabio Barzagli/Tekkaman
c7350e799ef01f79ae8a8b6e150145ef	1	90303	player	uade	OctaMED MMD1	0	44124	4c081188	7db64105	Soundstudio V1/MODULES/MUG-MEMBERS/Trank Mast/CANISTER42
c75aef125508d0d4982a7c5f124245d2	1	211954	player	uade	OctaMED MMD2	0	75074	f15d1641	c4236b8c	Soundstudio V1/MODULES/MUG-MEMBERS/Paul Spark/Ad Infinitum
c792d151a57495c61c916ab821c31120	1	176789	player	uade	OctaMED MMD0	0	105964	2a62d496	c729042d	Soundstudio V1/MODULES/MUG-MEMBERS/Daniel Funnel/TheyCame
c795b8abe215656d273334f1ac4406a9	1	138369	player	uade	Protracker	0	195436	8a68d0d1	9439a48b	Soundstudio V1/MODULES/MED-4ch/T/Theres_by_virus
c795b8abe215656d273334f1ac4406a9	1	138369	player	uade	Protracker	0	195436	8a68d0d1	9439a48b	Soundstudio V1/MODULES/VARIOUS/T/theres_by_virus
c79bc8cd3a10d387e5fd6fc7dff7fb39	1	765696	player+silence	uade	OctaMED MMD1	0	502554	7aa8058c	1be119cb	Soundstudio V1/MODULES/VARIOUS/M/mrfibble
c7b82c0ebfca89e5c5d9e25ae25f9336	1	181411	player	uade	OctaMED MMD1	0	192416	69d2582f	98a217b5	TI-MAGAZINES/Modules/Hipno
c7bff47e6456330ad11e5cb85ddcb3aa	1	359707	player	uade	Protracker	0	124108	a5c180b0	29f93392	Soundstudio V1/MODULES/VARIOUS/M/modemulance
c7ca82f7e7930691ada96c141c4c1e70	1	224629	player+volume	uade	OctaMED MMD1	0	103812	af160ee0	8b28bfb9	Soundstudio V1/MODULES/MUG-MEMBERS/Rune Tlyden/Happynes
c7e66c1835cdf0d023cbdafcefbf0e8e	1	154123	player	uade	MED4 (4ch)	0	103771	09024f7c	41850858	Soundstudio V1/MODULES/MUG-MEMBERS/Chris Pettet/MYSTERY
c80677824099b060c2ae63071a168479	1	220467	player+silence	st3play	Scream Tracker 3.01 (GUS)	16	39650	d2acf425	4d00c4a7	Soundstudio V1/MODULES/S3M/O/orbitrm.s3m
c80b8520c0db7854227a9488020ff727	1	204328	player+silence	uade	OctaMED MMD1	0	430208	77927e15	8111721e	Soundstudio V1/MODULES/MUG-MEMBERS/Rob Moseley/LIVING ON MY OWN
c851c3149ecb105d8ed72734fe1e97b7	1	515405	player+silence	uade	OctaMED MMD2	0	322332	066310c9	76b9c65d	Soundstudio V1/MODULES/MED-4ch/T/Troubled_Boy
c85ebda05fa674f4c12c44afd581c62d	1	133787	player	uade	OctaMED MMD2	0	126004	55b7b870	0465d263	Soundstudio V1/MODULES/MUG-MEMBERS/Trank Mast/SinisterGoingsOn
c893d4f6ee041f02e4e0eef7bf824c71	1	250489	player+silence	uade	OctaMED MMD1	0	162860	695de297	8a549d68	Soundstudio V1/MODULES/MUG-MEMBERS/Paul Spark/BEATEM'
c8a0b1005edf6bf3ec4bae84d7c4919a	1	257957	player+silence	uade	OctaMED MMD1	0	168130	76d9f0b9	6ac4b789	Soundstudio V1/MODULES/MUG-MEMBERS/Paul Monahan/TheTrain
c8ea120a2a56c1389a5a94be1164a310	1	240950	player	st3play	Scream Tracker 3.01 (SB)	9	357139	e0a2f8b3	608bfcda	Soundstudio V1/MODULES/S3M/S/shadow.s3m
c9023c0aa8fd26d79cd6f25b0c7ebd6a	1	76277	player	uade	Protracker	0	19566	98ba18bb	5e75fb29	Soundstudio V1/MODULES/VARIOUS/I/invasions
c9490a8701c721b2b040181319dfab08	1	96331	player	uade	OctaMED MMD1	0	59046	20594f43	7febd858	Soundstudio V1/MODULES/MUG-MEMBERS/William Quinn/Rekall
c9842556ecc27aa07e0e29cba5e76aec	1	180506	player	uade	OctaMED MMD1	0	69464	1d62930f	cfc8f2db	Soundstudio V1/MODULES/MUG-MEMBERS/Steven Gane/WHY
c984657161b16f175eea2b6df2bef81b	1	209844	player	uade	OctaMED MMD1	0	25574	876524e4	0b6e589a	Soundstudio V1/MODULES/MUG-MEMBERS/Peter Kwann/R4_Rap
c9bf3622d9ba6ff836242fbd91d12c0c	1	98863	player	uade	OctaMED MMD1	0	104974	04ba46f6	e8799581	Soundstudio V1/MODULES/MUG-MEMBERS/Michael Richmond/SummerHolidays
c9da339f33f744cea022426627fa1656	1	299645	player	uade	Protracker	0	101682	6657da03	ab90f525	Soundstudio V1/MODULES/VARIOUS/M/mel o'dee
c9fd42d8496b7f02b3292eb0197eec79	1	190835	player	uade	OctaMED MMD0	0	181733	c3ee10e1	6d0b9ca0	Soundstudio V1/MODULES/MED-4ch/T/Tripintobase
ca1f85b8ddb8700cf32fccda7710249a	1	127116	player	uade	OctaMED MMD2	0	166076	7db4aeb2	fc4c5f17	Soundstudio V1/MODULES/MUG-MEMBERS/Trank Mast/FeetSeekingSlippers
ca44ea00ff917689963acab99fde0855	1	189227	player	uade	OctaMED MMD1	0	49784	389d9f4a	6125334d	Soundstudio V1/MODULES/MUG-MEMBERS/William Quinn/STAKKER_TRAK_1
cad933a724d0ddfcf34ea3944f450e25	1	79392	player	uade	OctaMED MMD1	0	232956	cc02634a	6938e82b	Soundstudio V1/MODULES/MED-4ch/B/Blue_day_1
cae8792e41e9653e64bf200208ad8a7b	1	237029	player+silence	uade	OctaMED MMD1	0	269794	a6dc89cc	cbdd5b04	Soundstudio V1/MODULES/MUG-MEMBERS/Rob Moseley/TELL_ME
caee9098b4090c11cd5115d2e8bc9fee	1	163667	player	uade	OctaMED MMD1	0	201390	036accdc	29865599	Soundstudio V1/MODULES/MUG-MEMBERS/Les Hodson/8-TRACK-EXPERIMENT
caf129a79c51056975fd5382f8b77bf3	1	158141	player	st3play	Scream Tracker 3.01 (GUS)	8	278148	8601012d	7d552179	Soundstudio V1/MODULES/S3M/N/notc.s3m
caf129a79c51056975fd5382f8b77bf3	2	25539	player
caf129a79c51056975fd5382f8b77bf3	3	15311	player
caf129a79c51056975fd5382f8b77bf3	4	10207	player
caf129a79c51056975fd5382f8b77bf3	5	18024	player
caf129a79c51056975fd5382f8b77bf3	6	26825	player
caf129a79c51056975fd5382f8b77bf3	7	19149	player
caf751641979d1fb292c0b468c647f01	1	99968	player	uade	Protracker	0	58432	4a9d8215	6671f97a	Soundstudio V1/MODULES/VARIOUS/F/flik_flak_tune_09
cb0a0c0945f68309fd6549056bd40231	1	46940	player	uade	OctaMED MMD1	0	103298	b0041613	85695e3e	Soundstudio V1/MODULES/MUG-MEMBERS/Rob Moseley/EightChannelExample
cb4bfddc2e58795a2e4e2cc49e996d2d	1	181089	player	uade	OctaMED MMD1	0	48640	ea7ca1cf	4dd99858	Soundstudio V1/MODULES/MUG-MEMBERS/Trank Mast/SoftPenetration
cb4cbeca580bef7b79cab570fd99593f	1	177291	player	uade	OctaMED MMD1	0	151926	49853b43	32b375c7	Soundstudio V1/MODULES/MUG-MEMBERS/William Quinn/FunkeTrick
cb4cbeca580bef7b79cab570fd99593f	1	177291	player	uade	OctaMED MMD1	0	151926	49853b43	32b375c7	Soundstudio V1/MODULES/MUG-MEMBERS/William Quinn/Funktrick
cb5d07c4f273c413acd1e0894fe5def7	1	123981	player	uade	OctaMED MMD0	0	98706	2894d091	6deec151	Soundstudio V1/MODULES/MED-4ch/C/Cold_nights_alone
cb78013f796e9834cfc926dde06b4df2	1	184481	player+silence	uade	Protracker	0	284558	903fb0cc	a31754ef	Soundstudio V1/MODULES/VARIOUS/N/night-in-tunesia
cb78f748ea78b6c7f47cbdeedcb5cf79	1	201445	player	uade	OctaMED MMD1	0	253788	ccfb4661	cb2d3000	Soundstudio V1/MODULES/MUG-MEMBERS/Trank Mast/CoveredInGrit(ColonizeMix)
cbbfe1a5b3b6e53f22e54c0e55289ccb	1	261679	player+volume	uade	OctaMED MMD1	0	106446	80b2948d	a1f58a81	Soundstudio V1/MODULES/MED-4ch/C/Code Of Ethics
cbd391d86c35eab8e5157c9167c621a4	1	200359	player	uade	OctaMED MMD1	0	72092	dab73201	1bd3be22	Soundstudio V1/MODULES/MUG-MEMBERS/Trank Mast/Hell_Rinse
cc080dc03002490eaa18e709cfbdc857	1	113070	player	uade	Protracker compatible	0	110080	f73c7c40	bcedb1aa	Soundstudio V1/MODULES/VARIOUS/V/virtinte
cc4a40f7bee85179750693d655dc2afe	1	331876	player	uade	OctaMED MMD1	0	239826	ae22fe92	66b72300	Soundstudio V1/MODULES/MUG-MEMBERS/Simon Ouzman/Co-Operate
cc66c442447cbfd0a862181aad0943d8	1	256141	player	uade	OctaMED MMD1	0	80738	8dba6967	f9aeb444	Soundstudio V1/MODULES/MUG-MEMBERS/Trank Mast/At_Great_Length
cc755229718ffec9e3cea671ae0685ca	1	228411	player	uade	OctaMED MMD1	0	347732	eeb7f06a	e0871dd2	Soundstudio V1/MODULES/VARIOUS/D/dax is never die !
ccb5f6ffc81151e83d8eaa09c6796839	1	75373	player	uade	OctaMED MMD2	0	198534	9a802c7d	ec0cf7f3	Soundstudio V1/MODULES/MUG-MEMBERS/Les Hodson/Microteric(PartII)
cd0ba1bd2abdef0cade82a4b79fe0691	1	163748	player	uade	OctaMED MMD2	0	440132	67e08895	5e44b3e1	Soundstudio V1/MODULES/MUG-MEMBERS/Reg Simpson/BRIGHT_EYES
cd122d3207ae8b4d6015686cab080df6	1	303343	player	uade	Protracker	0	368102	3b68e87a	9126ff6a	Soundstudio V1/MODULES/MUG-MEMBERS/Fabio Barzagli/LaGrandeClassica
cd97878c39d61cd16bd27ec19cedf4ee	1	137688	player+silence	uade	Protracker	0	158478	144edb9a	c4810411	Soundstudio V1/MODULES/VARIOUS/C/chase off
ce085eecef70faeeb8f217d4319f3365	1	159809	player	uade	Protracker	0	121042	621e0089	f02a239d	Soundstudio V1/MODULES/VARIOUS/F/funky beat
ce1e0573b7b616b53e4aba8ba83d0f0a	1	57791	player	uade	OctaMED MMD1	0	62682	55177c29	04df3bd9	Soundstudio V1/MODULES/MUG-MEMBERS/William Quinn/TENAJ_7-AAARRRGGGHHH
ce4ad460e88d0022e5c34caaddcd7cfa	1	166862	player	uade	OctaMED MMD1	0	196866	8672c2cb	28676528	Soundstudio V1/MODULES/MUG-MEMBERS/Ben Thomas/Merry-Xmas-Mr.Lawrence
ce546b95e36c41af8132bb66ebe4a309	1	163446	player	uade	OctaMED MMD2	0	102252	33124fc2	407cc06b	Soundstudio V1/MODULES/MUG-MEMBERS/Robert John/RockNRollWho
cea7d031501bcc4a7e72cfa645ccd3d0	1	211538	player+volume	uade	OctaMED MMD1	0	352276	4fc59ae9	40d0b951	Soundstudio V1/MODULES/MUG-MEMBERS/Matt Mclellan/Prelude1DMin
ceb68e074504838871e48738524b5a9e	1	267093	player	uade	OctaMED MMD1	0	59260	40c22c57	9e3c0577	Soundstudio V1/MODULES/MUG-MEMBERS/David Evans/RunToYou-(BackingTrack)
cec2c659543e1b4f08cb0cda23ba8a29	1	173594	player	uade	Protracker	0	129222	94eb33cd	b947fc1c	Soundstudio V1/MODULES/VARIOUS/S/starwatchers
ced07808269e86a69560003ac1bde0ef	1	207553	player	st3play	Scream Tracker 3.01 (GUS)	10	161324	b50b53ec	2183611d	Soundstudio V1/MODULES/S3M/S/shadsumm.s3m
cee1a1f25991488cdcca1c323f93a067	1	242055	player	uade	Noisetracker 1.x	0	410878	d8376cac	97f475fa	Soundstudio V1/MODULES/VARIOUS/D/dieagain
cf00309fdb038e78d6db7ba7b028f496	1	51688	silence	uade	OctaMED MMD1	0	97326	a7414c89	6638dfbd	Soundstudio V1/MODULES/MIDI/Asif Ali/MMD1/LoveLikeThis.MMD1
cf3a3396579e5f217fc6b05e2f422d59	1	165753	player+silence	uade	OctaMED MMD0	0	151342	78874157	224fb7a4	Soundstudio V1/MODULES/MED-4ch/R/Rainlight
cf499eb08028a10633476c490264997f	1	242598	player	uade	OctaMED MMD1	0	407918	6d4bc70d	fa526332	Soundstudio V1/MODULES/MUG-MEMBERS/William Quinn/The way it goes..
cf545a7908dda6370ab7fdb4d115e04d	1	134892	player	uade	OctaMED MMD2	0	141334	ce06e193	94cc3b6b	Soundstudio V1/MODULES/MUG-MEMBERS/Jimmy Geatches/Spongo
cf76fe3b96fd51849ea99354b7be77c2	1	348127	player+silence	st3play	Scream Tracker 3.01 (GUS)	16	494904	05d28836	d5d52307	Soundstudio V1/MODULES/S3M/F/flyforev.s3m
cf832e5ca0eb83fe47c4a08c437d753c	1	149039	player	uade	Protracker	0	100696	d190e4b4	1db7d286	Soundstudio V1/MODULES/VARIOUS/W/Wood
cfa3ac68858e4c619a4db226ee4097d2	1	60162	player	uade	OctaMED MMD1	0	64416	98578f79	99b3f329	Soundstudio V1/MODULES/MUG-MEMBERS/William Quinn/TENAJ_Short
cfa70f2be225ec71699347293ac1884f	1	0	nosound	uade	OctaMED MMD1	0	22264	67c52015	34514e18	Soundstudio V1/MODULES/MIDI/George MacDonald/SpacyCycle(GeneralMIDI)
d00208aa02a4eddf90ff2301198037ce	1	258613	player	uade	OctaMED MMD2	0	283452	eb743f27	a3a09708	Soundstudio V1/MODULES/MUG-MEMBERS/Phill Morris/Startravel
d018401bceadb9f779b9f05bd2f6ec57	1	130974	player	uade	OctaMED MMD1	0	17256	f2d974bf	2fc00db6	Soundstudio V1/MODULES/MUG-MEMBERS/Michael Richmond/Tension
d027fa616af345e43d0592c2c252e2c0	0	156425	player+volume	libopenmpt	Scream Tracker 3.00 (GUS)	25	126076	b7af8c9b	ba4d39c5	Soundstudio V1/MODULES/S3M/E/END.S3M
d035e6e79200ad54c1897445cb13cee3	1	116045	player+silence	st3play	Scream Tracker 3.00 (SB)	8	186633	ba84df4b	4b5e8e53	Soundstudio V1/MODULES/S3M/T/TIGER.S3M
d045861ec6e6382562521334a6df7222	1	86566	player	uade	OctaMED MMD0	0	98301	23aaf862	383b481b	Soundstudio V1/MODULES/MED-4ch/H/Hitit
d065427857f5824e8e8c3c528e589808	1	193990	player	uade	OctaMED MMD1	0	290536	c4aa041a	1ca66a21	Soundstudio V1/MODULES/MUG-MEMBERS/Fabio Barzagli/Unlucky_Gunman
d0d5f4cf93415578a9ece772a0bcdef2	1	306678	player	uade	OctaMED MMD2	0	247652	719cc722	d0f3bb6c	Soundstudio V1/MODULES/MUG-MEMBERS/Mark Nottingham/Afterdark
d0d95d97fa39e5962e56234a66beb199	1	141142	player	uade	OctaMED MMD1	0	48644	4192f0ec	bd2f05ba	Soundstudio V1/MODULES/MED-CLASSICS/Adagio
d109487be71144a9e08dc7f4e2d24e40	1	184322	player+silence	uade	OctaMED MMD1	0	111894	7f20ec01	b08b90de	Soundstudio V1/MODULES/MUG-MEMBERS/Ben Thomas/TenToMidnight
d11602a1e29e7ab27e42801f20337418	1	644036	player+silence	uade	MED4 (4ch)	0	81664	35cd3b78	143e0b96	Soundstudio V1/MODULES/MED-4ch/N/Negligent
d147a45b375cdf52241ab70cf9655bb4	1	253629	player	uade	Protracker	0	149156	3c6bb73e	28f79773	Soundstudio V1/MODULES/VARIOUS/C/checknobanckh
d15876f982fe18ec6eb8ddf4e3db54ab	1	250394	player	uade	OctaMED MMD1	0	283784	cb22dca7	0c28cdae	Soundstudio V1/MODULES/MED-4ch/R/RudeBoysRemix
d16c789e1d92082258fac55f01ce52b0	1	343980	player+volume	uade	OctaMED MMD1	0	362584	cb682dd8	391ee72a	Soundstudio V1/MODULES/MUG-MEMBERS/William Quinn/Tenaj Phunke
d181bcc4198fc657c9c182a29a6611e8	1	111764	player	uade	Protracker	0	168422	1110aa9e	722c39c5	Soundstudio V1/MODULES/VARIOUS/H/Holotech-v2
d1acef5264866fb2efb068c6f7223abd	1	189104	player+silence	uade	Protracker	0	179276	cfd57f6d	2b9da338	Soundstudio V1/MODULES/VARIOUS/D/d-a converter
d1bf2e5d70d423ab865c5e11837a90c8	1	255398	player	uade	OctaMED MMD1	0	109210	0f437d4f	c9598224	Soundstudio V1/MODULES/MUG-MEMBERS/THT/Summertime
d1e391d07b083928347d9ab10bcf52d3	1	86525	player	uade	Protracker	0	31490	4b0a300c	a853fc93	Soundstudio V1/MODULES/VARIOUS/C/cheeseburger
d1fc7f56d6cb41f6344a50a663c5c296	1	76920	player	uade	Protracker compatible	0	46318	e321de8e	4eb93f58	Soundstudio V1/MODULES/VARIOUS/B/bourbonstreetii
d20ea72d103f98577372d540073159d0	1	77001	player	uade	OctaMED MMD1	0	152918	a24f920d	75ef2850	Soundstudio V1/MODULES/MUG-MEMBERS/Andy Baxter/Baxter'sUnfinished
d21ad5282ec7e242ebd8f22362491ea9	1	133586	player	uade	OctaMED MMD1	0	230994	e9d7476c	3da86d5e	Soundstudio V1/MODULES/MUG-MEMBERS/Ben Thomas/Two-Minute-Nile
d21ad5282ec7e242ebd8f22362491ea9	1	133586	player	uade	OctaMED MMD1	0	230994	e9d7476c	3da86d5e	Soundstudio V1/MODULES/VARIOUS/T/Two-Minute-Nile
d21d1ddc9943de73412c8c00fe2b60f6	1	276436	player+silence	uade	Protracker compatible	0	232298	3702d5f1	a581ef3e	Soundstudio V1/MODULES/VARIOUS/O/occ-san-geen
d229a1936690149dae4963adc533b30a	1	255940	player	uade	OctaMED MMD1	0	354972	54464116	65c09867	Soundstudio V1/MODULES/MUG-MEMBERS/William Quinn/Don'tYouForget
d229a1936690149dae4963adc533b30a	1	255940	player	uade	OctaMED MMD1	0	354972	54464116	65c09867	Soundstudio V1/MODULES/MUG-MEMBERS/William Quinn/SIMPLE_MINDS
d22fb91d2175c10b51aa278d4f00d0a5	1	256000	player	uade	Protracker	0	287844	21765901	fd8deff8	Soundstudio V1/MODULES/VARIOUS/L/legend
d23beb739f01397ca95d780bbd4d50df	1	366971	player+silence	uade	OctaMED MMD3	0	415228	c778541e	a45d7fe0	Soundstudio V1/MODULES/S3M/C/cyberdrm.s3m
d241fdd5da3616e877ecf58ceae00d43	1	290181	player	uade	OctaMED MMD1	0	297910	fa1f0685	e0e1668d	Soundstudio V1/MODULES/MED-4ch/K/Kidsgeth
d25d7022df80e07df83a5b9a6e7ff633	1	268499	player	uade	OctaMED MMD1	0	150722	9c8c4d2c	f6caa014	Soundstudio V1/MODULES/MUG-MEMBERS/Ben Thomas/Spirits-Of-Christmas
d25d7022df80e07df83a5b9a6e7ff633	1	268499	player	uade	OctaMED MMD1	0	150722	9c8c4d2c	f6caa014	Soundstudio V1/MODULES/VARIOUS/S/Spirits-Of-Christmas
d264edc1936c9d1dd69d1c1327b06009	1	231626	player	uade	Protracker (vblank)	0	146774	20fbd938	97db8ef6	Soundstudio V1/MODULES/VARIOUS/H/Hidden_secret
d2b6b41bd096e8b9c731d903e1a8af97	1	152435	player	uade	OctaMED MMD1	0	588470	a5412672	d7cf211c	Soundstudio V1/MODULES/MUG-MEMBERS/Holger Bahr/V7
d2c419691ef226a22b510e6289a4dba6	1	330949	player+silence	st3play	Scream Tracker 3.00 (SB)	16	151034	e2de8a41	94f6db76	Soundstudio V1/MODULES/S3M/F/fishtro.s3m
d2c419691ef226a22b510e6289a4dba6	2	168691	player
d2c642aaae798e5653d85e105c66355b	1	86465	player	uade	OctaMED MMD1	0	99564	08a83462	b8ac766b	Soundstudio V1/MODULES/MUG-MEMBERS/Fabio Barzagli/TechnoDanger
d2d55958aa45a1288d5679a3dd987fe8	1	184445	player	uade	Soundtracker II (31 instr.)	0	117050	529abb25	b54bf82d	Soundstudio V1/MODULES/VARIOUS/E/epi
d2dcf073b370b6abbac1f3c1caa26667	1	474058	player+silence	uade	Protracker	0	271958	96f9a97e	ead0740d	Soundstudio V1/MODULES/VARIOUS/D/dimension iv
d2f91e4b057d23dad1cd5386fcb50ba5	0	215422	player+silence	libopenmpt	Scream Tracker 3.01 (SB)	8	7239	344f18fa	3434fa75	Soundstudio V1/MODULES/S3M/D/DARK.S3M
d3081a4387258320afaec4bdfad387e4	1	264058	player+silence	uade	OctaMED MMD1	0	337474	d134faea	89fb4bae	Soundstudio V1/MODULES/MUG-MEMBERS/Simon Ouzman/Monster
d3292b13375819dd543bbe0a98abb4b9	1	218846	player	uade	OctaMED MMD1	0	488406	28b6268c	144e9714	Soundstudio V1/MODULES/MUG-MEMBERS/William Quinn/U96
d32e8d7609387bc5889caf4f49626979	1	292472	player	uade	Protracker	0	401832	5c5a0207	e07d6926	Soundstudio V1/MODULES/VARIOUS/W/we_need_paradise
d33010b1766abc49f5a2b08cba3e99dd	1	183601	player	uade	OctaMED MMD1	0	91098	d2beeb12	f1392921	Soundstudio V1/MODULES/MUG-MEMBERS/Tom Cozzolino/HaveANiceDay
d331ac3e6040b17b652995ce50cc7a56	1	270910	player	uade	OctaMED MMD2	0	226268	d60e4e3d	5eb628e2	Soundstudio V1/MODULES/MUG-MEMBERS/Phill Morris/lost!
d331ac3e6040b17b652995ce50cc7a56	2	0	nosound
d345cd5b984e288fb93b7032fcee61a3	1	155018	player+silence	uade	OctaMED MMD2	0	178264	ddc13b08	9f49c32c	Soundstudio V1/MODULES/MUG-MEMBERS/Phill Morris/B5
d362fe22ece114db487292983676ab8a	1	194759	player+silence	uade	OctaMED MMD1	0	157178	c98ff611	1cbf450f	Soundstudio V1/MODULES/MUG-MEMBERS/Les Hodson/OVER-THE-TOP
d373946e81366c4e3ef7dd11bd48b5d6	1	139571	player	ft2play	Fasttracker (M.K.)	4	109117	a8028015	0112b375	Soundstudio V1/MODULES/VARIOUS/F/Firstone
d38dcd5eeb57dd257a7b5dacb0eabc9e	1	149983	player	uade	OctaMED MMD1	0	225158	0d8bdcef	3c035439	Soundstudio V1/MODULES/MED-4ch/L/Lathe
d399774cd8e2ac633df7608de4691672	1	304709	player	uade	Protracker	0	417914	74da2650	d1403999	Soundstudio V1/MODULES/VARIOUS/H/hoidemo
d3bfb179faba5d4549317520b4688a59	1	224694	player	uade	OctaMED MMD1	0	221512	3ef22249	aa34aa1b	Soundstudio V1/MODULES/MUG-MEMBERS/Ian Chisholm+Marcus Donachie/Early_Morning
d3e49f3a661d517a8be5e537761cda71	1	189712	player+silence	uade	Protracker	0	154338	3ba73217	04511db5	Soundstudio V1/MODULES/VARIOUS/B/brain-dead-dax
d426fe49e2447978954f5624b5adf21b	1	0	nosound	uade	OctaMED MMD1	0	17060	b5a16f0a	0ef259ed	Soundstudio V1/MODULES/MIDI/George MacDonald/Teebrake(GeneralMIDI)
d48a16179283e442bdbe630e8c23b597	1	138528	player+silence	uade	OctaMED MMD1	0	66864	aab8b77f	a81aae42	Soundstudio V1/MODULES/MED-4ch/B/BananaRag
d4a5651aae3c43ddc2fa80cd3efa4c71	1	289882	player+silence	uade	OctaMED MMD1	0	825912	ca861a65	d5e52540	Soundstudio V1/MODULES/MUG-MEMBERS/Sam Gilbert/BelieveMe
d4bd05862bd01aaa61069793566bbc88	1	268650	player+silence	uade	OctaMED MMD1	0	64566	e6faab14	942f63ff	Soundstudio V1/MODULES/MUG-MEMBERS/Ross Couch/Nexius
d507333f4a50a21928c51a3652c5f599	1	49438	player+silence	uade	OctaMED MMD1	0	23894	bbee4eb6	0b108111	Soundstudio V1/MODULES/MUG-MEMBERS/Jimmy Geatches/Titchy
d51856777744ba48f5facc10f7b92d5a	1	161678	player	uade	OctaMED MMD1	0	163192	2c20d309	c569a932	Soundstudio V1/MODULES/MUG-MEMBERS/Roger O'Farel/Feather-In-My-Cap
d57a7f79a0bc36f566af08218008c3f9	1	235364	player	uade	OctaMED MMD1	0	289246	9c869c1d	73225220	Soundstudio V1/MODULES/MED-4ch/I/Infested
d5b9facab9a7ee5b149745617b48f73e	1	79492	player	uade	OctaMED MMD0	0	19461	584e061c	901997ad	Soundstudio V1/MODULES/MED-4ch/N/Nomemory1
d5e6c3f36647edcf1bfc2f70294c83f3	1	216455	player	uade	Protracker	0	125170	a6ebeb19	49a7700d	Soundstudio V1/MODULES/VARIOUS/N/Nocorner
d5ef2dc309b5e3014ce6a3e1a0bed3ce	1	114999	player	st3play	Scream Tracker 3.01 (SB)	16	240865	58b859d1	88b886ee	Soundstudio V1/MODULES/S3M/A/alpha.s3m
d6055105c8991ba27557a6e96993aeda	1	92413	player	uade	OctaMED MMD1	0	12736	b56e3378	35515ef2	Soundstudio V1/MODULES/MUG-MEMBERS/William Quinn/Transpose
d6324dc765e9a5f5e93aa6a6725a90c7	1	133506	player	uade	MED4 (4ch)	0	225912	2abc8bed	83cd3349	Soundstudio V1/MODULES/MUG-MEMBERS/Steffan Jordan/Emotion
d69d02a8e992de39b7af86f02447df23	1	186154	player+silence	uade	OctaMED MMD3	0	100186	6099ba47	decbd592	Soundstudio V1/MODULES/MED-4ch/T/Thunder
d6a0bbae2773db6b38e3794bb4aac680	0	253609	player	uade	Ultimate-Soundtracker or compatible	0	68940	59cd1c79	dcb9c1a0	Soundstudio V1/MODULES/VARIOUS/C/crystalhammer
d6cc47df93508357b1a88ced1de9f56b	1	102520	player	uade	Protracker compatible	0	46308	d370eb84	a1a3fea4	Soundstudio V1/MODULES/VARIOUS/P/patzga
d70581790f82201247a837caaf7f6e4f	1	261808	player	uade	OctaMED MMD2	0	163154	c365b1f4	9e2da6cd	Soundstudio V1/MODULES/MUG-MEMBERS/Neil Murray/ComeOutOfTheDark
d719589aab37d3d6b47d05b5febe987c	1	140921	player	uade	Protracker	0	106646	717b943c	2be97d0c	Soundstudio V1/MODULES/VARIOUS/T/thelastone
d7362e95440ffe50fe10f1706ea6d50d	1	0	nosound	uade	OctaMED MMD2	0	111282	cd895c93	dba40ebf	Soundstudio V1/MODULES/MIDI/Asif Ali/MMD2/CYBERSPA.MMD2
d7570cb946390f8e4b70c29dde5922fd	1	154223	player	uade	OctaMED MMD0	0	211159	b4f1bc24	18a24c78	Soundstudio V1/MODULES/MED-4ch/M/Morninggroove!
d7c7929f6bc61e165d72fdb1f61733aa	1	231204	player	uade	OctaMED MMD0	0	778798	81b1684a	854d6234	Soundstudio V1/MODULES/MUG-MEMBERS/Alex Jones/AchyBreakyInd
d7dcf4baca6cac899a8b9a5b15de1b0a	1	195175	player	uade	OctaMED MMD1	0	81232	9f07ecea	2a72ccc6	Soundstudio V1/MODULES/MUG-MEMBERS/Michael Ward/EgyptianDancer
d7f5f3b208750087c465e58030ca8f11	1	344145	player+silence	uade	OctaMED MMD2	0	125046	4c856fe3	6158dd14	Soundstudio V1/MODULES/MUG-MEMBERS/Carl Barry/TimeToDie
d803daf94ce6ee3864769aa640aae198	1	138630	player	uade	OctaMED MMD1	0	124524	8efef102	b7822927	Soundstudio V1/MODULES/MUG-MEMBERS/Andy Baxter/KISS MY ACOUSTIC GUITAR
d830dd871b4ad2b5bb3f1e1f9c615161	1	73082	player	uade	Protracker	0	52226	c2e2c36e	3ab0a053	Soundstudio V1/MODULES/VARIOUS/L/little funk
d83112f691ef76c3a7d5380b43704dcb	1	346907	player	uade	OctaMED MMD1	0	391806	88e05599	3cb7d616	Soundstudio V1/MODULES/MUG-MEMBERS/Jimmy Geatches/RespectBARMix
d853385849783e37d0b35dad87f2b1b3	1	123691	player+volume	uade	Protracker	0	102316	5d0c19f1	1355f425	Soundstudio V1/MODULES/MUG-MEMBERS/Fabio Barzagli/Ch3-Atmo
d868a6aff2ec449087af336bbf27b86d	1	0	nosound	uade	OctaMED MMD2	0	61440	7f6ee064	5b44a45d	Soundstudio V1/MODULES/MIDI/Asif Ali/MMD2/SOULTAKR.MMD2
d8766789a2889a83f86262ccc77920c5	1	382735	player	uade	Protracker	0	195032	0caa301c	049bf384	Soundstudio V1/MODULES/VARIOUS/M/mtd-greets.slow time
d89c5a62a6e5479b567fcd90ec6380fb	1	382355	player+silence	uade	OctaMED MMD2	0	141256	cdecc839	66729bd8	Soundstudio V1/MODULES/MUG-MEMBERS/Carl Barry/WhalesLament
d89e7d2ec95db8ed89e19faccbaa699d	1	350343	player	uade	OctaMED MMD1	0	227052	0500d9b0	383def78	Soundstudio V1/MODULES/MUG-MEMBERS/Les Hodson/HeavySongToo!
d8d79168751aac02fbdf8e75f665e22d	1	290460	player+silence	uade	OctaMED MMD0	0	64166	5907753a	e60959b7	Soundstudio V1/MODULES/MED-CLASSICS/Classical-Songs/Liszt/H_Rhapsody_6
d8da0ce613eee5a53ec81c913d9441d9	1	132702	player	uade	OctaMED MMD0	0	46556	91436115	eebbb819	Soundstudio V1/MODULES/MED-CLASSICS/Classical-Songs/Liszt/H_Rhapsody_3
d8e78d1e448bde84d3ec3ccc17dab24c	1	235745	player	uade	OctaMED MMD1	0	313872	a5780200	77f78f8c	Soundstudio V1/MODULES/VARIOUS/P/Psi_anogen
d8ed901cf9ad566921af85d06c9058ab	1	167391	player+silence	uade	OctaMED MMD1	0	33198	38a95d05	efc0735d	Soundstudio V1/MODULES/MUG-MEMBERS/Ross Couch/Techno_Mission
d8efdb60d7c30cbc28c3e1a4839c2153	1	247481	player+silence	uade	OctaMED MMD1	0	678800	3ad65994	ca51d93a	Soundstudio V1/MODULES/MUG-MEMBERS/Sean O' Farrel/RentFreeAphrodite
d909ff93f55a34fe77712d3da3621e0c	1	289904	player+silence	uade	OctaMED MMD1	0	79266	654e5768	961eb0b3	Soundstudio V1/MODULES/MUG-MEMBERS/Paul Spark/Alone
d926dc28e6acfa76b70f21c2f7819d4f	1	199797	player	uade	Protracker compatible	0	78758	2bfe68a6	56ce32a2	Soundstudio V1/MODULES/VARIOUS/G/gottaswing
d93011e8247ac190290adde8d57afd82	1	531835	player	uade	OctaMED MMD1	0	197342	01cafee5	18f8f3ee	Soundstudio V1/MODULES/MUG-MEMBERS/Steven Gane/ToTheExtreme
d9403e260a2727a27606d3727d29f890	1	123137	player	st3play	Scream Tracker 3.01 (SB)	6	136138	5a3a67f6	04c4ec12	Soundstudio V1/MODULES/S3M/F/fire.s3m
d94975000f44981a5036e5706ab2b222	1	46216	player	uade	Protracker compatible	0	9900	1586fd28	67f361d9	Soundstudio V1/MODULES/VARIOUS/I/introghost
d981e45199524bb1812541c6b955fa66	1	223066	player	uade	OctaMED MMD1	0	231252	04c6baee	8321dd32	Soundstudio V1/MODULES/MUG-MEMBERS/Reg Simpson/The Man I Love
d981e45199524bb1812541c6b955fa66	1	223066	player	uade	OctaMED MMD1	0	231252	04c6baee	8321dd32	Soundstudio V1/MODULES/VARIOUS/T/The Man I Love
d98a168f85fa7e224db0c489c42d4139	1	702857	player	uade	Protracker compatible	0	141118	735619cc	060c92ef	Soundstudio V1/MODULES/VARIOUS/P/progressive-funk
d996c2e73c27e0b7ca6378884da816d7	1	190152	player	uade	OctaMED MMD1	0	251976	e51afb8d	b10a58e5	Soundstudio V1/MODULES/MUG-MEMBERS/THT/TheUltimate
d99fa9b4d562b03f18cb04e47f235faf	1	127437	player	uade	Protracker	0	75446	66d2b389	49c55bd3	Soundstudio V1/MODULES/VARIOUS/I/iceflow
d9a9eaf980efc854de433103e93d2d47	1	254272	player	uade	Protracker	0	170602	c20a984f	b3aa08ea	Soundstudio V1/MODULES/VARIOUS/S/spring theme
d9abbd379767cb3e1950b9e7f666fc87	1	96090	player	uade	OctaMED MMD1	0	103726	d5d50f1c	bf34e4f4	Soundstudio V1/MODULES/MUG-MEMBERS/Tom Cozzolino/Blockhead_Funk
da19193ab374c8225f7c6e20ef5e317e	1	224131	player	uade	Noisetracker 1.x	0	123304	59692ab9	7d31d827	Soundstudio V1/MODULES/VARIOUS/G/galactica
da2cfd0c662ff60edcfbc1a556564f81	1	213441	silence	uade	OctaMED MMD2	0	158890	5b1b6d37	57aeb2c2	Soundstudio V1/MODULES/MUG-MEMBERS/Greg McLaughlin/Exter-Trance
da3748de88e2bf2e7ceb58d53dc0cff7	1	223049	player+silence	uade	OctaMED MMD1	0	117882	d4a6a75f	6c7292d1	Soundstudio V1/MODULES/MUG-MEMBERS/Johs Ringheim/Satan'sUnderwear
da43a1013c2e0b71b5ff30a39b8d2a74	1	198571	player	uade	Protracker	0	296634	c1384aae	31c31598	Soundstudio V1/MODULES/VARIOUS/A/a kind of love
da4893a7054882495288582bc7b730f3	1	242122	silence	uade	Protracker	0	187460	667ab3e8	19340485	Soundstudio V1/MODULES/VARIOUS/I/illustratedman
da5847c03cbf2448e28f96cee3886683	1	376330	player+silence	uade	OctaMED MMD1	0	247170	9a904e47	e691f9a5	Soundstudio V1/MODULES/VARIOUS/M/Money
da6826369a89cd2c35043fbc2e21dfae	1	228130	player	uade	Protracker	0	142694	f94d7134	91796fe3	Soundstudio V1/MODULES/VARIOUS/P/piglet
dacc643db6346256428e80e5c4cb2328	1	210535	player+silence	uade	Protracker	0	136720	e0b4d38e	52d91e37	Soundstudio V1/MODULES/VARIOUS/N/new life
dae2b13d0dc304c3267044c89dff49ff	1	137263	player	uade	OctaMED MMD1	0	126580	92bad4b0	9305202d	Soundstudio V1/MODULES/MUG-MEMBERS/George MacDonald/CureARainyDay
db094d54151f2caa4b0d678ed4469192	1	80758	player	uade	Protracker	0	182916	40507dcc	3899633e	Soundstudio V1/MODULES/VARIOUS/T/tykos jultekkno
db18eb4a2354a253dbf718549f74872c	1	268921	player	uade	Protracker	0	123430	7e8c5c7f	12a3f047	Soundstudio V1/MODULES/VARIOUS/C/cm1-dasultimatum
db7f7b65eb3bad591d72cfb749c4a067	1	267012	player	uade	OctaMED MMD2	0	320148	35a9ce79	3d38128a	Soundstudio V1/MODULES/MUG-MEMBERS/Steven Gane/Preview
db7f7b65eb3bad591d72cfb749c4a067	2	273764	player
db7f7b65eb3bad591d72cfb749c4a067	3	219308	player
db7f7b65eb3bad591d72cfb749c4a067	4	237333	player
db7f7b65eb3bad591d72cfb749c4a067	5	24012	player
db7f7b65eb3bad591d72cfb749c4a067	6	54857	player
db92bd3248cda4ef4be89987af297260	1	161256	player	uade	OctaMED MMD1	0	62794	eade238f	540ba9bc	TI-MAGAZINES/Modules/HappyBiscuitman
dbaf3915a1df798e2206bd3514537d4d	1	184445	player	uade	Protracker compatible	0	97684	169cd962	78cd7baf	Soundstudio V1/MODULES/VARIOUS/D/disco-groove
dbb76e707ad668af3faf8c132c753748	1	143774	player	uade	MED4 (4ch)	0	235551	88f523e9	f124a226	Soundstudio V1/MODULES/MUG-MEMBERS/Steffan Jordan/Art
dbe80dec0e68875e9556d72290db577c	1	134515	player+silence	uade	OctaMED MMD1	0	120660	651610d7	c036d4d6	Soundstudio V1/MODULES/MED-4ch/O/Oppression
dbed93d88a325377e6a42332adc2168b	1	112769	player	uade	Soundtracker II (15 instr.)	0	25374	23ff64a7	37ff0114	Soundstudio V1/MODULES/VARIOUS/A/awesome4
dc0f6479ed9d067bdf9b494ed9a9c663	1	237800	player+silence	uade	OctaMED MMD1	0	82250	babbd9b3	7142984f	Soundstudio V1/MODULES/MUG-MEMBERS/Ben Thomas/TheMagicCircus
dc0f6479ed9d067bdf9b494ed9a9c663	1	237800	player+silence	uade	OctaMED MMD1	0	82250	babbd9b3	7142984f	Soundstudio V1/MODULES/VARIOUS/T/TheMagicCircus
dc1b753f41fefc7fac8cdb0b2c957f55	1	375615	player+silence	uade	OctaMED MMD2	0	170246	311e20a9	c9b1616c	Soundstudio V1/MODULES/MED-4ch/A/amyl
dc47e60b7f17b8eabc9451cfbc28e6a6	1	377691	player	uade	OctaMED MMD1	0	153322	63d1e206	e5db88c1	Soundstudio V1/MODULES/MED-4ch/A/A_Night_In_This_City
dcae864faeeffa4800adeb97ecebdc08	1	227004	player	uade	Protracker	0	175758	c0c2f623	f5796259	Soundstudio V1/MODULES/VARIOUS/I/imgonnab
dcbadc7e72858f694f7d902d683ddd62	1	188805	player	uade	OctaMED MMD1	0	53690	61ed6ba1	405b7990	Soundstudio V1/MODULES/MUG-MEMBERS/The Sidewalk/Siren_Song
dd02a63a6e9ea64046c1c2e52364b225	1	178497	player	uade	OctaMED MMD1	0	136350	7290cfc4	ff03cd7d	Soundstudio V1/MODULES/MUG-MEMBERS/William Quinn/Overloaded V
dd89a15339fc4d2057c520a813749d3d	1	385022	player+silence	uade	OctaMED MMD1	0	94136	dff9360c	0a41a39f	Soundstudio V1/MODULES/MED-4ch/P/Philharmonic
ddd7fc219cff87bb140b442994a9352e	1	84717	player	uade	OctaMED MMD0	0	25422	39f785b8	c2eca1d5	Soundstudio V1/MODULES/MUG-MEMBERS/Michael Richmond/C64-Days
ddeb1a7583f2fd4cee9aee0a3e2df031	1	245652	player	uade	OctaMED MMD1	0	165686	45aeb68d	32087fa6	Soundstudio V1/MODULES/MED-4ch/W/Who-I-Want
de0bd51c03fabce10c6352faee7eaa96	1	307549	player+silence	ft2play	Fasttracker	8	642772	fef8ba2b	0e0e9cd8	Soundstudio V1/MODULES/MUG-MEMBERS/Fabio Barzagli/Concerto
de22d971c515b7b12d039b08b594ea1d	1	187338	player	uade	Protracker	0	198472	68267850	1d448940	Soundstudio V1/MODULES/VARIOUS/V/v.o.x
de6330bc4835fff829e59fc507f82dbb	1	138369	player	uade	Protracker compatible	0	26534	7ff28b63	7fada3ce	Soundstudio V1/MODULES/VARIOUS/S/short
deb20f297f1f5c770fa50dc0c0ca7628	1	417820	player	uade	Protracker	0	222220	47788255	8d3c3e9a	Soundstudio V1/MODULES/VARIOUS/C/calling-earth
dee3710367fefe43f123bd8901a8fdaf	1	211894	player	uade	OctaMED MMD1	0	66844	10d0e4ab	9caeb76b	Soundstudio V1/MODULES/MUG-MEMBERS/Michael Richmond/Bermuda
dee9f765360573a40aa91f9a12194551	1	247822	player	uade	OctaMED MMD1	0	264452	f21a293b	72baae45	Soundstudio V1/MODULES/MED-4ch/B/Bionic_Monkey_Boy
df030625d17bd1e5c8b9dfceac0f98bd	1	146045	player	uade	Noisetracker 1.x	0	56772	ec9fd5c2	58fff981	Soundstudio V1/MODULES/VARIOUS/Q/quantum
df1447bbb2400c13281ade0154a3b269	1	172710	player	uade	OctaMED MMD1	0	105232	899b2ac0	07638d2b	Soundstudio V1/MODULES/MUG-MEMBERS/C-Rad/NitePaws
df2b41d062fbfe75c42674852b745a93	1	38460	player	uade	OctaMED MMD1	0	87820	037f636c	76ca3d26	Soundstudio V1/MODULES/MUG-MEMBERS/Tom Cozzolino/Ultrashort
df2fe54c29da4fbb79def5067ccd29ef	1	61588	player	uade	OctaMED MMD1	0	44396	b13ca9ed	09e4dd5d	Soundstudio V1/MODULES/MED-CLASSICS/5th_of_beathoven.mod
df349c0babfafbb3c04231fbdc06b916	1	1462782	player	uade	OctaMED MMD2	0	760782	e1ad3007	58370515	Soundstudio V1/MODULES/MUG-MEMBERS/Peter Batho/BloodOfTheEarth
df3847de74de2f4b7cd0b82214747472	1	397444	player	uade	OctaMED MMD1	0	792002	65bd2778	397690fa	Soundstudio V1/MODULES/MUG-MEMBERS/James Drabble/Kickin'InTheBeat
df5b4742e4c72276f447a16d6a03a1b7	1	317045	player+silence	uade	OctaMED MMD2	0	211304	996a7620	956226e9	Soundstudio V1/MODULES/MUG-MEMBERS/Carl Barry/TheRaidsProject
df7d97c9ad6332bda4173510ddcdebec	1	230541	player	uade	Protracker	0	123428	0cc701b7	c55e93ab	Soundstudio V1/MODULES/VARIOUS/F/findusochkorven
df993c4742ea729c9d37684a0d70008c	1	146304	player+silence	uade	OctaMED MMD1	0	291374	ae7ac486	7b3e477e	Soundstudio V1/MODULES/VARIOUS/C/Caergon
dfa5ac045b280e60781868eb6528d6f6	1	309703	player+silence	uade	Protracker	0	277342	36fc4588	1a090b2e	Soundstudio V1/MODULES/VARIOUS/N/new covenant
dfd65046c43805d6edb7e98d512c98f1	1	316022	player	uade	OctaMED MMD1	0	119244	ca1bb436	6d216704	Soundstudio V1/MODULES/MED-4ch/T/TwelveDays
dfdf985d29d673cf56419f9273af0bdc	1	303066	player+silence	uade	OctaMED MMD2	0	191662	9308ead3	721350a3	Soundstudio V1/MODULES/MUG-MEMBERS/Greg McLaughlin/9thCloud
dfea03d604d5e6b44b686bcc58aeaf26	1	381027	player	uade	Protracker	0	548680	1242a45a	61556667	Soundstudio V1/MODULES/VARIOUS/T/the_deceit6
e015d66c3af9faa5826e42dd6f152278	1	184244	player	uade	OctaMED MMD1	0	61222	1c077ec7	4b38e346	Soundstudio V1/MODULES/MUG-MEMBERS/Michael Richmond/DawnANB
e01f039b3e811453fc71b2d037dff50f	1	119098	player	uade	OctaMED MMD1	0	31612	d90bb2e2	cfc60522	Soundstudio V1/MODULES/MUG-MEMBERS/Trevor Williams/GreenBlues
e023dac1eb4753b9f820cf1261249928	1	149400	player	uade	OctaMED MMD1	0	154866	1d8d06bc	f413fb20	Soundstudio V1/MODULES/MUG-MEMBERS/Dean Murray/Deano'sMontreux
e040c55707c182f46ac821a02cb1bc5f	1	182795	player+silence	uade	OctaMED MMD1	0	250630	f5d21ab2	0b5d5840	Soundstudio V1/MODULES/MUG-MEMBERS/Rob Moseley/SexEnergy
e0597bb0db35e9734cf6b6f5d262aa0a	1	125227	player	st3play	Scream Tracker 3.00 (GUS)	8	235521	91ad359d	c7ce05ba	Soundstudio V1/MODULES/S3M/I/icefront.s3m
e0af892f102a7896fca5d5a0ecdc9f0e	1	437891	player+silence	uade	Protracker	0	234196	fe4c76d0	89395e71	Soundstudio V1/MODULES/MUG-MEMBERS/Fabio Barzagli/Atmosphere
e0ccac6fa743a065a6f1df6caa251056	1	245270	player	uade	OctaMED MMD0	0	318681	58d723c9	cd793e2e	Soundstudio V1/MODULES/MED-4ch/U/Ukw
e1349104f781258f6ef8cd900ce786a5	1	177835	player+silence	uade	OctaMED MMD1	0	455312	2468f1f1	4c8b9852	Soundstudio V1/MODULES/MUG-MEMBERS/Simon Ouzman/AugustDream
e1571dc8a7d3d8a7cf8826628765127d	1	145804	player	uade	OctaMED MMD1	0	222072	26a9547d	a4c2b824	Soundstudio V1/MODULES/MED-4ch/T/TrueRomance
e1658413580fe5628608a663717512a1	1	196682	player	st3play	Scream Tracker 3.01 (SB)	8	75876	ad01d722	b5df621a	Soundstudio V1/MODULES/S3M/R/RAGDEPTH.S3M
e165f6ed2f92733bda0f517aad3cf7ed	1	395897	player	uade	OctaMED MMD2	0	235610	47d4e16c	ea52eac3	Soundstudio V1/MODULES/MUG-MEMBERS/Dean Sadler/OrItCouldGoThisWay
e17fa01f766d679bca29e3feb371b8ec	1	529492	player+silence	uade	OctaMED MMD1	0	571400	17e521c4	c63decc7	Soundstudio V1/MODULES/MUG-MEMBERS/Michael Hunt/BeingWithAlice
e21ffd7d8852fc936010b178a6dadd21	1	190815	player	uade	Protracker	0	198698	e865e979	ec2e7aea	Soundstudio V1/MODULES/VARIOUS/M/mindstate
e24306aca2567206a848a6c45b65efe9	1	138369	player	uade	Soundtracker II (15 instr.)	0	67286	a29ca8d5	3b244043	Soundstudio V1/MODULES/VARIOUS/D/deathstar's-bo
e2772137c7fe6eb0856fc63ca96946ea	1	204941	player	uade	Protracker	0	100428	bb94c390	0535adaa	Soundstudio V1/MODULES/VARIOUS/C/children
e297022e75d0f3ba3b0707d7f94ddd3a	1	235565	player	uade	Protracker compatible	0	127102	86af862a	88d8938d	Soundstudio V1/MODULES/VARIOUS/S/softsynth
e2ba1f39eb0019bf2a6f8a0cea2b7ed9	1	221398	player	uade	OctaMED MMD1	0	225524	c0880fe6	984f8495	Soundstudio V1/MODULES/MUG-MEMBERS/Les Hodson/WeaseMe!!!
e2c30caef580c74905b9eb59efd65b4e	1	115856	player+silence	uade	OctaMED MMD1	0	86272	b774ba15	6c94e23c	Soundstudio V1/MODULES/MUG-MEMBERS/William Quinn/Against_All_Odds
e2c8ee66a2ad4e321528ebcb3a56c2d1	1	191920	player	uade	OctaMED MMD1	0	432610	ecee919c	45ca108d	Soundstudio V1/MODULES/MUG-MEMBERS/William Quinn/FINELINE
e3049093bf5be010e3d5185ef40c0821	1	162924	player	uade	OctaMED MMD1	0	87400	03618662	e9a41121	Soundstudio V1/MODULES/MUG-MEMBERS/James Crockett/CITIES...Moving On
e349db60eb2d2c26704ec5229a9b58e8	1	163844	player+silence	uade	OctaMED MMD1	0	304112	4cb407d2	c07b7039	Soundstudio V1/MODULES/MUG-MEMBERS/Andy Baxter/B.B.(TwilightMix)
e35e9fdd74aaa0a59b16915937b1ef8c	1	245893	player	uade	Protracker	0	636572	05c448d8	a6bb02c5	Soundstudio V1/MODULES/VARIOUS/W/where'stheevidence
e36d3fab014ecb0ef33425fd6ceb1929	1	535713	player	uade	OctaMED MMD1	0	602568	7ceff6ab	c766f305	Soundstudio V1/MODULES/MUG-MEMBERS/Michael Duncombe/MagicMix
e37c0118eb144af49ddbce12698a5fea	1	276034	player	st3play	Scream Tracker 3.01 (GUS)	16	149794	57fc00ea	3dc997e2	Soundstudio V1/MODULES/S3M/S/stat_ark.s3m
e38767d2b5f057e53ef413bf7036c48c	1	130974	player	uade	OctaMED MMD1	0	110080	21229043	1c7b4dc7	Soundstudio V1/MODULES/MUG-MEMBERS/Michael Richmond/TwoTribes
e39db4ea6da682839b260fdbc8462b78	1	119580	player	uade	OctaMED MMD1	0	79136	fc66cde8	56ef527e	Soundstudio V1/MODULES/MED-4ch/S/Satan-Fury
e3bf9a58eeb566e60aa544d9d055aa37	1	312335	player+silence	uade	Protracker	0	114366	dcb59f8a	dcbe5cce	Soundstudio V1/MODULES/VARIOUS/T/tik - the insane kid
e3c29745746260379cd6f6813e9d8cda	1	56284	player	uade	OctaMED MMD1	0	62464	39439917	ea109fa8	Soundstudio V1/MODULES/MUG-MEMBERS/Tom Cozzolino/technoslam2
e3c5effdf73cdf6448e6dd63d22c328b	1	92326	player+silence	uade	OctaMED MMD1	0	466924	9cdedadc	18a95f4a	Soundstudio V1/MODULES/MUG-MEMBERS/Ben Thomas/Basketball-Credits
e3c79f75c4708d72656df5012cc5261b	1	205463	player	uade	OctaMED MMD1	0	133798	4361c605	6afea3a8	Soundstudio V1/MODULES/MUG-MEMBERS/Peter Kwann/FinishThis
e4174cb9b8c46b40acd4f3c84076273e	1	122677	player	ft2play	Fasttracker (M.K.)	4	111700	74047250	fcf377d1	Soundstudio V1/MODULES/VARIOUS/S/Seven
e4407944252bec291b474854cd320980	1	355924	player+silence	uade	Protracker compatible	0	252282	be6533ee	94ddbf66	Soundstudio V1/MODULES/VARIOUS/L/lightning
e45b7033b0a4e36ffce24d0ff0c0b1d6	1	112769	player	uade	Protracker compatible	0	28336	32f9282d	50c41df3	Soundstudio V1/MODULES/VARIOUS/P/peacy voice
e486d77aabc2a3555b947bae80cd24e2	1	234359	player	uade	Protracker compatible	0	72126	dfd1a1cb	2e62bb2d	Soundstudio V1/MODULES/VARIOUS/L/leavethebrain
e4a5d2ee665e82fdd757a1ef4007caa5	1	30824	player	uade	Protracker	0	18136	3c78d17b	a14313da	Soundstudio V1/MODULES/VARIOUS/T/trance
e4ac5ad2b3c987074ab4963a83864ef6	1	232289	player	uade	OctaMED MMD1	0	128188	d92a09fa	de06ce31	Soundstudio V1/MODULES/MUG-MEMBERS/William Quinn/Don`t Cry
e4b66dc1289e59b7781c44f3d371b567	1	194090	player	uade	OctaMED MMD1	0	198006	8cfb87aa	c74d8a6d	Soundstudio V1/MODULES/MED-4ch/Y/Yellow_Tune
e4d45286341ee7aafca064db6f9ec6e1	1	404499	player+silence	uade	OctaMED MMD1	0	549048	d29cbb7d	29cfd438	Soundstudio V1/MODULES/MED-4ch/D/deepinspace
e4e10ce7bda8f3dbafe0bf9571a4ed92	1	114316	player	uade	Protracker	0	56216	27303d87	8dd613f8	Soundstudio V1/MODULES/VARIOUS/G/gedeon et barnabe
e4e4d0ef248511f886db25e25888df48	1	279089	player	st3play	Scream Tracker 3.01 (SB)	4	335712	0cb0ce7f	c8072759	Soundstudio V1/MODULES/S3M/S/shadows.s3m
e4f37851fb881a74464a030dc318c234	1	413985	player+silence	st3play	Scream Tracker 3.01 (SB)	4	189534	a0c232c9	ca764563	Soundstudio V1/MODULES/S3M/V/velocity.s3m
e53695670f05a7b9b32743a273e17c91	1	77282	player	uade	OctaMED MMD2	0	176278	d9a8f2f2	a8df06c5	Soundstudio V1/MODULES/MED-4ch/S/SWW45
e55975af9707a7e1a574e268fec08349	1	386287	player+volume	uade	Protracker	0	98640	f188da23	70c5baf6	Soundstudio V1/MODULES/VARIOUS/T/the gambler
e5678c24df1931955d794d489f3cd403	1	0	nosound	uade	OctaMED MMD1	0	99102	1a75f9a5	256e3b52	Soundstudio V1/MODULES/MIDI/Asif Ali/MMD1/SoulTaker.MMD1
e569eb0b4a41a0faec819206936100b6	1	171063	player+silence	uade	OctaMED MMD1	0	103908	8d23cfbe	c590213c	Soundstudio V1/MODULES/MUG-MEMBERS/Steven Gane/WhenTheTimeHasCome
e581ca6909e13277c86a1eb088015460	1	194626	player+silence	uade	OctaMED MMD1	0	199428	95fe299e	affc6485	Soundstudio V1/MODULES/MUG-MEMBERS/Rob Moseley/Maria
e581ca6909e13277c86a1eb088015460	1	194626	player+silence	uade	OctaMED MMD1	0	199428	95fe299e	affc6485	TI-MAGAZINES/Modules/MARIA
e5b7a9ad7e617687c19b15d09b7dd3a6	1	175951	player+silence	uade	OctaMED MMD1	0	63054	8e4d89c9	6f6bd3b5	Soundstudio V1/MODULES/MED-CLASSICS/Canon-d
e5b96dc1a090526e127c71ae5109ad1f	1	269966	player	uade	OctaMED MMD2	0	144708	db088073	80748d6e	Soundstudio V1/MODULES/MUG-MEMBERS/THT/Ghost
e5f1808dd046f47914515f4c96cc6681	1	100129	player	uade	OctaMED MMD1	0	75474	2ce7b178	b0fd658f	Soundstudio V1/MODULES/MED-4ch/D/Drip-Drip-Drop
e61fc226db1717a17e52ba7d81874b1f	1	144046	player+silence	uade	OctaMED MMD1	0	67230	2030d8a3	c62898d8	Soundstudio V1/MODULES/MED-4ch/T/Truly_Happy
e642eb893f238b4a216ff69651a51e38	1	314254	player	uade	OctaMED MMD1	0	230388	99c7e52a	5d9f252c	Soundstudio V1/MODULES/MUG-MEMBERS/Ben Thomas/Borrowed-Time
e64ec3e22b6fa923defd0fd90806a8b6	1	401182	player	st3play	Scream Tracker 3.01 (GUS)	16	281064	e8b0c614	35335169	Soundstudio V1/MODULES/S3M/T/teamtris.s3m
e65323665d6ad7d826eeed4fbd14d58b	1	289231	player+silence	uade	Protracker	0	100006	cc8b0e65	d87c3d8e	Soundstudio V1/MODULES/VARIOUS/O/overheat
e6a5030aafb4fe435a2871a02d890fbd	1	263338	player+volume	uade	OctaMED MMD1	0	331060	8c438877	da128321	Soundstudio V1/MODULES/MUG-MEMBERS/Ian Chisholm+Marcus Donachie/Images
e6a7fc5fac6538d962057022a0dac8b7	1	160271	player	uade	OctaMED MMD1	0	97378	c701809c	99dc1b16	Soundstudio V1/MODULES/MUG-MEMBERS/Ben Thomas/Green-Day
e6a940733b7d6cee54dcd6a44c3f1ba6	1	190706	player+volume	uade	OctaMED MMD1	0	84538	3d819872	03430d25	Soundstudio V1/MODULES/MED-4ch/T/TecnoSound
e6a940733b7d6cee54dcd6a44c3f1ba6	1	190706	player+volume	uade	OctaMED MMD1	0	84538	3d819872	03430d25	Soundstudio V1/MODULES/MUG-MEMBERS/Fabio Barzagli/TecnoSound
e6b36c9153a3e45faa74d84074370cd6	1	97537	player	uade	OctaMED MMD1	0	156930	7612732e	ad5d7c73	Soundstudio V1/MODULES/MUG-MEMBERS/Dave Sullivan/Turnaround
e6b36c9153a3e45faa74d84074370cd6	2	0	nosound
e6bb4114e74df2065ee2547993064fe3	1	304890	player	uade	OctaMED MMD1	0	224914	63b576ca	551341c3	Soundstudio V1/MODULES/MUG-MEMBERS/Michael Hunt/ASiren'sSong
e6bdcdd910305ab6efb581f49bf10826	1	127960	player	uade	OctaMED MMD1	0	704990	5683fd5a	b567f920	Soundstudio V1/MODULES/MUG-MEMBERS/Ben Thomas/Deck-X1
e6c77a414d6521f6cd083c913a4728b7	1	256621	player+silence	uade	OctaMED MMD1	0	311600	4f2f2fd1	7bb0b1a7	Soundstudio V1/MODULES/MUG-MEMBERS/Rob Moseley/He'sOnThePhone
e719c802acd98d0f86bfedad3a414c46	1	338029	player+silence	uade	Protracker	0	207664	42d63a53	730e9421	Soundstudio V1/MODULES/MUG-MEMBERS/Fabio Barzagli/SaxStory
e72798e3f774b2f0b3de1bd1cc265db7	1	161256	player	uade	OctaMED MMD1	0	62702	20dfe7b0	6462736a	Soundstudio V1/MODULES/MUG-MEMBERS/Trank Mast/Happy_Biscuitman
e7304d206c21a39ba74b37898b852104	1	192640	player+volume	uade	OctaMED MMD1	0	49836	898dbcb0	cde7e149	Soundstudio V1/MODULES/MUG-MEMBERS/Ross Couch/Planet_X
e734ee88e4523b0fd57d9163073fa048	1	261868	player	st3play	Scream Tracker 3.01 (GUS)	16	373409	30834283	aee3ba5b	Soundstudio V1/MODULES/S3M/T/transgre.s3m
e77d1563c75b9c2bf03d2b9025299bd1	1	357158	player+silence	uade	OctaMED MMD1	0	108374	a1e5650c	6ee86739	Soundstudio V1/MODULES/MUG-MEMBERS/Richard Bannister/WatchingTheGame
e7a1432fcff9b8462090aa2b8ec69a31	1	202268	player	uade	OctaMED MMD1	0	130794	29146f53	9fa3d922	Soundstudio V1/MODULES/MUG-MEMBERS/Trank Mast/EvilCloakroomSmell
e7d3b72440cbde24f092ad0f3dbcd589	1	165712	player+silence	st3play	Scream Tracker 3.01 (GUS)	16	114124	2bab8797	aff8f8fe	Soundstudio V1/MODULES/S3M/L/lghthous.s3m
e7f99878d2b91d2e303585e26d67aadc	1	126723	player+silence	uade	OctaMED MMD1	0	284404	65e10659	8abb65fc	Soundstudio V1/MODULES/MUG-MEMBERS/Rob Moseley/YourFunnyUncle
e85f5a18a4c71b90770467ebcbc0aa42	1	159689	player	uade	Protracker	0	146944	c6605c90	a18be1ad	Soundstudio V1/MODULES/VARIOUS/M/mega funk show
e8730a906c58ce1b92db0b0791217bb3	1	133847	player	uade	OctaMED MMD0	0	60657	1f158843	f3abbbcd	Soundstudio V1/MODULES/MED-4ch/M/Muse
e87d4047910461815cf22f7beb2316e1	1	114512	player+silence	uade	OctaMED MMD1	0	49692	468778a3	d91cc7b4	Soundstudio V1/MODULES/MUG-MEMBERS/Trank Mast/Seasonal_Misstrust
e8fd16cf13aea68c360198bf8c989701	1	253530	player+volume	uade	OctaMED MMD2	0	224788	6890bd6f	63d58aa8	Soundstudio V1/MODULES/MUG-MEMBERS/Ilkka Riihimaa/DifferentParty
e904034eaa09c16f477f5849f7a73fa5	1	123834	player+silence	uade	OctaMED MMD2	0	170268	9fdef813	ed65aab1	Soundstudio V1/MODULES/MUG-MEMBERS/Phill Morris/ODO ( my theme )
e92a11062aa9e43b1105ea4f54c8bf44	1	84596	player	uade	OctaMED MMD1	0	76806	dd94cb2e	c164a056	Soundstudio V1/MODULES/MUG-MEMBERS/James Paddison/Surprise
e943e114dd0efa7932e19f9c4d767a24	1	210468	player+silence	uade	OctaMED MMD1	0	192652	d58e5dd5	f6110bc2	Soundstudio V1/MODULES/MUG-MEMBERS/Rob Moseley/IWillBeThere
e95bc5715f2a61a36f13930e64e484f4	1	87461	player+silence	uade	OctaMED MMD2	0	133318	85803d34	4ca063ed	Soundstudio V1/MODULES/MUG-MEMBERS/Dean Murray/Get_Offa_My_Funk
e96d2e8badabc60c5e994bfb70d505d2	1	352554	player+silence	uade	Protracker	0	408884	0db8fb8e	962de6e9	Soundstudio V1/MODULES/MUG-MEMBERS/Fabio Barzagli/ReturnToSpace
e96f214098f74fc1cb1671d2c9244257	1	233839	player+silence	uade	Protracker	0	153676	f5005d55	d994f00b	Soundstudio V1/MODULES/VARIOUS/S/stardmem
e998012c700eb43af0321711305829b2	1	637350	player	uade	Protracker (vblank)	0	224288	947eb4e3	100c8746	Soundstudio V1/MODULES/VARIOUS/K/klisje_paa_klisje
e9a6cb3cb2d8cfc3df5a3cc56d40114c	1	223833	player+silence	uade	Protracker	0	372804	2404adeb	184983d1	Soundstudio V1/MODULES/VARIOUS/D/dreamland
e9c2ec8bc557e62e76ac34636557c4c2	1	363386	player+silence	uade	Protracker	0	143856	072bad09	13a38f4e	Soundstudio V1/MODULES/VARIOUS/S/sophie's theme 4
e9c51abec991cc8b5d1fc63542ccffa7	1	0	nosound	uade	OctaMED MMD2	0	95298	e6469cae	8e3928aa	Soundstudio V1/MODULES/MIDI/Asif Ali/MMD2/SEXPLODE.MMD2
e9ebd5146050a11f1c757e68b489be44	1	224593	player	uade	Protracker	0	155770	d037c0c3	ed8b9af3	Soundstudio V1/MODULES/VARIOUS/M/magicmoments
e9f05bb6dd42cee03c0e181735576192	1	122896	player	uade	OctaMED MMD2	0	69850	7bdb9658	b3e4c8fc	Soundstudio V1/MODULES/MUG-MEMBERS/Phill Morris/FreindLikeMe_Aladdin
e9f88b22cf26750ed254a63b96ea0466	1	36189	player	uade	OctaMED MMD1	0	72774	297415d1	bc8d4662	Soundstudio V1/MODULES/MUG-MEMBERS/Kevin Jones/Lithium2
ea0fae35308d75c6c105fafce6bb6543	1	176146	player	uade	OctaMED MMD1	0	257020	c2f867bd	2cce8ac2	Soundstudio V1/MODULES/MUG-MEMBERS/Reg Simpson/SongOfNoRegrets
ea1aa147ddd9747f27f35d12f675cdc4	1	208056	player	uade	Protracker	0	68882	12cdad26	d16cd978	Soundstudio V1/MODULES/VARIOUS/M/mandelforce
ea2142f7f4fe6b8cc711e9a0349b0130	1	138369	player	uade	Protracker	0	119156	762743a2	a6f3c81c	Soundstudio V1/MODULES/VARIOUS/D/darkdance
ea381224ac7f42c21c1c93d6f713e758	1	253421	player+silence	uade	OctaMED MMD1	0	180782	80dff29a	fb49eddd	Soundstudio V1/MODULES/MUG-MEMBERS/Ian Chisholm+Marcus Donachie/Honour
ea6828551a8d7283a7c624ea2f2ddb7a	1	149481	player	uade	OctaMED MMD1	0	137570	38ae9895	cdc2f239	Soundstudio V1/MODULES/MUG-MEMBERS/Dave Sullivan/I-Wish
ea6d8ce974df105fd04987ed4454fef1	1	576467	player+silence	uade	Protracker	0	390672	6c5b6b37	12c13201	Soundstudio V1/MODULES/VARIOUS/I/incredible!
ea726f533e9847c9ca83704ad1f150ba	1	228311	player	uade	OctaMED MMD1	0	136878	136c845c	7d80420a	Soundstudio V1/MODULES/MUG-MEMBERS/Michael Lovering/SubliminalMassage
ea852482fb56c7fb1a42d4595f15732d	1	174940	player	uade	OctaMED MMD1	0	215960	a37dce4b	3091e554	Soundstudio V1/MODULES/MED-4ch/B/Bomb_Shelter
ea8931a21b26e3419ad48e19a76703e9	1	708986	player	uade	OctaMED MMD0	0	109580	d9e5b7dc	8637b4a6	Soundstudio V1/MODULES/MED-CLASSICS/Classical-Songs/Liszt/H_Rhapsody_16
eaa2256ca2de1377106e4e0f07c557ae	1	141262	player	uade	OctaMED MMD1	0	169972	26335091	d112dd3b	Soundstudio V1/MODULES/MUG-MEMBERS/Trevor Williams/FlyingGuitars
eaa693bb8a8434aaeb8a3195988b6164	1	51357	player+silence	uade	OctaMED MMD1	0	27144	15058943	f40cdb50	Soundstudio V1/MODULES/MUG-MEMBERS/Kevin Jones/Naive_Melody
eabdbe389dcb1e7978c2ec7cf70fc9ad	1	183670	player+silence	uade	Soundtracker II (15 instr.)	0	111536	2976f65c	a393087c	Soundstudio V1/MODULES/VARIOUS/S/spacetravelling
eacf75bf63085b521473eed8b4a9065d	1	307321	player	uade	Protracker compatible	0	135656	da77912b	025fdf94	Soundstudio V1/MODULES/VARIOUS/K/kefrens.tune.1
eae5159a1d818ae7e0d413bff36d3532	1	604791	player+silence	uade	OctaMED MMD1	0	215736	3c27717f	cae5ca98	Soundstudio V1/MODULES/MUG-MEMBERS/Steven Gane/Chameleon_Remix
eaf99c528c184cf427a89ca2ae53079d	1	149400	player	uade	OctaMED MMD1	0	178604	f70b2652	e7dbecb8	Soundstudio V1/MODULES/MUG-MEMBERS/Dean Murray/Headache!
eb2163b18a5157ce7c1336cfd57904d9	1	155409	player	uade	Protracker compatible	0	107992	f7af9aa4	6a5e2a84	Soundstudio V1/MODULES/VARIOUS/F/funkybusiness(pal)
eb49dbe4b9cc4e98d400b581017c1fea	1	293959	player	uade	OctaMED MMD1	0	263980	7a5ee4ec	9cc9ccc8	Soundstudio V1/MODULES/MUG-MEMBERS/Simon Ouzman/It's_Raining
eb4fa594f1fd08ad196a59362161d853	1	186664	player+silence	uade	OctaMED MMD0	0	115368	f5ca6d36	a501a634	Soundstudio V1/MODULES/MED-4ch/T/The_tv
eb8045ed4e115a0ca35c65700dbf54dc	1	137906	player+silence	uade	OctaMED MMD1	0	213798	7251e665	423d7a85	Soundstudio V1/MODULES/MUG-MEMBERS/Rob Moseley/ThePrimitives-Crash
eba7b98c292a4a62b3dc32ed1470dd18	1	394310	player+silence	uade	Protracker compatible	0	161320	b0dcf2b7	8e568ec5	Soundstudio V1/MODULES/VARIOUS/L/luna-waves
ebb98d871714b56b7cf2ed36dbb0942e	1	132903	player	uade	OctaMED MMD1	0	76042	759019fd	7985c10e	Soundstudio V1/MODULES/MUG-MEMBERS/Michael Richmond/DrillInstructor
ebcc4220458d01ee42db2e4f5ce9aa25	1	189770	player	uade	Protracker	0	447216	f812a36b	e0c08f6b	Soundstudio V1/MODULES/VARIOUS/H/hardcore vibes
ebcec471ebcae3a0a49de7a52f942a39	1	232565	player+silence	uade	OctaMED MMD1	0	377538	288a480e	7e6aacc5	Soundstudio V1/MODULES/MUG-MEMBERS/Rob Moseley/PIMPF
ebd667ac0345b878860479414349d72c	1	236409	player	st3play	Scream Tracker 3.01 (SB)	8	126908	1e0a0855	7926f1d8	Soundstudio V1/MODULES/S3M/S/summerse.s3m
ec1388981bf29a3521ef88c27554666f	1	314796	player	st3play	Scream Tracker 3.01 (GUS)	16	369272	61dfc22a	017b311a	Soundstudio V1/MODULES/S3M/H/hardhb.s3m
ec18ff8b7296af67f4f23433edffeedd	1	203553	player+silence	uade	OctaMED MMD2	0	210426	6af8433d	d0cb66dd	Soundstudio V1/MODULES/MUG-MEMBERS/Reg Simpson/Evergreen
ec78b456e42edf63028d5725b94e2954	1	99968	player	uade	Protracker	0	18696	2ce753b3	a9a4427f	Soundstudio V1/MODULES/VARIOUS/N/neutronicpart2
ec817d0efdbbae21a77c6229639a95b7	1	216113	player	uade	Protracker	0	342164	3184445e	ba15d1af	Soundstudio V1/MODULES/VARIOUS/M/mayday ii
ec8c32f13589e5a50eb5310b5883cef7	1	133506	player	uade	OctaMED MMD1	0	83080	a507fca2	2590a07d	Soundstudio V1/MODULES/MUG-MEMBERS/Andy Baxter/CHERYL_HEAVEN
eca63080df15140124c1ba2dbfc24385	1	89700	player	uade	OctaMED MMD1	0	111112	36ce985d	70c7b123	Soundstudio V1/MODULES/MUG-MEMBERS/George MacDonald/OneHourGone..
eca8efc0e447837d5ed26359c7fb2674	1	150485	player	st3play	Scream Tracker 3.01 (SB)	7	204932	21a2b4be	d0fb3d0c	Soundstudio V1/MODULES/S3M/S/storms.s3m
ecb5ace3eb01e5d688d706f4852dced9	1	173775	player	uade	OctaMED MMD1	0	532106	fb54be95	8414e786	Soundstudio V1/MODULES/MED-4ch/T/Trust
ecb8eb2f64617fce3f6a7cbc35c5790a	1	286122	player	uade	OctaMED MMD2	0	151982	30f7cf4b	3ec2b35b	Soundstudio V1/MODULES/MUG-MEMBERS/Jason Mitchell/I_Know?
ecc87a3516c588ecd1e09ca219316397	1	163547	player	uade	Protracker	0	240242	689da4e5	6b5d47b9	Soundstudio V1/MODULES/VARIOUS/L/last_test
ecf7ee389350e4e486a7948ad56837fd	1	275164	player+volume	uade	OctaMED MMD1	0	233268	e608a204	2cf68ba8	Soundstudio V1/MODULES/MED-4ch/C/CHILL
ecf9320b87f776a97f91ba33d8e6d9b1	1	74589	player	uade	OctaMED MMD1	0	340308	cdaf6de7	6503c106	Soundstudio V1/MODULES/MED-4ch/R/Rozs-Rave
ed06da3b267dfd6744ee23bdedb437a6	1	269062	player	uade	OctaMED MMD1	0	161674	657049ca	c9cacec0	Soundstudio V1/MODULES/VARIOUS/E/Extension_of_light
ed1474c20da688aa888e6100fc0d6ab3	1	289056	player	uade	OctaMED MMD0	0	228719	49e80235	dc4083fe	Soundstudio V1/MODULES/MED-4ch/O/Onthedancefloor!
ed29423e83d103d75459b160bde093c0	1	175077	player+silence	uade	OctaMED MMD0	0	290778	4e47fba9	8ab78c2f	Soundstudio V1/MODULES/MED-4ch/S/Sundaymorning
ed40616476da7aca229e9c74ef8b49a4	1	202911	player	st3play	Scream Tracker 3.01 (SB)	16	194032	7225c175	b528504a	Soundstudio V1/MODULES/S3M/A/APOC1.S3M
ed4cdc5b167218e585c1340c434bf7d1	1	196263	player+silence	uade	OctaMED MMD2	0	300782	1100dc46	afb20f7f	Soundstudio V1/MODULES/MUG-MEMBERS/Reg Simpson/Copacabana
ed8581fafc234bf2be94ceeb263337c6	1	221747	player+silence	uade	OctaMED MMD1	0	156316	7e8d32ec	ccf533d4	Soundstudio V1/MODULES/MED-4ch/M/Michael
eddb221b26464b7addc015003ea35759	1	167871	player+silence	uade	OctaMED MMD1	0	40938	9c61c5ff	b41784ea	Soundstudio V1/MODULES/MUG-MEMBERS/Chris Mocock/HypeHop
edf9ef2993d5005a4b9745bed226efd3	1	161156	player	uade	OctaMED MMD1	0	93776	84fb72ed	d6391fba	Soundstudio V1/MODULES/MUG-MEMBERS/Jim&Stuart Campey/Orbital_Inspiration
ee00b8282f9862a78571f341dff51ce5	1	7615	player	uade	OctaMED MMD1	0	26896	31333641	591a55f4	Soundstudio V1/MODULES/MUG-MEMBERS/Darren D Muir/House-X
ee21dcacc2d2f1585a248ac6e454cc0a	1	184023	player	st3play	Scream Tracker 3.00 (SB)	16	155500	24b9e765	392ce243	Soundstudio V1/MODULES/S3M/P/pinball.s3m
ee21dcacc2d2f1585a248ac6e454cc0a	2	45392	player
ee4307a70ec67ad62c907e3cbfcc3e2d	1	250294	player	uade	OctaMED MMD1	0	117596	7682493d	bf0bcffe	Soundstudio V1/MODULES/MUG-MEMBERS/Neil Christie/NightFighter
ee4307a70ec67ad62c907e3cbfcc3e2d	1	250294	player	uade	OctaMED MMD1	0	117596	7682493d	bf0bcffe	Soundstudio V1/MODULES/MUG-MEMBERS/Neil Murray/NightFighter
ee846955c567071ead721980113f6d49	1	197378	player+silence	uade	OctaMED MMD1	0	116268	55e93320	c93ff957	Soundstudio V1/MODULES/MED-4ch/S/SS-2001
ee86fc9b00fa98fbf619383618e6c622	1	138369	player	uade	Protracker compatible	0	59062	6cc6d660	3506de56	Soundstudio V1/MODULES/VARIOUS/H/hitsquad
ee93d387eefa7d837dea0c68ef767c45	1	84616	player	uade	Noisetracker 1.x	0	57892	97c1cdee	68bc1389	Soundstudio V1/MODULES/VARIOUS/T/tonalec
eea78e8e3cbbdd235edbece71f87640a	1	134852	player	uade	OctaMED MMD0	0	50174	a02897de	09e81edc	Soundstudio V1/MODULES/MED-4ch/J/Jupellup
eec0680cc6e07d0a5979da8449edcbb4	1	141162	player	uade	Protracker compatible	0	65112	da61a95c	66013d13	Soundstudio V1/MODULES/VARIOUS/A/awesome3
ef16032f42f9c5820fe2ed3ceab1d301	1	254514	player	uade	OctaMED MMD1	0	162552	4ca2c44f	9c3cc65a	Soundstudio V1/MODULES/MUG-MEMBERS/William Quinn/NewYearsDay
ef16032f42f9c5820fe2ed3ceab1d301	1	254514	player	uade	OctaMED MMD1	0	162552	4ca2c44f	9c3cc65a	Soundstudio V1/MODULES/MUG-MEMBERS/William Quinn/U2-New Years Day
ef82b63c875967f6e60a7333f26d70b1	1	130732	player+silence	uade	OctaMED MMD1	0	88996	940974ee	0ea65d49	Soundstudio V1/MODULES/MUG-MEMBERS/Steven Gane/SummerHearts
ef84f82faa33a1b260d54431be943fb9	1	116807	player	uade	OctaMED MMD1	0	70666	0f34e13f	fd1e757f	Soundstudio V1/MODULES/MUG-MEMBERS/William Quinn/Trip
ef8a9bf1e802a005b5e088c89e7b9cfd	1	193146	player	uade	OctaMED MMD1	0	109196	4c197988	b3231827	Soundstudio V1/MODULES/MED-4ch/D/DiscoTrip
efa881da458368d47d6cc340176fb534	1	166705	player+silence	uade	OctaMED MMD0	0	288456	18a87790	74f4704a	Soundstudio V1/MODULES/MED-4ch/R/Rainlight_remix
efe1f9b539fee6d0f0acea01c9bc5452	1	153721	player	uade	Protracker	0	81846	c89ab1ae	4925437f	Soundstudio V1/MODULES/VARIOUS/T/trance-action
efffd973097308d5856169c95e1bafb7	1	112206	player	uade	OctaMED MMD1	0	455828	9f6d1f3b	05c5aa31	Soundstudio V1/MODULES/MED-4ch/O/Overdose1-preview
f0235fdc5721f63ccd4389d8543a7c0d	1	213949	player+silence	uade	Protracker compatible	0	619182	54e878ad	57d01380	Soundstudio V1/MODULES/VARIOUS/R/Ravenation
f04e19322d8136d95857a95e4b21c1b3	1	236996	player+silence	uade	Noisetracker 1.x	0	86016	b08fe2c7	38722155	Soundstudio V1/MODULES/VARIOUS/T/trilogy
f054ba52ace107b234ead12555a44332	1	161235	player+silence	uade	OctaMED MMD1	0	50366	c736ba03	c9feeaee	Soundstudio V1/MODULES/MUG-MEMBERS/Ian Chisholm+Marcus Donachie/M.T.T.I
f07182ff1e7a947fbcc184815c4dfd05	1	46216	player	uade	Protracker	0	16872	ca7159b8	ffe57b78	Soundstudio V1/MODULES/VARIOUS/S/spud2
f0bcb5dea248f60f0ae3d8f879006167	1	448283	player	uade	OctaMED MMD1	0	128638	5f92aabb	a66da18c	Soundstudio V1/MODULES/MUG-MEMBERS/THT/Odyssey
f0bd125e2f1d39f039323be342ae59f4	1	181290	player	uade	OctaMED MMD1	0	269236	86bfd680	552aa82b	Soundstudio V1/MODULES/MED-4ch/J/JungleExamples
f0bd125e2f1d39f039323be342ae59f4	1	181290	player	uade	OctaMED MMD1	0	269236	86bfd680	552aa82b	Soundstudio V1/MODULES/MUG-MEMBERS/Tony Horgan/JungleExamples
f0d324bb7c6d89e48f5ea7ab9ffd0276	1	394006	player+silence	uade	OctaMED MMD1	0	304168	ff914ed5	1efe37be	Soundstudio V1/MODULES/MUG-MEMBERS/Fabio Barzagli/Tetriade
f11d7bb1973c02ce92c0ccb902b37a67	1	262531	player	uade	OctaMED MMD1	0	127056	db8a6494	475c3e99	Soundstudio V1/MODULES/MUG-MEMBERS/THT/ComeFlyWithMe
f148af4be6ee28f22630d802296a1a4f	1	231007	player+silence	uade	OctaMED MMD1	0	1338146	b0e27d98	77c6a4e1	Soundstudio V1/MODULES/MED-4ch/T/Think-About-The-Way
f1524b80c96045e5d782ed8a723d3496	1	125528	player	uade	Protracker	0	88008	a6438d17	c471fc63	Soundstudio V1/MODULES/VARIOUS/K/kira
f192813b64852183ad092379607d50b3	1	199315	player	uade	OctaMED MMD1	0	89096	4b99fd52	193b8a6e	Soundstudio V1/MODULES/MUG-MEMBERS/Ross Couch/Dream
f1986e76443c79d54e0196dfc5d9dcf7	1	183661	player	uade	OctaMED MMD1	0	180582	8c53d0cd	efd0f7fb	Soundstudio V1/MODULES/MUG-MEMBERS/THT/AfterDark
f1b0970279657bdbba9fb8b7b7a0878a	1	300091	player+silence	st3play	Scream Tracker 3.01 (SB)	16	325070	f2d6b6c0	43505f81	Soundstudio V1/MODULES/S3M/S/sentimen.s3m
f1be8715cf9256bf10b1eef3bf0eed5f	1	127116	player	uade	OctaMED MMD1	0	44248	b17ea1b5	3dee7b52	Soundstudio V1/MODULES/MUG-MEMBERS/Roger O'Farel/All-Cooped-Up
f1c57941e6cd57335c8835d2d5ffa917	1	264071	player+silence	uade	Protracker	0	442380	f0c461aa	67814428	Soundstudio V1/MODULES/VARIOUS/W/we_need_infjnytee
f1e05c2dd65c810ca3b457f592a32389	1	81341	player	uade	OctaMED MMD1	0	228168	5c44fa04	4ec96102	Soundstudio V1/MODULES/VARIOUS/P/peace
f21a6cefe7deaa014a8782d535d24765	1	44910	player	uade	Noisetracker 1.x	0	51320	41fcb360	7a7a5877	Soundstudio V1/MODULES/VARIOUS/F/fairlight
f265ab30c2ffe5e2e9b8acece2b2d798	1	117832	player	uade	OctaMED MMD0	0	191892	36938dea	81903f74	Soundstudio V1/MODULES/MUG-MEMBERS/Daniel Funnel/Uncom
f27e678f2f2e5f8eadbd6a650e8599c4	1	180104	player	uade	OctaMED MMD1	0	454616	f6415bcb	b0f684ea	Soundstudio V1/MODULES/MED-4ch/S/S_p_a_c_e_d
f283c74f25e7b68659cf0c9f9b846c95	1	118536	player	uade	Protracker	0	138066	c3f92fb6	d421318d	Soundstudio V1/MODULES/VARIOUS/C/cream
f2e09f52821e7344b3af160a5e047400	1	90625	player+silence	uade	OctaMED MMD1	0	136982	a57393a7	9fed3eae	Soundstudio V1/MODULES/MED-4ch/T/Timescape
f30755ecdd1b1115ffc4a7fc2b31191e	1	225578	player	uade	Protracker	0	814032	41985951	03a7a454	Soundstudio V1/MODULES/VARIOUS/T/thebananasong
f3163be20b9d8b50b2aa55f3c44347b1	1	192731	player+silence	uade	Protracker	0	235010	7551efb7	5a193f73	Soundstudio V1/MODULES/VARIOUS/L/leveline
f33429285ee4f528d34070416f3b5b82	1	160346	player+silence	uade	OctaMED MMD2	0	146810	ce6c4bd4	53f049d0	Soundstudio V1/MODULES/MED-4ch/S/Satanmv2
f338cf814e593da3110f57e554a5a5bc	1	179528	player+silence	uade	Protracker	0	154914	ff35d104	a60c5fe7	Soundstudio V1/MODULES/MUG-MEMBERS/Matt Mclellan/Enchilada
f34d7314da0da9a09bc56446999bee29	1	209402	player	uade	Protracker	0	103792	aaaf8e0d	c3e679a9	Soundstudio V1/MODULES/VARIOUS/B/b_y_f_2
f35f3f1a4516eceee48f110b7eade1e0	1	76740	player	uade	OctaMED MMD1	0	224206	251a626e	a8eadea5	Soundstudio V1/MODULES/MUG-MEMBERS/Tony Horgan/Funk guitar song
f36db1346ec64e8a0fbd45d030f2c422	1	277160	player	uade	OctaMED MMD1	0	293254	0c15bd9d	e0589892	Soundstudio V1/MODULES/MED-4ch/F/Firestarter-Remix
f37d7faf71b8edc19f4503c460e111ac	1	148335	player	uade	OctaMED MMD1	0	50146	3495fb05	bb35adf2	Soundstudio V1/MODULES/MUG-MEMBERS/Trank Mast/Mobieous
f3844c879a90fd026c0f02e8e7f414fc	1	201907	player	uade	OctaMED MMD3	0	143184	3cbf1051	0ccf62b2	Soundstudio V1/MODULES/MED-4ch/S/Shattered_Image
f39e6cd3e4a49a46491d972773fbb195	1	200662	player+silence	uade	OctaMED MMD0	0	41516	b1963093	e5eb581d	Soundstudio V1/MODULES/MUG-MEMBERS/John Nasilo/Relentless
f3ae048ceb45de84e132e41c472cf171	1	143010	player	uade	OctaMED MMD2	0	332444	c0408477	be0bcd8c	Soundstudio V1/MODULES/MUG-MEMBERS/Michael Duncombe/WeekendsOnly
f3ec97b69c0c23edf015df7b0ba4779c	1	148235	player	uade	OctaMED MMD0	0	57486	4512a072	b1f59275	Soundstudio V1/MODULES/MED-4ch/S/Slowmood
f4852c36f365f7477a4cceaf04fdf311	1	230943	player	uade	OctaMED MMD1	0	102262	fda70fa8	f6c3ce4d	Soundstudio V1/MODULES/MUG-MEMBERS/William Quinn/It`s my life..
f4af5d0a1f339e6113c47fedff3143b4	1	435021	player+silence	uade	OctaMED MMD2	0	332438	b6153baf	434ce92f	Soundstudio V1/MODULES/MUG-MEMBERS/Carl Barry/KatesProject
f4b900ca9356de1318a9c9dce5394596	1	82044	player	uade	Protracker compatible	0	85956	808ab65c	18f96a45	Soundstudio V1/MODULES/VARIOUS/B/balad
f4be1d8e22adfdd706d2b21d5f00ec20	0	132099	player	uade	Oktalyzer	0	562956	72b07e2d	e38cdb94	Soundstudio V1/MODULES/VARIOUS/O/Ok.magic_fly
f4ea87cab0e064215d9651d8d538c4fe	1	131014	player	uade	OctaMED MMD2	0	153304	92f199ac	84ca1cd3	Soundstudio V1/MODULES/MUG-MEMBERS/Andy Baxter/MyFlyawayHair
f4f9fb24f3ff9ab3df6c4e51a0d65569	1	143896	player+silence	uade	Protracker	0	150962	d4086b32	ddfe8bd5	Soundstudio V1/MODULES/VARIOUS/S/simple word
f5281d93029422586e37025f554f9db4	1	212041	player+silence	uade	OctaMED MMD1	0	208758	5b527b56	3e0804b6	Soundstudio V1/MODULES/MUG-MEMBERS/Paul Monahan/kt333
f54c4be7ab52a1c07d9ee62387f834f7	1	94905	player	uade	OctaMED MMD1	0	196918	679dea6e	cf35d089	Soundstudio V1/MODULES/VARIOUS/S/sex
f55836e4ea0ccb28b1184af86b71941e	1	302519	player	uade	OctaMED MMD1	0	55280	f8af070f	82630c92	Soundstudio V1/MODULES/MED-4ch/P/Pick-Up-Time
f562a098a07c414032722b95dffc1cdf	1	134711	player+silence	uade	Protracker	0	207490	b2ced3b0	389cd7d6	Soundstudio V1/MODULES/VARIOUS/N/naked carrion
f570313d0a037890544bda7090764442	1	30744	player	uade	OctaMED MMD1	0	58474	7e86aaf5	f551dd2a	Soundstudio V1/MODULES/MUG-MEMBERS/Bruce Cowie/TheReturn
f591d1eb7a46aefbc17bff5daa5e4aba	1	224101	player+volume	uade	Protracker	0	166100	2a30e2fe	adb475d3	Soundstudio V1/MODULES/VARIOUS/G/gryfunk_is_a_fact
f5bd434eabc05af1662a568ca0e89267	1	285579	player	uade	OctaMED MMD2	0	268480	ca18bbff	c9d2a96e	Soundstudio V1/MODULES/MED-4ch/R/Rhythmatic
f5bee4072581ef78425c31a33886f636	1	307020	player	uade	Protracker	0	314154	730a941a	173e2a13	Soundstudio V1/MODULES/VARIOUS/B/bouncing
f5c7287f0c49731f7d752b04a57c04ce	1	78528	player	uade	OctaMED MMD1	0	695378	3e9b9a54	4b2b07a9	Soundstudio V1/MODULES/VARIOUS/T/Toomuch
f5da7f15c2bd574b9282fd54d77657f3	1	216154	player	uade	OctaMED MMD1	0	216994	517e2155	06cc9479	Soundstudio V1/MODULES/MUG-MEMBERS/Martin Redden/We_Don't_Talk_Anymore
f61d2feadc05c13b31f24edeeabe10bc	1	394932	player+silence	uade	OctaMED MMD1	0	327464	59988dec	90b6802f	Soundstudio V1/MODULES/MUG-MEMBERS/Ben Thomas/Penetance
f637d43efec6d6f14cd44fadb227f327	1	115321	player	uade	Protracker compatible	0	63078	8b46a24a	b6f28383	Soundstudio V1/MODULES/VARIOUS/T/Technobable
f66ca7de0ceb195f4847d5abb292d5fa	1	274909	player	uade	OctaMED MMD1	0	163432	ee45fb52	5e9c3a58	Soundstudio V1/MODULES/MUG-MEMBERS/Ben Thomas/Alien-Breed-Remix
f670640570b2b584627ef00cd5c015a7	1	53872	player	uade	OctaMED MMD1	0	30288	b664c346	80d2c695	Soundstudio V1/MODULES/MUG-MEMBERS/William Quinn/OctaMelody
f675315443bf6159da10b5e66d0652c0	1	276597	player	uade	Protracker	0	113028	9d817275	908998bf	Soundstudio V1/MODULES/VARIOUS/C/canyon dentro
f6968cfc15e0b5b93f9589c35eacbeab	1	310957	player+silence	uade	OctaMED MMD2	0	224522	afafa673	f5909098	Soundstudio V1/MODULES/MUG-MEMBERS/Derek Heasley/Electron
f6969d3d2b5290d8f884ef12a31611dd	1	264237	player+silence	uade	OctaMED MMD1	0	146852	a7763b17	de3e344f	Soundstudio V1/MODULES/MUG-MEMBERS/Dean Murray/TheUnderwurlde
f6e838b4e43f9418299693577a155dbc	1	322472	player	uade	OctaMED MMD1	0	82682	1425ed5e	c08a622f	Soundstudio V1/MODULES/MED-4ch/A/AbyssWar
f702bfff552a2e7acbdb9c81ca41d87a	1	88279	player+silence	uade	OctaMED MMD1	0	116532	5122ec5e	47572d54	Soundstudio V1/MODULES/MUG-MEMBERS/Tom Cozzolino/Tom & Tor Asle makes music
f708cf293b4cae1e51f7432ded1b59b9	1	190996	player	uade	OctaMED MMD1	0	155502	17852e94	756e89d0	Soundstudio V1/MODULES/MED-4ch/L/LiberationDay
f754064c4b3ad856d2a0280f354f56da	1	213481	player	uade	Protracker	0	132236	81fbee59	cecdf90d	Soundstudio V1/MODULES/VARIOUS/M/messe_nere
f7902ee6cbb91063cd4762d2a5888c7f	1	611775	player+volume	uade	OctaMED MMD1	0	354358	3483278a	51613d7c	Soundstudio V1/MODULES/MUG-MEMBERS/Michael Hunt/AVeryBritishTragedy
f7bae3aed718333615f509f95cd64833	1	172529	player	uade	Protracker	0	510834	c5106af5	55f5b2a4	Soundstudio V1/MODULES/VARIOUS/N/na_id_sip
f7c30fe301273239542aa59cec4a09b0	1	221519	player	uade	OctaMED MMD1	0	111640	d680634f	91602f2c	Soundstudio V1/MODULES/MUG-MEMBERS/Ben Thomas/UnKnown
f7c30fe301273239542aa59cec4a09b0	1	221519	player	uade	OctaMED MMD1	0	111640	d680634f	91602f2c	Soundstudio V1/MODULES/VARIOUS/U/UnKnown-By-Jan-Hammer
f7d5b4734366b520f344295eed568524	1	206443	player+volume	uade	OctaMED MMD1	0	188052	27cae5d2	0a3a6ab2	Soundstudio V1/MODULES/MED-4ch/F/ForRay
f7d5b4734366b520f344295eed568524	1	206443	player+volume	uade	OctaMED MMD1	0	188052	27cae5d2	0a3a6ab2	Soundstudio V1/MODULES/MUG-MEMBERS/Fabio Barzagli/ForRay
f83cb756b0bc51f8113285c0a4941390	1	184318	player+silence	uade	OctaMED MMD1	0	360454	27ab8c97	e71f27ba	Soundstudio V1/MODULES/MUG-MEMBERS/Andy Baxter/B.B.(MinorMix)
f85624402856a90bb43bd8d62d0dc690	1	244363	player+silence	uade	Protracker	0	142214	ac2519d1	80892909	Soundstudio V1/MODULES/VARIOUS/O/outer funk
f8676b83068e85cd2658073f8c979eb4	1	278185	player	uade	OctaMED MMD2	0	93416	5e0367f0	0fc49bb5	Soundstudio V1/MODULES/MUG-MEMBERS/THT/InnisSong
f8ac89c3cbee9157aa2871c3975ae768	1	255357	player	uade	OctaMED MMD2	0	192882	4d4e63fb	3efb4b1c	Soundstudio V1/MODULES/MUG-MEMBERS/Phill Morris/phill7
f8b2c9485f38cba148505208bfe36afd	1	202630	player	uade	OctaMED MMD1	0	116974	69803f0b	4646f909	Soundstudio V1/MODULES/MUG-MEMBERS/Trank Mast/RomancingTheSquid
f90c0d1ca4dc043ebc38bf6fa83ad7b4	1	143031	player	uade	OctaMED MMD1	0	276614	e8c1fb46	85b9676f	Soundstudio V1/MODULES/MUG-MEMBERS/Reg Simpson/ItTakesAThief
f976fb17ac5fcde9dcc8ac90c794567d	1	374720	player+volume	uade	OctaMED MMD2	0	157850	db6b36cc	6d504938	Soundstudio V1/MODULES/MED-4ch/U/Unwanted '96
f97a17298dd253f83d814bca73f518a9	1	141874	player+silence	st3play	Scream Tracker 3.01 (SB)	16	143205	077009a3	aff17020	Soundstudio V1/MODULES/S3M/G/goodday.s3m
f99c5c71d0420ca8e11459b14825f276	1	68099	player	uade	Protracker	0	76000	ae26ed2f	d9234695	Soundstudio V1/MODULES/MUG-MEMBERS/Fabio Barzagli/HNK-Ryuga
f9ab7fa767b6957e7d0b170e39817c59	1	176668	player	uade	OctaMED MMD2	0	79908	d55d823d	53696cb8	Soundstudio V1/MODULES/MUG-MEMBERS/Michael Richmond/BlackDawnRemix
f9b11c7ab7f0043be16a0f90354b70ef	1	100129	player	uade	OctaMED MMD1	0	21052	720d2549	b057893f	Soundstudio V1/MODULES/MUG-MEMBERS/Tom Cozzolino/Chip-tune
f9c68d24656879a60d1b4beb34d840bf	1	181310	player	uade	OctaMED MMD1	0	162718	510c8457	a5520d02	Soundstudio V1/MODULES/MED-4ch/T/The-Quest
f9d580f74660a36913bccfe839e07162	1	228110	player+volume	uade	OctaMED MMD1	0	304788	0f15ed47	9a337772	Soundstudio V1/MODULES/MUG-MEMBERS/William Quinn/FunkeTrick(Remix)
f9dc62feae53cad6ad366117a170770e	1	176736	player+silence	uade	OctaMED MMD0	0	96924	5890f55a	ccc5dec4	Soundstudio V1/MODULES/MUG-MEMBERS/John Nasilo/Braven
fa056a8adede7aefffe7c0c0c630b9e2	1	193851	player+volume	uade	Protracker	0	370254	0a091ea7	5842c2ae	Soundstudio V1/MODULES/VARIOUS/C/cm2-huntingshe-wolf
fa16547019177bb02561a4c582e52fe6	1	160996	player+silence	uade	OctaMED MMD1	0	269174	be0b1b4c	99a70604	Soundstudio V1/MODULES/MUG-MEMBERS/Rob Moseley/LIL`DEVIL
fa781e168df0497360a5c11ccb265937	1	440422	player+silence	st3play	Scream Tracker 3.01 (GUS)	16	338052	b5c27d6f	5426e0b8	Soundstudio V1/MODULES/S3M/L/lp-groov.s3m
fa87599ff6535b82fbee3b272b468567	1	170028	player+silence	uade	OctaMED MMD1	0	377968	819a7676	fb8a6d5e	Soundstudio V1/MODULES/MUG-MEMBERS/Rob Moseley/CRASH
fa9b62c5ebbe409a6658d8f41ad71bfd	1	52305	player	uade	OctaMED MMD1	0	35862	b0b9b830	dc5b81a3	Soundstudio V1/MODULES/MUG-MEMBERS/Trevor Williams/MovingAlong
fad86d128de4ae038dce1085fdd0f96a	1	237976	player	uade	OctaMED MMD1	0	151950	c5e2d20e	dbd0cd9f	Soundstudio V1/MODULES/MUG-MEMBERS/Paul Spark/Body1200
fb060572366c7c0d55dbfe4538dfcffe	1	358280	player	uade	OctaMED MMD2	0	144312	e9f871a6	373be55f	Soundstudio V1/MODULES/MUG-MEMBERS/THT/MurkyWaters
fb121884f0a3e6154b8d501c2a4a316a	1	193892	player+silence	uade	Protracker	0	183306	e77e158a	b7e7c7a5	Soundstudio V1/MODULES/MED-4ch/F/fender.lha/mod.fender 
fb2c5627075e4e222a4a2272adc864ee	1	344697	player	uade	OctaMED MMD2	0	271606	6f45bb1e	2b44f086	Soundstudio V1/MODULES/MUG-MEMBERS/Phill Morris/Regrets_pt1-IF_ONLY
fb4158f5d57b110f4aa078ac4ccda0fb	1	156145	player+silence	st3play	Scream Tracker 3.01 (GUS)	16	430630	4214dc9d	e483c114	Soundstudio V1/MODULES/S3M/L/lish.s3m
fb826d06082900ece4d8784bdc956ad6	1	215390	player	uade	OctaMED MMD1	0	105764	a72ed183	51560e66	Soundstudio V1/MODULES/MUG-MEMBERS/Ben Thomas/Project-X
fb9d8adcee3279875e7cd1cff9473fa2	1	159488	player	uade	Protracker compatible	0	50894	833b91ad	97d070c9	Soundstudio V1/MODULES/VARIOUS/R/Randdomencounter
fba5f42461ddafc5ce74541a9281c8cc	1	76920	player	uade	Protracker compatible	0	176152	1a8a42ef	2d4ed069	Soundstudio V1/MODULES/VARIOUS/I/insanitydance
fbde7c8d441745150d864bc2b797bf9c	1	156815	player	uade	Protracker	0	47226	5df067a7	d998924f	Soundstudio V1/MODULES/VARIOUS/I/i look {& feel} sad
fc0f11ed3d8aeb1df99edf0c1a16559a	1	184445	player	uade	Protracker	0	234622	c6401f87	ee71fa00	Soundstudio V1/MODULES/VARIOUS/D/demosausje
fc14e8075c4da277fe8126194513456e	1	156273	player	st3play	Scream Tracker 3.01 (GUS)	16	22767	92d9b6a5	0389e7fb	Soundstudio V1/MODULES/S3M/M/mc-outof.s3m
fc1cf95c61f210ef584bd712501bf199	1	322633	player	uade	OctaMED MMD1	0	383748	9d8eadd5	611a8470	Soundstudio V1/MODULES/MUG-MEMBERS/Les Hodson/Les'Kojeskoo
fc3d8ab90d9895bf9d18e73bf9b40c6d	1	227346	player	uade	OctaMED MMD0	0	91580	56e4ff0e	8d28f1a6	Soundstudio V1/MODULES/MED-4ch/O/Oh_Yeah
fc81e4ecbf65c7f1437ef8b57a9203ad	1	201404	player	uade	OctaMED MMD3	0	584832	c10c2cb9	f9844753	Soundstudio V1/MODULES/S3M/D/dugadug2.s3m
fc83dd59dfc3dbd4a9577bd99b1d9767	1	51401	player	uade	Protracker	0	122142	1bf167fe	5d31f72d	Soundstudio V1/MODULES/MUG-MEMBERS/Fabio Barzagli/HNK-MonFight
fc90375cdfad1079a1b67cc1a705b09b	1	169093	player	uade	Protracker compatible	0	254452	aa6eee67	473fecd1	Soundstudio V1/MODULES/VARIOUS/T/tech2
fc9b20b4364b428d1a6eef09333a0e93	1	0	nosound	uade	OctaMED MMD2	0	76834	adbe88de	be9191e8	Soundstudio V1/MODULES/MIDI/Asif Ali/MMD2/SADDGIRL.MMD2
fcb16e38e81938991106a049d4fca5f3	1	230541	player	uade	Protracker	0	95712	ed2d6887	e7b25294	Soundstudio V1/MODULES/VARIOUS/S/symbiaht
fcb50a46ab5ee6619e692f4323c7acf5	1	288629	player+volume	uade	Protracker	0	391878	860bb17b	0f9a6ec8	Soundstudio V1/MODULES/VARIOUS/T/tjrefuses
fcf49d81a92e2af3e126a8d0eceeabf9	1	966995	player+silence	uade	OctaMED MMD1	0	222076	8c275de2	5dcb7a8e	Soundstudio V1/MODULES/MUG-MEMBERS/Steven Gane/TheGoodTheBadAndYou
fd35197d5620032d1819e6e1628b1d5f	1	33939	player	uade	OctaMED MMD1	0	585176	15a10046	7a367993	Soundstudio V1/MODULES/MUG-MEMBERS/Ben Thomas/Angkor-Wat-Title
fd8dc5b389e1eb6c5ef831afe2e93d54	1	232451	player+silence	st3play	Scream Tracker 3.01 (GUS)	16	395280	44734a74	094a9089	Soundstudio V1/MODULES/S3M/R/riderave.s3m
fd9e40ac9c3a3b22d0732cb6e18f4b7d	1	228013	player+silence	uade	OctaMED MMD1	0	433524	d8ca73f9	8f83d9a5	Soundstudio V1/MODULES/MUG-MEMBERS/Rob Moseley/Master&Servant
fdd4e4847e2a7c96075e4741fe9be587	0	180759	player	libopenmpt	Scream Tracker 3.00 (GUS)	25	257536	c1f24ea8	77da3099	Soundstudio V1/MODULES/S3M/C/CCITY12.S3M
fe062a264132716b195cbded5eaf167d	1	204941	player	uade	Protracker	0	108456	4e3449c3	b146119c	Soundstudio V1/MODULES/VARIOUS/V/violent_death
fe25cd153099eb9b05c4c9c7abe882c3	1	205654	player+silence	uade	OctaMED MMD1	0	132464	e71492c9	b0d1f93e	Soundstudio V1/MODULES/MUG-MEMBERS/Paul Spark/Hangover
fe5b6f548deefb655fad2bff2b07b149	1	362279	player	st3play	Scream Tracker 3.00 (SB)	9	197290	0c45c9fd	f1581d6c	Soundstudio V1/MODULES/S3M/C/CHAOS.S3M
fe6d53c19401833665ff3a63d0c68733	1	380284	player	uade	Noisetracker 1.x	0	215298	bc1623f5	7db13a23	Soundstudio V1/MODULES/VARIOUS/M/message.fall
fe76e78ce347cb96b78a39f31f8401ca	1	176655	player+silence	ft2play	Fasttracker	8	168014	6fcffe91	f48feae3	Soundstudio V1/MODULES/MUG-MEMBERS/Fabio Barzagli/Trashinamentos
fe7915aeb5bd7c4f842140605058a3dd	1	204238	player	uade	Protracker	0	200102	b5d483bc	53137230	Soundstudio V1/MODULES/VARIOUS/V/virtualjourney
fe857d870197fe014317a38fc39f43ce	1	178798	player	uade	Protracker	0	94134	116fffd4	eb458e09	Soundstudio V1/MODULES/VARIOUS/I/illusion slow
fea1db9262ffae576e2a9713ea622e7d	1	108529	player	uade	OctaMED MMD1	0	407106	bff1e100	abf857e5	Soundstudio V1/MODULES/MUG-MEMBERS/Dave Sullivan/Analog-Sandwich
febd520c792f45c7a0607c6296afe06a	1	443354	player+silence	uade	OctaMED MMD2	0	196872	91424818	3f5245d1	Soundstudio V1/MODULES/MED-4ch/B/Batman is alive
fec2b51a3c43ce6d4aa0aa3933ddf854	1	552351	player	uade	OctaMED MMD0	0	94532	32608fe4	3af31757	Soundstudio V1/MODULES/MED-CLASSICS/Classical-Songs/Liszt/H_Rhapsody_14
fed08684eccf00d429c5732f73cfbc35	1	170028	player+silence	uade	OctaMED MMD1	0	377804	89ced29d	67aaeff1	Soundstudio V1/MODULES/MUG-MEMBERS/Rob Moseley/Crash'95
fedf34b4ca84fc81007b5bf2e4653214	1	130693	player	uade	Protracker	0	213986	93e5e3de	b57d45f7	Soundstudio V1/MODULES/VARIOUS/V/vagina-extremus
ff56628a61d22ed21e5da69bf518bb86	1	77463	player	uade	OctaMED MMD3	0	87046	3296457c	a067b995	Soundstudio V1/MODULES/S3M/G/graduate.s3m
ff6f08bc19d6886590d4a41fb9a643d2	1	128121	player	uade	Protracker compatible	0	123742	be9524ae	69a8bfe4	Soundstudio V1/MODULES/VARIOUS/F/freeze
ff88639c6b05368a2883aed925167681	1	227567	player	uade	OctaMED MMD1	0	87898	6bbe1d8f	83511e1f	Soundstudio V1/MODULES/MUG-MEMBERS/Michael Richmond/BlueBook
ff95a2ebc89674a3ce4b46a178ecf4a5	1	96307	player+silence	uade	OctaMED MMD1	0	326306	8f59f64d	7d07554c	Soundstudio V1/MODULES/MUG-MEMBERS/TonyShepherd+RalphFinlay/BOS-JingleTwo(WilliamBrown)
ffa2d56297986161a4c048787d25df84	1	316432	player+silence	uade	Protracker	0	505956	d671f0d9	11b55b78	Soundstudio V1/MODULES/VARIOUS/A/an angel-tekknomix
ffa89e75ab392bd08cfac2c7ad894185	1	290583	player	uade	OctaMED MMD0	0	506928	30c72adb	cdbc8aa1	Soundstudio V1/MODULES/MED-4ch/A/Automatic_Terminated
ffa9a03555bac31d982720b4249b3c01	1	183628	player+silence	uade	OctaMED MMD1	0	85458	6e1ba48b	346e13af	Soundstudio V1/MODULES/MUG-MEMBERS/Johs Ringheim/DunkThePhunk
ffc9d16545f069978de2e311cabc63ad	1	344335	player	uade	OctaMED MMD1	0	115988	1cbb81d5	1fa1098c	Soundstudio V1/MODULES/MUG-MEMBERS/Neil Christie/EndOfAnEra
ffc9d16545f069978de2e311cabc63ad	1	344335	player	uade	OctaMED MMD1	0	115988	1cbb81d5	1fa1098c	Soundstudio V1/MODULES/MUG-MEMBERS/Neil Murray/End_Of_An_Era
ffdacbb818b63ab74d8c1d2b2bfd4ab9	1	241432	player	uade	OctaMED MMD2	0	250594	e565e9d7	aae324d5	Soundstudio V1/MODULES/MUG-MEMBERS/Phill Morris/EternalLOVE
