002858698163a6afad5e97fd98eea2bc	1	149633	player+volume	uade	Noisetracker 1.x	0	163394	b6883ccc	85e70892	SOUND/MOD/F/FLASHCON.MOD
00e089003996d269ede1cd573c26fc77	1	225416	player+silence	ft2play	Fasttracker (M.K.)	4	76878	d2f7f3c2	7ee98016	SOUND/MOD/G/GAWI.MOD
012651de443339bb99f793158231a00e	1	299645	player	uade	Protracker compatible	0	101026	981084bb	96a01bad	SOUND/MOD/N/NIGHTDRE.MOD
01aaeb27aee00435314f4a0b00464700	1	81231	player+silence	ft2play	Fasttracker (M.K.)	4	49614	e1728bd8	ad832ac6	SOUND/MOD/R/RAIN.MOD
02bf9129fc27a9b2a665e2f560fcbaad	1	121088	player	uade	Protracker compatible	0	59802	bb2dc885	51e6579e	SOUND/MOD/E/EGU.MOD
037f39f8d49b2a26c4d5c6a59b427729	1	115321	player	uade	Protracker	0	103120	89a41393	bb939bd7	SOUND/MOD/P/PETERGUN.MOD
03d5ce7badd0c0bcc9712eeb36f6e46e	1	19310	player	uade	Protracker compatible	0	73972	eee1b1de	ca004602	SOUND/MOD/B/B_W_RAG.MOD
04b68e265d9b5673f50a9c9e33e2bebf	1	342486	player	uade	Protracker	0	208416	0f805461	25df39a9	SOUND/MOD/B/BASSBINS.MOD
05a6177f39551e21d9b6c5a0c359e0d3	1	99968	player	uade	Soundtracker II (15 instr.)	0	62216	b5afde6e	c75aeb4b	SOUND/MOD/P/PUSH_IT.MOD
05ad19b757d147cf408d24c81249d3c0	1	149883	player	uade	Protracker	0	61068	11d3cf02	87f0d8c7	SOUND/MOD/S/SADMAD.MOD
05ec0a708ad2fba43e8710d545830484	1	169093	player	uade	Soundtracker II (15 instr.)	0	115592	4097759f	0cbd6a71	SOUND/MOD/A/AXELF2.MOD
064000a7d61ac68aa8e616d60cae071b	1	213123	player+silence	uade	Soundtracker II (15 instr.)	0	81796	180054e3	ae511d21	SOUND/MOD/S/SONG2TDM.MOD
069e22272237451a7e4b2faca2477bf8	1	249731	player	uade	Protracker compatible	0	139946	489a0615	ebb63b9f	SOUND/MOD/E/EXP.MOD
06a3cff765503f077ca71ea331e16e7f	1	9082	player	uade	Protracker compatible	0	13041	445194df	663feee4	SOUND/MOD/P/PIANO.MOD
06b530dfe2a479f440bb5376114c7029	1	138730	player	uade	Protracker	0	53690	9e0976c1	1ba8c328	SOUND/MOD/R/RJRAM3.MOD
06cc173681d5a68a76e915c75da6ee21	0	207197	player+silence	uade	Soundtracker II - V or compatible	0	74688	28624073	f0ddccb0	SOUND/MOD/L/LOCOMO.MOD
075a3d62f86a7b2a34ffb658ae6a252e	1	284293	player	uade	Noisetracker 1.x	0	97133	d91d4f3f	54d68311	SOUND/MOD/B/BARREL1.MOD
077749b1699e0ad56830e2b43cf6be1f	1	234359	player	uade	Noisetracker 1.x	0	159444	b38eaf85	d9b8eb9e	SOUND/MOD/T/TCB.MOD
0796dc9a0d6716ecd8e9c8fb83a235f0	1	149672	player+silence	ft2play	Fasttracker (M.K.)	4	79335	1914dee0	e0399f9b	SOUND/MOD/S/SHOCKOUT.MOD
07a968a75fb7b476bc5619fb1f0d167f	1	143493	player	uade	Soundtracker II (15 instr.)	0	86518	5ed081da	6ba3e967	SOUND/MOD/R/REVOLUTI.MOD
07d8c13ecabaf0515be7b9df6e6a77a4	1	25666	player+silence	uade	Protracker compatible	0	31740	c0fede8c	53961ed1	SOUND/MOD/C/CALCIOVE.MOD
07e98973326fae2c0c1a0bc6fe020c80	1	192141	player	uade	Protracker	0	53866	9eb44bfd	16d5dfd7	SOUND/MOD/A/AQUA03.MOD
07f2758b865e5e08fc96e5c5fb64e6dc	0	71314	player	uade	Ultimate-Soundtracker or compatible	0	15820	799d0b0c	37ca088a	SOUND/MOD/D/DRUM01.MOD
084b703a933c1fded923649eff398657	1	251920	player+silence	uade	Protracker	0	161638	a45f9b05	430adbd0	SOUND/MOD/T/TAKETIME.MOD
086a9db9e7651d9ec5c76c272396926e	1	19330	player	uade	Protracker compatible	0	40783	4638b43f	9aaf80ed	SOUND/MOD/R/ROCK2.MOD
08a67d324c4c284596c921b207e5a453	1	176769	player	uade	Soundtracker II (15 instr.)	0	69124	b900426b	0f74f6cc	SOUND/MOD/T/THORAX.MOD
08f52fcbeef41ce37e65eaca8ae6af8a	1	143493	player	uade	Protracker	0	101248	c172d4c3	611c64f0	SOUND/MOD/P/PLASTIC.MOD
0957e6dedf4ce62668ca3647b1d3b2c5	1	228853	player	uade	Protracker compatible	0	157922	fd4ff017	c7a4867b	SOUND/MOD/A/ANOTHER1.MOD
09d83b2407180c2c44abab767288fa21	1	107645	player	uade	Noisetracker 1.x	0	52664	b3f073c8	39485c99	SOUND/MOD/M/MUZAK2.MOD
0a18e841d03c39d62eee5c854833b4b3	1	148094	player	uade	Protracker compatible	0	258097	2616e942	cda3a3c4	SOUND/MOD/B/BIZZ_KLF.MOD
0a37c84c8f2486c867a6c87fb3883377	1	291969	player	uade	Protracker compatible	0	86260	1b420b5c	7b95e8a1	SOUND/MOD/C/CASTLE.MOD
0a37c84c8f2486c867a6c87fb3883377	2	80758	player
0a3ac0e7b34a38e13e0ad7121abba28e	1	319600	player+silence	uade	Protracker	0	188216	b697408a	fa60ec38	SOUND/MOD/F/FREEGUIT.MOD
0a775f063fa6a54ebb5ef860a803caa9	1	119179	player	uade	Noisetracker 1.x	0	99948	19f883d3	525b721f	SOUND/MOD/L/LIFESTYL.MOD
0a775f063fa6a54ebb5ef860a803caa9	1	119179	player	uade	Noisetracker 1.x	0	99948	19f883d3	525b721f	SOUND/MOD/L/LSRULES1.MOD
0abd83535a01c1239fd94c1526a3f737	1	144256	player	uade	Noisetracker 1.x	0	144922	86de2e04	f839b29b	SOUND/MOD/E/ENJOYING.MOD
0ad51dad990111bbe18f3e614e374bcd	1	207493	player	uade	Protracker	0	69232	cbf232d3	68ec2537	SOUND/MOD/T/TECHEAD4.MOD
0b1d20745e9840755487f9510a6eb812	1	232993	player	uade	Protracker	0	409654	ac15486c	3c5c76eb	SOUND/MOD/O/ONELOVE.MOD
0b27feef9f2ab32aeb9f31ab9e99488b	1	30654	player	ft2play	Fasttracker (M.K.)	4	48749	c43480c5	8d3167c0	SOUND/MOD/R/RYTHM3.MOD
0b5187ca8b4aa0af61bfb375a3873a6b	1	149883	player	uade	Protracker compatible	0	87366	5e8b5900	24ece68a	SOUND/MOD/B/BIONIX.MOD
0b5c998d728d87b0ee7c433d4ce4a2fd	1	87048	player	uade	Protracker compatible	0	328828	81c3ba63	b0a33e5d	SOUND/MOD/L/LORDS.MOD
0bbf1609947835b05eca166081260481	1	138369	player	uade	Noisetracker 1.x	0	55476	510b6141	6902971a	SOUND/MOD/R/ROCKING1.MOD
0be91ffe83cf7ddf95f22e079266bd78	1	230541	player	uade	Protracker compatible	0	70388	105b38f9	215de516	SOUND/MOD/I/INTHEAIR.MOD
0be962912e4d676358eba19ad4ca0e03	1	119179	player	uade	Protracker compatible	0	91474	b886e481	8fe95a48	SOUND/MOD/B/BOYSBLUE.MOD
0bf79584061c57536d884ab05e5cdfd0	1	88434	player	uade	Protracker	0	150750	23c4412b	4bba5fab	SOUND/MOD/G/GS_GET.MOD
0bf9e6c5e1b4a452e5fb9846d09d1a48	1	230541	player	uade	Protracker compatible	0	149846	8a2825cd	13add0a1	SOUND/MOD/T/THUNDERF.MOD
0c2bdb7fa411fb8378a0a6f99a7df37c	1	249731	player	uade	Protracker	0	139286	bce46538	14d6d9b2	SOUND/MOD/R/REACHTEC.MOD
0c9b99e8e53e34dae117512eab84d8e1	0	269464	player	uade	Ultimate-Soundtracker or compatible	0	67364	85fa1eec	7e928577	SOUND/MOD/T/THIEF01.MOD
0d3bec12310927cea1077b4ef943838d	1	153721	player	uade	Protracker	0	381568	3edf042f	aec71075	SOUND/MOD/D/DABASS.MOD
0d48f53e1a9b9f8d941ec73af9427870	1	206207	player	uade	Protracker	0	43958	cdfe051b	8c4d87d4	SOUND/MOD/T/THINGCG.MOD
0d48f53e1a9b9f8d941ec73af9427870	1	206207	player	uade	Protracker	0	43958	cdfe051b	8c4d87d4	SOUND/MOD/T/THINGZCH.MOD
0dd6bc5659f5770ef3e10dd4560dca08	1	227688	player	uade	Protracker compatible	0	223626	c3e58290	bd391b4d	SOUND/MOD/P/PLEASURE.MOD
0e43f95ba15924ea44a0a74b788e68e6	1	159809	player	uade	Protracker compatible	0	72322	c5f1bf2a	569c8b92	SOUND/MOD/S/SOMEBODY.MOD
0e6ae15d6492a6089adf65d2bfd9f460	0	214719	player	libopenmpt	Ultimate Soundtracker 1.0-1.21	4	51236	3b1ab0ac	1ff28766	SOUND/MOD/T/TGM.MOD
0e7493d9ffc9f0b4e94c1257c4aeff94	1	162554	player+silence	ft2play	Fasttracker	6	67158	7582690b	e9af276c	SOUND/MOD/W/WALLSONG.MOD
0e9037477aa90536f0fcda93fb3114dc	1	259396	player	uade	Protracker compatible	0	56867	0d06312b	dd0d9685	SOUND/MOD/A/ANDRAI.MOD
0f1713b9c03aeb35db77064f2dd178be	1	150526	player	uade	Protracker compatible	0	94958	dd2e2192	495c40c2	SOUND/MOD/J/JAXN.MOD
0f429b76036964785a6aa72b30cb6986	1	82044	player	uade	Protracker compatible	0	105838	25b6c433	0c011e57	SOUND/MOD/C/CALM_MOM.MOD
0fae53bed357d40d02bb3f33287f9445	1	237346	player	ft2play	Fasttracker (M.K.)	4	91661	c1f151da	06279811	SOUND/MOD/M/MOOD.MOD
1010ee133c3d0daabd3734242329bdfa	0	161039	player	libopenmpt	Master Soundtracker 1.0	4	99712	1065b6a8	39ac93f6	SOUND/MOD/B/BIRDIE.MOD
1046fd68948b896f036a3b56ccb096f9	1	107645	player	uade	Protracker compatible	0	65328	99952764	ac02ca10	SOUND/MOD/B/BALLAD.MOD
10a1ed42dbfcb688468f5dcf6922d4ac	1	202670	player	uade	Protracker compatible	0	154687	436ec2f3	90c518e6	SOUND/MOD/U/UNDERSEA.MOD
10e79367564674be5ab51d34921a8a20	1	263033	player	uade	Protracker	0	723886	2fc6cefc	eeb64743	SOUND/MOD/W/WHATISL.MOD
113a6898d6289a571e89aac3780fe36f	1	278510	player+silence	ft2play	Fasttracker	8	475096	e57da04c	dd95a4c5	SOUND/MOD/T/THIII.MOD
1158a1051ae17c0b3858f967c36d67ad	1	199797	player	uade	Protracker compatible	0	202112	93cf7547	3715a8d7	SOUND/MOD/H/HUMAN_IN.MOD
11a79ff1cf538a1e6ac247b236b6c30d	1	76920	player	uade	Protracker compatible	0	77168	da1fbf0d	7e1776c2	SOUND/MOD/S/SADHISTO.MOD
11df8e8b0c93fc3a3a3d7a6f04834caa	0	15814	player	uade	Ultimate-Soundtracker or compatible	0	39672	ee86e382	17e72bbd	SOUND/MOD/P/PENNYLAN.MOD
11e8b6b76366ab69abb1b7f6962c69ec	1	345721	player	uade	Soundtracker II (15 instr.)	0	47574	2ed45d08	12a5abcf	SOUND/MOD/S/STUNTMN2.MOD
120ecde32e348d10e42b94b8e9f47205	1	164975	player+silence	uade	Noisetracker 1.x	0	61856	d4fa9101	4a599c65	SOUND/MOD/G/GUITARS.MOD
1236df183e9d25be418101e23a55dfc4	1	125992	player+silence	uade	Protracker compatible	0	49185	7c3f9874	020e85ad	SOUND/MOD/XYZ/YESTERDY.MOD
12f313ffb83382ff3c0ae631cd153b7f	1	460942	player	uade	Protracker	0	282838	3efa2953	7b3a441b	SOUND/MOD/T/TECHMARU.MOD
1311f651fa0f4df4152369706cb8a046	1	235411	player+volume	uade	Noisetracker 1.x	0	222058	4a76122e	83e9e6c7	SOUND/MOD/R/RVLUTION.MOD
13925d077d675594c64def57b5010966	1	185731	player	uade	Protracker compatible	0	102370	1e739dec	85ce11fa	SOUND/MOD/S/SUBZERO.MOD
13ba85f704ee4556cd2fc4926e2eea96	1	94844	player	uade	Protracker	0	50400	a0322abe	edf6522c	SOUND/MOD/A/AGONY2.MOD
13ba85f704ee4556cd2fc4926e2eea96	2	51320	player
13ba85f704ee4556cd2fc4926e2eea96	3	5382	player+silence
13ba85f704ee4556cd2fc4926e2eea96	4	0	nosound
13c6d68476849f52848bbafb279e077e	1	54938	player	ft2play	Fasttracker (M.K.)	4	47473	2c6bb1e1	13d1ee82	SOUND/MOD/S/SCALE.MOD
13d4fc624327d4aa7d8cc53ecba2de9c	1	287388	player	uade	Protracker	0	468674	4bf927b5	d097f205	SOUND/MOD/S/SHORTMAN.MOD
146d90f7347d6e463c6bbe57e9b7f4a7	1	261245	player	uade	Protracker compatible	0	64413	1f781bdc	ca966d82	SOUND/MOD/C/CHORUS.MOD
14e6f149c9e1386cd4a890377c119bd0	1	146045	player	uade	Protracker compatible	0	53138	a459864d	755d57ad	SOUND/MOD/C/CHOICE.MOD
158e4555bbc27babd49afd833f57bdf6	1	227125	player	uade	Protracker	0	185550	eb79690d	83084928	SOUND/MOD/K/KNOWWOT.MOD
159d7db254078287047395d48cf165d2	1	263210	player+silence	uade	Noisetracker 1.x	0	102113	baf42156	55adc8c8	SOUND/MOD/P/PRAUGE.MOD
15b11fd78516da87edd5fb4d03dadb47	1	180607	player	uade	Protracker compatible	0	86500	f64dc791	271b9908	SOUND/MOD/K/KILROY3.MOD
15e8ba1c23df5a2b46ddab1df92c0f37	1	148597	player	uade	Protracker compatible	0	124754	e0f42c27	99623e2c	SOUND/MOD/W/WE.MOD
1641db098d6600fb11efebefa752fba3	1	146527	player	uade	Protracker compatible	0	263384	29fa68e0	87615d5b	SOUND/MOD/F/FUNKYJAM.MOD
167998b4c955f351b63b05971ec7ab37	1	296048	player	uade	Protracker compatible	0	137356	fbb69842	e1d0263c	SOUND/MOD/P/PHANTASM.MOD
16f0599a37eb87a37323820044b541bb	1	123981	player	uade	Protracker	0	71614	66ffea38	f28180ac	SOUND/MOD/S/SPILEG.MOD
16fca71c185b454c9694e4037fade12a	1	115321	player	uade	Protracker compatible	0	67736	5897abfc	73812e7a	SOUND/MOD/T/TWOHOURS.MOD
174119f3f40bd4cd996e62a8bfec0c6f	1	143176	player+silence	uade	Protracker	0	82004	73b759e3	32367481	SOUND/MOD/R/RAA.MOD
176ebd69ec8be35afd626653817c389a	1	153721	player	uade	Noisetracker 1.x	0	97376	68490c98	1edfb20f	SOUND/MOD/J/JESUS.MOD
177650e7abf953f28454b9295813d061	1	180089	player+volume	uade	Protracker compatible	0	123204	03d25a7a	48378fe0	SOUND/MOD/H/HLRUNNER.MOD
17bec25fada7247d360ca48aa85ef8b3	1	176357	player	ft2play	Fasttracker (M.K.)	4	90425	3e4ae6d1	c3c9eefb	SOUND/MOD/Q/QUANTARI.MOD
17dd120ef98678ef69051aac2020a1d9	1	203635	player	uade	Soundtracker II (31 instr.)	0	79750	1858171e	4acbf2c2	SOUND/MOD/A/APC.MOD
17dd120ef98678ef69051aac2020a1d9	1	203635	player	uade	Soundtracker II (31 instr.)	0	79750	1858171e	4acbf2c2	SOUND/MOD/A/APROACH.MOD
17e631dddc000b893d712f748ed920d2	1	380284	player	uade	Protracker	0	149572	32f05904	51ea401b	SOUND/MOD/C/CLASCRUS.MOD
17eda6027dfa58a3c86433ab2787bf5f	1	146045	player	uade	Noisetracker 1.x	0	95268	0091128e	4ec8db2a	SOUND/MOD/Q/QUANTUM6.MOD
180191cbfda246b16f9487d371ae404b	1	23168	player	uade	Protracker compatible	0	18130	de1bdd9c	37279f1c	SOUND/MOD/E/EFTCLAS.MOD
185f6c75761d7438086ce81e1e4d092d	1	11493	player	uade	Protracker compatible	0	22561	f87f03cf	25ff0c4a	SOUND/MOD/S/SUMMER.MOD
186df4c84ffd91b2efbddd62912cf543	1	120756	player+silence	uade	Noisetracker 1.x	0	109896	f6e42d7d	73e154d9	SOUND/MOD/U/UNKNOWN.MOD
1895be63d340b4498007a2e848f80f1a	1	262531	player	uade	Protracker	0	113542	6ba5cad0	8f29ccff	SOUND/MOD/A/ABSOMUZK.MOD
18a5bf94776574edc76d2d9d91a3c8a8	0	47522	player	uade	Ultimate-Soundtracker or compatible	0	57596	9e5ae574	f307e6ad	SOUND/MOD/S/SLL5.MOD
18f5e45039c18b35f24731bf805a656c	0	53490	player	uade	Ultimate-Soundtracker or compatible	0	75288	1b7e2817	f5df5bab	SOUND/MOD/F/FOOTBALL.MOD
1963196754d9d464c49e310c2b1ad965	1	84616	player	uade	Protracker compatible	0	139196	6e6920e2	49a6d538	SOUND/MOD/A/APACHE.MOD
197605b1463fa0a161c1c15cf92dfdd6	1	112126	player	uade	Protracker compatible	0	179858	27037687	41a1b11d	SOUND/MOD/A/AHROBYN.MOD
19a16dfd496cb23423551881b1417da3	1	219128	player	uade	Protracker compatible	0	95280	34180620	32521345	SOUND/MOD/A/ANDSO_ON.MOD
19f1f3e385f3ed76c1c3214b9ef3b8ec	1	252778	player+silence	uade	Protracker compatible	0	170610	966f1c7c	762238ca	SOUND/MOD/G/GALAXYII.MOD
1a0f960af70f9abdad5c6a7069ca468f	1	62606	player	ft2play	Fasttracker (M.K.)	4	90115	d8b74639	f4413caa	SOUND/MOD/R/RYTHM2.MOD
1a12c507675d4c6b1ec6aa5fb1846687	1	102520	player	uade	Startrekker (4ch)	0	70492	9340e908	ec553d84	SOUND/MOD/F/FOREST.MOD
1a4a0f5ceb74b1e18b14411ff14c342c	1	281411	player+silence	uade	Protracker compatible	0	208596	88b8ddeb	33c18eb9	SOUND/MOD/B/BIRTHDDI.MOD
1a6166ca1c792ca6b03bd5a2ab9ae7af	1	134531	player	uade	Protracker compatible	0	39890	ee17ac3a	0e88f458	SOUND/MOD/G/GASGUZZL.MOD
1a8a345744529270a37c0ca54c710a44	1	160451	player	ft2play	Fasttracker	8	313186	2f4d5368	387dfa83	SOUND/MOD/T/TRISTES2.MOD
1ad6cebcd89cdd87aa7c84f65f2a2597	1	296129	player	uade	Protracker compatible	0	96956	9ae49a90	79c7f66a	SOUND/MOD/S/SLAPPYAN.MOD
1af605b9ddd463d7f88297046d217d3d	1	309570	player+silence	ft2play	Fasttracker (M.K.)	4	100961	572ccfc4	48847589	SOUND/MOD/T/TEKFEVER.MOD
1afa933963b4de4143fcd29aa499c3e4	1	379657	player+silence	uade	Soundtracker II (15 instr.)	0	119668	4a3266b5	61555d17	SOUND/MOD/H/HUMANOID.MOD
1b26cd78c8554d0b0211bf4198a700a0	1	200400	player	uade	Protracker compatible	0	107622	b6f3b812	5fe537fd	SOUND/MOD/L/LAYLA.MOD
1b5ca19bd5ac72e206921a3da6880fba	1	122997	player	uade	Noisetracker 1.x	0	71282	ea746c1b	840a383f	SOUND/MOD/P/POPCORN3.MOD
1b68fb79e014395bb04e779a9359103e	1	376466	player	uade	Protracker compatible	0	196036	c95e22b6	500c4bed	SOUND/MOD/M/MOMENTS.MOD
1bc5637648d212c8ba5a35e2eff18381	1	46216	player	uade	Protracker	0	25874	e9873c60	52b613bf	SOUND/MOD/S/STANDBYE.MOD
1c293ca66c009652647be0fa0606056e	1	345904	player	ft2play	Fasttracker (M.K.)	4	261963	71ad96bf	f61d49f3	SOUND/MOD/G/GNRKNOCK.MOD
1c75ea534fb4bc5aa8ca62f9b1f57c94	1	343148	player+silence	uade	Protracker	0	320716	b5dce695	0dc8b81e	SOUND/MOD/XYZ/X_CELLNT.MOD
1cda6e9f2539e3fe16a2def1d2e719ec	1	249410	player	uade	Protracker compatible	0	102288	6f931a31	c576257a	SOUND/MOD/I/IMPONRT3.MOD
1cf3dd61b064902d344f61829daa27c3	1	53872	player	uade	Protracker compatible	0	167640	d7be7dc9	76b5b776	SOUND/MOD/F/FUNKYZON.MOD
1d2668ab0635853a6d9f8497cbe0bd4e	1	207493	player	uade	Protracker	0	116488	13cd1946	6961fde9	SOUND/MOD/D/DEUTERON.MOD
1d93fd8d476d9f3487f0a6271a153ced	1	97417	player	uade	Protracker	0	83162	99401dc0	a198a9b7	SOUND/MOD/S/SKYNTHNT.MOD
1dfc0f76b45ca08667c2f2c0180bc783	1	197245	player	uade	Protracker compatible	0	80505	863602e7	88737420	SOUND/MOD/C/CHRONOS.MOD
1e3681c95fae54969a040a9700d01086	1	174539	player+volume	uade	Protracker compatible	0	243873	8b205be6	850e9974	SOUND/MOD/F/FADEFLOW.MOD
1f293761615de9e1cd1eb606d2adefc7	1	254132	player	uade	Noisetracker 1.x	0	93602	91c60d60	429abdc3	SOUND/MOD/T/TKG_I.MOD
1f3a7417f4f7468594f83fa71348f49a	1	222845	player	uade	Protracker compatible	0	94734	b5cea569	c81f355d	SOUND/MOD/M/MASQRADE.MOD
1fbbe30e09532e10b69bc2726ff5f5d3	0	194318	player+silence	uade	Ultimate-Soundtracker or compatible	0	50440	b57d677c	f54cf420	SOUND/MOD/V/VORTEX.MOD
1fd11f13c04758468c9b024b69a3ca62	1	215149	player	uade	Soundtracker II (31 instr.)	0	62728	86c16c2e	4546991f	SOUND/MOD/H/HERO1.MOD
1fdb3cee37a231fdb4ed9b00c49b7fda	1	107645	player	uade	Soundtracker II (15 instr.)	0	87362	d13f91c4	3b408fd6	SOUND/MOD/P/PIRAZY.MOD
200660ae9b14c4919e641bace28124c8	1	38520	player	uade	Protracker	0	19132	dcca92b1	1b4106b4	SOUND/MOD/L/LOVEHARD.MOD
201e533c96e02134f986beca6c91777c	1	143803	player+silence	uade	Protracker	0	76054	a62a8001	abc1b6e1	SOUND/MOD/V/VERTIGO.MOD
20207d07eaef4038ead215a88ef9e5a9	1	124083	player+silence	uade	Protracker compatible	0	93955	0214bc73	3dd1de27	SOUND/MOD/I/IMIGRANT.MOD
202a35af09983b811d088d34ca0e57b2	1	161397	player	uade	Protracker	0	118202	ab6b5472	b38167df	SOUND/MOD/S/SC2T6.MOD
216635311350acd7b748c8f8ba5db309	1	99968	player	uade	Protracker	0	123036	ebc415ff	898d24da	SOUND/MOD/H/HOUSE02.MOD
217e5a2da49db504f2672aff4b12f0a5	1	174217	player	uade	Protracker compatible	0	64512	f9019f22	5b2eed5f	SOUND/MOD/S/SUBSPC.MOD
21e82d7bd1c5774171e106a13b64a3f4	1	208056	player	uade	Protracker	0	68882	8b8b2236	3c029beb	SOUND/MOD/M/MANDLFRC.MOD
21f934cf994250e8d036614ab7a93fa3	1	76920	player	uade	Noisetracker 1.x	0	27300	682cab22	21078136	SOUND/MOD/I/INTRO_S.MOD
2215ef38254541f268655aa1b781fa7c	1	141631	player+silence	uade	Protracker compatible	0	50908	e3b78470	3fb62d1f	SOUND/MOD/H/HOW_DEEP.MOD
2280caffbe36d467270b3b6aec1cb742	1	146045	player	uade	Protracker compatible	0	31084	bbe7e231	b07dd9eb	SOUND/MOD/T/TKG_C.MOD
22c9918e7cdeb107fdae266ed6044217	1	452660	player+silence	uade	Protracker compatible	0	155520	1b117adf	3c105068	SOUND/MOD/A/ARKAN.MOD
22e3d002ddfda9a24f31d029904bcf4f	1	117129	player	uade	Protracker	0	465356	534336f2	e164734e	SOUND/MOD/J/JACKSON4.MOD
22f88a7b75b95a753c556f496f85cb3a	1	23168	player	uade	Protracker compatible	0	63613	e29c6b69	7740658d	SOUND/MOD/S/STEREO.MOD
230f23eacec0c6329eff4835eb187fdc	1	245706	player+silence	uade	Protracker	0	189344	699ad9dd	ca62fafe	SOUND/MOD/F/FANTVOY6.MOD
23635157b306344c05a4ef93afa1324c	1	84616	player	uade	Protracker compatible	0	48888	f9656c31	1dabeec1	SOUND/MOD/S/SLEEP.MOD
239adb4923f5885111cb98c62cea7a4e	1	69224	player	uade	Protracker compatible	0	75688	f1083a6b	6cfa640b	SOUND/MOD/T/TRAVELLI.MOD
241a6308d19f9ed544046f5afb3da425	1	255498	player	uade	Protracker compatible	0	105104	f670e40b	ff1d5d03	SOUND/MOD/J/JAMBOREE.MOD
244406d85a0aba86e0bc003f3a352f7d	1	297133	player	uade	Noisetracker 1.x	0	184090	fe3c0c13	31ad5ca5	SOUND/MOD/A/AIR.MOD
24d43287bbb6926c703e9bd3e81f3bac	1	101877	player	uade	Protracker compatible	0	54598	aab65647	709d2996	SOUND/MOD/C/COPENHAG.MOD
24dfa87a65d65dcc73243c4083eac75e	1	154270	player+volume	uade	Noisetracker 1.x	0	86158	d87be63d	4497a256	SOUND/MOD/A/ALF.MOD
254da18a9d5124276ef0a38340d2e5ff	1	107645	player	uade	Protracker compatible	0	54080	32800fad	28fa43d2	SOUND/MOD/W/WITH_YOU.MOD
256c01aaca642c2d54242f5c9b9a2cba	1	92272	player	uade	Protracker compatible	0	86616	3954332b	7c856b4d	SOUND/MOD/F/FINSKPEK.MOD
257cc1aba75c149b5b6673cc4ce892b8	1	75011	player	uade	Protracker compatible	0	51326	e69b17cb	88fc3659	SOUND/MOD/B/BREAKF.MOD
258c20d7c9a109aef4d2b5f93ad887d2	1	198832	player	uade	Protracker	0	114506	a4411113	25cece70	SOUND/MOD/P/PINOCHIO.MOD
2638d98134b0c4ae7f96fcfd0653b2bb	1	169093	player	uade	Protracker compatible	0	68807	6f3f62c7	4ae12126	SOUND/MOD/S/SWIRL.MOD
263d4254a6a4918d5f1def7c89a62de6	1	194050	player	uade	Noisetracker 1.x	0	112202	0cec2d65	8d8e2c23	SOUND/MOD/C/CALM.MOD
26528e12cf209a38735413b52968f5f8	1	302057	player	uade	Protracker	0	290324	270c2fa1	b57f07d7	SOUND/MOD/H/HIT_IT.MOD
266ca6b3ab532112c7d7af9b0c83a95e	1	207553	player	uade	Protracker compatible	0	140318	d4c73957	188b1b87	SOUND/MOD/D/D_DREAD2.MOD
2677e9614ee68910a3dd3370efa0f2b7	1	215149	player	uade	Soundtracker II (31 instr.)	0	99400	a8337dff	4ca4e260	SOUND/MOD/R/ROBOTRON.MOD
269820968d0a7ad0472721d696babf9a	1	325545	player	ft2play	Fasttracker (M.K.)	4	130099	b8845398	083ceb93	SOUND/MOD/C/CHRONOSE.MOD
26a6d51e9c8d8d4118bbd0493509b1a5	1	315017	player	uade	Soundtracker II (31 instr.)	0	78216	d0f5f07a	dd50ba29	SOUND/MOD/D/DESERT.MOD
26b3d0a25fca5f1b6eed14ac0bf5a7bd	1	61568	player	uade	Protracker compatible	0	45430	eb2ea87d	a5419e56	SOUND/MOD/B/BALL_1.MOD
26b3d0a25fca5f1b6eed14ac0bf5a7bd	1	61568	player	uade	Protracker compatible	0	45430	eb2ea87d	a5419e56	SOUND/MOD/B/BALL2.MOD
26d1df80a392c4c380adc07f76bc641a	1	250167	player	ft2play	Fasttracker (M.K.)	4	142171	88bef3b9	5e6d6e4a	SOUND/MOD/J/JBENDER.MOD
26d29e44819a89e1104b6a148e12b094	1	9122	player	uade	Protracker compatible	0	197008	58eb2485	be4ff281	SOUND/MOD/A/AWE-1.MOD
26d29e44819a89e1104b6a148e12b094	10	6530	player
26d29e44819a89e1104b6a148e12b094	11	2632	player
26d29e44819a89e1104b6a148e12b094	12	2170	player
26d29e44819a89e1104b6a148e12b094	13	69666	player
26d29e44819a89e1104b6a148e12b094	14	1085	player
26d29e44819a89e1104b6a148e12b094	15	1567	player
26d29e44819a89e1104b6a148e12b094	16	2049	player
26d29e44819a89e1104b6a148e12b094	17	2170	player
26d29e44819a89e1104b6a148e12b094	18	2873	player
26d29e44819a89e1104b6a148e12b094	19	2511	player
26d29e44819a89e1104b6a148e12b094	2	2049	player
26d29e44819a89e1104b6a148e12b094	20	2049	player
26d29e44819a89e1104b6a148e12b094	21	2170	player
26d29e44819a89e1104b6a148e12b094	22	2170	player
26d29e44819a89e1104b6a148e12b094	23	3456	player
26d29e44819a89e1104b6a148e12b094	24	2170	player
26d29e44819a89e1104b6a148e12b094	25	1868	player
26d29e44819a89e1104b6a148e12b094	26	2270	player
26d29e44819a89e1104b6a148e12b094	27	2170	player
26d29e44819a89e1104b6a148e12b094	28	0	nosound
26d29e44819a89e1104b6a148e12b094	29	4079	player
26d29e44819a89e1104b6a148e12b094	3	49572	player
26d29e44819a89e1104b6a148e12b094	30	4079	player
26d29e44819a89e1104b6a148e12b094	31	1728	player
26d29e44819a89e1104b6a148e12b094	32	4521	player
26d29e44819a89e1104b6a148e12b094	33	0	nosound
26d29e44819a89e1104b6a148e12b094	34	3757	player
26d29e44819a89e1104b6a148e12b094	35	23168	player
26d29e44819a89e1104b6a148e12b094	4	63960	player
26d29e44819a89e1104b6a148e12b094	5	61568	player
26d29e44819a89e1104b6a148e12b094	6	25760	player
26d29e44819a89e1104b6a148e12b094	7	5365	player
26d29e44819a89e1104b6a148e12b094	8	1004	player
26d29e44819a89e1104b6a148e12b094	9	69164	player
26ec4bee485f4db8849dcfd6b90be80e	1	47965	player	uade	Protracker	0	270032	01faf0f8	92b3a255	SOUND/MOD/XYZ/YOU_FAT.MOD
27262df87efab9e355020454ece82523	1	238290	player+volume	uade	Noisetracker 1.x	0	136344	3f2f5448	d2e1e56e	SOUND/MOD/H/HUNGER.MOD
276bc708e9f43e507f360badfe9f87a5	1	295652	player+silence	uade	Protracker	0	290352	8d12338b	c12023f4	SOUND/MOD/U/U4IA_1.MOD
2841eb87134612124b2b7d1525645741	1	76920	player	uade	Protracker	0	61936	87dc9893	43fcad52	SOUND/MOD/A/ANT_SAFA.MOD
284ce6c29ed059764d5044b2b46605f2	1	153403	player+silence	uade	Protracker compatible	0	90822	6d5b49cf	a868627d	SOUND/MOD/K/KILROY6.MOD
28890a965090ca46333762e16a0c372e	1	184445	player	uade	Protracker compatible	0	161667	4656a768	1bf6ebd9	SOUND/MOD/T/THEORY.MOD
29570e8fc217744dc98cd5cb1d4a6152	1	184445	player	uade	Noisetracker 1.x	0	112423	2a45ffb6	dc6cefd5	SOUND/MOD/C/CYNTHIA.MOD
29e725d82f58820c6cb3986c4eceb8bc	1	248515	player+silence	uade	Noisetracker 1.x	0	141898	040198bc	1ace410d	SOUND/MOD/R/ROCK.MOD
2a2178634ac1c609d35b4e820c139a00	1	130693	player	uade	Noisetracker 1.x	0	90637	68ac90d0	8220d396	SOUND/MOD/W/WASTLAND.MOD
2a2bdcf89a70ffa1dcf490e783513193	1	142044	player+silence	uade	Protracker compatible	0	106368	fcc726c6	1360ba48	SOUND/MOD/A/AIRWOLFT.MOD
2a4bbdf0d7f00584f4ae940fd7ec3c7a	1	400699	player	uade	Protracker compatible	0	93106	7c65c725	de9d366d	SOUND/MOD/P/PUSH.MOD
2a4bbdf0d7f00584f4ae940fd7ec3c7a	1	400699	player	uade	Protracker compatible	0	93106	7c65c725	de9d366d	SOUND/MOD/P/PUSHMAXI.MOD
2ad3b8153c944d50febafd7ea9bdde69	1	192141	player	uade	Protracker compatible	0	88480	3c37e00d	c66d7d51	SOUND/MOD/6BEAT.MOD
2b17e2acd1f67788afc67159b0fcc175	1	171705	player	uade	Protracker compatible	0	158407	270ee5c2	22b21441	SOUND/MOD/S/SPACEMIX.MOD
2b2d6491bc518d59f3c241f3cb00a55e	1	174631	player+silence	uade	Protracker compatible	0	154710	56bb99b2	550ed844	SOUND/MOD/L/LASER_1.MOD
2b3660c5bc7cf8ac0ae0341f1f232efc	1	262640	player+silence	uade	Noisetracker 1.x	0	179623	f23f8994	f1d90ad5	SOUND/MOD/E/EZ_B20.MOD
2b4eeff56fdc76795681f729645e41b2	1	41072	player	uade	Soundtracker II (31 instr.)	0	51566	72210234	0aa2db03	SOUND/MOD/R/RUSTIG.MOD
2b696204a8e527a465cfbbee70479d84	1	138369	player	uade	Protracker compatible	0	73320	e9921f73	cfaee6bf	SOUND/MOD/I/INDUSTRY.MOD
2ba319b7cfda513cc0bd0ef393b03306	1	38520	player	uade	Protracker	0	64468	8394de8c	54fc8b32	SOUND/MOD/T/THEEND.MOD
2be631123881d47e00c717139a2d3194	1	169093	player	uade	Protracker	0	96795	0c9322e6	95a80deb	SOUND/MOD/D/DRONE.MOD
2c2babca0f017df462c95432e350e1be	1	96693	player	uade	Protracker	0	55586	1463aa85	44b085bd	SOUND/MOD/H/HYP.MOD
2cbcf3fa8ac442571e09e556f5f3b854	1	271493	player	uade	Protracker	0	210296	d012f987	ce6146f0	SOUND/MOD/S/STRSSTPS.MOD
2d3f44a49db57f62a4121e3716c1162f	1	45433	player	uade	Protracker compatible	0	43176	0de15d20	e1eba3a8	SOUND/MOD/I/INSPECT.MOD
2d9392274876166001739c140bfcb272	1	474887	player	uade	Protracker compatible	0	156072	373cb4e2	6672efc0	SOUND/MOD/F/FUCKING.MOD
2ddea1883cf096d99ad7c12e1d3fe8df	1	222845	player	uade	Noisetracker 1.x	0	180818	c1a5bb1e	5fade1a8	SOUND/MOD/N/NEWKISS.MOD
2ddf89271e96ecff7fce4d6f2ea20f29	1	26410	player+silence	uade	Protracker compatible	0	120200	8ed6f1c6	32a6c030	SOUND/MOD/G/GARDEN22.MOD
2e0d3c062ef189b5f72c0a79a8a1583f	1	353418	player	uade	Protracker compatible	0	95774	aef0b700	582a9c74	SOUND/MOD/W/WELCOME.MOD
2e1b7bdd7c9b1aed7edb27485577d911	1	164066	player+silence	uade	Protracker compatible	0	457716	6f35001a	68a72e0a	SOUND/MOD/P/POWEROFA.MOD
2e1ddcaeb9603e64257ab155305e02d5	1	298825	player+silence	uade	Soundtracker II (15 instr.)	0	115008	c38738fd	6b9daea5	SOUND/MOD/D/DRAGNET.MOD
2e453df4578cfbb6e778342746127d2d	1	381570	player	uade	Protracker compatible	0	123311	f236d6a2	e1e4e68e	SOUND/MOD/T/TAKE_MY.MOD
2e4b4b1811eb3071416cbe08518dd9ca	1	130693	player	uade	Protracker	0	71054	5e0e3b47	b39b5afc	SOUND/MOD/C/COM.MOD
2ea09a8376b85454ebce5e623d891447	1	74368	player	uade	Protracker compatible	0	194338	c28414b6	402b30dc	SOUND/MOD/A/AWE-4.MOD
2ea09a8376b85454ebce5e623d891447	10	4460	player
2ea09a8376b85454ebce5e623d891447	11	3014	player
2ea09a8376b85454ebce5e623d891447	12	2411	player
2ea09a8376b85454ebce5e623d891447	13	24936	player
2ea09a8376b85454ebce5e623d891447	14	2893	player
2ea09a8376b85454ebce5e623d891447	15	6771	player
2ea09a8376b85454ebce5e623d891447	16	33778	player
2ea09a8376b85454ebce5e623d891447	17	1868	player
2ea09a8376b85454ebce5e623d891447	18	3094	player
2ea09a8376b85454ebce5e623d891447	19	3375	player
2ea09a8376b85454ebce5e623d891447	2	57730	player
2ea09a8376b85454ebce5e623d891447	20	3375	player
2ea09a8376b85454ebce5e623d891447	21	1265	player
2ea09a8376b85454ebce5e623d891447	22	2190	player
2ea09a8376b85454ebce5e623d891447	23	22666	player
2ea09a8376b85454ebce5e623d891447	24	2290	player
2ea09a8376b85454ebce5e623d891447	25	1064	player
2ea09a8376b85454ebce5e623d891447	26	2652	player
2ea09a8376b85454ebce5e623d891447	27	0	nosound
2ea09a8376b85454ebce5e623d891447	28	3476	player
2ea09a8376b85454ebce5e623d891447	29	1547	player
2ea09a8376b85454ebce5e623d891447	3	135093	player
2ea09a8376b85454ebce5e623d891447	30	1708	player
2ea09a8376b85454ebce5e623d891447	31	3255	player
2ea09a8376b85454ebce5e623d891447	32	1547	player
2ea09a8376b85454ebce5e623d891447	33	3737	player
2ea09a8376b85454ebce5e623d891447	34	1828	player
2ea09a8376b85454ebce5e623d891447	35	38540	player
2ea09a8376b85454ebce5e623d891447	4	1708	player
2ea09a8376b85454ebce5e623d891447	5	6410	player
2ea09a8376b85454ebce5e623d891447	6	5907	player
2ea09a8376b85454ebce5e623d891447	7	1949	player
2ea09a8376b85454ebce5e623d891447	8	3275	player
2ea09a8376b85454ebce5e623d891447	9	1527	player
2ea57891a40911ed6b401351aa3c957e	1	239302	player	uade	Protracker	0	86412	00d4da6e	c9e7d0fe	SOUND/MOD/F/FANTVOY1.MOD
2eddcbc763015690ac2194a33301a05a	1	242055	player	uade	Protracker	0	97756	172f42b1	1b1df0b3	SOUND/MOD/S/SECURE3.MOD
2ef3c4044f18d88115f8aca70dc09cbc	1	230420	player	uade	Protracker compatible	0	91504	d251db83	541fc673	SOUND/MOD/T/TRAINBEA.MOD
2f0455119501ac0c99b79d166878bf80	1	291969	player	uade	Protracker compatible	0	142166	83d09404	e41051b7	SOUND/MOD/C/CAP_N_PO.MOD
2f6cd03d200aea4970e821eda9bfc664	1	291969	player	uade	Protracker compatible	0	86260	f9f66b67	4de6a5d3	SOUND/MOD/C/CASTELMA.MOD
2f6cd03d200aea4970e821eda9bfc664	2	77885	player
2f87f7ea8fea50222e409c533e30cf48	1	87952	player	uade	Noisetracker 1.x	0	146718	2bf70db0	471e1ef9	SOUND/MOD/P/PHUQUE.MOD
2f9502e750b1ce556c3c5f5c8a3425ce	1	7796	player	uade	Soundtracker II (31 instr.)	0	40516	a580327b	7acfb743	SOUND/MOD/S/SONG0.MOD
2fbf72a013219cd68ce8487ef5673404	1	103352	player+silence	ft2play	Fasttracker (M.K.)	4	83257	3c98ccdc	881faf06	SOUND/MOD/D/DAMDADEE.MOD
2fdabd8f42c465ead7a3783341891296	1	143493	player	uade	Protracker compatible	0	122808	7d174a70	bd4f81fb	SOUND/MOD/H/HIGHSCOR.MOD
2ff3bf89e9626cf1c37181ea2beeb0c5	0	155783	player+silence	uade	Ultimate-Soundtracker or compatible	0	83216	d4e0656b	cd549669	SOUND/MOD/S/SLL1.MOD
301df4c1da4064a4c10c29b3e580c267	1	138014	player	ft2play	Fasttracker (M.K.)	4	251769	e734abe7	0808613f	SOUND/MOD/T/TRANCE.MOD
302e9be687dcc1bfe045f710e28fea5e	1	205564	player	uade	Protracker	0	89898	9f39a989	0b9c5a00	SOUND/MOD/A/ACID2.MOD
3049088194087bcffb35139a61242abf	1	138369	player	uade	Protracker	0	63074	e5c2766c	831ecc55	SOUND/MOD/O/OTA.MOD
306728c6b59cb13004d1ebf154cbb5fb	1	225075	player	uade	Protracker compatible	0	151434	e87331c7	a42ad3b1	SOUND/MOD/H/HEAVYBAL.MOD
307087ce29b69c3bc6c3e4aaac622ce3	1	238197	player	uade	Protracker compatible	0	159984	693da1f2	e6dab935	SOUND/MOD/P/PUJ.MOD
30961e5b4fbba69bcba626918513c41e	1	200645	player+silence	uade	Protracker	0	119746	b5298318	0e3e994e	SOUND/MOD/M/MANDELDU.MOD
30bcaede9d9a2e6307a675cdaea9ab31	1	304207	player	uade	Protracker	0	189366	c7bc193b	5167bd36	SOUND/MOD/N/NITEMARE.MOD
30c2d4976386c356fbcf7c252087b432	1	116586	player	uade	Protracker compatible	0	31734	2fd19ed8	102e2eb0	SOUND/MOD/M/MID.MOD
30cdd551d76e0b28fe05c25111bbf97f	1	76920	player	uade	Protracker	0	55194	9f546191	bd826a90	SOUND/MOD/A/ABF.MOD
310761e5e500f5f8f7cbdf28b4f6522d	1	289847	player+silence	uade	Protracker	0	406354	9c93ee19	b82f129e	SOUND/MOD/G/GUITARSL.MOD
31213a7d3dd06ed46a0a00be7c05bdee	1	192141	player	uade	Noisetracker 1.x	0	50920	e643b9b9	3cf12cc6	SOUND/MOD/G/GSCTHEME.MOD
3152d992dd794171e6c419a7aa51d63c	1	23168	player	uade	Noisetracker 1.x	0	22856	5c9e08b7	da1f0ac7	SOUND/MOD/G/GSCTHM13.MOD
31699427a8dd9e8a55b38a0755dc2b5f	1	246717	player+silence	uade	Noisetracker 1.x	0	80792	aab849af	653b8dc8	SOUND/MOD/A/ALPHVLLE.MOD
317ce482001003ba754fa6ec1769543a	1	30733	player+silence	uade	Protracker compatible	0	16113	94c9afdb	9b88f634	SOUND/MOD/R/RYTHM.MOD
31d2315e13ba8a348c4eaa48fb8248da	1	209188	player+silence	uade	Protracker compatible	0	122788	02b065c2	9ee7d9a9	SOUND/MOD/J/JELLYRED.MOD
31d6f2c968577d6f39458d1c3bb44dd5	1	322059	player	ft2play	Fasttracker	8	169902	55fe3626	389fee2b	SOUND/MOD/S/SNICE.MOD
32c86a64c44732a792873d2e1075e23d	1	344129	player+silence	uade	Startrekker (4ch)	0	171738	d71a073d	85648022	SOUND/MOD/M/MAMA.MOD
32dd98ac97b296430c82705ad4b9259a	1	189488	player	uade	Protracker compatible	0	224674	aa3b4db6	8f628fbb	SOUND/MOD/H/HOUSEMIX.MOD
332237c27f1fd444d3f67b42486023c9	1	153721	player	uade	Protracker	0	146702	4d51f49c	2c83a282	SOUND/MOD/M/MIC.MOD
334c91a3bb20a7f88f94ed872c6a5053	1	173361	player	ft2play	Fasttracker	8	309796	ab4fd8fa	9d32b1cc	SOUND/MOD/_1HARMON.MOD
33805ed2c722af84066ad66542ead4d0	1	631993	player+silence	uade	Noisetracker 1.x	0	116076	280f7dc0	a08c4062	SOUND/MOD/A/AXEL--F.MOD
33e8b9ee1e260bce204e2edb2763f7b5	1	141631	player+silence	uade	Protracker compatible	0	50908	01695b7f	e58931da	SOUND/MOD/H/HOWDEEP.MOD
33f3f28da4d38e90bf21e93ea2c76c68	1	169093	player	uade	Protracker	0	83302	72b075b7	e92a5687	SOUND/MOD/B/BOOTUP.MOD
3417be98095c75b076c9ea2d3a042132	1	69224	player	uade	Noisetracker 1.x	0	111950	d086aa57	d4061996	SOUND/MOD/A/ACID1.MOD
3419bae52161919f322bf327ac7eea6a	1	169093	player	uade	Soundtracker II (15 instr.)	0	101888	b34cb284	f90f735d	SOUND/MOD/S/SAILER.MOD
344c887648dc9e4befc9fa27345e903d	1	176060	player+silence	uade	Protracker compatible	0	62732	3f7bdba1	e24d2eea	SOUND/MOD/C/CANON.MOD
344c887648dc9e4befc9fa27345e903d	1	176060	player+silence	uade	Protracker compatible	0	62732	3f7bdba1	e24d2eea	SOUND/MOD/C/CANONIND.MOD
34b3029b5fad9bb4d91e84b5a3d4d609	1	121088	player	uade	Soundtracker II (31 instr.)	0	59846	b051d4ed	bd0c77e8	SOUND/MOD/U/UPFRONT.MOD
34b3029b5fad9bb4d91e84b5a3d4d609	1	121088	player	uade	Soundtracker II (31 instr.)	0	59846	b051d4ed	bd0c77e8	SOUND/MOD/U/UPFRONT3.MOD
34e95411044bc884ff93ef93ae96ce6c	1	61568	player	uade	Protracker compatible	0	49772	a5d1524e	73ef4850	SOUND/MOD/B/BADING.MOD
34e95411044bc884ff93ef93ae96ce6c	2	37556	player
3558f07e160fc196bc1967aea93f305e	1	172931	player	uade	Protracker	0	93782	0d30ac7e	072b634c	SOUND/MOD/A/ALPHAVAN.MOD
361d5dfeccce507fddd119aabcd5be4f	0	126774	player	uade	Ultimate-Soundtracker or compatible	0	42716	e227984a	3290be52	SOUND/MOD/S/SLL8.MOD
3633877fdd623da8857180981862ef91	1	189280	player+silence	uade	Protracker	0	190644	a27770e2	27548ff2	SOUND/MOD/D/DESTINY.MOD
365b5ed97b80d50f1b1273599ee42c7d	1	134074	player+silence	uade	Protracker compatible	0	71822	e9e22e31	d4c09bcc	SOUND/MOD/F/FESTIVE.MOD
36760780c07ebbd3f46676884fd2b969	1	216033	player	uade	Protracker compatible	0	166666	8a4476b5	fdda787f	SOUND/MOD/V/VENTURES.MOD
36888cc042f6459b277ea159d0820775	1	46216	player	uade	Protracker	0	25874	a14950b4	4b5d8724	SOUND/MOD/S/STAHND.MOD
36b66ac48821ae21b0032887b6876fc7	1	199797	player	uade	Protracker compatible	0	55499	46a012f7	c58c6625	SOUND/MOD/P/PEACE.MOD
36beb8c167e061f520c81af8b5b6355a	0	142629	player	uade	Ultimate-Soundtracker or compatible	0	105292	6954c0a7	dbfb32a2	SOUND/MOD/P/POING.MOD
36c2fc90896b65e74bc78df31f501cc4	1	69224	player	uade	Noisetracker 1.x	0	34900	e5ce3df8	b4c35f29	SOUND/MOD/S/SOCCER.MOD
36d5195d7273a5ce2fb8cb36612feb05	1	307321	player	uade	Protracker compatible	0	381994	11b64b67	6bb2fb2c	SOUND/MOD/J/JBROWN.MOD
3751846523c74c8446377c422eadadf4	1	149883	player	uade	Protracker compatible	0	181550	f46704ff	daa8bdc5	SOUND/MOD/L/LEATHAL.MOD
37fe5d0df590b66936cc168f0fdddf91	1	169093	player	uade	Noisetracker 1.x	0	148075	6d56a41f	d94429be	SOUND/MOD/F/FALLOUT.MOD
383cbdc34ef02c550264f2eccc7c74d5	1	195751	player+silence	uade	Protracker compatible	0	141848	6a3cef17	c2fa30bb	SOUND/MOD/F/FLYHIGH.MOD
3848da5741c8d7749c8daeb4c09a3e53	1	115321	player	uade	Protracker compatible	0	160797	3f14ab0f	909a8df1	SOUND/MOD/A/ANIHLATE.MOD
388c3e7a46cc7e3bbb3a4904ba619210	1	137167	player+silence	uade	Protracker compatible	0	220878	28a2d2de	62e60fb8	SOUND/MOD/H/HOUSE.MOD
38cda1e791de766931caa99e469e4732	1	85079	player	uade	Protracker compatible	0	105537	fd4478a8	9f1482ea	SOUND/MOD/XYZ/ZALKON.MOD
38e1118a59f2c9cf9e7079f40c281c4b	1	76920	player	uade	Soundtracker II (15 instr.)	0	58630	d926f943	72985c31	SOUND/MOD/H/HIPHURRA.MOD
3974f27d727e0fb9624c239dae62921a	1	207031	player	ft2play	Fasttracker (M.K.)	4	87181	7a8f8466	d71a14b3	SOUND/MOD/R/RUNTOYOU.MOD
399d7615031349fbce328358f922c139	1	199797	player	uade	Protracker	0	133096	02d1c186	3f7a54a7	SOUND/MOD/K/KALLISTI.MOD
39c97ad1052c5893c82d1cfb3d6c16ed	1	76920	player	uade	Protracker compatible	0	24832	08111d05	d2093cf1	SOUND/MOD/C/COOL1.MOD
39c97ad1052c5893c82d1cfb3d6c16ed	1	76920	player	uade	Protracker compatible	0	24832	08111d05	d2093cf1	SOUND/MOD/L/LCHINA.MOD
39c97ad1052c5893c82d1cfb3d6c16ed	1	76920	player	uade	Protracker compatible	0	24832	08111d05	d2093cf1	SOUND/MOD/L/LITCHINA.MOD
39c97ad1052c5893c82d1cfb3d6c16ed	1	76920	player	uade	Protracker compatible	0	24832	08111d05	d2093cf1	SOUND/MOD/L/LITTLE_C.MOD
39e6a1b18b3ba50e5ae05ff48de088cc	1	163969	player	uade	Protracker compatible	0	146166	414f8dde	5ee00338	SOUND/MOD/L/LONG_SLI.MOD
3a79ae3c8a458baf7a0aa9902e45b314	1	93599	player	uade	Protracker compatible	0	122724	0745f387	2d886d00	SOUND/MOD/A/ALPHA2.MOD
3ad12f148005ac381c9ef39ba77c1aec	1	143126	player	ft2play	Fasttracker (M.K.)	4	123506	9f07e11d	018abf80	SOUND/MOD/S/STYLEE.MOD
3b01fe4e68a8201905216c0dc88472cb	1	107645	player	uade	Noisetracker 1.x	0	46080	c2796830	413864e3	SOUND/MOD/B/BODYKISS.MOD
3bb28bd388c352927b34c639f1af54cc	1	157579	player	uade	Soundtracker II (15 instr.)	0	90550	c72628ab	7ef52644	SOUND/MOD/S/SMOKE.MOD
3bc2ca26081bf6ed5904e017596bf514	1	192141	player	uade	Protracker compatible	0	56958	3fec70ce	fb38db68	SOUND/MOD/V/V48.MOD
3bcc0c9017ec536cae051ea0383935c8	1	194566	player+silence	uade	Protracker	0	126574	74e97dd8	81c1579c	SOUND/MOD/S/SPACECRU.MOD
3bcf43e9e15af6fa93db853e7b359baa	1	238197	player	uade	Protracker	0	166658	4806f507	8f41b66e	SOUND/MOD/T/TEC.MOD
3bfcd4df1002a275b3ab73ef306f1911	1	265083	player	uade	Noisetracker 1.x	0	169874	040dc889	0df2e16f	SOUND/MOD/E/ELEC2_1.MOD
3c06780b691a344147ab8032ac6753d1	1	207493	player	uade	Protracker	0	269512	06fd7c17	8161b182	SOUND/MOD/C/CRIMEZ.MOD
3c3e4421d3533d64bd3d2721cf912246	1	48125	player	uade	Protracker compatible	0	53064	884e6512	f2c7c3f8	SOUND/MOD/I/INTRO_TU.MOD
3c4f121de1db7c73824486e2482f8473	1	495484	player	uade	Protracker compatible	0	141127	4b5428a6	2e656cda	SOUND/MOD/E/EZ_B17.MOD
3c57d3115e695d6264c419d4a7aa8f87	1	169093	player	uade	Protracker compatible	0	30454	708e525e	fe92aed0	SOUND/MOD/2LTL2IGN.MOD
3c8b81ce59264057dc030f17accb7177	1	158845	player	uade	Protracker compatible	0	120558	8238cad4	91d2bd52	SOUND/MOD/S/SPECIAL.MOD
3ca98ddb5476cf428076ee485e8271c8	1	403637	player+silence	uade	Protracker	0	419794	26a8f337	58bec723	SOUND/MOD/C/COS_BTCH.MOD
3dea54e4b70b73adecb8349828dba469	1	138369	player	uade	Noisetracker 1.x	0	28314	733e3675	82470a9b	SOUND/MOD/S/SOMEWHER.MOD
3dfeccd0a0b9672ac8bae2d0defba6f2	1	170676	player+volume	uade	Protracker compatible	0	99838	e94058ff	eac58fa3	SOUND/MOD/B/BIGFUN.MOD
3e17630cc74d842f6564b46ae60bc427	1	11256	player+silence	uade	Protracker compatible	0	22841	c74dfdeb	2cd83d6e	SOUND/MOD/W/WIND.MOD
3e5744c2e8cb71c0a12f47b4dbee30db	1	84616	player	uade	Protracker compatible	0	38610	67c21082	12a70228	SOUND/MOD/A/APENNO.MOD
3e5ca40e4cb724559d75e70638ac0a53	1	138485	player+silence	uade	Protracker compatible	0	228156	82e08de3	95649e1e	SOUND/MOD/E/EUROVISI.MOD
3e921cb0eac2cab8555b53ce9c5fb55b	1	201083	player	uade	Soundtracker II (31 instr.)	0	62390	21acc345	aac57edc	SOUND/MOD/F/FUSION.MOD
3e9823064d21892bb9a1b359480d046c	0	63377	player	uade	Ultimate-Soundtracker or compatible	0	39268	f261fb58	e0cc4682	SOUND/MOD/T/TNT2.MOD
3e9b9fe261358ebb376971db07bb4931	1	195316	player	uade	Protracker compatible	0	188456	0fe192c2	e5fcbddc	SOUND/MOD/G/GIB_BB.MOD
3eee2c64a7b0a8e5532125db7f84df7f	1	315258	player	uade	Protracker compatible	0	128020	431f4d1b	c7a4ad63	SOUND/MOD/H/HAL.MOD
3eee2c64a7b0a8e5532125db7f84df7f	1	315258	player	uade	Protracker compatible	0	128020	431f4d1b	c7a4ad63	SOUND/MOD/H/HALUCIN8.MOD
3efa29c1e5405ecceaf4a0bc14276571	1	184445	player	uade	Protracker compatible	0	182717	36bc59b0	3d985a37	SOUND/MOD/E/EZ_B2.MOD
3f0fd4a175ff57a932f783feb929530e	1	192141	player	uade	Protracker compatible	0	56558	4577724a	e53302ae	SOUND/MOD/W/WERWERU.MOD
3f2de21745bd3e7aaf28ade96083e131	1	113713	player	uade	Protracker	0	278636	98818db6	4e8e0992	SOUND/MOD/R/ROD.MOD
3fae30cb6fbcae582f754dea3ff10dad	1	80758	player	uade	Protracker compatible	0	42804	1ef09514	2de855ba	SOUND/MOD/A/ACIDBAT2.MOD
3fe8bf1eed0480a89b77b550e9decac2	1	48125	player	uade	Protracker compatible	0	80808	5f3e859a	ee153edd	SOUND/MOD/W/WHO4.MOD
400423ac4cdd5fbb38dd1b5f22f3f736	1	182227	player+volume	uade	Protracker	0	278366	36c15ce4	d14594b8	SOUND/MOD/91PAST_1.MOD
4018e6bc7122e28f77ca410aff4a70d4	1	121731	player	uade	Protracker compatible	0	56596	10f74174	9bde212a	SOUND/MOD/B/BEAUTY.MOD
404427fbc6596f04fa359272a3807143	1	252778	player+silence	uade	Protracker compatible	0	170610	4c4aef83	f5b08cb1	SOUND/MOD/G/GALAXY.MOD
40824d4023af10564c73b117124e73d8	1	0	nosound	uade	Protracker compatible	0	16384	dec0f584	570eb5db	SOUND/MOD/T/TUNE.MOD
40b084f452b48e36b44817f69f706e0e	1	208960	player	uade	Protracker compatible	0	77682	1bf9873f	9797c53d	SOUND/MOD/C/CROWNINT.MOD
40febbfbb56484246aa0f74c1aa3d186	1	261245	player	uade	Noisetracker 1.x	0	62798	c4f4905a	c700a839	SOUND/MOD/N/NISE.MOD
419a554adfa62536086432c7bd6ca50b	1	146045	player	uade	Protracker	0	171916	61577a44	979536a6	SOUND/MOD/T/TECHNOMA.MOD
41f6aee5f3e4019eb0f4139874997cd6	1	155650	player	uade	Soundtracker II (15 instr.)	0	67992	79c67b0b	ee2e79d3	SOUND/MOD/T/THEWIND.MOD
423951c6677138f47bcfbebec1c1e926	1	275461	player+silence	uade	Protracker	0	163738	d2103f5e	4e631db3	SOUND/MOD/S/SCRAMBLE.MOD
423d4ba3e490295937d68109fbc2a728	1	107645	player	uade	Protracker	0	57550	a999e211	45aed406	SOUND/MOD/S/SATHSO.MOD
42437e9a303d8c541b73a3f01b937809	1	138369	player	uade	Protracker compatible	0	38384	1e8e8bc3	66ebcd40	SOUND/MOD/B/BALL_2.MOD
42437e9a303d8c541b73a3f01b937809	1	138369	player	uade	Protracker compatible	0	38384	1e8e8bc3	66ebcd40	SOUND/MOD/B/BALL3.MOD
42a60822aa55aeb3ab45214821574e97	1	238197	player	uade	Protracker compatible	0	380664	19f3f881	8372cdf4	SOUND/MOD/G/GETITUP.MOD
42b82a244100832cacda045b2668bb93	1	114034	player	uade	Protracker	0	27410	a45fda09	e73417ed	SOUND/MOD/XYZ/YO.MOD
42c8155f4f61d7866fd826006dbbe69a	1	207493	player	uade	Protracker compatible	0	105148	bf285315	fe2d70c6	SOUND/MOD/L/LIMBO.MOD
436b47d14d92a719f3c40f90b7524273	1	448024	player	ft2play	Fasttracker	8	397500	c1a35f43	454c7a60	SOUND/MOD/_1FLATTR.MOD
43d15f5324d27479af21099fa62cc342	1	138369	player	uade	Noisetracker 1.x	0	135862	e7245dcd	698ac50c	SOUND/MOD/A/AIRWOLF.MOD
4415d10858dedbfa22480b68428be03f	0	168972	player	uade	Soundtracker II - V or compatible	0	83318	dd92c103	64d1c871	SOUND/MOD/74E.MOD
449199581b0417a3d92ceb4453d54b96	1	15472	player	uade	Protracker compatible	0	30065	75761e44	f631112e	SOUND/MOD/F/FRED.MOD
44b68afa2b93edd3e3145248c887a2b8	1	111681	player+silence	uade	Protracker compatible	0	171228	519cc19d	bd11e099	SOUND/MOD/D/DREAMING.MOD
451f2abfb03d7de40ae3b7df3c61a44d	1	246838	player	uade	Noisetracker 1.x	0	78188	ff35ee33	882ddfe0	SOUND/MOD/L/LOWALTIT.MOD
45cc400af4785ef93c7f06bcc0dc85d7	1	152708	player+silence	uade	Noisetracker 1.x	0	57072	b416762b	e1d8ac35	SOUND/MOD/A/ASSASSIN.MOD
466543e1f25c5c6f689adbc6355eca3c	1	128121	player	uade	Protracker compatible	0	86712	4dcb1066	51e27f17	SOUND/MOD/G/GOING_FA.MOD
46814194e2db435839a5ac67991af0f7	1	311130	player+silence	uade	Noisetracker 1.x	0	234718	cb903b06	78b5b340	SOUND/MOD/H/HURICAN1.MOD
46d1bde22244effe6b16137d96ec804a	1	116026	player+silence	uade	Protracker compatible	0	91526	cfaa1c34	9494ffce	SOUND/MOD/A/ALPHA.MOD
46df573f2e23e48f8ac146ae524a3761	1	296498	player	ft2play	Fasttracker	8	203502	b707e28b	1c50bbb7	SOUND/MOD/P/PERSONA.MOD
4714a051450f9785b6950a5b064b60d6	1	238482	player+silence	uade	Protracker compatible	0	341540	cc6119a7	b36d2aab	SOUND/MOD/911AJOKE.MOD
47666c694a3080beec52189b3f5eb1fb	1	169093	player	uade	Protracker compatible	0	196426	c42d37c9	f7458c66	SOUND/MOD/D/DIGIT2.MOD
4784521cf891cccc592c47a506f2546b	1	199797	player	uade	Protracker compatible	0	129460	e4b4fc75	18e9a7f9	SOUND/MOD/D/DECEMBER.MOD
47972b5c3cd8252d8ef7259ad8456f4f	1	134531	player	uade	Protracker compatible	0	316066	27b03910	37734b99	SOUND/MOD/B/BARTMAN.MOD
47a16593c834d1589ace401716702683	1	196522	player+silence	uade	Protracker	0	116884	bd564430	b718d2b3	SOUND/MOD/G/GEKKO.MOD
47d4aaa841f8a521d11d1a07220eceae	1	165173	player+silence	ft2play	Fasttracker	8	193646	7557ba71	675f7db1	SOUND/MOD/W/WAVES.MOD
47e0827a07835309cf4e0364404cbf9c	1	289109	player	ft2play	Fasttracker (M.K.)	4	180458	4330e8ad	e449e0e2	SOUND/MOD/R/RADIOEX2.MOD
47f049b49c7889ed416102cc59d0db99	1	190551	player+volume	uade	Protracker compatible	0	241702	baa786a6	80fbdab5	SOUND/MOD/A/AVENGER.MOD
48264c5d68f6dea27c5991bcaea439df	1	205262	player	uade	Protracker	0	76500	1ec6da74	1a14fe78	SOUND/MOD/B/BLUESBR4.MOD
4827d5f649a68a7eec820989d3c7e476	0	59157	player	uade	Ultimate-Soundtracker or compatible	0	45544	079d14d9	a96b48b1	SOUND/MOD/T/TELEPHON.MOD
489e4521e1f06e60c0a0f27a1f81aa68	1	207031	player	ft2play	Fasttracker (M.K.)	4	95901	39de0ccd	b7e0a879	SOUND/MOD/R/RUNTOU2.MOD
48b09ba54eec5b38a3c8e6013d1a3424	1	185406	player+silence	uade	Protracker	0	102746	5147616e	dfeb8c29	SOUND/MOD/V/VIRUS.MOD
48d1e8cce1453f8151e4604176645612	1	267780	player	ft2play	Fasttracker (M.K.)	4	69065	f0cb9150	31f90b44	SOUND/MOD/C/CANTFIGH.MOD
49199af8c39eb1042237fc40ca4bce12	1	84616	player	uade	Noisetracker 1.x	0	22248	e2b2019b	0f67c1e6	SOUND/MOD/P/PRELUDE.MOD
4949cf3597275b7801789b4b3291c818	1	161397	player	uade	Soundtracker II (15 instr.)	0	50692	6d64a436	8f872db2	SOUND/MOD/S/STREF.MOD
496f5230ed8ea2570222d57d81d0ae84	1	75072	player	uade	Protracker compatible	0	69145	d6c754b4	243c5093	SOUND/MOD/Q/QUANTUM.MOD
49aa26bb48671e012ec311917da283ca	1	377310	player	uade	Protracker compatible	0	194244	dcc86a77	4ede5b40	SOUND/MOD/D/DEPRESED.MOD
49cb934a65c37416f32c3bca924ff4e7	1	327194	player	uade	Noisetracker 1.x	0	233264	400b221a	992c2814	SOUND/MOD/S/STRAZZAN.MOD
49cfd6be87936d8ede059b64397fe308	1	205236	player+silence	uade	Protracker compatible	0	199926	e62e1392	9e927426	SOUND/MOD/T/TONIGHT_.MOD
4a27ee04714205c984f2753cf3a85dff	1	170379	player	uade	Protracker	0	62342	2ecf48d3	4383f0d5	SOUND/MOD/R/RBTX-1.MOD
4a5678066b57bf19b477b0ea161209c3	1	334629	player	uade	Protracker compatible	0	169244	07a58bf0	6745db51	SOUND/MOD/C/CANTHELP.MOD
4a871f28e06e7c756adfad8235bf4452	1	176769	player	uade	Protracker compatible	0	58960	00109222	c39f1d88	SOUND/MOD/R/ROKNPEBL.MOD
4ac43fde29e4b3c054043115dde2c15c	1	404537	player	uade	Protracker compatible	0	369864	559eaffe	585658e3	SOUND/MOD/H/HOLSM.MOD
4c4a100801f239ea9a0b5367fca65b75	1	305381	player+silence	uade	Protracker compatible	0	96488	8785a72c	5ce5a7cc	SOUND/MOD/R/RAPPSTAN.MOD
4c69bd28d481113ee47fcde17d414aca	1	253569	player	uade	Noisetracker 1.x	0	29132	2d0b2923	c7be136e	SOUND/MOD/A/A.MOD
4c808db7bf44e1800171f8cc85082ebf	1	192141	player	uade	Soundtracker II (15 instr.)	0	59320	999b48d9	cf9e2d28	SOUND/MOD/C/CAMBOD.MOD
4c917cfaa2a08a991ac7778f257bd3a6	1	414866	player	uade	Protracker compatible	0	214670	4e23b822	bf6cc57c	SOUND/MOD/M/MCHAMMER.MOD
4ca053941e5bf3e6fe7e4fb78080e1dd	1	307021	player+silence	uade	Protracker	0	99700	8967b94b	36d07adf	SOUND/MOD/R/REALIZE.MOD
4cddbcba9eac7eb82531a1f22aa562d8	1	89446	player	ft2play	Fasttracker (M.K.)	4	57407	f83f9fd7	fce24f11	SOUND/MOD/O/OPEN.MOD
4ce7387cf12b44ab01c23ef32274eb85	1	182006	player+silence	uade	Noisetracker 1.x	0	91456	949ddd55	4bc78d80	SOUND/MOD/S/SAHARA.MOD
4cf200fe0af3b6220c3f95a3ab7c393f	1	214325	player	uade	Protracker compatible	0	114112	aeeba95e	e02ac73c	SOUND/MOD/F/FREAKED.MOD
4d0cad918a6f25941af5d86f1c3879b9	1	103806	player	uade	Protracker compatible	0	71932	e0c0ff9c	511e6e8e	SOUND/MOD/L/LAMBADA.MOD
4d18bb14a5d0e4b00addf2253fedd39d	1	287408	player	uade	Protracker compatible	0	207454	3d96b875	6dd831aa	SOUND/MOD/T/TOMSDINR.MOD
4db528385936ec99977a50e6ee893824	1	67315	player	uade	Soundtracker II (15 instr.)	0	37846	690b734a	d9b8fc59	SOUND/MOD/D/DONTWORR.MOD
4e273f72e371db53b86b5e87f23f4c23	1	142187	player	uade	Soundtracker II (31 instr.)	0	104258	db6cd6c3	8b9dc0e0	SOUND/MOD/H/HOTMOD.MOD
4e33262748e8b415c1aa6dd80e3e0cbf	1	149988	player+silence	uade	Protracker	0	115970	5f1ad9f4	f7cf63b2	SOUND/MOD/J/JADE-SON.MOD
4e84e4d7f571fb3c216738d75ef36acc	1	192141	player	uade	Protracker compatible	0	190698	5c9e2079	466142d3	SOUND/MOD/F/FREEFROM.MOD
4e981f1d0d66dc41878f7d65077e6e1a	1	153721	player	uade	Protracker compatible	0	74793	3087e6a5	e1de30c6	SOUND/MOD/M/MODLAMB.MOD
4eb19cab8eb52a6e175ee7a3c57ee49a	1	138369	player	uade	Protracker compatible	0	84210	f027f63b	44628f75	SOUND/MOD/S/SALUTE.MOD
4edc44a43855faeec69e1075998b40c1	1	151301	player+silence	uade	Protracker	0	193372	1643e2a8	31c6d5d4	SOUND/MOD/A/ANEWJACK.MOD
4f1f6a3c73459b9def3076a93d2e3413	1	180607	player	uade	Protracker	0	221770	dc960bdc	0f37eb25	SOUND/MOD/R/REALMOFC.MOD
4f3451016472260e38ed42e4eacef505	1	293136	player+volume	uade	Protracker	0	128078	f49c8ef6	9a487a4f	SOUND/MOD/O/ORBITA1.MOD
4f7276312518fcfabb17d4417c2697d8	1	192141	player	uade	Protracker compatible	0	108310	779a391a	6db23704	SOUND/MOD/N/NIGHTLIG.MOD
4fe742d1c2111048fd947f2f4ec679e5	1	199797	player	uade	Protracker compatible	0	202112	87fa77fa	988d0608	SOUND/MOD/H/HUMAN.MOD
501edc8e7fe237efe493ebc420c85217	1	263875	player+volume	uade	Protracker compatible	0	113583	8fe003c9	56d39ec5	SOUND/MOD/T/TRUFAITH.MOD
508ffda5ba71299221b83866a6bc36a8	1	192141	player	uade	Protracker compatible	0	78420	5aa90ec8	efcd6fec	SOUND/MOD/B/BALL_4.MOD
50cadcd1963563097c56f813bffc62fe	1	132360	player	uade	Protracker compatible	0	263744	859800cc	ea0f4d53	SOUND/MOD/B/BAT_DAN.MOD
5103289bd98d58dafd896f0e28da0e29	1	184445	player	uade	Protracker compatible	0	147026	085f2a3d	39f0ff2a	SOUND/MOD/W/WHY.MOD
5272ce1d8c770168131040726a3cb21a	1	205564	player	uade	Protracker compatible	0	89898	05c0328a	3d37cd49	SOUND/MOD/T/TTT.MOD
5275863558e5796c651cd151f835378b	1	161397	player	uade	Noisetracker 1.x	0	96520	8867d807	c0c8c3c0	SOUND/MOD/D/DEFENDER.MOD
52abb0ead7be805190b09be5d20d8ac8	1	138369	player	uade	Protracker compatible	0	71730	372f157f	eeb3bd3e	SOUND/MOD/M/MADE.MOD
52d06d5bce44299005bd9f055e2a705c	1	153721	player	uade	Soundtracker II (15 instr.)	0	56184	fc0339cf	c08e9e9a	SOUND/MOD/E/ENOLAMIX.MOD
540a298c3f37b1ef0ceac798dc994549	1	161397	player	uade	Noisetracker 1.x	0	90659	56f663cc	e4aea331	SOUND/MOD/D/DRILL.MOD
543e659d59042c0e0f2ae349354e1efd	1	178440	player+silence	uade	Soundtracker II (15 instr.)	0	206628	000d552e	e463893b	SOUND/MOD/XYZ/XTC.MOD
5455d2da6e3b5422dd04c5c747608879	1	223809	player	uade	Protracker	0	159976	223eb807	c61d00c3	SOUND/MOD/E/ENLIGHT.MOD
54ad48bd0016b14360f8972d730115c2	1	192141	player	uade	Protracker compatible	0	56646	1f379399	afb0c2a5	SOUND/MOD/K/KTHRSIS.MOD
551f04e1169625ff002733a68d670d71	1	108931	player	uade	Soundtracker II (15 instr.)	0	111052	593c9cc9	c0dc151c	SOUND/MOD/A/AWESOME1.MOD
553708662390bf8d365968da43d892d7	1	123921	player	uade	Soundtracker II (15 instr.)	0	63832	8397adbe	aad3713b	SOUND/MOD/B/BRILL.MOD
553c2819d3df222e24bde7f936b3fdb6	1	631993	player+silence	uade	Noisetracker 1.x	0	116076	0e82706a	61967f76	SOUND/MOD/A/AXEL-F.MOD
5546c73938c906b2f1e395634c4e8372	0	158285	player+silence	libopenmpt	Ultimate Soundtracker 1.0-1.21	4	101284	1c63d4fa	6568e32c	SOUND/MOD/R/RIFF.MOD
55714ab2494ccdc66b493faf8869e09f	1	150305	player	uade	Protracker	0	239834	b0565819	8ce24e8d	SOUND/MOD/D/DOORNAIL.MOD
55a915288cda3825dc679645126ea78a	1	7796	player	uade	Protracker	0	2142	83d6365b	402174a0	SOUND/MOD/A/ATEAM.MOD
55d965ccc1529e74a371742187957818	1	193616	player+silence	uade	Protracker compatible	0	68628	ad3b9879	4eb4bf1c	SOUND/MOD/S/SCROLL.MOD
55da777a9f49ee7456f25255e4ffb04d	1	80758	player	uade	Noisetracker 1.x	0	41804	6ab0447c	8ac7eaff	SOUND/MOD/B/BATMANAC.MOD
562dce350fd7b18853d9d1c36989283e	1	107645	player	uade	Protracker	0	125054	47f8c731	5991a432	SOUND/MOD/S/SUNWIND.MOD
56bef66720c1fe86029e8d2a10dc8ea3	1	268660	player+silence	uade	Protracker compatible	0	294461	cf3a4f16	69d25f5c	SOUND/MOD/L/LIVE_KLF.MOD
56e5d053fb08fdeb637a337460f17508	0	236558	player	libopenmpt	Composer 669	8	442074	80953df0	74aa3fac	SOUND/MOD/F/FUNKY2.MOD
56ea294002a7ac29687f1c3cbf072603	1	131054	player	uade	Protracker compatible	0	118480	e65d83e7	479f5d1e	SOUND/MOD/E/EXI.MOD
56ef2495802bb7b0ff7c220a7dfae96b	1	184445	player	uade	Protracker	0	163768	841186bd	6451dc2a	SOUND/MOD/P/PT_AMAZO.MOD
5710b311f2497647602e5ab2810de9d1	1	107645	player	uade	Noisetracker 1.x	0	52664	df205800	c0d15eff	SOUND/MOD/Q/QUANTUM2.MOD
571d1cc98e0845c0d6c56852316d7330	1	163969	player	uade	Protracker compatible	0	27598	5987d6e2	fcb8e2ab	SOUND/MOD/L/LS.MOD
575615a189e9c7b1ac8249525a43d830	1	138369	player	uade	Protracker compatible	0	83000	41401da9	1272e452	SOUND/MOD/B/BOND.MOD
5767f01c840c6247b1860db56686d448	1	23168	player	uade	Noisetracker 1.x	0	22856	21c3a931	08a1734f	SOUND/MOD/G/GSC.MOD
5777b6587c5e3c3bf00f02c20110073b	1	199797	player	uade	Soundtracker II (15 instr.)	0	90964	95827728	53c4dbf6	SOUND/MOD/I/IMPACT.MOD
577f21a829028d738d8ef451528f12bc	1	122997	player	uade	Protracker	0	73968	91d7eac7	319512b9	SOUND/MOD/B/BTWLSD.MOD
578b9a6c2b721e2b789c29f4678206e7	1	182894	player+silence	ft2play	Fasttracker	8	208314	fcb60ced	f1d3c480	SOUND/MOD/J/JAPANAMO.MOD
578c4a7f045e935ab0ffef655843008b	1	211437	player+silence	uade	Protracker	0	318244	9d22a590	756b1337	SOUND/MOD/U/U4IA_2.MOD
57acd1de8e49447b8a29e749ecb3a76e	1	153721	player	uade	Protracker compatible	0	74696	0d91b8d9	e1bb1551	SOUND/MOD/K/KILROY5.MOD
57f0470f26aac2211670f385ebb3b951	1	38520	player	uade	Protracker compatible	0	76103	fca51c41	d2eee9a8	SOUND/MOD/N/NITEWTCH.MOD
5813b90b7f3d32de5b990b5f2962691a	1	168688	player	ft2play	Fasttracker (M.K.)	4	130793	e7d0947f	6707afdd	SOUND/MOD/F/FALLOUT2.MOD
58a6abcecd1fc8826131c6baee8d570f	1	195396	player	uade	Startrekker (4ch)	0	108324	85114e20	98e3ea25	SOUND/MOD/R/REDDWARF.MOD
58a8ac7674160d0ec6340048470c39ff	1	257258	player+silence	uade	Soundtracker II (15 instr.)	0	126756	575260e3	160fcd68	SOUND/MOD/C/CANT.MOD
59e1806f8d95af29ad6d542b35ee7ff3	1	133245	player	uade	Protracker	0	138088	efade843	cc8a1eb6	SOUND/MOD/F/FINASSLT.MOD
5a083f3a61e5ec960f01c7628b16c864	1	161397	player	uade	Soundtracker II (15 instr.)	0	112416	16b4c6e4	8a03c556	SOUND/MOD/T/THELOOK.MOD
5a4860c5f756038c5e7273c90f622b4b	1	238197	player	uade	Protracker compatible	0	115724	3eaf0534	e9c21562	SOUND/MOD/I/IRONTEAR.MOD
5a95a2bc325168b38ef936ef34e27580	1	107645	player	uade	Noisetracker 1.x	0	44984	2b18667d	d202d39c	SOUND/MOD/S/SOLODRUM.MOD
5adaaeea4afde5229aa418f25b4a0974	1	105072	player	uade	Protracker	0	87544	ec6eda6a	6179c8b4	SOUND/MOD/A/AGONY3.MOD
5b0ecad3884d4df1fd016574541cf2ff	1	99968	player	uade	Noisetracker 1.x	0	73920	361c09c5	8e843b8f	SOUND/MOD/C/CHINADUD.MOD
5b13288659096f3dd1c461f51fd2e14f	1	288171	player	uade	Protracker compatible	0	109936	82c77295	206b2596	SOUND/MOD/K/KEFRENSV.MOD
5b14a2b98a2e52f90aba3a34c9361572	1	331917	player	uade	Protracker	0	282768	318436a6	6b204ea0	SOUND/MOD/V/VLD.MOD
5b350b4c95c159fc2aa75f428251ff48	1	221934	player+silence	uade	Protracker	0	200382	0ccd1426	70eeab6f	SOUND/MOD/S/SEADOG.MOD
5bde7f6a5683204dbcec2cc1a9e14f2f	1	594328	player	uade	Protracker compatible	0	138156	1feda4c5	5eb5cc42	SOUND/MOD/B/BAROQUE1.MOD
5be2b140d1ca5a55717ec14b9037afd3	1	176769	player	uade	Protracker	0	120570	b23a09d0	fb3f24c5	SOUND/MOD/S/SC2T4.MOD
5c0c924099a2942439a97963d2c947c1	0	174337	player	uade	Ultimate-Soundtracker or compatible	0	66436	a9e25e64	4e873a97	SOUND/MOD/K/KENT.MOD
5c4135633f6ee2416f9ac693052c0b7a	1	178958	player+silence	uade	Soundtracker II (15 instr.)	0	71872	a823695e	e1080237	SOUND/MOD/C/CANNIBAL.MOD
5c7cab4b572ccb5ef0938ecc65305f24	1	113311	player	ft2play	Fasttracker (M.K.)	4	298525	f3b0b1ad	402f55d5	SOUND/MOD/B/BORNTO.MOD
5c833498a1d776a21e5bcfb5ea9f2e9a	1	217982	player	uade	Protracker	0	259498	fd560b90	4a7c2f1c	SOUND/MOD/E/ELVIS.MOD
5ceef7cde94ca832b7047a5e3bd79a9f	1	214699	player	ft2play	Fasttracker (M.K.)	4	115091	371d796d	07a825cf	SOUND/MOD/V/VALIA.MOD
5cf5e230753d7fb26ae4bc2c715c3625	1	128121	player	uade	Protracker compatible	0	86712	b345cd34	5e3d18c3	SOUND/MOD/G/GOINGFAR.MOD
5d0f631efe24004919922ee63a79c166	1	122997	player	uade	Soundtracker II (15 instr.)	0	61304	2adac879	03900e56	SOUND/MOD/T/THERONIT.MOD
5d140608a76eaa49180419a8657935c5	1	207493	player	uade	Protracker compatible	0	325329	4a203035	ded3ee67	SOUND/MOD/M/MOVE_KLF.MOD
5d3e1e08285212c71764957598e695c1	1	174820	player	uade	Protracker	0	295708	ed85dcd3	411463c1	SOUND/MOD/S/SUNDANCE.MOD
5d5d379a0030dc2f9c66029fcb29cafe	1	181893	player	uade	Protracker compatible	0	282624	383976de	3c13d691	SOUND/MOD/I/IVEPOWER.MOD
5d5fae15f871e036424dacece5e92a31	1	176769	player	uade	Noisetracker 1.x	0	54450	b3381b79	0287cd0b	SOUND/MOD/B/BONITA.MOD
5d5fae15f871e036424dacece5e92a31	1	176769	player	uade	Noisetracker 1.x	0	54450	b3381b79	0287cd0b	SOUND/MOD/B/BONNITA.MOD
5d86af83df591b71df156f1161f9a47a	1	350918	player+silence	uade	Protracker compatible	0	153990	812addc3	be3d7f65	SOUND/MOD/R/ROWROWMM.MOD
5d86af83df591b71df156f1161f9a47a	1	350918	player+silence	uade	Protracker compatible	0	153990	812addc3	be3d7f65	SOUND/MOD/R/ROWROWMO.MOD
5dcca1ea3239b9c9ec860d60c65a596e	1	180570	player+silence	uade	Protracker compatible	0	121305	544f8b89	4d3235ca	SOUND/MOD/D/DENISE2.MOD
5dfc8c5fbb19d92c2d66e422104a0936	1	192141	player	uade	Protracker compatible	0	90958	c30ae464	025cf952	SOUND/MOD/H/HOUSENAT.MOD
5eaa87393057dfd3a885ae2a14a26e1e	1	274607	player+silence	uade	Protracker	0	401982	297f51e0	98235559	SOUND/MOD/L/LOVE_YOU.MOD
5eb312f328a24292576af2729af72c5d	1	363987	player	uade	Protracker compatible	0	214418	dfb0fc45	c1ba7c8b	SOUND/MOD/E/ELETRIK.MOD
5f48a54d9c23432e8f02f302b147cb32	1	99968	player	uade	Protracker	0	79440	c5727edf	fec9bb5d	SOUND/MOD/J/JANOSIK.MOD
5f4e1f8b5d7e5f18ef817fba0dd5c0a3	1	242089	player	ft2play	Fasttracker (M.K.)	4	271277	168088b6	b6fac0f5	SOUND/MOD/P/POLOFTRU.MOD
5fc1cc332161e256d7e8f20ba13d4700	1	423828	player	uade	Noisetracker 1.x	0	244542	840daa4f	07f33b21	SOUND/MOD/808CUBIK.MOD
6089944b7c2bd88026d5388c75a47c9d	1	34682	player	uade	Protracker	0	71522	423c143b	24c8ceba	SOUND/MOD/E/EMUSORGA.MOD
609d6933bf28d1886ec8fcb76b86dd4e	1	124805	player	uade	Protracker	0	76770	5e314d37	546fc339	SOUND/MOD/U/UNDERGRO.MOD
60b40d5fe936613c365c6dd0b94aaa23	1	218910	player+silence	uade	Protracker compatible	0	182383	2bc50db7	ecdebf82	SOUND/MOD/U/UBOAT.MOD
60ba3b80f20cd6192e3b6cfa7fdd74ea	1	169093	player	uade	Protracker compatible	0	44172	430d241f	5ca428e9	SOUND/MOD/D/DREAMTN.MOD
60c4bd2894638becf22900e32983fa10	1	105354	player	uade	Protracker	0	140886	0671069c	d365932f	SOUND/MOD/F/FLATLINE.MOD
60d041a344e8f20c4860c6b4a0112b45	1	207493	player	uade	Protracker compatible	0	93228	9d985c8c	ee494182	SOUND/MOD/T/TARZAN.MOD
614a88650d3a10200ce76117fca98f22	1	137886	player	uade	Soundtracker II (31 instr.)	0	70124	40ab6cf2	a5636824	SOUND/MOD/M/MOURNFUL.MOD
6180dece9717d05611f0b5287ce6a9c6	1	51320	player	uade	Protracker compatible	0	20896	f7fe8a2c	fb0b8f63	SOUND/MOD/I/INTROFRO.MOD
619b3e0524ac87d9621d2157d4f502f6	1	522390	player	uade	Protracker	0	304248	981909d6	fba10263	SOUND/MOD/S/SERENAD2.MOD
61c173cf5676c4db149021efecdbbc35	1	146045	player	uade	Protracker compatible	0	150474	20b64fa0	c841bd82	SOUND/MOD/K/KAOS.MOD
6205ce23216b0cf539d3c1b512f8eab9	1	175663	player+volume	uade	Protracker compatible	0	144772	66288d7a	e4d08e82	SOUND/MOD/R/RBI.MOD
62558196522c832c586b2f7971f357e5	1	224131	player	uade	Noisetracker 1.x	0	53624	6ff79711	b9d9b547	SOUND/MOD/S/SKYSACMX.MOD
63989b2c371a7a37c0e31e1b2aeac12b	1	1251477	player+silence	uade	Noisetracker 1.x	0	377044	baea4a58	289a36d9	SOUND/MOD/D/DARK_LIG.MOD
63acc6329e26411c68bbd27b1fab3d26	1	153721	player	uade	Protracker	0	62160	d68bed51	e22f5f66	SOUND/MOD/L/LIFELINE.MOD
640a5283e017699d6426a6041d26bc39	1	184445	player	uade	Protracker compatible	0	274432	8cda536c	4d1d064f	SOUND/MOD/T/TOUCH_ME.MOD
642e939c381286d85f9c15f5d2f1cca5	1	255498	player	uade	Protracker compatible	0	84090	7fda0b6f	16c8ddf3	SOUND/MOD/S/STOR.MOD
642e939c381286d85f9c15f5d2f1cca5	1	255498	player	uade	Protracker compatible	0	84090	7fda0b6f	16c8ddf3	SOUND/MOD/S/STORM.MOD
644bb695bbb3a62eb77510ce8def62ac	1	169093	player	uade	Protracker compatible	0	140470	2d1811fa	53ef919c	SOUND/MOD/A/ACID_AGE.MOD
644bb695bbb3a62eb77510ce8def62ac	1	169093	player	uade	Protracker compatible	0	140470	2d1811fa	53ef919c	SOUND/MOD/A/ACIDAGE.MOD
647fd41fe9707b109b309196ca23d816	1	195959	player	uade	Protracker compatible	0	86564	bbe0fb64	660057fc	SOUND/MOD/F/FUNKNJAM.MOD
648a982963f2f1b413904d7916f2a339	1	341903	player	uade	Protracker compatible	0	113664	25c250e9	3d2ffb40	SOUND/MOD/S/SPIRIT.MOD
64dbe1cceb32151a8a855fa2a8f23d04	1	196358	player+silence	uade	Protracker	0	69014	d597bae6	e10078fe	SOUND/MOD/J/JUSTALIE.MOD
650bc1c7d6d5e62f7ffccf3a6d7e3bc6	1	46216	player	uade	Soundtracker II (31 instr.)	0	26975	0677ce79	0d42b2cd	SOUND/MOD/P/PRELUDI.MOD
654c0f9b9dd24d957d40a1532bf0651b	1	107645	player	uade	Protracker compatible	0	177457	5cbe876e	3a0e271a	SOUND/MOD/R/REVENGE.MOD
659e66da9f71b006617eef1fa72363b0	1	215149	player	uade	Protracker	0	74994	74f8964c	9729cf70	SOUND/MOD/S/SEEKERZ.MOD
65c94eb706ff1f2c5d82659bd0528888	1	217316	player+silence	ft2play	Fasttracker	8	325604	3d9207e6	929a77c9	SOUND/MOD/S/STORM2.MOD
661bf5e1fb6a827d697b6e0c15b44287	1	127920	player	uade	Protracker	0	302974	2a02b3bc	6cab5846	SOUND/MOD/H/HOUSEOUT.MOD
661bf5e1fb6a827d697b6e0c15b44287	1	127920	player	uade	Protracker	0	302974	2a02b3bc	6cab5846	SOUND/MOD/O/OUTHOUSE.MOD
663e27704b2fd58f7029c80becb97245	1	299645	player	uade	Protracker compatible	0	96220	c58eaf59	6a3bae7d	SOUND/MOD/A/A2.MOD
66cfbe0f84e84f9f89e59cc1c1d74e9b	0	53679	player	libopenmpt	Ultimate Soundtracker 1.0-1.21	4	29072	2a213f98	7ac8689c	SOUND/MOD/Q/QUIET.MOD
670d5245f4c62449b5a3b37c983383c2	1	207493	player	uade	Soundtracker II (15 instr.)	0	131448	70ce5a2b	fe345f45	SOUND/MOD/S/SAVAGE.MOD
672f3bcf81fe5863094625675a8ecba9	1	270308	player	uade	Protracker	0	130150	bad8abca	1dec4038	SOUND/MOD/A/APCALYPS.MOD
67771dedb701511e5176eddc347214d6	1	159890	player	uade	Protracker	0	355818	b34e24d6	1c729fe5	SOUND/MOD/C/CLASSIX.MOD
677e6d317a5e5e5d489a1763a2792a19	1	301313	player	uade	Protracker compatible	0	209944	3c68194c	a3b6ef8f	SOUND/MOD/E/ELGPASA.MOD
67860033b10db4435293486d47f455b7	1	434877	player+silence	uade	Startrekker (4ch)	0	180488	743edf00	7d39e7b3	SOUND/MOD/L/LOSTTIME.MOD
679ce40c23b9fee14689b285564b1f62	1	161913	player+silence	uade	Protracker compatible	0	116230	6a71f9c3	617146a2	SOUND/MOD/R/RUN_THE_.MOD
67f15d5faf0588116953fbcea0a8957f	1	73082	player	uade	Noisetracker 1.x	0	57124	85b5843b	cdaef3c4	SOUND/MOD/8.MOD
686c89ffd9a01c1428ea7d7738d25084	1	376466	player	uade	Protracker compatible	0	209947	343f63cb	69c2147a	SOUND/MOD/J/JUSTADAY.MOD
68b47cd7d000bfaa9f97b542b7f9e83f	1	222845	player	uade	Protracker compatible	0	205624	586dccad	24c8e5fd	SOUND/MOD/G/GRSHOUSE.MOD
68c4ba3125aef6d68af864172c6c6b2b	1	268921	player	uade	Soundtracker II (31 instr.)	0	172451	9738e867	503834d7	SOUND/MOD/W/WEIRD.MOD
68cdd504f50a3b2ce408cbc85ad0cbd8	1	309701	player+volume	uade	Protracker compatible	0	252004	93092abe	8e0d98e0	SOUND/MOD/F/FLIP_HOU.MOD
68cdd504f50a3b2ce408cbc85ad0cbd8	1	309701	player+volume	uade	Protracker compatible	0	252004	93092abe	8e0d98e0	SOUND/MOD/F/FLIP_HSE.MOD
68f14ce1d6f9c449e4b78abf5523e942	1	226321	player	uade	Protracker compatible	0	141717	f963f497	4d22028f	SOUND/MOD/S/SKR.MOD
69389b1aabda2e1e965176f36e905328	1	176769	player	uade	Soundtracker II (31 instr.)	0	78762	4721a4c1	a569eea8	SOUND/MOD/S/SHEDRIVE.MOD
69b7237fe0863c0ac181ea0ee02f9ffa	1	188605	player+silence	uade	Protracker compatible	0	162918	0e1cc520	a959caf8	SOUND/MOD/M/MOVE.MOD
69c96bb02f87dcad68d2e1ed1f9d9fc2	1	123921	player	uade	Protracker compatible	0	64090	614b1e88	52ccec09	SOUND/MOD/W/WAY_ITIS.MOD
69cd59e818c949599724a3c9fdbbf512	1	235645	player	uade	Protracker	0	83870	6db75cdf	e8a01b6f	SOUND/MOD/F/FANTVOY2.MOD
6a1a116b1e38f75e4a69028ab8dd9f65	1	335051	player	uade	Protracker compatible	0	95528	428e8721	74aa504b	SOUND/MOD/T/TOCCATA.MOD
6a5bcd6319d8f51322cfe022c6d0d868	1	383901	player	uade	Soundtracker II (31 instr.)	0	97336	f0139f5f	f4406551	SOUND/MOD/D/DRAGONS2.MOD
6a93ed8b57eb79705f7ac926eab420b8	1	84616	player	uade	Protracker compatible	0	181498	1ebd527b	b9fc7ff3	SOUND/MOD/G/GETINTO.MOD
6a949e0e3e1895e25aa8a94416ef628a	1	203635	player	uade	Protracker	0	180446	a861dfbb	c79cc37e	SOUND/MOD/N/NEPAL.MOD
6ac3830950d963ec2d926d973a5c2ab3	1	222845	player	uade	Noisetracker 1.x	0	301508	6c4cb77e	501f8bc1	SOUND/MOD/P/PHACU2.MOD
6ad8ec26f9b8cb9904495c6fdf3c603c	1	199797	player	uade	Soundtracker II (31 instr.)	0	68400	dad3d1ef	85b0c71c	SOUND/MOD/S/STARWARS.MOD
6ae0b4f2e138cf2dc8f04077869a9ab0	1	153240	player+silence	uade	Protracker	0	157614	356613ed	58740ea4	SOUND/MOD/M/MPYTHON.MOD
6af81d66db7e1e3bc0dee092afe71e0a	1	194050	player	uade	Noisetracker 1.x	0	59060	6782859d	bb65dd13	SOUND/MOD/E/EYETIGER.MOD
6b19cf1583ee3b8ffe38b178ec32025a	1	195959	player	uade	Protracker	0	178646	aeec859d	bd2fa587	SOUND/MOD/K/KEYBOARD.MOD
6b22ccecc3546cea79374fbdac78b6a9	1	322693	player	uade	Protracker	0	351546	75f5fcc9	1a067a3b	SOUND/MOD/D/DASBOOT.MOD
6b852ae48d472bd06e3e8db6a24cdf3b	1	51320	player	uade	Protracker	0	106616	11af0279	94072167	SOUND/MOD/M/M13CHAMP.MOD
6b9eed42fc2f170931b16fb51b480092	1	245893	player	uade	Protracker	0	70888	709c2f6f	3c27d0c1	SOUND/MOD/B/BIZZJAM.MOD
6ba389896eaf6609b7653db2342ff4d1	1	210068	player+silence	uade	Protracker	0	118812	a220b31b	20bea59d	SOUND/MOD/W/WHI.MOD
6bac0662979d6ef995cd5f53397ce1ef	1	230541	player	uade	Protracker compatible	0	121344	1e9721ec	3097bb2b	SOUND/MOD/S/SHOUTIT.MOD
6bba241300965536305e2d175d97892b	1	122494	player	uade	Protracker compatible	0	66942	879e54c5	c828442c	SOUND/MOD/B/BALL_3.MOD
6bba241300965536305e2d175d97892b	1	122494	player	uade	Protracker compatible	0	66942	879e54c5	c828442c	SOUND/MOD/B/BALL4.MOD
6bc46ab6a469886839297feead389e2f	1	71655	player+silence	uade	Protracker	0	50000	7f79ca01	94e94d48	SOUND/MOD/B/BLOODTOP.MOD
6be79c1ec3d097ec99436262809f3b7e	1	90005	player	ft2play	Fasttracker (M.K.)	4	87120	6490bef3	d75b7546	SOUND/MOD/B/BREATH.MOD
6c25c0f49b1a3eaff6099432bbc7c334	1	242055	player	uade	Protracker	0	92602	c3f0cbd7	fd1eaa13	SOUND/MOD/F/FAN3.MOD
6c25c0f49b1a3eaff6099432bbc7c334	1	242055	player	uade	Protracker	0	92602	c3f0cbd7	fd1eaa13	SOUND/MOD/F/FANTVOY3.MOD
6c736fbfcd0336c2a0da9d1b0151cbd7	1	182757	player	uade	Protracker compatible	0	131838	1828678c	f3eab925	SOUND/MOD/M/MEANBEAT.MOD
6cc4fc52756c35a7cdf8191f4c765839	1	196806	player	ft2play	Fasttracker (M.K.)	4	136581	0d5414ce	f0bfec8e	SOUND/MOD/S/STANDBYM.MOD
6cd023746fae8934435a1171432e7e50	1	143933	player+silence	uade	Noisetracker 1.x	0	208694	72e44116	db8ac243	SOUND/MOD/C/CARAMBA.MOD
6cd2119d2e55fdedbb514e0ca2bc9ece	1	138570	player	uade	Protracker	0	705886	6f08d8e1	174b761c	SOUND/MOD/M/MR_VAIN.MOD
6cdd584c7eabf1169ac5dec50b3942b3	1	18225	player	uade	Protracker compatible	0	28707	a2400512	eb931eef	SOUND/MOD/J/JAZZ.MOD
6ddbdff3cceecb87cd4a47507a4cd4bf	1	179984	player	uade	Protracker	0	263766	f4673591	fec0a32f	SOUND/MOD/G/GETDOWN.MOD
6df2e21e4ba4f11ad9c72fe8c2c2817f	1	176769	player	uade	Soundtracker II (15 instr.)	0	78278	cc20bd90	fab458f6	SOUND/MOD/F/F_Y_C.MOD
6e41dcb9280f181667b684cf4fe105c5	1	121088	player	uade	Protracker compatible	0	59806	f19eced2	479d535e	SOUND/MOD/T/TUNE2.MOD
6e5d276757bc4b4703bd93f6b96e9b54	1	191346	player+silence	uade	Protracker	0	118996	a7f6e396	1bf07e00	SOUND/MOD/F/FANTASY.MOD
6e610612db3b1d396c8282dbd5590006	1	189589	player	uade	Protracker compatible	0	149127	6b71b4f6	a0c5f013	SOUND/MOD/M/MAGPOT.MOD
6f32f1c71045f6cb72138aafadbb06ea	1	414807	player+silence	uade	Protracker compatible	0	165182	39b17d5d	2f77a5cf	SOUND/MOD/2010.MOD
6f6023a8433b9d4e4b9df45443101642	1	138369	player	uade	Protracker compatible	0	90642	683264b5	a0b934c7	SOUND/MOD/S/STEAM.MOD
6fb5fe19ef42bdedb70644d272758d60	1	125569	player	uade	Protracker compatible	0	251150	ebec469e	32ef623d	SOUND/MOD/H/HIPPOP.MOD
6fb6acd7df4f0717c92e9d168535c0e8	1	354826	player+silence	uade	Protracker compatible	0	184430	51b9135b	5db4800c	SOUND/MOD/L/LIVE_JAM.MOD
6fcbf20c528a66779d32aa521cdc1b3d	1	35968	player	uade	Protracker compatible	0	25463	e2090027	1b784615	SOUND/MOD/M/MELLO.MOD
702cec05c4471ae5e1b1229543b987e9	1	478464	player	uade	Protracker	0	160218	66a02d1e	116f1666	SOUND/MOD/K/KNULAKUK.MOD
70c38485062b0f4466e19e05b6bea6e2	1	198587	player+silence	uade	Protracker compatible	0	285772	3a3bc8bc	89370574	SOUND/MOD/J/JBISDEAD.MOD
711643c32f0edb334552a54864628d6a	1	157579	player	uade	Protracker	0	56992	36c9e6cb	b523dbdd	SOUND/MOD/S/SPEEDEBO.MOD
71d73ed79fc8536abd426c5f90c0f584	1	185406	player+silence	uade	Protracker	0	85584	1bdf4c15	0ca2c41d	SOUND/MOD/T/THEVIRUS.MOD
71eafc4232dbe39a8413dacab0872366	1	121088	player	uade	Soundtracker II (31 instr.)	0	55752	471d4c65	aea7134e	SOUND/MOD/U/UPFRONT_.MOD
7229887af2790d1232e1b5b2eb33fcc0	1	122997	player	uade	Soundtracker II (15 instr.)	0	291660	28c1838d	d2a6e418	SOUND/MOD/C/COLDCUT.MOD
7231e04d60542550d304fb80a25b251e	1	239249	player+silence	uade	Protracker compatible	0	161460	9f615a55	8f3e502d	SOUND/MOD/A/ACIDBANA.MOD
7288d87a70c2cb8bf249d43417c8d2df	1	150626	player	uade	Protracker	0	88790	b03d4687	cf9c52e5	SOUND/MOD/J/JAXN2.MOD
72c2d9b7817e0642f02372dd24a7b0ec	1	313599	player+silence	uade	Protracker compatible	0	418152	728d535a	e6956967	SOUND/MOD/S/SNAPOWER.MOD
731f8a3be716e40707dce4898f149161	1	316792	player+silence	ft2play	Fasttracker (M.K.)	4	101622	0539b33c	b43f9a14	SOUND/MOD/S/SANDMAN.MOD
7373ea5e4f2a4afb883e0fe7054c5fc0	1	224526	player+silence	uade	Startrekker (4ch)	0	141750	23fe2d18	dfac3a07	SOUND/MOD/I/IG_METAL.MOD
739410eb9ee8708458c2994ebdffc4e6	1	76920	player	uade	Soundtracker II (15 instr.)	0	102942	bcb2c34b	ae2cf285	SOUND/MOD/A/ALF2.MOD
739a63b78df2b45e53c66691e29d4959	1	192141	player	uade	Soundtracker II (31 instr.)	0	76344	0f30aefd	3cd0a83b	SOUND/MOD/H/HQC_BEAT.MOD
73ae606c840e00224a1ae33c68c78a44	1	250997	player	uade	Protracker	0	99304	20d68440	59657c99	SOUND/MOD/E/ENDLESS.MOD
73e5aa6263e4d7b2c9338a5d5ae1a799	1	307321	player	uade	Protracker compatible	0	162816	56b280ea	aff4fb08	SOUND/MOD/M/MCHAMM.MOD
7404e11d09f161a5e11b5f7a8ed83802	1	53872	player	uade	Noisetracker 1.x	0	50700	14cf4917	6698a27c	SOUND/MOD/D/DEPP.MOD
74158d467ba8804c13f04d42a41362d7	0	138034	player	libopenmpt	Ultimate Soundtracker 1.0-1.21	4	58568	31fbbccd	150171d2	SOUND/MOD/U/ULD.MOD
741fc6d28eb99ff2d026f0b7bdc24736	1	192141	player	uade	Noisetracker 1.x	0	50058	417cdc66	55cb5a75	SOUND/MOD/F/FUN_TUNE.MOD
745096c76c06628257be18482f15989f	1	212874	player+silence	uade	Noisetracker 1.x	0	52096	17ec16f9	a16d9459	SOUND/MOD/M/MUZAK.MOD
7465dd1f47adce60cf4498f12bf6b527	1	169093	player	uade	Protracker compatible	0	91504	db94e586	a6ca11b3	SOUND/MOD/N/NIGHTFLL.MOD
746f3e56f9d872f0af6305292a14ba5c	1	449428	player	uade	Protracker	0	311294	7e35541d	650082aa	SOUND/MOD/M/MEG.MOD
74a218fcbea734e57070aa6e87c8fe4a	1	15472	player	uade	Noisetracker 1.x	0	22232	ba39684b	ef583120	SOUND/MOD/D/DESPERAD.MOD
74ac35b4bf41d435e1f04f1dd249e41e	1	115321	player	uade	Soundtracker II (15 instr.)	0	79310	432be897	a26fe5c7	SOUND/MOD/S/S1.MOD
74d38281099cdd21ec0a310bfe850f55	1	280455	player	uade	Soundtracker II (31 instr.)	0	93358	5fc56453	e6f85bc4	SOUND/MOD/K/KAM.MOD
757515feb3c8eb38c269bb5f62248ff6	1	253569	player	uade	Soundtracker II (15 instr.)	0	128508	6c874739	082aa127	SOUND/MOD/64MEMORY.MOD
758719a7a7a9c22b7cebb1b36a457d24	1	96130	player	uade	Soundtracker II (15 instr.)	0	56592	4640acc6	9976d567	SOUND/MOD/A/ALIVE.MOD
758e05c9f004006e8beb68fd079751bf	1	238197	player	uade	Soundtracker II (31 instr.)	0	58052	437b348c	cc3a2e03	SOUND/MOD/I/IT.MOD
759f7d41981454ed13dad4725dff3087	1	19310	player	uade	Protracker compatible	0	31160	be18e583	6103324e	SOUND/MOD/B/BATTLE2.MOD
75bee1eebb5984466fd30d7fddc01ca9	1	147717	player+silence	uade	Protracker	0	100660	c7a378b8	70735413	SOUND/MOD/D/DIMPLES.MOD
76471fe545e6a478089f83eb08a23af5	1	146045	player	uade	Protracker	0	71694	bec424ef	e1762965	SOUND/MOD/B/BGNOISES.MOD
767e0669a1cbea0761821502d85b5b7e	0	95065	player	uade	Ultimate-Soundtracker or compatible	0	59392	d0a0ac3b	1738ddcf	SOUND/MOD/D/DELTA.MOD
769211422fa798f706770d32437b9608	1	414866	player	uade	Noisetracker 1.x	0	214704	9a468fed	ffca1006	SOUND/MOD/D/D.MOD
769211422fa798f706770d32437b9608	1	414866	player	uade	Noisetracker 1.x	0	214704	9a468fed	ffca1006	SOUND/MOD/R/RAINY.MOD
769211422fa798f706770d32437b9608	1	414866	player	uade	Noisetracker 1.x	0	214704	9a468fed	ffca1006	SOUND/MOD/R/RAINYNT.MOD
76c3aacaade57de894d0b9653e792602	1	181406	player+silence	uade	Protracker	0	384530	85eada9c	2db98247	SOUND/MOD/T/TRIBAL.MOD
76d66fcedf63edce4c9d17931dfeffa3	1	293302	player	ft2play	Fasttracker (M.K.)	4	190322	28a272ae	d3645c61	SOUND/MOD/K/KNOCK_ME.MOD
774ae395aad4932a4ed6d7f191701e41	1	230764	player+silence	uade	Protracker	0	179788	48dcb0dd	8570ea02	SOUND/MOD/D/DOUBLEDR.MOD
780d3bf33498bbc93605bf0cc420754f	1	106821	player	uade	Noisetracker 1.x	0	72734	5e327fe8	bdc00aad	SOUND/MOD/S/SYNC_3.MOD
7825da0bdc31950982abd5d2a0593efb	1	128121	player	uade	Soundtracker II (15 instr.)	0	64628	1be1423d	5da08af8	SOUND/MOD/A/AWESOME2.MOD
784ae2a8f96426f1537c59ac5632d503	1	94222	player	uade	Protracker compatible	0	86876	af74e7f8	d4a68230	SOUND/MOD/S/SOUNDMAC.MOD
785174a2f59fb470c06ec6f06bf759fe	1	207493	player	uade	Soundtracker II (31 instr.)	0	99780	12d9beab	4251f42e	SOUND/MOD/G/GAMESONG.MOD
7893b12eced051f0fb353cf176f98fad	1	132417	player+silence	uade	Protracker	0	213378	0d4ad478	1316b872	SOUND/MOD/P/POWER.MOD
7961b27910a9a94b3d568dc214e6e2e7	1	186052	player	uade	Protracker compatible	0	76928	bcdc39b1	a5756498	SOUND/MOD/U/UNIVERSE.MOD
7966e988b4d6f1f3a51fdf1ee05efee3	1	200225	player+silence	uade	Protracker	0	216890	7e03fec8	f54b7580	SOUND/MOD/B/BOESEN.MOD
79be2846711ec0d24fcd1595450e9d2a	1	161397	player	uade	Soundtracker II (15 instr.)	0	127022	3ba3f8df	c6b8754a	SOUND/MOD/B/BANANAS.MOD
7a52843f03c01a3d70f505bf5c03b921	1	98682	player	uade	Protracker compatible	0	297812	47685a1c	1d8efbb0	SOUND/MOD/J/JAC.MOD
7a699080f9d56f2e22f4a4e856674086	1	153721	player	uade	Soundtracker II (31 instr.)	0	97552	59c848f3	9a28b669	SOUND/MOD/K/KAWAI_K1.MOD
7a699080f9d56f2e22f4a4e856674086	1	153721	player	uade	Soundtracker II (31 instr.)	0	97552	59c848f3	9a28b669	SOUND/MOD/K/KAWAI-K1.MOD
7a699080f9d56f2e22f4a4e856674086	1	153721	player	uade	Soundtracker II (31 instr.)	0	97552	59c848f3	9a28b669	SOUND/MOD/K/KAWAIK1.MOD
7b1de7e49c73573a386f0c1ccf668a64	1	214707	player	st23play	Scream Tracker 2.x	4	158635	72ffdd1b	79f01752	SOUND/MOD/R/RYTHMMTM.MOD
7b3d36505f5a4d74c9f08c16943c1820	1	247780	player+silence	uade	Protracker	0	193030	7b4411c7	b2b9963d	SOUND/MOD/A/ANOXIA.MOD
7b76e1137d83a73488c9c2fd89b260f4	1	245893	player	uade	Noisetracker 1.x	0	46800	4f4097f5	39cf258b	SOUND/MOD/P/PT.MOD
7b85dcf4ba4bdf51ff78f728f470000a	1	171122	player	uade	Protracker compatible	0	125082	98f395d8	50f20a24	SOUND/MOD/S/SC2BACK.MOD
7bf820acd91aefddf8bfa8905cf23437	1	180142	player+silence	uade	Protracker compatible	0	187734	6ba9a7b6	be43c0a7	SOUND/MOD/H/HOUSEJOU.MOD
7c0dcd18cfec8ca886e12818b84e5777	1	97557	player	uade	Protracker compatible	0	75222	7e8de339	6a83e925	SOUND/MOD/D/DRWHOMIX.MOD
7c38e77eceb157910d037fa53095db43	1	250387	player+volume	uade	Protracker	0	83154	f1794981	708bb912	SOUND/MOD/L/LOSTINGE.MOD
7c45e0c364e2f5e5584c1148cf05b10f	1	53149	player	uade	Protracker	0	109366	77458ef4	552a3cac	SOUND/MOD/C/CRIMBO.MOD
7c7c58478c670ae01b8f065741b81459	1	128121	player	uade	Protracker compatible	0	105982	4f932849	62194380	SOUND/MOD/A/ALLWANTS.MOD
7ca3bc6593762b20d38fce356aba08db	1	132415	player+silence	uade	Protracker	0	16384	68f97155	9c13e7a5	SOUND/MOD/P/PREVIEW.MOD
7d392386b17770c1e1abfae6ea23a867	1	197513	player+silence	ft2play	Fasttracker (M.K.)	4	293563	5e33bf44	21ebea2b	SOUND/MOD/H/HOUZ.MOD
7d3e5aa9b557dead12adc44eb1eb8fe8	1	238197	player	uade	Noisetracker 1.x	0	23476	1d6e9ab9	c5005093	SOUND/MOD/S/SONG42.MOD
7d9278787e8eeb04e110f0c23f4bb7d8	1	349097	player	uade	Protracker	0	189928	4d1f12d9	299a9c00	SOUND/MOD/B/BONZAI.MOD
7dda5db8ba102c3792cbff98295e34ca	1	192141	player	uade	Protracker compatible	0	95467	9d902aec	0113fd00	SOUND/MOD/A/ACIDHEAD.MOD
7decbe33d2f841d6bca2dadd28889813	1	138570	player	uade	Soundtracker II (31 instr.)	0	74153	8cf56f54	0ea70cd8	SOUND/MOD/I/INTRO.MOD
7df7ae74aabdb6030a3a1d0c876b9921	1	153721	player	uade	Protracker	0	144734	590bcef5	2fe6d0c5	SOUND/MOD/B/BUSYBUR.MOD
7e10ff32119a8527c08f21bb76798814	1	153721	player	uade	Soundtracker II (31 instr.)	0	88876	4a91db1c	018da26a	SOUND/MOD/K/KAWAI.MOD
7e20f81482e173c37332276ade6597a7	1	307321	player	uade	Protracker compatible	0	135656	d4a595e4	9f59cfc4	SOUND/MOD/K/KEFRENS1.MOD
7e7af490b9503f2cc6f4dfd9010e8008	1	289847	player+silence	uade	Protracker	0	398928	22700eb1	94638644	SOUND/MOD/G/GSLINGER.MOD
7e8b6cd6f2f62364182d19831966aa20	1	268921	player	uade	Protracker	0	107514	d513efe1	ad87335f	SOUND/MOD/S/STORIESN.MOD
7e8b6cd6f2f62364182d19831966aa20	1	268921	player	uade	Protracker	0	107514	d513efe1	ad87335f	SOUND/MOD/S/STORNEV2.MOD
7e993032bcfe4733a8d63dff5d88d7c7	1	176769	player	uade	Soundtracker II (31 instr.)	0	78762	8aef3a76	eaee5e7c	SOUND/MOD/F/FYC.MOD
7ed123d37caa6dd8869185c30a737aea	1	107645	player	uade	Noisetracker 1.x	0	66810	72b1ea86	fd81b0de	SOUND/MOD/V/VULCANOS.MOD
7ee4b05d1ba75a2b9e96a83c83537d21	1	76920	player	uade	Protracker compatible	0	88152	9818e279	668df6eb	SOUND/MOD/W/WHOJFK.MOD
7ef98a9cc9b9c59ec28218ce49d8447d	1	111483	player	uade	Protracker	0	81188	48717d74	44f0acb5	SOUND/MOD/F/FORVYONG.MOD
7f20afb332916823a4d704575df8e114	1	206738	player+silence	ft2play	Fasttracker	8	402574	d438aa69	c0b7277c	SOUND/MOD/T/TALISMAN.MOD
7f2a8abf3bc0b356a411f70952a973c4	0	115028	player	libopenmpt	Master Soundtracker 1.0	4	110866	20a95485	d977ad84	SOUND/MOD/M/MADMONKS.MOD
7f3b42084129e1d4a6777fabe1fe33d3	1	209451	player+silence	uade	Protracker	0	242182	83fd16af	d89abafc	SOUND/MOD/A/ACIDJAZ1.MOD
7f415fe41584e534f25218d91eda06db	1	230541	player	uade	Soundtracker II (15 instr.)	0	172918	65fdbd9e	f4a2cf6a	SOUND/MOD/D/D7RAP.MOD
7f7da834402cef3c39c77f48f6d522c2	1	23168	player	uade	Protracker compatible	0	36397	8a766842	8389d0a6	SOUND/MOD/R/RYTHM5.MOD
7f825b2d5a1eb8593825cebc1298c4b9	1	207493	player	uade	Protracker compatible	0	139428	570c239d	df71901c	SOUND/MOD/E/ELECDRUG.MOD
7fdc017c691d3b046e9522f957aa7402	1	130693	player	uade	Protracker compatible	0	73466	c87a661e	fc165d22	SOUND/MOD/D/DEPECHE.MOD
7fe1302d880b509557a487beee9ddb2b	1	112769	player	uade	Soundtracker II (31 instr.)	0	145709	a4263b26	073f1a7c	SOUND/MOD/D/DREAMY.MOD
7fe4758cfed6c9f67b33fe1f662a1490	1	111483	player	uade	Protracker	0	80000	34ad3364	793f1539	SOUND/MOD/T/THRADDAS.MOD
7fe69ea4e33493796b2267bb005fce26	1	265968	player+silence	uade	Protracker compatible	0	98750	070e7f78	9573f86d	SOUND/MOD/P/POORMOUT.MOD
8036a10e4260a22f96e4f5de82f929cb	1	149883	player	uade	Protracker	0	155794	8dfe097a	78e8fb9d	SOUND/MOD/P/PETSHOPB.MOD
807e04451673eb268da0c8a12e69f76b	1	45991	player	ft2play	Fasttracker (M.K.)	4	23553	25da3165	c675fcd8	SOUND/MOD/R/RYTHM4.MOD
80a92c78ed03a696e18c2812a2961466	1	270308	player	uade	Protracker	0	130150	1d038088	edd203f0	SOUND/MOD/A/APOCALYP.MOD
8104fc1baeb03fe18f29b90327a7e5b9	1	335051	player	uade	Soundtracker II (31 instr.)	0	95528	8f198fa6	42596d68	SOUND/MOD/H/HUNTER.MOD
811d6cca140d2b7767f06fa2f2f4f249	1	154806	player	uade	Protracker	0	129920	973949ac	97f7bdc7	SOUND/MOD/M/MAIN_F3.MOD
813415b21c49c187989b5a0e449da87f	1	170612	player+silence	ft2play	Fasttracker (M.K.)	4	224933	39447fa6	f83eae17	SOUND/MOD/E/EYEOFHUR.MOD
819d24739e977095cd7e974e7a8df05d	1	73082	player	uade	Noisetracker 1.x	0	57128	d94be46b	71566739	SOUND/MOD/P/PIANO_PL.MOD
822945524578ff74bc948744e70ab23d	1	237554	player	uade	Protracker compatible	0	146554	14b7bd35	f75490dd	SOUND/MOD/T/TUNAFISH.MOD
822994b247f09d1fd3a43bccee70b6ff	1	16389	player+silence	uade	Protracker compatible	0	29622	defd2d96	3665fa60	SOUND/MOD/N/NO_MORE_.MOD
82678cdbec9a50e50b2b2f97312f264e	1	72283	player+silence	uade	Protracker compatible	0	82698	d5320aa4	49d8470a	SOUND/MOD/W/WHO7.MOD
8293aca24f01d76c9c9974e9542e08c9	1	264213	player+silence	uade	Soundtracker II (15 instr.)	0	112192	ddba383d	0ce21ba8	SOUND/MOD/W/WOWST.MOD
82adcc1669c5763d97f4f004e24b10da	1	92272	player	uade	Protracker compatible	0	144105	cb9d96cc	2d430e20	SOUND/MOD/_TESTING.MOD
82ea7835b4db0b205a33cc10289eb1b3	1	213600	player+silence	uade	Protracker compatible	0	190361	c270ea8a	849b4ee1	SOUND/MOD/R/RIDETRIP.MOD
835f5fa88f18dbc4790e5a2f07c85595	1	263174	player	uade	Soundtracker II (15 instr.)	0	125650	11188c19	90ae1d0d	SOUND/MOD/A/ANGIE.MOD
838c719609a6133624e1d39b7ed8ee64	1	62856	player+silence	ft2play	Fasttracker (M.K.)	4	21319	79f296fa	58e18741	SOUND/MOD/E/EGUALE1.MOD
83e928064eefddb4c2a32b629ff8feed	1	149044	player+silence	uade	Protracker compatible	0	99133	02152251	ae90c21e	SOUND/MOD/S/SONOFGUN.MOD
8416482fc10f95d112b5a9b50d28b897	1	238197	player	uade	Protracker compatible	0	161922	621a760b	43a947f0	SOUND/MOD/P/PUMPUP.MOD
8416482fc10f95d112b5a9b50d28b897	1	238197	player	uade	Protracker compatible	0	161922	621a760b	43a947f0	SOUND/MOD/P/PUMPUPJA.MOD
841d976ea7202397cc7ee5eb055f2cec	1	192844	player	uade	Noisetracker 1.x	0	175414	c11ba34b	85226371	SOUND/MOD/D/DESASTOR.MOD
84347849484d2e54715219faee9017c2	1	153721	player	uade	Soundtracker II (15 instr.)	0	84974	c5f8e3a6	68a61480	SOUND/MOD/S/SPREAD.MOD
84a1f8da4d02753a68b1a4deb5d6164a	1	122534	player	uade	Protracker compatible	0	300544	da16a97f	b4888180	SOUND/MOD/K/KIRK.MOD
84c7fe1475798c10d1927c86506e5efc	1	211181	player+silence	uade	Soundtracker II (15 instr.)	0	70382	a08ceba0	0ba9b023	SOUND/MOD/G/GUITAR.MOD
8500e47f317bce108b72b3e7b8a20b37	1	219007	player	uade	Protracker compatible	0	162772	db983a38	26af9e29	SOUND/MOD/S/SCOOPEX.MOD
853fd07935fab9e21c1fecb1b64ffa6b	1	284721	player+silence	uade	Protracker compatible	0	259115	aac2fd95	f8582004	SOUND/MOD/B/BELLTOLL.MOD
855f4d19d4e8c9e41333a1d098e508c8	1	265585	player	uade	Protracker	0	165772	f6b8146b	6f5d3ce7	SOUND/MOD/J/JAMBOR.MOD
8588d8d8a4b7aa081aa1ee7b2675b15e	1	169647	player	ft2play	Fasttracker (M.K.)	4	131129	590add34	3346830d	SOUND/MOD/O/ONLY_YOU.MOD
85e99c4c55c3ec5843518f5dd6b2c173	1	268921	player	uade	Protracker	0	193530	a4ae122f	d795eb3f	SOUND/MOD/N/NINJRABB.MOD
863a07868a8991270c1159c83c3c5d99	1	253569	player	uade	Soundtracker II (15 instr.)	0	71342	79cdb3e0	bdd52a10	SOUND/MOD/W/WALKING.MOD
86a00ddc188f5b8a9eb113aa182ef20e	1	239001	player	uade	Protracker compatible	0	195268	2303a778	c12f99ce	SOUND/MOD/I/IMPHBIA7.MOD
86c74e16b9138c4c6e333774358e1b8a	1	188283	player	uade	Protracker	0	134357	5b83ec01	6213caee	SOUND/MOD/E/EZ_B15.MOD
86ddd12fa539ff40f14e221bee863c53	1	115321	player	uade	Protracker	0	67600	ca999688	e580103e	SOUND/MOD/I/INDIA!!!.MOD
875dc7fe9829d4db01d1843c515b403f	1	303503	player	uade	Protracker	0	108888	2dada1d6	f290d4d7	SOUND/MOD/B/BEHINDTH.MOD
875dc7fe9829d4db01d1843c515b403f	2	299645	player
877219abffb6ebfd6a9140278e465759	1	430278	player	uade	Protracker compatible	0	163570	44a29add	787d21e3	SOUND/MOD/I/IMAGINRY.MOD
8820770b4a8dc7bc584248819b01ae6d	1	69224	player	uade	Soundtracker II (15 instr.)	0	31244	566d455d	b332b46d	SOUND/MOD/M/MERDE.MOD
88257bd174e815657a800565c70da52b	1	115321	player	uade	Protracker compatible	0	67392	9a544ea5	f1e89b10	SOUND/MOD/E/ELVIRA2.MOD
883a13eb560cd233a65f9cbcd1a5feef	1	161397	player	uade	Protracker	0	75158	01373669	dd928342	SOUND/MOD/S/SHADOWS.MOD
89684c6948ff47d1c3524fe0a97053f9	1	435985	player	uade	Protracker	0	325290	9b9e934e	6d6776e9	SOUND/MOD/4UNLIMIT.MOD
896c0fcfecef245077c3cf0b175da177	1	387432	player+silence	uade	Protracker compatible	0	241441	e9064f17	1608dc87	SOUND/MOD/T/TEK92HT.MOD
89819272a8c487b3a253cd1683476f1f	1	84616	player	uade	Noisetracker 1.x	0	133456	8b2e26b9	dab40305	SOUND/MOD/S/SPIKEMIX.MOD
8a5a27c49eba9a4039c0e8927064eaae	1	143493	player	uade	Protracker compatible	0	92480	c3b70695	626f4fe1	SOUND/MOD/S/SHADOWFI.MOD
8a72156238aca7e1009943bc3aecadb2	1	171966	player	uade	Protracker	0	229488	bf3450e1	54496b87	SOUND/MOD/A/ACIDJAZ2.MOD
8a878cd20f9dc531fdb49446ee14741e	1	130693	player	uade	Protracker compatible	0	16384	79ce3dc9	78dc395f	SOUND/MOD/S/SHAKIN.MOD
8acd25020e5560aad9fccd1575abeb65	1	44910	player	uade	Protracker compatible	0	39210	77003471	4c3a25f4	SOUND/MOD/M/MUNK_JAM.MOD
8acd25020e5560aad9fccd1575abeb65	1	44910	player	uade	Protracker compatible	0	39210	77003471	4c3a25f4	SOUND/MOD/M/MUNKJAMS.MOD
8adcc6da3a8160e9fdca66336a1a66ab	1	319947	player+volume	uade	Protracker	0	145408	9845f7be	42a0faf5	SOUND/MOD/T/TEKHAU.MOD
8b00260a2f82aef89efc89b5f2db5086	1	307321	player	uade	Soundtracker II (15 instr.)	0	68080	8fcdc9a3	88bff995	SOUND/MOD/T/TJ.MOD
8b27576fc3cdb4dc47fd9bf6e8cd6e8a	0	101382	player	libopenmpt	Composer 669	8	60805	d461e8f6	f94328da	SOUND/MOD/F/FONETAG.MOD
8b816306ee676b57bda5a758a05373db	1	226556	player+silence	uade	Soundtracker II (31 instr.)	0	109706	dec6b5b4	21935891	SOUND/MOD/T/THELASTS.MOD
8b8ca2d3b6106ff32cc5e07425505ced	1	43624	player	uade	Protracker compatible	0	205094	92f2fdc8	c751d727	SOUND/MOD/A/AWE-3.MOD
8b8ca2d3b6106ff32cc5e07425505ced	10	1768	player
8b8ca2d3b6106ff32cc5e07425505ced	11	4099	player
8b8ca2d3b6106ff32cc5e07425505ced	12	2210	player
8b8ca2d3b6106ff32cc5e07425505ced	13	4059	player
8b8ca2d3b6106ff32cc5e07425505ced	14	1808	player
8b8ca2d3b6106ff32cc5e07425505ced	15	3375	player
8b8ca2d3b6106ff32cc5e07425505ced	16	1145	player
8b8ca2d3b6106ff32cc5e07425505ced	17	4742	player
8b8ca2d3b6106ff32cc5e07425505ced	18	1828	player
8b8ca2d3b6106ff32cc5e07425505ced	19	8479	player
8b8ca2d3b6106ff32cc5e07425505ced	2	91368	player
8b8ca2d3b6106ff32cc5e07425505ced	20	2069	player
8b8ca2d3b6106ff32cc5e07425505ced	21	1466	player
8b8ca2d3b6106ff32cc5e07425505ced	22	1426	player
8b8ca2d3b6106ff32cc5e07425505ced	23	1868	player
8b8ca2d3b6106ff32cc5e07425505ced	24	2732	player
8b8ca2d3b6106ff32cc5e07425505ced	25	3215	player
8b8ca2d3b6106ff32cc5e07425505ced	26	1708	player
8b8ca2d3b6106ff32cc5e07425505ced	27	1949	player
8b8ca2d3b6106ff32cc5e07425505ced	28	2893	player
8b8ca2d3b6106ff32cc5e07425505ced	29	3355	player
8b8ca2d3b6106ff32cc5e07425505ced	3	96030	player
8b8ca2d3b6106ff32cc5e07425505ced	30	4038	player
8b8ca2d3b6106ff32cc5e07425505ced	31	4661	player
8b8ca2d3b6106ff32cc5e07425505ced	32	3074	player
8b8ca2d3b6106ff32cc5e07425505ced	33	3074	player
8b8ca2d3b6106ff32cc5e07425505ced	34	4782	player
8b8ca2d3b6106ff32cc5e07425505ced	35	4259	player
8b8ca2d3b6106ff32cc5e07425505ced	36	0	nosound
8b8ca2d3b6106ff32cc5e07425505ced	37	9082	player
8b8ca2d3b6106ff32cc5e07425505ced	4	53892	player
8b8ca2d3b6106ff32cc5e07425505ced	5	2069	player
8b8ca2d3b6106ff32cc5e07425505ced	6	3637	player
8b8ca2d3b6106ff32cc5e07425505ced	7	1868	player
8b8ca2d3b6106ff32cc5e07425505ced	8	4179	player
8b8ca2d3b6106ff32cc5e07425505ced	9	3817	player
8b970e64ed0d3a66a3def37ad4b6774f	1	147612	player	uade	Soundtracker II (31 instr.)	0	140635	22e00293	b7f144e5	SOUND/MOD/C/CW2.MOD
8b970e64ed0d3a66a3def37ad4b6774f	1	147612	player	uade	Soundtracker II (31 instr.)	0	140635	22e00293	b7f144e5	SOUND/MOD/T/TECHWAV2.MOD
8cab24255aa0d5169c896a77266cb07f	1	291969	player	uade	Protracker compatible	0	142162	7bc41a55	905c5521	SOUND/MOD/C/CAP-N-PO.MOD
8cb50f1ac19241fd2594e363314f5e3b	1	188562	player+silence	uade	Protracker compatible	0	115272	c8f95924	132517ed	SOUND/MOD/R/RHYTHM_M.MOD
8ce6d839c5f644b330f3e90283a73b39	1	303640	player+silence	uade	Protracker compatible	0	197803	f1da2700	6d22aeaa	SOUND/MOD/Q/QUEST93.MOD
8cefa1bb49b27bc5b90288b5dfc80f6f	1	7796	player	uade	Protracker compatible	0	34529	2829cff5	634cd404	SOUND/MOD/S/STRINGS.MOD
8cfaa731f513fe73054f94306f84ec45	1	288195	player+silence	uade	Protracker compatible	0	71714	fc28251b	08033b46	SOUND/MOD/S/SONG1.MOD
8d41f8a55465d298894433724f2ccce9	1	178678	player	uade	Noisetracker 1.x	0	61384	a7964f61	1571bcfb	SOUND/MOD/D/DRILLING.MOD
8daf7d8432346be49a93afedb1fef83b	1	61568	player	uade	Protracker	0	60178	30b46ab6	facedda6	SOUND/MOD/W/WHO3.MOD
8daf7d8432346be49a93afedb1fef83b	2	15472	player
8daf7d8432346be49a93afedb1fef83b	3	28272	player
8daf7d8432346be49a93afedb1fef83b	4	41072	player
8daf7d8432346be49a93afedb1fef83b	5	37797	player
8db08bd64d7b1a12ccde1e18f45c8f69	1	169093	player	uade	Protracker compatible	0	50860	906c222c	3f2552f4	SOUND/MOD/808STATE.MOD
8ddd465f9c2c0d872ecc6ed8ad9b6654	1	289417	player	uade	Protracker compatible	0	152225	892aa103	a8319bf4	SOUND/MOD/A/ANGOR.MOD
8e4fe128081a924bd7d68388e1b759ae	1	71776	player	uade	Protracker compatible	0	206862	9b2dc873	173b9714	SOUND/MOD/J/JBAIDS.MOD
8e6aac3b1d6fa5a2f8d9e9f329234822	1	161397	player	uade	Protracker compatible	0	89024	2c7e64ae	14eb4e24	SOUND/MOD/J/JUSTICE.MOD
8eaf470a40705d7048a5754d1a3699a5	1	237333	player	uade	Protracker	0	265170	c8b97658	f85be79e	SOUND/MOD/W/WORLDWAR.MOD
8eaf470a40705d7048a5754d1a3699a5	1	237333	player	uade	Protracker	0	265170	c8b97658	f85be79e	SOUND/MOD/W/WRLD_WAR.MOD
8ed8c1673451f67863985127f87efe08	1	163798	player+silence	uade	Protracker compatible	0	82552	7f3057bd	9a4eaf20	SOUND/MOD/A/ADELINE.MOD
8ee9e08ae33ad9f4cf25ed6be89a3e5c	1	426380	player	uade	Noisetracker 1.x	0	118608	2900c2b6	5730867f	SOUND/MOD/B/BMONDAY.MOD
8f52c89d5a1a31c58249b0ffdebc3b7f	1	153721	player	uade	Protracker	0	183874	e86c71f7	879a3efc	SOUND/MOD/S/SOMEKRAF.MOD
8f620ea3c3a5d7bd365a96fb1e6b44b7	1	259175	player	uade	Protracker	0	261394	bb5691a0	8bb7b73d	SOUND/MOD/D/DONTUWNT.MOD
8f7b17c246dac389355936ff66c59886	1	265184	player	uade	Protracker compatible	0	110600	7a8de119	b9fd2880	SOUND/MOD/E/EVIL.MOD
8fb05844ad2091e6b70f377845c35150	1	176769	player	uade	Protracker compatible	0	135393	6c2ce59c	c565961f	SOUND/MOD/D/DREAM1.MOD
8fe1f210f5a03c8e0d734402acf0cd84	1	246927	player+silence	uade	Protracker compatible	0	83058	8b09ecac	435b9c0b	SOUND/MOD/B/BIGJAPAN.MOD
906a6de9ae0335f928303fabd65c6fb4	1	279307	player+silence	uade	Protracker compatible	0	139815	951595cc	91145c64	SOUND/MOD/L/LIVE2TEL.MOD
915ca9bedfb0dd98e10aa734d46323dc	1	381410	player+silence	uade	Protracker compatible	0	110236	9ee57ab2	295fc42f	SOUND/MOD/W/WERETHED.MOD
917dc45ac478d41cf21d0b0fd16a82e2	1	123961	player	uade	Protracker compatible	0	65302	1f45314f	8102c47a	SOUND/MOD/A/ANTI.MOD
92117c5c4559e3ca34f2ac9d4682afe5	1	176769	player	uade	Protracker compatible	0	56626	384ad9ba	e917268e	SOUND/MOD/D/DOTS.MOD
9219fa5a5faca5bcb450f128b240e4eb	1	110543	player+silence	uade	Protracker compatible	0	55687	8edb4eab	ce18c4f5	SOUND/MOD/R/RESIDUE.MOD
9248fd53a0c37258c34a21c57dc1f431	1	201726	player	uade	Noisetracker 1.x	0	193404	ef58de07	11cb9ff9	SOUND/MOD/G/GHOSTB.MOD
924dec3270ab9f8e071cded84818c382	1	227100	player+silence	uade	Protracker	0	303706	dfcee3b0	4eaf2234	SOUND/MOD/A/ANESTESI.MOD
92545a847a2c6ec9e8ae5400ba24dec7	1	457084	player	uade	Soundtracker II (31 instr.)	0	74304	6ee6d74a	e1503919	SOUND/MOD/C/CYBER.MOD
9265fe69cf1c7135f75745472682a17a	1	121570	player	uade	Protracker	0	72082	e76f0757	e675c950	SOUND/MOD/A/ARCTRIV.MOD
9265fe69cf1c7135f75745472682a17a	2	11654	player
9265fe69cf1c7135f75745472682a17a	3	10328	player
9265fe69cf1c7135f75745472682a17a	4	10629	player
9265fe69cf1c7135f75745472682a17a	5	3858	player
9265fe69cf1c7135f75745472682a17a	6	2551	player
9265fe69cf1c7135f75745472682a17a	7	11051	player
9265fe69cf1c7135f75745472682a17a	8	2592	player
9265fe69cf1c7135f75745472682a17a	9	1868	player
92870fb24ffddb0721577bdb02a81910	1	130693	player	uade	Protracker compatible	0	152320	05edf323	94460ed5	SOUND/MOD/S/SHAKE.MOD
92a39e6c9e6b0a3491f6b37ce846a960	1	247271	player+silence	uade	Protracker	0	209828	c4811027	ad0e16e1	SOUND/MOD/D/DAYLIGHT.MOD
92b4a57d47d6b204e4faafdfbdcd02e8	1	317856	player+silence	uade	Protracker compatible	0	122580	a729725d	10d4d352	SOUND/MOD/G/GRAVEYD.MOD
92d5b08730fb6add100d8c36caccb230	0	47522	player	uade	Ultimate-Soundtracker or compatible	0	33896	625bf4e5	f66a46f3	SOUND/MOD/E/ENDTHEME.MOD
92e62fd04cffea475ec92f2c77d5790c	1	296729	player+silence	uade	Protracker	0	415406	cc7ad039	822f08dc	SOUND/MOD/G/GOODVIBR.MOD
930c89d487d8ab8dc8c035b78a89c8a5	1	299645	player	uade	Protracker compatible	0	140650	4411e6da	fd5c8f59	SOUND/MOD/P/POSEIDON.MOD
931da64e8fcb45c69e05f971f454826b	1	128082	player+silence	uade	Soundtracker II (31 instr.)	0	297842	d64ba5d2	1a145fff	SOUND/MOD/A/ANETTE.MOD
934304a6309388f72f9a8f0fe6a2bbd7	1	184445	player	uade	Noisetracker 1.x	0	81252	26907bde	34630f83	SOUND/MOD/R/RSIGSC.MOD
937fda46d8ceb09f69e81ee3883d027d	1	149883	player	uade	Protracker compatible	0	76568	25a78951	431504f3	SOUND/MOD/T/TECHNOST.MOD
937fda46d8ceb09f69e81ee3883d027d	1	149883	player	uade	Protracker compatible	0	76568	25a78951	431504f3	SOUND/MOD/T/TECHNSTY.MOD
93b235103485042c3efb84fe5c67edc8	1	350620	player+silence	uade	Soundtracker II (31 instr.)	0	120400	04314538	442129ca	SOUND/MOD/O/OUTRUN.MOD
9420a3c4b116f3627ded85f6d3fabfa9	1	140643	player+volume	uade	Soundtracker II (15 instr.)	0	64618	43ba7c16	c69aa43a	SOUND/MOD/D/DEMONREV.MOD
9421e4359173e06463011e00098340bd	1	49848	player+silence	uade	Soundtracker II (15 instr.)	0	42628	380e8f33	c9386159	SOUND/MOD/B/BIOCHAL.MOD
94525fa0f5634a2f0ae2f59e69b1ff5b	1	130693	player	uade	Protracker	0	104930	374128b5	1c7f2ec2	SOUND/MOD/T/TUS.MOD
9479d2c7bd41ade791907cc30d8b708f	1	266528	player+silence	uade	Protracker compatible	0	136861	aa1ff80a	9b547655	SOUND/MOD/I/INBLOOM.MOD
9488db370a46470115e858291e252269	1	192141	player	uade	Soundtracker II (15 instr.)	0	100068	337c36ed	527193b0	SOUND/MOD/D/DRACULA.MOD
94a47429fa18fd6aa6a52a912a7eb1e6	1	123921	player	uade	Noisetracker 1.x	0	64316	5a42a453	f2814501	SOUND/MOD/T/THEWAY.MOD
94d825d1df3ef342233a450a2a07da3a	1	159220	player+silence	uade	Noisetracker 1.x	0	103392	18f7232a	73425360	SOUND/MOD/M/MEGAFRCE.MOD
9555e9c26f312b4150fdb177c8501463	1	64120	player	uade	Protracker	0	84052	927b1ec8	26477a1f	SOUND/MOD/F/FLYWINGS.MOD
9563022e3d823b8408eb82ba56614bde	1	327172	player	ft2play	Fasttracker	6	234758	d8d5298f	0c004381	SOUND/MOD/H/HXAPPEAL.MOD
95c19964f8bf43b416d1678e7ab10084	1	303463	player+silence	uade	Protracker compatible	0	211647	aa779842	aaeeb37a	SOUND/MOD/I/IRONMAN.MOD
95ff053a62049b8e9aaf72a8baf15c72	1	238197	player	uade	Protracker compatible	0	120972	a3c7fb63	92468cd6	SOUND/MOD/R/RNATION.MOD
9602f78648360e4498721e123064f2a1	1	115321	player	uade	Soundtracker II (15 instr.)	0	53792	b63cbeb7	75c710f0	SOUND/MOD/T/TUERKES.MOD
960f14da4298d3d1ae0c563d22a4440f	1	141383	player	uade	Protracker compatible	0	48202	3c0e892a	2818ad5b	SOUND/MOD/A/ADAGIO.MOD
960f14da4298d3d1ae0c563d22a4440f	1	141383	player	uade	Protracker compatible	0	48202	3c0e892a	2818ad5b	SOUND/MOD/C/CANTABIL.MOD
9611407db37a9608387b5150217add1c	1	84616	player	uade	Soundtracker II (15 instr.)	0	39470	ce89e4f3	c75d0460	SOUND/MOD/T/TUBBELLS.MOD
9611407db37a9608387b5150217add1c	1	84616	player	uade	Soundtracker II (15 instr.)	0	39470	ce89e4f3	c75d0460	SOUND/MOD/T/TUBELLS.MOD
9611407db37a9608387b5150217add1c	1	84616	player	uade	Soundtracker II (15 instr.)	0	39470	ce89e4f3	c75d0460	SOUND/MOD/T/TUBULAR.MOD
963fe63192e2d75132d3000a7d6f0808	1	289839	player	uade	Protracker compatible	0	103464	9be00f20	c1b489c4	SOUND/MOD/R/RUNWAY2.MOD
969b2ad0609e5b00ca501ee01aa33d7e	1	89583	player+silence	uade	Soundtracker II (15 instr.)	0	53964	93113306	42736194	SOUND/MOD/D/DALLAS.MOD
96dd5456f3ff8a55559eec7dda0a4c20	1	348615	player	ft2play	Fasttracker	8	614876	c4f26a17	13af283e	SOUND/MOD/L/LULLABY.MOD
97a883634e322fb5cdfb8b19e57fb60d	0	168708	player	libopenmpt	Ultimate Soundtracker 1.0-1.21	4	86120	fe1ac344	ef702d4f	SOUND/MOD/N/NIGHT.MOD
97d268680b1ac7c45bee19c2123b6ccd	1	80115	player	uade	Protracker	0	119138	a14b48ea	73c76692	SOUND/MOD/A/ALFSBOOG.MOD
97ed5448dfe91da3d04036d1cf89edc1	1	139393	player	uade	Protracker compatible	0	88596	2570671d	507db08f	SOUND/MOD/T/TRASH.MOD
98315887653627877fc95363ff745880	1	236931	player	uade	Protracker	0	103938	5fb2226d	2e84f708	SOUND/MOD/S/SPEEDRLZ.MOD
98d43ee5511655588b2f3454223324c5	1	276597	player	uade	Protracker compatible	0	68807	14508b5c	e8f6b4a0	SOUND/MOD/B/BANGER.MOD
98e0a04bc40e336603c5d4d7bd29c215	1	75268	player+silence	uade	Protracker	0	78630	7074b04a	eb70b309	SOUND/MOD/D/DANCSWAN.MOD
98f666b7199a6dbff2714c8b6c6b0261	1	121731	player	uade	Protracker compatible	0	44244	dcb36e28	0bf3c57b	SOUND/MOD/T/THETRIPT.MOD
991c399063e199ed4c1e43f900369928	1	265103	player	uade	Soundtracker II (15 instr.)	0	48036	ccbb8327	211b0466	SOUND/MOD/M/METALWR4.MOD
994414bc07774c850d95a110b5adef3b	1	123921	player	uade	Noisetracker 1.x	0	64108	51a3776b	de0926b2	SOUND/MOD/6.MOD
995324f114e9ffb02c854d58dd68d90c	1	201919	player	ft2play	Fasttracker (M.K.)	4	398785	bc391ed5	922e301f	SOUND/MOD/S/SSMEGAM2.MOD
99ae5bc835e39e36609fcd8b4d987808	1	206207	player	uade	Soundtracker II (15 instr.)	0	63336	69df85c1	cf70ccd8	SOUND/MOD/L/LNINJA2.MOD
9a30cc64a23caef0119d33e60bb2df85	1	230541	player	uade	Protracker	0	57370	2efb987f	914d3087	SOUND/MOD/A/AQUA01.MOD
9a88d58be4273cee82a57215009b75a5	1	107645	player	uade	Protracker	0	281230	79c8de9e	503fbf30	SOUND/MOD/U/U4IA.MOD
9ab6803f5365c0c680d133faa86abe30	0	99691	player	libopenmpt	Ultimate Soundtracker 1.0-1.21	4	104740	958e34d7	8a5ffeb0	SOUND/MOD/J/JWX1.MOD
9af6f95bc6f125fafba18c0f1f036b47	1	69224	player	uade	Soundtracker II (15 instr.)	0	39492	8be08fc0	1eb25def	SOUND/MOD/U/UNITA.MOD
9b261fa53bb17f234433f8a55735a381	1	439321	player	uade	Protracker compatible	0	94550	e9cdd8ae	2b409de0	SOUND/MOD/P/PRICELES.MOD
9b3a21d55d971c2520a7a94f3acb4de4	1	130693	player	uade	Protracker compatible	0	78370	49741717	bca51178	SOUND/MOD/J/JACKLB.MOD
9b526491a8cf3582962954104d541e78	1	394127	player+silence	uade	Protracker compatible	0	196596	47f59c56	d65f5c62	SOUND/MOD/K/KILLING.MOD
9b578cd85b1498fc67e4315a6097fc72	1	271316	player+silence	uade	Protracker	0	161280	3f069b9b	8f270a9f	SOUND/MOD/B/BOW.MOD
9b66f327d290f6b91c9e509d1b8c5744	1	130693	player	uade	Protracker compatible	0	93694	2ee7d5ac	920ae2a3	SOUND/MOD/E/EINSTEIN.MOD
9ba7e6986ae0f659ced07f7120bfebc4	1	107339	player	ft2play	Fasttracker (M.K.)	4	51399	d4b38475	ab4c4eb9	SOUND/MOD/_WHAIL.MOD
9bb3b210c8b1e162d07d794674f8ccf6	1	207493	player	uade	Soundtracker II (31 instr.)	0	68018	b11823a3	af688438	SOUND/MOD/H/HENFALL.MOD
9bb810ca1c1f672197b7f1367e8520fc	1	46216	player	uade	Noisetracker 1.x	0	63154	3b0f8f09	2af891c9	SOUND/MOD/R/RUMORS.MOD
9c0cf44215c82d45072eba7d6d1658c0	1	361073	player	uade	Noisetracker 1.x	0	196608	63c006b4	ad137f6e	SOUND/MOD/T/THESTORY.MOD
9c214d4ca719382ecd085b1f17f984f6	1	13400	player	ft2play	Fasttracker (M.K.)	4	27783	9aca127d	ac4b9a68	SOUND/MOD/O/ORGJAZZ.MOD
9cfe1f694b64df0ea3b8b56e643aadde	0	91128	player+silence	uade	Ultimate-Soundtracker or compatible	0	66044	57069f4d	2c40a1ac	SOUND/MOD/S/SLL3.MOD
9d0bfbdbbda6b24c487f049861f7f216	1	25238	player	uade	Protracker compatible	0	13027	7555674b	348ada1f	SOUND/MOD/C/CAN-CAN.MOD
9d363b6166d8e3ad324af92cd47888d3	1	123076	player+silence	uade	Protracker compatible	0	78136	829080b3	9349a3b9	SOUND/MOD/D/DIABLO.MOD
9d86ba302c55764dac26197f9df39770	1	328069	player+volume	uade	Protracker	0	359690	38a4e808	4dee97b4	SOUND/MOD/U/UGOT2LET.MOD
9d928666ce2cebcea20ca66ba8c8b37e	0	220458	player+silence	uade	Soundtracker II - V or compatible	0	154006	ebc404d9	72542b0c	SOUND/MOD/A/ACID_HOU.MOD
9da61fa5660a737d8a1b93ff8bff0bd3	1	184445	player	uade	Noisetracker 1.x	0	122564	35e7c153	c507c971	SOUND/MOD/M/MUSIC4.MOD
9dcfb468d28f9fa1a970d594dcbfcbf5	1	300143	player+volume	uade	Protracker	0	111872	cfd7ca9d	91553e56	SOUND/MOD/C/CHANT.MOD
9e2d7b8d37ccf6b37eb13c9444390c11	1	222845	player	uade	Protracker	0	130015	02880ca7	c9300794	SOUND/MOD/B/BREAKING.MOD
9e8741fda45d2e1cbd7c33235a6e3103	1	122997	player	uade	Noisetracker 1.x	0	149166	452421f5	7d5c61c9	SOUND/MOD/M/M1_SONG.MOD
9e8eaede48393bb8c02123ba05488a4e	1	81778	player	ft2play	Fasttracker (M.K.)	4	19185	a5584fd2	be8a4b0c	SOUND/MOD/P/PIANOMAN.MOD
9e9031d52f72c0ba8d26bcf00f02a53d	1	276597	player	uade	Protracker	0	36920	65ba8578	b5a1df98	SOUND/MOD/I/INTRMUSB.MOD
9e9031d52f72c0ba8d26bcf00f02a53d	1	276597	player	uade	Protracker	0	36920	65ba8578	b5a1df98	SOUND/MOD/I/INTROMUS.MOD
9eb421965c9a732fa3f07eaae4ea9db4	1	122997	player	uade	Protracker	0	156990	4d693e10	a4a9d2d5	SOUND/MOD/W/WILLTELL.MOD
9ed6f901eb1b35b031bb51e5cb3c4bd7	1	134531	player	uade	Startrekker (4ch)	0	210278	c156b5a5	5d1e54fb	SOUND/MOD/C/CRUSADE.MOD
9ef57cd86977864fb83840689fa5e05a	1	351309	player+silence	uade	Protracker compatible	0	200080	d047005f	815e0a52	SOUND/MOD/I/INTHEMIX.MOD
9f0b818526b5df7cf793576a0f4a9c4a	1	138369	player	uade	Protracker	0	65680	61951610	66c5eacb	SOUND/MOD/F/FJANT.MOD
9f4a184b819d20d4f5b2671e76f1f065	1	84616	player	uade	Protracker compatible	0	181498	a7cef5ec	9000be81	SOUND/MOD/T/TECHNO.MOD
9f558f4c74ca5df12f4eaaca4e427399	1	169093	player	uade	Protracker	0	83302	ad14e690	537c3862	SOUND/MOD/L/LOTUSII.MOD
9f716642ccd0ea5b290fb87c6afb1071	1	138369	player	uade	Protracker compatible	0	66476	13420a7d	803b4b41	SOUND/MOD/S/SUP.MOD
9fd3f03c8f8a2223455c06a95383c2c1	1	84616	player	uade	Noisetracker 1.x	0	22352	14786ef3	4498b2b0	SOUND/MOD/I/IDE4.MOD
a02f4a0b62de3691461464229be0189b	1	143493	player	uade	Soundtracker II (15 instr.)	0	59844	87040e43	94d5df3f	SOUND/MOD/W/WOTROCK.MOD
a04b053dd77bcabbc5bea3c666668636	1	176769	player	uade	Soundtracker II (31 instr.)	0	154140	a90e93ee	55be53ed	SOUND/MOD/J/JARRE.MOD
a0bdbf588853fb1c16cba7fadb798b9f	1	285157	player	uade	Protracker	0	139086	a9a75f68	dcda61f3	SOUND/MOD/S/STREET_J.MOD
a0f5b243d2969380dc36205170a7ee0f	1	61568	player	uade	Noisetracker 1.x	0	31562	bf503d0f	3ecffae0	SOUND/MOD/P/PUM.MOD
a0f7b3a6ec534fcfc4c558e60d7dd20d	1	80638	player	uade	Protracker	0	215636	080fb3d3	5f8d770e	SOUND/MOD/A/ACID.MOD
a1f9bbe7d110ac48b12ad330e01f9691	1	152696	player	uade	Protracker	0	91812	e646360d	f951acd6	SOUND/MOD/B/BASSIC.MOD
a1ff2f1c72be2f424a74618598bee35c	1	226812	player+silence	ft2play	Fasttracker	8	182788	66b6412c	81e05be3	SOUND/MOD/H/H_TRAX.MOD
a20f2e7a8b4d3bdc73140202e5fb4b8d	1	236355	player+silence	uade	Protracker	0	309806	1eb033c6	464b79cf	SOUND/MOD/L/LIMITED.MOD
a25fb036ce9356fd183ae411ea6c0b0d	1	187276	player+silence	ft2play	Fasttracker	8	134768	ca54fb1f	1be1121a	SOUND/MOD/P/POING1.MOD
a27f910db60d605f23ce6dafdb5e7dce	1	151222	player+silence	uade	Noisetracker 1.x	0	106490	7852398f	1d0b9689	SOUND/MOD/L/LIKEVIRG.MOD
a27f910db60d605f23ce6dafdb5e7dce	1	151222	player+silence	uade	Noisetracker 1.x	0	106490	7852398f	1d0b9689	SOUND/MOD/V/VIRGIN.MOD
a2de123ed7c80bb9eb12dbfc0a492813	1	245893	player	uade	Soundtracker II (15 instr.)	0	68940	d90a3758	e7200592	SOUND/MOD/C/CRYSTAL.MOD
a2e43f456b4d0b284b79161b12f17da0	1	35968	player	uade	Soundtracker II (15 instr.)	0	32548	b2476fc8	f41bd9ce	SOUND/MOD/S/SLL9.MOD
a38387d5a4f1e9217994c8d304ba2d76	1	119621	player	uade	Protracker	0	119627	d0d30c60	965f23a0	SOUND/MOD/D/DEMO.MOD
a38cc2f83be32da84ad144e89267c289	1	207493	player	uade	Noisetracker 1.x	0	72898	439fb4b1	618f4dfd	SOUND/MOD/S/SOLARIN1.MOD
a39692272568c87ac1ab6de2ab4b703c	1	319164	player+silence	uade	Protracker	0	161992	26587fb1	8e46a897	SOUND/MOD/I/INFANITA.MOD
a39c8e68c770f7cb7934b3d5700d0be5	1	138369	player	uade	Noisetracker 1.x	0	111698	f12acd46	5f499ec7	SOUND/MOD/H/HRI_WON2.MOD
a3a6ff303ebb34cf3eb348317d606500	1	91145	player+silence	uade	Noisetracker 1.x	0	110879	3e6ce39b	09aac92d	SOUND/MOD/N/NHK.MOD
a3a9b33e50cfb55b302eb8f3afc1b3a4	1	33738	player	uade	Soundtracker II (31 instr.)	0	75847	c043a5ae	afaeede2	SOUND/MOD/U/URQUAN.MOD
a3b31309fd0f4de7385d6cebee1c7bdc	1	637350	player	uade	Protracker (vblank)	0	224256	348a2593	1c24dd54	SOUND/MOD/C/CRYPTO.MOD
a3c565f17bf567e7efdef777010caec7	1	32110	player	uade	Protracker compatible	0	6372	f649f552	7074bc38	SOUND/MOD/A/AERODYN.MOD
a3ef645bbd4c2f3d9792c91f60f5d3b0	1	269564	player	uade	Protracker compatible	0	71428	e82beea1	af95b309	SOUND/MOD/B/BTALTITL.MOD
a3f3405c39623e9e289a16c89ceab898	1	153721	player	uade	Noisetracker 1.x	0	115716	7a70f1d8	19b9cb20	SOUND/MOD/B/BIEN.MOD
a41a93c500c7f4bc75d71262f93dc73c	1	122997	player	uade	Protracker	0	52356	9a12a025	91a2400b	SOUND/MOD/P/PROCES_I.MOD
a46b88e4359f4b0f97e09f7225cc46ce	1	0	nosound	uade	Protracker	0	16384	8559b6db	f50c38dc	SOUND/MOD/R/REP.MOD
a4b07ae780273d81397d78e5fcdce0b2	1	122997	player	uade	Protracker compatible	0	51913	ce3230c7	b9eb5104	SOUND/MOD/P/PLAYMATE.MOD
a5295ec44465cad6b3962ac89249eecc	1	84616	player	uade	Protracker compatible	0	181498	9c6f7588	0e3f7a98	SOUND/MOD/G/GETTECH.MOD
a5402e64cc1f3ada47d275c816eadbaf	1	122997	player	uade	Protracker compatible	0	136000	bafea637	45c29611	SOUND/MOD/H/HOUSEME.MOD
a5402e64cc1f3ada47d275c816eadbaf	1	122997	player	uade	Protracker compatible	0	136000	bafea637	45c29611	SOUND/MOD/H/HOUSEMET.MOD
a54b90dc48a7363241db1feb5c0b2987	1	249731	player	uade	Protracker compatible	0	177691	bbe2bc6d	af8a3a7a	SOUND/MOD/W/W-RITUAL.MOD
a573d18a14bf875acab6ddcaf8d31cfc	1	130693	player	uade	Noisetracker 1.x	0	103506	9d2a709b	34e945be	SOUND/MOD/W/WASTELAN.MOD
a58701e0ac4c9033cb7c86bed34f4905	1	48326	player	uade	Protracker compatible	0	91776	98cd8fed	89949f9b	SOUND/MOD/S/SQ3INTRO.MOD
a5cdafd911cebc243c8847fd0b6a02e9	1	157579	player	uade	Soundtracker II (15 instr.)	0	90550	86214a64	292946a4	SOUND/MOD/S/SMOKEWAT.MOD
a63539ce06bddf780e786f712b32f256	1	247440	player	uade	Protracker compatible	0	155117	ecb749f8	906bfc22	SOUND/MOD/O/OVRDRIVE.MOD
a651806724308ea5038e6410217b7330	1	637350	player	uade	Protracker (vblank)	0	224256	1a71adc5	7420c24b	SOUND/MOD/K/KLISJE.MOD
a65959fb9b8e31371390ed00b0a4a839	1	192141	player	uade	Protracker compatible	0	72916	b309f6bb	9473d4c1	SOUND/MOD/M/MODELDIS.MOD
a80cd7ca73fecfcaece34beb429c0e74	1	307321	player	uade	Soundtracker II (15 instr.)	0	84712	cd54eca7	c87f74fc	SOUND/MOD/R/RALLEY.MOD
a888b7684dc6a8f38d17e29d3dba8584	1	77041	player	uade	Protracker compatible	0	67482	82ddaf2d	25713e73	SOUND/MOD/A/AFFAIR.MOD
a90d8311e00dccabb548f0fe25efa1f5	1	46216	player	uade	Protracker compatible	0	27924	148b0326	a1d5c057	SOUND/MOD/L/LOONCRED.MOD
a923366efa8f61edebdf5b471dd1c992	1	69224	player	uade	Protracker	0	79758	3e5ce544	42b5cdc1	SOUND/MOD/S/SHEISCOM.MOD
a948ddd0cb60b8d23804bfaf2d988075	1	122997	player	uade	Protracker compatible	0	112326	106a628c	aaff7d24	SOUND/MOD/I/INNERMIX.MOD
a9840a140a8813da68905e5261dce0b3	1	106127	player+silence	uade	Noisetracker 1.x	0	30676	1e30a0f8	7b3ae9a1	SOUND/MOD/T/TWIST.MOD
a9bc1ce68528118f72c461ac80855a79	1	194935	player+silence	ft2play	Fasttracker (M.K.)	4	84811	4b650ae1	05624bfb	SOUND/MOD/F/FACT_02.MOD
aa184948fe4e139dd827b9c02a6c99ef	1	128121	player	uade	Soundtracker II (15 instr.)	0	64628	e7cc709e	3458b8b3	SOUND/MOD/A/AWESOM.MOD
aa7e23b538cc954ae9dc043f4e0dc23c	1	143715	player+silence	uade	Soundtracker II (15 instr.)	0	105902	3db4d242	e82d41d1	SOUND/MOD/R/RSI2.MOD
aaf3fc64c4bfde0e9953f3c2f67a48db	1	152234	player	uade	Protracker compatible	0	104806	69d8a52f	980b8249	SOUND/MOD/D/DENIAL.MOD
ab62266881c11650c24edb7d46386304	1	148597	player	uade	Protracker compatible	0	69504	8ce2890f	2948efc0	SOUND/MOD/G/G10.MOD
ab9c37ee8cb51d4a1e4c9c1c9abd0640	1	146045	player	uade	Noisetracker 1.x	0	55862	5aed8ccc	71e26dd3	SOUND/MOD/T/TENNIS.MOD
ababb2abd36d49bae7112cf2e5700ffc	1	138369	player	uade	Protracker compatible	0	164534	0975a321	ac35ba99	SOUND/MOD/P/PSY.MOD
abb07d41a63f20904db364b5f305c5a5	1	92272	player	uade	Protracker compatible	0	65897	1a3fb99a	6fd3c6f5	SOUND/MOD/D/DARKCAT.MOD
abde526b516af88ec03824b9136a2f02	1	217741	player	uade	Noisetracker 1.x	0	181776	c433844f	8a9add6f	SOUND/MOD/S/SUFFER.MOD
ac5db86e2d0d48fd6d1c41df1ab4b546	1	288392	player	uade	Protracker compatible	0	210714	00fa9d08	da3b7491	SOUND/MOD/D/DAISY.MOD
ac805e9e7561344dcaa7f648116418ec	1	11651	player+silence	uade	Protracker compatible	0	11187	33b53f62	e682d2a0	SOUND/MOD/P/PLANET.MOD
ace4caa18f59537549025abc86ee4ae4	1	143493	player	uade	Protracker	0	59036	fb7b8900	5481c71d	SOUND/MOD/M/MARUCMBT.MOD
ad03e5edaba0e3f40cd9a6da70f165c3	1	215149	player	uade	Noisetracker 1.x	0	56930	b33ed18a	77496d36	SOUND/MOD/V/VECSCOOP.MOD
ad3e1db395d7f4da5a910b21dff2183a	1	171625	player	uade	Startrekker (4ch)	0	68054	7398cf51	976b28d0	SOUND/MOD/L/LOTUS3_5.MOD
ad66606427f11d5a35bf9a78cbb49dfa	1	287408	player	uade	Protracker compatible	0	207454	f263ed04	36059ada	SOUND/MOD/T/TOMDINER.MOD
ad9dce05001cf0757fff668f1f7f4dc2	1	360311	player+silence	uade	Noisetracker 1.x	0	355686	c9cc29aa	b0d59fad	SOUND/MOD/F/FINSKA.MOD
ae36f482159070bbabbc4f47fed80926	1	135977	player	ft2play	Fasttracker (M.K.)	4	108641	badb22e9	e4cf5451	SOUND/MOD/T/THETREES.MOD
ae3c04d653b7b5e251b3233eb1500771	1	130693	player	uade	Protracker compatible	0	80724	42370b5c	29cefc70	SOUND/MOD/T/TAKEOFF.MOD
ae4b8438c97104eeb8b9808e6906966a	1	153721	player	uade	Protracker compatible	0	105223	0bc56563	0fe902c1	SOUND/MOD/A/ACDC.MOD
ae5b2e529e81abd946401316db453194	1	304824	player+silence	ft2play	Fasttracker (M.K.)	4	205141	83af213c	632858fd	SOUND/MOD/G/GETAWAY.MOD
aec82e22b6f4b893b076c7991eaeb842	1	44911	player+volume	uade	Protracker compatible	0	99566	74ac8f23	ddc5ef39	SOUND/MOD/D/DR_SNUGG.MOD
aeef72678d3635c7d52beb21ba17dec6	1	175925	player	uade	Protracker compatible	0	165269	a70a89f1	e0d99e0a	SOUND/MOD/P/PF_MONEY.MOD
af472fee4f7a776d314f18354e16f46c	1	309337	player+volume	uade	Noisetracker 1.x	0	111868	f52c7aac	a60a69d1	SOUND/MOD/F/FLASH.MOD
af5ac30decfdc0de2c275b011cce18fa	1	91308	player	uade	Soundtracker II (15 instr.)	0	44994	e599d39a	be63f302	SOUND/MOD/S/SUN.MOD
af6fd7334dbfa7098cf72a9e6fe98384	1	155650	player	uade	Noisetracker 1.x	0	70772	26deb3b2	2684b1a7	SOUND/MOD/M/MA.MOD
af81f0e03219a54cbc6d8b539955474d	1	107645	player	uade	Protracker	0	12864	8a4d07f1	9df2989f	SOUND/MOD/I/ITS_GRIM.MOD
af8b2cba31cab60298d17cc9591c12bc	1	371715	player+silence	uade	Protracker compatible	0	107966	263c2671	f916e902	SOUND/MOD/G/GOODLIFE.MOD
afc08ca311b78cfe5b9d2b6bdcb7cce6	1	251881	player	uade	Soundtracker II (15 instr.)	0	147416	1d5393aa	649e3aa6	SOUND/MOD/G/GREENSLE.MOD
afcf6834c2b83297e024b81e144587df	1	61568	player	uade	Protracker compatible	0	186230	020522c8	ca3cd7a5	SOUND/MOD/D/DOUBLEIT.MOD
affe955442156acfd0f4f3c84dfee4ca	1	474867	player	uade	Protracker	0	140907	8815e10d	16da5980	SOUND/MOD/R/REVLON.MOD
b10c1d35309d1f3a42b920adeb3bc666	1	61568	player	uade	Protracker	0	84984	37051676	6905ed9a	SOUND/MOD/D/DRAVE.MOD
b15b665f9e39c06dbea952b8306efab7	1	195959	player	uade	Protracker compatible	0	295691	711accb6	b4e0d334	SOUND/MOD/O/ORINRAVE.MOD
b163ae8d5a2306a216d397b3cbbf606a	1	121811	player	uade	Protracker	0	200690	a07b6c58	4e91ee02	SOUND/MOD/C/COFEBLU.MOD
b1741e4290b2be2cd909b3d0a060df02	1	213160	player+silence	uade	Noisetracker 1.x	0	69322	7cff48c0	8e28954e	SOUND/MOD/E/EYES.MOD
b1a56d645d1bb1e74494a4bf912e6d2d	1	268921	player	uade	Protracker compatible	0	192508	4abd0268	6a32bb9e	SOUND/MOD/A/ABYSS.MOD
b1c7e6f7320e0bea46eeb1da75e9309e	1	191789	player+silence	uade	Protracker compatible	0	166654	b0042b98	9bc5ecfa	SOUND/MOD/W/WILDTHIN.MOD
b205a3bbff51bfcb48fdd65c54839dfa	1	233977	player	uade	Protracker compatible	0	235562	4365b90a	1e2654a7	SOUND/MOD/B/BOLDING.MOD
b2205841fab0def5cf0bab5e346ba252	1	196183	player+silence	uade	Protracker compatible	0	163892	3e50455d	4bc22e64	SOUND/MOD/S/SC2DOOM.MOD
b23d7bf62f4de2e06cad760d79380360	1	261245	player	uade	Noisetracker 1.x	0	67978	898d4229	7b63d4c9	SOUND/MOD/H/HNOISE.MOD
b2e3c390578ba782d8e9a40d166543e6	1	384122	player	uade	Protracker compatible	0	235339	ca1c24c9	822a0c6b	SOUND/MOD/S/SLOW.MOD
b3a002375774197bf1de4b7fa897bbad	1	169093	player	uade	Startrekker (4ch)	0	66208	73a18d70	ab7c0fc4	SOUND/MOD/L/LOTUS3_1.MOD
b3decfb59f5533facc26e68b8b33a2ad	1	76688	player+silence	uade	Protracker	0	16384	34b5d837	06079f96	SOUND/MOD/L/LIT.MOD
b439fb6c31d37c394ba4b97879bc4873	1	73645	player	uade	Protracker	0	123456	7aba3f83	9c458acb	SOUND/MOD/D/DEEP.MOD
b44979b67268a9c25c3c95a238ca15a1	1	344169	player+silence	uade	Protracker compatible	0	231580	d02e14d5	458a5c2d	SOUND/MOD/H/HOLDON.MOD
b456b456c56d06e0dfd49b18c7bfb60b	1	268921	player	uade	Noisetracker 1.x	0	65984	fd4dd015	5508b2bc	SOUND/MOD/F/FLETCH.MOD
b4b8343c408b44c9987cf6e46f27b25b	1	309893	player	uade	Noisetracker 1.x	0	154802	0e44f9f9	cfdd1879	SOUND/MOD/M/MESSAGE2.MOD
b508bdc8f9ce9a3f8a7c03964bd890e8	1	314736	player	uade	Protracker compatible	0	129266	f4f87b8e	b5874949	SOUND/MOD/N/NIGHTFAL.MOD
b508fc34d0773d971fa8ed611e244e90	1	126844	player+silence	uade	Protracker compatible	0	337746	058aa13b	943d3f12	SOUND/MOD/S/STREET.MOD
b52794e481c203c16ccb6b35f9e5a1bf	1	146045	player	uade	Protracker compatible	0	80637	f155fdfa	04f1e08b	SOUND/MOD/P/POWERUP.MOD
b586269b6540d19d6dce5aebfcffc163	1	134651	player	uade	Protracker compatible	0	52968	79325ddc	6abff8b1	SOUND/MOD/A/ALBERT_S.MOD
b586269b6540d19d6dce5aebfcffc163	1	134651	player	uade	Protracker compatible	0	52968	79325ddc	6abff8b1	SOUND/MOD/A/ALBERT.MOD
b5d683af74a550f3599eff246a982192	1	252326	player+silence	uade	Protracker compatible	0	118320	671905b8	42ed4741	SOUND/MOD/K/KILLBFLY.MOD
b5d96d12d0329691a55b9d09e203a0fb	1	170379	player	uade	Protracker compatible	0	54408	e81b2f06	e33f9a29	SOUND/MOD/P/PRINCRAZ.MOD
b5e69dbfeadc2d2e2a604b6edb5d46a2	1	138369	player	uade	Protracker compatible	0	85105	d2474298	b40cff15	SOUND/MOD/B/BLACKBOX.MOD
b61ab688d21d19c7a1ee5392d73298af	0	199382	player	libopenmpt	Ultimate Soundtracker 1.8-2.0	4	91416	b47540b9	e1cb7b85	SOUND/MOD/S/SLL7.MOD
b6499ca4d29496449d8f56b9e66a952f	1	204941	player	uade	Soundtracker II (31 instr.)	0	77444	83c1f8d1	c65575ba	SOUND/MOD/E/ENOLA.MOD
b6c0db6e8c3cba3acd24e00de197f42a	1	279069	player	uade	Protracker compatible	0	148908	798a9396	7858c366	SOUND/MOD/B/BRIDGE.MOD
b6c0db6e8c3cba3acd24e00de197f42a	1	279069	player	uade	Protracker compatible	0	148908	798a9396	7858c366	SOUND/MOD/B/BRIDGE1.MOD
b6d0aabbc4eeac27631dfbe2606a408f	1	146045	player	uade	Soundtracker II (15 instr.)	0	84202	c24b0204	aa4dc827	SOUND/MOD/A/AWESOME5.MOD
b6d1457349f9902609d3804c616c7505	1	210045	player	uade	Protracker	0	161672	b68a403a	6bdf55b7	SOUND/MOD/G/GIVESUZZ.MOD
b6ed59cfe952314206f6a79c3842fc90	1	343499	player+silence	uade	Protracker	0	143548	a1a30f8f	19972f1a	SOUND/MOD/P/PHIL.MOD
b752c07efc9481986cd6b1fa30d087ec	1	80758	player	uade	Soundtracker II (15 instr.)	0	42320	f450aed1	2d20700b	SOUND/MOD/A/ACB.MOD
b79514cb4c316837409e5dc0bdd8dcdc	1	146045	player	uade	Protracker	0	103620	262de4ac	b1173f5f	SOUND/MOD/D/DANCAFOB.MOD
b7c4c50a8474a130de9f1fcb11a08f25	1	225594	player+silence	uade	Noisetracker 1.x	0	89600	2dbea28e	e431a97e	SOUND/MOD/1081SPEA.MOD
b8264b1aec201b16650ec1db2ce67636	1	140278	player	uade	Noisetracker 1.x	0	48082	d3d03dda	342be6b9	SOUND/MOD/D/DON.MOD
b82918045b672dc0a35cdaf43ed550a2	1	130142	player+silence	ft2play	Fasttracker (M.K.)	4	280145	29ef78a3	ab2d2045	SOUND/MOD/D/DEMENTIO.MOD
b871c35b71cac8f3acf8f71f68d8b39d	1	30824	player	uade	Soundtracker II (15 instr.)	0	44846	d1aa89d6	66d05aea	SOUND/MOD/S/SLL4.MOD
b8bca0e3adc0172587da7d96f6e09f0e	0	190257	player+silence	libopenmpt	Master Soundtracker 1.0	4	138702	a9a6db74	a28d66c3	SOUND/MOD/E/ELECRAMB.MOD
b9829c543de56a652529ae8a9b507042	1	16437	player	uade	Protracker compatible	0	79342	5dda0c2d	a72a9fd6	SOUND/MOD/T/TEASPOON.MOD
b9d31333722e43052e020b17517b8e55	1	142187	player	uade	Protracker	0	256860	79b13084	e2e30cfa	SOUND/MOD/C/COFEBLU2.MOD
ba0ae1395da18858f6f051a8af876305	1	291969	player	uade	Protracker compatible	0	93850	82cbbe74	4b1e9068	SOUND/MOD/C/CHINAGIR.MOD
ba3a6e866ce8cab6d1677431febe3709	1	115321	player	uade	Noisetracker 1.x	0	61038	1f8ba27a	59a9f8aa	SOUND/MOD/L/LOCOMOT.MOD
ba3dbc84ddb1655f3175c75ae6dbef63	1	46216	player	uade	Protracker	0	43250	059a1d46	463a38d6	SOUND/MOD/E/EIGHT.MOD
bab81b5afe2058eb5e50ec66846dea15	1	421256	player	uade	Protracker	0	201146	9f1e9782	54dfb88b	SOUND/MOD/B/BKTTF.MOD
bacfbce1fcb124502685ad332325f339	1	99325	player	uade	Protracker compatible	0	131368	86ce1866	f2cbb3bc	SOUND/MOD/B/BREEZE.MOD
bb0ad24296a47c58520c338c7cd126c3	1	632023	player+silence	uade	Soundtracker II (15 instr.)	0	113280	768a36dc	23a6f828	SOUND/MOD/A/AXEL_F.MOD
bc1a76b50b9c53069c970eac300fc9bc	1	295807	player	uade	Startrekker (4ch)	0	207454	77ce09a7	c24a901f	SOUND/MOD/T/TOMREMIX.MOD
bc2555c94886a1fbaf0883a139e4ea49	1	243180	player	uade	Protracker compatible	0	67160	e65a8732	8ab6e468	SOUND/MOD/B/BEACHHD2.MOD
bc52903bc143a222a150b0973c8d9fc3	1	153196	player+silence	uade	Soundtracker II (15 instr.)	0	155090	4c35d741	ab76281f	SOUND/MOD/T/TIEDUP.MOD
bc5caea6f5fa3f9e389cab90e0df5064	1	207493	player	uade	Noisetracker 1.x	0	189684	5226a990	35d8ea90	SOUND/MOD/C/COMA1.MOD
bc5caea6f5fa3f9e389cab90e0df5064	2	146708	player
bc5caea6f5fa3f9e389cab90e0df5064	3	134531	player
bc837729b625a3cea76e89148f7baa6f	1	197245	player	uade	Protracker compatible	0	27398	06e0b4a5	db4b1b3d	SOUND/MOD/T/TUNE3.MOD
bc95ead6e4f1fd1c11f45b7f2c330a90	1	152394	player	uade	Protracker	0	154446	b34b9f5d	93843a8b	SOUND/MOD/H/HUNNOUS.MOD
bc9eda2696fc73d85c7b577c2b3356a4	1	186800	player+silence	uade	Protracker	0	72458	de468421	26139c63	SOUND/MOD/D/DOCWHO.MOD
bc9eda2696fc73d85c7b577c2b3356a4	1	186800	player+silence	uade	Protracker	0	72458	de468421	26139c63	SOUND/MOD/W/WHO1.MOD
bd736883f27bdb8880d17c74620e2d47	1	122997	player	uade	Protracker	0	69166	c3317e31	26edf626	SOUND/MOD/G/GBMOUSE.MOD
bd77574e717de9089bc9cb90fb5ee167	1	230420	player	uade	Protracker compatible	0	91500	38cb765e	1195d13a	SOUND/MOD/9.MOD
bdd2b82733464513d8878c72b9328d02	1	146045	player	uade	Noisetracker 1.x	0	98338	0168189f	37e5d4e3	SOUND/MOD/S/STUDIO.MOD
bdec25be8a27d788ba383de819db6845	1	280002	player	ft2play	Fasttracker (M.K.)	4	138147	ec4cb613	6e4f0c02	SOUND/MOD/N/NICEDAY.MOD
be273c092adb595c46b6fa39d15eeeec	1	4242	player+volume	uade	Noisetracker 1.x	0	22179	722843a2	f7ca26f4	SOUND/MOD/XYZ/ZAK.MOD
be34ebe5d0eba991eb3d756a1b1aa84a	1	245893	player	uade	Protracker compatible	0	41937	b47e0f26	c208ace4	SOUND/MOD/I/ICE_T.MOD
be97ee0e7d37e7f1b20aacc7cc7b4a23	1	146028	player	ft2play	Fasttracker (M.K.)	4	208859	bae26507	3652d0f1	SOUND/MOD/C/CONNECT.MOD
bec2e02259a568c542faf494b3a9be5b	0	110920	player	uade	Ultimate-Soundtracker or compatible	0	60344	3b3a35c6	87c8fe2b	SOUND/MOD/S/SLL6.MOD
bf082384c89bc34f3071fa0b1cd9bfd9	1	205564	player	uade	Protracker compatible	0	89898	06c54a4b	915d2123	SOUND/MOD/R/REBELS.MOD
bf23345bfea5ec3670bc36910658b7bf	1	127976	player+silence	uade	Protracker compatible	0	40924	93026d9a	3a25795b	SOUND/MOD/R/RAVEN.MOD
bfa932a122ea24a0cf43428804633f28	1	238197	player	uade	Protracker	0	142231	26b15626	f91fba12	SOUND/MOD/B/BIGPOING.MOD
bfbd6eb7f255c24cb6973349afc98f93	1	265702	player+silence	ft2play	Fasttracker (M.K.)	4	118331	940c12b5	b728903e	SOUND/MOD/I/ICEMACH.MOD
bfeb7ea46eb769395b1ed84780adb808	1	172765	player+volume	uade	Protracker	0	268764	ce0d236f	ee95e340	SOUND/MOD/S/SCHWING.MOD
c13a01a6eef95e044016b3b080b676ea	1	229577	player	uade	Protracker compatible	0	115260	551fcd57	64bfa13c	SOUND/MOD/U/UNVEILED.MOD
c14bb00ae49a51f7d11572c157b45dc2	1	97798	player	uade	Startrekker (4ch)	0	233163	e51ff38d	213e9102	SOUND/MOD/C/CHRONIC.MOD
c2067fe9639de3d7e02239c6ba078461	1	84616	player	uade	Protracker compatible	0	65229	39599793	7edea695	SOUND/MOD/_CLAZZIC.MOD
c24f9b2d2703b7cb9d8cdf72942d3f8b	1	96130	player	uade	Protracker	0	93984	27b9992f	96bb2f88	SOUND/MOD/W/WANDER.MOD
c2d1a59c03ea714591c5421e3d9190c7	1	156344	player+silence	uade	Soundtracker II (15 instr.)	0	182436	c8389444	5ce9e01f	SOUND/MOD/T/TYREE.MOD
c31986389f75368db6b85b76e266c134	1	128924	player	uade	Noisetracker 1.x	0	68671	4fd2783a	5f1e68f5	SOUND/MOD/D/DIGCRAMP.MOD
c3af9fb8fcb8985001f1153f67826c92	1	61568	player	uade	Protracker	0	19306	accaffb1	6d0dfa3e	SOUND/MOD/D/DAMAGE.MOD
c44f5979f377a21eb906cdbb8b5f1e9c	1	108931	player	uade	Noisetracker 1.x	0	111536	7faac1c2	cb64c3eb	SOUND/MOD/G/G1A.MOD
c4531a73c9f41283eb452c537f9b29c2	1	165902	player	ft2play	Fasttracker (M.K.)	4	119847	11ca719f	a7653e2f	SOUND/MOD/S/SCHIZOID.MOD
c473a718087512997c8d1c8f1a5884e0	1	248515	player+silence	uade	Protracker	0	141729	3d24cc14	b5e639e5	SOUND/MOD/R/ROCK_IT.MOD
c48606ee108ddece39fe8d8bb111bee2	1	207493	player	uade	Noisetracker 1.x	0	189684	faf08134	d904c34a	SOUND/MOD/V/VAN.MOD
c48606ee108ddece39fe8d8bb111bee2	2	146708	player
c48606ee108ddece39fe8d8bb111bee2	3	134531	player
c4b0e357ca4e234bc731ca16edbd62b6	1	92272	player	uade	Protracker	0	111270	085d8a76	5fa7cec7	SOUND/MOD/D/DANCEDAY.MOD
c510ec8c2cecdbb1a530f1d1c4f733f8	0	192085	player+silence	libopenmpt	MultiTracker 1.0	7	192017	f06588b5	d5678a1f	SOUND/MOD/M/MUSTARD.MOD
c5c3a52149a16f4eb5f0c1c7562fffce	1	184686	player	uade	Noisetracker 1.x	0	235168	f43d3d57	6bc86b0f	SOUND/MOD/T/TKGS.MOD
c65b5c3d8be95b1a1722ff87fe4228db	1	76920	player	uade	Soundtracker II (15 instr.)	0	51024	7cd3fa4f	0e55594d	SOUND/MOD/P/PROJ09.MOD
c661a3c52fff8cf6a767d6d54fa7bb54	1	134531	player	uade	Protracker compatible	0	70458	e6609ec2	51c989e7	SOUND/MOD/C/CONFUSON.MOD
c6cb0970d3d4d7c0cd78ba9295174fa0	1	135797	player	uade	Protracker	0	45440	ebfc6789	9e22d2f5	SOUND/MOD/E/ENTRTAIN.MOD
c6edc7d85d603fb498696084b8851a18	1	161397	player	uade	Protracker compatible	0	55552	be5cb236	e3279a72	SOUND/MOD/B/BALL_MAI.MOD
c6edc7d85d603fb498696084b8851a18	1	161397	player	uade	Protracker compatible	0	55552	be5cb236	e3279a72	SOUND/MOD/B/BALLMAIN.MOD
c6fdc0b3ad8a46accec797bdd28c3032	1	328010	player+silence	uade	Startrekker (4ch)	0	339968	228e7d6f	3c593e14	SOUND/MOD/F/FREEDOM.MOD
c7001c548eac68caa0eec0d4715ae328	1	192141	player	uade	Protracker compatible	0	100522	058977c7	df3a31c8	SOUND/MOD/L/LETTRIX.MOD
c78070e8f180a0977bf0f9710c2cded9	1	69224	player	uade	Noisetracker 1.x	0	31728	d5b6566c	d426020a	SOUND/MOD/M/MERDEMUS.MOD
c7e60c71eabf7580f54db9708e0c3001	1	222845	player	uade	Noisetracker 1.x	0	98818	5565ced1	b67fe1a0	SOUND/MOD/F/FOURTH.MOD
c89a67628edaca1d9a2291e54d14401b	1	106700	player	uade	Protracker	0	68040	103a3002	a5d83055	SOUND/MOD/B/BARBLUES.MOD
c94b641473697738340662f2ab45880b	1	239001	player	uade	Protracker compatible	0	197316	8483f3bb	7ccdef0f	SOUND/MOD/I/IMPHOB7.MOD
c999200f6db50d73a3d048ff7ee69b6b	1	122997	player	uade	Noisetracker 1.x	0	71282	fb29ff70	47be5d45	SOUND/MOD/P/POP.MOD
c999200f6db50d73a3d048ff7ee69b6b	1	122997	player	uade	Noisetracker 1.x	0	71282	fb29ff70	47be5d45	SOUND/MOD/P/POPCORN.MOD
c9bda4cdbf5106db3537c07b7a23446e	1	115321	player	uade	Soundtracker II (15 instr.)	0	79310	a47804b6	d39418d3	SOUND/MOD/N/NIGHTMRS.MOD
c9d50810ac801f634fe30f834dc0cfca	1	0	nosound	uade	Protracker compatible	0	16384	cb586bf6	2a875b3e	SOUND/MOD/R/REVOLUT.MOD
ca33fae5a3ae6c417d378207a7a083dc	1	207493	player	uade	Noisetracker 1.x	0	71500	bc1abf37	a23eec0f	SOUND/MOD/A/ALBERTO.MOD
ca774138dbc6af9e8f20cd0b2e52d4a7	1	270529	player	uade	Protracker	0	494270	37c7164c	bc4869fc	SOUND/MOD/N/NO_MERCY.MOD
ca926b211c583a29c9341cfd02535d7f	1	118976	player+silence	uade	Protracker compatible	0	69614	56723717	2db04d91	SOUND/MOD/C/COMBAT.MOD
cabb92248416af1147f1ea2f7fb507ef	1	34962	player+silence	uade	Protracker	0	44774	2f8726a7	668c3618	SOUND/MOD/F/FANTVOY4.MOD
cae537852f8543ae56976735dccfeb31	1	235645	player	uade	Protracker compatible	0	92178	c3180af6	8e971423	SOUND/MOD/A/ALCHOL.MOD
cb68682a0e46fd1d0cbfbff7ab243cda	1	173200	player+silence	uade	Protracker compatible	0	159072	df1d646f	a05994fc	SOUND/MOD/A/ACOUSTIC.MOD
cc31727d017645b39cd9efdc4e10f7e8	1	84616	player	uade	Protracker compatible	0	34816	0f791b92	def0b986	SOUND/MOD/H/HIPHOP.MOD
ccbf8ba463b3b310d5e98d74c3218583	1	533563	player	uade	Protracker compatible	0	193542	24281617	cce60b5e	SOUND/MOD/S/SHOWTUNE.MOD
cd599288e8161f4e70eb52447f03858c	1	179321	player	uade	Protracker	0	61940	e67f00fb	be7c9488	SOUND/MOD/A/AQUA02.MOD
cd76eae4287633673ef20045c5f82694	1	291293	player	ft2play	Fasttracker	8	365758	2b62e316	dffb50ed	SOUND/MOD/T/THE1ULUV.MOD
cdc99214ade7313029a79791778b954b	1	193535	player+silence	uade	Protracker compatible	0	90430	664b2a32	9ef1b223	SOUND/MOD/XYZ/ZOOLOOK.MOD
cdf46cbd94b7dffa7e488f6d3bf2bf40	1	287695	player+silence	ft2play	Fasttracker (M.K.)	4	240631	1103fc93	146c9332	SOUND/MOD/A/ABC.MOD
ce6adfb4f828f8c5148b4f909d5be58d	1	253569	player	uade	Noisetracker 1.x	0	67802	7ce00b85	5ecf46ca	SOUND/MOD/B/BARBRIAN.MOD
ce89e447cb5564e7eb2fe1d587fc3c39	1	17582	player	uade	Protracker	0	48268	04288fb9	ab2d06d7	SOUND/MOD/F/FAN5.MOD
ce89e447cb5564e7eb2fe1d587fc3c39	1	17582	player	uade	Protracker	0	48268	04288fb9	ab2d06d7	SOUND/MOD/F/FANTVOY5.MOD
cee1a1f25991488cdcca1c323f93a067	1	242055	player	uade	Noisetracker 1.x	0	410878	d8376cac	97f475fa	SOUND/MOD/D/DIEAGAIN.MOD
cee930a49c30a7efb2d750c9da6279ab	1	161397	player	uade	Protracker compatible	0	76044	10c694d9	aa96716d	SOUND/MOD/C/CAREEGO.MOD
cee96b138999cd74f533b8560ab1b839	1	444757	player	ft2play	Fasttracker (M.K.)	4	321025	f655df78	5ad26b3c	SOUND/MOD/C/CRITTERS.MOD
ceef178d550d31187a9ac838bac9ce40	1	122997	player	uade	Protracker compatible	0	64873	f11bef29	2989e1c1	SOUND/MOD/U/UHF.MOD
cef9679c276ecf78ec951e43cfbde430	1	122997	player	uade	Protracker compatible	0	72548	dde6951b	3e76317b	SOUND/MOD/P/PIPE.MOD
cf4cd640e9f83655396ebd3062ad7d10	1	181506	player+silence	uade	Startrekker (4ch)	0	272694	9a69be15	3e2de43c	SOUND/MOD/S/STARTREK.MOD
cf7c141aa91bd0b99e508c27dcd929cb	1	240724	player+silence	uade	Protracker compatible	0	226033	86992e35	2229c39e	SOUND/MOD/G/GB4EVER.MOD
cfe70c3df6f853a4b846db4821f9fdc8	1	153160	player+silence	uade	Noisetracker 1.x	0	71518	95e62402	c053a6ea	SOUND/MOD/O/OXEGENE2.MOD
cfe70c3df6f853a4b846db4821f9fdc8	1	153160	player+silence	uade	Noisetracker 1.x	0	71518	95e62402	c053a6ea	SOUND/MOD/O/OXIGEN.MOD
d037db405a142c8469526b044c59dd89	1	388277	player+silence	uade	Protracker compatible	0	190306	b78b96cb	1823ced5	SOUND/MOD/A/ABACAB.MOD
d07c012b19c5005d70fcb83ebab9ed4f	1	234459	player	uade	Protracker	0	192340	1783ddf4	f620c64a	SOUND/MOD/L/LISTEN2.MOD
d0867fe6054ce60d7538f960dbc2ddd5	1	0	nosound	uade	Protracker	0	16384	14ba4b72	3555002a	SOUND/MOD/T/TMR2INT2.MOD
d0e61283309c5d72a050d14fcb2e6704	1	299993	player+silence	uade	Protracker	0	347582	a5cbd2fd	8b8ac39f	SOUND/MOD/S/SPCDEBRS.MOD
d118a6d25d846a441f0b4c84a415cd5d	1	46216	player	uade	Protracker compatible	0	57942	5932b3f6	7663c8b6	SOUND/MOD/J/JANET.MOD
d1b12c273ff47f062e55474e0e330887	0	262451	player	uade	Soundtracker II - V or compatible	0	74656	65ba50a3	46a4f52c	SOUND/MOD/R/RENDEZVO.MOD
d1bba244ffb04a3a8d323f579738054b	1	282424	player	uade	Protracker compatible	0	57138	98cd5f8b	85b55da4	SOUND/MOD/S/SONATA.MOD
d1fc54e3187e7eb8c68497c4b5f177f0	1	166762	player+silence	uade	Protracker compatible	0	74826	9f24cb49	a7ac7973	SOUND/MOD/M/MEDLITES.MOD
d1fc7f56d6cb41f6344a50a663c5c296	1	76920	player	uade	Protracker compatible	0	46318	e321de8e	4eb93f58	SOUND/MOD/B/BOURBON_.MOD
d2506a1f55f6cd0cf1367606f44d7fec	1	448142	player	uade	Protracker compatible	0	51196	2300dae7	d9658592	SOUND/MOD/V/VERTMAD.MOD
d26a7ae88207f45384eec7c79f2ded40	1	261081	player+silence	uade	Protracker compatible	0	114730	2011a2c1	421d30ae	SOUND/MOD/S/STRESS.MOD
d28dd9250c7fc9f7f3fb900970284850	1	226080	player	uade	Noisetracker 1.x	0	287444	bbbc1c69	1f6c1c06	SOUND/MOD/N/NIBBLE.MOD
d2d55958aa45a1288d5679a3dd987fe8	1	184445	player	uade	Soundtracker II (31 instr.)	0	117050	529abb25	b54bf82d	SOUND/MOD/E/EPI.MOD
d31666bb31385f18c8350b7abcb3701d	1	147323	player+silence	uade	Protracker	0	64884	ed13da1f	2d1fce23	SOUND/MOD/S/SINISTR.MOD
d3b18e62d0e285eaea4875650fc692c8	1	0	nosound	uade	Protracker compatible	0	16384	09bdd8a6	e5771dbb	SOUND/MOD/R/ROCKTHIS.MOD
d3c5bfc62527be36b060052fd58aee16	1	315017	player	uade	Protracker compatible	0	241436	559c78a3	65d04666	SOUND/MOD/I/IWANTIT8.MOD
d3d7763fb8d4990b1c81156743d7241d	1	208136	player	uade	Protracker compatible	0	144026	948b918f	4776241e	SOUND/MOD/XYZ/ZINE_SFX.MOD
d3fe4866b80b2bcb233f58fdf981c3d1	1	92272	player	uade	Soundtracker II (31 instr.)	0	61880	fb1ebb36	03e8ccf7	SOUND/MOD/D/DELTA2.MOD
d41710db3e2e6501dc7808aa1ab604ea	1	130853	player	uade	Protracker compatible	0	199228	1bfedb48	10553d12	SOUND/MOD/R/REASM93.MOD
d46fa08dc30dbc7829e7cc755462982f	1	155469	player	uade	Protracker	0	331072	cb89bf99	35301e89	SOUND/MOD/N/NOCTURN.MOD
d4a440d8ca520e15e17faf462d6f816c	1	209402	player	uade	Protracker	0	93222	ab0da54f	76448eb3	SOUND/MOD/J/JAPANINT.MOD
d5441129895fc8e7f8b7848745c9e69f	1	245893	player	uade	Noisetracker 1.x	0	189181	b7da1dce	1eaabc1b	SOUND/MOD/T/THE_NEWS.MOD
d59a4bb3b5bc902b01d153e1d983e0f2	1	115321	player	uade	Soundtracker II (15 instr.)	0	60558	a64d02fb	dee1c5bf	SOUND/MOD/K/KYLIEMIX.MOD
d66ecb45bbf0a72bcc4788aae00255a2	1	492852	player	uade	Startrekker (4ch)	0	327928	1e38e9f3	e0ee2c75	SOUND/MOD/R/RHAPSPRP.MOD
d6d8209c0548fc260ebbc9ff60876f9f	1	233093	player	uade	Protracker	0	49886	9253262c	2dd098bc	SOUND/MOD/L/LOUDHOUS.MOD
d6eb58acc8fe2b0a29293434a02674ff	1	13081	player	uade	Soundtracker II (31 instr.)	0	86527	b875bda0	aac18607	SOUND/MOD/R/ROCCME.MOD
d719589aab37d3d6b47d05b5febe987c	1	140921	player	uade	Protracker	0	106646	717b943c	2be97d0c	SOUND/MOD/L/LASTONE.MOD
d719589aab37d3d6b47d05b5febe987c	1	140921	player	uade	Protracker	0	106646	717b943c	2be97d0c	SOUND/MOD/T/THE_LAST.MOD
d75e6c157206f29f1c07ef99afaa151f	1	79992	silence	uade	Protracker compatible	0	75072	5970e8e8	a774f297	SOUND/MOD/B/BILIJEAN.MOD
d861929a3e5b1c16354ec30258106545	1	128035	player+silence	uade	Noisetracker 1.x	0	40120	080a5bbe	6397bbc6	SOUND/MOD/B/BLADERUN.MOD
d867bb51ec18f39473f586777d3f1a52	1	302217	player	uade	Protracker compatible	0	119087	47f57ab3	3ac53e6a	SOUND/MOD/T/TRANCE-J.MOD
d88c39a27f44f723866af77f49947ce4	1	207169	player+silence	uade	Protracker	0	230652	4d22af21	d3b29503	SOUND/MOD/C/CONDOM.MOD
d8da142e701799f2573deef22bae8728	1	16758	player	uade	Protracker compatible	0	23855	509c6d33	54273b8e	SOUND/MOD/T/TWINKLE.MOD
d926dc28e6acfa76b70f21c2f7819d4f	1	199797	player	uade	Protracker compatible	0	78758	2bfe68a6	56ce32a2	SOUND/MOD/G/GOTTA_S.MOD
d94975000f44981a5036e5706ab2b222	1	46216	player	uade	Protracker compatible	0	9900	1586fd28	67f361d9	SOUND/MOD/I/INTROGHO.MOD
d98a168f85fa7e224db0c489c42d4139	1	702857	player	uade	Protracker compatible	0	141118	735619cc	060c92ef	SOUND/MOD/P/PROGRESS.MOD
d9af186159f0df898a8d9ae5bb7ba157	1	122755	player	uade	Protracker compatible	0	201834	5c3b459a	c22dc9f1	SOUND/MOD/F/FALLEN.MOD
da19193ab374c8225f7c6e20ef5e317e	1	224131	player	uade	Noisetracker 1.x	0	123304	59692ab9	7d31d827	SOUND/MOD/G/GALAC.MOD
da19193ab374c8225f7c6e20ef5e317e	1	224131	player	uade	Noisetracker 1.x	0	123304	59692ab9	7d31d827	SOUND/MOD/G/GALACTIC.MOD
da5ed7b6126483363b7467dc21087348	1	215149	player	uade	Protracker compatible	0	71526	9a662c68	a2d448f5	SOUND/MOD/V/VOYAGER.MOD
dab7784ab612f51f14cf96ad40eaf0d9	1	407128	player+volume	uade	Protracker	0	381950	a3037f9b	cc14a3a7	SOUND/MOD/H/HMX11.MOD
dad3053c6f8114707c9a6df6cef28f6f	0	194318	player+silence	uade	Ultimate-Soundtracker or compatible	0	50440	f3a2af8a	b333932c	SOUND/MOD/V/V42.MOD
db09193208b2ea152f7c712ddb10332e	1	214345	player	uade	Protracker compatible	0	140154	5c3c3c42	a642715d	SOUND/MOD/F/FLASHDAN.MOD
db15bb9fbb7c9e747b055b38f106cc6d	1	188487	player+silence	uade	Startrekker (4ch)	0	179294	68accdbb	657e13cb	SOUND/MOD/E/EYEOFTGR.MOD
db2bcca4bd115c65045131a566096b59	1	98682	player	uade	Protracker compatible	0	61956	f75c2386	43d74438	SOUND/MOD/T/TUNE1.MOD
db528093523e215beb8849e0ec2e4fa7	1	263690	player+silence	uade	Protracker compatible	0	196616	2ab4e4f6	a03201ef	SOUND/MOD/T/TAKEONME.MOD
db612244398574e9fa11b8fb87e8dec5	1	1013916	player	uade	Protracker compatible	0	150778	21a903a2	7ced4d95	SOUND/MOD/G/GROOVING.MOD
db6674569cd7670a8ed35f187c4814c8	1	80758	player	uade	Protracker compatible	0	94370	18a3d8be	7e00e1ca	SOUND/MOD/A/ACIDBEAT.MOD
db842d7f83848f45f2a29e31d5953cc1	1	83303	player+volume	uade	Protracker	0	82546	889b71d7	0ff0d90d	SOUND/MOD/F/FBOPTS2.MOD
dbed93d88a325377e6a42332adc2168b	1	112769	player	uade	Soundtracker II (15 instr.)	0	25374	23ff64a7	37ff0114	SOUND/MOD/A/AWESOME4.MOD
dc066e65d9ea2016813fe9d6a277d9ce	1	125931	player+silence	ft2play	Fasttracker	8	81004	2e17de3f	b683b4d5	SOUND/MOD/K/KUT.MOD
dcae864faeeffa4800adeb97ecebdc08	1	227004	player	uade	Protracker	0	175758	c0c2f623	f5796259	SOUND/MOD/I/IMGONNAB.MOD
dcb1fa306c95df2472935001da0e56db	1	276597	player	uade	Protracker compatible	0	122618	58fe1226	56fcd414	SOUND/MOD/L/LASER_2.MOD
dd0588d3c0208afe7ec7f988cecb542a	1	305037	player+silence	uade	Soundtracker II (15 instr.)	0	152684	62415f66	9e551a8f	SOUND/MOD/P/PETSHOP.MOD
dd6625e4d264db2dbb054dcf8f1efe88	1	115321	player	uade	Noisetracker 1.x	0	104830	9a77fd6b	44501d68	SOUND/MOD/D/DANGER.MOD
ddba6606404f75e62947ca355ecb1d69	1	253480	player+silence	uade	Protracker compatible	0	123264	b84af2e3	c16378a1	SOUND/MOD/A/ANDANTE.MOD
ddc05906adb5c96468fffb0e3934c9f9	1	176875	player+silence	uade	Protracker compatible	0	147818	75f55d0e	5178ab4c	SOUND/MOD/R/RAGTIME.MOD
dde7301ad7957daeede383fd561e12df	1	61568	player	uade	Noisetracker 1.x	0	32800	0aeefe2c	3b5e56d8	SOUND/MOD/B/BOURDON.MOD
de03c5f2d867824deca3e930392b5b98	1	262531	player	uade	Protracker	0	179654	2e914c1f	b9b95ab5	SOUND/MOD/C/COOL.MOD
de3244c0ed66cfcdee23ca6157a336a9	1	270207	player	uade	Noisetracker 1.x	0	216612	7fa8f76e	87035afd	SOUND/MOD/R/RADONMIX.MOD
de50693a4dbd1c74d10f948acb5e58a7	1	122997	player	uade	Protracker compatible	0	191824	63d257f6	07de1947	SOUND/MOD/W/WHEELS.MOD
de6330bc4835fff829e59fc507f82dbb	1	138369	player	uade	Protracker compatible	0	26534	7ff28b63	7fada3ce	SOUND/MOD/S/SHORT.MOD
de7ccfbea8fbe9f0feba06d49ea9ee87	1	438035	player+volume	uade	Protracker	0	417010	b0a7b94b	da3d2630	SOUND/MOD/R/RHY_IS_A.MOD
dec195215bd49ba59d464ba9d7318d69	1	199797	player	uade	Protracker compatible	0	83274	f351d4e6	9b7b3d99	SOUND/MOD/C/CLASSICA.MOD
dedbcee6f2f7fb4f56f7ecc228e1a341	1	253730	player	uade	Protracker compatible	0	108182	abb17cfc	14ce0364	SOUND/MOD/B/BACH.MOD
dfa6f516346938cdcdd58c29dc76aa4c	1	242218	player	ft2play	Fasttracker (M.K.)	4	227121	2ec0081c	6d06b100	SOUND/MOD/A/ABOUTYOU.MOD
e01aa86a0e162f94392b22494de1940e	1	191739	player	uade	Protracker compatible	0	129315	6d70dbf8	592e0c31	SOUND/MOD/A/ANIMOTIO.MOD
e022de63e5b565d2f6da0021c7ec93cc	1	7796	player	uade	Protracker compatible	0	42870	5a880205	fc301e93	SOUND/MOD/W/WINGS.MOD
e0308678d33961356cae353b0db31b09	1	211030	player	uade	Protracker	0	104134	a3c01b91	77da90b4	SOUND/MOD/T/TRACKE.MOD
e0622b626697e35fb293b3a09c8a05ec	1	226844	player	uade	Protracker compatible	0	125992	efe90483	ec322f42	SOUND/MOD/M/MUSICX.MOD
e08de0c0a65b9e7cd71a7975be7e665f	1	324924	player	uade	Protracker	0	133560	2ae91f4d	75317b93	SOUND/MOD/L/LIVE_FOR.MOD
e0dd762e757c1963452a39a7795de367	1	249490	player	uade	Protracker	0	212870	a032730d	d1c94980	SOUND/MOD/R/RISEUP.MOD
e1148e24ee5039e577aa4dfc0d47eb11	1	95837	player	ft2play	Fasttracker (M.K.)	4	74167	255b607e	c31a00f4	SOUND/MOD/L/LIMELIGH.MOD
e13f4c5e100ada4b1fe02e6a3f397958	1	169093	player	uade	Protracker compatible	0	144204	3d530546	e80a6d3f	SOUND/MOD/O/ONEWAY.MOD
e1e2a18ce7d94c73364eb6bc90a37da3	1	128563	player	uade	Protracker	0	110702	a8dc838f	e928008f	SOUND/MOD/T/TOMSDINE.MOD
e297022e75d0f3ba3b0707d7f94ddd3a	1	235565	player	uade	Protracker compatible	0	127102	86af862a	88d8938d	SOUND/MOD/S/SOFT_SYN.MOD
e2f9602751b6528c8fe34c1162dbb605	1	51320	player	uade	Protracker compatible	0	20900	46bdbd24	11177121	SOUND/MOD/A/ANIMATE.MOD
e33547420588f6b4ab220c3dfe4a5959	1	63477	player	uade	Startrekker (4ch)	0	271507	1c5255d6	b9fc13d1	SOUND/MOD/B/BOOBOO.MOD
e3638dee926dfba76adcaf9083bc3bf9	1	122997	player	uade	Noisetracker 1.x	0	56596	1f59b0ba	221bf21e	SOUND/MOD/B/BIGNJAP.MOD
e36da3446d03657a7941eed78299cfdc	1	170680	player	uade	Protracker compatible	0	110722	26652485	3594bf87	SOUND/MOD/S/SHINKEFR.MOD
e3f64b92f67b197a8398d187219d62bb	1	99968	player	uade	Soundtracker II (31 instr.)	0	52028	b0db5d62	0ed7f622	SOUND/MOD/XYZ/ZETA.MOD
e4174cb9b8c46b40acd4f3c84076273e	1	122677	player	ft2play	Fasttracker (M.K.)	4	111700	74047250	fcf377d1	SOUND/MOD/7.MOD
e46b4f699e52d93f71f31c12fc8e789f	1	165555	player	ft2play	Fasttracker	8	395614	cd79e41f	ac09b5a7	SOUND/MOD/T/TRENDS.MOD
e4a1767abb942e2c2c206bc5ca6dafd9	1	288111	player	uade	Protracker	0	274051	5e3a6a78	2cd6debf	SOUND/MOD/G/GRANDMIX.MOD
e4fd94366dc7e587e2a619432d056290	0	188893	player+silence	libopenmpt	Ultimate Soundtracker 1.0-1.21	4	76916	2a1ba904	b424f969	SOUND/MOD/S/SLL2.MOD
e5069498e80f25f06c7e4a0643f29ec0	1	46216	player	uade	Protracker	0	4244	5d5f8390	3b1ae400	SOUND/MOD/I/IMAGINE.MOD
e578e71c01471c1bdea257a7fd0b3733	1	220936	player	uade	Protracker	0	104416	d2e4f3ef	6da96cd4	SOUND/MOD/C/COMTORS.MOD
e5b2b4fe77e7dd11925efaa6da7fef29	1	136440	player	uade	Protracker compatible	0	172176	50bc6544	902f7d7b	SOUND/MOD/K/KEEPBUST.MOD
e5e14b05c6d3fc2bc551304c29270377	1	55962	player	uade	Noisetracker 1.x	0	51712	434172f7	c7ab4388	SOUND/MOD/A/AIRWOLF2.MOD
e68da0e4a2f2f50d6ae3d8a5ab5e57a1	1	248414	player+silence	uade	Protracker	0	137064	23f79df9	dfafc785	SOUND/MOD/G/GUITAROU.MOD
e69f7fbb66cadd21d852341df3c922b6	0	69144	player	uade	TCB Tracker	0	89661	0532d905	1b0118a2	SOUND/MOD/T/TY_HOUSE.MOD
e6b08eaf1113c927f629048bfdbf6150	1	80135	player	uade	Protracker	0	104814	210b7619	19098dbe	SOUND/MOD/T/TEDDYB.MOD
e6f45e01e62e257b9093600ae56bf502	1	176769	player	uade	Startrekker (4ch)	0	82842	b0f8be99	0690e1dc	SOUND/MOD/S/STARTEST.MOD
e72ccfa132ccd7cb4f5f708b03137dec	1	146045	player	uade	Protracker compatible	0	205618	0b84b519	ea8bf174	SOUND/MOD/M/MEGALOMA.MOD
e796e728efc845efbcce09c404d9d826	1	30824	player	uade	Protracker compatible	0	24576	ede897f2	8f93c0d3	SOUND/MOD/P/PLINK.MOD
e7f2f7a5dd8201cc285745dc4a4ec109	1	103747	player+silence	uade	Protracker	0	84586	4d941edd	47819f6e	SOUND/MOD/A/AWAM.MOD
e866a5e563828ce6e45a13995b585882	1	515337	player	uade	Protracker compatible	0	131747	58726d27	625cc5b5	SOUND/MOD/I/IBT93.MOD
e88862c3566b31eefec93fd7b2dfc476	1	245893	player	uade	Protracker compatible	0	60414	1f33c224	a17d77bf	SOUND/MOD/F/FLOATING.MOD
e8b611cce23e792874b23d983575cf16	1	6550	player	uade	Noisetracker 1.x	0	115052	b8626fa0	e47b2b6c	SOUND/MOD/S/SOUNDC.MOD
e8e4218be1dbb3ec6dceef9583086204	1	146045	player	uade	Noisetracker 1.x	0	94848	f055c435	3fbcad83	SOUND/MOD/A/ALI.MOD
e8e4218be1dbb3ec6dceef9583086204	1	146045	player	uade	Noisetracker 1.x	0	94848	f055c435	3fbcad83	SOUND/MOD/A/ALIEN.MOD
e96f214098f74fc1cb1671d2c9244257	1	233839	player+silence	uade	Protracker	0	153676	f5005d55	d994f00b	SOUND/MOD/S/STARDUST.MOD
e9733d85be0420b11233afed6407a858	1	177167	player	ft2play	Fasttracker	8	425268	dc7ff33f	bc5f9f17	SOUND/MOD/M/MOREMORE.MOD
e9897086ae9284487a41c3962c061adc	1	134531	player	uade	Protracker compatible	0	316066	6e3d09e2	1bdf4b1c	SOUND/MOD/S/SIMPS.MOD
e998012c700eb43af0321711305829b2	1	637350	player	uade	Protracker (vblank)	0	224288	947eb4e3	100c8746	SOUND/MOD/K/KLISJE_P.MOD
ea0109e82c9105daf6a28b680d9ef148	1	157579	player	uade	Soundtracker II (31 instr.)	0	141436	325b8e0b	11f3e2e8	SOUND/MOD/G/GUN.MOD
ea01ee41930775c87bcc454622607d12	1	138199	player+silence	ft2play	Fasttracker	6	349564	b5ae7631	eb5323b1	SOUND/MOD/A/AMADEUS.MOD
ea125c0e0ce47171b0105b48a525a198	1	78307	player	uade	Protracker compatible	0	55620	0eda6bf7	0cb1f04e	SOUND/MOD/M/MEGAFOE.MOD
ea1aa147ddd9747f27f35d12f675cdc4	1	208056	player	uade	Protracker	0	68882	12cdad26	d16cd978	SOUND/MOD/M/MANDELFO.MOD
ea5c35e34b9bfed2346526fd35569b6f	1	76920	player	uade	Protracker compatible	0	51972	09e2bb9a	7c81b183	SOUND/MOD/G/GAL.MOD
ea5f1b72b17a7b4fcb1006c87cf845ad	1	159166	player	uade	Protracker compatible	0	118130	7a669230	54897907	SOUND/MOD/H/HITFIDO.MOD
ea9f10e85d330843fd7ff4a79bb9c9e2	1	247320	player	uade	Protracker compatible	0	91054	760ab037	bfac1d71	SOUND/MOD/A/ACIDHOUZ.MOD
eabdbe389dcb1e7978c2ec7cf70fc9ad	1	183670	player+silence	uade	Soundtracker II (15 instr.)	0	111536	2976f65c	a393087c	SOUND/MOD/S/SPACETRA.MOD
eac958f072c7d0c13138548b9c190e04	1	92272	player	uade	Protracker	0	72547	1affd5e4	d155f171	SOUND/MOD/A/ALBAN.MOD
eb5f36b4f10aa1f91a2e657a3f8875f7	1	276116	silence	uade	Protracker compatible	0	176900	c8a8edde	fc16d531	SOUND/MOD/D/DEMOCOMP.MOD
eb67fec2e7068fbc5b6bb408b2785325	1	368770	player	uade	Soundtracker II (15 instr.)	0	56164	6e5e8eb0	1cfb081b	SOUND/MOD/I/INCATUNE.MOD
eb7eea3e60de9fd65b5b911aded5a7ed	1	147974	player	uade	Protracker compatible	0	162168	803c0a66	25b7f7d2	SOUND/MOD/O/OUTZIDE.MOD
eb94bfd3491520f36fe0c3e43878a7f0	1	130693	player	uade	Protracker compatible	0	67138	d796d7bf	56826d49	SOUND/MOD/L/LAMERTUN.MOD
ebc3cb9491582ba7d748a2e4cee94ddd	1	115321	player	uade	Noisetracker 1.x	0	28205	2c4ed588	3af3c991	SOUND/MOD/C/CARIBMEM.MOD
ebc552361013aebff74d681d82d53729	1	226442	player	uade	Protracker	0	107624	b55111b4	a47f5c05	SOUND/MOD/L/LONELY.MOD
ebcc56ae36686423831cb45b97e941df	1	188503	player+silence	ft2play	Fasttracker (M.K.)	4	119669	02546954	6d0121f9	SOUND/MOD/L/LP-TPHRK.MOD
ebf81e1aad5e80764eedacc903a3dc55	1	632023	player+silence	uade	Soundtracker II (15 instr.)	0	113192	1ce6690e	e0092a1a	SOUND/MOD/A/AXELF.MOD
ec3426394006e283b2749572644b1164	1	243341	player	uade	Protracker compatible	0	154920	fc7ed95b	e4cb23ca	SOUND/MOD/C/CAROLINE.MOD
eca34edf518e1ca0b211856a3e169d61	1	204239	player+silence	uade	Protracker compatible	0	234708	566d62bb	3a78a0d1	SOUND/MOD/M/MEGAPART.MOD
ed41f3c3a402962e938429c4c5e50c41	1	184233	player+silence	uade	Protracker	0	94240	14ffaa1f	acfd029e	SOUND/MOD/B/BIGTHING.MOD
ed5d6017f723edc3a7b021402505e05c	1	281239	player	uade	Protracker compatible	0	93516	f44fc248	8b32675f	SOUND/MOD/S/SHADOW.MOD
ed9a9fafa3ae3428d5e33a68fdbee996	1	129485	player+silence	uade	Protracker	0	119730	a16cfe45	a71f01cd	SOUND/MOD/O/OHYEAH.MOD
edd48c1776abf454303c64f0c07750d4	1	169093	player	uade	Soundtracker II (15 instr.)	0	39668	58e4d16c	9203d67d	SOUND/MOD/B/BONJOVI.MOD
ee86fc9b00fa98fbf619383618e6c622	1	138369	player	uade	Protracker compatible	0	59062	6cc6d660	3506de56	SOUND/MOD/H/HITSQUAD.MOD
ee93d387eefa7d837dea0c68ef767c45	1	84616	player	uade	Noisetracker 1.x	0	57892	97c1cdee	68bc1389	SOUND/MOD/T/TONALEC.MOD
eeaae7962f7e115834984a9ce920ffd3	1	146045	player	uade	Protracker compatible	0	70378	46267979	2bac4cf9	SOUND/MOD/M/METAL.MOD
eec0680cc6e07d0a5979da8449edcbb4	1	141162	player	uade	Protracker compatible	0	65112	da61a95c	66013d13	SOUND/MOD/A/AWESOME3.MOD
eeeb980c0ba6f7fb22899466be170ee6	1	113391	player	uade	Protracker compatible	0	31139	125316c6	41888d3c	SOUND/MOD/T/TAXI.MOD
effb992014a55bafcd8f0191f1c85b37	1	247572	player+silence	uade	Protracker compatible	0	219210	640311e8	06ea1966	SOUND/MOD/T/TMOT.MOD
f0302548377e94f77b06aef47d18a68c	1	170057	player	uade	Protracker compatible	0	68404	a77c9c61	c224d57d	SOUND/MOD/C/CIRCLE.MOD
f04e19322d8136d95857a95e4b21c1b3	1	236996	player+silence	uade	Noisetracker 1.x	0	86016	b08fe2c7	38722155	SOUND/MOD/T/TRILOGY.MOD
f058bb803c92c02c6b738ae995fecda5	1	133245	player	uade	Soundtracker II (31 instr.)	0	97676	4d15a903	d0c65162	SOUND/MOD/M/MON.MOD
f13e7dc1eb4a4c4988078a10c1fa8bf5	1	153721	player	uade	Protracker	0	137691	67252316	59f4bcc8	SOUND/MOD/H/HI_TECH.MOD
f1ca1f109aab952e38530e3350c3149d	1	44910	player	uade	Soundtracker II (31 instr.)	0	60672	1841cf24	0deb9589	SOUND/MOD/W/WIZARD2.MOD
f1f5691275fc9b52c74e7196f127257b	1	176769	player	uade	Protracker	0	83850	3d239680	0549d1da	SOUND/MOD/K/KISSBASS.MOD
f21a6cefe7deaa014a8782d535d24765	1	44910	player	uade	Noisetracker 1.x	0	51320	41fcb360	7a7a5877	SOUND/MOD/F/FAIRLIGH.MOD
f26363bc3b41150a215e2b4eded322aa	1	120927	player	uade	Protracker compatible	0	64752	42128f10	85ced51f	SOUND/MOD/B/BLUEBREA.MOD
f2686f824c0a5290246efdfcb4060d4c	1	319947	player+volume	uade	Protracker	0	144822	7cb7a167	d69d8f1b	SOUND/MOD/T/TEKHAUS1.MOD
f26e8ceb0726293c7b549d0b14b6f4a9	1	99968	player	uade	Protracker compatible	0	103516	42ec34aa	e1c4f51c	SOUND/MOD/A/AWESOME.MOD
f2cbc4a6101c07f805a8c7398863b411	1	115039	player	uade	Protracker compatible	0	62029	e3403631	ff686b8d	SOUND/MOD/P/PPG23.MOD
f2d31ab5c257a22e51089eb70ec834e1	1	322693	player	uade	Protracker compatible	0	148440	be628180	84e9481a	SOUND/MOD/O/OMEN.MOD
f2dfe5c2730e598f741d4e503ac994da	1	211411	player	uade	Protracker compatible	0	171482	32d1acd9	4bc80f60	SOUND/MOD/E/ENJOYSIL.MOD
f2dfe5c2730e598f741d4e503ac994da	1	211411	player	uade	Protracker compatible	0	171482	32d1acd9	4bc80f60	SOUND/MOD/E/ENYOSIL.MOD
f2ef7aba8aed2c1ae2168966420f3781	1	81140	player	uade	Protracker	0	99616	b35ea96e	9abb5f83	SOUND/MOD/R/RAZOR.MOD
f3389fdb607b97d7eaa8549a550ed321	1	160722	player+silence	uade	Protracker	0	345056	466f8eb0	897aaebb	SOUND/MOD/O/OPENSESA.MOD
f33c7960c00bbd78c2ba926042f16a94	1	7796	player	uade	Protracker compatible	0	88734	2480a443	fd1182a7	SOUND/MOD/U/UNNAMED.MOD
f353eaff8156611d1f0a2ec1095b6fa6	1	151169	player	uade	Protracker compatible	0	217848	b8989e80	d23cc157	SOUND/MOD/A/AWE-2.MOD
f353eaff8156611d1f0a2ec1095b6fa6	10	4079	player
f353eaff8156611d1f0a2ec1095b6fa6	11	2310	player
f353eaff8156611d1f0a2ec1095b6fa6	12	2551	player
f353eaff8156611d1f0a2ec1095b6fa6	13	5767	player
f353eaff8156611d1f0a2ec1095b6fa6	14	6530	player
f353eaff8156611d1f0a2ec1095b6fa6	15	2431	player
f353eaff8156611d1f0a2ec1095b6fa6	16	4681	player
f353eaff8156611d1f0a2ec1095b6fa6	17	3154	player
f353eaff8156611d1f0a2ec1095b6fa6	18	3476	player
f353eaff8156611d1f0a2ec1095b6fa6	19	4059	player
f353eaff8156611d1f0a2ec1095b6fa6	2	4501	player
f353eaff8156611d1f0a2ec1095b6fa6	20	4139	player
f353eaff8156611d1f0a2ec1095b6fa6	21	0	nosound
f353eaff8156611d1f0a2ec1095b6fa6	22	0	nosound
f353eaff8156611d1f0a2ec1095b6fa6	23	0	nosound
f353eaff8156611d1f0a2ec1095b6fa6	24	2391	player
f353eaff8156611d1f0a2ec1095b6fa6	25	0	nosound
f353eaff8156611d1f0a2ec1095b6fa6	26	7977	player
f353eaff8156611d1f0a2ec1095b6fa6	27	4802	player
f353eaff8156611d1f0a2ec1095b6fa6	28	0	nosound
f353eaff8156611d1f0a2ec1095b6fa6	29	0	nosound
f353eaff8156611d1f0a2ec1095b6fa6	3	2411	player
f353eaff8156611d1f0a2ec1095b6fa6	30	0	nosound
f353eaff8156611d1f0a2ec1095b6fa6	31	0	nosound
f353eaff8156611d1f0a2ec1095b6fa6	32	5063	player
f353eaff8156611d1f0a2ec1095b6fa6	33	2270	player
f353eaff8156611d1f0a2ec1095b6fa6	34	7796	player
f353eaff8156611d1f0a2ec1095b6fa6	35	2632	player
f353eaff8156611d1f0a2ec1095b6fa6	36	2391	player
f353eaff8156611d1f0a2ec1095b6fa6	37	0	nosound
f353eaff8156611d1f0a2ec1095b6fa6	38	2170	player
f353eaff8156611d1f0a2ec1095b6fa6	39	1044	player
f353eaff8156611d1f0a2ec1095b6fa6	4	3315	player
f353eaff8156611d1f0a2ec1095b6fa6	40	10368	player
f353eaff8156611d1f0a2ec1095b6fa6	5	2330	player
f353eaff8156611d1f0a2ec1095b6fa6	6	2451	player
f353eaff8156611d1f0a2ec1095b6fa6	7	0	nosound
f353eaff8156611d1f0a2ec1095b6fa6	8	5043	player
f353eaff8156611d1f0a2ec1095b6fa6	9	53993	player
f419d8a34775cceb5100ff1b80b4bea1	1	192141	player	uade	Soundtracker II (15 instr.)	0	128826	2d73d56c	74776f3b	SOUND/MOD/B/BH_COP2.MOD
f44fe0fee5b51a5ce81e2458febd56d9	1	248003	player	uade	Protracker	0	127950	9a7642bd	2cddba5d	SOUND/MOD/C/CYBERZON.MOD
f4acde78e5e414e8b97568f5e15779a8	1	192764	player	uade	Soundtracker II (15 instr.)	0	103068	37c9b8ce	6e50fa57	SOUND/MOD/R/RATTRASH.MOD
f4b3d2ac6b7f7dab9532e1c9107ea35c	1	170580	player	uade	Protracker	0	197674	2345988a	f58aa2c3	SOUND/MOD/XYZ/YO_AFRIC.MOD
f4b5cba639c144651782a777466f795f	1	187198	player	uade	Startrekker (4ch)	0	156894	c3f580d2	58c4eceb	SOUND/MOD/T/TECHNOPO.MOD
f4e1fabc80d42f304d89840bef4222bd	1	110282	player+silence	uade	Protracker compatible	0	160080	50db6ce8	e8bdad58	SOUND/MOD/A/ADDAMSMX.MOD
f4ff187ef9facb3fbfbf3f7c3be9f026	1	216673	player+silence	uade	Protracker	0	111590	a1e15532	4a08ac27	SOUND/MOD/C/CRYSRAIN.MOD
f5ca2f6c12bb9ff529e2ac218715cfd8	1	196106	player+silence	uade	Protracker compatible	0	252234	04b742b2	37fdbfa6	SOUND/MOD/C/CZEEKLF.MOD
f61817f5d755c06fb1f89010c3d54b72	1	119337	player+silence	uade	Soundtracker II (15 instr.)	0	122282	592d1454	1b615abc	SOUND/MOD/H/HOU.MOD
f62caebcb949b2b042efa4cdf0fe7a80	1	183179	player	uade	Protracker compatible	0	80684	99a1a236	7f0f3ac9	SOUND/MOD/S/SUDDEN.MOD
f64c36677d8f86c10d174bf94067ac6d	1	133204	player	uade	Protracker	0	102315	dc8493cc	e801ecb9	SOUND/MOD/XYZ/ZAKK.MOD
f6c98e19feca29b47df3ea1859b5d4c6	1	66672	player	uade	Protracker	0	25472	f3d91cc4	eb77efe6	SOUND/MOD/A/AQUA.MOD
f7084a45795d5aa75ecd8fe29f8dd6ab	1	246923	player+silence	uade	Noisetracker 1.x	0	83058	c123bf0a	3bb59cc5	SOUND/MOD/B/BIGINJAP.MOD
f769441f18f5c37db2f6601d7f3d104a	1	422522	player	uade	Protracker	0	106045	9b9ebaf1	1780fce0	SOUND/MOD/B/BLACK.MOD
f7bba7e780011799f87ed9dcd61484ba	1	233093	player	uade	Noisetracker 1.x	0	498862	d9367edf	d3599feb	SOUND/MOD/A/ALIENS4.MOD
f7ce9ca5f7a5a3c1be29115b07374e82	1	251952	player+silence	ft2play	Fasttracker	8	399734	9e5aac37	e1654b31	SOUND/MOD/B/BASSREM8.MOD
f7f9eb66145aef351ba081c1c1d54472	1	32110	player	uade	Protracker compatible	0	36248	b01de4f4	bda00ad0	SOUND/MOD/A/ATHELTIC.MOD
f8114746764fe75e2c5a18658e272e3d	1	107339	player	ft2play	Fasttracker (M.K.)	4	94408	a1ea86c5	24924a2a	SOUND/MOD/XYZ/XYLO.MOD
f834a2d1b94047c1f8d4f58744860c18	1	144136	player	uade	Protracker compatible	0	68350	e7b23549	5cf6baf7	SOUND/MOD/S/SAVANNAH.MOD
f83cddb3d912d0444ca36670b5fb04ec	1	117872	player	uade	Protracker	0	68266	e7009d47	cc2b0172	SOUND/MOD/L/LIOTHS.MOD
f88cc71a334b4e8c8412d8c886464375	1	218063	player	uade	Protracker compatible	0	311256	4c192b0a	8fce0440	SOUND/MOD/E/ENTERPRI.MOD
f8c6e8ecb8331bfd983047ccadeeba54	1	140643	player+volume	uade	Protracker compatible	0	71175	976646c9	78fe4f3b	SOUND/MOD/V/VOID.MOD
f8ec1cf54f374b71a34a55c8ab8ff717	1	400574	player+silence	uade	Protracker compatible	0	117914	dfb2cee7	b7a2a2fb	SOUND/MOD/S/STOMACH.MOD
f92ed669c6afdb16434547a6f752f7cf	1	72878	player+silence	uade	Protracker compatible	0	213849	662d5a4a	9730221a	SOUND/MOD/B/BEV_HILL.MOD
f9775be42e456fda2f065447b9d17d31	1	205564	player	uade	Protracker compatible	0	93586	f8dde04a	6973f2ad	SOUND/MOD/C/CALYPSO.MOD
f9854cfa882ee0d9bd669af619644856	1	124162	player	uade	Protracker compatible	0	104258	601a60fc	6fb4e7c9	SOUND/MOD/E/EXTACY.MOD
f9954417b9c9297b77bfe8348ebba189	1	138424	player+volume	ft2play	Fasttracker	6	165852	ada360fc	b880a10c	SOUND/MOD/B/BODYSUNS.MOD
f9dd80f3791f54a4aa13e7678a007bf3	1	222845	player	uade	Protracker	0	130048	ad2a0a24	aa3f8076	SOUND/MOD/S/SONG2.MOD
f9e5a85e4f31ff27267a1ba099fd6c82	1	211331	player	uade	Soundtracker II (15 instr.)	0	110104	7c6fda3f	34a96df2	SOUND/MOD/A/A_PLACE.MOD
fa25394f5dbab0fd7aa271d7a417cf93	1	90363	player	uade	Protracker	0	96636	ca0a0420	886f8577	SOUND/MOD/H/HOUSE01.MOD
fab022a5ed638edf5d990ab9ef49d652	1	194693	player	uade	Protracker	0	1348300	9031dce3	ea5f956e	SOUND/MOD/T/THESIGN.MOD
fb6619faef532d636fb406fe61a1841b	1	153721	player	uade	Protracker compatible	0	115050	54f95642	548dc93d	SOUND/MOD/K/KILROY1.MOD
fb8b56fc11be00e7ab5139083b9adf58	1	353418	player	uade	Protracker compatible	0	334956	d00d7573	d188ed2c	SOUND/MOD/L/LADADEE.MOD
fba5f42461ddafc5ce74541a9281c8cc	1	76920	player	uade	Protracker compatible	0	176152	1a8a42ef	2d4ed069	SOUND/MOD/I/INSANITY.MOD
fbebee3ec2b039cc32259f3970635b71	1	208317	player	uade	Noisetracker 1.x	0	84892	675fc7ed	18ff6c36	SOUND/MOD/F/FLSWEDEN.MOD
fc008ef0454c0718f021005795879004	1	69224	player	uade	Protracker compatible	0	142479	9fb7758a	2b88f674	SOUND/MOD/K/KICKING.MOD
fc013e124ea6458176235f779d3585b8	1	172931	player	uade	Noisetracker 1.x	0	90020	406e9d73	ba111b42	SOUND/MOD/L/LOS.MOD
fc096125d0b5a4a6fdd61db40847417a	1	107645	player	uade	Protracker compatible	0	127720	1bece1ae	b81a2088	SOUND/MOD/K/KARS3.MOD
fc2fbbb4b35a919041a17ebe8cbbca1d	1	0	nosound	uade	Protracker compatible	0	16384	f0a16b44	6726aa37	SOUND/MOD/S/SIND_KLF.MOD
fc5b2267da307b6e66ca10c0d3b624ae	1	143854	player+silence	ft2play	Fasttracker (M.K.)	4	62473	ffd19cfa	c6631544	SOUND/MOD/R/RUSHHOUR.MOD
fc90c8d5b73d5c29c738d323b3eb5eec	1	134531	player	uade	Soundtracker II (15 instr.)	0	101036	f8529851	91b399db	SOUND/MOD/O/ONTHERUN.MOD
fcb83158f577d095337b7cf766d706ed	1	161397	player	uade	Noisetracker 1.x	0	145269	257d8528	702f8569	SOUND/MOD/D/DARK1_R.MOD
fd7baaf79fcace9d476a5e7ed60cc0a7	1	478464	player	uade	Protracker	0	160218	0c444dfb	d562977e	SOUND/MOD/K/KNULLA.MOD
fda3900964aef845ff65fb03e55955a2	1	263455	player	uade	Protracker	0	141264	66b00e8c	f4021322	SOUND/MOD/U/UPONME.MOD
fda3900964aef845ff65fb03e55955a2	2	207493	player
fdd641b1619242a14b6780dc68d33592	1	71595	player	uade	Protracker compatible	0	70568	88a342ef	75c8f6e0	SOUND/MOD/H/HSBLUES.MOD
fe8e023dcf805ed688efe140cad4f248	1	347771	player	uade	Protracker	0	171296	c0dbb012	95302acf	SOUND/MOD/G/GRAPEVIN.MOD
fee62484187180ac9bc758fa9a27db4a	1	252652	player+silence	uade	Protracker compatible	0	123688	a93ec6ed	e69a7d6c	SOUND/MOD/S/STARSCRL.MOD
ff0be026c631b59b948394997e247cdd	1	432681	player+silence	uade	Protracker compatible	0	62932	fa5bb646	5db1c2f2	SOUND/MOD/A/AQUAPOOL.MOD
ff1894a15ed96ad7d294ce46f81009fa	1	161397	player	uade	Soundtracker II (15 instr.)	0	73256	2236792f	400dfff8	SOUND/MOD/M/MDRNTALK.MOD
ff1ba4de86f60ba7d6fdaf71309f56e1	1	217219	player	uade	Protracker compatible	0	113260	dc53a0a0	f67704bf	SOUND/MOD/F/FACING_N.MOD
ff2be2493f82149b4cabc2d7730934ec	1	169093	player	uade	Protracker	0	140514	72064cfa	42a8b3d4	SOUND/MOD/W/WAIT4U.MOD
ff32c94bd98bbe382ac18af83676dcd4	0	61348	player	libopenmpt	Master Soundtracker 1.0	4	111040	aa1d14e0	b04b81c7	SOUND/MOD/H/HITHOUSE.MOD
ff41129f32af5b109dab18f03451c6ce	1	139822	player+silence	uade	Protracker compatible	0	128630	9f24bb09	1e6c9fe4	SOUND/MOD/D/DAY.MOD
ff6f08bc19d6886590d4a41fb9a643d2	1	128121	player	uade	Protracker compatible	0	123742	be9524ae	69a8bfe4	SOUND/MOD/F/FREEZING.MOD
ff78e74a73c3eeedd2a4f7b19bdcf2a2	1	144216	player	uade	Protracker compatible	0	303946	5e8665aa	7d0d881a	SOUND/MOD/P/PUBLIC.MOD
ffa76335f0549b6164fdd69e72122880	1	531011	player	uade	Protracker compatible	0	107616	53c4d49f	dd60a8dd	SOUND/MOD/F/FLDSOFGR.MOD
ffc1c1023fb8edfd5a42d10def2039c4	1	38520	player	uade	Soundtracker II (15 instr.)	0	161984	b19bf779	8abe2aa8	SOUND/MOD/R/RESCUE.MOD
