0000578463ef1f36e4bf42506c418ded	1	256141	player	uade	Protracker	0	74406	4ec7251d	63270def	MOD/MOD_G/GOLDEN.MOD
002858698163a6afad5e97fd98eea2bc	1	149633	player+volume	uade	Noisetracker 1.x	0	163394	b6883ccc	85e70892	MOD/MOD_F/FLASHCON.MOD
006f868d3c81e77493dbf827844d57d0	1	96130	player	uade	Protracker	0	72154	7b268f76	a9567f02	MOD/MOD_B/BLUSBRS1.MOD
00e089003996d269ede1cd573c26fc77	1	225416	player+silence	ft2play	Fasttracker (M.K.)	4	76878	d2f7f3c2	7ee98016	MOD/MOD_G/GAWI.MOD
012651de443339bb99f793158231a00e	1	299645	player	uade	Protracker compatible	0	101026	981084bb	96a01bad	MOD/MOD_N/NIGHTDRE.MOD
01575269f7da0146ab290eed4ed13930	1	249285	player+silence	uade	Protracker	0	217754	fe6cfa17	2c823a6f	MOD/MOD_D/DARKANGE.MOD
022446333bd6f4239a2b73cee1d67514	1	286874	player+silence	uade	Protracker	0	205816	4bb48370	32f555cd	MOD/MOD_B/BLOWYANO.MOD
02334dca9491dc3dd5a3784ca3067ec2	1	34682	player	uade	Protracker	0	53086	272f767e	35051ef1	MOD/MOD_E/EMUSORGA.MOD
02472be3b7dedd8ee3ed05b8c400442a	0	107359	player	libopenmpt	Master Soundtracker 1.0	4	113492	8f0002d6	b4545e3c	MOD/MOD_H/HARRY.MOD
02eafbed9520df916744df5e2114f8a3	1	370471	player+silence	uade	Protracker	0	212300	815aae3b	9e676c4d	MOD/MOD_M/MAGICMEL.MOD
039a5cd13bd3e9b34408db71aa41ccf3	1	14060	player+silence	uade	Protracker compatible	0	12661	20b8c39f	74448c6a	MOD/MOD_C/CONQUES2.MOD
043b5e5c1945cfbc992ca4dc0e391c3a	1	143493	player	uade	Protracker	0	13890	fe0205ca	b58979c0	MOD/MOD_B/BACKTOBA.MOD
04a60aefa44c9b840146db635a66ff37	1	151350	player	uade	Protracker	0	175074	437a4d5c	dcf0967f	MOD/MOD_F/FLOWER2.MOD
04a8e9b1f05e84e399ba47403d22843b	1	62834	player	uade	Protracker compatible	0	85597	ed3529a3	9548810d	MOD/MOD_B/BROJOHN.MOD
04ad90fb72fa4859db819ca75cd6127f	1	234359	player	uade	Protracker compatible	0	72126	0bbdeaba	cc03ea20	MOD/MOD_L/LVTBRAIN.MOD
04d97822bee6d4ddda68ce99d47ed5a7	1	84616	player	uade	Protracker	0	79996	849d65bf	5fa45400	MOD/MOD_B/BLUE_MOO.MOD
04d97822bee6d4ddda68ce99d47ed5a7	1	84616	player	uade	Protracker	0	79996	849d65bf	5fa45400	MOD/MOD_B/BLUEMOOD.MOD
04f5bcb9867f248952b2b295a3ac5fec	1	257407	player	uade	Protracker	0	215286	22d3fbd8	47c40a92	MOD/MOD_A/AGROUP.MOD
052cb09238290407a9135bb6d91cd949	1	208317	player	uade	Noisetracker 1.x	0	84892	e6ed3839	ddd6422b	MOD/MOD_F/FLIGHTTO.MOD
05f59ed7fa88eab9b7bc30bfb2ef9586	1	53872	player	uade	Protracker	0	48718	fb73355a	4e2d838a	MOD/MOD_M/MONEY.MOD
05f95aa93a8174c9a4cdc67f67284126	1	57730	player	uade	Protracker	0	47522	4e72e9d9	06299c59	MOD/MOD_A/A-HIGHS.MOD
062204bc1633b2846e91a5e8267b2d32	1	506998	player	uade	Protracker	0	137140	945375ae	c5e1ab04	MOD/MOD_M/MIMOSA.MOD
06a3cff765503f077ca71ea331e16e7f	1	9082	player	uade	Protracker compatible	0	13041	445194df	663feee4	MOD/MOD_P/PIANO.MOD
06b530dfe2a479f440bb5376114c7029	1	138730	player	uade	Protracker	0	53690	9e0976c1	1ba8c328	MOD/MOD_R/RJRAM3.MOD
06cc173681d5a68a76e915c75da6ee21	0	207197	player+silence	uade	Soundtracker II - V or compatible	0	74688	28624073	f0ddccb0	MOD/MOD_L/LOCOMO.MOD
06cc173681d5a68a76e915c75da6ee21	0	207197	player+silence	uade	Soundtracker II - V or compatible	0	74688	28624073	f0ddccb0	MOD/MOD_L/LOCOMOTN.MOD
075a3d62f86a7b2a34ffb658ae6a252e	1	284293	player	uade	Noisetracker 1.x	0	97133	d91d4f3f	54d68311	MOD/MOD_B/BARREL1.MOD
076f9f219c7edfb0215edb0850451ae5	1	158845	player	uade	Protracker	0	112410	c5e4545b	5e9db90c	MOD/MOD_R/REBORNIN.MOD
077749b1699e0ad56830e2b43cf6be1f	1	234359	player	uade	Noisetracker 1.x	0	159444	b38eaf85	d9b8eb9e	MOD/MOD_T/TCB.MOD
0796dc9a0d6716ecd8e9c8fb83a235f0	1	149672	player+silence	ft2play	Fasttracker (M.K.)	4	79335	1914dee0	e0399f9b	MOD/MOD_S/SHOCKOUT.MOD
080d58e69a1dbc147206cd5e728b5f46	1	82044	player	uade	Protracker	0	53852	02a53d76	846e0cd1	MOD/MOD_I/INTRO7.MOD
083bbcf1acc5aec60982278368275f63	1	134531	player	uade	Protracker	0	50580	108c2647	842d5b5e	MOD/MOD_B/BALLAD2.MOD
083e79d201b0f26ec84ef47387a5a96b	1	84817	player	uade	Protracker	0	16490	745b0646	ba1fa8ac	MOD/MOD_S/SHORTIE1.MOD
084b703a933c1fded923649eff398657	1	251920	player+silence	uade	Protracker	0	161638	a45f9b05	430adbd0	MOD/MOD_T/TAKETIME.MOD
0852307972bdcaf2c9605c2fb7c3469b	1	230541	player	uade	Protracker	0	165886	c7e2d679	d7ddacbb	MOD/MOD_H/HIGHLAND.MOD
085344682847dca6ba614f0fe840c9e6	1	102520	player	uade	Protracker	0	51090	43e826a3	12ce1403	MOD/MOD_L/LAXITY.MOD
086a9db9e7651d9ec5c76c272396926e	1	19330	player	uade	Protracker compatible	0	40783	4638b43f	9aaf80ed	MOD/MOD_R/ROCK2.MOD
08a67d324c4c284596c921b207e5a453	1	176769	player	uade	Soundtracker II (15 instr.)	0	69124	b900426b	0f74f6cc	MOD/MOD_T/THORAX.MOD
08c05de84356bca1fedcc21b86c1e604	1	340617	player	uade	Protracker compatible	0	187574	db9fff3b	9904d69a	MOD/MOD_A/AUDIOKRA.MOD
08ce111519767c0b11105d595d7d31d6	1	307321	player	uade	Protracker	0	133608	533a961f	68cc67c1	MOD/MOD_K/KEFRENST.MOD
08d5215f9d48f65ed49257df8740d75b	1	139434	player	st3play	Scream Tracker 3.00 (SB)	16	120474	27c990cb	2b3427a0	SNDTOOLS/DOS/ST3/S/SPRING.S3M
08f52fcbeef41ce37e65eaca8ae6af8a	1	143493	player	uade	Protracker	0	101248	c172d4c3	611c64f0	MOD/MOD_P/PLASTIC.MOD
093023a89481e01408e8ffc2c5aca245	1	219349	player	uade	Protracker	0	317592	b2568bf2	1f3dc3f8	MOD/MOD_F/FASTCHA2.MOD
09363810a6dc26ec9648ed7fe99ec77e	1	176588	player	uade	Protracker	0	30952	c1abb742	4657999e	MOD/MOD_F/FAIRYLIG.MOD
095291c6ff49d8ad9e212818cdf4a1b1	1	201083	player	uade	Protracker	0	220062	390cafba	357cea18	MOD/MOD_O/OBVIOUS.MOD
0955c2554d9cb09e5d45f48f275b762b	1	138369	player	uade	Protracker compatible	0	89383	f90fb6c3	bb2bea68	MOD/MOD_H/HOLLOW1.MOD
0972720b5565cd7ed30f6bf71af5e28c	1	531011	player	uade	Protracker	0	106592	1072546a	c8858c94	MOD/MOD_F/FILEDSOF.MOD
097bb46e3d08f446a64ccce1e3fd7b76	1	431825	player+silence	uade	Protracker	0	255412	28a078a3	7ba44ccf	MOD/MOD_F/FLORENCE.MOD
099880b7db37b4ec51f4a48498b87321	1	817495	player	uade	Protracker (vblank)	0	127844	48335abd	ec71e854	MOD/MOD_N/NEBULUS.MOD
09d2d8c93857f4a94a4a59208ab98628	1	130693	player	uade	Protracker compatible	0	40164	40ec7ebe	7ba87112	MOD/MOD_B/BLADERUN.MOD
09d83b2407180c2c44abab767288fa21	1	107645	player	uade	Noisetracker 1.x	0	52664	b3f073c8	39485c99	MOD/MOD_M/MUZAC.MOD
09d83b2407180c2c44abab767288fa21	1	107645	player	uade	Noisetracker 1.x	0	52664	b3f073c8	39485c99	MOD/MOD_M/MUZAK2.MOD
0a37c84c8f2486c867a6c87fb3883377	1	291969	player	uade	Protracker compatible	0	86260	1b420b5c	7b95e8a1	MOD/MOD_C/CASTLE.MOD
0a37c84c8f2486c867a6c87fb3883377	2	80758	player
0a3ac0e7b34a38e13e0ad7121abba28e	1	319600	player+silence	uade	Protracker	0	188216	b697408a	fa60ec38	MOD/MOD_F/FREEGUIT.MOD
0a67beaeb76f62839fbdbed9aeabafaa	1	265206	player+silence	uade	Protracker	0	399278	2f422384	fcadfd0a	MOD/MOD_R/READY4TH.MOD
0a6af5c267027b7483a1c17f2a6a128c	1	84315	player	st3play	Scream Tracker 3.00 (SB)	8	101992	e2e18281	76956d2f	SNDTOOLS/DOS/ST3/S/LAVE2.S3M
0a775f063fa6a54ebb5ef860a803caa9	1	119179	player	uade	Noisetracker 1.x	0	99948	19f883d3	525b721f	MOD/MOD_L/LIFE_1.MOD
0a775f063fa6a54ebb5ef860a803caa9	1	119179	player	uade	Noisetracker 1.x	0	99948	19f883d3	525b721f	MOD/MOD_L/LIFESTY1.MOD
0af02e278861a90f160dbdbdc310b2cf	1	53872	player	uade	Protracker	0	19458	139934a2	9917ccfa	MOD/MOD_M/MASTER.MOD
0b27feef9f2ab32aeb9f31ab9e99488b	1	30654	player	ft2play	Fasttracker (M.K.)	4	48749	c43480c5	8d3167c0	MOD/MOD_R/RYTHM3.MOD
0b5187ca8b4aa0af61bfb375a3873a6b	1	149883	player	uade	Protracker compatible	0	87366	5e8b5900	24ece68a	MOD/MOD_B/BIONIX.MOD
0b63ca7f4fbfde888c7f8738339fdf3c	1	122135	player+silence	uade	Protracker	0	95284	b11947ce	51ae372a	MOD/MOD_N/NATURAL.MOD
0bb4f021ce1c9bcf91b5e369d225f7f5	1	176769	player	uade	Protracker	0	107586	b629defa	db5ac0d5	MOD/MOD_A/ATMOSPHE.MOD
0bbf1609947835b05eca166081260481	1	138369	player	uade	Noisetracker 1.x	0	55476	510b6141	6902971a	MOD/MOD_R/ROCKING1.MOD
0bc29989cd1cbe3a2b499b0a9df88ad6	1	157579	player	uade	Protracker	0	74010	2ae22b11	e97002fc	MOD/MOD_C/CHASE.MOD
0be91ffe83cf7ddf95f22e079266bd78	1	230541	player	uade	Protracker compatible	0	70388	105b38f9	215de516	MOD/MOD_I/INTHEAIR.MOD
0becf353a9dcf0860f6f5f9eaf239d67	1	431684	player+volume	uade	Protracker	0	255412	c87d01e2	75078b3f	MOD/MOD_S/SILENTS.MOD
0bf9e6c5e1b4a452e5fb9846d09d1a48	1	230541	player	uade	Protracker compatible	0	149846	8a2825cd	13add0a1	MOD/MOD_T/THUNDERF.MOD
0c1ddda087bc077a8081ea88a0d25c81	1	23168	player	uade	Protracker	0	7690	683d04b6	d3bb990b	MOD/MOD_H/HOPLA.MOD
0c5463219e5eeeb324747069e548c3a5	1	143935	player	uade	Startrekker (4ch)	0	397452	aed0a121	06a717b6	MOD/MOD_I/ITS.MOD
0c5c150dc5fda8b8361a763643ec2392	1	201806	player	uade	Protracker	0	341824	ecdf9e4d	2c922636	MOD/MOD_S/STEVESPM.MOD
0c845feef7cf543ed91a3aef97dada17	1	285157	player	uade	Protracker	0	133814	3a026f0a	51841611	MOD/MOD_S/STREETJU.MOD
0c9142cb903c09ded06e2c0101396f0e	1	120505	player	uade	Protracker	0	40430	7ec6e6e8	4ca8cdc3	MOD/MOD_N/NECROSCO.MOD
0c9b99e8e53e34dae117512eab84d8e1	0	269464	player	uade	Ultimate-Soundtracker or compatible	0	67364	85fa1eec	7e928577	MOD/MOD_T/THIEF01.MOD
0cbb4899ae7bc61089839923359c5582	1	291969	player	uade	Protracker compatible	0	149076	e4546d75	cd22a1fb	MOD/MOD_P/PESTILEN.MOD
0ce10cda2d3c092d5dbba3296240d4ca	1	122997	player	uade	Protracker	0	127940	dfa40ed5	b883a873	MOD/MOD_B/BOLDEAGL.MOD
0d2d706d8196853bb83401fec2032775	1	138369	player	uade	Noisetracker 1.x	0	263305	90bae647	10c22522	MOD/MOD_M/MANX.MOD
0d3305d2412022b41999e6725e965e08	1	235442	player+silence	uade	Noisetracker 1.x	0	165658	dd1e33ee	6dae36e2	MOD/MOD_M/MACROCOS.MOD
0d48f53e1a9b9f8d941ec73af9427870	1	206207	player	uade	Protracker	0	43958	cdfe051b	8c4d87d4	MOD/MOD_T/THINGCG.MOD
0d48f53e1a9b9f8d941ec73af9427870	1	206207	player	uade	Protracker	0	43958	cdfe051b	8c4d87d4	MOD/MOD_T/THINGZCH.MOD
0daffdf4d5562854cd8a6cdee62097d8	1	153721	player	uade	Noisetracker 1.x	0	54500	17df9e81	b910e7a2	MOD/MOD_S/SUPACT7.MOD
0dd6bc5659f5770ef3e10dd4560dca08	1	227688	player	uade	Protracker compatible	0	223626	c3e58290	bd391b4d	MOD/MOD_P/PLEASURE.MOD
0e43f95ba15924ea44a0a74b788e68e6	1	159809	player	uade	Protracker compatible	0	72322	c5f1bf2a	569c8b92	MOD/MOD_S/SOMEBODY.MOD
0e46af4cf093eb3d51d908bc73c94c5a	1	245893	player	uade	Protracker	0	65940	be848a74	7f4647d6	MOD/MOD_E/EXP.MOD
0e4ff9c0b1c49ab210d2b0de9bbfadea	1	154826	player	uade	Protracker	0	138584	275b632c	0c96cb33	MOD/MOD_M/MINDRIO2.MOD
0e4ff9c0b1c49ab210d2b0de9bbfadea	2	274527	player
0e6ae15d6492a6089adf65d2bfd9f460	0	214719	player	libopenmpt	Ultimate Soundtracker 1.0-1.21	4	51236	3b1ab0ac	1ff28766	MOD/MOD_T/TGM.MOD
0e749f8e9facbba94229cd87bb8323ca	1	405562	player	uade	Protracker	0	116818	2262f93e	db73bc1e	MOD/MOD_F/FABIOUS.MOD
0ec873c6af24c46000c498e2cc3e1486	1	62834	player	uade	Protracker	0	14270	f0c95540	ee29b084	MOD/MOD_B/BEHINDTH.MOD
0f0e42a077d2c8809bbb428bbf28392e	1	140599	player	uade	Protracker	0	74582	816d0069	e4e33acd	MOD/MOD_V/VISIONOP.MOD
0f429b76036964785a6aa72b30cb6986	1	82044	player	uade	Protracker compatible	0	105838	25b6c433	0c011e57	MOD/MOD_C/CALM_MOM.MOD
0f4470c17cd0a6c53b5cd979cde732c5	1	244567	player	uade	Protracker	0	115706	98d46232	d4fdcb63	MOD/MOD_S/SIDEKICK.MOD
0f88c3abc0ba5b757ac4e18f7d8c98d0	1	155255	player+silence	uade	Protracker	0	204158	e1cd05ba	cadfd5ed	MOD/MOD_J/JUSTFORB.MOD
0fae53bed357d40d02bb3f33287f9445	1	237346	player	ft2play	Fasttracker (M.K.)	4	91661	c1f151da	06279811	MOD/MOD_M/MOOD.MOD
0fc6316f33f6e01f62da6918f0152f15	1	230541	player	uade	Protracker	0	75302	74452dea	fdf47308	MOD/MOD_F/FLASH.MOD
0fd142141e2b22a5f5ca93f9ace30be6	1	162366	player+silence	uade	Protracker compatible	0	107285	bde27cc1	00b34371	MOD/MOD_S/SNSTNTHC.MOD
1010ee133c3d0daabd3734242329bdfa	0	161039	player	libopenmpt	Master Soundtracker 1.0	4	99712	1065b6a8	39ac93f6	MOD/MOD_B/BIRDIE.MOD
10239d27865466b86b75cc9146375d3e	1	188283	player	uade	Protracker compatible	0	208298	38b36dc6	c84673f7	MOD/MOD_X/XTASE.MOD
102fb7cacf35e59961ad0f0a602a65af	1	291385	player	ft2play	Fasttracker (M.K.)	4	353723	360c34f8	63448d76	MOD/MOD_S/SUNDOWN.MOD
1046fd68948b896f036a3b56ccb096f9	1	107645	player	uade	Protracker compatible	0	65328	99952764	ac02ca10	MOD/MOD_B/BALLAD.MOD
105e9f263c37da08405948763c343fa5	1	232027	player+silence	uade	Noisetracker 1.x	0	115110	caf58507	07ed0908	MOD/MOD_D/DIE.MOD
1079ae9be3b762aebf28d5508321037f	1	62051	player	uade	Protracker compatible	0	36370	32191482	78dbf002	MOD/MOD_L/LETSNOW.MOD
10977566e6ca55d0d25f953b50ced5ee	1	176287	player	uade	Soundtracker II (31 instr.)	0	150310	f780c44e	3673860f	MOD/MOD_F/FROG60.MOD
10a1ed42dbfcb688468f5dcf6922d4ac	1	202670	player	uade	Protracker compatible	0	154687	436ec2f3	90c518e6	MOD/MOD_U/UNDERSEA.MOD
10a8f1fa388da29801e5c261cef73d28	1	271252	player	uade	Protracker	0	261130	555e8f51	964aef22	MOD/MOD_J/JUSTANIG.MOD
111b3d16c1d64db08b28b6a089209ef6	1	236416	player+silence	ft2play	Fasttracker (M.K.)	4	185315	925c6263	fbc5a522	MOD/MOD_G/GADDA.MOD
111e224b87228971a27355d624063e53	1	310016	player+silence	uade	Soundtracker II (31 instr.)	0	78742	1dd97060	15bbfae4	MOD/MOD_M/MGNTCFL1.MOD
114707ec758aa2a7b4ce4f4117dbe920	1	63477	player	uade	Protracker	0	10826	123e09ee	e6e5f4e7	MOD/MOD_W/WINKOFAN.MOD
116490291f36383fc6d5f4a63a2919bf	1	30824	player	uade	Protracker	0	6400	d5e474a4	ff966ee2	MOD/MOD_S/SOWHAT.MOD
11a79ff1cf538a1e6ac247b236b6c30d	1	76920	player	uade	Protracker compatible	0	77168	da1fbf0d	7e1776c2	MOD/MOD_S/SADHISTO.MOD
11c5ecab94b0459696f6e8c52be554bf	1	150347	player+silence	uade	Protracker	0	133300	d58b2adf	aa46d9df	MOD/MOD_P/PINUSCON.MOD
11e8b6b76366ab69abb1b7f6962c69ec	1	345721	player	uade	Soundtracker II (15 instr.)	0	47574	2ed45d08	12a5abcf	MOD/MOD_S/STUNTMN2.MOD
12f313ffb83382ff3c0ae631cd153b7f	1	460942	player	uade	Protracker	0	282838	3efa2953	7b3a441b	MOD/MOD_T/TECHMARU.MOD
12f87b2dce9b7bc8aad77e8de0bbfc2e	1	322653	player	uade	Soundtracker II (31 instr.)	0	56268	180a0879	de6e899b	MOD/MOD_B/BEAMLITE.MOD
1311f651fa0f4df4152369706cb8a046	1	235411	player+volume	uade	Noisetracker 1.x	0	222058	4a76122e	83e9e6c7	MOD/MOD_A/AZIEDREV.MOD
1311f651fa0f4df4152369706cb8a046	1	235411	player+volume	uade	Noisetracker 1.x	0	222058	4a76122e	83e9e6c7	MOD/MOD_R/RVLUTION.MOD
132194d8d90de149883cd0065c27c4d8	1	92272	player	uade	Protracker	0	100990	4532d934	f6f979ae	MOD/MOD_M/MUSICDR4.MOD
1346d694acc08dbdcd35fba0d4e7aa3c	1	315017	player	uade	Protracker	0	69022	43ce6675	cbd54b6e	MOD/MOD_G/GODZILLA.MOD
136e7f4f775a5d40fc9a3273cf6e80fe	1	201726	player	uade	Protracker compatible	0	200556	7300d6e5	8a90d04c	MOD/MOD_C/COLD.MOD
137ab8bd26f0d548c73f8d8f0d2ef9df	1	428188	player	uade	Protracker	0	212072	fd550a24	8efb390a	MOD/MOD_D/DEDICT.MOD
13a839a40f7a00512a5bd1b4e82edb7d	1	176875	player+silence	uade	Protracker compatible	0	147818	995de645	03b7a0e3	MOD/MOD_R/RAGGTIME.MOD
13c4a3e200fb9fd5c350bb319a60b94a	1	180044	player	uade	Protracker	0	77752	9c3334ca	cb4605ab	MOD/MOD_S/SPRING.MOD
13c6d68476849f52848bbafb279e077e	1	54938	player	ft2play	Fasttracker (M.K.)	4	47473	2c6bb1e1	13d1ee82	MOD/MOD_S/SCALE.MOD
14cd9eea5b27530f7461cea24cb3d5b6	1	632668	player	uade	Noisetracker 1.x	0	220586	11428233	84b828be	MOD/MOD_A/AXELMIX.MOD
14d6f54bc4060e503df3527c8b80ff43	1	253569	player	uade	Noisetracker 1.x	0	29132	c5149d50	94977c0d	MOD/MOD_B/BLOODMON.MOD
14e6f149c9e1386cd4a890377c119bd0	1	146045	player	uade	Protracker compatible	0	53138	a459864d	755d57ad	MOD/MOD_C/CHOICE.MOD
1505e92af634fe0275263128afc8bf69	1	428128	player	uade	Protracker compatible	0	175962	02afe75b	f24860d7	MOD/MOD_A/ARMADA.MOD
1505e92af634fe0275263128afc8bf69	2	381570	player
1505e92af634fe0275263128afc8bf69	3	381570	player
1570824dd53b75409753b1da6b385bc3	1	159753	player+silence	uade	Protracker compatible	0	62020	ed2ddb7d	bd6189f2	MOD/MOD_M/MIX7.MOD
15b11fd78516da87edd5fb4d03dadb47	1	180607	player	uade	Protracker compatible	0	86500	f64dc791	271b9908	MOD/MOD_K/KILROY3.MOD
15cc0d540b25eb15b79c20a23c258c6c	1	246536	player	uade	Protracker	0	149170	db3a3f85	fcc24f79	MOD/MOD_T/THATSALL.MOD
15fffcdac5b8c34017e1638ad38c368b	1	340617	player	uade	Protracker compatible	0	187570	c23657fe	a88e2bdb	MOD/MOD_A/AUDIO.MOD
1600947b0edc497bb8790df9785a58ee	1	176769	player	uade	Protracker	0	131276	08befd84	e5ebed61	MOD/MOD_N/NOT_JUST.MOD
162e876b334c6ede0b48f53805239a7e	1	130693	player	uade	Protracker compatible	0	129470	ea81f982	679d33cb	MOD/MOD_F/FREQFEED.MOD
163e54ff03959d5271881fe043b878c2	1	196923	player	uade	Protracker compatible	0	145020	2cb8c26e	ed37eef2	MOD/MOD_I/INGENANI.MOD
1641db098d6600fb11efebefa752fba3	1	146527	player	uade	Protracker compatible	0	263384	29fa68e0	87615d5b	MOD/MOD_F/FUNKYJAM.MOD
16b61edd1497d9a45bc2a061370656fe	1	267133	player	uade	Noisetracker 1.x	0	403562	f870672f	0d34f23e	MOD/MOD_D/DDPARTY.MOD
16bc8e17ab130ef6038c563e7984df41	1	142809	player	uade	Protracker compatible	0	119477	72a4b66f	b02d76ef	MOD/MOD_N/NONAMNDD.MOD
16da4721a73868a6fa397d2b79cb8822	1	161305	player+silence	uade	Protracker compatible	0	89422	c66d81c3	6655fc46	MOD/MOD_S/STRCHLTN.MOD
177650e7abf953f28454b9295813d061	1	180089	player+volume	uade	Protracker compatible	0	123204	03d25a7a	48378fe0	MOD/MOD_H/HELL_RUN.MOD
177650e7abf953f28454b9295813d061	1	180089	player+volume	uade	Protracker compatible	0	123204	03d25a7a	48378fe0	MOD/MOD_H/HLRUNNER.MOD
17d12cca3cfa02755ed9743359d0906a	1	555735	player+volume	uade	Protracker	0	274794	cb4bf42c	3c31f57f	MOD/MOD_T/TESTINK.MOD
17d6c5b892253b1253685c7508d443ee	1	76665	player	ft2play	Fasttracker (M.K.)	4	89204	401d2e26	6ee89780	MOD/MOD_B/BUGZDEAL.MOD
17dc2d33add99a6210836b18654548af	1	339974	player	uade	Protracker	0	157516	66755bf8	8e86f99b	MOD/MOD_S/SCNLYRCS.MOD
17dd120ef98678ef69051aac2020a1d9	1	203635	player	uade	Soundtracker II (31 instr.)	0	79750	1858171e	4acbf2c2	MOD/MOD_A/APC.MOD
17dd120ef98678ef69051aac2020a1d9	1	203635	player	uade	Soundtracker II (31 instr.)	0	79750	1858171e	4acbf2c2	MOD/MOD_A/APROACH.MOD
17e631dddc000b893d712f748ed920d2	1	380284	player	uade	Protracker	0	149572	32f05904	51ea401b	MOD/MOD_C/CLSSFDCR.MOD
17eda6027dfa58a3c86433ab2787bf5f	1	146045	player	uade	Noisetracker 1.x	0	95268	0091128e	4ec8db2a	MOD/MOD_Q/QUANTUM6.MOD
18404a6a40e98ab59501c20730649b5f	1	215149	player	uade	Protracker compatible	0	159002	b5f8bdb2	eac9847c	MOD/MOD_G/GHOUSE.MOD
185f6c75761d7438086ce81e1e4d092d	1	11493	player	uade	Protracker compatible	0	22561	f87f03cf	25ff0c4a	MOD/MOD_S/SUMMER.MOD
18667f70e78d6a83bb30e6bb7fd2a34e	1	220788	player+silence	uade	Protracker	0	179688	ce362518	2ea05213	MOD/MOD_S/SERENETY.MOD
186df4c84ffd91b2efbddd62912cf543	1	120756	player+silence	uade	Noisetracker 1.x	0	109896	f6e42d7d	73e154d9	MOD/MOD_U/UNKNOWN.MOD
18770d6007ff70d8d93c8d99bc89620e	1	173765	player+silence	uade	Protracker	0	34688	31df767a	8c5b95d1	MOD/MOD_E/EMPTYSPA.MOD
18a0de90232582d31e4442f7ed1eaae8	1	53872	player	uade	Protracker	0	39750	9d3baa61	65549d0f	MOD/MOD_B/BRUTAL.MOD
18a0de90232582d31e4442f7ed1eaae8	1	53872	player	uade	Protracker	0	39750	9d3baa61	65549d0f	MOD/MOD_B/BRUTALDE.MOD
18a0de90232582d31e4442f7ed1eaae8	2	2672	player
18a5bf94776574edc76d2d9d91a3c8a8	0	47522	player	uade	Ultimate-Soundtracker or compatible	0	57596	9e5ae574	f307e6ad	MOD/MOD_S/SLL5.MOD
18b54f135f443cdd069c98883e5678b1	1	134681	player+silence	uade	Protracker	0	79754	0033fdb5	15b443f8	MOD/MOD_I/INSPIRAT.MOD
18b8bdfbd04f465a0f9ac8ff8f20a4c7	1	305381	player+silence	uade	Protracker compatible	0	96488	5ad81243	5d59fb78	MOD/MOD_G/G3.MOD
18bc668f5d8d77f324197cc0eb3097ce	1	349559	player	uade	Noisetracker 1.x	0	140890	1e5a7595	53465916	MOD/MOD_K/KINDFRTH.MOD
18bee3d22c4060a8331a6465417bf5eb	1	206744	player+volume	uade	Protracker	0	169800	35c5880f	2b237fe9	MOD/MOD_D/DISCODA3.MOD
18f5e45039c18b35f24731bf805a656c	0	53490	player	uade	Ultimate-Soundtracker or compatible	0	75288	1b7e2817	f5df5bab	MOD/MOD_F/FOOTBALL.MOD
192b8918bc0812e7b83d0cf746fec82f	1	142642	player+silence	uade	Protracker	0	61144	95e532d5	a6658707	MOD/MOD_T/TECHNOST.MOD
19403064f9f5394543ea7cf9f29a5eeb	1	99968	player	uade	Protracker	0	103516	de419719	d8a7e68b	MOD/MOD_L/LEGRIND.MOD
19581b5137d46c4a518c4ed06bab8f21	1	631993	player+silence	uade	Noisetracker 1.x	0	116076	42aa6bea	fcaf5902	MOD/MOD_A/AXEL_F.MOD
1974b864238b33493f7a78430f6dc302	1	166239	player	uade	Protracker	0	168400	1a1eccf5	39e72c7e	MOD/MOD_T/TOWER.MOD
199477952d8dfd44dbe23544276770cf	1	235482	player+volume	uade	Protracker	0	125268	ad5a2d56	72c80881	MOD/MOD_E/EXTAZY.MOD
19a16dfd496cb23423551881b1417da3	1	219128	player	uade	Protracker compatible	0	95280	34180620	32521345	MOD/MOD_A/ANDSO_ON.MOD
19f1f3e385f3ed76c1c3214b9ef3b8ec	1	252778	player+silence	uade	Protracker compatible	0	170610	966f1c7c	762238ca	MOD/MOD_G/GALAXYII.MOD
1a0f960af70f9abdad5c6a7069ca468f	1	62606	player	ft2play	Fasttracker (M.K.)	4	90115	d8b74639	f4413caa	MOD/MOD_R/RYTHM2.MOD
1a2328dc1d59ac53b91a328a3c606852	1	99968	player	uade	Noisetracker 1.x	0	50202	f8ffa84a	1de554f7	MOD/MOD_F/FANTASI1.MOD
1a8d6e13b5bd6902bb9c1f3be40f8d24	1	230541	player	uade	Noisetracker 1.x	0	58772	bb849016	5bfb6349	MOD/MOD_A/AXK8.MOD
1a9942f32cfc1d9f79807cc089f7f875	1	146045	player	uade	Protracker compatible	0	39498	6fe0533c	d7ebfa5f	MOD/MOD_B/B.MOD
1a9942f32cfc1d9f79807cc089f7f875	1	146045	player	uade	Protracker compatible	0	39498	6fe0533c	d7ebfa5f	MOD/MOD_P/PARADOX1.MOD
1acc2a8605891887013d25c397f268e8	1	24942	player	ft2play	Fasttracker (M.K.)	4	48781	d84e8a5b	0a6958a5	MOD/MOD_A/AMERICA.MOD
1ad6cebcd89cdd87aa7c84f65f2a2597	1	296129	player	uade	Protracker compatible	0	96956	9ae49a90	79c7f66a	MOD/MOD_S/SLAPPYAN.MOD
1af605b9ddd463d7f88297046d217d3d	1	309570	player+silence	ft2play	Fasttracker (M.K.)	4	100961	572ccfc4	48847589	MOD/MOD_T/TEKFEVER.MOD
1b19738429580b153332c2fa72ad2d19	1	92272	player	uade	Protracker	0	100990	64ff7a47	f3a9787b	MOD/MOD_S/STRIKESE.MOD
1b1989fb1d92a2d9ca0de158a11789ea	1	321572	player+silence	uade	Protracker	0	94362	f2df7f79	e592f2c8	MOD/MOD_N/NIGHTCLU.MOD
1b5ca19bd5ac72e206921a3da6880fba	1	122997	player	uade	Noisetracker 1.x	0	71282	ea746c1b	840a383f	MOD/MOD_P/POPCORN3.MOD
1b9c20ff60f49980831e5792fdf4f29d	1	56424	player	uade	Protracker	0	11816	172bab41	83dddf4f	MOD/MOD_T/TRANSFU2.MOD
1bdd5b087287f3a5135bd6d2dd0cb4f4	1	262407	player+silence	uade	Protracker	0	212006	db7a1ef7	c1241f51	MOD/MOD_M/MAYDAYRE.MOD
1be7c2fa4576ac866a81472f710a2b55	1	169001	player+silence	uade	Protracker compatible	0	64214	862f264a	cc19fe8d	MOD/MOD_C/CBLUES.MOD
1be9fb0413798209b50643558109e6f5	1	163969	player	uade	Protracker	0	48710	64d4da5b	1a383d08	MOD/MOD_L/LAIDBAC3.MOD
1bfc2eba2c562741b8b0973de0bb83d5	1	199258	player+silence	uade	Noisetracker 1.x	0	162014	5a496eb3	557bce74	MOD/MOD_B/BLACKMOR.MOD
1c4cbdcb1a848e61820001234396bb3f	1	921606	player+silence	uade	Protracker	0	148490	3f32857f	6aee8198	MOD/MOD_N/NEODRINK.MOD
1c6918e3f65030f1ed11d5afd1e379d1	1	130693	player	uade	Noisetracker 1.x	0	144032	979b233d	05f691d8	MOD/MOD_M/MODURALV.MOD
1caeeab46d68b107de27779db9441130	1	35968	player	uade	Protracker compatible	0	21898	2cce95d7	d78640a7	MOD/MOD_M/MOREOVER.MOD
1cb9e2ac89ce1afaebe110f568d5fbb2	1	103786	player	uade	Protracker compatible	0	97780	2e955ef4	82723ad9	MOD/MOD_O/ONTHEROA.MOD
1cc1b72c1fc2110aa4421d65f8a34c20	1	302414	player+volume	uade	Protracker	0	340062	c8e06e06	39ce8859	MOD/MOD_G/GODOFHEL.MOD
1cc6d128d1dae0c82a31419d262fc3e0	1	237381	player+silence	uade	Noisetracker 1.x	0	105716	961bc02f	d84a28e8	MOD/MOD_C/COMMAND.MOD
1cda6e9f2539e3fe16a2def1d2e719ec	1	249410	player	uade	Protracker compatible	0	102288	6f931a31	c576257a	MOD/MOD_I/IMPONERT.MOD
1cda6e9f2539e3fe16a2def1d2e719ec	1	249410	player	uade	Protracker compatible	0	102288	6f931a31	c576257a	MOD/MOD_I/IMPONRT3.MOD
1cf3dd61b064902d344f61829daa27c3	1	53872	player	uade	Protracker compatible	0	167640	d7be7dc9	76b5b776	MOD/MOD_F/FUNKYZON.MOD
1d525821feda32f55e6700051080b5f6	1	96753	player	uade	Protracker	0	58634	6b2b10de	6c00ae67	MOD/MOD_K/KIKKAWAL.MOD
1d570f06fa8d925001d4b09cd646108c	1	276597	player	uade	Protracker compatible	0	110696	e710e766	fe393344	MOD/MOD_A/ARVIDS.MOD
1da7569dc5828970b9039539b7fff4ae	1	134812	player	uade	Protracker	0	65468	ff4ce530	010a6b07	MOD/MOD_M/MADEBY.MOD
1e0bfdc63f13575076ba9682838bcba0	1	218042	player	uade	Noisetracker 1.x	0	219664	e6697d42	340b86d2	MOD/MOD_H/HOMYDONT.MOD
1e29b98d1d664db59e7873e149322f61	1	293136	player+volume	uade	Protracker	0	128078	2f55add3	fb3315b6	MOD/MOD_A/APPEAREN.MOD
1e2e49ae176756d97d7a66cd104a4530	1	138369	player	uade	Protracker compatible	0	40892	e94df7df	a20ad79d	MOD/MOD_B/BLIRG.MOD
1ec3cd654ad589a1364446ff447c708f	1	322894	player	uade	Protracker	0	119404	05c89b21	a618684d	MOD/MOD_W/WELLMAKE.MOD
1ee5789db5752469bbd65a25416e0db9	1	42358	player	uade	Protracker	0	12484	1a363fa6	5a8bc939	MOD/MOD_W/WALKIE.MOD
1efc270ee4043db6d59f40bc245b7dd9	1	172931	player	uade	Protracker compatible	0	143674	14db3eaa	35e3459c	MOD/MOD_B/BACKPOPD.MOD
1f05f080a73b33d52c326642b858132c	1	76920	player	uade	Protracker	0	15244	251e313b	b3b586b1	MOD/MOD_G/GUF.MOD
1f293761615de9e1cd1eb606d2adefc7	1	254132	player	uade	Noisetracker 1.x	0	93602	91c60d60	429abdc3	MOD/MOD_T/TKG_I.MOD
1f2a881ccd2c946383e0e3a3751d8169	1	239302	player	uade	Protracker	0	86412	64bb89a1	70b2645a	MOD/MOD_B/BLOOD.MOD
1f2fcaf5ca5f7894b1faee0faaf0945e	1	145884	player	uade	Protracker	0	119994	ad7d71b7	935009ec	MOD/MOD_D/DESASTER.MOD
1f34c24916fa44a86b489d69101d55a4	1	177906	player+silence	uade	Protracker	0	173126	381e9bb2	db246e23	MOD/MOD_B/BROKENJO.MOD
1f4cd374c7a2a40e97e6fd98bd1f0b1a	1	240866	player+volume	uade	Protracker	0	234024	89299618	9dd57594	MOD/MOD_G/GETTHFNK.MOD
1f8a7efefc1fdf6c35364549ed4c1271	1	198056	player+silence	uade	Protracker	0	316656	8c4ccb9b	47fa1c1e	MOD/MOD_R/REALMOTI.MOD
1fc4ed9132221083d54b9f0d69e075fa	1	61568	player	uade	Noisetracker 1.x	0	27304	82ac1b43	d2b0121a	MOD/MOD_B/BACHMIX.MOD
200660ae9b14c4919e641bace28124c8	1	38520	player	uade	Protracker	0	19132	dcca92b1	1b4106b4	MOD/MOD_L/LOVEHARD.MOD
201e533c96e02134f986beca6c91777c	1	143803	player+silence	uade	Protracker	0	76054	a62a8001	abc1b6e1	MOD/MOD_V/VERTIGO.MOD
201e533c96e02134f986beca6c91777c	1	143803	player+silence	uade	Protracker	0	76054	a62a8001	abc1b6e1	MOD/MOD_V/VERTIGO1.MOD
202a35af09983b811d088d34ca0e57b2	1	161397	player	uade	Protracker	0	118202	ab6b5472	b38167df	MOD/MOD_S/SC2T6.MOD
203145147bcbefa1a047bc741a9b44fc	1	291969	player	uade	Protracker	0	85236	7efb4b71	ddd67fd2	MOD/MOD_C/CASTLEM.MOD
203145147bcbefa1a047bc741a9b44fc	2	77885	player
2078fcac7cabe651dfd115f6faf10832	1	61568	player	uade	Protracker	0	9456	87bfe30a	d0b468c7	MOD/MOD_M/MATKAMIE.MOD
20bbc8e035928a4896f29588daf11fe1	1	107645	player	uade	Soundtracker II (31 instr.)	0	45728	e2aa91ea	e1ecdd8d	MOD/MOD_T/THESONG.MOD
20de767057c8cbc9c609402ff021568d	1	274929	player	uade	Protracker compatible	0	110580	2f863303	e8bf9cfb	MOD/MOD_B/BEASTII.MOD
20f8a3d3492e9ce1693b53d799d5eebf	1	238197	player	uade	Protracker	0	161931	c279a8c3	43ef511f	MOD/MOD_P/PMPUPJAM.MOD
20fd793e72c3145cbfc7fa67d342bbd9	1	109131	player	st3play	Scream Tracker 3.00 (SB)	8	133443	2f1016ef	1de654bc	SNDTOOLS/DOS/ST3/S/SYMPHONY.S3M
20fe4c65bbcf3ff555a3d3b38b82f3a0	1	53872	player	uade	Protracker	0	32376	cc91907e	ac82ea1a	MOD/MOD_V/VECTORWO.MOD
215d97547a54df7465b046689692458d	1	343219	player+silence	uade	Protracker	0	203230	ed13ccc6	53e9a887	MOD/MOD_N/NOISESNE.MOD
21608d2c7185e28e631def989dc2c8f1	1	233841	player+silence	uade	Protracker	0	152652	b7618d39	32cd456b	MOD/MOD_S/STARDUST.MOD
217e5a2da49db504f2672aff4b12f0a5	1	174217	player	uade	Protracker compatible	0	64512	f9019f22	5b2eed5f	MOD/MOD_S/SUBSPC.MOD
21cdd4e8562ff9424d3d69d123d4c4dd	1	193226	player+silence	uade	Protracker	0	180774	caf1eff4	eb7dbfe3	MOD/MOD_A/AGONIZED.MOD
21e5a40d825388a7275e8bf57861ace2	1	170941	player	uade	Protracker	0	368654	93eea38f	1c7f6074	MOD/MOD_B/BELIVEIN.MOD
21e82d7bd1c5774171e106a13b64a3f4	1	208056	player	uade	Protracker	0	68882	8b8b2236	3c029beb	MOD/MOD_M/MANDLFRC.MOD
21e95e7a796d8c9c918c72c6e754d796	1	146045	player	uade	Protracker	0	147402	5d528a9c	9024e71d	MOD/MOD_K/KAOS.MOD
220237509cade92bdefa2fb39618cfc6	1	179043	player+silence	uade	Protracker compatible	0	137148	9b89fede	12f67d20	MOD/MOD_X/XENOPHOB.MOD
222cdd65f498afe5e7aed42555a7b9c3	1	174840	player	uade	Protracker	0	212584	79fcdc70	3fa89f8a	MOD/MOD_C/COOKING.MOD
223940a117c480796675c1d3a6278cf3	1	179160	player	uade	Protracker	0	234574	a1404e40	b12f8223	MOD/MOD_B/BAGRASTA.MOD
2241734ef0cedc9864df7238a42a7262	1	215178	player+silence	uade	Protracker	0	124732	dcec3568	c5f95ae2	MOD/MOD_P/PATSYS.MOD
2280caffbe36d467270b3b6aec1cb742	1	146045	player	uade	Protracker compatible	0	31084	bbe7e231	b07dd9eb	MOD/MOD_T/TKG_C.MOD
22847d68de0bee2ffcdac7e07d6dfd33	1	203976	player	uade	Protracker compatible	0	276506	33e83fb9	a57a2672	MOD/MOD_R/RANMAHIT.MOD
2290a97c6ebffa3b0038a08533f76b21	1	40879	player	ft2play	Fasttracker (M.K.)	4	38625	86ff16ec	12e9ae43	MOD/MOD_P/POMP3.MOD
22f88a7b75b95a753c556f496f85cb3a	1	23168	player	uade	Protracker compatible	0	63613	e29c6b69	7740658d	MOD/MOD_S/STEREO.MOD
2344a105de578683892652d9fcc014b3	1	221097	player	uade	Protracker	0	111518	949eca37	bbd5bc1c	MOD/MOD_J/JUSTFOR.MOD
234a65a78e90bd02eb8689e506fefb37	1	241010	player	uade	Protracker	0	177396	4c241b21	613db172	MOD/MOD_T/TECHNOL3.MOD
236758b0f0963c0e7614aae9552d50bc	1	193085	player	uade	Protracker	0	88758	fa86c852	198bd184	MOD/MOD_B/BEYONDIM.MOD
23764ee90d0476135158a5c518f7e67f	1	242055	player	uade	Protracker compatible	0	130382	7ab534f4	45ea99ca	MOD/MOD_C/CREAM_OF.MOD
23764ee90d0476135158a5c518f7e67f	1	242055	player	uade	Protracker compatible	0	130382	7ab534f4	45ea99ca	MOD/MOD_C/CRMEARTH.MOD
239adb4923f5885111cb98c62cea7a4e	1	69224	player	uade	Protracker compatible	0	75688	f1083a6b	6cfa640b	MOD/MOD_T/TRAVELLI.MOD
239f1b56d5dfac7062f1b8c2801a0242	1	111728	player+silence	uade	Protracker	0	108588	286a7544	c9de3e14	MOD/MOD_J/JAMMING.MOD
23be8e7d9f1845cc311b4c26fdeb242c	1	154585	player+silence	uade	Protracker	0	180590	eba61f52	e1a69059	MOD/MOD_J/JORDANJA.MOD
241a6308d19f9ed544046f5afb3da425	1	255498	player	uade	Protracker compatible	0	105104	f670e40b	ff1d5d03	MOD/MOD_J/JAMBOREE.MOD
242b73118a8a91b743e6da533072d537	1	143199	player+silence	uade	Protracker compatible	0	80240	6111c8fb	a36344c9	MOD/MOD_R/RAA.MOD
24661ed31c4583539e02e664168bb765	1	266108	player	uade	Protracker	0	100576	7093f212	8b28fc5a	MOD/MOD_D/DIGILIFE.MOD
24b0293c173ec248162db085083e979c	1	94222	player	uade	Protracker	0	72146	1824df39	e2297f0c	MOD/MOD_D/DT-DM.MOD
24b0ca38e6c34a641e15098cd817d8bc	1	343451	player	uade	Protracker	0	115626	ba49cd15	555e4136	MOD/MOD_H/HEAVYLIG.MOD
24ce205c451b31fbfd407f41ce36dc91	1	76665	player	ft2play	Fasttracker (M.K.)	4	93757	9794199e	c26961dc	MOD/MOD_D/DAYDSUN.MOD
24f824b7a87214529f3e931ee203c865	1	224674	player	uade	Protracker	0	215182	e13f52b6	6a8f3bd8	MOD/MOD_V/VARANEN.MOD
2520b9280826c7dbb151687c1818726f	1	192141	player	uade	Soundtracker II (15 instr.)	0	60740	99cc6262	d1955d78	MOD/MOD_B/BLACKSH.MOD
254a355e01bcc18ed07b2ddf5125deb4	1	365519	player+silence	uade	Protracker	0	116952	e22d5b15	611c4707	MOD/MOD_S/SPACERHU.MOD
254a355e01bcc18ed07b2ddf5125deb4	1	365519	player+silence	uade	Protracker	0	116952	e22d5b15	611c4707	MOD/MOD_S/SPACERUM.MOD
2554426fa96a2ef827036d105ec58d37	1	90896	player+silence	uade	Protracker	0	256634	2d359edc	6078c2c1	MOD/MOD_D/DREAM.MOD
25834ffeddd979fbfdedbf0c74a1f05d	1	216455	player	uade	Protracker	0	166912	406fa091	b7164e91	MOD/MOD_S/SINZIN.MOD
25892e583e1c90697989b7b3e7816409	1	107645	player	uade	Protracker	0	85902	e6594ff5	f68c0114	MOD/MOD_B/BEINGTHE.MOD
2594dcdd6144633bd3df4f992b423048	1	119179	player	uade	Protracker	0	42720	42533b2d	3df7af7a	MOD/MOD_L/LAIDBAC4.MOD
25abfad2a2639765aff9ff0a483357be	1	199797	player	uade	Protracker	0	143006	89181ee0	9626c6b4	MOD/MOD_G/GUMMISNO.MOD
25ac4b61d3741b30bfa3430040f003d2	1	448166	player+silence	uade	Protracker	0	198742	ed916e62	69da2018	MOD/MOD_V/VARIATIO.MOD
26533b1207802615f155d0debae17c09	1	115944	player+silence	uade	Protracker	0	158438	bb76310a	d498f49b	MOD/MOD_D/DOEATI.MOD
266bb5dced656f525021d94c0111b49d	1	163969	player	uade	Protracker compatible	0	27598	ffe8125d	e5e5a453	MOD/MOD_C/CHIPTUNE.MOD
266ca6b3ab532112c7d7af9b0c83a95e	1	207553	player	uade	Protracker compatible	0	140318	d4c73957	188b1b87	MOD/MOD_D/D_DREAD2.MOD
2677e9614ee68910a3dd3370efa0f2b7	1	215149	player	uade	Soundtracker II (31 instr.)	0	99400	a8337dff	4ca4e260	MOD/MOD_R/ROBOTRON.MOD
268ec33336617d9beda4d6d21d648dba	1	201979	player+silence	uade	Noisetracker 1.x	0	345214	f7f1bdc4	30b65f55	MOD/MOD_P/PUMPVOLM.MOD
26a6d51e9c8d8d4118bbd0493509b1a5	1	315017	player	uade	Soundtracker II (31 instr.)	0	78216	d0f5f07a	dd50ba29	MOD/MOD_D/DESERT.MOD
26b3d0a25fca5f1b6eed14ac0bf5a7bd	1	61568	player	uade	Protracker compatible	0	45430	eb2ea87d	a5419e56	MOD/MOD_B/BALL_1.MOD
26b3d0a25fca5f1b6eed14ac0bf5a7bd	1	61568	player	uade	Protracker compatible	0	45430	eb2ea87d	a5419e56	MOD/MOD_B/BALL2.MOD
270bec64fe2ea74b5f5ca0a74a01d041	1	345058	player	st3play	Scream Tracker 3.00 (SB)	16	151034	35e526e7	76ab0824	SNDTOOLS/DOS/ST3/S/FISHTRO.S3M
270bec64fe2ea74b5f5ca0a74a01d041	2	168691	player
2717f3cb8986be43f47594ce15b3d6e0	1	232651	player+silence	uade	Protracker	0	120594	687081e5	2c22742e	MOD/MOD_O/ORANGEJU.MOD
27188685e9ca6b65933aa76871ca70bd	1	257005	player	uade	Protracker	0	275420	6d1a8580	7c06a05d	MOD/MOD_A/ACCESHIG.MOD
2734af5e6794f317e280d3da69662aa7	1	112929	player	uade	Protracker	0	141480	d8a085bf	b938dd41	MOD/MOD_H/HARMONY.MOD
2739d555c585b7a841b6ec59acd45779	1	158845	player	uade	Protracker	0	116172	171a4afc	6fe525dc	MOD/MOD_N/NWWRLDMN.MOD
27421e7488e90dedeebcab5a714856a4	1	868668	player+silence	uade	Protracker	0	158120	b47f1f58	32aa5598	MOD/MOD_S/SOOTHSAY.MOD
27ad3de1e53d80c47ba4dc6867eb0f75	1	76920	player	uade	Protracker	0	23302	8e3e8066	66c8500e	MOD/MOD_F/FACTORY.MOD
27c8c4d098eefd66bda516b9b023349a	1	238197	player	uade	Protracker compatible	0	56644	8d270114	e2c69c59	MOD/MOD_B/BLUEMOND.MOD
284ce6c29ed059764d5044b2b46605f2	1	153403	player+silence	uade	Protracker compatible	0	90822	6d5b49cf	a868627d	MOD/MOD_K/KILROY6.MOD
2860e9b8b3d1b175ec59d1e56ba6c045	1	210205	player+silence	uade	Noisetracker 1.x	0	93588	86aef072	71de0ba2	MOD/MOD_A/ARCANE.MOD
28687bb6c4852aa2c7787dd8b0466332	1	132300	player	uade	Protracker	0	54222	834ac0c1	93e3a676	MOD/MOD_L/LEAVING.MOD
287888ee62b7eec6239067a0867efcaa	1	76920	player	uade	Protracker	0	91882	3644a2d9	866bd9d3	MOD/MOD_W/WHERENOW.MOD
28a8c221ddc172ee968fdbe1875ab8b7	1	140278	player	uade	Soundtracker II (15 instr.)	0	47598	a56f6f05	a50f79af	MOD/MOD_D/DONT_GO.MOD
29090d6391be106a56b9c5d7134f6356	1	129889	player	uade	Protracker	0	153048	77427ae7	2eee0e95	MOD/MOD_N/NEWBIEMU.MOD
292df4696fc09e005300bf283595ad30	1	160601	player+volume	uade	Protracker compatible	0	191323	8eb7df39	1be74a18	MOD/MOD_A/ARNDTHBN.MOD
293c7977ec417698ea2af3dea213a6d7	1	95198	player	ft2play	Fasttracker (M.K.)	4	137335	8717fee7	2c586a8b	MOD/MOD_C/CRANK.MOD
2943f556a50dc84481b0f5c7f0ced36a	1	415127	player	uade	Protracker	0	186688	be5a41a9	73e4061a	MOD/MOD_L/LONELYNE.MOD
2975a79fe19942963abf84d7f70ad6fd	1	38520	player	uade	Protracker compatible	0	23246	c56457fe	9a323ad1	MOD/MOD_B/BUDBRAIN.MOD
2987b60848de1939953322cce74f0093	1	273356	player+silence	uade	Protracker compatible	0	88360	4c3be581	28f53667	MOD/MOD_G/GNOSSDLI.MOD
29e0b73eb45170e2f59f177d764972ea	1	88475	player	uade	Protracker compatible	0	97424	9e186b3b	524075e9	MOD/MOD_L/LETS.MOD
29e0b73eb45170e2f59f177d764972ea	1	88475	player	uade	Protracker compatible	0	97424	9e186b3b	524075e9	MOD/MOD_L/LETSWING.MOD
29f0c317b31b573138241b62a1497357	1	320202	player	st3play	Scream Tracker 3.00 (GUS)	8	176360	edc06bca	0efe1b07	SNDTOOLS/DOS/ST3/S/TURBULEN.S3M
29fb51da0a6c08d83aa521329fcfd5cc	1	233093	player	uade	Protracker	0	76694	1108b25d	4a53cc61	MOD/MOD_G/GOODBYE.MOD
29fc0e2d71c2dca276ba6c2a71eb2260	1	173112	player	uade	Protracker	0	110442	3ce22d30	c716227f	MOD/MOD_T/THENUKHA.MOD
2a2178634ac1c609d35b4e820c139a00	1	130693	player	uade	Noisetracker 1.x	0	90637	68ac90d0	8220d396	MOD/MOD_W/WASTLAND.MOD
2a2bdcf89a70ffa1dcf490e783513193	1	142044	player+silence	uade	Protracker compatible	0	106368	fcc726c6	1360ba48	MOD/MOD_A/AIRWOLFT.MOD
2a2f9f91d12e0001a398760817d0c6f9	1	62814	player	uade	Protracker	0	32950	b0f8c4b4	9a83b959	MOD/MOD_T/TIGER.MOD
2a4bbdf0d7f00584f4ae940fd7ec3c7a	1	400699	player	uade	Protracker compatible	0	93106	7c65c725	de9d366d	MOD/MOD_C/C.MOD
2a4bbdf0d7f00584f4ae940fd7ec3c7a	1	400699	player	uade	Protracker compatible	0	93106	7c65c725	de9d366d	MOD/MOD_P/PUSH.MOD
2a5c71aaace133c12f61b2174564e34d	1	206669	player	uade	Protracker compatible	0	114564	557be0ea	08318a80	MOD/MOD_F/FEEL.MOD
2a6fe4f213c5fe75fd2f47b146619fa2	1	192141	player	uade	Protracker	0	140156	720acd6c	945237a8	MOD/MOD_L/LIFTMEUP.MOD
2a73bd3861ce0a0b11a11dabe9f08701	1	296048	player	uade	Protracker	0	134284	c140b931	cf5b8cc0	MOD/MOD_M/MODPHANT.MOD
2a73bd3861ce0a0b11a11dabe9f08701	1	296048	player	uade	Protracker	0	134284	c140b931	cf5b8cc0	MOD/MOD_P/PHANTASM.MOD
2b052db88139ba874a9c1351d04db34a	1	157579	player	uade	Protracker	0	165692	f6ee3951	a9b05011	MOD/MOD_H/HAPPYBEE.MOD
2b0ff9cb492330d8f5984d39ffc4e036	0	243559	player+silence	uade	Ultimate-Soundtracker or compatible	0	108560	d5835130	16ae8684	MOD/MOD_B/BLUE.MOD
2b17e2acd1f67788afc67159b0fcc175	1	171705	player	uade	Protracker compatible	0	158407	270ee5c2	22b21441	MOD/MOD_S/SPACEMIX.MOD
2b2d6491bc518d59f3c241f3cb00a55e	1	174631	player+silence	uade	Protracker compatible	0	154710	56bb99b2	550ed844	MOD/MOD_L/LASER_1.MOD
2b4929c590cd2d3b0a6ed517e5ab119c	1	49825	player	ft2play	Fasttracker (M.K.)	4	56109	07e1f427	4aefa22d	MOD/MOD_B/BASS!.MOD
2b4eeff56fdc76795681f729645e41b2	1	41072	player	uade	Soundtracker II (31 instr.)	0	51566	72210234	0aa2db03	MOD/MOD_R/RUSTIG.MOD
2b696204a8e527a465cfbbee70479d84	1	138369	player	uade	Protracker compatible	0	73320	e9921f73	cfaee6bf	MOD/MOD_I/INDUSTRY.MOD
2ba319b7cfda513cc0bd0ef393b03306	1	38520	player	uade	Protracker	0	64468	8394de8c	54fc8b32	MOD/MOD_T/THEEND.MOD
2be631123881d47e00c717139a2d3194	1	169093	player	uade	Protracker	0	96795	0c9322e6	95a80deb	MOD/MOD_D/DRONE.MOD
2c908377b882b526c63d75fb842bab84	1	344134	player	uade	Protracker compatible	0	127640	dc6a8b7d	a897a499	MOD/MOD_P/PLANETS.MOD
2cba0d2acf5ad658ad5fea959cf2d477	1	80115	player	uade	Protracker	0	119138	9a73ef7c	fd666ec9	MOD/MOD_A/ALFSBGBL.MOD
2d0c6d377bee1d6f4653ebd280f0be70	1	144136	player	uade	Protracker	0	98032	f4408d74	e4d96e3a	MOD/MOD_M/MIKCOUNT.MOD
2d2c1f2d20cc3a9efba6b3e96539d3b2	1	112226	player	uade	Protracker	0	404788	a1884679	36637058	MOD/MOD_P/PERFECTS.MOD
2d372ffd2e083711b50bc95ced3825da	1	268921	player	uade	Protracker compatible	0	107518	527c1bda	e1850f4d	MOD/MOD_S/STORIES2.MOD
2d52dda52d3a408488e95f6771e76956	1	211411	player	uade	Protracker	0	170458	bd0aa16f	794b4e54	MOD/MOD_E/ENJOYTHE.MOD
2d57531558896310a2645a3d6dc4f87a	1	127317	player	uade	Protracker	0	85506	2a173c10	2e7603f9	MOD/MOD_O/OBSTICUL.MOD
2d7d7a3e055be786a491a190cf168746	1	268921	player	uade	Protracker	0	129846	2d5601f5	ff47c714	MOD/MOD_W/WAYFAHRE.MOD
2d7d7a3e055be786a491a190cf168746	2	259336	player
2db3ce6cce4823120ce8d2de21c3ac4f	1	107645	player	uade	Protracker compatible	0	58106	93b1e6ad	0322ee6a	MOD/MOD_U/UA1T.MOD
2ddea1883cf096d99ad7c12e1d3fe8df	1	222845	player	uade	Noisetracker 1.x	0	180818	c1a5bb1e	5fade1a8	MOD/MOD_N/NEWKISS.MOD
2de3d886f3c4afd899d938047ae71123	1	127478	player	uade	Protracker compatible	0	182188	88e88452	c8c3f260	MOD/MOD_I/ICE_ICE.MOD
2de3d886f3c4afd899d938047ae71123	1	127478	player	uade	Protracker compatible	0	182188	88e88452	c8c3f260	MOD/MOD_I/ICEBABY.MOD
2e1d3780ec3fda69c247de80089c667b	1	213622	player+silence	uade	Protracker compatible	0	129218	71ef6c99	98acb586	MOD/MOD_E/EXCTASY.MOD
2e3134d2f0eab244ebd6332ca6b830bf	1	232129	player	uade	Protracker	0	123154	bb62b70b	ba86e70e	MOD/MOD_T/TANKER!.MOD
2e4b4b1811eb3071416cbe08518dd9ca	1	130693	player	uade	Protracker	0	71054	5e0e3b47	b39b5afc	MOD/MOD_C/COMPLICA.MOD
2e5ff0082a71716f0e45c8f7e1d9f297	1	235434	player+silence	uade	Protracker	0	165658	3bff8fe5	a389051d	MOD/MOD_M/MICROCOS.MOD
2e9dde85b422c0cc41d2130f0c48d789	1	195677	player	uade	Protracker	0	190628	dd9e06ea	672cc03c	MOD/MOD_L/LOVEFUNK.MOD
2eddcbc763015690ac2194a33301a05a	1	242055	player	uade	Protracker	0	97756	172f42b1	1b1df0b3	MOD/MOD_S/SECURE3.MOD
2ef3c4044f18d88115f8aca70dc09cbc	1	230420	player	uade	Protracker compatible	0	91504	d251db83	541fc673	MOD/MOD_T/TRAINBEA.MOD
2f035a58489c81e745b9f9936812b7e8	1	293969	player+silence	uade	Protracker	0	162598	78a88451	114264f7	MOD/MOD_H/HIDSHADC.MOD
2f0455119501ac0c99b79d166878bf80	1	291969	player	uade	Protracker compatible	0	142166	83d09404	e41051b7	MOD/MOD_C/CAP_N_PO.MOD
2f085513edc9bab53cde87d5ac732723	1	93800	player	uade	Protracker	0	72776	1c5545aa	d15d1b2f	MOD/MOD_P/PHYSICAL.MOD
2f753a57d7fe7f5253b54670c210be6b	1	66331	player	uade	Protracker	0	147840	193fd423	04ab5061	MOD/MOD_H/HEATWAVE.MOD
2f753a57d7fe7f5253b54670c210be6b	2	65507	player
2f9502e750b1ce556c3c5f5c8a3425ce	1	7796	player	uade	Soundtracker II (31 instr.)	0	40516	a580327b	7acfb743	MOD/MOD_S/SONG0.MOD
2fd2e5c75fab959f862cbf26b69f0757	1	43624	player	uade	Protracker compatible	0	87622	11fe8749	021981aa	MOD/MOD_H/HITS_90.MOD
2fe879258fa2f52200e98d96a8e7a433	1	179241	player+silence	ft2play	Fasttracker (M.K.)	4	143435	735d4a11	5d2ea8d0	MOD/MOD_F/FIRST.MOD
2ff3bf89e9626cf1c37181ea2beeb0c5	0	155783	player+silence	uade	Ultimate-Soundtracker or compatible	0	83216	d4e0656b	cd549669	MOD/MOD_S/SLL1.MOD
2ff3f80ac600de86f06ce7165b90e478	1	322490	player+silence	uade	Protracker compatible	0	315418	d3a4e6d4	17b8d59d	MOD/MOD_C/CD2PART4.MOD
2ff7f7830a15676dabf59da8ce995570	1	215149	player	uade	Protracker	0	62220	997ffade	d5a9f84b	MOD/MOD_D/DREAMING.MOD
3005a2d8657d96e0259415e56ccf510e	1	30824	player	uade	Protracker	0	104204	ea9456ef	38180bf2	MOD/MOD_X/XPROJEKT.MOD
3008c8491a7d255a0feaba12595e2762	1	482885	player	st3play	Scream Tracker 3.00 (GUS)	8	391312	b725df1e	4a41df26	SNDTOOLS/DOS/ST3/S/2ND_SKAV.S3M
3008c8491a7d255a0feaba12595e2762	2	328460	player
3008c8491a7d255a0feaba12595e2762	3	400940	player
301df4c1da4064a4c10c29b3e580c267	1	138014	player	ft2play	Fasttracker (M.K.)	4	251769	e734abe7	0808613f	MOD/MOD_T/TRANCE.MOD
3035b874ebb47d91a36ba9dc5b4c3ff0	1	57730	player	uade	Protracker compatible	0	83248	a52d5dac	4c8869f5	MOD/MOD_M/MOVMNT77.MOD
3049088194087bcffb35139a61242abf	1	138369	player	uade	Protracker	0	63074	e5c2766c	831ecc55	MOD/MOD_O/OTA.MOD
305bca4a43f5c1c8b867f552cb8d86f4	1	279591	player	uade	Soundtracker II (31 instr.)	0	248769	0954b01b	ef182d63	MOD/MOD_N/NINJAWAR.MOD
306728c6b59cb13004d1ebf154cbb5fb	1	225075	player	uade	Protracker compatible	0	151434	e87331c7	a42ad3b1	MOD/MOD_H/HEAVYBAL.MOD
3089527a0c10e44d4a18b7322d2fa5df	1	250475	player+silence	uade	Protracker	0	191170	7e0f9a8e	a59e0da4	MOD/MOD_B/BENEATH.MOD
308975a50640ecb737a8dd0b616a4634	1	185751	player	uade	Protracker compatible	0	160990	60ad3a55	da4279ed	MOD/MOD_H/HYSTBABY.MOD
30961e5b4fbba69bcba626918513c41e	1	200645	player+silence	uade	Protracker	0	119746	b5298318	0e3e994e	MOD/MOD_M/MANDELDU.MOD
30a07bce70cc198904a56b77c0791be4	1	202208	player	uade	Protracker	0	60746	63f19e5c	7c8caf0c	MOD/MOD_H/HEAVEN2.MOD
30ac20c3405dca26c776ba7adff92067	1	241533	player	st3play	Scream Tracker 3.01 (GUS)	8	157584	12529665	5b5ce68d	SNDTOOLS/DOS/ST3/S/INSIDE.S3M
30b770e23e727c9b29a9f60223074d09	1	27006	player	uade	Protracker	0	12288	a15c7b00	4e705ad1	MOD/MOD_I/INORG.MOD
30bb6d2fc8f3ea5ba0daffda7f72398d	1	192141	player	uade	Startrekker (4ch)	0	194316	06b49a01	7a09ae4d	MOD/MOD_D/DC_XMAS.MOD
30bcaede9d9a2e6307a675cdaea9ab31	1	304207	player	uade	Protracker	0	189366	c7bc193b	5167bd36	MOD/MOD_N/NIGHTMAR.MOD
30c2d4976386c356fbcf7c252087b432	1	116586	player	uade	Protracker compatible	0	31734	2fd19ed8	102e2eb0	MOD/MOD_M/MID.MOD
30cfbedd5b64f446992509aa169a0730	1	188283	player	uade	Protracker	0	40232	47da7a80	6df40e62	MOD/MOD_S/SCHRONZ.MOD
30fde044d09065473045f45b13aa5556	1	282619	player+silence	uade	Protracker	0	281698	87016171	3bb574f7	MOD/MOD_G/GODWATCH.MOD
313ddb3c3da1742f8caa207cb1f370f8	1	99968	player	uade	Soundtracker II (15 instr.)	0	214044	7ecff73f	c4b5c3f2	MOD/MOD_E/ESSAISF.MOD
3152d992dd794171e6c419a7aa51d63c	1	23168	player	uade	Noisetracker 1.x	0	22856	5c9e08b7	da1f0ac7	MOD/MOD_G/GSCTHM13.MOD
31699427a8dd9e8a55b38a0755dc2b5f	1	246717	player+silence	uade	Noisetracker 1.x	0	80792	aab849af	653b8dc8	MOD/MOD_A/ALPHVLLE.MOD
317ce482001003ba754fa6ec1769543a	1	30733	player+silence	uade	Protracker compatible	0	16113	94c9afdb	9b88f634	MOD/MOD_R/RYTHM.MOD
3182b8e0f7a02a9c41c76198a9d61b2e	1	163699	player+silence	uade	Soundtracker II (31 instr.)	0	209018	c3a5259f	ba4e57a7	MOD/MOD_P/PIXTHIS.MOD
31a8da3339960041881fee1ab8ba25b0	1	422240	player	uade	Soundtracker II (31 instr.)	0	128708	529d96e2	4e784c7c	MOD/MOD_E/EARTHQUA.MOD
323bd789a08f2db49091749523c957ce	1	361291	player+silence	uade	Protracker	0	218208	95473f2f	941a7cd9	MOD/MOD_M/MAGNETI2.MOD
323bd789a08f2db49091749523c957ce	1	361291	player+silence	uade	Protracker	0	218208	95473f2f	941a7cd9	MOD/MOD_M/MAGNETIC.MOD
3246850a3c87175277cc3ed2ffc502aa	1	244035	player+silence	uade	Protracker	0	335032	00bc4c46	0a2b3f34	MOD/MOD_N/NEMESIS!.MOD
329adb00e600ba546c5be89819657514	1	161627	player+silence	uade	Protracker	0	138932	1cacdcd2	6091b6bf	MOD/MOD_I/INNLEDNI.MOD
329bbcc7c0737695869a8442dbba2ffd	1	133723	player+silence	uade	Protracker	0	202608	1441bed1	d8dd87c2	MOD/MOD_B/BASKETBA.MOD
32a86163ec78c2983ab096a4b4b9843f	1	215149	player	uade	Soundtracker II (15 instr.)	0	76188	5cc249d2	958907d9	MOD/MOD_D/DOC1.MOD
32c86a64c44732a792873d2e1075e23d	1	344129	player+silence	uade	Startrekker (4ch)	0	171738	d71a073d	85648022	MOD/MOD_M/MAMA.MOD
330dee42f0445e8b9d05e2436565f35a	1	69224	player	uade	Protracker	0	67264	c38d3081	e4e0c51c	MOD/MOD_S/SUPERHOT.MOD
3343efdf1039a3002d837eb7497cd97b	1	260595	player+volume	uade	Protracker	0	353730	e0749ca4	f7116e11	MOD/MOD_N/NATIVE2.MOD
33805ed2c722af84066ad66542ead4d0	1	631993	player+silence	uade	Noisetracker 1.x	0	116076	280f7dc0	a08c4062	MOD/MOD_A/AXEL--F.MOD
3387e10efac7b1a368ef4f0e58606f9c	1	194291	player	uade	Soundtracker II (15 instr.)	0	91046	2b0a8b37	bd8c78d2	MOD/MOD_M/MY_DAY.MOD
33b7503c750c049fa9237f1b30a3ae85	1	15472	player	uade	Protracker compatible	0	34027	58ca6e05	9ca12593	MOD/MOD_C/CRYSTAL.MOD
33ce967abccead94c29a3842d7f3219a	1	82044	player	uade	Protracker	0	12208	1453b26b	1c4a6924	MOD/MOD_P/PURPLESH.MOD
33d9c9faed01c0d0ec6acdd1ead26846	1	98682	player	uade	Protracker	0	25968	df854838	d9b56f66	MOD/MOD_T/TURRITUN.MOD
33e8b9ee1e260bce204e2edb2763f7b5	1	141631	player+silence	uade	Protracker compatible	0	50908	01695b7f	e58931da	MOD/MOD_H/HOWDEEP.MOD
33fd21606edeb6dd7d6c4fbe2ff099db	1	150526	player	uade	Protracker	0	99038	b2495432	085d0be2	MOD/MOD_D/DEMOMUSI.MOD
342cedf7952a788f5664e50fe96e7960	1	235645	player	uade	Protracker	0	83870	dd438e2e	44c53811	MOD/MOD_M/MOLECULE.MOD
344c887648dc9e4befc9fa27345e903d	1	176060	player+silence	uade	Protracker compatible	0	62732	3f7bdba1	e24d2eea	MOD/MOD_C/CANONIND.MOD
348e5f194c765529ea4c72e6f7318d6f	1	46216	player	uade	Noisetracker 1.x	0	62790	38a70aee	5d20e147	MOD/MOD_J/JAMBROWN.MOD
348e5f194c765529ea4c72e6f7318d6f	1	46216	player	uade	Noisetracker 1.x	0	62790	38a70aee	5d20e147	MOD/MOD_J/JAMES.MOD
34a9279d1d714eff0be3e00008516197	1	197255	player+silence	uade	Protracker	0	93062	d4cc71fe	4d40929f	MOD/MOD_H/HYBRIDIZ.MOD
34b3029b5fad9bb4d91e84b5a3d4d609	1	121088	player	uade	Soundtracker II (31 instr.)	0	59846	b051d4ed	bd0c77e8	MOD/MOD_U/UPFRONT.MOD
34b3029b5fad9bb4d91e84b5a3d4d609	1	121088	player	uade	Soundtracker II (31 instr.)	0	59846	b051d4ed	bd0c77e8	MOD/MOD_U/UPFRONT3.MOD
34b62f7fa46f0240b617e4f2c54a35b7	1	118334	player+silence	uade	Protracker compatible	0	69322	43843a69	baf701c8	MOD/MOD_N/NUMAN2.MOD
34c728755168f820165c2ac790c4fd3a	1	175118	player	ft2play	Fasttracker (M.K.)	4	141937	354602d7	9b39a59c	MOD/MOD_S/SEEYOLTR.MOD
3503353047ff886404ea35bc15d0ce5c	1	355841	player+silence	uade	Protracker compatible	0	252282	0f302eb0	40c81bb5	MOD/MOD_L/LIGHTNNG.MOD
356d60078c917083b54b399ed31d7f62	1	84134	player	uade	Protracker	0	89900	3fc0a19f	e666742e	MOD/MOD_A/AILING.MOD
35b562a1666e41b4da3f32a59e10cc97	1	71816	player	uade	Protracker	0	10050	14555edb	bc0a11db	MOD/MOD_T/TECHNOWA.MOD
360c407e41be8a0b3692dab0c6f9130e	1	92272	player	uade	Protracker	0	62428	0cbcfe02	b3ad1fd4	MOD/MOD_W/WHATONEA.MOD
361d5dfeccce507fddd119aabcd5be4f	0	126774	player	uade	Ultimate-Soundtracker or compatible	0	42716	e227984a	3290be52	MOD/MOD_S/SLL8.MOD
36760780c07ebbd3f46676884fd2b969	1	216033	player	uade	Protracker compatible	0	166666	8a4476b5	fdda787f	MOD/MOD_V/VENTURES.MOD
367666457b538959efab409d5cd837f4	1	261245	player	uade	Noisetracker 1.x	0	80006	f16db7a3	0353cd81	MOD/MOD_A/AMEGASI.MOD
3676c2985739a34fc92bf4b48ab4c2fc	1	248586	player	uade	Protracker	0	145188	8bdfd99f	54edcf63	MOD/MOD_E/ELECTRII.MOD
36888cc042f6459b277ea159d0820775	1	46216	player	uade	Protracker	0	25874	a14950b4	4b5d8724	MOD/MOD_S/STAHND.MOD
36888cc042f6459b277ea159d0820775	1	46216	player	uade	Protracker	0	25874	a14950b4	4b5d8724	MOD/MOD_S/STHNDBYM.MOD
36b66ac48821ae21b0032887b6876fc7	1	199797	player	uade	Protracker compatible	0	55499	46a012f7	c58c6625	MOD/MOD_P/PEACE.MOD
3711b0dee7076b350da2551b8f60640f	0	168708	player	libopenmpt	Defjam Soundtracker III / Alpha Flight SoundTracker IV / D.O.C. SoundTracker IV / VI	4	91240	f5c8fe34	2c0e117f	MOD/MOD_N/NIGHTFLL.MOD
372f86acfadd62897996de41b0cad3ba	1	115321	player	uade	Protracker compatible	0	104168	ccc1a884	1831d9d0	MOD/MOD_M/MOONRADR.MOD
3755bc29224fb39090822b402bda70e5	1	110096	player	uade	Protracker	0	241172	f86b275f	7b635057	MOD/MOD_S/SOUNDAFM.MOD
375916c1eabeaa2745be0b299d0784b8	1	214638	player+silence	uade	Protracker	0	188416	469af027	9217ba63	MOD/MOD_R/RESII.MOD
37924d5fd94037b8b916b05ee43b0c44	1	268564	player+volume	uade	Protracker	0	400118	94ce7f4a	8a5e8595	MOD/MOD_B/BEYOND.MOD
37a3ca0bb57e06bb31ad7f9f60e3aaf5	1	176541	player+silence	uade	Protracker	0	211978	a85ebe09	d84d16c7	MOD/MOD_G/GROOVE.MOD
37ba29d0bd488a5cfeb34e0fbebfa522	1	51320	player	uade	Protracker	0	20900	4a679166	d1cff6ba	MOD/MOD_I/INTROFRU.MOD
37da07eaa148185d450fec300bd61b11	1	321407	player	uade	Protracker	0	269974	1453062c	08268bad	MOD/MOD_H/HARDCORE.MOD
37fe5d0df590b66936cc168f0fdddf91	1	169093	player	uade	Noisetracker 1.x	0	148075	6d56a41f	d94429be	MOD/MOD_F/FALLOUT.MOD
3813c712a8908248502e31a410536400	1	92795	player	uade	Protracker	0	326076	87b3e390	360f3deb	MOD/MOD_M/MOSTTO.MOD
3823ca6066eeda1288fe35a4e55620d1	1	209451	player+silence	uade	Protracker	0	236540	30019d2d	92a8649b	MOD/MOD_A/ACIDI.MOD
383caa34d7e87268d6347d4b51ebc050	1	71696	player	uade	Protracker	0	65088	b264b366	0d2de779	MOD/MOD_D/DEEPSPAC.MOD
383cf00db9407c8ba706d02adfb28130	1	588951	player+silence	uade	Protracker	0	149682	8071b2ef	f83c9451	MOD/MOD_F/FOREVERA.MOD
3847a7da8f44cad355afeb60ef63100e	1	149903	player	uade	Protracker	0	102914	62937952	c94b4499	MOD/MOD_O/ORGNCDRM.MOD
388c3e7a46cc7e3bbb3a4904ba619210	1	137167	player+silence	uade	Protracker compatible	0	220878	28a2d2de	62e60fb8	MOD/MOD_F/FRHOUSE.MOD
38cda1e791de766931caa99e469e4732	1	85079	player	uade	Protracker compatible	0	105537	fd4478a8	9f1482ea	MOD/MOD_Z/ZALKON.MOD
38db26474057f17615220741fdee7ce9	1	372617	player+volume	uade	Protracker	0	172426	180a6e7d	0b42770b	MOD/MOD_S/SPACEDEL.MOD
39313965c568327f1a224176834ca6f0	1	71816	player	uade	Protracker compatible	0	63194	4d07545c	8b95dea1	MOD/MOD_U/UPSIDDWN.MOD
3940ff5910d4b40a37907018a52813f7	1	61568	player	uade	Soundtracker II (31 instr.)	0	39752	29a35c98	be46c562	MOD/MOD_T/TNT2.MOD
3970c71dfbcf225dd7852a7508d117c8	1	32574	player+silence	st3play	Scream Tracker 3.00 (SB)	16	245251	c48f0d16	2eedcedd	SNDTOOLS/DOS/ST3/S/TMP.S3M
3970c71dfbcf225dd7852a7508d117c8	2	56203	player
3970c71dfbcf225dd7852a7508d117c8	3	20474	player+volume
3970c71dfbcf225dd7852a7508d117c8	4	91991	player
3970c71dfbcf225dd7852a7508d117c8	5	133546	player
3970c71dfbcf225dd7852a7508d117c8	6	114999	player
3970c71dfbcf225dd7852a7508d117c8	7	115019	player
39c97ad1052c5893c82d1cfb3d6c16ed	1	76920	player	uade	Protracker compatible	0	24832	08111d05	d2093cf1	MOD/MOD_C/COOL1.MOD
39c97ad1052c5893c82d1cfb3d6c16ed	1	76920	player	uade	Protracker compatible	0	24832	08111d05	d2093cf1	MOD/MOD_L/LCHINA.MOD
39c97ad1052c5893c82d1cfb3d6c16ed	1	76920	player	uade	Protracker compatible	0	24832	08111d05	d2093cf1	MOD/MOD_L/LITCHINA.MOD
39c97ad1052c5893c82d1cfb3d6c16ed	1	76920	player	uade	Protracker compatible	0	24832	08111d05	d2093cf1	MOD/MOD_L/LITTLE_C.MOD
39e6a1b18b3ba50e5ae05ff48de088cc	1	163969	player	uade	Protracker compatible	0	146166	414f8dde	5ee00338	MOD/MOD_L/LONG_SLI.MOD
3a953f2fc0e3a56b7d459c4f6b29a40d	1	89881	player	uade	Protracker	0	64544	4af10f1b	d07c7b81	MOD/MOD_B/BUBBLEGU.MOD
3ac92be4db8cef6b91af3ef9dc3bdea3	1	63400	player+silence	uade	Protracker	0	76112	276ce24f	add88012	MOD/MOD_D/DELICIOU.MOD
3ad12f148005ac381c9ef39ba77c1aec	1	143126	player	ft2play	Fasttracker (M.K.)	4	123506	9f07e11d	018abf80	MOD/MOD_S/STYLEE.MOD
3b01fe4e68a8201905216c0dc88472cb	1	107645	player	uade	Noisetracker 1.x	0	46080	c2796830	413864e3	MOD/MOD_B/BODYKISS.MOD
3b0817c10ed3a221f0e90c279f5579e8	1	207493	player	uade	Protracker	0	78606	b73ff6ae	9a4478ab	MOD/MOD_L/LINK.MOD
3b3d8ff4d190306134a4c78b5f4feace	1	116586	player	uade	Protracker	0	227296	da89cc3c	f4e389d8	MOD/MOD_S/SVRGNSLM.MOD
3b4a64304af638be39305fb2b0312483	1	208216	player	uade	Protracker	0	99148	a58c7283	8c67e83f	MOD/MOD_J/JFY.MOD
3b8b9e74a73aaa871ef4b63333276014	1	215149	player	uade	Soundtracker II (15 instr.)	0	56446	7ed5c6a1	d7ff533e	MOD/MOD_N/NONAME.MOD
3bc2ca26081bf6ed5904e017596bf514	1	192141	player	uade	Protracker compatible	0	56958	3fec70ce	fb38db68	MOD/MOD_V/V48.MOD
3bcc0c9017ec536cae051ea0383935c8	1	194566	player+silence	uade	Protracker	0	126574	74e97dd8	81c1579c	MOD/MOD_S/SPACECRU.MOD
3c0378cc26342b063a17aea6c38bf5dc	1	191982	player+silence	uade	Protracker	0	159038	da3c6820	69880508	MOD/MOD_B/BASICINS.MOD
3c06780b691a344147ab8032ac6753d1	1	207493	player	uade	Protracker	0	269512	06fd7c17	8161b182	MOD/MOD_C/CRIMEZOH.MOD
3c073e2e7135b2aef0190ac6f04e6eef	1	82044	player	uade	Protracker compatible	0	48410	c8910821	3584d5a3	MOD/MOD_A/AUDOSKAP.MOD
3c24617ee55ee2f588ae63b66dffa92b	1	83491	player	uade	Protracker	0	64516	168884d5	601f45ca	MOD/MOD_B/BACKSTAG.MOD
3c3e4421d3533d64bd3d2721cf912246	1	48125	player	uade	Protracker compatible	0	53064	884e6512	f2c7c3f8	MOD/MOD_I/INTRO_TU.MOD
3c8b81ce59264057dc030f17accb7177	1	158845	player	uade	Protracker compatible	0	120558	8238cad4	91d2bd52	MOD/MOD_S/SPECIAL.MOD
3c91794714eb3c3de14877ccbb776719	1	323758	player	uade	Protracker (vblank)	0	177354	1dddcce5	cf1aefe9	MOD/MOD_M/MOONLIGH.MOD
3d5d8a797876e3335c9148192435daa8	1	223166	player	uade	Protracker	0	155118	d45a8b3a	9cafba63	MOD/MOD_L/LASTADVE.MOD
3d9b98a3a32902d90ff3f220c5b10cdf	1	207493	player	uade	Soundtracker II (15 instr.)	0	73240	223da0ff	69aaaf5d	MOD/MOD_V/VIRGIN.MOD
3dba3d500490c8b901f67887a3444370	1	230541	player	uade	Soundtracker II (15 instr.)	0	80798	284133ec	08c248df	MOD/MOD_W/WALKMAN.MOD
3ddfc4412303b92a0bc7330aa84a2933	1	1160922	player+volume	st3play	Scream Tracker 3.00 (SB)	16	560306	747e00b8	5bb7938d	SNDTOOLS/DOS/ST3/S/PANIC.S3M
3dfeccd0a0b9672ac8bae2d0defba6f2	1	170676	player+volume	uade	Protracker compatible	0	99838	e94058ff	eac58fa3	MOD/MOD_B/BIGFUN.MOD
3e17630cc74d842f6564b46ae60bc427	1	11256	player+silence	uade	Protracker compatible	0	22841	c74dfdeb	2cd83d6e	MOD/MOD_W/WIND.MOD
3e180c25e3ca037dfbed256951d584a8	1	322693	player	uade	Protracker	0	153006	defb6c76	698512af	MOD/MOD_G/GLOBALTR.MOD
3e1d078a775e8cf548480bfc0e12085e	1	178115	player	uade	Protracker	0	291970	86ff9336	41e671f8	MOD/MOD_B/BLOWAWA.MOD
3e448a88f0acbbc3a17c9742dd706bd4	1	322693	player	uade	Protracker	0	147170	eaf66ded	da30bfee	MOD/MOD_G/GAZER.MOD
3e570af4dea16518a008749f977d271e	1	327817	player	uade	Protracker	0	89726	c45217d2	1f0f65f3	MOD/MOD_J/JAKARTA.MOD
3e5ca40e4cb724559d75e70638ac0a53	1	138485	player+silence	uade	Protracker compatible	0	228156	82e08de3	95649e1e	MOD/MOD_E/EUROVIS.MOD
3e5ca40e4cb724559d75e70638ac0a53	1	138485	player+silence	uade	Protracker compatible	0	228156	82e08de3	95649e1e	MOD/MOD_E/EUROVISI.MOD
3e6ee79057bb79f6e2d23c3f0646b9c7	1	87873	player+silence	uade	Noisetracker 1.x	0	98068	caf18903	62a94d7d	MOD/MOD_J/JAZZYNOR.MOD
3e921cb0eac2cab8555b53ce9c5fb55b	1	201083	player	uade	Soundtracker II (31 instr.)	0	62390	21acc345	aac57edc	MOD/MOD_F/FUSION.MOD
3e98f3b63d2058ff34cbf6dbd1fe6ce3	1	66672	player	uade	Protracker	0	6318	e5a9b942	a9493b91	MOD/MOD_L/LAMERPRO.MOD
3ea6662c43070194b1b46b64966afb4f	1	242055	player	uade	Protracker	0	123214	d18486e2	8be1ae64	MOD/MOD_C/CREAMOF.MOD
3ee1bd6b140d7d071b7683af1cb254c8	1	31306	player	uade	Protracker	0	11436	528db1d3	be32239d	MOD/MOD_S/SUNDANCE.MOD
3eee2c64a7b0a8e5532125db7f84df7f	1	315258	player	uade	Protracker compatible	0	128020	431f4d1b	c7a4ad63	MOD/MOD_H/HAL.MOD
3eee2c64a7b0a8e5532125db7f84df7f	1	315258	player	uade	Protracker compatible	0	128020	431f4d1b	c7a4ad63	MOD/MOD_H/HALLUCIN.MOD
3f094f74b5fa6f8b0a113efbaa6a29b5	1	140519	player	uade	Protracker	0	114442	a995026f	f587b0f6	MOD/MOD_G/GOLDRETU.MOD
3f0fd4a175ff57a932f783feb929530e	1	192141	player	uade	Protracker compatible	0	56558	4577724a	e53302ae	MOD/MOD_W/WERWERU.MOD
3f1a28c27950c1f0fd5855fbfc4ba874	1	28935	player	uade	Protracker compatible	0	36027	d6a06e4a	401ae3f3	MOD/MOD_B/BEAT3.MOD
3f2d70a1edd0a4454bc9cd7a6c3aea40	1	65085	player	uade	Protracker compatible	0	235286	c7c2be17	a40228f6	MOD/MOD_B/BACK2LIF.MOD
3f436602e6afc579d00c0f7e27a024b8	1	146045	player	uade	Protracker compatible	0	85834	62a37fd5	45c221d8	MOD/MOD_H/HARLEY.MOD
3f436602e6afc579d00c0f7e27a024b8	1	146045	player	uade	Protracker compatible	0	85834	62a37fd5	45c221d8	MOD/MOD_H/HARLYMSC.MOD
3f4b7f3e1900de3f5217907f3a2a1bd2	1	157458	player	uade	Protracker	0	140070	b3a29b66	2223d785	MOD/MOD_S/STOLEN.MOD
3f51c69f96fc3757c836a1e549be8145	1	130693	player	uade	Protracker	0	65822	74f66d4a	abe1afe2	MOD/MOD_R/RECALL.MOD
3fadab9c82d2b5ddbd8554d055a26b33	1	393204	player	uade	Protracker	0	57078	af3d524b	932f0880	MOD/MOD_P/PANIC.MOD
3fe4aaf320b6285b5d9f7378d85b53be	1	163486	player	uade	Noisetracker 1.x	0	316082	a4156784	72f79f16	MOD/MOD_D/DEATH.MOD
3fff7902311571efcad8817ca55a192b	1	146045	player	uade	Soundtracker II (15 instr.)	0	204674	60a23661	c74d0a2b	MOD/MOD_B/BERLIN.MOD
404427fbc6596f04fa359272a3807143	1	252778	player+silence	uade	Protracker compatible	0	170610	4c4aef83	f5b08cb1	MOD/MOD_G/GALAXY.MOD
406fab797ea3f354a5038b48577380a2	1	204336	player+silence	uade	Protracker	0	94678	3924d6a6	9e060b9a	MOD/MOD_A/A-FORBEI.MOD
4086a1a6fe393c340e4e9bcc7b0bc9fc	1	119498	player+silence	uade	Protracker	0	99006	671e74cb	fcbeb196	MOD/MOD_H/HOTBITS2.MOD
4093fe1c541ba4e94aaba4fd592a69bb	1	76354	player+silence	uade	Protracker	0	53158	d0e5af2b	4ebbca1f	MOD/MOD_T/TEARSIN.MOD
4099b30f82e172ee7c048302c35664d7	1	149851	player+silence	uade	Protracker	0	163966	4fcb75c1	d0b90183	MOD/MOD_T/TIME.MOD
40ce6ed280c42f4076208690b612c103	1	264213	player+silence	uade	Noisetracker 1.x	0	109604	280d148a	0a053fbc	MOD/MOD_D/DNS.MOD
40f8a46fbe740de2382e5bb3753e4c01	1	117872	player	uade	Soundtracker II (15 instr.)	0	101620	cd444c91	993d0d6b	MOD/MOD_L/LANCE_15.MOD
41121891e27ece6efe2044fcfd820990	1	62834	player	uade	Protracker	0	18486	d4e7cfc1	83f0adfc	MOD/MOD_I/INTROMU2.MOD
413cec7b1e827954268676a702b94b8c	1	86767	player	uade	Protracker	0	169284	896c5b9b	96ce846c	MOD/MOD_X/XNITRO.MOD
414aeb9334366147a60f6cb404059b30	1	96693	player	uade	Protracker compatible	0	55586	cc531df1	7c637d45	MOD/MOD_H/HYPNAUII.MOD
4161364e130db462b14f302eb6df442d	1	317891	player	uade	Protracker	0	154468	dbbf0047	fe23b52b	MOD/MOD_E/EXTRACTI.MOD
419a554adfa62536086432c7bd6ca50b	1	146045	player	uade	Protracker	0	171916	61577a44	979536a6	MOD/MOD_T/TECHNOMN.MOD
42327eee9200182ee49579369ac249a5	1	30824	player	uade	Protracker	0	2374	55290876	0f1d1058	MOD/MOD_B/BOMBINTR.MOD
423951c6677138f47bcfbebec1c1e926	1	275461	player+silence	uade	Protracker	0	163738	d2103f5e	4e631db3	MOD/MOD_S/SCRAMBLE.MOD
42437e9a303d8c541b73a3f01b937809	1	138369	player	uade	Protracker compatible	0	38384	1e8e8bc3	66ebcd40	MOD/MOD_B/BALL_2.MOD
42437e9a303d8c541b73a3f01b937809	1	138369	player	uade	Protracker compatible	0	38384	1e8e8bc3	66ebcd40	MOD/MOD_B/BALL3.MOD
424dfacd368831ca004141b3e8d94258	1	131778	player	uade	Protracker	0	178748	1976eb74	62e48795	MOD/MOD_R/RANDOMVO.MOD
42598e96be6e7e8c8462c893067a1ef1	1	291768	silence	uade	Protracker	0	181318	8a6f7ca5	d7de977b	MOD/MOD_S/SEEING2.MOD
42a8c609be3f801e3299908e316d2ef6	1	276597	player	uade	Protracker compatible	0	54644	9a224b4e	9a4f64df	MOD/MOD_M/MINIBLST.MOD
42a9befee70a2e97e31f795e671f6b55	1	220527	player+silence	uade	Protracker	0	149752	69c1574b	cfd87cab	MOD/MOD_W/WLCMTTHJ.MOD
42b82a244100832cacda045b2668bb93	1	114034	player	uade	Protracker	0	27410	a45fda09	e73417ed	MOD/MOD_Y/YO.MOD
42b9ee837b5ddc5ef87e5da3187f8739	1	192141	player	uade	Protracker compatible	0	50920	388c4e66	482a0046	MOD/MOD_B/BRWINGS.MOD
42c8155f4f61d7866fd826006dbbe69a	1	207493	player	uade	Protracker compatible	0	105148	bf285315	fe2d70c6	MOD/MOD_L/LIMBO.MOD
43076a5461aa0a3a4cce9e54bad6099d	1	237705	player	ft2play	Fasttracker (M.K.)	4	370923	f31cf5aa	428e31e0	MOD/MOD_B/BLUEMAN.MOD
43104b3ca83fded41359c8712df4f1af	1	103806	player	uade	Protracker	0	15960	474648fb	5058789b	MOD/MOD_H/HIGHSPE.MOD
43210c647d60cc924ef09e805fae7960	1	30824	player	uade	Noisetracker 1.x	0	33656	d6ae489c	1c9be0dc	MOD/MOD_G/GSCTHM10.MOD
432d3ff72e6bc32ffd3b4f47b8e4e8c2	1	112568	player	uade	Protracker compatible	0	38176	3ab4121b	75b4e8fb	MOD/MOD_J/JCGE.MOD
433191653a20a04a0cf7a49b4bb2fbcc	1	173605	player+volume	ft2play	Fasttracker (M.K.)	4	42404	eebea06f	d658ef03	MOD/MOD_B/BABY.MOD
435b640a5fe62c80be018aed0e8fe813	1	231164	player	uade	Protracker	0	156076	6ee7520f	d021e558	MOD/MOD_J/JOYRIDE.MOD
439cf38cfd4f9d6d0ede184551ec7cde	1	306075	player	uade	Protracker	0	185772	697dd266	9f3b05c6	MOD/MOD_P/POWERGUA.MOD
439f3c5fbb8720191834131bf65e0e2e	1	230842	player	uade	Protracker	0	119250	b7401179	f33bf820	MOD/MOD_H/HIGHDENS.MOD
43a91a793a26cf522ca649e3df60ebff	1	119179	player	uade	Protracker	0	106344	6e328bf2	12ba04c0	MOD/MOD_S/SEEING3.MOD
43b29c8c2206e6df2299504914b7f41e	1	207493	player	uade	Protracker	0	148556	5b064ce0	f7724685	MOD/MOD_T/THEBEG.MOD
43f55ab64e0af8c02f041b4792ece227	1	161397	player	uade	Protracker compatible	0	166369	623faa0a	866da055	MOD/MOD_B/BDBEAT.MOD
4401010a559317782b315cd06464ee0d	1	266039	player+silence	uade	Protracker	0	285728	3db14341	f1936052	MOD/MOD_E/ECHOES.MOD
443d9072e96de5c36bc9e12ff0df284e	1	149956	player+silence	uade	Protracker compatible	0	158478	65cefd5e	d9a1e8a1	MOD/MOD_B/BST.MOD
44565fad91d3ea274eb9f2e7ea2bf814	1	236187	player+silence	uade	Protracker	0	104498	291a82ce	9712c469	MOD/MOD_I/INFATUAT.MOD
449199581b0417a3d92ceb4453d54b96	1	15472	player	uade	Protracker compatible	0	30065	75761e44	f631112e	MOD/MOD_F/FRED.MOD
44cace85f4b31146add958fb02dbd93c	1	134531	player	uade	Protracker compatible	0	68682	4ec33946	1ea9fe40	MOD/MOD_P/PARTY.MOD
44ee700a07cfcaf146be1b40a179fa0a	1	311621	player	uade	Soundtracker II (31 instr.)	0	148562	97830a8d	66886d87	MOD/MOD_B/BRIDGE2.MOD
451f2abfb03d7de40ae3b7df3c61a44d	1	246838	player	uade	Noisetracker 1.x	0	78188	ff35ee33	882ddfe0	MOD/MOD_L/LOW_ALTI.MOD
451f2abfb03d7de40ae3b7df3c61a44d	1	246838	player	uade	Noisetracker 1.x	0	78188	ff35ee33	882ddfe0	MOD/MOD_L/LOWALTIT.MOD
454189b376dc4c5fd8342da7881ef357	1	107645	player	uade	Protracker compatible	0	33137	c2022959	0d8ce514	MOD/MOD_B/BATTLE.MOD
454599ad5739cb79dc256f75fd52fe07	1	117872	player	uade	Protracker	0	155200	c5715b9b	86dee48c	MOD/MOD_H/HABOMENU.MOD
45921eae1ca55f1bd81258336761574d	1	220936	player	uade	Protracker	0	101792	aeadbfd7	8efd83cc	MOD/MOD_J/JUSTFEEL.MOD
45b51a18abc58643c8b7cb2b5ff935a3	1	261245	player	uade	Noisetracker 1.x	0	65900	1bd97a1c	7cd564aa	MOD/MOD_A/AMEGASJ.MOD
45ba1fe846c1b47df71ce7fbc7f9b591	1	207031	player	ft2play	Fasttracker (M.K.)	4	87181	b9899ded	8faf2bfd	MOD/MOD_R/RUNTOYOU.MOD
45f5bf5a66789525d59c08e403b8e5ca	1	207493	player	uade	Protracker compatible	0	139428	50b209ed	e3aad5d5	MOD/MOD_E/ELCTRCDR.MOD
460f34f280237ff087d0cd1fca6ebe8b	1	238197	player	uade	Protracker compatible	0	115904	5f89434e	0c33a57b	MOD/MOD_N/NUCONTRO.MOD
461fe56bfc6f8d9bb45891f0877546ac	1	338045	player	uade	Noisetracker 1.x	0	72044	69fcac3b	8a7e7387	MOD/MOD_B/BLUEBERY.MOD
4675a194a7ec14274fd1ab5f3abfa84e	1	269524	player	uade	Protracker	0	120070	cba16cbe	23c2d559	MOD/MOD_D/DRINKMY.MOD
468306b17cf482ac8bc7bbd0d180e3d3	1	286845	player	uade	Protracker	0	140200	7720d5a3	8a543db7	MOD/MOD_O/ODYSSEY4.MOD
46835e370d8b48e23c5745f2ca8d5e96	1	105340	player+silence	uade	Protracker	0	109994	c68dc571	58cd02e8	MOD/MOD_D/DREAMIT3.MOD
46a31c916b0d459c44ac8c8840707533	1	330731	player	uade	Protracker	0	128210	5f6aa369	c6c2141f	MOD/MOD_W/WILDIMPR.MOD
46d90f89af5b13400567c588549751c5	1	182006	player+silence	uade	Noisetracker 1.x	0	90432	cf2d4933	a7b4c245	MOD/MOD_S/SAHARA.MOD
474fa853cbf10e5824dcc94c7fefac86	1	171966	player	uade	Protracker	0	229484	2a43d8d0	9d026eff	MOD/MOD_A/ACIDII.MOD
47708df03f5c5b548d445b88af23c765	1	157579	player	uade	Noisetracker 1.x	0	91034	e98d9fb1	77ef30f9	MOD/MOD_S/SMOKE.MOD
48264c5d68f6dea27c5991bcaea439df	1	205262	player	uade	Protracker	0	76500	1ec6da74	1a14fe78	MOD/MOD_B/BLUSBRS4.MOD
48b09ba54eec5b38a3c8e6013d1a3424	1	185406	player+silence	uade	Protracker	0	102746	5147616e	dfeb8c29	MOD/MOD_V/VIRUS.MOD
48ba366534ac45741a75e6fbb6d154ee	1	94648	player+volume	uade	Protracker compatible	0	128667	9eedac53	ba30b443	MOD/MOD_J/JURASSIC.MOD
49199af8c39eb1042237fc40ca4bce12	1	84616	player	uade	Noisetracker 1.x	0	22248	e2b2019b	0f67c1e6	MOD/MOD_P/PRE.MOD
49260fcb78fe6afd7fbaf2d0949b979b	1	256644	player	uade	Protracker	0	836704	e90b6b21	fa434441	MOD/MOD_P/PIGGYS.MOD
4949cf3597275b7801789b4b3291c818	1	161397	player	uade	Soundtracker II (15 instr.)	0	50692	6d64a436	8f872db2	MOD/MOD_S/STREF.MOD
496f5230ed8ea2570222d57d81d0ae84	1	75072	player	uade	Protracker compatible	0	69145	d6c754b4	243c5093	MOD/MOD_Q/QUANTUM.MOD
4994ebba308165428300d749aaa12a4d	1	36852	player	uade	Protracker compatible	0	41240	e2b508db	4c236859	MOD/MOD_H/HARDDRIV.MOD
49aa26bb48671e012ec311917da283ca	1	377310	player	uade	Protracker compatible	0	194244	dcc86a77	4ede5b40	MOD/MOD_D/DEEP.MOD
49aa26bb48671e012ec311917da283ca	1	377310	player	uade	Protracker compatible	0	194244	dcc86a77	4ede5b40	MOD/MOD_D/DEPRESED.MOD
49cb934a65c37416f32c3bca924ff4e7	1	327194	player	uade	Noisetracker 1.x	0	233264	400b221a	992c2814	MOD/MOD_S/STRAZZAN.MOD
49cfd6be87936d8ede059b64397fe308	1	205236	player+silence	uade	Protracker compatible	0	199926	e62e1392	9e927426	MOD/MOD_T/TONIGHT_.MOD
49d3516a9132cc96391ff191a1369c15	1	172489	player	uade	Protracker	0	384014	85b4bd5e	7d63d09a	MOD/MOD_N/NICOLE.MOD
4a27ee04714205c984f2753cf3a85dff	1	170379	player	uade	Protracker	0	62342	2ecf48d3	4383f0d5	MOD/MOD_R/RBTX-1.MOD
4a27ee04714205c984f2753cf3a85dff	1	170379	player	uade	Protracker	0	62342	2ecf48d3	4383f0d5	MOD/MOD_R/RBTX1.MOD
4a47e4f17d04516b347842f630d72626	1	238197	player	uade	Protracker compatible	0	131668	1f37be41	81cb6c40	MOD/MOD_M/MINOAN_W.MOD
4a47e4f17d04516b347842f630d72626	1	238197	player	uade	Protracker compatible	0	131668	1f37be41	81cb6c40	MOD/MOD_M/MINOAN.MOD
4a5678066b57bf19b477b0ea161209c3	1	334629	player	uade	Protracker compatible	0	169244	07a58bf0	6745db51	MOD/MOD_C/CANTHELP.MOD
4a871f28e06e7c756adfad8235bf4452	1	176769	player	uade	Protracker compatible	0	58960	00109222	c39f1d88	MOD/MOD_R/ROKNPEBL.MOD
4a955617b23fa96fae47986f60a8e68a	1	69224	player	uade	Protracker	0	25288	4737ee1b	efa63661	MOD/MOD_F/FALCON.MOD
4a9e3ea250701e731bcddb80c17a8690	1	258894	player	uade	Protracker	0	290513	c646898f	20b04d30	MOD/MOD_B/BLUJOKR4.MOD
4aa7d15bd2c55105d9917be3ca319075	0	108038	player	libopenmpt	Scream Tracker 3.00 (SB)	13	10242	ae4c86cd	7287fa78	SNDTOOLS/DOS/ST3/S/ADLIB.S3M
4ac8d73dbe4a5795a7a9c984c5091ccb	1	108618	player	ft2play	Fasttracker (M.K.)	4	80713	091ff0a8	6d2f7574	MOD/MOD_E/ELEVATOR.MOD
4aea86f3fcbf78abe644cb958c9c78f0	1	51320	player	uade	Protracker	0	75924	d1e1f025	c00fdd69	MOD/MOD_A/ATTITUDE.MOD
4b7b7c0e537842b74625a4f3846e53a9	1	102520	player	uade	Protracker compatible	0	83452	9bdc6b38	1624e477	MOD/MOD_A/ACIDROCK.MOD
4b822460a45c70feb8d4d37d3d42f534	1	245706	player+silence	uade	Protracker	0	189344	e9e61083	01e02840	MOD/MOD_F/FVINTRO.MOD
4be4630f16d30be32c1b0db44d339788	1	41072	player	uade	Protracker	0	8412	c8431d45	1308b22c	MOD/MOD_U/USSR.MOD
4be5a747a42c1632a524e5734e97959d	1	80758	player	uade	Soundtracker II (15 instr.)	0	42320	b887cfcb	a04713c5	MOD/MOD_A/ACIDBAT2.MOD
4bf9848a7bb220d2406cbecc28ed0a9d	1	276597	player	uade	Soundtracker II (31 instr.)	0	76896	30171836	8efa1d1d	MOD/MOD_L/LEPELTHM.MOD
4c4a100801f239ea9a0b5367fca65b75	1	305381	player+silence	uade	Protracker compatible	0	96488	8785a72c	5ce5a7cc	MOD/MOD_R/RAPPSTAN.MOD
4c69bd28d481113ee47fcde17d414aca	1	253569	player	uade	Noisetracker 1.x	0	29132	2d0b2923	c7be136e	MOD/MOD_A/A.MOD
4c69bd28d481113ee47fcde17d414aca	1	253569	player	uade	Noisetracker 1.x	0	29132	2d0b2923	c7be136e	MOD/MOD_I/INGAME.MOD
4c808db7bf44e1800171f8cc85082ebf	1	192141	player	uade	Soundtracker II (15 instr.)	0	59320	999b48d9	cf9e2d28	MOD/MOD_C/CAMBOD.MOD
4c917cfaa2a08a991ac7778f257bd3a6	1	414866	player	uade	Protracker compatible	0	214670	4e23b822	bf6cc57c	MOD/MOD_M/MCHAMMER.MOD
4ca053941e5bf3e6fe7e4fb78080e1dd	1	307021	player+silence	uade	Protracker	0	99700	8967b94b	36d07adf	MOD/MOD_R/REALIZE.MOD
4cbc8ba41dfa1333bc70486cab735b20	1	199201	player+silence	uade	Protracker compatible	0	256276	d72e86ba	c4d09bb5	MOD/MOD_M/MOONGATE.MOD
4ce0595a3f94189cdea9951db354fe94	1	233555	player	uade	Protracker	0	201008	f1f42545	92a34eb8	MOD/MOD_T/TOWARDS.MOD
4ce0595a3f94189cdea9951db354fe94	1	233555	player	uade	Protracker	0	201008	f1f42545	92a34eb8	MOD/MOD_T/TWRDSMMR.MOD
4ce3f4054ef3cce60b3aa72ed46c135a	1	356120	silence	uade	Protracker	0	166352	40cc87d4	0d2d9855	MOD/MOD_H/HUMANWEA.MOD
4cf200fe0af3b6220c3f95a3ab7c393f	1	214325	player	uade	Protracker compatible	0	114112	aeeba95e	e02ac73c	MOD/MOD_F/FREAKED.MOD
4d2965b894140a5cd9ae296f25e79bc7	1	71816	player	uade	Protracker	0	39372	4c0544a7	34a2bcd6	MOD/MOD_W/WHISTLIN.MOD
4d2fdfd7bda4a5d65a1979f007dff890	1	69224	player	uade	Protracker compatible	0	60814	ee2d91ae	caeda904	MOD/MOD_J/JINGLE.MOD
4d353049ad732c12db36ffcfca81b68f	1	99968	player	uade	Protracker	0	98486	6821e56b	28293ece	MOD/MOD_M/MINT.MOD
4dc0030b61489df142d100ae801a0304	1	198040	player+silence	uade	Protracker	0	221616	7e980b3f	3f1ca61d	MOD/MOD_H/HOPEFUL.MOD
4de4b2b481c217cefc3f7a45c463eadc	1	61568	player	uade	Protracker	0	10872	f468f807	fc59e179	MOD/MOD_T/TRAINED.MOD
4de5ca0bb226888fef32401ad874d872	1	123076	player+silence	uade	Protracker	0	76626	46adea20	252a2cd7	MOD/MOD_E/ENDTHEME.MOD
4e1f740a997572e724c26d6383d711ba	1	107645	player	uade	Protracker	0	57556	b15a1ce7	3e6dcdd0	MOD/MOD_O/OLDLINE2.MOD
4e331fc2c4430d829dd93a75352d9224	1	147423	player+silence	uade	Protracker compatible	0	101938	2529b688	abc774fd	MOD/MOD_S/SKOVTUR.MOD
4e33262748e8b415c1aa6dd80e3e0cbf	1	149988	player+silence	uade	Protracker	0	115970	5f1ad9f4	f7cf63b2	MOD/MOD_J/JADE-SON.MOD
4e4fd2477beeb859e6e5d5a5f1849c36	1	213622	player+silence	uade	Protracker compatible	0	129219	4da5af53	dcb5dae4	MOD/MOD_E/ECSTASY.MOD
4e50ecc5fc4c28419dac47cf695b739d	1	253569	player	uade	Noisetracker 1.x	0	92110	5c90cd30	fac572ef	MOD/MOD_H/HYMNAURO.MOD
4e50ecc5fc4c28419dac47cf695b739d	1	253569	player	uade	Noisetracker 1.x	0	92110	5c90cd30	fac572ef	MOD/MOD_H/HYMNTOAU.MOD
4e68bc9db69427cf12632f0679263b67	1	255923	player+silence	uade	Protracker	0	179808	0cc39232	b16552cb	MOD/MOD_D/DIOXIDE.MOD
4e84e4d7f571fb3c216738d75ef36acc	1	192141	player	uade	Protracker compatible	0	190698	5c9e2079	466142d3	MOD/MOD_F/FRFRMGTR.MOD
4e981f1d0d66dc41878f7d65077e6e1a	1	153721	player	uade	Protracker compatible	0	74793	3087e6a5	e1de30c6	MOD/MOD_M/MODLAMB.MOD
4e9c7aa1c2228f6559bf8ce072271448	1	90283	player	uade	Protracker compatible	0	91299	1c08920a	91df5851	MOD/MOD_B/BREATH.MOD
4eb19cab8eb52a6e175ee7a3c57ee49a	1	138369	player	uade	Protracker compatible	0	84210	f027f63b	44628f75	MOD/MOD_S/SALUTE.MOD
4ec0e04e21218e598492456e1016b913	1	92272	player	uade	Protracker compatible	0	59378	1c10487a	bb30990b	MOD/MOD_K/KILROY2.MOD
4edc44a43855faeec69e1075998b40c1	1	151301	player+silence	uade	Protracker	0	193372	1643e2a8	31c6d5d4	MOD/MOD_A/ANEWJACK.MOD
4ee75edce734e176f7273fbea4c67bf4	1	152435	player	uade	Protracker compatible	0	123950	6f07f9bb	5ed26108	MOD/MOD_D/DEEPNMND.MOD
4f0b821d2a889064845dc008ce1adafb	1	252946	player	uade	Protracker	0	254072	f0330f9a	1827088e	MOD/MOD_G/GLORYLVE.MOD
4f2e9040af01de268dba4319718b8ad8	1	182025	player+silence	uade	Protracker	0	251326	b296cd19	461bd508	MOD/MOD_S/SRL.MOD
4f2f40c879a44176bc5382589836b85a	1	181933	player	uade	Protracker	0	137562	daa78493	7eaf9ad9	MOD/MOD_I/INTERGAL.MOD
4f2f40c879a44176bc5382589836b85a	2	172810	player
4f5dbeb4bfe66fc4022e95615c03371c	1	92272	player	uade	Protracker	0	92828	8e218811	38285f72	MOD/MOD_S/SAUERTRI.MOD
4f6585202c4b20610b4b5c33deeadf18	1	147009	player	uade	Protracker	0	22136	cfcb2c8b	962ad5ff	MOD/MOD_C/CHITCHA2.MOD
4f7276312518fcfabb17d4417c2697d8	1	192141	player	uade	Protracker compatible	0	108310	779a391a	6db23704	MOD/MOD_N/NIGHTLIG.MOD
4fe742d1c2111048fd947f2f4ec679e5	1	199797	player	uade	Protracker compatible	0	202112	87fa77fa	988d0608	MOD/MOD_H/HUMAN.MOD
501edc8e7fe237efe493ebc420c85217	1	263875	player+volume	uade	Protracker compatible	0	113583	8fe003c9	56d39ec5	MOD/MOD_T/TRUFAITH.MOD
502ea495a4dcecc9740be2d40699a861	1	156132	player	uade	Protracker	0	114164	c5379c2b	9c04cb26	MOD/MOD_S/SHDSFGRY.MOD
506a3313d0bcb39e0cdf5d49a2ff3f88	1	75875	player	uade	Protracker	0	18000	d26e3556	217852bd	MOD/MOD_F/FEEDYOUR.MOD
508ffda5ba71299221b83866a6bc36a8	1	192141	player	uade	Protracker compatible	0	78420	5aa90ec8	efcd6fec	MOD/MOD_B/BALL_4.MOD
50cadcd1963563097c56f813bffc62fe	1	132360	player	uade	Protracker compatible	0	263744	859800cc	ea0f4d53	MOD/MOD_B/BATDANCE.MOD
51011b24b391c63760df5021a12da5e4	1	92252	player	uade	Protracker	0	182604	83dc568f	aca9b4ee	MOD/MOD_H/HARDDEC.MOD
5103289bd98d58dafd896f0e28da0e29	1	184445	player	uade	Protracker compatible	0	147026	085f2a3d	39f0ff2a	MOD/MOD_W/WHY.MOD
5120aae4d8505f84f27641b237c3468f	1	196439	player+silence	uade	Protracker	0	109672	1b15e64b	cccfca02	MOD/MOD_T/THECITY.MOD
518d031ecab63fb1b6b3f504834e2b64	1	53872	player	uade	Protracker	0	5870	ed11d2a4	a3fc5c5e	MOD/MOD_J/JULGUBBE.MOD
51b132e3cd730c6ffed4a2911971cbe9	1	238197	player	uade	Protracker compatible	0	86478	5a9e19a3	01cd5cc6	MOD/MOD_S/SYNDISCO.MOD
5233c4fe2db349e9cbc89d6547595d8f	1	38520	player	uade	Protracker compatible	0	116086	7a530046	8f52d919	MOD/MOD_G/GETUP.MOD
523685fe4c701212c6b382546eb541db	1	192141	player	uade	Protracker	0	120424	ec07bde6	dca64994	MOD/MOD_S/SLDSTTNT.MOD
52757feac2657f3a75bd5ed6d1bab825	1	71816	player	uade	Protracker	0	83934	789a6e96	32a9e42b	MOD/MOD_E/ENDLESS.MOD
5280c531d648eb7797600cad628c2888	1	307321	player	uade	Protracker	0	226654	ff9895df	83b7bfd7	MOD/MOD_T/THEDARK2.MOD
528184d2f24c964de3408f71fbf79cb4	1	183078	player	uade	Protracker	0	131776	8994a8f2	c6287fc7	MOD/MOD_M/METALHO2.MOD
52a1b6168ca335fe887c0adae9bbb124	0	197093	player+silence	libopenmpt	Master Soundtracker 1.0	4	60316	0d7f2757	59bb2595	MOD/MOD_D/DEADLOCK.MOD
52a855790e434fb7cb81badf2b114a1c	1	53149	player	uade	Protracker compatible	0	160690	bfc30cd0	99964650	MOD/MOD_C/CRIMBO.MOD
52d06d5bce44299005bd9f055e2a705c	1	153721	player	uade	Soundtracker II (15 instr.)	0	56184	fc0339cf	c08e9e9a	MOD/MOD_E/ENOLAMIX.MOD
52e612e5ea5e02573dc95b3f8d0ecdf4	1	189549	player	uade	Startrekker (4ch)	0	161012	87883f2c	bdced190	MOD/MOD_S/SYNERGY.MOD
52f862d34c51a741014ef24af0d03d49	1	7796	player	uade	Noisetracker 1.x	0	32008	55e152d9	6a4c0ab5	MOD/MOD_D/DEMO1.MOD
53651d82844d856bf42ee55fe7cddf45	1	191127	player+volume	uade	Protracker compatible	0	194122	065b5e96	bfe542e1	MOD/MOD_I/INSOFAR.MOD
5393895cc6bef730eff6a476ee3afda6	1	174816	player+silence	uade	Protracker compatible	0	114128	d0fe6d8c	7fa7d6c5	MOD/MOD_C/CCFACTRY.MOD
53fc6d52d0e3115e7b65d00a4fe905b9	1	31944	player+volume	uade	Protracker	0	92992	31fa4c39	4a6f000a	MOD/MOD_P/PARACRSH.MOD
54026f5284756c5b7d0e75cab76cfa03	1	388372	player+silence	uade	Protracker	0	221724	a1c2f0e4	b20cdbfa	MOD/MOD_I/ITSMYCNT.MOD
540716a27fdb914521c428681ac3500d	1	46216	player	uade	Protracker	0	17026	81f641eb	d2fe0046	MOD/MOD_L/LAMERPR2.MOD
540a298c3f37b1ef0ceac798dc994549	1	161397	player	uade	Noisetracker 1.x	0	90659	56f663cc	e4aea331	MOD/MOD_D/DRILL.MOD
540e060624f42d75e13ed3f2128b330e	1	84262	player+silence	uade	Protracker	0	81234	7b428500	613ca18a	MOD/MOD_T/TANGOLOV.MOD
542149ec4c6cdb1165378bd5c6e2adb9	1	205454	player+silence	uade	Protracker	0	342558	da13ffc9	ed287e2c	MOD/MOD_J/JOURNEY.MOD
542c5046943a4799fc0f3179e492a13f	1	153741	player	uade	Protracker	0	151448	82d543eb	bd71d407	MOD/MOD_M/MUSICDR3.MOD
543049fe9f035778867788e1b31eb3f2	1	66424	player+silence	uade	Noisetracker 1.x	0	77002	414e5a35	2f964836	MOD/MOD_A/ACTION.MOD
544d7cd8bd8454c26f486407acbc6e30	1	61568	player	uade	Protracker	0	86542	3148257e	4db3cb90	MOD/MOD_P/POWERJUN.MOD
54529fdb8cc371daf2b4c7c2dae764fd	1	57730	player	uade	Protracker	0	17594	336e2737	4b128d38	MOD/MOD_N/NEMESIS.MOD
5455d2da6e3b5422dd04c5c747608879	1	223809	player	uade	Protracker	0	159976	223eb807	c61d00c3	MOD/MOD_E/ENLIGHT.MOD
54698849416d588c312d8b1b807e5f1c	1	286608	player+silence	uade	Startrekker (4ch)	0	95328	b4bf245e	709c5657	MOD/MOD_H/HARDROCK.MOD
547615b5ffeb980edc4f745aab298aa4	1	276597	player	uade	Protracker	0	136086	92728806	e9ad4854	MOD/MOD_D/DIGITAL2.MOD
549a614930d2c27077d635b9ec599135	1	219650	player	uade	Startrekker (4ch)	0	56542	036a7815	69335f45	MOD/MOD_G/GIANASIS.MOD
54ad48bd0016b14360f8972d730115c2	1	192141	player	uade	Protracker compatible	0	56646	1f379399	afb0c2a5	MOD/MOD_K/KTHRSIS.MOD
54cc981e31da8e81777c20db07cf774f	1	92272	player	uade	Protracker	0	153194	270c89ed	bc8bd176	MOD/MOD_M/MEGAMIX2.MOD
54e1cbf0ac5c0bba42e9c0080f7135c9	1	226422	player	uade	Protracker	0	128490	78182771	e43b69d9	MOD/MOD_S/SUBCONS.MOD
54efa74444589c08ffbc110866034960	1	868668	player+silence	uade	Protracker	0	158120	43cc9867	0fc648c6	MOD/MOD_S/SOOTHSYR.MOD
5504aa02c5d301829040835aac769bd8	1	141709	player+silence	uade	Protracker compatible	0	102562	f2565385	8fc79eb2	MOD/MOD_A/AIRWOLF.MOD
5505dedbca32668bcf4751f666bc9da8	1	891040	player	uade	Protracker	0	86762	8ae12a96	d30ff9b2	MOD/MOD_M/MODWEARE.MOD
551ab14a2dcdf058a10014676f819374	1	256242	player	uade	Protracker	0	61240	165bb073	2cb6a334	MOD/MOD_F/FEELING.MOD
551f04e1169625ff002733a68d670d71	1	108931	player	uade	Soundtracker II (15 instr.)	0	111052	593c9cc9	c0dc151c	MOD/MOD_A/AWESOME1.MOD
553708662390bf8d365968da43d892d7	1	123921	player	uade	Soundtracker II (15 instr.)	0	63832	8397adbe	aad3713b	MOD/MOD_B/BRILL.MOD
5546040f232c41dd20cd09a4611492b7	1	249731	player	uade	Protracker compatible	0	50052	c76275a1	44a6b9a0	MOD/MOD_C/CRYNGSPY.MOD
5546c73938c906b2f1e395634c4e8372	0	158285	player+silence	libopenmpt	Ultimate Soundtracker 1.0-1.21	4	101284	1c63d4fa	6568e32c	MOD/MOD_R/RIFF.MOD
55cde663528407cee75cbf90fe1dfcac	1	297785	player+silence	uade	Protracker	0	157712	399f241d	911f669b	MOD/MOD_T/THEPIT.MOD
55d965ccc1529e74a371742187957818	1	193616	player+silence	uade	Protracker compatible	0	68628	ad3b9879	4eb4bf1c	MOD/MOD_S/SCROLL.MOD
55e2de544796b08cc356f41f5891cdc6	1	207493	player	uade	Protracker compatible	0	133732	d1404cce	bdd1e399	MOD/MOD_X/XIPHOS.MOD
562dce350fd7b18853d9d1c36989283e	1	107645	player	uade	Protracker	0	125054	47f8c731	5991a432	MOD/MOD_S/SUNWIND.MOD
56416a36c4fa0eaae5def2e93057da7a	1	240930	player	uade	Protracker	0	300718	fe0df0dc	83ea0540	MOD/MOD_B/BEATEX.MOD
56656d44457f498ce99751c41a87bbe4	1	76920	player	uade	Protracker compatible	0	63094	bfec2450	58fcd5df	MOD/MOD_D/DAWN.MOD
5679662468d2adec130e982cad51b4d7	1	276597	player	uade	Soundtracker II (31 instr.)	0	110586	19f4cd3a	36f098e8	MOD/MOD_A/ARVID.MOD
56ef2495802bb7b0ff7c220a7dfae96b	1	184445	player	uade	Protracker	0	163768	841186bd	6451dc2a	MOD/MOD_P/PT_AMAZO.MOD
5710b311f2497647602e5ab2810de9d1	1	107645	player	uade	Noisetracker 1.x	0	52664	df205800	c0d15eff	MOD/MOD_Q/QUANTUM2.MOD
57340069b0e9f14cb426eda05c69836f	1	229215	player	uade	Noisetracker 1.x	0	159692	7c61faea	f9524446	MOD/MOD_C/CALGARY.MOD
57369a916296130ed0c25175f84c24fb	1	335642	player+silence	uade	Startrekker (4ch)	0	139144	8cf9ba85	559720c6	MOD/MOD_C/COLORIS.MOD
573716137e4792c294cd85fa580b46aa	1	202309	player	uade	Protracker	0	109338	88bd0b16	72e45835	MOD/MOD_T/TOPSC#12.MOD
573716137e4792c294cd85fa580b46aa	1	202309	player	uade	Protracker	0	109338	88bd0b16	72e45835	MOD/MOD_T/TOPSECRE.MOD
57505a217709ca9d887619e85d19702d	1	158865	player	uade	Protracker	0	99024	b555d07e	09aa71ed	MOD/MOD_H/HEARTOF.MOD
5767bad0aad7ba9c4ed85c0979253a5b	1	307036	player+silence	uade	Protracker	0	167502	16f09d4c	695d95dc	MOD/MOD_T/THETRIM2.MOD
5767f01c840c6247b1860db56686d448	1	23168	player	uade	Noisetracker 1.x	0	22856	21c3a931	08a1734f	MOD/MOD_G/GSC.MOD
57acd1de8e49447b8a29e749ecb3a76e	1	153721	player	uade	Protracker compatible	0	74696	0d91b8d9	e1bb1551	MOD/MOD_K/KILROY5.MOD
57b5aea15ea36f03c6aab23c204ac0c2	1	76920	player	uade	Soundtracker II (15 instr.)	0	58630	a23e6bd2	fe2a95a5	MOD/MOD_H/HIPHURRA.MOD
580f26545d579c1e8c4ae3bd3133f632	1	381562	player+silence	uade	Protracker	0	153868	c41a6f53	a78b4aaf	MOD/MOD_L/LIZARDKI.MOD
585f37e8d1da0ef838ae477a5385d1a6	1	137372	player+silence	uade	Protracker compatible	0	70728	7f361710	6ca4da50	MOD/MOD_W/WALKING.MOD
58676193a6af8a8b32a03fd1b812cab4	1	107323	player	st3play	Scream Tracker 3.00 (GUS)	8	39778	6276c3a3	50496eac	SNDTOOLS/DOS/ST3/S/SATELITE.S3M
58a6abcecd1fc8826131c6baee8d570f	1	195396	player	uade	Startrekker (4ch)	0	108324	85114e20	98e3ea25	MOD/MOD_R/REDDWARF.MOD
58f2d981df4193c43dca400aeec236c4	1	124926	player	uade	Protracker	0	54182	239f1bcb	f31b8555	MOD/MOD_O/OHNOADEM.MOD
5917469b6ac6c224ffbd351c489ff725	1	59197	player	uade	Protracker	0	10086	51e36af7	5acd84b7	MOD/MOD_H/HAPPY.MOD
5a083f3a61e5ec960f01c7628b16c864	1	161397	player	uade	Soundtracker II (15 instr.)	0	112416	16b4c6e4	8a03c556	MOD/MOD_T/THELOOK.MOD
5a2fb1734d37a5310e335b1dc3b3a63d	1	173551	player+silence	uade	Protracker compatible	0	101110	ad94f75c	ebdb5768	MOD/MOD_B/BACKFIRE.MOD
5a4860c5f756038c5e7273c90f622b4b	1	238197	player	uade	Protracker compatible	0	115724	3eaf0534	e9c21562	MOD/MOD_I/IRONTEAR.MOD
5a720e449b16a68e02f472e71b040831	1	184023	player	st3play	Scream Tracker 3.00 (SB)	16	154376	c854dae4	081650a9	SNDTOOLS/DOS/ST3/S/DARKNESS.S3M
5a720e449b16a68e02f472e71b040831	2	45392	player
5a8a46ad509629ad2cbacc1b4f5e8dbc	1	209402	player	uade	Protracker	0	85848	0b98e4a0	40cf8206	MOD/MOD_A/AUDIOVIS.MOD
5a95a2bc325168b38ef936ef34e27580	1	107645	player	uade	Noisetracker 1.x	0	44984	2b18667d	d202d39c	MOD/MOD_S/SOLODRUM.MOD
5abaa9c124dff61b50cb8ec724cbbec9	1	168852	player	uade	Noisetracker 1.x	0	126135	7a4e3727	7dd52824	MOD/MOD_S/SEEKDEST.MOD
5add1bdc3ed492c0d35786de0f874903	1	459174	player	uade	Protracker	0	204880	7240adae	fd27b3c9	MOD/MOD_N/NICEWET.MOD
5b0ecad3884d4df1fd016574541cf2ff	1	99968	player	uade	Noisetracker 1.x	0	73920	361c09c5	8e843b8f	MOD/MOD_C/CHINDUDE.MOD
5b11d164aef51a1c2e5efef4babc886d	1	130693	player	uade	Protracker compatible	0	153724	ebca6176	3ecce477	MOD/MOD_U/URALVLGF.MOD
5b13288659096f3dd1c461f51fd2e14f	1	288171	player	uade	Protracker compatible	0	109936	82c77295	206b2596	MOD/MOD_K/KEFRENSV.MOD
5b13288659096f3dd1c461f51fd2e14f	1	288171	player	uade	Protracker compatible	0	109936	82c77295	206b2596	MOD/MOD_K/KEFVECTR.MOD
5b13288659096f3dd1c461f51fd2e14f	1	288171	player	uade	Protracker compatible	0	109936	82c77295	206b2596	MOD/MOD_K/KFRNSVCT.MOD
5b17e996ec1b0fa262386076c353eec8	1	357577	player	uade	Protracker	0	159512	75e0d064	64cbf07d	MOD/MOD_B/BIOLOGIC.MOD
5b2b870736a320185225de3180431952	1	238197	player	uade	Protracker	0	162544	d1199162	5fe6fe51	MOD/MOD_J/JM.MOD
5b3e44612707792040a838b95b1eb607	1	238197	player	uade	Protracker compatible	0	161922	38167586	9306b6ad	MOD/MOD_P/PUMPUMJM.MOD
5bad403cd6990192889b58bb46155ed4	1	211472	player	uade	Protracker	0	113208	07c17f82	6b893c64	MOD/MOD_M/MGNTCFLD.MOD
5be2b140d1ca5a55717ec14b9037afd3	1	176769	player	uade	Protracker	0	120570	b23a09d0	fb3f24c5	MOD/MOD_S/SC2T4.MOD
5bff47127f40269bfc0ad6f920dfa424	1	144015	player	uade	Protracker	0	123410	8e0a76c1	225be753	MOD/MOD_F/FATALFUN.MOD
5c0990a2b271baff5d95a0339975ab45	1	900966	player	uade	Protracker	0	141456	b02a68bd	3e27ecbc	MOD/MOD_N/NOWWHAII.MOD
5c0c924099a2942439a97963d2c947c1	0	174337	player	uade	Ultimate-Soundtracker or compatible	0	66436	a9e25e64	4e873a97	MOD/MOD_K/KENT.MOD
5c7ee9a6cf66c7b46221f85b8367e582	1	30824	player	uade	Noisetracker 1.x	0	30456	963a8478	e001e91a	MOD/MOD_A/ARKANOID.MOD
5c8c1640b870655dfcea5726d3b13797	1	215149	player	uade	Protracker	0	114830	7b3e2854	fa9ae74c	MOD/MOD_N/NATURE.MOD
5c8d5f8166bafa870067be7ab9c4fc6d	1	130693	player	uade	Protracker	0	18796	26963f85	5bf77137	MOD/MOD_C/COOPTUNE.MOD
5ca8670a51ee990700e2346c200df5a8	1	122997	player	uade	Protracker	0	109152	7e7b548f	f6299925	MOD/MOD_S/SPCTRLNT.MOD
5cbbcab3b08aa0ba41fa5144828bc220	1	285490	player+silence	uade	Soundtracker II (31 instr.)	0	143336	6db93e87	6337a8f5	MOD/MOD_B/BEZ_CALM.MOD
5ce16ef0d02cee85d70cd657256c6b59	1	181451	player+silence	uade	Protracker compatible	0	116882	94cf0fe2	a3d9550b	MOD/MOD_F/FIRSTSHO.MOD
5d04808a44bdda040c56bc62492ecf71	1	244587	player	uade	Protracker	0	256500	16752c3d	721245ef	MOD/MOD_D/DEVIATOR.MOD
5d0f631efe24004919922ee63a79c166	1	122997	player	uade	Soundtracker II (15 instr.)	0	61304	2adac879	03900e56	MOD/MOD_T/THERONIT.MOD
5d4cc3c1bbd743beac54641eb85f096e	1	82687	player	uade	Protracker	0	14532	dd08a56c	20a90c75	MOD/MOD_I/INMENU1.MOD
5d5d379a0030dc2f9c66029fcb29cafe	1	181893	player	uade	Protracker compatible	0	282624	383976de	3c13d691	MOD/MOD_I/IVEPOWER.MOD
5d5fae15f871e036424dacece5e92a31	1	176769	player	uade	Noisetracker 1.x	0	54450	b3381b79	0287cd0b	MOD/MOD_B/BONITA.MOD
5d76bbdb087bd60afb3b36340f1cc3a7	1	233193	player+silence	uade	Protracker	0	141280	f81dbd43	4cffbec4	MOD/MOD_S/SADSONG.MOD
5d86af83df591b71df156f1161f9a47a	1	350918	player+silence	uade	Protracker compatible	0	153990	812addc3	be3d7f65	MOD/MOD_R/ROWROWMM.MOD
5d86af83df591b71df156f1161f9a47a	1	350918	player+silence	uade	Protracker compatible	0	153990	812addc3	be3d7f65	MOD/MOD_R/ROWROWMO.MOD
5da76b48edf0b0d67548cd2dd46e079e	1	139373	player	uade	Protracker compatible	0	130749	c84e5568	5fb9a3db	MOD/MOD_R/RTMDGKND.MOD
5dc1422ac059e23cbef9c4ac7c3cd297	1	152254	player	uade	Protracker	0	157936	62ced226	8902fc29	MOD/MOD_M/MENTALIN.MOD
5dce4cbfedf83fbd1341db4e2a5651af	1	233334	player	uade	Protracker	0	129916	31fd26db	f7679a79	MOD/MOD_R/RASTAMAN.MOD
5e3b316d05503cd19aa3ddef9948664a	1	112769	player	uade	Protracker	0	131324	357db73c	2ad6dfbb	MOD/MOD_D/DIGITAL3.MOD
5eb312f328a24292576af2729af72c5d	1	363987	player	uade	Protracker compatible	0	214418	dfb0fc45	c1ba7c8b	MOD/MOD_E/ELETRIK.MOD
5eca6140e2244cd27861da807648d162	1	96130	player	uade	Protracker	0	66712	7a0df9a4	5387cc39	MOD/MOD_B/BLUSBRS3.MOD
5eced68fd1f34de97892ce22daf5694b	1	254282	player+volume	uade	Protracker	0	138470	0874ab6f	5cea47d3	MOD/MOD_S/SLOOM.MOD
5ef71a48a35d55711ea95cd438f9facf	1	174197	player	uade	Protracker	0	58800	f25f9c32	5ada6853	MOD/MOD_P/PROMISE.MOD
5f314fc2889a6714a5b43fa90843303e	1	180409	player+silence	uade	Protracker compatible	0	158428	b0b9b9c9	22dba23d	MOD/MOD_G/GHOST2.MOD
5f61896ffefdb448a19451ded8e89976	1	138369	player	uade	Protracker	0	62742	45ff1efe	ddfbd2c9	MOD/MOD_D/DUMBUM.MOD
5fdf689793121203e6e4e6e713388ad9	1	92272	player	uade	Protracker	0	59534	f0f7acd2	f2d7a6cf	MOD/MOD_B/BUBBERS.MOD
600a44c162597db0a4ed09124eaf83f0	1	149883	player	uade	Protracker compatible	0	140892	5b92eaca	387d9b1c	MOD/MOD_W/WIERD.MOD
6032fabb243b6ada5ab7ae64cc460beb	1	230541	player	uade	Protracker	0	151444	ac89f889	40885356	MOD/MOD_D/DEADLINE.MOD
609d6933bf28d1886ec8fcb76b86dd4e	1	124805	player	uade	Protracker	0	76770	5e314d37	546fc339	MOD/MOD_U/UNDERGRO.MOD
60b40d5fe936613c365c6dd0b94aaa23	1	218910	player+silence	uade	Protracker compatible	0	182383	2bc50db7	ecdebf82	MOD/MOD_U/UBOAT.MOD
60ba3b80f20cd6192e3b6cfa7fdd74ea	1	169093	player	uade	Protracker compatible	0	44172	430d241f	5ca428e9	MOD/MOD_D/DREAMTN.MOD
60cde05976f6161b0554dd65b1a3b92d	1	637350	player	uade	Protracker (vblank)	0	223232	f01f32bd	8fad533a	MOD/MOD_K/KLISJE.MOD
60f2a828a93d6512ba46bae3ea101b20	1	247660	player+silence	uade	Protracker	0	190110	53e273b3	978cd63f	MOD/MOD_D/DRAGON.MOD
60f49fbe4275367a82d5dbb26fcf9bf4	1	184445	player	uade	Protracker compatible	0	162158	48c4223f	b3dc8f36	MOD/MOD_B/BREEDERR.MOD
611160454c401a90306aac17ac46c021	1	291969	player	uade	Soundtracker II (31 instr.)	0	248050	70874c07	44350d93	MOD/MOD_A/APPROX.MOD
612a162e5f2ad32a419e970fcd62778f	1	138007	player	st3play	Scream Tracker 3.00 (GUS)	16	221406	6e6558e1	2b4ba7db	SNDTOOLS/DOS/ST3/S/EXPLORAT.S3M
6180dece9717d05611f0b5287ce6a9c6	1	51320	player	uade	Protracker compatible	0	20896	f7fe8a2c	fb0b8f63	MOD/MOD_I/INTROFRO.MOD
61a18515388f32e0d61a38bbfb5c2e1f	1	176146	player	uade	Protracker	0	104020	19522b56	fe886363	MOD/MOD_P/PYRAMID.MOD
61b841077d608de609b078784258466a	1	71816	player	uade	Protracker compatible	0	50828	2eda83ac	445b1447	MOD/MOD_A/AHREV2.MOD
61c173cf5676c4db149021efecdbbc35	1	146045	player	uade	Protracker compatible	0	150474	20b64fa0	c841bd82	MOD/MOD_K/KAOSMODL.MOD
61f70c3b0fe237859c78003f9365e86c	1	407707	player+silence	uade	Protracker	0	218388	0dc7afa4	0eca855b	MOD/MOD_T/TRANZSEV.MOD
6205ce23216b0cf539d3c1b512f8eab9	1	175663	player+volume	uade	Protracker compatible	0	144772	66288d7a	e4d08e82	MOD/MOD_R/RBI.MOD
622e9c2283b55f3f0668514596a4f15a	1	149883	player	uade	Protracker compatible	0	204406	87c7f796	8591b0a7	MOD/MOD_F/FRENKISS.MOD
626194aafd1637ea5825db4368c656c9	1	645720	player+volume	uade	Protracker	0	194072	03e16f14	b0b7a777	MOD/MOD_E/EURO20.MOD
62a0beb841f37550a1477b2e43658ffd	1	61568	player	uade	Protracker compatible	0	39856	d3fbafd3	10b7ddb1	MOD/MOD_M/MUSTHAVE.MOD
62e5889862b4060a2e1f5f91639cf6a0	1	152429	player+volume	uade	Protracker compatible	0	144204	8c2227a7	1bedd91f	MOD/MOD_A/ASPHYXD.MOD
62e5889862b4060a2e1f5f91639cf6a0	1	152429	player+volume	uade	Protracker compatible	0	144204	8c2227a7	1bedd91f	MOD/MOD_A/ASPHYXIA.MOD
6301dc24b14c307e86ccbd7be8e3d3e7	1	189549	player	uade	Protracker	0	17266	15dfe46f	9fed5938	MOD/MOD_S/SHAREAND.MOD
6322fec5dc0558aea9cde873a2907d86	1	267407	player+silence	uade	Protracker	0	364226	e22650c3	8b236a72	MOD/MOD_L/LASTEXEC.MOD
635ef6ab74479daccefd47d531e6ce28	1	192141	player	uade	Protracker	0	102418	da75587f	3fe28858	MOD/MOD_C/CLTFTCHN.MOD
636ce74c76ede4f39556fc09fbe798d9	1	207493	player	uade	Noisetracker 1.x	0	99280	f1bb013c	fc4c5d5a	MOD/MOD_B/BA1-RSI.MOD
63771a11ed8125116a73c1c8b4255f62	1	186293	player	uade	Protracker	0	176872	f7ce9fe3	fe4421ec	MOD/MOD_A/AWAKE2.MOD
6393fdfbe4bbdef44c986e182a12538e	1	52425	player	uade	Protracker	0	92490	d01e8a20	a9abdd7c	MOD/MOD_H/HOT&RED.MOD
63a605dc507b7b4fa299eba133e4382f	1	199797	player	uade	Protracker	0	169176	86e6d5d6	8480c975	MOD/MOD_A/ALTOFLYT.MOD
63b0563c2bcda0402dc2fea0d64f7963	1	79472	player	uade	Protracker compatible	0	90950	c07a9036	5b927f09	MOD/MOD_I/INGAME1.MOD
64039ba31f5365dcfa20ed3ccc60b3a3	1	115321	player	uade	Noisetracker 1.x	0	139066	e1c86f49	4aed5a16	MOD/MOD_F/FREEZE2.MOD
640821f7f70eb81cb752e68deb6ef18f	1	166521	player	uade	Startrekker (4ch)	0	172380	588d4fb3	04a21c9a	MOD/MOD_I/ITSJUST.MOD
6425bbdbe773159c5a9c87b70ea01e5b	1	283831	player	uade	Protracker	0	138756	245f2c3b	d4d9592b	MOD/MOD_A/ASSASIN.MOD
642e939c381286d85f9c15f5d2f1cca5	1	255498	player	uade	Protracker compatible	0	84090	7fda0b6f	16c8ddf3	MOD/MOD_S/STOR.MOD
642e939c381286d85f9c15f5d2f1cca5	1	255498	player	uade	Protracker compatible	0	84090	7fda0b6f	16c8ddf3	MOD/MOD_S/STORM.MOD
6431eba71003d8879671c23822ceac12	1	180200	silence	uade	Startrekker (4ch)	0	142048	9f4a3fec	516e681e	MOD/MOD_H/HASH_MIX.MOD
643688b4d1efaf2f3e6ad007cdf9b56c	1	255157	player	uade	Protracker	0	237388	1f70511a	c4ac8246	MOD/MOD_S/SUMMERIN.MOD
6448b90c14a9dc969cd78f2eecef8464	1	53872	player	uade	Soundtracker II (15 instr.)	0	46154	5f26c823	643700e4	MOD/MOD_R/RENEWER.MOD
644bb695bbb3a62eb77510ce8def62ac	1	169093	player	uade	Protracker compatible	0	140470	2d1811fa	53ef919c	MOD/MOD_A/ACID_AGE.MOD
647fd41fe9707b109b309196ca23d816	1	195959	player	uade	Protracker compatible	0	86564	bbe0fb64	660057fc	MOD/MOD_F/FUNK.MOD
647fd41fe9707b109b309196ca23d816	1	195959	player	uade	Protracker compatible	0	86564	bbe0fb64	660057fc	MOD/MOD_F/FUNKNJAM.MOD
648244e7fd4727c2e1ca7889dd32d695	1	169716	player	uade	Protracker	0	99242	120fe98e	dc508dc2	MOD/MOD_D/DELIRIUM.MOD
649705108de4e6c856505b74f6fcd4d2	1	46216	player	uade	Noisetracker 1.x	0	9760	84133b1e	7691194b	MOD/MOD_L/LEMONINT.MOD
64e416a490c469bbb6bd796d13db9aa3	1	149556	player+silence	uade	Protracker	0	147434	385084f7	3147a5f6	MOD/MOD_C/CHPPRTN0.MOD
650bc1c7d6d5e62f7ffccf3a6d7e3bc6	1	46216	player	uade	Soundtracker II (31 instr.)	0	26975	0677ce79	0d42b2cd	MOD/MOD_P/PRELUDI.MOD
651fb6da0956f038b10c7ea3cf0dc0a9	1	542193	player+silence	uade	Protracker compatible	0	107346	2bdb22a8	6d923ae0	MOD/MOD_N/NEGLIGEN.MOD
654d2622c64a54d4c25a392305d65fa1	1	126533	player	uade	Protracker	0	241576	0958ec48	7972d487	MOD/MOD_P/PHANATOS.MOD
6557cddd2b929eb89ba108792c6fbb6d	1	138369	player	uade	Noisetracker 1.x	0	192032	dbebd5d6	c9f21ae2	MOD/MOD_F/FRI.MOD
65610c0077753c4c28eaf2ad8c03210c	1	281480	player	uade	Protracker	0	250666	319211f8	4371996f	MOD/MOD_D/DASBOT2.MOD
659e66da9f71b006617eef1fa72363b0	1	215149	player	uade	Protracker	0	74994	74f8964c	9729cf70	MOD/MOD_S/SEEKERZ.MOD
65b695b5ed44cb13c5708bc99240cc9f	1	212557	player	uade	Protracker	0	146770	f1f8e386	40b642e8	MOD/MOD_L/LEARNING.MOD
65c2ca3528f13cafa927105e983a9e90	1	317856	player+silence	uade	Protracker	0	122580	b2a1a47c	596d1ff0	MOD/MOD_G/GRAVEYAR.MOD
65ce243388fc7b94c2d33895be039360	1	173222	player+silence	uade	Protracker	0	89210	2148dce7	46aeddff	MOD/MOD_W/WHATEVUH.MOD
65dbf18b821724e0bfe681a81108b62d	1	506733	player+silence	uade	Protracker	0	116672	bcd2249d	788f5957	MOD/MOD_M/MINDSTOR.MOD
65f06a817d0f09d5b6a863499ef07bf0	1	161718	player	uade	Protracker	0	103368	dd980db3	e37969fa	MOD/MOD_T/THEBLACK.MOD
661bf5e1fb6a827d697b6e0c15b44287	1	127920	player	uade	Protracker	0	302974	2a02b3bc	6cab5846	MOD/MOD_H/HOUSEOUT.MOD
663e27704b2fd58f7029c80becb97245	1	299645	player	uade	Protracker compatible	0	96220	c58eaf59	6a3bae7d	MOD/MOD_A/A2.MOD
66456151af365d963d304a29aa47066c	1	123910	player+volume	uade	Protracker	0	101304	d962101d	640f6c6a	MOD/MOD_S/SHINY.MOD
666b065cefca3d4ab3ede2b4470bb6d7	1	426380	player	uade	Protracker	0	85004	22d47b0a	1cfdb343	MOD/MOD_M/MOBITE.MOD
669227889ad0cfaab130b2f85d8f684d	1	226603	player	uade	Protracker	0	178016	0a1d35e7	cb5e5d1b	MOD/MOD_S/SADNESS.MOD
669e54595ed66a85a9e0a977caf89c2b	1	192141	player	uade	Protracker	0	101094	4ae6340d	f94ad2ef	MOD/MOD_L/LIES!.MOD
669e54595ed66a85a9e0a977caf89c2b	1	192141	player	uade	Protracker	0	101094	4ae6340d	f94ad2ef	MOD/MOD_L/LIES.MOD
66ae784670fb44bc2211fac7b9ad9d25	1	357256	player	uade	Protracker	0	139202	1a159437	b82bf9c9	MOD/MOD_I/INTOTHE.MOD
66c35f85008f562a0ff216e3551c2ef4	1	391134	player	uade	Protracker	0	139000	17848dcc	455245d6	MOD/MOD_L/LKRAV.MOD
66cfbe0f84e84f9f89e59cc1c1d74e9b	0	53679	player	libopenmpt	Ultimate Soundtracker 1.0-1.21	4	29072	2a213f98	7ac8689c	MOD/MOD_Q/QUIET.MOD
66ea77ced797b2a9d30e893b66e0e580	0	206026	player	uade	Ultimate-Soundtracker or compatible	0	65440	c6a18b4c	e62410e4	MOD/MOD_F/FINVIS.MOD
670922a4da94af43c746869864ba891f	1	80236	player	uade	Noisetracker 1.x	0	338858	c9a57dfe	4e51c126	MOD/MOD_N/NEWACTIO.MOD
670d5245f4c62449b5a3b37c983383c2	1	207493	player	uade	Soundtracker II (15 instr.)	0	131448	70ce5a2b	fe345f45	MOD/MOD_S/SAVAGE.MOD
672f3bcf81fe5863094625675a8ecba9	1	270308	player	uade	Protracker	0	130150	bad8abca	1dec4038	MOD/MOD_A/APCALYPS.MOD
6771fa1396f838b8fdd54e0973160c0a	1	130693	player	uade	Noisetracker 1.x	0	53248	21d535e9	1a0ced76	MOD/MOD_A/ALWAYSON.MOD
677e6d317a5e5e5d489a1763a2792a19	1	301313	player	uade	Protracker compatible	0	209944	3c68194c	a3b6ef8f	MOD/MOD_E/ELGPASA.MOD
679532bcc7abdd2b00cce414902466f5	1	89861	player	uade	Protracker	0	31214	1611fb22	9feff888	MOD/MOD_P/PECULIAR.MOD
679ce40c23b9fee14689b285564b1f62	1	161913	player+silence	uade	Protracker compatible	0	116230	6a71f9c3	617146a2	MOD/MOD_R/RUN_THE_.MOD
67e553261a21c4cf1c4a06bf295b1d55	1	296253	player+silence	uade	Protracker	0	94452	1d3d4b01	39e34165	MOD/MOD_M/MELODIOU.MOD
67ee6108f41158f35d44d8071d7b454e	0	30674	player	libopenmpt	Ultimate Soundtracker 1.0-1.21	4	44996	49b4dfeb	93fcef75	MOD/MOD_S/SLL4.MOD
68316e3a30fbdf9849387e028b853209	1	81427	player+silence	uade	Protracker compatible	0	70890	5afeb12f	9a21850a	MOD/MOD_A/ASTXCD1M.MOD
68316e3a30fbdf9849387e028b853209	1	81427	player+silence	uade	Protracker compatible	0	70890	5afeb12f	9a21850a	MOD/MOD_A/AUSTEX.MOD
68316e3a30fbdf9849387e028b853209	1	81427	player+silence	uade	Protracker compatible	0	70890	5afeb12f	9a21850a	MOD/MOD_A/AUSTEXCD.MOD
683811f49355605986f196fd2aea40cb	1	319160	player+silence	uade	Protracker	0	161992	b5e020fc	4f91e37c	MOD/MOD_I/INFANITA.MOD
683af9cc2c4dd4049b3e16f6f379dfdc	1	169736	player	uade	Startrekker (4ch)	0	150568	f30214f2	d24f3b7f	MOD/MOD_E/EMOTION.MOD
6880e2c2f6cc11f294308945d55327ce	1	120284	player	uade	Protracker	0	147878	49e68847	a146f763	MOD/MOD_B/BEYOND3.MOD
68b47cd7d000bfaa9f97b542b7f9e83f	1	222845	player	uade	Protracker compatible	0	205624	586dccad	24c8e5fd	MOD/MOD_G/GRSHOUSE.MOD
68bb93e026597906a4c59851a0dc5361	1	309929	silence	uade	Protracker	0	128876	2486d15f	a2f8d3a2	MOD/MOD_O/OBERHEI2.MOD
68cdd504f50a3b2ce408cbc85ad0cbd8	1	309701	player+volume	uade	Protracker compatible	0	252004	93092abe	8e0d98e0	MOD/MOD_F/FLIP_HOU.MOD
68cdd504f50a3b2ce408cbc85ad0cbd8	1	309701	player+volume	uade	Protracker compatible	0	252004	93092abe	8e0d98e0	MOD/MOD_F/FLIPHOUS.MOD
68d26604bdb343fdfbd6d858160f0319	1	161397	player	uade	Protracker	0	46616	b653ed91	2645b85a	MOD/MOD_L/LAIDBAC2.MOD
68dd096ec04e470bc742b364950af9d3	1	199797	player	uade	Noisetracker 1.x	0	88404	25abc149	4a81d997	MOD/MOD_G/GHOST.MOD
69389b1aabda2e1e965176f36e905328	1	176769	player	uade	Soundtracker II (31 instr.)	0	78762	4721a4c1	a569eea8	MOD/MOD_S/SHEDRIVE.MOD
69882c2bc56e2077ea12b5aea15c1b98	1	65406	player	uade	Soundtracker II (15 instr.)	0	189920	49b30dde	5476e823	MOD/MOD_C/CRYBAB.MOD
69a25edfd0f34742119ddd05d42f855f	1	159204	player+silence	uade	Noisetracker 1.x	0	146880	ab2f544c	7d587ea5	MOD/MOD_E/ECSTACY.MOD
69a8baf3de110345448f746f5b19c45a	1	165054	player	uade	Protracker	0	118748	175cf55b	e9e2384a	MOD/MOD_F/FUNERAL.MOD
69b7237fe0863c0ac181ea0ee02f9ffa	1	188605	player+silence	uade	Protracker compatible	0	162918	0e1cc520	a959caf8	MOD/MOD_M/MOVE.MOD
6a1a116b1e38f75e4a69028ab8dd9f65	1	335051	player	uade	Protracker compatible	0	95528	428e8721	74aa504b	MOD/MOD_T/TOCCATA.MOD
6a5bcd6319d8f51322cfe022c6d0d868	1	383901	player	uade	Soundtracker II (31 instr.)	0	97336	f0139f5f	f4406551	MOD/MOD_D/DRAGONS2.MOD
6a93ed8b57eb79705f7ac926eab420b8	1	84616	player	uade	Protracker compatible	0	181498	1ebd527b	b9fc7ff3	MOD/MOD_G/GETINTO.MOD
6aaadc8ac3b3015e29b1a081dc24821a	1	151017	player+silence	uade	Protracker	0	67980	6dd325dd	f5e33e58	MOD/MOD_S/SONIC.MOD
6ac3830950d963ec2d926d973a5c2ab3	1	222845	player	uade	Noisetracker 1.x	0	301508	6c4cb77e	501f8bc1	MOD/MOD_P/PHACU2.MOD
6acbd175e9878319a568345ea7666a4f	1	334288	player	uade	Protracker compatible	0	90772	46e48fdd	e47b1fdf	MOD/MOD_M/MEANMACH.MOD
6ad8ec26f9b8cb9904495c6fdf3c603c	1	199797	player	uade	Soundtracker II (31 instr.)	0	68400	dad3d1ef	85b0c71c	MOD/MOD_S/STARWARS.MOD
6ae0b4f2e138cf2dc8f04077869a9ab0	1	153240	player+silence	uade	Protracker	0	157614	356613ed	58740ea4	MOD/MOD_M/MPYTHON.MOD
6b047e47ba6eebf5d034ffa376a33105	1	119703	player+silence	uade	Protracker	0	92098	f0fbce1a	e77327e5	MOD/MOD_R/RIGHT_OR.MOD
6b19cf1583ee3b8ffe38b178ec32025a	1	195959	player	uade	Protracker	0	178646	aeec859d	bd2fa587	MOD/MOD_K/KEYBOARD.MOD
6b1a2d6a44685889fb8cc4838173bb60	1	105836	player	uade	Protracker compatible	0	47344	9c78f662	62e5d62e	MOD/MOD_W/WHATSUP.MOD
6b241b963054db83d0c8ac11ab4e586a	1	192844	player	uade	Noisetracker 1.x	0	175414	75bfdbcb	5bc6da32	MOD/MOD_D/DATATITL.MOD
6b4859d0b118684cee5b1a0da337d456	1	200644	player+volume	uade	Protracker	0	393670	d600c871	2c0ad6a7	MOD/MOD_S/STYLEBLE.MOD
6b8e2bc9508ff3eacbcafa8c14c05905	1	300792	player+volume	uade	Protracker	0	306086	1ecef319	eea915b6	MOD/MOD_D/DAS_BOOT.MOD
6b9eed42fc2f170931b16fb51b480092	1	245893	player	uade	Protracker	0	70888	709c2f6f	3c27d0c1	MOD/MOD_B/BIZZJAM.MOD
6ba389896eaf6609b7653db2342ff4d1	1	210068	player+silence	uade	Protracker	0	118812	a220b31b	20bea59d	MOD/MOD_W/WHI.MOD
6bb05d7983dfa9781c2b654fc42ddfda	1	216817	player	uade	Protracker	0	124424	ad8f97d5	2256c727	MOD/MOD_P/PERSONAL.MOD
6bba241300965536305e2d175d97892b	1	122494	player	uade	Protracker compatible	0	66942	879e54c5	c828442c	MOD/MOD_B/BALL_3.MOD
6bba241300965536305e2d175d97892b	1	122494	player	uade	Protracker compatible	0	66942	879e54c5	c828442c	MOD/MOD_B/BALL4.MOD
6bc46ab6a469886839297feead389e2f	1	71655	player+silence	uade	Protracker	0	50000	7f79ca01	94e94d48	MOD/MOD_B/BLDNTHRF.MOD
6c031b8567590afb3b884413067540e8	1	211331	player	uade	Protracker	0	122450	0ba08789	89417314	MOD/MOD_D/DISCOPER.MOD
6c613f2f8f48ea6e0125ecf5f24f711f	0	142629	player	uade	Ultimate-Soundtracker or compatible	0	58412	bb74980f	ebd933fa	MOD/MOD_E/EBYT.MOD
6c736fbfcd0336c2a0da9d1b0151cbd7	1	182757	player	uade	Protracker compatible	0	131838	1828678c	f3eab925	MOD/MOD_M/MEANBEAT.MOD
6cc1794f6315cd8fde449e298a3a792f	1	241091	player	uade	Protracker	0	139452	edb5e729	f28c2694	MOD/MOD_O/ODYSSEY5.MOD
6cdd584c7eabf1169ac5dec50b3942b3	1	18225	player	uade	Protracker compatible	0	28707	a2400512	eb931eef	MOD/MOD_J/JAZZ.MOD
6d059f27573c92687524b2b18b0c5271	1	363746	player	uade	Protracker	0	150084	683ac36b	f9c787ef	MOD/MOD_C/CO_OPRTN.MOD
6d1b7cd596e7641c9d4d71ea67908899	1	237281	player+volume	uade	Protracker compatible	0	127544	27ec0c1b	cdf7095e	MOD/MOD_I/ITMUST.MOD
6d6863193db7dddd57812f9be154e900	1	394691	player	uade	Protracker compatible	0	142752	674dd9ff	463ab110	MOD/MOD_B/BLUE3.MOD
6daaf200d0cbe079d30f480b96b27201	0	71314	player	uade	Ultimate-Soundtracker or compatible	0	58510	c0872cc6	efc91573	MOD/MOD_T/TECH31.MOD
6dc4a09c191cd7d4ef9721b03f46ab3a	1	177964	player+silence	uade	Startrekker (4ch)	0	260414	679c717a	9ec6a0ad	MOD/MOD_D/DEE_LITE.MOD
6dc4a09c191cd7d4ef9721b03f46ab3a	1	177964	player+silence	uade	Startrekker (4ch)	0	260414	679c717a	9ec6a0ad	MOD/MOD_D/DEE-LITE.MOD
6dcbc98241eef65bf1e23dca0a3901f2	1	257407	player	uade	Protracker compatible	0	227102	90737252	40dbdaa6	MOD/MOD_D/DEAD.MOD
6ddbdff3cceecb87cd4a47507a4cd4bf	1	179984	player	uade	Protracker	0	263766	f4673591	fec0a32f	MOD/MOD_G/GETDOWN.MOD
6e040a5bc4cb4218a9926bd81115fa47	1	90363	player	uade	Protracker	0	24492	3f5e7d49	cf4be8b1	MOD/MOD_P/PCBEAT.MOD
6e0e43f26c43957798c135d992e216c0	1	379657	player+silence	uade	Soundtracker II (15 instr.)	0	119668	3de3cd7d	071a8c7d	MOD/MOD_H/HUMANOID.MOD
6e41dcb9280f181667b684cf4fe105c5	1	121088	player	uade	Protracker compatible	0	59806	f19eced2	479d535e	MOD/MOD_T/TUNE2.MOD
6e4b72d311e531b0876f9fd35a022ab5	1	106700	player	uade	Protracker	0	152584	eb2d87b3	6ee849f9	MOD/MOD_B/BRUISER.MOD
6e5d276757bc4b4703bd93f6b96e9b54	1	191346	player+silence	uade	Protracker	0	118996	a7f6e396	1bf07e00	MOD/MOD_F/FANTASY.MOD
6ec65142760e4f12c1e622d8a22558ba	1	207493	player	uade	Protracker	0	63670	a98a3a2a	bd84cef7	MOD/MOD_C/CMPOSURE.MOD
6f3d8152af1a83b9ed78577a75d3fcd5	1	207493	player	uade	Noisetracker 1.x	0	160454	7cdad64b	640e0114	MOD/MOD_C/COMA.MOD
6f3d8152af1a83b9ed78577a75d3fcd5	2	146708	player
6f3d8152af1a83b9ed78577a75d3fcd5	3	134531	player
6f40842b04de573e04ba1ed3d427839c	1	181893	player	uade	Protracker compatible	0	253588	6b56aeca	f6bd5c1e	MOD/MOD_I/IHAVEPOW.MOD
6f4338f715d79c104cd978b34fa639f7	1	117872	player	uade	Protracker	0	65194	6b2d025c	9dfc674b	MOD/MOD_L/LIOTHS.MOD
6f6023a8433b9d4e4b9df45443101642	1	138369	player	uade	Protracker compatible	0	90642	683264b5	a0b934c7	MOD/MOD_S/STEAM.MOD
6fa5dba102dc6681a74577e8175c504e	1	281239	player	uade	Noisetracker 1.x	0	93516	6f2fcb1a	5c65d17b	MOD/MOD_B/BEA.MOD
6fa7ca9918b77f6e68c2ecbb737d9818	1	59880	player	uade	Protracker	0	13768	122e3af2	5c7fd098	MOD/MOD_M/MORESATI.MOD
6fb5fe19ef42bdedb70644d272758d60	1	125569	player	uade	Protracker compatible	0	251150	ebec469e	32ef623d	MOD/MOD_H/HIPPOP.MOD
6fb6acd7df4f0717c92e9d168535c0e8	1	354826	player+silence	uade	Protracker compatible	0	184430	51b9135b	5db4800c	MOD/MOD_L/LIVE_JAM.MOD
6fca7eb0a4db0e42609d9b72d3d83103	1	147765	player+silence	uade	Protracker	0	139824	354ee53f	07c5c3a5	MOD/MOD_L/LOVETHE.MOD
6fcbf20c528a66779d32aa521cdc1b3d	1	35968	player	uade	Protracker compatible	0	25463	e2090027	1b784615	MOD/MOD_M/MELLO.MOD
701a3ec557ced9c5d8afc3399fb33b8b	1	284414	player	uade	Protracker	0	91342	0a96018c	7b0813d6	MOD/MOD_A/A_KING.MOD
701a3ec557ced9c5d8afc3399fb33b8b	1	284414	player	uade	Protracker	0	91342	0a96018c	7b0813d6	MOD/MOD_A/AKINGIS.MOD
702cec05c4471ae5e1b1229543b987e9	1	478464	player	uade	Protracker	0	160218	66a02d1e	116f1666	MOD/MOD_K/KNULAKUK.MOD
702cec05c4471ae5e1b1229543b987e9	1	478464	player	uade	Protracker	0	160218	66a02d1e	116f1666	MOD/MOD_K/KNULLA.MOD
70497a4f7487a919efd1f13dc3493f66	1	155569	player	uade	Protracker compatible	0	43004	4a57aef7	a87ae934	MOD/MOD_O/OBLIVION.MOD
7075c24215e551fd9aef03e562f24be7	0	71314	player	uade	Ultimate-Soundtracker or compatible	0	15820	4850cfdc	e0cb6e26	MOD/MOD_D/DRUM01.MOD
708adc57db92789f1586e1133b46f6ef	1	222845	player	uade	Protracker	0	92686	f265f9d4	6bd1bf68	MOD/MOD_M/MASQRADE.MOD
70c38485062b0f4466e19e05b6bea6e2	1	198587	player+silence	uade	Protracker compatible	0	285772	3a3bc8bc	89370574	MOD/MOD_J/JBISDEAD.MOD
711643c32f0edb334552a54864628d6a	1	157579	player	uade	Protracker	0	56992	36c9e6cb	b523dbdd	MOD/MOD_S/SPEEDBOY.MOD
711b0bfbb108a8cd7bf69bbb60aec5ba	1	51360	player	uade	Protracker compatible	0	75237	27d207ce	b7764ddc	MOD/MOD_C/CHAD.MOD
712587fa366bf9c1c248dd242dd0c56d	1	250525	player+silence	uade	Protracker	0	133754	b0283628	56072a3e	MOD/MOD_W/WASTEDYE.MOD
712bb190aacfb6ef35992593e296222b	1	214325	player	uade	Protracker compatible	0	114112	9f04e019	ccc5a31a	MOD/MOD_F/FREAKOUT.MOD
712fbf4e69965821b09bd33a96166aae	1	107645	player	uade	Protracker	0	178676	8d8e7668	0f8d6e33	MOD/MOD_D/DIGITA-I.MOD
71c6bde921139e506a5c4f686d38b715	1	99968	player	uade	Soundtracker II (31 instr.)	0	86672	3e374fd3	3ce3c166	MOD/MOD_E/EQUINOXE.MOD
71eafc4232dbe39a8413dacab0872366	1	121088	player	uade	Soundtracker II (31 instr.)	0	55752	471d4c65	aea7134e	MOD/MOD_U/UPFRONT_.MOD
7231e04d60542550d304fb80a25b251e	1	239249	player+silence	uade	Protracker compatible	0	161460	9f615a55	8f3e502d	MOD/MOD_A/ACIDBANA.MOD
726ad964a9b977e8bffca013d7d674a4	1	35968	player	uade	Protracker	0	10414	d0a0c915	044f6975	MOD/MOD_L/LONELINE.MOD
728e249399715fbe4d27b7c6826d50a1	1	266691	player	uade	Protracker	0	140426	23cc98f5	3e702c65	MOD/MOD_T/TIMESTHE.MOD
7290361e454765ff8e4cf0d8fac63141	1	163647	player	uade	Noisetracker 1.x	0	131446	250e5f2a	d8b876ed	MOD/MOD_M/MJACKSON.MOD
72ac24ec66432e01916d0a4fce2ddf51	1	104751	player	uade	Protracker	0	83254	478e1a57	66c4462b	MOD/MOD_B/BLUNANAL.MOD
72c2d9b7817e0642f02372dd24a7b0ec	1	313599	player+silence	uade	Protracker compatible	0	418152	728d535a	e6956967	MOD/MOD_S/SNAPOWER.MOD
731d5b80cf8a4a27b3671abcc9526e1b	1	53928	player+silence	uade	Protracker compatible	0	43143	6526cafc	9a2c08f6	MOD/MOD_S/SHORTDOG.MOD
731f8a3be716e40707dce4898f149161	1	316792	player+silence	ft2play	Fasttracker (M.K.)	4	101622	0539b33c	b43f9a14	MOD/MOD_S/SANDMAN.MOD
73223f19ae06ddf1885466825ddc4592	1	209755	player+silence	uade	Protracker	0	191246	956e3778	2891cba1	MOD/MOD_S/SOMETIME.MOD
73228c3582d2a00d5a444f62bd4c732d	1	279454	player+silence	st3play	Scream Tracker 3.00 (GUS)	9	308627	bd4b28bf	3b27ea78	SNDTOOLS/DOS/ST3/S/STRSHINE.S3M
7329247ac188ab350b7457c4bcb5a06c	1	387015	player	uade	Protracker	0	175648	2473d236	45b0cff3	MOD/MOD_T/TECHNOL2.MOD
734e14ed83ff8b2190b1d1d41b039b68	1	222845	player	uade	Protracker	0	130006	47597cd8	b8525a47	MOD/MOD_E/ELYSIUM.MOD
73528d581fa795bc3d3a53c070917ad3	1	169093	player	uade	Protracker compatible	0	67200	440223e6	31ed9038	MOD/MOD_N/NURD.MOD
73a7cf238f4ad03ad7c45e19a8d7b5e1	1	444284	player	uade	Protracker	0	166126	aa021074	a4dbfc42	MOD/MOD_D/DIGITAL1.MOD
73b09f04b075b727f95e3c79bdbb024e	1	196724	player+silence	ft2play	Fasttracker (M.K.)	4	59193	a82a8739	b7b09b99	MOD/MOD_T/TEARS.MOD
7404e11d09f161a5e11b5f7a8ed83802	1	53872	player	uade	Noisetracker 1.x	0	50700	14cf4917	6698a27c	MOD/MOD_D/DEPP.MOD
74158d467ba8804c13f04d42a41362d7	0	138034	player	libopenmpt	Ultimate Soundtracker 1.0-1.21	4	58568	31fbbccd	150171d2	MOD/MOD_U/ULD.MOD
741fc6d28eb99ff2d026f0b7bdc24736	1	192141	player	uade	Noisetracker 1.x	0	50058	417cdc66	55cb5a75	MOD/MOD_F/FUNTUNE.MOD
742afc81578ddb1fc3ec5f8eb9f11d52	1	170057	player	uade	Protracker compatible	0	260064	4a3a5dd8	f3f3761c	MOD/MOD_C/CD2PART3.MOD
742d0f3f43f8622f377649f37972c0f7	1	144136	player	uade	Protracker	0	134368	4f4e68c0	052ccc8e	MOD/MOD_D/DREAMSCP.MOD
745096c76c06628257be18482f15989f	1	212874	player+silence	uade	Noisetracker 1.x	0	52096	17ec16f9	a16d9459	MOD/MOD_M/MUZAK.MOD
74788e1680ab83abd304f65c97c26838	1	138369	player	uade	Protracker compatible	0	126436	ba39f9df	0e96894e	MOD/MOD_A/ART.MOD
74a218fcbea734e57070aa6e87c8fe4a	1	15472	player	uade	Noisetracker 1.x	0	22232	ba39684b	ef583120	MOD/MOD_D/DESPERAD.MOD
74ac35b4bf41d435e1f04f1dd249e41e	1	115321	player	uade	Soundtracker II (15 instr.)	0	79310	432be897	a26fe5c7	MOD/MOD_S/S1.MOD
74baf4f26348da1306e5fedb9b8e00fc	1	308623	player+silence	uade	Protracker	0	363474	b5ae9570	c03eb81a	MOD/MOD_D/DOMIN8R.MOD
74baf4f26348da1306e5fedb9b8e00fc	1	308623	player+silence	uade	Protracker	0	363474	b5ae9570	c03eb81a	MOD/MOD_M/MDOIN8R.MOD
74bb719efefc98d584b39010f093cfdf	1	433133	player+silence	uade	Protracker	0	96060	8b78fe77	d4b96b58	MOD/MOD_B/BADVOICE.MOD
74c478a5b0a36424b9328fb10ab52a87	1	208697	player+silence	uade	Protracker	0	97004	79a68f4e	7440b0d7	MOD/MOD_N/NIAGRA.MOD
752af1d32c66f4d0a9f8e42818ccdbba	1	158211	player+volume	uade	Soundtracker II (15 instr.)	0	121904	847606e3	c9867e26	MOD/MOD_C/CHOPPER.MOD
75390eeff53a0a5caea266049018afcf	1	138369	player	uade	Startrekker (4ch)	0	90646	affb951f	05c8f0e9	MOD/MOD_B/BRASSCON.MOD
75686821180485901ad25b7866ad6f60	1	703339	player	uade	Protracker compatible	0	141118	158e7581	f087a236	MOD/MOD_P/PRGFUNK.MOD
756d43d0d432314bf0f39ed90072057e	1	207493	player	uade	Protracker compatible	0	156148	61ae6c23	6a85fea6	MOD/MOD_C/CSMCLSTR.MOD
7586b5a625153c5efbd4dc5ec48f6e76	1	338045	player	uade	Noisetracker 1.x	0	72044	8488ad8c	cb7b4999	MOD/MOD_B/BLUEBERR.MOD
75a126f9ec1ea76bfaf1e4cdaf92850f	1	139466	player+silence	uade	Protracker	0	292544	f8050e40	6cce38e1	MOD/MOD_F/FUCKTHEN.MOD
76232e1fc5910aa319c744b727704d3e	1	325567	player	uade	Protracker	0	103396	9ff5422f	c8b9ca57	MOD/MOD_S/SPACESON.MOD
763b1351a857b3dc62473a8810814dfb	1	85501	player	uade	Protracker	0	11760	a49b49a8	fff9ae0c	MOD/MOD_C/CALYPSO.MOD
767e0669a1cbea0761821502d85b5b7e	0	95065	player	uade	Ultimate-Soundtracker or compatible	0	59392	d0a0ac3b	1738ddcf	MOD/MOD_D/DELTA.MOD
769211422fa798f706770d32437b9608	1	414866	player	uade	Noisetracker 1.x	0	214704	9a468fed	ffca1006	MOD/MOD_D/D.MOD
769211422fa798f706770d32437b9608	1	414866	player	uade	Noisetracker 1.x	0	214704	9a468fed	ffca1006	MOD/MOD_R/RAINY.MOD
769211422fa798f706770d32437b9608	1	414866	player	uade	Noisetracker 1.x	0	214704	9a468fed	ffca1006	MOD/MOD_R/RAINYNT.MOD
769211422fa798f706770d32437b9608	1	414866	player	uade	Noisetracker 1.x	0	214704	9a468fed	ffca1006	MOD/MOD_R/RANYNGHT.MOD
76a31e7e7efdfbcdc9d3737029197ee1	1	199797	player	uade	Protracker compatible	0	69762	c1f425f2	1264f7ac	MOD/MOD_I/ITALOHOS.MOD
76eb325597793b651affaaba776ae144	1	262612	player	uade	Noisetracker 1.x	0	206118	1a3f6475	1aa56437	MOD/MOD_D/DUNGEON.MOD
76eb325597793b651affaaba776ae144	2	262531	player
771e183ba78da095ea547a5b1a95a947	1	217098	player	uade	Protracker	0	151722	02c9319c	e0fed3a1	MOD/MOD_M/MOLECUL2.MOD
771f80d19016202c2cce32acf79fe1e7	1	51320	player	uade	Protracker	0	16074	02c4568a	6f955f60	MOD/MOD_M/MONDAYMO.MOD
772887b4316c08b0634d7002d454b38a	1	66029	player	uade	Protracker compatible	0	68960	efc44e20	8036ca1b	MOD/MOD_O/OPERATIN.MOD
7768ce9fcd0c95635822f0c6a34178ed	1	422240	player	uade	Soundtracker II (31 instr.)	0	129732	05cd900b	78955f02	MOD/MOD_E/EARTH.MOD
77ad31de84ad4d83a748a457ca5b4ded	1	185006	player+silence	uade	Protracker	0	130702	cb77ca42	34afb60b	MOD/MOD_I/ITSOVER.MOD
77b682e7305c8778e5b903637cdd695f	1	189549	player	uade	Protracker	0	131310	84d8a301	352bfa7f	MOD/MOD_H/HOPPART2.MOD
77b75dae169bcdc016d0cd9cafa1dd25	1	51320	player	uade	Protracker	0	12870	72dc31a0	8007ffbc	MOD/MOD_M/MELODEE.MOD
77f4e0524f7bfc74a49720486bb3c49c	1	132722	player	uade	Protracker compatible	0	104813	13866171	ed2055ef	MOD/MOD_Z/ZIMBALZA.MOD
77fe4797e1853b01752d3425a2e9536d	1	30824	player	uade	Soundtracker II (15 instr.)	0	33172	cdab7d36	75fb4eeb	MOD/MOD_G/GSC10.MOD
78037bc59710b7006851461a373aa80d	1	114277	player+silence	uade	Noisetracker 1.x	0	107998	57b6b9c1	7cb6d6b0	MOD/MOD_H/HUBALUBA.MOD
780d3bf33498bbc93605bf0cc420754f	1	106821	player	uade	Noisetracker 1.x	0	72734	5e327fe8	bdc00aad	MOD/MOD_S/SYNC3.MOD
7813f570327056a7dc19ac90b9015e61	1	161397	player	uade	Protracker	0	49590	01943bf4	3e834787	MOD/MOD_W/WHITESON.MOD
7825da0bdc31950982abd5d2a0593efb	1	128121	player	uade	Soundtracker II (15 instr.)	0	64628	1be1423d	5da08af8	MOD/MOD_A/AWESOME2.MOD
784ae2a8f96426f1537c59ac5632d503	1	94222	player	uade	Protracker compatible	0	86876	af74e7f8	d4a68230	MOD/MOD_S/SOUNDMAC.MOD
785d8f31133c1a57cc56c617659d8293	1	88676	player	uade	Protracker	0	68330	0a2fc81f	f89a860c	MOD/MOD_G/GOOFY.MOD
78681a7b9c1faae4a66828126153cc95	1	92272	player	uade	Protracker	0	24608	7b9ab0e1	93c36e7a	MOD/MOD_S/SYFUID.MOD
7893b12eced051f0fb353cf176f98fad	1	132417	player+silence	uade	Protracker	0	213378	0d4ad478	1316b872	MOD/MOD_P/POWER.MOD
78cbda837ff19fd85630c553a02bc6fd	1	257260	player+silence	uade	Soundtracker II (31 instr.)	0	120740	13ee0203	a86566aa	MOD/MOD_C/CANT_GET.MOD
78e299d0bf8b2fff45a2a7ec04ddd70b	1	169001	player+volume	uade	Protracker	0	336162	28f7d279	8c6c07a3	MOD/MOD_F/FASHION.MOD
78e299d0bf8b2fff45a2a7ec04ddd70b	1	169001	player+volume	uade	Protracker	0	336162	28f7d279	8c6c07a3	MOD/MOD_O/OUTOFFAS.MOD
78f2befc56382a2c3850f34e3b5de3c7	1	31789	player	uade	Protracker	0	10352	0c953740	1f3b3450	MOD/MOD_N/NITRO.MOD
7961b27910a9a94b3d568dc214e6e2e7	1	186052	player	uade	Protracker compatible	0	76928	bcdc39b1	a5756498	MOD/MOD_U/UNIVERSE.MOD
7966e988b4d6f1f3a51fdf1ee05efee3	1	200225	player+silence	uade	Protracker	0	216890	7e03fec8	f54b7580	MOD/MOD_B/BSNDRFR.MOD
79836174cfffc09dab65b6e0ae573127	1	115321	player	uade	Noisetracker 1.x	0	39424	c3165028	c1c5e6da	MOD/MOD_A/ARTELLI.MOD
7996c1e8ff7547e7a39913b1f65207bc	1	89720	player	uade	Protracker	0	16384	2fe1e792	8f2f36b7	MOD/MOD_S/SHORT.MOD
7a35916d2500071b0d540a630824776f	1	298172	player+silence	uade	Noisetracker 1.x	0	93458	78a73d73	1d920ad1	MOD/MOD_L/LETSHEAR.MOD
7a52843f03c01a3d70f505bf5c03b921	1	98682	player	uade	Protracker compatible	0	297812	47685a1c	1d8efbb0	MOD/MOD_J/JAC.MOD
7a53e1f879a65be8f651d13375cbc195	1	160131	player	uade	Protracker	0	74060	5a87461a	dfe0082c	MOD/MOD_C/CYBRTRNC.MOD
7a699080f9d56f2e22f4a4e856674086	1	153721	player	uade	Soundtracker II (31 instr.)	0	97552	59c848f3	9a28b669	MOD/MOD_K/KAWAI_K1.MOD
7a699080f9d56f2e22f4a4e856674086	1	153721	player	uade	Soundtracker II (31 instr.)	0	97552	59c848f3	9a28b669	MOD/MOD_K/KAWAI-K1.MOD
7a699080f9d56f2e22f4a4e856674086	1	153721	player	uade	Soundtracker II (31 instr.)	0	97552	59c848f3	9a28b669	MOD/MOD_K/KAWAIK1.MOD
7a73c485e968a285d31764e8c7c56e3b	1	207493	player	uade	Protracker compatible	0	88490	0fc16b3f	06f39e5b	MOD/MOD_F/FLA.MOD
7aa34e9f51c2545008a35f45166a05b5	1	111483	player	uade	Protracker	0	79750	b982e0ed	29ec91d3	MOD/MOD_E/ELECTRO4.MOD
7abae2356c00dfb82e1f3d515c7a20e9	1	407572	player	uade	Protracker	0	117172	d7efc860	5f27623b	MOD/MOD_S/SINKING.MOD
7ac4ced19ebdca89792800f9177ac035	1	356592	player	uade	Protracker	0	129686	c616e3d5	ac7aaede	MOD/MOD_S/SLOWMOTI.MOD
7b053c9fcb32fa3d051dc80c0f6dbea4	1	215149	player	uade	Protracker	0	20352	d8ffd376	cc28088e	MOD/MOD_B/BIGGERIS.MOD
7b3902ddd0305f04d96bd3f70c0cc166	1	472300	player+silence	uade	Protracker compatible	0	450554	84425b99	918843f5	MOD/MOD_R/REVOLUTN.MOD
7b59ae11f02acdaad2ddeed1f92f0fe6	1	305231	player	uade	Protracker	0	188436	fcc5d860	0ca071be	MOD/MOD_G/GREENMAR.MOD
7b6d413ab7f882cb2c1fc09c26b813f1	1	35968	player	uade	Soundtracker II (15 instr.)	0	41472	1a6635e2	bc6b1e93	MOD/MOD_A/AFTERT.MOD
7b76e1137d83a73488c9c2fd89b260f4	1	245893	player	uade	Noisetracker 1.x	0	46800	4f4097f5	39cf258b	MOD/MOD_F/FOTOGRAF.MOD
7b76e1137d83a73488c9c2fd89b260f4	1	245893	player	uade	Noisetracker 1.x	0	46800	4f4097f5	39cf258b	MOD/MOD_P/PT.MOD
7b85dcf4ba4bdf51ff78f728f470000a	1	171122	player	uade	Protracker compatible	0	125082	98f395d8	50f20a24	MOD/MOD_S/SC2BACK.MOD
7b999accaf544365d1c0206bb5a19a49	1	99084	player	uade	Protracker	0	85996	2bf04c31	21322b50	MOD/MOD_M/MENTAL.MOD
7be726dd01ffa142456aa6367cf91293	1	110518	player	uade	Protracker compatible	0	56844	99793748	03557664	MOD/MOD_D/DATSWHAP.MOD
7be726dd01ffa142456aa6367cf91293	2	116586	player
7bf820acd91aefddf8bfa8905cf23437	1	180142	player+silence	uade	Protracker compatible	0	187734	6ba9a7b6	be43c0a7	MOD/MOD_H/HJOURNEY.MOD
7bf820acd91aefddf8bfa8905cf23437	1	180142	player+silence	uade	Protracker compatible	0	187734	6ba9a7b6	be43c0a7	MOD/MOD_H/HOU.MOD
7c5287ea85bd364f761bcdeb3ce898d6	1	202550	player	uade	Protracker	0	33520	dbc08cc2	864df773	MOD/MOD_W/WILDMASH.MOD
7c616cd35a06b8025dd41a19219f091e	1	163969	player	uade	Protracker compatible	0	48010	3cb3975c	854de808	MOD/MOD_L/LOSTPATR.MOD
7caea8f8c6504bb6db1b2401b4bda2b7	1	247808	player+silence	uade	Protracker	0	140678	f65a9717	ea223122	MOD/MOD_C/CANALGRE.MOD
7cb8859c8d9248862400001962a13af9	1	89278	player	uade	Protracker compatible	0	102626	bce3f091	7f63802a	MOD/MOD_H/HDTITLE.MOD
7cd8b91bb5367b1b5ded580b5fde4aaf	1	287604	player+volume	uade	Protracker	0	120042	98f753da	64fcefaf	MOD/MOD_A/ARCOFADI.MOD
7cddbc6637d3c2346834ce1f4531b1f2	1	199146	player+silence	uade	Protracker	0	251788	7c882d2c	f9f94dd7	MOD/MOD_B/BACKONTR.MOD
7ce68c053b3d940fb9adcec6075bc40b	1	130693	player	uade	Protracker	0	16728	d95f73df	ec90a312	MOD/MOD_D/DIGITAL8.MOD
7ce764508942fdbff588fac6c897c21f	1	333404	player	uade	Protracker	0	35142	f0065c29	dda660b5	MOD/MOD_M/MUSIC.MOD
7cfe709f2b494bd44a69921a924933a9	1	326531	player	uade	Protracker compatible	0	165818	c17f8f63	c8b5ac9f	MOD/MOD_C/CRAZYTRN.MOD
7d0ddb3534f1b911a9aa7248fcf842ce	1	256141	player	uade	Protracker compatible	0	105336	4f7a996b	7b629ae1	MOD/MOD_B/BEAT.MOD
7d262f2713c1edf52a8d292c1942c0b4	1	121586	player+silence	uade	Protracker compatible	0	98722	9d345e8d	0792b762	MOD/MOD_F/FIRE.MOD
7d3e5aa9b557dead12adc44eb1eb8fe8	1	238197	player	uade	Noisetracker 1.x	0	23476	1d6e9ab9	c5005093	MOD/MOD_S/SONG42.MOD
7db3644a9ec512572e5a110362dc05a0	1	131336	player	uade	Protracker	0	103456	7ab27308	ee3fed15	MOD/MOD_C/COUNTRYS.MOD
7db3644a9ec512572e5a110362dc05a0	2	4199	player
7db3644a9ec512572e5a110362dc05a0	3	25338	player+volume
7dd0a2465a7079de0767f193dfbfd62c	1	192141	player	uade	Protracker	0	58974	195bdad6	d224e1a0	MOD/MOD_C/CARVUP.MOD
7e1615bb17b463b18cd6dfa162ae2906	1	161397	player	uade	Protracker compatible	0	204488	55dd8772	a95ba014	MOD/MOD_D/DEFEAT_T.MOD
7e20f81482e173c37332276ade6597a7	1	307321	player	uade	Protracker compatible	0	135656	d4a595e4	9f59cfc4	MOD/MOD_K/KEFRENS1.MOD
7e2560a698a50112e93781ad97c20ce7	1	294682	player	uade	Protracker	0	132870	5fc3cf37	6d32e172	MOD/MOD_I/INTRODUC.MOD
7e7af490b9503f2cc6f4dfd9010e8008	1	289847	player+silence	uade	Protracker	0	398928	22700eb1	94638644	MOD/MOD_G/GUITARSL.MOD
7e8b6cd6f2f62364182d19831966aa20	1	268921	player	uade	Protracker	0	107514	d513efe1	ad87335f	MOD/MOD_S/STORIESN.MOD
7e993032bcfe4733a8d63dff5d88d7c7	1	176769	player	uade	Soundtracker II (31 instr.)	0	78762	8aef3a76	eaee5e7c	MOD/MOD_F/FYC.MOD
7ec7e19467d3dc040820202c3e86823c	1	478250	player+silence	uade	Protracker	0	116768	886203bb	c19c7156	MOD/MOD_F/FROGFAIR.MOD
7efbb224822a5598a042506062c018bc	1	83712	player	uade	Protracker compatible	0	146148	04b8c242	db43b52c	MOD/MOD_S/SPEDHEAD.MOD
7f21a87b3b993511ea6d6c235fe69aff	1	161835	player+silence	uade	Protracker compatible	0	164324	8bdac6b4	28d8fc8b	MOD/MOD_O/OPPENHEM.MOD
7f29c440e0e19d75b8ee14a66799c848	1	70691	player	uade	Protracker compatible	0	192402	47b79197	2e47509f	MOD/MOD_F/FEE.MOD
7f33f66eedd0a9cff10bca2d408e7abf	1	108850	player	uade	Protracker	0	73070	39556652	d716ddaf	MOD/MOD_E/ENJWASS.MOD
7f415fe41584e534f25218d91eda06db	1	230541	player	uade	Soundtracker II (15 instr.)	0	172918	65fdbd9e	f4a2cf6a	MOD/MOD_D/D7RAP.MOD
7f6c81d7d78b4c39b6c61852e7b87ebc	1	502240	player+silence	uade	Protracker	0	164020	038268ab	6ab94069	MOD/MOD_H/HEAVEN.MOD
7f7da834402cef3c39c77f48f6d522c2	1	23168	player	uade	Protracker compatible	0	36397	8a766842	8389d0a6	MOD/MOD_R/RYTHM5.MOD
7f825b2d5a1eb8593825cebc1298c4b9	1	207493	player	uade	Protracker compatible	0	139428	570c239d	df71901c	MOD/MOD_E/ELECDRUG.MOD
7f981818fb8131368fa765f49a7e307b	1	179321	player	uade	Protracker	0	76870	2ec6a749	a0b3bfdf	MOD/MOD_I/INCONTS1.MOD
7fa28e2797e055dfaed0a07ec31fd851	1	307321	player	uade	Protracker	0	162446	cf108a3a	01f1d3cc	MOD/MOD_H/HAMMER.MOD
7fc5cb2c546f04926a0037fb1e729c9d	1	27006	player	uade	Protracker compatible	0	32172	fac5a122	03b7442d	MOD/MOD_O/OLYMPIC.MOD
7fc9fd47b9098090e9ce847bd11080ca	1	189321	player+silence	ft2play	Fasttracker (M.K.)	4	184220	8ddba614	27a6948d	MOD/MOD_S/SHADOW.MOD
7fe69ea4e33493796b2267bb005fce26	1	265968	player+silence	uade	Protracker compatible	0	98750	070e7f78	9573f86d	MOD/MOD_P/POORMOUT.MOD
8016af20c92247ae5b4fbd89630f6829	1	504594	player+silence	uade	Protracker	0	97378	5e167af5	3fa52579	MOD/MOD_M/MCDISK_5.MOD
807e04451673eb268da0c8a12e69f76b	1	45991	player	ft2play	Fasttracker (M.K.)	4	23553	25da3165	c675fcd8	MOD/MOD_R/RYTHM4.MOD
8097258376a0215b5ced7baf6cf384b1	1	195416	player	uade	Protracker	0	183236	32d7bf3f	92d07803	MOD/MOD_B/BIG_BAND.MOD
80a92c78ed03a696e18c2812a2961466	1	270308	player	uade	Protracker	0	130150	1d038088	edd203f0	MOD/MOD_A/APOCALYP.MOD
8104fc1baeb03fe18f29b90327a7e5b9	1	335051	player	uade	Soundtracker II (31 instr.)	0	95528	8f198fa6	42596d68	MOD/MOD_H/HUNTER.MOD
817d4cc89eff234b185b482e3ee6b354	1	179321	player	uade	Protracker	0	47724	44412b4a	d840e6ac	MOD/MOD_S/STRANGE.MOD
818ecc9f5fc59d9d2e9dea4c79f8b2ed	1	261245	player	uade	Soundtracker II (15 instr.)	0	75836	31ac09c1	b503f987	MOD/MOD_Z/Z_DANGER.MOD
819ae93c3a8819fe2458a917ae87d42b	1	38520	player	uade	Protracker compatible	0	23246	87594f80	8a74d250	MOD/MOD_P/PERHAPS.MOD
819d24739e977095cd7e974e7a8df05d	1	73082	player	uade	Noisetracker 1.x	0	57128	d94be46b	71566739	MOD/MOD_P/PIANO_PL.MOD
81e6a176a5ce06f0bb280ca5d6959bfe	1	20596	player	uade	Protracker	0	9012	c8afaf81	46c663fb	MOD/MOD_C/CHIPMUNK.MOD
81f65dbdeba9e32287cd9c7e73f3a5b6	1	123037	player	uade	Protracker	0	68936	29820092	964200d6	MOD/MOD_P/PIDO-HAN.MOD
822994b247f09d1fd3a43bccee70b6ff	1	16389	player+silence	uade	Protracker compatible	0	29622	defd2d96	3665fa60	MOD/MOD_N/NO_MORE_.MOD
824c0fb2c4f3206b1aaf04cb7095b4b0	1	227306	player	uade	Protracker	0	280086	30367822	633636cc	MOD/MOD_R/RUBICON.MOD
825419d139d7c8bba169d779d1bdd519	0	38342	player	libopenmpt	Scream Tracker 3.00 (SB)	9	4130	d2185f7c	a7316e24	SNDTOOLS/DOS/ST3/S/ADLIBSP.S3M
8293aca24f01d76c9c9974e9542e08c9	1	264213	player+silence	uade	Soundtracker II (15 instr.)	0	112192	ddba383d	0ce21ba8	MOD/MOD_W/WOWST.MOD
82b0be936ec646bd2f8681d19176936e	1	310016	player+silence	uade	Soundtracker II (31 instr.)	0	78742	53c7718c	52cf2bb8	MOD/MOD_M/MAGNETI4.MOD
82d994d8023b90dc56f5f62a82664113	1	89278	player	uade	Protracker	0	102624	b6791dfc	8cd7751e	MOD/MOD_H/HARDRIV.MOD
834144981bf12d550be5f7c035e8b86a	1	171464	player+silence	uade	Protracker	0	249680	8a2ab586	575b12b7	MOD/MOD_R/RHETORIC.MOD
834cc8fa8c54754015969dc47f052b78	1	108006	player	uade	Protracker	0	81516	74526124	b866350c	MOD/MOD_V/VIRGILL.MOD
835f5fa88f18dbc4790e5a2f07c85595	1	263174	player	uade	Soundtracker II (15 instr.)	0	125650	11188c19	90ae1d0d	MOD/MOD_A/ANGIE.MOD
8364041d99cdda5d45dc1ae7d0d1b1fa	1	115321	player	uade	Protracker	0	22838	581ca60f	6a3fa271	MOD/MOD_C/CHIPSONG.MOD
8364e5a95e7af76d36ec499c585a6f50	1	87168	player	uade	Protracker	0	11144	a87b6146	1a3e2bc1	MOD/MOD_H/HUSTLER.MOD
836ee23902b641c6dc3f263a10894af9	1	538396	player+silence	uade	Protracker	0	218362	1f484df3	2e16c8e9	MOD/MOD_N/NOWHERE.MOD
837a8d071e4b03d853e0a4e5a0a6a5ea	1	11654	player	uade	Protracker	0	18388	8ff82e34	ad9ced3b	MOD/MOD_T/TIX6.MOD
8383eb4bb208e2b97b1f8d69f4cd857f	1	98682	player	uade	Protracker	0	12416	10bfe72b	d535d7e1	MOD/MOD_C/CIPT12K.MOD
84135b215983f2a5adba07ff9ca5e18c	1	138369	player	uade	Protracker	0	134622	866fc82a	941e31a7	MOD/MOD_L/LEMONSOD.MOD
8416482fc10f95d112b5a9b50d28b897	1	238197	player	uade	Protracker compatible	0	161922	621a760b	43a947f0	MOD/MOD_P/PUMPUPJ.MOD
8416482fc10f95d112b5a9b50d28b897	1	238197	player	uade	Protracker compatible	0	161922	621a760b	43a947f0	MOD/MOD_P/PUMPUPJA.MOD
841d976ea7202397cc7ee5eb055f2cec	1	192844	player	uade	Noisetracker 1.x	0	175414	c11ba34b	85226371	MOD/MOD_D/DESASTOR.MOD
841ea62492aecc0953f563a3796a5ef9	1	167164	player	uade	Protracker	0	120266	38c57714	6fa071ad	MOD/MOD_U/UNDERPRE.MOD
8423efff375a80f2591ba795133515c2	1	76920	player	uade	Protracker	0	17750	fd739d62	0950dea2	MOD/MOD_F/FORFUN.MOD
84347849484d2e54715219faee9017c2	1	153721	player	uade	Soundtracker II (15 instr.)	0	84974	c5f8e3a6	68a61480	MOD/MOD_S/SPREAD.MOD
84381553f503a29d4dff8d4aae586c2d	1	149842	player+volume	uade	Protracker	0	158478	b6a5667d	939837c8	MOD/MOD_M/MODBST.MOD
8449600c96d44433e0f0a8fef173724d	1	127859	player	uade	Protracker	0	182378	377d7d0a	e4313ed6	MOD/MOD_A/ARMY.MOD
8449600c96d44433e0f0a8fef173724d	2	89118	player
849e5899261dc72a885f042350c63671	1	115321	player	uade	Noisetracker 1.x	0	59824	094ba69b	02fb6716	MOD/MOD_H/HARDLOA2.MOD
84a1f8da4d02753a68b1a4deb5d6164a	1	122534	player	uade	Protracker compatible	0	300544	da16a97f	b4888180	MOD/MOD_K/KIRK.MOD
850032f26725f57d7cb4c3662dfb91bf	1	123076	player+silence	uade	Protracker	0	76088	b177477c	890a8bba	MOD/MOD_D/DIABLO.MOD
8500e47f317bce108b72b3e7b8a20b37	1	219007	player	uade	Protracker compatible	0	162772	db983a38	26af9e29	MOD/MOD_S/SCOOPEX.MOD
85391f45a0ad7cfb612f983822c62595	1	122997	player	uade	Protracker	0	24314	79258cb3	0a22a3c1	MOD/MOD_C/CITYOF.MOD
854c306de064eb301b30efd889e200f6	1	160412	player	uade	Protracker	0	135920	bdc92e33	3681d871	MOD/MOD_O/OWE.MOD
85741df69725b6b0f776d912ccda4d17	1	128044	player+silence	uade	Protracker	0	255628	231f07d9	9bf9e7a2	MOD/MOD_J/JIMMI.MOD
8578ff41a2401186ff94b479cb252d1f	1	347932	player	st3play	Scream Tracker 3.00 (SB)	9	241088	3bd5f52f	a18badc2	SNDTOOLS/DOS/ST3/S/GMOTION.S3M
8585de114219382430245948d0d8d998	1	65406	player	uade	Protracker	0	12222	7770f6da	baa56570	MOD/MOD_T/TRAEKOG.MOD
85c9f0d54badb5147a208b739a6568a0	1	218194	player+silence	uade	Protracker	0	221670	170dbe3c	eecc77c0	MOD/MOD_H/HARAKIRI.MOD
85e99c4c55c3ec5843518f5dd6b2c173	1	268921	player	uade	Protracker	0	193530	a4ae122f	d795eb3f	MOD/MOD_N/NINJRABB.MOD
8619bdf6e38789de07b7d019cfbfa8e7	1	38520	player	uade	Protracker compatible	0	5656	cca13b43	68c12a76	MOD/MOD_S/SAF.MOD
865aa84fd5abb80d78720297e454cf2d	1	211409	player+silence	uade	Protracker	0	423046	7538a974	1acddbcd	MOD/MOD_A/ALBANMIX.MOD
86854d2fc0f2d3f9103425d3a34c3be9	0	185195	player+silence	libopenmpt	Scream Tracker 3.00 (GUS)	25	333419	e85f53c3	e098b943	SNDTOOLS/DOS/ST3/S/LOLLIPOP.S3M
869d3f6c3a2a8fac0f5a214381a3da3c	1	310737	player	uade	Protracker	0	130194	6822e8fb	282b9a65	MOD/MOD_M/MOONGAZ.MOD
86bc156f7c6ae8276d82431a61f96a0f	1	103003	player	uade	Protracker	0	244542	67bf4743	603922c7	MOD/MOD_B/BLOWUP.MOD
86da35682a65adc7e6ce9cc2bda70077	1	207493	player	uade	Protracker	0	155124	8e05b24d	f7ec6b40	MOD/MOD_C/COSMICAL.MOD
86eca1b2f4a0e3363dd3c4fe50adcfcc	1	297783	player+silence	uade	Protracker	0	133012	7b46976d	2b88259a	MOD/MOD_S/SPACY.MOD
87696dc5d97eee5e6758c1f6b7f56c02	1	356572	player	uade	Protracker	0	258408	22a710c3	1b6908a2	MOD/MOD_S/SPACETEK.MOD
877219abffb6ebfd6a9140278e465759	1	430278	player	uade	Protracker compatible	0	163570	44a29add	787d21e3	MOD/MOD_I/IMAGINAR.MOD
877219abffb6ebfd6a9140278e465759	1	430278	player	uade	Protracker compatible	0	163570	44a29add	787d21e3	MOD/MOD_I/IMGWOMAN.MOD
877b9296502da1a314871762a7c834a3	1	153721	player	uade	Protracker	0	68788	c6d0ec53	89ce6bb2	MOD/MOD_C/CAPSLOCK.MOD
87866f915b223287423e38ee954ceab5	1	84616	player	uade	Noisetracker 1.x	0	53576	6c700a08	5f7768d7	MOD/MOD_E/EAGLES.MOD
879a79b9883d19bd718165f68fad855a	1	197009	player+silence	uade	Protracker	0	155714	c3f78448	aaa6676f	MOD/MOD_Y/YUMMYGAB.MOD
87b7c574fc74c48ce28d63560a1ad4c7	1	161397	player	uade	Protracker	0	196808	d50783d7	1bcc8223	MOD/MOD_C/CLOUDJUM.MOD
8820770b4a8dc7bc584248819b01ae6d	1	69224	player	uade	Soundtracker II (15 instr.)	0	31244	566d455d	b332b46d	MOD/MOD_M/MERDE.MOD
883a13eb560cd233a65f9cbcd1a5feef	1	161397	player	uade	Protracker	0	75158	01373669	dd928342	MOD/MOD_S/SHADOWS.MOD
88ed3b89ca693185b9ed467e905684f5	1	76920	player	uade	Protracker	0	10452	94a11a95	86106716	MOD/MOD_W/WARNING.MOD
88f1094a2e7024136e8e5b3f885facfc	1	206349	player+silence	uade	Protracker	0	181726	fcdd126b	b7e1a975	MOD/MOD_U/UNDERTHE.MOD
88f99616998d10fcca2079995048c9d8	1	246536	player	uade	Protracker	0	249670	e3de3e38	f637c263	MOD/MOD_P/PAWACHOR.MOD
893fc5a6b710cfc41877fd09c08d3f25	1	138369	player	uade	Protracker compatible	0	75766	c1c2ca6f	f52079f2	MOD/MOD_E/E1.MOD
893fc5a6b710cfc41877fd09c08d3f25	2	61568	player
893fc5a6b710cfc41877fd09c08d3f25	3	38520	player
89819272a8c487b3a253cd1683476f1f	1	84616	player	uade	Noisetracker 1.x	0	133456	8b2e26b9	dab40305	MOD/MOD_S/SPIKEMIX.MOD
89bfac575630e48bb5d67d355017e307	1	353056	player	uade	Protracker	0	301284	6935a437	9fee5cb9	MOD/MOD_C/COMPUTER.MOD
89cc57a58bf1899a8ec8010c85f076ca	1	197737	player+silence	uade	Protracker	0	267198	45851b3c	01afe662	MOD/MOD_N/NOLIMIT.MOD
89e0bb26902427fa4975e5ee10ec6439	1	75011	player	uade	Protracker	0	82946	f4a05097	73cda707	MOD/MOD_T/TRABALAS.MOD
8a19a2cebf0e7ae3dcae38a6633bebb6	1	368940	player+silence	st3play	Scream Tracker 3.00 (GUS)	8	600860	195aa76a	d01ff28f	SNDTOOLS/DOS/ST3/S/2ND_PM.S3M
8a1cae202d60a21ac127205ecb93afdf	1	194693	player	uade	Protracker compatible	0	82110	a596d4c3	9b7f2e05	MOD/MOD_R/RIFF_RFF.MOD
8a1e56bebd0ed0c8e14c19ee5a709ab7	1	24756	player	uade	Protracker	0	8000	b2da212d	3f709f19	MOD/MOD_M/MIXIEMIN.MOD
8a5a27c49eba9a4039c0e8927064eaae	1	143493	player	uade	Protracker compatible	0	92480	c3b70695	626f4fe1	MOD/MOD_S/SHADOWFI.MOD
8a5a27c49eba9a4039c0e8927064eaae	1	143493	player	uade	Protracker compatible	0	92480	c3b70695	626f4fe1	MOD/MOD_S/SHADOWFR.MOD
8a75bbfbc9416e71f7083fa243c1ec13	1	38520	player	uade	Soundtracker II (15 instr.)	0	20596	5ed05c14	eaf60c8e	MOD/MOD_B/BLIZZARD.MOD
8a75bbfbc9416e71f7083fa243c1ec13	1	38520	player	uade	Soundtracker II (15 instr.)	0	20596	5ed05c14	eaf60c8e	MOD/MOD_D/DRUM02.MOD
8a76d8f0e2f3027762d95bbe77e0ee08	1	171002	player	uade	Protracker compatible	0	44540	a5b6d1e3	e4617154	MOD/MOD_L/LETGO.MOD
8a76d8f0e2f3027762d95bbe77e0ee08	1	171002	player	uade	Protracker compatible	0	44540	a5b6d1e3	e4617154	MOD/MOD_L/LETS_GO!.MOD
8a8fd1543877da4eee441490fd7aaddc	1	209700	player+silence	uade	Protracker compatible	0	104794	36bc8b9f	2a8b5460	MOD/MOD_O/OXYGENEI.MOD
8ab5a72e79c784a2d3f0c0102715349c	1	215982	player+silence	uade	Protracker	0	173748	dbadcb64	b4750252	MOD/MOD_F/FREESPAC.MOD
8acd25020e5560aad9fccd1575abeb65	1	44910	player	uade	Protracker compatible	0	39210	77003471	4c3a25f4	MOD/MOD_M/MUNK_JAM.MOD
8acd25020e5560aad9fccd1575abeb65	1	44910	player	uade	Protracker compatible	0	39210	77003471	4c3a25f4	MOD/MOD_M/MUNK_JMS.MOD
8acd25020e5560aad9fccd1575abeb65	1	44910	player	uade	Protracker compatible	0	39210	77003471	4c3a25f4	MOD/MOD_M/MUNKJAMS.MOD
8ad29522efeac6526f93a809456733b5	1	242055	player	uade	Protracker compatible	0	106026	e4ee9063	456aae5c	MOD/MOD_C/CHICAGO_.MOD
8adcc6da3a8160e9fdca66336a1a66ab	1	319947	player+volume	uade	Protracker	0	145408	9845f7be	42a0faf5	MOD/MOD_T/TEKHAU.MOD
8b00260a2f82aef89efc89b5f2db5086	1	307321	player	uade	Soundtracker II (15 instr.)	0	68080	8fcdc9a3	88bff995	MOD/MOD_T/TJ.MOD
8b27576fc3cdb4dc47fd9bf6e8cd6e8a	0	101382	player	libopenmpt	Composer 669	8	60805	d461e8f6	f94328da	MOD/MOD_F/FONETAG.MOD
8b3ba6e8cd62308fef4cb92dc6999088	1	79472	player	uade	Protracker	0	49410	985bef78	c077098a	MOD/MOD_S/STRIKES.MOD
8b4d57f2e637b342bb065abb56e034a2	1	157056	player+volume	uade	Protracker	0	148702	ae3f129e	9f12eb7c	MOD/MOD_E/EMOTIONA.MOD
8b816306ee676b57bda5a758a05373db	1	226556	player+silence	uade	Soundtracker II (31 instr.)	0	109706	dec6b5b4	21935891	MOD/MOD_T/THELASTS.MOD
8bd5019d6649e742ab9e49d8e0f8d210	1	57730	player	uade	Protracker compatible	0	109618	9642dcbe	e027b3c5	MOD/MOD_D/DENGULE.MOD
8c2fc6baf7eff722bfc8e8947f984a59	1	94583	player	uade	Protracker	0	110415	8f741500	75affff9	MOD/MOD_H/HOUSE_OF.MOD
8cb50f1ac19241fd2594e363314f5e3b	1	188562	player+silence	uade	Protracker compatible	0	115272	c8f95924	132517ed	MOD/MOD_R/RHYTHM_M.MOD
8cc4f0ea805d817b901b77042300d1c7	1	119641	player	uade	Protracker	0	110380	416ab85b	3f6591fa	MOD/MOD_T/TECHNOPE.MOD
8cefa1bb49b27bc5b90288b5dfc80f6f	1	7796	player	uade	Protracker compatible	0	34529	2829cff5	634cd404	MOD/MOD_S/STRINGS.MOD
8cfaa731f513fe73054f94306f84ec45	1	288195	player+silence	uade	Protracker compatible	0	71714	fc28251b	08033b46	MOD/MOD_S/SONG1.MOD
8d0b77ae7c0aefc5df197fb87a889404	1	189247	player	uade	Protracker	0	217904	de4ebc7e	1348ce25	MOD/MOD_T/TIMEWILL.MOD
8d73dca7e64df243cac074401cbfe8bb	1	279169	player	uade	Protracker compatible	0	123588	05f08d24	d169f762	MOD/MOD_C/CYCLEDEL.MOD
8d794aa76748aa905c4c4e8cad9a3d91	1	324602	player	uade	Protracker	0	331348	4d83f238	4b412ab2	MOD/MOD_T/THECLUB2.MOD
8d794aa76748aa905c4c4e8cad9a3d91	2	240126	player
8d7bcee8f20db1e2b12f4d325f6b5a5f	1	230541	player	uade	Protracker	0	80792	3bb83b92	5532bf60	MOD/MOD_T/TROUBLED.MOD
8dc87739e49519d4a322fdb497903e11	1	116814	player+silence	uade	Protracker	0	302572	fb522dc0	65ce404e	MOD/MOD_S/SCUPPING.MOD
8ddd465f9c2c0d872ecc6ed8ad9b6654	1	289417	player	uade	Protracker compatible	0	152225	892aa103	a8319bf4	MOD/MOD_A/ANGOR.MOD
8e5038a7297a0d11025d2bddad585024	1	30824	player	uade	Noisetracker 1.x	0	42056	31a02984	cc43bc80	MOD/MOD_D/DEMO2.MOD
8e7f722776861c69a84d4365976474ea	1	104631	player+silence	uade	Noisetracker 1.x	0	86947	723a27c9	372c4913	MOD/MOD_A/ARISE.MOD
8eaf470a40705d7048a5754d1a3699a5	1	237333	player	uade	Protracker	0	265170	c8b97658	f85be79e	MOD/MOD_W/WORLDWAR.MOD
8eaf470a40705d7048a5754d1a3699a5	1	237333	player	uade	Protracker	0	265170	c8b97658	f85be79e	MOD/MOD_W/WRLD_WAR.MOD
8ed6ca0c28ba54091f48675a8a96e129	1	355764	silence	uade	Protracker	0	283550	745dac99	f09a7cef	MOD/MOD_T/THEWAR.MOD
8efc3f152ec572efb8482a0ec33ccb76	1	115321	player	uade	Protracker	0	260984	f1cfc546	f3d48e2d	MOD/MOD_D/DISKO2.MOD
8f74fd4a9aaf4f8207c14152e2103013	1	82424	player+silence	ft2play	Fasttracker (M.K.)	4	16261	e70d7dbc	05b94b62	MOD/MOD_W/WATERFLL.MOD
8faab594e3680f55ae71ba68b368aa8f	1	355616	player+silence	uade	Protracker	0	83134	e986bdb0	78cc1c35	MOD/MOD_H/HYSTERIA.MOD
8fda2010ab00c9dcab09b3fc5a88e2a5	1	201925	player+silence	uade	Protracker	0	184412	a60fdabe	3f3d82e4	MOD/MOD_S/SEQUESTR.MOD
9002641353f57cb03f77bfdd0390e172	1	217229	player+silence	uade	Protracker	0	117102	5b3594b6	8b3b1eb4	MOD/MOD_D/DIGITAL.MOD
902bd29ac8e50b73c695d3f77b9c97db	0	47522	player	uade	Ultimate-Soundtracker or compatible	0	28472	e7319947	20a6ba83	MOD/MOD_D/DRUM03.MOD
905defe9cfa76598bfd0daeaf9706c49	1	64120	player	uade	Protracker	0	9956	8c0c4191	4fa19d9b	MOD/MOD_A/ADER.MOD
907e1754b4dec6fb4b8bd908487e0bd3	1	384122	player	uade	Soundtracker II (15 instr.)	0	116528	fb4f31b2	582c1e38	MOD/MOD_D/DATAMUS.MOD
9085f746bd5a474532cf1833db71e57a	1	130400	player+silence	uade	Protracker	0	218524	f43d9707	46c8c092	MOD/MOD_S/SANITET.MOD
915ca9bedfb0dd98e10aa734d46323dc	1	381410	player+silence	uade	Protracker compatible	0	110236	9ee57ab2	295fc42f	MOD/MOD_W/WERETHED.MOD
91a3897916f40261250b5ecdb874fd70	1	92272	player	uade	Noisetracker 1.x	0	64476	b63e4886	9178aa63	MOD/MOD_H/HEAVY.MOD
91bed733b4ecefb6341ffd2e33c41beb	1	135495	player	uade	Protracker	0	201156	ccc9604f	c1d01bc2	MOD/MOD_A/ALWAYS2.MOD
91bed733b4ecefb6341ffd2e33c41beb	1	135495	player	uade	Protracker	0	201156	ccc9604f	c1d01bc2	MOD/MOD_A/ALWAYSSO.MOD
91c2d9360ef0fa65791980045805499f	1	160050	player	uade	Protracker	0	111588	1827ea5f	a57bedde	MOD/MOD_A/ARNDTHSP.MOD
920b74e08824dffdcf06528131874c2a	1	25720	player	uade	Protracker compatible	0	63412	ae67a2d4	15572ed3	MOD/MOD_E/EVLTHTMN.MOD
92117c5c4559e3ca34f2ac9d4682afe5	1	176769	player	uade	Protracker compatible	0	56626	384ad9ba	e917268e	MOD/MOD_D/DOTS.MOD
92195495ccf5e6f4e2ce879094945b17	1	201686	player	uade	Protracker	0	147094	336a7ff1	c701c33c	MOD/MOD_E/EVOLUTI3.MOD
924b002208e44b39837ff39bd0098a0f	1	46216	player	uade	Protracker	0	16950	a95a7725	26c05595	MOD/MOD_I/ICECLOUD.MOD
92545a847a2c6ec9e8ae5400ba24dec7	1	457084	player	uade	Soundtracker II (31 instr.)	0	74304	6ee6d74a	e1503919	MOD/MOD_C/CYBER.MOD
9258cd840442bcf8eaa4676dc3162451	1	322693	player	uade	Protracker	0	351546	0516e8a3	b5c68434	MOD/MOD_D/DASBOOT.MOD
927b0766abe4830b8e62ece8f2035cac	1	206870	player	uade	Protracker	0	101720	9b8784d2	40ca4c27	MOD/MOD_P/PARADIS2.MOD
928a30cf9dc8676b7e5d0c337e826153	1	237640	player+silence	uade	Protracker	0	148620	76202105	05c29123	MOD/MOD_M/MELODIAN.MOD
928e774571f9e14494c34d2cf9eac9f3	1	128121	player	uade	Protracker compatible	0	86712	c5bfd307	cf74a2c4	MOD/MOD_G/GOFAR.MOD
92b4a57d47d6b204e4faafdfbdcd02e8	1	317856	player+silence	uade	Protracker compatible	0	122580	a729725d	10d4d352	MOD/MOD_G/GRAVEYD.MOD
92d442d2f4ef3c34e5d74ff8002bf3d3	0	182255	player	uade	Ultimate-Soundtracker or compatible	0	62216	48986912	59fe3f31	MOD/MOD_J/JOHN1.MOD
92d96ae7d9e47189e9758e4eda602a78	1	153511	player+silence	uade	Soundtracker II (31 instr.)	0	91666	7d577e24	16220595	MOD/MOD_C/CIRCUS.MOD
930c89d487d8ab8dc8c035b78a89c8a5	1	299645	player	uade	Protracker compatible	0	140650	4411e6da	fd5c8f59	MOD/MOD_G/G6.MOD
933dab40861099db42df5fe594deb597	1	161397	player	uade	Soundtracker II (31 instr.)	0	85452	773d3c7e	0d8fe920	MOD/MOD_S/SYMPHONY.MOD
934304a6309388f72f9a8f0fe6a2bbd7	1	184445	player	uade	Noisetracker 1.x	0	81252	26907bde	34630f83	MOD/MOD_R/RSIGSC.MOD
937b79b54026fa73a1a4d3597c26eace	1	130693	player	uade	Soundtracker II (15 instr.)	0	181016	7162af51	483a1645	MOD/MOD_A/ATARIMOD.MOD
937fda46d8ceb09f69e81ee3883d027d	1	149883	player	uade	Protracker compatible	0	76568	25a78951	431504f3	MOD/MOD_T/TECHNO.MOD
93b235103485042c3efb84fe5c67edc8	1	350620	player+silence	uade	Soundtracker II (31 instr.)	0	120400	04314538	442129ca	MOD/MOD_O/OUTRUN.MOD
93f84bb29b764c0e80b0c960a2dc4918	1	296048	player	uade	Protracker	0	137356	8bf2184e	7a4671c8	MOD/MOD_P/PHNTSMGR.MOD
9420a3c4b116f3627ded85f6d3fabfa9	1	140643	player+volume	uade	Soundtracker II (15 instr.)	0	64618	43ba7c16	c69aa43a	MOD/MOD_D/DEMON.MOD
9420a3c4b116f3627ded85f6d3fabfa9	1	140643	player+volume	uade	Soundtracker II (15 instr.)	0	64618	43ba7c16	c69aa43a	MOD/MOD_D/DEMONREV.MOD
9420a3c4b116f3627ded85f6d3fabfa9	1	140643	player+volume	uade	Soundtracker II (15 instr.)	0	64618	43ba7c16	c69aa43a	MOD/MOD_D/DMNSRVNG.MOD
9421e4359173e06463011e00098340bd	1	49848	player+silence	uade	Soundtracker II (15 instr.)	0	42628	380e8f33	c9386159	MOD/MOD_B/BIOCHAL.MOD
9479d2c7bd41ade791907cc30d8b708f	1	266528	player+silence	uade	Protracker compatible	0	136861	aa1ff80a	9b547655	MOD/MOD_I/INBLOOM.MOD
947c6260347740b5b250e66725a37b72	1	143587	player+silence	uade	Protracker	0	109664	20d44f80	d1c6a62b	MOD/MOD_N/NIGHTJAZ.MOD
9495c9b92be2aaf1b4cedce9f331f3b3	1	176769	player	uade	Noisetracker 1.x	0	30300	4f737bba	94b3d223	MOD/MOD_C/CHOOSE.MOD
94adcc7bbe437ca7d82815e39d628957	1	77885	player	uade	Protracker	0	16702	2fe8ca96	277a73b9	MOD/MOD_S/SCALSFJY.MOD
94d55af7d03219c9d85bcc37b7844f84	1	167586	player	uade	Protracker	0	132116	5e120a7f	5a22482a	MOD/MOD_N/NEWMATYB.MOD
94d825d1df3ef342233a450a2a07da3a	1	159220	player+silence	uade	Noisetracker 1.x	0	103392	18f7232a	73425360	MOD/MOD_M/MEGFORCE.MOD
94ea09e4ceb3008d407d14023ed1b9e9	1	99968	player	uade	Protracker compatible	0	50944	16765c1a	651ebc43	MOD/MOD_Y/YUMMBALL.MOD
94effeabef5337c0ac3abffbfdbb3dfd	1	184565	player	uade	Soundtracker II (31 instr.)	0	267533	e628bed5	641abd86	MOD/MOD_C/CCLOVE.MOD
95182d87a91a3880e1efffc133d6f25d	1	160131	player	uade	Protracker compatible	0	115114	2f57783c	32db137e	MOD/MOD_A/ANARCHY2.MOD
95c0c3b1716d3a2e3dd1b7043cf2cbdd	1	289067	player+silence	uade	Soundtracker II (15 instr.)	0	88204	f23a8b12	9aa43b06	MOD/MOD_C/CLOCKWOR.MOD
95c19964f8bf43b416d1678e7ab10084	1	303463	player+silence	uade	Protracker compatible	0	211647	aa779842	aaeeb37a	MOD/MOD_I/IRONMAN.MOD
95c2baed765f02240b8564d1b6114364	1	97638	player	uade	Protracker compatible	0	213472	a1c94489	94012f0a	MOD/MOD_C/CUIDADO.MOD
95cda4bb08775973fae2ea02e42810da	1	280837	player	uade	Protracker	0	313430	b2822bcd	c46f49c5	MOD/MOD_R/REDALERT.MOD
95db4528240b9725159f5d4f9e70c9c3	1	84074	player	uade	Protracker	0	128804	720bf2df	49bc095f	MOD/MOD_N/NE-GROOV.MOD
95ff053a62049b8e9aaf72a8baf15c72	1	238197	player	uade	Protracker compatible	0	120972	a3c7fb63	92468cd6	MOD/MOD_R/RNATION.MOD
95ff053a62049b8e9aaf72a8baf15c72	1	238197	player	uade	Protracker compatible	0	120972	a3c7fb63	92468cd6	MOD/MOD_R/RYTHMN.MOD
9602f78648360e4498721e123064f2a1	1	115321	player	uade	Soundtracker II (15 instr.)	0	53792	b63cbeb7	75c710f0	MOD/MOD_T/TUERKES.MOD
9611407db37a9608387b5150217add1c	1	84616	player	uade	Soundtracker II (15 instr.)	0	39470	ce89e4f3	c75d0460	MOD/MOD_T/TBLRBLLS.MOD
9611407db37a9608387b5150217add1c	1	84616	player	uade	Soundtracker II (15 instr.)	0	39470	ce89e4f3	c75d0460	MOD/MOD_T/TUB.MOD
9611407db37a9608387b5150217add1c	1	84616	player	uade	Soundtracker II (15 instr.)	0	39470	ce89e4f3	c75d0460	MOD/MOD_T/TUBELLS.MOD
96693ba135ba4c52b3f3e57015c42d9b	1	130693	player	uade	Soundtracker II (15 instr.)	0	64302	4341fdb9	2a3deb7c	MOD/MOD_B/BIBOY.MOD
96940e9efbbd6999c2616245dff01e9c	1	30824	player	uade	Protracker	0	8748	446db795	23f003d7	MOD/MOD_M/METROMIX.MOD
97231a9ec4c250fe5b75735b37b93580	1	233093	player	uade	Protracker	0	163806	67e10ffa	29f7ea9d	MOD/MOD_V/VECTORUP.MOD
973479bdc58b23e3b79d7382fbbf9b0e	1	240126	player	uade	Protracker	0	173260	5ccdbbbf	92bc77e5	MOD/MOD_C/CROMADIV.MOD
97a883634e322fb5cdfb8b19e57fb60d	0	168708	player	libopenmpt	Ultimate Soundtracker 1.0-1.21	4	86120	fe1ac344	ef702d4f	MOD/MOD_N/NIGHT.MOD
982c9dea6d9c0ffe80e7da941aefa8b9	1	212911	player+silence	uade	Protracker	0	139608	d0aa506d	97f1cac2	MOD/MOD_W/WARHAWKS.MOD
983fe43ef1384fbaddfcefc93cd25f2d	1	233495	player	uade	Protracker	0	175392	e57af250	54e2992c	MOD/MOD_F/FATALDES.MOD
985dd5214d9c602b907a79168c1693b1	1	120862	player+silence	uade	Protracker	0	214314	a5515602	4462d125	MOD/MOD_F/FEELREAL.MOD
9871f1168de8ffda96141b0acc4889d0	1	279772	player	uade	Protracker	0	135258	522aa7ea	f574e915	MOD/MOD_S/SPASMAST.MOD
98921471bacc2100f42a98e553476b90	1	165908	player+silence	uade	Protracker	0	149208	2f75252c	ba43a393	MOD/MOD_T/TILLFRDY.MOD
98c6f7a689dbb9a822fd04d7ec71471d	1	511459	player	uade	Protracker	0	214280	cf6228b2	10c83c4e	MOD/MOD_T/TRASH.MOD
98c6f7a689dbb9a822fd04d7ec71471d	2	507601	player
98de9c3354bb1dee3fe1f4086a883858	1	87048	player	uade	Protracker	0	302820	14720690	3ff0a7fe	MOD/MOD_C/CHAOS.MOD
99143131eb9db19468b4ea1269b28091	1	274849	player	uade	Protracker	0	318744	c38c4928	77e2853a	MOD/MOD_D/DONTNEED.MOD
991c399063e199ed4c1e43f900369928	1	265103	player	uade	Soundtracker II (15 instr.)	0	48036	ccbb8327	211b0466	MOD/MOD_M/METALWR4.MOD
998a2af1df9d6d213e1f397fa15aa687	1	61568	player	uade	Protracker	0	9062	363d3396	b4295467	MOD/MOD_V/VIRGILL2.MOD
99ae5bc835e39e36609fcd8b4d987808	1	206207	player	uade	Soundtracker II (15 instr.)	0	63336	69df85c1	cf70ccd8	MOD/MOD_L/LNINJA2.MOD
99c10fdcaa359c169f1b8ee777f4b57d	1	228110	player	uade	Protracker	0	176630	6ddc28bd	05ceed74	MOD/MOD_I/INJEOPRD.MOD
99cd4ef2438e3d24e631f4449e988dad	1	41072	player	uade	Protracker	0	7750	765915e3	9d211b58	MOD/MOD_H/HULKHULK.MOD
9a103100946bb66eb8eb0f29338f805f	1	169093	player	uade	Protracker	0	136866	a54b7099	0a1f3d26	MOD/MOD_B/BREAKOUT.MOD
9a4acfd8b8676fa4f3f029b6fde2dad9	1	355710	player+silence	uade	Protracker	0	198330	aafda9c3	cf89272e	MOD/MOD_B/BLNYZQ51.MOD
9a808b7562ea6b1bfa111d5be202385d	1	308527	player	uade	Protracker	0	125172	c4d0e4bb	dc1945ed	MOD/MOD_X/XMASMIX.MOD
9a88d58be4273cee82a57215009b75a5	1	107645	player	uade	Protracker	0	281230	79c8de9e	503fbf30	MOD/MOD_U/U4IA.MOD
9a8afba74d6150bcf4078b3c6afedfb2	1	119064	player+silence	uade	Protracker	0	347128	8efe8491	92271216	MOD/MOD_H/HIDEAWAY.MOD
9ab6803f5365c0c680d133faa86abe30	0	99691	player	libopenmpt	Ultimate Soundtracker 1.0-1.21	4	104740	958e34d7	8a5ffeb0	MOD/MOD_J/JWX1.MOD
9aefab311d754d5314808a1c9ca787e5	1	73082	player	uade	Protracker	0	55970	848c31ec	72eab0e3	MOD/MOD_B/BLUSBRS2.MOD
9af6f95bc6f125fafba18c0f1f036b47	1	69224	player	uade	Soundtracker II (15 instr.)	0	39492	8be08fc0	1eb25def	MOD/MOD_U/UNITA.MOD
9b1536bde6c4ce842e3282d7905d4e8f	1	116174	player+silence	uade	Protracker	0	99916	fa21b501	ea44fea3	MOD/MOD_H/HAZEYWAV.MOD
9b526491a8cf3582962954104d541e78	1	394127	player+silence	uade	Protracker compatible	0	196596	47f59c56	d65f5c62	MOD/MOD_K/KILLING.MOD
9b778a025a7f6ddc50ab3789de0e765f	1	149314	player+silence	uade	Protracker	0	158478	c61dab0b	be590bb4	MOD/MOD_B/BOMBJAZZ.MOD
9b7e50f6245078d9d52d3f1b823d5635	1	226557	player+silence	uade	Soundtracker II (31 instr.)	0	109710	831c63b0	76a76658	MOD/MOD_D/DEEPRED.MOD
9b7e50f6245078d9d52d3f1b823d5635	1	226557	player+silence	uade	Soundtracker II (31 instr.)	0	109710	831c63b0	76a76658	MOD/MOD_G/G4.MOD
9bd22f908e1456bf3a67b148e72ffe5a	1	306919	player	uade	Protracker	0	154554	d9170343	cc71e0e9	MOD/MOD_B/BOMBOFLU.MOD
9be7665a66bcb9058335e1a81cdfc8d7	1	174197	player	uade	Protracker	0	169432	289b52be	1e765a8f	MOD/MOD_S/SACREDTE.MOD
9c0be24c40e7f0dbece02b17628eb812	1	169093	player	uade	Protracker compatible	0	52122	c974c650	6a5c772c	MOD/MOD_G/GOBO.MOD
9c214d4ca719382ecd085b1f17f984f6	1	13400	player	ft2play	Fasttracker (M.K.)	4	27783	9aca127d	ac4b9a68	MOD/MOD_O/ORGJAZZ.MOD
9c4ee33a7df24524eebcd6a78317778a	1	276597	player	uade	Protracker	0	87776	8f84b758	f5390882	MOD/MOD_A/AGROMETR.MOD
9c82841f8fdf64244821d731ebda9d19	1	129387	player	uade	Protracker compatible	0	234986	df615cb6	53307634	MOD/MOD_L/LOVSTNKS.MOD
9c88664e443f6d1864a7f348ac94345a	1	237173	player+silence	uade	Protracker	0	109670	a984db2b	4e2f94f3	MOD/MOD_S/SPACE.MOD
9cfe1f694b64df0ea3b8b56e643aadde	0	91128	player+silence	uade	Ultimate-Soundtracker or compatible	0	66044	57069f4d	2c40a1ac	MOD/MOD_S/SLL3.MOD
9d0bfbdbbda6b24c487f049861f7f216	1	25238	player	uade	Protracker compatible	0	13027	7555674b	348ada1f	MOD/MOD_C/CAN-CAN.MOD
9d3f497778fb93af8d2740c8cdd65ae2	1	123901	player	uade	Protracker	0	89010	c979dd8f	6535d708	MOD/MOD_W/WALKWITH.MOD
9dc8ff0f985ecacb35748afe6fbecb7e	1	125569	player	uade	Protracker	0	117242	c1935ed1	1e1d3244	MOD/MOD_S/SATANIC.MOD
9dc8ff0f985ecacb35748afe6fbecb7e	10	116586	player
9dc8ff0f985ecacb35748afe6fbecb7e	100	116586	player
9dc8ff0f985ecacb35748afe6fbecb7e	101	116586	player
9dc8ff0f985ecacb35748afe6fbecb7e	102	116586	player
9dc8ff0f985ecacb35748afe6fbecb7e	103	116586	player
9dc8ff0f985ecacb35748afe6fbecb7e	104	116586	player
9dc8ff0f985ecacb35748afe6fbecb7e	105	116586	player
9dc8ff0f985ecacb35748afe6fbecb7e	106	116586	player
9dc8ff0f985ecacb35748afe6fbecb7e	107	116586	player
9dc8ff0f985ecacb35748afe6fbecb7e	108	116586	player
9dc8ff0f985ecacb35748afe6fbecb7e	109	116586	player
9dc8ff0f985ecacb35748afe6fbecb7e	11	116586	player
9dc8ff0f985ecacb35748afe6fbecb7e	110	116586	player
9dc8ff0f985ecacb35748afe6fbecb7e	111	116586	player
9dc8ff0f985ecacb35748afe6fbecb7e	112	116586	player
9dc8ff0f985ecacb35748afe6fbecb7e	113	116586	player
9dc8ff0f985ecacb35748afe6fbecb7e	114	116586	player
9dc8ff0f985ecacb35748afe6fbecb7e	12	116586	player
9dc8ff0f985ecacb35748afe6fbecb7e	13	116586	player
9dc8ff0f985ecacb35748afe6fbecb7e	14	116586	player
9dc8ff0f985ecacb35748afe6fbecb7e	15	116586	player
9dc8ff0f985ecacb35748afe6fbecb7e	16	116586	player
9dc8ff0f985ecacb35748afe6fbecb7e	17	116586	player
9dc8ff0f985ecacb35748afe6fbecb7e	18	116586	player
9dc8ff0f985ecacb35748afe6fbecb7e	19	116586	player
9dc8ff0f985ecacb35748afe6fbecb7e	2	116586	player
9dc8ff0f985ecacb35748afe6fbecb7e	20	116586	player
9dc8ff0f985ecacb35748afe6fbecb7e	21	116586	player
9dc8ff0f985ecacb35748afe6fbecb7e	22	116586	player
9dc8ff0f985ecacb35748afe6fbecb7e	23	116586	player
9dc8ff0f985ecacb35748afe6fbecb7e	24	116586	player
9dc8ff0f985ecacb35748afe6fbecb7e	25	116586	player
9dc8ff0f985ecacb35748afe6fbecb7e	26	116586	player
9dc8ff0f985ecacb35748afe6fbecb7e	27	116586	player
9dc8ff0f985ecacb35748afe6fbecb7e	28	116586	player
9dc8ff0f985ecacb35748afe6fbecb7e	29	116586	player
9dc8ff0f985ecacb35748afe6fbecb7e	3	116586	player
9dc8ff0f985ecacb35748afe6fbecb7e	30	116586	player
9dc8ff0f985ecacb35748afe6fbecb7e	31	116586	player
9dc8ff0f985ecacb35748afe6fbecb7e	32	116586	player
9dc8ff0f985ecacb35748afe6fbecb7e	33	116586	player
9dc8ff0f985ecacb35748afe6fbecb7e	34	116586	player
9dc8ff0f985ecacb35748afe6fbecb7e	35	116586	player
9dc8ff0f985ecacb35748afe6fbecb7e	36	116586	player
9dc8ff0f985ecacb35748afe6fbecb7e	37	116586	player
9dc8ff0f985ecacb35748afe6fbecb7e	38	116586	player
9dc8ff0f985ecacb35748afe6fbecb7e	39	116586	player
9dc8ff0f985ecacb35748afe6fbecb7e	4	116586	player
9dc8ff0f985ecacb35748afe6fbecb7e	40	116586	player
9dc8ff0f985ecacb35748afe6fbecb7e	41	116586	player
9dc8ff0f985ecacb35748afe6fbecb7e	42	116586	player
9dc8ff0f985ecacb35748afe6fbecb7e	43	116586	player
9dc8ff0f985ecacb35748afe6fbecb7e	44	116586	player
9dc8ff0f985ecacb35748afe6fbecb7e	45	116586	player
9dc8ff0f985ecacb35748afe6fbecb7e	46	116586	player
9dc8ff0f985ecacb35748afe6fbecb7e	47	116586	player
9dc8ff0f985ecacb35748afe6fbecb7e	48	116586	player
9dc8ff0f985ecacb35748afe6fbecb7e	49	116586	player
9dc8ff0f985ecacb35748afe6fbecb7e	5	116586	player
9dc8ff0f985ecacb35748afe6fbecb7e	50	116586	player
9dc8ff0f985ecacb35748afe6fbecb7e	51	116586	player
9dc8ff0f985ecacb35748afe6fbecb7e	52	116586	player
9dc8ff0f985ecacb35748afe6fbecb7e	53	116586	player
9dc8ff0f985ecacb35748afe6fbecb7e	54	116586	player
9dc8ff0f985ecacb35748afe6fbecb7e	55	116586	player
9dc8ff0f985ecacb35748afe6fbecb7e	56	116586	player
9dc8ff0f985ecacb35748afe6fbecb7e	57	116586	player
9dc8ff0f985ecacb35748afe6fbecb7e	58	116586	player
9dc8ff0f985ecacb35748afe6fbecb7e	59	116586	player
9dc8ff0f985ecacb35748afe6fbecb7e	6	116586	player
9dc8ff0f985ecacb35748afe6fbecb7e	60	116586	player
9dc8ff0f985ecacb35748afe6fbecb7e	61	116586	player
9dc8ff0f985ecacb35748afe6fbecb7e	62	116586	player
9dc8ff0f985ecacb35748afe6fbecb7e	63	116586	player
9dc8ff0f985ecacb35748afe6fbecb7e	64	116586	player
9dc8ff0f985ecacb35748afe6fbecb7e	65	116586	player
9dc8ff0f985ecacb35748afe6fbecb7e	66	116586	player
9dc8ff0f985ecacb35748afe6fbecb7e	67	116586	player
9dc8ff0f985ecacb35748afe6fbecb7e	68	116586	player
9dc8ff0f985ecacb35748afe6fbecb7e	69	116586	player
9dc8ff0f985ecacb35748afe6fbecb7e	7	116586	player
9dc8ff0f985ecacb35748afe6fbecb7e	70	116586	player
9dc8ff0f985ecacb35748afe6fbecb7e	71	116586	player
9dc8ff0f985ecacb35748afe6fbecb7e	72	116586	player
9dc8ff0f985ecacb35748afe6fbecb7e	73	116586	player
9dc8ff0f985ecacb35748afe6fbecb7e	74	116586	player
9dc8ff0f985ecacb35748afe6fbecb7e	75	116586	player
9dc8ff0f985ecacb35748afe6fbecb7e	76	116586	player
9dc8ff0f985ecacb35748afe6fbecb7e	77	116586	player
9dc8ff0f985ecacb35748afe6fbecb7e	78	116586	player
9dc8ff0f985ecacb35748afe6fbecb7e	79	116586	player
9dc8ff0f985ecacb35748afe6fbecb7e	8	116586	player
9dc8ff0f985ecacb35748afe6fbecb7e	80	116586	player
9dc8ff0f985ecacb35748afe6fbecb7e	81	116586	player
9dc8ff0f985ecacb35748afe6fbecb7e	82	116586	player
9dc8ff0f985ecacb35748afe6fbecb7e	83	116586	player
9dc8ff0f985ecacb35748afe6fbecb7e	84	116586	player
9dc8ff0f985ecacb35748afe6fbecb7e	85	116586	player
9dc8ff0f985ecacb35748afe6fbecb7e	86	116586	player
9dc8ff0f985ecacb35748afe6fbecb7e	87	116586	player
9dc8ff0f985ecacb35748afe6fbecb7e	88	116586	player
9dc8ff0f985ecacb35748afe6fbecb7e	89	116586	player
9dc8ff0f985ecacb35748afe6fbecb7e	9	116586	player
9dc8ff0f985ecacb35748afe6fbecb7e	90	116586	player
9dc8ff0f985ecacb35748afe6fbecb7e	91	116586	player
9dc8ff0f985ecacb35748afe6fbecb7e	92	116586	player
9dc8ff0f985ecacb35748afe6fbecb7e	93	116586	player
9dc8ff0f985ecacb35748afe6fbecb7e	94	116586	player
9dc8ff0f985ecacb35748afe6fbecb7e	95	116586	player
9dc8ff0f985ecacb35748afe6fbecb7e	96	116586	player
9dc8ff0f985ecacb35748afe6fbecb7e	97	116586	player
9dc8ff0f985ecacb35748afe6fbecb7e	98	116586	player
9dc8ff0f985ecacb35748afe6fbecb7e	99	116586	player
9e09f57aa23803889aa008d191f1db82	1	254625	player+silence	uade	Protracker	0	91066	80424342	3c4ba848	MOD/MOD_S/SHELLEY.MOD
9e2c10636d3e2a6d3ede36d14e7c6684	1	475189	player	uade	Soundtracker II (31 instr.)	0	114392	c772cc08	9c326638	MOD/MOD_A/AGNESTDF.MOD
9e50d0191164aa51e2095383550b4e50	1	107323	player	st3play	Scream Tracker 3.00 (SB)	5	97332	8903009d	dca80670	SNDTOOLS/DOS/ST3/S/PARTY2.S3M
9e6418146a766e63779ee06469767191	1	15472	player	uade	Protracker compatible	0	73012	6a4677f5	c958373d	MOD/MOD_C/CHASEHQ.MOD
9e6418146a766e63779ee06469767191	2	7678	player+silence
9e6418146a766e63779ee06469767191	3	20596	player
9e6418146a766e63779ee06469767191	4	55178	player
9e6418146a766e63779ee06469767191	5	28915	player
9e6418146a766e63779ee06469767191	6	56424	player
9e6418146a766e63779ee06469767191	7	41715	player
9e8741fda45d2e1cbd7c33235a6e3103	1	122997	player	uade	Noisetracker 1.x	0	149166	452421f5	7d5c61c9	MOD/MOD_M/M1_SONG.MOD
9e9031d52f72c0ba8d26bcf00f02a53d	1	276597	player	uade	Protracker	0	36920	65ba8578	b5a1df98	MOD/MOD_I/INTROMUS.MOD
9ea6ad97da7c4dc37e6e8fecf304cdb8	1	150787	player+silence	uade	Protracker compatible	0	122104	b7468a6b	54681f80	MOD/MOD_N/NAMEWASB.MOD
9ecaa3c67aabf6c53dc5ccb4b4970c18	1	161397	player	uade	Soundtracker II (15 instr.)	0	48408	1f84a2c5	9dab62db	MOD/MOD_W/WAVE.MOD
9ed5d5ab9651373fdd9cb68c62492e7c	1	140921	player	uade	Soundtracker II (15 instr.)	0	100766	35d51ef1	214a282a	MOD/MOD_R/RSI-HARD.MOD
9ed73fa1cf0ea8b02dad729f0bc1afe7	1	96130	player	uade	Soundtracker II (15 instr.)	0	56592	f95a4510	3a5afa2d	MOD/MOD_A/ALIVE.MOD
9f136d042b5c88d6a5c9ee66b42f26c2	1	81723	player	uade	Soundtracker II (15 instr.)	0	55450	bc510fae	6f3738df	MOD/MOD_A/AIRBOR.MOD
9f136d042b5c88d6a5c9ee66b42f26c2	1	81723	player	uade	Soundtracker II (15 instr.)	0	55450	bc510fae	6f3738df	MOD/MOD_A/AIRBORNE.MOD
9fef02db5ec6e3e00e128b96dde9f188	1	245544	player+silence	uade	Protracker	0	229692	128a4f88	f2c75f4b	MOD/MOD_B/BACKTRAC.MOD
9ffa7f34eb769de35e6c2ca0ea05c400	1	439361	player	uade	Protracker	0	199870	4b7f495a	5f6bdab1	MOD/MOD_O/OVERLOAD.MOD
a02f4a0b62de3691461464229be0189b	1	143493	player	uade	Soundtracker II (15 instr.)	0	59844	87040e43	94d5df3f	MOD/MOD_W/WOTROCK.MOD
a04b053dd77bcabbc5bea3c666668636	1	176769	player	uade	Soundtracker II (31 instr.)	0	154140	a90e93ee	55be53ed	MOD/MOD_J/JARRE.MOD
a064ab6968fd2b8b2d7dcab0e3846fc0	1	234057	player+silence	uade	Protracker	0	195912	41518cba	f87a39af	MOD/MOD_M/MYGLAMOU.MOD
a0bdbf588853fb1c16cba7fadb798b9f	1	285157	player	uade	Protracker	0	139086	a9a75f68	dcda61f3	MOD/MOD_S/STREET_J.MOD
a0da15f5b4ce82956ec789226b66d8a7	1	192141	player	uade	Protracker compatible	0	193071	84ca5a55	57d147ca	MOD/MOD_J/JUSTINTM.MOD
a10fd0509089c676591a05aeab400c9f	1	48005	player	uade	Protracker compatible	0	58519	dd27740c	88afeb5c	MOD/MOD_B/BROJOHN2.MOD
a1aea612c764969ce3d62f2a680e4d77	1	231972	silence	uade	Protracker	0	161030	0fd08027	89ecab33	MOD/MOD_S/SAFESEX.MOD
a1b6627dda50f5c49c52cfdf13794c41	1	94563	player	uade	Protracker compatible	0	101045	7c56281d	e90f3387	MOD/MOD_F/FUNKJAM.MOD
a1be78b3df703961976ad44da4c9845f	1	215149	player	uade	Protracker compatible	0	123470	102fadf0	21c57893	MOD/MOD_A/ARTIFIC.MOD
a1cca1d0c69fddd0fd1b71c34d6ff9fc	1	138369	player	uade	Protracker	0	119156	5d62d4b7	965536e6	MOD/MOD_D/DARKDANC.MOD
a1dd0068e7e09762bf50fb3dca5ed14c	1	293617	player	uade	Protracker	0	439156	8b045cd2	8d7a762b	MOD/MOD_C/CUTNMOVE.MOD
a1fba81e70db74a1634304909a70c68c	1	167485	player	uade	Protracker	0	166838	66f2052d	16f26291	MOD/MOD_F/FLUCHS.MOD
a21bfebdc6d646278044435a5b6ef9f0	1	107645	player	uade	Protracker compatible	0	85766	8319edcf	a96ff1f6	MOD/MOD_G/GHETTO.MOD
a21e4ecb2d989eee2b55699d6b3e05c1	1	169093	player	uade	Protracker	0	93444	f93224d5	28b74196	MOD/MOD_T/TWINMOON.MOD
a2d050e08c134e37533a0e2d299e7517	1	101877	player	uade	Protracker compatible	0	54602	66138f84	0c9b2acc	MOD/MOD_C/COPENHAG.MOD
a2e43f456b4d0b284b79161b12f17da0	1	35968	player	uade	Soundtracker II (15 instr.)	0	32548	b2476fc8	f41bd9ce	MOD/MOD_S/SLL9.MOD
a340565eab5444614bf2ef7580ec0aac	1	80758	player	uade	Protracker compatible	0	64194	1ae6c584	d7c569d7	MOD/MOD_T/THEBEAT.MOD
a362bcc478c3d46b24c4a91607a6fb44	1	230541	player	uade	Protracker	0	91744	55925436	0e6fc886	MOD/MOD_H/HAVING.MOD
a3a6ff303ebb34cf3eb348317d606500	1	91145	player+silence	uade	Noisetracker 1.x	0	110879	3e6ce39b	09aac92d	MOD/MOD_N/NHK.MOD
a3a9b33e50cfb55b302eb8f3afc1b3a4	1	33738	player	uade	Soundtracker II (31 instr.)	0	75847	c043a5ae	afaeede2	MOD/MOD_U/URQUAN.MOD
a3b31309fd0f4de7385d6cebee1c7bdc	1	637350	player	uade	Protracker (vblank)	0	224256	348a2593	1c24dd54	MOD/MOD_C/CRYPTO.MOD
a3ef645bbd4c2f3d9792c91f60f5d3b0	1	269564	player	uade	Protracker compatible	0	71428	e82beea1	af95b309	MOD/MOD_B/BTALTITL.MOD
a3f3405c39623e9e289a16c89ceab898	1	153721	player	uade	Noisetracker 1.x	0	115716	7a70f1d8	19b9cb20	MOD/MOD_B/BIEN.MOD
a41a93c500c7f4bc75d71262f93dc73c	1	122997	player	uade	Protracker	0	52356	9a12a025	91a2400b	MOD/MOD_P/PROCES_I.MOD
a43f3d3159934f809a973d90dc32c946	1	299993	player+silence	uade	Protracker	0	347582	35a70395	46e27e7b	MOD/MOD_S/SPACEDEB.MOD
a4441ba94cda373eb30d5d36c460cd7b	1	229034	player	uade	Protracker	0	19854	b280dcb6	8cbedf55	MOD/MOD_M/MARTYMAN.MOD
a455dbf0e528c4175254210b6e70d47a	1	126995	player	uade	Protracker compatible	0	233858	90bb67a3	69018a43	MOD/MOD_G/GILLIGAN.MOD
a4b6b3515e0a1b2f14836cd8c58001c8	1	92915	player	uade	Noisetracker 1.x	0	58616	c029fb8a	eda7dcf4	MOD/MOD_C/COUNTRY.MOD
a4b6b3515e0a1b2f14836cd8c58001c8	1	92915	player	uade	Noisetracker 1.x	0	58616	c029fb8a	eda7dcf4	MOD/MOD_I/INTRO5.MOD
a4bba349052842eb08ce74ef983db734	1	192141	player	uade	Protracker compatible	0	88392	0351fb7f	f58a74ac	MOD/MOD_N/NOTHING.MOD
a4f58c6f9dc6a5ced618f22885eb5851	1	338045	player	uade	Noisetracker 1.x	0	72044	9a81c887	25f116ad	MOD/MOD_B/BLUEBRRY.MOD
a4f7d2fa4b149c33cfbfe0421a4c5c50	1	225960	player	uade	Protracker	0	241640	e73697ea	3bdda754	MOD/MOD_H/HUMANTAR.MOD
a50ab02cfef8aa2d2d74af95dbb2a803	1	121911	player	uade	Protracker	0	230562	ffdc6cf0	20e9f2a1	MOD/MOD_R/RIVIERA2.MOD
a5295ec44465cad6b3962ac89249eecc	1	84616	player	uade	Protracker compatible	0	181498	9c6f7588	0e3f7a98	MOD/MOD_G/GETTECH.MOD
a5402e64cc1f3ada47d275c816eadbaf	1	122997	player	uade	Protracker compatible	0	136000	bafea637	45c29611	MOD/MOD_H/HOUSE.MOD
a5402e64cc1f3ada47d275c816eadbaf	1	122997	player	uade	Protracker compatible	0	136000	bafea637	45c29611	MOD/MOD_H/HOUSEME.MOD
a54b90dc48a7363241db1feb5c0b2987	1	249731	player	uade	Protracker compatible	0	177691	bbe2bc6d	af8a3a7a	MOD/MOD_W/W-RITUAL.MOD
a573d18a14bf875acab6ddcaf8d31cfc	1	130693	player	uade	Noisetracker 1.x	0	103506	9d2a709b	34e945be	MOD/MOD_W/WASTELAN.MOD
a57b962dee2e423f3fc47c9ae3e57b0f	1	73082	player	uade	Noisetracker 1.x	0	57124	3ed12b9c	509262cd	MOD/MOD_P/PIANOPLK.MOD
a5a6070baea048d837097baa001dc44b	1	37728	player+volume	uade	Soundtracker II (15 instr.)	0	207492	563b1ba8	2030487f	MOD/MOD_B/BEAST2EN.MOD
a6440026742719775f9584b7eadd3e07	1	230955	player+silence	uade	Protracker	0	145294	44b7e2d0	3bbe83d2	MOD/MOD_O/OPTIMUM.MOD
a65959fb9b8e31371390ed00b0a4a839	1	192141	player	uade	Protracker compatible	0	72916	b309f6bb	9473d4c1	MOD/MOD_M/MODELDIS.MOD
a697ff5ed6c0aa30a7d073a185f4e4f5	1	314011	player+silence	uade	Protracker	0	104600	94530bbc	db112338	MOD/MOD_M/MAGRUST.MOD
a6ba0bf18c1be5d760ea38e41b53647a	1	94222	player	uade	Protracker compatible	0	86876	921bb667	31cedb05	MOD/MOD_D/DTDMSOUN.MOD
a7cf3762e6a4c83bb4ad434db41f3ea6	1	122997	player	uade	Protracker	0	180168	42687810	765f88ef	MOD/MOD_E/EMOTIONS.MOD
a7d188362d476588ecdbd93afd51b333	1	144763	player+silence	uade	Protracker	0	109880	dc9c40ce	2aba7dc1	MOD/MOD_S/SACRED.MOD
a80cd7ca73fecfcaece34beb429c0e74	1	307321	player	uade	Soundtracker II (15 instr.)	0	84712	cd54eca7	c87f74fc	MOD/MOD_R/RALLEY.MOD
a80d2c4022a79ea5bea839a406f21e8c	1	205564	player	uade	Protracker compatible	0	92246	5b80665c	eafb78d7	MOD/MOD_C/COUSTEAU.MOD
a81f5fec65474f04b1fc4b3349228904	1	123961	player	uade	Protracker compatible	0	100664	b055626f	650d895c	MOD/MOD_J/JUSTSPAN.MOD
a82b67315e5a769c236b12005ff7f5e6	1	191306	player+volume	uade	Noisetracker 1.x	0	86612	1476d4d6	a0bfe8b2	MOD/MOD_E/EMBOLD.MOD
a845af8ead991aeeb7673638ff51001e	1	148362	silence	uade	Protracker	0	327724	0d124315	add4be75	MOD/MOD_C/CYBERCHR.MOD
a8c2318c452a31597d56f7a389ae0cc4	1	301607	player+silence	uade	Protracker	0	178230	8060086b	1a862195	MOD/MOD_B/BLUESTAR.MOD
a8f9e7db198f1b80b7fdaa6d701beaf4	1	138369	player	uade	Protracker	0	197506	a77d2eee	9982b922	MOD/MOD_W/WORLDOF.MOD
a90d8311e00dccabb548f0fe25efa1f5	1	46216	player	uade	Protracker compatible	0	27924	148b0326	a1d5c057	MOD/MOD_L/LOONCRED.MOD
a923366efa8f61edebdf5b471dd1c992	1	69224	player	uade	Protracker	0	79758	3e5ce544	42b5cdc1	MOD/MOD_S/SHEISCOM.MOD
a95431360524046c56ac49735374d69d	1	25720	player	uade	Protracker	0	8528	b121a33f	0e41fdc1	MOD/MOD_M/MICROINT.MOD
a95cbb3beb0aeaea86c070e7cb3fb6dc	1	241527	player+silence	uade	Protracker compatible	0	205088	865e20b8	773a7262	MOD/MOD_A/ACID.MOD
a99ae5983ab2005b4bd2380989a9e68e	1	192141	player	uade	Protracker compatible	0	155014	93c65c8f	ae2c8313	MOD/MOD_B/BLUEPRNT.MOD
aa0c41cdceed955e22294854df2ad334	1	285157	player	uade	Protracker compatible	0	139086	d8177af7	bb2cf6b5	MOD/MOD_S/STRTJNGL.MOD
aa184948fe4e139dd827b9c02a6c99ef	1	128121	player	uade	Soundtracker II (15 instr.)	0	64628	e7cc709e	3458b8b3	MOD/MOD_A/AWESOM.MOD
aa4f0d57cbfbf5025e22a78e8974ec7c	1	247780	player+silence	uade	Protracker	0	186886	00159b7a	8390cbb5	MOD/MOD_S/SCHITZO.MOD
ab106ffcb61759b8c239eec66aba1262	1	75011	player	uade	Protracker compatible	0	51326	fe4bf09b	5d166814	MOD/MOD_B/BREAKF.MOD
ab1a5570aaf160525ba1c0fe7d6683b7	1	119577	player+volume	uade	Protracker	0	293076	87426392	1ad8fdb7	MOD/MOD_S/STOPTHEP.MOD
ab62266881c11650c24edb7d46386304	1	148597	player	uade	Protracker compatible	0	69504	8ce2890f	2948efc0	MOD/MOD_G/G10.MOD
ab79e3433c48f8bbcc4009fe7a8510fb	1	59579	player	uade	Protracker	0	192470	d8e90341	7b97eeb9	MOD/MOD_C/CUMANA.MOD
ab9c37ee8cb51d4a1e4c9c1c9abd0640	1	146045	player	uade	Noisetracker 1.x	0	55862	5aed8ccc	71e26dd3	MOD/MOD_T/TENNIS.MOD
ababb2abd36d49bae7112cf2e5700ffc	1	138369	player	uade	Protracker compatible	0	164534	0975a321	ac35ba99	MOD/MOD_P/PSY.MOD
abb07d41a63f20904db364b5f305c5a5	1	92272	player	uade	Protracker compatible	0	65897	1a3fb99a	6fd3c6f5	MOD/MOD_D/DARKCAT.MOD
abf3d85c9320d06814ca6e9adaa8ede6	1	192141	player	uade	Protracker compatible	0	137007	d29f2571	1257cb0b	MOD/MOD_I/INYOURFA.MOD
ac30a21bd83f46cafe7f462c7fe95b52	1	119179	player	uade	Protracker compatible	0	70504	ec8bda92	f3b4b2bb	MOD/MOD_K/KEFRENS2.MOD
ac30a21bd83f46cafe7f462c7fe95b52	1	119179	player	uade	Protracker compatible	0	70504	ec8bda92	f3b4b2bb	MOD/MOD_K/KFRNSTN2.MOD
ac31307eb1b4427be4b2e7a5c2f087ec	0	375759	player	libopenmpt	Defjam Soundtracker III / Alpha Flight SoundTracker IV / D.O.C. SoundTracker IV / VI	4	102400	3c070c1a	92c405cc	MOD/MOD_E/ERASURE.MOD
ac5db86e2d0d48fd6d1c41df1ab4b546	1	288392	player	uade	Protracker compatible	0	210714	00fa9d08	da3b7491	MOD/MOD_D/DAISYCHN.MOD
ac6bf040014277075bb4b4d52355acc3	1	82044	player	uade	Protracker	0	134164	7235fd9c	8bd3e881	MOD/MOD_S/SEEING1.MOD
ac805e9e7561344dcaa7f648116418ec	1	11651	player+silence	uade	Protracker compatible	0	11187	33b53f62	e682d2a0	MOD/MOD_P/PLANET.MOD
acb9d8982bdb5352a19e6a0c019c0ade	1	228773	player	uade	Noisetracker 1.x	0	108200	bc5232a8	55edc468	MOD/MOD_S/STULFICA.MOD
acba58248f81077cbaf6ca720eb9ab02	1	199797	player	uade	Noisetracker 1.x	0	41004	f96a7c30	f39648d4	MOD/MOD_C/CEBIT.MOD
accb4ddec309c146d89fa36b27b0091f	1	60122	player	st3play	Scream Tracker 3.01 (GUS)	3	15714	ac37c6d9	8a40b5bb	SNDTOOLS/DOS/ST3/S/64MANIA.S3M
accb4ddec309c146d89fa36b27b0091f	2	1888	player
ad6c61b5ad3c2177e1f89d34089c14ae	1	168217	player+silence	uade	Protracker	0	172310	f353a3f4	a19c01c6	MOD/MOD_A/ALTERNAT.MOD
adc58517b999ce202f5961dc571b8706	1	41072	player	uade	Protracker	0	18128	58038f74	74872549	MOD/MOD_R/ROCKERFO.MOD
ae36f482159070bbabbc4f47fed80926	1	135977	player	ft2play	Fasttracker (M.K.)	4	108641	badb22e9	e4cf5451	MOD/MOD_T/THETREES.MOD
ae3c04d653b7b5e251b3233eb1500771	1	130693	player	uade	Protracker compatible	0	80724	42370b5c	29cefc70	MOD/MOD_T/TAKEOFF.MOD
ae5660aa88483a3cabbc5c264a4bd451	1	76920	player	uade	Protracker	0	14806	e303c2c1	5bd96fb4	MOD/MOD_H/HOTWIRES.MOD
ae6225175debf8f1771700a51402b815	1	210487	player	uade	Protracker	0	164018	997d971c	03f2d6f2	MOD/MOD_B/BLADERAV.MOD
ae95ca4ca6850f87bc4adb4b13cb55fa	1	76920	player	uade	Protracker compatible	0	42374	a54b818e	7f0b5e82	MOD/MOD_R/RUMBLE.MOD
aea018e2c885144579723a3c9b27e9da	1	696695	player+silence	uade	Protracker	0	205116	c8e51004	33be0411	MOD/MOD_A/ACITYAT.MOD
aeab35c58886b696db4ff9c473abf432	1	243234	player+silence	uade	Protracker	0	213682	a36e00ed	b5974488	MOD/MOD_S/SUFFOC2.MOD
aec0a62f74c5eff4e44f0fad938cf9a7	1	84616	player	uade	Protracker compatible	0	139196	fcbc2aaf	53bb2349	MOD/MOD_S/SWC_HITS.MOD
aec82e22b6f4b893b076c7991eaeb842	1	44911	player+volume	uade	Protracker compatible	0	99566	74ac8f23	ddc5ef39	MOD/MOD_D/DRSNGGLS.MOD
aeeb9e602edd292185d96fe5bf16b645	1	341614	player+silence	uade	Protracker	0	249116	9c5113f3	68198281	MOD/MOD_C/CONDOM.MOD
aeec6c3b805fc02d43b86587cb453971	1	192141	player	uade	Noisetracker 1.x	0	47040	419453dc	6e230c36	MOD/MOD_A/AMIGAGOE.MOD
af5ac30decfdc0de2c275b011cce18fa	1	91308	player	uade	Soundtracker II (15 instr.)	0	44994	e599d39a	be63f302	MOD/MOD_S/SUN.MOD
af83ea2668ff9d764c18031af690865b	1	210045	player	uade	Protracker	0	233380	0d95f148	c71fa0d0	MOD/MOD_S/SFINX.MOD
afc08ca311b78cfe5b9d2b6bdcb7cce6	1	251881	player	uade	Soundtracker II (15 instr.)	0	147416	1d5393aa	649e3aa6	MOD/MOD_G/GREENSLE.MOD
afc08ca311b78cfe5b9d2b6bdcb7cce6	1	251881	player	uade	Soundtracker II (15 instr.)	0	147416	1d5393aa	649e3aa6	MOD/MOD_G/GRENSLVS.MOD
afc08ca311b78cfe5b9d2b6bdcb7cce6	1	251881	player	uade	Soundtracker II (15 instr.)	0	147416	1d5393aa	649e3aa6	MOD/MOD_G/GRNSLVES.MOD
afd174a6665483f7a20fbf8998352541	1	205564	player	uade	Protracker	0	87850	69c3fd01	a7e21b49	MOD/MOD_T/TOTALTRI.MOD
afdab607cd948b898289cfd841f94bd4	1	153316	player+volume	uade	Protracker	0	141694	9b61b7e2	c4165a5f	MOD/MOD_D/DADSHAMM.MOD
afdb46deff8e7f91442c54097fbe4366	1	334837	player+silence	uade	Protracker	0	143070	bf8cc034	bcad82aa	MOD/MOD_H/HARDCOR.MOD
b00cc6a47aa0163624c64da44538ba0b	1	172931	player	uade	Protracker compatible	0	143674	0992273f	9af6f094	MOD/MOD_B/BPOPPED.MOD
b01a547b87f9a0edeb16c427ecc31dce	1	122997	player	uade	Protracker compatible	0	81474	2c5b1a10	2b992440	MOD/MOD_I/ITSASIN.MOD
b0285966d68ff98d2c5ef2ed3def7eb5	1	164963	player+silence	uade	Protracker	0	167970	3794f48a	637bcfbc	MOD/MOD_V/VELOMATR.MOD
b11e9b008dbbb4ffe1004c8ec8ea0cd9	1	41072	player	uade	Protracker	0	11846	e55c5fe4	44bc4a5d	MOD/MOD_I/INTRO.MOD
b163ae8d5a2306a216d397b3cbbf606a	1	121811	player	uade	Protracker	0	200690	a07b6c58	4e91ee02	MOD/MOD_C/COFEBLU.MOD
b19e6d78ff663eb3f1ac7d8d2baecadb	1	300151	player+silence	uade	Protracker	0	105644	4422e0e5	e713b2fa	MOD/MOD_F/FCTITLE.MOD
b1c24c868f88bd3c0de0d0d89caf500f	1	97798	player	uade	Startrekker (4ch)	0	233154	8cd5bf9c	8a5c2d7b	MOD/MOD_T/TRNCDVST.MOD
b1c2cd174f22953199e056a734c6f142	1	142709	player	uade	Protracker	0	24148	fc481af2	f7c3fc8f	MOD/MOD_R/RENDEVOU.MOD
b1ca1cc4c0fca80b50155be8e2afb3dd	1	134531	player	uade	Soundtracker II (15 instr.)	0	56364	a1b003f4	55aa4d38	MOD/MOD_A/ACES-HI2.MOD
b2205841fab0def5cf0bab5e346ba252	1	196183	player+silence	uade	Protracker compatible	0	163892	3e50455d	4bc22e64	MOD/MOD_S/SC2DOOM.MOD
b23d7bf62f4de2e06cad760d79380360	1	261245	player	uade	Noisetracker 1.x	0	67978	898d4229	7b63d4c9	MOD/MOD_H/HNOISE.MOD
b26701d3e939da5901e6cd1eb5347a60	1	265103	player	uade	Protracker	0	96146	ba8be776	fec540ee	MOD/MOD_A/ACTOFIMP.MOD
b28f2a37a9e615e31f171e7c83ede677	1	233030	player+silence	uade	Soundtracker II (15 instr.)	0	73704	30701663	4a55826f	MOD/MOD_M/MUSIC2.MOD
b299312e3e6ac508fbfc4c02ac93514a	1	309893	player	uade	Noisetracker 1.x	0	154802	22bae632	f66741cf	MOD/MOD_M/MESSAGE.MOD
b2abbb10522ff30005c2c5b5550761a0	1	219328	player	uade	Protracker	0	78606	e717cd5f	73b079d2	MOD/MOD_T/TWLGHTDR.MOD
b2f1e9b3564e29587aa0516ae106cf78	1	276597	player	uade	Protracker	0	116426	acfc102d	6be81a2b	MOD/MOD_B/BLADESWE.MOD
b32b61e700732027db21256f4328c927	1	146045	player	uade	Protracker	0	156220	9690b001	d931b075	MOD/MOD_I/INDUSTRI.MOD
b32f2e9a2bbb744932884d656b261645	1	131125	player+silence	uade	Protracker	0	169472	17f33196	1c7b92c4	MOD/MOD_I/INTERCEP.MOD
b3549c75a0ec518299b122d91a5728d6	1	268921	player	uade	Protracker compatible	0	253860	5fd2d1f2	9a686f66	MOD/MOD_D/DURANDUR.MOD
b362c8e46ef88506aa45e4359907e96a	1	159235	player+silence	uade	Protracker	0	178710	1c25afff	f1e15abf	MOD/MOD_R/REALJOR.MOD
b37d6ddd2d16d1a75549c0ce2dfb8dfd	1	221298	player	uade	Protracker	0	182266	e85b1b39	b9d99dd6	MOD/MOD_S/SEAOFLOV.MOD
b3b7d1bbd743e4bd108993e02c6eb680	1	330716	player+volume	uade	Protracker compatible	0	88146	832880ff	84dafd18	MOD/MOD_B/BETWEEN.MOD
b425caa42c329b90d0628804741bc041	1	96130	player	uade	Protracker	0	23846	04ef3cbb	b570687c	MOD/MOD_I/I-VOTE-4.MOD
b44791e9158837cac42d0677579eec0d	1	161397	player	uade	Soundtracker II (15 instr.)	0	43926	efd4dfc9	7229c14b	MOD/MOD_E/ECHOING.MOD
b44c0421970fe7ac787b35a893634cea	1	107645	player	uade	Protracker	0	117086	d97cf03e	a818c347	MOD/MOD_J/JOJO.MOD
b456b456c56d06e0dfd49b18c7bfb60b	1	268921	player	uade	Noisetracker 1.x	0	65984	fd4dd015	5508b2bc	MOD/MOD_F/FLETCH.MOD
b476e531155ee1887e395ba860f122f3	1	138610	player	uade	Protracker	0	134576	53ebe11c	677ccf0e	MOD/MOD_G/GREASE.MOD
b48dae27856573625ce3232ae654a866	1	19470	player	ft2play	Fasttracker (M.K.)	4	30477	2ac76da4	3c9f2ecb	MOD/MOD_A/AMERICA2.MOD
b49bd590c5c6d5a2f386023500591506	1	231867	player	uade	Protracker	0	342284	742b626f	dbc440be	MOD/MOD_C/COLIBRI.MOD
b4a0903b84d18aaa7770b4644de4be4b	1	169093	player	uade	Protracker compatible	0	30454	d2d1cd5d	2ae4e30c	MOD/MOD_L/LITTLE.MOD
b4a4e1edd1ef2ae1b907d436bf2628ae	1	268921	player	uade	Protracker	0	129846	80e23847	dc9a9c09	MOD/MOD_W/WAYFARER.MOD
b4a4e1edd1ef2ae1b907d436bf2628ae	2	259336	player
b4b2b823b35512ce239a60242a5f7beb	1	288171	player	uade	Protracker compatible	0	109936	2d684029	b156012c	MOD/MOD_D/DIRT.MOD
b4b8343c408b44c9987cf6e46f27b25b	1	309893	player	uade	Noisetracker 1.x	0	154802	0e44f9f9	cfdd1879	MOD/MOD_M/MESSAGE2.MOD
b4bce10e4d2c115ba04e4cef9e160caa	1	184445	player	uade	Protracker compatible	0	272754	8cda536c	bdffa083	MOD/MOD_T/TOUCH_ME.MOD
b4bce10e4d2c115ba04e4cef9e160caa	1	184445	player	uade	Protracker compatible	0	272754	8cda536c	bdffa083	MOD/MOD_T/TOUCHMEM.MOD
b508bdc8f9ce9a3f8a7c03964bd890e8	1	314736	player	uade	Protracker compatible	0	129266	f4f87b8e	b5874949	MOD/MOD_N/NIGHTFAL.MOD
b50cb9b4bdaa602d1816edf06352f6f9	1	560790	player	uade	Protracker	0	112648	833f10ff	8cb4e965	MOD/MOD_V/VECTOREX.MOD
b525cb60420ed558b226ae577fa7b5c3	1	64120	player	uade	Protracker compatible	0	80858	475528f3	834184b6	MOD/MOD_D/DOEMAAR.MOD
b5466e089b0415fa112dfd92bcf5218c	1	107001	player	uade	Protracker	0	37078	b56c3bdf	73cf6d70	MOD/MOD_H/HELLO.MOD
b552891f13ee4c4740d6d13e047c2075	1	58213	player	uade	Protracker	0	31934	3780cebb	b781c9a0	MOD/MOD_I/ITSPHENO.MOD
b56184930390d6b5a1c3c99cd7faf734	1	394344	player+silence	uade	Protracker	0	330000	5a833db3	f65aca95	MOD/MOD_H/HAUNTED.MOD
b586269b6540d19d6dce5aebfcffc163	1	134651	player	uade	Protracker compatible	0	52968	79325ddc	6abff8b1	MOD/MOD_A/ALBERT_S.MOD
b586269b6540d19d6dce5aebfcffc163	1	134651	player	uade	Protracker compatible	0	52968	79325ddc	6abff8b1	MOD/MOD_A/ALBERT.MOD
b5a16ff309aae6d402e984a75efabd27	1	161397	player	uade	Protracker	0	99552	704ebe91	04b3991e	MOD/MOD_T/TITANIA.MOD
b5be69fa7433b16e7fbc4822125db6ab	1	254694	player	uade	Protracker	0	138774	fc7915be	ec408fda	MOD/MOD_O/ODYSSEY1.MOD
b5d96d12d0329691a55b9d09e203a0fb	1	170379	player	uade	Protracker compatible	0	54408	e81b2f06	e33f9a29	MOD/MOD_P/PRINCRAZ.MOD
b5e69dbfeadc2d2e2a604b6edb5d46a2	1	138369	player	uade	Protracker compatible	0	85105	d2474298	b40cff15	MOD/MOD_B/BLACKBOX.MOD
b60ff72a17ca6db316e546e5591da57b	1	154082	player	uade	Protracker	0	153998	61b2f4ec	8c2fa4b2	MOD/MOD_J/JELAIDEJ.MOD
b61ab688d21d19c7a1ee5392d73298af	0	199382	player	libopenmpt	Ultimate Soundtracker 1.8-2.0	4	91416	b47540b9	e1cb7b85	MOD/MOD_S/SLL7.MOD
b6257eab5a072cec67fac1b214c4a5d6	1	213860	player+silence	uade	Protracker compatible	0	130066	193300d8	d7bc40f3	MOD/MOD_G/GATEWAY.MOD
b62764691318abe8b7535a5012e388fe	1	636084	player+silence	uade	Protracker	0	138216	bf96d13c	4c5e5afb	MOD/MOD_C/CLOCKWIS.MOD
b66f1507200553ce79de76a107c04fcd	1	331825	player	ft2play	Fasttracker (M.K.)	4	145151	1240ee4a	54ffdbd5	MOD/MOD_U/UCBEMINE.MOD
b6830b502ab406bcca32c1abbb8f4fd7	1	283858	player+silence	uade	Protracker	0	122924	8a93d363	7d0198bd	MOD/MOD_I/I_NEED_U.MOD
b690e56b3a64080c5eb219007e4ef492	1	115321	player	uade	Protracker compatible	0	34422	78b2b8b3	ee96d259	MOD/MOD_M/MUZ.MOD
b69d09e0c1d418c4abf6984c4a004e90	1	76920	player	uade	Protracker	0	30524	d9adebc4	c4ea60a1	MOD/MOD_M/MENUMUS3.MOD
b6a6717756cea10af29df31d912a7cad	1	261245	player	uade	Protracker	0	150418	9833e0a5	9ac5cf4f	MOD/MOD_T/TOITEI.MOD
b6c0db6e8c3cba3acd24e00de197f42a	1	279069	player	uade	Protracker compatible	0	148908	798a9396	7858c366	MOD/MOD_B/BRIDGE.MOD
b6c0db6e8c3cba3acd24e00de197f42a	1	279069	player	uade	Protracker compatible	0	148908	798a9396	7858c366	MOD/MOD_B/BRIDGE1.MOD
b6cbcb6e9b727272a7e2e817e3b4d591	1	241465	player+silence	uade	Protracker	0	108946	5eb323a6	84011f86	MOD/MOD_T/TRIAL.MOD
b6d0aabbc4eeac27631dfbe2606a408f	1	146045	player	uade	Soundtracker II (15 instr.)	0	84202	c24b0204	aa4dc827	MOD/MOD_A/AWESOME5.MOD
b6f6a0ca5aec2e5ba38d2df2b53dbeba	1	82044	player	uade	Protracker	0	19052	1996af26	6c2d91e3	MOD/MOD_H/HEADCRAS.MOD
b7077df6da2f286992796b4003a2b218	1	269042	player	uade	Soundtracker II (31 instr.)	0	101288	c567f8aa	15aa3a61	MOD/MOD_H/HIGHWAY.MOD
b729e15531a4a20898c97758a0590473	1	293255	player	uade	Protracker	0	124848	77874193	123e0c88	MOD/MOD_R/RAINFALL.MOD
b752c07efc9481986cd6b1fa30d087ec	1	80758	player	uade	Soundtracker II (15 instr.)	0	42320	f450aed1	2d20700b	MOD/MOD_A/ACB.MOD
b76da67f71a4ea2bf344198e4d84c505	1	184445	player	uade	Protracker	0	78446	ca472a21	793ec0dd	MOD/MOD_H/HORIZ36.MOD
b7989afe7d71f47ea1ad0c402aebaf3e	1	220886	player+silence	uade	Protracker compatible	0	191104	1948f5fc	e5961f9d	MOD/MOD_B/BARBRIAN.MOD
b79f6f8b2371723702d980211849e167	1	303503	player	uade	Protracker	0	215440	6febe89c	5fcd07ff	MOD/MOD_A/ADRENOCR.MOD
b82226ae9059482c3cc19d08f6aaf363	1	240126	player	uade	Protracker	0	112400	4df99b57	8f5ebf5f	MOD/MOD_C/CHANT.MOD
b848a394a9e95bb62b143d655989c0c5	0	364750	player+silence	libopenmpt	Scream Tracker 3.00 (GUS)	25	170332	215a4be5	54b55326	SNDTOOLS/DOS/ST3/S/CANT.S3M
b87cb2be37ef27fdd6dfb1307d4f85df	1	234238	player	uade	Soundtracker II (31 instr.)	0	135768	79d12c48	03b4eb53	MOD/MOD_F/FIREWORK.MOD
b8afcd014bc1ce7fb4c1714c5b41aa08	1	69224	player	uade	Protracker compatible	0	60814	031df398	0e479615	MOD/MOD_J/JINBELS.MOD
b8bca0e3adc0172587da7d96f6e09f0e	0	190257	player+silence	libopenmpt	Master Soundtracker 1.0	4	138702	a9a6db74	a28d66c3	MOD/MOD_E/ELECRAMB.MOD
b8c6e7cc272a26b3aa4a572d36fb9441	1	389265	player+silence	uade	Protracker	0	108430	cbe3084d	20ffb644	MOD/MOD_W/WHOSTOLE.MOD
b8c6e7cc272a26b3aa4a572d36fb9441	1	389265	player+silence	uade	Protracker	0	108430	cbe3084d	20ffb644	MOD/MOD_W/WHSTLMYC.MOD
b8e478848636f9c545ff06046372578b	1	271858	player+silence	uade	Protracker	0	125736	12044528	4d6947e4	MOD/MOD_D/DLM4_REM.MOD
b8f4cf95fa433c6cbd0b899d0ff01dcd	1	118114	player	uade	Protracker	0	54590	49a0e7c4	1fde0b49	MOD/MOD_A/ACTION1.MOD
b95d73e080e3bc1444ff29ab63c90901	1	154297	player+volume	uade	Noisetracker 1.x	0	86158	c4da51c9	a8492129	MOD/MOD_A/ALF.MOD
b9829c543de56a652529ae8a9b507042	1	16437	player	uade	Protracker compatible	0	79342	5dda0c2d	a72a9fd6	MOD/MOD_T/TEASPOON.MOD
b9ba990c0c2902c512624f8b36ee6a40	1	238197	player	uade	Protracker compatible	0	109540	5f750e0b	ee28c0e7	MOD/MOD_A/AYE.MOD
b9cedad44c8f3946e80f72e71916e971	1	245893	player	uade	Noisetracker 1.x	0	157256	b08fdebf	c459f99a	MOD/MOD_G/GNGBCKTM.MOD
b9d31333722e43052e020b17517b8e55	1	142187	player	uade	Protracker	0	256860	79b13084	e2e30cfa	MOD/MOD_C/COFEBLU2.MOD
b9eb3379941b2ee8c84533c5824dbde4	1	161397	player	uade	Protracker compatible	0	56592	7a9d2509	6d274897	MOD/MOD_H/HEMI.MOD
ba2c66830520a7d3f52920a5699fc732	1	203092	player	uade	Protracker	0	183234	cf00e121	e4b35990	MOD/MOD_W/WALKABOU.MOD
ba841b7b606b6b540e0286f56380f991	1	7796	player	uade	Protracker compatible	0	11637	816e95a1	7b22418b	MOD/MOD_C/CONQUEST.MOD
ba98a967402c1cefa5e09c619a579664	1	238639	player	uade	Protracker	0	264068	8d76d473	5e2662cc	MOD/MOD_S/SOULFREE.MOD
ba9efbe86cd5c0a8185b636b0d5f92a7	1	302057	player	uade	Protracker	0	342998	83144237	e5640a80	MOD/MOD_S/STEPINTO.MOD
bab81b5afe2058eb5e50ec66846dea15	1	421256	player	uade	Protracker	0	201146	9f1e9782	54dfb88b	MOD/MOD_B/BKTTF.MOD
bac0e0462bdd76feb9d0c393feb35fcc	1	92272	player	uade	Protracker	0	16976	2e88ab8e	903159d6	MOD/MOD_S/SECRETGA.MOD
bacfbce1fcb124502685ad332325f339	1	99325	player	uade	Protracker compatible	0	131368	86ce1866	f2cbb3bc	MOD/MOD_B/BREEZE.MOD
bae291498a3dfd9cbfb663bb6cef8d82	1	368770	player	uade	Protracker	0	133808	00cc7e12	c034a27f	MOD/MOD_E/ELECTRIC.MOD
bb420a26bd81fc37a6300edc2bb71266	1	211745	player+silence	uade	Soundtracker II (31 instr.)	0	116740	03927018	ecca0203	MOD/MOD_L/LIVINSIN.MOD
bb48aa3a0d1c1ffd1a09c5803eb0afd9	1	161397	player	uade	Soundtracker II (15 instr.)	0	127022	01fcc8f5	9b54ea90	MOD/MOD_B/BANANAS.MOD
bc1353d342b5fce6a128d311105dd039	1	249731	player	uade	Protracker	0	50052	8fb730da	dee57fb5	MOD/MOD_C/CRYINGSP.MOD
bc2555c94886a1fbaf0883a139e4ea49	1	243180	player	uade	Protracker compatible	0	67160	e65a8732	8ab6e468	MOD/MOD_B/BEACHHD2.MOD
bc52903bc143a222a150b0973c8d9fc3	1	153196	player+silence	uade	Soundtracker II (15 instr.)	0	155090	4c35d741	ab76281f	MOD/MOD_T/TIEDUP.MOD
bc837729b625a3cea76e89148f7baa6f	1	197245	player	uade	Protracker compatible	0	27398	06e0b4a5	db4b1b3d	MOD/MOD_T/TUNE3.MOD
bc9eda2696fc73d85c7b577c2b3356a4	1	186800	player+silence	uade	Protracker	0	72458	de468421	26139c63	MOD/MOD_D/DRWHOTHM.MOD
bca5718f3f38ea29348d072a5ecfddf7	1	214345	player	uade	Protracker compatible	0	140154	40da3acc	d98e7bd1	MOD/MOD_F/FLASHDAN.MOD
bcdfe7263f4c28aeb4b19a3e7f05feb0	1	185992	player	uade	Protracker compatible	0	107992	3fa04c44	b246b132	MOD/MOD_F/FUNKEY.MOD
bd50d184c9a0788661e6935c233b1209	1	314232	player+silence	uade	Protracker	0	227330	3dde5564	bc8ffceb	MOD/MOD_W/WIZARDRY.MOD
bd6cbe666832774a414a0cfe175be756	1	111483	player	uade	Protracker	0	51790	22a72e13	7b78643a	MOD/MOD_I/ITSDARK.MOD
bdd2b82733464513d8878c72b9328d02	1	146045	player	uade	Noisetracker 1.x	0	98338	0168189f	37e5d4e3	MOD/MOD_S/STUDIO.MOD
bdd306bfc16f02d5ad76a79022048748	1	395877	player	uade	Protracker compatible	0	336655	cc7f81d7	de1ca35d	MOD/MOD_E/ETSRMX.MOD
be273c092adb595c46b6fa39d15eeeec	1	4242	player+volume	uade	Noisetracker 1.x	0	22179	722843a2	f7ca26f4	MOD/MOD_Z/ZAK.MOD
be395eb4d26df799883b3336e1d7563a	1	82366	player	uade	Protracker	0	9968	99afe77b	ef380de2	MOD/MOD_M/MENTALM.MOD
be97ee0e7d37e7f1b20aacc7cc7b4a23	1	146028	player	ft2play	Fasttracker (M.K.)	4	208859	bae26507	3652d0f1	MOD/MOD_C/CONNECT.MOD
be9b0c324f2c1e31374662f854edf174	1	178035	player+silence	uade	Protracker	0	172266	36b32a0d	a37e2a61	MOD/MOD_L/LUNIK.MOD
bea36bcee060516b03e247c0ffc20606	1	220957	player+silence	uade	Protracker	0	136056	2232d7ec	abb1faa1	MOD/MOD_M/MYNEWDF0.MOD
bec2e02259a568c542faf494b3a9be5b	0	110920	player	uade	Ultimate-Soundtracker or compatible	0	60344	3b3a35c6	87c8fe2b	MOD/MOD_S/SLL6.MOD
beddedc54dacb17d97ed3c8af830f674	1	109915	player	uade	Noisetracker 1.x	0	328238	e1e32b8d	c38ae118	MOD/MOD_A/AMIGA.MOD
bf0e9875d10b8abac04e4080b0e2e0d4	1	82205	player	uade	Protracker	0	32474	1fbf01ac	82dcc2ac	MOD/MOD_T/THENEXT.MOD
bf1743f8db1d21ffb239a3f35f4a748c	1	253629	player	uade	Protracker	0	148132	f0345ac7	af0e2e0b	MOD/MOD_C/CHECKNOB.MOD
bf67673b0323974bd4f638073b77ce52	1	112126	player	uade	Protracker compatible	0	194002	bd7e317e	18b34c03	MOD/MOD_A/AHROBYN.MOD
bf86cc25e10b9f525dbf0068f9fad9d6	0	180759	player	libopenmpt	Scream Tracker 3.00 (GUS)	25	257846	5b05c0fd	4d77c862	SNDTOOLS/DOS/ST3/S/COOLCITY.S3M
bfeb7ea46eb769395b1ed84780adb808	1	172765	player+volume	uade	Protracker	0	268764	ce0d236f	ee95e340	MOD/MOD_S/SCHWING.MOD
bfeea3820669eb420caf974f2a68be47	1	138369	player	uade	Protracker	0	15410	6b321283	a00926be	MOD/MOD_S/SUPERMAR.MOD
c01e581bab8cb19681161b808092bbd5	1	192141	player	uade	Soundtracker II (31 instr.)	0	42784	7ec2883e	37f6e6f2	MOD/MOD_S/SHDWZPLS.MOD
c025aee1f2b29fd077a62b8ff1e39f1d	1	224754	player	uade	Soundtracker II (15 instr.)	0	45392	b3472354	ee5de18c	MOD/MOD_N/NEC.MOD
c025aee1f2b29fd077a62b8ff1e39f1d	1	224754	player	uade	Soundtracker II (15 instr.)	0	45392	b3472354	ee5de18c	MOD/MOD_N/NECRNMCN.MOD
c060513f5356f9ccd925f09163967a44	1	298498	player+silence	uade	Noisetracker 1.x	0	70748	51a0e1e2	b67d08de	MOD/MOD_B/BACK.MOD
c07a358a47482d4c02ec9a0c60a89277	1	215149	player	uade	Soundtracker II (31 instr.)	0	95464	d6f99115	f3d6e347	MOD/MOD_L/LSSNSNLV.MOD
c0c1e0303dcc7196a1bf03425af0354c	1	709308	player+silence	uade	Protracker	0	199998	3a171dab	4e8de3a3	MOD/MOD_N/NOWWHAT3.MOD
c0f02acd622c5adaa452714ceb990d67	1	258613	player	uade	Protracker	0	130556	cbf55d0a	bf6407ed	MOD/MOD_D/DARKSUN.MOD
c10e391d77f199d098d07f444f3a0ddb	1	286865	player	uade	Protracker	0	159718	86d43ea0	7e30ec44	MOD/MOD_D/DEMOMOD3.MOD
c13a01a6eef95e044016b3b080b676ea	1	229577	player	uade	Protracker compatible	0	115260	551fcd57	64bfa13c	MOD/MOD_U/UNVEILED.MOD
c17b87d2e9c948118ae9943a11df7aab	1	48584	player+silence	uade	Protracker	0	59894	94ffdd60	97ec3464	MOD/MOD_B/BACK1.MOD
c1c692e562e2c8ce75cb498f40bba126	1	183670	player+silence	uade	Soundtracker II (15 instr.)	0	111536	0f07ad58	9979257c	MOD/MOD_S/SPACETRA.MOD
c20cb52ba5f481caeadeae43c416bb6b	1	111483	player	uade	Protracker compatible	0	212225	bdacede7	82c61d39	MOD/MOD_C/CLINT_ON.MOD
c2165dd8a1f68daa06cce1dcac5df902	1	199958	player	uade	Protracker	0	47482	8feecf11	0de84c47	MOD/MOD_J/JOURNAL.MOD
c27da8c9d029bb045c8a6718e09ac8e3	1	194813	player	uade	Protracker	0	248436	c64f0c04	6559355f	MOD/MOD_B/BREATHOF.MOD
c300017ac9411a874f590a015f4245c0	1	61568	player	uade	Protracker	0	9808	ce2fbf71	179b6200	MOD/MOD_I/INTMUZ4.MOD
c31ce889f997c6393a3f4c8f72540676	1	195316	player	uade	Protracker compatible	0	188456	eb590f71	303af894	MOD/MOD_G/GIB_BB.MOD
c3290b74673ca0f57c1a72a7c5a46b54	1	73082	player	uade	Noisetracker 1.x	0	55800	83c2048d	1d723b98	MOD/MOD_P/PLINKER1.MOD
c32cf027560d55bcedaaccbd564c089f	1	334840	player+silence	uade	Protracker	0	217338	9a7f5a9c	efd48f84	MOD/MOD_A/ALLTHEWA.MOD
c375cef809be259f3fdbf3bbc2f8bae5	1	220936	player	uade	Protracker compatible	0	105440	8031baca	3e0ee95a	MOD/MOD_C/COMTORS.MOD
c3aa3a8229ca4cb498ed2c834c52de05	0	198109	player	uade	Ultimate-Soundtracker or compatible	0	53516	6728e3b2	9dac8b4f	MOD/MOD_F/FINAL.MOD
c3c7c5f256200fe1a9486441bded76f7	1	207493	player	uade	Noisetracker 1.x	0	99280	4e334748	9e28de22	MOD/MOD_B/BITARTS.MOD
c405a5e20212c4be5018f2c2db6fb7ba	1	272025	silence	uade	Protracker	0	296372	31199d86	ad1de8d0	MOD/MOD_T/TEKKNOLO.MOD
c4285a4ded1dc47b4b2f5df6d56a6de5	1	130693	player	uade	Protracker	0	45614	fc837c1b	86f3731e	MOD/MOD_P/PARADOX.MOD
c4513cc0fcc574c7715b7b0f65ac542b	1	151832	player	st3play	Scream Tracker 3.00 (GUS)	8	199962	3c89702f	e3f17893	SNDTOOLS/DOS/ST3/S/AQUAPHOB.S3M
c4b0e357ca4e234bc731ca16edbd62b6	1	92272	player	uade	Protracker	0	111270	085d8a76	5fa7cec7	MOD/MOD_D/DANCEDAY.MOD
c54818ed4fa50ab77fa84696fbf4529e	1	327817	player	uade	Protracker	0	105374	bdf3c8cc	ac63b1a0	MOD/MOD_K/KILIMANZ.MOD
c54d6da2c7f75838becb76f4ccde2654	1	275191	player	uade	Protracker	0	248146	01a285aa	c2eb2a31	MOD/MOD_L/LEGAZY.MOD
c55c8622655c0462f90587ee49bb9b08	1	244415	player+silence	uade	Protracker compatible	0	169180	24419cec	e26c17ae	MOD/MOD_T/THESEARC.MOD
c568de8a181432f1ac116560b2e3fef7	1	71816	player	uade	Protracker	0	31252	29bcfc06	61ebec5a	MOD/MOD_G/GYROSCOP.MOD
c59868052c4d0caa128907dbda639ad2	1	69224	player	uade	Protracker	0	23760	4fb37dec	296d4f64	MOD/MOD_C/COOLTUNE.MOD
c59b47157ffea1940fae23804feb4bc4	1	356141	player+silence	uade	Noisetracker 1.x	0	93972	4802617a	63591b86	MOD/MOD_P/POPCORN.MOD
c59e57b43044826d842747055ba17bf4	1	153721	player	uade	Protracker compatible	0	320044	0baebda4	ec2237fa	MOD/MOD_G/GODSMOD.MOD
c5d0960493e488fc7603a84d02f207e8	1	247511	player+silence	uade	Protracker	0	142766	9303ef3e	94e86877	MOD/MOD_N/NEWBEAT.MOD
c5daa9188a028379e260a63b4e3787dd	1	237409	player+silence	uade	Protracker compatible	0	181100	fad5097d	9c199175	MOD/MOD_C/CHILDREN.MOD
c5ef2939312e76284840811e0adf64c2	1	252946	player	uade	Soundtracker II (15 instr.)	0	120248	7b83778f	bc4d4554	MOD/MOD_F/FAIRLIT1.MOD
c6203f47ecb44fc78c63093b16216c67	1	256824	player	uade	Protracker	0	189876	397c97aa	7c742258	MOD/MOD_E/EPSONIC.MOD
c65b5c3d8be95b1a1722ff87fe4228db	1	76920	player	uade	Soundtracker II (15 instr.)	0	51024	7cd3fa4f	0e55594d	MOD/MOD_P/PROJ09.MOD
c674c20ba33b6c5ff3bfadffac50ddad	1	533563	player	uade	Protracker compatible	0	193542	510270c1	4c1faadb	MOD/MOD_C/CREATION.MOD
c6a0243dc6678ba5aa4479d6622433e9	1	153721	player	uade	Noisetracker 1.x	0	104538	2b024825	3d40bec9	MOD/MOD_H/HELMUT.MOD
c6a258af9f2558f3c3a0e666dc502ee1	1	234697	player+silence	uade	Protracker	0	126666	e38f851b	9b3204bc	MOD/MOD_V/VERNAL.MOD
c6cb0970d3d4d7c0cd78ba9295174fa0	1	135797	player	uade	Protracker	0	45440	ebfc6789	9e22d2f5	MOD/MOD_E/ENTERTAN.MOD
c6cb0970d3d4d7c0cd78ba9295174fa0	1	135797	player	uade	Protracker	0	45440	ebfc6789	9e22d2f5	MOD/MOD_E/ENTRTAIN.MOD
c6edc7d85d603fb498696084b8851a18	1	161397	player	uade	Protracker compatible	0	55552	be5cb236	e3279a72	MOD/MOD_B/BALL_MAI.MOD
c6edc7d85d603fb498696084b8851a18	1	161397	player	uade	Protracker compatible	0	55552	be5cb236	e3279a72	MOD/MOD_B/BALLMAIN.MOD
c78070e8f180a0977bf0f9710c2cded9	1	69224	player	uade	Noisetracker 1.x	0	31728	d5b6566c	d426020a	MOD/MOD_M/MERDEMUS.MOD
c7c9f03e9bff4e228da20a48f0b12c28	1	386751	player+silence	ft2play	Fasttracker (M.K.)	4	441413	1b0bf529	9b9a2528	MOD/MOD_M/MEGAMIX.MOD
c7d3317191b18ca1b64c8c8de8ad72c8	1	83330	player	uade	Protracker	0	15202	0f461692	f3c5139d	MOD/MOD_I/INTROMUZ.MOD
c87765c87aa59fd06e922bd67b675ca4	1	206727	player+silence	uade	Protracker	0	175866	3003fb84	627b1925	MOD/MOD_J/JUST.MOD
c88a64bc12cacae599ecede21a99a811	1	342297	player+silence	uade	Protracker	0	351424	21e97382	0e86f1d1	MOD/MOD_M/MYWOLF2.MOD
c8abad45071b6dc97729e75225288557	1	230541	player	uade	Protracker	0	177166	70dd237b	629a84b9	MOD/MOD_C/CONTROL.MOD
c8cebe8b029958b08564cfb752d8db52	1	304609	player	uade	Protracker compatible	0	230816	9e258957	031d0400	MOD/MOD_C/COD.MOD
c990a0c3c316f09ef40632bb8259bc89	1	442696	player	uade	Protracker	0	162222	31061712	e324f548	MOD/MOD_G/GARDDRAG.MOD
c991584f95fe127d260017f136b952ee	1	38520	player	uade	Soundtracker II (31 instr.)	0	25704	e8d21cc3	f3717ad1	MOD/MOD_P/PRETEND.MOD
c9949f3b2cc78fc405b9f5716ce7d08e	1	77041	player	uade	Protracker compatible	0	67495	d1226c1b	716b3319	MOD/MOD_A/AFFAIR.MOD
c99de35f45875af0b69aa8a0dcecc95c	1	340530	player+silence	uade	Protracker	0	118218	71abfab7	102566a2	MOD/MOD_M/MONSIEUR.MOD
c9ab97dca683bc643a0a19dfc292bb45	1	254004	player+silence	uade	Protracker	0	97848	8e1c389a	68e011b1	MOD/MOD_D/DEVA.MOD
c9bda4cdbf5106db3537c07b7a23446e	1	115321	player	uade	Soundtracker II (15 instr.)	0	79310	a47804b6	d39418d3	MOD/MOD_N/NIGHTMRS.MOD
c9d2bdc87acb8121094796d1f81b9eba	1	241527	player+silence	uade	Protracker compatible	0	205088	0e1e3585	f91746be	MOD/MOD_A/ACIDOFIL.MOD
ca01f557575b1f9036810583e1681ea6	1	170580	player	uade	Protracker	0	196650	25c79d69	a875e047	MOD/MOD_A/AFRICA.MOD
ca03f8319982a722b2eb085a266a3239	1	188562	player+silence	uade	Protracker compatible	0	115330	39b40a0d	9d1c311f	MOD/MOD_R/RHYTHM.MOD
ca0bdb9550cfb3fa5982ea4406bc5b94	1	216294	player	uade	Noisetracker 1.x	0	178040	29884137	57b2147e	MOD/MOD_Z/ZIKEND.MOD
caeb144ef9d546bbea1fc49b19170b66	1	290060	player	uade	Protracker	0	121024	06fd4ac8	fe2654a8	MOD/MOD_A/ALCOHOLI.MOD
cb149f5efcd7e3d89ee5ee14c32f0ab4	1	196120	player	uade	Protracker	0	418266	8a2909f9	4ec3edc5	MOD/MOD_S/SIDEWIND.MOD
cb34c66f58ec486554549de0e094889c	1	204941	player	uade	Noisetracker 1.x	0	79606	f1723719	8ef9977b	MOD/MOD_C/CROCKET.MOD
cb3e6b5b1570c3d604c575c0557de1b9	1	529712	player+volume	uade	Protracker	0	194850	81a02530	c3fbf565	MOD/MOD_E/EURO21.MOD
cb9829f030920da63aee922cc7d4d107	1	69224	player	uade	Protracker	0	67624	7d9e2b7e	4a8f631f	MOD/MOD_E/EINSTEIN.MOD
cbdc9a5e49a4b7ffadefc2b249dbf6ea	1	66440	player	ft2play	Fasttracker (M.K.)	4	132463	be4a00fc	40b6e205	MOD/MOD_S/SENSE.MOD
cc4c8d293e747f63398273fd309b97c3	1	276065	player+silence	uade	Protracker	0	139302	8c46c9fa	94a40d5a	MOD/MOD_Z/ZINEIV.MOD
cc4caae2f03f0d97f9ea98afe7bb3ddc	1	471853	player	uade	Protracker	0	176028	67950534	8331bdd8	MOD/MOD_H/HERPES.MOD
cc63f13fd4acfa6e1f2b56eeab801890	1	418437	player+silence	uade	Protracker	0	167826	bffd700a	de6513a5	MOD/MOD_B/BETWEENS.MOD
ccbf8ba463b3b310d5e98d74c3218583	1	533563	player	uade	Protracker compatible	0	193542	24281617	cce60b5e	MOD/MOD_S/SHOWTUNE.MOD
cd206888d52146608e3e9fafc13f350a	1	7796	player	uade	Protracker compatible	0	43405	38c62757	ff491bf0	MOD/MOD_C/CEREMONY.MOD
cd4c88c6144340b26f27389d6deccfc2	1	156614	player	uade	Protracker compatible	0	130924	f9891ec8	6437f717	MOD/MOD_M/MAZZ.MOD
cd6bf0cb524ab2fbfbbfe780c98e5659	1	242055	player	uade	Protracker compatible	0	102504	6a84c6f3	2fb237d4	MOD/MOD_B/BIGNONIA.MOD
cd6bf0cb524ab2fbfbbfe780c98e5659	1	242055	player	uade	Protracker compatible	0	102504	6a84c6f3	2fb237d4	MOD/MOD_R/RTHEME.MOD
cd820e3cf8af19cd2f044e61b3eadd96	1	259668	player+silence	uade	Protracker compatible	0	51260	139988e7	3fa9cfdb	MOD/MOD_B/BACARDI.MOD
ce5135dba83c8b60a06a202e2da53894	1	242055	player	uade	Protracker	0	92602	2f95f6ca	faed1937	MOD/MOD_B/BRAIN.MOD
ce5590d7d4d82ea70acebf599def5b6c	1	322975	player	uade	Protracker	0	129882	edd27f72	d3dd1c6b	MOD/MOD_D/DISTANCE.MOD
ce76f58446ca13247a268b40f7591dfe	1	407707	player+silence	uade	Protracker	0	218388	b2f077c3	a8429c9e	MOD/MOD_T/TRANZSVN.MOD
ce895c426260fc2b56cb442974d92b58	1	192141	player	uade	Protracker compatible	0	34482	a84098ef	b5da65fa	MOD/MOD_S/SILLY.MOD
ceb5f92ffdc0b7828e9718cc65476061	1	87289	player	uade	Protracker compatible	0	87923	935eb652	d2a942c7	MOD/MOD_D/DS9.MOD
cee1a1f25991488cdcca1c323f93a067	1	242055	player	uade	Noisetracker 1.x	0	410878	d8376cac	97f475fa	MOD/MOD_D/DIEAGAIN.MOD
cee79ed690277a10480dc0633d6b181c	1	122997	player	uade	Protracker	0	36146	0d32ade6	2bb6e03c	MOD/MOD_L/LOADER.MOD
cee930a49c30a7efb2d750c9da6279ab	1	161397	player	uade	Protracker compatible	0	76044	10c694d9	aa96716d	MOD/MOD_C/CAREEGO.MOD
ceef178d550d31187a9ac838bac9ce40	1	122997	player	uade	Protracker compatible	0	64873	f11bef29	2989e1c1	MOD/MOD_U/UHF.MOD
cef294ebe67e25e7a488b8ceb4b92485	1	192141	player	uade	Startrekker (4ch)	0	83700	efd7fe59	f9118d3d	MOD/MOD_D/DEMO_NO1.MOD
cef73c3370296940d312d2478c6a2d01	1	107645	player	uade	Soundtracker II (15 instr.)	0	54704	06aa9a3a	f44a85cb	MOD/MOD_L/LAB9.MOD
cf4cd640e9f83655396ebd3062ad7d10	1	181506	player+silence	uade	Startrekker (4ch)	0	272694	9a69be15	3e2de43c	MOD/MOD_S/STARTREK.MOD
cf8fa3cebd73a267a84cb07367b7a826	1	122997	player	uade	Protracker compatible	0	78808	3734bcc6	24c76e47	MOD/MOD_T/THRASHTR.MOD
cfbdc4159459f088cd9743f85835dd70	1	186052	player	uade	Protracker	0	144866	ebcfd825	c93acf29	MOD/MOD_W/WANNABUY.MOD
d009f92e7cd5335bcc8524f738fd8924	1	183480	player	uade	Protracker	0	29446	e59a7c2d	42b68a86	MOD/MOD_T/TURRIGOL.MOD
d035e6e79200ad54c1897445cb13cee3	1	116045	player+silence	st3play	Scream Tracker 3.00 (SB)	8	186633	ba84df4b	4b5e8e53	SNDTOOLS/DOS/ST3/S/TIGER.S3M
d03f0b6e25974ad64eb30412954c804f	1	336639	player	uade	Protracker	0	113038	116ef3a3	e9d7d936	MOD/MOD_S/SHPSFTHD.MOD
d054c33f43880ada3c84e5ac6d280954	1	378902	player+silence	uade	Protracker	0	208702	dff6e01f	6e369bcc	MOD/MOD_P/PELFORTH.MOD
d07a8906071245d909b01a0b03608ce4	1	152039	player+silence	uade	Noisetracker 1.x	0	64794	d4f7a151	ae2c4cb2	MOD/MOD_E/EDELWEIS.MOD
d0b6283c3130db03749735db61f98457	1	179543	player+silence	uade	Protracker	0	140706	c03427da	0c6ca295	MOD/MOD_D/DEKKADAN.MOD
d0e61283309c5d72a050d14fcb2e6704	1	299993	player+silence	uade	Protracker	0	347582	a5cbd2fd	8b8ac39f	MOD/MOD_S/SPACDBRS.MOD
d0e61283309c5d72a050d14fcb2e6704	1	299993	player+silence	uade	Protracker	0	347582	a5cbd2fd	8b8ac39f	MOD/MOD_S/SPCDEBRS.MOD
d0fc6d8b4e7e6e789c38ad309f733fb0	1	161397	player	uade	Noisetracker 1.x	0	191760	83fd8cea	71d5d79f	MOD/MOD_H/HELTER3.MOD
d168f7e25772fd0a3581ebf4f723de0e	1	281440	player+silence	uade	Protracker	0	254496	93d73e75	6e2ac75d	MOD/MOD_C/CHILLIN.MOD
d194de6760c340117370ff93312878d8	1	19310	player	uade	Protracker	0	2124	c47c9d75	c38cedf3	MOD/MOD_V/VBLSUXX.MOD
d199c7ce6ab9487b4ea15bc171ea7651	1	77885	player	uade	Protracker	0	16702	8c0d403c	52b9e45f	MOD/MOD_S/SCALESOF.MOD
d1be5305ac5d2f5ad0fe69926fa58de8	1	125569	player	uade	Protracker	0	68386	22b9dc63	38ec75aa	MOD/MOD_P/PAINOFLA.MOD
d1d7265301a728cc8eede634e5cfdf40	1	152435	player	uade	Protracker	0	52100	e9c22268	b354c7aa	MOD/MOD_S/SONGWITH.MOD
d1fc7f56d6cb41f6344a50a663c5c296	1	76920	player	uade	Protracker compatible	0	46318	e321de8e	4eb93f58	MOD/MOD_B/BOURBON_.MOD
d20dcf91093f6d22701b095cf2bd411d	1	476294	player	uade	Protracker	0	135678	3a61b2a9	a22068a8	MOD/MOD_D/DECORE.MOD
d21d1ddc9943de73412c8c00fe2b60f6	1	276436	player+silence	uade	Protracker compatible	0	232298	3702d5f1	a581ef3e	MOD/MOD_O/OCC_SAN_.MOD
d2404f6b7b2fe8611ebb112fdc668e99	1	199797	player	uade	Soundtracker II (31 instr.)	0	307562	ed0ae9f5	02dc547d	MOD/MOD_M/MYWY2HLL.MOD
d24815fc7aa21ad019a04867d38e3223	1	51320	player	uade	Protracker	0	7448	6162910e	52ddb305	MOD/MOD_S/SMALLISH.MOD
d2506a1f55f6cd0cf1367606f44d7fec	1	448142	player	uade	Protracker compatible	0	51196	2300dae7	d9658592	MOD/MOD_V/VERTMAD.MOD
d26a0eecb78b35d41c637c18cf539b4b	1	192141	player	uade	Protracker compatible	0	50920	af5979fd	97e40d23	MOD/MOD_G/GSCTHEME.MOD
d26a7ae88207f45384eec7c79f2ded40	1	261081	player+silence	uade	Protracker compatible	0	114730	2011a2c1	421d30ae	MOD/MOD_S/STRESS.MOD
d26d21232f559ce0ae974d3b9375fd88	1	230903	player	uade	Protracker	0	183208	85c4ce33	7ab49620	MOD/MOD_N/NASSUM.MOD
d28dd9250c7fc9f7f3fb900970284850	1	226080	player	uade	Noisetracker 1.x	0	287444	bbbc1c69	1f6c1c06	MOD/MOD_N/NIBBLE.MOD
d2920987ecf9ff01562fa3f23602964b	1	138369	player	uade	Protracker	0	229414	3997bb81	4cdd6866	MOD/MOD_B/BIG-BANG.MOD
d2d55958aa45a1288d5679a3dd987fe8	1	184445	player	uade	Soundtracker II (31 instr.)	0	117050	529abb25	b54bf82d	MOD/MOD_E/EPI.MOD
d373946e81366c4e3ef7dd11bd48b5d6	1	139571	player	ft2play	Fasttracker (M.K.)	4	109117	a8028015	0112b375	MOD/MOD_F/FRSTNDWN.MOD
d37987a0981b6f65104c75d3fc36e59c	1	371209	player+silence	uade	Protracker	0	101106	9bae2fa8	a12a6058	MOD/MOD_B/BODVEIZR.MOD
d3c5bfc62527be36b060052fd58aee16	1	315017	player	uade	Protracker compatible	0	241436	559c78a3	65d04666	MOD/MOD_I/IWANTIT8.MOD
d3d7763fb8d4990b1c81156743d7241d	1	208136	player	uade	Protracker compatible	0	144026	948b918f	4776241e	MOD/MOD_Z/ZINE_SFX.MOD
d3d7763fb8d4990b1c81156743d7241d	1	208136	player	uade	Protracker compatible	0	144026	948b918f	4776241e	MOD/MOD_Z/ZINESFX.MOD
d3e57a2ebad3af2257ac9904ec1bfbf0	1	233415	player	uade	Soundtracker II (31 instr.)	0	241466	e1bf166f	29862a19	MOD/MOD_P/PAN.MOD
d3f802735f478fad65814aefc7688035	1	234541	player+silence	uade	Protracker	0	49190	0aaae105	377ed557	MOD/MOD_A/AWAKENIN.MOD
d3fe4866b80b2bcb233f58fdf981c3d1	1	92272	player	uade	Soundtracker II (31 instr.)	0	61880	fb1ebb36	03e8ccf7	MOD/MOD_D/DELTA2.MOD
d411bed5f8ea45cb2a4005d943fcf6ef	1	255498	player	uade	Protracker	0	130576	5a4c64e7	ca981363	MOD/MOD_A/ALWAYZ.MOD
d411bed5f8ea45cb2a4005d943fcf6ef	2	222845	player
d432f2d94ba7a70144774e62621a9567	1	53793	player+volume	ft2play	Fasttracker (M.K.)	4	40909	63dfb64d	04dcb86e	MOD/MOD_H/HALLS.MOD
d4597c86822c65cfd4fdc74e1e9731cc	1	130693	player	uade	Noisetracker 1.x	0	82106	9b357c9b	c03ded80	MOD/MOD_M/MASTSVNT.MOD
d47098c05384e8ce0d9fa8de8187f224	1	236191	player+silence	uade	Protracker	0	197096	3b2b2fa1	1a471242	MOD/MOD_P/PROPHET.MOD
d48e529545dd07bdcecae0a8a45cce46	1	172484	player+silence	ft2play	Fasttracker (M.K.)	4	151561	96aee5b5	0e8f1a59	MOD/MOD_G/GLORIA_B.MOD
d53b80cc1ab4291c2bcb0c6d9f041713	1	277903	player	uade	Protracker	0	119844	57946054	f42677f3	MOD/MOD_N/NIGHTVIS.MOD
d54403a9eb8c320ca9b891022fc5dc2f	1	84616	player	uade	Noisetracker 1.x	0	17128	35caad0e	c9d92a3f	MOD/MOD_P/PRELUDE.MOD
d5441129895fc8e7f8b7848745c9e69f	1	245893	player	uade	Noisetracker 1.x	0	189181	b7da1dce	1eaabc1b	MOD/MOD_T/THE_NEWS.MOD
d5485b9d9f99fdf9a9dc6a9f12ac34da	1	196624	player+silence	uade	Startrekker (4ch)	0	115090	46ed546a	f5865bd1	MOD/MOD_M/MOURNING.MOD
d55a3f83901d712189f8fa1034ca4e7b	1	159367	player	uade	Protracker	0	128276	8fbfe28d	8a608bfb	MOD/MOD_L/LOVEAND.MOD
d561da7706006f9acde3cf84c8b54954	1	138369	player	uade	Protracker compatible	0	76490	5c593f0a	b0861153	MOD/MOD_P/PLINKER2.MOD
d5f080a7701bfc905e384682b749c6db	1	196381	player	uade	Protracker	0	300004	eff964c0	83351f04	MOD/MOD_M/MORNING.MOD
d61151ccf48cc0b0dfac6628a83345e7	1	278185	player	uade	Protracker	0	183852	97201346	7d09c244	MOD/MOD_M/MERCURYW.MOD
d63cda97afd958f5ae2f962097e94011	1	103806	player	uade	Protracker	0	161426	b9a58c69	296762d9	MOD/MOD_T/TEMLI.MOD
d66ecb45bbf0a72bcc4788aae00255a2	1	492852	player	uade	Startrekker (4ch)	0	327928	1e38e9f3	e0ee2c75	MOD/MOD_R/RHAPSPRP.MOD
d6853ab600bfd1326b2c7b5266509d51	1	606375	player+volume	uade	Protracker	0	140794	fd823cb2	ec31083e	MOD/MOD_N/NOWWHAT.MOD
d6d8209c0548fc260ebbc9ff60876f9f	1	233093	player	uade	Protracker	0	49886	9253262c	2dd098bc	MOD/MOD_L/LOUDHOUS.MOD
d6e618b469ada314ecfaf84b2987e278	1	188604	player	uade	Protracker	0	129116	ed4a97a6	78f6752b	MOD/MOD_P/PBCFHISH.MOD
d719589aab37d3d6b47d05b5febe987c	1	140921	player	uade	Protracker	0	106646	717b943c	2be97d0c	MOD/MOD_T/THE_LAST.MOD
d75e6c157206f29f1c07ef99afaa151f	1	79992	silence	uade	Protracker compatible	0	75072	5970e8e8	a774f297	MOD/MOD_B/BILIJEAN.MOD
d7ac3b15f56cea34b857ef06294aa918	1	130106	player	ft2play	Fasttracker (M.K.)	4	111609	1a1e9252	1b257e5a	MOD/MOD_J/JUSTICE.MOD
d7d6954f7a8844ef2c701e63d3e8b522	1	162281	player	uade	Protracker	0	124032	b16b5e16	dddaecce	MOD/MOD_S/STREETGA.MOD
d7dd01f7805770e08b5696dc91d8c315	1	265827	player	uade	Protracker	0	155276	ae15e0ad	88520814	MOD/MOD_I/ICE6.MOD
d82d34515d0666a9893f0eac8d533c73	1	139822	player+silence	uade	Protracker	0	127606	4b73aea0	805f69c0	MOD/MOD_D/DAYBYDAY.MOD
d867bb51ec18f39473f586777d3f1a52	1	302217	player	uade	Protracker compatible	0	119087	47f57ab3	3ac53e6a	MOD/MOD_T/TRANCE-J.MOD
d8c25eb0aa7ca8b196012f31af646723	1	282364	player	uade	Protracker	0	140380	6809dbd6	e9ea6c17	MOD/MOD_T/TUNAFISH.MOD
d8da142e701799f2573deef22bae8728	1	16758	player	uade	Protracker compatible	0	23855	509c6d33	54273b8e	MOD/MOD_T/TWINKLE.MOD
d90906e6e98587e60d364cdb70e2117b	1	373492	player	uade	Protracker	0	205328	c3b78dd4	01d46713	MOD/MOD_C/COURTOUC.MOD
d9092dbde1eceb1b8565728d9839b888	1	230541	player	uade	Protracker compatible	0	66236	4e9aa100	724c0fa1	MOD/MOD_D/DEARROB.MOD
d926dc28e6acfa76b70f21c2f7819d4f	1	199797	player	uade	Protracker compatible	0	78758	2bfe68a6	56ce32a2	MOD/MOD_G/GOTTA_S.MOD
d9376f3792269b7970a765720e495e91	1	115321	player	uade	Noisetracker 1.x	0	51044	cafa37b9	cf0aec3e	MOD/MOD_B/BETTY.MOD
d93daab642822921f391596f1d33a587	1	184445	player	uade	Protracker	0	95530	8ca5854d	fc4c7590	MOD/MOD_U/UPRISING.MOD
d94975000f44981a5036e5706ab2b222	1	46216	player	uade	Protracker compatible	0	9900	1586fd28	67f361d9	MOD/MOD_I/INTROGHO.MOD
d975160a3c0ee369aa372eefa7d57149	1	107645	player	uade	Protracker	0	39354	9d0957e3	75444102	MOD/MOD_S/SLEEPWEL.MOD
d98a168f85fa7e224db0c489c42d4139	1	702857	player	uade	Protracker compatible	0	141118	735619cc	060c92ef	MOD/MOD_P/PROGRESS.MOD
d9a955996869fa9fdae0d60679528ea2	1	163969	player	uade	Protracker	0	129850	7064c62f	44dd9a3a	MOD/MOD_B/BASSNTRE.MOD
d9af186159f0df898a8d9ae5bb7ba157	1	122755	player	uade	Protracker compatible	0	201834	5c3b459a	c22dc9f1	MOD/MOD_F/FALLEN.MOD
d9bcc5217c052610f19f4f9c2264818f	1	253227	player	uade	Protracker	0	146310	cbbdbbff	d32d917e	MOD/MOD_H/HYPNO.MOD
da0a3925c48f2b1b7303dc84d5109ae5	1	98878	silence	uade	Protracker	0	304552	ca6f5f7d	44183ca6	MOD/MOD_B/BANANASP.MOD
da19193ab374c8225f7c6e20ef5e317e	1	224131	player	uade	Noisetracker 1.x	0	123304	59692ab9	7d31d827	MOD/MOD_G/GALAC.MOD
da19193ab374c8225f7c6e20ef5e317e	1	224131	player	uade	Noisetracker 1.x	0	123304	59692ab9	7d31d827	MOD/MOD_G/GALACTIC.MOD
da1d753f7aadde3fc1c777e51edd02c6	1	172931	player	uade	Protracker compatible	0	143674	1ce4deca	ac8a72ff	MOD/MOD_B/BACKPOP.MOD
dad3053c6f8114707c9a6df6cef28f6f	0	194318	player+silence	uade	Ultimate-Soundtracker or compatible	0	50440	f3a2af8a	b333932c	MOD/MOD_V/V42.MOD
db15bb9fbb7c9e747b055b38f106cc6d	1	188487	player+silence	uade	Startrekker (4ch)	0	179294	68accdbb	657e13cb	MOD/MOD_E/EYEOFTGR.MOD
db2bcca4bd115c65045131a566096b59	1	98682	player	uade	Protracker compatible	0	61956	f75c2386	43d74438	MOD/MOD_T/TUNE1.MOD
db5fe470056ee366a5a0137f88b3ca64	1	161397	player	uade	Noisetracker 1.x	0	96520	63d804f6	0704dfc8	MOD/MOD_D/DEFENDER.MOD
db612244398574e9fa11b8fb87e8dec5	1	1013916	player	uade	Protracker compatible	0	150778	21a903a2	7ced4d95	MOD/MOD_G/GROOVING.MOD
db64e76edc3e306d7851ec0f45b09b8e	1	107645	player	uade	Soundtracker II (31 instr.)	0	65676	9ca9474c	895440db	MOD/MOD_H/HEVYCOOL.MOD
db842d7f83848f45f2a29e31d5953cc1	1	83303	player+volume	uade	Protracker	0	82546	889b71d7	0ff0d90d	MOD/MOD_F/FLASHBAC.MOD
db8fef87cbd2e500be4314b8dbf89746	1	122997	player	uade	Protracker	0	10808	a8125ea1	44cc8258	MOD/MOD_Y/YELLOW.MOD
dbaf3915a1df798e2206bd3514537d4d	1	184445	player	uade	Protracker compatible	0	97684	169cd962	78cd7baf	MOD/MOD_D/DISCO_GR.MOD
dbaf3915a1df798e2206bd3514537d4d	1	184445	player	uade	Protracker compatible	0	97684	169cd962	78cd7baf	MOD/MOD_D/DISCOGRV.MOD
dbed93d88a325377e6a42332adc2168b	1	112769	player	uade	Soundtracker II (15 instr.)	0	25374	23ff64a7	37ff0114	MOD/MOD_A/AWESOME4.MOD
dc872147f0b8eb51f5eca004017c941d	1	207975	player	uade	Noisetracker 1.x	0	134254	5b79dc89	f0bc38fd	MOD/MOD_C/COOLBLLD.MOD
dcad4027d667909ac30e9bd6ddf80438	1	215792	player	uade	Protracker	0	126720	bb0ec226	72ae709d	MOD/MOD_I/INTHEKIT.MOD
dcad4027d667909ac30e9bd6ddf80438	1	215792	player	uade	Protracker	0	126720	bb0ec226	72ae709d	MOD/MOD_K/KITCHEN.MOD
dcb1fa306c95df2472935001da0e56db	1	276597	player	uade	Protracker compatible	0	122618	58fe1226	56fcd414	MOD/MOD_L/LASER_2.MOD
dcbed8a85a76446c955053fd9a123a7e	1	138369	player	uade	Protracker compatible	0	71730	3e7f26ec	6388c0d5	MOD/MOD_M/MADE.MOD
dd0588d3c0208afe7ec7f988cecb542a	1	305037	player+silence	uade	Soundtracker II (15 instr.)	0	152684	62415f66	9e551a8f	MOD/MOD_P/PETSHOP.MOD
dd51029288259755796a320d556c0c14	1	122876	player	uade	Protracker	0	79858	d9380582	61225eb2	MOD/MOD_F/FLIPPEDI.MOD
dd52c8e02ab6e9e289056ad2286dd358	1	112769	player	uade	Soundtracker II (15 instr.)	0	73722	ee8b06ad	4183f0a8	MOD/MOD_D/DELTA1.MOD
dd52c8e02ab6e9e289056ad2286dd358	1	112769	player	uade	Soundtracker II (15 instr.)	0	73722	ee8b06ad	4183f0a8	MOD/MOD_D/DLT1.MOD
dd7e79a80026fc858bf25d3011f53517	1	146768	player	uade	Protracker compatible	0	293226	875984c4	461bcd7c	MOD/MOD_B/BE_FUNKY.MOD
ddb10d1571707aeb6183f485586c6f57	1	245893	player	uade	Protracker	0	125952	aa22a504	67d58ba1	MOD/MOD_T/TERMIN.MOD
ddba6606404f75e62947ca355ecb1d69	1	253480	player+silence	uade	Protracker compatible	0	123264	b84af2e3	c16378a1	MOD/MOD_A/ANDANTE.MOD
ddc05906adb5c96468fffb0e3934c9f9	1	176875	player+silence	uade	Protracker compatible	0	147818	75f55d0e	5178ab4c	MOD/MOD_R/RAGTIME.MOD
dde7301ad7957daeede383fd561e12df	1	61568	player	uade	Noisetracker 1.x	0	32800	0aeefe2c	3b5e56d8	MOD/MOD_B/BOURDON.MOD
ddf5f2dd8f00e381d213d06685f92f8c	1	53872	player	uade	Protracker	0	40346	da40e5dc	5798faef	MOD/MOD_P/PALLESTH.MOD
de2d407f68c42186ce6586b8fce0b266	1	146045	player	uade	Protracker	0	133924	8668d1e9	28e324c8	MOD/MOD_R/RANDOMWA.MOD
de3e6cfd88b5c114503a124fb7df445f	1	176769	player	uade	Protracker compatible	0	59552	bf87697b	14f58bc4	MOD/MOD_M/MAGNUM.MOD
de7f076330aee214ef644a3b2c943b1c	1	234801	player	uade	Protracker	0	128916	1415559b	ab772b3f	MOD/MOD_S/SYLVISTH.MOD
de7f52fa5b01f76f190dca7458def34b	1	179321	player	uade	Protracker	0	142872	ca4d1b91	070f6fdf	MOD/MOD_I/INTROAM.MOD
de7f52fa5b01f76f190dca7458def34b	1	179321	player	uade	Protracker	0	142872	ca4d1b91	070f6fdf	MOD/MOD_P/POWERMON.MOD
dece6c292a36c30ee3e3fd4d2ea0987d	1	322053	player+silence	ft2play	Fasttracker (M.K.)	4	182691	3eda178f	0adc9f86	MOD/MOD_C/CHPREL15.MOD
df2388a7aa2d1e1f36792d57aa259611	1	61568	player	uade	Soundtracker II (15 instr.)	0	53520	023eb53b	089d09e5	MOD/MOD_H/HYMN.MOD
df6f3fa16627660429a20ecfb27b27e7	1	92915	player	uade	Protracker compatible	0	104666	aa8a7727	ba73a784	MOD/MOD_C/CONSUMAT.MOD
df744cc7f8210abea7879a6d2babdcdb	1	76920	player	uade	Protracker	0	51398	04aaeb54	5936e05a	MOD/MOD_C/CREDULTY.MOD
dfc00d7fd2939e0c97372d8418251a40	1	358210	player+silence	uade	Protracker	0	119082	5c8970b2	f1496349	MOD/MOD_E/ETERNAL.MOD
e01aa86a0e162f94392b22494de1940e	1	191739	player	uade	Protracker compatible	0	129315	6d70dbf8	592e0c31	MOD/MOD_A/ANIMOTIO.MOD
e022de63e5b565d2f6da0021c7ec93cc	1	7796	player	uade	Protracker compatible	0	42870	5a880205	fc301e93	MOD/MOD_W/WINGS.MOD
e036ae85472a70be8523261dfb9bf9fa	1	84616	player	uade	Protracker	0	11924	d2b868c7	6429a3ac	MOD/MOD_D/DOUBLED.MOD
e054a1c8c78fab232b063cf0acb3af8f	1	122997	player	uade	Protracker	0	48011	d9a17e53	b4cba86f	MOD/MOD_C/CROSSOVR.MOD
e0597bb0db35e9734cf6b6f5d262aa0a	1	125227	player	st3play	Scream Tracker 3.00 (GUS)	8	235521	91ad359d	c7ce05ba	SNDTOOLS/DOS/ST3/S/ICEFRONT.S3M
e0622b626697e35fb293b3a09c8a05ec	1	226844	player	uade	Protracker compatible	0	125992	efe90483	ec322f42	MOD/MOD_M/MUSICX.MOD
e0654e61721d2b25f9a737c2e30adfaa	1	122997	player	uade	Noisetracker 1.x	0	90024	1b8e799f	1cc8bf7e	MOD/MOD_T/TOYOTA3.MOD
e09abf36f5a3bf5821f0f51245a7687a	1	203635	player	uade	Protracker	0	180446	87d30f49	510d14fd	MOD/MOD_M/MADHOUSE.MOD
e1093044171ae802fba6a5dba7b9002d	1	143493	player	uade	Protracker	0	39408	125c4bb2	e1bf7b05	MOD/MOD_L/LARDBAC4.MOD
e1148e24ee5039e577aa4dfc0d47eb11	1	95837	player	ft2play	Fasttracker (M.K.)	4	74167	255b607e	c31a00f4	MOD/MOD_L/LIMELIGH.MOD
e13f4c5e100ada4b1fe02e6a3f397958	1	169093	player	uade	Protracker compatible	0	144204	3d530546	e80a6d3f	MOD/MOD_O/ONEWAY.MOD
e14eef014f70665809558e7767328d8e	1	430218	player	uade	Protracker	0	157558	39fd05e7	bd03f00d	MOD/MOD_U/UTOPIA.MOD
e18494581106cdc9f26f0367148b9b19	1	281058	player	uade	Protracker	0	158112	3152ef5c	2cb1fe73	MOD/MOD_F/FEEDBACK.MOD
e1e2a18ce7d94c73364eb6bc90a37da3	1	128563	player	uade	Protracker	0	110702	a8dc838f	e928008f	MOD/MOD_T/TOMSDINE.MOD
e21c3e69f61fe38de05f25d87a98ac51	1	130345	player	ft2play	Fasttracker (M.K.)	4	119169	16dce4aa	b677464f	MOD/MOD_M/MARYME.MOD
e24306aca2567206a848a6c45b65efe9	1	138369	player	uade	Soundtracker II (15 instr.)	0	67286	a29ca8d5	3b244043	MOD/MOD_D/DEATHST.MOD
e24306aca2567206a848a6c45b65efe9	1	138369	player	uade	Soundtracker II (15 instr.)	0	67286	a29ca8d5	3b244043	MOD/MOD_D/DSTAR_BO.MOD
e297022e75d0f3ba3b0707d7f94ddd3a	1	235565	player	uade	Protracker compatible	0	127102	86af862a	88d8938d	MOD/MOD_S/SOFT_SYN.MOD
e2b82a4641a104e42158ea4ce734a20c	0	158483	player	uade	Ultimate-Soundtracker or compatible	0	67236	fbd5b3a6	aa6fa18c	MOD/MOD_A/AFL.MOD
e2f9602751b6528c8fe34c1162dbb605	1	51320	player	uade	Protracker compatible	0	20900	46bdbd24	11177121	MOD/MOD_A/ANIMATE.MOD
e2f9602751b6528c8fe34c1162dbb605	1	51320	player	uade	Protracker compatible	0	20900	46bdbd24	11177121	MOD/MOD_F/FRONT.MOD
e33547420588f6b4ab220c3dfe4a5959	1	63477	player	uade	Startrekker (4ch)	0	271507	1c5255d6	b9fc13d1	MOD/MOD_B/BOOBOO.MOD
e3638dee926dfba76adcaf9083bc3bf9	1	122997	player	uade	Noisetracker 1.x	0	56596	1f59b0ba	221bf21e	MOD/MOD_B/BIGNJAP.MOD
e3ae7f321141fe3e61472da61ed04c52	1	259919	player	uade	Soundtracker II (31 instr.)	0	102162	06cf7f0d	6d35a392	MOD/MOD_H/HELICO.MOD
e3b69ce908580e87a32d6bedf1e136cb	0	69017	player	libopenmpt	Ultimate Soundtracker 1.0-1.21	4	49792	697c300e	3ebbf6ea	MOD/MOD_G/GIGA.MOD
e3d61406b45243516bcef90a22d357c8	1	197341	player+silence	uade	Protracker	0	67782	c1f1cd76	9a523e76	MOD/MOD_E/EATINGGL.MOD
e3ee4949f3aed35b7e27824b92ae47c5	1	230541	player	uade	Protracker	0	126728	d82ad435	cc403e6f	MOD/MOD_R/RESTRICT.MOD
e3f64b92f67b197a8398d187219d62bb	1	99968	player	uade	Soundtracker II (31 instr.)	0	52028	b0db5d62	0ed7f622	MOD/MOD_Z/ZETA.MOD
e43989a90954409f5df5f2293cbf0842	1	217098	player	uade	Protracker	0	158740	319cd3b0	faf16ee9	MOD/MOD_J/JUM-HOP.MOD
e43989a90954409f5df5f2293cbf0842	1	217098	player	uade	Protracker	0	158740	319cd3b0	faf16ee9	MOD/MOD_J/JUMHOP.MOD
e4407944252bec291b474854cd320980	1	355924	player+silence	uade	Protracker compatible	0	252282	be6533ee	94ddbf66	MOD/MOD_L/LIGHT2.MOD
e45faab5027b41996284d6e991b28b29	1	172931	player	uade	Protracker compatible	0	133108	68b7bd95	06402695	MOD/MOD_F/FIELDGOL.MOD
e486d77aabc2a3555b947bae80cd24e2	1	234359	player	uade	Protracker compatible	0	72126	dfd1a1cb	2e62bb2d	MOD/MOD_L/LEAVE_TH.MOD
e486d77aabc2a3555b947bae80cd24e2	1	234359	player	uade	Protracker compatible	0	72126	dfd1a1cb	2e62bb2d	MOD/MOD_L/LEVBRAIN.MOD
e4d1852e570ee79064636385cca091ea	1	209482	player	uade	Noisetracker 1.x	0	114348	25643693	bd425845	MOD/MOD_V/VIOLATOR.MOD
e4fd94366dc7e587e2a619432d056290	0	188893	player+silence	libopenmpt	Ultimate Soundtracker 1.0-1.21	4	76916	2a1ba904	b424f969	MOD/MOD_S/SLL2.MOD
e51e9f7d2c73bd4567c979769ddab81a	1	369734	player	uade	Startrekker (4ch)	0	152370	e4dee7fc	66aef34f	MOD/MOD_E/ENFORCES.MOD
e53ca888eaee9c033aa44e9204202506	1	212828	player+silence	uade	Protracker	0	342218	5c3fee47	725ea9e5	MOD/MOD_P/PHANTAS2.MOD
e54850fc8b2ab19d931312e0a2b3ddb3	1	478464	player	uade	Protracker	0	160218	2f7326d5	350a4417	MOD/MOD_K/KNULLAKK.MOD
e54e409b7ea689ebdb0e4c4aedb14178	1	133847	player	uade	Protracker compatible	0	307585	9455b0b8	2c65b4ec	MOD/MOD_W/WHOOMP.MOD
e56f73aec00c5a82d195126fe034e766	1	22123	player	uade	Protracker compatible	0	37008	1cc71613	abc69baf	MOD/MOD_E/EGYPT.MOD
e5b2b4fe77e7dd11925efaa6da7fef29	1	136440	player	uade	Protracker compatible	0	172176	50bc6544	902f7d7b	MOD/MOD_K/KEEPBUST.MOD
e5bdc7692707f8eab94eb2f33b21479b	1	115321	player	uade	Protracker	0	16782	bff9532d	235e3cfd	MOD/MOD_R/RAMHOT.MOD
e5e14b05c6d3fc2bc551304c29270377	1	55962	player	uade	Noisetracker 1.x	0	51712	434172f7	c7ab4388	MOD/MOD_A/AIRWOLF2.MOD
e5eb9bb99b1f08fb97ef53228c2b874f	1	200761	player	uade	Protracker	0	89542	78ee960f	ca7c21c6	MOD/MOD_A/AD_1991.MOD
e5ec6d80c69af952ea17278cba2e751b	1	182295	player	uade	Noisetracker 1.x	0	70308	e91e9940	c555f16c	MOD/MOD_G/GLOVER.MOD
e6044c025d2e2760a624656493247383	1	130331	player	st3play	Scream Tracker 3.00 (SB)	8	20194	13e82a86	c00a1f07	SNDTOOLS/DOS/ST3/S/OVERDRIV.S3M
e6109e4eab3232f4f9d0ed687d21245e	1	118033	player	uade	Protracker compatible	0	202896	bb08d316	601f4dc0	MOD/MOD_B/BSEFUNK.MOD
e6702bf25fd63f47dd4ec5187c717bc4	1	341903	player	uade	Protracker compatible	0	109726	17d2c798	1dcdb6cb	MOD/MOD_S/SPIRIT.MOD
e68da0e4a2f2f50d6ae3d8a5ab5e57a1	1	248414	player+silence	uade	Protracker	0	137064	23f79df9	dfafc785	MOD/MOD_G/GUITAROU.MOD
e6b08eaf1113c927f629048bfdbf6150	1	80135	player	uade	Protracker	0	104814	210b7619	19098dbe	MOD/MOD_T/TEDDYB.MOD
e6c382d374cb9d2b156d20741b66abdb	1	194050	player	uade	Noisetracker 1.x	0	78928	874b1094	f9a8fdbd	MOD/MOD_L/LETSPRTY.MOD
e6fc8d22aca601d737e003b783674223	1	250452	player+silence	uade	Protracker	0	169388	8b90c881	caede33e	MOD/MOD_W/WOMANCHE.MOD
e714c44a1e0a5d803b3392797db0de74	1	76920	player	uade	Soundtracker II (15 instr.)	0	85320	0297ad1d	88e48735	MOD/MOD_P/PAT.MOD
e7277c8b728cf814abfa32a86e1357b0	1	192141	player	uade	Protracker	0	190688	c0f8002c	52b8b566	MOD/MOD_F/FREEFROM.MOD
e72ccfa132ccd7cb4f5f708b03137dec	1	146045	player	uade	Protracker compatible	0	205618	0b84b519	ea8bf174	MOD/MOD_M/MEGALOMA.MOD
e796e728efc845efbcce09c404d9d826	1	30824	player	uade	Protracker compatible	0	24576	ede897f2	8f93c0d3	MOD/MOD_P/PLINK.MOD
e7ade0cf177bdd3f1d0842d01c65de28	1	306790	player+volume	uade	Protracker compatible	0	124840	e6a73b8c	2d593304	MOD/MOD_M/MIG.MOD
e7c6148ceb3c40acd18d3d007f2d4af2	1	116586	player	uade	Protracker	0	23010	b4289398	06c6df0d	MOD/MOD_P/PLSELECT.MOD
e81977d9f70c982c4d73cb30772269f2	1	135702	player+silence	ft2play	Fasttracker	8	327496	4565dc4d	57d026ab	MOD/MOD_C/CD2PART2.MOD
e876c401b451a9ba261c38618c2fc2e0	1	163788	player	uade	Protracker	0	94078	9996bb42	7bb12321	MOD/MOD_D/DDMNSSWM.MOD
e8820ae8d807ddde4fd7600676bbf736	1	128221	player	uade	Noisetracker 1.x	0	79292	0ce00d02	8f0eb44d	MOD/MOD_D/DIGTHIS.MOD
e89bea69ce374e2fa1815b1f17cf58e3	1	347771	player	uade	Protracker	0	170272	b3adbaae	b188680e	MOD/MOD_G/GRAPE11.MOD
e8bff228eb7a09727ed5d79fc4caadac	1	321317	player+silence	uade	Protracker compatible	0	95386	2ee3237a	b8f85c72	MOD/MOD_G/G7.MOD
e8e4218be1dbb3ec6dceef9583086204	1	146045	player	uade	Noisetracker 1.x	0	94848	f055c435	3fbcad83	MOD/MOD_A/ALI.MOD
e8e4218be1dbb3ec6dceef9583086204	1	146045	player	uade	Noisetracker 1.x	0	94848	f055c435	3fbcad83	MOD/MOD_A/ALIEN.MOD
e8efd8da7f4ba985d57c86f6edc2037b	1	52425	player	uade	Protracker	0	80226	52a461ea	16bec396	MOD/MOD_P/PARTYVER.MOD
e908a60d861f612a85d4d64f48fd579e	1	23168	player	uade	Protracker	0	7690	89a207c4	ecc81dd2	MOD/MOD_D/DREAMOFF.MOD
e93f0edeeb639cd5cc995cfc26b12442	1	115266	player+silence	uade	Noisetracker 1.x	0	48696	4eeff0db	7dfbeb5c	MOD/MOD_C/COOLTECH.MOD
e944aca4a0a21ed2e15309b3f15b7f09	1	247774	player+volume	uade	Protracker	0	107948	d5136cc5	d3ecb683	MOD/MOD_C/COOPERAT.MOD
e961dcab54657df08467feff9cdd07a3	1	15472	player	uade	Protracker	0	7644	a7a01852	e436b146	MOD/MOD_M/MICROFO4.MOD
e972f6db0e92b2da53feb1838e275730	1	233093	player	uade	Protracker compatible	0	192730	8ee68c20	373ffe8e	MOD/MOD_F/FLTCHTHM.MOD
e97e11903c0f50905b4dea2db0d79fde	1	76920	player	uade	Protracker	0	27758	426fafa4	9189bb92	MOD/MOD_D/DISCOZAX.MOD
e9897086ae9284487a41c3962c061adc	1	134531	player	uade	Protracker compatible	0	316066	6e3d09e2	1bdf4b1c	MOD/MOD_B/BARTMAN.MOD
e998012c700eb43af0321711305829b2	1	637350	player	uade	Protracker (vblank)	0	224288	947eb4e3	100c8746	MOD/MOD_K/KLISJE_P.MOD
e9cc6b9edd24ee91505d57e41c1173de	1	46216	player	uade	Soundtracker II (15 instr.)	0	55072	646f965f	45d0b01c	MOD/MOD_K/KCTHREE.MOD
e9d4d6972457e97af23dc0d42a3bd801	1	102520	player	uade	Protracker	0	45284	10ca6300	dfbe854b	MOD/MOD_P/PATZGA.MOD
e9ef950ac7642c6c23cfdacf02cdd169	1	200225	player+silence	uade	Protracker	0	216890	4418ee6c	8ed758c8	MOD/MOD_B/BOESENDO.MOD
ea1aa147ddd9747f27f35d12f675cdc4	1	208056	player	uade	Protracker	0	68882	12cdad26	d16cd978	MOD/MOD_M/MANDELFO.MOD
ea24fca18214b6d2d13174f73482f8e4	1	184445	player	uade	Protracker compatible	0	155514	bf8581d9	29360b3d	MOD/MOD_T/THEORY.MOD
ea5f1b72b17a7b4fcb1006c87cf845ad	1	159166	player	uade	Protracker compatible	0	118130	7a669230	54897907	MOD/MOD_H/HITFIDO.MOD
ea7c3a42143bedf3a1c0cc48a8d4596d	1	247693	player+volume	uade	Protracker compatible	0	88446	0c7af0d3	7a796bbb	MOD/MOD_M/MEGAFUNK.MOD
ea8b7a91d105f3a3e0bc742fd7ce6ac5	1	23168	player	uade	Protracker	0	7730	863df89b	6cfc9ad8	MOD/MOD_D/DOYOUWAN.MOD
ea9cb0b5e5dd99d7da81e420efb9122a	1	196562	player	uade	Protracker	0	78912	f892ff16	4775bee9	MOD/MOD_L/LONGING.MOD
eacf75bf63085b521473eed8b4a9065d	1	307321	player	uade	Protracker compatible	0	135656	da77912b	025fdf94	MOD/MOD_K/KFRNSTN1.MOD
eadfc2d2bf44d08d559dfaaec2756560	1	142187	player	uade	Noisetracker 1.x	0	65352	e54215ea	0e530d54	MOD/MOD_C/CFRMUS4.MOD
eb092a88fb369970d74dc298f73db821	1	223066	player	uade	Protracker	0	217026	9bd270c5	9ec69783	MOD/MOD_S/SECRETPY.MOD
eb0b481c5626d47bee4198015fe00f03	1	166521	player	uade	Protracker	0	102860	8ac5d40a	f38efb5e	MOD/MOD_S/SOLITR_2.MOD
eb5f36b4f10aa1f91a2e657a3f8875f7	1	276116	silence	uade	Protracker compatible	0	176900	c8a8edde	fc16d531	MOD/MOD_D/DEMOCOMP.MOD
eb74a97a01cd9d58f355224c621da856	1	184445	player	uade	Soundtracker II (15 instr.)	0	58162	93dc3195	85485c82	MOD/MOD_B/BLITZWIN.MOD
eb7eea3e60de9fd65b5b911aded5a7ed	1	147974	player	uade	Protracker compatible	0	162168	803c0a66	25b7f7d2	MOD/MOD_O/OUTZIDE.MOD
eb810fab4e5e299308fcb46b3718cb36	1	188605	player+silence	uade	Protracker compatible	0	161044	6375acd7	a5840c60	MOD/MOD_M/MAKEMOVE.MOD
eb854548cac266e84d0a6c8e6d5bb42b	1	284293	player	uade	Protracker	0	166708	912947ba	06b515f2	MOD/MOD_M/MYSTIFY.MOD
eb8f845fd38ac5f85e01ada3408f471d	1	230546	player+silence	uade	Protracker	0	236508	b87053aa	e1af8438	MOD/MOD_S/SUCKERS.MOD
eba7b98c292a4a62b3dc32ed1470dd18	1	394310	player+silence	uade	Protracker compatible	0	161320	b0dcf2b7	8e568ec5	MOD/MOD_L/LUNAWAVE.MOD
ebc838835176b96a75da9acf4c0d54b7	1	30824	player	uade	Protracker	0	30338	e7729333	209b856e	MOD/MOD_F/FLYING.MOD
ebf386f423e7a3b0cf24ea351f73e8eb	1	192141	player	uade	Noisetracker 1.x	0	129666	20ca1890	9c48e70f	MOD/MOD_A/AYEAH.MOD
ec2185263707fddba4b4af439d2ad100	1	184445	player	uade	Protracker	0	121962	4569bbd2	27a5ee4a	MOD/MOD_O/ODYSSEY2.MOD
ec3426394006e283b2749572644b1164	1	243341	player	uade	Protracker compatible	0	154920	fc7ed95b	e4cb23ca	MOD/MOD_C/CAROLINE.MOD
ec4922ea4b23728e315f69c8d3a49791	1	39533	player+volume	uade	Protracker	0	137922	d897f1fd	fe2cfbe7	MOD/MOD_J/JUNGLE.MOD
ec503701f2d37948f513d6e3463d6ded	1	245672	player	uade	Protracker	0	242206	318ca6e0	77326e64	MOD/MOD_D/DEMOMOD1.MOD
ec9c2612e3f6f32b196340de9e395e4d	1	447152	player+silence	uade	Protracker	0	120314	66b415d2	66fc2f11	MOD/MOD_F/FREEDOM.MOD
ecbcbbbf7311ac8e65a62982ab7008a7	1	261245	player	uade	Soundtracker II (31 instr.)	0	69348	6181e4c5	8fb6da03	MOD/MOD_A/AMEGAS.MOD
eccd9a206093eaad0926edc15662107b	1	174840	player	uade	Protracker compatible	0	213608	6e060582	34cda699	MOD/MOD_C/COOKIT.MOD
ecee59989e5e9e6a400f52c8f6285c3f	1	310094	player	uade	Protracker	0	132488	32386e9b	3973bb38	MOD/MOD_C/COLMBIAN.MOD
ed0a614613063b0db5bf35daa90a8dde	1	161397	player	uade	Protracker	0	78388	f043e360	7542ba74	MOD/MOD_B/BASSHIGH.MOD
ed1e1c050c9d0138ddbc68613bfa09f1	1	102520	player	uade	Protracker	0	113676	6c222cb2	e7c89ea0	MOD/MOD_R/RADIOSCH.MOD
ed41f3c3a402962e938429c4c5e50c41	1	184233	player+silence	uade	Protracker	0	94240	14ffaa1f	acfd029e	MOD/MOD_B/BIGTHING.MOD
ed547a3e7bc54bcfab9cf88ebbd598a0	1	102520	player	uade	Protracker	0	12134	2636713c	7bc4e025	MOD/MOD_C/CLOWNO.MOD
ed5eb8cad51649ddb1085a2ad5ff6faa	1	173026	player+silence	uade	Protracker	0	96088	642152fa	a1300475	MOD/MOD_A/AMIGAMUS.MOD
ed8d837185bf82b49bd34cd9ec5da4ed	1	233736	player	uade	Protracker	0	322180	fc624076	733802d0	MOD/MOD_G/GALACTI2.MOD
edb3a5ed53feed0ac277ea5ce66dda5b	1	368770	player	uade	Protracker	0	154784	be039dc3	a2cab7d5	MOD/MOD_L/LETTHERE.MOD
ee0800e891b1943b007ae382493f82ee	1	353418	player	uade	Noisetracker 1.x	0	102308	03d7742f	7d59bd85	MOD/MOD_B/BRIANS.MOD
ee0b4b0a8d7bd12d4aa8e14851403bbf	1	268564	player+volume	uade	Protracker	0	402166	b02688d3	da0d3f83	MOD/MOD_B/BEYNDMSC.MOD
ee13b01c585006f4b629c66a50454c16	1	183159	player	uade	Protracker compatible	0	96890	cdab3a3b	81630076	MOD/MOD_A/ACTIONON.MOD
ee13b01c585006f4b629c66a50454c16	1	183159	player	uade	Protracker compatible	0	96890	cdab3a3b	81630076	MOD/MOD_A/ACTIONS.MOD
ee4b651691839c6e0b459f0c9a873301	1	199023	player+silence	uade	Protracker	0	79948	c3e4f06c	66faaca2	MOD/MOD_A/ACOUSTIC.MOD
ee86fc9b00fa98fbf619383618e6c622	1	138369	player	uade	Protracker compatible	0	59062	6cc6d660	3506de56	MOD/MOD_H/HIT.MOD
ee86fc9b00fa98fbf619383618e6c622	1	138369	player	uade	Protracker compatible	0	59062	6cc6d660	3506de56	MOD/MOD_H/HITSQUAD.MOD
ee93d387eefa7d837dea0c68ef767c45	1	84616	player	uade	Noisetracker 1.x	0	57892	97c1cdee	68bc1389	MOD/MOD_T/TONALEC.MOD
eeaae7962f7e115834984a9ce920ffd3	1	146045	player	uade	Protracker compatible	0	70378	46267979	2bac4cf9	MOD/MOD_M/METAL.MOD
eec0680cc6e07d0a5979da8449edcbb4	1	141162	player	uade	Protracker compatible	0	65112	da61a95c	66013d13	MOD/MOD_A/AWESOME3.MOD
eee2959666e68ddf0b05d6aaa0071d9d	1	238197	player	uade	Protracker compatible	0	109540	6d16cff7	e53218aa	MOD/MOD_A/ADORE_EM.MOD
ef04930869fad0ec03a05b893578315a	1	171322	player+silence	ft2play	Fasttracker	8	297708	4bf09bd1	e2c14cb8	MOD/MOD_C/CD2PART1.MOD
ef7347d9a8589a5249e5c0c87103e9bd	1	78206	player	uade	Protracker	0	142784	35d0cfd5	f4b2b2d0	MOD/MOD_P/PARTYGAZ.MOD
ef7347d9a8589a5249e5c0c87103e9bd	2	82044	player
ef7473e92ac44e20962c35ff76b5bc10	1	170379	player	uade	Protracker	0	127840	1f94e8fd	a0a56df1	MOD/MOD_T/THEDARK.MOD
ef8e30c2a421c1eba94ddb415f83a96c	0	210416	player+silence	libopenmpt	Master Soundtracker 1.0	4	144383	17b736bf	e1243465	MOD/MOD_E/EAGLE.MOD
effb992014a55bafcd8f0191f1c85b37	1	247572	player+silence	uade	Protracker compatible	0	219210	640311e8	06ea1966	MOD/MOD_T/TMOT.MOD
f03ac2dcad7541e63f3baa929b4f2273	1	84616	player	uade	Protracker	0	108786	4b2e53aa	f537f299	MOD/MOD_C/CD.MOD
f04e19322d8136d95857a95e4b21c1b3	1	236996	player+silence	uade	Noisetracker 1.x	0	86016	b08fe2c7	38722155	MOD/MOD_T/TRILOGY.MOD
f058bb803c92c02c6b738ae995fecda5	1	133245	player	uade	Soundtracker II (31 instr.)	0	97676	4d15a903	d0c65162	MOD/MOD_M/MON.MOD
f064fcff14b3d598c9e9ca2ee34be84b	1	105715	player	uade	Protracker	0	15060	66d5b348	a2bbdcf0	MOD/MOD_S/SUMMERPA.MOD
f0cd18378651e43c1599d366f058981e	1	134531	player	uade	Protracker	0	62810	8897400d	6f89c70c	MOD/MOD_W/WELCOME.MOD
f0cd6168cbea83046e3a0e474dd4e50d	1	111500	player+silence	uade	Protracker compatible	0	128752	9f15af34	a54cc213	MOD/MOD_A/ALOHA.MOD
f0d07da1089894c1131b6b97470e9140	1	41072	player	uade	Protracker	0	19810	244b6f35	bd76ee41	MOD/MOD_W/WORLDMAP.MOD
f0fef3a71b879e0cb7a2e94a7a15254c	1	190734	player+silence	ft2play	Fasttracker (M.K.)	4	207943	44088497	90578096	MOD/MOD_W/WOLFENST.MOD
f10477d93b3d337e937733c9ebbf7ea4	1	286016	player+silence	uade	Protracker	0	296978	7e8143b3	d0ed0287	MOD/MOD_D/DISCO4.MOD
f10477d93b3d337e937733c9ebbf7ea4	2	289987	player+silence
f10477d93b3d337e937733c9ebbf7ea4	3	23168	player
f127fe402f14503a5ee7ba910509f713	1	253569	player	uade	Protracker	0	206986	add6f3f5	6314ae9e	MOD/MOD_H/HIDDENTR.MOD
f1651b652f9a6212591f1cebe677f866	1	122997	player	uade	Protracker	0	54998	4d076f63	7cbe181e	MOD/MOD_S/SPEEDSTO.MOD
f1a1d46f191fcea144f9b02b2549276d	1	634588	player+silence	uade	Protracker	0	188858	30222eda	cc728f7f	MOD/MOD_D/DIGIEXPR.MOD
f1b887b3f607e02cd6825c319191b9aa	1	120123	player	uade	Protracker	0	136660	77db1344	a240b9b9	MOD/MOD_O/ODYSSEY3.MOD
f1ca1f109aab952e38530e3350c3149d	1	44910	player	uade	Soundtracker II (31 instr.)	0	60672	1841cf24	0deb9589	MOD/MOD_W/WIZARD2.MOD
f1eb4618dd639172aafa8666e9f7f24a	1	453246	player	uade	Protracker	0	141088	5baeb302	99b817e6	MOD/MOD_M/MADNESS.MOD
f21a13728c3ba1cf603c3fd2288f9e38	1	15954	player	uade	Protracker compatible	0	30389	4202e578	82893ee3	MOD/MOD_A/ACTION2.MOD
f21a6cefe7deaa014a8782d535d24765	1	44910	player	uade	Noisetracker 1.x	0	51320	41fcb360	7a7a5877	MOD/MOD_F/FAIRLIGH.MOD
f26e8ceb0726293c7b549d0b14b6f4a9	1	99968	player	uade	Protracker compatible	0	103516	42ec34aa	e1c4f51c	MOD/MOD_A/AWES.MOD
f284821d3bd1c3badd30318e73229c79	1	439263	player+silence	uade	Protracker	0	117206	0af9d4da	9791cd8b	MOD/MOD_T/THESMOPH.MOD
f2bcee6e1bc4ba42e57ee4769931a133	1	333966	player	uade	Protracker	0	184964	93c973b9	aa3fd5a6	MOD/MOD_E/ENIGMA.MOD
f2cbc4a6101c07f805a8c7398863b411	1	115039	player	uade	Protracker compatible	0	62029	e3403631	ff686b8d	MOD/MOD_P/PPG23.MOD
f2d31ab5c257a22e51089eb70ec834e1	1	322693	player	uade	Protracker compatible	0	148440	be628180	84e9481a	MOD/MOD_O/OMEN.MOD
f2dfe5c2730e598f741d4e503ac994da	1	211411	player	uade	Protracker compatible	0	171482	32d1acd9	4bc80f60	MOD/MOD_E/ENJOYSIL.MOD
f2dfe5c2730e598f741d4e503ac994da	1	211411	player	uade	Protracker compatible	0	171482	32d1acd9	4bc80f60	MOD/MOD_E/ENYOSIL.MOD
f2ef7aba8aed2c1ae2168966420f3781	1	81140	player	uade	Protracker	0	99616	b35ea96e	9abb5f83	MOD/MOD_R/RAZOR.MOD
f33c7960c00bbd78c2ba926042f16a94	1	7796	player	uade	Protracker compatible	0	88734	2480a443	fd1182a7	MOD/MOD_U/UNNAMED.MOD
f34045b8c0d35d9877bede81cb5d3fd1	1	122997	player	uade	Noisetracker 1.x	0	109636	03185728	b0b45668	MOD/MOD_F/FAIRGHAI.MOD
f34fd6960181b95030fe04238d7a5f91	1	180607	player	uade	Protracker compatible	0	80006	5ae4d503	c65618ff	MOD/MOD_P/PC90.MOD
f366e20a49a6684b4edef6912abbed73	1	290543	player	uade	Protracker	0	206236	a97dabe6	0fcf8cb1	MOD/MOD_M/MADHATTE.MOD
f3799ce71802e222ed9480e922f57794	1	115321	player	uade	Protracker	0	29934	63584c96	2d68ffd7	MOD/MOD_C/CREPPOC.MOD
f3821873dcc8cc77f989bc04a9537f7d	1	262984	player+silence	uade	Protracker	0	132296	54f4fabe	4faab5f2	MOD/MOD_D/DEVINE.MOD
f3d412024d966bd3d0614ddfa24640ad	1	169638	player+silence	uade	Protracker	0	192820	6dbc8f48	fd6faed6	MOD/MOD_W/WAFFLE.MOD
f3d9212ea228c13335f5832794c58e76	1	230541	player	uade	Protracker compatible	0	126728	779c5e6a	20d48000	MOD/MOD_R/RESTRCTD.MOD
f3e448d0214d56d698a5b9971bd432cd	1	315017	player	uade	Soundtracker II (31 instr.)	0	78216	4c85039e	a629785f	MOD/MOD_C/CON_SPAC.MOD
f3fd835f4c70a188f9bab2da02f2c448	1	173875	player	uade	Protracker	0	119054	b96026ac	514aaa3a	MOD/MOD_B/BLUEPRIN.MOD
f424b3590d71b1fa5a85b60a5795cbcc	1	38520	player	uade	Protracker compatible	0	87523	b0dbe616	290a7669	MOD/MOD_M/MNKYWRNC.MOD
f4acde78e5e414e8b97568f5e15779a8	1	192764	player	uade	Soundtracker II (15 instr.)	0	103068	37c9b8ce	6e50fa57	MOD/MOD_R/RATTRASH.MOD
f4b3d2ac6b7f7dab9532e1c9107ea35c	1	170580	player	uade	Protracker	0	197674	2345988a	f58aa2c3	MOD/MOD_Y/YO_AFRIC.MOD
f4b900ca9356de1318a9c9dce5394596	1	82044	player	uade	Protracker compatible	0	85956	808ab65c	18f96a45	MOD/MOD_B/BALAD.MOD
f4fb0ff2cb7d4b64cf18afbeca5c0d96	1	222845	player	uade	Protracker	0	127582	84102e8f	a2ae118d	MOD/MOD_F/FASTFOOD.MOD
f500d1485c66b2afe6f218b5f46050f6	1	207493	player	uade	Protracker compatible	0	55882	98b53a84	ebdd505f	MOD/MOD_G/GANTAR.MOD
f536dbc069fef06540ac5bea60d87273	1	187318	player	uade	Protracker compatible	0	62058	391afc04	2aa4692b	MOD/MOD_A/AFTRAIN.MOD
f544bc17aa1ca3d7eb4f0e2f05a6873b	1	84616	player	uade	Protracker	0	124190	1580db62	d02899f1	MOD/MOD_W/WATING.MOD
f598613a30b0f5164ca62a495e4a3e43	1	319403	player+volume	uade	Protracker compatible	0	211370	6649c5bf	de1e82b2	MOD/MOD_W/WILDWEST.MOD
f5a1b779826b1605aee12f0e5682ae27	1	173252	player	uade	Protracker	0	100798	e2c2cffa	db2d296a	MOD/MOD_T/THEANVIL.MOD
f5a285f8cbb77270cd97c35db30e3dd3	1	129708	player	uade	Protracker	0	128326	9e30769c	39fdd204	MOD/MOD_W/WHISPERM.MOD
f5d017ace4774b68fc0850ea355aa0f6	1	15472	player	uade	Protracker compatible	0	30115	9b37645d	e26782a8	MOD/MOD_A/ACTION3.MOD
f5ec29a947edd2c428551cf26e98b5ab	1	184445	player	uade	Protracker	0	111614	a10222fa	458211e0	MOD/MOD_S/SIDEWALK.MOD
f64c36677d8f86c10d174bf94067ac6d	1	133204	player	uade	Protracker	0	102315	dc8493cc	e801ecb9	MOD/MOD_Z/ZAKK.MOD
f673fe166062597bc146cbdfa52ebac5	1	199941	player+silence	uade	Protracker	0	212150	0a9b747e	259e4620	MOD/MOD_T/TIPMTX.MOD
f6c47b99aae07bb28d4398742ea31d53	1	161397	player	uade	Protracker	0	86600	8b5470b8	ff40b78b	MOD/MOD_X/XTEC.MOD
f6c98e19feca29b47df3ea1859b5d4c6	1	66672	player	uade	Protracker	0	25472	f3d91cc4	eb77efe6	MOD/MOD_A/AQUA.MOD
f6fbb3644b08731b0b7540e18bf10c47	1	76920	player	uade	Soundtracker II (15 instr.)	0	89502	8613a53e	0d73ce54	MOD/MOD_M/MIX1.MOD
f70f6caba681a4eeb0b5007e5431c571	1	310094	player	uade	Protracker	0	132488	83837209	31ef56c5	MOD/MOD_C/COLUMBNT.MOD
f756ccb2c8878dc9a5e47521f8dd6425	1	125227	player	st3play	Scream Tracker 3.00 (GUS)	8	64784	12081a21	5ee5a113	SNDTOOLS/DOS/ST3/S/WOFPLAST.S3M
f763ee76f2bed5efbd7f8a99bf862954	1	81803	player	uade	Protracker	0	103792	a6e036e9	7b5d6843	MOD/MOD_B/BROTHERS.MOD
f79c0042063a87d70ba858288433705f	1	184445	player	uade	Noisetracker 1.x	0	392655	78cc22b2	84b1f9fa	MOD/MOD_D/DDR.MOD
f79e607ed24629a68b2e5afb5a15d9b9	1	245893	player	uade	Soundtracker II (31 instr.)	0	69424	c8bbb68d	52aed158	MOD/MOD_C/CRYSTALH.MOD
f7a22a52fe29fcc3d8cd5c55137043a7	1	238197	player	uade	Protracker compatible	0	56644	8e11d35b	56f8b49d	MOD/MOD_B/BLUE_MON.MOD
f82a75d42fd9890ce744ea438dbacabc	1	222845	player	uade	Noisetracker 1.x	0	105954	adbb6ad9	5ad22cff	MOD/MOD_C/CHANEL42.MOD
f834a2d1b94047c1f8d4f58744860c18	1	144136	player	uade	Protracker compatible	0	68350	e7b23549	5cf6baf7	MOD/MOD_S/SAVANNAH.MOD
f8c329d5b81bff90ebedd0fce2848845	1	193367	player	uade	Protracker compatible	0	271186	62c94720	a4ecb950	MOD/MOD_A/AMIGATRK.MOD
f933e883be9dded7c5bdbd1fac5d5ac1	1	430975	player+silence	uade	Protracker (vblank)	0	433532	687e6fac	59426317	MOD/MOD_O/OUTOFSIL.MOD
f9dd80f3791f54a4aa13e7678a007bf3	1	222845	player	uade	Protracker	0	130048	ad2a0a24	aa3f8076	MOD/MOD_E/ESYLUM.MOD
f9dd80f3791f54a4aa13e7678a007bf3	1	222845	player	uade	Protracker	0	130048	ad2a0a24	aa3f8076	MOD/MOD_S/SONG2.MOD
fa16d9a487f2e2aa89060033ffd48598	1	46216	player	uade	Protracker	0	154138	6c997310	66a1174f	MOD/MOD_D/DRBAKER.MOD
fa22278a06ebe701649e8e9678a002b0	1	140278	player	uade	Soundtracker II (15 instr.)	0	47630	67655cdc	f8f05905	MOD/MOD_A/ATOMIC.MOD
fa46979671e201ca17e265ee5fa6f7a3	1	83330	player	uade	Noisetracker 1.x	0	61444	696f773a	0fe47af7	MOD/MOD_D/DEATHMET.MOD
fa8b1ef0bbe9eb892921f63441e1efd0	1	46216	player	uade	Noisetracker 1.x	0	35826	a3bbe6de	b215e1ab	MOD/MOD_O/OCEAN.MOD
faa21c3e4e75a6925c87474337f3486c	1	71173	player	uade	Protracker	0	85628	c2f9d372	a5a8bda9	MOD/MOD_P/PARASIT2.MOD
fb16971ee0eff6a2fa087ce860bef0ff	1	111000	player	uade	Protracker	0	91316	09df59a2	425ebff2	MOD/MOD_D/DOUBLE2.MOD
fb1b6eadfd78385fa948cbe060003388	1	117872	player	uade	Protracker	0	18060	b0bf6292	b2041285	MOD/MOD_M/MEL1.MOD
fb328ea3b347d699f5924eed2825e8c7	1	155650	player	uade	Protracker	0	134706	914c3697	18c0569f	MOD/MOD_J/JUICY.MOD
fb4ede50d70af460844487b9eb3334bd	1	206066	player	uade	Protracker	0	137606	01fe9fd6	edf109b3	MOD/MOD_H/HIVELOCI.MOD
fb6619faef532d636fb406fe61a1841b	1	153721	player	uade	Protracker compatible	0	115050	54f95642	548dc93d	MOD/MOD_K/KILROY1.MOD
fba27a82e588d036cf7c5b0142a15ef0	1	192141	player	uade	Protracker	0	82996	f5c634b8	454804ba	MOD/MOD_D/DRSNODGR.MOD
fba5f42461ddafc5ce74541a9281c8cc	1	76920	player	uade	Protracker compatible	0	176152	1a8a42ef	2d4ed069	MOD/MOD_I/INSANITY.MOD
fba8b8fe3806cc224c26ca975cbdf92b	1	57494	player	ft2play	Fasttracker (M.K.)	4	28297	8fda0b52	89f57524	MOD/MOD_A/ALLIWANT.MOD
fbc6d152b892f4edec7710d9576da626	1	169977	player	uade	Noisetracker 1.x	0	88474	f1869921	3409dcb6	MOD/MOD_P/PRINCESS.MOD
fc008ef0454c0718f021005795879004	1	69224	player	uade	Protracker compatible	0	142479	9fb7758a	2b88f674	MOD/MOD_K/KICKING.MOD
fc013e124ea6458176235f779d3585b8	1	172931	player	uade	Noisetracker 1.x	0	90020	406e9d73	ba111b42	MOD/MOD_L/LOS.MOD
fc03ee4b0198db3e9991caa62d618209	1	134169	player	uade	Protracker	0	223052	981a0607	b77a5171	MOD/MOD_R/RUBBERCO.MOD
fc65b013039bf9957929f4400f73450f	1	268921	player	uade	Noisetracker 1.x	0	66268	bf6eaae8	633d5853	MOD/MOD_D/DINGDUM.MOD
fc83b2770c4f2715706b171f1ad5fd27	1	36290	player	uade	Protracker	0	41072	b1a18268	37b85c2a	MOD/MOD_T/TRAINER5.MOD
fc90c8d5b73d5c29c738d323b3eb5eec	1	134531	player	uade	Soundtracker II (15 instr.)	0	101036	f8529851	91b399db	MOD/MOD_O/ONTHERUN.MOD
fcbf33094f8250663b48f1b664e35e6c	1	122997	player	uade	Protracker	0	87278	cba2abbd	4200c44d	MOD/MOD_M/MANOMAG.MOD
fce3f72774a2693c7fe1ff4d56c1f950	1	26042	player	uade	Protracker	0	8556	730c96dc	384977c2	MOD/MOD_V/VEDMASSE.MOD
fceb2ab48a639b2797d913e7e878209a	1	189280	player+silence	uade	Protracker	0	190644	69855b22	ddb7b041	MOD/MOD_T/THELAST.MOD
fd8f9b1fa9613196d2310703349be40e	1	72118	player	uade	Protracker	0	41364	ce6a4b89	68e7f4a9	MOD/MOD_T/TURRICAN.MOD
fd93d8f91d0f9f6e51ce37b75c579104	1	107645	player	uade	Protracker	0	12774	a68870eb	53d5016e	MOD/MOD_I/ITSGRIM.MOD
fda23f6d5a1354cb8fa01ae49dd6e82b	1	208879	player	st3play	Scream Tracker 3.00 (GUS)	8	148034	5d005570	79ad3cb1	SNDTOOLS/DOS/ST3/S/PURPLSKY.S3M
fda3900964aef845ff65fb03e55955a2	1	263455	player	uade	Protracker	0	141264	66b00e8c	f4021322	MOD/MOD_U/UPONME.MOD
fda3900964aef845ff65fb03e55955a2	2	207493	player
fdab1a7d636732c695c99e14386fce66	1	228733	player	uade	Protracker	0	300608	8b775691	e4d19094	MOD/MOD_T/TREPEDIA.MOD
fe082c4f732438cc96c44a7dc159a191	1	148918	player	uade	Protracker	0	94892	d6a7e7d0	c2165391	MOD/MOD_C/CYTRON.MOD
fe0aa72ecfa96e5296cc363340f71eb3	1	61568	player	uade	Protracker	0	10246	a22f6a59	f50fb3a2	MOD/MOD_R/RUBYTUES.MOD
fe21b06bc6ce6cb0e99dffd92d380cd4	1	123695	player+volume	uade	Protracker compatible	0	185139	eb5aabf3	d69af250	MOD/MOD_F/FURELIS2.MOD
fe35b803ba029d54eeb39a3df7345144	1	212697	player	uade	Protracker	0	290944	9ed411d3	af005c99	MOD/MOD_E/ELIMINA2.MOD
fe585c552950c2aca73d8b63e7e64715	1	180325	player	uade	Protracker	0	224760	4c579872	8e863a39	MOD/MOD_C/CHAOTTIC.MOD
fe5b6f548deefb655fad2bff2b07b149	1	362279	player	st3play	Scream Tracker 3.00 (SB)	9	197290	0c45c9fd	f1581d6c	SNDTOOLS/DOS/ST3/S/CHAOS.S3M
fe64ae49c7c4f38d219278aa66b6ef50	1	234359	player	uade	Protracker	0	125962	6d3ae97e	cbd54286	MOD/MOD_S/STARTER.MOD
fe6d53c19401833665ff3a63d0c68733	1	380284	player	uade	Noisetracker 1.x	0	215298	bc1623f5	7db13a23	MOD/MOD_F/FALLMSG.MOD
fe6d53c19401833665ff3a63d0c68733	1	380284	player	uade	Noisetracker 1.x	0	215298	bc1623f5	7db13a23	MOD/MOD_I/IVEFALL.MOD
feabaabf8a625abc8cb6803439240d9d	1	200299	player	uade	Protracker	0	131694	0b350ef5	75fd89db	MOD/MOD_S/SWAMPWAM.MOD
fee62484187180ac9bc758fa9a27db4a	1	252652	player+silence	uade	Protracker compatible	0	123688	a93ec6ed	e69a7d6c	MOD/MOD_R/RVBNT.MOD
fee62484187180ac9bc758fa9a27db4a	1	252652	player+silence	uade	Protracker compatible	0	123688	a93ec6ed	e69a7d6c	MOD/MOD_S/STARSCRL.MOD
fefe36781aa09f3dbcc4b7b1f54e306b	1	262913	player	uade	Protracker	0	110386	25f895a2	fadfdff7	MOD/MOD_B/BUBBS.MOD
ff1894a15ed96ad7d294ce46f81009fa	1	161397	player	uade	Soundtracker II (15 instr.)	0	73256	2236792f	400dfff8	MOD/MOD_M/MDRNTALK.MOD
ff1ba4de86f60ba7d6fdaf71309f56e1	1	217219	player	uade	Protracker compatible	0	113260	dc53a0a0	f67704bf	MOD/MOD_F/FACING_N.MOD
ff2be2493f82149b4cabc2d7730934ec	1	169093	player	uade	Protracker	0	140514	72064cfa	42a8b3d4	MOD/MOD_W/WAIT4U.MOD
ff2be2493f82149b4cabc2d7730934ec	1	169093	player	uade	Protracker	0	140514	72064cfa	42a8b3d4	MOD/MOD_W/WAITING4.MOD
ff5cb9f367fca5a8b05d847b9c904bb0	1	58052	player	uade	Protracker	0	9698	5d06fa84	9fb1f42d	MOD/MOD_F/FREE4ALL.MOD
ff5f390a59fd863b9e17fd4ec9ccdc2a	1	390052	player+silence	uade	Protracker	0	189594	f73c7a2d	09e9a4d6	MOD/MOD_E/EURO19.MOD
ff6f08bc19d6886590d4a41fb9a643d2	1	128121	player	uade	Protracker compatible	0	123742	be9524ae	69a8bfe4	MOD/MOD_F/FREEZING.MOD
ff78e74a73c3eeedd2a4f7b19bdcf2a2	1	144216	player	uade	Protracker compatible	0	303946	5e8665aa	7d0d881a	MOD/MOD_P/PUBLIC.MOD
ff8f1bc1f471071d037de88ad9a9de4b	1	121007	player	uade	Protracker	0	125886	af15fb49	1f40e264	MOD/MOD_S/SPEKTROE.MOD
ff9c446674d2dfe486141184284e2c8d	1	329405	player	uade	Protracker	0	174634	93809b69	da07fedd	MOD/MOD_S/SPHERES.MOD
ffb980fce5b1143dd45e2b145a741f25	1	256322	player	uade	Protracker	0	140248	db2f0ba6	7484db16	MOD/MOD_P/PHANTASY.MOD
