012cb61b882e4c9e90e940e0d58aca2d	1	20596	player	uade	Protracker compatible	0	8914	27ad5c5a	b000fff1	MUSIX/MODPLAYR/PLAY_250/CHIPMUN2.MOD
0185ed604992673c2caa533614c977e0	1	189549	player	uade	Noisetracker 1.x	0	79536	577501ef	5ac6e2f7	MUSIX/MODFILES/D_F/FOUR.MOD
02ee341812d6b74d9e6e2d340a4a7f20	1	260642	player	uade	Protracker	0	39564	4b22b740	2bf5e6d3	MUSIX/MODFILES/SHORTIES/PROFY.MOD
02f8fac61c48825017218bcff5bd4dd2	1	325406	player	uade	Protracker compatible	0	151084	8997a8fa	59788a36	MUSIX/MODFILES/S_U/TURRIC_R.MOD
038b5e2aaff6b0ee082664cd5ccd4eee	1	194693	player	uade	Startrekker (4ch)	0	73200	2bb9abc6	fdfc01b4	MUSIX/MODFILES/S_U/SOCINTRO.MOD
03b18bf8c405522434ff4fecd17965ea	1	128082	player+silence	uade	Protracker compatible	0	301304	0c17fade	64fcb863	DISKMAGS/ONLINE_1/ANETTE.MOD
03ca16b163b3fd825f17d4033eb81a52	1	315962	player	uade	Protracker compatible	0	244942	af3324f0	423d4755	MUSIX/MODFILES/A_C/BARRAKUD.MOD
046a969b35dd7fcb70ff8556f10c8875	1	194050	player	uade	Noisetracker 1.x	0	59136	fdeaab1c	f486ddfb	MUSIX/MODFILES/D_F/EYEOFTIG.MOD
050f1dfd80d8f99931d1318b369a52a6	1	96130	player	uade	Protracker compatible	0	52584	3df7ecc2	af6e8e12	MUSIX/TRACKER/PROTRACK/MODULES/TEST2.MOD
05401acfb16b90e7800071d2d6287456	1	175784	player	uade	Protracker compatible	0	210570	7f88e38e	575e22bd	PACKED/DISKMAGS/DBAMAG10.LZH/ARTICLES/MUSIC/GL_COMPO.MOD
05636c31fb1803c7c7865fe1c787ab1f	1	637350	player	uade	Protracker (vblank)	0	224256	068eed37	cb6e2702	MUSIX/MODFILES/J_L/KLISJE.MOD
05d41d5a7b5ed34da06d3a957cad138b	1	325406	player	uade	Protracker	0	151084	d2307724	ba42e82e	MUSIX/MODFILES/A_C/CHRIS.MOD
05d41d5a7b5ed34da06d3a957cad138b	1	325406	player	uade	Protracker	0	151084	d2307724	ba42e82e	PACKED/SOUN_VIS/TURRICAN.LZH/turrican.mod
06a707b8c5b5d2fa511ebfe4b03d75c8	1	264119	player	uade	Protracker compatible	0	131072	48ae6810	5e8e0221	MUSIX/MODFILES/SCENEMOD/ILLUSION.MOD
06a707b8c5b5d2fa511ebfe4b03d75c8	1	264119	player	uade	Protracker compatible	0	131072	48ae6810	5e8e0221	PACKED/DEMOS/ILLUSION.ZIP/ILLUSION/MUSIC/ILLUSION.MOD
06b0dfec21966af516aaf80fde1db077	0	80698	player	uade	FutureComposer 1.3	0	6378	76ff1aff	278cc882	MUSIX/MODPLAYR/FUTURE/FC1.FUT
06d31a0d5ff8b2461d4fddbe9e4e328d	1	114698	player	uade	Protracker	0	248894	f8ab42a2	f8490c5b	MUSIX/MODFILES/S_U/SYSTEM.MOD
06d6d84328424d92c310a10dd4fee04d	1	57730	player	uade	Protracker	0	20722	4bff503d	b3a06d31	MUSIX/MODFILES/SHORTIES/INSYNTH.MOD
078b1cae469e160e07bf26e63dddd3f3	1	307321	player	uade	Protracker	0	22972	464018be	2ca9a89e	MUSIX/MODFILES/SHORTIES/RALLYMAS.MOD
078f2e704d168837ed09d3b6b7a13d9f	1	61568	player	uade	Protracker	0	19306	7c39096d	7d23ffe6	MUSIX/MODFILES/SHORTIES/ROBOZAP.MOD
079e3a3440110eb6414c413712d95329	1	153160	player+silence	uade	Noisetracker 1.x	0	71522	cdf9313c	4f8193b5	MUSIX/MODFILES/M_O/OXYGENE2.MOD
08ff6bd8ed07738e249635aefede5bec	1	274829	player	uade	Soundtracker II (15 instr.)	0	110096	163237b1	e1ffcafb	MUSIX/MODFILES/G_I/INGAME.MOD
093023a89481e01408e8ffc2c5aca245	1	219349	player	uade	Protracker	0	317592	b2568bf2	1f3dc3f8	MUSIX/MODFILES/D_F/FASTCHA2.MOD
0997c9bea1ce9a53bacf3967002be705	1	84074	player	uade	Protracker	0	129828	b6f2b23b	8130261b	MUSIX/MODFILES/M_O/NEGGROOV.MOD
0a02c8f71385c05a68a0a8a76b460973	1	167787	player+silence	uade	Protracker compatible	0	98604	e9b78b70	de5b5f01	MUSIX/MODFILES/M_O/METAL.MOD
0a403fe5d322ef00d89de7569991cf7d	0	153701	player	uade	FutureComposer 1.3	0	11402	c05002fc	0e32f803	MUSIX/MODPLAYR/FUTURE/FC14.FUT
0a61cdbe7318e33e1e4e03bd1d741db2	1	207493	player	uade	Protracker compatible	0	167650	c5ddb49e	bc66915c	MUSIX/MODFILES/D_F/FATE.MOD
0a6af5c267027b7483a1c17f2a6a128c	1	84315	player	st3play	Scream Tracker 3.00 (SB)	8	101992	e2e18281	76956d2f	MUSIX/S3M/LAVE2.S3M
0a7b50aa30dabcaaffd72be828274be6	1	95166	player	uade	Protracker compatible	0	164842	1cd8a455	359c53f5	MUSIX/MODFILES/M_O/MOVEMENT.MOD
0af71e7f1c2a60c37d62595c5ca8e0d6	1	61568	player	uade	Protracker	0	12394	87a2add2	a09a8859	MUSIX/MODFILES/SHORTIES/ABSOLUT.MOD
0b11dfb802d83af4cd4926a1ff9c163a	1	212166	player+silence	uade	Protracker	0	352796	803a2463	e4c6d0a6	MUSIX/MODFILES/J_L/JAMMIN_W.MOD
0b3ebdb3a3c8da90ca1802b9170872a5	1	412454	player	uade	Protracker	0	415346	7ce7781f	9d8a0bf9	FR_BITS3/FULLDEMO/FUNCTION/THOUGHT.MOD
0b3ebdb3a3c8da90ca1802b9170872a5	1	412454	player	uade	Protracker	0	415346	7ce7781f	9d8a0bf9	MUSIX/MODFILES/SCENEMOD/THOUGHT.MOD
0b44fc5babbb607009f1f8541845a1b2	1	85038	player	uade	Protracker	0	285290	6c21167b	03779902	MUSIX/MODFILES/D_F/DOOP.MOD
0ba274df7e1345590c9169a01590c3e9	1	215149	player	uade	Protracker compatible	0	71524	a1b8d460	635e9e19	MUSIX/MODFILES/V_Z/VOYAGER.MOD
0bd07f5ba1e811b10ecf137b29bce026	1	146045	player	uade	Protracker compatible	0	150474	6870912d	3657cd82	MUSIX/MODFILES/J_L/KAOS.MOD
0c26f97800244464e521afb527766241	1	325406	player	uade	Protracker compatible	0	151084	fe3e8d7d	faa3660d	MUSIX/MODFILES/S_U/TURICAN2.MOD
0caa16bcb72bf2f4646e82847b165207	1	184023	player	st3play	Scream Tracker 3.00 (SB)	16	154924	28b6d980	c54f694b	MUSIX/S3M/PINBALL.S3M
0caa16bcb72bf2f4646e82847b165207	2	45392	player
0cbb4899ae7bc61089839923359c5582	1	291969	player	uade	Protracker compatible	0	149076	e4546d75	cd22a1fb	MUSIX/MODFILES/P_R/PESTLENC.MOD
0d1debb6d68aa9c1c265662d27aa8995	1	245893	player	uade	Protracker compatible	0	133304	f92c77ec	decedf01	MUSIX/MODFILES/S_U/TOM_S_TE.MOD
0d7c501794ab91d48e274152ffcc3bc0	1	29036	player	uade	Protracker compatible	0	62512	0719bcc8	9bdda465	MUSIX/MODFILES/A_C/CEREBRAL.MOD
0de5832f58dc11029ffac1e18ee42068	1	253790	player+silence	uade	Protracker	0	169896	fd240852	a3327929	MUSIX/MODFILES/V_Z/WARFARE.MOD
0dfe2bb4eb59a4acd265bd826b019767	0	145984	player	uade	FutureComposer 1.3	0	6756	9d4bc05b	122f2211	MUSIX/MODPLAYR/FUTURE/THALION.FUT
0e1ab70ff196c1caf9149203f9eadc01	1	395495	player	uade	Protracker	0	168884	f445e90d	6d35d2c5	MUSIX/MODFILES/A_C/COMM2.MOD
0ec899682e664a5166928c3cec5c3e1b	1	245893	player	uade	Noisetracker 1.x	0	111404	adbcaa41	3c9ea9b5	MUSIX/MODFILES/S_U/TALOR.MOD
0ecfb7b8a86bc1f7048f8b19c71b568d	1	213481	player	uade	Protracker	0	337702	fb3486de	ed2d08ce	FR_BITS2/MUSIX/RSK/RIPGUY/MENTALFL.MOD
0edc5cdf0b8aed3b79f71cd5070beb0f	1	320572	player+silence	st3play	Scream Tracker 3.03 (GUS)	13	846302	c4af6f8c	5519fa73	MUSIX/S3M/WHEN.S3M
0edc5cdf0b8aed3b79f71cd5070beb0f	2	36893	player
0edc5cdf0b8aed3b79f71cd5070beb0f	3	22143	player
0edc5cdf0b8aed3b79f71cd5070beb0f	4	22204	player
0fed19f99bf875f84a702eb2291ba5a9	1	30824	player	uade	Protracker	0	5916	1e90eb5b	cbe1649f	MUSIX/MODFILES/SHORTIES/SHORTIE5.MOD
102c04d3c252a35f6e75b0bf31454cea	1	76920	player	uade	Protracker	0	17750	e8bbaa47	e7e64365	MUSIX/MODFILES/SHORTIES/FOR_FUN.MOD
10771a1d0c2659dd7e8cf69a2b6fe63a	1	252206	player+silence	st3play	Scream Tracker 3.00 (SB)	16	593106	125ba771	51a2a78e	MUSIX/S3M/PANIC.S3M
1090aecc34c96e1705e0b642e9f5eb0f	1	195617	player	uade	Protracker	0	126376	616c6341	a28d3aef	MUSIX/MODFILES/A_C/BLADEWAL.MOD
11af6ffcf589e9926a24f4bbc2988734	0	236606	player+silence	libopenmpt	Digital Tracker 2.3	8	225964	ecced546	8a4c3c4c	MUSIX/MODFILES/DIG_TRCK/MELTECH2.DTM
11b4e0f7dfa8232e98c5afece7684e1d	1	257909	player	uade	Protracker	0	256302	b5b365cf	e447047a	MUSIX/MODFILES/D_F/ELIPTICA.MOD
11f88f56c91e4d12dbf9d3d7d5b52397	1	105072	player	uade	Protracker	0	14000	eb4c531e	ecfd1617	MUSIX/MODFILES/SHORTIES/FOOLARAU.MOD
1223fb459cba7cfc9f77c18ea82a47d2	1	145039	player+silence	uade	Protracker compatible	0	174556	8b85ebb5	11b4e4eb	FR_BITS2/MUSIX/AVENA/MR_COKE/MR_COKE.MOD
124c0678f15289b81667503c220e7b55	1	476294	player	uade	Protracker	0	135678	7bdb773c	decdef71	MUSIX/MODFILES/D_F/DECORE.MOD
12abc45f818aac2f95f2d0c5b367fce2	1	85320	player	uade	Protracker compatible	0	199922	ff569b80	03f7c3f8	FR_BITS2/MUSIX/MYB/SPOCK/GREEN.MOD
12f313ffb83382ff3c0ae631cd153b7f	1	460942	player	uade	Protracker	0	282838	3efa2953	7b3a441b	MUSIX/MODFILES/S_U/TECHMARU.MOD
13b96fc448f082acb740eb84b4068f11	1	82044	player	uade	Protracker compatible	0	99314	f0e9861d	48734d78	FR_BITS2/MUSIX/SYN/SCAVENGR/SM.MOD
13e0dc8ba21ea68fab7397d6f6d90b5f	1	53631	player	uade	Protracker	0	241342	6d741b88	513ac9fa	MUSIX/MODFILES/V_Z/XPAND.MOD
13fb40767f59b9015c0f28e1e8aa1c14	1	478464	player	uade	Protracker	0	160218	87425b9d	9680d685	MUSIX/MODFILES/J_L/KNULLA_C.MOD
144dccde3cd9d87869a28595625ac821	1	62834	player	uade	Protracker	0	18486	0dea7a3e	9ed63dfa	MUSIX/MODFILES/SHORTIES/DRAINTRO.MOD
146f81fa904d302e1175332eb9e847e5	1	249490	player	uade	Soundtracker II (15 instr.)	0	212386	34036a7d	a5335912	MUSIX/MODFILES/P_R/RSIRISE.MOD
14a5fac191ab535b3a4239c6f71a36d4	1	159729	player	uade	Protracker compatible	0	171930	107199fe	6483503a	GAMES/BOOM/PREVIEW2/TITEL.MOD
150d873faf3b4ea161cd7b0b8ea27f13	1	201879	player+silence	uade	Protracker	0	146830	4ca6fe38	7255f4d9	MUSIX/MODFILES/NUMBERS/3DDEMO.MOD
153c6a386e25c5696b68d9bd2ed4fa1c	0	163943	player+silence	libopenmpt	Digital Tracker	20	1063956	c7a3a4a9	aa88f931	MUSIX/MODFILES/DIG_TRCK/DIGITAL.DTM
159455b6fc6f6dddad6fd9b9ff231de3	1	299993	player+silence	uade	Protracker	0	347582	bd05848c	9f297ffc	DISKMAGS/DBAMAG11/SPACEDEB.MOD
15a1c7e857388362a832a0348dcb4100	1	131037	player+silence	st3play	Scream Tracker 3.00 (GUS)	12	264066	2a8813c3	908d100a	MUSIX/S3M/CRYSTAL_.S3M
15a1c7e857388362a832a0348dcb4100	2	14864	player+silence
1665bd05f6250c13069a5831922a6468	0	76900	player	uade	FutureComposer 1.3	0	7324	2266f293	0d296f2d	MUSIX/MODPLAYR/FUTURE/DUAL.FUT
16da34dfbc58b30c3e4da2a902a89d0d	1	321679	player+silence	uade	Protracker	0	284756	99434c0f	a5198787	FR_BITS2/MUSIX/AUR/BEATBOX/FLIGHT.MOD
17652c6aef48d09f2e68b6bf0a8cdc17	1	30824	player	uade	Protracker	0	5308	a1541d2d	1e0abe35	MUSIX/MODFILES/SHORTIES/FREEMAN.MOD
179012aaddb2e484e395b35d4b56e955	1	131155	player	uade	Protracker compatible	0	260706	65bf9086	d398b2ba	FR_BITS2/MUSIX/NWT/SHOOT/DEMO.MOD
17a781fcf4f17fdabca3e29f1a020af5	1	20596	player	uade	Protracker compatible	0	21248	9478676c	0bf85a65	MUSIX/MODFILES/SHORTIES/ASTARLOA.MOD
17eda6027dfa58a3c86433ab2787bf5f	1	146045	player	uade	Noisetracker 1.x	0	95268	0091128e	4ec8db2a	MUSIX/MODFILES/P_R/QUANTUM6.MOD
183285702036979334c1f41aa0ce4fa3	1	15472	player	uade	Protracker compatible	0	52632	1febefdd	ac0b1a67	MUSIX/MODFILES/D_F/FUN.MOD
1855ad7ad8fa66b8d34b0fbd4fdbcc87	1	25137	player	uade	Noisetracker 1.x	0	106370	02822fdb	433f892a	FR_BITS3/MUSIX/DBA/SONIC.MOD
199c899ca6aadd5e2a971850685cca4f	1	306648	player+silence	uade	Protracker compatible	0	101436	bc70b35b	ee503c89	DISKMAGS/UNDER_C4/DATA/MODULES/ELECTRIC
1a31b51cd5fa04bab107409508725321	1	253724	player+silence	uade	Protracker compatible	0	108090	e157eb57	3f4fd69a	MUSIX/MODFILES/D_F/DEVA.MOD
1a50eb5530974b887eee9e41f6a3aea0	1	76920	player	uade	Protracker	0	20488	dfc5e985	508936a6	MUSIX/MODFILES/SHORTIES/SOLIDSNA.MOD
1aba24a874f92258ef690be233d45907	0	192061	player	uade	FutureComposer 1.3	0	16108	31f73e5e	8cc1e2c8	MUSIX/MODPLAYR/FUTURE/FC15.FUT
1b0c1c513227f0c8562c7fcd6e40b46e	1	173112	player	uade	Protracker	0	110442	3bc8c54b	5e622460	MUSIX/MODFILES/M_O/NUKHA.MOD
1b4d30a4443ad2907e7df8be0e10fb29	1	0	nosound	uade	Protracker compatible	0	66620	f8cbe6c7	7662a549	DEMOS/J_R/LAZER/UNGTO/BLUBER.MOD
1b4d30a4443ad2907e7df8be0e10fb29	1	0	nosound	uade	Protracker compatible	0	66620	f8cbe6c7	7662a549	FR_BITS2/FULLDEMO/INDEPEND/AUTOWASH/UNGTO/BLUBER.MOD
1ba1c2ac0f195ad5a4a72133febda94b	1	216376	player+silence	uade	Protracker compatible	0	321846	5723590d	bcfce8e8	MUSIX/MODFILES/S_U/SNDOLUN2.MOD
1c4cbdcb1a848e61820001234396bb3f	1	921606	player+silence	uade	Protracker	0	148490	3f32857f	6aee8198	MUSIX/MODFILES/M_O/NEODRINK.MOD
1ce044144c62f7cd006916de99b2f87d	1	122997	player	uade	Protracker	0	25714	4bff8b82	73bf2bb5	MUSIX/MODFILES/SHORTIES/BLUE_INT.MOD
1cfe0dcb61a90e6660d102137cb4c169	1	20596	player	uade	Protracker	0	6810	ec034c9b	26d5b0df	MUSIX/MODFILES/SHORTIES/MINITUNE.MOD
1d3d088596dd3da1b906c44bbe51e70e	1	41072	player	uade	Protracker compatible	0	14902	108fc282	efbbc4cb	MUSIX/MODFILES/SHORTIES/OBSCENE.MOD
1d85100be72ea57129399f676c6f1a16	0	256101	player	uade	FutureComposer 1.3	0	8476	4edcb0cd	281568f3	MUSIX/MODPLAYR/FUTURE/FC17.FUT
1db6ca132177303703a401c8af1a7ab4	1	328629	player+silence	uade	Protracker compatible	0	188416	14ddd51d	c6e8eb2c	MUSIX/MODFILES/A_C/CRYPTO.MOD
1e2aeacbf572126485ddc637dfacfba2	1	303021	player	st3play	Scream Tracker 3.01 (SB)	8	349878	18e93faf	d192849c	MUSIX/S3M/HIGHWAY.S3M
1e3751bf027de8beceba839828b8557f	1	171806	player	uade	Protracker compatible	0	114496	1baf76e8	132dcb54	MUSIX/MODFILES/M_O/NIGHTLIV.MOD
1e4d3215679dd9a50aa75f79e4f80190	1	98682	player	uade	Protracker compatible	0	61956	dc94798e	d6f66275	MUSIX/MODFILES/D_F/DFORCE01.MOD
1e81f2f4b01d5bd074a93efdf1db222e	1	84616	player	uade	Protracker	0	13980	e255dbde	b007e6fb	MUSIX/MODFILES/SHORTIES/LAST.MOD
1f0461313c2d25689f7b16c587b25b46	1	198040	player+silence	uade	Protracker	0	222640	b7604fc8	da03a1e3	MUSIX/MODFILES/G_I/HOPEFUL.MOD
1f0e845fef206fd65e17c1ff7b05654e	1	232470	player	uade	Protracker	0	182246	808589c4	bf5c0102	MUSIX/MODFILES/G_I/ILLUSION.MOD
1f13e1d1e1fcffddf73e200ffa0787a2	1	32574	player+silence	st3play	Scream Tracker 3.00 (SB)	16	245251	ad71e1e6	da232740	MUSIX/S3M/TMP.S3M
1f13e1d1e1fcffddf73e200ffa0787a2	2	56203	player
1f13e1d1e1fcffddf73e200ffa0787a2	3	20474	player+volume
1f13e1d1e1fcffddf73e200ffa0787a2	4	91991	player
1f13e1d1e1fcffddf73e200ffa0787a2	5	133546	player
1f13e1d1e1fcffddf73e200ffa0787a2	6	114999	player
1f13e1d1e1fcffddf73e200ffa0787a2	7	115019	player
1f293761615de9e1cd1eb606d2adefc7	1	254132	player	uade	Noisetracker 1.x	0	93602	91c60d60	429abdc3	MUSIX/MODFILES/J_L/KIL_GAM2.MOD
1f8bcd2e147148c54537074c277a3d10	1	135375	player	uade	Soundtracker II (31 instr.)	0	59010	defd17b7	5979593e	MUSIX/MODFILES/NUMBERS/4ACES.MOD
1f8bcd2e147148c54537074c277a3d10	2	143493	player
1fab724e7506f2e331dc1bc7ffdee3dc	1	122997	player	uade	Protracker compatible	0	136064	1558dfa9	16fa903e	MUSIX/MODFILES/G_I/HOUSE.MOD
2061fbbea5a63ff170c15145e4d53426	1	255378	player	uade	Protracker compatible	0	197212	db62be96	625864d1	MUSIX/MODFILES/SCENEMOD/ARE_U_EX.MOD
208501689c29e3e3ad71d3802273c74f	1	163969	player	uade	Protracker	0	27598	991033bc	7d9bc07a	MUSIX/MODFILES/SHORTIES/LMM.MOD
20ff065220c85b716316879e4388920c	1	97477	player	uade	Protracker	0	133978	e088038c	56b6d503	DEMOS/J_R/OBNOXIOU/_02.BIN
220edde4074227beb0638ad7cde03ba4	1	276899	player	uade	Protracker	0	377120	7ab8bdde	ae84637a	FR_BITS3/MUSIX/AGRESSSI/00A3.MOD
2215d7c0e7182c2688943bd396778815	1	350213	player+silence	st3play	Scream Tracker 3.01 (GUS)	16	373024	31f3c996	80b8dd3f	MUSIX/S3M/GENPLASM.S3M
22420df7ba8a086b9a74b6e50e65161a	1	49331	player	uade	Protracker	0	15984	5760a3d7	e33b919f	MUSIX/MODFILES/SHORTIES/MARMELAD.MOD
229dbd2e77694880409922e1fde9a2b7	1	155569	player	uade	Protracker compatible	0	43004	ccd0d739	e45f2359	MUSIX/MODFILES/M_O/OBLIVION.MOD
23799ab5a9b57219b2f3c1ca5506c8ce	1	435965	player	uade	Noisetracker 1.x	0	187762	bcaa4cfa	47fd9521	MUSIX/MODFILES/D_F/FRACTURE.MOD
247d5983e988bab30c01f44ae53881f6	1	184445	player	uade	Protracker compatible	0	117558	1cf118dc	eb6eab53	MUSIX/MODFILES/S_U/SWIV_TWO.MOD
25d91f7046c35f99f33d76db6578ff3a	1	415696	player+silence	uade	Protracker compatible	0	378678	098d80f0	ac125d2f	MUSIX/MODFILES/G_I/HER_SONG.MOD
25dd305a2303f6b5b3850c86c0336b6c	1	76920	player	uade	Noisetracker 1.x	0	49654	4fbd9ae8	4e36c9a9	MUSIX/MODFILES/J_L/LASERREV.MOD
2677e9614ee68910a3dd3370efa0f2b7	1	215149	player	uade	Soundtracker II (31 instr.)	0	99400	a8337dff	4ca4e260	MUSIX/MODFILES/P_R/ROBOTRON.MOD
267ff368e26975cd8868f9281513643c	1	179321	player	uade	Protracker compatible	0	142872	d111ad0e	f9a6d697	MUSIX/MODFILES/P_R/POWERMON.MOD
26d14bd378ee5b9d9aac540b5872917d	1	245893	player	uade	Protracker	0	86488	06edbf84	7d71d2c1	MUSIX/MODFILES/J_L/LEMMY_RE.MOD
26d2939744d2a9453fa908b0aa8e8a4b	1	417478	player	st3play	Scream Tracker 3.01 (GUS)	16	474858	e50e2365	2b57618e	MUSIX/S3M/WINDS.S3M
26e76a739d70355243d94b0f448e8721	1	46216	player	uade	Noisetracker 1.x	0	25980	b9bc1adb	2f66c817	MUSIX/MODFILES/SHORTIES/BOMBO.MOD
276f995d5ba46e27c1b54dd20fcd998d	1	243964	player	uade	Protracker compatible	0	234408	9a42511b	c5cfb9f0	MUSIX/MODFILES/SCENEMOD/MARYJANE.MOD
276f995d5ba46e27c1b54dd20fcd998d	1	243964	player	uade	Protracker compatible	0	234408	9a42511b	c5cfb9f0	PACKED/DEMOS/ILLUSION.ZIP/ILLUSION/MUSIC/MARYJANE.MOD
27c5eedd86d3bd224116802adf722d7d	1	38520	player	uade	Protracker compatible	0	6024	a28438f1	79751c0e	MUSIX/MODFILES/SHORTIES/CRIMINAL.MOD
27cd3aa2c4dd5b1c2ddf75146c08588a	0	53679	player	libopenmpt	Ultimate Soundtracker 1.0-1.21	4	40372	6e566734	2dbe4bde	MUSIX/MODFILES/S_U/SINNERS.MOD
27d146097865eaee3c49c2b0c0f83c04	1	55520	player	uade	Protracker	0	14474	6f796d8d	aaf8ddcf	MUSIX/MODFILES/SHORTIES/WACKY4.MOD
28e370c5e51666248db782e1185ee31d	1	38520	player	uade	Protracker	0	12802	83c0ff7b	e0227c37	MUSIX/MODFILES/SHORTIES/680.MOD
29e0b73eb45170e2f59f177d764972ea	1	88475	player	uade	Protracker compatible	0	97424	9e186b3b	524075e9	MUSIX/MODFILES/J_L/LETS_SWI.MOD
2a872f560865f327d2d3882ec912543c	1	506998	player	uade	Protracker	0	137140	07939d2e	0e87b6d3	MUSIX/MODFILES/M_O/MIMOSAAA.MOD
2a9be63df68053953fe4a524c4d204aa	1	46216	player	uade	Protracker	0	20440	3d3307b5	a3c43b11	MUSIX/MODFILES/SHORTIES/NUCLEAR.MOD
2ba0054e9bbb649004223391b404ec5b	1	109689	player+volume	uade	Protracker compatible	0	184254	66e3ae37	dbf02ce2	PACKED/DEMOS/FALCTRON.LZH/F_TRON/SUBS/3.SUB
2c230df3ba7f53b64822a298637db21c	1	169093	player	uade	Protracker compatible	0	135020	e47feb28	b99739ce	MUSIX/MODFILES/D_F/ELEKTRIK.MOD
2c9f3738b0848381d432e0f78acf3198	1	67315	player	uade	Protracker	0	42258	cf1c2ad0	92435543	MUSIX/MODFILES/M_O/NOXIUS2.MOD
2cee74b4f930cd9ea956c5670fb6a474	1	176769	player	uade	Protracker compatible	0	35638	f10f8a52	21b6aef2	DISKMAGS/UNDER_C3/DATA/MODULES/YANDORF
2d482cc5880d9c0be47493930cf21082	1	107645	player	uade	Soundtracker II (15 instr.)	0	86676	da97ddd1	be280f3e	MUSIX/MODFILES/S_U/SEX.MOD
2da007381668b7479c1cb841bc358c7f	1	194050	player	uade	Noisetracker 1.x	0	59060	18d91d5d	6d1b4cd7	MUSIX/MODFILES/S_U/TIGER.MOD
2dc638a4f274ced8d286244e053357be	1	160064	player+silence	uade	Soundtracker II (15 instr.)	0	95294	c6d73ea1	363d8ab5	MUSIX/MODFILES/M_O/MFC2.MOD
2e09d7078134e20e64508f3e25899a61	1	213978	player+silence	uade	Protracker	0	230652	9fae4207	2e357905	MUSIX/MODFILES/A_C/CONDOM.MOD
2e3db933c443dc6b6629189cd97a4466	1	107645	player	uade	Soundtracker II (31 instr.)	0	45728	187538e4	f7453565	MUSIX/MODFILES/P_R/PERCO.MOD
2e7883c48ca8701eb0da97fb2e2b2ab7	1	230541	player	uade	Soundtracker II (15 instr.)	0	69440	4b69ed8c	02c9325b	MUSIX/MODFILES/M_O/NSBEAT.MOD
2e807dc773be531db60b57aaaa02617c	1	92915	player	uade	Protracker compatible	0	104666	d2eb9bf2	81966ebb	MUSIX/MODFILES/A_C/CONSUM.MOD
2e8eab4a12032cb5ce521bef49bbb8ef	1	38520	player	uade	Protracker	0	8268	ff029dab	738c6c96	MUSIX/MODFILES/SHORTIES/HIGHWAY.MOD
2eb0d6562e4e5aa8275a50818e222741	1	222845	player	uade	Protracker compatible	0	94730	d2122498	f51be26f	MUSIX/MODFILES/M_O/MASQRADE.MOD
2efe0c55b4ce9126e6cb5dfad9ffd56e	1	321364	player+silence	uade	Protracker compatible	0	98646	2b44a495	4f61b2dd	MUSIX/MODFILES/P_R/REFLEX.MOD
2f5604925be17df48d7b15607d46f630	1	391134	player	uade	Protracker	0	138996	b0273358	e16931df	MUSIX/MODFILES/J_L/LKRAW5.MOD
2ff3f80ac600de86f06ce7165b90e478	1	322490	player+silence	uade	Protracker compatible	0	315418	d3a4e6d4	17b8d59d	MUSIX/MODFILES/A_C/CD2PART4.MOD
2ff911011334995141aecf4bb5786bae	1	309557	player+silence	uade	Protracker	0	160264	3262e1fa	53bc5741	MUSIX/MODFILES/S_U/TECHNOLO.MOD
306728c6b59cb13004d1ebf154cbb5fb	1	225075	player	uade	Protracker compatible	0	151434	e87331c7	a42ad3b1	MUSIX/MODFILES/D_F/FRAXION.MOD
3069fdd3cb1cf5b89387614ec992ce21	1	363987	player	uade	Protracker compatible	0	214418	371557e5	df526c5a	MUSIX/MODFILES/P_R/RSITHEME.MOD
306f6aa95703b94c99c0c25523893876	1	259075	player	uade	Protracker	0	300004	fcd1d5b8	b91bb03f	MUSIX/MODFILES/S_U/TRANCE.MOD
309618efdb10065d4acacf80602db1c9	1	98039	player	uade	Protracker	0	13000	68d11308	2312e383	MUSIX/MODFILES/SHORTIES/JENS_PAT.MOD
30a528f305ab48068359409e04d4858b	1	253629	player	uade	Protracker	0	149156	4f685048	bb89de39	FR_BITS2/FULLDEMO/NPG/PLASTIKK/PLASTIK2.MOD
30a528f305ab48068359409e04d4858b	1	253629	player	uade	Protracker	0	149156	4f685048	bb89de39	MUSIX/MODFILES/D_F/D_DREAM2.MOD
31d9f36f7cd30dacf874b030b5696e7a	1	107645	player	uade	Protracker	0	8466	a08a828a	25186909	MUSIX/MODFILES/SHORTIES/IS_THIS.MOD
32283fe0691f00accfe02c9284f3b0ac	1	147110	player	uade	Protracker compatible	0	138932	ca555868	f22f2385	MUSIX/MODFILES/M_O/NAUTILUS.MOD
327ea7118f829d4640e9455579423e6a	1	84616	player	uade	Protracker	0	17224	2f9f4128	a126be42	MUSIX/MODFILES/SHORTIES/EUROGROO.MOD
328752fb3b1635ba7c2889c24f8d6d32	1	122997	player	uade	Protracker	0	87278	cc1f7319	6103e925	MUSIX/MODFILES/M_O/MANOMAGI.MOD
32877ae8bdeb29158953663f282572ac	1	102257	player+silence	uade	Protracker	0	149644	9d1aa6ce	a7eeaa62	DEMOS/J_R/OBNOXIOU/_04.BIN
32e563bf1fcbfa60c3c8178e253314ed	1	46216	player	uade	Protracker	0	6440	c29d5dea	30c859e4	MUSIX/MODFILES/SHORTIES/WOTNIN23.MOD
330ae126332939c9d6b460cc064652aa	1	149240	player	uade	Protracker compatible	0	76942	ccd0f355	f21f548c	MUSIX/MODFILES/M_O/NOW_WAY.MOD
3323763cc5c33f6b3067120f4e309520	1	210045	player	uade	Protracker compatible	0	100188	9c0fc8cf	1ec716f7	MUSIX/MODFILES/S_U/SCIENCE.MOD
33a6b5cd65233ced13fa6906b4b1902b	1	185504	player+silence	uade	Protracker compatible	0	126366	390d9a74	25de9ded	MUSIX/MODFILES/V_Z/WEEKEND.MOD
33f3f28da4d38e90bf21e93ea2c76c68	1	169093	player	uade	Protracker	0	83302	72b075b7	e92a5687	MUSIX/MODFILES/J_L/LOTUS2.MOD
34203a7068a156cd6256d3e4150e53c1	1	241091	player	uade	Protracker	0	139452	0ac0e500	f2a09626	MUSIX/MODFILES/M_O/ODYSSEY5.MOD
343bb070e48511699c10d82d82963b4e	1	30824	player	uade	Protracker compatible	0	8334	2ca25bd0	be033196	MUSIX/MODFILES/SHORTIES/1STCHIP.MOD
344f5b7ed6547474d7464773febaed92	1	106700	player	uade	Protracker	0	24036	8a96b705	5fb88855	MUSIX/MODFILES/SHORTIES/KANA.MOD
345fac0a5e4380db5b5220519d3c4579	1	453246	player	uade	Protracker compatible	0	143136	74e3e6ff	68c554ae	MUSIX/MODFILES/S_U/SCOOPEX.MOD
34c84a2eed4c71f13eb357053f2f669e	1	195679	player+silence	uade	Protracker	0	253188	14dc07c5	12d983f2	MUSIX/MODFILES/P_R/PNEUMATI.MOD
359acd2a799ba413522d7e00e5c11786	1	146045	player	uade	Protracker compatible	0	82252	735207b6	d313fbd2	DISKMAGS/IONSCENE/MODULES/PANDORA.MOD
359acd2a799ba413522d7e00e5c11786	1	146045	player	uade	Protracker compatible	0	82252	735207b6	d313fbd2	MUSIX/MODFILES/P_R/PANDORA.MOD
35b16ad5ea3c24f0df9335d19690ac33	1	271252	player	uade	Protracker	0	267318	adb27ffc	4b6a8997	MUSIX/MODFILES/J_L/J_NIGHTM.MOD
364af0bc96ed7ee505066106582d4594	1	153721	player	uade	Protracker compatible	0	137890	493f239e	65393231	MUSIX/MODFILES/J_L/LOVE_SNG.MOD
371651ba647e39ef087b624a0b0e4f6d	1	178300	player+silence	uade	Protracker compatible	0	116544	d657efd1	e9cfa2ea	PACKED/UTILITYS/ACP12.LZH/ACP/NIGHTLIV.MOD
37dd08f6c904d0d4a356614510f2533f	1	279586	player+silence	st3play	Scream Tracker 3.00 (SB)	9	299411	193e7379	9877f6f3	MUSIX/S3M/STRSHINE.S3M
37f9341d776622064452a9f188bc6224	1	53872	player	uade	Protracker	0	29126	5c259df5	74dedb97	MUSIX/MODFILES/SHORTIES/CHINA.MOD
380da3377035bc1366b41bd69b24865d	1	216254	player	uade	Protracker compatible	0	149438	1289cf09	31eaac44	MUSIX/MODFILES/D_F/EVILBEAT.MOD
3820068f13387514366467c657f1b1df	1	363543	player+silence	st3play	Scream Tracker 3.01 (GUS)	16	410424	5e5af556	619c6729	MUSIX/S3M/NIGHTFIC.S3M
38ec6f12c213fec72842d7ca9b89d392	1	46216	player	uade	Protracker	0	14862	c7aa982e	8295d9e8	MUSIX/MODFILES/SHORTIES/SUOLAA.MOD
3957d79b4c4cf7f360eb685ce00b3426	1	207493	player	uade	Noisetracker 1.x	0	99280	b534d7d1	74181105	MUSIX/MODFILES/A_C/BA1.MOD
3970c71dfbcf225dd7852a7508d117c8	1	32574	player+silence	st3play	Scream Tracker 3.00 (SB)	16	245251	c48f0d16	2eedcedd	MUSIX/S3M/UNREAL.S3M
3970c71dfbcf225dd7852a7508d117c8	2	56203	player
3970c71dfbcf225dd7852a7508d117c8	3	20474	player+volume
3970c71dfbcf225dd7852a7508d117c8	4	91991	player
3970c71dfbcf225dd7852a7508d117c8	5	133546	player
3970c71dfbcf225dd7852a7508d117c8	6	114999	player
3970c71dfbcf225dd7852a7508d117c8	7	115019	player
3997f1ed7e6846a8c00790771a0c8489	1	179207	player+silence	uade	Protracker	0	315546	27b8bacc	8b934758	MUSIX/MODFILES/A_C/COMPULSI.MOD
39c97ad1052c5893c82d1cfb3d6c16ed	1	76920	player	uade	Protracker compatible	0	24832	08111d05	d2093cf1	MUSIX/MODFILES/SHORTIES/LITTLECH.MOD
39e6a1b18b3ba50e5ae05ff48de088cc	1	163969	player	uade	Protracker compatible	0	146166	414f8dde	5ee00338	MUSIX/MODFILES/S_U/SLIDEL.MOD
3a324cbd5635a40724ccf679052e4225	1	99968	player	uade	Protracker compatible	0	70720	6e27d411	c9ee7369	MUSIX/MODFILES/A_C/BLASPHEM.MOD
3a5a8e541e3db0ce861b6c7af14589fb	1	25720	player	uade	Protracker	0	13374	654eb30d	59577aeb	MUSIX/MODFILES/SHORTIES/MUA_OHSE.MOD
3a5e845733918805ed4af297ba3df41a	1	61568	player	uade	Protracker	0	28956	abf5ba6c	47f14018	MUSIX/MODFILES/SHORTIES/SUKKA.MOD
3a690822118e9171d8396710195d02cf	1	142187	player	uade	Soundtracker II (31 instr.)	0	104258	6139fb72	f8703677	MUSIX/TRACKER/DIGIT030/HOTMOD.MOD
3abc19bb3287e63378fa6efee6d945b4	1	245544	player+silence	uade	Protracker	0	230716	20da7be6	27681a2c	MUSIX/MODFILES/D_F/FICKSONG.MOD
3b39f22caf2f1cc3ca57347da34ad1db	1	76920	player	uade	Protracker	0	42312	430dba9d	eed11f42	MUSIX/MODFILES/SHORTIES/DELTA.MOD
3b8b9e74a73aaa871ef4b63333276014	1	215149	player	uade	Soundtracker II (15 instr.)	0	56446	7ed5c6a1	d7ff533e	MUSIX/MODFILES/S_U/TCBSCOOP.MOD
3b9803f6de30b6fa3e3b130c052a14b8	1	313229	player	uade	Protracker	0	136322	f3913929	6352824c	MUSIX/MODFILES/M_O/MYSTICAL.MOD
3b9803f6de30b6fa3e3b130c052a14b8	2	264520	player
3b9803f6de30b6fa3e3b130c052a14b8	3	313108	player
3ba3fe04bfebf74542b1d839ff55ced1	1	30824	player	uade	Protracker	0	8862	e0772395	99009685	MUSIX/MODFILES/SHORTIES/TRAINERM.MOD
3c02024fe01613cac17ad1a3540318f4	1	143873	player+silence	uade	Protracker compatible	0	363830	1e035e97	332906b8	FR_BITS2/MUSIX/GOV/QUACK/CANDLE.MOD
3c0378cc26342b063a17aea6c38bf5dc	1	191982	player+silence	uade	Protracker	0	159038	da3c6820	69880508	MUSIX/MODFILES/A_C/BASIC.MOD
3c6cddf4b9b561bee50e0938c5dd1a50	1	15472	player	uade	Protracker	0	2906	bfddb507	bea8ce39	MUSIX/MODFILES/SHORTIES/THECURCH.MOD
3c856f4b695021e183aea4b36e3046f3	0	77724	player	uade	TCB Tracker	0	61114	3d9f0b51	f769e348	MUSIX/MODFILES/J_L/LOADER.MOD
3c887f69dce7f2d4b8f3f581b9ff296e	1	431825	player+silence	uade	Protracker	0	255412	5858af4e	b587ff8a	MUSIX/MODFILES/D_F/FLORENCE.MOD
3cc2d22ff95255b37e6817fad7f10ce8	1	133888	player	uade	Protracker	0	56338	d622b6ad	30011459	MUSIX/MODFILES/D_F/DREAMOFF.MOD
3ce09bafc9fd873d8e5e3086594f8746	1	134531	player	uade	Protracker	0	145652	5a27ecb2	5cbad68e	MUSIX/MODFILES/M_O/MECHINER.MOD
3d6050c35aae40e525084fed102cca3d	0	181623	player+silence	libopenmpt	Digital Tracker 2.3	8	223262	762689f2	131d4f0a	DISKMAGS/DBAMAG12/MODULES/SIMPLE.DTM
3d6050c35aae40e525084fed102cca3d	0	181623	player+silence	libopenmpt	Digital Tracker 2.3	8	223262	762689f2	131d4f0a	MUSIX/MODFILES/DIG_TRCK/SIMPLE.DTM
3d65ed07a0d1714b601c7173a00740ec	1	166521	player	uade	Protracker	0	475552	eaf7547b	69677a15	MUSIX/MODFILES/M_O/NEURO.MOD
3df24b71ddac552101710dd19e2f2d4e	1	57730	player	uade	Protracker	0	30392	662ed923	c9eecbde	MUSIX/MODFILES/SHORTIES/TEDDYBAR.MOD
3e5ca40e4cb724559d75e70638ac0a53	1	138485	player+silence	uade	Protracker compatible	0	228156	82e08de3	95649e1e	MUSIX/MODFILES/D_F/EUROVISI.MOD
3e9b9fe261358ebb376971db07bb4931	1	195316	player	uade	Protracker compatible	0	188456	0fe192c2	e5fcbddc	MUSIX/MODFILES/G_I/GIB_BB.MOD
3eee2c64a7b0a8e5532125db7f84df7f	1	315258	player	uade	Protracker compatible	0	128020	431f4d1b	c7a4ad63	MUSIX/MODFILES/G_I/HALLUCIN.MOD
3f2c0e107893087669b7f64e74fbb9ff	1	247095	player+volume	uade	Protracker compatible	0	163174	80856f2e	38245fa1	DISKMAGS/ONLINE_2/020.MOD
3f4bc174022018383345ad3233ff6367	1	153351	player	ft2play	Fasttracker (M.K.)	4	215835	7dae5754	86e48dcd	MUSIX/MODFILES/G_I/INSTNCT2.MOD
3fae30cb6fbcae582f754dea3ff10dad	1	80758	player	uade	Protracker compatible	0	42804	1ef09514	2de855ba	MUSIX/MODFILES/A_C/ACIDBAT2.MOD
4001f7a8655207c34e47db0b9e93ff0b	0	236606	player+silence	libopenmpt	Digital Tracker 2.3	8	225964	e30b66aa	62b36464	DISKMAGS/DBAMAG12/MODULES/MELTECH2.DTM
4052b3a0f831d26c05a8d9f4182b42c8	0	76860	player	uade	FutureComposer 1.3	0	35642	cf3513cf	57ae40e2	MUSIX/MODPLAYR/FUTURE/FC19.FUT
412cf4488bd401589829a6447644cc16	1	184686	player	uade	Soundtracker II (31 instr.)	0	248994	0af8f162	ece367cd	MUSIX/MODFILES/J_L/KIL_GAME.MOD
41341edb38a02735e5846d6424845594	1	138369	player	uade	Protracker compatible	0	84210	f38b72df	71d8c510	MUSIX/MODFILES/V_Z/ZER.MOD
414aeb9334366147a60f6cb404059b30	1	96693	player	uade	Protracker compatible	0	55586	cc531df1	7c637d45	MUSIX/MODFILES/G_I/HYPNAU.MOD
419e1232d3074736198d3b303571521a	1	246496	player	uade	Protracker compatible	0	310294	210f9a45	8a7ceb1e	MUSIX/MODFILES/A_C/BEAMYOU.MOD
41ffeee4644bbeb690f926600299e6a4	1	107645	player	uade	Protracker	0	7916	1bf2ddc1	dc46d3b3	MUSIX/MODFILES/SHORTIES/WATERFAL.MOD
421142af3bf52705cf367c43ca9da5e9	1	126835	player	uade	Protracker compatible	0	73990	35f9eb82	2a4cb906	DISKMAGS/IONSCENE/MODULES/STASIS.MOD
421142af3bf52705cf367c43ca9da5e9	1	126835	player	uade	Protracker compatible	0	73990	35f9eb82	2a4cb906	MUSIX/MODFILES/S_U/STASIS.MOD
423951c6677138f47bcfbebec1c1e926	1	275461	player+silence	uade	Protracker	0	163738	d2103f5e	4e631db3	MUSIX/MODFILES/S_U/SCRAMBLE.MOD
425eb9e7919eeab758f5e6612381d114	0	153680	player	uade	FutureComposer 1.3	0	8496	42b25fea	d08188ca	MUSIX/MODPLAYR/FUTURE/JESPER.FUT
42ae4519399114bebc97c2448227329b	1	303702	player+silence	uade	Protracker compatible	0	172398	c7a1e34b	61cd594d	MUSIX/MODFILES/A_C/CLOSETO.MOD
42e07e1ed8afff3bed59a7f1fa4cfd59	1	133245	player	uade	Protracker	0	26306	4059cee5	73c30a74	MUSIX/MODFILES/SHORTIES/8_0.MOD
43ba4c2afbd3644bc858870036ef408e	1	153741	player	uade	Protracker	0	197552	9ce38375	a480060d	MUSIX/MODFILES/S_U/TD5_2.MOD
440916b8b621618583a82ed0e35ade07	1	41072	player	uade	Protracker	0	5612	b4f9a4b6	c6c2bc15	MUSIX/MODFILES/SHORTIES/ME_TWO.MOD
4412cfd8648b83f706b43f55d8b1ba66	1	41072	player	uade	Protracker compatible	0	61912	88f9beff	f4248b85	MUSIX/MODFILES/J_L/LOADING.MOD
44243511e7f1a99124b281087c6fddf7	1	149702	player	uade	Protracker compatible	0	258216	1ac085a1	e5111929	FR_BITS2/MUSIX/SNC/CHAOS/PSYCHO4U.MOD
44243511e7f1a99124b281087c6fddf7	2	0	nosound
44658ffbc59eda6a28a55bb5599bee6b	1	46216	player	uade	Protracker	0	7768	83103627	ba29eed2	MUSIX/MODFILES/SHORTIES/SWAPPERS.MOD
44f64c3478c57bcce81431d2599d31b4	1	138369	player	uade	Protracker compatible	0	59062	c8d85883	0b1cc986	MUSIX/MODFILES/G_I/HITSQUAD.MOD
452b536822d8fcd965b7a9df8fee701e	1	29036	player	uade	Protracker compatible	0	62512	59252c51	fe3ef877	FR_BITS2/MUSIX/AVENA/FRIED/CEREBRAL.MOD
456014e632781cf4b5787a7bd2c4350f	1	314232	player+silence	uade	Protracker	0	228354	686f8a25	ec68e11a	MUSIX/MODFILES/V_Z/WIZARDRY.MOD
459f50df974dbb5ea5ff9687d86476bf	1	143653	player	uade	Protracker	0	100006	ec128409	81aa3419	MUSIX/MODFILES/D_F/FUCKOFF.MOD
45eeaf5d211aab5231fe0d02d086c2f1	1	943345	player	uade	Noisetracker 1.x	0	189684	b62a38cf	2b32efb4	MUSIX/MODFILES/A_C/COMA.MOD
45eeaf5d211aab5231fe0d02d086c2f1	2	146708	player
45eeaf5d211aab5231fe0d02d086c2f1	3	134531	player
45ff356c0fe2c9fd8a4f8907f27a8457	1	153721	player	uade	Noisetracker 1.x	0	123576	f44c6939	a62e3a09	MUSIX/MODFILES/G_I/HELMUT.MOD
4678f707a843921b4f679a067b9b8977	1	213320	player	uade	Protracker	0	211116	05f99262	1a16907d	MUSIX/MODFILES/D_F/FUMOONMA.MOD
4725ffe8c924782f167aabd24a162c85	1	327817	player	uade	Protracker	0	167628	116361c7	5c55125b	MUSIX/MODFILES/D_F/FUTURISM.MOD
4796ec7d3f1faf4af2a4bd34dedfd1f4	1	61568	player	uade	Protracker	0	6446	73680bab	e8baef90	MUSIX/MODFILES/SHORTIES/DRA_INTR.MOD
479f96816155c9ef625200daa0fa5bea	1	231370	player+silence	uade	Startrekker (4ch)	0	172364	985253da	ec372230	MUSIX/MODFILES/A_C/BLOODMON.MOD
48a280e5bdeaa01202b4ebc3ca318706	1	62834	player	uade	Protracker	0	9184	9c818c14	c0f80d99	MUSIX/MODFILES/SHORTIES/CRIME_T6.MOD
48be438d3ff67a4953e01976c777d82e	0	256101	player	uade	FutureComposer 1.3	0	8476	c58d616e	1da85f66	MUSIX/MODPLAYR/FUTURE/PARADOX.FUT
491c68f98397ec44b0e9279565e24fb3	1	357155	player	uade	Protracker	0	167758	6513eee4	ecf5e53d	MUSIX/MODFILES/P_R/PANDEMO1.MOD
498f5be25ab5bb31f5f8686cc1ea8014	1	343809	player+silence	uade	Noisetracker 1.x	0	214402	54b0619d	0ef1230c	MUSIX/MODFILES/S_U/TRON.MOD
49aa26bb48671e012ec311917da283ca	1	377310	player	uade	Protracker compatible	0	194244	dcc86a77	4ede5b40	MUSIX/MODFILES/D_F/DEEPLY.MOD
49bd4e92e3803991dc60a47b85a9b62b	1	161397	player	uade	Protracker compatible	0	162670	4d5aaced	a1791479	MUSIX/MODFILES/D_F/DEPECHE.MOD
49d3516a9132cc96391ff191a1369c15	1	172489	player	uade	Protracker	0	384014	85b4bd5e	7d63d09a	MUSIX/MODFILES/M_O/NICOLE.MOD
49e1296bc9f2cab1c1a97fedd1af546e	0	182435	player	uade	TCB Tracker	0	130000	a97883de	22dfcfd5	MUSIX/MODFILES/S_U/SCREEN2.MOD
4a23a7621e732580bc3bd6b7f287c93b	1	226603	player	uade	Protracker	0	181882	0ff949a9	f527608e	MUSIX/MODFILES/S_U/SADDNES.MOD
4a84e4050a65faceb963cb7b409f805d	1	30824	player	uade	Protracker	0	9246	b56a7655	355fcdca	MUSIX/MODFILES/SHORTIES/WOTW_INT.MOD
4a871f28e06e7c756adfad8235bf4452	1	176769	player	uade	Protracker compatible	0	58960	00109222	c39f1d88	MUSIX/MODFILES/P_R/ROCK_N_P.MOD
4a871f28e06e7c756adfad8235bf4452	1	176769	player	uade	Protracker compatible	0	58960	00109222	c39f1d88	MUSIX/MODFILES/P_R/ROCKNPEB.MOD
4a8e3265918a2d79b785d9d36ab9b362	0	146980	player	libopenmpt	Digital Tracker 2.3	16	1254931	d519d1b5	a75ea0ca	FR_BITS3/MUSIX/TNB_LOT/EISBLAU.DTM
4bc9ddaf74caa84c8b476f58ef635cc8	1	333072	player+silence	uade	Protracker compatible	0	87346	35dc56c2	83dd5c25	MUSIX/MODFILES/A_C/BEANSNRU.MOD
4bffa58961d6cf0191ac668eac01668b	1	123076	player+silence	uade	Protracker compatible	0	78136	85e355d0	7f78a14a	MUSIX/MODFILES/D_F/ENDTHEME.MOD
4c25cd8f1cf1ec60a3369360943c35e1	1	186876	player	uade	Protracker	0	141322	8d2d2fc3	d38deafa	MUSIX/MODFILES/J_L/LINSANI.MOD
4c5c83854d7ae548b5cd15163bf348c3	1	309210	player	uade	Soundtracker II (15 instr.)	0	235964	bc14a1bc	c0cf3e93	MUSIX/MODFILES/A_C/CRAKDOWN.MOD
4c82a61cfe8fcf770ffec2ed04ae96ea	1	72810	player+silence	uade	Protracker	0	22394	4a473786	00adf312	MUSIX/MODFILES/SHORTIES/THEFIGHT.MOD
4cc6985d93e4b1ef4cc832e1bd25346a	1	181853	player	uade	Soundtracker II (31 instr.)	0	39228	23e26cb7	aa883fcd	MUSIX/MODFILES/P_R/RENDVOUS.MOD
4cc9ac85b2b216c12c63546de4db7bf3	0	229355	player+silence	libopenmpt	Digital Tracker 2.3	4	199330	ba7b5aa3	0d93c90a	FR_BITS3/MUSIX/SOUNDCNX/Q_S_Z_B.DTM
4cc9ac85b2b216c12c63546de4db7bf3	0	229355	player+silence	libopenmpt	Digital Tracker 2.3	4	199330	ba7b5aa3	0d93c90a	MUSIX/MODFILES/DIG_TRCK/Q_S_Z_B.DTM
4cc9ac85b2b216c12c63546de4db7bf3	1	80300	player
4d59201ad1f2e36060fcdbf8daedee43	1	42358	player	uade	Protracker compatible	0	820506	540056ab	5d95c46e	GAMES/CROWN_OF/E.COS
4da3754390723840374f22bb6121c8cc	1	46216	player	uade	Protracker	0	7520	0ced9e05	23f8bbeb	MUSIX/MODFILES/SHORTIES/YEAH_M8.MOD
4de4b2b481c217cefc3f7a45c463eadc	1	61568	player	uade	Protracker	0	10872	f468f807	fc59e179	MUSIX/MODFILES/SHORTIES/NOXIOUS.MOD
4e4acf47c38d780bcd569ac739fb1a29	0	446008	player+silence	uade	FutureComposer 1.3	0	42196	9cd55486	894986cd	MUSIX/MODPLAYR/FUTURE/SHAOL2_4.FUT
4e76d9e6445782210e765bae02b49157	1	11654	player	uade	Protracker compatible	0	50348	4dbf8e4a	ae41ca7f	MUSIX/TRACKER/PROTRACK/MODULES/TESTSONG.MOD
4e84e4d7f571fb3c216738d75ef36acc	1	192141	player	uade	Protracker compatible	0	190698	5c9e2079	466142d3	MUSIX/MODFILES/G_I/GUIFREE.MOD
4ec37ed5ab43610c20f111a4138a30f9	1	250917	player	uade	Protracker compatible	0	219912	a4790023	618d2647	FR_BITS2/MUSIX/TNB/CONNOR/TIME.MOD
4f007eb4be04db4143a88a4f4a289830	1	220936	player	uade	Protracker	0	37488	68af6555	380ae1d3	MUSIX/MODFILES/SHORTIES/DYN_TITL.MOD
4f2d1dacfb3013d9e5077d4a9e550502	1	266831	player	uade	Protracker	0	134756	e52b7165	ddf00bd5	FR_BITS3/MUSIX/HYDROXID/SATURNE.MOD
4f4355eb66edac1cc48be513b793261e	1	192141	player	uade	Soundtracker II (15 instr.)	0	75860	24327966	3095bd90	MUSIX/MODFILES/M_O/MFC1.MOD
4f483294916afdc31edfdc8da5594450	1	41072	player	uade	Protracker	0	10336	4387b532	99af3485	MUSIX/MODFILES/SHORTIES/WOTA_I24.MOD
4f7276312518fcfabb17d4417c2697d8	1	192141	player	uade	Protracker compatible	0	108310	779a391a	6db23704	MUSIX/MODFILES/M_O/NIGHTLIG.MOD
5028d270ed876b13d9e19c80efe8e4aa	1	61568	player	uade	Protracker compatible	0	10578	c463b199	841df3de	MUSIX/MODFILES/SHORTIES/FIREWORK.MOD
502ff79326832f7c6cdae8f695e220a9	0	153371	player	libopenmpt	Octalyser (Atari)	8	161616	239155a1	62d36620	MUSIX/MODFILES/SCENEMOD/DEMOEND1.MOD
50323df48b7523aeebccfeea8bba563a	1	284293	player	uade	Soundtracker II (15 instr.)	0	99068	de17ca8b	4b632e98	MUSIX/MODFILES/S_U/SETDANCE.MOD
519fd640b5e76ac559359d6fcb0bcebf	1	201726	player	uade	Noisetracker 1.x	0	193408	7e6c4dab	90adb0fe	MUSIX/MODFILES/G_I/GOSTB_2.MOD
5271c49e607df2bf45ee35cf19e2d96d	1	122997	player	uade	Protracker	0	15814	689fdbe3	44596f54	MUSIX/MODFILES/SHORTIES/EXORCIST.MOD
52d5765a80f13452f838a43e8cce637d	1	182006	player+silence	uade	Noisetracker 1.x	0	91456	09fd611d	e03913ea	MUSIX/MODFILES/S_U/SAHARA.MOD
52d9662c183572b008fffb636a14f3cd	1	46216	player	uade	Protracker	0	9128	0516ea16	afd363f7	MUSIX/MODFILES/SHORTIES/WACKY5.MOD
535b797f6d444f61135c3621f01c507b	1	274748	player	uade	Protracker compatible	0	136186	d898a3bd	e3f27d5d	MUSIX/MODFILES/A_C/AIRBUS.MOD
535ebe155b378b395ade9cff308d48af	1	169093	player	uade	Protracker	0	18098	b532bc7c	9ea76e7c	MUSIX/MODFILES/SHORTIES/ZAPPED_O.MOD
53839bd382d0dc143d095bc3063c24df	1	188871	player+silence	uade	Protracker compatible	0	256276	3c2b65e1	f373c4fb	MUSIX/MODFILES/M_O/MOONGATE.MOD
546ebb2f313a27cbdfb452436c36b4d2	1	248479	player+silence	uade	Protracker	0	180002	6122d82a	ac5a40d6	FR_BITS2/MUSIX/NWL/FRONT_6/CLASSIC.MOD
546ebb2f313a27cbdfb452436c36b4d2	1	248479	player+silence	uade	Protracker	0	180002	6122d82a	ac5a40d6	PACKED/DISKMAGS/DBAMAG10.LZH/ARTICLES/MUSIC/CLASSIC.MOD
54ab3d6652fabe415d9cf51d68587770	1	7796	player	uade	Protracker compatible	0	76942	0a84b2ff	b46e4498	MUSIX/MODFILES/M_O/NEWCOKE.MOD
54c39e676ecbee652e4c432c29291fd8	1	525269	player+silence	uade	Protracker compatible	0	280492	c350f13a	32672cc9	DEMOS/J_R/LAZER/UNGTO/KNOB.MOD
54c39e676ecbee652e4c432c29291fd8	1	525269	player+silence	uade	Protracker compatible	0	280492	c350f13a	32672cc9	FR_BITS2/FULLDEMO/INDEPEND/AUTOWASH/UNGTO/KNOB.MOD
54c39e676ecbee652e4c432c29291fd8	1	525269	player+silence	uade	Protracker compatible	0	280492	c350f13a	32672cc9	MUSIX/MODFILES/SCENEMOD/KNOB.MOD
54f780eccfd549fea18c6a8ca9693a7b	1	99968	player	uade	Protracker compatible	0	116452	897c1f0d	4cf5ad43	MUSIX/MODFILES/S_U/SOULBEAT.MOD
55a947e20efc9004ae23934b1e720292	1	471787	player+volume	uade	Protracker	0	377354	ab2ab256	7b0abdef	MUSIX/MODFILES/S_U/TEQUIERR.MOD
55ec4d46c1828a5866a035baf72217ee	0	282746	player	uade	TCB Tracker	0	185307	37b67250	924ba1d4	MUSIX/MODFILES/S_U/SCREEN3.MOD
5622df4506a9853937f99bc5079536cd	1	61568	player	uade	Protracker	0	8992	a8762706	e2fcf1be	MUSIX/MODFILES/SHORTIES/ROCK_AND.MOD
564df408e86c6214ab07ee6ef36982b4	1	41072	player	uade	Protracker	0	10824	c7ac0e36	635b8e13	MUSIX/MODFILES/SHORTIES/MENU_06.MOD
56c9a09a23210416bf75ec3e1c402bb6	1	217502	player+silence	uade	Protracker	0	151060	24a81c22	f96b8a81	MUSIX/MODFILES/NUMBERS/1993_A.MOD
5777b6587c5e3c3bf00f02c20110073b	1	199797	player	uade	Soundtracker II (15 instr.)	0	90964	95827728	53c4dbf6	MUSIX/MODFILES/G_I/IMPACT.MOD
57c29ec0f48d2475106ca9930b660d94	1	288171	player	uade	Protracker compatible	0	109936	081b8302	9d1ef2e3	MUSIX/MODFILES/V_Z/VICTOR.MOD
57f18be2aac6a20de8593c647679f3ca	1	65406	player	uade	Protracker compatible	0	23742	c974f9e9	458fdbbd	MUSIX/MODFILES/D_F/DRUMS.MOD
5816cf3bf34910c03587fe7d1d29b338	1	62834	player	uade	Soundtracker II (15 instr.)	0	45544	4846af14	528097cc	MUSIX/MODFILES/P_R/RSI1.MOD
582eb9d048cb184744ff909c2b2f4cd2	1	146045	player	uade	Protracker	0	31084	79fe680b	9965411a	MUSIX/MODFILES/SHORTIES/TKG_CRED.MOD
5883e933c5922da4c0320b42650f0a5c	1	168128	player	uade	Noisetracker 1.x	0	179376	22cbd3c3	53b1064a	MUSIX/MODFILES/V_Z/VIRUSMOD.MOD
58a2cd2e5249eb7df73f7db2371e4983	1	36471	player	uade	Protracker compatible	0	105578	fb36017a	348dcfa9	MUSIX/MODFILES/G_I/HAMBURG.MOD
58db8b18471fe588b0109d7dc1001ef0	1	138199	player+silence	uade	Protracker	0	136774	49a9d5bf	2c231631	DEMOS/J_R/OBNOXIOU/_03.BIN
598a4a823c513bd74f825bd737b8b1d9	0	137536	player+silence	libopenmpt	Octalyser (Atari)	8	651808	176980ce	9b248b13	MUSIX/MODFILES/SCENEMOD/8_PHASE3.MOD
598a4a823c513bd74f825bd737b8b1d9	1	268399	player
59a4cbeb008cedf1ebd352e21ab92162	0	147380	player	libopenmpt	Digital Tracker 2.3	8	2147012	2fc74ca1	00175c1f	FR_BITS3/MUSIX/TNB_FXL/IMBACK.DTM
59a4cbeb008cedf1ebd352e21ab92162	0	147380	player	libopenmpt	Digital Tracker 2.3	8	2147012	2fc74ca1	00175c1f	MUSIX/MODFILES/DIG_TRCK/I_M_BACK.DTM
59a62db626c117ff4ba5c13ee70b6986	1	470254	player+silence	uade	Protracker compatible	0	100182	8c334760	bd975f73	MUSIX/MODFILES/G_I/INDUSTRI.MOD
5a4b24715d38dc28a74a27c1fedc8fae	1	300455	player+silence	uade	Protracker	0	216622	60be82c3	ae28277c	MUSIX/MODFILES/A_C/ANNIHILA.MOD
5a9983ea53e5bd43d9e65bd0d255757b	1	99968	player	uade	Protracker	0	21284	7b48f08c	342f0cbe	MUSIX/MODFILES/SHORTIES/GITARYTU.MOD
5b14a2b98a2e52f90aba3a34c9361572	1	331917	player	uade	Protracker	0	282768	318436a6	6b204ea0	MUSIX/MODFILES/V_Z/VDLOVE1.MOD
5b14b03f3edceb4344d8595fe5580f4b	1	130693	player	uade	Noisetracker 1.x	0	72028	f08bb13c	e5fa7650	MUSIX/MODFILES/SHORTIES/DENSITY.MOD
5b533f3e5134f892c0bc76c291a5d038	1	188283	player	uade	Protracker	0	84750	91171f4e	5c5ed9eb	MUSIX/MODFILES/M_O/MAGGOOD.MOD
5b533f3e5134f892c0bc76c291a5d038	2	188283	player
5baf57bc66142bb5f21aeb544e8860df	1	153721	player	uade	Soundtracker II (31 instr.)	0	81846	462e1518	16b29f54	MUSIX/TRACKER/DIGIT030/TNS.MOD
5bdeba7c8649d524c6c4fa2362ecacc3	1	116586	player	uade	Protracker	0	23140	e3f0524d	efe7affd	MUSIX/MODFILES/SHORTIES/PL_SECTO.MOD
5c8ed9aad0a8320f3482310ee46551c1	1	172931	player	uade	Protracker compatible	0	133108	1cd14c94	e43fc4e0	MUSIX/MODFILES/D_F/FIELDGOA.MOD
5cbe73e1111a68880b93cdcc49c7d986	1	376466	player	uade	Noisetracker 1.x	0	95724	410c4b44	b1ada4cb	MUSIX/MODFILES/D_F/ERASURE.MOD
5cc617271dee2a1ef1da6dbe3e907c47	1	241906	silence	uade	Protracker compatible	0	88882	1d226260	04ff3409	MUSIX/MODFILES/S_U/SPEAKER.MOD
5cf20f63680c9fed7c8302f9932300d9	1	153721	player	uade	Protracker	0	199998	05c5c999	e1af670f	MUSIX/MODFILES/V_Z/WORMHOLE.MOD
5d509b25004d410abd4198a2630f81d7	1	61568	player	uade	Protracker	0	11846	f061e4ef	7e5885fc	MUSIX/MODFILES/SHORTIES/TIP.MOD
5d60663ed41007edc8e847c248dedd2b	1	169093	player	uade	Startrekker (4ch)	0	94540	fe85c435	057430e5	MUSIX/MODFILES/P_R/RAIN.MOD
5d6ace15631b3ee983d1f03db83f7940	1	181893	player	uade	Protracker compatible	0	253588	0a757fad	4f75fde4	MUSIX/MODFILES/S_U/THEPOWER.MOD
5dcc07677a3dfe7011b79873623e5423	1	322693	player	uade	Protracker	0	351546	8584b960	333d3dd0	MUSIX/MODFILES/A_C/BOOT_TEC.MOD
5e20117349d774faae487636e20589c7	1	238197	player	uade	Protracker compatible	0	56644	de33d357	92bb1e7b	MUSIX/MODFILES/A_C/BLUE_MON.MOD
5e31e6a5f451fa2b2356fae19ed6c54f	1	261245	player	uade	Protracker compatible	0	76314	51200ebb	35cb9cc8	MUSIX/MODFILES/S_U/THUMPIT.MOD
5e91f7909242fd976d9791a67bce2bd2	1	7796	player	uade	Protracker compatible	0	45674	15f99353	3bcb706d	MUSIX/MODFILES/G_I/IRGENDAW.MOD
5ec4dcb189f90fd2060a332ebafc0c00	1	478464	player	uade	Protracker compatible	0	160218	84086b2c	ee845faf	DISKMAGS/ONLINE_2/KNULLA.MOD
5ecbe6aa332e97662bc0d2f3c45982b3	1	276436	player+silence	uade	Protracker compatible	0	232298	3b522cff	7c24818d	MUSIX/MODFILES/M_O/OCC.MOD
5ecbe6aa332e97662bc0d2f3c45982b3	1	276436	player+silence	uade	Protracker compatible	0	232298	3b522cff	7c24818d	MUSIX/MODFILES/S_U/SCOOPEX3.MOD
5fae48e8b11549feff50dca7976da816	1	322693	player	uade	Protracker	0	204728	a7e8f064	9b4d88a8	MUSIX/MODFILES/G_I/GLOBAL.MOD
6010c0ca2a6cf90a8f89851450e6bb4a	1	100370	player	uade	Protracker	0	256190	19023c1c	2b0ef4b0	MUSIX/MODFILES/S_U/SPACE.MOD
601737e9613fe02f0c56129fcc09bfd6	1	38520	player	uade	Protracker	0	23246	7fee1114	33739e4d	MUSIX/MODFILES/SHORTIES/PERHAPS2.MOD
60551ddfd66a0cba5dfdb5955aebe2c6	1	296441	player+silence	uade	Protracker compatible	0	111426	f0abb725	47d0f63e	MUSIX/MODFILES/A_C/CRIES.MOD
6141fdfecc4479684fad9a4c10532896	1	280103	player+silence	uade	Protracker	0	199118	9aa6541e	b286c565	MUSIX/MODFILES/A_C/CYBERIDE.MOD
6178e42e33b0e68fcd99437a28183d84	1	215149	player	uade	Protracker compatible	0	123098	2de633c2	a9b5f565	MUSIX/MODFILES/A_C/AVATAR.MOD
61f1aba26902a2cb36153b424c8f4720	1	307502	player	uade	Protracker compatible	0	65916	17f3e324	6c64754f	MUSIX/MODFILES/M_O/MOTIV242.MOD
62138b78a58dca11ea08c397b7b09538	1	225397	player	uade	Protracker	0	1436156	9eb4c52e	8ec3766b	FR_BITS3/MUSIX/AVEN_TOM/TOMMMY.MOD
621bdba76d2bd23f6adedc3e3db3161f	1	306790	player+volume	uade	Protracker	0	124840	b42cecd7	a7ba6bd1	MUSIX/MODFILES/M_O/MIG_29.MOD
629cc23a3741907e479e9ec749327472	1	116868	player	uade	Protracker compatible	0	234234	6ebd094d	a3d827cb	FR_BITS3/MUSIX/AVEN_FRD/THE_AGE.MOD
62f60bba0742aaedc605d9fde7372543	1	141604	player	uade	Protracker compatible	0	19598	41c149a2	4ad67435	MUSIX/MODFILES/SHORTIES/C64.MOD
63175ab2316d6010507caad79bd95d12	1	216133	player	uade	Protracker compatible	0	189738	47f3fb63	7b6154ea	GAMES/PUSCH/SOUNDS/DYNAMIC2.DUO
63175ab2316d6010507caad79bd95d12	1	216133	player	uade	Protracker compatible	0	189738	47f3fb63	7b6154ea	PACKED/GAMES/PUSCH_IT.LZH/PUSCH/SOUNDS/DYNAMIC2.DUO
6357d203b8f8c2bf23282138f368613e	1	107645	player	uade	Protracker compatible	0	26992	adba7c93	8fd76c10	MUSIX/MODFILES/SHORTIES/REFLEX.MOD
63ecedb28a592c914589b0bca06678de	1	76920	player	uade	Noisetracker 1.x	0	51200	87d95232	d91dd35f	MUSIX/MODFILES/D_F/DELTA.MOD
65161a9076e03261a69224928e30561b	1	153721	player	uade	Soundtracker II (31 instr.)	0	64152	ed84cd1a	7a2728ef	MUSIX/MODFILES/G_I/ICE.MOD
658946282ff029b1f6005414342b342c	0	195919	player	uade	FutureComposer 1.3	0	28156	5307ddfd	9b4fef07	MUSIX/MODPLAYR/FUTURE/GALAXY.FUT
660c9f60ffd43a5e814f5f439d4c8957	1	75875	player	uade	Protracker	0	18000	9f3383a2	a63ac4e0	MUSIX/MODFILES/SHORTIES/FEED_YOU.MOD
661bf5e1fb6a827d697b6e0c15b44287	1	127920	player	uade	Protracker	0	302974	2a02b3bc	6cab5846	MUSIX/MODFILES/D_F/EAT_HOUS.MOD
664353db98a8df4e69c6e8353dece978	1	115321	player	uade	Protracker	0	14262	9f477834	7827ab15	MUSIX/MODFILES/SHORTIES/THE_NEXT.MOD
6663245e72c0a5fa76497a845080155f	1	353418	player	uade	Soundtracker II (31 instr.)	0	211968	7eabbf78	b29f7188	MUSIX/MODFILES/A_C/CHILDREN.MOD
66a97522dc3963498d45812259c44535	1	161397	player	uade	Protracker compatible	0	56592	c0036d04	85f865b9	MUSIX/MODFILES/G_I/HEMIS.MOD
66cfb2c1908de45999cd0f7f4bafbd76	1	41072	player	uade	Protracker	0	10404	2d06188d	a90ef5f1	MUSIX/MODFILES/SHORTIES/BONBONII.MOD
67166d40e8a263ef7eec58e618521771	1	198439	player+silence	uade	Protracker	0	224342	03a15e4e	2a89d262	MUSIX/MODFILES/D_F/ELEKFUNK.MOD
672378a26d45a63d33875aab4b28f8d3	1	243964	player	uade	Protracker compatible	0	234408	fc0b0c2e	b20af80e	DEMOS/E_I/ILLUSION/MUSIC/MARYJANE.MOD
68381d0c8fd283f0b75840e13eaa7a8d	1	216294	player	uade	Protracker	0	20260	22264ed9	12a752ad	MUSIX/MODFILES/SHORTIES/MAGNETIC.MOD
68cdd504f50a3b2ce408cbc85ad0cbd8	1	309701	player+volume	uade	Protracker compatible	0	252004	93092abe	8e0d98e0	MUSIX/MODFILES/D_F/FLIP_HOU.MOD
69603931f1a2036eece8a166ece087a1	1	146045	player	uade	Noisetracker 1.x	0	48856	6be40094	399232ee	MUSIX/MODFILES/D_F/DFORCE06.MOD
6975e626c1bad5147f345dc1974aa299	1	321407	player	uade	Protracker	0	278166	b60f9408	2296588a	MUSIX/MODFILES/G_I/HARDCORE.MOD
69a25edfd0f34742119ddd05d42f855f	1	159204	player+silence	uade	Noisetracker 1.x	0	146880	ab2f544c	7d587ea5	MUSIX/MODFILES/D_F/ECSTACY.MOD
6a02cfb2cd1e4e0fab77d0c71074ff7d	1	76920	player	uade	Protracker	0	8626	f4d383c5	ae6cf450	MUSIX/MODFILES/SHORTIES/GUM.MOD
6a5ee92ca81e8a9f7ce0e1aa9709816c	1	368940	player+silence	st3play	Scream Tracker 3.00 (GUS)	8	600860	8cf18374	c6c43b15	MUSIX/S3M/2ND_PM.S3M
6a846bacae9ef5b37c4852d57564aeed	1	164326	player+volume	uade	Protracker compatible	0	127510	274ceefb	b87e659b	DEMOS/J_R/OBNOXIOU/_06.BIN
6a93ed8b57eb79705f7ac926eab420b8	1	84616	player	uade	Protracker compatible	0	181498	1ebd527b	b9fc7ff3	MUSIX/MODFILES/S_U/TECHNO1.MOD
6aab5cada928ff5ee4b59839879ace95	1	261485	player+silence	uade	Protracker	0	179790	f605bd92	3a4fb506	MUSIX/MODFILES/D_F/DRAGON3.MOD
6be77a3b7ea40d917d6af57d79a2c39d	1	344134	player	uade	Protracker compatible	0	127648	fa1f5993	6a2a99c2	MUSIX/MODFILES/P_R/PLANETS.MOD
6c510b081d56a76cf7cfffc7bfa56cfb	1	61568	player	uade	Protracker compatible	0	17996	7f46ff9a	0b8b822e	MUSIX/MODFILES/M_O/MAD_DONK.MOD
6d0b811452f87c5fffd180b3697a3d7b	1	143963	player+silence	uade	Protracker	0	20590	7c9e1b8d	cc69618f	MUSIX/MODFILES/M_O/OASIS.MOD
6d731791e1ef2f0977fbf35b4fc77997	1	30824	player	uade	Protracker	0	9014	c1153fcf	bba48ec8	MUSIX/MODFILES/SHORTIES/SHORTIE3.MOD
6d7637323a78376e132ffe6d55ace60a	1	197849	player+silence	uade	Protracker compatible	0	92278	ca5ddfeb	709b2ead	MUSIX/MODFILES/M_O/MEANING.MOD
6e25085a05cebfc27f10cd6a0d9d03c3	1	372617	player+volume	uade	Protracker compatible	0	172435	032d8316	26af5cb7	MUSIX/MODFILES/S_U/SPACEDEL.MOD
6f32f1c71045f6cb72138aafadbb06ea	1	414807	player+silence	uade	Protracker compatible	0	165182	39b17d5d	2f77a5cf	MUSIX/MODFILES/NUMBERS/1989.MOD
6f91c05b8c58937dc84810a78086e4fa	1	200400	player	uade	Protracker	0	180188	8b813933	0532ab1a	MUSIX/MODFILES/V_Z/WORLDS.MOD
6f9bd6855bae1ea63e671ef95bb48968	1	46216	player	uade	Protracker	0	6840	d993cc29	fa046ffb	MUSIX/MODFILES/SHORTIES/ANALYZER.MOD
702cec05c4471ae5e1b1229543b987e9	1	478464	player	uade	Protracker	0	160218	66a02d1e	116f1666	MUSIX/MODFILES/M_O/MOBYI.MOD
7060e49848f40a4445b51cb77b910ee9	0	122697	player	libopenmpt	Digital Tracker 2.3	8	1215016	be47bc15	c76c8dd7	FR_BITS3/MUSIX/TNB_CAR/KINGS.DTM
7060e49848f40a4445b51cb77b910ee9	0	122697	player	libopenmpt	Digital Tracker 2.3	8	1215016	be47bc15	c76c8dd7	MUSIX/MODFILES/DIG_TRCK/KINGS.DTM
70669129eb015449a547ad5525e8d22a	1	199797	player	uade	Noisetracker 1.x	0	59680	9b99c4a1	d930ccc9	MUSIX/MODFILES/P_R/ROUND.MOD
709616c318935e3c111248d2b110c6f2	1	404919	player	uade	Protracker compatible	0	179008	93594d61	655da9d3	MUSIX/MODFILES/S_U/TRASH.MOD
70998caad558b62f3afc8cbc0d7699e9	1	99325	player	uade	Protracker compatible	0	131368	ee6787d9	916e3259	MUSIX/MODFILES/A_C/BREEZE.MOD
70aa91b9fc44a1b74075609d7cef696e	1	634389	player+silence	uade	Protracker compatible	0	191930	5bfb7d42	1107efd5	MUSIX/MODFILES/A_C/BACKUP.MOD
7168aa66e44c17e07f2975bf8b0acee9	1	169012	player	uade	Noisetracker 1.x	0	96396	d33b4c31	d547aa5c	MUSIX/MODFILES/A_C/COLLUSIO.MOD
716f3f06cbe0b10a39b9f65e10433fe7	0	188223	player	uade	FutureComposer 1.3	0	26194	8df0231a	3b3db7ea	MUSIX/MODPLAYR/FUTURE/FC3.FUT
71ca00c067ba71ac34e43e490296e96a	1	171886	player	uade	Protracker compatible	0	289141	ae277717	29150707	MUSIX/MODFILES/P_R/PARADOX.MOD
71d7d75383d5c29647f61a9316061dc0	1	76920	player	uade	Protracker compatible	0	37698	595f1be1	be8e418f	MUSIX/MODFILES/J_L/LOGO_2.MOD
71da5e5a037d647414f267f600c6d1a3	1	73082	player	uade	Protracker	0	30808	7889cee1	7e026d24	MUSIX/MODFILES/SHORTIES/ANOTHER.MOD
7231cd0427326eee8ce2b31e2094a56a	1	161397	player	uade	Noisetracker 1.x	0	127402	c589fe9c	78fc714d	MUSIX/MODFILES/A_C/BAN.MOD
72cea71bdf24e825bfed59792f8babf1	1	81556	player+silence	uade	Protracker compatible	0	86356	c189d999	2e48df03	MUSIX/MODFILES/S_U/SPCJNK_1.MOD
72ee83d179bc83fc1f619952777eb7e2	1	228893	player	uade	Protracker compatible	0	240208	d3441421	f3120af3	MUSIX/MODFILES/P_R/PHANTOMS.MOD
7300fd41037665d77501a77ccefdc3fd	1	439361	player	uade	Protracker compatible	0	199870	6df47b5d	352864c3	MUSIX/MODFILES/M_O/OVERLOAD.MOD
734e14ed83ff8b2190b1d1d41b039b68	1	222845	player	uade	Protracker	0	130006	47597cd8	b8525a47	MUSIX/MODFILES/D_F/ELYSIUM.MOD
736082a83a9ff7de6279b253f563b2a2	1	214345	player	uade	Protracker	0	137906	f445e766	a58e6eab	MUSIX/MODFILES/D_F/FLASHDAN.MOD
73d2342dcdd00933bff3507e5182fdce	1	143493	player	uade	Noisetracker 1.x	0	74496	8a20cf13	90e58e14	MUSIX/MODFILES/NUMBERS/3D_DANCE.MOD
73f2b7382199c36c590f2b4fe532c472	1	563288	player+silence	uade	Noisetracker 1.x	0	87998	d2087e5e	66f2e2ea	MUSIX/MODFILES/G_I/GAME.MOD
741cfa2bf3c79793c6ed1d04a3854a22	0	103003	player	uade	Ultimate-Soundtracker or compatible	0	41856	bc986a16	30543bc5	MUSIX/MODFILES/S_U/UNIT5.MOD
742afc81578ddb1fc3ec5f8eb9f11d52	1	170057	player	uade	Protracker compatible	0	260064	4a3a5dd8	f3f3761c	MUSIX/MODFILES/A_C/CD2PART3.MOD
745096c76c06628257be18482f15989f	1	212874	player+silence	uade	Noisetracker 1.x	0	52096	17ec16f9	a16d9459	MUSIX/MODFILES/M_O/MUZAK.MOD
74ae1464ec8c24455f2057f5bc8a5c95	1	92272	player	uade	Protracker	0	18302	e3c1afd7	6ab56faa	MUSIX/MODFILES/SHORTIES/SECRET_G.MOD
752af1d32c66f4d0a9f8e42818ccdbba	1	158211	player+volume	uade	Soundtracker II (15 instr.)	0	121904	847606e3	c9867e26	MUSIX/MODFILES/A_C/CHOPPER.MOD
752af1d32c66f4d0a9f8e42818ccdbba	1	158211	player+volume	uade	Soundtracker II (15 instr.)	0	121904	847606e3	c9867e26	MUSIX/MODFILES/A_C/CHOPPER1.MOD
758719a7a7a9c22b7cebb1b36a457d24	1	96130	player	uade	Soundtracker II (15 instr.)	0	56592	4640acc6	9976d567	MUSIX/MODFILES/A_C/ALIVE.MOD
75996d71ba0acadf669e5df2513dc40b	1	282489	player+silence	uade	Protracker compatible	0	168218	c8151fef	08448d1f	DEMOS/A_D/BIO/DBSOPTI.MOD
75996d71ba0acadf669e5df2513dc40b	1	282489	player+silence	uade	Protracker compatible	0	168218	c8151fef	08448d1f	MUSIX/MODFILES/SCENEMOD/DBSOPTI.MOD
75996d71ba0acadf669e5df2513dc40b	1	282489	player+silence	uade	Protracker compatible	0	168218	c8151fef	08448d1f	PACKED/DEMOS/DC_BIO10.ZIP/BIO/DBSOPTI.MOD
75a4f9ac6f79bb027ce3316ee5b8b795	1	170057	player	uade	Protracker compatible	0	68404	92c95834	c1eeafe6	MUSIX/MODFILES/A_C/CIRCLE.MOD
75aa3d66130e20df7993d072fb9a8942	1	84616	player	uade	Noisetracker 1.x	0	53576	da24dd70	492ea90f	MUSIX/MODFILES/D_F/EAGLES.MOD
7607ae8acdc32d76d3d521e5c9bb9ec0	1	116747	player	uade	Protracker compatible	0	106510	819f4afb	1fb6e5c2	MUSIX/MODFILES/G_I/HISTORY.MOD
769211422fa798f706770d32437b9608	1	414866	player	uade	Noisetracker 1.x	0	214704	9a468fed	ffca1006	MUSIX/MODFILES/P_R/RAINYNIT.MOD
76bfea0b15aa0a32b385a021a3b49166	1	173200	player+silence	uade	Protracker compatible	0	159072	c4dfbb90	3174e431	MUSIX/MODFILES/A_C/ACOUSTIC.MOD
76eb325597793b651affaaba776ae144	1	262612	player	uade	Noisetracker 1.x	0	206118	1a3f6475	1aa56437	MUSIX/MODFILES/D_F/DUNGEON.MOD
76eb325597793b651affaaba776ae144	2	262531	player
76fd34c427324f48cbd259557619cf84	1	61568	player	uade	Protracker	0	25008	1078fe09	fdc26168	MUSIX/MODFILES/SHORTIES/BIRTHDAY.MOD
7703bca5564960cb75f8000c8c42f4b9	1	96130	player	uade	Protracker compatible	0	166208	5bf170b3	9b7f063e	FR_BITS2/MUSIX/DBA/SONIC/JAMJAM.MOD
770e6ef29a1409914abfd58600aa15a4	1	169093	player	uade	Noisetracker 1.x	0	52448	d1ad3d46	9ed4323c	MUSIX/MODFILES/P_R/POPMASTE.MOD
771bd81543baf50aec48094f8b7be5f2	1	124897	player+silence	uade	Protracker	0	164936	590b7593	f2a4b507	DEMOS/J_R/OBNOXIOU/_05.BIN
7784214510f91d0fa009716af8e4c012	1	28433	player	uade	Protracker	0	17908	efc3c94d	a8ea1d45	MUSIX/MODFILES/SHORTIES/WHATS_ON.MOD
78937e2928a17b5b527902396c4cd5c6	1	94222	player	uade	Protracker	0	16294	da254981	480eaa58	MUSIX/MODFILES/SHORTIES/TURAS.MOD
7893b12eced051f0fb353cf176f98fad	1	132417	player+silence	uade	Protracker	0	213378	0d4ad478	1316b872	MUSIX/MODFILES/J_L/LIVE_POW.MOD
78d4f55b2723d7ea85f64ffb168a7b5c	1	46216	player	uade	Protracker	0	17540	61464c15	27bb27ca	MUSIX/MODFILES/SHORTIES/EASYTOON.MOD
78d6998419dc081b965800c2e024a4b0	1	17080	player	uade	Protracker	0	3328	bcbf6aac	bbd592ff	MUSIX/MODFILES/SHORTIES/VIOLIN.MOD
7966e988b4d6f1f3a51fdf1ee05efee3	1	200225	player+silence	uade	Protracker	0	216890	7e03fec8	f54b7580	MUSIX/MODFILES/A_C/BOESEND.MOD
7979bc7b5a11da9e9821d8ec9e12824a	0	409038	player	uade	FutureComposer 1.3	0	44868	23cbc5c0	edad8d9d	MUSIX/MODPLAYR/FUTURE/FC8.FUT
7998dc9a75dbf56b78e5b17c19d3685f	1	46216	player	uade	Protracker	0	75950	1f77a7b4	794a2f88	MUSIX/MODFILES/SHORTIES/POPMAIN.MOD
79d9c6feed7b14fb702bae6ca2e95b92	0	107359	player	libopenmpt	Digital Tracker 2.3	8	358468	f5d0260f	f2fdff78	MUSIX/MODFILES/DIG_TRCK/NEW_POP2.DTM
79f1145662115854ca568c247cab9b13	1	46216	player	uade	Protracker	0	10254	29080051	98b8cdf6	MUSIX/MODFILES/SHORTIES/JAVELJA.MOD
79fd9e234ff41cef7183f5c7936c9825	1	286845	player	uade	Protracker	0	145320	2affca27	fc5724dd	MUSIX/MODFILES/M_O/ODYSSEY4.MOD
7a2e12095df49904e6b811042ac5d782	1	141423	player	uade	Protracker compatible	0	244580	1c5e066f	42e4c8ce	MUSIX/MODFILES/S_U/THUNDERS.MOD
7a699080f9d56f2e22f4a4e856674086	1	153721	player	uade	Soundtracker II (31 instr.)	0	97552	59c848f3	9a28b669	MUSIX/MODFILES/J_L/KAWAI_K1.MOD
7a71e5ca51d81a61d87b2fb9f70b3d51	1	170057	player	uade	Protracker	0	13840	46d15b01	e4ed59b7	MUSIX/MODFILES/SHORTIES/WALTHET.MOD
7b74ef12a62b8a3b7a708ea3446b62f9	1	163969	player	uade	Protracker	0	119164	a613263b	c23378c8	MUSIX/MODFILES/P_R/POLYPHER.MOD
7b76e1137d83a73488c9c2fd89b260f4	1	245893	player	uade	Noisetracker 1.x	0	46800	4f4097f5	39cf258b	MUSIX/MODFILES/P_R/PHOTOGRA.MOD
7b76e1137d83a73488c9c2fd89b260f4	1	245893	player	uade	Noisetracker 1.x	0	46800	4f4097f5	39cf258b	MUSIX/MODFILES/P_R/PT.MOD
7b907deba2c38ccd78a5f28aad83e8ae	1	247095	player+volume	uade	Protracker compatible	0	163174	63c65425	782d1485	MUSIX/MODFILES/V_Z/ZYLON.MOD
7ccbc1a623e1abd0534dc5590f36f27f	0	61564	player+silence	uade	FutureComposer 1.3	0	21874	54c3ad40	e03530ff	MUSIX/MODPLAYR/FUTURE/KEOSID.FUT
7dd73adf393e7edc9e8a0443789f586c	1	229992	player+silence	uade	Noisetracker 1.x	0	312214	93cfde9c	18e01f52	GAMES/MOUSETRP/HOUSE.MOD
7df824a5a333b235b670998e0fdc2bdc	1	64522	player	uade	Protracker	0	13964	60f4a2b1	c5c4ab05	MUSIX/MODFILES/SHORTIES/HYPER_P.MOD
7e0582cdfce68893aea78cbef886e8ef	1	161397	player	uade	Protracker compatible	0	137888	d2c279f5	a3e6a767	PACKED/DEMOS/GI_DEMO.ZIP/GI_DEMO/GAME1.MOD
7e0582cdfce68893aea78cbef886e8ef	1	161397	player	uade	Protracker compatible	0	137888	d2c279f5	a3e6a767	VOLLVERS/ISLAND/DATEN/GAME1.MOD
7e1615bb17b463b18cd6dfa162ae2906	1	161397	player	uade	Protracker compatible	0	204488	55dd8772	a95ba014	MUSIX/MODFILES/D_F/DEFEAT.MOD
7e20e54aca01dfecaafcab6fefb4cf65	1	412454	player	uade	Protracker	0	415346	7ce7781f	ac8d8e25	FR_BITS3/FULLDEMO/FMAIN/THOUGHT.MOD
7e6b9b95d295d4d9806ea724effd3467	1	297817	player	uade	Protracker compatible	0	344510	fe640511	e5367a0f	GAMES/BREAKOUT/PLASTIKK.MOD
7e6f6e4fc3b86026048e425912595f09	1	111483	player	uade	Protracker compatible	0	72098	4057fb5a	f013135e	FR_BITS3/MUSIX/DBA_SON/JIVE.MOD
7ec496e39d548f0fb167091bac38b311	0	153727	player+silence	uade	FutureComposer 1.3	0	22498	ddb40ced	a9c1049f	MUSIX/MODPLAYR/FUTURE/FC2.FUT
7eebbe0444ca2422833e58bbc68444b6	1	295566	player	uade	Protracker	0	179406	2c36f68b	f54af844	MUSIX/MODFILES/P_R/PANDEMON.MOD
7eed19820d106815332f03037387423b	1	245893	player	uade	Protracker	0	150310	80faaa98	80a6371d	MUSIX/MODFILES/A_C/BLUEBOXI.MOD
7f450d1086557292e80b9db4cdc0e4b7	1	90404	player	uade	Protracker	0	17042	677861d1	7ef55c84	MUSIX/MODFILES/SHORTIES/OFFENCYT.MOD
7fe69ea4e33493796b2267bb005fce26	1	265968	player+silence	uade	Protracker compatible	0	98750	070e7f78	9573f86d	MUSIX/MODFILES/P_R/POORMOUT.MOD
7ffe650661cbdaf3432ed3647aba091c	1	166521	player	uade	Startrekker (4ch)	0	173404	0befdcc3	ca94c3b9	MUSIX/MODFILES/S_U/SONOROUS.MOD
8008bd5f2382a2a78a9fb1542ac39fc5	1	10368	player	uade	Noisetracker 1.x	0	190606	2fb0dc0b	7e13ef27	MUSIX/MODFILES/D_F/FUTURE.MOD
80205afe5dcedaf7dea990b369cc762b	1	343230	player	uade	Protracker	0	226458	76ffaf81	de8de666	MUSIX/MODFILES/M_O/MAYDAY.MOD
803ff27007a694ae824b55e4d86ba53c	1	199797	player	uade	Protracker compatible	0	94460	d6f57689	f6830169	GAMES/QUENCHER/DIAMOND.MOD
8061be46014d95f45742099ae87ac6bd	1	138369	player	uade	Noisetracker 1.x	0	28314	f2d479d7	03d06007	MUSIX/MODFILES/SHORTIES/SMWHERE.MOD
807e8570316ccf2ec2d6fd043d571ea0	1	169093	player	uade	Protracker compatible	0	52331	aceb3d36	37c70cef	DISKMAGS/UNDER_C3/DATA/MODULES/BUTTOCKS
80a92c78ed03a696e18c2812a2961466	1	270308	player	uade	Protracker	0	130150	1d038088	edd203f0	MUSIX/MODFILES/A_C/APOCALY.MOD
80c07eae6d33ed5eb661a0d9031e5c8f	1	373492	player	uade	Protracker	0	207478	67ebccd3	1bad9790	MUSIX/MODFILES/A_C/CORT.MOD
80c07eae6d33ed5eb661a0d9031e5c8f	1	373492	player	uade	Protracker	0	207478	67ebccd3	1bad9790	MUSIX/MODFILES/M_O/MOBYII.MOD
8133fa2eac937cd6eee1659de5e3f7e2	1	198350	player	uade	Protracker	0	229342	1eb23467	5600a6b7	MUSIX/MODFILES/G_I/INSURECT.MOD
8170768d6c8c0013b9a32f052eda806c	1	130693	player	uade	Protracker compatible	0	75560	86294d81	efe7422f	MUSIX/MODFILES/V_Z/ZINEII.MOD
819ae93c3a8819fe2458a917ae87d42b	1	38520	player	uade	Protracker compatible	0	23246	87594f80	8a74d250	MUSIX/MODFILES/P_R/PERHAPS2.MOD
81c4fa72e4dce0940cb90774aa2b0a54	1	163969	player	uade	Protracker compatible	0	190362	1f8f0f0e	5f76d791	MUSIX/MODFILES/M_O/MOONDUSK.MOD
82699d6dbbbdc37c13a496a7e1011619	1	52626	player	uade	Protracker	0	26000	36383f45	9bab06b2	MUSIX/MODFILES/SHORTIES/PRIMARY.MOD
82964cf0228f57ca4a5c6ed1ac2eecfc	1	131798	player+silence	uade	Protracker compatible	0	725376	72b9d8df	fe031b0f	FR_BITS2/MUSIX/TFC/ZONK/EVSHORT2.MOD
82f1ff2faa2c464ad796e41f594982df	1	35727	player	uade	Protracker	0	16000	b5cfca9d	a6573d20	MUSIX/MODFILES/SHORTIES/TECHNOST.MOD
831ce1d2e7bc3fc2c12665075c3abba9	1	249490	player	uade	Noisetracker 1.x	0	96956	6e1d4c72	22e6e4c5	MUSIX/MODFILES/A_C/CODE.MOD
83211d5e11ebdd776bb9ca6027755fab	1	43323	player	uade	Protracker	0	8372	eebccd66	819803c2	MUSIX/MODFILES/SHORTIES/PROBLEMS.MOD
8334ad72f266f28e4f4a04c5c9abc739	0	178236	player	uade	TCB Tracker	0	134334	d1de7064	7f544376	MUSIX/MODFILES/S_U/SCREEN1.MOD
837a326e6f993954e89c30ef3964eeec	1	30824	player	uade	Protracker	0	12846	f6fc406e	466a8bf1	MUSIX/MODFILES/SHORTIES/MOIST.MOD
83aa3d46b2eafc626e584c676486ceec	0	56679	player+silence	libopenmpt	Octalyser (Atari)	8	146446	3fb12748	abf63918	DEMOS/J_R/OBNOXIOU/_00.BIN
83ba0c4919b0fd5ac5900144b0861246	1	115321	player	uade	Protracker	0	16782	d64a4984	64485909	MUSIX/MODFILES/SHORTIES/ITSRAMHO.MOD
84135b215983f2a5adba07ff9ca5e18c	1	138369	player	uade	Protracker	0	134622	866fc82a	941e31a7	MUSIX/MODFILES/J_L/LEMON.MOD
8468456fe9b451e826e12389d1d66c59	1	94322	player	uade	Protracker	0	19904	a7b56474	9afcb6db	MUSIX/MODFILES/SHORTIES/SWEETEST.MOD
849f7f627a4e50e1559591fde3b7d5dc	1	172931	player	uade	Protracker compatible	0	122838	621f329f	79dbdc5e	MUSIX/MODFILES/D_F/EXTRA_VI.MOD
863a5c4fc71a571736ea0fcbc99662fb	1	123921	player	uade	Noisetracker 1.x	0	64316	e4867e10	b04e6451	GAMES/S_BOMBER/6.MOD
864a5edde4536fb8b9de26f6c6168c71	1	213240	player	uade	Protracker	0	142242	ce8397e9	48ed4890	MUSIX/MODFILES/A_C/BRAIN_SP.MOD
869d1761e12fd995672445fda0f53028	1	124558	player+silence	uade	Protracker compatible	0	215768	fbc2a69e	dd6aa19e	MUSIX/MODFILES/G_I/HEAVEN.MOD
86eba4190c26331d8fbf837949056eea	1	355616	player+silence	uade	Protracker	0	84158	359d07fd	d1268fb9	MUSIX/MODFILES/G_I/HYSTERIA.MOD
877219abffb6ebfd6a9140278e465759	1	430278	player	uade	Protracker compatible	0	163570	44a29add	787d21e3	MUSIX/MODFILES/G_I/IMAGINAR.MOD
8863a4854fa944370036850fa9033a48	1	224131	player	uade	Protracker compatible	0	50400	9e326d3d	7a74f3ca	MUSIX/MODFILES/G_I/HERO.MOD
88f8aeaa334e34c5ae16cbce9551a425	1	326773	player	uade	Protracker	0	142752	6f37a75d	13792dd5	MUSIX/MODFILES/A_C/BLUE3.MOD
8a5a27c49eba9a4039c0e8927064eaae	1	143493	player	uade	Protracker compatible	0	92480	c3b70695	626f4fe1	MUSIX/MODFILES/S_U/SHADOWFI.MOD
8a72156238aca7e1009943bc3aecadb2	1	171966	player	uade	Protracker	0	229488	bf3450e1	54496b87	MUSIX/MODFILES/A_C/ACIDJAZ2.MOD
8b4464ef224afcea025e0fdc9d317f55	1	84616	player	uade	Protracker	0	19438	5741cafc	db22a9b8	MUSIX/MODFILES/SHORTIES/SHORTCUT.MOD
8b98aa2647383443fb92b7b396ae37da	1	297133	player	uade	Soundtracker II (31 instr.)	0	184086	3b279536	e889f8a9	MUSIX/MODFILES/A_C/CONCERT.MOD
8bd63d2b96cf4c2e8882ab6d8c9410d0	1	235411	player+volume	uade	Noisetracker 1.x	0	222058	916c5ebc	f61835b9	MUSIX/MODFILES/P_R/REVOLT.MOD
8bd78d13cd6abb51a26bc0016c5aab2a	1	135797	player	uade	Soundtracker II (15 instr.)	0	124592	ff453c61	bbe9a326	MUSIX/MODFILES/V_Z/ZOLTAN.MOD
8cb50f1ac19241fd2594e363314f5e3b	1	188562	player+silence	uade	Protracker compatible	0	115272	c8f95924	132517ed	MUSIX/MODFILES/P_R/RHTHYM2.MOD
8d0c89ad4140c1fd601f75ee4345b1ed	1	121088	player	uade	Protracker compatible	0	59804	b3f62263	26ef6ba1	MUSIX/MODFILES/D_F/DFORCE02.MOD
8d3858810d26507aaa729448fa0f11e0	1	201879	player+silence	uade	Protracker compatible	0	146830	a8ceea46	962c99f2	DISKMAGS/ONLINE_1/3DDEMO.MOD
8d3858810d26507aaa729448fa0f11e0	1	201879	player+silence	uade	Protracker compatible	0	146830	a8ceea46	962c99f2	DISKMAGS/ONLINE_2/3DDEMO.MOD
8d5430de0e4423dd748a581973985bc7	1	641730	player	uade	Protracker	0	137052	908ecc36	f06745ec	MUSIX/MODFILES/A_C/BDC.MOD
8da6bb1a8b1c9b0c781677b84032a926	1	38520	player	uade	Protracker	0	17634	5dbb82ca	b7e1c452	MUSIX/MODFILES/SHORTIES/LITTLE_P.MOD
8e3132a50194c6e64c63fa1f038f66fb	1	184445	player	uade	Noisetracker 1.x	0	122568	4ab34b8d	56b5b60f	MUSIX/MODFILES/P_R/PUGGS4.MOD
8e7a223cc88ddbcf8dc8b3a5d988d8b7	1	19310	player	uade	Protracker	0	2120	6f7e9a46	a03ac972	MUSIX/MODFILES/SHORTIES/XTREME01.MOD
8efdd2dd934849b775ea792ca8fb04d7	1	172931	player	uade	Protracker compatible	0	83684	63480d7f	041f980b	DISKMAGS/IONSCENE/MODULES/SWEET.MOD
8efdd2dd934849b775ea792ca8fb04d7	1	172931	player	uade	Protracker compatible	0	83684	63480d7f	041f980b	MUSIX/MODFILES/S_U/SWEET.MOD
8f290c7dd399c3fff3c8050e4d37319f	1	122615	player	uade	Protracker	0	263418	daddc964	0b5d4a4b	FR_BITS3/MUSIX/RISK/RIPGUY.MOD
8fab9b1b261983fc898c3434c4f286bc	1	134531	player	uade	Protracker	0	169738	be4949f6	e570fd35	MUSIX/MODFILES/V_Z/VDRGRO.MOD
8fcf8ebf5881a53de187dd9946c5d2c2	1	248515	player+silence	uade	Noisetracker 1.x	0	141952	112b98d1	4ffaa8ae	MUSIX/MODFILES/P_R/ROCKIT.MOD
90b09c0e1299c6882066b682e1139dbf	1	220293	player	uade	Protracker compatible	0	125604	639a7811	489d82a6	MUSIX/MODFILES/S_U/SPCJNK_2.MOD
90b8da3bc843a1286dad66b4dc6fe1c3	1	340973	player+silence	uade	Protracker compatible	0	135852	386d90d7	f3baa000	MUSIX/MODFILES/G_I/HELOWEEN.MOD
9185d6c9c884c95367f307bf6ea6c8a1	1	153721	player	uade	Protracker	0	7176	7556dfe3	7144cb27	MUSIX/MODFILES/SHORTIES/CRY_OF_D.MOD
9208a5f0566265c93ec1e680ec497f40	1	33416	player	uade	Protracker	0	11200	aef35bcc	14667982	MUSIX/MODFILES/SHORTIES/BERGAKUN.MOD
920e965ebad890a2e21e2a7f35c9c2ff	1	274969	player	uade	Protracker compatible	0	321452	7600b6f9	8ef98346	MUSIX/MODFILES/SCENEMOD/DAWN.MOD
927858a8f4df56359570cdce0215c613	1	182370	player+silence	uade	Protracker	0	399712	90a5bdc2	ae6db5ab	MUSIX/MODFILES/M_O/METALTEK.MOD
9288bbf1babd6d3c44c5d693aba8a45b	0	172911	player	uade	FutureComposer 1.3	0	16522	95050373	3c04d7b8	MUSIX/MODPLAYR/FUTURE/FC4.FUT
928b3ed913d978c43042f808d19765bd	1	7796	player	uade	Protracker compatible	0	45204	f0b2f69c	9a15ca92	MUSIX/MODFILES/S_U/TETRIS.MOD
931570539b9a4e6ac964fb0bb0bbb0ef	1	115321	player	uade	Protracker compatible	0	20580	9ac12712	b66b78a2	MUSIX/MODFILES/SHORTIES/REBELS.MOD
9332c6d9846aad0a9abb84d9b03e2daa	1	163547	player	uade	Protracker	0	240242	798695a1	c05b7b0a	MUSIX/MODFILES/S_U/TESTLAST.MOD
93b79ad4104b80b39673fd86950e52b6	0	153660	player	uade	FutureComposer 1.3	0	29626	84a5876b	dca11fa5	MUSIX/MODPLAYR/FUTURE/FC18.FUT
93cb5877d3e324b609636d67ccedbf76	1	329103	player	uade	Protracker compatible	0	125272	fedceda3	cabc92ab	MUSIX/MODFILES/A_C/BTR.MOD
93d97416fe906117e7d1aa13d9cbbfe9	1	107645	player	uade	Protracker	0	9650	b048746b	36b14716	MUSIX/MODFILES/SHORTIES/HEAVEN.MOD
93fa962df43c1829791f2ab5be77064c	1	216133	player	uade	Protracker compatible	0	95054	14fad2b6	189ebdf1	MUSIX/MODFILES/A_C/COMP_CHP.MOD
94040280ed530dd54cb4233ffbb27af6	1	631993	player+silence	uade	Noisetracker 1.x	0	116076	3c9c3703	f81f3456	MUSIX/MODFILES/A_C/AXEL_F.MOD
9408fe5b426a7a326c1cf98513751a4d	1	289847	player+silence	uade	Protracker (vblank)	0	407682	42f491f3	d9992d1f	MUSIX/MODFILES/M_O/MIKYMAUS.MOD
940ef6f255e5fcf3dc8322b16901f80c	1	386370	player+silence	uade	Protracker	0	279952	2f3dcc22	5661d637	MUSIX/MODFILES/P_R/RETRACE.MOD
941ccccba8bf567b3b0353d9ec1666cd	1	61568	player	uade	Protracker	0	15960	25c5ecfd	4c048a72	MUSIX/MODFILES/SHORTIES/MON_XCES.MOD
9420a3c4b116f3627ded85f6d3fabfa9	1	140643	player+volume	uade	Soundtracker II (15 instr.)	0	64618	43ba7c16	c69aa43a	MUSIX/MODFILES/D_F/DEMONS_R.MOD
943c5db4d161e2adc27a2ba81e8d75e2	1	130693	player	uade	Protracker	0	14664	4dd4a435	a8951188	MUSIX/MODFILES/SHORTIES/MAGIC_78.MOD
945a55ee5ef214a01d0e473ddfe8682c	1	101516	player	uade	Protracker	0	16652	7fb1ed88	129879c8	MUSIX/MODFILES/SHORTIES/TP3_POPL.MOD
945c8fd821066915910a249e4a15f7dd	1	38520	player	uade	Protracker	0	6610	cd891e60	74362529	MUSIX/MODFILES/SHORTIES/SELECTA.MOD
9569c58d32a9db8bdc65c614095dcf81	1	225077	player+silence	uade	Protracker compatible	0	131636	5b6ea44d	449238ad	MUSIX/MODFILES/S_U/SWINGOUT.MOD
956d9e07ef243e5408eba024c13659b8	1	30824	player	uade	Protracker	0	5328	7deb23f8	5a4a7d6f	MUSIX/MODFILES/SHORTIES/CRY_O_DO.MOD
957e90001aceeab36092ad6a76a31451	1	242477	player	uade	Protracker compatible	0	79650	12cffeff	8eaef3c0	MUSIX/MODFILES/S_U/THEBEAST.MOD
96145a2e74a3925583175b5d481455f7	1	151908	player+silence	uade	Soundtracker II (31 instr.)	0	44410	ab5f6459	a19d52f9	MUSIX/MODFILES/J_L/LONEMAN.MOD
970d2f56dbc93e99808c941f445449f6	1	502666	player+silence	uade	Protracker compatible	0	102582	03a55902	59849ced	DISKMAGS/UNDER_C3/DATA/MODULES/HEAVEN_H.ELL
972ad8bfc0309ee8fea9f4387d967dad	1	30824	player	uade	Protracker	0	21292	0f5e0b41	1343eed1	MUSIX/MODFILES/SHORTIES/WOT_IN27.MOD
976303ec3084e38bcf857f6cb1780812	1	169093	player	uade	Protracker	0	30454	e37b530f	293ae77a	MUSIX/MODFILES/SHORTIES/TO_LITTL.MOD
976f07c55ad655b2ec087ab838c16d20	1	296129	player	uade	Protracker compatible	0	96956	2336f719	d2889fb1	MUSIX/MODFILES/A_C/BLUE.MOD
97889bf3039a253463f45554331544ca	0	85239	player	uade	FutureComposer 1.3	0	4790	5c997729	bcdcdeef	MUSIX/MODPLAYR/FUTURE/AVEMARIA.FUT
97adc7621bcdf3aa0354ea5b2f332756	1	237333	player	uade	Protracker compatible	0	265170	7dc622af	075ca071	MUSIX/MODFILES/V_Z/WARNHP.MOD
97e5f367675a757780e9dd0c761178f7	1	184445	player	uade	Protracker	0	122988	18d4328b	fb82fb4b	MUSIX/MODFILES/M_O/ODYSSEY2.MOD
97f6c53689df3fe606afb3f64f898146	1	900966	player	uade	Protracker	0	141456	9788004d	cc698191	MUSIX/MODFILES/M_O/NOWWHAT2.MOD
97f6c53689df3fe606afb3f64f898146	1	900966	player	uade	Protracker	0	141456	9788004d	cc698191	MUSIX/MODFILES/S_U/SCOOPEX2.MOD
9811c3eef6c683a526f5582bcb12cdee	1	267494	player	uade	Noisetracker 1.x	0	142916	e970a12c	d794a8cc	MUSIX/MODFILES/D_F/FUL.MOD
981d58fd12c1981d6df922b4f8347476	1	206493	player+volume	uade	Protracker	0	239532	7dfd6ba4	cdc08611	FR_BITS3/MUSIX/NEWLINE/SHOWSNOW.MOD
98de25d30402c6bdb3673721ae9abe39	1	333966	player	uade	Protracker	0	187012	200cec10	f5d94d69	MUSIX/MODFILES/D_F/ENIGMA.MOD
995b77b96736af7bbb38985694279188	1	52928	player	uade	Protracker	0	6502	eebc0db4	94b13d22	MUSIX/MODFILES/SHORTIES/DUST_IN.MOD
99c10fdcaa359c169f1b8ee777f4b57d	1	228110	player	uade	Protracker	0	176630	6ddc28bd	05ceed74	MUSIX/MODFILES/G_I/INJEOPAR.MOD
9a88d58be4273cee82a57215009b75a5	1	107645	player	uade	Protracker	0	281230	79c8de9e	503fbf30	MUSIX/MODFILES/S_U/U4IA.MOD
9b13e8d02014e44b82c650970e5b87c5	1	182214	player	uade	Protracker compatible	0	149114	5c662f28	bc883e59	DISKMAGS/IONSCENE/MODULES/CHILDS.MOD
9b13e8d02014e44b82c650970e5b87c5	1	182214	player	uade	Protracker compatible	0	149114	5c662f28	bc883e59	MUSIX/MODFILES/A_C/CHILDS.MOD
9b7b718d3bd6068bc074213ea865d272	1	96130	player	uade	Protracker	0	16246	764122bf	e3e7481b	MUSIX/MODFILES/SHORTIES/APHESIA2.MOD
9b9fff2e1e630c78c6e5933e05326029	1	128082	player+silence	uade	Protracker compatible	0	301304	8879fef2	373ee362	MUSIX/MODFILES/A_C/ANETTE.MOD
9bc0e6a4d2e7a6f0966278707c76ccd6	1	49833	player	uade	Protracker	0	11812	a6c97324	409e90c1	MUSIX/MODFILES/SHORTIES/MUA_OBSE.MOD
9cbea1ae17896c78e25c0c85da07d276	1	232912	player	ft2play	Fasttracker (M.K.)	4	184456	db4bdb70	5fca3ce8	MUSIX/MODFILES/A_C/ALIENBRE.MOD
9cf85cb633dbea3ffdd1623346904c74	1	184445	player	uade	Protracker compatible	0	97684	7e465e4d	5b7c5bf9	MUSIX/MODFILES/D_F/DISCO_GR.MOD
9d527dda73a28ff01d248d81c1527b69	1	33075	player	uade	Protracker	0	12428	fc9beb1d	e3099efe	MUSIX/MODFILES/SHORTIES/SOUNDFAS.MOD
9d64b4b87beafdd99cabc52782c4d216	1	134531	player	uade	Protracker compatible	0	316066	f918376b	c475ca21	MUSIX/MODFILES/S_U/SIMPSONS.MOD
9daae11eef0f686ac2e0f52da21ef666	1	64120	player	uade	Noisetracker 1.x	0	65318	9ea333a4	ddc9cb23	MUSIX/MODFILES/A_C/BL_MAG_2.MOD
9dac021231cad85fb55f1ba6ab7f5eab	1	65406	player	uade	Protracker	0	22110	7b0b7d7c	0265bf2a	MUSIX/MODFILES/SHORTIES/MICROCHI.MOD
9dbcc43b01ee338b4b178c0c072400ef	1	125428	player	uade	Protracker	0	19058	019099fd	3cc77ad5	MUSIX/MODFILES/V_Z/VIRTUAL.MOD
9ec422fb9de2514fd668387ff56129aa	1	120123	player	uade	Protracker compatible	0	136660	bbd2b2f6	8b0b0073	MUSIX/MODFILES/M_O/ODYSSEY3.MOD
9f136d042b5c88d6a5c9ee66b42f26c2	1	81723	player	uade	Soundtracker II (15 instr.)	0	55450	bc510fae	6f3738df	MUSIX/MODFILES/A_C/AIRBORNE.MOD
9f17f2a616d6c97dbc08a7ff3a3cc3b2	1	140921	player	uade	Protracker compatible	0	101250	71914771	3dc417bf	MUSIX/MODFILES/P_R/RSIHARD.MOD
9f69fd4e53626be89d62ede6ec6fa533	1	264247	player+silence	uade	Protracker compatible	0	130574	0481a653	00d655f2	MUSIX/MODFILES/J_L/JUMPING.MOD
9fb24a4f14d619f7b3d24a3ddfe02333	1	165878	player	uade	Protracker	0	271976	1f9a7ed0	c45e8352	MUSIX/MODFILES/P_R/RAIN_THE.MOD
9fc82f356eb5ac63d4fe9c356b6816c5	1	106158	player	uade	Noisetracker 1.x	0	314954	30385da9	e75e14ab	MUSIX/MODFILES/M_O/MINISTRY.MOD
9ff0ad77842db1ad5de502557c3e22af	1	192141	player	uade	Protracker compatible	0	31704	b8c0c84c	a9f374eb	DISKMAGS/IONSCENE/MODULES/ELDRITCH.MOD
9ff0ad77842db1ad5de502557c3e22af	1	192141	player	uade	Protracker compatible	0	31704	b8c0c84c	a9f374eb	MUSIX/MODFILES/D_F/ELDRITCH.MOD
a022c3a070477fa117f5ba55e2cff24d	1	158989	player+silence	st3play	Scream Tracker 3.00 (GUS)	10	153648	196cf771	4f26bed1	MUSIX/S3M/AMAZONAS.S3M
a04b053dd77bcabbc5bea3c666668636	1	176769	player	uade	Soundtracker II (31 instr.)	0	154140	a90e93ee	55be53ed	MUSIX/MODFILES/J_L/JARRE1.MOD
a0bdbf588853fb1c16cba7fadb798b9f	1	285157	player	uade	Protracker	0	139086	a9a75f68	dcda61f3	DISKMAGS/ONLINE_2/JUNGLE.MOD
a0bdbf588853fb1c16cba7fadb798b9f	1	285157	player	uade	Protracker	0	139086	a9a75f68	dcda61f3	MUSIX/MODFILES/J_L/JUNGLE.MOD
a18286d062aa8cf6846c03b5281bb543	0	144218	player+silence	libopenmpt	Octalyser (Atari)	8	129410	84a28ffb	6fd9e261	FR_BITS3/MUSIX/TSCC_SCY/AJAKO.MOD
a2973b276818221d73f7288df474df89	1	64442	player	uade	Protracker	0	3996	472cea96	a814ed97	MUSIX/MODFILES/SHORTIES/SHOCKING.MOD
a31cb9a474289316812f5c0f46461bb0	0	132541	player	uade	FutureComposer 1.3	0	6666	9aae2a8e	2187e95e	MUSIX/MODPLAYR/FUTURE/CAVE.FUT
a33189ef991c248ce88590ed7c3e4509	1	273402	player	uade	Protracker	0	258184	334ac0ef	bd0c1a27	MUSIX/MODFILES/M_O/ODYSSEY6.MOD
a43854ca18cc10d9c327cce60f4c1d5e	1	244929	player	uade	Protracker	0	252590	1b1b300d	a1487eca	MUSIX/MODFILES/J_L/LAST_MIN.MOD
a4b98b8b8c363b30989f50181d03d3ff	1	216214	player	uade	Protracker compatible	0	98560	026217e3	a8eb68e4	MUSIX/MODFILES/D_F/DISCO_2.MOD
a573d18a14bf875acab6ddcaf8d31cfc	1	130693	player	uade	Noisetracker 1.x	0	103506	9d2a709b	34e945be	MUSIX/MODFILES/V_Z/WASTELAN.MOD
a5cdafd911cebc243c8847fd0b6a02e9	1	157579	player	uade	Soundtracker II (15 instr.)	0	90550	86214a64	292946a4	MUSIX/MODFILES/S_U/SMOKEWAT.MOD
a6440026742719775f9584b7eadd3e07	1	230955	player+silence	uade	Protracker	0	145294	44b7e2d0	3bbe83d2	MUSIX/MODFILES/M_O/OPTIMUM.MOD
a682f09c600c4e871b4aedead2878102	1	61568	player	uade	Protracker compatible	0	8576	9453c80d	3e9aedbb	MUSIX/MODFILES/SHORTIES/GONATS.MOD
a711aa1da69e5f77b08060233a6249cc	1	404176	player	uade	Protracker	0	135626	c95014ef	4cc13fb7	MUSIX/MODFILES/A_C/BALCER.MOD
a7567a1103841d907c52d16ca3dfebea	1	38520	player	uade	Protracker compatible	0	17070	9a809dfc	bdc1f60a	MUSIX/MODFILES/SHORTIES/NITY.MOD
a7a07825f4b205d141337f93bab90bbe	1	115321	player	uade	Protracker	0	11348	af70fa95	c1342398	MUSIX/MODFILES/SHORTIES/GOO.MOD
a85fa9312b9d45adbf361c66fbe110cd	0	146980	player	libopenmpt	Digital Tracker 2.3	16	1254931	d519d1b5	568cf67d	MUSIX/MODFILES/DIG_TRCK/EISBLAU.DTM
a89b3c2ad17cc1a1be969a223859d3b9	1	30824	player	uade	Protracker	0	7320	2cf533ce	3ec235c8	MUSIX/MODFILES/SHORTIES/TEST_OF.MOD
a927b274bc76d6ee98a56a9bbfe6d8d8	1	61568	player	uade	Protracker compatible	0	142348	c285dca1	d7642d99	MUSIX/MODFILES/D_F/FOOTBALL.MOD
a928f4a4e25baadd8af4e5362d8e1639	1	478464	player	uade	Protracker compatible	0	160218	eb14b8d4	586253f0	DISKMAGS/ONLINE_1/KNULLA.MOD
aa07235816e093178c53f45d76cebc21	1	70530	player	uade	Protracker compatible	0	16602	f876550a	e7ca8d8b	MUSIX/MODFILES/SHORTIES/SYNTHETI.MOD
aa6016f416e92ff37af5273eba049fb8	1	256097	player+silence	uade	Protracker	0	220260	19fbed6e	46e97440	MUSIX/MODFILES/G_I/INTRO.MOD
aa7e23b538cc954ae9dc043f4e0dc23c	1	143715	player+silence	uade	Soundtracker II (15 instr.)	0	105902	3db4d242	e82d41d1	MUSIX/MODFILES/P_R/RSI2.MOD
aae29d8bfefa635d184ad3eb20cc0932	1	45413	player	uade	Protracker	0	27196	c72a7464	25bc3d34	MUSIX/MODFILES/SHORTIES/SMALL_AN.MOD
aaf69e49d4d1494011f3a11d8471863a	1	119460	player	uade	Protracker	0	419998	2d749731	c4e216c8	MUSIX/MODFILES/J_L/JAMMIN.MOD
ab0d53778a38ed9546da13a0c4c43edc	1	257909	player	uade	Soundtracker II (31 instr.)	0	256302	416618ae	82c10856	DISKMAGS/DBAMAG11/ELIPTICA.MOD
ab4debeb09e1bf7b63f634f006e77589	1	122997	player	uade	Protracker	0	31774	5daef85d	ff782db4	MUSIX/MODFILES/SHORTIES/BILLE.MOD
ab989ec626bcce753da9a9fef490eef4	1	0	nosound	uade	Unic Tracker	0	7946	444cd384	a2ddea4c	MUSIX/MODFILES/SHORTIES/MINI_AFR.MOD
ab9c37ee8cb51d4a1e4c9c1c9abd0640	1	146045	player	uade	Noisetracker 1.x	0	55862	5aed8ccc	71e26dd3	MUSIX/MODFILES/S_U/TENNIS.MOD
ac24fbf9aef5a29db1bc0ebca50d4f6b	1	161397	player	uade	Protracker compatible	0	137888	660908f2	bef65184	GAMES/G_ISLA_D/GAME1.MOD
ac30a21bd83f46cafe7f462c7fe95b52	1	119179	player	uade	Protracker compatible	0	70504	ec8bda92	f3b4b2bb	MUSIX/MODFILES/J_L/KEFRENS2.MOD
acb99b91e0a8072916bb88d3b758a428	0	116626	player	libopenmpt	Digital Tracker	6	284620	262fb8b6	e7014963	DISKMAGS/DBAMAG12/MODULES/MAFXCOO2.DTM
acb99b91e0a8072916bb88d3b758a428	0	116626	player	libopenmpt	Digital Tracker	6	284620	262fb8b6	e7014963	FR_BITS3/MUSIX/AVENGERS/MAFXCOO2.DTM
acb99b91e0a8072916bb88d3b758a428	0	116626	player	libopenmpt	Digital Tracker	6	284620	262fb8b6	e7014963	MUSIX/MODFILES/DIG_TRCK/MAFXCOO2.DTM
ae761ae03c928591fa117cb35137ad3f	1	198672	player+silence	st3play	Scream Tracker 3.00 (GUS)	8	204282	ec77cdf3	603be39e	MUSIX/S3M/SKYRIDER.S3M
aeac56038c917d32d56f2df568930cf1	1	395877	player	uade	Protracker	0	208688	c7d50e99	ff9cb2a9	MUSIX/MODFILES/M_O/ORTHANC.MOD
aeee1c30af69d6e207d5492415fc803a	1	184445	player	uade	Protracker compatible	0	72544	52fc6d66	d4f1cbfd	MUSIX/MODFILES/A_C/CHRIS_10.MOD
af09e5e08422408c9b2b940fb5ab9958	0	518718	player+silence	uade	FutureComposer 1.3	0	25472	92ed5a72	0055c4dc	MUSIX/MODPLAYR/FUTURE/FC5.FUT
af8d5926836c650975d24088e5a4f2da	1	199797	player	uade	Protracker compatible	0	141624	de58cea7	5cbb4448	MUSIX/MODFILES/M_O/ORK.MOD
af93db9d5733092f5bbf64a232dd08a1	1	170580	player	uade	Protracker compatible	0	197674	4afca2d4	e909042f	MUSIX/MODFILES/V_Z/YOAFRICA.MOD
afaf1d735e9c834e7c28571594291073	1	46216	player	uade	Protracker	0	26622	e91bfd73	e8ba3560	MUSIX/MODFILES/SHORTIES/DANCE_ON.MOD
afdf869e2fa6f02935fcd66cea7e0765	1	92272	player	uade	Protracker compatible	0	140104	5c349952	7218de6f	DEMOS/S_Z/TNB/D_IMAGE.MOD
afdf869e2fa6f02935fcd66cea7e0765	1	92272	player	uade	Protracker compatible	0	140104	5c349952	7218de6f	FR_BITS2/SHORTRO/TNB/LAME_THI/D_IMAGE.MOD
b047b197699c1c250340f7b38967ce26	1	545217	player	uade	Protracker	0	233396	811bf9c9	66c6c226	MUSIX/MODFILES/J_L/KAMELEON.MOD
b0921f64daf1f493eeaabc06d475e5fa	1	352391	player+silence	uade	Protracker compatible	0	199724	71f1af45	6431d2ca	MUSIX/MODFILES/D_F/DRAGONSF.MOD
b0a8d0fa9232e1c6e71acf53b6339af5	1	224131	player	uade	Noisetracker 1.x	0	138901	6b5be7d7	c436246b	MUSIX/MODFILES/M_O/NEWGALAC.MOD
b0dd824883b7f63e9b4fc086580de3fb	1	41072	player	uade	Protracker compatible	0	22214	06340c17	57cea9ab	MUSIX/MODFILES/SHORTIES/MAS.MOD
b18595fde9e274d715d57e489188628f	1	126654	player	uade	Protracker	0	128724	86180669	26df22fe	MUSIX/MODFILES/M_O/NUTOPIA.MOD
b186f4a9afbd5dcec124ae3bced07716	0	137012	player+silence	libopenmpt	Digital Tracker	8	330171	00d3f1e0	a9ae9c14	DISKMAGS/DBAMAG12/MODULES/GAMEOVE2.DTM
b186f4a9afbd5dcec124ae3bced07716	0	137012	player+silence	libopenmpt	Digital Tracker	8	330171	00d3f1e0	a9ae9c14	FR_BITS3/MUSIX/HYDROXYD/GAMEOVE2.DTM
b186f4a9afbd5dcec124ae3bced07716	0	137012	player+silence	libopenmpt	Digital Tracker	8	330171	00d3f1e0	a9ae9c14	MUSIX/MODFILES/DIG_TRCK/GAMEOVE2.DTM
b225e263cbb2aa4f5b02ef11cb664763	1	307321	player	uade	Protracker compatible	0	135656	88830764	73ecc835	MUSIX/MODFILES/J_L/KEFRENS1.MOD
b244dbf4b422261e5132969ae4d694d5	1	136158	player	uade	Protracker compatible	0	104526	fbccdd25	bbbcf7bb	GAMES/WATERSHP/OCEAN.MOD
b244dbf4b422261e5132969ae4d694d5	1	136158	player	uade	Protracker compatible	0	104526	fbccdd25	bbbcf7bb	PACKED/GAMES/WATERSHP.LZH/WATER.SHP/OCEAN.MOD
b3136a41e86a994d89c1d7036554076c	1	249731	player	uade	Protracker	0	239128	f172f172	d34fcc0c	MUSIX/MODFILES/G_I/HITTHEDE.MOD
b32b0b8d8cd22030df60ea9d9a52352f	1	96492	player	uade	Protracker	0	121464	0c0b535c	aec4fc3b	MUSIX/MODFILES/M_O/MEETING.MOD
b347c9111875457d07e57db412f347cf	1	51320	player	uade	Protracker compatible	0	103538	5851ea42	14c9b504	GAMES/PONG2000/DATA/00000005.DAT
b347c9111875457d07e57db412f347cf	1	51320	player	uade	Protracker compatible	0	103538	5851ea42	14c9b504	PACKED/GAMES/PONG2000.LZH/DATA/00000005.DAT
b3db54fb9d46e3f7c6c8cbce0499fe1c	1	530468	player	uade	Protracker	0	192194	4425c8f9	ba20ce85	MUSIX/MODFILES/NUMBERS/1993.MOD
b3f7fda9af3b0576635c14e8ee6e6dba	1	103163	player	uade	Protracker	0	25984	5862c290	c7198efa	MUSIX/MODFILES/SHORTIES/ACES_THE.MOD
b44c6838ddbdc33ca6ad68d99fee2810	1	147912	player+silence	uade	Protracker	0	308468	83ae22c4	fd41bac5	MUSIX/MODFILES/A_C/BASSOFBA.MOD
b4b60ee5f13bbdd84c3705483cf23e0b	1	252785	player	uade	Protracker	0	81104	0d17a477	37a69e19	MUSIX/MODFILES/S_U/SIMILAR.MOD
b4d2ae4e9e49cad4205f81d749e01726	1	280103	player+silence	uade	Protracker	0	199118	3238d65f	a44e3b03	DISKMAGS/DBAMAG11/EXTENSIO.MOD
b4d2ae4e9e49cad4205f81d749e01726	1	280103	player+silence	uade	Protracker	0	199118	3238d65f	a44e3b03	MUSIX/MODFILES/D_F/EXTENSIO.MOD
b50b5eb60cc64e0803675410ef4f0448	1	297817	player	uade	Protracker compatible	0	344510	25c43c1f	858a4d33	FR_BITS2/FULLDEMO/NPG/PLASTIKK/PLASTIKK.MOD
b50b5eb60cc64e0803675410ef4f0448	1	297817	player	uade	Protracker compatible	0	344510	25c43c1f	858a4d33	MUSIX/MODFILES/SCENEMOD/PLASTIKK.MOD
b50b5eb60cc64e0803675410ef4f0448	1	297817	player	uade	Protracker compatible	0	344510	25c43c1f	858a4d33	PACKED/DEMOS/PLASTIKK.ZIP/PLASTIKK.MOD
b5b0c5f665c3b4db0122bc01395b25e4	1	122997	player	uade	Protracker	0	124090	bf3d10f1	baeec7d4	MUSIX/MODFILES/P_R/POWEROF.MOD
b611107690afa12e24a6431a34d6645b	0	199696	player	uade	Soundtracker II - V or compatible	0	117276	c6cc1b1a	b63b2c5a	MUSIX/MODFILES/D_F/DEMONS.MOD
b6c0db6e8c3cba3acd24e00de197f42a	1	279069	player	uade	Protracker compatible	0	148908	798a9396	7858c366	MUSIX/MODFILES/A_C/BRIDGE.MOD
b6c1e41efaa7b217c5b1adaed18cba71	1	176775	player+silence	uade	Protracker	0	147920	86be71de	55f04c30	MUSIX/MODFILES/D_F/DISTANCE.MOD
b7378716591c6f3febe66a076d3ea926	1	113532	player	uade	Protracker	0	146250	b0218d9e	1e524b66	MUSIX/MODFILES/J_L/KAMASUTR.MOD
b7989afe7d71f47ea1ad0c402aebaf3e	1	220886	player+silence	uade	Protracker compatible	0	191104	1948f5fc	e5961f9d	MUSIX/MODFILES/A_C/BARBRIAN.MOD
b7af76a55144d98508122e745ed44d49	1	112769	player	uade	Protracker compatible	0	88772	d6a7bca6	874e0405	MUSIX/MODFILES/G_I/GO_ISL_T.MOD
b7af76a55144d98508122e745ed44d49	1	112769	player	uade	Protracker compatible	0	88772	d6a7bca6	874e0405	VOLLVERS/ISLAND/DATEN/GI_TITLE.MOD
b7b8340b6e13950ff3cb1897f9e24d28	1	299645	player	uade	Protracker compatible	0	138076	77f3ffd3	f13cd85a	MUSIX/MODFILES/P_R/POSEIDON.MOD
b81b96bb51c718415dfbb58014c961a2	1	130693	player	uade	Protracker compatible	0	71054	e2f9fac0	b670837f	MUSIX/MODFILES/A_C/COMPLICA.MOD
b81c3584a1367772bce0e0639f995ffc	1	15472	player	uade	Protracker	0	4748	f5c9036f	eacab562	MUSIX/MODFILES/SHORTIES/CARDIAX.MOD
b848a394a9e95bb62b143d655989c0c5	0	364750	player+silence	libopenmpt	Scream Tracker 3.00 (GUS)	25	170332	215a4be5	54b55326	MUSIX/S3M/CANT.S3M
b8500401d2b64f616a06ebee96f847dd	1	211331	player	uade	Protracker	0	148476	b9db02f4	a370f1a7	MUSIX/MODFILES/V_Z/VDLOVE2.MOD
b888e9848ce895b48374b86036ca9fb2	1	174197	player	uade	Protracker compatible	0	68832	6e45c1fc	8b4bdd09	DISKMAGS/IONSCENE/MODULES/DERELICT.MOD
b8b07be97aaa4a2952a6aedbc23f8233	1	140921	player	uade	Protracker compatible	0	352730	078416b5	c71ba9f9	FR_BITS3/MUSIX/STAX_TYN/DIVE.MOD
b901891ed652485fe376bf20bb6f69fd	1	233093	player	uade	Noisetracker 1.x	0	44646	b079b4fb	ded85f73	MUSIX/MODFILES/SHORTIES/CHOP_SUI.MOD
b93ae84d4c926b64527b8d1ac32e036b	1	254694	player	uade	Protracker	0	127812	5cdc3394	37459dc9	MUSIX/MODFILES/M_O/ODYSSEY1.MOD
b9c3008d980461c7f6aa54eedf0f91b9	1	3958	player	uade	Protracker compatible	0	95790	0b8cf840	fdbf9c7b	MUSIX/MODFILES/A_C/ANGANG.MOD
ba77cc4e046036a09c83e82470433ce3	0	393666	player	uade	FutureComposer 1.3	0	28098	bbb92ddb	1f551554	MUSIX/MODPLAYR/FUTURE/ASTAR1.FUT
baea58b89e0572db084fb9968428c209	1	247802	player	uade	Protracker compatible	0	113554	5fcb4f07	e0529cb3	MUSIX/MODFILES/S_U/THE_DARK.MOD
bb2432a9c29a57a2115fd755eabbc721	1	219509	player	uade	Protracker compatible	0	162356	feca62d0	63a64971	MUSIX/MODFILES/M_O/ONEONTWO.MOD
bbc5ce6380aed8e1f835c2546025b88e	1	139012	player	uade	Protracker compatible	0	305622	63b28a14	9c4f6f0b	MUSIX/MODFILES/SCENEMOD/SPHERIC.MOD
bbeb165653450e4e0a03894725734b48	1	268921	player	uade	Noisetracker 1.x	0	65362	1f41cd94	30aac5f6	MUSIX/MODFILES/D_F/FLETSCH.MOD
bc878e96857ab2b923de2763aeabd558	1	69224	player	uade	Noisetracker 1.x	0	111950	145cb325	35190a0d	MUSIX/MODFILES/A_C/ACID1.MOD
bcf75d3e6ed777e913b8259ba7ce4739	1	72118	player	uade	Protracker	0	9828	b07f19f1	0e4838ad	MUSIX/MODFILES/SHORTIES/SUPERSHO.MOD
bd94141cf1388b7b76ad793cd4514d05	1	176769	player	uade	Protracker	0	381308	939eddfb	c96c7c94	MUSIX/MODFILES/D_F/FREUDIAN.MOD
bdbe46eeb0a2690563645fdafcf087ca	1	115917	silence	uade	Protracker compatible	0	169550	ba2209c6	ee78fb29	DEMOS/J_R/OBNOXIOU/_01.BIN
bdf6bc29b6286f7ead8928216c52dd6a	1	85983	player	uade	Protracker compatible	0	103424	537d938d	8dd745a4	MUSIX/MODFILES/S_U/SPOOKY.MOD
be21e65754aa4713579b202d3023e954	1	109689	player+volume	uade	Protracker compatible	0	184254	8cbd2cea	833f57c6	GAMES/F_TRON/SUBS/3.SUB
be57146f8588a97b97bf340428a55e08	1	169889	player+silence	uade	Protracker compatible	0	126578	f063ef9b	94d18b49	MUSIX/MODFILES/S_U/START.MOD
beca7b530b1bbfbbda692267baa2ddff	0	59579	player	uade	FutureComposer 1.3	0	8184	17a83ed2	7f5eb8ab	MUSIX/MODPLAYR/FUTURE/FC12.FUT
bf493fc55fb90229ee513c59e4c5fa95	1	75011	player	uade	Protracker	0	25318	cf65bb12	3672057a	MUSIX/MODFILES/SHORTIES/OH_YES.MOD
bf7cf70b6d5b16b90cf80af7fe74f11f	1	153721	player	uade	Protracker	0	226622	70be120f	8d9496be	MUSIX/MODFILES/P_R/RINKADI.MOD
bfae0389f06c50a62935ac35de00cc50	1	48326	player	uade	Protracker compatible	0	65976	6383b967	9cb9e165	MUSIX/MODFILES/A_C/CRAPMAN.MOD
c026ca960ab719538b49b40fbc44be86	1	247481	player	uade	Protracker	0	269864	33b9f501	3bf3a6a7	MUSIX/MODFILES/D_F/FRESH.MOD
c08ecf7ea158b8114252fcdc7c1a26b6	1	17401	player	uade	Protracker	0	17306	e37ad5fb	f0c957a0	MUSIX/MODFILES/SHORTIES/AKEGRIS.MOD
c0b5e7eb7a5e070929cb3d6b5115f911	1	56424	player	uade	Protracker compatible	0	45274	7aea6161	1cfd801e	MUSIX/MODFILES/M_O/NO_SENSE.MOD
c140da520b40cb3bb627498640d2c47c	1	187318	player	uade	Protracker	0	191058	cb40e670	70a491d2	MUSIX/MODFILES/S_U/TRANSFRM.MOD
c174f53b03637adc95d2af0cd02c4e15	1	51320	player	uade	Protracker	0	11600	84bbef0f	90505139	MUSIX/MODFILES/SHORTIES/LOST_SCR.MOD
c1c4772ab1f81edf9614b5adf87086de	1	193388	player+silence	uade	Startrekker (4ch)	0	238351	5ccb8813	5f1d3f74	MUSIX/MODFILES/A_C/CALLING.MOD
c1ed2df0f623e2739987fdb69f27ddc2	1	166521	player	uade	Protracker compatible	0	146376	523638ec	b8b66485	FR_BITS2/MUSIX/DUN/MEPHISTN/COMPET1.MOD
c1edd72dd4b2f7566f4b494416f21ae7	1	122135	player+silence	uade	Protracker	0	114752	6552c565	5a58ba0e	MUSIX/MODFILES/M_O/NARCOTIC.MOD
c298b9fcd7935501bf6c903c70c97929	1	214638	player+silence	uade	Protracker	0	191488	18e09b91	31bd32b5	MUSIX/MODFILES/P_R/RESONANC.MOD
c2ac759dd359947d97df26ba675e67d7	1	244026	player+silence	uade	Protracker	0	142022	a7fbc676	a3a7da0d	DISKMAGS/DBAMAG11/CHASETHE.MOD
c2ac759dd359947d97df26ba675e67d7	1	244026	player+silence	uade	Protracker	0	142022	a7fbc676	a3a7da0d	MUSIX/MODFILES/A_C/CHASETHE.MOD
c2b2a4d9025f97bcd5a9992147741868	1	214491	player+silence	uade	Soundtracker II (31 instr.)	0	111064	6d93232f	f9ca8de3	MUSIX/MODFILES/A_C/ATOM.MOD
c2c9c18c19907a849bb3d50627cec95a	1	261245	player	uade	Protracker compatible	0	98795	a9c78fd2	1173f38b	DISKMAGS/UNDER_C4/DATA/MODULES/O_DEMO3
c2cf94f841863dc16ce10f3fabf7c91b	1	255317	player	uade	Noisetracker 1.x	0	143030	767d7518	731ac76d	MUSIX/MODFILES/NUMBERS/12TH_WAR.MOD
c2cf94f841863dc16ce10f3fabf7c91b	1	255317	player	uade	Noisetracker 1.x	0	143030	767d7518	731ac76d	MUSIX/MODFILES/V_Z/WARRIOR.MOD
c2dd91272b8325247717722bbbacfd8f	1	61568	player	uade	Protracker	0	15960	65608288	c3789635	MUSIX/MODFILES/SHORTIES/MONDAY.MOD
c348f27a5dc96dfbd5280b416635aaf4	0	268881	player	uade	FutureComposer 1.3	0	32050	ef992474	bd406f2d	MUSIX/MODPLAYR/FUTURE/SHAOLIN7.FUT
c34c15b9f82d89602bfd10ca39042900	1	42358	player	uade	Protracker	0	10000	462a115f	dcf7d283	MUSIX/MODFILES/SHORTIES/CHIP_SAA.MOD
c3868f1072ed5e5ff55d59bc11900b03	1	299645	player	uade	Protracker compatible	0	87426	f7984f6e	2ab7a867	MUSIX/MODFILES/A_C/BEAT_MAS.MOD
c3ecd7fae0b434a91123c1ca4b78190f	1	201726	player	uade	Protracker compatible	0	71819	fc982be9	cc6d6233	DISKMAGS/UNDER_C4/DATA/MODULES/MISSING
c44f9ba773c30619dac7d6d5b20a82fa	1	62834	player	uade	Protracker compatible	0	12000	a6e053cf	19bda284	MUSIX/MODFILES/A_C/ANNOUNCE.MOD
c4ef37df2e712e89e83142169c74ce14	1	43323	player	uade	Protracker	0	7380	6eaf366e	d142ddd1	MUSIX/MODFILES/SHORTIES/IN_DULCI.MOD
c54a861a6102088bab06d42e64b14594	1	212818	player	uade	Protracker	0	391864	230e81e9	2f187b3a	MUSIX/MODFILES/S_U/TOMMYKNO.MOD
c55c1f70da5173d75be7acd4772559df	1	300150	player+silence	uade	Protracker compatible	0	103826	13994b6c	d5c20f4c	MUSIX/MODFILES/D_F/FULLCONT.MOD
c59b47157ffea1940fae23804feb4bc4	1	356141	player+silence	uade	Noisetracker 1.x	0	93972	4802617a	63591b86	MUSIX/MODFILES/P_R/POPCORN.MOD
c5b62b78c1e56f74b49c553d9f4ee80b	1	268921	player	uade	Protracker compatible	0	107100	c5a642fa	6b6bea16	MUSIX/MODFILES/J_L/JET_FLY.MOD
c67cc61ecbcac6b95045c1b8066ce21b	1	42358	player	uade	Protracker	0	63850	551740af	a5c5d245	GAMES/UTOP_155/UTOPOS/TPS1.MOD
c67cc61ecbcac6b95045c1b8066ce21b	1	42358	player	uade	Protracker	0	63850	551740af	a5c5d245	PACKED/GAMES/UTOP_155.LZH/UTOPOS/TPS1.MOD
c6a34ce08fb55650fa087bc9e99243e3	1	211437	silence	uade	Protracker compatible	0	220854	44575827	07c79b6d	GAMES/PUSCH/SOUNDS/DYNAMIC1.DUO
c6a34ce08fb55650fa087bc9e99243e3	1	211437	silence	uade	Protracker compatible	0	220854	44575827	07c79b6d	PACKED/GAMES/PUSCH_IT.LZH/PUSCH/SOUNDS/DYNAMIC1.DUO
c7133f70baac6ee9efdd6d39c8d669d8	1	129516	player+silence	uade	Protracker compatible	0	119730	a83539e0	a5f6b058	MUSIX/MODFILES/M_O/OH_YEAH.MOD
c7939c09855692560bd5e12fcecbdafc	1	122997	player	uade	Protracker	0	22000	63e853d5	7fa00eca	MUSIX/MODFILES/SHORTIES/CHIP_NO1.MOD
c7eebc3cb4263551fbdcb328066a6748	1	230541	player	uade	Soundtracker II (15 instr.)	0	172918	71eff48d	8b41e604	MUSIX/MODFILES/P_R/RAP.MOD
c81b1c2955e9017d515ae0fd924266a5	1	160096	player+silence	uade	Protracker	0	260540	89f9a340	f6d8e817	MUSIX/MODFILES/D_F/FANTASTI.MOD
c81b1c2955e9017d515ae0fd924266a5	1	160096	player+silence	uade	Protracker	0	260540	89f9a340	f6d8e817	MUSIX/MODFILES/G_I/HUMCOMA.MOD
c8c0fb780ffbecf9e6592be4da1f179a	1	261245	player	uade	Soundtracker II (15 instr.)	0	62314	d219beca	41c37dd7	MUSIX/MODFILES/M_O/NOISE.MOD
c8fd96f04b9a5c99c69defa52729c814	1	50034	player	uade	Protracker	0	13914	5815742a	5cd8ed86	MUSIX/MODFILES/SHORTIES/HUSI_V2.MOD
c92dd0687df42c8edef17c92a45aed3e	1	153741	player	uade	Soundtracker II (15 instr.)	0	84974	1df70b73	40990c0b	MUSIX/MODFILES/S_U/THEMESPT.MOD
c9567c3555a1edddcab9ebacbb9363cd	1	221559	player	uade	Protracker	0	98296	c06d265a	f9bae55c	MUSIX/MODFILES/S_U/SONNORY.MOD
c9962d0bcb65bc32d9eebbac4867ecce	1	188042	player	uade	Protracker	0	66328	968225f3	03e664a6	MUSIX/MODFILES/D_F/DFORCE05.MOD
c9a458bd4962928023eeb8ee9fe8aca2	1	222865	player+silence	uade	Protracker compatible	0	274764	4a8603fe	d1f1223f	MUSIX/MODFILES/P_R/PORKCHOP.MOD
c9d40e20e3a8dba064bfc11e7838cffb	1	73605	player	uade	Protracker	0	13450	07e69b93	843a6863	MUSIX/MODFILES/SHORTIES/WACKY1.MOD
cb313565bf688c2859b36479cc872abc	1	130400	player+silence	uade	Protracker compatible	0	218524	8b574bcd	ef1d145e	MUSIX/MODFILES/S_U/SANITET.MOD
cb8c2f0bf34e66c0d675f73bb7030794	1	215149	player	uade	Protracker compatible	0	123466	c96403ef	64404936	MUSIX/MODFILES/A_C/ARTIFICI.MOD
cba09c3fe0646688b9018fc39a565989	1	152435	player	uade	Protracker compatible	0	155934	5fe42955	79bfd0cc	FR_BITS2/MUSIX/XPR/AVATAR/EROTICXP.MOD
cbb510120fa09485478fb366557f771e	1	291969	player	uade	Soundtracker II (31 instr.)	0	248050	330494bf	3a17e9c5	MUSIX/MODFILES/A_C/APPROXIM.MOD
cd1daa2ff4ebdb299fb28ee760fab22d	1	38520	player	uade	Protracker compatible	0	210568	99ba7d66	6ee11f49	GAMES/CROWN_OF/A.COS
cd4b429152a97d84838a4f3ac67648b8	1	88434	player	uade	Protracker	0	236544	f3de87bc	78f7f832	MUSIX/MODFILES/A_C/ANTIPC.MOD
cdda324ef7163e67a15cb45d494e2ad3	1	219489	player	uade	Protracker	0	99006	a5ac2fa8	9e0efa08	MUSIX/MODFILES/D_F/DAYTIME.MOD
cdfeef4278a386c0c8fc37deae718066	1	30824	player	uade	Protracker	0	9000	041e11be	491baf6a	MUSIX/MODFILES/SHORTIES/MARBLES.MOD
ce38a469e32b2d6c3e175f1986e73df0	0	145984	player	uade	FutureComposer 1.3	0	26420	95c3fe2e	5087a408	MUSIX/MODPLAYR/FUTURE/ENDLESS.FUT
cef6db5884001c1b8af0edd11face62a	1	69224	player	uade	Protracker	0	8616	6e3f271c	46eb304d	MUSIX/MODFILES/SHORTIES/CRY_O_D5.MOD
cf0a99c22b2568e39e3b470ca25ffb8e	1	214837	player+silence	uade	Protracker compatible	0	116254	7f9f609c	34e47c84	DISKMAGS/UNDER_C4/DATA/MODULES/RESONANC
cf6359798379ff54e0c733beb775fea2	1	335051	player	uade	Soundtracker II (31 instr.)	0	95528	d9725380	ee4f170b	MUSIX/MODFILES/S_U/TOCCATA.MOD
d03d3b6786a1a2ce99d2862babd5336c	1	92272	player	uade	Protracker compatible	0	46040	15f44880	d5509e65	MUSIX/MODFILES/S_U/TOXOPLAS.MOD
d0d17e2e243d67574375f86f69a6e4a0	1	233394	player	uade	Protracker	0	197976	4a018087	69cbaa07	MUSIX/MODFILES/A_C/A_LITTLE.MOD
d11a629b349a320ad8e527b820613f55	1	475835	player+silence	uade	Protracker compatible	0	65092	6524115f	3d413b2c	MUSIX/MODFILES/G_I/GOLDAGES.MOD
d131a471bd8fd6007841a9d61f52a36e	1	166672	player+silence	uade	Protracker compatible	0	93516	47687a83	9ab6c2f4	MUSIX/MODFILES/D_F/DANCEBOA.MOD
d1915957e326d5b035fd578234d9b353	1	133245	player	uade	Protracker	0	20734	d88d70a5	2e00eb06	MUSIX/MODFILES/SHORTIES/NUKE_LOA.MOD
d1b05f89a0e1ac40cca2fdb34cd409fd	1	25720	player	uade	Protracker	0	8932	e523d535	d06e5f7d	MUSIX/MODFILES/SHORTIES/HUSI_V20.MOD
d2563418394fd82f28d77630dc8fb4dd	1	119349	player+silence	uade	Soundtracker II (15 instr.)	0	122282	4beb0025	c71bbffd	MUSIX/MODFILES/A_C/COME.MOD
d2acfaed00c6cf0a731c23557ecb0678	1	38520	player	uade	Protracker compatible	0	34080	daced1de	0dd01735	FR_BITS2/MUSIX/AVENA/JET/CHILD.MOD
d2fcaf1d5607d4443ee74d654339c323	1	62533	player	uade	Protracker	0	19886	04653ffb	791d8974	MUSIX/MODFILES/SHORTIES/PIP_6_2.MOD
d3cdccadff7347e117aa1531eaf23c7e	1	174820	player	uade	Protracker	0	309020	32ef7ad1	67eb2249	MUSIX/MODFILES/S_U/SUNDANCE.MOD
d44587a1ee0a630cddf35dd6161c1c03	1	222443	player	uade	Protracker compatible	0	259184	1e6c57a2	7257a8fb	FR_BITS2/FULLDEMO/NPG/PLASTIKK/ENDPART.MOD
d44587a1ee0a630cddf35dd6161c1c03	1	222443	player	uade	Protracker compatible	0	259184	1e6c57a2	7257a8fb	MUSIX/MODFILES/SCENEMOD/ENDPART.MOD
d44587a1ee0a630cddf35dd6161c1c03	1	222443	player	uade	Protracker compatible	0	259184	1e6c57a2	7257a8fb	PACKED/DEMOS/PLASTIKK.ZIP/ENDPART.MOD
d474e01268bf63b992970768dc844afd	1	42358	player	uade	Protracker	0	12916	7ba9ba89	9db79aa2	MUSIX/MODFILES/SHORTIES/NEKEM.MOD
d48be36574dea44b62ea98180659bc3b	1	103087	player+silence	uade	Soundtracker II (15 instr.)	0	95744	8556109d	f7c2cff9	MUSIX/MODFILES/P_R/ROCKA.MOD
d517426b8719cdd76c101730df043962	1	245893	player	uade	Protracker compatible	0	460096	4de7c7f5	041112b5	MUSIX/MODFILES/D_F/DI_AUDIO.MOD
d55a3f83901d712189f8fa1034ca4e7b	1	159367	player	uade	Protracker	0	128276	8fbfe28d	8a608bfb	MUSIX/MODFILES/J_L/LOVE_ANA.MOD
d55e2dcfd69e2d686fe697e1ccdc462f	1	7796	player	uade	Protracker compatible	0	6750	3f487172	a498e022	MUSIX/MODFILES/SHORTIES/SLOT.MOD
d5b13428c4b8b545681b7775abdf068b	1	142825	player+silence	uade	Protracker	0	22744	e3b289d3	8146edac	MUSIX/MODFILES/SHORTIES/BOOK_OF.MOD
d5e6c3f36647edcf1bfc2f70294c83f3	1	216455	player	uade	Protracker	0	125170	a6ebeb19	49a7700d	MUSIX/MODFILES/M_O/NOCORNE.MOD
d61151ccf48cc0b0dfac6628a83345e7	1	278185	player	uade	Protracker	0	183852	97201346	7d09c244	MUSIX/MODFILES/M_O/MERCURY.MOD
d614e0c1309168ddbb2518ec873d5d75	1	115321	player	uade	Protracker compatible	0	23632	14c7cd8c	30226797	MUSIX/MODFILES/A_C/BASSLINE.MOD
d63bc2497b7441661d0bdc50b9d14161	1	192141	player	uade	Protracker compatible	0	68710	2945ff88	1b34d7e6	MUSIX/MODFILES/A_C/CELTIC2.MOD
d66ac08b984e888ae4d926d303aaf52a	1	263863	player+silence	uade	Protracker compatible	0	164358	39c391a2	a28b0505	MUSIX/MODFILES/S_U/SPELL.MOD
d67202d9b990dc782b9c0f040d5f1d22	1	42358	player	uade	Protracker	0	22620	95cecc64	7cc08f07	MUSIX/MODFILES/SHORTIES/PLEEBALL.MOD
d6df0b1b4b895a79b6cc82688edfa36f	1	340617	player	uade	Protracker compatible	0	183898	44513271	57ce5fd6	MUSIX/MODFILES/A_C/AUDIOKRA.MOD
d71fe872908a5be411acf815da592dd3	1	200644	player+volume	uade	Protracker	0	392626	7122e3d2	e789c66d	MUSIX/MODFILES/S_U/STYLE.MOD
d757e005ec42a7ec7f02bd5f783fbd07	1	253569	player	uade	Noisetracker 1.x	0	112590	a32f303e	3479c9d1	MUSIX/MODFILES/G_I/HYMN.MOD
d859d52e824a1e8ded557f34dce9a30b	1	205081	player+volume	uade	Noisetracker 1.x	0	110788	9197b257	aa6c2040	MUSIX/MODFILES/S_U/TECHNO.MOD
d8b8b4f28b80026c3c1c6b33e96d2ff6	1	220206	player+silence	uade	Noisetracker 1.x	0	354816	e90326fb	1f23c6dd	MUSIX/MODFILES/G_I/HITMIX.MOD
d8cff4bf71be69f8bcede63312e126b2	1	398007	player	uade	Noisetracker 1.x	0	199138	2cf2f48b	4f21b344	MUSIX/MODFILES/M_O/MONTAGE.MOD
d8cff4bf71be69f8bcede63312e126b2	2	401865	player
d926dc28e6acfa76b70f21c2f7819d4f	1	199797	player	uade	Protracker compatible	0	78758	2bfe68a6	56ce32a2	MUSIX/MODFILES/G_I/GOTTA_S.MOD
d98a168f85fa7e224db0c489c42d4139	1	702857	player	uade	Protracker compatible	0	141118	735619cc	060c92ef	MUSIX/MODFILES/P_R/PROGRESS.MOD
d9cc200645a2e5f52490fe9ac5c04965	1	249731	player	uade	Startrekker (4ch)	0	139286	2def07ea	eae0de3e	MUSIX/MODFILES/P_R/REACH_TE.MOD
d9e34a0e045a08cc06738b81232c7319	0	147994	player	uade	FutureComposer 1.3	0	42960	db0d271c	baf3fcca	MUSIX/MODPLAYR/FUTURE/FC6.FUT
daa56a4f279730450af658edf143f7b7	1	53872	player	uade	Protracker	0	19346	cd5b56a6	7d9da3c0	MUSIX/MODFILES/SHORTIES/JAMAICA.MOD
dac11e60032d44781087e034e3d20888	1	330398	silence	uade	Protracker	0	154614	4ede3418	ad30bc0f	MUSIX/MODFILES/M_O/MEGATEC3.MOD
dacb2a26b0e7afe1062eef26b422b749	1	128040	player	uade	Protracker compatible	0	73426	27747fdd	586e123b	MUSIX/MODFILES/V_Z/VARA.MOD
db25e51f398f88c0ba770226d4d6712d	1	166159	player	uade	Protracker	0	224540	f6c81e11	fc17185e	MUSIX/MODFILES/NUMBERS/3D_DEMO2.MOD
db5fe470056ee366a5a0137f88b3ca64	1	161397	player	uade	Noisetracker 1.x	0	96520	63d804f6	0704dfc8	MUSIX/MODFILES/D_F/DEFENDER.MOD
db8a1d153d2898bccad27460497f5d23	1	216977	player	uade	Protracker compatible	0	171346	4ec1d408	9447c93b	MUSIX/MODFILES/J_L/L_V_D_S_.MOD
db8a1d153d2898bccad27460497f5d23	1	216977	player	uade	Protracker compatible	0	171346	4ec1d408	9447c93b	MUSIX/MODPLAYR/ACP_V130/L_V_D_S_.MOD
dbedae336cb9adf85d206374ea6c5c6c	0	240559	player	libopenmpt	Digital Tracker	10	673292	a934fa21	5165fc9e	MUSIX/MODFILES/DIG_TRCK/ESCAPE.DTM
dc7114cfd4190465f419ddafa5692829	1	69224	player	uade	Protracker	0	9978	584354c4	63ee453d	MUSIX/MODFILES/SHORTIES/RYTHM_IS.MOD
dc7a6275d7748a2914be3e6c54c94f45	1	249731	player	uade	Protracker	0	239128	b1399300	b845f32b	DISKMAGS/DBAMAG11/HITTHEDE.MOD
dd4dd7e545122b54337e3eb5dc422683	1	185731	player	uade	Protracker	0	101080	54e4570a	c4413c1d	MUSIX/MODFILES/S_U/SKA.MOD
dd7fe6acc38147bffd89b8390c4e15ef	1	122645	player+silence	uade	Protracker compatible	0	1209260	a93481ed	ad8b7c2b	GAMES/CROWN_OF/M.COS
dd98849950c0bc7aff3bb422b3791125	1	122997	player	uade	Protracker	0	124090	9d265da7	559cffff	MUSIX/MODFILES/M_O/OBERHEIM.MOD
de2792198123934b5e63bfd0260d94d3	1	51401	player	uade	Protracker	0	21156	3400eb07	9c092b72	MUSIX/MODFILES/SHORTIES/MR_LUNA.MOD
de50693a4dbd1c74d10f948acb5e58a7	1	122997	player	uade	Protracker compatible	0	191824	63d257f6	07de1947	MUSIX/MODFILES/S_U/TECHNO2.MOD
de931bea44899cea9f47a814c880af56	1	366516	player+silence	uade	Protracker compatible	0	203870	0002aa1d	e7d648db	MUSIX/MODFILES/D_F/EPHEBICA.MOD
def5dbfbe2d5ce1d13f631555457771c	1	30824	player	uade	Protracker	0	5488	c1fa6501	f4732dfd	MUSIX/MODFILES/SHORTIES/RETURN.MOD
df25f944ef340ed35231321b71fed33b	1	322693	player	uade	Protracker	0	351546	0516e8a3	f69d957f	MUSIX/MODFILES/D_F/DAS_BOOT.MOD
e011cdc68bd97b8f441a673875e148a4	1	27006	player	uade	Protracker compatible	0	80166	d486dc8a	0abda434	MUSIX/MODFILES/S_U/SIGNO.MOD
e03bf7700b1e6638fa1df1f91e778e30	1	205222	player	uade	Protracker	0	206260	3d40f295	3c9005f6	MUSIX/MODFILES/D_F/DOPOS.MOD
e0597bb0db35e9734cf6b6f5d262aa0a	1	125227	player	st3play	Scream Tracker 3.00 (GUS)	8	235521	91ad359d	c7ce05ba	MUSIX/S3M/ICEFRONT.S3M
e0693128ca93b53505399039ee9cd960	1	198040	player+silence	uade	Protracker compatible	0	222640	b6c36a39	0cfc2df6	DISKMAGS/ONLINE_2/HOPEFUL.MOD
e0b70ab578628467b4ba5e64117ed513	1	248071	player+silence	uade	Protracker	0	140678	185adeea	c37591f9	MUSIX/MODFILES/A_C/CAGREEN.MOD
e0fc0290375696ec50ea0548e04751be	0	115671	player+silence	libopenmpt	Digital Tracker	24	841691	8e7b2b8e	c32da069	MUSIX/MODFILES/DIG_TRCK/NOHAPPY.DTM
e138931b4ff0543d2425ce788955076b	1	205624	player	uade	Protracker	0	408034	b6a5cf3a	ce7d85c7	MUSIX/MODFILES/D_F/DEFLORAT.MOD
e1a61d32ce169c865ed4326c193d58c0	1	88434	player	uade	Protracker compatible	0	192676	c3270b00	3d898775	MUSIX/MODFILES/SCENEMOD/SWEET.MOD
e27c7a70ce8ec5cbc54f0fe863b8ee4d	1	284414	player	uade	Protracker compatible	0	118072	627fb88a	5c556893	MUSIX/MODFILES/S_U/THE_KING.MOD
e27ebea6c98ebb738516a0d06bea3e0c	1	416132	player	uade	Protracker compatible	0	121390	9dcb3f4b	5987deb9	MUSIX/MODFILES/A_C/APOCALYP.MOD
e2acaea8a939dd31efdad2057f77e89d	1	87791	player	uade	Protracker	0	20084	dde876c5	3dca143f	MUSIX/MODFILES/SHORTIES/SPEECH_D.MOD
e2f471a834bfcd94c39b68f0314dbacf	0	39605	player	uade	Ultimate-Soundtracker or compatible	0	27472	7c2470fb	0333d97e	MUSIX/MODFILES/S_U/TRISTAR.MOD
e3128d1ad4fda70c010f01b721a48a40	1	63015	player	uade	Protracker	0	22790	25edca70	1d6cf43f	MUSIX/MODFILES/SHORTIES/BITINTRO.MOD
e322ed337ec6109742229e01bf5a5855	1	134531	player	uade	Protracker	0	113292	0b09be70	83d3b162	MUSIX/MODFILES/G_I/HELP.MOD
e33660176db4fa0b0c097636d24d88d4	1	157217	player	uade	Protracker	0	87784	b61a29fe	f59fe1ba	DEMOS/J_R/OBNOXIOU/_07.BIN
e371497d14dc72d4969d8e84633d1c8f	1	176769	player	uade	Protracker compatible	0	59648	ccaed19a	09c4f514	MUSIX/MODFILES/D_F/DEMOTHEM.MOD
e3805f630de99c1db3ebdeda3f11ddad	1	817495	player	uade	Protracker (vblank)	0	127844	97dccc89	d33b36c9	MUSIX/TRACKER/PROTRACK/MODULES/NEBULOUS.MOD
e43882e11c7ee8f582b03ef94bea573b	0	346145	player+silence	libopenmpt	Digital Tracker 2.3	10	223298	66b00640	3dd47385	MUSIX/MODFILES/DIG_TRCK/NEWMUSIX.DTM
e47dd4e51cbd9b282079f1a17df91de0	1	30824	player	uade	Protracker compatible	0	42056	5bef0866	1880f0e5	MUSIX/MODFILES/D_F/DEMO3.MOD
e486d77aabc2a3555b947bae80cd24e2	1	234359	player	uade	Protracker compatible	0	72126	dfd1a1cb	2e62bb2d	MUSIX/MODFILES/J_L/LEAVE_TH.MOD
e4e1e93ee4600622cff38db2e2b5ed48	1	120445	player	uade	Protracker	0	41496	a654d746	56512da0	FR_BITS3/MUSIX/EQUINOX/IN_LATE.MOD
e5e0d3ee9064a96147c4f903ad06df04	1	119319	player	uade	Protracker	0	80134	6a411c8f	d659b71e	MUSIX/MODFILES/D_F/DUNGEONS.MOD
e63182126901e630a2efbc06e441ab7e	1	98682	player	uade	Protracker	0	26992	370c0dab	c52dbba1	MUSIX/MODFILES/SHORTIES/TURRICAN.MOD
e650e0a734fac6989a5c4d761bc43189	1	61568	player	uade	Protracker	0	179710	9d02370d	f504e68d	MUSIX/MODFILES/G_I/HYMNE.MOD
e6bf56c85aff0c82714d466f484c3502	1	153721	player	uade	Protracker compatible	0	218512	bd00ce5f	fa01bfbc	FR_BITS3/MUSIX/DAWN/NOGOOD.MOD
e6c32e4123023f008d3c0f8eed2753db	1	84817	player	uade	Protracker	0	25708	a11ff30e	122275a4	MUSIX/MODFILES/SHORTIES/SHORTIE1.MOD
e7bb2e2ff476822ac5f0edcefe776ca6	1	220293	player	uade	Protracker compatible	0	126070	cfb8b4d5	ad5e3f25	MUSIX/MODFILES/A_C/CROCKET.MOD
e8376dd29a5bd14a44b2e9c0c5c26c4c	1	311964	player+silence	uade	Protracker	0	171268	d8509be2	14366ea2	MUSIX/MODFILES/A_C/CYBEROT.MOD
e871a3051db060bd23ab3e979fc97222	0	248038	player+silence	libopenmpt	Octalyser (Atari)	8	651808	8620951f	57388814	MUSIX/MODFILES/SCENEMOD/8_PHASE2.MOD
e8859fd988a67b1b6617559cba3575c3	1	115321	player	uade	Protracker compatible	0	116440	bc2fff37	88add01d	MUSIX/MODFILES/G_I/HUM_DEMO.MOD
e9456ada566a15190cc7ab3642cc7586	1	92272	player	uade	Noisetracker 1.x	0	65676	c0354544	5e17f76a	MUSIX/MODFILES/G_I/HEAVY.MOD
ea119ef12f7cad9ff6108a16135617cb	1	142604	player+silence	uade	Protracker compatible	0	40504	77e906ea	ce754549	MUSIX/MODFILES/V_Z/WATERFAL.MOD
ea1aa147ddd9747f27f35d12f675cdc4	1	208056	player	uade	Protracker	0	68882	12cdad26	d16cd978	MUSIX/MODFILES/M_O/MANDELFO.MOD
ea57f182f14b609d096f3d035a2d910d	1	169093	player	uade	Protracker compatible	0	63112	6c8aa679	c92adadb	MUSIX/MODFILES/J_L/KEFRENS.MOD
eaad1ca3ef61d995aaa5aca4eae493a1	1	112769	player	uade	Protracker compatible	0	89094	a0725839	e2100b03	DISKMAGS/IONSCENE/MODULES/CRUSADER.MOD
eaad1ca3ef61d995aaa5aca4eae493a1	1	112769	player	uade	Protracker compatible	0	89094	a0725839	e2100b03	MUSIX/MODFILES/A_C/CRUSADER.MOD
eac82be9bc3fc7d758a6312779ebb924	1	53872	player	uade	Protracker compatible	0	148792	a628683b	93708f9d	MUSIX/MODFILES/J_L/KNMARE.MOD
eae3b7dae2cde2583ec6a5680df17758	1	256824	player	uade	Protracker	0	198662	1b933e0a	ae0dde1a	MUSIX/MODFILES/D_F/EPSONIC.MOD
eaf1fced805b47580bfd3af04deb4177	1	115321	player	uade	Protracker	0	16782	ee955b61	c06376a8	MUSIX/MODFILES/SHORTIES/RAM_HOT.MOD
eb061044b10aec180e0a020251698511	1	637350	player	uade	Protracker (vblank)	0	224256	b6e7cc98	568c24cf	DISKMAGS/ONLINE_1/KLISJE.MOD
eb067d4e5382bf20a35f9acf5c89c7dd	1	259597	player	uade	Protracker	0	43142	35953841	1e37d9bc	MUSIX/MODFILES/J_L/LOREMY.MOD
ec2e159d91bff824dde0ac4e5844c564	1	192141	player	uade	Noisetracker 1.x	0	50920	8c79cd82	d8e69d4a	MUSIX/MODFILES/A_C/BROKEN.MOD
ec435da07ccefea7f0b09fdb887543a9	1	198056	player+silence	uade	Protracker	0	317680	7f736947	65bc6d0c	MUSIX/MODFILES/P_R/REAL_MOT.MOD
ec8bf6f3dfc749f783df56c2b29bc37d	1	205725	player+silence	uade	Protracker	0	57714	657e225f	1dec73d6	MUSIX/MODFILES/S_U/UTOPIA.MOD
ed2345bdef9dcbaa616ec032c32c9f71	1	531975	player	uade	Protracker compatible	0	168296	1c3fe098	064faa11	MUSIX/MODFILES/D_F/DANCIN_N.MOD
ed3471b86f1b3a81baa32b788df72cb5	0	174402	player+silence	libopenmpt	Octalyser (Atari)	8	651808	0a40c83b	1ccc1b12	MUSIX/MODFILES/SCENEMOD/8_PHASE1.MOD
ed3471b86f1b3a81baa32b788df72cb5	1	176377	player
ed5d6017f723edc3a7b021402505e05c	1	281239	player	uade	Protracker compatible	0	93516	f44fc248	8b32675f	MUSIX/MODFILES/P_R/PKB.MOD
ed78690765ee3439fecf3852c9b6e13c	1	41072	player	uade	Protracker	0	7606	8074d14e	f3ea3a49	MUSIX/MODFILES/SHORTIES/WOTIN_03.MOD
ed94e63b54ffd503e126cf742083acd6	1	16437	player	uade	Protracker compatible	0	79342	ad551a84	0ade030e	MUSIX/MODFILES/S_U/TEASPOON.MOD
edc6d9b4b1ee5901848eed4eca56eccf	1	436492	player+silence	uade	Protracker compatible	0	1439228	7c3a6c81	544570a7	FR_BITS3/FULLDEMO/AVENA_DC/DEMO.MOD
edc6d9b4b1ee5901848eed4eca56eccf	2	218535	player+volume
edc6fa2011f65919873d294a6138cf77	0	272719	player	uade	FutureComposer 1.3	0	66072	93f5902e	a5b4fd3e	MUSIX/MODPLAYR/FUTURE/TRISTAR.FUT
eec30fb68b5fec0bb48e22a4530e3e46	1	102963	player	uade	Protracker	0	12200	83cd85df	56c05063	MUSIX/MODFILES/SHORTIES/SILICONV.MOD
eedca66e3f8380306f0843cb48ea827d	1	75011	player	uade	Protracker	0	82946	e4505ec7	32d32ccb	MUSIX/MODFILES/G_I/GLASCUBE.MOD
eefc7b139f6087d6c45e1a4183efc5b5	1	261225	player	uade	Protracker compatible	0	461383	4119f7bd	eadee9c6	FR_BITS3/MUSIX/PSYCHONO/FULLVERS.MOD
eefe3d0cdef9d2408d73948c01c7a470	1	253569	player	uade	Protracker compatible	0	210266	5f900d4b	a77c90b5	MUSIX/MODFILES/D_F/FOLLOWME.MOD
ef04930869fad0ec03a05b893578315a	1	171322	player+silence	ft2play	Fasttracker	8	297708	4bf09bd1	e2c14cb8	MUSIX/MODFILES/8_VOICE/8_CD2PT1.MOD
ef04930869fad0ec03a05b893578315a	1	171322	player+silence	ft2play	Fasttracker	8	297708	4bf09bd1	e2c14cb8	MUSIX/MODFILES/A_C/CD2PART1.MOD
efc0e81729ba160c2a655d987e1f261b	1	38520	player	uade	Protracker	0	7734	0b15aeec	5906f256	MUSIX/MODFILES/SHORTIES/CHIPS_14.MOD
f02adb150c10018b91dce785f28f7826	1	107645	player	uade	Protracker	0	23408	c768882b	8d881b21	MUSIX/MODFILES/SHORTIES/MOONSTON.MOD
f0c27b7d617830ac5a23b1cc8bf7c175	1	107079	player+volume	uade	Protracker compatible	0	375506	51b45e14	7182f272	FR_BITS3/MUSIX/GIANTS/RMX1.MOD
f0f18f50010be68671339dd6ce39b6e1	1	241928	player+volume	uade	Protracker	0	1054292	25db9c56	e3af4537	MUSIX/MODFILES/S_U/THE_BUND.MOD
f12bc2de79a8f3df2cb4bc81d8577caa	1	209521	player+silence	uade	Protracker	0	71588	8f422c53	c98787e6	MUSIX/MODFILES/A_C/BEYOND.MOD
f1a3e121679697144ebb930340a7665d	1	57948	player+silence	uade	Protracker	0	85296	473b2683	5ce7b6e3	MUSIX/MODFILES/D_F/DEVILS.MOD
f1be09a842ef502b1fe06f5e00c11fe8	1	138369	player	uade	Noisetracker 1.x	0	62460	503e102d	b373040e	MUSIX/MODFILES/D_F/EXODUS.MOD
f21a6cefe7deaa014a8782d535d24765	1	44910	player	uade	Noisetracker 1.x	0	51320	41fcb360	7a7a5877	MUSIX/MODFILES/D_F/FAIRLIGH.MOD
f27781792767a8fef766de709fd933e9	1	249631	player	uade	Protracker	0	375378	a676eda9	4db22232	MUSIX/MODFILES/V_Z/WHEELOFF.MOD
f29bc684076ccf1c87e70b242d590809	1	84416	player	uade	Protracker	0	14320	acfd87f9	baee57e1	MUSIX/MODFILES/SHORTIES/SHORTIE2.MOD
f2d1ef816326d319c4ff9a11688c83d4	1	157579	player	uade	Soundtracker II (31 instr.)	0	141436	dcf88778	e502ba53	MUSIX/TRACKER/DIGIT030/GUN.MOD
f2f6f86f1a7bd2409497f8182ab18e5e	1	299993	player+silence	uade	Protracker	0	347582	ce7ec712	3b054cdd	MUSIX/MODFILES/S_U/S_DEBRIS.MOD
f2f6fa8eedc89f9a7a645ac7bc3ec2f2	1	61568	player	uade	Protracker compatible	0	4608	152c9c8a	cc7b59c7	MUSIX/MODFILES/SHORTIES/MALSWAPP.MOD
f320c370b16dbb3942a5097c14e9b4ef	1	256695	player+silence	uade	Protracker compatible	0	303134	7aac00f9	fd72a596	MUSIX/MODFILES/SCENEMOD/AUTO2.MOD
f3285321c8974cbfabb52cc4904fc3a7	1	172773	player+volume	uade	Protracker compatible	0	271836	d6936f86	8393e5dd	MUSIX/MODFILES/S_U/SCHWING.MOD
f3484eef519cc32aa319b13c1f1e7b07	0	88394	player	uade	FutureComposer 1.3	0	8826	aaf15423	8f6e263b	MUSIX/MODPLAYR/FUTURE/MIKAELB1.FUT
f34fd6960181b95030fe04238d7a5f91	1	180607	player	uade	Protracker compatible	0	80006	5ae4d503	c65618ff	MUSIX/MODFILES/P_R/PENGO.MOD
f38729bd4e769cf7310ebb4207848280	1	128044	player+silence	uade	Protracker	0	256652	ccae7049	4087b87c	MUSIX/MODFILES/J_L/JMI_HNDX.MOD
f49eb484a8f9f846a0ea00044b0c3692	1	286865	player	uade	Protracker	0	161764	3f9ea7ff	91fc8ec4	MUSIX/MODFILES/D_F/D_DREAM3.MOD
f5abbec29915e25c4acea6a06c05f628	1	264119	player	uade	Protracker compatible	0	131072	55d2cfee	ac4ea5cf	DEMOS/E_I/ILLUSION/MUSIC/ILLUSION.MOD
f6a847e801d4700cdb24d1ecadac3605	1	208920	player	uade	Protracker	0	319242	5b696bd6	c2d4e4ae	MUSIX/MODFILES/A_C/AGASONG.MOD
f6d846e7148cd130fb32103f00c23cec	1	34682	player	uade	Protracker	0	15832	61e8d498	e8a0c59e	MUSIX/MODFILES/SHORTIES/GALACTIC.MOD
f6e8373635e3b5f8e9be4d4fee49d73e	1	189529	player	uade	Protracker compatible	0	888436	f6ff3a3b	572a9f37	FR_BITS2/MUSIX/NWT/MR_BOND/MR_BOND.MOD
f6f9997f3b48ff24065906f677f6d49b	1	345561	player	uade	Protracker compatible	0	99798	49de7efb	6272437e	MUSIX/MODFILES/M_O/MONTYMOL.MOD
f711b563204acd8588721130f63d2573	0	199094	player	uade	FutureComposer 1.3	0	17988	bab0e76a	0fd1fda3	MUSIX/MODPLAYR/FUTURE/HIPPEL.FUT
f76c41abd6d13338b4a3bd8df2c9ad05	1	102520	player	uade	Protracker	0	149658	b095688a	f7e6a461	MUSIX/MODFILES/G_I/HTSAC.MOD
f7d32a01ab96ef5f62918589dd35fe1a	1	479549	player	uade	Protracker compatible	0	1444348	25deb2ec	8d533d37	MUSIX/MODFILES/SCENEMOD/MYBABY.MOD
f8552bf3c84bdef5d543b16f5fa92b31	1	35968	player	uade	Protracker	0	10000	87118ea1	f1853524	MUSIX/MODFILES/SHORTIES/FASTFOOD.MOD
f85ab98656584c6735144bdd6d62a981	1	73082	player	uade	Noisetracker 1.x	0	57124	c71a7e2c	ee4d134e	MUSIX/MODFILES/P_R/PIANO.MOD
f88399a08d9754382be379db6e9d2006	1	130693	player	uade	Protracker compatible	0	124500	d5917851	1c96f99b	FR_BITS2/MUSIX/TNB/FXL/FOURNAME.MOD
f8d7a7f8a2e6a13cc02ee351032d2b6d	1	236598	player+volume	uade	Protracker	0	359182	d043c56a	a587eac8	MUSIX/MODFILES/A_C/ALLTSHEW.MOD
f911c0236b3444909546e92e8769e559	0	224714	player	uade	FutureComposer 1.3	0	16864	e718c5a3	1faf181a	MUSIX/MODPLAYR/FUTURE/DUALCREW.FUT
f93be31ce21913c677c5cf39f3e757e6	1	198040	player+silence	uade	Protracker compatible	0	222640	beda2768	63cc5d1f	DISKMAGS/ONLINE_1/HOPEFUL.MOD
f9adc80d4c7057d36d71eb44d90bc6f3	1	195698	player	uade	Protracker	0	91446	f065b6c2	5013ba83	MUSIX/MODFILES/D_F/FEELINGS.MOD
f9b99cb65802a3247f71b54d06cc3f21	1	143175	player+silence	uade	Protracker compatible	0	82004	5070a902	84320d00	MUSIX/MODFILES/P_R/RAA.MOD
f9f2a060d80b6d6c3dad513cf9be803b	0	359767	player	uade	FutureComposer 1.3	0	23434	ed9acc28	e6f0b21b	MUSIX/MODPLAYR/FUTURE/SHAOL5_6.FUT
fa135550c1335a4a50f0e8d5feb6f449	1	224131	player	uade	Protracker	0	169188	c50df4d2	a00fb7eb	MUSIX/MODFILES/D_F/DREAMS.MOD
fa60d8b973caba596c865c5bf5455c99	1	158863	player+silence	uade	Protracker compatible	0	246140	0a42ae94	5969574b	FR_BITS2/MUSIX/TNB/LOT/STOLEN_S.MOD
fa93153094442abc1158030805e2d418	1	153721	player	uade	Soundtracker II (15 instr.)	0	84974	625208fe	03273978	MUSIX/MODFILES/S_U/SPREAD.MOD
fb328ea3b347d699f5924eed2825e8c7	1	155650	player	uade	Protracker	0	134706	914c3697	18c0569f	MUSIX/MODFILES/J_L/JUICY.MOD
fb821c923f68dd083edae2f13ef2c17d	1	113452	player	uade	Protracker	0	27804	4d7e55b3	a804f8d0	MUSIX/MODFILES/SHORTIES/APLESIAT.MOD
fb94749026f43fa7fc4d582b5eef9783	1	322087	player+silence	uade	Protracker	0	215986	932db8e8	54f2d970	MUSIX/MODFILES/P_R/PINBALL.MOD
fc477f046517e72a9cd4ebede70d4aa8	1	175784	player	uade	Protracker compatible	0	210570	aa462f77	e52bad23	FR_BITS2/MUSIX/ANM/DOMM/GLORIOUS.MOD
fc608165df3b374cff9d1fb7c5068bd9	1	199797	player	uade	Noisetracker 1.x	0	65072	03ab3367	5efa8486	MUSIX/MODFILES/A_C/BIGBALLS.MOD
fcee9f53c26b96aaae83e683eab971e4	1	439263	player+silence	uade	Protracker compatible	0	118230	0626ade1	8398d3c8	DEMOS/S_Z/SLIDE/SLIDE.MOD
fcee9f53c26b96aaae83e683eab971e4	1	439263	player+silence	uade	Protracker compatible	0	118230	0626ade1	8398d3c8	MUSIX/MODFILES/S_U/SLIDE.MOD
fd945ca2e69e8267a143f8a68a81f6ca	1	353418	player	uade	Protracker compatible	0	110162	6e400e69	c21dca94	MUSIX/MODFILES/S_U/SAMURAI2.MOD
fe17fc4a1a12dce7ef74e2bd7a730d1a	1	246083	player+volume	uade	Protracker compatible	0	57062	ce4e29ff	b5cd5dbd	MUSIX/TRACKER/PROTRACK/MODULES/BESTSID.MOD
fef8fa0dddab10ed7f046b0b9fc134e6	1	306505	player+silence	uade	Protracker compatible	0	76936	05a2eb67	7934f945	DISKMAGS/UNDER_C3/DATA/MODULES/SYMPATHY
ff710df6f5101d2ebf1553a3b12d8fc4	1	233838	player+silence	uade	Protracker compatible	0	153676	715ab12b	9d56c227	MUSIX/MODFILES/S_U/STARDUS2.MOD
ff9a00e8a3d105877ec9e7593cca8299	1	41072	player	uade	Protracker	0	3822	091a73ed	b53ed812	MUSIX/MODFILES/SHORTIES/KOMPOTUU.MOD
ffa2d56297986161a4c048787d25df84	1	316432	player+silence	uade	Protracker	0	505956	d671f0d9	11b55b78	MUSIX/MODFILES/A_C/AN_ANGEL.MOD
ffbaf947bb5ed98d1279b2f42821ad6b	1	355764	silence	uade	Protracker	0	283550	e943d4d6	da89f22e	MUSIX/MODFILES/S_U/THEWAR.MOD
