0027ae65460d226b99f14942525bf72d	1	307321	player	uade	Protracker	0	44762	a7ab3869	ecbd31da	Programs/Graphics/AGA-Utils/VideoTracker/Modules/mod.techno1
006f868d3c81e77493dbf827844d57d0	1	96130	player	uade	Protracker	0	72154	7b268f76	a9567f02	DataFiles/MOD_files/soul/almost.mod
01181add2318381017e7b738097455da	1	387980	player	uade	Protracker compatible	0	151617	526d7608	80d4bc6f	DataFiles/MOD_files/Synth/attack.mod
01839c4cf9af72d5bbd8bf5a1cab26b4	1	267736	player	uade	Protracker	0	81086	43ff2c4a	66caff36	DataFiles/MOD_files/soft/letsplay.mod
01f0dac9e02682d94fbdd953f6e4c697	1	53872	player	uade	Protracker	0	48722	256b33ca	7a6207de	DataFiles/MOD_files/soul2/money.mod
0248a62f9eade4e39d9b69f8e925b269	1	340617	player	uade	Protracker compatible	0	187574	fa1b714e	6e69a7e0	DataFiles/MOD_files/Synth/audkrft.mod
0250527c0cc2c5915b6703fc2d897491	0	113985	player+silence	libopenmpt	Master Soundtracker 1.0	4	110000	84fe8f93	e8d1caff	DataFiles/MOD_files/soul2/hubaluba.mod
0317684bee38265ae2721b3fd0d8920f	1	358713	player+silence	uade	Protracker	0	346174	89217d27	8ac76fc8	DataFiles/MOD_files/Acid/ifeelmuc.mod
037007ebc600f4a2e99525de45aee4bb	1	99968	player	uade	P40A - P40B - P41A	0	22764	efc34d43	e8c4573f	Programs/Music/Players/P4xx/modules/P40A.GiftOfGods
0379a44027157aeea19db8a66e4a493b	1	14408	player+silence	uade	Protracker	0	31326	aae80b1c	6cdb9b31	Games/deluxe_galaga23/galaga.jingle2
037f39f8d49b2a26c4d5c6a59b427729	1	115321	player	uade	Protracker	0	103120	89a41393	bb939bd7	DataFiles/MOD_files/hits2/petergun.mod
044b0b175f6627447a024e65d96f57dd	1	396953	player+volume	uade	Protracker	0	248922	6d7e1c10	67ff8573	DataFiles/MOD_files/NewAge2/inversem.mod
0496d0572acc47c114c81194d0ef4ec2	1	187318	player	uade	Protracker	0	163382	51c4de6d	b9c33a97	DataFiles/MOD_files/TopTunes/kefmania.mod
04b2cd1329ccf76598a1b5f1a36f1482	1	203653	player+silence	uade	Protracker	0	298354	a721cc18	c4677fbe	DataFiles/MOD_files/hits/invisman.mod
04d22239083f769a94ca3ee06ced95dd	1	709308	player+silence	uade	Protracker	0	199998	24c60f05	adde7410	DataFiles/MOD_files/soul2/nowwhat3.mod
04d97822bee6d4ddda68ce99d47ed5a7	1	84616	player	uade	Protracker	0	79996	849d65bf	5fa45400	DataFiles/MOD_files/Synth2/bluemood.mod
04dc0a5dab332ad137ea3adc83122778	1	130693	player	uade	Soundtracker II (15 instr.)	0	81622	a709ca46	d72a460a	DataFiles/MOD_files/hits2/mastserv.mod
056744b8470f929e540618cedee89be5	1	146045	player	uade	Noisetracker 1.x	0	43652	92bfc34a	b96cbc18	DataFiles/MOD_files/soft2/nsspeed.mod
0584fd255492995680d28565971051c3	1	65527	player	uade	Protracker	0	60506	dccda245	a2062af7	Programs/Music/SampleEdit/SamPull/Mod.SPSong!
05a6177f39551e21d9b6c5a0c359e0d3	1	99968	player	uade	Soundtracker II (15 instr.)	0	62216	b5afde6e	c75aeb4b	DataFiles/MOD_files/hits2/push_it.mod
05ad19b757d147cf408d24c81249d3c0	1	149883	player	uade	Protracker	0	61068	11d3cf02	87f0d8c7	DataFiles/MOD_files/hits2/sadmad.mod
05e4399e3f86878e649a63cdd56f8302	1	120324	player	uade	Protracker compatible	0	27410	8654c9aa	82b092c1	DataFiles/MOD_files/soft/fireball.mod
067f06fad4edbc3816d05c45ebd7f92f	0	30704	player	uade	FaceTheMusic	0	24188	299c3037	6a45f0ff	Programs/Workbench/MaxonMAGIC/MM_SModule/ACCOHOP.FTM
067f43e93c11f6431b1c3101cc4a4394	0	215068	player	uade	Synth 4.0	0	25522	8fd4a725	2a9c06ef	Programs/Music/MISC/ExoticModules/SYN.Alcazzar.pp
069e22272237451a7e4b2faca2477bf8	1	249731	player	uade	Protracker compatible	0	139946	489a0615	ebb63b9f	DataFiles/MOD_files/soft/exp.mod
06b0dfec21966af516aaf80fde1db077	0	80698	player	uade	FutureComposer 1.3	0	6378	76ff1aff	278cc882	Archive/Assembly/angInt.S.lha/mod.tristar
06b0dfec21966af516aaf80fde1db077	0	80698	player	uade	FutureComposer 1.3	0	6378	76ff1aff	278cc882	Archive/Assembly/angInt4.s.lha/mod.tristar
06b0dfec21966af516aaf80fde1db077	0	80698	player	uade	FutureComposer 1.3	0	6378	76ff1aff	278cc882	Archive/Assembly/angInt6.s.lha/mod.tristar
06b0dfec21966af516aaf80fde1db077	0	80698	player	uade	FutureComposer 1.3	0	6378	76ff1aff	278cc882	Archive/Assembly/angInt8.s.lha/mod.tristar
06b0dfec21966af516aaf80fde1db077	0	80698	player	uade	FutureComposer 1.3	0	6378	76ff1aff	278cc882	Archive/Assembly/angInt9.s.lha/mod.tristar
06b0dfec21966af516aaf80fde1db077	0	80698	player	uade	FutureComposer 1.3	0	6378	76ff1aff	278cc882	Archive/Assembly/DemoSrc.lha/demo.module
0720c055decb9c1461edcbc08a7fa6b8	1	83217	player+silence	uade	OctaMED MMD1	0	38496	4ef71883	3ee8b322	Programs/Music/MusicEditors/Octa5/Modules Supplied by MUG/5
07a968a75fb7b476bc5619fb1f0d167f	1	143493	player	uade	Soundtracker II (15 instr.)	0	86518	5ed081da	6ba3e967	DataFiles/MOD_files/hits2/revoluti.mod
07fdd78449ebd2eee9ae8e387f2bfb78	1	156936	player	uade	Startrekker (4ch)	0	79736	9cca2af8	9309533b	DataFiles/MOD_files/soft/l3cd3.mod
085344682847dca6ba614f0fe840c9e6	1	102520	player	uade	Protracker	0	51090	43e826a3	12ce1403	DataFiles/MOD_files/TopTunes/laxity.mod
09362ecdda2d99a18818b9ed11fe2857	1	62834	player	uade	Protracker compatible	0	18486	f2b941b3	e1df00ac	DataFiles/MOD_files/soft/introm.mod
0957e6dedf4ce62668ca3647b1d3b2c5	1	228853	player	uade	Protracker compatible	0	157922	fd4ff017	c7a4867b	DataFiles/MOD_files/hits/another1.mod
0972720b5565cd7ed30f6bf71af5e28c	1	531011	player	uade	Protracker	0	106592	1072546a	c8858c94	DataFiles/MOD_files/TopTunes/filedsof.mod
0995771445595b9c3ebc37fe65898d8a	1	241255	player+silence	uade	OctaMED MMD0	0	123118	f3266425	107bdd07	Programs/Music/MusicEditors/Octa5/MAGICNOISES/TERMINATOR II
09b8f1bdfd8334bdbb83b1ed51b809b0	1	341903	player	uade	Protracker compatible	0	113664	339f037c	0dbfaa23	DataFiles/MOD_files/NewAge2/spirit.mod
09df390f396e55bfddb92f4bc2068741	1	115321	player	uade	Noisetracker 1.x	0	97224	7c9d5562	229d3189	DataFiles/MOD_files/soft2/roll_out.mod
09e761edeb4919de4c326387e7803f05	1	56987	player	uade	Protracker	0	42838	c87c07c6	6ff240e6	DataFiles/MOD_files/Synth2/bse_1.mod
0a02c8f71385c05a68a0a8a76b460973	1	167787	player+silence	uade	Protracker compatible	0	98604	e9b78b70	de5b5f01	DataFiles/MOD_files/NewAge2/Metal.Mod
0a6126a438653187c29784fb8005962c	1	258693	player	uade	Protracker compatible	0	310551	51665473	2ca85483	DataFiles/MOD_files/Synth2/coolr.mod
0a67beaeb76f62839fbdbed9aeabafaa	1	265206	player+silence	uade	Protracker	0	399278	2f422384	fcadfd0a	DataFiles/MOD_files/hits/2_unlim.mod
0ab116fb332c0df0a144b4fd13889f3e	1	130693	player	uade	Protracker	0	54560	c0122d93	0093b1bb	DataFiles/MOD_files/soul2/jagfunk.mod
0b5187ca8b4aa0af61bfb375a3873a6b	1	149883	player	uade	Protracker compatible	0	87366	5e8b5900	24ece68a	DataFiles/MOD_files/Synth2/bionix.mod
0b5cc83bb5bae652da133917d77979df	1	89720	player	uade	Startrekker (4ch)	0	63852	8fada12c	4ae97084	DataFiles/MOD_files/soft/galeforc.mod
0b63ca7f4fbfde888c7f8738339fdf3c	1	122135	player+silence	uade	Protracker	0	95284	b11947ce	51ae372a	DataFiles/MOD_files/Acid2/natural.mod
0b69f5838451c5782d48008e443c6684	1	268921	player	uade	Protracker compatible	0	107518	9c6025dc	1130eb3e	DataFiles/MOD_files/hits/042.mod
0b78b032754e3145fe7282a67db5e726	1	146045	player	uade	Protracker	0	120004	b69ea462	f688183c	DataFiles/MOD_files/soft2/preader.mod
0bbff378da0c12311ab341575fe0d8c8	1	176769	player	uade	Noisetracker 1.x	0	59552	5b9f1278	bcfa9fa1	DataFiles/MOD_files/soft2/magnum.mod
0bd52db095999baf20d07be3ed9c9785	1	222845	player	uade	Soundtracker II (15 instr.)	0	70214	5406a2a9	ca7c5ce8	DataFiles/MOD_files/hits/bad.mod
0be91ffe83cf7ddf95f22e079266bd78	1	230541	player	uade	Protracker compatible	0	70388	105b38f9	215de516	DataFiles/MOD_files/soft/intheair.mod
0becf353a9dcf0860f6f5f9eaf239d67	1	431684	player+volume	uade	Protracker	0	255412	c87d01e2	75078b3f	DataFiles/MOD_files/TopTunes2/silents.mod
0ca5be9c50556f9af06950dadd8d96ef	1	116586	player	uade	Soundtracker II (31 instr.)	0	52894	66d4d463	32b90787	DataFiles/MOD_files/soft2/sphinx.mod
0cab0916c6c33908680921565969e3df	1	95166	player	uade	Soundtracker II (15 instr.)	0	45264	4219391c	2fddd3d4	DataFiles/MOD_files/hits/1sttime.mod
0d2bd8a309b1160ca4aea03f5a434a19	1	192141	player	uade	Startrekker (4ch)	0	85584	5053e0c5	c4ac3cfd	DataFiles/MOD_files/soft/dreamsta.mod
0d48f53e1a9b9f8d941ec73af9427870	1	206207	player	uade	Protracker	0	43958	cdfe051b	8c4d87d4	DataFiles/MOD_files/soft2/thingzch.mod
0dee161cc267ae6d8a3939c49fec8959	1	120726	player	uade	OctaMED MMD0	0	49606	914c5566	6fbce809	Games/MegaBall/MB_Music/HighScore.tune
0dee161cc267ae6d8a3939c49fec8959	1	120726	player	uade	OctaMED MMD0	0	49606	914c5566	6fbce809	Games/MegaBall/MegaBall.lha/MegaBall/MB_Music/HighScore.tune
0dfe2bb4eb59a4acd265bd826b019767	0	145984	player	uade	FutureComposer 1.3	0	6756	9d4bc05b	122f2211	Archive/Assembly/angint5.s.lha/mod.thalion
0dfe2bb4eb59a4acd265bd826b019767	0	145984	player	uade	FutureComposer 1.3	0	6756	9d4bc05b	122f2211	Archive/Assembly/angTrain.lha/mod.thalion
0e0aa39edf36f3a56d5fbacc3d07c689	1	133245	player	uade	Soundtracker II (31 instr.)	0	97680	87e9ba18	cba1e74e	DataFiles/MOD_files/soul2/m_o_n.mod
0e6aa1d4bbe8a25a3efb2fcd2637f399	1	248284	player	uade	Noisetracker 1.x	0	217432	d2c59d31	75aba656	DataFiles/MOD_files/soul/finalmix.mod
0ea0a334e7b633dc8d1d0565fa95d680	0	38420	player	uade	Synth 4.0	0	3260	e3515deb	38cc11db	Programs/Music/MISC/ExoticModules/SYN.Sarcophaser-hiscore.pp
0efa01259fd37f180600d0923509070c	0	61448	player	uade	Mugician	0	4084	df082dfa	b961aeee	Programs/Music/MISC/ExoticModules/DMU.FerryTeel.pp
0f2f8b3e492de803d26815e59dbf8f5e	1	245893	player	uade	Protracker compatible	0	119682	07b75c39	e928b6b0	DataFiles/MOD_files/soft/fitta.mod
0f429b76036964785a6aa72b30cb6986	1	82044	player	uade	Protracker compatible	0	105838	25b6c433	0c011e57	DataFiles/MOD_files/soul/calm_mom.mod
0fff9c075441ada2177a692b5b65a154	1	192141	player	uade	Protracker	0	155510	def59b4e	285e2854	DataFiles/MOD_files/soft2/mixgrand.mod
1038f1bf04447e62fd4731f50e0fedd4	1	46216	player	uade	Noisetracker 1.x	0	58080	4de24e08	927c00ec	DataFiles/MOD_files/soft2/tse.mod
110075e69b831f50e2ba3bd5ad08c6a1	1	315017	player	uade	Soundtracker II (15 instr.)	0	89580	4d7ecd18	cd710d24	Games/rescue/rescue.song1
111b81d844be0e577688d03462347b0b	1	103485	player	uade	Protracker	0	126656	d711a0b8	25862c45	DataFiles/MOD_files/soul/boneless.mod
1151df4e616fa285d9460c971d551a6d	1	286926	player	uade	Protracker	0	88824	299d6775	cc28f940	DataFiles/MOD_files/soft2/ove.mod
11cd568e4593d085b948aff469bfa404	1	123961	player	uade	Protracker compatible	0	65302	13254813	f90a9ad6	DataFiles/MOD_files/Synth/antirack.mod
11df8e8b0c93fc3a3a3d7a6f04834caa	0	15814	player	uade	Ultimate-Soundtracker or compatible	0	39672	ee86e382	17e72bbd	DataFiles/MOD_files/hits2/pennylane.mod
11e8b6b76366ab69abb1b7f6962c69ec	1	345721	player	uade	Soundtracker II (15 instr.)	0	47574	2ed45d08	12a5abcf	DataFiles/MOD_files/soft2/stuntmn2.mod
12466297588915f601bca5ac66606890	1	361073	player	uade	Protracker compatible	0	73864	5b8e25c6	6eecd72d	DataFiles/MOD_files/soft2/tale_of.mod
12a249d7cdf0b265f319cce4b6b6f3fe	1	194693	player	uade	Protracker	0	106566	06aebb20	a63f7bd6	Programs/Music/MusicEditors/IceTracker/icetracker11.dms/modules/mod.illusivereal
12a249d7cdf0b265f319cce4b6b6f3fe	1	194693	player	uade	Protracker	0	106566	06aebb20	a63f7bd6	Programs/Music/MusicEditors/IceTracker/modules/mod.illusivereal
1311f651fa0f4df4152369706cb8a046	1	235411	player+volume	uade	Noisetracker 1.x	0	222058	4a76122e	83e9e6c7	DataFiles/MOD_files/hits2/rvlution.mod
133eed9aad13da4bd09284eeb2f5bebb	1	149976	player+silence	uade	Protracker compatible	0	120502	9839c7fc	03fce08f	DataFiles/MOD_files/NewAge2/flute.mod
14503b8e67e4c16dab57b047457aa71a	1	228612	player	uade	Protracker compatible	0	119546	f8c1e8f6	1e698174	DataFiles/MOD_files/soft/flick90.mod
148bc52beb844fb17fa8ee214d0949a6	1	253569	player	uade	Noisetracker 1.x	0	112590	164a9cfd	3953b0a1	DataFiles/MOD_files/soft/hymnaur.mod
1520bc92148e1c0e4ddc67cdbbf9f547	1	363013	player+silence	uade	Protracker	0	132514	61e2c9e3	62c35c48	DataFiles/MOD_files/soul/buckwhyl.mod
15a60b582841723ea20f5266de823971	1	215149	player	uade	Noisetracker 1.x	0	101306	da369e63	230e913c	DataFiles/MOD_files/soft/1500pm.mod
162e876b334c6ede0b48f53805239a7e	1	130693	player	uade	Protracker compatible	0	129470	ea81f982	679d33cb	DataFiles/MOD_files/soul/freqfeed.mod
16cee71281feead9ed7d181f99a14838	1	101877	player	uade	Protracker compatible	0	66176	8f7b68c8	b6d0d98f	DataFiles/MOD_files/soft/024.mod
16da4721a73868a6fa397d2b79cb8822	1	161305	player+silence	uade	Protracker compatible	0	89422	c66d81c3	6655fc46	DataFiles/MOD_files/soul2/storoch.mod
16e9e2574357c977b5bd15b3a7d986f1	1	183621	player	uade	Soundtracker II (31 instr.)	0	159974	ae93ae13	d7248e9f	DataFiles/MOD_files/soul2/soul_o_m.mod
177650e7abf953f28454b9295813d061	1	180089	player+volume	uade	Protracker compatible	0	123204	03d25a7a	48378fe0	DataFiles/MOD_files/soft/hellrunr.mod
17895b232108316713ea8c74b98c0725	1	216294	player	uade	Noisetracker 1.x	0	205688	3b4589ae	301cfdfb	DataFiles/MOD_files/soul2/zik.mod
17dd120ef98678ef69051aac2020a1d9	1	203635	player	uade	Soundtracker II (31 instr.)	0	79750	1858171e	4acbf2c2	DataFiles/MOD_files/Synth/approach.mod
17e2acee71156af0f5bdea7361206126	1	46216	player	uade	P40A - P40B - P41A	0	4704	c279a4f5	5506604d	Programs/Music/Players/P4xx/modules/P40B.Yela
180df9d082fc31cc32b507660e2e03e0	1	122997	player	uade	Soundtracker II (15 instr.)	0	46296	c22cedbc	fe5f159e	DataFiles/MOD_files/Synth2/commando.mod
18667f70e78d6a83bb30e6bb7fd2a34e	1	220788	player+silence	uade	Protracker	0	179688	ce362518	2ea05213	DataFiles/MOD_files/TopTunes2/serenety.mod
1870694fb2696d98dae8c7d0281b6dc6	0	0	nosound	uade	Martin Walker	0	77875	7af7c787	8315528f	Programs/Music/MISC/ExoticModules/MW.GERMAN.pp
1870694fb2696d98dae8c7d0281b6dc6	1	0	nosound
1870694fb2696d98dae8c7d0281b6dc6	2	150686	player
1870694fb2696d98dae8c7d0281b6dc6	3	56183	player
1870694fb2696d98dae8c7d0281b6dc6	4	68822	player
1870694fb2696d98dae8c7d0281b6dc6	5	34702	player
1870694fb2696d98dae8c7d0281b6dc6	6	59599	player
18817c8fe4f4e1fa4d6eb06b9eea030a	1	166521	player	uade	Protracker	0	149624	6bc7c799	5687b097	DataFiles/MOD_files/soul2/melmania.mod
18bc668f5d8d77f324197cc0eb3097ce	1	349559	player	uade	Noisetracker 1.x	0	140890	1e5a7595	53465916	DataFiles/MOD_files/soul2/kindofea.mod
18cc5d91d66d7c84b1c132f0fdb93b22	1	115321	player	uade	Noisetracker 1.x	0	31386	878129ab	ccce770e	DataFiles/MOD_files/soft/fruitmc.mod
192b8918bc0812e7b83d0cf746fec82f	1	142642	player+silence	uade	Protracker	0	61144	95e532d5	a6658707	DataFiles/MOD_files/Acid2/technost.mod
19370610e959e6efef101e11ed0bf198	1	107645	player	uade	Protracker compatible	0	93382	7a87a352	3e3f8994	DataFiles/MOD_files/soft/033.mod
193ab227e1ebc7fd68821988492f3e14	1	225397	player	uade	Noisetracker 1.x	0	88284	258fb6be	d4ec1422	DataFiles/MOD_files/soft2/planet.mod
1963196754d9d464c49e310c2b1ad965	1	84616	player	uade	Protracker compatible	0	139196	6e6920e2	49a6d538	DataFiles/MOD_files/hits/apache.mod
1978f4773ee3c3e34746d8de303f17bb	1	61568	player	uade	Protracker	0	101788	fa142b13	d8453eaf	DataFiles/MOD_files/soul2/m15.mod
19a16dfd496cb23423551881b1417da3	1	219128	player	uade	Protracker compatible	0	95280	34180620	32521345	DataFiles/MOD_files/soft/andso_on.mod
19d72a50e703c064ed92e73ad1831d60	1	169143	player+silence	uade	Protracker	0	82124	306a9bf4	d9af3bc8	DataFiles/MOD_files/soul2/saradanc.mod
1a4a0f5ceb74b1e18b14411ff14c342c	1	281411	player+silence	uade	Protracker compatible	0	208596	88b8ddeb	33c18eb9	DataFiles/MOD_files/Synth2/birthddi.mod
1a8d6e13b5bd6902bb9c1f3be40f8d24	1	230541	player	uade	Noisetracker 1.x	0	58772	bb849016	5bfb6349	DataFiles/MOD_files/soft/axk8.mod
1a9cdf5d6ccf913038b974235a2f0be2	1	158530	player+silence	uade	Protracker	0	312432	4174a3ac	e664e276	DataFiles/MOD_files/soul/fluid.mod
1afa933963b4de4143fcd29aa499c3e4	1	379657	player+silence	uade	Soundtracker II (15 instr.)	0	119668	4a3266b5	61555d17	DataFiles/MOD_files/hits/humanoid.mod
1b19738429580b153332c2fa72ad2d19	1	92272	player	uade	Protracker	0	100990	64ff7a47	f3a9787b	DataFiles/MOD_files/TopTunes2/strikese.mod
1b26cd78c8554d0b0211bf4198a700a0	1	200400	player	uade	Protracker compatible	0	107622	b6f3b812	5fe537fd	DataFiles/MOD_files/hits2/layla.mod
1b68fb79e014395bb04e779a9359103e	1	376466	player	uade	Protracker compatible	0	196036	c95e22b6	500c4bed	DataFiles/MOD_files/hits2/moments.mod
1b7d9f55eee953a3ecd92398b31b815d	1	246603	player+silence	uade	Protracker	0	298594	f327f9ec	b25a4f18	DataFiles/MOD_files/soul2/touch.mod
1bdd5b087287f3a5135bd6d2dd0cb4f4	1	262407	player+silence	uade	Protracker	0	212006	db7a1ef7	c1241f51	DataFiles/MOD_files/Acid2/maydayre.mod
1be9738ea91b48b141d37249fa2f396e	1	220293	player	uade	Noisetracker 1.x	0	87514	3f5973fa	95e7564c	DataFiles/MOD_files/Synth2/bs1song.mod
1c02557a7ce886efdd3dc0d24984e028	1	230541	player	uade	Protracker compatible	0	59716	b253d527	a93089bd	DataFiles/MOD_files/soft/035.mod
1c4cbdcb1a848e61820001234396bb3f	1	921606	player+silence	uade	Protracker	0	148490	3f32857f	6aee8198	DataFiles/MOD_files/soft2/neodrink.mod
1cb4a367a768f4bd993356ec600abbf5	1	271493	player	uade	Protracker	0	112940	0e2c18cf	b5584025	DataFiles/MOD_files/soul/drizzle.mod
1cb9e2ac89ce1afaebe110f568d5fbb2	1	103786	player	uade	Protracker compatible	0	97780	2e955ef4	82723ad9	DataFiles/MOD_files/soul2/ontheroa.mod
1d30185b99e4592f2dc79aa1ef6db701	1	217865	player+silence	uade	Protracker	0	156862	26e6e1cc	8f4dd1e7	DataFiles/MOD_files/soul2/heatloss.mod
1d30185b99e4592f2dc79aa1ef6db701	2	15472	player
1dd8850aabab9cfb5a4f5b6526e01a71	1	361073	player	uade	Noisetracker 1.x	0	129076	e2fee03b	f9f0fc04	DataFiles/MOD_files/Synth2/basehead.mod
1e152a056ffffeb521a171ef3fccb1db	1	182697	player+silence	uade	Noisetracker 1.x	0	116004	d559719b	2a5e15e9	DataFiles/MOD_files/soft2/phoenix.mod
1e2e49ae176756d97d7a66cd104a4530	1	138369	player	uade	Protracker compatible	0	40892	e94df7df	a20ad79d	DataFiles/MOD_files/Synth2/blirg.mod
1e7489d89f901de8b76d46643c795533	1	230546	player+silence	uade	Protracker	0	238556	12e6e518	db8fcb44	DataFiles/MOD_files/soul2/suckers.mod
1e91af1f41af291c786854877d3bfea0	1	250909	player+silence	uade	Protracker	0	198254	4eb082e4	a06a2b56	DataFiles/MOD_files/soul/annika.mod
1ec3cd654ad589a1364446ff447c708f	1	322894	player	uade	Protracker	0	119404	05c89b21	a618684d	DataFiles/MOD_files/TopTunes2/wellmake.mod
1f6f29bc076b74382feee10358e86c3d	1	105340	player+silence	uade	Protracker	0	125564	86109b5b	1a05789b	DataFiles/MOD_files/soft/dre.mod
1f9f2f95fc7220193d13d9cc1c935f44	1	394310	player+silence	uade	Protracker compatible	0	132350	3672fcd1	e1d46def	DataFiles/MOD_files/soft2/luna.mod
200660ae9b14c4919e641bace28124c8	1	38520	player	uade	Protracker	0	19132	dcca92b1	1b4106b4	DataFiles/MOD_files/soft2/lovehard.mod
20bfa7484150282c1e0179af10da688a	1	184445	player	uade	Protracker compatible	0	93952	1f170347	54ae1d52	DataFiles/MOD_files/soul/disco.mod
2118413d80d41f59a90b841d8e3f27d0	1	130693	player	uade	Noisetracker 1.x	0	112458	ab7f9675	28390d55	DataFiles/MOD_files/soft/frantic.mod
21360981327f31c62a4a06dccd6461fb	1	182066	player+silence	uade	Protracker	0	73970	50170cf2	e1c5d3dd	DataFiles/MOD_files/soul2/techno.mod
21608d2c7185e28e631def989dc2c8f1	1	233841	player+silence	uade	Protracker	0	152652	b7618d39	32cd456b	DataFiles/MOD_files/TopTunes2/stardust.mod
21a08d77a44624c941de61f551be79b6	1	151169	player	uade	Protracker compatible	0	73828	631308ce	78056822	DataFiles/MOD_files/soul/electroq.mod
21e95e7a796d8c9c918c72c6e754d796	1	146045	player	uade	Protracker	0	147402	5d528a9c	9024e71d	DataFiles/MOD_files/Acid/kaos.mod
227223a86b8bf792565430b5fae1cd24	1	235442	player+silence	uade	Noisetracker 1.x	0	166682	0ede3c05	36ec73fa	DataFiles/MOD_files/TopTunes2/macrocos.mod
22dca78d92bfc3b66800b8d40226d0e5	1	46216	player	uade	Protracker	0	115332	c068d198	84f6bd1a	DataFiles/MOD_files/soul2/m6balade.mod
2344a105de578683892652d9fcc014b3	1	221097	player	uade	Protracker	0	111518	949eca37	bbd5bc1c	DataFiles/MOD_files/Acid/justfor.mod
234a65a78e90bd02eb8689e506fefb37	1	241010	player	uade	Protracker	0	177396	4c241b21	613db172	DataFiles/MOD_files/Acid2/technol3.mod
240b2369f4bc550f582557cd163fb9dd	1	161397	player	uade	Protracker compatible	0	59822	405e45e7	df2ab786	DataFiles/MOD_files/soft/feetwalk.mod
241a6308d19f9ed544046f5afb3da425	1	255498	player	uade	Protracker compatible	0	105104	f670e40b	ff1d5d03	DataFiles/MOD_files/soul2/jamboree.mod
24568fd8bfce40600041a0b765fb8b47	1	62834	player	uade	Protracker	0	28392	696fe069	877c046b	DataFiles/MOD_files/soft2/main_f1.mod
24c449eecb3578d057540409712beaba	1	215149	player	uade	Protracker	0	124876	8d1750ea	58af76a3	DataFiles/MOD_files/NewAge2/inspirat.mod
24c72b145a05a36233422442400788bd	1	181294	player+silence	uade	Protracker	0	183492	ab5c09b8	1d96d1f3	DataFiles/MOD_files/soul/do_ya.mod
24ce0db795b06d2cf5a9056a5411ff8c	1	207493	player	uade	Soundtracker II (15 instr.)	0	144902	fd0e825e	5759925d	DataFiles/MOD_files/soul/armybeat.mod
25392fef0edc337f3e9628720c5d1ea7	1	144015	player	uade	Protracker compatible	0	124434	e7f5281e	2e87a3aa	DataFiles/MOD_files/soft/fatalfs.mod
25392fef0edc337f3e9628720c5d1ea7	1	144015	player	uade	Protracker compatible	0	124434	e7f5281e	2e87a3aa	DataFiles/MOD_files/soul/funkside.mod
256572286d9094027020011f0dcef335	1	286564	player	uade	Protracker compatible	0	147704	4a0c0611	440658dd	DataFiles/MOD_files/hits/2unlimix.mod
257eb95f56acbda8368df0b079e10ffe	1	189549	player	uade	Protracker	0	162036	2b18adc2	a01805ec	DataFiles/MOD_files/soul2/rocks.mod
258c20d7c9a109aef4d2b5f93ad887d2	1	198832	player	uade	Protracker	0	114506	a4411113	25cece70	DataFiles/MOD_files/hits2/pinochio.mod
25cb22a82100d71261bf3f97b3c441c3	1	284807	player+silence	uade	Protracker compatible	0	85844	b6483a1f	a042af83	DataFiles/MOD_files/soft/1caress.mod
26156098f9d9280e62f800b9ac97e3eb	1	430278	player	uade	Protracker compatible	0	163570	d235f42f	a9c45f8d	DataFiles/MOD_files/soul2/imag.mod
2623ab3d69a1b05f68a51544af4bf168	1	161397	player	uade	Protracker compatible	0	66074	b6a60a25	a9310f12	DataFiles/MOD_files/soft/labynite.mod
2623ab3d69a1b05f68a51544af4bf168	1	161397	player	uade	Protracker compatible	0	66074	b6a60a25	a9310f12	DataFiles/MOD_files/soft2/night.mod
262c8aa5cefb7620a1216d010154b0ba	0	130572	player	uade	Soundtracker II - V or compatible	0	62618	03d06945	3e8ceacb	DataFiles/MOD_files/soft/enemies.mod
266bb5dced656f525021d94c0111b49d	1	163969	player	uade	Protracker compatible	0	27598	ffe8125d	e5e5a453	DataFiles/MOD_files/Synth2/chiptune.mod
26b3d0a25fca5f1b6eed14ac0bf5a7bd	1	61568	player	uade	Protracker compatible	0	45430	eb2ea87d	a5419e56	DataFiles/MOD_files/soft/ball_1.mod
26ed5688b97a7b7bc85de0f2d60a5fe6	1	115321	player	uade	Protracker compatible	0	38692	5d54fce2	b5d38ab1	DataFiles/MOD_files/Synth/andromed.mod
27262df87efab9e355020454ece82523	1	238290	player+volume	uade	Noisetracker 1.x	0	136344	3f2f5448	d2e1e56e	DataFiles/MOD_files/hits/hunger.mod
272cddd79523e2fbdcf7917ef35b96b0	1	207493	player	uade	Protracker compatible	0	99310	cf30fd51	8f33133a	DataFiles/MOD_files/soft2/pee_wee.mod
2739d555c585b7a841b6ec59acd45779	1	158845	player	uade	Protracker	0	116172	171a4afc	6fe525dc	DataFiles/MOD_files/soul2/newworld.mod
2744b045142f31ab4d0bd6e86f45fdd3	1	207975	player	uade	Noisetracker 1.x	0	86982	fe8127a2	c6d91b76	DataFiles/MOD_files/soft/coolbal2.mod
27e47dcae2aba57b6c32ea2b66359813	1	192141	player	uade	Noisetracker 1.x	0	59298	44322149	6861b3ce	DataFiles/MOD_files/soft/harpiano.mod
2903e8f53215664ac692054eb6f4176b	1	169093	player	uade	Protracker compatible	0	46568	272ca480	acc2740e	DataFiles/MOD_files/soft2/saysay.mod
29090d6391be106a56b9c5d7134f6356	1	129889	player	uade	Protracker	0	153048	77427ae7	2eee0e95	DataFiles/MOD_files/TopTunes2/newbiemu.mod
29e0b73eb45170e2f59f177d764972ea	1	88475	player	uade	Protracker compatible	0	97424	9e186b3b	524075e9	DataFiles/MOD_files/soul2/letswing.mod
29e725d82f58820c6cb3986c4eceb8bc	1	248515	player+silence	uade	Noisetracker 1.x	0	141898	040198bc	1ace410d	DataFiles/MOD_files/hits2/rockit.mod
29fb51da0a6c08d83aa521329fcfd5cc	1	233093	player	uade	Protracker	0	76694	1108b25d	4a53cc61	DataFiles/MOD_files/soul/dontsay.mod
2a395e8af5f642ccbfb322cdc0580d1e	1	158644	player	uade	Noisetracker 1.x	0	113710	60392301	484e4043	DataFiles/MOD_files/soft2/mindbomb.mod
2a67e49aec2610c795794858ea607398	0	182568	player+silence	libopenmpt	Defjam Soundtracker III / Alpha Flight SoundTracker IV / D.O.C. SoundTracker IV / VI	4	64248	cbe0c010	37a1b564	DataFiles/MOD_files/soft/altair.mod
2a73bd3861ce0a0b11a11dabe9f08701	1	296048	player	uade	Protracker	0	134284	c140b931	cf5b8cc0	DataFiles/MOD_files/TopTunes2/modphant.mod
2b0ff9cb492330d8f5984d39ffc4e036	0	243559	player+silence	uade	Ultimate-Soundtracker or compatible	0	108560	d5835130	16ae8684	DataFiles/MOD_files/Synth2/blueshad.mod
2b0ff9cb492330d8f5984d39ffc4e036	0	243559	player+silence	uade	Ultimate-Soundtracker or compatible	0	108560	d5835130	16ae8684	DataFiles/MOD_files/Synth2/blushado.mod
2b91c97abc19dc73e989c37836acc324	1	163969	player	uade	Protracker	0	118026	4507000d	e7ea3752	DataFiles/MOD_files/soul/adventur.mod
2bb2674422f49213444e835228a11c33	1	76920	player	uade	Soundtracker II (15 instr.)	0	48392	8c52bee1	f21709b9	DataFiles/MOD_files/soft2/skyhigh2.mod
2bfb104cb7d7a49807969c9caa185049	1	236047	player+silence	uade	Protracker	0	258618	b40aad9b	7dd02205	DataFiles/MOD_files/soft/anast.mod
2bfd8b5bc43c5d3ec09d77a8e16cf681	1	146045	player	uade	Noisetracker 1.x	0	38048	3001d836	c09b91ea	DataFiles/MOD_files/soft2/sidmix2.mod
2c1bd32a479f53efd807bcf03723d7a9	1	260639	player+silence	uade	Soundtracker II (15 instr.)	0	83430	694b869c	a31b27b7	DataFiles/MOD_files/soft2/roundone.mod
2cfcb90b75bcf6a59170b3b779143bbd	1	184927	player	uade	Protracker	0	221398	c530bf7c	5af2d4a8	DataFiles/MOD_files/soft2/pindakaa.mod
2d0243f9dde02e69a045b4df1f1673e9	1	124926	player	uade	Protracker	0	54666	3ea77249	167f3b70	DataFiles/MOD_files/soft2/orgasm1.mod
2d3d62d9edef91d5364d9c98178ced2d	1	138369	player	uade	Soundtracker II (15 instr.)	0	124356	68231340	4a3dbf0e	DataFiles/MOD_files/soft2/newlife.mod
2d57531558896310a2645a3d6dc4f87a	1	127317	player	uade	Protracker	0	85506	2a173c10	2e7603f9	DataFiles/MOD_files/TopTunes2/obsticul.mod
2d96f492cd421a7e2e4c8a71940f722a	1	146045	player	uade	Protracker compatible	0	37740	99138227	6c60aaf1	DataFiles/MOD_files/soft/kgs.mod
2d96f492cd421a7e2e4c8a71940f722a	2	84616	player
2db3ce6cce4823120ce8d2de21c3ac4f	1	107645	player	uade	Protracker compatible	0	58106	93b1e6ad	0322ee6a	DataFiles/MOD_files/soft2/ua1t.mod
2dc638a4f274ced8d286244e053357be	1	160064	player+silence	uade	Soundtracker II (15 instr.)	0	95294	c6d73ea1	363d8ab5	DataFiles/MOD_files/soft2/mfc2.mod
2e1ddcaeb9603e64257ab155305e02d5	1	298825	player+silence	uade	Soundtracker II (15 instr.)	0	115008	c38738fd	6b9daea5	DataFiles/MOD_files/hits/dragnet.mod
2e453df4578cfbb6e778342746127d2d	1	381570	player	uade	Protracker compatible	0	123311	f236d6a2	e1e4e68e	DataFiles/MOD_files/hits2/take_my.mod
2ea57891a40911ed6b401351aa3c957e	1	239302	player	uade	Protracker	0	86412	00d4da6e	c9e7d0fe	DataFiles/MOD_files/newage/fan.mod
2ef3834ce32b5b33f9bab168f2c98b25	1	298172	player+silence	uade	Noisetracker 1.x	0	93458	e6e763a4	f8091a9e	DataFiles/MOD_files/hits2/lethear.mod
2ef713b8df8c9fb5e15486caec750aa8	1	106821	player	uade	Noisetracker 1.x	0	72734	215755c1	3d997bb8	DataFiles/MOD_files/soul2/ronken.mod
2f035a58489c81e745b9f9936812b7e8	1	293969	player+silence	uade	Protracker	0	162598	78a88451	114264f7	DataFiles/MOD_files/soft/hidshadc.mod
2f2277ba1cad7b13c4a4ddabb97fe55f	1	76920	player	uade	Soundtracker II (15 instr.)	0	40944	9a778ac8	9324de2c	DataFiles/MOD_files/soft2/mix2000.mod
2fee721f55ee7bf0356b334c31382388	1	276597	player	uade	Noisetracker 1.x	0	136064	ad0d741b	55b3f8c7	DataFiles/MOD_files/soft/chartmix.mod
2ff3bf89e9626cf1c37181ea2beeb0c5	0	155783	player+silence	uade	Ultimate-Soundtracker or compatible	0	83216	d4e0656b	cd549669	DataFiles/MOD_files/soft2/sll1.mod
30aa3783f9263fd177198eee20147666	1	305369	player+silence	uade	Protracker	0	91368	3f0be5b1	829ff7d2	DataFiles/MOD_files/soul2/rappstan.mod
30b8b5ab7a27df318e910531cd3470ce	1	146605	player+silence	uade	Noisetracker 1.x	0	107252	d5bb8478	d758737d	DataFiles/MOD_files/soul/basspowr.mod
31213a7d3dd06ed46a0a00be7c05bdee	1	192141	player	uade	Noisetracker 1.x	0	50920	e643b9b9	3cf12cc6	DataFiles/MOD_files/hits/gsctheme.mod
3152d992dd794171e6c419a7aa51d63c	1	23168	player	uade	Noisetracker 1.x	0	22856	5c9e08b7	da1f0ac7	DataFiles/MOD_files/hits/gscthm13.mod
3182b8e0f7a02a9c41c76198a9d61b2e	1	163699	player+silence	uade	Soundtracker II (31 instr.)	0	209018	c3a5259f	ba4e57a7	DataFiles/MOD_files/Acid2/pixthis.mod
320cd8d61c41547ac86032f2aad32d8d	1	218137	player+silence	uade	Protracker compatible	0	173668	1c99fc71	71fc7e53	DataFiles/MOD_files/NewAge2/LoveIsSex.mod
32a86163ec78c2983ab096a4b4b9843f	1	215149	player	uade	Soundtracker II (15 instr.)	0	76188	5cc249d2	958907d9	DataFiles/MOD_files/soft/doc1.mod
334e4a180bd105265b34d4ac37f1bbd6	1	399842	player+silence	uade	Protracker compatible	0	117664	00f3e486	b804b8e2	DataFiles/MOD_files/Synth/4mat_mad.mod
34686cda731d19da3185022259c47caf	1	234359	player	uade	Protracker compatible	0	72033	da3beafc	77a6a255	DataFiles/MOD_files/Acid/leavebrn.mod
347483fd13d0cb30037ff499f5a758d0	1	225397	player	uade	Noisetracker 1.x	0	88284	55c9de2e	cc356837	Games/deluxe_galaga23/galaga.music
34b3029b5fad9bb4d91e84b5a3d4d609	1	121088	player	uade	Soundtracker II (31 instr.)	0	59846	b051d4ed	bd0c77e8	DataFiles/MOD_files/soul2/upfront3.mod
351d15f41e0c907ea73a900920d0577b	1	143493	player	uade	Protracker compatible	0	78120	908ddc54	f9d0e079	DataFiles/MOD_files/soft2/organ.mod
35e671617f03669e56cb35c5629e47f5	1	377591	player	uade	Protracker	0	195456	e64a0a9f	070c6c2c	Programs/Graphics/AGA-Utils/VideoTracker/Modules/mod.gabberuh!.pp
3649ff203e9a81bfa032dab9045bc7d3	1	99968	player	uade	Startrekker (4ch)	0	81169	3ca79ef3	9b86f2ee	DataFiles/MOD_files/soft2/manch.mod
366cc93ebd88d20841dfdc71c3ab35c1	1	273495	player+silence	uade	Noisetracker 1.x	0	52622	7b593f9d	22ec432c	Archive/Assembly/LSDjoke.lha/mod.jaunty1
36beb8c167e061f520c81af8b5b6355a	0	142629	player	uade	Ultimate-Soundtracker or compatible	0	105292	6954c0a7	dbfb32a2	DataFiles/MOD_files/hits2/poing.mod
370aa8f14962f7a00b33b3cb1bfd8f95	1	308639	player+silence	uade	Noisetracker 1.x	0	364498	05f85b61	b299ff16	DataFiles/MOD_files/hits/domin8r.mod
3719afea82961e8a0eae9ac564acf73f	1	268921	player	uade	Protracker	0	129846	ef7022ac	4a7d4514	DataFiles/MOD_files/soul2/wayfartr.mod
3719afea82961e8a0eae9ac564acf73f	2	259336	player
372f86acfadd62897996de41b0cad3ba	1	115321	player	uade	Protracker compatible	0	104168	ccc1a884	1831d9d0	DataFiles/MOD_files/soft2/moonraid.mod
3759aab613703679bb02f442ffdcae8e	1	353418	player	uade	Soundtracker II (15 instr.)	0	82686	5d7da624	776d190a	DataFiles/MOD_files/soft2/smash.mod
37924d5fd94037b8b916b05ee43b0c44	1	268564	player+volume	uade	Protracker	0	400118	94ce7f4a	8a5e8595	DataFiles/MOD_files/TopTunes/beyond.mod
379f5447de416b4c681e83cf8bd33d9d	1	211910	player+silence	uade	Protracker compatible	0	126034	2710eadb	ff3b5ed0	DataFiles/MOD_files/soft/exposure.mod
37da07eaa148185d450fec300bd61b11	1	321407	player	uade	Protracker	0	269974	1453062c	08268bad	DataFiles/MOD_files/Acid/hardcore.mod
37fe5d0df590b66936cc168f0fdddf91	1	169093	player	uade	Noisetracker 1.x	0	148075	6d56a41f	d94429be	DataFiles/MOD_files/soft/fallout.mod
3823ca6066eeda1288fe35a4e55620d1	1	209451	player+silence	uade	Protracker	0	236540	30019d2d	92a8649b	DataFiles/MOD_files/Acid/acidi.mod
382a296d8c602a36612cf42c0ba707d9	1	286564	player	uade	Protracker	0	121224	60fedeca	603c6a5b	DataFiles/MOD_files/TopTunes2/saturnal.mod
3847a7da8f44cad355afeb60ef63100e	1	149903	player	uade	Protracker	0	102914	62937952	c94b4499	DataFiles/MOD_files/soul2/organic2.mod
387d3485cd8f0cedd01830bbf8297a57	1	194813	player	uade	Protracker	0	253560	8986511e	889e171d	DataFiles/MOD_files/soul/breathof.mod
38bdc72dd0f808ecc909c8bb67a03e78	1	259919	player	uade	Soundtracker II (31 instr.)	0	102162	76efc452	6c5e74c3	DataFiles/MOD_files/soft/helico.mod
38db26474057f17615220741fdee7ce9	1	372617	player+volume	uade	Protracker	0	172426	180a6e7d	0b42770b	DataFiles/MOD_files/TopTunes2/spacedel.mod
38db58b1190cdbb59c5b3450869b75af	1	231007	player+silence	uade	Protracker	0	68778	41aa9510	092f03f7	DataFiles/MOD_files/hits2/oxygene4.mod
3929d757126b9f4f8b45a58f5e145376	1	287408	player	uade	Soundtracker II (31 instr.)	0	93946	5208525c	d27df3f7	DataFiles/MOD_files/soft2/tech2.mod
3957d79b4c4cf7f360eb685ce00b3426	1	207493	player	uade	Noisetracker 1.x	0	99280	b534d7d1	74181105	DataFiles/MOD_files/Synth/ba1.mod
3967691891607f6be7a6b697f3294d7c	1	86525	player	uade	P40A - P40B - P41A	0	10764	5a002d3e	aa5b4ff8	Programs/Music/Players/P4xx/modules/P40A.Stellar10
3973370e2330144855a4ec4d48485d88	1	128121	player	uade	Noisetracker 1.x	0	100606	6ea68cf0	edcefb06	DataFiles/MOD_files/soft/16bit.mod
3974f27d727e0fb9624c239dae62921a	1	207031	player	ft2play	Fasttracker (M.K.)	4	87181	7a8f8466	d71a14b3	DataFiles/MOD_files/hits2/run_to_you.mod
39c97ad1052c5893c82d1cfb3d6c16ed	1	76920	player	uade	Protracker compatible	0	24832	08111d05	d2093cf1	DataFiles/MOD_files/hits2/litchina.mod
39e6a1b18b3ba50e5ae05ff48de088cc	1	163969	player	uade	Protracker compatible	0	146166	414f8dde	5ee00338	DataFiles/MOD_files/Acid2/longslid.mod
39f8389294bf2a54b72d79bf098843bc	1	112769	player	uade	Protracker	0	126016	48a2241b	f0a508e6	DataFiles/MOD_files/soul2/haunted.mod
3a0a3d45d211c7a9846df155806ebcdb	1	254594	player	uade	Protracker	0	284004	c9997dea	2f244c31	DataFiles/MOD_files/soul/boom.mod
3a0a3d45d211c7a9846df155806ebcdb	1	254594	player	uade	Protracker	0	284004	c9997dea	2f244c31	DataFiles/MOD_files/TopTunes2/Boom.mod
3a79ae3c8a458baf7a0aa9902e45b314	1	93599	player	uade	Protracker compatible	0	122724	0745f387	2d886d00	DataFiles/MOD_files/hits/alpha2.mod
3a79ae3c8a458baf7a0aa9902e45b314	1	93599	player	uade	Protracker compatible	0	122724	0745f387	2d886d00	DataFiles/MOD_files/Synth/alpha2.mod
3abc19bb3287e63378fa6efee6d945b4	1	245544	player+silence	uade	Protracker	0	230716	20da7be6	27681a2c	DataFiles/MOD_files/soul/backtrac.mod
3aea2741a08c9174d7d02d0c1073d672	1	76920	player	uade	Protracker	0	73692	0973cba6	a4ddb668	DataFiles/MOD_files/soft/custard.mod
3b01fe4e68a8201905216c0dc88472cb	1	107645	player	uade	Noisetracker 1.x	0	46080	c2796830	413864e3	DataFiles/MOD_files/soft/bodykiss.mod
3b3d8ff4d190306134a4c78b5f4feace	1	116586	player	uade	Protracker	0	227296	da89cc3c	f4e389d8	DataFiles/MOD_files/soul2/sovereig.mod
3b4a64304af638be39305fb2b0312483	1	208216	player	uade	Protracker	0	99148	a58c7283	8c67e83f	DataFiles/MOD_files/soft/jfy.mod
3bb28bd388c352927b34c639f1af54cc	1	157579	player	uade	Soundtracker II (15 instr.)	0	90550	c72628ab	7ef52644	DataFiles/MOD_files/hits2/smoke_on_the_water.mod
3bfcd4df1002a275b3ab73ef306f1911	1	265083	player	uade	Noisetracker 1.x	0	169874	040dc889	0df2e16f	DataFiles/MOD_files/hits/elec2_1.mod
3c3b9c7de82820afcd801fdb190d92fe	1	268921	player	uade	Protracker compatible	0	123810	3d44806f	fb8a2b7b	DataFiles/MOD_files/soul/funkygun.mod
3c3e4421d3533d64bd3d2721cf912246	1	48125	player	uade	Protracker compatible	0	53064	884e6512	f2c7c3f8	DataFiles/MOD_files/soft/intro_tu.mod
3c7a898a9a9f3d5b0d61d562d4176e16	1	261245	player	uade	Noisetracker 1.x	0	75708	3d56449b	d8263d61	DataFiles/MOD_files/soft2/raz_1911.mod
3c8b81ce59264057dc030f17accb7177	1	158845	player	uade	Protracker compatible	0	120558	8238cad4	91d2bd52	DataFiles/MOD_files/soul2/special.mod
3cec632b3e316c4a971ae196281984ff	1	453246	player	uade	Protracker compatible	0	143136	1196908b	bd0d2310	DataFiles/MOD_files/NewAge2/mad.mod
3d13eac2218cd79cf0cd103851dd6ce0	1	94081	player	uade	Noisetracker 1.x	0	197566	177c6927	c8b5eb3e	DataFiles/MOD_files/soul/funku4ia.mod
3d82444a56ac7a5bb14d063f64edd4ec	1	122997	player	uade	Protracker	0	111604	d5450ccd	66e315c7	DataFiles/MOD_files/Synth2/bastille.mod
3d94a19a85e7c28a3cd470991ac3945d	1	94322	player	uade	Protracker compatible	0	100169	503bcf1b	870757bb	DataFiles/MOD_files/soft2/paranoia.mod
3dfeccd0a0b9672ac8bae2d0defba6f2	1	170676	player+volume	uade	Protracker compatible	0	99838	e94058ff	eac58fa3	DataFiles/MOD_files/soft/bigfun.mod
3e180c25e3ca037dfbed256951d584a8	1	322693	player	uade	Protracker	0	153006	defb6c76	698512af	DataFiles/MOD_files/TopTunes/globaltr.mod
3e32d6cbaed563ed2fadc7a2e84fb763	1	453246	player	uade	Protracker	0	100632	113a600c	c5f70327	Programs/Commun/Casio_Comm/Modules/mod.real time demo.pp
3e4b22c5c4774dadadaaf81db1e30992	1	172931	player	uade	Protracker	0	71778	46c18856	897d22a5	DataFiles/MOD_files/soul2/jagtitle.mod
3e4fa4aac6c0d777f7592cc7c243c44c	1	30824	player	uade	Soundtracker II (15 instr.)	0	32548	82475f07	dd4927a5	DataFiles/MOD_files/soft2/sll9.mod
3e8ea91d731637561ddd40cf740901b8	1	253569	player	uade	Noisetracker 1.x	0	77604	61f422a7	d076bdfb	DataFiles/MOD_files/soft2/secretl.mod
3ea6662c43070194b1b46b64966afb4f	1	242055	player	uade	Protracker	0	123214	d18486e2	8be1ae64	DataFiles/MOD_files/TopTunes/creamof.mod
3eaea7361e8a89db92ee53d397891faa	1	241312	player	uade	OctaMED MMD1	0	136168	be06aba4	45ca28ad	Programs/Music/MusicEditors/Octa5/Modules Supplied by MUG/3
3f0fee0696598a41c181760434084314	1	84616	player	uade	Startrekker (4ch)	0	65690	8a127aaf	a38ac05a	DataFiles/MOD_files/soft/dead.mod
3f2d70a1edd0a4454bc9cd7a6c3aea40	1	65085	player	uade	Protracker compatible	0	235286	c7c2be17	a40228f6	DataFiles/MOD_files/hits/back2lif.mod
3f2de21745bd3e7aaf28ade96083e131	1	113713	player	uade	Protracker	0	278636	98818db6	4e8e0992	DataFiles/MOD_files/hits2/rode_schoentjes.mod
3f436602e6afc579d00c0f7e27a024b8	1	146045	player	uade	Protracker compatible	0	85834	62a37fd5	45c221d8	DataFiles/MOD_files/TopTunes/harley.mod
3f4bc174022018383345ad3233ff6367	1	153351	player	ft2play	Fasttracker (M.K.)	4	215835	7dae5754	86e48dcd	DataFiles/MOD_files/soft/instnct2.mod
3f5b5a4f5d21aca59c82fde9a89fd77f	1	176769	player	uade	Protracker	0	59312	6bc1392d	c218e209	DataFiles/MOD_files/Synth/arizona.mod
3fc51ae7534eb1980373d2de44d54440	1	230541	player	uade	Protracker compatible	0	133352	6df1dcc6	333cbbb9	DataFiles/MOD_files/soft/elipse.mod
3fc5cf22a7e2a9e37661f2d4ab6b7030	1	122997	player	uade	Protracker compatible	0	73599	4c8cc2cf	0dab9135	DataFiles/MOD_files/soft2/trapped.mod
3fc9605be9dd91c0021626492ad707b1	1	407290	player	uade	Protracker	0	193820	c9b8acc3	0d150056	Programs/Music/MusicEditors/Protracker3.10/MODULES/MOD.THE MOEBIUS.PP
3fc9605be9dd91c0021626492ad707b1	1	407290	player	uade	Protracker	0	193820	c9b8acc3	0d150056	Programs/Music/MusicEditors/Protracker3.10B/MODULES/mod.the moebius.pp
3fccc2c9d7e1254b72469ee985fbad24	1	184947	player	uade	OctaMED MMD0	0	102674	7800d373	7062c981	Games/MegaBall/MB_Music/MBmus22
3fccc2c9d7e1254b72469ee985fbad24	1	184947	player	uade	OctaMED MMD0	0	102674	7800d373	7062c981	Games/MegaBall/MegaBall.lha/MegaBall/MB_Music/MBmus22
400423ac4cdd5fbb38dd1b5f22f3f736	1	182227	player+volume	uade	Protracker	0	278366	36c15ce4	d14594b8	DataFiles/MOD_files/hits/91past_1.mod
4057e1b2fb4aae6a6c301b6e85a0c803	1	38520	player	uade	ProRunner 2.0	0	8034	a67c8596	57401a8d	Programs/Music/MISC/ProRunCrack/snt.ProRunner2.0
405e550662ad8f61b592f312e1fa2da7	1	268921	player	uade	Protracker compatible	0	63644	60fc64be	aeb932e4	DataFiles/MOD_files/hits/blue_mon.mod
4099b30f82e172ee7c048302c35664d7	1	149851	player+silence	uade	Protracker	0	163966	4fcb75c1	d0b90183	DataFiles/MOD_files/TopTunes2/time.mod
40f32cbcd70fcc8c3f81e2b733472298	1	267257	player+silence	uade	OctaMED MMD1	0	324186	5b2ddf50	560da8be	Programs/Graphics/AGA-Utils/VideoTracker/Modules/mod.bonzai
410a52ccb67432fdca68dde74123d7a7	1	138369	player	uade	Protracker	0	90646	b523bc92	31cea338	DataFiles/MOD_files/soul/brasscon.mod
414aeb9334366147a60f6cb404059b30	1	96693	player	uade	Protracker compatible	0	55586	cc531df1	7c637d45	DataFiles/MOD_files/Acid/hypnauii.mod
4161364e130db462b14f302eb6df442d	1	317891	player	uade	Protracker	0	154468	dbbf0047	fe23b52b	DataFiles/MOD_files/soul/extract.mod
41b66f06ee3449f58a9b8849f66c13a7	1	192141	player	uade	Protracker compatible	0	65156	278480fb	939214d2	DataFiles/MOD_files/soft/10.mod
41b66f06ee3449f58a9b8849f66c13a7	1	192141	player	uade	Protracker compatible	0	65156	278480fb	939214d2	DataFiles/MOD_files/Synth2/bob.mod
41bab09f7e14b82f8096404b9f7d7b15	1	205039	player+silence	uade	Protracker	0	198911	15d17c89	988c120a	DataFiles/MOD_files/soft/2nytlive.mod
41d6550ac3aa696853aa9308411664a4	1	118335	player	uade	Protracker compatible	0	154100	5aed8069	b9346472	DataFiles/MOD_files/soft/bedvrouw.mod
41f6aee5f3e4019eb0f4139874997cd6	1	155650	player	uade	Soundtracker II (15 instr.)	0	67992	79c67b0b	ee2e79d3	DataFiles/MOD_files/hits2/she's_like_the_wind.mod
4218b3eb3a0647c0d8bcae15d4acc619	1	204298	player	uade	Protracker compatible	0	89448	03da6c87	bf4b259b	DataFiles/MOD_files/soft/ht_soul.mod
42437e9a303d8c541b73a3f01b937809	1	138369	player	uade	Protracker compatible	0	38384	1e8e8bc3	66ebcd40	DataFiles/MOD_files/soft/ball_2.mod
42598e96be6e7e8c8462c893067a1ef1	1	291768	silence	uade	Protracker	0	181318	8a6f7ca5	d7de977b	DataFiles/MOD_files/TopTunes2/seeing2.mod
428a95ea7d6eca5073ca65c22d89df44	1	117350	player	uade	Noisetracker 1.x	0	71472	82654fb6	b634dfae	DataFiles/MOD_files/soft/afterjff.mod
42a8c609be3f801e3299908e316d2ef6	1	276597	player	uade	Protracker compatible	0	54644	9a224b4e	9a4f64df	DataFiles/MOD_files/soft2/miniblst.mod
431bf30fbf21e34a6ee9fe2817ed6b50	1	422240	player	uade	Soundtracker II (31 instr.)	0	129732	370a5c45	617527a3	DataFiles/MOD_files/soft/earthqua.mod
432d3ff72e6bc32ffd3b4f47b8e4e8c2	1	112568	player	uade	Protracker compatible	0	38176	3ab4121b	75b4e8fb	DataFiles/MOD_files/hits2/jcge.mod
435b640a5fe62c80be018aed0e8fe813	1	231164	player	uade	Protracker	0	156076	6ee7520f	d021e558	DataFiles/MOD_files/NewAge2/joyride.mod
43a91a793a26cf522ca649e3df60ebff	1	119179	player	uade	Protracker	0	106344	6e328bf2	12ba04c0	DataFiles/MOD_files/TopTunes2/seeing3.mod
44565fad91d3ea274eb9f2e7ea2bf814	1	236187	player+silence	uade	Protracker	0	104498	291a82ce	9712c469	DataFiles/MOD_files/TopTunes/infatuat.mod
44850d953dfa22ea3daedc889294c9b3	1	476294	player	uade	Protracker	0	135678	32405138	5a6a933c	DataFiles/MOD_files/soft/decore.mod
448973206e96121992305267c6f2be89	0	369576	player+silence	libopenmpt	Master Soundtracker 1.0	4	119168	7a9ad90d	51464808	DataFiles/MOD_files/soft2/memdust.mod
4512d38f707a8246fbd38065008ebc82	1	194050	player	uade	Noisetracker 1.x	0	78932	0be76c41	2fa73331	DataFiles/MOD_files/soft/dash.mod
451f2abfb03d7de40ae3b7df3c61a44d	1	246838	player	uade	Noisetracker 1.x	0	78188	ff35ee33	882ddfe0	DataFiles/MOD_files/soft2/lowalt.mod
4573b0a624756e037efb8e7d132980fc	1	226194	player+silence	ft2play	Fasttracker (M.K.)	4	84651	2c87f3bf	19b0c2eb	DataFiles/MOD_files/soft2/oimd20.mod
4574e0de2d3f8e1a226a5979398002b5	1	176769	player	uade	Protracker	0	110974	04c70740	4410544a	DataFiles/MOD_files/Synth/atmosph.mod
460f34f280237ff087d0cd1fca6ebe8b	1	238197	player	uade	Protracker compatible	0	115904	5f89434e	0c33a57b	DataFiles/MOD_files/soft2/nucontrl.mod
4654e25bd41d5c580d03e7c43cf7d827	1	276597	player	uade	Noisetracker 1.x	0	51974	bd3e774f	dc9eb1e2	DataFiles/MOD_files/soul2/screamfh.mod
46748398a0f1ef97126a343d2bebd5ba	1	102520	player	uade	ProRunner 2.0	0	141786	8b58883f	153f2f63	Archive/Assembly/h2sacsou.lha/Binaries/dropofblue(pr2).crm
46a1f8376847377a06e8275c7394d3c7	1	267655	player	uade	Soundtracker II (15 instr.)	0	86390	8fb89d53	f5b36950	DataFiles/MOD_files/soft2/spacehar.mod
46a31c916b0d459c44ac8c8840707533	1	330731	player	uade	Protracker	0	128210	5f6aa369	c6c2141f	DataFiles/MOD_files/TopTunes2/wildimpr.mod
46d1bde22244effe6b16137d96ec804a	1	116026	player+silence	uade	Protracker compatible	0	91526	cfaa1c34	9494ffce	DataFiles/MOD_files/hits/alpha.mod
46d1bde22244effe6b16137d96ec804a	1	116026	player+silence	uade	Protracker compatible	0	91526	cfaa1c34	9494ffce	DataFiles/MOD_files/soft/alpha.mod
46d5869ea47217651b82c5a08b3396ae	1	233495	player	uade	Protracker compatible	0	175314	2e73acdc	1f4f8511	DataFiles/MOD_files/soul/ftldesgn.mod
471303c0ee275afc8dec2234b1a3aecd	1	153721	player	uade	Noisetracker 1.x	0	145114	83caf644	10c6ef4b	DataFiles/MOD_files/soft/headroom.mod
474fa853cbf10e5824dcc94c7fefac86	1	171966	player	uade	Protracker	0	229484	2a43d8d0	9d026eff	DataFiles/MOD_files/Acid/acidii.mod
47542df2efa80e377522ff65136dc04f	1	223932	player+silence	uade	Noisetracker 1.x	0	111932	20bf41c6	b349b254	DataFiles/MOD_files/soft2/rainman.mod
47542df2efa80e377522ff65136dc04f	2	226723	player
47631cb10f656e931f4a7b03ff125544	1	122997	player	uade	Protracker compatible	0	75392	bd1e33cf	035d4fdb	DataFiles/MOD_files/soul2/sh1.mod
47972b5c3cd8252d8ef7259ad8456f4f	1	134531	player	uade	Protracker compatible	0	316066	27b03910	37734b99	DataFiles/MOD_files/hits/bartman.mod
47cc6a2b4a68e3c5c1b8299a76b56699	1	63377	player	uade	OctaMED MMD0	0	116090	148dee83	0d8aeaf5	Programs/Music/MusicEditors/DA/River.emod
47cc6a2b4a68e3c5c1b8299a76b56699	1	63377	player	uade	OctaMED MMD0	0	116090	148dee83	0d8aeaf5	Programs/Music/Players/DA2.0/River.emod
47cc6a2b4a68e3c5c1b8299a76b56699	1	63377	player	uade	OctaMED MMD0	0	116090	148dee83	0d8aeaf5	Programs/Music/Players/DA2.5/river.emod
4804f348edd79c6cf2661cffb4d834ec	1	192141	player	uade	Protracker compatible	0	96816	3a7cf522	f4acd6b8	DataFiles/MOD_files/soft/discover.mod
4862297faa576bacc28b1f8edb47bbca	1	121972	player	uade	Noisetracker 1.x	0	113950	d07ba913	eee07bde	DataFiles/MOD_files/soft2/nasty.mod
4873283976e62b3389adab4d75165311	1	301174	player+silence	uade	Protracker compatible	0	131042	78cfc9fe	f68c7f7c	DataFiles/MOD_files/newage/bluestar.mod
4875f006adccedba7b30de5f8528bc31	1	239764	player	uade	Noisetracker 1.x	0	75104	262497e5	c1bfcaf0	DataFiles/MOD_files/Synth/alphomeg.mod
488b8cde4b9d6fce5a21dbb29889c081	1	46216	player	uade	Protracker	0	4190	1374166f	26cc57ff	Archive/Assembly/KBMenu.lha/killerbytemenu/mod.chips and keyhole
489e4521e1f06e60c0a0f27a1f81aa68	1	207031	player	ft2play	Fasttracker (M.K.)	4	95901	39de0ccd	b7e0a879	DataFiles/MOD_files/hits2/run_to_us.mod
48eecb31b5302b7845a9fdb6c492de20	1	136440	player	uade	Soundtracker II (15 instr.)	0	100350	de8a4e72	b24e24b3	DataFiles/MOD_files/soft2/scratch2.mod
49058ff3b9bbb8fc961bbb41c5920eed	1	99968	player	uade	Protracker compatible	0	158704	7449c857	ad5b5b74	DataFiles/MOD_files/soul/funky2.mod
4934e9630c930c4adc32e1e0577d0fc8	1	306055	player	uade	Protracker	0	157500	02c83bf6	1447a55b	DataFiles/MOD_files/soul/beatn.mod
4959272632085a665a0cdcd53782e2fa	1	161397	player	uade	Protracker compatible	0	41148	c2c911d5	f09c3863	DataFiles/MOD_files/soft/goldrunr.mod
49aa1a547c59d0abddb619039e731677	1	138369	player	uade	P40A - P40B - P41A	0	7554	6fbab4b0	d0033282	Programs/Music/Players/P4xx/modules/P40B.DigitalGrim
4a2ee5b898ffade7c6126b476fc5704b	1	126511	player	ft2play	Fasttracker (M.K.)	4	62403	8f96cb29	6a416d4d	DataFiles/MOD_files/Synth2/bitrdreg.mod
4a35134527de3579ad3c4209e61473e4	1	352391	player+silence	uade	Protracker compatible	0	193036	a5846227	37ea7a88	DataFiles/MOD_files/soul/dragfunk.mod
4a871f28e06e7c756adfad8235bf4452	1	176769	player	uade	Protracker compatible	0	58960	00109222	c39f1d88	DataFiles/MOD_files/soft2/rock_n.mod
4abcd03a7f4297a3f174c53ead2499c0	1	160549	player+silence	uade	Protracker compatible	0	76604	3b9592c2	7ad3b9e5	DataFiles/MOD_files/Synth2/bird.mod
4b084a50e4f69c6e7b306e10aeec8083	1	180607	player	uade	Protracker compatible	0	129588	6a57a24c	1e14ffa5	DataFiles/MOD_files/soul2/happy.mod
4b7106f91f21d795c399db34cb0b5757	1	307361	player	uade	Protracker	0	42438	5688f150	3702b4d2	DataFiles/MOD_files/Synth2/cluster.mod
4c11139c4c5556e68b64fecc41c7a7cf	1	192141	player	uade	Protracker compatible	0	50924	3de9fe3b	3a50680f	DataFiles/MOD_files/soft2/v42.mod
4c5e452bd3881f91c7cecf3bb29b0bb7	1	233455	player	uade	Protracker compatible	0	194203	721bedc8	3303f39d	DataFiles/MOD_files/soft2/photogfc.mod
4c808db7bf44e1800171f8cc85082ebf	1	192141	player	uade	Soundtracker II (15 instr.)	0	59320	999b48d9	cf9e2d28	DataFiles/MOD_files/hits/cambod.mod
4ccc79d5a9fcc873822d58ecbce5681c	1	125569	player	uade	Protracker compatible	0	251150	8c4fa224	df7e9be6	DataFiles/MOD_files/soul2/hippop.mod
4d18bb14a5d0e4b00addf2253fedd39d	1	287408	player	uade	Protracker compatible	0	207454	3d96b875	6dd831aa	DataFiles/MOD_files/hits2/tomsdinr.mod
4d2965b894140a5cd9ae296f25e79bc7	1	71816	player	uade	Protracker	0	39372	4c0544a7	34a2bcd6	DataFiles/MOD_files/soft2/whisfred.mod
4d5e3410f8da9bffd0f8603b2df12ca9	1	240866	player+volume	uade	Protracker	0	234024	7cf9c366	df381a5c	DataFiles/MOD_files/soul/get.mod
4d9aaced1a2c52d1e7c07ffe557947ef	1	248599	player+silence	uade	Protracker	0	92166	2926249a	39405aa3	DataFiles/MOD_files/soul2/islroad.mod
4db528385936ec99977a50e6ee893824	1	67315	player	uade	Soundtracker II (15 instr.)	0	37846	690b734a	d9b8fc59	DataFiles/MOD_files/hits/dontworr.mod
4e33262748e8b415c1aa6dd80e3e0cbf	1	149988	player+silence	uade	Protracker	0	115970	5f1ad9f4	f7cf63b2	DataFiles/MOD_files/soft/jadeloos.mod
4e68bc9db69427cf12632f0679263b67	1	255923	player+silence	uade	Protracker	0	179808	0cc39232	b16552cb	DataFiles/MOD_files/TopTunes/dioxide.mod
4e84e4d7f571fb3c216738d75ef36acc	1	192141	player	uade	Protracker compatible	0	190698	5c9e2079	466142d3	DataFiles/MOD_files/soul/freegtr.mod
4e92d1ac2858b8ff3a8f6f369b0f020b	1	217741	player	uade	Protracker compatible	0	82860	aade20ee	fa430927	DataFiles/MOD_files/soft/burnout.mod
4eb19cab8eb52a6e175ee7a3c57ee49a	1	138369	player	uade	Protracker compatible	0	84210	f027f63b	44628f75	DataFiles/MOD_files/soft2/salute.mod
4ec6de35d7ef574bebae2a43bf92bcc6	1	146045	player	uade	Soundtracker II (15 instr.)	0	84864	2ba324aa	db7f447a	Games/rescue/rescue.song3
4ed1a478c2d45f0222bdf3332b0a8ab9	1	247321	player+silence	uade	Protracker compatible	0	81250	30d1ed21	65c5e228	DataFiles/MOD_files/soul2/takechan.mod
4ed599bf7c6ffc3771c21c9ad8bd9adc	1	230541	player	uade	Protracker	0	142578	fcb9d796	fd47d86b	DataFiles/MOD_files/Synth2/bounce.mod
4ef1680c06e450d441e54530cddeba00	1	199797	player	uade	Protracker	0	117760	81572417	581ec1e1	DataFiles/MOD_files/soft/demons_s.mod
4f2e9040af01de268dba4319718b8ad8	1	182025	player+silence	uade	Protracker	0	251326	b296cd19	461bd508	DataFiles/MOD_files/soul2/srl.mod
4f4355eb66edac1cc48be513b793261e	1	192141	player	uade	Soundtracker II (15 instr.)	0	75860	24327966	3095bd90	DataFiles/MOD_files/soft2/mfc1.mod
4f5a6ca02691a0df56e259347c30bc0a	0	14339	loop	uade	UADE	0	1316	fa85cc80	9b9b6e56	Programs/Music/MISC/ExoticModules/CUSTOM.HackMag7Music
4f5dbeb4bfe66fc4022e95615c03371c	1	92272	player	uade	Protracker	0	92828	8e218811	38285f72	DataFiles/MOD_files/Acid2/sauertri.mod
4fd88e6882d3424fb452388d65ee2891	1	172529	player	uade	Protracker	0	91210	aa11b390	e231b28b	DataFiles/MOD_files/TopTunes/FMoments.mod
4fdf35115d56db93bf388432e88c326a	1	194600	player+silence	uade	Protracker compatible	0	38620	d0864600	86c59296	DataFiles/MOD_files/soft2/waving.mod
50323df48b7523aeebccfeea8bba563a	1	284293	player	uade	Soundtracker II (15 instr.)	0	99068	de17ca8b	4b632e98	DataFiles/MOD_files/soft2/setdance.mod
513f0f911f671c62c2b5134d48d41827	1	119279	player	uade	Protracker	0	199876	4aab244e	76db8b03	DataFiles/MOD_files/soul/funknett.mod
51ac798c1da77b477fcb882f27948b3a	1	271458	player+silence	uade	Noisetracker 1.x	0	133338	4655e24d	dfbd6652	DataFiles/MOD_files/soft/klf.mod
51e5c76643ff254ed105dee5cb9a22ba	1	119179	player	uade	Protracker compatible	0	42720	7d5786a2	07a7ff5a	Archive/Assembly/compsrc.lha/MOD.LBACK
5248eff2cac211f942b41e712a0794e2	1	322693	player	uade	Soundtracker II (15 instr.)	0	84540	667e5aee	10fb7e04	DataFiles/MOD_files/Synth/amiga1.mod
526077cdcdc20228cf1da0aa31b78fa1	1	284414	player	uade	Protracker compatible	0	118072	c6fabb62	f191677f	DataFiles/MOD_files/soft/king.mod
5280c531d648eb7797600cad628c2888	1	307321	player	uade	Protracker	0	226654	ff9895df	83b7bfd7	DataFiles/MOD_files/Acid2/thedark2.mod
52847a96bcea2f2803caa4023e49ea2a	1	53872	player	uade	Protracker compatible	0	217429	2c3782af	9f654b19	DataFiles/MOD_files/newage/devices.mod
53e1feb4ecdc271661a1d12a617f43d6	1	153761	player	uade	Protracker compatible	0	266322	cd8d4564	5c2484b2	DataFiles/MOD_files/soft2/u2_001.mod
543d7ab2fbdd8230ae57dd830df46eed	1	30824	player	uade	Protracker compatible	0	126938	784199c8	87906f25	DataFiles/MOD_files/soft2/potjejam.mod
544264392c51713845359249efb2f8f5	1	184445	player	uade	Protracker compatible	0	97330	8f1d457f	d8eac413	DataFiles/MOD_files/Synth/avatar.mod
54725c14bad6b854dacfa847303f3292	1	69224	player	uade	Soundtracker II (15 instr.)	0	39492	e12542d4	1135f69f	DataFiles/MOD_files/soft2/unit_a.mod
547615b5ffeb980edc4f745aab298aa4	1	276597	player	uade	Protracker	0	136086	92728806	e9ad4854	DataFiles/MOD_files/TopTunes/digital2.mod
5487e21c5c3d1a83ac90edb627b51ab9	1	176769	player	uade	Soundtracker II (31 instr.)	0	142334	be6783f8	6826270d	DataFiles/MOD_files/TopTunes/jarre2.mod
549a614930d2c27077d635b9ec599135	1	219650	player	uade	Startrekker (4ch)	0	56542	036a7815	69335f45	DataFiles/MOD_files/soul/gianasis.mod
54ad48bd0016b14360f8972d730115c2	1	192141	player	uade	Protracker compatible	0	56646	1f379399	afb0c2a5	DataFiles/MOD_files/soft/katharsi.mod
54cc981e31da8e81777c20db07cf774f	1	92272	player	uade	Protracker	0	153194	270c89ed	bc8bd176	DataFiles/MOD_files/Acid2/megamix2.mod
54f780eccfd549fea18c6a8ca9693a7b	1	99968	player	uade	Protracker compatible	0	116452	897c1f0d	4cf5ad43	DataFiles/MOD_files/soul2/soulbeat.mod
551f04e1169625ff002733a68d670d71	1	108931	player	uade	Soundtracker II (15 instr.)	0	111052	593c9cc9	c0dc151c	DataFiles/MOD_files/hits/awesome1.mod
553708662390bf8d365968da43d892d7	1	123921	player	uade	Soundtracker II (15 instr.)	0	63832	8397adbe	aad3713b	DataFiles/MOD_files/hits/brill.mod
5555eecc5ff5ddbfaaf2545390143e96	1	134812	player	uade	Protracker compatible	0	65464	80da390e	e515e897	DataFiles/MOD_files/soul2/huricane.mod
55a915288cda3825dc679645126ea78a	1	7796	player	uade	Protracker	0	2142	83d6365b	402174a0	DataFiles/MOD_files/Synth/Ateam.mod
56a9db34a5411b69ef49d9f1f98d9a7a	1	270288	player	uade	Protracker	0	194726	54cdb5f3	431dcbea	DataFiles/MOD_files/TopTunes/anarmain.mod
56ae349168d7bd15a389c58d22a7f535	1	225397	player	uade	Protracker compatible	0	82378	e7c71600	6675e89e	DataFiles/MOD_files/soul2/opusdemo.mod
572202819970b5ba4e65f64f245441e6	1	122997	player	uade	Protracker compatible	0	70440	9568876e	228c42f5	DataFiles/MOD_files/soft2/the_dawn.mod
5767bad0aad7ba9c4ed85c0979253a5b	1	307036	player+silence	uade	Protracker	0	167502	16f09d4c	695d95dc	DataFiles/MOD_files/TopTunes2/thetrim2.mod
578ecb16a7dc3db3bf4b9962c293fac6	1	61568	player	uade	Protracker	0	142348	4d31caae	53f3addc	DataFiles/MOD_files/soul/easnitro.mod
57b5aea15ea36f03c6aab23c204ac0c2	1	76920	player	uade	Soundtracker II (15 instr.)	0	58630	a23e6bd2	fe2a95a5	DataFiles/MOD_files/soft2/m1.mod
57fcb6825d77473cd22128a62d49ee86	0	30744	player	uade	Synth 4.0	0	3932	ddfdea0b	4d3e1b97	Programs/Music/MISC/ExoticModules/SYN.Sanxion_2000-hiscore.pp
585ca38071408a6dcd8eb50b21433854	1	113070	player	uade	Protracker compatible	0	110452	87ba995c	05cc8a9e	DataFiles/MOD_files/soul2/virtinte.mod
586dde7d42a5a0d22ec6479dd9df876c	1	327817	player	uade	Protracker compatible	0	100561	f25790f4	b5aca7df	DataFiles/MOD_files/hits/illbethe.mod
58cc39b14066216a9bbb3ca4d6932248	1	102762	player	uade	OctaMED MMD0	0	53178	9f018439	20d0bc26	Games/MegaBall/MB_Music/GameOver.tune
58cc39b14066216a9bbb3ca4d6932248	1	102762	player	uade	OctaMED MMD0	0	53178	9f018439	20d0bc26	Games/MegaBall/MegaBall.lha/MegaBall/MB_Music/GameOver.tune
5a06077f9e5b2088055b3a75029a2efe	1	87008	player	uade	Protracker compatible	0	54946	b8e3f800	0b0d883c	DataFiles/MOD_files/soft/blobb.mod
5a083f3a61e5ec960f01c7628b16c864	1	161397	player	uade	Soundtracker II (15 instr.)	0	112416	16b4c6e4	8a03c556	DataFiles/MOD_files/hits2/thelook.mod
5abf29a339a58770b5d9e07e153a2c4c	1	270850	player	uade	Protracker	0	129404	ebef6a80	f346b803	Programs/Commun/Casio_Comm/Modules/mod.limited electronic.pp
5adaaeea4afde5229aa418f25b4a0974	1	105072	player	uade	Protracker	0	87544	ec6eda6a	6179c8b4	Programs/Music/MusicEditors/IceTracker/icetracker11.dms/modules/mod.agony_end of game
5adaaeea4afde5229aa418f25b4a0974	1	105072	player	uade	Protracker	0	87544	ec6eda6a	6179c8b4	Programs/Music/MusicEditors/IceTracker/modules/mod.agony_end of game
5b33e7ab67e509d02aade039c2c83047	1	213978	player+silence	uade	Protracker compatible	0	231648	0cc14f5c	f244fe57	DataFiles/MOD_files/soft/adctsng3.mod
5b63c51c5c8f515a5bc9203c5ea14706	1	158845	player	uade	Protracker compatible	0	65050	31180174	d2d669cd	DataFiles/MOD_files/soul/depauper.mod
5b8d1c470aac156ae1975521e044b8b4	1	271553	player	uade	OctaMED MMD0	0	74466	d9d5ac6c	97260d72	Archive/Music/EdPlyr21.lha/DemoSongs/EdP.DemoSong4.pp
5b8d1c470aac156ae1975521e044b8b4	1	271553	player	uade	OctaMED MMD0	0	74466	d9d5ac6c	97260d72	Programs/Music/Players/Edplayers/DemoSongs/EdP.DemoSong4.pp
5bad403cd6990192889b58bb46155ed4	1	211472	player	uade	Protracker	0	113208	07c17f82	6b893c64	DataFiles/MOD_files/hits2/magfiel5.mod
5be34d56ea0e46632ffa189b0b3a50a9	1	268921	player	uade	Noisetracker 1.x	0	106864	61e29613	f42ad034	DataFiles/MOD_files/Synth/027.mod
5c0c924099a2942439a97963d2c947c1	0	174337	player	uade	Ultimate-Soundtracker or compatible	0	66436	a9e25e64	4e873a97	DataFiles/MOD_files/soft/kent.mod
5c3a96c624f3e488393d78433e08c1ac	1	328629	player+silence	uade	Protracker compatible	0	188416	3e72bbb0	7e9f9007	DataFiles/MOD_files/newage/daisy2.mod
5c4135633f6ee2416f9ac693052c0b7a	1	178958	player+silence	uade	Soundtracker II (15 instr.)	0	71872	a823695e	e1080237	DataFiles/MOD_files/hits/cannibal.mod
5c8ed9aad0a8320f3482310ee46551c1	1	172931	player	uade	Protracker compatible	0	133108	1cd14c94	e43fc4e0	DataFiles/MOD_files/newage/field_go.mod
5cabb22c45a90dbf10b6fc4135e1bd11	1	179321	player	uade	Soundtracker II (15 instr.)	0	60566	976ff11f	17314c24	DataFiles/MOD_files/soft/99r.mod
5ce16ef0d02cee85d70cd657256c6b59	1	181451	player+silence	uade	Protracker compatible	0	116882	94cf0fe2	a3d9550b	DataFiles/MOD_files/Synth/1stshot.mod
5ce94960feaa26f74bce0b1f78171061	1	435221	player	uade	Protracker	0	99316	16591ea3	be917956	DataFiles/MOD_files/soft/chipchp2.mod
5d5fae15f871e036424dacece5e92a31	1	176769	player	uade	Noisetracker 1.x	0	54450	b3381b79	0287cd0b	DataFiles/MOD_files/hits/bonnita.mod
5d5fae15f871e036424dacece5e92a31	1	176769	player	uade	Noisetracker 1.x	0	54450	b3381b79	0287cd0b	DataFiles/MOD_files/hits2/madonna.mod
5d72d0acbdf4a3334950126a1d286258	1	238482	player+silence	uade	Protracker compatible	0	341540	73c95e5b	e97f4ecd	DataFiles/MOD_files/soul/911.mod
5d8cd23c6cc30315dc2df6b25fb4bea1	1	169093	player	uade	Protracker compatible	0	83000	228d22a1	5167dbf6	DataFiles/MOD_files/soft/codex5.mod
5dc74294c333664a7e6ba00de97d889f	1	92272	player	uade	Protracker	0	99486	e069430f	960f291d	DataFiles/MOD_files/soul2/m17hisco.mod
5dcca1ea3239b9c9ec860d60c65a596e	1	180570	player+silence	uade	Protracker compatible	0	121305	544f8b89	4d3235ca	DataFiles/MOD_files/hits/denise2.mod
5e3b316d05503cd19aa3ddef9948664a	1	112769	player	uade	Protracker	0	131324	357db73c	2ad6dfbb	DataFiles/MOD_files/TopTunes/digital3.mod
5e78d88a6a401841bd14ebbbfcdb5e39	1	236839	player+silence	uade	Noisetracker 1.x	0	94134	fe03b0ae	3e685c40	DataFiles/MOD_files/soft/feel.mod
5eca6140e2244cd27861da807648d162	1	96130	player	uade	Protracker	0	66712	7a0df9a4	5387cc39	DataFiles/MOD_files/soul/blues3.mod
5f2fcc8121250d7ffe941f10def9a237	0	239061	player	uade	Soundtracker II - V or compatible	0	104298	daba308e	1d9f5d77	DataFiles/MOD_files/soft2/partytun.mod
5f6c0fb95ba9161ccd59e528bc17c32e	1	178135	player	uade	Soundtracker II (31 instr.)	0	129530	de0edf23	9e76864b	DataFiles/MOD_files/soft2/lightnin.mod
5f80ef5f37fd0598d15628291bc2a772	0	194318	player+silence	uade	Ultimate-Soundtracker or compatible	0	50440	ef57e271	37264520	DataFiles/MOD_files/soft2/vortex.mod
607e6dc96e01ce96a1b93e32a5dc3f2b	1	147090	player	uade	Protracker compatible	0	131070	66b5746c	2fc37409	DataFiles/MOD_files/soul2/mellow2.mod
609d6933bf28d1886ec8fcb76b86dd4e	1	124805	player	uade	Protracker	0	76770	5e314d37	546fc339	DataFiles/MOD_files/soft2/undergnd.mod
60d041a344e8f20c4860c6b4a0112b45	1	207493	player	uade	Protracker compatible	0	93228	9d985c8c	ee494182	DataFiles/MOD_files/hits2/tarzan.mod
61165396cf48bd751d209132fdbd46a4	1	97695	player+silence	uade	P40A - P40B - P41A	0	82536	17ffbe93	9d5d825d	Programs/Music/Players/P4xx/modules/P41A.TopAzz&Hawk
61655e6a6f9cc6fea21cb9f53df3aa0a	1	69224	player	uade	Protracker compatible	0	86472	533ddc55	8f059c62	DataFiles/MOD_files/soul2/tonys.mod
61662289f8e69fff1726d979338dd2b1	1	140519	player	uade	Protracker	0	114446	950fc276	50fb6402	DataFiles/MOD_files/soul/goldretu.mod
6180e4c98e9eef51943562430affa551	1	138590	player	uade	Soundtracker II (31 instr.)	0	131652	575c89bf	0f8d359f	DataFiles/MOD_files/soul2/gotthepo.mod
61a18515388f32e0d61a38bbfb5c2e1f	1	176146	player	uade	Protracker	0	104020	19522b56	fe886363	DataFiles/MOD_files/TopTunes2/pyramid.mod
6260ad4df3ea4792f90e7397c5aefecb	1	197737	player+silence	uade	Protracker	0	268222	dd965c83	de6151bc	DataFiles/MOD_files/hits2/nolimit.mod
62b51deb793f4c59ea348250ab1646bd	1	154585	player+silence	uade	Protracker	0	181618	ccebbb2a	811fbf5f	DataFiles/MOD_files/soul2/jordanja.mod
62e5889862b4060a2e1f5f91639cf6a0	1	152429	player+volume	uade	Protracker compatible	0	144204	8c2227a7	1bedd91f	DataFiles/MOD_files/soul/asphyxia.mod
630901c4c0db745b8577f61e710a9254	1	215149	player	uade	Protracker compatible	0	109089	ba5f6883	800d02b6	DataFiles/MOD_files/hits/2madonna.mod
6398ceea4f3ab14b4f7f80462214e368	1	189408	player	uade	Protracker	0	66626	2706ac7c	b544a978	DataFiles/MOD_files/soul/counter.mod
6398f859f7e2756a99e832cf357bad0b	1	276359	player+volume	uade	Protracker	0	194072	fc6c1814	3ac1ba97	DataFiles/MOD_files/TopTunes2/occ.mod
63a605dc507b7b4fa299eba133e4382f	1	199797	player	uade	Protracker	0	169176	86e6d5d6	8480c975	DataFiles/MOD_files/Synth/altoflyt.mod
640a5283e017699d6426a6041d26bc39	1	184445	player	uade	Protracker compatible	0	274432	8cda536c	4d1d064f	DataFiles/MOD_files/hits2/touch_me.mod
647fd41fe9707b109b309196ca23d816	1	195959	player	uade	Protracker compatible	0	86564	bbe0fb64	660057fc	DataFiles/MOD_files/soul/funknjam.mod
64ab91f9ac862f34899046bd9fa71be5	1	146045	player	uade	Protracker compatible	0	89178	e2e86167	905d7bb8	DataFiles/MOD_files/soft2/neorda.mod
64fff73f718ccea654e57d9b04e05e06	1	207493	player	uade	Protracker	0	99310	4d5874c9	74f1e52d	DataFiles/MOD_files/soul/funhouse.mod
6531647fb4f289a3dd505a9f387670e7	1	265103	player	uade	STK_2.6 - IceTracker	0	221746	c09e05d7	fe30837e	Programs/Music/MusicEditors/IceTracker/icetracker11.dms/modules/mod.order of death ii
656cc018cda58a3cc7b796322e0a2632	1	92272	player	uade	Protracker compatible	0	46040	23a89261	22a43695	DataFiles/MOD_files/soft2/toxoplas.mod
65f355d965236242b2dd64c76d46642b	1	275083	player+silence	uade	Protracker	0	56320	7502f642	8f497df7	DataFiles/MOD_files/soul/empori.mod
663e856ec495d96dbe2986f3dfd6d661	1	56424	player	uade	Protracker compatible	0	75550	c9f9b7a9	6f510fd7	DataFiles/MOD_files/soft/ecc21.mod
66c35f85008f562a0ff216e3551c2ef4	1	391134	player	uade	Protracker	0	139000	17848dcc	455245d6	DataFiles/MOD_files/TopTunes/lkrav.mod
66cfbe0f84e84f9f89e59cc1c1d74e9b	0	53679	player	libopenmpt	Ultimate Soundtracker 1.0-1.21	4	29072	2a213f98	7ac8689c	DataFiles/MOD_files/soft2/quiet.mod
66ea77ced797b2a9d30e893b66e0e580	0	206026	player	uade	Ultimate-Soundtracker or compatible	0	65440	c6a18b4c	e62410e4	DataFiles/MOD_files/soft/finvis.mod
670922a4da94af43c746869864ba891f	1	80236	player	uade	Noisetracker 1.x	0	338858	c9a57dfe	4e51c126	DataFiles/MOD_files/Acid2/new-acti.mod
67095c262f93c03c3ba703362ba6c356	1	184445	player	uade	Protracker	0	78446	5a270bc4	4dd3d6f0	DataFiles/MOD_files/soft/horiz36.mod
670a385364b2cb58daedb60759c42a4d	1	147974	player	uade	Protracker	0	190342	c27b2127	cf50809d	DataFiles/MOD_files/hits2/itsmylif.mod
6771fa1396f838b8fdd54e0973160c0a	1	130693	player	uade	Noisetracker 1.x	0	53248	21d535e9	1a0ced76	DataFiles/MOD_files/soft/alwayson.mod
6771fa1396f838b8fdd54e0973160c0a	1	130693	player	uade	Noisetracker 1.x	0	53248	21d535e9	1a0ced76	DataFiles/MOD_files/soft2/onmymind.mod
677e6d317a5e5e5d489a1763a2792a19	1	301313	player	uade	Protracker compatible	0	209944	3c68194c	a3b6ef8f	DataFiles/MOD_files/hits/elgpasa.mod
68316e3a30fbdf9849387e028b853209	1	81427	player+silence	uade	Protracker compatible	0	70890	5afeb12f	9a21850a	DataFiles/MOD_files/soft/austex.mod
68316e3a30fbdf9849387e028b853209	1	81427	player+silence	uade	Protracker compatible	0	70890	5afeb12f	9a21850a	DataFiles/MOD_files/Synth/austexcd.mod
689c69f0fd367bd132fe3a688c2d3cef	1	283630	player	uade	Protracker	0	132618	973e2642	df086992	DataFiles/MOD_files/TopTunes/interfer.mod
68a8634a3a646b3b0222cd5c6f71394a	1	282552	player+silence	uade	OctaMED MMD1	0	293534	8e5036c9	1e136e0d	Programs/Music/MusicEditors/Octa5/Modules Supplied by MUG/1
68ded91853479f50fb45aebd6dff8acb	1	97417	player	uade	Protracker compatible	0	79034	a6d9acda	534de2e6	DataFiles/MOD_files/hits2/majortom.mod
68ded91853479f50fb45aebd6dff8acb	2	57730	player
68ded91853479f50fb45aebd6dff8acb	3	57730	player
68ded91853479f50fb45aebd6dff8acb	4	57730	player
68ded91853479f50fb45aebd6dff8acb	5	67315	player
68ded91853479f50fb45aebd6dff8acb	6	69224	player
6a5bcd6319d8f51322cfe022c6d0d868	1	383901	player	uade	Soundtracker II (31 instr.)	0	97336	f0139f5f	f4406551	DataFiles/MOD_files/soft/dragons2.mod
6a79a9cee67e333df7c5ab3c7e2bdbcc	1	143493	player	uade	Soundtracker II (15 instr.)	0	74012	4f720210	32d09a1a	DataFiles/MOD_files/soft/3ddance.mod
6a93ed8b57eb79705f7ac926eab420b8	1	84616	player	uade	Protracker compatible	0	181498	1ebd527b	b9fc7ff3	DataFiles/MOD_files/hits/getinto.mod
6aac9df2342f02821b97a1b19be7d449	1	199146	player+silence	uade	Protracker	0	253836	cf128859	f5007383	DataFiles/MOD_files/Synth2/backon.mod
6af81d66db7e1e3bc0dee092afe71e0a	1	194050	player	uade	Noisetracker 1.x	0	59060	6782859d	bb65dd13	DataFiles/MOD_files/hits/eyetiger.mod
6b241b963054db83d0c8ac11ab4e586a	1	192844	player	uade	Noisetracker 1.x	0	175414	75bfdbcb	5bc6da32	DataFiles/MOD_files/soft/datatile.mod
6b9d25a322ebd8461aacf283e14ecdd8	1	147009	player	uade	Protracker compatible	0	70522	b2e38437	c2b56006	DataFiles/MOD_files/soft2/panmania.mod
6ba389896eaf6609b7653db2342ff4d1	1	210068	player+silence	uade	Protracker	0	118812	a220b31b	20bea59d	DataFiles/MOD_files/soul2/whi.mod
6ba65801c817435ed584c317de48c616	1	192141	player	uade	Protracker compatible	0	88480	89d1e536	843334ad	DataFiles/MOD_files/soul/6beat.mod
6bba241300965536305e2d175d97892b	1	122494	player	uade	Protracker compatible	0	66942	879e54c5	c828442c	DataFiles/MOD_files/soft/ball_3.mod
6bc7f447dfa5abcffcc7251dd3608916	1	149883	player	uade	Startrekker (4ch)	0	69158	c714b577	5fe9c78b	DataFiles/MOD_files/soft2/lotus3_6.mod
6be3f0593dab38469d266af520afe139	1	192141	player	uade	Protracker compatible	0	134594	f5ac8419	84f39165	DataFiles/MOD_files/newage/eye.mod
6be79c1ec3d097ec99436262809f3b7e	1	90005	player	ft2play	Fasttracker (M.K.)	4	87120	6490bef3	d75b7546	DataFiles/MOD_files/hits/breath.mod
6c0c5037f9301d5658830bc1c679f7f6	1	111000	player	uade	Protracker compatible	0	96044	5468e0d2	d7ffcb7c	DataFiles/MOD_files/soul2/spy.mod
6c460e3578fe60efc56e95e7650a5f6d	1	606375	player+volume	uade	Protracker compatible	0	140922	7cf8c89c	dc95b47a	DataFiles/MOD_files/soul2/nowhat.mod
6c895ce3265e3ef296823ebf96e59389	1	169093	player	uade	Protracker compatible	0	106288	420a43ac	b9e0255f	DataFiles/MOD_files/soft2/punchsma.mod
6d1b7cd596e7641c9d4d71ea67908899	1	237281	player+volume	uade	Protracker compatible	0	127544	27ec0c1b	cdf7095e	DataFiles/MOD_files/hits/itmust.mod
6d8f34a9887aa91811c05fafdc9f696d	1	247641	player	uade	OctaMED MMD1	0	103876	bad7c8d7	9a10e723	Games/MegaBall/MB_Music/Title.tune
6d8f34a9887aa91811c05fafdc9f696d	1	247641	player	uade	OctaMED MMD1	0	103876	bad7c8d7	9a10e723	Games/MegaBall/MegaBall.lha/MegaBall/MB_Music/Title.tune
6dc4a09c191cd7d4ef9721b03f46ab3a	1	177964	player+silence	uade	Startrekker (4ch)	0	260414	679c717a	9ec6a0ad	DataFiles/MOD_files/soul/dee.mod
6e2afd82f626a29cf08550a3ed133455	1	272759	player	uade	Noisetracker 1.x	0	97472	b219c59b	1f1c9d9a	Programs/Commun/Casio_Comm/Modules/mod.crazycomets.pp
6e3dbe7a3a93e99aa646cf5a5486d996	1	169093	player	uade	Protracker compatible	0	30454	693a4942	21ae838d	DataFiles/MOD_files/soft2/little.mod
6ed4799aa2fb861b83b36cb43af30b5d	1	448946	player	uade	Protracker compatible	0	155296	bff2e72f	2fc5f282	DataFiles/MOD_files/soft/badlands.mod
6ee195e14007d5fa0d7996668d5a878f	1	233796	player	uade	Protracker	0	112056	66d771ab	8185434d	DataFiles/MOD_files/soft2/pebbles.mod
6f3691839bb26ea6fc6ea05c28df8970	1	244587	player	uade	Protracker	0	256500	278e0214	c90862ff	DataFiles/MOD_files/soul/deviator.mod
6f60b4935ad67c8a44e0918769d6230d	1	448142	player	uade	Protracker compatible	0	51196	62f33fcb	2746c86d	DataFiles/MOD_files/soft2/vertical.mod
6fb97ce785819c402294d34920368cc8	1	197630	player+silence	uade	Protracker compatible	0	91260	25f57f64	cdb34bd1	DataFiles/MOD_files/Acid2/megamix.mod
6fca7eb0a4db0e42609d9b72d3d83103	1	147765	player+silence	uade	Protracker	0	139824	354ee53f	07c5c3a5	DataFiles/MOD_files/TopTunes/lovethe.mod
6fcff180011f5426aa6f660509adf43a	1	234520	player	uade	Protracker compatible	0	125675	e088d69b	79dae3f4	DataFiles/MOD_files/newage/dream.mod
6fd336bcca13c54f5218245af72299ce	1	53886	player+volume	uade	P40A - P40B - P41A	0	172656	f8e2efc9	6270e55c	Archive/Music/dtp40b.lha/deliriumstart
6feeefdfa0914e3f8bcf2097382b44d5	1	355869	player	uade	Protracker compatible	0	46882	02d9b448	f3f57ddc	DataFiles/MOD_files/soft2/shadow2.mod
701a3ec557ced9c5d8afc3399fb33b8b	1	284414	player	uade	Protracker	0	91342	0a96018c	7b0813d6	DataFiles/MOD_files/TopTunes/akingis.mod
702f17dd2e75c6a83de906be7a783694	1	184445	player	uade	Protracker compatible	0	72950	f0ec823e	1c265db2	DataFiles/MOD_files/hits2/hanger18.mod
70497a4f7487a919efd1f13dc3493f66	1	155569	player	uade	Protracker compatible	0	43004	4a57aef7	a87ae934	DataFiles/MOD_files/soft2/oblivion.mod
70a04be147d56716e17591825d3f2dd8	1	59338	player	uade	Protracker	0	49116	9782afa1	18018352	DataFiles/MOD_files/Synth2/bse_2.mod
70b25a32d4412b224d0bd4a64c1dd3ea	1	261245	player	uade	Protracker	0	68668	57aa8448	be81cbad	DataFiles/MOD_files/soul2/troubjou.mod
70b25a32d4412b224d0bd4a64c1dd3ea	1	261245	player	uade	Protracker	0	68668	57aa8448	be81cbad	DataFiles/MOD_files/TopTunes2/troubeledjourney.mod
70f7e304d0d6f7a1f690791115fca4b8	1	153721	player	uade	Noisetracker 1.x	0	50408	6a6150e5	fbfbc4e4	DataFiles/MOD_files/soft2/qua47.mod
70fa151b5343760134e0d39ca509744c	1	229945	player+silence	uade	Protracker	0	119872	3fd33800	dd2271dc	DataFiles/MOD_files/Synth2/contrst2.mod
711b0bfbb108a8cd7bf69bbb60aec5ba	1	51360	player	uade	Protracker compatible	0	75237	27d207ce	b7764ddc	DataFiles/MOD_files/soft/chad.mod
7221f5f1e9007af4958fbdf61851341c	1	107645	player	uade	Protracker	0	50702	a1b12739	09cda268	Programs/Commun/Casio_Comm/Modules/mod.airline.2.pp
7229887af2790d1232e1b5b2eb33fcc0	1	122997	player	uade	Soundtracker II (15 instr.)	0	291660	28c1838d	d2a6e418	DataFiles/MOD_files/hits/coldcut.mod
72410c8c5e4d64da4441f53b76622357	1	251720	player	uade	OctaMED MMD0	0	59330	96096771	508c3a51	Games/MegaBall/MB_Music/MBmus09
72410c8c5e4d64da4441f53b76622357	1	251720	player	uade	OctaMED MMD0	0	59330	96096771	508c3a51	Games/MegaBall/MegaBall.lha/MegaBall/MB_Music/MBmus09
73023f3880605790dd69c344b60eb19c	0	237755	player	uade	Ultimate-Soundtracker or compatible	0	73540	893ed569	887dcd3c	DataFiles/MOD_files/soft/hienergy.mod
73223f19ae06ddf1885466825ddc4592	1	209755	player+silence	uade	Protracker	0	191246	956e3778	2891cba1	DataFiles/MOD_files/TopTunes2/sometime.mod
734e14ed83ff8b2190b1d1d41b039b68	1	222845	player	uade	Protracker	0	130006	47597cd8	b8525a47	DataFiles/MOD_files/TopTunes/elysium.mod
73528d581fa795bc3d3a53c070917ad3	1	169093	player	uade	Protracker compatible	0	67200	440223e6	31ed9038	DataFiles/MOD_files/soft2/nurd.mod
735eee3f239c3b63cb58dad47516c7bc	1	189280	player+silence	uade	Protracker	0	190644	e6d01a8b	e825311b	DataFiles/MOD_files/soul2/lastdest.mod
737433e23b7228a84a5a050912ebea74	1	195939	player	uade	Protracker	0	174254	645a30ad	a6cf63c1	DataFiles/MOD_files/soul2/moondanc.mod
73a7cf238f4ad03ad7c45e19a8d7b5e1	1	444284	player	uade	Protracker	0	166126	aa021074	a4dbfc42	DataFiles/MOD_files/TopTunes/digital1.mod
73cd0bb6877e305f77e08fcb88b0bf2a	1	252946	player	uade	Protracker	0	254072	a1716c7a	a168a59d	DataFiles/MOD_files/hits/glorylve.mod
73f2b7382199c36c590f2b4fe532c472	1	563288	player+silence	uade	Noisetracker 1.x	0	87998	d2087e5e	66f2e2ea	DataFiles/MOD_files/soft/game.mod
7424ed1d8fda3619a83d636861253592	1	198370	player	uade	Protracker	0	111794	7e23520a	2df4fe05	DataFiles/MOD_files/soft2/topsecre.mod
7467ca93bc56f25580ca04ebcff121c3	1	92272	player	uade	Protracker	0	124578	cf04a9f0	856152a4	DataFiles/MOD_files/soul/16beat.mod
74726cb641f076a5faac8e893027e029	1	46216	player	uade	Soundtracker II (15 instr.)	0	57596	a9f1af01	da30bb63	DataFiles/MOD_files/soft2/sll5.mod
74a218fcbea734e57070aa6e87c8fe4a	1	15472	player	uade	Noisetracker 1.x	0	22232	ba39684b	ef583120	DataFiles/MOD_files/hits/desperad.mod
752af1d32c66f4d0a9f8e42818ccdbba	1	158211	player+volume	uade	Soundtracker II (15 instr.)	0	121904	847606e3	c9867e26	DataFiles/MOD_files/Synth2/chopper.mod
756d43d0d432314bf0f39ed90072057e	1	207493	player	uade	Protracker compatible	0	156148	61ae6c23	6a85fea6	DataFiles/MOD_files/Synth2/cosmical.mod
757df07d34bac0077b3b3e688253cfe3	1	169093	player	uade	Soundtracker II (31 instr.)	0	102280	d3fdd438	1dc8e3ba	DataFiles/MOD_files/soul2/lar.mod
75cdcbd5fd4476437c6dc015c8918e76	1	250997	player	uade	Protracker compatible	0	145284	cf03018e	49442edb	DataFiles/MOD_files/soul2/irule.mod
760198003c8c152468fb86e534f87c06	1	106700	player	uade	Protracker	0	154368	f9e67671	1d8d044c	DataFiles/MOD_files/soul/bruiser.mod
76540f79c5b74c4b06c59f57ffd4bba4	1	290125	player+silence	uade	Soundtracker II (31 instr.)	0	103416	cb72a728	e0a41607	DataFiles/MOD_files/Synth/action0.mod
767d895866943d6da19303f12b2d8d4c	1	238197	player	uade	Protracker compatible	0	102880	cd9b1d06	f9cdccad	DataFiles/MOD_files/soft2/promise.mod
769618e112f1672778d18390ccc56ac7	1	179321	player	uade	Noisetracker 1.x	0	39710	41cfd137	6f639c35	DataFiles/MOD_files/hits/equinox.mod
76a31e7e7efdfbcdc9d3737029197ee1	1	199797	player	uade	Protracker compatible	0	69762	c1f425f2	1264f7ac	DataFiles/MOD_files/Acid/italohs.mod
76bbcc5edea5775db2485ac890360668	1	322693	player	uade	Protracker compatible	0	58478	992795ec	89f0a246	DataFiles/MOD_files/Synth/a_priori.mod
76fa5a00e304092d2828a5d57e52b27c	1	322693	player	uade	Noisetracker 1.x	0	76754	bc9b8f30	48070cae	DataFiles/MOD_files/Synth/amigafor.mod
771e183ba78da095ea547a5b1a95a947	1	217098	player	uade	Protracker	0	151722	02c9319c	e0fed3a1	DataFiles/MOD_files/TopTunes2/molecul2.mod
77430aad453ad4f113ff028fd3b225e0	1	207493	player	uade	Protracker	0	198542	c7db631c	cb368dec	DataFiles/MOD_files/soul/alpharap.mod
7756e238f677ec85f9163a28c9acc938	1	161397	player	uade	Soundtracker II (15 instr.)	0	142572	bc499882	ac8c2bc2	DataFiles/MOD_files/Synth/action.mod
775a20c152dc5766ecf762b344c4bbcc	1	119179	player	uade	Protracker compatible	0	276012	066bb9b1	e7f19a90	DataFiles/MOD_files/soul/funkyfle.mod
77b7aa41b77863a7a8a73db04d63f7c3	1	164963	player+silence	uade	Protracker	0	167970	a17dfd39	71b66284	DataFiles/MOD_files/soul2/vel.mod
77f1fd5fc9d6963498dadb3ca7df6d20	1	163969	player	uade	Soundtracker II (31 instr.)	0	140512	8a2c96e5	c96b0305	DataFiles/MOD_files/soft/defend.mod
785174a2f59fb470c06ec6f06bf759fe	1	207493	player	uade	Soundtracker II (31 instr.)	0	99780	12d9beab	4251f42e	DataFiles/MOD_files/soft/game1.mod
78a617130d433753c2b6d28f1e6406b2	1	195981	player+volume	uade	Protracker compatible	0	119680	f6a6e278	1b4b3c3e	DataFiles/MOD_files/soft/120bpm.mod
78fefa64aeca05e04988d8ee05db6c57	1	237164	player+volume	uade	Protracker compatible	0	132220	d9bbf3d1	5f6e68fc	DataFiles/MOD_files/soft2/NesCafe.MOD
79338347a9e76144bb46f8cfc3828cb0	1	284755	player	uade	Protracker	0	312352	22840090	e505b50c	DataFiles/MOD_files/soul/cdo.mod
7a1f350f5ad6d815a9b190d9cbfce5fe	1	250274	player+silence	uade	OctaMED MMD0	0	62354	4b835c5d	1135c148	Programs/Music/MusicEditors/Octa5/MAGICNOISES/TAKE IT SLOW
7abae2356c00dfb82e1f3d515c7a20e9	1	407572	player	uade	Protracker	0	117172	d7efc860	5f27623b	DataFiles/MOD_files/soft2/sinking2.mod
7ac4ced19ebdca89792800f9177ac035	1	356592	player	uade	Protracker	0	129686	c616e3d5	ac7aaede	DataFiles/MOD_files/TopTunes2/slowmoti.mod
7ace8a1b2c8b59c58f813ac0bed385d4	1	156614	player	uade	Protracker	0	129900	4312fbee	00d52fd9	DataFiles/MOD_files/NewAge2/mazz.mod
7adabc0e42aba449cfdf4f2e52ca89a1	1	261245	player	uade	Soundtracker II (31 instr.)	0	69348	0e1fd6a8	35a54dd9	DataFiles/MOD_files/Synth/amegas.mod
7b73884fd597d530b9c7a703bc5f9ce3	1	199797	player	uade	Startrekker (4ch)	0	177352	fc622272	aeba4146	DataFiles/MOD_files/Acid2/matey.mod
7bf820acd91aefddf8bfa8905cf23437	1	180142	player+silence	uade	Protracker compatible	0	187734	6ba9a7b6	be43c0a7	DataFiles/MOD_files/Acid/husjourn.mod
7c7c58478c670ae01b8f065741b81459	1	128121	player	uade	Protracker compatible	0	105982	4f932849	62194380	DataFiles/MOD_files/hits/allwants.mod
7cddbc6637d3c2346834ce1f4531b1f2	1	199146	player+silence	uade	Protracker	0	251788	7c882d2c	f9f94dd7	DataFiles/MOD_files/TopTunes/backontr.mod
7ce5d9571d443254fa236067cf70e0de	1	173126	player+silence	uade	Noisetracker 1.x	0	98147	d8f54034	009bf8e9	DataFiles/MOD_files/soft2/oslo.mod
7d0ddb3534f1b911a9aa7248fcf842ce	1	256141	player	uade	Protracker compatible	0	105336	4f7a996b	7b629ae1	DataFiles/MOD_files/soft/beat.mod
7dd88052e067fbecf0e5e59bc5e123b7	1	218232	player+volume	uade	Soundtracker II (15 instr.)	0	49688	8ab1c05c	4332a2e3	DataFiles/MOD_files/Synth/abnormal.mod
7ddb0f6b738f354e1dadd38059cc933b	1	204941	player	uade	Soundtracker II (15 instr.)	0	77576	975d3045	e292a248	DataFiles/MOD_files/hits/crockets.mod
7deb8041e07e8b289fe6b2d2fb4642cd	0	103686	player	uade	Mugician	0	22286	7912dbb6	d74666e9	Programs/Music/MISC/ExoticModules/DMU.Reinelein.pp
7deb8041e07e8b289fe6b2d2fb4642cd	1	11534	player
7e673a32022782cabb5f6b5232fb1cc9	1	30824	player	uade	Protracker	0	62654	9664012c	b58422a3	Games/deluxe_galaga23/galaga.jingle1
7e7af490b9503f2cc6f4dfd9010e8008	1	289847	player+silence	uade	Protracker	0	398928	22700eb1	94638644	DataFiles/MOD_files/TopTunes/gslinger.mod
7e8b6cd6f2f62364182d19831966aa20	1	268921	player	uade	Protracker	0	107514	d513efe1	ad87335f	DataFiles/MOD_files/hits2/stornev2.mod
7ef98a9cc9b9c59ec28218ce49d8447d	1	111483	player	uade	Protracker	0	81188	48717d74	44f0acb5	DataFiles/MOD_files/hits/forvyong.mod
7f0b50e3962d591487ca6dc1db39b98a	1	115321	player	uade	Protracker	0	50958	68a9292a	9d35f572	DataFiles/MOD_files/soft/alterego.mod
7f21a87b3b993511ea6d6c235fe69aff	1	161835	player+silence	uade	Protracker compatible	0	164324	8bdac6b4	28d8fc8b	DataFiles/MOD_files/soul2/oppenhei.mod
7f3b7f42d39fcb33b93e5cf010184ac5	1	207433	player	uade	Protracker compatible	0	252563	714e9e4f	112a4f97	DataFiles/MOD_files/soul2/shouse.mod
7f94e9ce64f5ce694168c51368902f4b	1	92272	player	uade	Soundtracker II (31 instr.)	0	69346	17441496	a5131e56	DataFiles/MOD_files/soft2/live.mod
7fcb58c2f8ae1be2d103ce8a5a31828c	1	92272	player	uade	Noisetracker 1.x	0	74404	c1a068e7	de5729a6	DataFiles/MOD_files/Synth/alienbea.mod
7fd2a3dfe018817dbc4bc4a3b8c8ad9c	1	199797	player	uade	Protracker compatible	0	144030	61a53d0d	3889dc4f	DataFiles/MOD_files/soul2/gummisno.mod
7fe822a946b854eea19258939d0bb0b3	1	122997	player	uade	Protracker compatible	0	129044	1ef00f25	fa741fef	DataFiles/MOD_files/hits/fristy.mod
802aede936c60775b073a86bde86bf0e	1	50555	player+silence	uade	Protracker compatible	0	136248	09e43a66	6f776ae5	DataFiles/MOD_files/newage/fir.mod
8036a10e4260a22f96e4f5de82f929cb	1	149883	player	uade	Protracker	0	155794	8dfe097a	78e8fb9d	DataFiles/MOD_files/hits2/petshopb.mod
80672923fad9a5fd30ac3b958f140322	1	230903	player	uade	Protracker	0	184951	203fcb51	7cb710b6	DataFiles/MOD_files/soul2/nassum.mod
8147860b4d35192a6ffc02e13b291464	1	90896	player+silence	uade	Protracker	0	263250	f005bec2	7eeae99a	DataFiles/MOD_files/soul/dream29h.mod
815c8eec4b0af6b204579962f12a5f4b	1	223809	player	uade	Startrekker (4ch)	0	172502	4429da3e	53ca19a2	DataFiles/MOD_files/newage/fantasyw.mod
817dcbb7970da2c8ae2a5ae50405126f	1	198226	silence	uade	Protracker	0	230678	b104aedf	d34e3c01	DataFiles/MOD_files/soul/atriptof.mod
81b51b73d78690b7322baccf8b94fd73	1	222845	player	uade	Noisetracker 1.x	0	82052	6c94448b	ab44fdf9	DataFiles/MOD_files/soft/aktion6.mod
81cb0407ed54b1dbde546f8a58625ace	1	133245	player	uade	Protracker compatible	0	104884	3b73913e	f8e11c38	DataFiles/MOD_files/newage/cavofaby.mod
82035d0613188dabd3f301110121d7b4	0	190172	player	uade	Ultimate-Soundtracker or compatible	0	78240	8b5133e1	af68e450	DataFiles/MOD_files/soft2/mzsong.mod
820eed300b1023c6cba16f55be769eca	1	253569	player	uade	Protracker compatible	0	210270	6d8dd600	2f2c1c6a	DataFiles/MOD_files/Synth/1989.mod
82124d9002bf5e5c8f0cc95c94b5d15b	1	153721	player	uade	Protracker compatible	0	169542	d0f7eb92	e57ffc2b	DataFiles/MOD_files/soul/beatmix2.mod
821ab571bb549b2893d190acd24eb5cb	1	157579	player	uade	Soundtracker II (15 instr.)	0	70072	1354b3b7	731c7c75	DataFiles/MOD_files/soft2/quadrafo.mod
82b0be936ec646bd2f8681d19176936e	1	310016	player+silence	uade	Soundtracker II (31 instr.)	0	78742	53c7718c	52cf2bb8	DataFiles/MOD_files/hits2/magnetic.mod
82b787eefd8607506d0e5bfb0e54cb7c	1	215149	player	uade	Protracker compatible	0	71300	e27e4460	47ab83f6	DataFiles/MOD_files/soul/es.mod
82fa17e62faeb19b217503a39176a07d	1	324760	player+silence	uade	Protracker compatible	0	160982	6a0e09ba	e9631182	DataFiles/MOD_files/soul2/the.mod
834144981bf12d550be5f7c035e8b86a	1	171464	player+silence	uade	Protracker	0	249680	8a2ab586	575b12b7	DataFiles/MOD_files/TopTunes2/rhetoric.mod
840dbe32ff544201124b47443f6089f9	1	135797	player	uade	Protracker	0	65128	4c967682	8d4a4b64	DataFiles/MOD_files/soul/basket.mod
8416482fc10f95d112b5a9b50d28b897	1	238197	player	uade	Protracker compatible	0	161922	621a760b	43a947f0	DataFiles/MOD_files/hits2/pump_up_the_jam.mod
844fac45b3d6290ea00ae5ca57ad72a6	1	207493	player	uade	Noisetracker 1.x	0	99280	4ac64991	f6035f2c	DataFiles/MOD_files/soft/31.mod
848d5722f9a0a78cd609c1bc57dcaa9f	1	175518	player+silence	uade	Noisetracker 1.x	0	48196	2d54291c	22901b4b	DataFiles/MOD_files/Acid/itsacid.mod
8553f81d38fe2bbb1f216a3a40c71b59	1	338045	player	uade	Noisetracker 1.x	0	72044	766c9d07	edddaaf8	DataFiles/MOD_files/Synth2/bluebery.mod
855663304502cfedc347b946bb809d89	1	30824	player	uade	P40A - P40B - P41A	0	5198	faf1d097	b2544924	Programs/Music/Players/P4xx/modules/P40A.Metr0Mix
85956888f0505fee030e81da50d1dadc	1	115321	player	uade	Protracker	0	75492	df3e5f91	74164c58	DataFiles/MOD_files/soft2/snowdrif.mod
85b456dc2d8f5b14a406d2c1a02a789c	1	115321	player	uade	Noisetracker 1.x	0	76676	ab435179	b3f33d20	DataFiles/MOD_files/NewAge2/galdrego.mod
8604c10f7101101c0da90992fd16b3da	1	82044	player	uade	P40A - P40B - P41A	0	5224	f38076b7	a3b17a44	Programs/Music/Players/P4xx/modules/P41A.Fairlight
86166c18e0b7b24034c3418f18f9e66c	1	262210	player	uade	Protracker compatible	0	69900	967fa6c8	d0349f58	DataFiles/MOD_files/soft2/ussjy.mod
86bebab60fce694432c799d58337bc7a	1	188605	player+silence	uade	Protracker compatible	0	161044	ded9cb7e	edc169e8	DataFiles/MOD_files/soul2/mkeyrmve.mod
875c5fc439054e568bea940cbe67fba4	1	127236	player	uade	OctaMED MMD0	0	159584	b73972e9	1fbc6a73	Programs/Music/MusicEditors/DA/LondonRain.emod
875c5fc439054e568bea940cbe67fba4	1	127236	player	uade	OctaMED MMD0	0	159584	b73972e9	1fbc6a73	Programs/Music/Players/DA2.0/LondonRain.emod
875c5fc439054e568bea940cbe67fba4	1	127236	player	uade	OctaMED MMD0	0	159584	b73972e9	1fbc6a73	Programs/Music/Players/DA2.5/londonrain.emod
87696dc5d97eee5e6758c1f6b7f56c02	1	356572	player	uade	Protracker	0	258408	22a710c3	1b6908a2	DataFiles/MOD_files/TopTunes2/spacetek.mod
877219abffb6ebfd6a9140278e465759	1	430278	player	uade	Protracker compatible	0	163570	44a29add	787d21e3	DataFiles/MOD_files/hits/imaginry.mod
877bdf1e2dbfebe3493ce3e4f07e1b01	1	75011	player	uade	Protracker	0	82950	bc6851d4	f20d07bd	DataFiles/MOD_files/soul2/trabalas.mod
87e6cf49a9d1d007574332488423ba12	1	146045	player	uade	Noisetracker 1.x	0	153104	4036b88a	7214709c	DataFiles/MOD_files/soft2/strangeb.mod
8820770b4a8dc7bc584248819b01ae6d	1	69224	player	uade	Soundtracker II (15 instr.)	0	31244	566d455d	b332b46d	DataFiles/MOD_files/soft2/merde.mod
8847fb6f09db27757a8349cb048d78ba	1	163647	player	uade	Soundtracker II (15 instr.)	0	130962	7adc4dbc	aed1e361	DataFiles/MOD_files/hits/criminal.mod
8889ef2fde2b2a792bd07ae9d26c06f7	1	172931	player	uade	Protracker compatible	0	156444	8ed84654	c4e297be	DataFiles/MOD_files/soft/backpop.mod
89684c6948ff47d1c3524fe0a97053f9	1	435985	player	uade	Protracker	0	325290	9b9e934e	6d6776e9	DataFiles/MOD_files/hits/4unlimit.mod
896f13ecb9148549c7e7861a3c74bfa5	1	146045	player	uade	Protracker compatible	0	354019	0765872e	db7e9bcb	DataFiles/MOD_files/hits/defk.mod
89bfac575630e48bb5d67d355017e307	1	353056	player	uade	Protracker	0	301284	6935a437	9fee5cb9	DataFiles/MOD_files/TopTunes/computer.mod
8a5bc1556d9e08d7015ffee9d1fcde5b	1	37094	player	uade	Protracker compatible	0	114827	63987a25	ea60d472	DataFiles/MOD_files/soul/dontstop.mod
8a76d8f0e2f3027762d95bbe77e0ee08	1	171002	player	uade	Protracker compatible	0	44540	a5b6d1e3	e4617154	DataFiles/MOD_files/Acid/lets_go!.mod
8a8fd1543877da4eee441490fd7aaddc	1	209700	player+silence	uade	Protracker compatible	0	104794	36bc8b9f	2a8b5460	DataFiles/MOD_files/hits2/oxygeniv.mod
8ad29522efeac6526f93a809456733b5	1	242055	player	uade	Protracker compatible	0	106026	e4ee9063	456aae5c	DataFiles/MOD_files/soul/chikago.mod
8b4f5c3ec93f997fd31a426bcfd67f1b	1	165054	player	uade	Protracker	0	118748	aae64668	0d5d6551	DataFiles/MOD_files/soul/funeral.mod
8b56024b85c11d91e8510fa98b7618bf	1	338130	player+silence	uade	Soundtracker II (15 instr.)	0	139384	2d9e3a59	03a9527b	DataFiles/MOD_files/NewAge2/jesus.mod
8b8f4bc7fc5c124bbcc92cf863381459	1	99968	player	uade	Protracker compatible	0	62100	91652b8f	3525623e	DataFiles/MOD_files/soft/dance.mod
8bc1d00a4c117eb389ba08ae99faabc9	1	138369	player	uade	Protracker	0	88606	c84e1ad9	e92fad59	DataFiles/MOD_files/TopTunes/idea2.mod
8c2fc6baf7eff722bfc8e8947f984a59	1	94583	player	uade	Protracker	0	110415	8f741500	75affff9	DataFiles/MOD_files/hits/house_of.mod
8c483f85715d4768358701854932eb91	1	153721	player	uade	Protracker compatible	0	77346	0d8289d4	c7adb77f	DataFiles/MOD_files/soft/icehocky.mod
8cc4f0ea805d817b901b77042300d1c7	1	119641	player	uade	Protracker	0	110380	416ab85b	3f6591fa	DataFiles/MOD_files/Acid2/technope.mod
8cf30e64cca778fe49fd52552bc7cdaa	1	206207	player	uade	Soundtracker II (15 instr.)	0	63336	c28a0b40	8b63170e	DataFiles/MOD_files/hits2/lninja.mod
8cf3deddf9b26f54df2de57f1b315c35	1	271458	player+silence	uade	Noisetracker 1.x	0	192236	e620003f	35af9042	DataFiles/MOD_files/soft/jungle.mod
8d41f8a55465d298894433724f2ccce9	1	178678	player	uade	Noisetracker 1.x	0	61384	a7964f61	1571bcfb	DataFiles/MOD_files/hits/drilling.mod
8e09d49231e63a16c81d0c52cfdeb211	1	166521	player	uade	Soundtracker II (15 instr.)	0	86864	7cc1a7a3	3ad4b30c	DataFiles/MOD_files/Acid2/night.mod
8ee9e08ae33ad9f4cf25ed6be89a3e5c	1	426380	player	uade	Noisetracker 1.x	0	118608	2900c2b6	5730867f	DataFiles/MOD_files/hits/bmonday.mod
8f620ea3c3a5d7bd365a96fb1e6b44b7	1	259175	player	uade	Protracker	0	261394	bb5691a0	8bb7b73d	DataFiles/MOD_files/hits/dontuwnt.mod
8f793308b628b1c1ffb89fcdde7e2210	1	143280	player+silence	uade	Noisetracker 1.x	0	74784	58476978	b027214c	DataFiles/MOD_files/Synth2/comicbak.mod
8f91dedd1f48d473ec4cd4af6dd8750e	1	379118	player	uade	Protracker	0	119030	6bdddaeb	4546e878	DataFiles/MOD_files/Synth2/chloro.mod
8fb05844ad2091e6b70f377845c35150	1	176769	player	uade	Protracker compatible	0	135393	6c2ce59c	c565961f	DataFiles/MOD_files/hits/dream1.mod
8ff264f5f4763c468fd992ac896e91e5	1	169093	player	uade	Noisetracker 1.x	0	54404	3e296281	3cd59edb	DataFiles/MOD_files/soft2/twilight.mod
906a6de9ae0335f928303fabd65c6fb4	1	279307	player+silence	uade	Protracker compatible	0	139815	951595cc	91145c64	DataFiles/MOD_files/hits2/live2tel.mod
90b8f6262aaf4ac5226f2c7e2a677944	1	84616	player	uade	Protracker	0	131816	b4b7f098	1040bb68	DataFiles/MOD_files/Synth/ashort.mod
90b8f6262aaf4ac5226f2c7e2a677944	2	69224	player
9258cd840442bcf8eaa4676dc3162451	1	322693	player	uade	Protracker	0	351546	0516e8a3	b5c68434	DataFiles/MOD_files/hits/DasBoot.mod
92df71270076f57842ece6b56450106d	1	228295	player+silence	uade	Protracker compatible	0	261020	49e10555	dd825af5	DataFiles/MOD_files/hits/batdance.mod
933c572f7dae4e3cfdb2c9e0b72ba5e1	1	360251	player+silence	uade	Soundtracker II (15 instr.)	0	69002	727078c8	f3bfcec1	DataFiles/MOD_files/soft2/shine89.mod
937b79b54026fa73a1a4d3597c26eace	1	130693	player	uade	Soundtracker II (15 instr.)	0	181016	7162af51	483a1645	DataFiles/MOD_files/soft/atarimod.mod
93be06d0f4001fa899644b8dfc123ac7	1	224356	player+silence	uade	Protracker	0	70018	9602e22d	90b796ae	DataFiles/MOD_files/NewAge2/millenium.mod
93c6759f0fdb9298687010b2f53f3cfe	1	215149	player	uade	Protracker	0	246900	2af4453b	8a8009c6	DataFiles/MOD_files/soul2/vogue.mod
9406ba9984c760c82388cc944b846de9	1	115321	player	uade	Noisetracker 1.x	0	89216	ac0c99ec	e046dcbf	DataFiles/MOD_files/soft2/rimboe.mod
946836dcacba840774b5b1c1125e6f9f	1	187930	player+volume	uade	Protracker	0	302936	87340279	9524e9d1	DataFiles/MOD_files/soul2/traffic.mod
94827674cf77d7ea0195a3a2ae9b32eb	1	169093	player	uade	Noisetracker 1.x	0	134232	d2e4af84	ece40bfd	DataFiles/MOD_files/soul/depressi.mod
9488db370a46470115e858291e252269	1	192141	player	uade	Soundtracker II (15 instr.)	0	100068	337c36ed	527193b0	DataFiles/MOD_files/hits/dracula.mod
94a47429fa18fd6aa6a52a912a7eb1e6	1	123921	player	uade	Noisetracker 1.x	0	64316	5a42a453	f2814501	DataFiles/MOD_files/hits2/theway.mod
94a8a95562886d1d05856fee0853f82e	1	242055	player	uade	Protracker	0	158902	a9121779	ba76ea4c	DataFiles/MOD_files/soft/80rewind.mod
95af63d9dd6612179957ba2ba5b75efd	1	51963	player	uade	Protracker	0	106588	2a27ee63	3377eeee	DataFiles/MOD_files/soul2/m12compe.mod
95c0c3b1716d3a2e3dd1b7043cf2cbdd	1	289067	player+silence	uade	Soundtracker II (15 instr.)	0	88204	f23a8b12	9aa43b06	DataFiles/MOD_files/soft/clockwor.mod
95cda4bb08775973fae2ea02e42810da	1	280837	player	uade	Protracker	0	313430	b2822bcd	c46f49c5	DataFiles/MOD_files/Acid2/redalert.mod
9611407db37a9608387b5150217add1c	1	84616	player	uade	Soundtracker II (15 instr.)	0	39470	ce89e4f3	c75d0460	DataFiles/MOD_files/hits2/tubbells.mod
962f2392fabdb19712e26a74ce61f830	1	176769	player	uade	Noisetracker 1.x	0	78762	7c3c11ac	ed5abca4	DataFiles/MOD_files/hits/edge8.mod
964e8d496aff3a2d5b4124040e4b55ab	1	116174	player+silence	uade	Protracker compatible	0	101872	03d87310	f72713e1	DataFiles/MOD_files/soul/anarchy.mod
96732f0181229deca607d00f5dffddba	1	158041	player	uade	Protracker compatible	0	99024	395c66c7	bd3cb81e	DataFiles/MOD_files/soul/a_hit.mod
9677a156f21b07f74e6203c45860dbe3	1	253569	player	uade	Noisetracker 1.x	0	150336	126787bf	6c2a3ff6	DataFiles/MOD_files/soft2/silhouet.mod
967c649fb26049c970eef3663f5d7395	1	192141	player	uade	Protracker compatible	0	27064	d0350af4	a3774964	DataFiles/MOD_files/Synth2/comic.mod
96d62761d971092b8ff0aa44fb774eda	1	384122	player	uade	Noisetracker 1.x	0	117012	6a0cfb4b	05734e2c	DataFiles/MOD_files/Synth/baalmix.mod
97617fecf3276abc67c1a17f65d2bd80	1	286041	player	uade	Protracker	0	150150	6fef3903	300c8d4b	DataFiles/MOD_files/soul2/inner.mod
97d6477985797eec8259ccc3360674dc	1	110920	player	uade	Noisetracker 1.x	0	91938	943d1574	c4825c8e	DataFiles/MOD_files/soft/dancing.mod
9811c3eef6c683a526f5582bcb12cdee	1	267494	player	uade	Noisetracker 1.x	0	142916	e970a12c	d794a8cc	DataFiles/MOD_files/soul/fullefec.mod
981eb7946fd77245d4f1563d6e33b08d	1	244915	player+silence	uade	Protracker	0	71110	23a43a0c	56678cce	DataFiles/MOD_files/hits/ice.mod
98bf3e23eca62ce3be0b4d6e3387b034	1	161397	player	uade	Soundtracker II (15 instr.)	0	32330	24fdb331	5b2e22e1	DataFiles/MOD_files/soft/collosum.mod
994414bc07774c850d95a110b5adef3b	1	123921	player	uade	Noisetracker 1.x	0	64108	51a3776b	de0926b2	DataFiles/MOD_files/hits/6.mod
998fb8fe249f1132c81bb8273de87a67	1	160064	player+silence	uade	Soundtracker II (15 instr.)	0	95294	556a0330	acd9dfd7	DataFiles/MOD_files/soft2/megaf.mod
99ddfa50366468ee8319a10e537eace0	0	214719	player	libopenmpt	Master Soundtracker 1.0	4	109080	b2473ce3	d1020e56	DataFiles/MOD_files/soft/fastwork.mod
9a3ae755a14eaf2e6372746b29ed5ef9	1	141118	player+silence	uade	Protracker compatible	0	138864	9c1c668d	f3677851	DataFiles/MOD_files/soul/bringmeb.mod
9a4acfd8b8676fa4f3f029b6fde2dad9	1	355710	player+silence	uade	Protracker	0	198330	aafda9c3	cf89272e	DataFiles/MOD_files/Synth2/blinyzq5.mod
9a8afba74d6150bcf4078b3c6afedfb2	1	119064	player+silence	uade	Protracker	0	347128	8efe8491	92271216	DataFiles/MOD_files/TopTunes/hideaway.mod
9aa09df1f83195c25b0f86847ce91bca	1	223809	player	uade	Protracker	0	153832	1acb80db	ccaa6e8f	DataFiles/MOD_files/soft/enlight.mod
9aefab311d754d5314808a1c9ca787e5	1	73082	player	uade	Protracker	0	55970	848c31ec	72eab0e3	DataFiles/MOD_files/hits/bluesbr2.mod
9b1df03dbd4220a2aaae4399924a002f	1	62533	player	uade	Protracker	0	125276	df1751b3	3a2a155a	Archive/Assembly/Ntro3.lha/mod.muzik_2_go_def_by!
9b1df03dbd4220a2aaae4399924a002f	2	76920	player
9b224aa43dea721f13fc5b508ff0c18c	1	216133	player	uade	Protracker compatible	0	189738	ba9746ba	0255bd95	DataFiles/MOD_files/soul2/wir.mod
9bb810ca1c1f672197b7f1367e8520fc	1	46216	player	uade	Noisetracker 1.x	0	63154	3b0f8f09	2af891c9	DataFiles/MOD_files/hits2/rumors.mod
9be0667f6ebeb655fa767088da1bbd2e	1	150317	player+silence	uade	Protracker	0	158478	fe22c726	1f129aa8	DataFiles/MOD_files/soul/boombast.mod
9c06bc85b88cb3e6ff836f08a8f6e5a2	0	87168	player	uade	Ultimate-Soundtracker or compatible	0	58244	67e012eb	45a1a6ef	DataFiles/MOD_files/soft2/schluchz.mod
9c0be24c40e7f0dbece02b17628eb812	1	169093	player	uade	Protracker compatible	0	52122	c974c650	6a5c772c	DataFiles/MOD_files/soft/gobo.mod
9c0cf44215c82d45072eba7d6d1658c0	1	361073	player	uade	Noisetracker 1.x	0	196608	63c006b4	ad137f6e	DataFiles/MOD_files/hits2/thestory.mod
9c1a0627a310220215814c75f33f7add	1	138369	player	uade	Soundtracker II (15 instr.)	0	79112	c67f400c	de0bfb3e	DataFiles/MOD_files/soft/jm_jarre.mod
9c88664e443f6d1864a7f348ac94345a	1	237173	player+silence	uade	Protracker	0	109670	a984db2b	4e2f94f3	DataFiles/MOD_files/TopTunes2/space.mod
9d586a1de4ab0aafb2653b185d3d60bd	1	38520	player	uade	Protracker compatible	0	96360	202ae92c	a0df4049	DataFiles/MOD_files/NewAge2/kick_it2.mod
9dac8d075f93cc671e924847d34153d2	1	358521	player	uade	Protracker compatible	0	142874	9b2c167a	fab588d2	DataFiles/MOD_files/soft/focus.mod
9e8741fda45d2e1cbd7c33235a6e3103	1	122997	player	uade	Noisetracker 1.x	0	149166	452421f5	7d5c61c9	DataFiles/MOD_files/soul/bigbusin.mod
9ea6ad97da7c4dc37e6e8fecf304cdb8	1	150787	player+silence	uade	Protracker compatible	0	122104	b7468a6b	54681f80	DataFiles/MOD_files/soft2/namewas.mod
9ec1bd9b28d2e894440366ed784eb489	1	152153	player	uade	Soundtracker II (31 instr.)	0	104040	25109816	ddb74b03	DataFiles/MOD_files/soft/comic.mod
9ed5b7b4ba9b7e78e1aa4027257e441b	1	63477	player	uade	P40A - P40B - P41A	0	18180	d223d776	6246838b	Programs/Music/Players/P4xx/modules/P40A.Stellar8
9ef57cd86977864fb83840689fa5e05a	1	351309	player+silence	uade	Protracker compatible	0	200080	d047005f	815e0a52	DataFiles/MOD_files/hits/inthemix.mod
9f136d042b5c88d6a5c9ee66b42f26c2	1	81723	player	uade	Soundtracker II (15 instr.)	0	55450	bc510fae	6f3738df	DataFiles/MOD_files/soft/airborne.mod
9f69fd4e53626be89d62ede6ec6fa533	1	264247	player+silence	uade	Protracker compatible	0	130574	0481a653	00d655f2	DataFiles/MOD_files/soul2/jumpjack.mod
9fb75219a4d50a2dd1aa32b43ffcfa03	1	169093	player	uade	Noisetracker 1.x	0	84862	cc255f18	c89e4880	DataFiles/MOD_files/soft/groove.mod
9fd352d12562e2f6d37ae373dd543bed	1	60986	player	uade	OctaMED MMD0	0	32438	7843a3b0	4dcea48e	Archive/Music/EdPlyr21.lha/DemoSongs/MusicBox2.pp
9fd352d12562e2f6d37ae373dd543bed	1	60986	player	uade	OctaMED MMD0	0	32438	7843a3b0	4dcea48e	Programs/Music/Players/Edplayers/DemoSongs/MusicBox2.pp
a064ab6968fd2b8b2d7dcab0e3846fc0	1	234057	player+silence	uade	Protracker	0	195912	41518cba	f87a39af	DataFiles/MOD_files/TopTunes2/myglamou.mod
a0f5b243d2969380dc36205170a7ee0f	1	61568	player	uade	Noisetracker 1.x	0	31562	bf503d0f	3ecffae0	DataFiles/MOD_files/hits2/pump_up_the_jam(s).mod
a25fb036ce9356fd183ae411ea6c0b0d	1	187276	player+silence	ft2play	Fasttracker	8	134768	ca54fb1f	1be1121a	DataFiles/MOD_files/hits2/poing1.mod
a35044ec17d1bc7530dae50b3c96f49e	1	257568	player	uade	Protracker	0	144970	c3405d25	31c61803	DataFiles/MOD_files/hits/bthay303.mod
a38eb366f9d3e072271844e58b00abdd	0	268399	player	libopenmpt	Master Soundtracker 1.0	4	65500	ff7274e8	379a3e74	DataFiles/MOD_files/soul/fletch.mod
a5122b40f80088fba2fedc8bebbfcca5	1	502240	player+silence	uade	Protracker	0	164020	6ad884de	8831f487	DataFiles/MOD_files/NewAge2/heaven.mod
a5fdf525c9cb07f1d4aa5ab34bcc7590	1	212874	player+silence	uade	Soundtracker II (15 instr.)	0	51612	0987ffd7	e1ee2d3f	DataFiles/MOD_files/Synth/alcatraz.mod
a65959fb9b8e31371390ed00b0a4a839	1	192141	player	uade	Protracker compatible	0	72916	b309f6bb	9473d4c1	DataFiles/MOD_files/hits2/modeldis.mod
a686f505d61615cfd9f608a1eda1795a	1	159589	player+silence	uade	Protracker	0	89444	ffaad3e0	630999ae	Programs/Disk_tools/Copy_Utils/CopyC_DEMO/mods/mod.copy-c_song.pp
a6ba0bf18c1be5d760ea38e41b53647a	1	94222	player	uade	Protracker compatible	0	86876	921bb667	31cedb05	DataFiles/MOD_files/soft/dt_dm.mod
a6ba0bf18c1be5d760ea38e41b53647a	1	94222	player	uade	Protracker compatible	0	86876	921bb667	31cedb05	DataFiles/MOD_files/soul/dt_dmsnd.mod
a71558e751b314c69979a7a360c4525c	1	57730	player	uade	Protracker	0	33322	df3a8972	11ee4d85	DataFiles/MOD_files/soft/agogo.mod
a73561a8e3b7832f79deac232c4b1481	1	235645	player	uade	Protracker compatible	0	137462	1c55dc09	7c17d600	DataFiles/MOD_files/Synth2/cityjam.mod
a736a46b82febd0d187aa3979ef85918	1	25210	player+silence	uade	Protracker compatible	0	93458	70e0229b	9918b253	DataFiles/MOD_files/hits/baby.mod
a736a46b82febd0d187aa3979ef85918	2	0	nosound
a736a46b82febd0d187aa3979ef85918	3	38171	player+silence
a736a46b82febd0d187aa3979ef85918	4	0	nosound
a736a46b82febd0d187aa3979ef85918	5	38171	player+silence
a736a46b82febd0d187aa3979ef85918	6	31451	player+silence
a736a46b82febd0d187aa3979ef85918	7	29530	player+silence
a736a46b82febd0d187aa3979ef85918	8	101533	player+silence
a736a46b82febd0d187aa3979ef85918	9	38171	player+silence
a79a130400b0e80be3985c13e4b722f8	1	593014	player+silence	uade	Startrekker (4ch)	0	201656	a543f934	9f270623	DataFiles/MOD_files/soul2/hysteris.mod
a7a6904a820d4c07a2055224d025a5c3	1	61568	player	uade	Protracker	0	30682	f62dc6ee	5ae0a30e	Games/scorched_tanks_v1.75/mod.ari-san<crossroad>
a7a6904a820d4c07a2055224d025a5c3	1	61568	player	uade	Protracker	0	30682	f62dc6ee	5ae0a30e	Games/scorched_tanks_v1.75/mod.horizons'edge
a7d866fced59965b839dd52d62c4f449	1	272484	player+silence	uade	Startrekker (4ch)	0	154256	df18fa9f	7957c921	DataFiles/MOD_files/soul/captive.mod
a80cd7ca73fecfcaece34beb429c0e74	1	307321	player	uade	Soundtracker II (15 instr.)	0	84712	cd54eca7	c87f74fc	DataFiles/MOD_files/soft2/ralley.mod
a81003b66b633a4fb7f9b008118aa718	1	76920	player	uade	Soundtracker II (31 instr.)	0	57772	36dde3e9	e3df3d4a	DataFiles/MOD_files/soft/hipphipp.mod
a81f5fec65474f04b1fc4b3349228904	1	123961	player	uade	Protracker compatible	0	100664	b055626f	650d895c	DataFiles/MOD_files/TopTunes/justspan.mod
a90d8311e00dccabb548f0fe25efa1f5	1	46216	player	uade	Protracker compatible	0	27924	148b0326	a1d5c057	DataFiles/MOD_files/hits2/looncred.mod
a91a5123f03e75b62e2194f9962f3a22	1	220293	player	uade	Noisetracker 1.x	0	71572	fdcf875f	76b47f01	DataFiles/MOD_files/soul/badcrion.mod
a9405964cc276b316bba6976f7539f38	1	374275	player	uade	OctaMED MMD0	0	48406	ddaa2cba	8bba9a69	Programs/Music/MusicEditors/MED3.22/demos/Synth-a-sysmic
a9840a140a8813da68905e5261dce0b3	1	106127	player+silence	uade	Noisetracker 1.x	0	30676	1e30a0f8	7b3ae9a1	DataFiles/MOD_files/hits2/twist.mod
a99ae5983ab2005b4bd2380989a9e68e	1	192141	player	uade	Protracker compatible	0	155014	93c65c8f	ae2c8313	DataFiles/MOD_files/soul/blueprnt.mod
a9a615d6a4ec9e098b0f363c210dea06	1	51320	player	uade	Noisetracker 1.x	0	40628	51ef9345	6f6c1071	DataFiles/MOD_files/soft/hunter.mod
a9a8b317f5f3ef7e36f25e98b308b400	1	462449	player	uade	OctaMED MMD0	0	53124	c698e055	d01fdab2	Programs/Music/MusicEditors/MED3.22/demos/stärkelsesirap
aaff750bcead61a465b6ed6054043f7b	1	207493	player	uade	Soundtracker II (31 instr.)	0	75972	b8b43d43	408d9054	DataFiles/MOD_files/soft2/powerm.mod
ab118e9c6d5f34cef6b51cc2bbccc697	1	259716	player+silence	uade	OctaMED MMD1	0	97632	cacf74a6	30a81ba5	Programs/Music/MusicEditors/Octa5/Modules Supplied by MUG/2
ab9c37ee8cb51d4a1e4c9c1c9abd0640	1	146045	player	uade	Noisetracker 1.x	0	55862	5aed8ccc	71e26dd3	DataFiles/MOD_files/soft2/ten.mod
ac017f878d11fbc3e814aba7819507c7	1	207918	player+silence	uade	OctaMED MMD0	0	120142	2a790f94	3074259d	Programs/Music/MusicEditors/Octa5/MAGICNOISES/HAPPY HOUR
ac0c2b0a4a12fe3767aa7fc2ac319d87	1	184445	player	uade	Noisetracker 1.x	0	53788	dd02c827	7fd8bf26	DataFiles/MOD_files/Synth2/cleang.mod
ac30a21bd83f46cafe7f462c7fe95b52	1	119179	player	uade	Protracker compatible	0	70504	ec8bda92	f3b4b2bb	DataFiles/MOD_files/TopTunes/kefrens2.mod
ac6bf040014277075bb4b4d52355acc3	1	82044	player	uade	Protracker	0	134164	7235fd9c	8bd3e881	DataFiles/MOD_files/TopTunes2/seeing1.mod
acb9d8982bdb5352a19e6a0c019c0ade	1	228773	player	uade	Noisetracker 1.x	0	108200	bc5232a8	55edc468	DataFiles/MOD_files/TopTunes2/stulfica.mod
ad0d490204c186c9430786461137dbcc	1	121329	player	uade	Noisetracker 1.x	0	75388	398a3500	2b4af71f	DataFiles/MOD_files/soft/damned.mod
ad43ae3925f0bed1cda0a9107c25aece	1	300683	player+silence	uade	Protracker compatible	0	141683	deece055	8fb723f1	DataFiles/MOD_files/NewAge2/poseidon.mod
ad66606427f11d5a35bf9a78cbb49dfa	1	287408	player	uade	Protracker compatible	0	207454	f263ed04	36059ada	DataFiles/MOD_files/hits2/tomdiner.mod
ada1940111f280d9471f53d546777a40	1	119179	player	uade	Soundtracker II (15 instr.)	0	43710	35fbdb09	ef5601ed	DataFiles/MOD_files/soft2/motherfu.mod
ae451c79c87c42abfa90a0028f79b534	1	292552	player	uade	OctaMED MMD0	0	109692	2fb5fe45	edd230a1	Games/AmigaBoulderDash/abd.mod
ae4b8438c97104eeb8b9808e6906966a	1	153721	player	uade	Protracker compatible	0	105223	0bc56563	0fe902c1	DataFiles/MOD_files/hits/acdc.mod
aea018e2c885144579723a3c9b27e9da	1	696695	player+silence	uade	Protracker	0	205116	c8e51004	33be0411	DataFiles/MOD_files/Acid/acityat.mod
aeef72678d3635c7d52beb21ba17dec6	1	175925	player	uade	Protracker compatible	0	165269	a70a89f1	e0d99e0a	DataFiles/MOD_files/hits2/pf_money.mod
af24b3de4f9f0bb0b705cc570b2988db	1	232802	player+silence	uade	Soundtracker II (31 instr.)	0	74188	32e1d07e	52ef19d1	DataFiles/MOD_files/soft2/music2.mod
af6fd7334dbfa7098cf72a9e6fe98384	1	155650	player	uade	Noisetracker 1.x	0	70772	26deb3b2	2684b1a7	DataFiles/MOD_files/hits2/ma.mod
af81f0e03219a54cbc6d8b539955474d	1	107645	player	uade	Protracker	0	12864	8a4d07f1	9df2989f	DataFiles/MOD_files/soft/itsgrim.mod
af841509510e96c4f6a9a7f3763e488d	1	345721	player	uade	Noisetracker 1.x	0	48058	0f3c5b07	2292e546	DataFiles/MOD_files/soft/csm.mod
af851074a05ec018814f3d68ae25ec8f	1	109574	player	uade	Protracker compatible	0	140708	2b42afb0	fcc8bad0	DataFiles/MOD_files/Synth2/black.mod
afc6fcabfd7fa741df49f6c416589cc0	1	315017	player	uade	Noisetracker 1.x	0	62976	2a6baca0	3f56cdb9	DataFiles/MOD_files/soft/darknigh.mod
afcf6834c2b83297e024b81e144587df	1	61568	player	uade	Protracker compatible	0	186230	020522c8	ca3cd7a5	DataFiles/MOD_files/hits/doubleit.mod
afdb46deff8e7f91442c54097fbe4366	1	334837	player+silence	uade	Protracker	0	143070	bf8cc034	bcad82aa	DataFiles/MOD_files/TopTunes/hardcor.mod
aff15197826f0ed5ec56b46a6f297e19	1	231867	player	uade	Protracker	0	344332	ae990ece	60f29196	DataFiles/MOD_files/soul/calibra.mod
b0388a40317f392d70977e7f5e9ea2c4	1	115321	player	uade	Protracker compatible	0	30772	58012934	453f2ea3	DataFiles/MOD_files/soft/intowood.mod
b0a274d57d215b74684303a468fdb24f	1	138369	player	uade	Noisetracker 1.x	0	166652	c897256a	b3555d98	DataFiles/MOD_files/soft/037.mod
b0a456e6ac3c98519b2b935d9e1fd4c9	1	205839	player+silence	uade	Protracker	0	320566	9cf1469e	e4c2c3e2	DataFiles/MOD_files/hits/c_cmusic.mod
b105d51a7f05440d238497a489491c4a	1	95813	player+silence	uade	Protracker	0	302581	cae67520	e371accf	DataFiles/MOD_files/soul2/heat.mod
b11feedb4456a325448e72bd22ce8866	1	153078	player	uade	Protracker	0	140568	9ba21e3d	6b7f86c3	DataFiles/MOD_files/TopTunes2/miatnoon.mod
b11feedb4456a325448e72bd22ce8866	2	115321	player
b11feedb4456a325448e72bd22ce8866	3	115321	player
b11feedb4456a325448e72bd22ce8866	4	115321	player
b11feedb4456a325448e72bd22ce8866	5	111483	player
b15b665f9e39c06dbea952b8306efab7	1	195959	player	uade	Protracker compatible	0	295691	711accb6	b4e0d334	DataFiles/MOD_files/hits2/orinrave.mod
b1741e4290b2be2cd909b3d0a060df02	1	213160	player+silence	uade	Noisetracker 1.x	0	69322	7cff48c0	8e28954e	DataFiles/MOD_files/hits/eyes.mod
b1c7e6f7320e0bea46eeb1da75e9309e	1	191789	player+silence	uade	Protracker compatible	0	166654	b0042b98	9bc5ecfa	DataFiles/MOD_files/hits2/wild_thing.mod
b1ca1cc4c0fca80b50155be8e2afb3dd	1	134531	player	uade	Soundtracker II (15 instr.)	0	56364	a1b003f4	55aa4d38	DataFiles/MOD_files/soul/aces_hi2.mod
b1fdc479ce52863dff5bc4f8bdb15590	1	245893	player	uade	Soundtracker II (15 instr.)	0	50204	4b6f2936	1d7cec99	DataFiles/MOD_files/soft2/moogriff.mod
b21f144bf5f4452d75889f4e1de91291	1	149883	player	uade	Protracker	0	78810	6769c57f	a4ad8ee0	Programs/Commun/Casio_Comm/Modules/mod.Super Cauldron.pp
b2e0c33ce6de06a5e8a3f02e42c1d48c	1	99968	player	uade	Protracker compatible	0	70724	d40e74b5	1036f0ca	DataFiles/MOD_files/Synth2/blasphem.mod
b2f1e99d7c5dcbd1681f0fbd8806449a	1	192141	player	uade	Soundtracker II (15 instr.)	0	72432	1e13ca81	e2784b4a	DataFiles/MOD_files/hits2/model.mod
b31ab3d1c1b40e13cfb74e2514b32937	1	278826	player+silence	uade	Protracker	0	56686	dab75dcd	4ec84af6	DataFiles/MOD_files/soul2/racine2.mod
b36695e3581e34cff82828ff6c95e9be	1	217098	player	uade	Protracker compatible	0	164566	d43464b9	db43bc6d	DataFiles/MOD_files/soft/jumhopst.mod
b37d6ddd2d16d1a75549c0ce2dfb8dfd	1	221298	player	uade	Protracker	0	182266	e85b1b39	b9d99dd6	DataFiles/MOD_files/NewAge2/sealove.mod
b3c81bb8e3c4f0ad98e6d45120ddc62b	1	166030	player+volume	uade	Protracker compatible	0	87580	024e4416	acc44bf8	DataFiles/MOD_files/hits/equinoxe.mod
b3d1cb1176de83cf4659167fd0d8cbf6	1	185811	player	uade	Protracker	0	66976	6ddae84d	cde7d832	DataFiles/MOD_files/soft2/wingattk.mod
b3db54fb9d46e3f7c6c8cbce0499fe1c	1	530468	player	uade	Protracker	0	192194	4425c8f9	ba20ce85	DataFiles/MOD_files/Synth/1993.mod
b43f27a841f21002dac064d599e6d00a	0	0	nosound	uade	Martin Walker	0	56857	a622c2b2	e0c2043e	Programs/Music/MISC/ExoticModules/MW.LoVmusic.pp
b43f27a841f21002dac064d599e6d00a	1	0	nosound
b43f27a841f21002dac064d599e6d00a	10	31467	player
b43f27a841f21002dac064d599e6d00a	11	33175	player
b43f27a841f21002dac064d599e6d00a	12	26805	player
b43f27a841f21002dac064d599e6d00a	13	26805	player
b43f27a841f21002dac064d599e6d00a	2	61970	player
b43f27a841f21002dac064d599e6d00a	3	7595	player
b43f27a841f21002dac064d599e6d00a	4	7696	player
b43f27a841f21002dac064d599e6d00a	5	6852	player
b43f27a841f21002dac064d599e6d00a	6	7816	player
b43f27a841f21002dac064d599e6d00a	7	7696	player
b43f27a841f21002dac064d599e6d00a	8	3737	player
b43f27a841f21002dac064d599e6d00a	9	964	player
b4565b52b739b0a15467369eb16eaf05	1	83330	player	uade	Noisetracker 1.x	0	56648	f20b4c63	9bcb3b06	DataFiles/MOD_files/soft/cruisin.mod
b4a0903b84d18aaa7770b4644de4be4b	1	169093	player	uade	Protracker compatible	0	30454	d2d1cd5d	2ae4e30c	DataFiles/MOD_files/soul2/tolittle.mod
b4c2e7305ade9abcd8c73d7bc85c5f6c	1	234037	player	uade	Protracker compatible	0	73072	9e6b832c	eda1de11	DataFiles/MOD_files/Synth2/chase_hq.mod
b4fff65f84e9e1be2866faef8b84bc35	1	92272	player	uade	Protracker compatible	0	97078	ff9324df	8eb39d93	DataFiles/MOD_files/soft/glamour.mod
b508fc34d0773d971fa8ed611e244e90	1	126844	player+silence	uade	Protracker compatible	0	337746	058aa13b	943d3f12	DataFiles/MOD_files/hits2/street.mod
b5609d5dcc2406454bd8c9647a72aeca	1	119179	player	uade	Protracker compatible	0	234840	e46f51d0	e16dc7ca	DataFiles/MOD_files/soul/funky_co.mod
b5b3256cb4fda6c2517a6775271dbc86	1	38520	player	uade	Noisetracker 1.x	0	27956	1b8fbb62	c9d50012	DataFiles/MOD_files/soft2/tristar1.mod
b6091f5615294ea3c7f0fdb8f43f38ad	0	168972	player	uade	Soundtracker II - V or compatible	0	83318	b38cc24d	1e6da2d8	DataFiles/MOD_files/soft/74er.mod
b6257eab5a072cec67fac1b214c4a5d6	1	213860	player+silence	uade	Protracker compatible	0	130066	193300d8	d7bc40f3	DataFiles/MOD_files/TopTunes/gateway.mod
b6499ca4d29496449d8f56b9e66a952f	1	204941	player	uade	Soundtracker II (31 instr.)	0	77444	83c1f8d1	c65575ba	DataFiles/MOD_files/hits/enola.mod
b6830b502ab406bcca32c1abbb8f4fd7	1	283858	player+silence	uade	Protracker	0	122924	8a93d363	7d0198bd	DataFiles/MOD_files/soft/i_need_u.mod
b6c0db6e8c3cba3acd24e00de197f42a	1	279069	player	uade	Protracker compatible	0	148908	798a9396	7858c366	DataFiles/MOD_files/Synth2/bridge.mod
b6e456ae1a3d93cd9969ce9bdc76f0de	1	53872	player	uade	Protracker	0	7670	25f4694b	7e43e1f8	DataFiles/MOD_files/soft2/piknuk.mod
b6ed59cfe952314206f6a79c3842fc90	1	343499	player+silence	uade	Protracker	0	143548	a1a30f8f	19972f1a	DataFiles/MOD_files/hits2/mama(phil).mod
b70868ad50b4dfd150bdc8d323034bf9	1	138369	player	uade	Soundtracker II (31 instr.)	0	117048	f2871911	482746e4	DataFiles/MOD_files/soft/kingsize.mod
b7bdaeb9e584b711eca5b272c08e8b5b	1	224131	player	uade	Noisetracker 1.x	0	81472	f3769087	888bd49a	DataFiles/MOD_files/soft2/medsong.mod
b7f11c190b1f451c28ff597a4d1b11fc	1	197888	player	uade	Protracker	0	282372	cb9b816d	58242695	Programs/Music/MusicEditors/IceTracker/icetracker11.dms/modules/mod.bass'n tek
b7f11c190b1f451c28ff597a4d1b11fc	1	197888	player	uade	Protracker	0	282372	cb9b816d	58242695	Programs/Music/MusicEditors/IceTracker/modules/mod.bass'n tek
b7f97ff65361763c98ebb5c85ea119ed	1	164511	player	uade	Protracker compatible	0	60252	217ddcf7	c4780660	DataFiles/MOD_files/soft2/rebuild.mod
b8264b1aec201b16650ec1db2ce67636	1	140278	player	uade	Noisetracker 1.x	0	48082	d3d03dda	342be6b9	DataFiles/MOD_files/hits/don.mod
b871c35b71cac8f3acf8f71f68d8b39d	1	30824	player	uade	Soundtracker II (15 instr.)	0	44846	d1aa89d6	66d05aea	DataFiles/MOD_files/hits2/sll4.mod
b8bb344a03f8c867b0cb84fe1de6948d	1	69646	player	uade	OctaMED MMD1	0	77600	8c5125e7	fac8343f	Games/MegaBall/MB_Music/ExtraLife.tune
b8bb344a03f8c867b0cb84fe1de6948d	1	69646	player	uade	OctaMED MMD1	0	77600	8c5125e7	fac8343f	Games/MegaBall/MegaBall.lha/MegaBall/MB_Music/ExtraLife.tune
b8c023032577804626811b2f4a6bef8b	1	288171	player	uade	Protracker compatible	0	109936	ea80e35d	6e5900a8	DataFiles/MOD_files/soft/fun.mod
b8c023032577804626811b2f4a6bef8b	1	288171	player	uade	Protracker compatible	0	109936	ea80e35d	6e5900a8	DataFiles/MOD_files/soul/fun.mod
b8fd273c40bcdef0b8cc31393b1137e8	1	149883	player	uade	Protracker compatible	0	76568	ba7150e2	ee003874	DataFiles/MOD_files/soft2/technost.mod
b9cd2d309abccaafd509e10103456ddc	1	38520	player	uade	Noisetracker 1.x	0	38224	0d2a7471	7cc61bc3	DataFiles/MOD_files/soft2/qua2.mod
b9cedad44c8f3946e80f72e71916e971	1	245893	player	uade	Noisetracker 1.x	0	157256	b08fdebf	c459f99a	DataFiles/MOD_files/soft/goingbac.mod
ba03abb035f6cdda7b4657195efdce4b	1	207493	player	uade	Noisetracker 1.x	0	123736	799dcf40	363d6fd3	DataFiles/MOD_files/soft/elheart.mod
ba0ae1395da18858f6f051a8af876305	1	291969	player	uade	Protracker compatible	0	93850	82cbbe74	4b1e9068	DataFiles/MOD_files/hits/chinagir.mod
ba3a6e866ce8cab6d1677431febe3709	1	115321	player	uade	Noisetracker 1.x	0	61038	1f8ba27a	59a9f8aa	DataFiles/MOD_files/hits2/locomot.mod
ba65377b23253c7ebb32d642dade81e6	1	364542	player+silence	uade	Noisetracker 1.x	0	124842	43500b3e	664722f8	DataFiles/MOD_files/soft2/shouse_2.mod
ba94f452346b4ea437d0980f014228b6	1	169575	player	uade	OctaMED MMD1	0	61658	7a5c5c01	d2d98415	Games/MegaBall/MB_Music/MBmus06
ba94f452346b4ea437d0980f014228b6	1	169575	player	uade	OctaMED MMD1	0	61658	7a5c5c01	d2d98415	Games/MegaBall/MegaBall.lha/MegaBall/MB_Music/MBmus06
bae3f33a6d1360118b46ac6f0620656b	1	122997	player	uade	Protracker compatible	0	56358	803d381b	ee28c24a	DataFiles/MOD_files/soft/cu_score.mod
bb0ad24296a47c58520c338c7cd126c3	1	632023	player+silence	uade	Soundtracker II (15 instr.)	0	113280	768a36dc	23a6f828	DataFiles/MOD_files/hits/axel_f.mod
bb5bf575ed603f42d217544efcd916a0	1	107645	player	uade	Soundtracker II (15 instr.)	0	109006	9147a09a	33d9ac79	Games/rescue/rescue.song2
bb8fd126777c0269cf9697105718d892	1	157217	player	uade	Protracker compatible	0	132650	1bf4d9df	3a0177cb	DataFiles/MOD_files/soul2/listen.mod
bbdd95963710615c31b7c329b233aa43	1	192020	player	uade	Protracker	0	50000	14c4ab58	90ecfd33	DataFiles/MOD_files/soft2/magicm.mod
bc01aa30cb0d3e4fbc22b9c9a4e6d6b5	1	453246	player	uade	Protracker compatible	0	142924	6161d0fc	7677f12b	DataFiles/MOD_files/TopTunes2/MentalHangOver.mod
bc1a76b50b9c53069c970eac300fc9bc	1	295807	player	uade	Startrekker (4ch)	0	207454	77ce09a7	c24a901f	DataFiles/MOD_files/hits2/tomremix.mod
bc3779f718da2094273f7dea73b09f9f	1	198056	player+silence	uade	Protracker	0	317680	f02bbb6d	c14aed17	DataFiles/MOD_files/soul2/realm.mod
bc3db2da6b8c57eca7ae208a85cfb442	1	192141	player	uade	Noisetracker 1.x	0	131192	292dde22	d0db8abc	DataFiles/MOD_files/soft2/rambling.mod
bcadd4209e1221a5ad725ae23706acb5	1	165235	player	uade	Soundtracker II (31 instr.)	0	174296	66dc230c	7a6ae091	DataFiles/MOD_files/hits2/magical2.mod
bd091394e169a0a8f8ed6dc268c8678b	1	92272	player	uade	ProRunner 2.0	0	49930	9b8bab0c	21fbdd68	Programs/Music/MISC/ProRunCrack/snt.ExoticIntro
bd50d184c9a0788661e6935c233b1209	1	314232	player+silence	uade	Protracker	0	227330	3dde5564	bc8ffceb	DataFiles/MOD_files/TopTunes2/wizardry.mod
bdceb7b2813bf54e2fca96493f5309a7	1	369511	player+silence	uade	Protracker (vblank)	0	156208	f2b3fec2	7d71dcb9	DataFiles/MOD_files/TopTunes2/snowland.mod
bdd306bfc16f02d5ad76a79022048748	1	395877	player	uade	Protracker compatible	0	336655	cc7f81d7	de1ca35d	DataFiles/MOD_files/soft/etsrmx.mod
be13ac703b3aac11019faa2286f6c488	0	61508	player	uade	FutureComposer 1.4	0	18064	10e3c4d3	42a2d4d7	Archive/Assembly/angInt2.s.lha/music
be13ac703b3aac11019faa2286f6c488	0	61508	player	uade	FutureComposer 1.4	0	18064	10e3c4d3	42a2d4d7	Archive/Assembly/angInt3.s.lha/music
be13ac703b3aac11019faa2286f6c488	0	61508	player	uade	FutureComposer 1.4	0	18064	10e3c4d3	42a2d4d7	Archive/Assembly/angInt7.s.lha/music
be1e9b9c7016ba6334c929afee7e515a	1	284293	player	uade	Soundtracker II (15 instr.)	0	99888	d47238fa	44f17591	DataFiles/MOD_files/soft/brain.mod
be2bafaf5a9d5415e1b15ee0f95b315f	1	140921	player	uade	Protracker	0	77458	a8a5b6fe	874667fb	DataFiles/MOD_files/Synth2/chip.mod
be3325ac4797c0efed06eadd952c24a3	1	113251	player	uade	Protracker compatible	0	22610	cf967cc9	ce39456e	DataFiles/MOD_files/soul2/protest.mod
be75ee0e30a30cda44f182d6c5f2f85b	1	115321	player	uade	Protracker compatible	0	92476	bab8581a	410ee3a7	DataFiles/MOD_files/soul/funky4.mod
be9b0c324f2c1e31374662f854edf174	1	178035	player+silence	uade	Protracker	0	172266	36b32a0d	a37e2a61	DataFiles/MOD_files/Acid2/lunik.mod
be9f8369c6b9e62560cb7e0bec0fb764	1	153721	player	uade	Protracker compatible	0	71468	325ad987	44092da1	DataFiles/MOD_files/Synth/altituut.mod
bf1743f8db1d21ffb239a3f35f4a748c	1	253629	player	uade	Protracker	0	148132	f0345ac7	af0e2e0b	DataFiles/MOD_files/TopTunes/checknob.mod
bf71a39fd4660060c135be195ab0fabf	1	241465	player+silence	uade	Protracker compatible	0	108942	799e156a	33cb827a	DataFiles/MOD_files/Synth/against.mod
bf9b5ad5a7750e279184d92e942305e2	1	245893	player	uade	Protracker compatible	0	69424	e286b320	e30dab65	DataFiles/MOD_files/soft/crhammer.mod
bfeb7ea46eb769395b1ed84780adb808	1	172765	player+volume	uade	Protracker	0	268764	ce0d236f	ee95e340	DataFiles/MOD_files/soul2/schwing.mod
c01f9b29434faf6a71bcc24785df35b3	1	138369	player	uade	Protracker	0	231348	00baaa26	e20fd9db	DataFiles/MOD_files/Synth2/bigbang.mod
c077b9707297be33fa7ec3158dd1bd85	1	107645	player	uade	Protracker compatible	0	18114	4f121eb4	f1f6b10d	DataFiles/MOD_files/soul2/starworx.mod
c07a358a47482d4c02ec9a0c60a89277	1	215149	player	uade	Soundtracker II (31 instr.)	0	95464	d6f99115	f3d6e347	DataFiles/MOD_files/hits2/lesnlove.mod
c08306ceac4b5bda5067209fb90f13c9	1	179160	player	uade	Protracker	0	234578	0117d668	74cb4509	DataFiles/MOD_files/soul/bagrasta.mod
c0ed35d4871cfebd36121a8a15492cb3	1	230541	player	uade	Protracker	0	81176	52cfb266	403be963	DataFiles/MOD_files/NewAge2/nitevisi.mod
c12fa92e1cf17084bc27c4ddd83c4469	1	258774	player	uade	Protracker compatible	0	169428	2bb212bb	f2a91fe3	DataFiles/MOD_files/soft/expressi.mod
c1457c8e1632252cddb1a7e2f238e920	1	353418	player	uade	Soundtracker II (15 instr.)	0	95144	2044f957	ea8c092b	DataFiles/MOD_files/soft/enforcer.mod
c14bb00ae49a51f7d11572c157b45dc2	1	97798	player	uade	Startrekker (4ch)	0	233163	e51ff38d	213e9102	DataFiles/MOD_files/soft/chronic.mod
c1a78cf71bfdce4739120be9663e7443	1	289188	player+silence	uade	Protracker	0	142932	bb88ccc9	27b0e051	DataFiles/MOD_files/soft/breakawy.mod
c1d93dfb2b3a182f8cf8f1f4f1d283ce	1	38520	player	uade	Protracker	0	61784	c3f23b83	e3daba22	DataFiles/MOD_files/soft2/m14rapi.mod
c1f3e54897a55b4ae1d5d2454c4c26ac	1	61568	player	uade	Protracker compatible	0	33184	d2618605	c12a11eb	DataFiles/MOD_files/hits/as_tears.mod
c23c4368ec35b22382dec098947ee48e	1	138369	player	uade	Noisetracker 1.x	0	100016	455f893a	7486858a	DataFiles/MOD_files/soft/control.mod
c23c4368ec35b22382dec098947ee48e	1	138369	player	uade	Noisetracker 1.x	0	100016	455f893a	7486858a	DataFiles/MOD_files/Synth2/control.mod
c2550ab7f217669678843d4a4ed629fa	1	76920	player	uade	Noisetracker 1.x	0	32208	012a475d	8d5b8012	DataFiles/MOD_files/soft2/loader.mod
c261fbefa65370418f39bb5350229af2	1	274302	player+silence	uade	Protracker	0	81438	e9cddfb3	bb9699d9	DataFiles/MOD_files/soft/2_27am.mod
c2d1a59c03ea714591c5421e3d9190c7	1	156344	player+silence	uade	Soundtracker II (15 instr.)	0	182436	c8389444	5ce9e01f	DataFiles/MOD_files/hits2/tyree.mod
c2d864e628141c8fcee5e7ee772b1bf1	1	184445	player	uade	Protracker	0	186692	5c59c4f0	ffcea582	DataFiles/MOD_files/soul2/visitors.mod
c37e8a9336e4836b094b7bbdf9da7c7d	1	250997	player	uade	Protracker compatible	0	292827	eef8d152	36b0ad1c	DataFiles/MOD_files/soul/blame.mod
c3868f1072ed5e5ff55d59bc11900b03	1	299645	player	uade	Protracker compatible	0	87426	f7984f6e	2ab7a867	DataFiles/MOD_files/Synth2/beat_mas.mod
c3a537692eab6041f8fa703cc4f0fd0b	1	153721	player	uade	Noisetracker 1.x	0	51518	4d0e5ed5	5bdfe652	DataFiles/MOD_files/soft/blaser.mod
c3aa3a8229ca4cb498ed2c834c52de05	0	198109	player	uade	Ultimate-Soundtracker or compatible	0	53516	6728e3b2	9dac8b4f	DataFiles/MOD_files/soft/final.mod
c3d84b27c1143d9fbdbf9fdd7150344e	1	315017	player	uade	Protracker compatible	0	111868	94d4a4a3	3efad69e	DataFiles/MOD_files/Synth/2ndface.mod
c3e0d1b3efbadb69378b20c9d00a2ba5	1	126835	player	uade	Protracker compatible	0	43160	844ec877	7c774bd1	DataFiles/MOD_files/soft/jump.mod
c44f5979f377a21eb906cdbb8b5f1e9c	1	108931	player	uade	Noisetracker 1.x	0	111536	7faac1c2	cb64c3eb	DataFiles/MOD_files/hits/g1a.mod
c48672c32fc9ff08ffb7fde7f5ea8880	1	314354	player	uade	Protracker compatible	0	60508	2fdd8d56	6e714384	DataFiles/MOD_files/Synth2/brs.mod
c494bfe79f3f56b35b55cc602f5e7a33	1	122997	player	uade	Noisetracker 1.x	0	50632	7cbbae36	70bc9ca2	DataFiles/MOD_files/soft/amigaded.mod
c5115eac5dd3b17bbc4ed107e4509fba	1	203715	player	uade	P40A - P40B - P41A	0	54192	b9ea2a80	9098a3d1	Programs/Music/Players/P4xx/modules/P40A.Stella
c53e0651c0ad61ec3f9283206757aa43	1	192764	player	uade	Noisetracker 1.x	0	103552	25650d6d	c3ae30e5	DataFiles/MOD_files/hits/2.mod
c55c8622655c0462f90587ee49bb9b08	1	244415	player+silence	uade	Protracker compatible	0	169180	24419cec	e26c17ae	DataFiles/MOD_files/TopTunes2/thesearc.mod
c564afc4bb79b7260e46e01dc60b8e6c	1	174197	player	uade	Startrekker (4ch)	0	71508	419f753a	8bc7daa7	DataFiles/MOD_files/soft/dontcare.mod
c59b47157ffea1940fae23804feb4bc4	1	356141	player+silence	uade	Noisetracker 1.x	0	93972	4802617a	63591b86	DataFiles/MOD_files/soft2/popcorn.mod
c5b528d5ff1477b6ba1411bfde289f84	1	414807	player+silence	uade	Protracker compatible	0	165191	130060cb	0728fada	DataFiles/MOD_files/Synth/2000.mod
c5d0960493e488fc7603a84d02f207e8	1	247511	player+silence	uade	Protracker	0	142766	9303ef3e	94e86877	DataFiles/MOD_files/TopTunes2/newbeat.mod
c690783104e864cff8d9172c10cae4ab	1	153160	player+silence	uade	Noisetracker 1.x	0	71522	51ca1c2e	ab55b32b	DataFiles/MOD_files/hits2/oxygene2.mod
c6c2aa7171f5957db65e354bd517091d	1	153721	player	uade	Startrekker (4ch)	0	76116	22ed5b18	6f354f69	DataFiles/MOD_files/soft2/lotus3_4.mod
c6c2aa7171f5957db65e354bd517091d	2	219007	player
c6edc7d85d603fb498696084b8851a18	1	161397	player	uade	Protracker compatible	0	55552	be5cb236	e3279a72	DataFiles/MOD_files/soft/ball_mai.mod
c6edc7d85d603fb498696084b8851a18	1	161397	player	uade	Protracker compatible	0	55552	be5cb236	e3279a72	DataFiles/MOD_files/soft2/megmain.mod
c703356455ddac76623d7cd913870c3b	1	76981	player	uade	Protracker	0	21794	56d87bec	b7d2b960	Archive/Assembly/dcintro.lha/SA_Intro/Data/mod.shitty-beeper
c77963d98ce7a7799d7c82fd4cae2285	1	151370	player+silence	uade	MED4 (8ch)	0	115316	0c722244	d19860be	Programs/Music/MusicEditors/OctomedV2/Demos/Esc2Heaven
c795b8abe215656d273334f1ac4406a9	1	138369	player	uade	Protracker	0	195436	8a68d0d1	9439a48b	DataFiles/MOD_files/soul2/theres.mod
c7e60c71eabf7580f54db9708e0c3001	1	222845	player	uade	Noisetracker 1.x	0	98818	5565ced1	b67fe1a0	DataFiles/MOD_files/hits/fourth.mod
c7ec427d1f2b618fc74eef16883c5a82	1	237378	player+silence	uade	Protracker	0	161930	a69e3fa6	a9d12b0a	DataFiles/MOD_files/soul/axelgoes.mod
c8183817b86c4fa23822273946d905fc	1	549701	player+silence	uade	Soundtracker II (15 instr.)	0	135940	a59e11ee	68689c9d	DataFiles/MOD_files/soft/gunshot.mod
c81fd454190f41def49198717ea0aea9	1	258613	player	uade	Protracker	0	139772	b9b3be6f	faa3c322	Programs/Commun/Casio_Comm/Modules/mod.darksun's number 3.pp
c849a21157155a6eb2b93fd137d9feb7	1	38520	player	uade	Protracker compatible	0	5656	ede26019	d4a3d9e9	DataFiles/MOD_files/soft2/sup.mod
c8a583f686f687ada06945ab2ef5e695	1	169736	player	uade	Protracker	0	150568	20789d22	b8666280	DataFiles/MOD_files/soul/emotion.mod
c8ffe5cc17f1c922a3dc8d92aadee10d	1	172931	player	uade	Protracker compatible	0	81150	4ef4cab4	58d448fc	DataFiles/MOD_files/newage/clear.mod
c921eb139b789375c65e232dda302165	1	338045	player	uade	Protracker compatible	0	303257	4d104313	39253484	DataFiles/MOD_files/Acid/knives.mod
c999200f6db50d73a3d048ff7ee69b6b	1	122997	player	uade	Noisetracker 1.x	0	71282	fb29ff70	47be5d45	DataFiles/MOD_files/hits2/popcorn.mod
caa2b2eb7d8ae5b1ac3aa82aebb22c28	1	964002	player	uade	Protracker compatible	0	169920	9cd3ecb4	f25a2cab	DataFiles/MOD_files/soft2/papermix.mod
cabb92248416af1147f1ea2f7fb507ef	1	34962	player+silence	uade	Protracker	0	44774	2f8726a7	668c3618	DataFiles/MOD_files/newage/fan4.mod
cb34c66f58ec486554549de0e094889c	1	204941	player	uade	Noisetracker 1.x	0	79606	f1723719	8ef9977b	DataFiles/MOD_files/hits/crocket.mod
cc2060b82718b6620aebd1a9620cd216	1	123921	player	uade	Soundtracker II (31 instr.)	0	64316	527fce72	fc2e3a43	DataFiles/MOD_files/hits2/just_way.mod
cc3d0fc9e093bcabe00ba0a53a7003a8	1	166521	player	uade	Noisetracker 1.x	0	94988	9a653af2	936bb48b	DataFiles/MOD_files/soft/faster1.mod
cc6e0114e962dd20e421e587a1f63ba2	1	212275	player+silence	uade	Protracker compatible	0	80850	afb096be	db1c890f	DataFiles/MOD_files/soft2/solar_d.mod
cc8e8c101bd30486358ef81096b695e2	1	161397	player	uade	Protracker	0	196812	28167706	6b24696b	DataFiles/MOD_files/soul/cloudju.mod
cca04af6f6a2c8ff5a62ea1b564461c7	1	76920	player	uade	Noisetracker 1.x	0	85804	a882cd0d	68c699bf	DataFiles/MOD_files/soft2/pat.mod
cd820e3cf8af19cd2f044e61b3eadd96	1	259668	player+silence	uade	Protracker compatible	0	51260	139988e7	3fa9cfdb	DataFiles/MOD_files/soft/bacardi.mod
cdc99214ade7313029a79791778b954b	1	193535	player+silence	uade	Protracker compatible	0	90430	664b2a32	9ef1b223	DataFiles/MOD_files/hits2/zoolook.mod
cdd7ee4d1b35fe9dd8e431a69d1a3a89	1	44910	player	uade	Protracker compatible	0	24880	e085c99c	6d6a50af	DataFiles/MOD_files/soft2/robogame.mod
cdde878edcf828b0e836861b3c1d28b0	1	318855	player	uade	Protracker	0	90258	a35d92da	88e85e41	DataFiles/MOD_files/soft2/visitors.mod
cdebd984b183f41f1ee180339a3d8377	1	19310	player	uade	Protracker compatible	0	32256	b4b8b829	79922dff	DataFiles/MOD_files/soft/introkil.mod
cdf46cbd94b7dffa7e488f6d3bf2bf40	1	287695	player+silence	ft2play	Fasttracker (M.K.)	4	240631	1103fc93	146c9332	DataFiles/MOD_files/soft/abc.mod
ce0939874516207ff9ef149aa835feb3	1	204619	player	uade	Protracker compatible	0	73188	e5aa116a	525b22ab	DataFiles/MOD_files/Synth/allforno.mod
ce76f58446ca13247a268b40f7591dfe	1	407707	player+silence	uade	Protracker	0	218388	b2f077c3	a8429c9e	DataFiles/MOD_files/soul2/tranze7.mod
ce895c426260fc2b56cb442974d92b58	1	192141	player	uade	Protracker compatible	0	34482	a84098ef	b5da65fa	DataFiles/MOD_files/soul2/silly.mod
ce89e447cb5564e7eb2fe1d587fc3c39	1	17582	player	uade	Protracker	0	48268	04288fb9	ab2d06d7	DataFiles/MOD_files/soul/fan5.mod
cef73c3370296940d312d2478c6a2d01	1	107645	player	uade	Soundtracker II (15 instr.)	0	54704	06aa9a3a	f44a85cb	DataFiles/MOD_files/soft2/song2.mod
cef9679c276ecf78ec951e43cfbde430	1	122997	player	uade	Protracker compatible	0	72548	dde6951b	3e76317b	DataFiles/MOD_files/soft2/pipe.mod
cf17965ca5917177baa26ac7fbe99f65	1	122997	player	uade	Protracker compatible	0	49333	9fbcf48c	2a3bf867	DataFiles/MOD_files/soft/ilike.mod
cf65cb72024a5b0353fc835cc487ffc4	1	208703	player+silence	uade	Protracker (vblank)	0	119092	0ea48f8c	3753dfc7	DataFiles/MOD_files/NewAge2/LoveSucks.mod
cfae99e0b24ec7c7974e415c21b74d4c	1	133694	player+silence	uade	Protracker compatible	0	97910	8ff496fd	f2c1d9e0	DataFiles/MOD_files/newage/detonat.mod
cfe70c3df6f853a4b846db4821f9fdc8	1	153160	player+silence	uade	Noisetracker 1.x	0	71518	95e62402	c053a6ea	DataFiles/MOD_files/hits2/oxegene2.mod
cfe70c3df6f853a4b846db4821f9fdc8	1	153160	player+silence	uade	Noisetracker 1.x	0	71518	95e62402	c053a6ea	DataFiles/MOD_files/hits2/oxigen.mod
d037db405a142c8469526b044c59dd89	1	388277	player+silence	uade	Protracker compatible	0	190306	b78b96cb	1823ced5	DataFiles/MOD_files/hits/abacab.mod
d037db405a142c8469526b044c59dd89	1	388277	player+silence	uade	Protracker compatible	0	190306	b78b96cb	1823ced5	DataFiles/MOD_files/soft/abacab.mod
d04a44519233ff2c59ab56090ea6599e	1	71816	player	uade	Protracker compatible	0	45148	3c5d7879	6c0c0ecc	DataFiles/MOD_files/soft2/oxig.mod
d07c012b19c5005d70fcb83ebab9ed4f	1	234459	player	uade	Protracker	0	192340	1783ddf4	f620c64a	DataFiles/MOD_files/Acid/listen2.mod
d0b6283c3130db03749735db61f98457	1	179543	player+silence	uade	Protracker	0	140706	c03427da	0c6ca295	DataFiles/MOD_files/soul/dek.mod
d18b36a8e857aa09055902f9bc0816dd	1	114135	player	uade	Protracker compatible	0	51696	dfae1633	8711fc66	DataFiles/MOD_files/soft2/wendy.mod
d18c7f795ff2972bb97899c593f9bd12	1	362741	player	uade	Protracker	0	98678	2bb73093	b2dec894	Programs/Commun/Casio_Comm/Modules/mod.garbage collection.pp
d18c7f795ff2972bb97899c593f9bd12	2	362741	player
d18c7f795ff2972bb97899c593f9bd12	3	366579	player
d1b12c273ff47f062e55474e0e330887	0	262451	player	uade	Soundtracker II - V or compatible	0	74656	65ba50a3	46a4f52c	DataFiles/MOD_files/hits2/rendezvo.mod
d1f3e2b1689046da6fa565c7cb99ea25	1	138369	player	uade	Protracker compatible	0	92908	5a8cffce	8830dac8	DataFiles/MOD_files/soft/jarre2.mod
d2c8bb747c4643a3a5b0a9411c28cfc9	1	311621	player	uade	Protracker compatible	0	151702	d19e79ee	2719a72b	DataFiles/MOD_files/Synth2/bridgeto.mod
d31666bb31385f18c8350b7abcb3701d	1	147323	player+silence	uade	Protracker	0	64884	ed13da1f	2d1fce23	DataFiles/MOD_files/hits2/sinister_sky.mod
d3195be0c1560a17e478504754eebb16	1	111603	player	uade	Protracker compatible	0	101857	077c564b	764b0235	DataFiles/MOD_files/soul/cw.mod
d37987a0981b6f65104c75d3fc36e59c	1	371209	player+silence	uade	Protracker	0	101106	9bae2fa8	a12a6058	DataFiles/MOD_files/soul/bodveize.mod
d42d0942cf59b76be1e3875bbe943783	1	150526	player	uade	Noisetracker 1.x	0	43356	daa9f968	f1180375	DataFiles/MOD_files/soft/5.mod
d4520574dc1c0b89013d5c5594e165b3	1	192786	player+silence	uade	OctaMED MMD0	0	81002	fd35020e	2461f19c	Programs/Music/MusicEditors/Octa5/MAGICNOISES/MAGIC NOISES
d4557274cb6b2da849882e14544ac45d	1	250143	player+silence	uade	Protracker compatible	0	131494	5b8e90fb	b96a68a3	DataFiles/MOD_files/soft2/power.mod
d569d0bb976a3f07a54094aab7178c9e	1	572586	player	uade	Protracker	0	215784	e10b074c	2324feba	DataFiles/MOD_files/hits/1960_s.mod
d58b532e7b48110bf9a5ef2703f65751	1	215149	player	uade	Soundtracker II (31 instr.)	0	53216	8b6e2766	4a98dd20	DataFiles/MOD_files/Synth2/beamlght.mod
d59a4bb3b5bc902b01d153e1d983e0f2	1	115321	player	uade	Soundtracker II (15 instr.)	0	60558	a64d02fb	dee1c5bf	DataFiles/MOD_files/hits2/kyliemix.mod
d6cc47df93508357b1a88ced1de9f56b	1	102520	player	uade	Protracker compatible	0	46308	d370eb84	a1a3fea4	DataFiles/MOD_files/soft2/patega.mod
d70c817aab079088d3ce706708d02b34	1	130693	player	uade	Protracker compatible	0	63360	1c042cb4	a8b13443	DataFiles/MOD_files/soft/dugger.mod
d733c31a9201e6c8ecc38424e86b362e	1	107645	player	uade	Soundtracker II (15 instr.)	0	60344	c28037f7	8258d79e	DataFiles/MOD_files/soft2/sll6.mod
d73e5aa1c13a4d7175ee10d165e508d9	1	233177	player+silence	uade	Noisetracker 1.x	0	43296	aa9f6113	46cde8e5	DataFiles/MOD_files/soft/ackerlig.mod
d73e5aa1c13a4d7175ee10d165e508d9	1	233177	player+silence	uade	Noisetracker 1.x	0	43296	aa9f6113	46cde8e5	DataFiles/MOD_files/soft2/moi.mod
d7a625d58c05c7ca54108fadd19f9b91	1	38520	player	uade	P40A - P40B - P41A	0	46640	ab29571b	e842dd61	Programs/Music/Players/P4xx/modules/P40B.Cipher
d7d6954f7a8844ef2c701e63d3e8b522	1	162281	player	uade	Protracker	0	124032	b16b5e16	dddaecce	DataFiles/MOD_files/soul2/str_gang.mod
d802668e93b42b00ab04c47f8d0c992e	1	107645	player	uade	Soundtracker II (15 instr.)	0	62972	43611cdf	e84431ca	DataFiles/MOD_files/soft/jazze.mod
d9179bcb058ff4e727c41f9e0459f48f	1	167807	player	uade	Soundtracker II (15 instr.)	0	98184	b4a23558	8bafdbd3	DataFiles/MOD_files/soft/happymk3.mod
d926dc28e6acfa76b70f21c2f7819d4f	1	199797	player	uade	Protracker compatible	0	78758	2bfe68a6	56ce32a2	DataFiles/MOD_files/soft/gottaswi.mod
d9376f3792269b7970a765720e495e91	1	115321	player	uade	Noisetracker 1.x	0	51044	cafa37b9	cf0aec3e	DataFiles/MOD_files/soft/bettybet.mod
d94042746e27e0f7755f9f580f555310	1	48085	player	uade	OctaMED MMD0	0	58610	85257150	e8577e7e	Programs/Graphics/Edit/KidsPaint/bog
d975160a3c0ee369aa372eefa7d57149	1	107645	player	uade	Protracker	0	39354	9d0957e3	75444102	DataFiles/MOD_files/TopTunes2/sleepwel.mod
d999475e9d7b0d6b9ce91aee2ee5ab7e	1	138369	player	uade	Noisetracker 1.x	0	166661	c49cf2df	f2132a90	DataFiles/MOD_files/soft2/passion.mod
d9c72d7fc1e78e0438010e2fb9639fb9	1	56424	player	uade	Protracker	0	22588	286d6638	bb0dcb29	DataFiles/MOD_files/TopTunes/glorious.mod
da0a3925c48f2b1b7303dc84d5109ae5	1	98878	silence	uade	Protracker	0	304552	ca6f5f7d	44183ca6	DataFiles/MOD_files/TopTunes/bananasp.mod
da985e91dbfc19f080779d065bb6eaac	1	153351	player	ft2play	Fasttracker (M.K.)	4	183808	754e1583	3af89ef3	DataFiles/MOD_files/soul2/roadride.mod
da9fc5563bccbd9a2eb1189f5eb26ee7	1	219132	player+silence	uade	Protracker compatible	0	47742	c365a917	1197fad4	DataFiles/MOD_files/soft2/summerb.mod
dab16800801913a19001f218d053ab49	1	184445	player	uade	Protracker compatible	0	79928	707478d4	c276a155	DataFiles/MOD_files/soft/3rddimen.mod
dac42d308b843490e9c82df185f77bfe	1	199382	player+silence	uade	Protracker	0	119750	5c60bab3	9d5bf36a	DataFiles/MOD_files/soul2/surplus.mod
db09193208b2ea152f7c712ddb10332e	1	214345	player	uade	Protracker compatible	0	140154	5c3c3c42	a642715d	DataFiles/MOD_files/hits/flashdan.mod
db528093523e215beb8849e0ec2e4fa7	1	263690	player+silence	uade	Protracker compatible	0	196616	2ab4e4f6	a03201ef	DataFiles/MOD_files/hits2/takeonme.mod
db55dfc1e4c7f07d394f69986d982b42	1	138369	player	uade	Protracker	0	100014	0715b5a5	860bd9a6	DataFiles/MOD_files/soft/alchemy.mod
dbd11f0760a07fe95b616cd0f5a23642	1	384122	player	uade	Protracker compatible	0	413055	b67ad87f	73495708	DataFiles/MOD_files/soft/erasrx3.mod
dbe33830461f69a48256ddcfee3e4189	1	161397	player	uade	Protracker	0	75158	3e73c529	63d0dcfd	DataFiles/MOD_files/soft2/shadows.mod
dbf257d511eff2a40a0753dc1d79f097	1	102520	player	uade	Noisetracker 1.x	0	68158	3d74db41	deaa0265	DataFiles/MOD_files/soft/baha.mod
dc43b3cd40b2515d1ab8f79e82104238	1	134531	player	uade	Protracker	0	57150	12637ea0	88c886a4	DataFiles/MOD_files/Synth2/camelsfr.mod
dcad4027d667909ac30e9bd6ddf80438	1	215792	player	uade	Protracker	0	126720	bb0ec226	72ae709d	DataFiles/MOD_files/TopTunes/inthekit.mod
dcad4027d667909ac30e9bd6ddf80438	1	215792	player	uade	Protracker	0	126720	bb0ec226	72ae709d	DataFiles/MOD_files/TopTunes/kitchen.mod
dcbf9d0b8e9e230f6312b3589ea16871	1	215087	player+volume	uade	Protracker compatible	0	108926	3b675dac	90a6c906	DataFiles/MOD_files/Synth/avatar2.mod
dd0588d3c0208afe7ec7f988cecb542a	1	305037	player+silence	uade	Soundtracker II (15 instr.)	0	152684	62415f66	9e551a8f	DataFiles/MOD_files/hits2/petshop.mod
dd51029288259755796a320d556c0c14	1	122876	player	uade	Protracker	0	79858	d9380582	61225eb2	DataFiles/MOD_files/TopTunes/flippedi.mod
dd6ca8e5ddb0de49d6093eaf38c08e5b	1	161397	player	uade	Noisetracker 1.x	0	26640	77816ca4	e5398e08	DataFiles/MOD_files/soft/coloss.mod
dd7e79a80026fc858bf25d3011f53517	1	146768	player	uade	Protracker compatible	0	293226	875984c4	461bcd7c	DataFiles/MOD_files/soul/be_funky.mod
ddc739d69f400bcc6a35680a7d5c63f0	0	0	nosound	uade	Martin Walker	0	71263	95c8323a	73d13692	Programs/Music/MISC/ExoticModules/MW.BRITISH.pp
ddc739d69f400bcc6a35680a7d5c63f0	1	0	nosound
ddc739d69f400bcc6a35680a7d5c63f0	2	151028	player
ddc739d69f400bcc6a35680a7d5c63f0	3	46799	player
ddc739d69f400bcc6a35680a7d5c63f0	4	58635	player
ddc739d69f400bcc6a35680a7d5c63f0	5	37817	player
ddc739d69f400bcc6a35680a7d5c63f0	6	56726	player
de0e485050d780b1865868e2ca5bb328	1	199978	player	uade	Protracker	0	122734	34e0cccb	75c0bb51	DataFiles/MOD_files/NewAge2/mirrors.mod
de6330bc4835fff829e59fc507f82dbb	1	138369	player	uade	Protracker compatible	0	26534	7ff28b63	7fada3ce	DataFiles/MOD_files/soft2/short.mod
de7ccfbea8fbe9f0feba06d49ea9ee87	1	438035	player+volume	uade	Protracker	0	417010	b0a7b94b	da3d2630	DataFiles/MOD_files/hits2/rhy_is_a.mod
def3337df9f20ef2c821cf8b3ef67960	1	218194	player+silence	uade	Protracker	0	222158	3407c290	d7590cd7	DataFiles/MOD_files/NewAge2/harakiri.mod
df030625d17bd1e5c8b9dfceac0f98bd	1	146045	player	uade	Noisetracker 1.x	0	56772	ec9fd5c2	58fff981	DataFiles/MOD_files/soft2/qua.mod
df030625d17bd1e5c8b9dfceac0f98bd	1	146045	player	uade	Noisetracker 1.x	0	56772	ec9fd5c2	58fff981	DataFiles/MOD_files/soft2/quantumx.mod
df2388a7aa2d1e1f36792d57aa259611	1	61568	player	uade	Soundtracker II (15 instr.)	0	53520	023eb53b	089d09e5	DataFiles/MOD_files/Acid/hymn.mod
df6f3fa16627660429a20ecfb27b27e7	1	92915	player	uade	Protracker compatible	0	104666	aa8a7727	ba73a784	DataFiles/MOD_files/Synth2/cnsumatn.mod
dfbf6731977e9613eb75ec136f8b29a2	1	173692	player+silence	uade	Soundtracker II (31 instr.)	0	109332	6831f73d	5906f337	DataFiles/MOD_files/newage/2nd_miam.mod
dfdb18d3b5aa823eef4e7947cffc5217	1	234359	player	uade	Noisetracker 1.x	0	149184	6d83fffd	710eea3b	DataFiles/MOD_files/TopTunes/hubbard5.mod
e041340bcfe5c099b33b86e371e7547b	1	215149	player	uade	Soundtracker II (31 instr.)	0	99400	94893bbf	53e7fcc4	DataFiles/MOD_files/soft2/robotron.mod
e0677f183c13290511dbc0d08c0ed266	1	41072	player	uade	Protracker	0	53028	d9daf314	511fb98e	DataFiles/MOD_files/Synth/amanita.mod
e06c15ba203dcb0373a4c3d0ccaa96e3	1	180647	player	uade	Protracker compatible	0	48614	2fa88408	f7cda9be	DataFiles/MOD_files/soft/esa3.mod
e075490c305c08f3a50b74aec3d30b77	1	92896	player+silence	uade	Protracker compatible	0	75446	bd3d4499	f54105e1	DataFiles/MOD_files/soft2/nonehome.mod
e0fe4fd446e0f8e158f8b95ebb65f555	1	120505	player	uade	Protracker	0	40428	1ec12bd5	d324206b	DataFiles/MOD_files/soft2/necrossc.mod
e13f4c5e100ada4b1fe02e6a3f397958	1	169093	player	uade	Protracker compatible	0	144204	3d530546	e80a6d3f	DataFiles/MOD_files/hits2/oneway.mod
e149a3710c014293fa0adb1f2f380018	1	128121	player	uade	Protracker	0	35426	0019225b	5191073b	DataFiles/MOD_files/soul/ages61.mod
e191db67b64017f06ca732066e442f01	1	1348767	player	uade	Protracker (vblank)	0	449340	38f29202	97100d73	DataFiles/MOD_files/newage/faceday.mod
e20aaa380e727974f50ff94cc59b5d67	1	153602	player+silence	uade	Protracker	0	82608	c10439b2	44c9665f	DataFiles/MOD_files/TopTunes/exodus.mod
e24306aca2567206a848a6c45b65efe9	1	138369	player	uade	Soundtracker II (15 instr.)	0	67286	a29ca8d5	3b244043	DataFiles/MOD_files/soft/deathsta.mod
e24306aca2567206a848a6c45b65efe9	1	138369	player	uade	Soundtracker II (15 instr.)	0	67286	a29ca8d5	3b244043	DataFiles/MOD_files/soft/demosng1.mod
e25238a5262f54903ff257df1833d9bc	1	92272	player	uade	Protracker compatible	0	117504	e484c24e	5ac4a8c6	DataFiles/MOD_files/soul2/journal.mod
e283db4ae008baaef666c7560f6b4685	1	61568	player	uade	Soundtracker II (15 instr.)	0	42716	421683e7	15b06329	DataFiles/MOD_files/soft2/sll8.mod
e2e14e49bd1c73be65c3a5e00ded2d86	1	153721	player	uade	Soundtracker II (15 instr.)	0	52758	0f2f4478	eaa92db7	DataFiles/MOD_files/Synth/amiga.mod
e2ffc2d6e71c16a13a3dc03c995a1736	1	111483	player	uade	P40A - P40B - P41A	0	89646	1f0e28a6	36889d66	Programs/Music/Players/P4xx/modules/P40B.WDI.pp
e35d016f533ac4089468d7571221b7e6	1	96130	player	uade	Soundtracker II (15 instr.)	0	56622	273089ad	ff4c4472	DataFiles/MOD_files/soft/alive.mod
e35d016f533ac4089468d7571221b7e6	1	96130	player	uade	Soundtracker II (15 instr.)	0	56622	273089ad	ff4c4472	DataFiles/MOD_files/Synth/alive.mod
e39d01e914e43a9792d460b1651b5d64	1	115803	player	uade	Protracker compatible	0	73054	aea057e6	fbe9041a	DataFiles/MOD_files/soft2/livingsk.mod
e3d3d2297db2aee5e477055743cea8eb	1	253569	player	uade	Soundtracker II (15 instr.)	0	75908	7bf8f518	02901e9b	DataFiles/MOD_files/Synth/alliance.mod
e4174cb9b8c46b40acd4f3c84076273e	1	122677	player	ft2play	Fasttracker (M.K.)	4	111700	74047250	fcf377d1	DataFiles/MOD_files/Synth/7.mod
e4a1767abb942e2c2c206bc5ca6dafd9	1	288111	player	uade	Protracker	0	274051	5e3a6a78	2cd6debf	DataFiles/MOD_files/hits/grandmix.mod
e4f600b70423196930d44f852f70383b	1	245893	player	uade	Noisetracker 1.x	0	181442	3eedd96d	6795cbbe	DataFiles/MOD_files/soft/creative.mod
e5069498e80f25f06c7e4a0643f29ec0	1	46216	player	uade	Protracker	0	4244	5d5f8390	3b1ae400	DataFiles/MOD_files/hits/imagine.mod
e58712a2ce3d8267508aecdba7fe2b2a	1	174631	player+silence	uade	Protracker compatible	0	154710	e87ec1c4	fa695069	DataFiles/MOD_files/soft/intro.mod
e69a0822c2175da94d4480d556d679d6	1	20275	player	uade	Protracker	0	14032	867c48b0	0e6dddbf	DataFiles/MOD_files/hits/digitsb.mod
e6c382d374cb9d2b156d20741b66abdb	1	194050	player	uade	Noisetracker 1.x	0	78928	874b1094	f9a8fdbd	DataFiles/MOD_files/soul2/letsprty.mod
e72d3958e1708cfd358576850ccd7d1e	1	99968	player	uade	Soundtracker II (31 instr.)	0	62100	7ba45571	ba39745d	DataFiles/MOD_files/soft/ackerl.mod
e77fa62ee80c24f1fb09cc196010d9d7	1	238197	player	uade	Soundtracker II (31 instr.)	0	71206	a9abb9c0	12c4b059	DataFiles/MOD_files/soft/dawnlord.mod
e7845446767e473a7b44b54fbc6d5ff1	1	122997	player	uade	Protracker	0	127690	00a8b9c2	3251263c	DataFiles/MOD_files/soul2/wetbrekk.mod
e853c818559f0faaac1e4ed8381887a8	1	122997	player	uade	Protracker	0	181196	96694e5c	ac933712	DataFiles/MOD_files/soul/emotions.mod
e89e273af89207eae017b50078c39fc7	1	142187	player	uade	Noisetracker 1.x	0	65352	56987e9c	dc4345ba	DataFiles/MOD_files/soft/cfr4.mod
e8b611cce23e792874b23d983575cf16	1	6550	player	uade	Noisetracker 1.x	0	115052	b8626fa0	e47b2b6c	DataFiles/MOD_files/hits2/soundc.mod
e8e4218be1dbb3ec6dceef9583086204	1	146045	player	uade	Noisetracker 1.x	0	94848	f055c435	3fbcad83	DataFiles/MOD_files/Synth/aliens.mod
e8e5c9e6bc41dc106bb5bf14055a7b65	1	92272	player	uade	Soundtracker II (15 instr.)	0	65192	7782eb41	bb4872b5	DataFiles/MOD_files/soft/heavybut.mod
e8fa32c96e6c799f029d5a18d2652346	1	102520	player	uade	P40A - P40B - P41A	0	296784	37af8035	f7c4a33f	Archive/Music/dtp40b.lha/gospelkaraoke
e909273c30d78689c1bbae9a3010b2c5	1	130693	player	uade	Protracker compatible	0	196304	2757aded	4b3aa9ec	DataFiles/MOD_files/soul/funky3.mod
e9249209e3fd6f0c4709cbe5d5481170	0	184344	player	uade	Synth 4.0	0	26158	326ff3c4	d8fe7f2b	Programs/Music/MISC/ExoticModules/SYN.Fairlight.pp
e976265040375bc80742920e9625f003	1	224412	player	uade	Noisetracker 1.x	0	78628	4baf0cae	786d5b53	DataFiles/MOD_files/soft/cybernod.mod
e987ac8b7df242bb3327cc3a922ceef7	1	183247	player+silence	uade	Protracker compatible	0	169984	8e9d6598	5aacefea	DataFiles/MOD_files/soft/bravery.mod
e9897086ae9284487a41c3962c061adc	1	134531	player	uade	Protracker compatible	0	316066	6e3d09e2	1bdf4b1c	DataFiles/MOD_files/hits2/simpsons2.mod
ea125c0e0ce47171b0105b48a525a198	1	78307	player	uade	Protracker compatible	0	55620	0eda6bf7	0cb1f04e	DataFiles/MOD_files/Acid2/megafoe.mod
ea2142f7f4fe6b8cc711e9a0349b0130	1	138369	player	uade	Protracker	0	119156	762743a2	a6f3c81c	DataFiles/MOD_files/hits/darkdan0.mod
ea24fca18214b6d2d13174f73482f8e4	1	184445	player	uade	Protracker compatible	0	155514	bf8581d9	29360b3d	DataFiles/MOD_files/Acid2/theory.mod
ea5b42cc67f35a2cdb9a1a0943363a75	1	439381	player	uade	Protracker	0	225610	b42b3b4d	fd33fd9a	Programs/Graphics/AGA-Utils/VideoTracker/Modules/mod.real nightmare.klr
ea5df69bd2654efd8d3db5356cd6c028	0	121610	player	uade	David Whittaker	0	47632	5bb713b0	0f683e22	Programs/Music/MISC/ExoticModules/DWOLD.ArmyMoves.pp
ea5df69bd2654efd8d3db5356cd6c028	1	103706	player
ea5df69bd2654efd8d3db5356cd6c028	2	924	player
ea5df69bd2654efd8d3db5356cd6c028	3	3235	player
ea7c3a42143bedf3a1c0cc48a8d4596d	1	247693	player+volume	uade	Protracker compatible	0	88446	0c7af0d3	7a796bbb	DataFiles/MOD_files/soul2/megafunk.mod
ea9cb0b5e5dd99d7da81e420efb9122a	1	196562	player	uade	Protracker	0	78912	f892ff16	4775bee9	DataFiles/MOD_files/Acid/longing.mod
eb2163b18a5157ce7c1336cfd57904d9	1	155409	player	uade	Protracker compatible	0	107992	f7af9aa4	6a5e2a84	DataFiles/MOD_files/soul/funkybus.mod
eb2f1f52c644a878e90b1e5acf8afa86	1	147331	player	uade	Noisetracker 1.x	0	85376	85b49b43	66278c10	DataFiles/MOD_files/soft/celtic.mod
eb5adfc389ebe0cd6aaf677aa02a6364	1	222845	player	uade	Protracker compatible	0	102536	cc3ada51	63379a6c	DataFiles/MOD_files/Synth2/ballustr.mod
eb79a1dd0a398f84ab5b56dc1b206d1e	1	92272	player	uade	Protracker compatible	0	109880	6839a565	d5ef476c	DataFiles/MOD_files/soft/heatnigh.mod
ebcfc454a5aab1118c9e7387269c2835	1	213461	player	uade	Protracker	0	251964	3b77addf	30a66bbc	Programs/Graphics/AGA-Utils/VideoTracker/Modules/mod.blerk
ec3426394006e283b2749572644b1164	1	243341	player	uade	Protracker compatible	0	154920	fc7ed95b	e4cb23ca	DataFiles/MOD_files/soul/caroline.mod
ec3ffd3d2515b56ab86c89e028e3a422	1	176769	player	uade	Noisetracker 1.x	0	72698	b3544ff7	90ab77c7	DataFiles/MOD_files/soul/astrid.mod
ec820e136d59a3b1ce7c8425c7187ec4	1	53872	player	uade	Protracker	0	47850	6321139b	2acaf254	Programs/Music/SampleEdit/SamPull/samp2.0.LHA/mod.sample
eca34edf518e1ca0b211856a3e169d61	1	204239	player+silence	uade	Protracker compatible	0	234708	566d62bb	3a78a0d1	DataFiles/MOD_files/hits2/megapart.mod
ecb0b8e2f0353a9651a236ff782b0bcd	1	192141	player	uade	Protracker	0	74506	05c57342	dbe80dbc	DataFiles/MOD_files/Synth/areyoure.mod
eccd9a206093eaad0926edc15662107b	1	174840	player	uade	Protracker compatible	0	213608	6e060582	34cda699	DataFiles/MOD_files/Synth2/cooking.mod
ecee820ef74518717fcc50fa06041889	1	286765	player	uade	P40A - P40B - P41A	0	218592	d66aff91	72e272d2	Archive/Music/dtp40b.lha/deliriummain
ed1e1c050c9d0138ddbc68613bfa09f1	1	102520	player	uade	Protracker	0	113676	6c222cb2	e7c89ea0	DataFiles/MOD_files/soft2/r_shock.mod
ed1e1c050c9d0138ddbc68613bfa09f1	1	102520	player	uade	Protracker	0	113676	6c222cb2	e7c89ea0	DataFiles/MOD_files/TopTunes2/radiosch.mod
ed3a3dfca2d8108403f5734a7485f239	1	265103	player	uade	Protracker compatible	0	96146	fcaea593	ee9d51d8	DataFiles/MOD_files/Synth/actimpul.mod
ed41f3c3a402962e938429c4c5e50c41	1	184233	player+silence	uade	Protracker	0	94240	14ffaa1f	acfd029e	DataFiles/MOD_files/Synth2/bigthing.mod
ed8d837185bf82b49bd34cd9ec5da4ed	1	233736	player	uade	Protracker	0	322180	fc624076	733802d0	DataFiles/MOD_files/Acid/galacti2.mod
eda196bdc248876b9888c02ae533d22c	1	176769	player	uade	Noisetracker 1.x	0	62700	022a086a	35f98a8a	DataFiles/MOD_files/soft/john1.mod
edce499850d3de63a35bfecf4ba072a0	1	138369	player	uade	Soundtracker II (15 instr.)	0	35384	0312fde8	573560b3	DataFiles/MOD_files/Synth2/confusi.mod
ee0b4b0a8d7bd12d4aa8e14851403bbf	1	268564	player+volume	uade	Protracker	0	402166	b02688d3	da0d3f83	DataFiles/MOD_files/Synth2/beyondmu.mod
ee1d8f69c5d3931cb81ae6f98eb3090f	1	425933	player+silence	uade	Protracker	0	270538	5cbff5ca	f12b8e6e	DataFiles/MOD_files/NewAge2/silence2.mod
ee29e18e71d68e88e528661e880495d4	1	260883	player	uade	Protracker compatible	0	96008	31f65239	5791a460	DataFiles/MOD_files/soft/claudia.mod
ee536fb85b1410223ee06656f556aea1	1	233093	player	uade	Protracker	0	99616	5a60deb3	abb31fde	DataFiles/MOD_files/soft2/neointro.mod
eeb5fa4d1bc7fc8d6beae62569e41947	1	122997	player	uade	Protracker	0	54998	8b730778	5fb3a1f3	DataFiles/MOD_files/soul2/speedsto.mod
eee2959666e68ddf0b05d6aaa0071d9d	1	238197	player	uade	Protracker compatible	0	109540	6d16cff7	e53218aa	DataFiles/MOD_files/Synth/adore_em.mod
eeeb980c0ba6f7fb22899466be170ee6	1	113391	player	uade	Protracker compatible	0	31139	125316c6	41888d3c	DataFiles/MOD_files/hits2/taxi.mod
ef756439794ae64e59916a16483f0cc6	1	276597	player	uade	Protracker	0	117454	4ba6639a	d979b6f8	DataFiles/MOD_files/soul/bladswed.mod
ef849383c7af2ad57dac529237facbfc	1	153721	player	uade	Startrekker (4ch)	0	59180	8a3e7773	29d249da	DataFiles/MOD_files/soft/carrion.mod
efa1b7f5eb1064eb92e6c42aab37d00d	1	225939	player	uade	Protracker compatible	0	102710	fa8e345c	7f81f656	DataFiles/MOD_files/Synth/arcadia1.mod
efaaccfe04760c5e44310170c8282f1a	1	204298	player	uade	Protracker compatible	0	44596	bbbd94c8	36e9081f	DataFiles/MOD_files/Synth2/bigmess.mod
efcaf1f1a6e50f771ca21d703e700dec	1	192141	player	uade	Soundtracker II (31 instr.)	0	60806	f87b0e08	621a5caf	DataFiles/MOD_files/soft2/popup.mod
f0260706b862014242968a1cb3e254db	1	30824	player	uade	Protracker	0	26906	b69055c4	75a7dc72	DataFiles/MOD_files/hits2/win.mod
f0302548377e94f77b06aef47d18a68c	1	170057	player	uade	Protracker compatible	0	68404	a77c9c61	c224d57d	DataFiles/MOD_files/hits/circle.mod
f0ab42cfddbbd05851efa1edf7526e59	1	113391	player	uade	Protracker compatible	0	34590	4591ebf9	5050ce84	DataFiles/MOD_files/hits/4.mod
f0d07da1089894c1131b6b97470e9140	1	41072	player	uade	Protracker	0	19810	244b6f35	bd76ee41	DataFiles/MOD_files/soft/worldmap.mod
f0d07da1089894c1131b6b97470e9140	1	41072	player	uade	Protracker	0	19810	244b6f35	bd76ee41	DataFiles/MOD_files/soul2/worldmap.mod
f10cfc6a6419baabdcb77c014a662d1a	1	231370	player+silence	uade	Noisetracker 1.x	0	172364	c73124cd	244d011a	DataFiles/MOD_files/soft/blood.mod
f14d6935df5e3bb026c3a485a6adeefd	1	322693	player	uade	Soundtracker II (15 instr.)	0	82078	8b65e088	d5b99671	DataFiles/MOD_files/soft2/music1.mod
f1944d8affe8a58311d703057b59bcd7	0	61830	player	uade	IFF EMOD	0	39490	c569abf2	63beffd6	Programs/Music/MusicEditors/QuadraComp/Modules/SynthCorn.EMOD
f1fbc2e4003737727460cf799da4deb8	1	9424	player	uade	OctaMED MMD1	0	92112	0f2246da	fd99c272	Games/MegaBall/MB_Music/YourGameIsPaused
f1fbc2e4003737727460cf799da4deb8	1	9424	player	uade	OctaMED MMD1	0	92112	0f2246da	fd99c272	Games/MegaBall/MegaBall.lha/MegaBall/MB_Music/YourGameIsPaused
f1fd615556e4a5164b533175783ef65b	1	192141	player	uade	Protracker	0	215586	bf8eb1be	89d6cf87	DataFiles/MOD_files/soft/beffe3.mod
f21a6cefe7deaa014a8782d535d24765	1	44910	player	uade	Noisetracker 1.x	0	51320	41fcb360	7a7a5877	DataFiles/MOD_files/soft/fairligh.mod
f26e8ceb0726293c7b549d0b14b6f4a9	1	99968	player	uade	Protracker compatible	0	103516	42ec34aa	e1c4f51c	DataFiles/MOD_files/soft2/le_grind.mod
f2a5541005ef5331888a1f2704e43b48	1	215872	player	uade	Protracker compatible	0	104051	382c1bd8	c464a1e8	DataFiles/MOD_files/soft/caua.mod
f2bcee6e1bc4ba42e57ee4769931a133	1	333966	player	uade	Protracker	0	184964	93c973b9	aa3fd5a6	DataFiles/MOD_files/TopTunes/enigma.mod
f2dfe5c2730e598f741d4e503ac994da	1	211411	player	uade	Protracker compatible	0	171482	32d1acd9	4bc80f60	DataFiles/MOD_files/soft/enjoysil.mod
f2e11720fc1f4b4dc42bf5ae16d3f817	1	130693	player	uade	Soundtracker II (15 instr.)	0	62160	cfa8978e	8648b9b1	Games/rescue/rescue.song4
f38729bd4e769cf7310ebb4207848280	1	128044	player+silence	uade	Protracker	0	256652	ccae7049	4087b87c	DataFiles/MOD_files/soul2/jimi.mod
f3d9212ea228c13335f5832794c58e76	1	230541	player	uade	Protracker compatible	0	126728	779c5e6a	20d48000	DataFiles/MOD_files/soft2/restrict.mod
f5703461ae0075ecb84a29fe719aa5a7	1	191558	player	uade	Protracker compatible	0	89190	e2b5804e	f066cddf	DataFiles/MOD_files/Synth/3tun_ire.mod
f62fa9d2ea6ef65462a8b691f5f472b4	1	228994	player+volume	uade	Protracker	0	340830	b08e1bcb	25dbe1f5	DataFiles/MOD_files/soft2/mental.mod
f68ac2ae9d226f5511939de45847b8b6	1	102227	player	ft2play	Fasttracker (M.K.)	4	50479	0044b7d4	76762f89	DataFiles/MOD_files/Synth/665.mod
f6e26309dad1eb3d7fb1309c5e13e420	1	46216	player	uade	Protracker	0	37976	1e4be41d	529c64f3	DataFiles/MOD_files/hits2/letitbe.mod
f7019677b1384ff29ca63426e24b03cb	1	61568	player	uade	Soundtracker II (31 instr.)	0	54004	bead0e24	15afb3c2	DataFiles/MOD_files/soft/hymtoyez.mod
f702bfff552a2e7acbdb9c81ca41d87a	1	88279	player+silence	uade	OctaMED MMD1	0	116532	5122ec5e	47572d54	Programs/Music/MusicEditors/Octa5/Modules Supplied by MUG/4
f7071f83abe1f3b1fdafdef0e6dfa119	1	652943	player	uade	Soundtracker II (31 instr.)	0	135940	27af3b90	435798a4	DataFiles/MOD_files/soft/cbs.mod
f7084a45795d5aa75ecd8fe29f8dd6ab	1	246923	player+silence	uade	Noisetracker 1.x	0	83058	c123bf0a	3bb59cc5	DataFiles/MOD_files/hits/biginjap.mod
f851b71147cb7a599294c671edc8cf4b	1	69224	player	uade	Soundtracker II (15 instr.)	0	56592	16abd18b	d37d124b	DataFiles/MOD_files/soft2/nweather.mod
f88dbac2ebafc3fb22df75f492d62e07	1	149883	player	uade	Protracker	0	252482	080aeecf	7f45b995	DataFiles/MOD_files/Acid2/megaepe.mod
f8ec1cf54f374b71a34a55c8ab8ff717	1	400574	player+silence	uade	Protracker compatible	0	117914	dfb2cee7	b7a2a2fb	DataFiles/MOD_files/hits2/stomach.mod
f9775be42e456fda2f065447b9d17d31	1	205564	player	uade	Protracker compatible	0	93586	f8dde04a	6973f2ad	DataFiles/MOD_files/hits/calypso.mod
f9e5a85e4f31ff27267a1ba099fd6c82	1	211331	player	uade	Soundtracker II (15 instr.)	0	110104	7c6fda3f	34a96df2	DataFiles/MOD_files/hits/a_place.mod
f9f96155cce9293d8d55e3783c387370	1	230420	player	uade	Protracker compatible	0	124812	0cc74b53	98fe67fc	DataFiles/MOD_files/soul2/trainb.mod
fa048c870ac8fedcf3983b49d3bde4dc	1	327971	player+volume	uade	Protracker compatible	0	137772	1df2acb0	75f7e3f4	DataFiles/MOD_files/soul2/magicbus.mod
fa175f05303fd4bb6077c9604101bfdb	0	276706	loop	uade	UADE	0	72540	fabd1f75	ab21b884	Programs/Music/MISC/ExoticModules/CUSTOM.OnslaughtMoN
fa175f05303fd4bb6077c9604101bfdb	1	39879	loop
fa175f05303fd4bb6077c9604101bfdb	2	69357	loop
fa27b618f70173675696ede8ac305b11	1	303503	player	uade	Soundtracker II (15 instr.)	0	91980	cd79061d	6d509262	DataFiles/MOD_files/soft/igarun.mod
fa4b02fcf4a57a82504e7fc7e430d3b4	1	61568	player	uade	Protracker compatible	0	76146	e2242ab8	97ae4eba	DataFiles/MOD_files/soft/blo.mod
fa6f00fbfac121bcc51693c940d6f8e2	1	33416	player	uade	Protracker	0	19684	2bb7f427	debac404	DataFiles/MOD_files/soul/circusin.mod
fa86c4cc41de7327d7fdc270c0956b22	1	225799	player	uade	Protracker compatible	0	111774	86047177	e64270ae	DataFiles/MOD_files/soul/dopinfre.mod
fa8b1ef0bbe9eb892921f63441e1efd0	1	46216	player	uade	Noisetracker 1.x	0	35826	a3bbe6de	b215e1ab	DataFiles/MOD_files/soft2/ocean1.mod
fac43a9bc968b5d71a245fe9bc1ba81b	1	146045	player	uade	Protracker	0	133928	115a2bcd	e093a462	DataFiles/MOD_files/soul2/randwave.mod
fb1af8b2d56bd988becb846f970a750c	1	194693	player	uade	Protracker compatible	0	195238	a82a54be	eb452626	DataFiles/MOD_files/soul/djfarmer.mod
fb6ad6d4e63c3b640e2c207bec93b7d5	1	230541	player	uade	Protracker	0	150900	10c4d9da	2e29c90e	DataFiles/MOD_files/soul/excalibu.mod
fb8b56fc11be00e7ab5139083b9adf58	1	353418	player	uade	Protracker compatible	0	334956	d00d7573	d188ed2c	DataFiles/MOD_files/hits2/ladadee.mod
fba5f42461ddafc5ce74541a9281c8cc	1	76920	player	uade	Protracker compatible	0	176152	1a8a42ef	2d4ed069	DataFiles/MOD_files/Acid/insanity.mod
fbae7e894cade34efac1c50dd5630186	1	102520	player	uade	Protracker compatible	0	79104	c69c689a	dc1c22f3	DataFiles/MOD_files/hits2/joanna.mod
fbcf9be0bd55f30b31ec5945ea964b60	1	209402	player	uade	Protracker	0	84824	0b0c36a9	98a6d68e	DataFiles/MOD_files/Synth/audiovis.mod
fbdccab102808eaed667245eb357c549	1	99968	player	uade	Soundtracker II (15 instr.)	0	55040	3bbb19ed	12b73ddf	DataFiles/MOD_files/soft2/tec.mod
fc1ad8833fac2ae1e56f920e437930ec	1	143493	player	uade	Noisetracker 1.x	0	47430	cdad669c	0542a4bf	DataFiles/MOD_files/soft2/silkworm.mod
fc1d4ad01c70d0fd0066755ab8396a5a	1	110518	player	uade	Protracker compatible	0	56840	d34cb9e9	aa57b9c1	DataFiles/MOD_files/soft/dats.mod
fc1d4ad01c70d0fd0066755ab8396a5a	2	116586	player
fd8f9b1fa9613196d2310703349be40e	1	72118	player	uade	Protracker	0	41364	ce6a4b89	68e7f4a9	DataFiles/MOD_files/TopTunes2/turrican.mod
fdd641b1619242a14b6780dc68d33592	1	71595	player	uade	Protracker compatible	0	70568	88a342ef	75c8f6e0	DataFiles/MOD_files/TopTunes/hsblues.mod
fded0297bc50639a1c352d7214f45348	1	210726	player+silence	uade	Protracker	0	184303	58284b43	f1298514	DataFiles/MOD_files/Synth/back.mod
fe03b0e822e89ec0c4a294a1b7b68e2a	1	210815	player+silence	uade	Protracker compatible	0	67558	2bb419d5	e42e60da	DataFiles/MOD_files/soft2/marvell.mod
fe0db4236f377ee0fa7605dd795dd4af	1	344129	player+silence	uade	Protracker compatible	0	171738	5cb83f4a	ce75b581	DataFiles/MOD_files/hits2/mam.mod
fe64ae49c7c4f38d219278aa66b6ef50	1	234359	player	uade	Protracker	0	125962	6d3ae97e	cbd54286	DataFiles/MOD_files/TopTunes2/starter.mod
fe81f69f3253275b168a97255eae1e5e	1	166641	player	uade	OctaMED MMD0	0	47812	0cfa4441	d5d9f3f1	Programs/Misc/.Programmers/Blitz2Demo/examples1/lambada.med
fe8e023dcf805ed688efe140cad4f248	1	347771	player	uade	Protracker	0	171296	c0dbb012	95302acf	DataFiles/MOD_files/hits/grapevin.mod
fef5a6744b225698c1b06c8b9c794af7	1	165235	player	uade	Protracker	0	136572	a50590c9	66160319	DataFiles/MOD_files/soft/firepowr.mod
ff019bbc2f92a517390a2b098bd9d4e8	1	192141	player	uade	Soundtracker II (15 instr.)	0	130708	cf503222	fe7637c6	DataFiles/MOD_files/soft/elecram.mod
ff1894a15ed96ad7d294ce46f81009fa	1	161397	player	uade	Soundtracker II (15 instr.)	0	73256	2236792f	400dfff8	DataFiles/MOD_files/hits2/mdrntalk.mod
ff18ba1ee8608392b774497c04254f8a	1	169093	player	uade	Protracker	0	80144	ffe3ded7	3d693afd	DataFiles/MOD_files/soul/feelingf.mod
ff2c7aa720b3885956bd2ffc66481cd7	1	301607	player+silence	uade	Protracker compatible	0	178230	b908ee2f	b5ad1728	DataFiles/MOD_files/newage/bl_start.mod
ff2c7aa720b3885956bd2ffc66481cd7	1	301607	player+silence	uade	Protracker compatible	0	178230	b908ee2f	b5ad1728	DataFiles/MOD_files/Synth2/bluestar.mod
ff7ca8aee91db3ec76a043b8cae45337	1	220775	player	uade	OctaMED MMD0	0	21070	94d94c4e	ae4c3efa	Games/MegaBall/MB_Music/MBmus04
ff7ca8aee91db3ec76a043b8cae45337	1	220775	player	uade	OctaMED MMD0	0	21070	94d94c4e	ae4c3efa	Games/MegaBall/MegaBall.lha/MegaBall/MB_Music/MBmus04
ffb980fce5b1143dd45e2b145a741f25	1	256322	player	uade	Protracker	0	140248	db2f0ba6	7484db16	DataFiles/MOD_files/TopTunes2/phantasy.mod
